Season,Week,Rk,Team,Conference,W,L,NetRtg,AdjRtg,AdjRk,Win %,PyW %,Luck,Luck Z,Ortg,DRtg,PF,PA,ODrives,DDrives,SOS,SOS rank
2010,1,1,Oregon,Pac-10,1,0,450.000,87.500,10,1.000,0.837,0.163,0.479,450.000,0.000,72,0,16,16,-87.500,66
2010,1,2,Alabama,SEC,1,0,344.231,106.731,6,1.000,0.849,0.151,0.443,369.231,25.000,48,3,13,12,-106.731,71
2010,1,3,Nebraska,Big 12,1,0,331.410,119.872,2,1.000,0.833,0.167,0.491,408.333,76.923,49,10,12,13,-119.872,75
2010,1,4,Arizona,Pac-10,1,0,323.485,115.909,3,1.000,0.867,0.133,0.391,341.667,18.182,41,2,12,11,-115.909,74
2010,1,5,Georgia,SEC,1,0,300.000,87.500,11,1.000,0.802,0.198,0.581,343.750,43.750,55,7,16,16,-87.500,67
2010,1,6,Mississippi State,SEC,1,0,276.667,91.667,9,1.000,0.806,0.194,0.571,326.667,50.000,49,7,15,14,-91.667,68
2010,1,7,Oklahoma State,Big 12,1,0,266.667,77.778,14,1.000,0.749,0.251,0.738,361.111,94.444,65,17,18,18,-77.778,63
2010,1,8,South Carolina,SEC,1,0,264.394,132.197,1,1.000,0.831,0.169,0.498,372.727,108.333,41,13,11,12,-132.197,76
2010,1,9,Ohio State,Big Ten,1,0,263.095,95.833,7,1.000,0.807,0.193,0.566,321.429,58.333,45,7,14,12,-95.833,70
2010,1,10,Michigan,Big Ten,1,0,222.222,111.111,4,1.000,0.800,0.200,0.589,333.333,111.111,30,10,9,9,-111.111,73
2010,1,11,Clemson,ACC,1,0,214.744,107.372,5,1.000,0.814,0.186,0.545,291.667,76.923,35,10,12,13,-107.372,72
2010,1,12,Syracuse,Big East,1,0,185.714,92.857,8,1.000,0.829,0.171,0.502,207.143,21.429,29,3,14,14,-92.857,69
2010,1,13,Michigan State,Big Ten,1,0,170.980,85.490,12,1.000,0.772,0.228,0.670,253.333,82.353,38,14,15,17,-85.490,65
2010,1,14,Florida,SEC,1,0,169.231,84.615,13,1.000,0.764,0.236,0.693,261.538,92.308,34,12,13,13,-84.615,64
2010,1,15,Auburn,SEC,1,0,151.667,75.833,15,1.000,0.705,0.295,0.865,325.000,173.333,52,26,16,15,-75.833,62
2010,1,16,Wisconsin,Big Ten,1,0,142.857,71.429,16,1.000,0.707,0.293,0.862,292.857,150.000,41,21,14,14,-71.429,61
2010,1,17,Colorado,Big 12,1,0,136.923,68.462,17,1.000,0.776,0.224,0.657,160.000,23.077,24,3,15,13,-68.462,60
2010,1,18,Iowa State,Big 12,1,0,134.091,67.045,18,1.000,0.727,0.273,0.803,225.000,90.909,27,10,12,11,-67.045,59
2010,1,19,Texas,Big 12,1,0,130.769,65.385,19,1.000,0.702,0.298,0.876,261.538,130.769,34,17,13,13,-65.385,58
2010,1,20,Fresno State,Western Athletic,1,0,100.000,50.000,20,1.000,0.677,0.323,0.948,200.000,100.000,28,14,14,14,-50.000,57
2010,1,21,Missouri,Big 12,1,0,91.667,45.833,21,1.000,0.666,0.334,0.983,191.667,100.000,23,13,12,13,-45.833,56
2010,1,22,Notre Dame,FBS Independents,1,0,82.576,41.288,22,1.000,0.648,0.352,1.034,191.667,109.091,23,12,12,11,-41.288,55
2010,1,23,TCU,Mountain West,1,0,81.818,40.909,23,1.000,0.619,0.381,1.118,272.727,190.909,30,21,11,11,-40.909,54
2010,1,24,USC,Pac-10,1,0,81.061,40.530,24,1.000,0.590,0.410,1.204,408.333,327.273,49,36,12,11,-40.530,53
2010,1,25,LSU,SEC,1,0,58.824,29.412,25,1.000,0.601,0.399,1.173,200.000,141.176,30,24,15,17,-29.412,52
2010,1,26,BYU,Mountain West,1,0,50.000,25.000,26,1.000,0.587,0.413,1.213,191.667,141.667,23,17,12,12,-25.000,51
2010,1,27,Kansas State,Big 12,1,0,49.524,24.762,27,1.000,0.583,0.417,1.226,206.667,157.143,31,22,15,14,-24.762,50
2010,1,28,Utah,Mountain West,1,0,45.455,22.727,28,1.000,0.569,0.431,1.268,245.455,200.000,27,24,11,12,-22.727,49
2010,1,29,Texas Tech,Big 12,1,0,40.476,20.238,29,1.000,0.563,0.437,1.285,233.333,192.857,35,27,15,14,-20.238,48
2010,1,30,Maryland,ACC,1,0,33.333,16.667,30,1.000,0.557,0.443,1.301,188.889,155.556,17,14,9,9,-16.667,47
2010,1,31,Kentucky,SEC,1,0,31.313,15.657,31,1.000,0.551,0.449,1.319,209.091,177.778,23,16,11,9,-15.657,46
2010,1,32,Minnesota,Big Ten,1,0,29.293,14.646,32,1.000,0.546,0.454,1.333,218.182,188.889,24,17,11,9,-14.646,45
2010,1,33,Boise State,Western Athletic,1,0,23.077,11.538,33,1.000,0.533,0.467,1.371,253.846,230.769,33,30,13,13,-11.538,44
2010,1,34,Oklahoma,Big 12,1,0,22.353,11.176,34,1.000,0.539,0.461,1.356,182.353,160.000,31,24,17,15,-11.176,43
2010,1,35,Northwestern,Big Ten,1,0,16.667,8.333,35,1.000,0.528,0.472,1.387,191.667,175.000,23,21,12,12,-8.333,42
2010,1,36,East Carolina,Conference USA,1,0,14.286,7.143,36,1.000,0.516,0.484,1.421,364.286,350.000,51,49,14,14,-7.143,41
2010,1,37,Florida Atlantic,Sun Belt,1,0,9.091,4.545,37,1.000,0.512,0.488,1.434,290.909,281.818,32,31,11,11,-4.545,40
2010,1,38,Troy,Sun Belt,1,0,6.593,3.297,38,1.000,0.510,0.490,1.439,214.286,207.692,30,27,14,13,-3.297,39
2010,1,39,Bowling Green,Mid-American,0,1,-6.593,-3.297,39,0.000,0.490,-0.490,-1.439,207.692,214.286,27,30,13,14,3.297,38
2010,1,40,UAB,Conference USA,0,1,-9.091,-4.545,40,0.000,0.488,-0.488,-1.434,281.818,290.909,31,32,11,11,4.545,37
2010,1,41,Tulsa,Conference USA,0,1,-14.286,-7.143,41,0.000,0.484,-0.484,-1.421,350.000,364.286,49,51,14,14,7.143,36
2010,1,42,Vanderbilt,SEC,0,1,-16.667,-8.333,42,0.000,0.472,-0.472,-1.387,175.000,191.667,21,23,12,12,8.333,35
2010,1,43,Utah State,Western Athletic,0,1,-22.353,-11.176,43,0.000,0.461,-0.461,-1.356,160.000,182.353,24,31,15,17,11.176,34
2010,1,44,Virginia Tech,ACC,0,1,-23.077,-11.538,44,0.000,0.467,-0.467,-1.371,230.769,253.846,30,33,13,13,11.538,33
2010,1,45,Middle Tennessee,Sun Belt,0,1,-29.293,-14.646,45,0.000,0.454,-0.454,-1.333,188.889,218.182,17,24,9,11,14.646,32
2010,1,46,Louisville,Big East,0,1,-31.313,-15.657,46,0.000,0.449,-0.449,-1.319,177.778,209.091,16,23,9,11,15.657,31
2010,1,47,Navy,FBS Independents,0,1,-33.333,-16.667,47,0.000,0.443,-0.443,-1.301,155.556,188.889,14,17,9,9,16.667,30
2010,1,48,SMU,Conference USA,0,1,-40.476,-20.238,48,0.000,0.437,-0.437,-1.285,192.857,233.333,27,35,14,15,20.238,29
2010,1,49,Pittsburgh,Big East,0,1,-45.455,-22.727,49,0.000,0.431,-0.431,-1.268,200.000,245.455,24,27,12,11,22.727,28
2010,1,50,UCLA,Pac-10,0,1,-49.524,-24.762,50,0.000,0.417,-0.417,-1.226,157.143,206.667,22,31,14,15,24.762,27
2010,1,51,Washington,Pac-10,0,1,-50.000,-25.000,51,0.000,0.413,-0.413,-1.213,141.667,191.667,17,23,12,12,25.000,26
2010,1,52,North Carolina,ACC,0,1,-58.824,-29.412,52,0.000,0.399,-0.399,-1.173,141.176,200.000,24,30,17,15,29.412,25
2010,1,53,Hawai'i,Western Athletic,0,1,-81.061,-40.530,53,0.000,0.410,-0.410,-1.204,327.273,408.333,36,49,11,12,40.530,24
2010,1,54,Oregon State,Pac-10,0,1,-81.818,-40.909,54,0.000,0.381,-0.381,-1.118,190.909,272.727,21,30,11,11,40.909,23
2010,1,55,Purdue,Big Ten,0,1,-82.576,-41.288,55,0.000,0.352,-0.352,-1.034,109.091,191.667,12,23,11,12,41.288,22
2010,1,56,Illinois,Big Ten,0,1,-91.667,-45.833,56,0.000,0.334,-0.334,-0.983,100.000,191.667,13,23,13,12,45.833,21
2010,1,57,Cincinnati,Big East,0,1,-100.000,-50.000,57,0.000,0.323,-0.323,-0.948,100.000,200.000,14,28,14,14,50.000,20
2010,1,58,Rice,Conference USA,0,1,-130.769,-65.385,58,0.000,0.298,-0.298,-0.876,130.769,261.538,17,34,13,13,65.385,19
2010,1,59,Northern Illinois,Mid-American,0,1,-134.091,-67.045,59,0.000,0.273,-0.273,-0.803,90.909,225.000,10,27,11,12,67.045,18
2010,1,60,Colorado State,Mountain West,0,1,-136.923,-68.462,60,0.000,0.224,-0.224,-0.657,23.077,160.000,3,24,13,15,68.462,17
2010,1,61,UNLV,Mountain West,0,1,-142.857,-71.429,61,0.000,0.293,-0.293,-0.862,150.000,292.857,21,41,14,14,71.429,16
2010,1,62,Arkansas State,Sun Belt,0,1,-151.667,-75.833,62,0.000,0.295,-0.295,-0.865,173.333,325.000,26,52,15,16,75.833,15
2010,1,63,Miami (OH),Mid-American,0,1,-169.231,-84.615,64,0.000,0.236,-0.236,-0.693,92.308,261.538,12,34,13,13,84.615,13
2010,1,64,Western Michigan,Mid-American,0,1,-170.980,-85.490,65,0.000,0.228,-0.228,-0.670,82.353,253.333,14,38,17,15,85.490,12
2010,1,65,Akron,Mid-American,0,1,-185.714,-92.857,69,0.000,0.171,-0.171,-0.502,21.429,207.143,3,29,14,14,92.857,8
2010,1,66,North Texas,Sun Belt,0,1,-214.744,-107.372,72,0.000,0.186,-0.186,-0.545,76.923,291.667,10,35,13,12,107.372,5
2010,1,67,UConn,Big East,0,1,-222.222,-111.111,73,0.000,0.200,-0.200,-0.589,111.111,333.333,10,30,9,9,111.111,4
2010,1,68,Marshall,Conference USA,0,1,-263.095,-95.833,70,0.000,0.193,-0.193,-0.566,58.333,321.429,7,45,12,14,95.833,7
2010,1,69,Southern Miss,Conference USA,0,1,-264.394,-132.197,76,0.000,0.169,-0.169,-0.498,108.333,372.727,13,41,12,11,132.197,1
2010,1,70,Washington State,Pac-10,0,1,-266.667,-77.778,63,0.000,0.251,-0.251,-0.738,94.444,361.111,17,65,18,18,77.778,14
2010,1,71,Memphis,Conference USA,0,1,-276.667,-91.667,68,0.000,0.194,-0.194,-0.571,50.000,326.667,7,49,14,15,91.667,9
2010,1,72,Louisiana,Sun Belt,0,1,-300.000,-87.500,67,0.000,0.198,-0.198,-0.581,43.750,343.750,7,55,16,16,87.500,11
2010,1,73,Toledo,Mid-American,0,1,-323.485,-115.909,74,0.000,0.133,-0.133,-0.391,18.182,341.667,2,41,11,12,115.909,3
2010,1,74,Western Kentucky,Sun Belt,0,1,-331.410,-119.872,75,0.000,0.167,-0.167,-0.491,76.923,408.333,10,49,13,12,119.872,2
2010,1,75,San José State,Western Athletic,0,1,-344.231,-106.731,71,0.000,0.151,-0.151,-0.443,25.000,369.231,3,48,12,13,106.731,6
2010,1,76,New Mexico,Mountain West,0,1,-450.000,-87.500,66,0.000,0.163,-0.163,-0.479,0.000,450.000,0,72,16,16,87.500,10
2010,2,1,California,Pac-10,1,0,478.824,230.079,3,1.000,0.923,0.077,0.280,520.000,41.176,52,7,10,17,-78.744,97
2010,2,2,Nevada,Western Athletic,1,0,450.000,64.333,31,1.000,0.655,0.345,1.041,510.000,60.000,51,6,10,10,-215.667,117
2010,2,3,Oregon,Pac-10,2,0,419.603,139.178,11,1.000,0.898,0.102,0.353,461.538,41.935,120,13,26,31,-109.988,111
2010,2,4,Arizona,Pac-10,1,0,323.485,115.909,3,1.000,0.867,0.133,0.391,341.667,18.182,41,2,12,11,-115.909,74
2010,2,4,Stanford,Pac-10,1,0,350.000,170.159,6,1.000,0.998,0.002,0.067,350.000,0.000,35,0,10,10,-109.841,109
2010,2,6,Alabama,SEC,2,0,300.000,131.489,12,1.000,0.850,0.150,0.487,327.273,27.273,72,6,22,22,-93.575,102
2010,2,7,Nebraska,Big 12,2,0,281.832,96.020,23,1.000,0.791,0.209,0.655,378.261,96.429,87,27,23,28,-139.912,115
2010,2,8,Texas A&M,Big 12,1,0,225.882,99.608,21,1.000,0.786,0.214,0.670,320.000,94.118,48,16,15,17,-99.608,104
2010,2,9,Arkansas,SEC,1,0,223.485,111.742,15,1.000,0.827,0.173,0.552,281.818,58.333,31,7,11,12,-111.742,112
2010,2,10,Houston,Conference USA,1,0,215.385,100.000,20,1.000,0.735,0.265,0.816,415.385,200.000,54,24,13,12,-100.000,105
2010,2,11,Clemson,ACC,1,0,214.744,107.372,5,1.000,0.814,0.186,0.545,291.667,76.923,35,10,12,13,-107.372,72
2010,2,12,Iowa,Big Ten,1,0,210.897,185.295,4,1.000,0.992,0.008,0.084,269.231,58.333,35,7,13,12,-25.602,77
2010,2,13,Florida,SEC,2,0,200.000,154.662,10,1.000,0.895,0.105,0.359,300.000,100.000,72,26,24,26,-48.834,90
2010,2,14,South Carolina,SEC,2,0,199.524,285.454,1,1.000,1.000,0.000,0.062,290.000,90.476,58,19,20,21,92.146,19
2010,2,15,Texas,Big 12,2,0,187.333,92.070,25,1.000,0.728,0.272,0.836,283.333,96.000,68,24,24,25,-98.694,103
2010,2,16,Kentucky,SEC,2,0,173.913,107.559,16,1.000,0.695,0.305,0.927,373.913,200.000,86,44,23,22,-33.739,83
2010,2,17,Baylor,Big 12,1,0,172.500,86.250,26,1.000,0.796,0.204,0.641,212.500,40.000,34,6,16,15,-86.250,99
2010,2,18,Ohio State,Big Ten,2,0,165.286,105.311,18,1.000,0.807,0.193,0.612,289.286,124.000,81,31,28,25,-26.786,79
2010,2,19,Air Force,Mountain West,1,0,152.564,249.194,2,1.000,0.976,0.024,0.131,269.231,116.667,35,14,13,12,96.630,16
2010,2,20,Fresno State,Western Athletic,1,0,100.000,50.000,20,1.000,0.677,0.323,0.948,200.000,100.000,28,14,14,14,-50.000,57
2010,2,20,Georgia,SEC,1,1,148.000,163.232,8,0.500,0.919,-0.419,-1.128,244.000,96.000,61,24,25,25,136.843,6
2010,2,21,Michigan State,Big Ten,2,0,146.724,44.611,41,1.000,0.647,0.353,1.065,261.538,114.815,68,31,26,27,-92.243,101
2010,2,21,Missouri,Big 12,1,0,91.667,45.833,21,1.000,0.666,0.334,0.983,191.667,100.000,23,13,12,13,-45.833,56
2010,2,22,Oklahoma State,Big 12,2,0,145.714,-103.204,97,1.000,0.206,0.794,2.317,302.857,157.143,106,55,35,35,-189.805,116
2010,2,23,TCU,Mountain West,1,0,81.818,40.909,23,1.000,0.619,0.381,1.118,272.727,190.909,30,21,11,11,-40.909,54
2010,2,23,Texas Tech,Big 12,2,0,142.857,164.178,7,1.000,0.800,0.200,0.631,300.000,157.143,87,44,29,28,43.940,40
2010,2,24,Utah,Mountain West,2,0,140.942,106.231,17,1.000,0.774,0.226,0.703,282.609,141.667,65,34,23,24,-33.163,82
2010,2,25,Ole Miss,SEC,1,0,140.000,70.000,30,1.000,0.709,0.291,0.889,270.000,130.000,27,13,10,10,-70.000,96
2010,2,26,Mississippi State,SEC,1,1,137.333,79.698,28,0.500,0.852,-0.352,-0.937,233.333,96.000,63,24,27,25,6.971,61
2010,2,27,Kansas State,Big 12,1,0,49.524,24.762,27,1.000,0.583,0.417,1.226,206.667,157.143,31,22,15,14,-24.762,50
2010,2,27,Wisconsin,Big Ten,2,0,121.538,15.755,51,1.000,0.541,0.459,1.366,261.538,140.000,68,35,26,25,-104.537,108
2010,2,28,Oklahoma,Big 12,2,0,118.621,82.359,27,1.000,0.686,0.314,0.954,260.000,141.379,78,41,30,29,-41.180,88
2010,2,29,San Diego State,Mountain West,1,0,116.250,58.125,36,1.000,0.677,0.323,0.980,256.250,140.000,41,21,16,15,-58.125,93
2010,2,30,Auburn,SEC,2,0,107.407,117.577,14,1.000,0.803,0.197,0.622,255.556,148.148,69,40,27,27,22.804,47
2010,2,30,Maryland,ACC,1,0,33.333,16.667,30,1.000,0.557,0.443,1.301,188.889,155.556,17,14,9,9,-16.667,47
2010,2,31,LSU,SEC,2,0,107.143,100.749,19,1.000,0.844,0.156,0.504,203.571,96.429,57,27,28,28,-18.873,75
2010,2,32,Michigan,Big Ten,2,0,101.231,93.111,24,1.000,0.770,0.230,0.714,232.000,130.769,58,34,25,26,-34.912,84
2010,2,32,Minnesota,Big Ten,1,0,29.293,14.646,32,1.000,0.546,0.454,1.333,218.182,188.889,24,17,11,9,-14.646,45
2010,2,33,Boise State,Western Athletic,1,0,23.077,11.538,33,1.000,0.533,0.467,1.371,253.846,230.769,33,30,13,13,-11.538,44
2010,2,35,East Carolina,Conference USA,2,0,85.714,53.508,37,1.000,0.632,0.368,1.107,357.143,271.429,100,76,28,28,-32.206,80
2010,2,35,Northwestern,Big Ten,1,0,16.667,8.333,35,1.000,0.528,0.472,1.387,191.667,175.000,23,21,12,12,-8.333,42
2010,2,37,Boston College,ACC,1,0,65.000,32.500,47,1.000,0.618,0.382,1.147,173.333,108.333,26,13,15,12,-32.500,81
2010,2,38,Tulsa,Conference USA,1,1,60.688,39.222,44,0.500,0.579,-0.079,-0.163,356.522,295.833,82,71,23,24,-36.968,85
2010,2,39,SMU,Conference USA,1,1,58.462,123.702,13,0.500,0.965,-0.465,-1.257,220.000,161.538,55,42,25,26,48.486,37
2010,2,40,Washington,Pac-10,1,1,57.692,46.630,39,0.500,0.664,-0.164,-0.404,223.077,165.385,58,43,26,26,-3.370,62
2010,2,41,USC,Pac-10,2,0,55.667,60.163,33,1.000,0.651,0.349,1.052,264.000,208.333,66,50,25,24,8.094,59
2010,2,43,Temple,Mid-American,1,0,34.848,17.424,49,1.000,0.573,0.427,1.276,118.182,83.333,13,10,11,12,-17.424,74
2010,2,43,Utah State,Western Athletic,0,1,-22.353,-11.176,43,0.000,0.461,-0.461,-1.356,160.000,182.353,24,31,15,17,11.176,34
2010,2,44,Virginia Tech,ACC,0,1,-23.077,-11.538,44,0.000,0.467,-0.467,-1.371,230.769,253.846,30,33,13,13,11.538,33
2010,2,44,West Virginia,Big East,1,0,34.615,-51.740,78,1.000,0.345,0.655,1.923,184.615,150.000,24,21,13,14,-86.355,100
2010,2,45,Middle Tennessee,Sun Belt,0,1,-29.293,-14.646,45,0.000,0.454,-0.454,-1.333,188.889,218.182,17,24,9,11,14.646,32
2010,2,46,Louisville,Big East,0,1,-31.313,-15.657,46,0.000,0.449,-0.449,-1.319,177.778,209.091,16,23,9,11,15.657,31
2010,2,46,Rutgers,Big East,1,0,29.412,14.706,52,1.000,0.562,0.438,1.306,111.765,82.353,19,14,17,17,-14.706,72
2010,2,47,Navy,FBS Independents,0,1,-33.333,-16.667,47,0.000,0.443,-0.443,-1.301,155.556,188.889,14,17,9,9,16.667,30
2010,2,48,NC State,ACC,1,0,25.000,12.500,54,1.000,0.543,0.457,1.359,175.000,150.000,28,21,16,14,-12.500,69
2010,2,49,Kansas,Big 12,1,0,23.077,11.538,56,1.000,0.536,0.464,1.380,215.385,192.308,28,25,13,13,-11.538,68
2010,2,49,Pittsburgh,Big East,0,1,-45.455,-22.727,49,0.000,0.431,-0.431,-1.268,200.000,245.455,24,27,12,11,22.727,28
2010,2,51,Syracuse,Big East,1,1,17.857,-103.370,98,0.500,0.254,0.246,0.761,175.000,157.143,49,44,28,28,-121.227,114
2010,2,52,North Carolina,ACC,0,1,-58.824,-29.412,52,0.000,0.399,-0.399,-1.173,141.176,200.000,24,30,17,15,29.412,25
2010,2,52,Wake Forest,ACC,1,0,17.647,8.824,57,1.000,0.522,0.478,1.420,317.647,300.000,54,48,17,16,-8.824,65
2010,2,54,Notre Dame,FBS Independents,1,1,13.921,59.288,35,0.500,0.719,-0.219,-0.558,162.069,148.148,47,40,29,27,34.912,42
2010,2,54,Oregon State,Pac-10,0,1,-81.818,-40.909,54,0.000,0.381,-0.381,-1.118,190.909,272.727,21,30,11,11,40.909,23
2010,2,55,Purdue,Big Ten,0,1,-82.576,-41.288,55,0.000,0.352,-0.352,-1.034,109.091,191.667,12,23,11,12,41.288,22
2010,2,55,Troy,Sun Belt,1,1,-7.312,-120.851,104,0.500,0.211,0.289,0.883,219.355,226.667,68,68,31,30,-115.324,113
2010,2,56,Hawai'i,Western Athletic,1,1,-15.735,-20.897,68,0.500,0.460,0.040,0.176,319.048,334.783,67,77,21,23,-8.094,64
2010,2,56,Illinois,Big Ten,0,1,-91.667,-45.833,56,0.000,0.334,-0.334,-0.983,100.000,191.667,13,23,13,12,45.833,21
2010,2,57,Cincinnati,Big East,0,1,-100.000,-50.000,57,0.000,0.323,-0.323,-0.948,100.000,200.000,14,28,14,14,50.000,20
2010,2,57,Duke,ACC,0,1,-17.647,-8.824,58,0.000,0.478,-0.478,-1.296,300.000,317.647,48,54,16,17,8.824,58
2010,2,59,Georgia Tech,ACC,0,1,-23.077,-11.538,60,0.000,0.464,-0.464,-1.256,192.308,215.385,25,28,13,13,11.538,57
2010,2,59,Northern Illinois,Mid-American,0,1,-134.091,-67.045,59,0.000,0.273,-0.273,-0.803,90.909,225.000,10,27,11,12,67.045,18
2010,2,61,Virginia,ACC,0,1,-23.077,37.086,45,0.000,0.779,-0.779,-2.151,107.692,130.769,14,17,13,13,60.163,30
2010,2,62,UCF,Conference USA,0,1,-25.000,-12.500,62,0.000,0.457,-0.457,-1.235,150.000,175.000,21,28,14,16,12.500,55
2010,2,64,Florida International,Sun Belt,0,1,-29.412,-14.706,65,0.000,0.438,-0.438,-1.182,82.353,111.765,14,19,17,17,14.706,52
2010,2,64,Western Michigan,Mid-American,0,1,-170.980,-85.490,65,0.000,0.228,-0.228,-0.670,82.353,253.333,14,38,17,15,85.490,12
2010,2,65,Akron,Mid-American,0,1,-185.714,-92.857,69,0.000,0.171,-0.171,-0.502,21.429,207.143,3,29,14,14,92.857,8
2010,2,67,Central Michigan,Mid-American,0,1,-34.848,-17.424,67,0.000,0.427,-0.427,-1.152,83.333,118.182,10,13,12,11,17.424,50
2010,2,67,UConn,Big East,0,1,-222.222,-111.111,73,0.000,0.200,-0.200,-0.589,111.111,333.333,10,30,9,9,111.111,4
2010,2,68,Army,FBS Independents,1,1,-43.636,-76.352,88,0.500,0.224,0.276,0.847,536.364,580.000,59,58,11,10,-20.897,76
2010,2,69,Florida Atlantic,Sun Belt,1,1,-43.939,-58.116,81,0.500,0.349,0.151,0.491,233.333,277.273,49,61,21,22,-11.298,66
2010,2,69,Southern Miss,Conference USA,0,1,-264.394,-132.197,76,0.000,0.169,-0.169,-0.498,108.333,372.727,13,41,12,11,132.197,1
2010,2,70,Washington State,Pac-10,0,1,-266.667,-77.778,63,0.000,0.251,-0.251,-0.738,94.444,361.111,17,65,18,18,77.778,14
2010,2,71,Iowa State,Big 12,1,1,-45.833,-25.602,70,0.500,0.433,0.067,0.252,141.667,187.500,34,45,24,24,12.801,54
2010,2,72,Rice,Conference USA,1,1,-46.344,-38.700,74,0.500,0.350,0.150,0.489,163.333,209.677,49,65,30,31,18.678,49
2010,2,73,BYU,Mountain West,1,1,-53.833,96.630,22,0.500,0.783,-0.283,-0.741,154.167,208.000,37,52,24,25,147.912,4
2010,2,74,Eastern Michigan,Mid-American,0,2,-55.303,-56.993,80,0.000,0.347,-0.347,-0.923,436.364,491.667,48,59,11,12,-14.569,70
2010,2,75,Ohio,Mid-American,0,1,-56.190,-114.733,103,0.000,0.035,-0.035,-0.037,86.667,142.857,13,20,15,14,-58.543,94
2010,2,77,Kent State,Mid-American,0,1,-65.000,-32.500,71,0.000,0.382,-0.382,-1.023,108.333,173.333,13,26,12,15,32.500,44
2010,2,78,Miami (OH),Mid-American,1,1,-69.167,-14.569,63,0.500,0.451,0.049,0.202,160.000,229.167,40,55,25,24,48.834,36
2010,2,79,Bowling Green,Mid-American,0,2,-69.565,-127.444,107,0.000,0.129,-0.129,-0.303,204.348,273.913,47,63,23,23,-40.814,86
2010,2,80,Miami,ACC,0,1,-72.527,32.784,46,0.000,0.589,-0.589,-1.609,184.615,257.143,24,36,13,14,105.311,11
2010,2,83,Arkansas State,Sun Belt,0,2,-86.961,-34.090,72,0.000,0.409,-0.409,-1.100,172.414,259.375,50,83,29,32,52.905,34
2010,2,85,Vanderbilt,SEC,0,2,-95.652,-79.671,90,0.000,0.220,-0.220,-0.563,104.348,200.000,24,50,23,25,18.873,48
2010,2,86,North Texas,Sun Belt,0,2,-98.776,-54.713,79,0.000,0.350,-0.350,-0.931,132.258,231.034,41,67,31,29,60.666,29
2010,2,88,UAB,Conference USA,0,2,-100.000,-67.207,86,0.000,0.337,-0.337,-0.896,172.727,272.727,38,60,22,22,32.793,43
2010,2,89,Toledo,Mid-American,1,1,-112.000,-58.543,83,0.500,0.334,0.166,0.533,88.000,200.000,22,54,25,27,29.271,45
2010,2,90,New Mexico State,Western Athletic,0,1,-116.250,-58.125,82,0.000,0.323,-0.323,-0.856,140.000,256.250,21,41,15,16,58.125,32
2010,2,92,Tulane,Conference USA,0,1,-140.000,-70.000,87,0.000,0.291,-0.291,-0.765,130.000,270.000,13,27,10,10,70.000,25
2010,2,93,Colorado,Big 12,1,1,-142.255,-78.744,89,0.500,0.197,0.303,0.923,96.875,239.130,31,55,32,23,7.206,60
2010,2,94,Louisiana,Sun Belt,1,1,-144.583,-11.768,61,0.500,0.451,0.049,0.203,118.750,263.333,38,79,32,30,64.571,27
2010,2,95,Marshall,Conference USA,0,2,-147.863,-86.355,94,0.000,0.204,-0.204,-0.518,107.692,255.556,28,69,26,27,26.786,46
2010,2,97,UCLA,Pac-10,0,2,-172.333,-109.841,101,0.000,0.236,-0.236,-0.608,91.667,264.000,22,66,24,25,54.921,33
2010,2,98,Buffalo,Mid-American,0,1,-172.500,-86.250,93,0.000,0.204,-0.204,-0.516,40.000,212.500,6,34,15,16,86.250,21
2010,2,99,UNLV,Mountain West,0,2,-184.615,-127.102,106,0.000,0.134,-0.134,-0.318,119.231,303.846,31,79,26,26,60.993,28
2010,2,101,UTEP,Conference USA,0,1,-215.385,-100.000,96,0.000,0.265,-0.265,-0.692,200.000,415.385,24,54,12,13,100.000,14
2010,2,102,Memphis,Conference USA,0,2,-216.502,-103.635,99,0.000,0.232,-0.232,-0.598,121.429,337.931,34,98,28,29,66.603,26
2010,2,104,UL Monroe,Sun Belt,0,1,-223.485,-111.742,102,0.000,0.173,-0.173,-0.428,58.333,281.818,7,31,12,11,111.742,8
2010,2,105,Louisiana Tech,Western Athletic,0,1,-225.882,-99.608,95,0.000,0.214,-0.214,-0.546,94.118,320.000,16,48,17,15,99.608,15
2010,2,106,San José State,Western Athletic,0,2,-226.087,-81.972,91,0.000,0.169,-0.169,-0.417,73.913,300.000,17,75,23,25,73.622,24
2010,2,107,Idaho,Western Athletic,0,1,-232.121,-136.101,109,0.000,0.192,-0.192,-0.482,113.333,345.455,17,38,15,11,96.020,17
2010,2,108,Penn State,Big Ten,0,1,-236.667,-105.177,100,0.000,0.137,-0.137,-0.328,30.000,266.667,3,24,10,9,131.489,7
2010,2,109,South Florida,Big East,0,1,-237.762,-83.100,92,0.000,0.289,-0.289,-0.759,107.692,345.455,14,38,13,11,154.662,2
2010,2,110,Florida State,ACC,0,1,-240.110,-142.366,110,0.000,0.092,-0.092,-0.198,121.429,361.538,17,47,14,13,82.359,22
2010,2,111,Wyoming,Mountain West,0,1,-250.758,-158.688,112,0.000,0.043,-0.043,-0.061,58.333,309.091,7,34,12,11,92.070,20
2010,2,112,Colorado State,Mountain West,0,2,-260.870,-215.667,115,0.000,0.009,-0.009,0.038,39.130,300.000,9,75,23,25,-7.206,63
2010,2,115,Western Kentucky,Sun Belt,0,2,-320.513,-143.723,111,0.000,0.144,-0.144,-0.348,146.154,466.667,38,112,26,24,101.789,12
2010,2,116,New Mexico,Mountain West,0,2,-356.667,-35.822,73,0.000,0.313,-0.313,-0.828,56.667,413.333,17,124,30,30,151.678,3
2010,2,117,Tennessee,SEC,0,1,-393.333,-184.155,114,0.000,0.150,-0.150,-0.364,86.667,480.000,13,48,15,10,139.178,5
2010,3,2,Nevada,Western Athletic,2,0,387.939,343.295,4,1.000,0.956,0.044,0.089,542.105,154.167,103,37,19,24,25.120,44
2010,3,3,Oregon,Pac-10,2,0,419.603,139.178,11,1.000,0.898,0.102,0.353,461.538,41.935,120,13,26,31,-109.988,111
2010,3,3,Stanford,Pac-10,2,0,359.091,188.425,17,1.000,0.940,0.060,0.130,468.182,109.091,103,24,22,22,-68.242,88
2010,3,4,Alabama,SEC,3,0,319.444,149.435,20,1.000,0.854,0.146,0.350,372.222,52.778,134,19,36,36,-67.274,87
2010,3,5,Nebraska,Big 12,3,0,288.131,321.319,9,1.000,1.000,0.000,-0.021,397.222,109.091,143,48,36,44,82.140,31
2010,3,6,Kentucky,SEC,3,0,215.159,244.145,15,1.000,0.938,0.062,0.136,369.444,154.286,133,54,36,35,78.152,33
2010,3,8,Boise State,Western Athletic,2,0,197.538,127.064,28,1.000,0.909,0.091,0.208,336.000,138.462,84,36,25,26,-3.064,53
2010,3,9,Utah,Mountain West,3,0,195.344,140.165,22,1.000,0.824,0.176,0.424,318.421,123.077,121,48,38,39,-14.987,58
2010,3,10,Ohio State,Big Ten,3,0,193.372,17.279,52,1.000,0.602,0.398,0.987,288.372,95.000,124,38,43,40,-133.008,102
2010,3,11,Arizona,Pac-10,2,0,188.462,160.400,19,1.000,0.853,0.147,0.351,300.000,111.538,75,29,25,26,3.722,52
2010,3,12,TCU,Mountain West,2,0,185.178,459.900,1,1.000,1.000,0.000,-0.021,326.087,140.909,75,31,23,22,306.112,5
2010,3,13,Oklahoma State,Big 12,3,0,179.592,58.862,42,1.000,0.708,0.292,0.717,348.980,169.388,171,83,49,49,-65.539,86
2010,3,14,Florida,SEC,3,0,172.953,88.328,37,1.000,0.939,0.061,0.133,286.111,113.158,103,43,36,38,-86.225,94
2010,3,14,South Carolina,SEC,2,0,199.524,285.454,1,1.000,1.000,0.000,0.062,290.000,90.476,58,19,20,21,92.146,19
2010,3,15,Arkansas,SEC,2,0,145.565,120.464,29,1.000,0.838,0.162,0.389,269.565,124.000,62,31,23,25,-28.137,65
2010,3,16,LSU,SEC,3,0,142.959,137.861,24,1.000,0.893,0.107,0.251,232.432,89.474,86,34,37,38,-25.961,64
2010,3,17,Texas,Big 12,3,0,130.000,92.308,35,1.000,0.843,0.157,0.377,230.000,100.000,92,38,40,38,-48.970,78
2010,3,18,Central Michigan,Mid-American,1,1,125.783,54.545,44,0.500,0.624,-0.124,-0.333,229.630,103.846,62,27,27,26,-21.364,61
2010,3,19,Texas A&M,Big 12,2,0,124.416,-192.024,104,1.000,0.000,1.000,2.508,227.273,102.857,75,36,33,35,-311.076,119
2010,3,20,Fresno State,Western Athletic,2,0,119.231,432.161,2,1.000,1.000,0.000,-0.021,265.385,146.154,69,38,26,26,311.328,4
2010,3,21,California,Pac-10,1,1,118.910,138.882,23,0.500,0.794,-0.294,-0.764,345.833,226.923,83,59,24,26,162.645,17
2010,3,22,Michigan State,Big Ten,3,0,113.919,60.975,41,1.000,0.796,0.204,0.496,261.538,147.619,102,62,39,42,-48.552,77
2010,3,23,Clemson,ACC,1,1,113.690,19.685,51,0.500,0.551,-0.051,-0.149,245.833,132.143,59,37,24,28,-97.687,98
2010,3,24,Indiana,Big Ten,1,0,112.121,149.341,21,1.000,0.850,0.150,0.359,345.455,233.333,38,21,11,9,37.219,42
2010,3,26,Virginia Tech,ACC,1,1,98.397,128.154,27,0.500,0.763,-0.263,-0.687,329.167,230.769,79,60,24,26,20.812,45
2010,3,27,Army,FBS Independents,2,1,97.233,-93.984,84,0.667,0.206,0.460,1.144,360.870,263.636,83,58,23,22,-166.256,107
2010,3,28,Oklahoma,Big 12,3,0,93.598,387.117,3,1.000,1.000,0.000,-0.021,256.098,162.500,105,65,41,40,295.666,7
2010,3,29,Wisconsin,Big Ten,3,0,90.159,41.695,46,1.000,0.594,0.406,1.005,244.444,154.286,88,54,36,35,-41.834,72
2010,3,30,Texas Tech,Big 12,2,1,85.931,107.325,31,0.667,0.779,-0.113,-0.306,240.476,154.545,101,68,42,44,41.269,39
2010,3,31,SMU,Conference USA,2,1,79.342,74.004,40,0.667,0.733,-0.066,-0.188,236.842,157.500,90,63,38,40,-15.884,59
2010,3,32,Michigan,Big Ten,2,0,101.231,93.111,24,1.000,0.770,0.230,0.714,232.000,130.769,58,34,25,26,-34.912,84
2010,3,32,Temple,Mid-American,2,0,79.143,57.913,43,1.000,1.000,0.000,-0.021,172.000,92.857,43,26,25,28,-16.654,60
2010,3,33,Georgia,SEC,1,2,75.036,106.627,32,0.333,0.767,-0.434,-1.118,223.684,148.649,85,55,38,37,113.607,23
2010,3,34,Northwestern,Big Ten,2,0,73.077,-7.647,55,1.000,0.470,0.530,1.318,203.846,130.769,53,34,26,26,-76.695,92
2010,3,35,West Virginia,Big East,2,0,67.989,-158.663,101,1.000,0.010,0.990,2.481,203.704,135.714,55,38,27,28,-225.971,113
2010,3,36,Air Force,Mountain West,1,1,67.572,322.638,8,0.500,0.938,-0.438,-1.128,245.833,178.261,59,41,24,23,259.992,11
2010,3,37,Boston College,ACC,1,0,65.000,32.500,47,1.000,0.618,0.382,1.147,173.333,108.333,26,13,15,12,-32.500,81
2010,3,38,Auburn,SEC,3,0,64.469,12.963,53,1.000,0.555,0.445,1.105,228.571,164.103,96,64,42,39,-43.552,74
2010,3,39,Missouri,Big 12,2,0,62.946,-116.466,90,1.000,0.038,0.962,2.412,178.571,115.625,50,37,28,32,-183.517,108
2010,3,40,UTEP,Conference USA,1,1,57.692,-434.034,120,0.500,0.005,0.495,1.232,550.000,492.308,66,64,12,13,-234.034,115
2010,3,41,Iowa,Big Ten,1,1,57.429,82.858,38,0.500,0.770,-0.270,-0.704,221.429,164.000,62,41,28,25,18.179,47
2010,3,42,Kansas State,Big 12,2,0,57.000,-50.045,64,1.000,0.371,0.629,1.570,232.000,175.000,58,42,25,24,-109.807,100
2010,3,43,USC,Pac-10,3,0,54.060,-43.116,62,1.000,0.406,0.594,1.482,251.282,197.222,98,71,39,36,-95.686,96
2010,3,44,NC State,ACC,2,0,50.476,336.463,6,1.000,1.000,0.000,-0.021,193.333,142.857,58,40,30,28,284.678,9
2010,3,45,Navy,FBS Independents,1,1,42.857,-291.997,118,0.500,0.000,0.500,1.244,242.857,200.000,51,40,21,20,-324.951,120
2010,3,46,Houston,Conference USA,1,1,37.692,-234.034,111,0.500,0.050,0.450,1.117,257.692,220.000,67,55,26,25,-264.803,117
2010,3,46,Rutgers,Big East,1,0,29.412,14.706,52,1.000,0.562,0.438,1.306,111.765,82.353,19,14,17,17,-14.706,72
2010,3,47,Mississippi State,SEC,1,2,33.307,-67.561,73,0.333,0.285,0.048,0.100,189.189,155.882,70,53,37,34,-31.972,68
2010,3,48,UCF,Conference USA,1,1,30.952,274.329,12,0.500,0.986,-0.486,-1.251,166.667,135.714,45,38,27,28,236.188,14
2010,3,49,Pittsburgh,Big East,0,1,-45.455,-22.727,49,0.000,0.431,-0.431,-1.268,200.000,245.455,24,27,12,11,22.727,28
2010,3,49,San Diego State,Mountain West,1,1,30.876,-158.901,102,0.500,0.153,0.347,0.858,185.714,154.839,65,48,35,31,-195.808,110
2010,3,51,Syracuse,Big East,1,1,17.857,-103.370,98,0.500,0.254,0.246,0.761,175.000,157.143,49,44,28,28,-121.227,114
2010,3,52,Penn State,Big Ten,1,1,8.300,-87.232,81,0.500,0.136,0.364,0.900,117.391,109.091,27,24,23,22,-61.206,82
2010,3,53,Ole Miss,SEC,1,1,6.308,-115.103,89,0.500,0.118,0.382,0.945,164.000,157.692,41,41,25,26,-144.270,103
2010,3,54,Georgia Tech,ACC,1,1,2.767,0.525,54,0.500,0.501,-0.001,-0.023,239.130,236.364,55,52,23,22,-4.604,54
2010,3,55,Miami (OH),Mid-American,2,1,1.128,-26.736,57,0.667,0.440,0.227,0.553,186.842,185.714,71,65,38,35,-33.651,69
2010,3,56,Purdue,Big Ten,1,1,0.000,-44.992,63,0.500,0.046,0.454,1.128,156.522,156.522,36,36,23,23,-44.613,75
2010,3,57,Troy,Sun Belt,1,2,-2.326,-54.253,66,0.333,0.373,-0.040,-0.122,234.884,237.209,101,102,43,43,-55.056,80
2010,3,58,Notre Dame,FBS Independents,1,2,-7.727,37.584,47,0.333,0.577,-0.243,-0.636,177.273,185.000,78,74,44,40,39.623,40
2010,3,59,Oregon State,Pac-10,1,1,-8.333,340.947,5,0.500,0.977,-0.477,-1.226,233.333,241.667,56,58,24,24,354.933,3
2010,3,60,Arizona State,Pac-10,0,1,-10.000,31.695,49,0.000,0.664,-0.664,-1.699,190.000,200.000,19,20,10,10,41.695,38
2010,3,61,East Carolina,Conference USA,2,1,-10.757,-85.441,80,0.667,0.301,0.366,0.905,309.756,320.513,127,125,41,39,-63.329,84
2010,3,61,Virginia,ACC,0,1,-23.077,37.086,45,0.000,0.779,-0.779,-2.151,107.692,130.769,14,17,13,13,60.163,30
2010,3,62,Bowling Green,Mid-American,1,2,-11.974,-140.013,98,0.333,0.084,0.249,0.610,227.500,239.474,91,91,40,38,-106.312,99
2010,3,63,Minnesota,Big Ten,1,1,-17.391,-96.687,86,0.500,0.096,0.404,1.001,195.652,213.043,45,49,23,23,-84.548,93
2010,3,65,Illinois,Big Ten,1,1,-23.500,-208.133,108,0.500,0.088,0.412,1.020,164.000,187.500,41,45,25,24,-187.300,109
2010,3,66,Baylor,Big 12,1,1,-25.926,271.277,13,0.500,0.976,-0.476,-1.224,162.963,188.889,44,51,27,27,297.906,6
2010,3,67,Vanderbilt,SEC,1,2,-26.667,-33.436,59,0.333,0.385,-0.052,-0.151,133.333,160.000,52,64,39,40,5.037,51
2010,3,68,Arkansas State,Sun Belt,1,2,-29.853,-82.781,78,0.333,0.328,0.005,-0.007,215.385,245.238,84,103,39,42,-71.451,89
2010,3,69,Florida Atlantic,Sun Belt,1,1,-43.939,-58.116,81,0.500,0.349,0.151,0.491,233.333,277.273,49,61,21,22,-11.298,66
2010,3,69,Idaho,Western Athletic,1,1,-30.471,89.198,36,0.500,0.720,-0.220,-0.578,174.074,204.545,47,45,27,22,112.077,24
2010,3,70,Florida International,Sun Belt,0,2,-34.286,-230.912,110,0.000,0.101,-0.101,-0.275,97.143,131.429,34,46,35,35,-196.762,111
2010,3,71,Florida State,ACC,1,1,-39.111,236.732,16,0.500,0.877,-0.377,-0.974,188.889,228.000,51,57,27,25,259.992,11
2010,3,72,Toledo,Mid-American,2,1,-40.063,-75.415,76,0.667,0.112,0.555,1.383,137.209,177.273,59,78,43,44,-38.332,70
2010,3,73,Louisville,Big East,0,2,-41.667,249.967,14,0.000,0.996,-0.996,-2.539,200.000,241.667,44,58,22,24,292.546,8
2010,3,76,Maryland,ACC,1,1,-47.826,-258.663,115,0.500,0.059,0.441,1.094,147.826,195.652,34,45,23,23,-225.330,112
2010,3,77,Colorado,Big 12,2,1,-52.381,-18.006,56,0.667,0.424,0.243,0.593,147.619,200.000,62,68,42,34,-24.645,62
2010,3,78,Iowa State,Big 12,1,2,-52.941,-124.042,92,0.333,0.154,0.180,0.434,158.824,211.765,54,72,34,34,-75.107,90
2010,3,79,North Carolina,ACC,0,2,-55.385,23.114,50,0.000,0.576,-0.576,-1.477,184.615,240.000,48,60,26,25,69.193,34
2010,3,80,Miami,ACC,0,1,-72.527,32.784,46,0.000,0.589,-0.589,-1.609,184.615,257.143,24,36,13,14,105.311,11
2010,3,80,Middle Tennessee,Sun Belt,0,2,-58.586,-125.980,95,0.000,0.245,-0.245,-0.639,377.778,436.364,34,48,9,11,-96.687,97
2010,3,81,Southern Miss,Conference USA,1,1,-59.091,76.301,39,0.500,0.641,-0.141,-0.378,200.000,259.091,44,57,22,22,126.225,22
2010,3,82,Kansas,Big 12,1,1,-60.145,-32.322,58,0.500,0.304,0.196,0.475,183.333,243.478,44,56,24,23,38.413,41
2010,3,83,Tulsa,Conference USA,1,2,-60.597,-71.404,75,0.333,0.362,-0.028,-0.092,297.297,357.895,110,136,37,38,-55.531,81
2010,3,84,UCLA,Pac-10,1,2,-64.651,-95.572,85,0.333,0.151,0.183,0.441,143.243,207.895,53,79,37,38,-31.885,67
2010,3,85,Washington,Pac-10,1,2,-65.751,120.002,30,0.333,0.744,-0.410,-1.058,188.095,253.846,79,99,42,39,168.560,16
2010,3,86,UAB,Conference USA,1,2,-67.815,-84.017,79,0.333,0.238,0.095,0.221,205.714,273.529,72,93,35,34,-12.863,57
2010,3,87,Rice,Conference USA,1,2,-70.202,-119.954,91,0.333,0.204,0.129,0.306,140.909,211.111,62,95,44,45,-41.225,71
2010,3,88,Utah State,Western Athletic,0,2,-70.498,327.629,7,0.000,0.967,-0.967,-2.465,177.778,248.276,48,72,27,29,409.639,1
2010,3,90,Hawai'i,Western Athletic,1,2,-77.273,-124.177,93,0.333,0.245,0.088,0.202,250.000,327.273,80,108,32,33,-51.702,79
2010,3,91,Ball State,Mid-American,0,1,-81.818,-126.810,96,0.000,0.264,-0.264,-0.687,118.182,200.000,13,24,11,12,-44.992,76
2010,3,92,Cincinnati,Big East,0,2,-89.286,295.026,10,0.000,0.996,-0.996,-2.539,117.857,207.143,33,58,28,28,384.312,2
2010,3,92,Tulane,Conference USA,0,1,-140.000,-70.000,87,0.000,0.291,-0.291,-0.765,130.000,270.000,13,27,10,10,70.000,25
2010,3,93,Northern Illinois,Mid-American,0,2,-90.036,-258.133,114,0.000,0.005,-0.005,-0.034,139.130,229.167,32,55,23,24,-166.088,106
2010,3,94,BYU,Mountain West,1,2,-95.760,132.868,26,0.333,1.000,-0.667,-1.706,130.556,226.316,47,86,36,38,226.457,15
2010,3,94,Louisiana,Sun Belt,1,1,-144.583,-11.768,61,0.500,0.451,0.049,0.203,118.750,263.333,38,79,32,30,64.571,27
2010,3,95,Western Michigan,Mid-American,0,2,-115.508,-124.900,94,0.000,0.228,-0.228,-0.596,111.765,227.273,38,75,34,33,-7.220,55
2010,3,96,Marshall,Conference USA,0,3,-120.233,-193.279,105,0.000,0.118,-0.118,-0.318,136.585,256.818,56,113,41,44,-93.799,95
2010,3,97,Kent State,Mid-American,0,2,-126.571,-271.847,116,0.000,0.003,-0.003,-0.028,52.000,178.571,13,50,25,28,-147.039,104
2010,3,98,North Texas,Sun Belt,0,3,-126.602,-208.336,109,0.000,0.006,-0.006,-0.036,95.349,221.951,41,91,43,41,-64.751,85
2010,3,100,Buffalo,Mid-American,0,2,-140.741,135.912,25,0.000,0.962,-0.962,-2.454,59.259,200.000,16,58,27,29,272.803,10
2010,3,102,Wake Forest,ACC,1,1,-145.320,-40.912,60,0.500,0.423,0.077,0.175,268.966,414.286,78,116,29,28,66.931,35
2010,3,103,Ohio,Mid-American,0,2,-150.575,-150.497,100,0.000,0.147,-0.147,-0.391,66.667,217.241,20,63,30,29,-29.068,66
2010,3,104,UConn,Big East,0,2,-156.870,-87.854,82,0.000,0.346,-0.346,-0.897,104.000,260.870,26,60,25,23,80.400,32
2010,3,105,Duke,ACC,0,2,-170.860,-54.562,67,0.000,0.310,-0.310,-0.804,203.333,374.194,61,116,30,31,54.262,37
2010,3,106,Eastern Michigan,Mid-American,0,3,-172.650,-100.641,88,0.000,0.099,-0.099,-0.272,238.462,411.111,62,111,26,27,13.905,49
2010,3,106,San José State,Western Athletic,0,2,-226.087,-81.972,91,0.000,0.169,-0.169,-0.417,73.913,300.000,17,75,23,25,73.622,24
2010,3,107,Louisiana Tech,Western Athletic,0,2,-175.529,-391.239,119,0.000,0.038,-0.038,-0.116,139.286,314.815,39,85,28,27,-242.010,116
2010,3,108,UNLV,Mountain West,0,3,-184.139,-97.166,87,0.000,0.140,-0.140,-0.375,102.703,286.842,38,109,37,38,90.352,29
2010,3,109,South Florida,Big East,0,1,-237.762,-83.100,92,0.000,0.289,-0.289,-0.759,107.692,345.455,14,38,13,11,154.662,2
2010,3,109,UL Monroe,Sun Belt,0,2,-186.797,-162.901,103,0.000,0.075,-0.075,-0.210,122.727,309.524,27,65,22,21,18.842,46
2010,3,110,Memphis,Conference USA,1,2,-189.409,-246.739,112,0.333,0.015,0.318,0.783,207.143,396.552,58,115,28,29,-76.501,91
2010,3,111,Washington State,Pac-10,0,2,-203.831,-70.960,74,0.000,0.298,-0.298,-0.775,118.750,322.581,38,100,32,31,66.433,36
2010,3,112,Colorado State,Mountain West,0,3,-223.065,-88.641,83,0.000,0.090,-0.090,-0.248,55.882,278.947,19,106,34,38,99.518,26
2010,3,114,Akron,Mid-American,0,2,-233.333,-52.730,65,0.000,0.291,-0.291,-0.757,48.148,281.481,13,76,27,27,147.819,18
2010,3,116,Tennessee,SEC,0,2,-247.980,-82.505,77,0.000,0.341,-0.341,-0.883,111.111,359.091,30,79,27,22,137.495,21
2010,3,117,Western Kentucky,Sun Belt,0,3,-260.000,37.219,48,0.000,0.588,-0.588,-1.508,168.571,428.571,59,150,35,35,238.268,13
2010,3,118,New Mexico State,Western Athletic,0,2,-312.083,-275.151,117,0.000,0.001,-0.001,-0.022,206.667,518.750,31,83,15,16,-158.901,105
2010,3,119,Wyoming,Mountain West,0,2,-317.565,-134.283,97,0.000,0.176,-0.176,-0.467,52.000,369.565,13,85,25,23,109.686,25
2010,3,120,New Mexico,Mountain West,0,3,-331.111,-42.505,61,0.000,0.348,-0.348,-0.900,68.889,400.000,31,180,45,45,144.717,19
2010,4,1,Stanford,Pac-10,3,0,346.057,298.296,1,1.000,0.959,0.041,0.210,451.613,105.556,140,38,31,36,23.481,42
2010,4,2,Oregon,Pac-10,3,0,302.695,120.979,16,1.000,0.832,0.168,0.707,385.714,83.019,162,44,42,53,-85.662,109
2010,4,3,Nevada,Western Athletic,3,0,301.217,273.516,2,1.000,0.947,0.053,0.255,448.276,147.059,130,50,29,34,14.733,55
2010,4,5,Nebraska,Big 12,3,0,288.131,321.319,9,1.000,1.000,0.000,-0.021,397.222,109.091,143,48,36,44,82.140,31
2010,4,5,Utah,Mountain West,4,0,261.224,66.696,34,1.000,0.666,0.334,1.352,361.224,100.000,177,51,49,51,-113.872,116
2010,4,6,Alabama,SEC,4,0,251.388,136.983,12,1.000,0.876,0.124,0.536,336.170,84.783,158,39,47,46,-30.094,88
2010,4,7,Ohio State,Big Ten,4,0,224.464,127.309,14,1.000,0.860,0.140,0.599,333.898,109.434,197,58,59,53,-21.945,82
2010,4,8,Florida,SEC,4,0,223.791,153.875,8,1.000,0.881,0.119,0.514,335.556,111.765,151,57,45,51,-66.784,105
2010,4,9,Michigan,Big Ten,3,0,200.641,133.014,13,1.000,0.814,0.186,0.777,341.667,141.026,123,55,36,39,-46.973,96
2010,4,11,TCU,Mountain West,3,0,178.651,189.504,5,1.000,0.906,0.094,0.417,331.429,152.778,116,55,35,36,30.232,38
2010,4,12,Boise State,Western Athletic,3,0,169.444,153.620,9,1.000,0.851,0.149,0.631,336.111,166.667,121,60,36,36,34.747,36
2010,4,13,Iowa,Big Ten,2,1,156.689,179.613,7,0.667,0.865,-0.198,-0.723,267.500,110.811,107,41,40,37,58.715,22
2010,4,13,Oklahoma State,Big 12,3,0,179.592,58.862,42,1.000,0.708,0.292,0.717,348.980,169.388,171,83,49,49,-65.539,86
2010,4,14,Missouri,Big 12,3,0,138.864,182.526,6,1.000,0.917,0.083,0.375,252.500,113.636,101,50,40,44,60.048,20
2010,4,15,Indiana,Big Ten,2,0,137.222,-133.839,109,1.000,0.258,0.742,2.947,365.000,227.778,73,41,20,18,-273.233,120
2010,4,16,Arizona,Pac-10,3,0,129.730,213.275,3,1.000,1.000,0.000,0.051,229.730,100.000,85,38,37,38,106.045,5
2010,4,17,USC,Pac-10,4,0,128.041,73.691,30,1.000,0.675,0.325,1.320,302.041,174.000,148,87,49,50,-47.165,98
2010,4,19,LSU,SEC,4,0,122.209,191.463,4,1.000,0.970,0.030,0.167,216.327,94.118,106,48,49,51,53.853,25
2010,4,19,Texas A&M,Big 12,2,0,124.416,-192.024,104,1.000,0.000,1.000,2.508,227.273,102.857,75,36,33,35,-311.076,119
2010,4,20,Virginia Tech,ACC,2,1,117.838,140.866,11,0.667,0.875,-0.208,-0.761,280.000,162.162,98,60,35,37,11.729,57
2010,4,22,Michigan State,Big Ten,3,0,113.919,60.975,41,1.000,0.796,0.204,0.496,261.538,147.619,102,62,39,42,-48.552,77
2010,4,23,Central Michigan,Mid-American,1,2,102.991,57.445,36,0.333,0.742,-0.409,-1.544,322.222,219.231,87,57,27,26,-18.464,80
2010,4,23,Clemson,ACC,1,1,113.690,19.685,51,0.500,0.551,-0.051,-0.149,245.833,132.143,59,37,24,28,-97.687,98
2010,4,24,South Carolina,SEC,2,1,101.989,125.439,15,0.667,0.790,-0.123,-0.431,265.625,163.636,85,54,32,33,18.790,50
2010,4,25,San Diego State,Mountain West,2,1,100.532,109.499,20,0.667,0.836,-0.169,-0.611,225.532,125.000,106,55,47,44,5.620,63
2010,4,26,Arkansas,SEC,2,1,95.707,70.242,32,0.667,0.688,-0.021,-0.032,248.485,152.778,82,55,33,36,-22.765,83
2010,4,27,Army,FBS Independents,3,1,93.205,-8.421,64,0.750,0.467,0.283,1.157,318.919,225.714,118,79,37,35,-86.090,110
2010,4,28,Northwestern,Big Ten,3,0,92.308,53.410,39,1.000,0.672,0.328,1.329,319.231,226.923,83,59,26,26,-15.637,78
2010,4,29,Wisconsin,Big Ten,3,0,90.159,41.695,46,1.000,0.594,0.406,1.005,244.444,154.286,88,54,36,35,-41.834,72
2010,4,30,Texas Tech,Big 12,2,1,85.931,107.325,31,0.667,0.779,-0.113,-0.306,240.476,154.545,101,68,42,44,41.269,39
2010,4,31,California,Pac-10,1,2,73.977,148.431,10,0.333,0.808,-0.475,-1.804,255.556,181.579,92,69,36,38,167.051,1
2010,4,32,Houston,Conference USA,2,1,70.854,5.161,61,0.667,0.512,0.154,0.653,265.854,195.000,109,78,41,40,-57.575,102
2010,4,33,NC State,ACC,3,0,68.237,92.603,24,1.000,0.705,0.295,1.200,234.091,165.854,103,68,44,41,22.731,43
2010,4,34,Kentucky,SEC,3,1,68.182,-76.742,89,0.750,0.331,0.419,1.685,300.000,231.818,147,102,49,44,-111.493,115
2010,4,35,Auburn,SEC,4,0,64.161,95.155,23,1.000,0.797,0.203,0.841,242.593,178.431,131,91,54,51,36.102,35
2010,4,36,Oklahoma,Big 12,4,0,63.574,88.563,25,1.000,0.718,0.282,1.150,234.483,170.909,136,94,58,55,22.721,44
2010,4,37,Air Force,Mountain West,2,1,61.975,48.140,43,0.667,0.634,0.032,0.176,239.394,177.419,79,55,33,31,-9.365,71
2010,4,38,Texas,Big 12,3,1,61.538,58.116,35,0.750,0.678,0.072,0.330,200.000,138.462,104,72,52,52,-12.128,73
2010,4,39,Miami,ACC,1,1,59.259,109.719,19,0.500,0.796,-0.296,-1.104,203.704,144.444,55,39,27,27,46.807,29
2010,4,40,Florida State,ACC,2,1,58.764,76.546,28,0.667,0.753,-0.087,-0.288,221.622,162.857,82,57,37,35,-1.281,69
2010,4,41,Ole Miss,SEC,2,1,55.132,76.974,27,0.667,0.704,-0.038,-0.097,252.632,197.500,96,79,38,40,6.980,60
2010,4,42,Kansas State,Big 12,3,0,48.720,117.824,18,1.000,0.757,0.243,0.999,197.368,148.649,75,55,38,37,67.727,17
2010,4,43,Mississippi State,SEC,2,2,45.238,15.629,54,0.500,0.546,-0.046,-0.130,200.000,154.762,94,65,47,42,19.820,49
2010,4,44,Middle Tennessee,Sun Belt,1,2,44.872,-34.473,74,0.333,0.404,-0.071,-0.225,283.333,238.462,68,62,24,26,-86.493,111
2010,4,45,Navy,FBS Independents,1,1,42.857,-291.997,118,0.500,0.000,0.500,1.244,242.857,200.000,51,40,21,20,-324.951,120
2010,4,46,Georgia,SEC,1,3,42.784,-10.514,67,0.250,0.460,-0.210,-0.769,210.870,168.085,97,79,46,47,17.221,52
2010,4,47,Penn State,Big Ten,2,1,33.333,14.674,55,0.667,0.563,0.104,0.457,136.111,102.778,49,37,36,36,6.567,62
2010,4,48,Fresno State,Western Athletic,2,1,29.038,44.396,44,0.667,0.595,0.072,0.331,267.500,238.462,107,93,40,39,14.390,56
2010,4,49,West Virginia,Big East,2,1,27.500,77.566,26,0.667,0.752,-0.085,-0.283,172.500,145.000,69,58,40,40,52.352,26
2010,4,50,Baylor,Big 12,2,1,27.027,24.977,51,0.667,0.589,0.077,0.352,200.000,172.973,74,64,37,37,-13.937,75
2010,4,51,Syracuse,Big East,1,1,17.857,-103.370,98,0.500,0.254,0.246,0.761,175.000,157.143,49,44,28,28,-121.227,114
2010,4,51,Temple,Mid-American,2,1,26.517,28.298,49,0.667,0.601,0.066,0.307,143.590,117.073,56,48,39,41,4.045,65
2010,4,52,UTEP,Conference USA,2,1,20.833,-188.255,116,0.667,0.092,0.574,2.292,341.667,320.833,82,77,24,24,-95.831,113
2010,4,53,Kansas,Big 12,2,1,20.707,-28.327,71,0.667,0.425,0.242,0.995,238.889,218.182,86,72,36,33,-44.504,94
2010,4,54,SMU,Conference USA,2,2,19.231,10.585,58,0.500,0.533,-0.033,-0.078,219.231,200.000,114,104,52,52,-14.272,76
2010,4,56,UCF,Conference USA,1,2,10.854,41.570,45,0.333,0.752,-0.418,-1.583,145.000,134.146,58,55,40,41,26.399,40
2010,4,57,Troy,Sun Belt,2,2,10.345,-62.441,83,0.500,0.313,0.187,0.781,234.483,224.138,136,130,58,58,-74.709,106
2010,4,58,Maryland,ACC,2,1,7.692,31.160,47,0.667,0.603,0.064,0.301,194.872,187.179,76,73,39,39,24.215,41
2010,4,59,Rutgers,Big East,1,1,3.571,17.260,53,0.500,0.612,-0.112,-0.388,114.286,110.714,32,31,28,28,20.736,47
2010,4,61,East Carolina,Conference USA,2,1,-10.757,-85.441,80,0.667,0.301,0.366,0.905,309.756,320.513,127,125,41,39,-63.329,84
2010,4,61,UCLA,Pac-10,2,2,-11.412,107.798,21,0.500,0.918,-0.418,-1.583,170.588,182.000,87,91,51,50,119.849,2
2010,4,61,Virginia,ACC,0,1,-23.077,37.086,45,0.000,0.779,-0.779,-2.151,107.692,130.769,14,17,13,13,60.163,30
2010,4,62,Toledo,Mid-American,3,1,-14.035,-9.908,66,0.750,0.467,0.283,1.153,157.895,171.930,90,98,57,57,1.009,68
2010,4,63,Northern Illinois,Mid-American,1,2,-22.549,10.806,57,0.333,0.526,-0.193,-0.703,194.118,216.667,66,78,34,36,33.029,37
2010,4,65,Illinois,Big Ten,1,1,-23.500,-208.133,108,0.500,0.088,0.412,1.020,164.000,187.500,41,45,25,24,-187.300,109
2010,4,66,Purdue,Big Ten,1,2,-25.526,-46.345,76,0.333,0.366,-0.033,-0.078,155.556,181.081,56,67,36,37,-23.565,84
2010,4,67,Vanderbilt,SEC,1,2,-26.667,-33.436,59,0.333,0.385,-0.052,-0.151,133.333,160.000,52,64,39,40,5.037,51
2010,4,68,North Carolina,ACC,1,2,-27.102,53.410,40,0.333,0.633,-0.300,-1.120,175.676,202.778,65,73,37,36,72.008,16
2010,4,69,Idaho,Western Athletic,1,2,-32.297,-53.739,79,0.333,0.371,-0.038,-0.098,213.158,245.455,81,81,38,33,-32.426,90
2010,4,70,Arkansas State,Sun Belt,1,3,-34.698,-96.283,99,0.250,0.276,-0.026,-0.050,207.407,242.105,112,138,54,57,-76.119,107
2010,4,71,Florida Atlantic,Sun Belt,1,2,-35.582,-103.884,102,0.333,0.242,0.091,0.407,212.903,248.485,66,82,31,33,-65.703,104
2010,4,72,Oregon State,Pac-10,1,2,-36.134,55.135,37,0.333,0.634,-0.300,-1.121,235.294,271.429,80,95,34,35,96.580,9
2010,4,73,Louisville,Big East,0,2,-41.667,249.967,14,0.000,0.996,-0.996,-2.539,200.000,241.667,44,58,22,24,292.546,8
2010,4,73,UConn,Big East,1,2,-37.384,-59.985,81,0.333,0.310,0.023,0.142,165.116,202.500,71,81,43,40,10.027,58
2010,4,74,Southern Miss,Conference USA,2,1,-37.613,-28.272,70,0.667,0.392,0.275,1.122,154.054,191.667,57,69,37,36,4.694,64
2010,4,75,Georgia Tech,ACC,1,2,-38.889,7.300,59,0.333,0.522,-0.189,-0.687,230.556,269.444,83,97,36,36,39.229,33
2010,4,76,Boston College,ACC,1,1,-39.130,-56.221,80,0.500,0.249,0.251,1.028,100.000,139.130,26,32,26,23,-2.357,70
2010,4,77,Colorado,Big 12,2,1,-52.381,-18.006,56,0.667,0.424,0.243,0.593,147.619,200.000,62,68,42,34,-24.645,62
2010,4,78,Iowa State,Big 12,1,2,-52.941,-124.042,92,0.333,0.154,0.180,0.434,158.824,211.765,54,72,34,34,-75.107,90
2010,4,78,Minnesota,Big Ten,1,2,-49.832,-30.560,72,0.333,0.393,-0.059,-0.181,194.286,244.118,68,83,35,34,16.675,54
2010,4,79,Florida International,Sun Belt,0,3,-50.980,-11.938,68,0.000,0.463,-0.463,-1.756,121.569,172.549,62,88,51,51,39.996,32
2010,4,82,UAB,Conference USA,1,3,-53.102,-119.341,105,0.250,0.199,0.051,0.251,202.000,255.102,101,125,50,49,-60.976,103
2010,4,83,Cincinnati,Big East,0,3,-53.592,19.324,52,0.000,0.612,-0.612,-2.337,144.186,197.778,62,89,43,45,75.187,14
2010,4,83,Tulsa,Conference USA,1,2,-60.597,-71.404,75,0.333,0.362,-0.028,-0.092,297.297,357.895,110,136,37,38,-55.531,81
2010,4,85,UNLV,Mountain West,1,3,-62.660,-137.915,110,0.250,0.084,0.166,0.697,153.704,216.364,83,119,54,55,-38.453,92
2010,4,85,Washington,Pac-10,1,2,-65.751,120.002,30,0.333,0.744,-0.410,-1.058,188.095,253.846,79,99,42,39,168.560,16
2010,4,87,Notre Dame,FBS Independents,1,3,-67.910,30.155,48,0.250,0.611,-0.361,-1.357,158.621,226.531,92,111,58,49,109.463,3
2010,4,89,Miami (OH),Mid-American,2,2,-78.809,-5.187,62,0.500,0.483,0.017,0.118,168.000,246.809,84,116,50,47,47.960,28
2010,4,90,Arizona State,Pac-10,0,2,-82.212,-8.555,65,0.000,0.470,-0.470,-1.785,156.250,238.462,50,62,32,26,57.240,23
2010,4,90,Hawai'i,Western Athletic,1,2,-77.273,-124.177,93,0.333,0.245,0.088,0.202,250.000,327.273,80,108,32,33,-51.702,79
2010,4,91,Rice,Conference USA,1,3,-88.384,-100.084,101,0.250,0.228,0.022,0.138,138.889,227.273,75,125,54,55,1.463,67
2010,4,92,South Florida,Big East,1,1,-90.431,-97.044,100,0.500,0.239,0.261,1.071,172.727,263.158,38,50,22,19,-36.496,91
2010,4,93,Marshall,Conference USA,1,3,-93.427,-65.567,86,0.250,0.304,-0.054,-0.162,153.846,247.273,80,136,52,55,6.770,61
2010,4,94,North Texas,Sun Belt,1,3,-96.950,-130.654,107,0.250,0.100,0.150,0.636,114.815,211.765,62,108,54,51,-28.192,86
2010,4,95,BYU,Mountain West,1,3,-104.982,-24.896,69,0.250,0.404,-0.154,-0.552,130.435,235.417,60,113,46,48,80.297,13
2010,4,95,Western Michigan,Mid-American,0,2,-115.508,-124.900,94,0.000,0.228,-0.228,-0.596,111.765,227.273,38,75,34,33,-7.220,55
2010,4,96,Bowling Green,Mid-American,1,3,-107.047,-111.090,103,0.250,0.231,0.019,0.126,211.321,318.367,112,156,53,49,-14.836,77
2010,4,97,Kent State,Mid-American,0,2,-126.571,-271.847,116,0.000,0.003,-0.003,-0.028,52.000,178.571,13,50,25,28,-147.039,104
2010,4,97,Louisiana Tech,Western Athletic,0,3,-111.905,-83.032,93,0.000,0.256,-0.256,-0.949,121.429,233.333,51,98,42,42,16.771,53
2010,4,98,Ohio,Mid-American,0,3,-112.622,-66.705,87,0.000,0.266,-0.266,-0.986,104.878,217.500,43,87,41,40,17.278,51
2010,4,100,Pittsburgh,Big East,0,2,-124.000,-33.696,73,0.000,0.362,-0.362,-1.362,108.000,232.000,27,58,25,25,88.207,10
2010,4,102,Tulane,Conference USA,0,2,-132.000,-92.266,97,0.000,0.195,-0.195,-0.711,144.000,276.000,36,69,25,25,41.067,30
2010,4,103,Buffalo,Mid-American,0,3,-135.058,-131.230,108,0.000,0.151,-0.151,-0.540,84.091,219.149,37,103,44,47,2.187,66
2010,4,104,Memphis,Conference USA,1,3,-137.461,-196.822,118,0.250,0.006,0.244,1.003,182.051,319.512,71,131,39,41,-78.280,108
2010,4,105,Utah State,Western Athletic,0,3,-138.110,-53.127,77,0.000,0.314,-0.314,-1.176,137.500,275.610,55,113,40,41,80.819,12
2010,4,106,Louisiana,Sun Belt,1,2,-140.473,-142.427,111,0.333,0.066,0.268,1.095,110.638,251.111,52,113,47,45,-47.090,97
2010,4,107,Tennessee,SEC,1,2,-144.273,-88.162,94,0.333,0.259,0.074,0.341,147.619,291.892,62,108,42,37,51.838,27
2010,4,108,Duke,ACC,0,3,-144.858,-81.686,92,0.000,0.303,-0.303,-1.133,190.698,335.556,82,151,43,45,20.351,48
2010,4,109,Colorado State,Mountain West,1,3,-163.492,-79.336,91,0.250,0.258,-0.008,0.018,122.222,285.714,55,140,45,49,57.238,24
2010,4,109,UL Monroe,Sun Belt,0,2,-186.797,-162.901,103,0.000,0.075,-0.075,-0.210,122.727,309.524,27,65,22,21,18.842,46
2010,4,111,Wake Forest,ACC,1,2,-186.842,-67.510,88,0.333,0.321,0.013,0.099,200.000,386.842,78,147,39,38,97.719,7
2010,4,112,Akron,Mid-American,0,3,-216.667,-319.599,120,0.000,0.000,-0.000,0.050,91.667,308.333,33,111,36,36,-130.344,118
2010,4,113,Eastern Michigan,Mid-American,0,4,-217.651,-65.226,85,0.000,0.336,-0.336,-1.260,210.256,427.907,82,184,39,43,59.856,21
2010,4,114,Western Kentucky,Sun Belt,0,4,-230.338,-226.866,119,0.000,0.046,-0.046,-0.129,165.116,395.455,71,174,43,44,-46.913,95
2010,4,115,Ball State,Mid-American,0,2,-230.978,-90.942,95,0.000,0.093,-0.093,-0.311,56.522,287.500,13,69,23,24,66.634,18
2010,4,116,Wyoming,Mountain West,0,3,-246.307,-91.761,96,0.000,0.199,-0.199,-0.725,81.818,328.125,27,105,33,32,86.625,11
2010,4,117,Washington State,Pac-10,0,3,-248.462,-162.783,114,0.000,0.099,-0.099,-0.336,117.391,365.854,54,150,46,41,37.384,34
2010,4,118,New Mexico State,Western Athletic,0,3,-258.429,-112.539,104,0.000,0.217,-0.217,-0.797,188.000,446.429,47,125,25,28,40.586,31
2010,4,119,New Mexico,Mountain West,0,4,-296.774,-160.270,113,0.000,0.061,-0.061,-0.189,66.129,362.903,41,225,62,62,21.323,46
2010,4,120,San José State,Western Athletic,0,3,-306.746,-123.609,106,0.000,0.073,-0.073,-0.233,57.143,363.889,20,131,35,36,65.727,19
2010,5,2,Oregon,Pac-10,4,0,278.797,234.986,1,1.000,0.952,0.048,0.201,389.091,110.294,214,75,55,68,31.672,35
2010,5,3,Nevada,Western Athletic,4,0,266.111,220.989,4,1.000,0.867,0.133,0.607,435.000,168.889,174,76,40,45,-14.007,67
2010,5,5,Alabama,SEC,5,0,258.553,226.887,2,1.000,0.962,0.038,0.157,337.500,78.947,189,45,56,57,35.245,33
2010,5,5,Nebraska,Big 12,3,0,288.131,321.319,9,1.000,1.000,0.000,-0.021,397.222,109.091,143,48,36,44,82.140,31
2010,5,5,Utah,Mountain West,4,0,261.224,66.696,34,1.000,0.666,0.334,1.352,361.224,100.000,177,51,49,51,-113.872,116
2010,5,6,Boise State,Western Athletic,4,0,240.000,141.846,12,1.000,0.881,0.119,0.539,360.000,120.000,180,60,50,50,2.691,52
2010,5,7,Ohio State,Big Ten,5,0,203.692,115.626,19,1.000,0.823,0.177,0.814,311.268,107.576,221,71,71,66,-23.777,79
2010,5,8,TCU,Mountain West,4,0,189.672,191.027,7,1.000,0.924,0.076,0.338,304.255,114.583,143,55,47,48,15.323,45
2010,5,9,Stanford,Pac-10,3,1,188.066,211.581,6,0.750,0.897,-0.147,-0.724,371.739,183.673,171,90,46,49,53.804,19
2010,5,10,Iowa,Big Ten,3,1,175.725,223.411,3,0.750,0.959,-0.209,-1.017,262.000,86.275,131,44,50,51,78.095,11
2010,5,11,Michigan,Big Ten,4,0,170.673,119.059,17,1.000,0.786,0.214,0.993,343.750,173.077,165,90,48,52,-36.123,89
2010,5,12,Oklahoma State,Big 12,4,0,150.208,44.902,38,1.000,0.630,0.370,1.733,331.746,181.538,209,118,63,65,-61.568,108
2010,5,14,Auburn,SEC,5,0,134.325,91.147,23,1.000,0.771,0.229,1.063,285.938,151.613,183,94,64,62,-12.641,66
2010,5,14,Missouri,Big 12,3,0,138.864,182.526,6,1.000,0.917,0.083,0.375,252.500,113.636,101,50,40,44,60.048,20
2010,5,15,Florida,SEC,4,1,133.690,152.544,10,0.800,0.865,-0.065,-0.337,280.357,146.667,157,88,56,60,33.997,34
2010,5,16,Arizona,Pac-10,3,0,129.730,213.275,3,1.000,1.000,0.000,0.051,229.730,100.000,85,38,37,38,106.045,5
2010,5,17,Baylor,Big 12,3,1,116.000,57.988,32,0.750,0.707,0.043,0.181,258.000,142.000,129,71,50,50,-25.044,80
2010,5,18,Michigan State,Big Ten,4,0,112.741,54.970,33,1.000,0.649,0.351,1.645,272.000,159.259,136,86,50,54,-54.447,102
2010,5,19,USC,Pac-10,4,1,105.056,39.350,40,0.800,0.606,0.194,0.896,303.390,198.333,179,119,59,60,-55.335,103
2010,5,20,Virginia Tech,ACC,3,1,104.923,127.018,15,0.750,0.820,-0.070,-0.358,278.000,173.077,139,90,50,52,11.831,47
2010,5,21,LSU,SEC,5,0,103.333,104.855,21,1.000,0.839,0.161,0.741,203.333,100.000,122,62,60,62,-8.869,61
2010,5,24,South Carolina,SEC,2,1,101.989,125.439,15,0.667,0.790,-0.123,-0.431,265.625,163.636,85,54,32,33,18.790,50
2010,5,25,Florida State,ACC,3,1,90.603,84.029,26,0.750,0.739,0.011,0.024,241.667,151.064,116,71,48,47,-22.447,78
2010,5,25,San Diego State,Mountain West,2,1,100.532,109.499,20,0.667,0.836,-0.169,-0.611,225.532,125.000,106,55,47,44,5.620,63
2010,5,26,Arkansas,SEC,2,1,95.707,70.242,32,0.667,0.688,-0.021,-0.032,248.485,152.778,82,55,33,36,-22.765,83
2010,5,27,Texas A&M,Big 12,2,1,73.469,-15.979,62,0.667,0.446,0.221,1.023,224.490,151.020,110,74,49,49,-77.788,115
2010,5,29,Air Force,Mountain West,3,1,64.806,39.168,41,0.750,0.627,0.123,0.561,206.667,141.860,93,61,45,43,-20.627,77
2010,5,30,UTEP,Conference USA,3,1,60.526,-142.108,114,0.750,0.176,0.574,2.705,315.789,255.263,120,97,38,38,-123.349,119
2010,5,31,California,Pac-10,1,2,73.977,148.431,10,0.333,0.808,-0.475,-1.804,255.556,181.579,92,69,36,38,167.051,1
2010,5,31,Northern Illinois,Mid-American,2,2,60.507,2.328,54,0.500,0.507,-0.007,-0.057,252.174,191.667,116,92,46,48,-39.339,92
2010,5,32,Houston,Conference USA,2,1,70.854,5.161,61,0.667,0.512,0.154,0.653,265.854,195.000,109,78,41,40,-57.575,102
2010,5,32,Northwestern,Big Ten,4,0,59.602,-18.239,64,1.000,0.440,0.560,2.638,294.737,235.135,112,87,38,37,-59.978,105
2010,5,33,Oklahoma,Big 12,5,0,57.010,90.449,24,1.000,0.731,0.269,1.252,224.658,167.647,164,114,73,68,31.211,36
2010,5,34,Miami,ACC,2,1,55.556,146.546,11,0.667,0.925,-0.259,-1.255,188.889,133.333,85,60,45,45,87.938,10
2010,5,35,Ole Miss,SEC,3,1,53.105,34.125,46,0.750,0.600,0.150,0.690,260.377,207.273,138,114,53,55,-30.037,84
2010,5,36,Indiana,Big Ten,2,1,50.606,-21.023,66,0.667,0.454,0.213,0.985,327.273,276.667,108,83,33,30,-87.029,117
2010,5,37,Army,FBS Independents,3,2,49.861,-26.395,69,0.600,0.427,0.173,0.796,318.750,268.889,153,121,48,45,-59.192,104
2010,5,39,Texas Tech,Big 12,2,2,48.214,36.287,44,0.500,0.593,-0.093,-0.470,248.214,200.000,139,120,56,60,0.137,54
2010,5,42,Clemson,ACC,1,2,44.824,88.132,25,0.333,0.749,-0.416,-2.002,190.476,145.652,80,67,42,46,26.550,37
2010,5,42,Kansas State,Big 12,3,0,48.720,117.824,18,1.000,0.757,0.243,0.999,197.368,148.649,75,55,38,37,67.727,17
2010,5,43,Mississippi State,SEC,2,2,45.238,15.629,54,0.500,0.546,-0.046,-0.130,200.000,154.762,94,65,47,42,19.820,49
2010,5,43,Wisconsin,Big Ten,3,1,42.029,34.368,45,0.750,0.589,0.161,0.738,233.333,191.304,112,88,48,46,-1.006,57
2010,5,44,Middle Tennessee,Sun Belt,1,2,44.872,-34.473,74,0.333,0.404,-0.071,-0.225,283.333,238.462,68,62,24,26,-86.493,111
2010,5,44,Texas,Big 12,3,2,41.515,47.636,35,0.600,0.680,-0.080,-0.404,190.769,149.254,124,100,65,67,-1.995,59
2010,5,45,Temple,Mid-American,3,1,40.385,40.311,39,0.750,0.612,0.138,0.630,200.000,159.615,98,83,49,52,-3.333,60
2010,5,46,Kentucky,SEC,3,2,40.307,-26.123,68,0.600,0.436,0.164,0.755,284.375,244.068,182,144,64,59,-44.591,94
2010,5,47,South Florida,Big East,2,1,39.822,15.952,47,0.667,0.554,0.113,0.512,222.581,182.759,69,53,31,29,-48.498,96
2010,5,48,Fresno State,Western Athletic,2,1,29.038,44.396,44,0.667,0.595,0.072,0.331,267.500,238.462,107,93,40,39,14.390,56
2010,5,48,SMU,Conference USA,3,2,36.058,15.734,49,0.600,0.549,0.051,0.218,243.750,207.692,156,135,64,65,-26.459,82
2010,5,49,Georgia,SEC,1,4,34.493,-2.847,57,0.200,0.490,-0.290,-1.407,217.544,183.051,124,108,57,59,18.583,41
2010,5,49,West Virginia,Big East,2,1,27.500,77.566,26,0.667,0.752,-0.085,-0.283,172.500,145.000,69,58,40,40,52.352,26
2010,5,50,North Carolina,ACC,2,2,34.000,10.096,50,0.500,0.529,-0.029,-0.165,214.000,180.000,107,90,50,50,-26.368,81
2010,5,51,Central Michigan,Mid-American,1,3,32.985,-12.573,58,0.250,0.446,-0.196,-0.956,247.619,214.634,104,88,42,41,-32.068,85
2010,5,51,Syracuse,Big East,1,1,17.857,-103.370,98,0.500,0.254,0.246,0.761,175.000,157.143,49,44,28,28,-121.227,114
2010,5,52,Tulsa,Conference USA,2,2,32.609,-40.874,79,0.500,0.411,0.089,0.398,343.478,310.870,158,143,46,46,-104.316,118
2010,5,53,NC State,ACC,3,1,30.781,70.210,27,0.750,0.673,0.077,0.342,225.424,194.643,133,109,59,56,36.140,32
2010,5,56,Southern Miss,Conference USA,3,1,22.531,-29.401,71,0.750,0.399,0.351,1.643,196.000,173.469,98,85,50,49,-52.754,100
2010,5,56,UCF,Conference USA,1,2,10.854,41.570,45,0.333,0.752,-0.418,-1.583,145.000,134.146,58,55,40,41,26.399,40
2010,5,57,Maryland,ACC,3,1,19.042,-42.636,80,0.750,0.359,0.391,1.833,190.196,171.154,97,89,51,52,-60.825,107
2010,5,57,Troy,Sun Belt,2,2,10.345,-62.441,83,0.500,0.313,0.187,0.781,234.483,224.138,136,130,58,58,-74.709,106
2010,5,59,Idaho,Western Athletic,2,2,15.278,-2.205,56,0.500,0.495,0.005,0.000,211.111,195.833,114,94,54,48,-16.116,70
2010,5,62,UCLA,Pac-10,3,2,9.627,54.019,34,0.600,0.689,-0.089,-0.449,201.562,191.935,129,119,64,62,45.712,26
2010,5,63,UConn,Big East,2,2,6.053,-19.721,65,0.500,0.435,0.065,0.284,185.000,178.947,111,102,60,57,4.848,51
2010,5,64,Navy,FBS Independents,1,2,3.977,-52.267,84,0.333,0.328,0.005,-0.002,172.727,168.750,57,54,33,32,-52.014,98
2010,5,65,Rutgers,Big East,1,2,-2.091,-78.408,94,0.333,0.134,0.199,0.921,112.195,114.286,46,48,41,42,-71.512,113
2010,5,66,Louisville,Big East,1,2,-10.811,-29.476,72,0.333,0.389,-0.055,-0.290,210.811,221.622,78,82,37,37,-15.106,69
2010,5,66,Purdue,Big Ten,1,2,-25.526,-46.345,76,0.333,0.366,-0.033,-0.078,155.556,181.081,56,67,36,37,-23.565,84
2010,5,67,Georgia Tech,ACC,2,2,-11.083,-29.065,70,0.500,0.413,0.087,0.386,222.917,234.000,107,117,48,50,-19.404,75
2010,5,68,Pittsburgh,Big East,1,2,-11.429,60.056,31,0.333,0.665,-0.331,-1.601,202.857,214.286,71,75,35,35,51.325,21
2010,5,69,Hawai'i,Western Athletic,2,2,-11.667,-46.571,83,0.500,0.396,0.104,0.471,275.000,286.667,121,129,44,45,-33.881,86
2010,5,70,Iowa State,Big 12,2,2,-17.167,67.950,28,0.500,0.705,-0.205,-1.000,212.000,229.167,106,110,50,48,91.258,8
2010,5,71,Toledo,Mid-American,3,2,-18.056,-31.635,75,0.600,0.392,0.208,0.965,145.833,163.889,105,118,72,72,-16.235,71
2010,5,72,Oregon State,Pac-10,2,2,-20.080,65.555,29,0.500,0.649,-0.149,-0.733,236.170,256.250,111,123,47,48,90.869,9
2010,5,73,Notre Dame,FBS Independents,2,3,-23.879,15.896,48,0.400,0.555,-0.155,-0.761,164.000,187.879,123,124,75,66,58.166,18
2010,5,75,Penn State,Big Ten,2,2,-28.609,45.355,37,0.500,0.715,-0.215,-1.048,104.000,132.609,52,61,50,46,93.917,7
2010,5,76,Minnesota,Big Ten,1,3,-34.783,-33.863,78,0.250,0.406,-0.156,-0.769,208.696,243.478,96,112,46,46,-1.657,58
2010,5,77,Arkansas State,Sun Belt,1,4,-35.904,-84.751,95,0.200,0.289,-0.089,-0.448,202.985,238.889,136,172,67,72,-60.210,106
2010,5,78,Colorado,Big 12,3,1,-42.593,4.092,53,0.750,0.514,0.236,1.096,168.519,211.111,91,95,54,45,0.060,55
2010,5,79,Illinois,Big Ten,1,2,-49.561,47.449,36,0.333,0.670,-0.336,-1.625,142.105,191.667,54,69,38,36,94.671,6
2010,5,80,Washington,Pac-10,2,2,-51.845,-16.119,63,0.500,0.462,0.038,0.155,213.462,265.306,111,130,52,49,17.800,42
2010,5,81,Vanderbilt,SEC,1,3,-52.099,-31.541,74,0.250,0.384,-0.134,-0.664,130.357,182.456,73,104,56,57,25.255,38
2010,5,82,Miami (OH),Mid-American,3,2,-52.143,-32.529,76,0.600,0.399,0.201,0.929,176.190,228.333,111,137,63,60,0.758,53
2010,5,82,UAB,Conference USA,1,3,-53.102,-119.341,105,0.250,0.199,0.051,0.251,202.000,255.102,101,125,50,49,-60.976,103
2010,5,83,Cincinnati,Big East,0,3,-53.592,19.324,52,0.000,0.612,-0.612,-2.337,144.186,197.778,62,89,43,45,75.187,14
2010,5,85,East Carolina,Conference USA,2,2,-59.336,-102.852,98,0.500,0.284,0.216,1.000,261.818,321.154,144,167,55,52,-35.857,87
2010,5,86,Ohio,Mid-American,1,3,-62.264,-74.501,91,0.250,0.239,0.011,0.027,137.736,200.000,73,104,53,52,-38.597,90
2010,5,87,Arizona State,Pac-10,0,3,-65.128,60.080,30,0.000,0.711,-0.711,-3.407,173.333,238.462,78,93,45,39,111.636,3
2010,5,88,Boston College,ACC,1,2,-66.802,-61.879,88,0.333,0.220,0.113,0.511,90.698,157.500,39,63,43,40,9.325,48
2010,5,89,UNLV,Mountain West,1,4,-79.277,-61.197,87,0.200,0.293,-0.093,-0.467,167.692,246.970,109,163,65,66,51.100,22
2010,5,90,Bowling Green,Mid-American,1,4,-80.261,-119.647,107,0.200,0.190,0.010,0.020,194.366,274.627,138,184,71,67,-40.421,93
2010,5,91,Utah State,Western Athletic,1,3,-81.132,-24.618,67,0.250,0.419,-0.169,-0.830,162.264,243.396,86,129,53,53,49.560,23
2010,5,92,Tulane,Conference USA,1,2,-82.524,-98.941,97,0.333,0.216,0.118,0.534,135.897,218.421,53,83,39,38,-14.630,68
2010,5,93,North Texas,Sun Belt,1,4,-84.991,-158.042,117,0.200,0.063,0.137,0.627,130.882,215.873,89,136,68,63,-67.977,111
2010,5,94,Kansas,Big 12,2,2,-86.291,-68.234,89,0.500,0.321,0.179,0.825,189.796,276.087,93,127,49,46,-26.521,83
2010,5,95,Florida International,Sun Belt,0,4,-86.885,-125.692,109,0.000,0.182,-0.182,-0.891,129.508,216.393,79,132,61,61,-19.242,74
2010,5,96,Rice,Conference USA,1,4,-91.045,-114.529,104,0.200,0.224,-0.024,-0.140,158.209,249.254,106,167,67,67,-10.984,63
2010,5,97,Buffalo,Mid-American,1,3,-93.623,-108.439,100,0.250,0.172,0.078,0.345,104.839,198.462,65,129,62,65,-11.154,64
2010,5,98,Kent State,Mid-American,0,3,-98.331,-114.941,105,0.000,0.176,-0.176,-0.863,89.474,187.805,34,77,38,41,-16.351,72
2010,5,99,Virginia,ACC,0,2,-100.500,-46.061,82,0.000,0.318,-0.318,-1.537,112.000,212.500,28,51,25,24,61.689,15
2010,5,100,Florida Atlantic,Sun Belt,1,3,-100.755,-156.782,116,0.250,0.137,0.113,0.512,168.293,269.048,69,113,41,42,-49.534,97
2010,5,101,Louisiana,Sun Belt,2,2,-101.695,-130.311,110,0.500,0.134,0.366,1.713,135.593,237.288,80,140,59,59,-68.927,112
2010,5,102,Ball State,Mid-American,1,2,-104.723,-14.628,60,0.333,0.446,-0.113,-0.562,115.789,220.513,44,86,38,39,59.312,17
2010,5,103,BYU,Mountain West,1,4,-105.031,-44.490,81,0.200,0.327,-0.127,-0.628,131.034,236.066,76,144,58,61,60.690,16
2010,5,104,Marshall,Conference USA,1,4,-112.602,-116.491,106,0.200,0.198,0.002,-0.015,147.692,260.294,96,177,65,68,-20.160,76
2010,5,105,Tennessee,SEC,1,3,-114.937,-14.204,59,0.250,0.454,-0.204,-0.997,143.396,258.333,76,124,53,48,95.342,5
2010,5,106,Western Michigan,Mid-American,0,3,-116.327,-111.271,103,0.000,0.118,-0.118,-0.587,104.082,220.408,51,108,49,49,7.044,49
2010,5,107,Louisiana Tech,Western Athletic,0,4,-124.074,-152.574,115,0.000,0.113,-0.113,-0.565,133.333,257.407,72,139,54,54,-36.054,88
2010,5,108,Duke,ACC,0,4,-126.754,-72.466,90,0.000,0.295,-0.295,-1.429,175.000,301.754,98,172,56,57,17.042,43
2010,5,109,Wake Forest,ACC,1,3,-157.094,-89.687,96,0.250,0.259,-0.009,-0.068,184.906,342.000,98,171,53,50,48.520,25
2010,5,110,Wyoming,Mountain West,1,3,-157.402,-76.203,92,0.250,0.265,-0.015,-0.098,97.917,255.319,47,120,48,47,49.254,24
2010,5,111,Colorado State,Mountain West,1,4,-177.279,-77.984,93,0.200,0.209,-0.009,-0.068,96.491,273.770,55,167,57,61,76.275,12
2010,5,112,Memphis,Conference USA,1,4,-192.043,-239.668,120,0.200,0.003,0.197,0.910,165.957,358.000,78,179,47,50,-75.414,114
2010,5,113,Eastern Michigan,Mid-American,0,5,-194.973,-121.889,108,0.000,0.207,-0.207,-1.012,194.118,389.091,99,214,51,55,-0.994,56
2010,5,114,Washington State,Pac-10,0,4,-214.176,-134.060,112,0.000,0.186,-0.186,-0.911,141.379,355.556,82,192,58,54,38.501,30
2010,5,114,Western Kentucky,Sun Belt,0,4,-230.338,-226.866,119,0.000,0.046,-0.046,-0.129,165.116,395.455,71,174,43,44,-46.913,95
2010,5,116,Akron,Mid-American,0,4,-237.500,-238.891,119,0.000,0.022,-0.022,-0.130,97.917,335.417,47,161,48,48,-38.616,91
2010,5,117,New Mexico,Mountain West,0,5,-265.789,-130.771,111,0.000,0.092,-0.092,-0.462,80.263,346.053,61,263,76,76,40.218,28
2010,5,118,UL Monroe,Sun Belt,0,3,-286.510,-177.048,118,0.000,0.077,-0.077,-0.391,90.909,377.419,30,117,33,31,38.356,31
2010,5,120,New Mexico State,Western Athletic,0,4,-317.582,-105.604,99,0.000,0.188,-0.188,-0.922,120.513,438.095,47,184,39,42,63.146,14
2010,5,120,San José State,Western Athletic,0,3,-306.746,-123.609,106,0.000,0.073,-0.073,-0.233,57.143,363.889,20,131,35,36,65.727,19
2010,6,1,Nebraska,Big 12,4,0,295.474,231.483,1,1.000,0.961,0.039,0.167,406.383,110.909,191,61,47,55,-11.538,66
2010,6,2,Boise State,Western Athletic,5,0,277.540,173.594,8,1.000,0.900,0.100,0.503,395.000,117.460,237,74,60,63,-0.191,55
2010,6,3,Oregon,Pac-10,5,0,268.406,198.259,3,1.000,0.909,0.091,0.450,389.394,120.988,257,98,66,81,-7.189,63
2010,6,4,Utah,Mountain West,5,0,254.794,140.034,13,1.000,0.823,0.177,0.923,371.212,116.418,245,78,66,67,-35.376,93
2010,6,5,Nevada,Western Athletic,5,0,245.783,209.841,2,1.000,0.865,0.135,0.694,401.923,156.140,209,89,52,57,-14.823,73
2010,6,6,TCU,Mountain West,5,0,234.997,194.103,4,1.000,0.943,0.057,0.264,329.825,94.828,188,55,57,58,-2.460,58
2010,6,7,Ohio State,Big Ten,6,0,205.802,113.557,17,1.000,0.852,0.148,0.763,308.333,102.532,259,81,84,79,-38.510,96
2010,6,8,Alabama,SEC,5,1,198.779,177.670,7,0.833,0.904,-0.071,-0.441,318.182,119.403,210,80,66,67,41.302,25
2010,6,10,Iowa,Big Ten,3,1,175.725,223.411,3,0.750,0.959,-0.209,-1.017,262.000,86.275,131,44,50,51,78.095,11
2010,6,10,Stanford,Pac-10,4,1,159.564,179.254,6,0.800,0.846,-0.046,-0.300,371.429,211.864,208,125,56,59,49.032,20
2010,6,11,Missouri,Big 12,4,0,154.945,170.111,9,1.000,0.952,0.048,0.215,244.231,89.286,127,50,52,56,24.086,32
2010,6,12,Oklahoma State,Big 12,5,0,154.679,71.078,30,1.000,0.679,0.321,1.720,337.179,182.500,263,146,78,80,-48.765,104
2010,6,13,Auburn,SEC,6,0,119.520,92.621,25,1.000,0.749,0.251,1.333,297.297,177.778,220,128,74,72,1.131,54
2010,6,14,Florida State,ACC,4,1,117.268,141.587,12,0.800,0.848,-0.048,-0.313,263.934,146.667,161,88,61,60,13.329,41
2010,6,15,Michigan State,Big Ten,5,0,115.732,99.148,23,1.000,0.765,0.235,1.246,274.194,158.462,170,103,62,65,-14.144,71
2010,6,16,Virginia Tech,ACC,4,1,115.553,137.275,15,0.800,0.838,-0.038,-0.261,278.788,163.235,184,111,66,68,15.126,38
2010,6,17,Michigan,Big Ten,4,1,114.725,75.784,28,0.800,0.702,0.098,0.492,308.475,193.750,182,124,59,64,-22.604,81
2010,6,18,South Carolina,SEC,3,1,111.296,192.275,5,0.750,0.904,-0.154,-0.897,285.714,174.419,120,75,42,43,77.288,11
2010,6,19,California,Pac-10,2,2,107.846,137.680,14,0.500,0.840,-0.340,-1.924,254.000,146.154,127,76,50,52,101.645,3
2010,6,20,Louisville,Big East,2,2,107.216,-4.585,59,0.500,0.482,0.018,0.052,268.000,160.784,134,82,50,51,-47.654,103
2010,6,21,Florida,SEC,4,2,103.107,108.863,18,0.667,0.777,-0.110,-0.657,273.529,170.423,186,121,68,71,19.797,34
2010,6,22,West Virginia,Big East,3,1,98.621,64.936,34,0.750,0.715,0.035,0.144,226.923,128.302,118,68,52,53,-13.910,70
2010,6,23,Arizona,Pac-10,3,1,96.599,161.482,10,0.750,0.943,-0.193,-1.115,233.333,136.735,112,67,48,49,85.605,7
2010,6,24,LSU,SEC,6,0,95.337,132.013,16,1.000,0.861,0.139,0.713,218.310,122.973,155,91,71,74,27.520,29
2010,6,25,UCF,Conference USA,2,2,89.267,70.274,31,0.500,0.771,-0.271,-1.540,204.082,114.815,100,62,49,54,-24.864,83
2010,6,26,USC,Pac-10,4,2,87.288,80.912,27,0.667,0.699,-0.032,-0.226,310.145,222.857,214,156,69,70,5.341,49
2010,6,27,Air Force,Mountain West,4,1,84.828,59.098,36,0.800,0.660,0.140,0.719,244.828,160.000,142,88,58,55,-19.122,77
2010,6,28,UTEP,Conference USA,4,1,78.130,-112.784,105,0.800,0.221,0.579,3.136,315.385,237.255,164,121,52,51,-131.132,120
2010,6,29,San Diego State,Mountain West,2,2,77.894,66.517,33,0.500,0.686,-0.186,-1.073,218.966,141.071,127,79,58,56,-9.119,64
2010,6,30,Arkansas,SEC,3,1,77.865,100.202,22,0.750,0.786,-0.036,-0.245,216.327,138.462,106,72,49,52,19.509,35
2010,6,31,Northern Illinois,Mid-American,3,2,77.754,30.829,47,0.600,0.590,0.010,0.006,262.500,184.746,147,109,56,59,-33.595,92
2010,6,32,Baylor,Big 12,3,2,76.811,34.014,45,0.600,0.607,-0.007,-0.088,260.938,184.127,167,116,64,63,-17.467,76
2010,6,33,Mississippi State,SEC,3,2,70.185,33.088,46,0.600,0.607,-0.007,-0.086,235.000,164.815,141,89,60,54,4.134,50
2010,6,33,Oklahoma,Big 12,5,0,57.010,90.449,24,1.000,0.731,0.269,1.252,224.658,167.647,164,114,73,68,31.211,36
2010,6,34,Army,FBS Independents,4,2,66.190,-22.561,66,0.667,0.443,0.224,1.181,323.333,257.143,194,144,60,56,-75.314,114
2010,6,35,Ole Miss,SEC,3,1,53.105,34.125,46,0.750,0.600,0.150,0.690,260.377,207.273,138,114,53,55,-30.037,84
2010,6,35,Wisconsin,Big Ten,4,1,65.579,67.724,32,0.800,0.660,0.140,0.723,263.793,198.214,153,111,58,56,3.426,51
2010,6,36,Georgia,SEC,2,4,62.319,40.732,41,0.333,0.624,-0.290,-1.648,239.130,176.812,165,122,69,69,24.979,31
2010,6,37,NC State,ACC,4,1,61.724,101.832,20,0.800,0.747,0.053,0.245,239.189,177.465,177,126,74,71,38.576,27
2010,6,39,Texas Tech,Big 12,3,2,53.153,41.220,40,0.600,0.598,0.002,-0.040,266.667,213.514,184,158,69,74,-2.644,59
2010,6,41,Northwestern,Big Ten,4,1,49.265,-44.614,75,0.800,0.359,0.441,2.377,263.265,214.000,129,107,49,50,-76.093,115
2010,6,42,Troy,Sun Belt,3,2,44.650,-28.481,70,0.600,0.411,0.189,0.992,240.541,195.890,178,143,74,73,-72.213,113
2010,6,43,Texas A&M,Big 12,2,2,44.615,34.450,44,0.500,0.626,-0.126,-0.745,195.385,150.769,127,98,65,65,-0.969,56
2010,6,44,Texas,Big 12,3,2,41.515,47.636,35,0.600,0.680,-0.080,-0.404,190.769,149.254,124,100,65,67,-1.995,59
2010,6,45,Cincinnati,Big East,1,3,39.527,49.080,38,0.250,0.708,-0.458,-2.571,198.148,158.621,107,92,54,58,26.293,30
2010,6,46,North Carolina,ACC,3,2,36.066,53.831,37,0.600,0.666,-0.066,-0.411,209.836,173.770,128,106,61,61,15.569,37
2010,6,47,SMU,Conference USA,4,2,34.684,8.844,57,0.667,0.530,0.137,0.705,236.000,201.316,177,153,75,76,-30.863,86
2010,6,48,Kentucky,SEC,3,3,29.573,-15.687,63,0.500,0.464,0.036,0.150,291.892,262.319,216,181,74,69,-26.076,84
2010,6,49,Hawai'i,Western Athletic,3,2,28.136,17.539,53,0.600,0.543,0.057,0.266,288.136,260.000,170,156,59,60,-1.643,57
2010,6,50,Clemson,ACC,1,3,26.746,45.466,39,0.250,0.650,-0.400,-2.255,181.132,154.386,96,88,53,57,10.643,44
2010,6,51,Syracuse,Big East,2,1,26.474,-50.635,77,0.667,0.287,0.380,2.042,158.974,132.500,62,53,39,40,-76.934,116
2010,6,52,Tulsa,Conference USA,2,3,21.053,-14.849,62,0.400,0.464,-0.064,-0.400,308.772,287.719,176,164,57,57,-60.148,110
2010,6,53,Vanderbilt,SEC,2,3,20.833,-33.538,71,0.400,0.358,0.042,0.182,173.611,152.778,125,110,72,72,-22.601,80
2010,6,55,Illinois,Big Ten,2,2,17.759,98.796,24,0.500,0.762,-0.262,-1.494,185.106,167.347,87,82,47,49,67.546,15
2010,6,56,South Florida,Big East,2,2,16.395,-28.075,69,0.500,0.406,0.094,0.468,181.395,165.000,78,66,43,40,-65.617,111
2010,6,57,Maryland,ACC,3,1,19.042,-42.636,80,0.750,0.359,0.391,1.833,190.196,171.154,97,89,51,52,-60.825,107
2010,6,58,Southern Miss,Conference USA,3,2,15.175,-1.872,58,0.600,0.494,0.106,0.536,213.636,198.462,141,129,66,65,-19.305,78
2010,6,59,Houston,Conference USA,2,2,15.094,-38.655,72,0.500,0.406,0.094,0.470,250.943,235.849,133,125,53,53,-45.322,99
2010,6,59,Idaho,Western Athletic,2,2,15.278,-2.205,56,0.500,0.495,0.005,0.000,211.111,195.833,114,94,54,48,-16.116,70
2010,6,60,Georgia Tech,ACC,3,2,10.753,13.803,55,0.600,0.538,0.062,0.293,233.333,222.581,140,138,60,62,1.532,53
2010,6,61,Temple,Mid-American,3,2,7.796,-27.397,68,0.600,0.417,0.183,0.956,191.667,183.871,115,114,60,62,-31.222,87
2010,6,62,Rutgers,Big East,2,2,6.219,-54.758,80,0.500,0.253,0.247,1.312,130.357,124.138,73,72,56,58,-57.086,109
2010,6,63,Navy,FBS Independents,2,2,4.798,-20.350,65,0.500,0.431,0.069,0.328,188.889,184.091,85,81,45,44,-22.244,79
2010,6,64,UConn,Big East,2,3,-1.535,-56.501,82,0.400,0.341,0.059,0.277,177.632,179.167,135,129,76,72,-30.847,85
2010,6,65,Miami,ACC,2,2,-5.172,71.908,29,0.500,0.720,-0.220,-1.259,175.862,181.034,102,105,58,58,81.798,8
2010,6,66,Oregon State,Pac-10,3,2,-12.858,104.653,19,0.600,0.720,-0.120,-0.708,241.379,254.237,140,150,58,59,121.269,2
2010,6,67,Notre Dame,FBS Independents,3,3,-15.301,10.260,56,0.500,0.535,-0.035,-0.243,167.816,183.117,146,141,87,77,39.298,26
2010,6,68,Pittsburgh,Big East,1,3,-17.206,26.583,48,0.250,0.581,-0.331,-1.870,191.304,208.511,88,98,46,47,29.315,28
2010,6,69,Central Michigan,Mid-American,1,4,-17.816,-63.564,87,0.200,0.265,-0.065,-0.407,215.517,233.333,125,133,58,57,-40.685,97
2010,6,70,Ohio,Mid-American,2,3,-17.888,-87.600,98,0.400,0.212,0.188,0.985,230.189,248.077,122,129,53,52,-51.696,108
2010,6,71,Fresno State,Western Athletic,2,2,-19.327,-12.466,60,0.500,0.470,0.030,0.115,243.636,262.963,134,142,55,54,1.696,52
2010,6,72,Purdue,Big Ten,2,2,-19.898,-67.429,88,0.500,0.275,0.225,1.187,155.102,175.000,76,84,49,48,-50.169,106
2010,6,73,Indiana,Big Ten,2,2,-24.874,-49.985,76,0.500,0.389,0.111,0.563,256.522,281.395,118,121,46,43,-45.643,101
2010,6,74,Arkansas State,Sun Belt,2,4,-26.472,-73.542,92,0.333,0.316,0.017,0.044,238.806,265.278,160,191,67,72,-49.001,105
2010,6,75,UCLA,Pac-10,3,3,-28.273,19.141,51,0.500,0.575,-0.075,-0.462,174.359,202.632,136,154,78,76,45.551,23
2010,6,76,Arizona State,Pac-10,1,3,-31.857,81.749,26,0.250,0.803,-0.553,-3.095,182.143,214.000,102,107,56,50,97.689,4
2010,6,77,Kansas State,Big 12,3,1,-34.991,63.345,35,0.750,0.673,0.077,0.374,179.592,214.583,88,103,49,48,89.408,5
2010,6,78,Middle Tennessee,Sun Belt,1,3,-39.927,-92.345,99,0.250,0.206,0.044,0.192,207.692,247.619,81,104,39,42,-70.497,112
2010,6,79,East Carolina,Conference USA,3,2,-44.035,-58.678,84,0.600,0.377,0.223,1.178,264.789,308.824,188,210,71,68,-6.331,61
2010,6,80,Western Michigan,Mid-American,1,3,-47.619,-52.863,78,0.250,0.316,-0.066,-0.416,152.381,200.000,96,124,63,62,-11.929,67
2010,6,81,Kent State,Mid-American,1,3,-53.042,-165.975,115,0.250,0.068,0.182,0.952,114.815,167.857,62,94,54,56,-107.449,119
2010,6,82,Washington,Pac-10,2,3,-58.254,20.117,49,0.400,0.550,-0.150,-0.876,198.413,256.667,125,154,63,60,65.434,17
2010,6,83,Minnesota,Big Ten,1,4,-60.714,-53.263,79,0.200,0.360,-0.160,-0.933,212.500,273.214,119,153,56,56,8.501,46
2010,6,84,Florida International,Sun Belt,1,4,-63.014,-104.942,101,0.200,0.222,-0.022,-0.173,146.575,209.589,107,153,73,73,-31.449,89
2010,6,85,Penn State,Big Ten,2,3,-67.734,-44.314,74,0.400,0.326,0.074,0.356,103.175,170.909,65,94,63,55,47.869,22
2010,6,86,Iowa State,Big 12,2,3,-72.331,36.733,43,0.400,0.612,-0.212,-1.215,201.515,273.846,133,178,66,65,86.336,6
2010,6,87,Toledo,Mid-American,3,3,-73.415,-56.164,81,0.500,0.325,0.175,0.912,140.000,213.415,119,175,85,82,8.721,45
2010,6,88,Colorado,Big 12,3,2,-74.402,16.116,54,0.600,0.558,0.042,0.181,137.879,212.281,91,121,66,57,56.223,19
2010,6,89,Louisiana Tech,Western Athletic,1,4,-75.385,-70.213,90,0.200,0.289,-0.089,-0.539,147.692,223.077,96,145,65,65,-9.725,65
2010,6,90,Florida Atlantic,Sun Belt,1,4,-76.434,-171.626,116,0.200,0.106,0.094,0.465,165.385,241.818,86,133,52,55,-85.968,118
2010,6,92,BYU,Mountain West,2,4,-86.310,-16.340,64,0.333,0.437,-0.103,-0.618,142.857,229.167,100,165,70,72,69.795,13
2010,6,94,Kansas,Big 12,2,2,-86.291,-68.234,89,0.500,0.321,0.179,0.825,189.796,276.087,93,127,49,46,-26.521,83
2010,6,94,North Texas,Sun Belt,1,5,-95.145,-175.786,118,0.167,0.047,0.120,0.611,158.824,253.968,108,160,68,63,-85.722,117
2010,6,95,Utah State,Western Athletic,1,4,-95.312,-78.392,95,0.200,0.251,-0.051,-0.331,143.750,239.062,92,153,64,64,13.677,40
2010,6,96,Tulane,Conference USA,1,3,-96.000,-120.731,108,0.250,0.166,0.084,0.410,152.000,248.000,76,124,50,50,-24.354,82
2010,6,97,Boston College,ACC,1,3,-97.994,-77.554,94,0.250,0.198,0.052,0.237,96.552,194.545,56,107,58,55,20.848,33
2010,6,97,Buffalo,Mid-American,1,3,-93.623,-108.439,100,0.250,0.172,0.078,0.345,104.839,198.462,65,129,62,65,-11.154,64
2010,6,98,Rice,Conference USA,1,5,-97.994,-150.140,112,0.167,0.155,0.011,0.012,162.500,260.494,130,211,80,81,-42.241,98
2010,6,99,Virginia,ACC,0,3,-100.901,-26.400,67,0.000,0.400,-0.400,-2.250,132.432,233.333,49,84,37,36,78.767,10
2010,6,100,Miami (OH),Mid-American,3,3,-106.338,-85.084,97,0.500,0.261,0.239,1.267,150.000,256.338,114,182,76,71,-14.221,72
2010,6,102,Louisiana,Sun Belt,2,3,-116.216,-129.747,110,0.400,0.148,0.252,1.338,145.946,262.162,108,194,74,74,-45.973,102
2010,6,103,UAB,Conference USA,1,4,-116.502,-150.310,113,0.200,0.170,0.030,0.116,171.429,287.931,108,167,63,58,-36.609,94
2010,6,104,Bowling Green,Mid-American,1,5,-118.184,-115.943,107,0.167,0.216,-0.049,-0.320,229.577,347.761,163,233,71,67,-36.717,95
2010,6,104,Marshall,Conference USA,1,4,-112.602,-116.491,106,0.200,0.198,0.002,-0.015,147.692,260.294,96,177,65,68,-20.160,76
2010,6,105,UNLV,Mountain West,1,5,-119.231,-71.488,91,0.167,0.275,-0.109,-0.648,152.564,271.795,119,212,78,78,62.050,18
2010,6,107,Wake Forest,ACC,1,4,-128.660,-63.413,86,0.200,0.324,-0.124,-0.734,192.308,320.968,125,199,65,62,48.819,21
2010,6,108,Ball State,Mid-American,1,3,-129.523,-110.158,103,0.250,0.190,0.060,0.280,117.647,247.170,60,131,51,53,-6.901,62
2010,6,108,Duke,ACC,0,4,-126.754,-72.466,90,0.000,0.295,-0.295,-1.429,175.000,301.754,98,172,56,57,17.042,43
2010,6,109,Tennessee,SEC,1,4,-132.143,-62.058,85,0.200,0.308,-0.108,-0.643,142.857,275.000,90,165,63,60,65.911,16
2010,6,110,Colorado State,Mountain West,1,5,-173.051,-84.948,96,0.167,0.235,-0.068,-0.423,118.841,291.892,82,216,69,74,68.922,14
2010,6,111,Western Kentucky,Sun Belt,0,5,-193.442,-149.071,111,0.000,0.149,-0.149,-0.871,167.273,360.714,92,202,55,56,6.559,47
2010,6,112,Akron,Mid-American,0,5,-193.725,-222.843,120,0.000,0.031,-0.031,-0.220,101.587,295.312,64,189,63,64,-50.290,107
2010,6,113,Wyoming,Mountain West,1,4,-208.439,-74.863,93,0.200,0.244,-0.044,-0.292,81.034,289.474,47,165,58,57,81.503,9
2010,6,114,UL Monroe,Sun Belt,1,3,-210.352,-174.814,117,0.250,0.065,0.185,0.970,108.696,319.048,50,134,46,42,-13.086,69
2010,6,115,Washington State,Pac-10,0,5,-213.651,-105.199,102,0.000,0.245,-0.245,-1.398,147.887,361.538,105,235,71,65,75.647,12
2010,6,116,Eastern Michigan,Mid-American,0,6,-215.557,-162.461,114,0.000,0.131,-0.131,-0.771,159.091,374.648,105,266,66,71,-31.246,88
2010,6,117,New Mexico,Mountain West,0,6,-225.730,-129.692,109,0.000,0.083,-0.083,-0.507,84.270,310.000,75,279,89,90,13.897,39
2010,6,118,New Mexico State,Western Athletic,1,4,-241.132,-111.857,104,0.200,0.157,0.043,0.185,118.868,360.000,63,198,53,55,13.057,42
2010,6,119,Memphis,Conference USA,1,5,-245.147,-206.042,119,0.167,0.019,0.147,0.761,127.869,373.016,78,235,61,63,-31.562,90
2010,6,120,San José State,Western Athletic,0,4,-275.621,-39.018,73,0.000,0.307,-0.307,-1.739,70.213,345.833,33,166,47,48,148.817,1
2010,7,1,Boise State,Western Athletic,6,0,294.307,163.768,7,1.000,0.887,0.113,0.618,390.411,96.104,285,74,73,77,-16.950,78
2010,7,3,Oregon,Pac-10,5,0,268.406,198.259,3,1.000,0.909,0.091,0.450,389.394,120.988,257,98,66,81,-7.189,63
2010,7,3,Utah,Mountain West,6,0,250.814,125.662,16,1.000,0.806,0.194,1.085,357.143,106.329,275,84,77,79,-57.634,107
2010,7,4,Nebraska,Big 12,4,1,232.606,187.627,4,0.800,0.930,-0.130,-0.786,351.724,119.118,204,81,58,68,0.343,61
2010,7,5,TCU,Mountain West,6,0,231.167,191.174,3,1.000,0.943,0.057,0.294,312.857,81.690,219,58,70,71,-8.526,71
2010,7,6,Nevada,Western Athletic,5,1,191.259,156.036,9,0.833,0.810,0.023,0.098,359.375,168.116,230,116,64,69,-22.851,85
2010,7,7,Alabama,SEC,6,1,186.218,157.999,8,0.857,0.894,-0.037,-0.253,298.718,112.500,233,90,78,80,24.720,39
2010,7,8,Ohio State,Big Ten,6,1,167.408,76.598,31,0.857,0.751,0.106,0.579,294.681,127.273,277,112,94,88,-30.252,88
2010,7,10,Missouri,Big 12,5,0,156.031,167.046,5,1.000,0.952,0.048,0.243,241.538,85.507,157,59,65,69,17.919,44
2010,7,10,Stanford,Pac-10,4,1,159.564,179.254,6,0.800,0.846,-0.046,-0.300,371.429,211.864,208,125,56,59,49.032,20
2010,7,11,Iowa,Big Ten,4,1,153.968,129.314,13,0.800,0.850,-0.050,-0.325,268.254,114.286,169,72,63,63,1.267,60
2010,7,12,Oklahoma State,Big 12,6,0,149.422,99.634,21,1.000,0.758,0.242,1.362,322.826,173.404,297,163,92,94,-20.473,82
2010,7,13,Virginia Tech,ACC,5,1,137.564,152.279,10,0.833,0.841,-0.007,-0.080,302.564,165.000,236,132,78,80,11.599,48
2010,7,14,Michigan State,Big Ten,6,0,128.801,134.810,12,1.000,0.858,0.142,0.783,272.222,143.421,196,109,72,76,6.158,52
2010,7,15,Auburn,SEC,7,0,126.410,125.887,15,1.000,0.779,0.221,1.242,327.586,201.176,285,171,87,85,23.291,41
2010,7,16,USC,Pac-10,5,2,116.140,122.516,17,0.714,0.778,-0.064,-0.408,323.457,207.317,262,170,81,82,24.408,40
2010,7,17,UCF,Conference USA,3,2,111.567,83.419,27,0.600,0.771,-0.171,-1.026,225.000,113.433,135,76,60,67,-34.790,93
2010,7,18,Oklahoma,Big 12,6,0,110.422,128.845,14,1.000,0.861,0.139,0.769,251.163,140.741,216,114,86,81,43.583,21
2010,7,19,Arizona,Pac-10,4,1,109.206,115.993,18,0.800,0.888,-0.088,-0.546,226.667,117.460,136,74,60,63,25.291,37
2010,7,20,West Virginia,Big East,4,1,103.504,56.221,42,0.800,0.698,0.102,0.551,215.625,112.121,138,74,64,66,-30.959,90
2010,7,21,Georgia,SEC,3,4,103.041,57.258,41,0.429,0.678,-0.250,-1.481,253.659,150.617,208,122,82,81,12.986,46
2010,7,22,Northern Illinois,Mid-American,4,2,102.667,14.044,55,0.667,0.540,0.127,0.696,266.667,164.000,192,123,72,75,-68.810,114
2010,7,23,Florida State,ACC,5,1,100.091,114.743,19,0.833,0.789,0.045,0.221,246.667,146.575,185,107,75,73,3.649,56
2010,7,24,LSU,SEC,6,0,95.337,132.013,16,1.000,0.861,0.139,0.713,218.310,122.973,155,91,71,74,27.520,29
2010,7,25,South Carolina,SEC,3,2,89.960,164.758,6,0.600,0.882,-0.282,-1.670,279.245,189.286,148,106,53,56,69.552,12
2010,7,26,Florida,SEC,4,3,85.708,100.167,20,0.571,0.767,-0.195,-1.167,247.436,161.728,193,131,78,81,28.110,33
2010,7,27,Michigan,Big Ten,4,2,85.385,86.378,25,0.667,0.715,-0.048,-0.317,295.775,210.390,210,162,71,77,14.217,45
2010,7,28,Wisconsin,Big Ten,5,1,79.172,92.110,24,0.833,0.707,0.127,0.696,274.627,195.455,184,129,67,66,11.120,49
2010,7,29,Louisville,Big East,2,3,78.220,6.672,61,0.400,0.522,-0.122,-0.744,263.934,185.714,161,117,61,63,-18.541,79
2010,7,30,North Carolina,ACC,4,2,76.712,96.130,22,0.667,0.762,-0.096,-0.590,235.616,158.904,172,116,73,73,25.357,36
2010,7,31,Baylor,Big 12,4,2,73.459,32.469,47,0.667,0.593,0.074,0.390,264.000,190.541,198,141,75,74,-19.522,80
2010,7,32,San Diego State,Mountain West,3,2,72.883,70.008,34,0.600,0.667,-0.067,-0.426,240.625,167.742,154,104,64,62,2.832,58
2010,7,33,Air Force,Mountain West,4,2,72.413,66.392,36,0.667,0.655,0.011,0.028,260.938,188.525,167,115,64,61,6.764,51
2010,7,34,Kansas State,Big 12,4,1,71.733,79.705,29,0.800,0.721,0.079,0.421,249.153,177.419,147,110,59,62,40.556,25
2010,7,35,Mississippi State,SEC,4,2,65.714,58.784,40,0.667,0.716,-0.049,-0.323,215.714,150.000,151,96,70,64,29.655,30
2010,7,36,Tulsa,Conference USA,3,3,60.926,22.849,51,0.500,0.554,-0.054,-0.350,325.714,264.789,228,188,70,71,-52.995,103
2010,7,37,Clemson,ACC,2,3,55.749,82.442,28,0.400,0.775,-0.375,-2.206,189.552,133.803,127,95,67,71,20.298,43
2010,7,38,Troy,Sun Belt,4,2,49.860,-17.478,64,0.667,0.448,0.218,1.226,237.500,187.640,209,167,88,89,-65.826,112
2010,7,40,Army,FBS Independents,4,3,47.968,-27.772,68,0.571,0.433,0.139,0.766,297.222,249.254,214,167,72,67,-64.662,111
2010,7,41,Georgia Tech,ACC,4,2,47.795,22.057,52,0.667,0.560,0.107,0.582,242.667,194.872,182,152,75,78,-20.252,81
2010,7,41,Northwestern,Big Ten,4,1,49.265,-44.614,75,0.800,0.359,0.441,2.377,263.265,214.000,129,107,49,50,-76.093,115
2010,7,42,NC State,ACC,4,2,43.908,92.223,23,0.667,0.758,-0.092,-0.568,226.667,182.759,204,159,90,87,45.760,19
2010,7,43,Cincinnati,Big East,2,3,42.688,61.020,39,0.400,0.696,-0.296,-1.751,215.152,172.464,142,119,66,69,33.547,28
2010,7,44,UTEP,Conference USA,4,2,40.809,-141.812,111,0.667,0.134,0.533,3.046,269.841,229.032,170,142,63,62,-129.218,120
2010,7,45,Southern Miss,Conference USA,4,2,40.158,-3.351,62,0.667,0.490,0.177,0.988,227.500,187.342,182,148,80,79,-44.069,97
2010,7,46,Texas,Big 12,4,2,39.744,72.965,33,0.667,0.741,-0.074,-0.465,184.615,144.872,144,113,78,78,25.662,35
2010,7,47,Pittsburgh,Big East,2,3,35.000,45.538,44,0.400,0.629,-0.229,-1.361,221.667,186.667,133,112,60,60,9.262,50
2010,7,48,California,Pac-10,2,3,33.669,66.894,35,0.400,0.689,-0.289,-1.712,227.419,193.750,141,124,62,64,84.733,7
2010,7,49,Hawai'i,Western Athletic,4,2,31.631,64.750,37,0.667,0.670,-0.004,-0.057,277.465,245.833,197,177,71,72,40.432,26
2010,7,50,Arkansas,SEC,3,2,29.553,73.148,32,0.600,0.684,-0.084,-0.521,240.323,210.769,149,137,62,65,42.440,22
2010,7,51,Ohio,Mid-American,3,3,25.806,-81.626,97,0.500,0.235,0.265,1.498,250.000,224.194,160,139,64,62,-101.994,119
2010,7,52,Texas Tech,Big 12,3,3,23.987,28.133,49,0.500,0.575,-0.075,-0.469,242.169,218.182,201,192,83,88,11.817,47
2010,7,53,Kentucky,SEC,4,3,22.658,9.966,58,0.571,0.525,0.047,0.234,283.908,261.250,247,209,87,80,3.359,57
2010,7,54,Fresno State,Western Athletic,3,2,22.059,16.607,54,0.600,0.542,0.058,0.300,245.588,223.529,167,152,68,68,-8.547,72
2010,7,55,Navy,FBS Independents,3,2,20.370,12.681,56,0.600,0.542,0.058,0.299,209.259,188.889,113,102,54,54,-9.057,73
2010,7,56,SMU,Conference USA,4,3,20.000,8.513,59,0.571,0.525,0.046,0.230,232.941,212.941,198,181,85,85,-11.077,76
2010,7,57,Ole Miss,SEC,3,2,19.765,27.298,50,0.600,0.580,0.020,0.080,224.242,204.478,148,137,66,67,-1.083,65
2010,7,58,Miami,ACC,3,2,18.623,62.812,38,0.600,0.707,-0.107,-0.656,178.082,159.459,130,118,73,74,49.641,17
2010,7,59,Rutgers,Big East,3,2,11.855,-35.436,70,0.600,0.331,0.269,1.518,143.284,131.429,96,92,67,70,-45.783,99
2010,7,60,Houston,Conference USA,2,3,11.635,-62.189,86,0.400,0.357,0.043,0.209,256.250,244.615,164,159,64,65,-67.219,113
2010,7,61,Texas A&M,Big 12,2,3,10.256,36.968,46,0.400,0.634,-0.234,-1.393,174.359,164.103,136,128,78,78,40.940,24
2010,7,62,Notre Dame,FBS Independents,4,3,9.351,38.925,45,0.571,0.624,-0.053,-0.343,186.275,176.923,190,161,102,91,42.318,23
2010,7,63,Temple,Mid-American,4,2,7.890,-48.676,75,0.667,0.352,0.314,1.781,195.890,188.000,143,141,73,75,-53.145,105
2010,7,64,UConn,Big East,2,3,-1.535,-56.501,82,0.400,0.341,0.059,0.277,177.632,179.167,135,129,76,72,-30.847,85
2010,7,65,Purdue,Big Ten,3,2,-3.254,-55.235,79,0.600,0.298,0.302,1.712,165.079,168.333,104,101,63,60,-53.094,104
2010,7,66,Idaho,Western Athletic,2,3,-5.933,-24.659,67,0.400,0.435,-0.035,-0.242,215.942,221.875,149,142,69,64,-22.455,84
2010,7,67,Indiana,Big Ten,3,2,-15.263,-60.304,83,0.600,0.358,0.242,1.364,256.667,271.930,154,155,60,57,-59.688,109
2010,7,68,South Florida,Big East,2,3,-15.385,-41.407,72,0.400,0.350,0.050,0.253,150.000,165.385,84,86,56,52,-47.338,100
2010,7,69,Oregon State,Pac-10,3,3,-18.290,78.812,30,0.500,0.680,-0.180,-1.081,235.135,253.425,174,185,74,73,98.909,3
2010,7,70,Central Michigan,Mid-American,1,5,-21.127,-80.713,95,0.167,0.205,-0.038,-0.257,204.225,225.352,145,160,71,71,-54.608,106
2010,7,71,Maryland,ACC,3,2,-21.818,-23.713,66,0.600,0.422,0.178,0.994,160.000,181.818,104,120,65,66,-3.978,66
2010,7,72,Illinois,Big Ten,2,3,-22.706,49.012,43,0.400,0.647,-0.247,-1.468,160.345,183.051,93,108,58,59,65.103,13
2010,7,73,Arkansas State,Sun Belt,2,5,-24.447,-60.146,82,0.286,0.335,-0.049,-0.322,239.506,263.953,194,227,81,86,-37.314,94
2010,7,74,East Carolina,Conference USA,4,2,-28.120,-7.743,63,0.667,0.482,0.185,1.034,254.023,282.143,221,237,87,84,29.629,31
2010,7,75,UCLA,Pac-10,3,3,-28.273,19.141,51,0.500,0.575,-0.075,-0.462,174.359,202.632,136,154,78,76,45.551,23
2010,7,76,Arizona State,Pac-10,1,3,-31.857,81.749,26,0.250,0.803,-0.553,-3.095,182.143,214.000,102,107,56,50,97.689,4
2010,7,76,Florida International,Sun Belt,2,4,-30.137,-100.117,100,0.333,0.227,0.106,0.576,193.151,223.288,141,163,73,73,-26.624,87
2010,7,77,Vanderbilt,SEC,2,4,-31.190,-52.122,77,0.333,0.276,0.057,0.294,148.810,180.000,125,153,84,85,-7.111,70
2010,7,79,Syracuse,Big East,2,2,-35.328,-80.974,96,0.500,0.213,0.287,1.624,146.154,181.481,76,98,52,54,-52.621,102
2010,7,80,Washington,Pac-10,3,3,-39.576,30.181,48,0.500,0.580,-0.080,-0.498,207.792,247.368,160,188,77,76,61.695,15
2010,7,81,Louisiana Tech,Western Athletic,2,4,-47.222,-35.010,69,0.333,0.394,-0.060,-0.386,177.778,225.000,144,180,81,80,4.285,54
2010,7,82,Toledo,Mid-American,4,3,-51.770,-68.004,88,0.571,0.300,0.272,1.536,154.545,206.316,153,196,99,95,-24.005,86
2010,7,83,Minnesota,Big Ten,1,5,-58.571,-57.120,80,0.167,0.347,-0.180,-1.078,200.000,258.571,136,181,68,70,4.073,55
2010,7,84,Kent State,Mid-American,1,4,-58.977,-161.658,116,0.200,0.078,0.122,0.667,123.881,182.857,83,128,67,70,-98.574,118
2010,7,85,Penn State,Big Ten,2,3,-67.734,-44.314,74,0.400,0.326,0.074,0.356,103.175,170.909,65,94,63,55,47.869,22
2010,7,85,Western Michigan,Mid-American,1,4,-67.532,-73.848,91,0.200,0.263,-0.063,-0.404,150.649,218.182,116,168,77,77,-11.006,75
2010,7,87,Colorado,Big 12,3,3,-72.880,10.216,57,0.500,0.533,-0.033,-0.230,150.649,223.529,116,152,77,68,52.729,16
2010,7,88,UAB,Conference USA,2,4,-76.400,-117.710,104,0.333,0.192,0.142,0.783,174.324,250.725,129,173,74,69,-45.686,98
2010,7,90,Florida Atlantic,Sun Belt,1,4,-76.434,-171.626,116,0.200,0.106,0.094,0.465,165.385,241.818,86,133,52,55,-85.968,118
2010,7,90,Middle Tennessee,Sun Belt,1,4,-83.413,-105.833,101,0.200,0.163,0.037,0.176,172.727,256.140,95,146,55,57,-41.322,95
2010,7,91,Miami (OH),Mid-American,4,3,-83.810,-76.610,93,0.571,0.278,0.294,1.663,156.667,240.476,141,202,90,84,-21.444,83
2010,7,92,Boston College,ACC,1,4,-84.221,-36.474,71,0.200,0.344,-0.144,-0.867,105.634,189.855,75,131,71,69,47.303,18
2010,7,93,Rice,Conference USA,2,5,-84.783,-134.103,107,0.286,0.177,0.109,0.591,178.261,263.043,164,242,92,92,-41.835,96
2010,7,95,Bowling Green,Mid-American,1,6,-100.060,-98.153,99,0.143,0.245,-0.102,-0.630,226.190,326.250,190,261,84,80,-30.850,89
2010,7,95,Utah State,Western Athletic,1,4,-95.312,-78.392,95,0.200,0.251,-0.051,-0.331,143.750,239.062,92,153,64,64,13.677,40
2010,7,96,BYU,Mountain West,2,5,-106.492,-23.476,65,0.286,0.404,-0.118,-0.721,124.096,230.588,103,196,83,85,81.123,9
2010,7,97,Colorado State,Mountain West,2,5,-107.331,-72.041,90,0.286,0.266,0.020,0.078,152.439,259.770,125,226,82,87,29.078,32
2010,7,98,Ball State,Mid-American,1,4,-107.481,-136.103,109,0.200,0.158,0.042,0.207,153.125,260.606,98,172,64,66,-48.882,101
2010,7,99,Louisiana,Sun Belt,2,4,-109.015,-112.748,103,0.333,0.190,0.143,0.790,146.667,255.682,132,225,90,88,-31.032,91
2010,7,100,Buffalo,Mid-American,1,4,-113.533,-118.331,105,0.200,0.109,0.091,0.487,101.282,214.815,79,174,78,81,-5.503,68
2010,7,101,Tulane,Conference USA,1,4,-123.115,-137.865,110,0.200,0.140,0.060,0.311,156.250,279.365,100,176,64,63,-15.050,77
2010,7,102,Duke,ACC,0,5,-123.611,-71.118,89,0.000,0.283,-0.283,-1.677,154.167,277.778,111,200,72,72,21.572,42
2010,7,103,Iowa State,Big 12,2,4,-126.517,7.051,60,0.333,0.523,-0.189,-1.132,168.354,294.872,133,230,79,78,84.284,8
2010,7,104,Marshall,Conference USA,1,5,-127.329,-109.840,102,0.167,0.215,-0.048,-0.315,141.026,268.354,110,212,78,79,5.518,53
2010,7,106,North Texas,Sun Belt,1,6,-134.407,-159.627,115,0.143,0.060,0.083,0.442,173.529,307.937,118,194,68,63,-69.562,115
2010,7,107,UNLV,Mountain West,1,6,-138.462,-119.002,106,0.143,0.167,-0.024,-0.176,141.758,280.220,129,255,91,91,26.228,34
2010,7,108,Virginia,ACC,0,4,-146.259,-48.347,74,0.000,0.325,-0.325,-1.915,120.408,266.667,59,128,49,48,88.862,6
2010,7,109,Tennessee,SEC,1,4,-132.143,-62.058,85,0.200,0.308,-0.108,-0.643,142.857,275.000,90,165,63,60,65.911,16
2010,7,109,Wake Forest,ACC,1,5,-149.579,-61.466,85,0.167,0.334,-0.167,-1.005,189.610,339.189,146,251,77,74,70.950,11
2010,7,110,Kansas,Big 12,2,3,-173.413,-94.220,98,0.400,0.244,0.156,0.866,158.730,332.143,100,186,63,56,-0.850,64
2010,7,111,Eastern Michigan,Mid-American,1,6,-177.095,-163.930,117,0.143,0.142,0.001,-0.032,184.810,361.905,146,304,79,84,-58.429,108
2010,7,112,Akron,Mid-American,0,6,-201.297,-244.795,120,0.000,0.027,-0.027,-0.191,101.370,302.667,74,227,73,75,-60.092,110
2010,7,113,Western Kentucky,Sun Belt,0,6,-201.396,-156.476,114,0.000,0.151,-0.151,-0.909,221.818,423.214,122,237,55,56,-0.847,63
2010,7,114,Washington State,Pac-10,0,6,-204.599,-80.560,94,0.000,0.289,-0.289,-1.712,131.765,336.364,112,259,85,77,95.145,4
2010,7,115,UL Monroe,Sun Belt,2,3,-205.694,-165.912,118,0.400,0.052,0.348,1.977,184.783,390.476,85,164,46,42,-4.185,67
2010,7,116,Wyoming,Mountain West,1,5,-211.050,-75.432,92,0.167,0.224,-0.058,-0.371,75.714,286.765,53,195,70,68,91.993,5
2010,7,117,New Mexico,Mountain West,0,6,-225.730,-129.692,109,0.000,0.083,-0.083,-0.507,84.270,310.000,75,279,89,90,13.897,39
2010,7,118,Memphis,Conference USA,1,6,-229.108,-182.357,119,0.143,0.053,0.090,0.481,129.333,358.442,97,276,75,77,-10.767,74
2010,7,119,New Mexico State,Western Athletic,1,5,-230.751,-135.128,108,0.167,0.086,0.080,0.428,108.955,339.706,73,231,67,68,1.287,59
2010,7,120,San José State,Western Athletic,0,5,-296.721,-54.230,78,0.000,0.247,-0.247,-1.468,54.098,350.820,33,214,61,61,139.115,1
2010,8,1,Boise State,Western Athletic,6,0,294.307,163.768,7,1.000,0.887,0.113,0.618,390.411,96.104,285,74,73,77,-16.950,78
2010,8,2,Oregon,Pac-10,6,0,287.055,210.183,1,1.000,0.918,0.082,0.466,406.410,119.355,317,111,78,93,0.086,62
2010,8,3,Utah,Mountain West,7,0,279.545,140.442,12,1.000,0.840,0.160,0.962,379.545,100.000,334,90,88,90,-53.033,103
2010,8,4,TCU,Mountain West,7,0,244.066,210.045,2,1.000,0.965,0.035,0.164,325.316,81.250,257,65,79,80,-5.571,68
2010,8,5,Nebraska,Big 12,5,1,200.535,181.885,3,0.833,0.911,-0.078,-0.547,349.315,148.780,255,122,73,82,17.958,45
2010,8,6,Alabama,SEC,7,1,195.749,162.743,7,0.875,0.895,-0.020,-0.183,304.444,108.696,274,100,90,92,16.957,46
2010,8,6,Nevada,Western Athletic,5,1,191.259,156.036,9,0.833,0.810,0.023,0.098,359.375,168.116,230,116,64,69,-22.851,85
2010,8,8,Ohio State,Big Ten,7,1,190.961,91.677,26,0.875,0.792,0.083,0.472,301.852,110.891,326,112,108,101,-26.818,85
2010,8,9,Virginia Tech,ACC,6,1,159.820,150.508,9,0.857,0.845,0.012,0.020,307.692,147.872,280,139,91,94,-1.394,64
2010,8,10,Stanford,Pac-10,5,1,148.593,164.459,6,0.833,0.831,0.003,-0.039,367.164,218.571,246,153,67,70,40.789,20
2010,8,11,Missouri,Big 12,6,0,141.923,168.594,4,1.000,0.933,0.067,0.368,244.304,102.381,193,86,79,84,31.464,29
2010,8,12,UCF,Conference USA,4,2,136.044,86.893,28,0.667,0.763,-0.096,-0.666,251.429,115.385,176,90,70,78,-58.736,109
2010,8,13,Arizona,Pac-10,5,1,131.081,147.539,10,0.833,0.931,-0.098,-0.677,250.000,118.919,180,88,72,74,34.833,27
2010,8,14,Iowa,Big Ten,4,2,129.547,122.632,15,0.667,0.827,-0.161,-1.074,272.603,143.056,199,103,73,72,23.333,37
2010,8,15,Oklahoma State,Big 12,6,1,122.538,104.138,21,0.857,0.755,0.102,0.594,318.868,196.330,338,214,106,109,7.924,53
2010,8,16,Northern Illinois,Mid-American,5,2,118.638,29.093,49,0.714,0.581,0.133,0.787,264.706,146.067,225,130,85,89,-71.045,113
2010,8,16,USC,Pac-10,5,2,116.140,122.516,17,0.714,0.778,-0.064,-0.408,323.457,207.317,262,170,81,82,24.408,40
2010,8,17,Michigan State,Big Ten,7,0,117.494,115.716,18,1.000,0.817,0.183,1.108,268.605,151.111,231,136,86,90,-2.721,66
2010,8,18,Auburn,SEC,8,0,116.288,123.591,14,1.000,0.784,0.216,1.315,312.121,195.833,309,188,99,96,28.138,34
2010,8,20,Georgia,SEC,4,4,105.319,59.555,37,0.500,0.678,-0.178,-1.187,268.085,162.766,252,153,94,94,4.792,56
2010,8,21,Louisville,Big East,3,3,100.880,27.474,50,0.500,0.600,-0.100,-0.687,263.380,162.500,187,117,71,72,-36.870,95
2010,8,23,Florida State,ACC,5,1,100.091,114.743,19,0.833,0.789,0.045,0.221,246.667,146.575,185,107,75,73,3.649,56
2010,8,23,South Carolina,SEC,4,2,92.292,146.431,11,0.667,0.866,-0.199,-1.317,256.061,163.768,169,113,66,69,49.144,18
2010,8,26,Florida,SEC,4,3,85.708,100.167,20,0.571,0.767,-0.195,-1.167,247.436,161.728,193,131,78,81,28.110,33
2010,8,26,Oklahoma,Big 12,6,1,82.699,113.137,19,0.857,0.816,0.042,0.209,240.594,157.895,243,150,101,95,51.075,16
2010,8,27,Michigan,Big Ten,4,2,85.385,86.378,25,0.667,0.715,-0.048,-0.317,295.775,210.390,210,162,71,77,14.217,45
2010,8,27,West Virginia,Big East,4,2,78.172,32.075,48,0.667,0.616,0.051,0.267,197.403,119.231,152,93,77,78,-32.134,94
2010,8,28,LSU,SEC,6,1,76.035,119.273,16,0.857,0.841,0.016,0.045,209.756,133.721,172,115,82,86,36.202,25
2010,8,29,San Diego State,Mountain West,4,2,74.858,38.700,42,0.667,0.597,0.069,0.384,235.897,161.039,184,124,78,77,-30.772,89
2010,8,30,Wisconsin,Big Ten,6,1,73.684,97.654,23,0.857,0.713,0.144,0.861,282.895,209.211,215,159,76,76,21.885,40
2010,8,31,Hawai'i,Western Athletic,5,2,73.212,75.482,31,0.714,0.700,0.014,0.033,284.706,211.494,242,184,85,87,25.590,36
2010,8,32,Baylor,Big 12,5,2,67.326,40.237,41,0.714,0.606,0.108,0.629,275.281,207.955,245,183,89,88,-9.428,71
2010,8,33,Clemson,ACC,3,3,65.000,93.855,25,0.500,0.802,-0.302,-1.972,200.000,135.000,154,108,77,80,21.143,44
2010,8,34,California,Pac-10,3,3,64.103,99.211,22,0.500,0.761,-0.261,-1.712,244.872,180.769,191,141,78,78,87.440,6
2010,8,36,Ohio,Mid-American,4,3,54.545,-54.283,82,0.571,0.315,0.256,1.569,251.948,197.403,194,152,77,77,-100.402,118
2010,8,36,Tulsa,Conference USA,3,3,60.926,22.849,51,0.500,0.554,-0.054,-0.350,325.714,264.789,228,188,70,71,-52.995,103
2010,8,37,Mississippi State,SEC,5,2,54.286,37.678,44,0.714,0.636,0.078,0.440,214.286,160.000,180,120,84,75,14.288,50
2010,8,38,Kansas State,Big 12,4,2,52.325,66.491,33,0.667,0.681,-0.014,-0.146,258.904,206.579,189,157,73,76,39.819,21
2010,8,38,Troy,Sun Belt,4,2,49.860,-17.478,64,0.667,0.448,0.218,1.226,237.500,187.640,209,167,88,89,-65.826,112
2010,8,39,Pittsburgh,Big East,3,3,52.270,65.344,35,0.500,0.673,-0.173,-1.153,232.000,179.730,174,133,75,74,14.559,49
2010,8,40,Army,FBS Independents,4,3,47.968,-27.772,68,0.571,0.433,0.139,0.766,297.222,249.254,214,167,72,67,-64.662,111
2010,8,40,Temple,Mid-American,5,2,51.800,-43.227,77,0.714,0.364,0.350,2.165,210.227,158.427,185,141,88,89,-73.724,115
2010,8,42,NC State,ACC,4,2,43.908,92.223,23,0.667,0.758,-0.092,-0.568,226.667,182.759,204,159,90,87,45.760,19
2010,8,43,Navy,FBS Independents,4,2,46.032,38.054,43,0.667,0.614,0.053,0.278,234.921,188.889,148,119,63,63,-13.394,74
2010,8,44,Houston,Conference USA,3,3,45.513,-17.081,65,0.500,0.459,0.041,0.205,275.000,229.487,209,179,76,78,-58.132,107
2010,8,45,Southern Miss,Conference USA,4,2,40.158,-3.351,62,0.667,0.490,0.177,0.988,227.500,187.342,182,148,80,79,-44.069,97
2010,8,45,Texas A&M,Big 12,3,3,45.091,50.764,40,0.500,0.684,-0.184,-1.220,196.739,151.648,181,138,92,91,21.657,42
2010,8,46,Arkansas,SEC,4,2,44.092,81.046,30,0.667,0.708,-0.042,-0.319,242.857,198.765,187,161,77,81,38.234,23
2010,8,48,Miami,ACC,4,2,43.459,108.412,20,0.667,0.821,-0.155,-1.037,194.048,150.588,163,128,84,85,62.587,12
2010,8,50,North Carolina,ACC,4,3,39.286,65.872,34,0.571,0.689,-0.117,-0.799,216.667,177.381,182,149,84,84,35.078,26
2010,8,51,Fresno State,Western Athletic,4,2,34.026,13.747,57,0.667,0.534,0.133,0.785,243.902,209.877,200,170,82,81,-23.423,82
2010,8,52,Cincinnati,Big East,2,4,29.549,37.406,45,0.333,0.611,-0.277,-1.816,223.377,193.827,172,157,77,81,21.836,41
2010,8,53,Texas,Big 12,4,3,29.348,59.363,38,0.571,0.708,-0.136,-0.919,179.348,150.000,165,141,92,94,22.388,39
2010,8,54,Georgia Tech,ACC,4,3,28.734,9.970,58,0.571,0.527,0.044,0.226,232.143,203.409,195,179,84,88,-8.358,69
2010,8,55,Illinois,Big Ten,3,3,27.556,71.312,32,0.500,0.724,-0.224,-1.474,188.889,161.333,136,121,72,75,49.453,17
2010,8,56,Idaho,Western Athletic,3,3,25.815,-27.070,70,0.500,0.428,0.072,0.399,269.565,243.750,186,156,69,64,-24.865,83
2010,8,57,Northwestern,Big Ten,4,2,25.744,-25.660,69,0.667,0.423,0.243,1.488,247.619,221.875,156,142,63,64,-39.414,97
2010,8,58,Texas Tech,Big 12,4,3,25.735,32.573,47,0.571,0.588,-0.017,-0.163,237.500,211.765,228,216,96,102,13.408,51
2010,8,59,UTEP,Conference USA,4,3,20.829,-138.450,110,0.571,0.147,0.424,2.635,258.667,237.838,194,176,75,74,-114.066,120
2010,8,60,Air Force,Mountain West,4,3,19.785,36.892,46,0.571,0.591,-0.019,-0.179,238.356,218.571,174,153,73,70,30.226,30
2010,8,61,Kentucky,SEC,4,4,3.000,6.102,59,0.500,0.514,-0.014,-0.147,278.000,275.000,278,253,100,92,16.346,48
2010,8,62,Arkansas State,Sun Belt,3,5,2.627,-69.245,90,0.375,0.315,0.060,0.326,285.185,282.558,231,243,81,86,-46.413,99
2010,8,63,East Carolina,Conference USA,5,2,0.708,-3.058,61,0.714,0.492,0.222,1.352,258.000,257.292,258,247,100,96,0.221,61
2010,8,64,Ole Miss,SEC,3,3,-3.659,22.785,51,0.500,0.570,-0.070,-0.500,209.756,213.415,172,175,82,82,16.356,47
2010,8,65,South Florida,Big East,3,3,-4.715,-11.059,63,0.500,0.464,0.036,0.176,179.412,184.127,122,116,68,63,-23.325,81
2010,8,66,Western Michigan,Mid-American,2,4,-6.593,-75.851,92,0.333,0.253,0.080,0.454,189.011,195.604,172,178,91,91,-56.816,106
2010,8,67,Notre Dame,FBS Independents,4,4,-9.514,5.635,60,0.500,0.517,-0.017,-0.166,186.486,196.000,207,196,111,100,33.603,28
2010,8,68,SMU,Conference USA,4,4,-10.541,-11.538,64,0.500,0.465,0.035,0.164,222.449,232.990,218,226,98,97,-1.034,63
2010,8,69,Oregon State,Pac-10,3,3,-18.290,78.812,30,0.500,0.680,-0.180,-1.081,235.135,253.425,174,185,74,73,98.909,3
2010,8,69,Rutgers,Big East,3,3,-12.026,-43.650,78,0.500,0.310,0.190,1.149,144.444,156.471,117,133,81,85,-31.717,92
2010,8,70,Maryland,ACC,4,2,-16.667,-17.459,66,0.667,0.444,0.222,1.356,164.103,180.769,128,141,78,78,-2.616,65
2010,8,72,Syracuse,Big East,3,2,-18.727,-38.848,74,0.600,0.345,0.255,1.566,148.438,167.164,95,112,64,67,-26.294,84
2010,8,73,Kent State,Mid-American,2,4,-20.018,-124.607,105,0.333,0.118,0.216,1.313,139.506,159.524,113,134,81,84,-100.608,119
2010,8,74,Middle Tennessee,Sun Belt,2,4,-26.667,-97.087,97,0.333,0.190,0.143,0.853,190.000,216.667,133,156,70,72,-82.811,117
2010,8,76,Florida International,Sun Belt,2,4,-30.137,-100.117,100,0.333,0.227,0.106,0.576,193.151,223.288,141,163,73,73,-26.624,87
2010,8,76,UConn,Big East,2,4,-30.201,-96.168,96,0.333,0.237,0.096,0.556,158.824,189.024,135,155,85,82,-31.456,91
2010,8,77,Toledo,Mid-American,5,3,-37.938,-57.246,84,0.625,0.331,0.294,1.812,165.766,203.704,184,220,111,108,-27.963,86
2010,8,78,Penn State,Big Ten,3,3,-39.394,-41.313,76,0.500,0.346,0.154,0.922,127.273,166.667,98,115,77,69,21.221,43
2010,8,79,Vanderbilt,SEC,2,5,-41.469,-46.897,79,0.286,0.290,-0.005,-0.084,136.082,177.551,132,174,97,98,7.069,55
2010,8,81,Central Michigan,Mid-American,1,6,-50.938,-103.203,100,0.143,0.143,-0.000,-0.056,178.824,229.762,152,193,85,84,-47.474,101
2010,8,81,Louisiana Tech,Western Athletic,2,4,-47.222,-35.010,69,0.333,0.394,-0.060,-0.386,177.778,225.000,144,180,81,80,4.285,54
2010,8,82,Indiana,Big Ten,3,3,-59.136,-67.048,88,0.500,0.336,0.164,0.988,219.737,278.873,167,198,76,71,-31.267,90
2010,8,83,Minnesota,Big Ten,1,6,-63.298,-61.530,86,0.143,0.335,-0.192,-1.275,191.463,254.762,157,214,82,84,3.166,58
2010,8,84,UAB,Conference USA,2,5,-63.373,-97.276,98,0.286,0.240,0.046,0.237,180.000,243.373,153,202,85,83,-37.119,96
2010,8,85,Purdue,Big Ten,3,3,-65.861,-67.063,89,0.500,0.247,0.253,1.548,136.842,202.703,104,150,76,74,-31.945,93
2010,8,86,Washington,Pac-10,3,4,-65.909,15.549,55,0.429,0.541,-0.112,-0.766,197.727,263.636,174,232,88,88,74.379,9
2010,8,87,Colorado,Big 12,3,4,-67.142,14.806,56,0.429,0.551,-0.123,-0.833,153.846,220.988,140,179,91,81,56.427,13
2010,8,88,Arizona State,Pac-10,1,4,-67.879,56.557,39,0.200,0.712,-0.512,-3.304,170.000,237.879,119,157,70,66,101.273,4
2010,8,89,Virginia,ACC,1,4,-71.682,-39.254,75,0.200,0.366,-0.166,-1.111,172.581,244.262,107,149,62,61,28.974,31
2010,8,90,Boston College,ACC,1,5,-73.362,-34.591,72,0.167,0.362,-0.196,-1.296,115.663,189.024,96,155,83,82,36.826,24
2010,8,91,UCLA,Pac-10,3,4,-77.626,19.416,52,0.429,0.573,-0.145,-0.974,165.556,243.182,149,214,90,88,75.387,8
2010,8,92,Tulane,Conference USA,2,4,-90.351,-118.604,104,0.333,0.185,0.148,0.885,176.316,266.667,134,200,76,75,-30.146,88
2010,8,93,BYU,Mountain West,3,5,-91.667,-36.784,73,0.375,0.364,0.011,0.015,133.333,225.000,128,216,96,96,53.429,14
2010,8,94,Miami (OH),Mid-American,4,4,-96.632,-99.937,99,0.500,0.216,0.284,1.745,146.667,243.299,154,236,105,97,-29.807,87
2010,8,95,Ball State,Mid-American,1,5,-101.815,-144.548,112,0.167,0.145,0.022,0.084,158.442,260.256,122,203,77,78,-59.578,111
2010,8,96,Iowa State,Big 12,3,4,-103.352,17.904,53,0.429,0.558,-0.130,-0.878,169.474,272.826,161,251,95,92,80.533,7
2010,8,97,Rice,Conference USA,2,6,-104.635,-137.297,109,0.250,0.177,0.073,0.408,172.816,277.451,178,283,103,102,-21.221,79
2010,8,98,Bowling Green,Mid-American,1,7,-109.574,-137.180,108,0.125,0.166,-0.041,-0.317,200.000,309.574,196,291,98,94,-55.001,104
2010,8,99,Florida Atlantic,Sun Belt,1,5,-112.937,-154.895,115,0.167,0.142,0.025,0.104,196.154,309.091,102,170,52,55,-69.237,112
2010,8,100,Western Kentucky,Sun Belt,1,6,-124.242,-110.723,102,0.143,0.241,-0.098,-0.677,266.667,390.909,176,258,66,66,-20.274,78
2010,8,101,Utah State,Western Athletic,1,5,-128.530,-81.862,94,0.167,0.228,-0.061,-0.442,125.316,253.846,99,198,79,78,28.752,32
2010,8,102,Louisiana,Sun Belt,2,5,-128.818,-146.889,114,0.286,0.137,0.148,0.885,153.000,281.818,153,279,100,99,-43.210,98
2010,8,104,Marshall,Conference USA,1,6,-137.319,-126.791,106,0.143,0.164,-0.021,-0.192,133.333,270.652,120,249,90,92,0.842,60
2010,8,106,Buffalo,Mid-American,1,5,-139.130,-145.193,113,0.167,0.050,0.117,0.687,85.870,225.000,79,216,92,96,-20.059,77
2010,8,106,North Texas,Sun Belt,1,6,-134.407,-159.627,115,0.143,0.060,0.083,0.442,173.529,307.937,118,194,68,63,-69.562,115
2010,8,107,UNLV,Mountain West,1,6,-138.462,-119.002,106,0.143,0.167,-0.024,-0.176,141.758,280.220,129,255,91,91,26.228,34
2010,8,108,Duke,ACC,0,6,-149.850,-60.451,85,0.000,0.300,-0.300,-1.961,137.209,287.059,118,244,86,85,53.329,15
2010,8,109,Colorado State,Mountain West,2,6,-149.956,-80.667,93,0.250,0.245,0.005,-0.024,140.860,290.816,131,285,93,98,39.630,22
2010,8,109,Wake Forest,ACC,1,5,-149.579,-61.466,85,0.167,0.334,-0.167,-1.005,189.610,339.189,146,251,77,74,70.950,11
2010,8,110,Tennessee,SEC,1,5,-152.778,-53.945,81,0.167,0.338,-0.171,-1.140,133.333,286.111,100,206,75,72,91.586,5
2010,8,111,Eastern Michigan,Mid-American,1,7,-181.365,-176.734,117,0.125,0.132,-0.007,-0.101,181.522,362.887,167,352,92,97,-56.635,105
2010,8,112,Wyoming,Mountain West,1,6,-181.481,-70.902,91,0.143,0.256,-0.114,-0.776,90.123,271.605,73,220,81,81,74.104,10
2010,8,113,Kansas,Big 12,2,4,-185.263,-107.424,101,0.333,0.208,0.125,0.741,144.737,330.000,110,231,76,70,2.802,59
2010,8,114,Washington State,Pac-10,0,7,-191.667,-54.915,83,0.000,0.350,-0.350,-2.279,145.833,337.500,140,297,96,88,108.676,2
2010,8,115,UL Monroe,Sun Belt,2,4,-198.648,-190.033,119,0.333,0.040,0.293,1.805,155.738,354.386,95,202,61,57,-23.318,80
2010,8,116,New Mexico,Mountain West,0,7,-205.769,-131.054,107,0.000,0.093,-0.093,-0.645,91.346,297.115,95,309,104,104,3.587,57
2010,8,117,Akron,Mid-American,0,7,-221.426,-233.380,120,0.000,0.034,-0.034,-0.274,96.552,317.978,84,283,87,89,-46.492,100
2010,8,118,Memphis,Conference USA,1,6,-229.108,-182.357,119,0.143,0.053,0.090,0.481,129.333,358.442,97,276,75,77,-10.767,74
2010,8,119,San José State,Western Athletic,0,6,-260.414,-53.932,80,0.000,0.253,-0.253,-1.659,68.919,329.333,51,247,74,75,123.398,1
2010,8,120,New Mexico State,Western Athletic,1,6,-264.267,-140.418,111,0.143,0.083,0.060,0.327,129.851,394.118,87,268,67,68,-4.003,67
2010,9,1,Boise State,Western Athletic,7,0,279.464,168.525,5,1.000,0.896,0.104,0.604,383.908,104.444,334,94,87,90,-13.378,69
2010,9,2,Oregon,Pac-10,7,0,262.424,217.453,1,1.000,0.929,0.071,0.392,393.617,131.193,370,143,94,109,18.620,48
2010,9,3,TCU,Mountain West,8,0,260.867,206.253,2,1.000,0.962,0.038,0.187,338.889,78.022,305,71,90,91,-14.229,70
2010,9,4,Utah,Mountain West,8,0,253.346,136.644,12,1.000,0.852,0.148,0.887,362.000,108.654,362,113,100,104,-41.278,96
2010,9,5,Ohio State,Big Ten,8,1,209.682,97.400,22,0.889,0.801,0.088,0.501,317.647,107.965,378,122,119,113,-37.053,92
2010,9,6,Alabama,SEC,7,1,195.749,162.743,7,0.875,0.895,-0.020,-0.183,304.444,108.696,274,100,90,92,16.957,46
2010,9,7,Nebraska,Big 12,6,1,186.242,186.866,3,0.857,0.905,-0.048,-0.362,332.558,146.316,286,139,86,95,30.973,34
2010,9,8,Stanford,Pac-10,6,1,179.060,176.186,4,0.857,0.866,-0.009,-0.114,367.949,188.889,287,153,78,81,33.820,29
2010,9,9,Nevada,Western Athletic,6,1,178.746,137.693,11,0.857,0.772,0.085,0.483,371.429,192.683,286,158,77,82,-31.023,87
2010,9,9,Virginia Tech,ACC,6,1,159.820,150.508,9,0.857,0.845,0.012,0.020,307.692,147.872,280,139,91,94,-1.394,64
2010,9,11,Iowa,Big Ten,5,2,147.885,149.312,9,0.714,0.893,-0.179,-1.194,277.647,129.762,236,109,85,84,30.865,35
2010,9,12,UCF,Conference USA,5,2,139.205,94.420,25,0.714,0.750,-0.036,-0.285,281.250,142.045,225,125,80,88,-50.405,103
2010,9,13,Auburn,SEC,9,0,123.407,135.794,13,1.000,0.797,0.203,1.235,324.324,200.917,360,219,111,109,30.220,37
2010,9,14,Arizona,Pac-10,6,1,119.138,138.125,10,0.857,0.885,-0.028,-0.232,245.882,126.744,209,109,85,86,34.652,27
2010,9,15,Oklahoma State,Big 12,7,1,118.836,103.169,20,0.875,0.764,0.111,0.646,304.202,185.366,362,228,119,123,8.404,59
2010,9,16,Hawai'i,Western Athletic,6,2,114.659,71.448,33,0.750,0.694,0.056,0.299,337.647,222.989,287,194,85,87,21.556,47
2010,9,17,Northern Illinois,Mid-American,6,2,112.542,22.900,48,0.750,0.563,0.187,1.132,263.542,151.000,253,151,96,100,-72.676,112
2010,9,18,Missouri,Big 12,6,1,107.642,156.108,7,0.857,0.920,-0.063,-0.459,228.261,120.619,210,117,92,97,53.952,14
2010,9,19,Oklahoma,Big 12,7,1,101.907,117.924,16,0.875,0.828,0.047,0.241,248.696,146.789,286,160,115,109,38.620,24
2010,9,20,South Carolina,SEC,5,2,94.135,129.729,14,0.714,0.828,-0.114,-0.781,265.385,171.250,207,137,78,80,32.271,33
2010,9,21,Houston,Conference USA,4,3,87.915,-0.715,61,0.571,0.498,0.073,0.408,308.140,220.225,265,196,86,89,-78.109,113
2010,9,22,Georgia,SEC,4,5,85.713,57.427,38,0.444,0.675,-0.230,-1.520,257.273,171.560,283,187,110,109,12.406,57
2010,9,23,Florida State,ACC,5,2,84.200,116.848,18,0.714,0.799,-0.084,-0.592,243.023,158.824,209,135,86,85,23.789,43
2010,9,24,San Diego State,Mountain West,5,2,78.858,37.257,44,0.714,0.592,0.122,0.722,254.945,176.087,232,162,91,92,-38.847,94
2010,9,25,Arkansas,SEC,5,2,78.012,101.740,21,0.714,0.749,-0.035,-0.280,262.222,184.211,236,175,90,95,33.176,30
2010,9,26,Florida,SEC,5,3,77.076,95.654,24,0.625,0.756,-0.131,-0.892,244.086,167.010,227,162,93,97,28.490,40
2010,9,28,LSU,SEC,6,1,76.035,119.273,16,0.857,0.841,0.016,0.045,209.756,133.721,172,115,82,86,36.202,25
2010,9,28,USC,Pac-10,5,3,75.542,117.299,17,0.625,0.763,-0.138,-0.931,303.093,227.551,294,223,97,98,47.861,20
2010,9,30,Temple,Mid-American,6,2,73.267,-34.266,75,0.750,0.386,0.364,2.258,212.871,139.604,215,141,101,101,-87.874,117
2010,9,30,Wisconsin,Big Ten,6,1,73.684,97.654,23,0.857,0.713,0.144,0.861,282.895,209.211,215,159,76,76,21.885,40
2010,9,31,Michigan State,Big Ten,7,1,72.229,89.133,29,0.875,0.761,0.114,0.671,241.837,169.608,237,173,98,102,14.668,51
2010,9,32,Pittsburgh,Big East,4,3,69.048,89.325,28,0.571,0.735,-0.164,-1.099,230.952,161.905,194,136,84,84,18.334,49
2010,9,33,Michigan,Big Ten,4,3,66.849,45.335,40,0.571,0.607,-0.035,-0.280,297.531,230.682,241,203,81,88,-7.556,67
2010,9,34,West Virginia,Big East,4,3,66.129,23.029,47,0.571,0.586,-0.015,-0.152,183.333,117.204,165,109,90,93,-31.055,88
2010,9,35,Louisville,Big East,3,4,65.432,3.826,57,0.429,0.515,-0.086,-0.603,234.568,169.136,190,137,81,81,-23.866,82
2010,9,36,Baylor,Big 12,6,2,64.608,42.962,41,0.750,0.611,0.139,0.827,269.608,205.000,275,205,102,100,-6.425,65
2010,9,37,Illinois,Big Ten,4,3,60.439,75.886,31,0.571,0.734,-0.163,-1.091,209.302,148.864,180,131,86,88,29.363,39
2010,9,38,Ohio,Mid-American,5,3,57.341,-56.004,82,0.625,0.329,0.296,1.826,260.674,203.333,232,183,89,90,-106.707,119
2010,9,39,Mississippi State,SEC,6,2,56.377,41.819,42,0.750,0.664,0.086,0.493,210.309,153.933,204,137,97,89,13.454,53
2010,9,40,Army,FBS Independents,4,3,47.968,-27.772,68,0.571,0.433,0.139,0.766,297.222,249.254,214,167,72,67,-64.662,111
2010,9,40,Texas A&M,Big 12,4,3,55.054,64.038,36,0.571,0.719,-0.148,-0.994,209.259,154.206,226,165,108,107,23.017,44
2010,9,41,Clemson,ACC,3,4,54.434,83.214,30,0.429,0.773,-0.344,-2.243,190.698,136.264,164,124,86,91,25.796,41
2010,9,43,Tulsa,Conference USA,4,3,44.253,9.032,54,0.571,0.523,0.049,0.254,294.253,250.000,256,215,87,86,-53.793,104
2010,9,44,NC State,ACC,5,2,40.716,92.825,26,0.714,0.774,-0.060,-0.437,227.451,186.735,232,183,102,98,50.835,17
2010,9,46,Navy,FBS Independents,4,3,35.616,23.255,46,0.571,0.563,0.009,-0.002,245.205,209.589,179,153,73,73,-16.558,72
2010,9,47,Maryland,ACC,5,2,35.461,1.053,59,0.714,0.504,0.211,1.283,202.128,166.667,190,155,94,93,-10.391,68
2010,9,49,Miami,ACC,4,3,32.527,90.111,27,0.571,0.782,-0.210,-1.394,187.629,155.102,182,152,97,98,56.328,12
2010,9,50,North Carolina,ACC,4,3,39.286,65.872,34,0.571,0.689,-0.117,-0.799,216.667,177.381,182,149,84,84,35.078,26
2010,9,50,Southern Miss,Conference USA,4,3,32.204,-29.690,72,0.571,0.415,0.157,0.939,240.625,208.421,231,198,96,95,-63.697,109
2010,9,51,Fresno State,Western Athletic,4,2,34.026,13.747,57,0.667,0.534,0.133,0.785,243.902,209.877,200,170,82,81,-23.423,82
2010,9,51,Kansas State,Big 12,4,3,29.963,62.519,37,0.571,0.689,-0.118,-0.805,233.333,203.371,203,181,87,89,51.745,15
2010,9,53,Troy,Sun Belt,4,3,26.923,-54.780,81,0.571,0.334,0.238,1.456,214.423,187.500,223,195,104,104,-82.054,114
2010,9,54,California,Pac-10,3,4,24.176,64.633,35,0.429,0.700,-0.271,-1.782,217.582,193.407,198,176,91,91,85.312,5
2010,9,54,Georgia Tech,ACC,4,3,28.734,9.970,58,0.571,0.527,0.044,0.226,232.143,203.409,195,179,84,88,-8.358,69
2010,9,55,Texas,Big 12,4,4,19.995,51.260,39,0.500,0.689,-0.189,-1.256,179.808,159.813,187,171,104,107,24.837,42
2010,9,56,Northwestern,Big Ten,5,2,19.579,-43.571,79,0.714,0.361,0.353,2.190,231.579,212.000,176,159,76,75,-54.916,106
2010,9,57,Oregon State,Pac-10,4,3,16.974,108.897,19,0.571,0.750,-0.179,-1.192,240.230,223.256,209,192,87,86,95.353,4
2010,9,58,UTEP,Conference USA,4,4,16.279,-142.653,111,0.500,0.122,0.378,2.348,239.535,223.256,206,192,86,86,-118.289,120
2010,9,59,Syracuse,Big East,4,2,15.157,2.878,58,0.667,0.511,0.155,0.931,165.789,150.633,126,119,76,79,-19.994,77
2010,9,60,Texas Tech,Big 12,4,4,6.492,15.395,49,0.500,0.541,-0.041,-0.320,227.679,221.186,255,261,112,118,12.687,56
2010,9,61,Air Force,Mountain West,4,4,5.705,40.348,43,0.500,0.605,-0.105,-0.725,226.437,220.732,197,181,87,82,43.146,22
2010,9,62,Arkansas State,Sun Belt,3,5,2.627,-69.245,90,0.375,0.315,0.060,0.326,285.185,282.558,231,243,81,86,-46.413,99
2010,9,62,Kent State,Mid-American,3,4,2.664,-99.564,99,0.429,0.172,0.257,1.576,153.684,151.020,146,148,95,98,-98.382,118
2010,9,64,SMU,Conference USA,5,4,1.412,-15.852,70,0.556,0.451,0.105,0.609,222.321,220.909,249,243,112,110,-16.589,73
2010,9,65,Cincinnati,Big East,2,5,-1.027,0.156,60,0.286,0.500,-0.215,-1.422,201.124,202.151,179,188,89,93,15.381,50
2010,9,65,South Florida,Big East,3,3,-4.715,-11.059,63,0.500,0.464,0.036,0.176,179.412,184.127,122,116,68,63,-23.325,81
2010,9,66,Arizona State,Pac-10,2,4,-2.393,73.755,32,0.333,0.763,-0.430,-2.788,196.341,198.734,161,157,82,79,72.130,8
2010,9,67,Toledo,Mid-American,6,3,-3.753,-49.955,80,0.667,0.336,0.331,2.046,180.800,184.553,226,227,125,123,-46.517,100
2010,9,69,Kentucky,SEC,4,5,-5.038,-5.074,63,0.444,0.488,-0.043,-0.331,258.772,263.810,295,277,114,105,11.052,58
2010,9,69,Rutgers,Big East,3,3,-12.026,-43.650,78,0.500,0.310,0.190,1.149,144.444,156.471,117,133,81,85,-31.717,92
2010,9,70,Notre Dame,FBS Independents,4,5,-5.739,7.289,55,0.444,0.524,-0.080,-0.563,185.714,191.453,234,224,126,117,30.451,36
2010,9,72,Western Michigan,Mid-American,2,5,-12.745,-73.800,91,0.286,0.270,0.015,0.041,189.216,201.961,193,206,102,102,-48.393,102
2010,9,73,East Carolina,Conference USA,5,3,-12.882,-14.358,67,0.625,0.467,0.158,0.946,266.364,279.245,293,296,110,106,6.011,60
2010,9,74,Middle Tennessee,Sun Belt,2,4,-26.667,-97.087,97,0.333,0.190,0.143,0.853,190.000,216.667,133,156,70,72,-82.811,117
2010,9,74,UConn,Big East,3,4,-25.842,-83.428,96,0.429,0.254,0.174,1.051,151.000,176.842,151,168,100,95,-28.913,86
2010,9,76,Ole Miss,SEC,3,4,-26.741,11.735,52,0.429,0.534,-0.105,-0.725,213.684,240.426,203,226,95,94,32.873,31
2010,9,77,Penn State,Big Ten,4,3,-26.856,-12.032,66,0.571,0.460,0.112,0.655,157.955,184.810,139,146,88,79,32.607,32
2010,9,78,Idaho,Western Athletic,3,4,-30.005,-21.549,71,0.429,0.441,-0.012,-0.135,284.058,314.062,196,201,69,64,-19.344,75
2010,9,79,Florida International,Sun Belt,2,5,-46.575,-78.752,94,0.286,0.272,0.014,0.032,205.479,252.055,150,184,73,73,-5.259,63
2010,9,80,Central Michigan,Mid-American,1,7,-47.616,-113.810,102,0.125,0.117,0.008,-0.007,171.134,218.750,166,210,97,96,-62.471,108
2010,9,81,Indiana,Big Ten,3,4,-48.030,-69.163,89,0.429,0.321,0.108,0.629,211.494,259.524,184,218,87,84,-38.593,93
2010,9,82,Virginia,ACC,2,4,-52.360,-14.930,68,0.333,0.449,-0.115,-0.789,174.667,227.027,131,168,75,74,35.517,26
2010,9,83,UAB,Conference USA,3,5,-52.545,-87.588,97,0.375,0.271,0.104,0.603,200.990,253.535,203,251,101,99,-35.731,91
2010,9,84,Boston College,ACC,2,5,-62.170,-5.601,64,0.286,0.478,-0.192,-1.278,119.149,181.319,112,165,94,91,50.707,18
2010,9,85,Louisiana Tech,Western Athletic,2,5,-69.149,-30.856,73,0.286,0.405,-0.119,-0.815,174.468,243.617,164,229,94,94,29.827,38
2010,9,86,Vanderbilt,SEC,2,6,-69.369,-61.802,83,0.250,0.247,0.003,-0.038,131.532,200.901,146,223,111,111,13.302,54
2010,9,87,UCLA,Pac-10,3,5,-73.927,25.212,45,0.375,0.586,-0.211,-1.399,166.667,240.594,170,243,102,101,80.196,7
2010,9,88,Miami (OH),Mid-American,5,4,-74.122,-100.511,100,0.556,0.207,0.349,2.161,144.628,218.750,175,245,121,112,-46.090,99
2010,9,89,Iowa State,Big 12,4,4,-77.650,15.266,50,0.500,0.548,-0.048,-0.363,176.636,254.286,189,267,107,105,56.284,13
2010,9,90,North Texas,Sun Belt,2,6,-82.833,-117.224,105,0.250,0.115,0.135,0.802,191.139,273.973,151,200,79,73,-82.170,115
2010,9,91,Florida Atlantic,Sun Belt,2,5,-88.916,-140.441,110,0.286,0.166,0.119,0.703,236.538,325.455,123,179,52,55,-54.783,105
2010,9,92,Tulane,Conference USA,2,5,-89.888,-114.546,104,0.286,0.188,0.098,0.566,169.663,259.551,151,231,89,89,-25.774,83
2010,9,93,BYU,Mountain West,3,5,-91.667,-36.784,73,0.375,0.364,0.011,0.015,133.333,225.000,128,216,96,96,53.429,14
2010,9,93,Colorado,Big 12,3,5,-90.827,-3.794,62,0.375,0.487,-0.112,-0.768,142.857,233.684,150,222,105,95,57.624,11
2010,9,95,Purdue,Big Ten,3,4,-92.365,-78.805,95,0.429,0.227,0.201,1.223,128.090,220.455,114,194,89,88,-20.918,80
2010,9,96,Bowling Green,Mid-American,2,7,-94.099,-134.005,108,0.222,0.170,0.052,0.276,193.636,287.736,213,305,110,106,-65.224,111
2010,9,97,Rice,Conference USA,2,6,-104.635,-137.297,109,0.250,0.177,0.073,0.408,172.816,277.451,178,283,103,102,-21.221,79
2010,9,97,Washington,Pac-10,3,5,-100.000,12.353,51,0.375,0.536,-0.161,-1.079,175.758,275.758,174,273,99,99,95.648,3
2010,9,98,Minnesota,Big Ten,1,7,-102.340,-76.365,93,0.125,0.297,-0.172,-1.147,177.660,280.000,167,266,94,95,13.009,55
2010,9,100,Ball State,Mid-American,1,6,-107.071,-157.107,117,0.143,0.128,0.014,0.036,149.451,256.522,136,236,91,92,-64.888,110
2010,9,101,Colorado State,Mountain West,3,6,-110.234,-64.905,84,0.333,0.303,0.030,0.135,164.078,274.312,169,299,103,109,13.945,52
2010,9,102,Marshall,Conference USA,2,6,-120.065,-128.881,106,0.250,0.137,0.113,0.661,133.333,253.398,136,261,102,103,-20.233,78
2010,9,103,Louisiana,Sun Belt,2,6,-122.754,-147.945,115,0.250,0.149,0.101,0.584,162.832,285.586,184,317,113,111,-47.450,101
2010,9,104,Utah State,Western Athletic,1,6,-125.860,-67.235,85,0.143,0.291,-0.148,-0.999,153.261,279.121,141,254,92,91,42.961,23
2010,9,105,Buffalo,Mid-American,1,6,-129.364,-144.855,113,0.143,0.041,0.101,0.588,82.243,211.607,88,237,107,112,-27.418,84
2010,9,106,Duke,ACC,1,6,-131.140,-42.906,78,0.143,0.370,-0.228,-1.503,158.333,289.474,152,275,96,95,50.334,19
2010,9,107,UL Monroe,Sun Belt,3,4,-134.048,-142.873,112,0.429,0.085,0.344,2.128,161.842,295.890,123,216,76,73,-20.471,79
2010,9,108,Western Kentucky,Sun Belt,1,7,-138.448,-147.050,114,0.125,0.173,-0.048,-0.364,239.474,377.922,182,291,76,77,-35.236,90
2010,9,109,Tennessee,SEC,1,6,-146.290,-38.671,76,0.143,0.387,-0.244,-1.606,144.186,290.476,124,244,86,84,100.138,2
2010,9,110,UNLV,Mountain West,1,7,-164.706,-114.026,103,0.125,0.177,-0.052,-0.387,132.353,297.059,135,303,102,102,44.869,21
2010,9,111,Wyoming,Mountain West,1,7,-169.481,-72.429,90,0.125,0.274,-0.149,-1.001,115.625,285.106,111,268,96,94,68.938,9
2010,9,112,Wake Forest,ACC,1,6,-173.865,-74.978,92,0.143,0.295,-0.152,-1.025,173.913,347.778,160,313,92,90,62.688,10
2010,9,113,Kansas,Big 12,2,5,-174.281,-105.681,101,0.286,0.203,0.083,0.469,141.573,315.854,126,259,89,82,4.549,61
2010,9,114,Eastern Michigan,Mid-American,1,8,-192.338,-187.593,118,0.111,0.105,0.006,-0.016,162.617,354.955,174,394,107,111,-57.090,107
2010,9,115,New Mexico,Mountain West,0,8,-209.603,-155.549,116,0.000,0.074,-0.074,-0.526,94.783,304.386,109,347,115,114,-6.147,64
2010,9,116,Washington State,Pac-10,0,8,-210.560,-67.891,86,0.000,0.310,-0.310,-2.029,128.440,339.000,140,339,109,100,104.418,1
2010,9,117,Akron,Mid-American,0,8,-222.014,-229.462,120,0.000,0.028,-0.028,-0.234,84.848,306.863,84,313,99,102,-39.012,95
2010,9,118,San José State,Western Athletic,0,7,-228.073,-68.252,87,0.000,0.244,-0.244,-1.607,92.857,320.930,78,276,84,86,82.836,6
2010,9,119,New Mexico State,Western Athletic,2,6,-229.487,-134.341,109,0.250,0.128,0.122,0.718,148.718,378.205,116,295,78,78,-19.602,76
2010,9,120,Memphis,Conference USA,1,7,-249.051,-208.248,119,0.125,0.041,0.084,0.477,132.558,381.609,114,332,86,87,-18.963,74
2010,10,1,Boise State,Western Athletic,8,0,277.942,177.464,4,1.000,0.914,0.086,0.514,376.000,98.058,376,101,100,103,-8.625,69
2010,10,2,TCU,Mountain West,9,0,263.462,214.404,2,1.000,0.969,0.031,0.156,338.462,75.000,352,78,104,104,-3.375,68
2010,10,3,Oregon,Pac-10,8,0,256.320,218.382,1,1.000,0.936,0.064,0.368,384.545,128.226,423,159,110,124,23.362,44
2010,10,5,Nevada,Western Athletic,7,1,193.299,129.433,11,0.875,0.761,0.114,0.694,383.516,190.217,349,175,91,92,-37.122,94
2010,10,5,Ohio State,Big Ten,8,1,209.682,97.400,22,0.889,0.801,0.088,0.501,317.647,107.965,378,122,119,113,-37.053,92
2010,10,6,Utah,Mountain West,8,1,190.955,125.509,14,0.889,0.837,0.052,0.292,326.549,135.593,369,160,113,118,-10.849,71
2010,10,7,Stanford,Pac-10,7,1,180.773,196.578,3,0.875,0.884,-0.009,-0.107,365.556,184.783,329,170,90,92,47.576,18
2010,10,8,Alabama,SEC,7,2,169.985,164.062,6,0.778,0.917,-0.140,-0.958,289.216,119.231,295,124,102,104,37.253,26
2010,10,9,Nebraska,Big 12,7,1,163.721,167.155,5,0.875,0.871,0.004,-0.018,320.202,156.481,317,169,99,108,29.786,36
2010,10,10,Virginia Tech,ACC,7,1,152.570,147.947,7,0.875,0.850,0.025,0.116,304.950,152.381,308,160,101,105,3.897,64
2010,10,11,Iowa,Big Ten,6,2,134.796,127.457,13,0.750,0.869,-0.119,-0.823,264.583,129.787,254,122,96,94,19.612,45
2010,10,12,UCF,Conference USA,6,2,130.043,88.352,27,0.750,0.735,0.015,0.050,288.043,158.000,265,158,92,100,-45.661,97
2010,10,13,Auburn,SEC,9,0,123.407,135.794,13,1.000,0.797,0.203,1.235,324.324,200.917,360,219,111,109,30.220,37
2010,10,13,Oklahoma State,Big 12,8,1,126.673,124.024,15,0.889,0.799,0.090,0.539,313.534,186.861,417,256,133,137,18.360,48
2010,10,16,Florida,SEC,6,3,102.330,96.500,22,0.667,0.760,-0.093,-0.655,254.054,151.724,282,176,111,116,19.059,46
2010,10,17,Arkansas,SEC,6,2,90.295,131.485,10,0.750,0.804,-0.054,-0.397,274.257,183.962,277,195,101,106,47.628,17
2010,10,17,Northern Illinois,Mid-American,6,2,112.542,22.900,48,0.750,0.563,0.187,1.132,263.542,151.000,253,151,96,100,-72.676,112
2010,10,18,Wisconsin,Big Ten,7,1,89.696,91.629,24,0.875,0.705,0.170,1.065,282.955,193.258,249,172,88,89,2.415,65
2010,10,19,Missouri,Big 12,6,2,86.257,128.491,12,0.750,0.891,-0.141,-0.964,212.150,125.893,227,141,107,112,44.938,20
2010,10,21,Navy,FBS Independents,5,3,82.875,51.030,38,0.625,0.633,-0.008,-0.101,296.512,213.636,255,188,86,88,-15.216,74
2010,10,22,Georgia,SEC,4,5,85.713,57.427,38,0.444,0.675,-0.230,-1.520,257.273,171.560,283,187,110,109,12.406,57
2010,10,22,Michigan State,Big Ten,8,1,82.808,86.307,31,0.889,0.756,0.133,0.823,245.872,163.063,268,181,109,111,-1.321,67
2010,10,23,Arizona,Pac-10,6,2,81.335,115.927,16,0.750,0.829,-0.079,-0.563,235.417,154.082,226,151,96,98,49.820,15
2010,10,24,Oklahoma,Big 12,7,2,80.215,98.578,21,0.778,0.787,-0.010,-0.109,234.615,154.400,305,193,130,125,36.928,27
2010,10,25,Temple,Mid-American,7,2,79.310,-29.078,71,0.778,0.402,0.375,2.404,209.483,130.172,243,151,116,116,-90.064,116
2010,10,26,Tulsa,Conference USA,5,3,76.294,18.655,52,0.625,0.545,0.080,0.473,323.232,246.939,320,242,99,98,-65.483,108
2010,10,27,San Diego State,Mountain West,6,2,72.115,27.365,48,0.750,0.571,0.179,1.125,246.154,174.038,256,181,104,104,-42.511,95
2010,10,28,Houston,Conference USA,4,4,70.418,5.602,58,0.500,0.513,-0.013,-0.130,304.082,233.663,298,236,98,101,-54.827,104
2010,10,29,Florida State,ACC,5,3,70.263,107.219,18,0.625,0.775,-0.150,-1.023,244.000,173.737,244,172,100,99,27.578,40
2010,10,30,LSU,SEC,7,1,69.735,131.627,9,0.875,0.861,0.014,0.045,208.511,138.776,196,136,94,98,55.815,11
2010,10,32,Pittsburgh,Big East,4,3,69.048,89.325,28,0.571,0.735,-0.164,-1.099,230.952,161.905,194,136,84,84,18.334,49
2010,10,32,USC,Pac-10,6,3,68.947,111.986,17,0.667,0.750,-0.083,-0.589,295.495,226.549,328,256,111,113,47.723,16
2010,10,34,Louisville,Big East,4,4,65.591,13.178,54,0.500,0.547,-0.047,-0.352,234.409,168.817,218,157,93,93,-19.385,78
2010,10,34,West Virginia,Big East,4,3,66.129,23.029,47,0.571,0.586,-0.015,-0.152,183.333,117.204,165,109,90,93,-31.055,88
2010,10,35,Ohio,Mid-American,6,3,65.347,-49.786,81,0.667,0.356,0.311,1.983,263.366,198.020,266,200,101,101,-110.249,120
2010,10,36,Hawai'i,Western Athletic,6,3,64.000,50.088,39,0.667,0.645,0.022,0.094,300.000,236.000,294,236,98,100,33.356,34
2010,10,37,South Carolina,SEC,5,3,59.452,106.668,19,0.625,0.776,-0.151,-1.034,255.056,195.604,227,178,89,91,45.255,19
2010,10,38,Texas A&M,Big 12,5,3,58.051,87.447,28,0.625,0.790,-0.165,-1.121,208.871,150.820,259,184,124,122,41.606,24
2010,10,39,Mississippi State,SEC,6,2,56.377,41.819,42,0.750,0.664,0.086,0.493,210.309,153.933,204,137,97,89,13.454,53
2010,10,40,Michigan,Big Ten,5,3,54.483,49.922,40,0.625,0.611,0.014,0.043,304.950,250.467,308,268,101,107,4.530,63
2010,10,41,Illinois,Big Ten,4,4,50.000,73.052,33,0.500,0.713,-0.213,-1.437,233.333,183.333,245,198,105,108,31.457,35
2010,10,42,Kansas State,Big 12,5,3,47.935,82.803,32,0.625,0.744,-0.119,-0.824,237.255,189.320,242,195,102,103,53.376,12
2010,10,43,Clemson,ACC,4,4,46.788,86.500,30,0.500,0.787,-0.287,-1.920,179.798,133.010,178,137,99,103,36.339,28
2010,10,44,Southern Miss,Conference USA,5,3,39.727,-31.255,73,0.625,0.410,0.215,1.357,245.133,205.405,277,228,113,111,-71.398,110
2010,10,45,NC State,ACC,5,3,37.435,87.075,29,0.625,0.765,-0.140,-0.962,214.912,177.477,245,197,114,111,50.253,14
2010,10,46,Miami,ACC,5,3,35.871,88.645,26,0.625,0.781,-0.156,-1.067,190.826,154.955,208,172,109,111,51.232,13
2010,10,47,North Carolina,ACC,5,3,35.714,71.760,34,0.625,0.708,-0.083,-0.586,223.469,187.755,219,184,98,98,43.031,23
2010,10,48,Fresno State,Western Athletic,5,2,34.589,3.252,59,0.714,0.509,0.206,1.295,244.898,210.309,240,204,98,97,-33.966,91
2010,10,49,Baylor,Big 12,6,3,33.137,31.943,46,0.667,0.584,0.083,0.495,261.207,228.070,303,260,116,114,9.471,60
2010,10,50,Arkansas State,Sun Belt,4,5,33.000,-37.138,78,0.444,0.403,0.042,0.225,300.000,267.000,282,267,94,100,-49.122,100
2010,10,51,Troy,Sun Belt,5,3,32.692,-50.966,82,0.625,0.340,0.285,1.812,253.846,221.154,264,230,104,104,-78.240,114
2010,10,52,UTEP,Conference USA,5,4,29.167,-109.759,102,0.556,0.186,0.369,2.364,243.750,214.583,234,206,96,96,-105.941,119
2010,10,53,California,Pac-10,4,4,26.120,47.062,41,0.500,0.657,-0.157,-1.074,209.615,183.495,218,189,104,103,59.468,9
2010,10,54,Air Force,Mountain West,5,4,25.457,51.527,37,0.556,0.633,-0.077,-0.552,241.414,215.957,239,203,99,94,35.496,30
2010,10,55,Maryland,ACC,5,3,23.881,11.293,57,0.625,0.539,0.086,0.517,196.262,172.381,210,181,107,105,9.132,61
2010,10,56,Army,FBS Independents,4,4,16.395,-24.656,68,0.500,0.438,0.062,0.356,280.952,264.557,236,209,84,79,-32.467,90
2010,10,57,Georgia Tech,ACC,4,4,16.144,17.238,53,0.500,0.548,-0.048,-0.358,227.368,211.224,216,207,95,98,12.337,55
2010,10,58,Oregon State,Pac-10,4,4,12.189,94.054,23,0.500,0.726,-0.226,-1.524,229.897,217.708,223,209,97,96,85.953,3
2010,10,59,Texas Tech,Big 12,5,4,10.662,33.692,45,0.556,0.594,-0.039,-0.301,219.685,209.023,279,278,127,133,26.100,41
2010,10,60,Syracuse,Big East,4,3,4.371,-5.499,62,0.571,0.480,0.092,0.550,165.909,161.538,146,147,88,91,-15.580,75
2010,10,61,Northwestern,Big Ten,5,3,0.875,-55.508,84,0.625,0.334,0.291,1.849,223.864,222.989,197,194,88,87,-48.566,99
2010,10,63,Texas,Big 12,4,5,-1.792,33.959,44,0.444,0.626,-0.181,-1.230,170.339,172.131,201,210,118,122,28.250,39
2010,10,64,Ole Miss,SEC,4,4,-3.112,19.476,51,0.500,0.555,-0.055,-0.403,229.907,233.019,246,247,107,106,15.056,53
2010,10,65,Cincinnati,Big East,2,5,-1.027,0.156,60,0.286,0.500,-0.215,-1.422,201.124,202.151,179,188,89,93,15.381,50
2010,10,65,South Florida,Big East,4,3,-3.167,-18.258,65,0.571,0.445,0.126,0.776,187.500,190.667,150,143,80,75,-29.961,88
2010,10,67,Toledo,Mid-American,6,3,-3.753,-49.955,80,0.667,0.336,0.331,2.046,180.800,184.553,226,227,125,123,-46.517,100
2010,10,68,Arizona State,Pac-10,2,5,-5.376,71.745,35,0.286,0.744,-0.458,-3.036,200.000,205.376,194,191,97,93,73.617,6
2010,10,69,Kentucky,SEC,4,5,-5.038,-5.074,63,0.444,0.488,-0.043,-0.331,258.772,263.810,295,277,114,105,11.052,58
2010,10,70,Notre Dame,FBS Independents,4,5,-5.739,7.289,55,0.444,0.524,-0.080,-0.563,185.714,191.453,234,224,126,117,30.451,36
2010,10,70,Penn State,Big Ten,5,3,-9.516,-7.142,63,0.625,0.477,0.148,0.921,174.000,183.516,174,167,100,91,17.334,49
2010,10,71,SMU,Conference USA,5,5,-10.260,-33.595,76,0.500,0.399,0.101,0.615,215.574,225.833,263,271,122,120,-20.259,79
2010,10,72,Rutgers,Big East,3,4,-11.141,-31.897,74,0.429,0.373,0.055,0.314,154.839,165.979,144,161,93,97,-20.478,80
2010,10,73,Western Michigan,Mid-American,2,6,-12.946,-81.783,94,0.250,0.257,-0.007,-0.091,185.345,198.291,215,232,116,117,-57.529,105
2010,10,74,Kent State,Mid-American,3,5,-13.934,-106.449,100,0.375,0.154,0.221,1.395,141.818,155.752,156,176,110,113,-90.414,118
2010,10,74,UConn,Big East,3,4,-25.842,-83.428,96,0.429,0.254,0.174,1.051,151.000,176.842,151,168,100,95,-28.913,86
2010,10,76,Florida International,Sun Belt,3,5,-28.468,-69.963,89,0.375,0.313,0.062,0.356,223.256,251.724,192,219,86,87,-20.898,81
2010,10,77,BYU,Mountain West,4,5,-38.224,-30.026,72,0.444,0.386,0.058,0.332,166.364,204.587,183,223,110,109,28.368,38
2010,10,78,Central Michigan,Mid-American,2,7,-39.481,-108.707,101,0.222,0.137,0.085,0.507,171.429,210.909,192,232,112,110,-65.810,109
2010,10,79,Indiana,Big Ten,3,5,-45.328,-45.234,80,0.375,0.375,-0.000,-0.049,203.093,248.421,197,236,97,95,-14.281,73
2010,10,80,Boston College,ACC,3,5,-47.816,-7.328,64,0.375,0.471,-0.096,-0.673,125.000,172.816,135,178,108,103,34.948,32
2010,10,81,East Carolina,Conference USA,5,4,-50.205,-33.324,75,0.556,0.427,0.129,0.794,262.400,312.605,328,372,125,119,12.701,54
2010,10,82,Virginia,ACC,2,5,-50.575,-21.764,66,0.286,0.436,-0.151,-1.029,205.747,256.322,179,223,87,87,24.773,42
2010,10,83,Middle Tennessee,Sun Belt,2,5,-56.625,-121.751,106,0.286,0.154,0.131,0.811,186.905,243.529,157,207,84,85,-73.042,113
2010,10,84,UAB,Conference USA,3,6,-58.253,-100.324,98,0.333,0.244,0.089,0.536,191.304,249.558,220,282,115,113,-43.119,96
2010,10,85,Louisiana Tech,Western Athletic,2,6,-64.545,-28.708,70,0.250,0.413,-0.163,-1.112,180.000,244.545,198,269,110,110,29.078,37
2010,10,86,UCLA,Pac-10,4,5,-64.567,36.107,43,0.444,0.626,-0.182,-1.233,166.964,231.532,187,257,112,111,81.649,4
2010,10,87,Idaho,Western Athletic,3,5,-68.841,-27.459,69,0.375,0.421,-0.046,-0.347,269.620,338.462,213,264,79,78,-0.384,66
2010,10,88,Iowa State,Big 12,4,5,-70.042,30.216,47,0.444,0.593,-0.149,-1.020,182.500,252.542,219,298,120,118,67.531,7
2010,10,88,Miami (OH),Mid-American,5,4,-74.122,-100.511,100,0.556,0.207,0.349,2.161,144.628,218.750,175,245,121,112,-46.090,99
2010,10,89,Florida Atlantic,Sun Belt,3,5,-73.653,-144.189,112,0.375,0.128,0.247,1.565,208.955,282.609,140,195,67,69,-72.648,112
2010,10,91,Ball State,Mid-American,2,6,-81.633,-164.730,117,0.250,0.120,0.130,0.805,160.185,241.818,173,266,108,110,-90.411,117
2010,10,92,Colorado,Big 12,3,6,-87.037,-23.980,67,0.333,0.429,-0.096,-0.671,166.667,253.704,195,274,117,108,33.392,33
2010,10,93,Tulane,Conference USA,2,6,-88.940,-111.490,103,0.250,0.195,0.055,0.315,172.381,261.321,181,277,105,106,-23.429,83
2010,10,94,Tennessee,SEC,2,6,-89.265,-38.127,79,0.250,0.390,-0.140,-0.959,174.000,263.265,174,258,100,98,58.332,10
2010,10,95,Vanderbilt,SEC,2,7,-92.427,-60.289,86,0.222,0.252,-0.030,-0.242,123.077,215.504,160,278,130,129,24.209,43
2010,10,96,Bowling Green,Mid-American,2,7,-94.099,-134.005,108,0.222,0.170,0.052,0.276,193.636,287.736,213,305,110,106,-65.224,111
2010,10,96,Marshall,Conference USA,3,6,-93.641,-112.209,104,0.333,0.164,0.169,1.056,143.966,237.607,167,278,116,117,-26.744,86
2010,10,98,North Texas,Sun Belt,2,7,-94.694,-121.495,105,0.222,0.123,0.100,0.603,235.443,330.137,186,241,79,73,-86.441,115
2010,10,99,Colorado State,Mountain West,3,7,-101.276,-61.358,87,0.300,0.306,-0.006,-0.087,163.478,264.754,188,323,115,122,12.235,56
2010,10,100,Purdue,Big Ten,3,5,-103.490,-83.950,95,0.375,0.205,0.170,1.063,124.510,228.000,127,228,102,100,-10.381,70
2010,10,101,Utah State,Western Athletic,2,6,-106.894,-77.945,91,0.250,0.268,-0.018,-0.161,158.491,265.385,168,276,106,104,15.523,51
2010,10,102,Minnesota,Big Ten,1,8,-110.286,-84.788,97,0.111,0.272,-0.161,-1.100,169.903,280.189,175,297,103,106,16.092,50
2010,10,103,Duke,ACC,2,6,-111.961,-34.920,77,0.250,0.407,-0.157,-1.070,189.908,301.869,207,323,109,107,43.780,22
2010,10,104,Western Kentucky,Sun Belt,1,8,-114.783,-145.477,114,0.111,0.154,-0.043,-0.328,220.000,334.783,198,308,90,92,-47.760,98
2010,10,105,Washington,Pac-10,3,6,-116.812,11.735,56,0.333,0.536,-0.202,-1.366,166.667,283.478,190,326,114,115,104.478,1
2010,10,106,UL Monroe,Sun Belt,3,5,-124.444,-136.641,110,0.375,0.118,0.257,1.629,175.556,300.000,158,258,90,86,-21.286,82
2010,10,107,Rice,Conference USA,2,7,-126.125,-144.865,113,0.222,0.169,0.054,0.303,178.261,304.386,205,347,115,114,-15.761,76
2010,10,108,Louisiana,Sun Belt,2,7,-128.683,-145.958,115,0.222,0.154,0.068,0.396,164.000,292.683,205,360,125,123,-36.259,93
2010,10,109,Buffalo,Mid-American,1,7,-129.565,-150.045,116,0.125,0.052,0.073,0.432,88.983,218.548,105,271,118,124,-31.189,89
2010,10,110,Kansas,Big 12,3,5,-148.894,-84.750,96,0.375,0.278,0.097,0.589,174.510,323.404,178,304,102,94,8.577,62
2010,10,111,Wyoming,Mountain West,1,8,-150.762,-81.383,93,0.111,0.265,-0.153,-1.048,131.481,282.243,142,302,108,107,44.633,21
2010,10,112,Wake Forest,ACC,1,7,-156.731,-66.320,88,0.125,0.311,-0.186,-1.260,166.346,323.077,173,336,104,104,61.132,8
2010,10,113,UNLV,Mountain West,1,8,-185.142,-127.041,108,0.111,0.156,-0.045,-0.339,123.478,308.621,142,358,115,116,35.994,29
2010,10,114,Eastern Michigan,Mid-American,1,8,-192.338,-187.593,118,0.111,0.105,0.006,-0.016,162.617,354.955,174,394,107,111,-57.090,107
2010,10,114,New Mexico,Mountain West,1,8,-188.281,-143.600,111,0.111,0.111,-0.000,-0.049,111.719,300.000,143,378,128,126,-11.154,72
2010,10,115,Washington State,Pac-10,0,9,-191.253,-59.530,85,0.000,0.325,-0.325,-2.170,126.446,317.699,153,359,121,113,98.691,2
2010,10,117,Akron,Mid-American,0,9,-196.682,-226.434,120,0.000,0.028,-0.028,-0.233,97.436,294.118,114,350,117,119,-51.480,103
2010,10,118,New Mexico State,Western Athletic,2,7,-198.352,-125.796,107,0.222,0.141,0.082,0.486,151.648,350.000,138,322,91,92,-24.073,84
2010,10,118,San José State,Western Athletic,0,7,-228.073,-68.252,87,0.000,0.244,-0.244,-1.607,92.857,320.930,78,276,84,86,82.836,6
2010,10,120,Memphis,Conference USA,1,8,-250.218,-207.044,119,0.111,0.040,0.071,0.415,128.000,378.218,128,382,100,101,-16.419,77
2010,11,1,Boise State,Western Athletic,9,0,274.716,166.441,5,1.000,0.906,0.094,0.578,372.174,97.458,428,115,115,118,-19.712,79
2010,11,2,Oregon,Pac-10,9,0,232.546,206.871,1,1.000,0.932,0.068,0.407,359.016,126.471,438,172,122,136,31.668,33
2010,11,3,TCU,Mountain West,10,0,229.800,185.347,3,1.000,0.946,0.054,0.320,323.967,94.167,392,113,121,120,-12.308,71
2010,11,4,Ohio State,Big Ten,9,1,213.681,121.280,14,0.900,0.840,0.060,0.356,322.481,108.800,416,136,129,125,-26.061,90
2010,11,5,Alabama,SEC,8,2,170.558,168.329,4,0.800,0.917,-0.117,-0.785,285.088,114.530,325,134,114,117,36.893,27
2010,11,6,Nevada,Western Athletic,8,1,166.318,115.416,16,0.889,0.742,0.147,0.916,369.231,202.913,384,209,104,103,-28.204,91
2010,11,7,Stanford,Pac-10,8,1,163.254,190.340,2,0.889,0.884,0.004,-0.002,339.216,175.962,346,183,102,104,54.190,11
2010,11,8,Nebraska,Big 12,8,1,158.744,148.210,8,0.889,0.862,0.027,0.142,300.893,142.149,337,172,112,121,11.575,54
2010,11,9,Utah,Mountain West,8,2,156.489,82.831,30,0.800,0.754,0.046,0.266,300.000,143.511,372,188,124,131,-21.080,80
2010,11,10,Virginia Tech,ACC,8,1,149.023,153.555,6,0.889,0.866,0.022,0.115,295.575,146.552,334,170,113,116,11.538,55
2010,11,11,Wisconsin,Big Ten,8,1,145.592,113.338,17,0.889,0.749,0.140,0.871,332.000,186.408,332,192,100,103,5.465,63
2010,11,12,Northern Illinois,Mid-American,7,2,132.971,39.259,44,0.778,0.603,0.174,1.092,291.743,158.772,318,181,109,114,-71.460,111
2010,11,13,Oklahoma State,Big 12,9,1,129.011,123.742,13,0.900,0.795,0.105,0.643,310.345,181.333,450,272,145,150,13.452,51
2010,11,14,Auburn,SEC,10,0,127.932,151.793,7,1.000,0.810,0.190,1.195,338.017,210.084,409,250,121,119,38.777,24
2010,11,15,UCF,Conference USA,6,3,121.870,87.301,27,0.667,0.734,-0.067,-0.460,310.870,189.000,286,189,92,100,-46.713,98
2010,11,16,Iowa,Big Ten,6,3,117.281,105.931,22,0.667,0.824,-0.158,-1.043,250.926,133.645,271,143,108,107,12.277,53
2010,11,17,Arkansas,SEC,7,2,111.845,130.558,9,0.778,0.796,-0.018,-0.148,296.460,184.615,335,216,113,117,31.860,31
2010,11,18,LSU,SEC,8,1,110.487,130.208,10,0.889,0.865,0.024,0.124,230.841,120.354,247,136,107,113,38.888,23
2010,11,19,Oklahoma,Big 12,8,2,100.198,106.372,21,0.800,0.815,-0.015,-0.129,243.056,142.857,350,200,144,140,30.553,34
2010,11,20,Missouri,Big 12,7,2,86.706,129.002,11,0.778,0.872,-0.094,-0.635,220.833,134.127,265,169,120,126,44.476,19
2010,11,22,Michigan State,Big Ten,8,1,82.808,86.307,31,0.889,0.756,0.133,0.823,245.872,163.063,268,181,109,111,-1.321,67
2010,11,22,West Virginia,Big East,5,3,81.166,50.348,39,0.625,0.688,-0.063,-0.437,192.381,111.215,202,119,105,107,-18.881,77
2010,11,24,Navy,FBS Independents,6,3,77.936,44.552,40,0.667,0.609,0.058,0.341,305.208,227.273,293,225,96,99,-19.182,78
2010,11,25,Florida,SEC,6,4,74.369,84.631,29,0.600,0.734,-0.134,-0.894,238.710,164.341,296,212,124,129,31.857,32
2010,11,25,Temple,Mid-American,7,2,79.310,-29.078,71,0.778,0.402,0.375,2.404,209.483,130.172,243,151,116,116,-90.064,116
2010,11,26,South Carolina,SEC,6,3,73.228,127.213,12,0.667,0.825,-0.158,-1.049,257.843,184.615,263,192,102,104,53.820,12
2010,11,27,Arizona,Pac-10,6,3,73.201,110.701,19,0.667,0.819,-0.152,-1.008,235.238,162.037,247,175,105,108,52.680,14
2010,11,28,Tulsa,Conference USA,6,3,70.174,22.349,50,0.667,0.558,0.109,0.671,310.714,240.541,348,267,112,111,-55.005,104
2010,11,29,Florida State,ACC,6,3,66.639,112.631,18,0.667,0.788,-0.122,-0.811,236.364,169.725,260,185,110,109,38.505,25
2010,11,32,USC,Pac-10,7,3,63.860,118.014,15,0.700,0.760,-0.060,-0.415,290.909,227.049,352,277,121,122,59.511,8
2010,11,33,Georgia,SEC,4,6,63.347,52.138,38,0.400,0.650,-0.250,-1.640,261.667,198.319,314,236,120,119,29.619,37
2010,11,34,Pittsburgh,Big East,4,4,61.862,74.734,31,0.500,0.701,-0.201,-1.321,231.250,169.388,222,166,96,98,10.236,58
2010,11,35,Ohio,Mid-American,6,3,65.347,-49.786,81,0.667,0.356,0.311,1.983,263.366,198.020,266,200,101,101,-110.249,120
2010,11,35,San Diego State,Mountain West,6,3,59.855,34.505,46,0.667,0.591,0.076,0.460,242.500,182.645,291,221,120,121,-25.769,89
2010,11,36,Hawai'i,Western Athletic,6,3,64.000,50.088,39,0.667,0.645,0.022,0.094,300.000,236.000,294,236,98,100,33.356,34
2010,11,36,NC State,ACC,6,3,59.733,96.228,23,0.667,0.791,-0.124,-0.826,226.400,166.667,283,200,125,120,35.888,28
2010,11,37,Texas A&M,Big 12,6,3,59.597,90.129,26,0.667,0.786,-0.119,-0.796,218.116,158.519,301,214,138,135,41.689,21
2010,11,38,Houston,Conference USA,4,5,59.412,3.684,55,0.444,0.509,-0.064,-0.444,290.991,231.579,323,264,111,114,-47.466,101
2010,11,39,Louisville,Big East,4,5,55.772,3.618,56,0.444,0.513,-0.069,-0.471,223.364,167.593,239,181,107,108,-24.216,86
2010,11,40,Miami,ACC,6,3,53.320,107.170,20,0.667,0.826,-0.159,-1.052,202.500,149.180,243,182,120,122,48.661,18
2010,11,41,Michigan,Big Ten,6,3,53.004,42.095,41,0.667,0.598,0.069,0.411,283.898,230.894,335,284,118,123,-4.789,70
2010,11,42,Southern Miss,Conference USA,6,3,48.242,-25.353,71,0.667,0.427,0.240,1.514,272.566,224.324,308,249,113,111,-65.496,109
2010,11,43,Air Force,Mountain West,6,4,45.351,40.644,42,0.600,0.604,-0.004,-0.053,258.559,213.208,287,226,111,106,5.383,64
2010,11,44,Clemson,ACC,4,5,39.831,91.722,25,0.444,0.808,-0.364,-2.369,175.229,135.398,191,153,109,113,50.468,16
2010,11,45,Illinois,Big Ten,4,5,37.787,54.546,36,0.444,0.659,-0.215,-1.411,234.454,196.667,279,236,119,120,25.774,41
2010,11,46,Maryland,ACC,6,3,37.406,30.888,47,0.667,0.600,0.067,0.401,211.765,174.359,252,204,119,117,11.375,56
2010,11,47,Fresno State,Western Athletic,5,3,34.103,19.019,51,0.625,0.551,0.074,0.445,251.376,217.273,274,239,109,110,-18.528,76
2010,11,48,Kansas State,Big 12,5,4,31.897,69.266,32,0.556,0.698,-0.142,-0.943,232.759,200.862,270,233,116,116,53.365,13
2010,11,49,Army,FBS Independents,5,4,29.497,-17.468,68,0.556,0.459,0.097,0.591,295.789,266.292,281,237,95,89,-40.439,95
2010,11,50,Mississippi State,SEC,6,3,29.199,38.078,45,0.667,0.647,0.019,0.094,194.545,165.347,214,167,110,101,32.095,30
2010,11,51,Arkansas State,Sun Belt,4,6,26.975,-53.549,84,0.400,0.359,0.041,0.234,288.182,261.207,317,303,110,116,-63.254,107
2010,11,52,Baylor,Big 12,6,4,22.202,23.399,49,0.600,0.560,0.040,0.229,258.140,235.938,333,302,129,128,10.098,59
2010,11,53,California,Pac-10,4,5,21.747,63.238,35,0.444,0.713,-0.268,-1.754,199.138,177.391,231,204,116,115,76.117,5
2010,11,54,North Carolina,ACC,5,4,19.183,67.722,33,0.556,0.702,-0.147,-0.973,210.092,190.909,229,210,109,110,56.158,10
2010,11,55,Troy,Sun Belt,5,4,15.960,-64.147,88,0.556,0.307,0.248,1.566,247.107,231.148,299,282,121,122,-77.636,113
2010,11,56,Notre Dame,FBS Independents,5,5,11.145,39.464,43,0.500,0.631,-0.131,-0.873,188.489,177.344,262,227,139,128,41.498,22
2010,11,57,Kentucky,SEC,5,5,10.576,2.142,57,0.500,0.505,-0.005,-0.063,260.156,249.580,333,297,128,119,3.798,65
2010,11,58,Syracuse,Big East,5,3,4.921,-6.874,62,0.625,0.474,0.151,0.939,155.882,150.962,159,157,102,104,-17.686,74
2010,11,59,Northwestern,Big Ten,6,3,2.710,-28.852,74,0.667,0.410,0.257,1.622,215.842,213.131,218,211,101,99,-25.262,88
2010,11,60,Oregon State,Pac-10,4,5,1.363,64.269,34,0.444,0.661,-0.216,-1.422,223.585,222.222,237,240,106,108,68.488,6
2010,11,61,Western Michigan,Mid-American,3,6,0.024,-71.269,91,0.333,0.292,0.042,0.238,203.125,203.101,260,262,128,129,-63.598,108
2010,11,62,South Florida,Big East,5,3,-1.112,-11.590,64,0.625,0.465,0.160,0.997,183.158,184.270,174,164,95,89,-23.081,83
2010,11,63,BYU,Mountain West,5,5,-2.465,-14.056,65,0.500,0.448,0.052,0.302,193.333,195.798,232,233,120,119,10.499,57
2010,11,64,UTEP,Conference USA,5,5,-6.127,-107.970,100,0.500,0.196,0.304,1.926,238.318,244.444,255,264,107,108,-80.417,115
2010,11,65,Arizona State,Pac-10,2,6,-8.187,85.096,28,0.250,0.793,-0.543,-3.521,189.908,198.095,207,208,109,105,90.900,3
2010,11,66,Georgia Tech,ACC,4,5,-8.811,1.561,58,0.444,0.504,-0.060,-0.414,213.208,222.018,226,242,106,109,22.457,44
2010,11,67,Florida International,Sun Belt,4,5,-9.615,-53.050,82,0.444,0.359,0.086,0.523,234.615,244.231,244,254,104,104,-22.852,82
2010,11,69,Rutgers,Big East,3,5,-11.474,-27.204,73,0.375,0.385,-0.010,-0.094,145.283,156.757,154,174,106,111,-15.221,73
2010,11,70,Texas,Big 12,4,6,-15.694,15.288,52,0.400,0.557,-0.157,-1.041,165.649,181.343,217,243,131,134,25.341,42
2010,11,71,SMU,Conference USA,5,5,-10.260,-33.595,76,0.500,0.399,0.101,0.615,215.574,225.833,263,271,122,120,-20.259,79
2010,11,71,Texas Tech,Big 12,5,5,-18.319,15.077,53,0.500,0.544,-0.044,-0.314,201.408,219.728,286,323,142,147,28.578,38
2010,11,72,UConn,Big East,4,4,-24.406,-64.063,87,0.500,0.308,0.192,1.208,158.772,183.178,181,196,114,107,-13.982,72
2010,11,73,Cincinnati,Big East,2,6,-24.838,-16.598,67,0.250,0.451,-0.201,-1.324,183.495,208.333,189,225,103,108,18.629,46
2010,11,74,Kent State,Mid-American,3,6,-24.892,-111.338,104,0.333,0.165,0.168,1.051,153.333,178.226,184,221,120,124,-82.741,116
2010,11,75,Toledo,Mid-American,6,4,-30.533,-69.627,90,0.600,0.288,0.312,1.977,184.173,214.706,256,292,139,136,-43.346,97
2010,11,76,Ole Miss,SEC,4,5,-33.412,0.314,60,0.444,0.501,-0.056,-0.393,209.677,243.089,260,299,124,123,14.686,49
2010,11,77,Penn State,Big Ten,5,4,-35.113,-20.769,69,0.556,0.435,0.120,0.743,167.857,202.970,188,205,112,101,30.246,35
2010,11,78,Louisiana Tech,Western Athletic,3,6,-38.458,-20.938,70,0.333,0.437,-0.103,-0.695,192.742,231.200,239,289,124,125,12.702,52
2010,11,79,East Carolina,Conference USA,6,4,-38.816,-31.395,77,0.600,0.432,0.168,1.048,274.820,313.636,382,414,139,132,3.764,66
2010,11,80,Central Michigan,Mid-American,2,8,-38.821,-91.172,97,0.200,0.207,-0.007,-0.073,186.179,225.000,229,270,123,120,-48.192,102
2010,11,81,Boston College,ACC,4,5,-40.827,-1.393,61,0.444,0.494,-0.050,-0.351,127.869,168.696,156,194,122,115,34.333,29
2010,11,82,Tennessee,SEC,3,6,-43.359,-15.703,66,0.333,0.453,-0.119,-0.797,193.162,236.522,226,272,117,115,51.737,15
2010,11,83,Middle Tennessee,Sun Belt,2,6,-54.772,-128.114,107,0.250,0.144,0.106,0.653,177.551,232.323,174,230,98,99,-80.241,114
2010,11,84,Ball State,Mid-American,3,6,-58.307,-145.903,114,0.333,0.137,0.196,1.232,162.185,220.492,193,269,119,122,-97.265,119
2010,11,85,UAB,Conference USA,3,7,-59.879,-97.656,98,0.300,0.255,0.045,0.259,204.688,264.567,262,336,128,127,-39.907,94
2010,11,86,Colorado,Big 12,4,6,-61.256,-9.728,63,0.400,0.471,-0.071,-0.484,174.809,236.066,229,288,131,122,27.621,40
2010,11,86,UCLA,Pac-10,4,5,-64.567,36.107,43,0.444,0.626,-0.182,-1.233,166.964,231.532,187,257,112,111,81.649,4
2010,11,87,Miami (OH),Mid-American,6,4,-63.176,-108.089,101,0.600,0.182,0.418,2.659,149.624,212.800,199,266,133,125,-62.957,106
2010,11,88,Florida Atlantic,Sun Belt,4,5,-63.385,-139.257,112,0.444,0.131,0.313,1.983,202.469,265.854,164,218,81,82,-77.152,112
2010,11,89,Virginia,ACC,2,6,-63.636,-32.828,78,0.250,0.409,-0.159,-1.051,204.040,267.677,202,265,99,99,27.684,39
2010,11,91,North Texas,Sun Belt,3,7,-71.821,-112.390,105,0.300,0.138,0.162,1.012,224.731,296.552,209,258,93,87,-88.467,118
2010,11,92,Marshall,Conference USA,4,6,-72.683,-104.644,99,0.400,0.179,0.221,1.392,151.163,223.846,195,291,129,130,-39.264,93
2010,11,93,Tulane,Conference USA,3,6,-74.188,-111.178,103,0.333,0.215,0.118,0.732,197.479,271.667,235,326,119,120,-36.869,92
2010,11,94,Iowa State,Big 12,4,6,-77.635,1.486,59,0.400,0.505,-0.105,-0.702,173.881,251.515,233,332,134,132,49.355,17
2010,11,95,Bowling Green,Mid-American,2,8,-88.570,-132.772,110,0.200,0.169,0.031,0.169,190.244,278.814,234,329,123,118,-67.360,110
2010,11,96,Minnesota,Big Ten,2,8,-90.616,-53.467,83,0.200,0.354,-0.154,-1.023,185.217,275.833,213,331,115,120,29.945,36
2010,11,97,Utah State,Western Athletic,3,6,-93.291,-72.396,92,0.333,0.295,0.038,0.217,171.667,264.957,206,310,120,117,9.588,60
2010,11,98,Vanderbilt,SEC,2,8,-95.979,-64.152,89,0.200,0.241,-0.041,-0.294,125.000,220.979,180,316,144,143,24.753,43
2010,11,99,Purdue,Big Ten,3,6,-96.762,-63.832,86,0.333,0.251,0.082,0.497,121.186,217.949,143,255,118,117,8.097,61
2010,11,100,Western Kentucky,Sun Belt,2,8,-96.838,-133.311,111,0.200,0.176,0.024,0.127,220.755,317.593,234,343,106,108,-47.145,99
2010,11,101,Idaho,Western Athletic,3,6,-98.296,-29.886,76,0.333,0.413,-0.080,-0.544,241.489,339.785,227,316,94,93,19.988,45
2010,11,102,Duke,ACC,2,7,-100.000,-29.761,75,0.222,0.417,-0.195,-1.284,184.298,284.298,223,344,121,121,42.046,20
2010,11,103,Indiana,Big Ten,3,6,-102.635,-56.181,85,0.333,0.347,-0.014,-0.118,195.495,298.131,217,319,111,107,-0.096,68
2010,11,104,Louisiana,Sun Belt,2,8,-115.075,-148.638,115,0.200,0.146,0.054,0.317,165.217,280.292,228,384,138,137,-50.459,103
2010,11,105,Rice,Conference USA,2,8,-116.382,-144.200,113,0.200,0.185,0.015,0.065,196.899,313.281,254,401,129,128,-24.435,87
2010,11,105,Washington,Pac-10,3,6,-116.812,11.735,56,0.333,0.536,-0.202,-1.366,166.667,283.478,190,326,114,115,104.478,1
2010,11,107,Colorado State,Mountain West,3,8,-123.418,-89.568,96,0.273,0.242,0.031,0.169,158.400,281.818,198,372,125,132,2.789,67
2010,11,108,Buffalo,Mid-American,1,8,-132.479,-164.984,117,0.111,0.031,0.080,0.484,83.077,215.556,108,291,130,135,-41.910,96
2010,11,109,Kansas,Big 12,3,6,-145.412,-78.958,95,0.333,0.274,0.059,0.349,157.391,302.804,181,324,115,107,18.529,47
2010,11,110,UNLV,Mountain West,2,8,-146.156,-108.374,102,0.200,0.202,-0.002,-0.041,146.032,292.188,184,374,126,128,13.508,50
2010,11,111,Wyoming,Mountain West,1,9,-159.859,-120.756,106,0.100,0.183,-0.083,-0.562,131.667,291.525,158,344,120,118,17.507,48
2010,11,112,UL Monroe,Sun Belt,3,6,-161.645,-131.054,108,0.333,0.116,0.217,1.365,150.476,312.121,158,309,105,99,-3.195,69
2010,11,113,Washington State,Pac-10,1,9,-167.392,-36.409,80,0.100,0.391,-0.291,-1.899,138.346,305.738,184,373,133,122,95.711,2
2010,11,114,Wake Forest,ACC,1,8,-169.465,-74.389,93,0.111,0.288,-0.177,-1.165,155.752,325.217,176,374,113,115,66.511,7
2010,11,115,Eastern Michigan,Mid-American,1,9,-185.482,-186.755,118,0.100,0.108,-0.008,-0.078,171.429,356.911,204,439,119,123,-56.864,105
2010,11,116,New Mexico,Mountain West,1,9,-190.124,-157.930,116,0.100,0.100,-0.000,-0.031,118.571,308.696,166,426,140,138,-17.895,75
2010,11,117,Akron,Mid-American,0,9,-196.682,-226.434,120,0.000,0.028,-0.028,-0.233,97.436,294.118,114,350,117,119,-51.480,103
2010,11,117,New Mexico State,Western Athletic,2,8,-193.396,-132.211,109,0.200,0.134,0.066,0.393,149.057,342.453,158,363,106,106,-23.262,84
2010,11,119,San José State,Western Athletic,0,8,-198.536,-75.842,94,0.000,0.249,-0.249,-1.632,115.464,314.000,112,314,97,100,57.596,9
2010,11,120,Memphis,Conference USA,1,9,-234.870,-206.413,119,0.100,0.045,0.055,0.327,124.779,359.649,141,410,113,114,-24.149,85
2010,12,1,Boise State,Western Athletic,10,0,289.379,183.884,4,1.000,0.932,0.068,0.415,377.165,87.786,479,115,127,131,-6.987,71
2010,12,2,Oregon,Pac-10,9,0,232.546,206.871,1,1.000,0.932,0.068,0.407,359.016,126.471,438,172,122,136,31.668,33
2010,12,3,TCU,Mountain West,10,0,229.800,185.347,3,1.000,0.946,0.054,0.320,323.967,94.167,392,113,121,120,-12.308,71
2010,12,4,Ohio State,Big Ten,10,1,200.336,127.148,10,0.909,0.852,0.058,0.348,313.669,113.333,436,153,139,135,-9.526,74
2010,12,5,Alabama,SEC,8,2,170.558,168.329,4,0.800,0.917,-0.117,-0.785,285.088,114.530,325,134,114,117,36.893,27
2010,12,5,Nevada,Western Athletic,9,1,187.305,112.453,19,0.900,0.742,0.158,0.999,372.650,185.345,436,215,117,116,-38.343,93
2010,12,6,Stanford,Pac-10,9,1,178.979,203.962,2,0.900,0.892,0.008,0.024,351.786,172.807,394,197,112,114,53.427,15
2010,12,8,UCF,Conference USA,7,3,149.288,80.027,31,0.700,0.724,-0.024,-0.184,327.358,178.070,347,203,106,114,-61.318,104
2010,12,9,Utah,Mountain West,9,2,148.459,86.957,28,0.818,0.752,0.067,0.406,303.704,155.245,410,222,135,143,-13.155,77
2010,12,10,Northern Illinois,Mid-American,8,2,147.443,43.251,42,0.800,0.613,0.187,1.191,304.032,156.589,377,202,124,129,-75.063,112
2010,12,11,Wisconsin,Big Ten,9,1,146.303,121.288,15,0.900,0.766,0.134,0.848,339.286,192.982,380,220,112,114,9.656,59
2010,12,12,Virginia Tech,ACC,9,1,141.308,155.161,6,0.900,0.868,0.032,0.180,287.402,146.094,365,187,127,128,19.369,51
2010,12,13,Oklahoma State,Big 12,10,1,140.654,123.398,14,0.909,0.795,0.114,0.719,317.197,176.543,498,286,157,162,1.923,65
2010,12,14,Auburn,SEC,10,0,127.932,151.793,7,1.000,0.810,0.190,1.195,338.017,210.084,409,250,121,119,38.777,24
2010,12,14,Nebraska,Big 12,8,2,140.523,142.613,8,0.800,0.864,-0.064,-0.444,276.613,136.090,343,181,124,133,22.142,43
2010,12,16,Oklahoma,Big 12,9,2,107.359,117.297,17,0.818,0.836,-0.018,-0.146,251.875,144.516,403,224,160,155,33.372,30
2010,12,17,LSU,SEC,9,1,107.190,125.713,13,0.900,0.843,0.057,0.347,243.697,136.508,290,172,119,126,35.384,26
2010,12,18,Iowa,Big Ten,6,4,104.752,104.746,20,0.600,0.819,-0.219,-1.458,244.068,139.316,288,163,118,117,23.457,39
2010,12,19,Arkansas,SEC,8,2,103.701,125.970,12,0.800,0.783,0.017,0.081,293.701,190.000,373,247,127,130,33.845,29
2010,12,20,South Carolina,SEC,7,3,99.843,126.171,11,0.700,0.824,-0.124,-0.834,281.356,181.513,332,216,118,119,43.618,17
2010,12,21,Missouri,Big 12,8,2,90.513,130.555,9,0.800,0.891,-0.091,-0.620,212.977,122.464,279,169,131,138,41.755,18
2010,12,22,Hawai'i,Western Athletic,7,3,88.644,60.021,35,0.700,0.670,0.030,0.170,301.802,213.158,335,243,111,114,20.789,50
2010,12,23,Navy,FBS Independents,7,3,87.616,50.844,39,0.700,0.624,0.076,0.467,309.434,221.818,328,244,106,110,-24.244,86
2010,12,24,West Virginia,Big East,6,3,78.093,50.700,40,0.667,0.694,-0.027,-0.205,185.593,107.500,219,129,118,120,-16.819,80
2010,12,25,Florida,SEC,6,4,74.369,84.631,29,0.600,0.734,-0.134,-0.894,238.710,164.341,296,212,124,129,31.857,32
2010,12,25,Michigan State,Big Ten,9,1,76.003,85.433,29,0.900,0.740,0.160,1.019,248.361,172.358,303,212,122,123,5.478,62
2010,12,27,Arizona,Pac-10,6,3,73.201,110.701,19,0.667,0.819,-0.152,-1.008,235.238,162.037,247,175,105,108,52.680,14
2010,12,27,Florida State,ACC,7,3,73.554,119.185,16,0.700,0.802,-0.102,-0.695,239.669,166.116,290,201,121,121,38.533,19
2010,12,29,Ohio,Mid-American,7,3,67.218,-38.575,78,0.700,0.390,0.310,1.997,262.832,195.614,297,223,113,114,-101.366,120
2010,12,30,Pittsburgh,Big East,5,4,66.151,75.129,32,0.556,0.710,-0.154,-1.033,227.619,161.468,239,176,105,109,6.911,61
2010,12,31,Temple,Mid-American,7,3,64.014,-38.529,77,0.700,0.371,0.329,2.120,206.202,142.188,266,182,129,128,-85.274,117
2010,12,33,Georgia,SEC,4,6,63.347,52.138,38,0.400,0.650,-0.250,-1.640,261.667,198.319,314,236,120,119,29.619,37
2010,12,33,Tulsa,Conference USA,7,3,62.890,7.104,54,0.700,0.519,0.181,1.156,300.794,237.903,379,295,126,124,-63.119,106
2010,12,34,Southern Miss,Conference USA,7,3,60.071,0.913,61,0.700,0.502,0.198,1.262,305.833,245.763,367,290,120,118,-63.341,108
2010,12,35,Texas A&M,Big 12,7,3,57.007,99.880,22,0.700,0.823,-0.123,-0.827,206.667,149.660,310,220,150,147,53.785,14
2010,12,36,Clemson,ACC,5,5,54.263,93.411,24,0.500,0.811,-0.311,-2.054,185.714,131.452,221,163,119,124,35.373,27
2010,12,37,NC State,ACC,7,3,52.403,91.139,25,0.700,0.776,-0.076,-0.524,222.857,170.455,312,225,140,132,38.333,20
2010,12,38,Air Force,Mountain West,7,4,52.203,41.353,43,0.636,0.603,0.033,0.187,266.116,213.913,322,246,121,115,-2.319,69
2010,12,39,San Diego State,Mountain West,6,4,50.000,35.894,46,0.600,0.589,0.011,0.041,246.212,196.212,325,259,132,132,-12.141,75
2010,12,40,Illinois,Big Ten,5,5,48.485,61.854,34,0.500,0.673,-0.173,-1.157,247.727,199.242,327,263,132,132,21.535,46
2010,12,41,Louisville,Big East,4,6,43.864,4.021,55,0.400,0.514,-0.114,-0.774,207.500,163.636,249,198,120,121,-15.645,79
2010,12,42,Houston,Conference USA,4,6,41.532,-24.509,70,0.400,0.450,-0.050,-0.352,308.475,266.942,364,323,118,121,-44.830,96
2010,12,43,Miami,ACC,6,4,40.352,103.885,21,0.600,0.816,-0.216,-1.437,196.970,156.618,260,213,132,136,59.203,10
2010,12,44,Michigan,Big Ten,6,4,35.469,39.072,45,0.600,0.592,0.008,0.027,281.395,245.926,363,332,129,135,11.421,56
2010,12,45,USC,Pac-10,7,4,34.074,97.461,23,0.636,0.731,-0.094,-0.642,265.926,231.852,359,313,135,135,64.206,8
2010,12,46,Notre Dame,FBS Independents,6,5,28.492,57.473,36,0.545,0.696,-0.150,-1.008,193.960,165.468,289,230,149,139,37.257,24
2010,12,47,Oregon State,Pac-10,5,5,26.953,91.024,26,0.500,0.731,-0.231,-1.532,229.412,202.459,273,247,119,122,72.897,5
2010,12,48,BYU,Mountain West,6,5,24.615,1.607,59,0.545,0.506,0.040,0.232,209.231,184.615,272,240,130,130,-2.103,68
2010,12,49,Kansas State,Big 12,5,5,22.481,53.789,37,0.500,0.647,-0.147,-0.986,237.209,214.729,306,277,129,129,45.632,16
2010,12,50,Western Michigan,Mid-American,4,6,22.062,-49.077,84,0.400,0.351,0.049,0.294,211.348,189.286,298,265,141,140,-63.293,107
2010,12,51,Maryland,ACC,6,4,21.768,25.615,47,0.600,0.582,0.018,0.087,204.580,182.812,268,234,131,128,21.992,45
2010,12,52,Mississippi State,SEC,6,4,20.926,39.459,44,0.600,0.651,-0.051,-0.362,199.187,178.261,245,205,123,115,37.371,22
2010,12,53,North Carolina,ACC,5,5,18.717,67.311,33,0.500,0.702,-0.202,-1.344,209.917,191.200,254,239,121,125,55.403,12
2010,12,55,Florida International,Sun Belt,5,5,9.483,-46.760,81,0.500,0.372,0.128,0.805,243.103,233.621,282,271,116,116,-42.212,94
2010,12,56,Arkansas State,Sun Belt,4,7,9.432,-64.800,89,0.364,0.329,0.035,0.197,277.686,268.254,336,338,121,126,-53.730,99
2010,12,57,Kentucky,SEC,5,5,10.576,2.142,57,0.500,0.505,-0.005,-0.063,260.156,249.580,333,297,128,119,3.798,65
2010,12,57,Texas,Big 12,5,6,8.029,20.004,49,0.455,0.570,-0.115,-0.781,186.111,178.082,268,260,144,146,10.554,57
2010,12,58,Cincinnati,Big East,3,6,4.710,-4.632,64,0.333,0.488,-0.154,-1.034,216.807,212.097,258,263,119,124,7.236,60
2010,12,59,Baylor,Big 12,6,5,1.389,19.166,50,0.545,0.549,-0.004,-0.051,247.917,246.528,357,355,144,144,22.074,44
2010,12,60,Army,FBS Independents,5,5,1.258,-44.072,79,0.500,0.392,0.108,0.678,267.925,266.667,284,264,106,99,-37.520,91
2010,12,61,SMU,Conference USA,6,5,-0.365,-35.058,73,0.545,0.393,0.153,0.968,216.176,216.541,294,288,136,133,-31.176,88
2010,12,62,Georgia Tech,ACC,5,5,-1.403,2.433,57,0.500,0.507,-0.007,-0.072,215.126,216.529,256,262,119,121,14.829,53
2010,12,63,UTEP,Conference USA,5,6,-5.970,-100.504,99,0.455,0.208,0.246,1.579,235.833,241.803,283,295,120,122,-75.103,113
2010,12,64,UConn,Big East,5,4,-6.548,-47.921,82,0.556,0.350,0.205,1.312,163.200,169.748,204,202,125,119,-21.081,85
2010,12,65,Arizona State,Pac-10,2,6,-8.187,85.096,28,0.250,0.793,-0.543,-3.521,189.908,198.095,207,208,109,105,90.900,3
2010,12,65,California,Pac-10,4,6,-7.156,49.492,41,0.400,0.662,-0.262,-1.738,194.444,201.600,245,252,126,125,89.083,4
2010,12,67,South Florida,Big East,5,4,-11.109,-18.457,69,0.556,0.441,0.114,0.717,173.585,184.694,184,181,106,98,-17.784,81
2010,12,68,Syracuse,Big East,5,4,-11.785,-28.657,71,0.556,0.392,0.164,1.040,144.737,156.522,165,180,114,115,-20.591,84
2010,12,69,Fresno State,Western Athletic,5,4,-13.115,12.784,53,0.556,0.536,0.019,0.097,224.590,237.705,274,290,122,122,5.334,63
2010,12,70,Northwestern,Big Ten,6,4,-14.436,-33.240,72,0.600,0.400,0.200,1.276,216.814,231.250,245,259,113,112,-14.023,78
2010,12,71,Texas Tech,Big 12,5,5,-18.319,15.077,53,0.500,0.544,-0.044,-0.314,201.408,219.728,286,323,142,147,28.578,38
2010,12,71,Toledo,Mid-American,7,4,-16.480,-55.729,87,0.636,0.325,0.311,2.001,188.889,205.369,289,306,153,149,-43.476,95
2010,12,72,Troy,Sun Belt,5,5,-16.848,-64.148,88,0.500,0.312,0.188,1.201,237.500,254.348,323,351,136,138,-57.805,103
2010,12,73,Penn State,Big Ten,6,4,-17.977,-13.626,68,0.600,0.458,0.142,0.896,184.677,202.655,229,229,124,113,18.121,52
2010,12,75,Tennessee,SEC,4,6,-25.000,-8.302,65,0.400,0.475,-0.075,-0.516,195.312,220.312,250,282,128,128,38.269,21
2010,12,76,Boston College,ACC,5,5,-33.225,-0.720,63,0.500,0.497,0.003,-0.009,131.061,164.286,173,207,132,126,26.252,38
2010,12,77,Rutgers,Big East,3,6,-33.962,-48.345,83,0.333,0.328,0.005,0.004,157.377,191.339,192,243,122,127,-18.249,82
2010,12,78,Louisiana Tech,Western Athletic,3,6,-38.458,-20.938,70,0.333,0.437,-0.103,-0.695,192.742,231.200,239,289,124,125,12.702,52
2010,12,78,Ole Miss,SEC,4,6,-37.275,1.831,58,0.400,0.505,-0.105,-0.713,216.058,253.333,296,342,137,135,22.906,40
2010,12,80,Central Michigan,Mid-American,2,8,-38.821,-91.172,97,0.200,0.207,-0.007,-0.073,186.179,225.000,229,270,123,120,-48.192,102
2010,12,81,Kent State,Mid-American,3,7,-46.303,-128.841,107,0.300,0.128,0.172,1.092,142.748,189.051,187,259,131,137,-81.985,116
2010,12,82,Middle Tennessee,Sun Belt,3,6,-47.084,-132.593,110,0.333,0.128,0.206,1.312,179.464,226.549,201,256,112,113,-91.597,118
2010,12,83,UAB,Conference USA,4,7,-47.681,-96.359,98,0.364,0.258,0.106,0.660,212.319,260.000,293,351,138,135,-54.996,100
2010,12,84,East Carolina,Conference USA,6,5,-47.882,-51.588,85,0.545,0.391,0.155,0.981,278.146,326.027,420,476,151,146,-8.153,72
2010,12,85,Colorado,Big 12,5,6,-50.417,0.836,62,0.455,0.502,-0.048,-0.340,189.583,240.000,273,324,144,135,29.196,36
2010,12,86,Miami (OH),Mid-American,7,4,-54.035,-115.355,103,0.636,0.164,0.473,3.055,150.345,204.380,218,280,145,137,-78.113,114
2010,12,87,Virginia,ACC,2,7,-63.261,-36.962,76,0.222,0.397,-0.175,-1.170,195.455,258.716,215,282,110,109,22.583,42
2010,12,88,Idaho,Western Athletic,4,6,-68.349,-11.244,66,0.400,0.466,-0.066,-0.460,238.318,306.667,255,322,107,105,11.723,55
2010,12,89,UCLA,Pac-10,4,6,-72.044,16.172,52,0.400,0.561,-0.161,-1.079,152.756,224.800,194,281,127,125,69.636,7
2010,12,90,North Texas,Sun Belt,3,8,-72.714,-128.235,106,0.273,0.145,0.128,0.807,234.286,307.000,246,307,105,100,-98.728,119
2010,12,91,Marshall,Conference USA,4,7,-74.315,-105.597,102,0.364,0.174,0.189,1.207,149.296,223.611,212,322,142,144,-37.919,92
2010,12,92,Ball State,Mid-American,3,7,-79.715,-140.935,112,0.300,0.145,0.155,0.986,159.701,239.416,214,328,134,137,-78.494,115
2010,12,93,Iowa State,Big 12,4,7,-82.369,2.951,56,0.364,0.510,-0.146,-0.980,159.589,241.958,233,346,146,143,58.039,11
2010,12,94,Western Kentucky,Sun Belt,2,9,-86.612,-140.518,111,0.182,0.163,0.019,0.098,216.667,303.279,260,370,120,122,-62.255,105
2010,12,95,Florida Atlantic,Sun Belt,4,6,-88.534,-150.333,114,0.400,0.120,0.280,1.800,194.624,283.158,181,269,93,95,-70.430,110
2010,12,96,Minnesota,Big Ten,2,8,-90.616,-53.467,83,0.200,0.354,-0.154,-1.023,185.217,275.833,213,331,115,120,29.945,36
2010,12,96,Washington,Pac-10,4,6,-88.966,22.007,48,0.400,0.566,-0.166,-1.110,167.188,256.154,214,333,128,130,93.000,3
2010,12,97,Purdue,Big Ten,3,7,-89.231,-44.810,80,0.300,0.332,-0.032,-0.234,133.846,223.077,174,290,130,130,21.017,47
2010,12,99,Bowling Green,Mid-American,2,9,-91.889,-143.990,113,0.182,0.147,0.035,0.202,182.353,274.242,248,362,136,132,-72.317,111
2010,12,100,Rice,Conference USA,3,8,-92.592,-130.407,109,0.273,0.208,0.065,0.396,220.979,313.571,316,439,143,140,-33.001,89
2010,12,101,Duke,ACC,2,8,-96.398,-36.401,74,0.200,0.398,-0.198,-1.320,182.707,279.104,243,374,133,134,34.636,28
2010,12,102,Utah State,Western Athletic,3,7,-99.394,-79.998,94,0.300,0.269,0.031,0.174,160.606,260.000,212,338,132,130,10.326,58
2010,12,103,Vanderbilt,SEC,2,9,-99.760,-70.972,91,0.182,0.215,-0.033,-0.243,121.019,220.779,190,340,157,154,22.693,41
2010,12,104,Tulane,Conference USA,3,7,-101.588,-116.180,104,0.300,0.191,0.109,0.685,187.218,288.806,249,387,133,134,-29.302,87
2010,12,105,Indiana,Big Ten,3,7,-106.586,-66.233,90,0.300,0.325,-0.025,-0.192,195.935,302.521,241,360,123,119,-1.590,66
2010,12,106,Wyoming,Mountain West,2,9,-110.976,-96.335,97,0.182,0.220,-0.039,-0.280,149.630,260.606,202,344,135,132,12.389,54
2010,12,107,Louisiana,Sun Belt,2,9,-119.888,-158.743,115,0.182,0.125,0.056,0.340,163.333,283.221,245,422,150,149,-53.580,98
2010,12,108,Buffalo,Mid-American,1,9,-126.520,-172.150,117,0.100,0.028,0.072,0.441,88.652,215.172,125,312,141,145,-55.838,101
2010,12,109,UL Monroe,Sun Belt,4,6,-136.288,-126.567,105,0.400,0.152,0.248,1.589,175.424,311.712,207,346,118,111,-20.535,83
2010,12,110,Colorado State,Mountain West,3,9,-140.547,-101.856,101,0.250,0.200,0.050,0.295,142.446,282.993,198,416,139,147,-1.639,67
2010,12,111,UNLV,Mountain West,2,9,-145.266,-101.460,100,0.182,0.224,-0.042,-0.304,151.111,296.377,204,409,135,138,20.958,48
2010,12,112,Kansas,Big 12,3,7,-159.062,-79.404,93,0.300,0.271,0.029,0.160,153.543,312.605,195,372,127,119,31.667,31
2010,12,113,Eastern Michigan,Mid-American,2,9,-165.880,-175.518,118,0.182,0.124,0.057,0.346,174.419,340.299,225,456,129,134,-64.160,109
2010,12,113,Washington State,Pac-10,1,9,-167.392,-36.409,80,0.100,0.391,-0.291,-1.899,138.346,305.738,184,373,133,122,95.711,2
2010,12,115,Wake Forest,ACC,1,9,-173.200,-77.256,92,0.100,0.283,-0.183,-1.224,150.000,323.200,186,404,124,125,70.463,6
2010,12,116,Akron,Mid-American,0,10,-182.455,-217.821,120,0.000,0.031,-0.031,-0.233,99.225,281.679,128,369,129,131,-56.196,102
2010,12,117,New Mexico,Mountain West,1,10,-200.295,-166.165,116,0.091,0.094,-0.003,-0.049,114.570,314.865,173,466,151,148,-12.827,76
2010,12,118,San José State,Western Athletic,0,9,-206.952,-83.470,95,0.000,0.231,-0.231,-1.534,107.207,314.159,119,355,111,113,59.501,9
2010,12,119,New Mexico State,Western Athletic,2,9,-210.924,-129.308,108,0.182,0.128,0.054,0.325,137.815,348.739,164,415,119,119,-8.533,73
2010,12,120,Memphis,Conference USA,1,10,-226.720,-209.825,119,0.091,0.038,0.053,0.319,128.926,355.645,156,441,121,124,-33.536,90
2010,13,1,Boise State,Western Athletic,10,1,266.093,179.700,3,0.909,0.927,-0.018,-0.141,369.565,103.472,510,149,138,144,4.337,67
2010,13,2,TCU,Mountain West,11,0,236.994,175.634,4,1.000,0.932,0.068,0.415,331.884,94.891,458,130,138,137,-19.026,81
2010,13,3,Oregon,Pac-10,10,0,223.265,208.934,2,1.000,0.923,0.077,0.477,360.000,136.735,486,201,135,147,40.692,24
2010,13,4,Ohio State,Big Ten,11,1,203.076,135.575,10,0.917,0.876,0.041,0.243,311.184,108.108,473,160,152,148,-7.658,75
2010,13,5,Stanford,Pac-10,10,1,189.251,214.011,1,0.909,0.919,-0.009,-0.085,345.600,156.349,432,197,125,126,57.581,10
2010,13,6,Northern Illinois,Mid-American,9,2,179.941,40.406,45,0.818,0.614,0.204,1.304,322.302,142.361,448,205,139,144,-84.122,117
2010,13,7,Nevada,Western Athletic,10,1,167.838,118.204,17,0.909,0.753,0.156,0.990,361.538,193.701,470,246,130,127,-17.040,80
2010,13,8,Wisconsin,Big Ten,10,1,165.959,124.758,14,0.909,0.776,0.134,0.844,354.331,188.372,450,243,127,129,6.305,61
2010,13,9,Alabama,SEC,8,3,151.584,165.748,5,0.727,0.919,-0.191,-1.265,277.165,125.581,352,162,127,129,48.592,16
2010,13,10,Virginia Tech,ACC,10,1,150.523,155.889,6,0.909,0.880,0.029,0.165,287.143,136.620,402,194,140,142,12.512,57
2010,13,11,Nebraska,Big 12,9,2,148.742,149.098,8,0.818,0.870,-0.052,-0.361,285.294,136.552,388,198,136,145,18.366,46
2010,13,12,UCF,Conference USA,8,3,148.004,59.771,34,0.727,0.668,0.059,0.359,325.424,177.419,384,220,118,124,-81.272,115
2010,13,13,Utah,Mountain West,10,2,133.029,78.990,29,0.833,0.736,0.097,0.608,286.577,153.548,427,238,149,155,-11.787,77
2010,13,14,Oklahoma State,Big 12,10,2,126.561,121.624,16,0.833,0.788,0.045,0.271,311.561,185.000,539,333,173,180,10.676,59
2010,13,15,Auburn,SEC,11,0,118.723,154.801,7,1.000,0.819,0.181,1.155,328.571,209.848,437,277,133,132,49.728,15
2010,13,16,South Carolina,SEC,8,3,109.155,137.555,9,0.727,0.847,-0.120,-0.801,275.573,166.418,361,223,131,134,46.469,18
2010,13,17,Hawai'i,Western Athletic,8,3,104.142,58.631,35,0.727,0.658,0.069,0.427,317.742,213.600,394,267,124,125,5.140,63
2010,13,18,Missouri,Big 12,9,2,100.722,130.983,12,0.818,0.892,-0.074,-0.502,218.056,117.333,314,176,144,150,31.083,36
2010,13,19,Oklahoma,Big 12,10,2,97.838,117.052,18,0.833,0.830,0.004,0.000,252.809,154.971,450,265,178,171,39.715,26
2010,13,20,Iowa,Big Ten,6,5,96.463,92.947,24,0.545,0.788,-0.243,-1.600,243.750,147.287,312,190,128,129,17.684,48
2010,13,21,Arkansas,SEC,9,2,95.017,129.012,13,0.818,0.795,0.024,0.130,282.517,187.500,404,270,143,144,42.583,21
2010,13,22,LSU,SEC,9,2,92.381,123.943,15,0.818,0.845,-0.027,-0.199,235.338,142.958,313,203,133,142,44.504,19
2010,13,23,Navy,FBS Independents,7,3,87.616,50.844,39,0.700,0.624,0.076,0.467,309.434,221.818,328,244,106,110,-24.244,86
2010,13,23,West Virginia,Big East,7,3,92.331,79.596,28,0.700,0.779,-0.079,-0.535,198.438,106.107,254,139,128,131,-7.081,74
2010,13,25,Florida State,ACC,8,3,84.403,134.835,11,0.727,0.838,-0.110,-0.739,243.182,158.779,321,208,132,131,42.259,22
2010,13,26,Michigan State,Big Ten,10,1,74.245,81.235,27,0.909,0.727,0.182,1.157,248.872,174.627,331,234,133,134,3.590,68
2010,13,27,San Diego State,Mountain West,7,4,68.119,44.821,41,0.636,0.612,0.024,0.135,259.028,190.909,373,273,144,143,-19.094,82
2010,13,28,Georgia,SEC,5,6,66.689,55.157,37,0.455,0.654,-0.199,-1.314,269.697,203.008,356,270,132,133,24.945,41
2010,13,29,Louisville,Big East,5,6,61.964,20.949,50,0.455,0.571,-0.116,-0.777,220.611,158.647,289,211,131,133,-20.139,84
2010,13,30,Tulsa,Conference USA,8,3,58.137,6.597,57,0.727,0.517,0.210,1.342,306.338,248.201,435,345,142,139,-58.757,102
2010,13,31,Texas A&M,Big 12,8,3,57.025,97.153,20,0.727,0.816,-0.088,-0.597,202.424,145.399,334,237,165,163,50.361,14
2010,13,32,Arizona,Pac-10,6,4,53.634,109.852,19,0.600,0.798,-0.198,-1.306,237.931,184.298,276,223,116,121,68.192,7
2010,13,33,Florida,SEC,6,5,52.548,69.999,31,0.545,0.699,-0.153,-1.017,226.119,173.571,303,243,134,140,41.279,23
2010,13,35,Southern Miss,Conference USA,7,4,50.680,-1.200,60,0.636,0.497,0.139,0.880,308.889,258.209,417,346,135,134,-57.362,101
2010,13,37,Temple,Mid-American,7,4,45.070,-57.422,85,0.636,0.306,0.330,2.120,189.437,144.366,269,205,142,142,-87.081,118
2010,13,38,Air Force,Mountain West,7,4,52.203,41.353,43,0.636,0.603,0.033,0.187,266.116,213.913,322,246,121,115,-2.319,69
2010,13,38,Ohio,Mid-American,7,4,42.838,-61.329,87,0.636,0.325,0.312,1.999,240.476,197.638,303,251,126,127,-100.917,120
2010,13,39,NC State,ACC,7,4,41.153,78.665,30,0.636,0.738,-0.102,-0.684,221.290,180.137,343,263,155,146,36.547,32
2010,13,40,Illinois,Big Ten,5,5,48.485,61.854,34,0.500,0.673,-0.173,-1.157,247.727,199.242,327,263,132,132,21.535,46
2010,13,40,Western Michigan,Mid-American,5,6,39.762,-37.848,78,0.455,0.381,0.073,0.453,218.710,178.947,339,272,155,152,-68.195,107
2010,13,41,Pittsburgh,Big East,5,5,37.344,48.798,39,0.500,0.637,-0.137,-0.914,214.655,177.311,249,211,116,119,13.311,55
2010,13,42,Miami,ACC,6,5,36.518,92.998,23,0.545,0.791,-0.246,-1.619,191.781,155.263,280,236,146,152,52.460,12
2010,13,43,Clemson,ACC,5,6,30.003,84.396,25,0.455,0.796,-0.342,-2.242,170.149,140.146,228,192,134,137,47.671,17
2010,13,44,Notre Dame,FBS Independents,7,5,28.786,61.454,33,0.583,0.714,-0.131,-0.873,189.571,160.784,309,246,163,153,40.542,25
2010,13,45,USC,Pac-10,7,5,28.188,93.945,22,0.583,0.730,-0.146,-0.973,251.678,223.490,375,333,149,149,65.843,8
2010,13,46,Kansas State,Big 12,6,5,27.622,41.850,43,0.545,0.612,-0.066,-0.453,250.000,222.378,355,318,142,143,26.792,38
2010,13,47,Maryland,ACC,7,4,25.720,41.424,44,0.636,0.628,0.009,0.033,211.034,185.315,306,265,145,143,32.243,35
2010,13,48,Houston,Conference USA,4,7,25.487,-32.301,72,0.364,0.431,-0.067,-0.457,288.722,263.235,384,358,133,136,-41.683,92
2010,13,49,BYU,Mountain West,6,6,24.345,12.540,53,0.500,0.545,-0.045,-0.315,202.817,178.472,288,257,142,144,8.147,60
2010,13,50,North Carolina,ACC,6,5,20.900,57.983,36,0.545,0.677,-0.132,-0.878,210.606,189.706,278,258,132,136,43.025,20
2010,13,51,Mississippi State,SEC,7,4,17.622,35.183,46,0.636,0.636,0.001,-0.019,193.007,175.385,276,228,143,130,33.134,34
2010,13,52,Florida International,Sun Belt,6,5,15.517,-50.378,82,0.545,0.361,0.184,1.172,269.828,254.310,313,295,116,116,-45.830,94
2010,13,53,Arizona State,Pac-10,3,6,11.290,97.065,21,0.333,0.791,-0.458,-2.996,211.290,200.000,262,242,124,121,85.095,3
2010,13,54,Michigan,Big Ten,6,5,11.239,28.647,47,0.545,0.569,-0.024,-0.179,260.563,249.324,370,369,142,148,23.090,43
2010,13,55,UConn,Big East,6,4,9.453,-35.088,73,0.600,0.387,0.213,1.361,175.362,165.909,242,219,138,132,-27.086,87
2010,13,56,Arkansas State,Sun Belt,4,8,4.664,-58.700,86,0.333,0.344,-0.010,-0.090,297.521,292.857,360,369,121,126,-47.629,97
2010,13,57,Kentucky,SEC,5,6,4.602,-3.458,63,0.455,0.491,-0.037,-0.262,249.640,245.038,347,321,139,131,4.659,65
2010,13,58,SMU,Conference USA,7,5,2.712,-36.782,75,0.583,0.390,0.194,1.234,226.000,223.288,339,326,150,146,-35.650,89
2010,13,59,Baylor,Big 12,6,5,1.389,19.166,50,0.545,0.549,-0.004,-0.051,247.917,246.528,357,355,144,144,22.074,44
2010,13,59,Texas,Big 12,5,7,1.727,19.607,51,0.417,0.570,-0.153,-1.017,178.125,176.398,285,284,160,161,15.423,51
2010,13,60,Army,FBS Independents,5,5,1.258,-44.072,79,0.500,0.392,0.108,0.678,267.925,266.667,284,264,106,99,-37.520,91
2010,13,62,Oregon State,Pac-10,5,6,-2.714,81.770,26,0.455,0.726,-0.271,-1.783,208.397,211.111,273,285,131,135,84.872,4
2010,13,63,UTEP,Conference USA,5,6,-5.970,-100.504,99,0.455,0.208,0.246,1.579,235.833,241.803,283,295,120,122,-75.103,113
2010,13,64,Troy,Sun Belt,6,5,-6.405,-62.349,90,0.545,0.318,0.227,1.452,258.088,264.493,351,365,136,138,-56.006,100
2010,13,65,Texas Tech,Big 12,6,5,-7.270,21.763,49,0.545,0.567,-0.022,-0.163,204.459,211.728,321,343,157,162,24.946,40
2010,13,66,California,Pac-10,4,7,-8.591,44.952,40,0.364,0.655,-0.291,-1.913,185.612,194.203,258,268,139,138,83.041,5
2010,13,67,Toledo,Mid-American,8,4,-8.627,-52.117,83,0.667,0.344,0.323,2.070,199.398,208.025,331,337,166,162,-47.936,98
2010,13,68,South Florida,Big East,6,4,-9.792,-11.734,67,0.600,0.462,0.138,0.876,169.672,179.464,207,201,122,112,-11.218,76
2010,13,69,Georgia Tech,ACC,5,6,-10.526,-2.978,62,0.455,0.492,-0.037,-0.266,218.045,228.571,290,304,133,133,18.032,47
2010,13,70,Fresno State,Western Athletic,6,4,-10.656,11.829,54,0.600,0.534,0.066,0.404,243.443,254.098,297,310,122,122,4.379,66
2010,13,71,Cincinnati,Big East,3,7,-11.375,-21.298,69,0.300,0.442,-0.142,-0.946,208.333,219.708,275,301,132,137,5.538,62
2010,13,72,Syracuse,Big East,5,5,-16.963,-31.669,71,0.500,0.380,0.120,0.758,139.837,156.800,172,196,123,125,-16.188,79
2010,13,73,Tennessee,SEC,5,6,-17.235,-1.206,61,0.455,0.496,-0.042,-0.293,195.714,212.950,274,296,140,139,34.519,33
2010,13,74,Penn State,Big Ten,6,5,-21.332,-9.437,66,0.545,0.471,0.074,0.457,185.926,207.258,251,257,135,124,24.383,42
2010,13,75,Middle Tennessee,Sun Belt,4,6,-24.409,-115.279,105,0.400,0.158,0.242,1.549,188.189,212.598,239,270,127,127,-95.875,119
2010,13,76,Boston College,ACC,6,5,-25.420,9.393,55,0.545,0.538,0.008,0.027,133.099,158.519,189,214,142,135,26.438,39
2010,13,77,Kent State,Mid-American,4,7,-27.361,-104.976,104,0.364,0.170,0.193,1.231,149.306,176.667,215,265,144,150,-77.764,113
2010,13,78,Louisiana Tech,Western Athletic,4,6,-29.861,-16.890,68,0.400,0.449,-0.049,-0.342,197.222,227.083,284,327,144,144,10.886,58
2010,13,79,Ole Miss,SEC,4,7,-30.777,3.656,58,0.364,0.510,-0.146,-0.973,209.868,240.645,319,373,152,155,22.967,44
2010,13,80,Miami (OH),Mid-American,8,4,-37.094,-102.214,100,0.667,0.186,0.481,3.100,151.572,188.667,241,283,159,150,-79.843,114
2010,13,81,Central Michigan,Mid-American,2,9,-43.410,-93.602,96,0.182,0.223,-0.041,-0.288,191.176,234.586,260,312,136,133,-46.458,95
2010,13,82,East Carolina,Conference USA,6,6,-46.357,-55.333,84,0.500,0.383,0.117,0.734,279.268,325.625,458,521,164,160,-13.091,78
2010,13,83,UAB,Conference USA,4,8,-47.509,-104.356,103,0.333,0.236,0.097,0.606,212.081,259.589,316,379,149,146,-62.652,105
2010,13,84,Northwestern,Big Ten,6,5,-49.680,-36.178,74,0.545,0.389,0.156,0.990,209.375,259.055,268,329,128,127,-0.217,71
2010,13,85,Rutgers,Big East,3,7,-52.087,-72.010,91,0.300,0.266,0.034,0.197,152.985,205.072,205,283,134,138,-19.393,83
2010,13,86,Marshall,Conference USA,5,7,-58.036,-102.381,101,0.417,0.180,0.236,1.511,156.250,214.286,250,345,160,161,-46.661,96
2010,13,87,Colorado,Big 12,5,7,-65.123,-7.810,64,0.417,0.478,-0.061,-0.419,185.897,251.020,290,369,156,147,37.630,31
2010,13,88,Idaho,Western Athletic,4,7,-71.562,-9.012,65,0.364,0.473,-0.109,-0.733,257.009,328.571,275,345,107,105,13.954,53
2010,13,89,North Texas,Sun Belt,3,9,-73.868,-118.226,106,0.250,0.183,0.067,0.410,241.176,315.044,287,356,119,113,-82.656,116
2010,13,90,Washington,Pac-10,5,6,-78.837,27.411,48,0.455,0.585,-0.131,-0.872,163.121,241.958,230,346,141,143,89.851,2
2010,13,92,Ball State,Mid-American,3,7,-79.715,-140.935,112,0.300,0.145,0.155,0.986,159.701,239.416,214,328,134,137,-78.494,115
2010,13,92,UCLA,Pac-10,4,7,-80.559,7.868,56,0.364,0.527,-0.164,-1.085,159.441,240.000,228,336,143,140,70.487,6
2010,13,93,Iowa State,Big 12,4,7,-82.369,2.951,56,0.364,0.510,-0.146,-0.980,159.589,241.958,233,346,146,143,58.039,11
2010,13,94,Virginia,ACC,2,8,-82.443,-37.533,76,0.200,0.393,-0.193,-1.277,179.032,261.475,222,319,124,122,37.981,29
2010,13,95,Rice,Conference USA,4,8,-82.584,-127.910,110,0.333,0.208,0.125,0.791,223.377,305.960,344,462,154,151,-42.409,93
2010,13,96,Purdue,Big Ten,3,8,-82.639,-46.653,81,0.273,0.329,-0.057,-0.390,142.361,225.000,205,324,144,144,15.138,52
2010,13,97,Minnesota,Big Ten,3,8,-84.101,-38.639,79,0.273,0.395,-0.123,-0.819,188.976,273.077,240,355,127,130,38.553,28
2010,13,98,Duke,ACC,2,9,-92.538,-29.599,70,0.182,0.416,-0.234,-1.544,181.944,274.483,262,398,144,145,39.113,27
2010,13,99,Indiana,Big Ten,4,7,-93.255,-61.489,88,0.364,0.340,0.024,0.131,200.730,293.985,275,391,137,133,-4.671,73
2010,13,100,Florida Atlantic,Sun Belt,4,7,-96.848,-162.330,116,0.364,0.103,0.261,1.671,182.243,279.091,195,307,107,110,-74.268,111
2010,13,101,Western Kentucky,Sun Belt,2,10,-97.896,-137.209,111,0.167,0.168,-0.001,-0.029,228.333,326.230,274,398,120,122,-58.946,103
2010,13,102,Tulane,Conference USA,3,8,-98.272,-126.517,109,0.273,0.169,0.104,0.653,181.333,279.605,272,425,150,152,-40.645,91
2010,13,102,Utah State,Western Athletic,3,7,-99.394,-79.998,94,0.300,0.269,0.031,0.174,160.606,260.000,212,338,132,130,10.326,58
2010,13,104,Vanderbilt,SEC,2,10,-102.588,-79.740,94,0.167,0.195,-0.028,-0.208,118.713,221.302,203,374,171,169,17.271,50
2010,13,105,Bowling Green,Mid-American,2,10,-103.730,-152.070,114,0.167,0.126,0.041,0.241,172.297,276.027,255,403,148,146,-69.489,108
2010,13,106,Wyoming,Mountain West,2,9,-110.976,-96.335,97,0.182,0.220,-0.039,-0.280,149.630,260.606,202,344,135,132,12.389,54
2010,13,107,Louisiana,Sun Belt,3,9,-111.650,-156.962,115,0.250,0.122,0.128,0.806,162.424,274.074,268,444,165,162,-59.237,104
2010,13,108,UL Monroe,Sun Belt,4,7,-118.048,-125.485,107,0.364,0.149,0.215,1.371,174.809,292.857,229,369,131,126,-31.647,88
2010,13,109,Buffalo,Mid-American,1,10,-122.479,-186.709,118,0.091,0.023,0.068,0.416,90.260,212.739,139,334,154,157,-74.095,109
2010,13,110,Colorado State,Mountain West,3,9,-140.547,-101.856,101,0.250,0.200,0.050,0.295,142.446,282.993,198,416,139,147,-1.639,67
2010,13,111,Wake Forest,ACC,2,9,-141.727,-62.066,89,0.182,0.324,-0.142,-0.948,158.273,300.000,220,417,139,139,60.060,9
2010,13,112,UNLV,Mountain West,2,10,-155.352,-103.753,102,0.167,0.218,-0.051,-0.354,149.315,304.667,218,457,146,150,27.025,37
2010,13,113,Akron,Mid-American,1,10,-159.589,-207.892,120,0.091,0.043,0.048,0.287,106.383,265.972,150,383,141,144,-67.836,106
2010,13,113,Washington State,Pac-10,1,9,-167.392,-36.409,80,0.100,0.391,-0.291,-1.899,138.346,305.738,184,373,133,122,95.711,2
2010,13,114,Kansas,Big 12,3,8,-163.010,-82.262,95,0.273,0.260,0.013,0.062,145.324,308.333,202,407,139,132,37.885,30
2010,13,116,San José State,Western Athletic,0,10,-179.983,-79.396,93,0.000,0.244,-0.244,-1.607,120.769,300.752,157,400,130,133,51.777,13
2010,13,117,Eastern Michigan,Mid-American,2,10,-195.358,-174.076,117,0.167,0.112,0.055,0.331,158.333,353.691,228,527,144,149,-55.873,99
2010,13,118,New Mexico,Mountain West,1,11,-209.329,-149.179,113,0.083,0.119,-0.035,-0.253,113.095,322.424,190,532,168,165,5.106,64
2010,13,119,New Mexico State,Western Athletic,2,10,-214.476,-126.048,108,0.167,0.149,0.018,0.093,144.615,359.091,188,474,130,132,0.831,69
2010,13,120,Memphis,Conference USA,1,11,-219.410,-197.732,119,0.083,0.051,0.032,0.185,132.061,351.471,173,478,131,136,-24.894,86
2010,14,1,Boise State,Western Athletic,11,1,269.512,181.268,3,0.917,0.927,-0.011,-0.082,373.333,103.822,560,163,150,157,0.327,68
2010,14,2,TCU,Mountain West,11,0,236.994,175.634,4,1.000,0.932,0.068,0.415,331.884,94.891,458,130,138,137,-19.026,81
2010,14,3,Oregon,Pac-10,11,0,217.657,211.206,2,1.000,0.925,0.075,0.471,355.782,138.125,523,221,147,160,44.214,22
2010,14,4,Ohio State,Big Ten,11,1,203.076,135.575,10,0.917,0.876,0.041,0.243,311.184,108.108,473,160,152,148,-7.658,75
2010,14,5,Stanford,Pac-10,10,1,189.251,214.011,1,0.909,0.919,-0.009,-0.085,345.600,156.349,432,197,125,126,57.581,10
2010,14,6,Nevada,Western Athletic,11,1,168.495,123.644,14,0.917,0.761,0.155,0.994,363.309,194.815,505,263,139,135,-15.029,80
2010,14,8,Northern Illinois,Mid-American,9,3,160.476,22.999,48,0.750,0.565,0.185,1.183,308.553,148.077,469,231,152,156,-86.557,117
2010,14,8,Wisconsin,Big Ten,10,1,165.959,124.758,14,0.909,0.776,0.134,0.844,354.331,188.372,450,243,127,129,6.305,61
2010,14,9,Alabama,SEC,8,3,151.584,165.748,5,0.727,0.919,-0.191,-1.265,277.165,125.581,352,162,127,129,48.592,16
2010,14,10,Virginia Tech,ACC,11,1,148.967,165.542,7,0.917,0.880,0.037,0.225,297.333,148.366,446,227,150,153,22.446,46
2010,14,11,UCF,Conference USA,9,3,143.778,60.064,34,0.750,0.674,0.076,0.477,315.748,171.970,401,227,127,132,-77.375,114
2010,14,12,Auburn,SEC,12,0,139.161,176.601,4,1.000,0.847,0.153,0.975,344.755,205.594,493,294,143,143,55.663,12
2010,14,13,Utah,Mountain West,10,2,133.029,78.990,29,0.833,0.736,0.097,0.608,286.577,153.548,427,238,149,155,-11.787,77
2010,14,14,Nebraska,Big 12,9,3,131.084,144.602,8,0.750,0.870,-0.120,-0.795,266.667,135.583,408,221,153,163,25.609,43
2010,14,14,Oklahoma State,Big 12,10,2,126.561,121.624,16,0.833,0.788,0.045,0.271,311.561,185.000,539,333,173,180,10.676,59
2010,14,16,Hawai'i,Western Athletic,9,3,121.067,64.627,32,0.750,0.672,0.078,0.494,328.261,207.194,453,288,138,139,-2.182,71
2010,14,18,Missouri,Big 12,9,2,100.722,130.983,12,0.818,0.892,-0.074,-0.502,218.056,117.333,314,176,144,150,31.083,36
2010,14,18,West Virginia,Big East,8,3,100.167,82.880,26,0.727,0.776,-0.048,-0.327,207.914,107.746,289,153,139,142,-13.272,78
2010,14,20,Iowa,Big Ten,6,5,96.463,92.947,24,0.545,0.788,-0.243,-1.600,243.750,147.287,312,190,128,129,17.684,48
2010,14,21,Arkansas,SEC,9,2,95.017,129.012,13,0.818,0.795,0.024,0.130,282.517,187.500,404,270,143,144,42.583,21
2010,14,22,LSU,SEC,9,2,92.381,123.943,15,0.818,0.845,-0.027,-0.199,235.338,142.958,313,203,133,142,44.504,19
2010,14,22,Oklahoma,Big 12,11,2,89.731,118.753,18,0.846,0.841,0.005,0.021,241.327,151.596,473,285,196,188,46.586,21
2010,14,23,Navy,FBS Independents,7,3,87.616,50.844,39,0.700,0.624,0.076,0.467,309.434,221.818,328,244,106,110,-24.244,86
2010,14,25,South Carolina,SEC,8,4,72.447,118.789,17,0.667,0.808,-0.142,-0.932,266.197,193.750,378,279,142,144,59.915,10
2010,14,26,Florida State,ACC,8,4,68.829,125.739,13,0.667,0.806,-0.139,-0.917,247.552,178.723,354,252,143,141,52.544,14
2010,14,26,Michigan State,Big Ten,10,1,74.245,81.235,27,0.909,0.727,0.182,1.157,248.872,174.627,331,234,133,134,3.590,68
2010,14,27,San Diego State,Mountain West,7,4,68.119,44.821,41,0.636,0.612,0.024,0.135,259.028,190.909,373,273,144,143,-19.094,82
2010,14,28,Georgia,SEC,5,6,66.689,55.157,37,0.455,0.654,-0.199,-1.314,269.697,203.008,356,270,132,133,24.945,41
2010,14,29,Louisville,Big East,5,6,61.964,20.949,50,0.455,0.571,-0.116,-0.777,220.611,158.647,289,211,131,133,-20.139,84
2010,14,30,Tulsa,Conference USA,8,3,58.137,6.597,57,0.727,0.517,0.210,1.342,306.338,248.201,435,345,142,139,-58.757,102
2010,14,31,Texas A&M,Big 12,8,3,57.025,97.153,20,0.727,0.816,-0.088,-0.597,202.424,145.399,334,237,165,163,50.361,14
2010,14,33,Florida,SEC,6,5,52.548,69.999,31,0.545,0.699,-0.153,-1.017,226.119,173.571,303,243,134,140,41.279,23
2010,14,35,Pittsburgh,Big East,6,5,46.792,55.407,37,0.545,0.659,-0.114,-0.752,218.110,171.318,277,221,127,129,9.096,60
2010,14,35,Southern Miss,Conference USA,7,4,50.680,-1.200,60,0.636,0.497,0.139,0.880,308.889,258.209,417,346,135,134,-57.362,101
2010,14,37,Arizona,Pac-10,6,5,44.279,107.143,19,0.545,0.794,-0.248,-1.623,227.612,183.333,305,253,134,138,70.667,7
2010,14,37,Temple,Mid-American,7,4,45.070,-57.422,85,0.636,0.306,0.330,2.120,189.437,144.366,269,205,142,142,-87.081,118
2010,14,38,Air Force,Mountain West,7,4,52.203,41.353,43,0.636,0.603,0.033,0.187,266.116,213.913,322,246,121,115,-2.319,69
2010,14,38,Illinois,Big Ten,5,6,43.357,53.781,39,0.455,0.652,-0.197,-1.293,244.755,201.399,350,288,143,143,18.781,50
2010,14,38,Ohio,Mid-American,7,4,42.838,-61.329,87,0.636,0.325,0.312,1.999,240.476,197.638,303,251,126,127,-100.917,120
2010,14,39,NC State,ACC,7,4,41.153,78.665,30,0.636,0.738,-0.102,-0.684,221.290,180.137,343,263,155,146,36.547,32
2010,14,40,Western Michigan,Mid-American,5,6,39.762,-37.848,78,0.455,0.381,0.073,0.453,218.710,178.947,339,272,155,152,-68.195,107
2010,14,42,Miami,ACC,6,5,36.518,92.998,23,0.545,0.791,-0.246,-1.619,191.781,155.263,280,236,146,152,52.460,12
2010,14,43,Clemson,ACC,5,6,30.003,84.396,25,0.455,0.796,-0.342,-2.242,170.149,140.146,228,192,134,137,47.671,17
2010,14,43,USC,Pac-10,8,5,34.783,96.383,21,0.615,0.738,-0.122,-0.807,250.311,215.528,403,347,161,161,61.468,8
2010,14,44,Notre Dame,FBS Independents,7,5,28.786,61.454,33,0.583,0.714,-0.131,-0.873,189.571,160.784,309,246,163,153,40.542,25
2010,14,46,Kansas State,Big 12,6,5,27.622,41.850,43,0.545,0.612,-0.066,-0.453,250.000,222.378,355,318,142,143,26.792,38
2010,14,47,Maryland,ACC,7,4,25.720,41.424,44,0.636,0.628,0.009,0.033,211.034,185.315,306,265,145,143,32.243,35
2010,14,48,Houston,Conference USA,4,7,25.487,-32.301,72,0.364,0.431,-0.067,-0.457,288.722,263.235,384,358,133,136,-41.683,92
2010,14,49,BYU,Mountain West,6,6,24.345,12.540,53,0.500,0.545,-0.045,-0.315,202.817,178.472,288,257,142,144,8.147,60
2010,14,50,North Carolina,ACC,6,5,20.900,57.983,36,0.545,0.677,-0.132,-0.878,210.606,189.706,278,258,132,136,43.025,20
2010,14,50,Troy,Sun Belt,7,5,23.542,-51.639,82,0.583,0.344,0.239,1.537,265.101,241.558,395,372,149,154,-68.478,106
2010,14,51,Mississippi State,SEC,7,4,17.622,35.183,46,0.636,0.636,0.001,-0.019,193.007,175.385,276,228,143,130,33.134,34
2010,14,53,Florida International,Sun Belt,6,6,13.178,-56.089,86,0.500,0.348,0.152,0.974,263.566,250.388,340,323,129,129,-51.191,98
2010,14,54,Arizona State,Pac-10,4,6,12.128,99.527,20,0.400,0.799,-0.399,-2.603,207.092,194.964,292,271,141,139,87.218,3
2010,14,54,Michigan,Big Ten,6,5,11.239,28.647,47,0.545,0.569,-0.024,-0.179,260.563,249.324,370,369,142,148,23.090,43
2010,14,55,UConn,Big East,7,4,11.889,-30.771,71,0.636,0.398,0.238,1.532,172.848,160.959,261,235,151,146,-26.393,87
2010,14,56,Arkansas State,Sun Belt,4,8,4.664,-58.700,86,0.333,0.344,-0.010,-0.090,297.521,292.857,360,369,121,126,-47.629,97
2010,14,57,Kentucky,SEC,5,6,4.602,-3.458,63,0.455,0.491,-0.037,-0.262,249.640,245.038,347,321,139,131,4.659,65
2010,14,59,Baylor,Big 12,6,5,1.389,19.166,50,0.545,0.549,-0.004,-0.051,247.917,246.528,357,355,144,144,22.074,44
2010,14,59,Texas,Big 12,5,7,1.727,19.607,51,0.417,0.570,-0.153,-1.017,178.125,176.398,285,284,160,161,15.423,51
2010,14,60,Army,FBS Independents,5,5,1.258,-44.072,79,0.500,0.392,0.108,0.678,267.925,266.667,284,264,106,99,-37.520,91
2010,14,62,SMU,Conference USA,7,6,-2.303,-37.034,75,0.538,0.386,0.153,0.977,218.987,221.290,346,343,158,155,-28.190,88
2010,14,63,UTEP,Conference USA,5,6,-5.970,-100.504,99,0.455,0.208,0.246,1.579,235.833,241.803,283,295,120,122,-75.103,113
2010,14,65,Fresno State,Western Athletic,7,4,-8.271,20.169,51,0.636,0.559,0.078,0.491,242.105,250.376,322,333,133,133,11.646,58
2010,14,65,Texas Tech,Big 12,6,5,-7.270,21.763,49,0.545,0.567,-0.022,-0.163,204.459,211.728,321,343,157,162,24.946,40
2010,14,66,California,Pac-10,4,7,-8.591,44.952,40,0.364,0.655,-0.291,-1.913,185.612,194.203,258,268,139,138,83.041,5
2010,14,67,Toledo,Mid-American,8,4,-8.627,-52.117,83,0.667,0.344,0.323,2.070,199.398,208.025,331,337,166,162,-47.936,98
2010,14,69,Georgia Tech,ACC,5,6,-10.526,-2.978,62,0.455,0.492,-0.037,-0.266,218.045,228.571,290,304,133,133,18.032,47
2010,14,69,South Florida,Big East,6,5,-12.029,-17.589,67,0.545,0.441,0.104,0.662,163.971,176.000,223,220,136,125,-14.223,79
2010,14,70,Oregon State,Pac-10,5,7,-15.575,79.818,28,0.417,0.721,-0.304,-1.989,203.472,219.048,293,322,144,147,95.536,1
2010,14,72,Syracuse,Big East,5,5,-16.963,-31.669,71,0.500,0.380,0.120,0.758,139.837,156.800,172,196,123,125,-16.188,79
2010,14,73,Tennessee,SEC,5,6,-17.235,-1.206,61,0.455,0.496,-0.042,-0.293,195.714,212.950,274,296,140,139,34.519,33
2010,14,74,Middle Tennessee,Sun Belt,5,6,-21.429,-108.179,105,0.455,0.176,0.278,1.791,190.714,212.143,267,297,140,140,-91.485,119
2010,14,74,Penn State,Big Ten,6,5,-21.332,-9.437,66,0.545,0.471,0.074,0.457,185.926,207.258,251,257,135,124,24.383,42
2010,14,75,Cincinnati,Big East,3,8,-21.593,-26.440,69,0.273,0.427,-0.154,-1.013,200.704,222.297,285,329,142,148,12.005,57
2010,14,76,Boston College,ACC,6,5,-25.420,9.393,55,0.545,0.538,0.008,0.027,133.099,158.519,189,214,142,135,26.438,39
2010,14,77,Kent State,Mid-American,4,7,-27.361,-104.976,104,0.364,0.170,0.193,1.231,149.306,176.667,215,265,144,150,-77.764,113
2010,14,78,Miami (OH),Mid-American,9,4,-30.363,-88.702,96,0.692,0.219,0.473,3.055,156.140,186.503,267,304,171,163,-72.293,110
2010,14,79,Ole Miss,SEC,4,7,-30.777,3.656,58,0.364,0.510,-0.146,-0.973,209.868,240.645,319,373,152,155,22.967,44
2010,14,80,Louisiana Tech,Western Athletic,4,7,-38.575,-18.098,68,0.364,0.446,-0.082,-0.548,198.026,236.601,301,362,152,153,23.189,45
2010,14,81,Central Michigan,Mid-American,2,9,-43.410,-93.602,96,0.182,0.223,-0.041,-0.288,191.176,234.586,260,312,136,133,-46.458,95
2010,14,82,East Carolina,Conference USA,6,6,-46.357,-55.333,84,0.500,0.383,0.117,0.734,279.268,325.625,458,521,164,160,-13.091,78
2010,14,83,UAB,Conference USA,4,8,-47.509,-104.356,103,0.333,0.236,0.097,0.606,212.081,259.589,316,379,149,146,-62.652,105
2010,14,84,Northwestern,Big Ten,6,5,-49.680,-36.178,74,0.545,0.389,0.156,0.990,209.375,259.055,268,329,128,127,-0.217,71
2010,14,86,Idaho,Western Athletic,5,7,-62.157,-12.905,66,0.417,0.462,-0.045,-0.308,255.085,317.241,301,368,118,116,4.480,65
2010,14,86,Marshall,Conference USA,5,7,-58.036,-102.381,101,0.417,0.180,0.236,1.511,156.250,214.286,250,345,160,161,-46.661,96
2010,14,87,Colorado,Big 12,5,7,-65.123,-7.810,64,0.417,0.478,-0.061,-0.419,185.897,251.020,290,369,156,147,37.630,31
2010,14,87,Rutgers,Big East,3,8,-62.388,-75.761,93,0.273,0.266,0.007,0.029,151.034,213.423,219,318,145,149,-10.573,75
2010,14,89,North Texas,Sun Belt,3,9,-73.868,-118.226,106,0.250,0.183,0.067,0.410,241.176,315.044,287,356,119,113,-82.656,116
2010,14,89,Washington,Pac-10,6,6,-67.666,26.195,47,0.500,0.580,-0.080,-0.530,172.078,239.744,265,374,154,156,78.945,5
2010,14,92,Ball State,Mid-American,3,7,-79.715,-140.935,112,0.300,0.145,0.155,0.986,159.701,239.416,214,328,134,137,-78.494,115
2010,14,93,Iowa State,Big 12,4,7,-82.369,2.951,56,0.364,0.510,-0.146,-0.980,159.589,241.958,233,346,146,143,58.039,11
2010,14,94,Virginia,ACC,2,8,-82.443,-37.533,76,0.200,0.393,-0.193,-1.277,179.032,261.475,222,319,124,122,37.981,29
2010,14,95,Rice,Conference USA,4,8,-82.584,-127.910,110,0.333,0.208,0.125,0.791,223.377,305.960,344,462,154,151,-42.409,93
2010,14,96,Purdue,Big Ten,3,8,-82.639,-46.653,81,0.273,0.329,-0.057,-0.390,142.361,225.000,205,324,144,144,15.138,52
2010,14,96,UCLA,Pac-10,4,8,-83.345,5.287,58,0.333,0.519,-0.185,-1.216,156.129,239.474,242,364,155,152,72.410,6
2010,14,97,Minnesota,Big Ten,3,8,-84.101,-38.639,79,0.273,0.395,-0.123,-0.819,188.976,273.077,240,355,127,130,38.553,28
2010,14,98,Duke,ACC,2,9,-92.538,-29.599,70,0.182,0.416,-0.234,-1.544,181.944,274.483,262,398,144,145,39.113,27
2010,14,99,Indiana,Big Ten,4,7,-93.255,-61.489,88,0.364,0.340,0.024,0.131,200.730,293.985,275,391,137,133,-4.671,73
2010,14,101,Western Kentucky,Sun Belt,2,10,-97.896,-137.209,111,0.167,0.168,-0.001,-0.029,228.333,326.230,274,398,120,122,-58.946,103
2010,14,102,Tulane,Conference USA,3,8,-98.272,-126.517,109,0.273,0.169,0.104,0.653,181.333,279.605,272,425,150,152,-40.645,91
2010,14,104,Vanderbilt,SEC,2,10,-102.588,-79.740,94,0.167,0.195,-0.028,-0.208,118.713,221.302,203,374,171,169,17.271,50
2010,14,105,Bowling Green,Mid-American,2,10,-103.730,-152.070,114,0.167,0.126,0.041,0.241,172.297,276.027,255,403,148,146,-69.489,108
2010,14,106,Utah State,Western Athletic,3,8,-117.377,-73.281,92,0.273,0.287,-0.014,-0.106,155.862,273.239,226,388,145,142,30.860,36
2010,14,106,Wyoming,Mountain West,2,9,-110.976,-96.335,97,0.182,0.220,-0.039,-0.280,149.630,260.606,202,344,135,132,12.389,54
2010,14,107,Louisiana,Sun Belt,3,9,-111.650,-156.962,115,0.250,0.122,0.128,0.806,162.424,274.074,268,444,165,162,-59.237,104
2010,14,108,Florida Atlantic,Sun Belt,4,8,-121.138,-174.032,116,0.333,0.083,0.250,1.610,164.228,285.366,202,351,123,123,-72.228,109
2010,14,108,UL Monroe,Sun Belt,4,7,-118.048,-125.485,107,0.364,0.149,0.215,1.371,174.809,292.857,229,369,131,126,-31.647,88
2010,14,109,Buffalo,Mid-American,1,10,-122.479,-186.709,118,0.091,0.023,0.068,0.416,90.260,212.739,139,334,154,157,-74.095,109
2010,14,110,Colorado State,Mountain West,3,9,-140.547,-101.856,101,0.250,0.200,0.050,0.295,142.446,282.993,198,416,139,147,-1.639,67
2010,14,111,Wake Forest,ACC,2,9,-141.727,-62.066,89,0.182,0.324,-0.142,-0.948,158.273,300.000,220,417,139,139,60.060,9
2010,14,112,Washington State,Pac-10,1,10,-157.017,-36.822,74,0.091,0.392,-0.301,-1.966,145.205,302.222,212,408,146,135,88.183,2
2010,14,113,Akron,Mid-American,1,10,-159.589,-207.892,120,0.091,0.043,0.048,0.287,106.383,265.972,150,383,141,144,-67.836,106
2010,14,114,Kansas,Big 12,3,8,-163.010,-82.262,95,0.273,0.260,0.013,0.062,145.324,308.333,202,407,139,132,37.885,30
2010,14,115,UNLV,Mountain West,2,11,-165.259,-105.594,104,0.154,0.214,-0.061,-0.407,149.375,314.634,239,516,160,164,30.508,38
2010,14,116,San José State,Western Athletic,0,11,-168.174,-73.251,91,0.000,0.264,-0.264,-1.729,127.660,295.833,180,426,141,144,48.477,18
2010,14,117,Eastern Michigan,Mid-American,2,10,-195.358,-174.076,117,0.167,0.112,0.055,0.331,158.333,353.691,228,527,144,149,-55.873,99
2010,14,118,New Mexico,Mountain West,1,11,-209.329,-149.179,113,0.083,0.119,-0.035,-0.253,113.095,322.424,190,532,168,165,5.106,64
2010,14,119,New Mexico State,Western Athletic,2,10,-214.476,-126.048,108,0.167,0.149,0.018,0.093,144.615,359.091,188,474,130,132,0.831,69
2010,14,120,Memphis,Conference USA,1,11,-219.410,-197.732,119,0.083,0.051,0.032,0.185,132.061,351.471,173,478,131,136,-24.894,86
2010,15,1,Boise State,Western Athletic,11,1,269.512,181.268,3,0.917,0.927,-0.011,-0.082,373.333,103.822,560,163,150,157,0.327,68
2010,15,2,TCU,Mountain West,11,0,236.994,175.634,4,1.000,0.932,0.068,0.415,331.884,94.891,458,130,138,137,-19.026,81
2010,15,3,Oregon,Pac-10,11,0,217.657,211.206,2,1.000,0.925,0.075,0.471,355.782,138.125,523,221,147,160,44.214,22
2010,15,4,Ohio State,Big Ten,11,1,203.076,135.575,10,0.917,0.876,0.041,0.243,311.184,108.108,473,160,152,148,-7.658,75
2010,15,5,Stanford,Pac-10,10,1,189.251,214.011,1,0.909,0.919,-0.009,-0.085,345.600,156.349,432,197,125,126,57.581,10
2010,15,6,Nevada,Western Athletic,11,1,168.495,123.644,14,0.917,0.761,0.155,0.994,363.309,194.815,505,263,139,135,-15.029,80
2010,15,8,Northern Illinois,Mid-American,9,3,160.476,22.999,48,0.750,0.565,0.185,1.183,308.553,148.077,469,231,152,156,-86.557,117
2010,15,8,Wisconsin,Big Ten,10,1,165.959,124.758,14,0.909,0.776,0.134,0.844,354.331,188.372,450,243,127,129,6.305,61
2010,15,9,Alabama,SEC,8,3,151.584,165.748,5,0.727,0.919,-0.191,-1.265,277.165,125.581,352,162,127,129,48.592,16
2010,15,10,Virginia Tech,ACC,11,1,148.967,165.542,7,0.917,0.880,0.037,0.225,297.333,148.366,446,227,150,153,22.446,46
2010,15,11,UCF,Conference USA,9,3,143.778,60.064,34,0.750,0.674,0.076,0.477,315.748,171.970,401,227,127,132,-77.375,114
2010,15,12,Auburn,SEC,12,0,139.161,176.601,4,1.000,0.847,0.153,0.975,344.755,205.594,493,294,143,143,55.663,12
2010,15,13,Utah,Mountain West,10,2,133.029,78.990,29,0.833,0.736,0.097,0.608,286.577,153.548,427,238,149,155,-11.787,77
2010,15,14,Nebraska,Big 12,9,3,131.084,144.602,8,0.750,0.870,-0.120,-0.795,266.667,135.583,408,221,153,163,25.609,43
2010,15,14,Oklahoma State,Big 12,10,2,126.561,121.624,16,0.833,0.788,0.045,0.271,311.561,185.000,539,333,173,180,10.676,59
2010,15,16,Hawai'i,Western Athletic,9,3,121.067,64.627,32,0.750,0.672,0.078,0.494,328.261,207.194,453,288,138,139,-2.182,71
2010,15,18,Missouri,Big 12,9,2,100.722,130.983,12,0.818,0.892,-0.074,-0.502,218.056,117.333,314,176,144,150,31.083,36
2010,15,18,West Virginia,Big East,8,3,100.167,82.880,26,0.727,0.776,-0.048,-0.327,207.914,107.746,289,153,139,142,-13.272,78
2010,15,20,Iowa,Big Ten,6,5,96.463,92.947,24,0.545,0.788,-0.243,-1.600,243.750,147.287,312,190,128,129,17.684,48
2010,15,21,Arkansas,SEC,9,2,95.017,129.012,13,0.818,0.795,0.024,0.130,282.517,187.500,404,270,143,144,42.583,21
2010,15,21,Navy,FBS Independents,8,3,92.903,58.408,36,0.727,0.647,0.080,0.508,306.838,213.934,359,261,117,122,-22.595,85
2010,15,22,LSU,SEC,9,2,92.381,123.943,15,0.818,0.845,-0.027,-0.199,235.338,142.958,313,203,133,142,44.504,19
2010,15,22,Oklahoma,Big 12,11,2,89.731,118.753,18,0.846,0.841,0.005,0.021,241.327,151.596,473,285,196,188,46.586,21
2010,15,25,South Carolina,SEC,8,4,72.447,118.789,17,0.667,0.808,-0.142,-0.932,266.197,193.750,378,279,142,144,59.915,10
2010,15,26,Florida State,ACC,8,4,68.829,125.739,13,0.667,0.806,-0.139,-0.917,247.552,178.723,354,252,143,141,52.544,14
2010,15,26,Michigan State,Big Ten,10,1,74.245,81.235,27,0.909,0.727,0.182,1.157,248.872,174.627,331,234,133,134,3.590,68
2010,15,27,San Diego State,Mountain West,7,4,68.119,44.821,41,0.636,0.612,0.024,0.135,259.028,190.909,373,273,144,143,-19.094,82
2010,15,28,Georgia,SEC,5,6,66.689,55.157,37,0.455,0.654,-0.199,-1.314,269.697,203.008,356,270,132,133,24.945,41
2010,15,29,Louisville,Big East,5,6,61.964,20.949,50,0.455,0.571,-0.116,-0.777,220.611,158.647,289,211,131,133,-20.139,84
2010,15,30,Tulsa,Conference USA,8,3,58.137,6.597,57,0.727,0.517,0.210,1.342,306.338,248.201,435,345,142,139,-58.757,102
2010,15,31,Texas A&M,Big 12,8,3,57.025,97.153,20,0.727,0.816,-0.088,-0.597,202.424,145.399,334,237,165,163,50.361,14
2010,15,33,Florida,SEC,6,5,52.548,69.999,31,0.545,0.699,-0.153,-1.017,226.119,173.571,303,243,134,140,41.279,23
2010,15,35,Pittsburgh,Big East,6,5,46.792,55.407,37,0.545,0.659,-0.114,-0.752,218.110,171.318,277,221,127,129,9.096,60
2010,15,35,Southern Miss,Conference USA,7,4,50.680,-1.200,60,0.636,0.497,0.139,0.880,308.889,258.209,417,346,135,134,-57.362,101
2010,15,37,Arizona,Pac-10,6,5,44.279,107.143,19,0.545,0.794,-0.248,-1.623,227.612,183.333,305,253,134,138,70.667,7
2010,15,37,Temple,Mid-American,7,4,45.070,-57.422,85,0.636,0.306,0.330,2.120,189.437,144.366,269,205,142,142,-87.081,118
2010,15,38,Air Force,Mountain West,7,4,52.203,41.353,43,0.636,0.603,0.033,0.187,266.116,213.913,322,246,121,115,-2.319,69
2010,15,38,Illinois,Big Ten,5,6,43.357,53.781,39,0.455,0.652,-0.197,-1.293,244.755,201.399,350,288,143,143,18.781,50
2010,15,38,Ohio,Mid-American,7,4,42.838,-61.329,87,0.636,0.325,0.312,1.999,240.476,197.638,303,251,126,127,-100.917,120
2010,15,39,NC State,ACC,7,4,41.153,78.665,30,0.636,0.738,-0.102,-0.684,221.290,180.137,343,263,155,146,36.547,32
2010,15,40,Western Michigan,Mid-American,5,6,39.762,-37.848,78,0.455,0.381,0.073,0.453,218.710,178.947,339,272,155,152,-68.195,107
2010,15,42,Miami,ACC,6,5,36.518,92.998,23,0.545,0.791,-0.246,-1.619,191.781,155.263,280,236,146,152,52.460,12
2010,15,43,Clemson,ACC,5,6,30.003,84.396,25,0.455,0.796,-0.342,-2.242,170.149,140.146,228,192,134,137,47.671,17
2010,15,43,USC,Pac-10,8,5,34.783,96.383,21,0.615,0.738,-0.122,-0.807,250.311,215.528,403,347,161,161,61.468,8
2010,15,44,Notre Dame,FBS Independents,7,5,28.786,61.454,33,0.583,0.714,-0.131,-0.873,189.571,160.784,309,246,163,153,40.542,25
2010,15,46,Kansas State,Big 12,6,5,27.622,41.850,43,0.545,0.612,-0.066,-0.453,250.000,222.378,355,318,142,143,26.792,38
2010,15,47,Maryland,ACC,7,4,25.720,41.424,44,0.636,0.628,0.009,0.033,211.034,185.315,306,265,145,143,32.243,35
2010,15,48,Houston,Conference USA,4,7,25.487,-32.301,72,0.364,0.431,-0.067,-0.457,288.722,263.235,384,358,133,136,-41.683,92
2010,15,49,BYU,Mountain West,6,6,24.345,12.540,53,0.500,0.545,-0.045,-0.315,202.817,178.472,288,257,142,144,8.147,60
2010,15,50,North Carolina,ACC,6,5,20.900,57.983,36,0.545,0.677,-0.132,-0.878,210.606,189.706,278,258,132,136,43.025,20
2010,15,50,Troy,Sun Belt,7,5,23.542,-51.639,82,0.583,0.344,0.239,1.537,265.101,241.558,395,372,149,154,-68.478,106
2010,15,51,Mississippi State,SEC,7,4,17.622,35.183,46,0.636,0.636,0.001,-0.019,193.007,175.385,276,228,143,130,33.134,34
2010,15,53,Florida International,Sun Belt,6,6,13.178,-56.089,86,0.500,0.348,0.152,0.974,263.566,250.388,340,323,129,129,-51.191,98
2010,15,54,Arizona State,Pac-10,4,6,12.128,99.527,20,0.400,0.799,-0.399,-2.603,207.092,194.964,292,271,141,139,87.218,3
2010,15,54,Michigan,Big Ten,6,5,11.239,28.647,47,0.545,0.569,-0.024,-0.179,260.563,249.324,370,369,142,148,23.090,43
2010,15,55,UConn,Big East,7,4,11.889,-30.771,71,0.636,0.398,0.238,1.532,172.848,160.959,261,235,151,146,-26.393,87
2010,15,56,Arkansas State,Sun Belt,4,8,4.664,-58.700,86,0.333,0.344,-0.010,-0.090,297.521,292.857,360,369,121,126,-47.629,97
2010,15,57,Kentucky,SEC,5,6,4.602,-3.458,63,0.455,0.491,-0.037,-0.262,249.640,245.038,347,321,139,131,4.659,65
2010,15,59,Baylor,Big 12,6,5,1.389,19.166,50,0.545,0.549,-0.004,-0.051,247.917,246.528,357,355,144,144,22.074,44
2010,15,59,Texas,Big 12,5,7,1.727,19.607,51,0.417,0.570,-0.153,-1.017,178.125,176.398,285,284,160,161,15.423,51
2010,15,62,SMU,Conference USA,7,6,-2.303,-37.034,75,0.538,0.386,0.153,0.977,218.987,221.290,346,343,158,155,-28.190,88
2010,15,63,UTEP,Conference USA,5,6,-5.970,-100.504,99,0.455,0.208,0.246,1.579,235.833,241.803,283,295,120,122,-75.103,113
2010,15,65,Fresno State,Western Athletic,7,4,-8.271,20.169,51,0.636,0.559,0.078,0.491,242.105,250.376,322,333,133,133,11.646,58
2010,15,65,Texas Tech,Big 12,6,5,-7.270,21.763,49,0.545,0.567,-0.022,-0.163,204.459,211.728,321,343,157,162,24.946,40
2010,15,66,California,Pac-10,4,7,-8.591,44.952,40,0.364,0.655,-0.291,-1.913,185.612,194.203,258,268,139,138,83.041,5
2010,15,67,Toledo,Mid-American,8,4,-8.627,-52.117,83,0.667,0.344,0.323,2.070,199.398,208.025,331,337,166,162,-47.936,98
2010,15,69,Army,FBS Independents,5,6,-13.097,-48.510,80,0.455,0.375,0.079,0.501,255.085,268.182,301,295,118,110,-28.598,90
2010,15,69,Georgia Tech,ACC,5,6,-10.526,-2.978,62,0.455,0.492,-0.037,-0.266,218.045,228.571,290,304,133,133,18.032,47
2010,15,69,South Florida,Big East,6,5,-12.029,-17.589,67,0.545,0.441,0.104,0.662,163.971,176.000,223,220,136,125,-14.223,79
2010,15,70,Oregon State,Pac-10,5,7,-15.575,79.818,28,0.417,0.721,-0.304,-1.989,203.472,219.048,293,322,144,147,95.536,1
2010,15,72,Syracuse,Big East,5,5,-16.963,-31.669,71,0.500,0.380,0.120,0.758,139.837,156.800,172,196,123,125,-16.188,79
2010,15,73,Tennessee,SEC,5,6,-17.235,-1.206,61,0.455,0.496,-0.042,-0.293,195.714,212.950,274,296,140,139,34.519,33
2010,15,74,Middle Tennessee,Sun Belt,5,6,-21.429,-108.179,105,0.455,0.176,0.278,1.791,190.714,212.143,267,297,140,140,-91.485,119
2010,15,74,Penn State,Big Ten,6,5,-21.332,-9.437,66,0.545,0.471,0.074,0.457,185.926,207.258,251,257,135,124,24.383,42
2010,15,75,Cincinnati,Big East,3,8,-21.593,-26.440,69,0.273,0.427,-0.154,-1.013,200.704,222.297,285,329,142,148,12.005,57
2010,15,76,Boston College,ACC,6,5,-25.420,9.393,55,0.545,0.538,0.008,0.027,133.099,158.519,189,214,142,135,26.438,39
2010,15,77,Kent State,Mid-American,4,7,-27.361,-104.976,104,0.364,0.170,0.193,1.231,149.306,176.667,215,265,144,150,-77.764,113
2010,15,78,Miami (OH),Mid-American,9,4,-30.363,-88.702,96,0.692,0.219,0.473,3.055,156.140,186.503,267,304,171,163,-72.293,110
2010,15,79,Ole Miss,SEC,4,7,-30.777,3.656,58,0.364,0.510,-0.146,-0.973,209.868,240.645,319,373,152,155,22.967,44
2010,15,80,Louisiana Tech,Western Athletic,4,7,-38.575,-18.098,68,0.364,0.446,-0.082,-0.548,198.026,236.601,301,362,152,153,23.189,45
2010,15,81,Central Michigan,Mid-American,2,9,-43.410,-93.602,96,0.182,0.223,-0.041,-0.288,191.176,234.586,260,312,136,133,-46.458,95
2010,15,82,East Carolina,Conference USA,6,6,-46.357,-55.333,84,0.500,0.383,0.117,0.734,279.268,325.625,458,521,164,160,-13.091,78
2010,15,83,UAB,Conference USA,4,8,-47.509,-104.356,103,0.333,0.236,0.097,0.606,212.081,259.589,316,379,149,146,-62.652,105
2010,15,84,Northwestern,Big Ten,6,5,-49.680,-36.178,74,0.545,0.389,0.156,0.990,209.375,259.055,268,329,128,127,-0.217,71
2010,15,86,Idaho,Western Athletic,5,7,-62.157,-12.905,66,0.417,0.462,-0.045,-0.308,255.085,317.241,301,368,118,116,4.480,65
2010,15,86,Marshall,Conference USA,5,7,-58.036,-102.381,101,0.417,0.180,0.236,1.511,156.250,214.286,250,345,160,161,-46.661,96
2010,15,87,Colorado,Big 12,5,7,-65.123,-7.810,64,0.417,0.478,-0.061,-0.419,185.897,251.020,290,369,156,147,37.630,31
2010,15,87,Rutgers,Big East,3,8,-62.388,-75.761,93,0.273,0.266,0.007,0.029,151.034,213.423,219,318,145,149,-10.573,75
2010,15,89,North Texas,Sun Belt,3,9,-73.868,-118.226,106,0.250,0.183,0.067,0.410,241.176,315.044,287,356,119,113,-82.656,116
2010,15,89,Washington,Pac-10,6,6,-67.666,26.195,47,0.500,0.580,-0.080,-0.530,172.078,239.744,265,374,154,156,78.945,5
2010,15,92,Ball State,Mid-American,3,7,-79.715,-140.935,112,0.300,0.145,0.155,0.986,159.701,239.416,214,328,134,137,-78.494,115
2010,15,93,Iowa State,Big 12,4,7,-82.369,2.951,56,0.364,0.510,-0.146,-0.980,159.589,241.958,233,346,146,143,58.039,11
2010,15,94,Virginia,ACC,2,8,-82.443,-37.533,76,0.200,0.393,-0.193,-1.277,179.032,261.475,222,319,124,122,37.981,29
2010,15,95,Rice,Conference USA,4,8,-82.584,-127.910,110,0.333,0.208,0.125,0.791,223.377,305.960,344,462,154,151,-42.409,93
2010,15,96,Purdue,Big Ten,3,8,-82.639,-46.653,81,0.273,0.329,-0.057,-0.390,142.361,225.000,205,324,144,144,15.138,52
2010,15,96,UCLA,Pac-10,4,8,-83.345,5.287,58,0.333,0.519,-0.185,-1.216,156.129,239.474,242,364,155,152,72.410,6
2010,15,97,Minnesota,Big Ten,3,8,-84.101,-38.639,79,0.273,0.395,-0.123,-0.819,188.976,273.077,240,355,127,130,38.553,28
2010,15,98,Duke,ACC,2,9,-92.538,-29.599,70,0.182,0.416,-0.234,-1.544,181.944,274.483,262,398,144,145,39.113,27
2010,15,99,Indiana,Big Ten,4,7,-93.255,-61.489,88,0.364,0.340,0.024,0.131,200.730,293.985,275,391,137,133,-4.671,73
2010,15,101,Western Kentucky,Sun Belt,2,10,-97.896,-137.209,111,0.167,0.168,-0.001,-0.029,228.333,326.230,274,398,120,122,-58.946,103
2010,15,102,Tulane,Conference USA,3,8,-98.272,-126.517,109,0.273,0.169,0.104,0.653,181.333,279.605,272,425,150,152,-40.645,91
2010,15,104,Vanderbilt,SEC,2,10,-102.588,-79.740,94,0.167,0.195,-0.028,-0.208,118.713,221.302,203,374,171,169,17.271,50
2010,15,105,Bowling Green,Mid-American,2,10,-103.730,-152.070,114,0.167,0.126,0.041,0.241,172.297,276.027,255,403,148,146,-69.489,108
2010,15,106,Utah State,Western Athletic,3,8,-117.377,-73.281,92,0.273,0.287,-0.014,-0.106,155.862,273.239,226,388,145,142,30.860,36
2010,15,106,Wyoming,Mountain West,2,9,-110.976,-96.335,97,0.182,0.220,-0.039,-0.280,149.630,260.606,202,344,135,132,12.389,54
2010,15,107,Louisiana,Sun Belt,3,9,-111.650,-156.962,115,0.250,0.122,0.128,0.806,162.424,274.074,268,444,165,162,-59.237,104
2010,15,108,Florida Atlantic,Sun Belt,4,8,-121.138,-174.032,116,0.333,0.083,0.250,1.610,164.228,285.366,202,351,123,123,-72.228,109
2010,15,108,UL Monroe,Sun Belt,4,7,-118.048,-125.485,107,0.364,0.149,0.215,1.371,174.809,292.857,229,369,131,126,-31.647,88
2010,15,109,Buffalo,Mid-American,1,10,-122.479,-186.709,118,0.091,0.023,0.068,0.416,90.260,212.739,139,334,154,157,-74.095,109
2010,15,110,Colorado State,Mountain West,3,9,-140.547,-101.856,101,0.250,0.200,0.050,0.295,142.446,282.993,198,416,139,147,-1.639,67
2010,15,111,Wake Forest,ACC,2,9,-141.727,-62.066,89,0.182,0.324,-0.142,-0.948,158.273,300.000,220,417,139,139,60.060,9
2010,15,112,Washington State,Pac-10,1,10,-157.017,-36.822,74,0.091,0.392,-0.301,-1.966,145.205,302.222,212,408,146,135,88.183,2
2010,15,113,Akron,Mid-American,1,10,-159.589,-207.892,120,0.091,0.043,0.048,0.287,106.383,265.972,150,383,141,144,-67.836,106
2010,15,114,Kansas,Big 12,3,8,-163.010,-82.262,95,0.273,0.260,0.013,0.062,145.324,308.333,202,407,139,132,37.885,30
2010,15,115,UNLV,Mountain West,2,11,-165.259,-105.594,104,0.154,0.214,-0.061,-0.407,149.375,314.634,239,516,160,164,30.508,38
2010,15,116,San José State,Western Athletic,0,11,-168.174,-73.251,91,0.000,0.264,-0.264,-1.729,127.660,295.833,180,426,141,144,48.477,18
2010,15,117,Eastern Michigan,Mid-American,2,10,-195.358,-174.076,117,0.167,0.112,0.055,0.331,158.333,353.691,228,527,144,149,-55.873,99
2010,15,118,New Mexico,Mountain West,1,11,-209.329,-149.179,113,0.083,0.119,-0.035,-0.253,113.095,322.424,190,532,168,165,5.106,64
2010,15,119,New Mexico State,Western Athletic,2,10,-214.476,-126.048,108,0.167,0.149,0.018,0.093,144.615,359.091,188,474,130,132,0.831,69
2010,15,120,Memphis,Conference USA,1,11,-219.410,-197.732,119,0.083,0.051,0.032,0.185,132.061,351.471,173,478,131,136,-24.894,86
2010,16,1,Boise State,Western Athletic,12,1,262.433,179.653,5,0.923,0.931,-0.008,-0.013,359.509,97.076,586,166,163,171,-1.106,71
2010,16,2,TCU,Mountain West,12,0,225.324,173.501,6,1.000,0.926,0.074,0.534,328.082,102.759,479,149,146,145,-7.021,77
2010,16,3,Oregon,Pac-10,11,1,200.418,212.623,2,0.917,0.935,-0.018,-0.079,340.881,140.462,542,243,159,173,60.455,12
2010,16,4,Stanford,Pac-10,11,1,195.240,232.770,1,0.917,0.938,-0.021,-0.100,344.526,149.286,472,209,137,140,68.740,10
2010,16,5,Ohio State,Big Ten,12,1,188.800,132.402,10,0.923,0.872,0.051,0.379,303.614,114.815,504,186,166,162,-2.560,74
2010,16,6,Alabama,SEC,9,3,168.997,183.704,4,0.750,0.939,-0.189,-1.214,290.580,121.583,401,169,138,139,55.628,17
2010,16,7,Northern Illinois,Mid-American,10,3,162.872,36.370,46,0.769,0.601,0.168,1.157,312.270,149.398,509,248,163,166,-79.654,116
2010,16,8,Nevada,Western Athletic,12,1,159.137,114.547,18,0.923,0.752,0.171,1.178,343.137,184.000,525,276,153,150,-17.781,86
2010,16,9,Wisconsin,Big Ten,10,2,154.707,122.470,15,0.833,0.772,0.062,0.449,347.407,192.701,469,264,135,137,15.972,53
2010,16,10,UCF,Conference USA,10,3,137.063,63.020,34,0.769,0.692,0.077,0.551,300.000,162.937,411,233,137,143,-66.754,108
2010,16,11,Oklahoma State,Big 12,11,2,132.165,135.733,9,0.846,0.819,0.027,0.223,310.811,178.646,575,343,185,192,16.654,52
2010,16,12,Auburn,SEC,13,0,128.193,183.877,3,1.000,0.866,0.134,0.933,330.128,201.935,515,313,156,155,71.403,8
2010,16,13,Virginia Tech,ACC,11,2,117.450,149.964,7,0.846,0.857,-0.011,-0.035,279.268,161.818,458,267,164,165,36.923,31
2010,16,14,Nebraska,Big 12,9,4,114.372,127.699,13,0.692,0.850,-0.158,-1.007,251.515,137.143,415,240,165,175,25.551,43
2010,16,15,Utah,Mountain West,10,3,106.661,76.226,28,0.769,0.733,0.036,0.278,263.804,157.143,430,264,163,168,6.168,64
2010,16,16,Oklahoma,Big 12,12,2,97.849,119.427,16,0.857,0.834,0.023,0.195,248.095,150.246,521,305,210,203,37.448,30
2010,16,17,LSU,SEC,10,2,95.772,139.068,8,0.833,0.859,-0.026,-0.131,244.138,148.366,354,227,145,153,55.958,15
2010,16,18,Missouri,Big 12,9,3,91.978,123.003,14,0.750,0.868,-0.118,-0.745,218.065,126.087,338,203,155,161,33.700,35
2010,16,19,Hawai'i,Western Athletic,9,4,91.909,44.243,42,0.692,0.618,0.074,0.532,314.839,222.930,488,350,155,157,-5.453,76
2010,16,20,Iowa,Big Ten,7,5,91.028,91.396,22,0.583,0.775,-0.192,-1.233,243.885,152.857,339,214,139,140,20.132,46
2010,16,21,Arkansas,SEC,9,3,83.379,131.975,11,0.750,0.802,-0.052,-0.306,273.885,190.506,430,301,157,158,55.725,16
2010,16,22,West Virginia,Big East,8,4,81.916,78.129,27,0.667,0.770,-0.103,-0.644,194.737,112.821,296,176,152,156,-0.808,68
2010,16,23,San Diego State,Mountain West,8,4,76.119,59.853,36,0.667,0.650,0.017,0.154,264.935,188.816,408,287,154,152,-14.940,83
2010,16,24,Navy,FBS Independents,8,4,71.789,41.828,45,0.667,0.607,0.060,0.439,296.032,224.242,373,296,126,132,-16.221,85
2010,16,25,Florida State,ACC,9,4,69.344,129.925,12,0.692,0.819,-0.127,-0.802,245.161,175.817,380,269,155,153,56.592,14
2010,16,26,Tulsa,Conference USA,9,3,67.035,22.928,49,0.750,0.558,0.192,1.313,310.625,243.590,497,380,160,156,-48.526,97
2010,16,27,South Carolina,SEC,8,5,60.981,118.366,17,0.615,0.810,-0.195,-1.252,256.494,195.513,395,305,154,156,69.790,9
2010,16,28,Louisville,Big East,6,6,58.105,23.936,48,0.500,0.582,-0.082,-0.504,220.690,162.585,320,239,145,147,-15.514,84
2010,16,29,Georgia,SEC,5,7,57.343,55.424,38,0.417,0.660,-0.243,-1.574,253.147,195.804,362,280,143,143,31.517,37
2010,16,30,Florida,SEC,7,5,56.603,75.628,29,0.583,0.715,-0.132,-0.837,226.667,170.064,340,267,150,157,41.795,24
2010,16,31,Pittsburgh,Big East,7,5,55.711,66.130,32,0.583,0.694,-0.110,-0.692,221.898,166.187,304,231,137,139,9.512,63
2010,16,32,Illinois,Big Ten,6,6,55.128,60.518,35,0.500,0.673,-0.173,-1.111,248.718,193.590,388,302,156,156,13.050,59
2010,16,33,Air Force,Mountain West,8,4,48.599,42.444,44,0.667,0.611,0.055,0.408,252.632,204.032,336,253,133,124,-0.830,69
2010,16,34,NC State,ACC,8,4,46.757,85.704,24,0.667,0.756,-0.090,-0.556,216.568,169.811,366,270,169,159,37.892,27
2010,16,36,Texas A&M,Big 12,8,4,44.552,86.457,23,0.667,0.775,-0.108,-0.676,203.409,158.857,358,278,176,175,53.856,18
2010,16,37,Southern Miss,Conference USA,7,5,43.928,-2.304,60,0.583,0.495,0.089,0.630,298.658,254.730,445,377,149,148,-51.412,99
2010,16,37,Temple,Mid-American,7,4,45.070,-57.422,85,0.636,0.306,0.330,2.120,189.437,144.366,269,205,142,142,-87.081,118
2010,16,38,Maryland,ACC,8,4,43.880,46.250,41,0.667,0.646,0.021,0.177,223.125,179.245,357,285,160,159,21.584,45
2010,16,39,Michigan State,Big Ten,10,2,41.191,65.693,33,0.833,0.688,0.145,1.006,236.364,195.172,338,283,143,145,15.200,54
2010,16,40,BYU,Mountain West,7,6,40.101,20.126,51,0.538,0.568,-0.030,-0.158,217.949,177.848,340,281,156,158,0.686,67
2010,16,40,Western Michigan,Mid-American,5,6,39.762,-37.848,78,0.455,0.381,0.073,0.453,218.710,178.947,339,272,155,152,-68.195,107
2010,16,41,Mississippi State,SEC,8,4,39.982,58.881,37,0.667,0.715,-0.048,-0.278,211.613,171.631,328,242,155,141,38.442,26
2010,16,43,Troy,Sun Belt,8,5,38.693,-29.078,72,0.615,0.415,0.201,1.373,276.875,238.182,443,393,160,165,-66.701,107
2010,16,43,USC,Pac-10,8,5,34.783,96.383,21,0.615,0.738,-0.122,-0.807,250.311,215.528,403,347,161,161,61.468,8
2010,16,44,Notre Dame,FBS Independents,8,5,35.884,72.793,31,0.615,0.738,-0.123,-0.776,194.318,158.434,342,263,176,166,44.022,21
2010,16,47,Clemson,ACC,5,7,25.306,74.900,30,0.417,0.756,-0.339,-2.212,173.973,148.667,254,223,146,150,43.052,22
2010,16,48,Houston,Conference USA,4,7,25.487,-32.301,72,0.364,0.431,-0.067,-0.457,288.722,263.235,384,358,133,136,-41.683,92
2010,16,48,Kansas State,Big 12,6,6,24.378,30.891,47,0.500,0.578,-0.078,-0.480,254.248,229.870,389,354,153,154,18.603,47
2010,16,49,Miami,ACC,6,6,23.762,80.425,26,0.500,0.754,-0.254,-1.645,186.792,163.030,297,269,159,165,53.521,19
2010,16,50,Arizona,Pac-10,6,6,23.087,96.310,21,0.500,0.772,-0.272,-1.768,215.753,192.667,315,289,146,150,80.929,6
2010,16,51,Ohio,Mid-American,7,5,19.830,-80.125,94,0.583,0.285,0.299,2.023,236.496,216.667,324,299,137,138,-93.800,120
2010,16,52,North Carolina,ACC,7,5,19.366,52.196,39,0.583,0.663,-0.080,-0.490,208.108,188.742,308,285,148,151,37.859,28
2010,16,53,Florida International,Sun Belt,7,6,13.287,-51.265,83,0.538,0.360,0.178,1.223,261.538,248.252,374,355,143,143,-48.286,96
2010,16,54,Arizona State,Pac-10,4,6,12.128,99.527,20,0.400,0.799,-0.399,-2.603,207.092,194.964,292,271,141,139,87.218,3
2010,16,56,Arkansas State,Sun Belt,4,8,4.664,-58.700,86,0.333,0.344,-0.010,-0.090,297.521,292.857,360,369,121,126,-47.629,97
2010,16,57,Texas Tech,Big 12,7,5,-1.146,20.661,50,0.583,0.560,0.023,0.194,216.568,217.714,366,381,169,175,16.687,51
2010,16,58,SMU,Conference USA,7,7,-4.617,-40.346,78,0.500,0.373,0.127,0.887,214.286,218.902,360,359,168,164,-29.435,89
2010,16,59,Kentucky,SEC,5,7,-7.211,-7.260,64,0.417,0.481,-0.065,-0.390,239.597,246.809,357,348,149,141,14.347,56
2010,16,59,Texas,Big 12,5,7,1.727,19.607,51,0.417,0.570,-0.153,-1.017,178.125,176.398,285,284,160,161,15.423,51
2010,16,60,UConn,Big East,7,5,-7.598,-34.110,75,0.583,0.390,0.193,1.322,169.277,176.875,281,283,166,160,-12.637,82
2010,16,61,Army,FBS Independents,6,6,-7.894,-46.747,81,0.500,0.377,0.123,0.857,249.606,257.500,317,309,127,120,-32.080,90
2010,16,63,South Florida,Big East,7,5,-9.092,-6.627,63,0.583,0.479,0.105,0.736,170.470,179.562,254,246,149,137,-5.358,75
2010,16,64,Toledo,Mid-American,8,5,-9.129,-56.636,85,0.615,0.332,0.283,1.919,201.667,210.795,363,371,180,176,-51.678,100
2010,16,65,Georgia Tech,ACC,5,7,-10.155,-5.193,61,0.417,0.485,-0.068,-0.414,209.155,219.310,297,318,142,145,17.307,50
2010,16,66,California,Pac-10,4,7,-8.591,44.952,40,0.364,0.655,-0.291,-1.913,185.612,194.203,258,268,139,138,83.041,5
2010,16,66,Michigan,Big Ten,6,6,-12.145,10.918,55,0.500,0.526,-0.026,-0.134,250.980,263.125,384,421,153,160,24.385,44
2010,16,67,Syracuse,Big East,6,5,-13.894,-20.541,68,0.545,0.427,0.118,0.826,155.224,169.118,208,230,134,136,-8.120,80
2010,16,68,Baylor,Big 12,6,6,-14.013,0.460,58,0.500,0.501,-0.001,0.033,236.306,250.318,371,393,157,157,18.510,48
2010,16,70,Oregon State,Pac-10,5,7,-15.575,79.818,28,0.417,0.721,-0.304,-1.989,203.472,219.048,293,322,144,147,95.536,1
2010,16,70,Tennessee,SEC,5,7,-16.129,5.598,57,0.417,0.518,-0.101,-0.630,194.194,210.323,301,326,155,155,38.971,25
2010,16,71,Miami (OH),Mid-American,10,4,-19.199,-83.694,95,0.714,0.233,0.481,3.233,162.366,181.564,302,325,186,179,-75.749,113
2010,16,73,Fresno State,Western Athletic,7,5,-21.965,0.059,59,0.583,0.500,0.083,0.593,237.063,259.028,339,373,143,144,9.914,62
2010,16,74,UTEP,Conference USA,5,7,-26.043,-104.531,102,0.417,0.212,0.205,1.399,229.104,255.147,307,347,134,136,-63.257,105
2010,16,75,Cincinnati,Big East,3,8,-21.593,-26.440,69,0.273,0.427,-0.154,-1.013,200.704,222.297,285,329,142,148,12.005,57
2010,16,76,Boston College,ACC,6,6,-28.385,14.300,53,0.500,0.562,-0.062,-0.371,128.662,157.047,202,234,157,149,34.607,34
2010,16,77,Kent State,Mid-American,4,7,-27.361,-104.976,104,0.364,0.170,0.193,1.231,149.306,176.667,215,265,144,150,-77.764,113
2010,16,77,Penn State,Big Ten,6,6,-29.079,-12.849,65,0.500,0.461,0.039,0.302,180.921,210.000,275,294,152,140,25.659,42
2010,16,78,Middle Tennessee,Sun Belt,5,7,-29.578,-112.239,105,0.417,0.172,0.245,1.664,184.615,214.194,288,332,156,155,-87.782,118
2010,16,79,Ole Miss,SEC,4,7,-30.777,3.656,58,0.364,0.510,-0.146,-0.973,209.868,240.645,319,373,152,155,22.967,44
2010,16,80,Louisiana Tech,Western Athletic,4,7,-38.575,-18.098,68,0.364,0.446,-0.082,-0.548,198.026,236.601,301,362,152,153,23.189,45
2010,16,81,Central Michigan,Mid-American,2,9,-43.410,-93.602,96,0.182,0.223,-0.041,-0.288,191.176,234.586,260,312,136,133,-46.458,95
2010,16,83,Northwestern,Big Ten,6,6,-52.043,-41.832,80,0.500,0.380,0.120,0.839,217.021,269.065,306,374,141,139,-1.622,72
2010,16,83,UAB,Conference USA,4,8,-47.509,-104.356,103,0.333,0.236,0.097,0.606,212.081,259.589,316,379,149,146,-62.652,105
2010,16,84,Washington,Pac-10,7,6,-55.701,44.211,43,0.538,0.637,-0.099,-0.613,171.084,226.786,284,381,166,168,85.211,5
2010,16,86,East Carolina,Conference USA,6,7,-61.302,-62.365,88,0.462,0.368,0.093,0.660,265.556,326.857,478,572,180,175,-8.372,81
2010,16,86,Idaho,Western Athletic,5,7,-62.157,-12.905,66,0.417,0.462,-0.045,-0.308,255.085,317.241,301,368,118,116,4.480,65
2010,16,86,Marshall,Conference USA,5,7,-58.036,-102.381,101,0.417,0.180,0.236,1.511,156.250,214.286,250,345,160,161,-46.661,96
2010,16,87,Colorado,Big 12,5,7,-65.123,-7.810,64,0.417,0.478,-0.061,-0.419,185.897,251.020,290,369,156,147,37.630,31
2010,16,87,Rutgers,Big East,3,8,-62.388,-75.761,93,0.273,0.266,0.007,0.029,151.034,213.423,219,318,145,149,-10.573,75
2010,16,89,North Texas,Sun Belt,3,9,-73.868,-118.226,106,0.250,0.183,0.067,0.410,241.176,315.044,287,356,119,113,-82.656,116
2010,16,92,Ball State,Mid-American,3,7,-79.715,-140.935,112,0.300,0.145,0.155,0.986,159.701,239.416,214,328,134,137,-78.494,115
2010,16,93,Iowa State,Big 12,4,7,-82.369,2.951,56,0.364,0.510,-0.146,-0.980,159.589,241.958,233,346,146,143,58.039,11
2010,16,94,Virginia,ACC,2,8,-82.443,-37.533,76,0.200,0.393,-0.193,-1.277,179.032,261.475,222,319,124,122,37.981,29
2010,16,95,Rice,Conference USA,4,8,-82.584,-127.910,110,0.333,0.208,0.125,0.791,223.377,305.960,344,462,154,151,-42.409,93
2010,16,96,Purdue,Big Ten,3,8,-82.639,-46.653,81,0.273,0.329,-0.057,-0.390,142.361,225.000,205,324,144,144,15.138,52
2010,16,96,UCLA,Pac-10,4,8,-83.345,5.287,58,0.333,0.519,-0.185,-1.216,156.129,239.474,242,364,155,152,72.410,6
2010,16,97,Minnesota,Big Ten,3,8,-84.101,-38.639,79,0.273,0.395,-0.123,-0.819,188.976,273.077,240,355,127,130,38.553,28
2010,16,98,Duke,ACC,2,9,-92.538,-29.599,70,0.182,0.416,-0.234,-1.544,181.944,274.483,262,398,144,145,39.113,27
2010,16,99,Indiana,Big Ten,4,7,-93.255,-61.489,88,0.364,0.340,0.024,0.131,200.730,293.985,275,391,137,133,-4.671,73
2010,16,101,Western Kentucky,Sun Belt,2,10,-97.896,-137.209,111,0.167,0.168,-0.001,-0.029,228.333,326.230,274,398,120,122,-58.946,103
2010,16,102,Tulane,Conference USA,3,8,-98.272,-126.517,109,0.273,0.169,0.104,0.653,181.333,279.605,272,425,150,152,-40.645,91
2010,16,104,Vanderbilt,SEC,2,10,-102.588,-79.740,94,0.167,0.195,-0.028,-0.208,118.713,221.302,203,374,171,169,17.271,50
2010,16,105,Bowling Green,Mid-American,2,10,-103.730,-152.070,114,0.167,0.126,0.041,0.241,172.297,276.027,255,403,148,146,-69.489,108
2010,16,106,Utah State,Western Athletic,3,8,-117.377,-73.281,92,0.273,0.287,-0.014,-0.106,155.862,273.239,226,388,145,142,30.860,36
2010,16,106,Wyoming,Mountain West,2,9,-110.976,-96.335,97,0.182,0.220,-0.039,-0.280,149.630,260.606,202,344,135,132,12.389,54
2010,16,107,Louisiana,Sun Belt,3,9,-111.650,-156.962,115,0.250,0.122,0.128,0.806,162.424,274.074,268,444,165,162,-59.237,104
2010,16,108,Florida Atlantic,Sun Belt,4,8,-121.138,-174.032,116,0.333,0.083,0.250,1.610,164.228,285.366,202,351,123,123,-72.228,109
2010,16,108,UL Monroe,Sun Belt,4,7,-118.048,-125.485,107,0.364,0.149,0.215,1.371,174.809,292.857,229,369,131,126,-31.647,88
2010,16,109,Buffalo,Mid-American,1,10,-122.479,-186.709,118,0.091,0.023,0.068,0.416,90.260,212.739,139,334,154,157,-74.095,109
2010,16,110,Colorado State,Mountain West,3,9,-140.547,-101.856,101,0.250,0.200,0.050,0.295,142.446,282.993,198,416,139,147,-1.639,67
2010,16,111,Wake Forest,ACC,2,9,-141.727,-62.066,89,0.182,0.324,-0.142,-0.948,158.273,300.000,220,417,139,139,60.060,9
2010,16,112,Washington State,Pac-10,1,10,-157.017,-36.822,74,0.091,0.392,-0.301,-1.966,145.205,302.222,212,408,146,135,88.183,2
2010,16,113,Akron,Mid-American,1,10,-159.589,-207.892,120,0.091,0.043,0.048,0.287,106.383,265.972,150,383,141,144,-67.836,106
2010,16,114,Kansas,Big 12,3,8,-163.010,-82.262,95,0.273,0.260,0.013,0.062,145.324,308.333,202,407,139,132,37.885,30
2010,16,115,UNLV,Mountain West,2,11,-165.259,-105.594,104,0.154,0.214,-0.061,-0.407,149.375,314.634,239,516,160,164,30.508,38
2010,16,116,San José State,Western Athletic,0,11,-168.174,-73.251,91,0.000,0.264,-0.264,-1.729,127.660,295.833,180,426,141,144,48.477,18
2010,16,117,Eastern Michigan,Mid-American,2,10,-195.358,-174.076,117,0.167,0.112,0.055,0.331,158.333,353.691,228,527,144,149,-55.873,99
2010,16,118,New Mexico,Mountain West,1,11,-209.329,-149.179,113,0.083,0.119,-0.035,-0.253,113.095,322.424,190,532,168,165,5.106,64
2010,16,119,New Mexico State,Western Athletic,2,10,-214.476,-126.048,108,0.167,0.149,0.018,0.093,144.615,359.091,188,474,130,132,0.831,69
2010,16,120,Memphis,Conference USA,1,11,-219.410,-197.732,119,0.083,0.051,0.032,0.185,132.061,351.471,173,478,131,136,-24.894,86
