Season,Week,GameId,Team,Conference,Opponent,OpponentConference,Location,StartDate,Completed,Live,TeamPoints,OpponentPoints,Result,OpponentRk,OpponentAdjRk,OpponentAdjRtg
2010,1,303610059,Air Force,Mountain West,Georgia Tech,ACC,Away,2010-12-27T22:00:00.000Z,True,False,14,7,W,63,58,-7.971
2010,2,302542005,Air Force,Mountain West,BYU,Mountain West,Home,2010-09-11T20:00:00.000Z,True,False,35,14,W,22,41,47.726
2010,3,302610201,Air Force,Mountain West,Oklahoma,Big 12,Away,2010-09-18T19:30:00.000Z,True,False,24,27,L,14,12,127.729
2010,4,302682751,Air Force,Mountain West,Wyoming,Mountain West,Away,2010-09-25T18:00:00.000Z,True,False,20,14,W,90,88,-90.899
2010,5,302752005,Air Force,Mountain West,Navy,FBS Independents,Home,2010-10-02T18:30:00.000Z,True,False,14,6,W,21,43,38.387
2010,6,302822005,Air Force,Mountain West,Colorado State,Mountain West,Home,2010-10-09T18:00:00.000Z,True,False,49,27,W,103,91,-97.117
2010,7,302890021,Air Force,Mountain West,San Diego State,Mountain West,Away,2010-10-17T00:00:00.000Z,True,False,25,27,L,32,34,63.197
2010,8,302962628,Air Force,Mountain West,TCU,Mountain West,Away,2010-10-24T00:00:00.000Z,True,False,7,38,L,1,5,180.454
2010,9,303032005,Air Force,Mountain West,Utah,Mountain West,Home,2010-10-30T23:30:00.000Z,True,False,23,28,L,13,26,79.728
2010,10,303100349,Air Force,Mountain West,Army,FBS Independents,Away,2010-11-06T16:00:00.000Z,True,False,42,22,W,57,77,-51.397
2010,11,303172005,Air Force,Mountain West,New Mexico,Mountain West,Home,2010-11-13T23:00:00.000Z,True,False,48,23,W,111,104,-143.067
2010,12,303222439,Air Force,Mountain West,UNLV,Mountain West,Away,2010-11-19T03:00:00.000Z,True,False,35,20,W,105,89,-91.364
2010,1,302472006,Akron,Mid-American,Syracuse,Big East,Home,2010-09-04T22:00:00.000Z,True,False,3,29,L,66,63,-19.365
2010,3,302610096,Akron,Mid-American,Kentucky,SEC,Away,2010-09-18T23:00:00.000Z,True,False,10,47,L,59,60,-10.573
2010,4,302680084,Akron,Mid-American,Indiana,Big Ten,Away,2010-09-25T23:00:00.000Z,True,False,20,35,L,94,81,-61.357
2010,5,302752006,Akron,Mid-American,Northern Illinois,Mid-American,Home,2010-10-02T22:00:00.000Z,True,False,14,50,L,6,45,24.871
2010,6,302822309,Akron,Mid-American,Kent State,Mid-American,Away,2010-10-09T19:30:00.000Z,True,False,17,28,L,71,93,-104.755
2010,7,302890195,Akron,Mid-American,Ohio,Mid-American,Away,2010-10-16T18:00:00.000Z,True,False,10,38,L,48,85,-80.169
2010,8,302962006,Akron,Mid-American,Western Michigan,Mid-American,Home,2010-10-23T19:30:00.000Z,True,False,10,56,L,28,65,-29.971
2010,9,303030218,Akron,Mid-American,Temple,Mid-American,Away,2010-10-30T17:00:00.000Z,True,False,0,30,L,35,80,-59.544
2010,10,303102050,Akron,Mid-American,Ball State,Mid-American,Away,2010-11-06T17:00:00.000Z,True,False,30,37,L,84,102,-140.394
2010,12,303212006,Akron,Mid-American,Miami (OH),Mid-American,Home,2010-11-17T23:00:00.000Z,True,False,14,19,L,69,87,-84.618
2010,13,303302006,Akron,Mid-American,Buffalo,Mid-American,Home,2010-11-26T19:00:00.000Z,True,False,22,14,W,102,109,-190.023
2010,1,310010127,Alabama,SEC,Michigan State,Big Ten,Away,2011-01-01T18:00:00.000Z,True,False,49,7,W,37,31,70.189
2010,2,302540333,Alabama,SEC,Penn State,Big Ten,Home,2010-09-11T23:00:00.000Z,True,False,24,3,W,72,59,-10.290
2010,3,302610150,Alabama,SEC,Duke,ACC,Away,2010-09-18T19:30:00.000Z,True,False,62,13,W,93,68,-32.689
2010,4,302680008,Alabama,SEC,Arkansas,SEC,Away,2010-09-25T19:30:00.000Z,True,False,24,20,W,18,13,127.580
2010,5,302750333,Alabama,SEC,Florida,SEC,Home,2010-10-03T00:00:00.000Z,True,False,31,6,W,29,27,73.995
2010,6,302822579,Alabama,SEC,South Carolina,SEC,Away,2010-10-09T19:30:00.000Z,True,False,21,35,L,23,16,115.936
2010,7,302890333,Alabama,SEC,Ole Miss,SEC,Home,2010-10-17T01:00:00.000Z,True,False,23,10,W,76,55,-5.904
2010,8,302962633,Alabama,SEC,Tennessee,SEC,Away,2010-10-23T23:00:00.000Z,True,False,41,10,W,68,53,2.635
2010,10,303100099,Alabama,SEC,LSU,SEC,Away,2010-11-06T19:30:00.000Z,True,False,21,24,L,15,9,134.822
2010,11,303170333,Alabama,SEC,Mississippi State,SEC,Home,2010-11-14T00:15:00.000Z,True,False,30,10,W,38,36,55.085
2010,13,303300333,Alabama,SEC,Auburn,SEC,Home,2010-11-26T19:30:00.000Z,True,False,27,28,L,11,4,180.899
2010,1,302462649,Arizona,Pac-10,Toledo,Mid-American,Away,2010-09-04T00:00:00.000Z,True,False,41,2,W,49,76,-48.858
2010,1,303630012,Arizona,Pac-10,Oklahoma State,Big 12,Home,2010-12-30T02:15:00.000Z,True,False,10,36,L,9,11,130.389
2010,3,302610012,Arizona,Pac-10,Iowa,Big Ten,Home,2010-09-19T02:30:00.000Z,True,False,34,27,W,17,20,94.381
2010,4,302680012,Arizona,Pac-10,California,Pac-10,Home,2010-09-26T02:00:00.000Z,True,False,10,9,W,51,23,82.987
2010,6,302820012,Arizona,Pac-10,Oregon State,Pac-10,Home,2010-10-09T23:00:00.000Z,True,False,27,29,L,61,21,94.014
2010,7,302890265,Arizona,Pac-10,Washington State,Pac-10,Away,2010-10-16T23:30:00.000Z,True,False,24,7,W,106,64,-22.765
2010,8,302960012,Arizona,Pac-10,Washington,Pac-10,Home,2010-10-24T02:15:00.000Z,True,False,44,14,W,79,37,52.829
2010,9,303030026,Arizona,Pac-10,UCLA,Pac-10,Away,2010-10-30T19:30:00.000Z,True,False,29,21,W,89,47,16.238
2010,10,303100024,Arizona,Pac-10,Stanford,Pac-10,Away,2010-11-07T00:00:00.000Z,True,False,17,42,L,3,1,241.785
2010,11,303170012,Arizona,Pac-10,USC,Pac-10,Home,2010-11-14T01:00:00.000Z,True,False,21,24,L,41,18,106.419
2010,13,303302483,Arizona,Pac-10,Oregon,Pac-10,Away,2010-11-27T00:00:00.000Z,True,False,29,48,L,2,2,221.647
2010,14,303360012,Arizona,Pac-10,Arizona State,Pac-10,Home,2010-12-03T01:00:00.000Z,True,False,29,30,L,53,15,115.976
2010,3,302610275,Arizona State,Pac-10,Wisconsin,Big Ten,Away,2010-09-18T19:30:00.000Z,True,False,19,20,L,5,7,137.718
2010,4,302680009,Arizona State,Pac-10,Oregon,Pac-10,Home,2010-09-26T02:30:00.000Z,True,False,31,42,L,2,2,221.647
2010,5,302750204,Arizona State,Pac-10,Oregon State,Pac-10,Away,2010-10-02T22:30:00.000Z,True,False,28,31,L,61,21,94.014
2010,6,302820264,Arizona State,Pac-10,Washington,Pac-10,Away,2010-10-10T02:00:00.000Z,True,False,24,14,W,79,37,52.829
2010,8,302960025,Arizona State,Pac-10,California,Pac-10,Away,2010-10-23T19:30:00.000Z,True,False,17,50,L,51,23,82.987
2010,9,303030009,Arizona State,Pac-10,Washington State,Pac-10,Home,2010-10-30T23:00:00.000Z,True,False,42,0,W,106,64,-22.765
2010,10,303100030,Arizona State,Pac-10,USC,Pac-10,Away,2010-11-07T02:30:00.000Z,True,False,33,34,L,41,18,106.419
2010,11,303170009,Arizona State,Pac-10,Stanford,Pac-10,Home,2010-11-14T00:30:00.000Z,True,False,13,17,L,3,1,241.785
2010,13,303300009,Arizona State,Pac-10,UCLA,Pac-10,Home,2010-11-26T20:30:00.000Z,True,False,55,34,W,89,47,16.238
2010,14,303360012,Arizona State,Pac-10,Arizona,Pac-10,Away,2010-12-03T01:00:00.000Z,True,False,30,29,W,47,19,105.801
2010,1,310040008,Arkansas,SEC,Ohio State,Big Ten,Home,2011-01-05T01:30:00.000Z,True,False,26,31,L,4,8,135.278
2010,2,302542433,Arkansas,SEC,UL Monroe,Sun Belt,Away,2010-09-11T23:00:00.000Z,True,False,31,7,W,100,98,-120.256
2010,3,302610061,Arkansas,SEC,Georgia,SEC,Away,2010-09-18T16:00:00.000Z,True,False,31,24,W,27,39,50.386
2010,4,302680008,Arkansas,SEC,Alabama,SEC,Home,2010-09-25T19:30:00.000Z,True,False,20,24,L,7,3,185.064
2010,6,302820245,Arkansas,SEC,Texas A&M,Big 12,Away,2010-10-09T19:30:00.000Z,True,False,24,17,W,42,30,72.724
2010,7,302890002,Arkansas,SEC,Auburn,SEC,Away,2010-10-16T19:30:00.000Z,True,False,43,65,L,11,4,180.899
2010,8,302960008,Arkansas,SEC,Ole Miss,SEC,Home,2010-10-23T16:30:00.000Z,True,False,38,24,W,76,55,-5.904
2010,9,303030008,Arkansas,SEC,Vanderbilt,SEC,Home,2010-10-30T23:00:00.000Z,True,False,49,14,W,97,86,-82.077
2010,10,303102579,Arkansas,SEC,South Carolina,SEC,Away,2010-11-06T23:00:00.000Z,True,False,41,20,W,23,16,115.936
2010,11,303170008,Arkansas,SEC,UTEP,Conference USA,Home,2010-11-14T00:00:00.000Z,True,False,58,21,W,77,94,-106.002
2010,12,303240344,Arkansas,SEC,Mississippi State,SEC,Away,2010-11-21T00:00:00.000Z,True,False,38,31,W,38,36,55.085
2010,13,303310008,Arkansas,SEC,LSU,SEC,Home,2010-11-27T20:30:00.000Z,True,False,31,23,W,15,9,134.822
2010,1,302470002,Arkansas State,Sun Belt,Auburn,SEC,Away,2010-09-04T23:00:00.000Z,True,False,26,52,L,11,4,180.899
2010,2,302540309,Arkansas State,Sun Belt,Louisiana,Sun Belt,Away,2010-09-11T19:30:00.000Z,True,False,24,31,L,99,106,-157.531
2010,3,302612032,Arkansas State,Sun Belt,UL Monroe,Sun Belt,Home,2010-09-19T00:00:00.000Z,True,False,34,20,W,100,98,-120.256
2010,4,302682653,Arkansas State,Sun Belt,Troy,Sun Belt,Away,2010-09-25T19:30:00.000Z,True,False,28,35,L,39,66,-31.401
2010,5,302752032,Arkansas State,Sun Belt,Louisville,Big East,Home,2010-10-02T23:00:00.000Z,True,False,24,34,L,26,44,25.035
2010,6,302820249,Arkansas State,Sun Belt,North Texas,Sun Belt,Away,2010-10-09T23:00:00.000Z,True,False,24,19,W,83,99,-123.991
2010,7,302890084,Arkansas State,Sun Belt,Indiana,Big Ten,Away,2010-10-16T16:00:00.000Z,True,False,34,36,L,94,81,-61.357
2010,8,302962032,Arkansas State,Sun Belt,Florida Atlantic,Sun Belt,Home,2010-10-23T17:00:00.000Z,True,False,37,16,W,101,107,-173.614
2010,10,303062032,Arkansas State,Sun Belt,Middle Tennessee,Sun Belt,Home,2010-11-02T23:00:00.000Z,True,False,51,24,W,73,97,-114.156
2010,11,303172032,Arkansas State,Sun Belt,Western Kentucky,Sun Belt,Home,2010-11-13T20:00:00.000Z,True,False,35,36,L,95,103,-142.188
2010,12,303242426,Arkansas State,Sun Belt,Navy,FBS Independents,Away,2010-11-20T20:30:00.000Z,True,False,19,35,L,21,43,38.387
2010,13,303312229,Arkansas State,Sun Belt,Florida International,Sun Belt,Away,2010-11-27T20:30:00.000Z,True,False,24,31,L,52,78,-53.202
2010,1,302472199,Army,FBS Independents,Eastern Michigan,Mid-American,Away,2010-09-04T23:00:00.000Z,True,False,31,27,W,109,108,-175.524
2010,1,303642567,Army,FBS Independents,SMU,Conference USA,Away,2010-12-30T17:00:00.000Z,True,False,16,14,W,58,74,-43.446
2010,3,302610349,Army,FBS Independents,North Texas,Sun Belt,Home,2010-09-18T16:00:00.000Z,True,False,24,0,W,83,99,-123.991
2010,4,302680150,Army,FBS Independents,Duke,ACC,Away,2010-09-25T19:00:00.000Z,True,False,35,21,W,93,68,-32.689
2010,5,302750349,Army,FBS Independents,Temple,Mid-American,Home,2010-10-02T16:00:00.000Z,True,False,35,42,L,35,80,-59.544
2010,6,302822655,Army,FBS Independents,Tulane,Conference USA,Away,2010-10-09T19:30:00.000Z,True,False,41,23,W,96,100,-130.876
2010,7,302890164,Army,FBS Independents,Rutgers,Big East,Away,2010-10-16T18:00:00.000Z,True,False,20,23,L,82,84,-72.929
2010,10,303100349,Army,FBS Independents,Air Force,Mountain West,Home,2010-11-06T16:00:00.000Z,True,False,22,42,L,33,40,47.890
2010,11,303172309,Army,FBS Independents,Kent State,Mid-American,Away,2010-11-13T19:00:00.000Z,True,False,45,28,W,71,93,-104.755
2010,12,303240087,Army,FBS Independents,Notre Dame,FBS Independents,Away,2010-11-21T00:00:00.000Z,True,False,3,27,L,40,28,73.868
2010,15,303450349,Army,FBS Independents,Navy,FBS Independents,Home,2010-12-11T19:30:00.000Z,True,False,17,31,L,21,43,38.387
2010,1,302470002,Auburn,SEC,Arkansas State,Sun Belt,Home,2010-09-04T23:00:00.000Z,True,False,52,26,W,54,79,-53.578
2010,1,310102483,Auburn,SEC,Oregon,Pac-10,Away,2011-01-11T01:38:00.000Z,True,False,22,19,W,2,2,221.647
2010,2,302520344,Auburn,SEC,Mississippi State,SEC,Away,2010-09-09T23:30:00.000Z,True,False,17,14,W,38,36,55.085
2010,3,302610002,Auburn,SEC,Clemson,ACC,Home,2010-09-18T23:00:00.000Z,True,False,27,24,W,44,29,73.392
2010,4,302680002,Auburn,SEC,South Carolina,SEC,Home,2010-09-25T23:45:00.000Z,True,False,35,27,W,23,16,115.936
2010,5,302750002,Auburn,SEC,UL Monroe,Sun Belt,Home,2010-10-02T16:00:00.000Z,True,False,52,3,W,100,98,-120.256
2010,6,302820096,Auburn,SEC,Kentucky,SEC,Away,2010-10-09T23:30:00.000Z,True,False,37,34,W,59,60,-10.573
2010,7,302890002,Auburn,SEC,Arkansas,SEC,Home,2010-10-16T19:30:00.000Z,True,False,65,43,W,18,13,127.580
2010,8,302960002,Auburn,SEC,LSU,SEC,Home,2010-10-23T19:30:00.000Z,True,False,24,17,W,15,9,134.822
2010,9,303030145,Auburn,SEC,Ole Miss,SEC,Away,2010-10-30T22:00:00.000Z,True,False,51,31,W,76,55,-5.904
2010,11,303170002,Auburn,SEC,Georgia,SEC,Home,2010-11-13T20:30:00.000Z,True,False,49,31,W,27,39,50.386
2010,13,303300333,Auburn,SEC,Alabama,SEC,Away,2010-11-26T19:30:00.000Z,True,False,28,27,W,7,3,185.064
2010,14,303382579,Auburn,SEC,South Carolina,SEC,Away,2010-12-04T21:00:00.000Z,True,False,56,17,W,23,16,115.936
2010,1,302470252,BYU,Mountain West,Washington,Pac-10,Home,2010-09-04T23:00:00.000Z,True,False,23,17,W,79,37,52.829
2010,1,303522638,BYU,Mountain West,UTEP,Conference USA,Away,2010-12-18T19:00:00.000Z,True,False,52,24,W,77,94,-106.002
2010,2,302542005,BYU,Mountain West,Air Force,Mountain West,Away,2010-09-11T20:00:00.000Z,True,False,14,35,L,33,40,47.890
2010,3,302610052,BYU,Mountain West,Florida State,ACC,Away,2010-09-18T19:30:00.000Z,True,False,10,34,L,20,10,131.484
2010,6,302820252,BYU,Mountain West,San Diego State,Mountain West,Home,2010-10-09T22:00:00.000Z,True,False,24,21,W,32,34,63.197
2010,7,302892628,BYU,Mountain West,TCU,Mountain West,Away,2010-10-16T20:00:00.000Z,True,False,3,31,L,1,5,180.454
2010,8,302960252,BYU,Mountain West,Wyoming,Mountain West,Home,2010-10-23T18:00:00.000Z,True,False,25,20,W,90,88,-90.899
2010,10,303100252,BYU,Mountain West,UNLV,Mountain West,Home,2010-11-06T18:00:00.000Z,True,False,55,7,W,105,89,-91.364
2010,11,303170036,BYU,Mountain West,Colorado State,Mountain West,Away,2010-11-13T19:00:00.000Z,True,False,49,10,W,103,91,-97.117
2010,12,303240252,BYU,Mountain West,New Mexico,Mountain West,Home,2010-11-20T23:00:00.000Z,True,False,40,7,W,111,104,-143.067
2010,13,303310254,BYU,Mountain West,Utah,Mountain West,Away,2010-11-27T20:30:00.000Z,True,False,16,17,L,13,26,79.728
2010,3,302612509,Ball State,Mid-American,Purdue,Big Ten,Away,2010-09-18T16:00:00.000Z,True,False,13,24,L,88,75,-46.172
2010,4,302682294,Ball State,Mid-American,Iowa,Big Ten,Away,2010-09-25T16:00:00.000Z,True,False,0,45,L,17,20,94.381
2010,5,302752117,Ball State,Mid-American,Central Michigan,Mid-American,Away,2010-10-02T19:30:00.000Z,True,False,31,17,W,74,90,-94.715
2010,6,302822050,Ball State,Mid-American,Western Michigan,Mid-American,Home,2010-10-09T16:00:00.000Z,True,False,16,45,L,28,65,-29.971
2010,7,302892050,Ball State,Mid-American,Eastern Michigan,Mid-American,Home,2010-10-16T17:00:00.000Z,True,False,38,41,L,109,108,-175.524
2010,8,302962649,Ball State,Mid-American,Toledo,Mid-American,Away,2010-10-23T23:00:00.000Z,True,False,24,31,L,49,76,-48.858
2010,9,303032309,Ball State,Mid-American,Kent State,Mid-American,Away,2010-10-30T19:30:00.000Z,True,False,14,33,L,71,93,-104.755
2010,10,303102050,Ball State,Mid-American,Akron,Mid-American,Home,2010-11-06T17:00:00.000Z,True,False,37,30,W,107,111,-208.773
2010,11,303162084,Ball State,Mid-American,Buffalo,Mid-American,Away,2010-11-12T23:00:00.000Z,True,False,20,3,W,102,109,-190.023
2010,12,303242050,Ball State,Mid-American,Northern Illinois,Mid-American,Home,2010-11-20T17:00:00.000Z,True,False,21,59,L,6,45,24.871
2010,1,303630239,Baylor,Big 12,Illinois,Big Ten,Home,2010-12-29T23:00:00.000Z,True,False,14,38,L,24,32,68.107
2010,2,302540239,Baylor,Big 12,Buffalo,Mid-American,Home,2010-09-11T23:00:00.000Z,True,False,34,6,W,102,109,-190.023
2010,3,302612628,Baylor,Big 12,TCU,Mountain West,Away,2010-09-18T20:30:00.000Z,True,False,10,45,L,1,5,180.454
2010,4,302680242,Baylor,Big 12,Rice,Conference USA,Away,2010-09-26T00:00:00.000Z,True,False,30,13,W,87,101,-133.522
2010,5,302750239,Baylor,Big 12,Kansas,Big 12,Home,2010-10-02T16:00:00.000Z,True,False,55,7,W,108,96,-112.635
2010,6,302822641,Baylor,Big 12,Texas Tech,Big 12,Away,2010-10-09T16:00:00.000Z,True,False,38,45,L,56,48,15.820
2010,7,302890038,Baylor,Big 12,Colorado,Big 12,Away,2010-10-16T23:00:00.000Z,True,False,31,25,W,92,72,-39.434
2010,8,302960239,Baylor,Big 12,Kansas State,Big 12,Home,2010-10-23T19:30:00.000Z,True,False,47,42,W,45,46,23.479
2010,9,303030251,Baylor,Big 12,Texas,Big 12,Away,2010-10-30T23:00:00.000Z,True,False,30,22,W,55,50,11.203
2010,10,303100197,Baylor,Big 12,Oklahoma State,Big 12,Away,2010-11-06T16:30:00.000Z,True,False,28,55,L,9,11,130.389
2010,11,303170239,Baylor,Big 12,Texas A&M,Big 12,Home,2010-11-14T00:00:00.000Z,True,False,30,42,L,42,30,72.724
2010,12,303240239,Baylor,Big 12,Oklahoma,Big 12,Home,2010-11-21T01:00:00.000Z,True,False,24,53,L,14,12,127.729
2010,2,302540103,Boston College,ACC,Kent State,Mid-American,Home,2010-09-11T19:30:00.000Z,True,False,26,13,W,71,93,-104.755
2010,4,302680103,Boston College,ACC,Virginia Tech,ACC,Home,2010-09-25T16:00:00.000Z,True,False,0,19,L,10,6,148.957
2010,5,302750103,Boston College,ACC,Notre Dame,FBS Independents,Home,2010-10-03T00:00:00.000Z,True,False,13,31,L,40,28,73.868
2010,6,302820152,Boston College,ACC,NC State,ACC,Away,2010-10-09T16:00:00.000Z,True,False,17,44,L,34,22,85.014
2010,7,302890052,Boston College,ACC,Florida State,ACC,Away,2010-10-16T16:00:00.000Z,True,False,19,24,L,20,10,131.484
2010,8,302960103,Boston College,ACC,Maryland,ACC,Home,2010-10-23T17:00:00.000Z,True,False,21,24,L,36,42,44.972
2010,9,303030103,Boston College,ACC,Clemson,ACC,Home,2010-10-30T16:00:00.000Z,True,False,16,10,W,44,29,73.392
2010,10,303100154,Boston College,ACC,Wake Forest,ACC,Away,2010-11-06T19:30:00.000Z,True,False,23,13,W,104,82,-62.916
2010,11,303170150,Boston College,ACC,Duke,ACC,Away,2010-11-13T17:00:00.000Z,True,False,21,16,W,93,68,-32.689
2010,12,303240103,Boston College,ACC,Virginia,ACC,Home,2010-11-20T17:00:00.000Z,True,False,17,13,W,86,73,-39.849
2010,13,303310183,Boston College,ACC,Syracuse,Big East,Away,2010-11-27T17:00:00.000Z,True,False,16,7,W,66,63,-19.365
2010,1,302472653,Bowling Green,Mid-American,Troy,Sun Belt,Away,2010-09-04T23:00:00.000Z,True,False,27,30,L,39,66,-31.401
2010,2,302540202,Bowling Green,Mid-American,Tulsa,Conference USA,Away,2010-09-11T23:00:00.000Z,True,False,20,33,L,25,52,5.135
2010,3,302610189,Bowling Green,Mid-American,Marshall,Conference USA,Home,2010-09-18T23:00:00.000Z,True,False,44,28,W,80,95,-106.535
2010,4,302680130,Bowling Green,Mid-American,Michigan,Big Ten,Away,2010-09-25T16:00:00.000Z,True,False,21,65,L,64,49,14.487
2010,5,302750189,Bowling Green,Mid-American,Buffalo,Mid-American,Home,2010-10-02T19:30:00.000Z,True,False,26,28,L,102,109,-190.023
2010,6,302820195,Bowling Green,Mid-American,Ohio,Mid-American,Away,2010-10-09T18:00:00.000Z,True,False,25,49,L,48,85,-80.169
2010,7,302890218,Bowling Green,Mid-American,Temple,Mid-American,Away,2010-10-16T17:00:00.000Z,True,False,27,28,L,35,80,-59.544
2010,8,302960189,Bowling Green,Mid-American,Kent State,Mid-American,Home,2010-10-23T19:30:00.000Z,True,False,6,30,L,71,93,-104.755
2010,9,303032117,Bowling Green,Mid-American,Central Michigan,Mid-American,Away,2010-10-30T19:30:00.000Z,True,False,17,14,W,74,90,-94.715
2010,11,303140189,Bowling Green,Mid-American,Miami (OH),Mid-American,Home,2010-11-11T01:00:00.000Z,True,False,21,24,L,69,87,-84.618
2010,12,303212649,Bowling Green,Mid-American,Toledo,Mid-American,Away,2010-11-18T01:00:00.000Z,True,False,14,33,L,49,76,-48.858
2010,13,303300189,Bowling Green,Mid-American,Western Michigan,Mid-American,Home,2010-11-26T19:00:00.000Z,True,False,7,41,L,28,65,-29.971
2010,2,302540239,Buffalo,Mid-American,Baylor,Big 12,Away,2010-09-11T23:00:00.000Z,True,False,6,34,L,67,54,-5.193
2010,3,302612084,Buffalo,Mid-American,UCF,Conference USA,Home,2010-09-18T23:00:00.000Z,True,False,10,24,L,8,35,59.207
2010,4,302680041,Buffalo,Mid-American,UConn,Big East,Away,2010-09-25T16:00:00.000Z,True,False,21,45,L,60,67,-32.342
2010,5,302750189,Buffalo,Mid-American,Bowling Green,Mid-American,Away,2010-10-02T19:30:00.000Z,True,False,28,26,W,98,105,-149.018
2010,7,302892459,Buffalo,Mid-American,Northern Illinois,Mid-American,Away,2010-10-16T19:30:00.000Z,True,False,14,45,L,6,45,24.871
2010,8,302962084,Buffalo,Mid-American,Temple,Mid-American,Home,2010-10-23T16:00:00.000Z,True,False,0,42,L,35,80,-59.544
2010,9,303032084,Buffalo,Mid-American,Miami (OH),Mid-American,Home,2010-10-30T19:30:00.000Z,True,False,9,21,L,69,87,-84.618
2010,10,303080195,Buffalo,Mid-American,Ohio,Mid-American,Away,2010-11-04T23:30:00.000Z,True,False,17,34,L,48,85,-80.169
2010,11,303162084,Buffalo,Mid-American,Ball State,Mid-American,Home,2010-11-12T23:00:00.000Z,True,False,3,20,L,84,102,-140.394
2010,12,303242084,Buffalo,Mid-American,Eastern Michigan,Mid-American,Home,2010-11-20T19:00:00.000Z,True,False,17,21,L,109,108,-175.524
2010,13,303302006,Buffalo,Mid-American,Akron,Mid-American,Away,2010-11-26T19:00:00.000Z,True,False,14,22,L,107,111,-208.773
2010,2,302540025,California,Pac-10,Colorado,Big 12,Home,2010-09-11T19:30:00.000Z,True,False,52,7,W,92,72,-39.434
2010,4,302680012,California,Pac-10,Arizona,Pac-10,Away,2010-09-26T02:00:00.000Z,True,False,9,10,L,47,19,105.801
2010,6,302820025,California,Pac-10,UCLA,Pac-10,Home,2010-10-09T19:30:00.000Z,True,False,35,7,W,89,47,16.238
2010,7,302890030,California,Pac-10,USC,Pac-10,Away,2010-10-16T19:30:00.000Z,True,False,14,48,L,41,18,106.419
2010,8,302960025,California,Pac-10,Arizona State,Pac-10,Home,2010-10-23T19:30:00.000Z,True,False,50,17,W,53,15,115.976
2010,9,303030204,California,Pac-10,Oregon State,Pac-10,Away,2010-10-30T19:30:00.000Z,True,False,7,35,L,61,21,94.014
2010,10,303100265,California,Pac-10,Washington State,Pac-10,Away,2010-11-06T20:00:00.000Z,True,False,20,13,W,106,64,-22.765
2010,11,303170025,California,Pac-10,Oregon,Pac-10,Home,2010-11-14T00:30:00.000Z,True,False,13,15,L,2,2,221.647
2010,12,303240025,California,Pac-10,Stanford,Pac-10,Home,2010-11-20T20:30:00.000Z,True,False,14,48,L,3,1,241.785
2010,13,303310025,California,Pac-10,Washington,Pac-10,Home,2010-11-27T20:30:00.000Z,True,False,13,16,L,79,37,52.829
2010,2,302520218,Central Michigan,Mid-American,Temple,Mid-American,Away,2010-09-09T23:00:00.000Z,True,False,10,13,L,35,80,-59.544
2010,3,302612199,Central Michigan,Mid-American,Eastern Michigan,Mid-American,Away,2010-09-18T20:00:00.000Z,True,False,52,14,W,109,108,-175.524
2010,4,302680077,Central Michigan,Mid-American,Northwestern,Big Ten,Away,2010-09-25T16:00:00.000Z,True,False,25,30,L,78,71,-38.895
2010,5,302752117,Central Michigan,Mid-American,Ball State,Mid-American,Home,2010-10-02T19:30:00.000Z,True,False,17,31,L,84,102,-140.394
2010,6,302820259,Central Michigan,Mid-American,Virginia Tech,ACC,Away,2010-10-09T16:00:00.000Z,True,False,21,45,L,10,6,148.957
2010,7,302892117,Central Michigan,Mid-American,Miami (OH),Mid-American,Home,2010-10-16T16:00:00.000Z,True,False,20,27,L,69,87,-84.618
2010,8,302962459,Central Michigan,Mid-American,Northern Illinois,Mid-American,Away,2010-10-23T20:00:00.000Z,True,False,7,33,L,6,45,24.871
2010,9,303032117,Central Michigan,Mid-American,Bowling Green,Mid-American,Home,2010-10-30T19:30:00.000Z,True,False,14,17,L,98,105,-149.018
2010,10,303092117,Central Michigan,Mid-American,Western Michigan,Mid-American,Home,2010-11-05T22:00:00.000Z,True,False,26,22,W,28,65,-29.971
2010,11,303172426,Central Michigan,Mid-American,Navy,FBS Independents,Away,2010-11-13T20:30:00.000Z,True,False,37,38,L,21,43,38.387
2010,13,303302649,Central Michigan,Mid-American,Toledo,Mid-American,Away,2010-11-26T19:00:00.000Z,True,False,31,42,L,49,76,-48.858
2010,3,302590152,Cincinnati,Big East,NC State,ACC,Away,2010-09-16T23:30:00.000Z,True,False,19,30,L,34,22,85.014
2010,4,302682132,Cincinnati,Big East,Oklahoma,Big 12,Home,2010-09-25T22:00:00.000Z,True,False,29,31,L,14,12,127.729
2010,6,302822132,Cincinnati,Big East,Miami (OH),Mid-American,Home,2010-10-09T23:00:00.000Z,True,False,45,3,W,69,87,-84.618
2010,7,302880097,Cincinnati,Big East,Louisville,Big East,Away,2010-10-16T00:00:00.000Z,True,False,35,27,W,26,44,25.035
2010,8,302952132,Cincinnati,Big East,South Florida,Big East,Home,2010-10-23T00:00:00.000Z,True,False,30,38,L,62,56,-5.906
2010,9,303032132,Cincinnati,Big East,Syracuse,Big East,Home,2010-10-30T16:00:00.000Z,True,False,7,31,L,66,63,-19.365
2010,11,303170277,Cincinnati,Big East,West Virginia,Big East,Away,2010-11-13T17:00:00.000Z,True,False,10,37,L,19,25,80.062
2010,12,303242132,Cincinnati,Big East,Rutgers,Big East,Home,2010-11-21T00:30:00.000Z,True,False,69,38,W,82,84,-72.929
2010,13,303310041,Cincinnati,Big East,UConn,Big East,Away,2010-11-27T17:00:00.000Z,True,False,17,38,L,60,67,-32.342
2010,14,303382132,Cincinnati,Big East,Pittsburgh,Big East,Home,2010-12-04T17:00:00.000Z,True,False,10,28,L,30,33,67.393
2010,1,302470228,Clemson,ACC,North Texas,Sun Belt,Home,2010-09-04T19:30:00.000Z,True,False,35,10,W,83,99,-123.991
2010,1,303650228,Clemson,ACC,South Florida,Big East,Home,2010-12-31T17:00:00.000Z,True,False,26,31,L,62,56,-5.906
2010,3,302610002,Clemson,ACC,Auburn,SEC,Away,2010-09-18T23:00:00.000Z,True,False,24,27,L,11,4,180.899
2010,5,302750228,Clemson,ACC,Miami,ACC,Home,2010-10-02T16:00:00.000Z,True,False,21,30,L,46,24,80.209
2010,6,302820153,Clemson,ACC,North Carolina,ACC,Away,2010-10-09T19:30:00.000Z,True,False,16,21,L,50,38,50.736
2010,7,302890228,Clemson,ACC,Maryland,ACC,Home,2010-10-16T16:00:00.000Z,True,False,31,7,W,36,42,44.972
2010,8,302960228,Clemson,ACC,Georgia Tech,ACC,Home,2010-10-23T19:30:00.000Z,True,False,27,13,W,63,58,-7.971
2010,9,303030103,Clemson,ACC,Boston College,ACC,Away,2010-10-30T16:00:00.000Z,True,False,10,16,L,70,51,10.056
2010,10,303100228,Clemson,ACC,NC State,ACC,Home,2010-11-06T16:00:00.000Z,True,False,14,13,W,34,22,85.014
2010,11,303170052,Clemson,ACC,Florida State,ACC,Away,2010-11-14T01:00:00.000Z,True,False,13,16,L,20,10,131.484
2010,12,303240154,Clemson,ACC,Wake Forest,ACC,Away,2010-11-20T19:00:00.000Z,True,False,30,10,W,104,82,-62.916
2010,13,303310228,Clemson,ACC,South Carolina,SEC,Home,2010-11-28T00:00:00.000Z,True,False,7,29,L,23,16,115.936
2010,1,302470036,Colorado,Big 12,Colorado State,Mountain West,Away,2010-09-04T18:00:00.000Z,True,False,24,3,W,103,91,-97.117
2010,2,302540025,Colorado,Big 12,California,Pac-10,Away,2010-09-11T19:30:00.000Z,True,False,7,52,L,51,23,82.987
2010,5,302750038,Colorado,Big 12,Georgia,SEC,Home,2010-10-02T23:00:00.000Z,True,False,29,27,W,27,39,50.386
2010,6,302820142,Colorado,Big 12,Missouri,Big 12,Away,2010-10-09T23:00:00.000Z,True,False,0,26,L,16,14,116.788
2010,7,302890038,Colorado,Big 12,Baylor,Big 12,Home,2010-10-16T23:00:00.000Z,True,False,25,31,L,67,54,-5.193
2010,8,302960038,Colorado,Big 12,Texas Tech,Big 12,Home,2010-10-23T19:30:00.000Z,True,False,24,27,L,56,48,15.820
2010,9,303030201,Colorado,Big 12,Oklahoma,Big 12,Away,2010-10-31T01:15:00.000Z,True,False,10,43,L,14,12,127.729
2010,10,303102305,Colorado,Big 12,Kansas,Big 12,Away,2010-11-06T18:00:00.000Z,True,False,45,52,L,108,96,-112.635
2010,11,303170038,Colorado,Big 12,Iowa State,Big 12,Home,2010-11-13T18:30:00.000Z,True,False,34,14,W,85,61,-13.579
2010,12,303240038,Colorado,Big 12,Kansas State,Big 12,Home,2010-11-20T19:10:00.000Z,True,False,44,36,W,45,46,23.479
2010,13,303300158,Colorado,Big 12,Nebraska,Big 12,Away,2010-11-26T20:30:00.000Z,True,False,17,45,L,12,17,114.661
2010,1,302470036,Colorado State,Mountain West,Colorado,Big 12,Home,2010-09-04T18:00:00.000Z,True,False,3,24,L,92,72,-39.434
2010,3,302610193,Colorado State,Mountain West,Miami (OH),Mid-American,Away,2010-09-18T19:30:00.000Z,True,False,10,31,L,69,87,-84.618
2010,5,302750036,Colorado State,Mountain West,TCU,Mountain West,Home,2010-10-02T18:00:00.000Z,True,False,0,27,L,1,5,180.454
2010,6,302822005,Colorado State,Mountain West,Air Force,Mountain West,Away,2010-10-09T18:00:00.000Z,True,False,27,49,L,33,40,47.890
2010,7,302890036,Colorado State,Mountain West,UNLV,Mountain West,Home,2010-10-16T18:00:00.000Z,True,False,43,10,W,105,89,-91.364
2010,8,302960254,Colorado State,Mountain West,Utah,Mountain West,Away,2010-10-23T22:00:00.000Z,True,False,6,59,L,13,26,79.728
2010,9,303030036,Colorado State,Mountain West,New Mexico,Mountain West,Home,2010-10-30T22:00:00.000Z,True,False,38,14,W,111,104,-143.067
2010,10,303100021,Colorado State,Mountain West,San Diego State,Mountain West,Away,2010-11-07T02:00:00.000Z,True,False,19,24,L,32,34,63.197
2010,11,303170036,Colorado State,Mountain West,BYU,Mountain West,Home,2010-11-13T19:00:00.000Z,True,False,10,49,L,22,41,47.726
2010,12,303242751,Colorado State,Mountain West,Wyoming,Mountain West,Away,2010-11-20T19:00:00.000Z,True,False,0,44,L,90,88,-90.899
2010,2,302540154,Duke,ACC,Wake Forest,ACC,Away,2010-09-11T16:00:00.000Z,True,False,48,54,L,104,82,-62.916
2010,3,302610150,Duke,ACC,Alabama,SEC,Home,2010-09-18T19:30:00.000Z,True,False,13,62,L,7,3,185.064
2010,4,302680150,Duke,ACC,Army,FBS Independents,Home,2010-09-25T19:00:00.000Z,True,False,21,35,L,57,77,-51.397
2010,5,302750120,Duke,ACC,Maryland,ACC,Away,2010-10-02T22:00:00.000Z,True,False,16,21,L,36,42,44.972
2010,7,302890150,Duke,ACC,Miami,ACC,Home,2010-10-16T17:00:00.000Z,True,False,13,28,L,46,24,80.209
2010,8,302960259,Duke,ACC,Virginia Tech,ACC,Away,2010-10-23T16:00:00.000Z,True,False,7,44,L,10,6,148.957
2010,9,303032426,Duke,ACC,Navy,FBS Independents,Away,2010-10-30T19:30:00.000Z,True,False,34,31,W,21,43,38.387
2010,10,303100150,Duke,ACC,Virginia,ACC,Home,2010-11-06T16:00:00.000Z,True,False,55,48,W,86,73,-39.849
2010,11,303170150,Duke,ACC,Boston College,ACC,Home,2010-11-13T17:00:00.000Z,True,False,16,21,L,70,51,10.056
2010,12,303240059,Duke,ACC,Georgia Tech,ACC,Away,2010-11-20T18:30:00.000Z,True,False,20,30,L,63,58,-7.971
2010,13,303310150,Duke,ACC,North Carolina,ACC,Home,2010-11-27T20:30:00.000Z,True,False,19,24,L,50,38,50.736
2010,1,302480151,East Carolina,Conference USA,Tulsa,Conference USA,Home,2010-09-05T18:00:00.000Z,True,False,51,49,W,25,52,5.135
2010,1,303630120,East Carolina,Conference USA,Maryland,ACC,Away,2010-12-29T19:30:00.000Z,True,False,20,51,L,36,42,44.972
2010,2,302540151,East Carolina,Conference USA,Memphis,Conference USA,Home,2010-09-11T16:00:00.000Z,True,False,49,27,W,110,110,-197.877
2010,3,302610259,East Carolina,Conference USA,Virginia Tech,ACC,Away,2010-09-18T17:30:00.000Z,True,False,27,49,L,10,6,148.957
2010,5,302750153,East Carolina,Conference USA,North Carolina,ACC,Away,2010-10-02T19:30:00.000Z,True,False,17,42,L,50,38,50.736
2010,6,302822572,East Carolina,Conference USA,Southern Miss,Conference USA,Away,2010-10-09T23:30:00.000Z,True,False,44,43,W,31,57,-6.597
2010,7,302890151,East Carolina,Conference USA,NC State,ACC,Home,2010-10-16T16:00:00.000Z,True,False,33,27,W,34,22,85.014
2010,8,302960151,East Carolina,Conference USA,Marshall,Conference USA,Home,2010-10-23T20:15:00.000Z,True,False,37,10,W,80,95,-106.535
2010,9,303032116,East Carolina,Conference USA,UCF,Conference USA,Away,2010-10-30T19:30:00.000Z,True,False,35,49,L,8,35,59.207
2010,10,303100151,East Carolina,Conference USA,Navy,FBS Independents,Home,2010-11-06T19:30:00.000Z,True,False,35,76,L,21,43,38.387
2010,11,303150005,East Carolina,Conference USA,UAB,Conference USA,Away,2010-11-12T01:00:00.000Z,True,False,54,42,W,75,92,-104.065
2010,12,303240242,East Carolina,Conference USA,Rice,Conference USA,Away,2010-11-20T18:00:00.000Z,True,False,38,62,L,87,101,-133.522
2010,13,303300151,East Carolina,Conference USA,SMU,Conference USA,Home,2010-11-26T19:00:00.000Z,True,False,38,45,L,58,74,-43.446
2010,1,302472199,Eastern Michigan,Mid-American,Army,FBS Independents,Home,2010-09-04T23:00:00.000Z,True,False,27,31,L,57,77,-51.397
2010,2,302540193,Eastern Michigan,Mid-American,Miami (OH),Mid-American,Away,2010-09-11T18:00:00.000Z,True,False,21,28,L,69,87,-84.618
2010,3,302612199,Eastern Michigan,Mid-American,Central Michigan,Mid-American,Home,2010-09-18T20:00:00.000Z,True,False,14,52,L,74,90,-94.715
2010,4,302680194,Eastern Michigan,Mid-American,Ohio State,Big Ten,Away,2010-09-25T19:30:00.000Z,True,False,20,73,L,4,8,135.278
2010,5,302752199,Eastern Michigan,Mid-American,Ohio,Mid-American,Home,2010-10-02T16:00:00.000Z,True,False,17,30,L,48,85,-80.169
2010,6,302820238,Eastern Michigan,Mid-American,Vanderbilt,SEC,Away,2010-10-09T23:00:00.000Z,True,False,6,52,L,97,86,-82.077
2010,7,302892050,Eastern Michigan,Mid-American,Ball State,Mid-American,Away,2010-10-16T17:00:00.000Z,True,False,41,38,W,84,102,-140.394
2010,8,302960258,Eastern Michigan,Mid-American,Virginia,ACC,Away,2010-10-23T22:00:00.000Z,True,False,21,48,L,86,73,-39.849
2010,9,303032199,Eastern Michigan,Mid-American,Toledo,Mid-American,Home,2010-10-30T20:00:00.000Z,True,False,7,42,L,49,76,-48.858
2010,11,303172711,Eastern Michigan,Mid-American,Western Michigan,Mid-American,Away,2010-11-13T19:00:00.000Z,True,False,30,45,L,28,65,-29.971
2010,12,303242084,Eastern Michigan,Mid-American,Buffalo,Mid-American,Away,2010-11-20T19:00:00.000Z,True,False,21,17,W,102,109,-190.023
2010,13,303302199,Eastern Michigan,Mid-American,Northern Illinois,Mid-American,Home,2010-11-26T17:00:00.000Z,True,False,3,71,L,6,45,24.871
2010,1,302470057,Florida,SEC,Miami (OH),Mid-American,Home,2010-09-04T16:00:00.000Z,True,False,34,12,W,69,87,-84.618
2010,1,310010213,Florida,SEC,Penn State,Big Ten,Away,2011-01-01T18:00:00.000Z,True,False,37,24,W,72,59,-10.290
2010,2,302540057,Florida,SEC,South Florida,Big East,Home,2010-09-11T16:21:00.000Z,True,False,38,14,W,62,56,-5.906
2010,3,302612633,Florida,SEC,Tennessee,SEC,Away,2010-09-18T19:30:00.000Z,True,False,31,17,W,68,53,2.635
2010,4,302680057,Florida,SEC,Kentucky,SEC,Home,2010-09-25T23:00:00.000Z,True,False,48,14,W,59,60,-10.573
2010,5,302750333,Florida,SEC,Alabama,SEC,Away,2010-10-03T00:00:00.000Z,True,False,6,31,L,7,3,185.064
2010,6,302820057,Florida,SEC,LSU,SEC,Home,2010-10-09T23:30:00.000Z,True,False,29,33,L,15,9,134.822
2010,7,302890057,Florida,SEC,Mississippi State,SEC,Home,2010-10-16T23:00:00.000Z,True,False,7,10,L,38,36,55.085
2010,9,303030061,Florida,SEC,Georgia,SEC,Away,2010-10-30T19:30:00.000Z,True,False,34,31,W,27,39,50.386
2010,10,303100238,Florida,SEC,Vanderbilt,SEC,Away,2010-11-06T16:21:00.000Z,True,False,55,14,W,97,86,-82.077
2010,11,303170057,Florida,SEC,South Carolina,SEC,Home,2010-11-14T00:15:00.000Z,True,False,14,36,L,23,16,115.936
2010,13,303310052,Florida,SEC,Florida State,ACC,Away,2010-11-27T20:30:00.000Z,True,False,7,31,L,20,10,131.484
2010,1,302450005,Florida Atlantic,Sun Belt,UAB,Conference USA,Away,2010-09-03T00:00:00.000Z,True,False,32,31,W,75,92,-104.065
2010,2,302542226,Florida Atlantic,Sun Belt,Michigan State,Big Ten,Home,2010-09-11T16:00:00.000Z,True,False,17,30,L,37,31,70.189
2010,4,302682226,Florida Atlantic,Sun Belt,North Texas,Sun Belt,Home,2010-09-25T23:00:00.000Z,True,False,17,21,L,83,99,-123.991
2010,5,302750058,Florida Atlantic,Sun Belt,South Florida,Big East,Away,2010-10-02T23:00:00.000Z,True,False,3,31,L,62,56,-5.906
2010,6,302822433,Florida Atlantic,Sun Belt,UL Monroe,Sun Belt,Away,2010-10-09T23:00:00.000Z,True,False,17,20,L,100,98,-120.256
2010,8,302962032,Florida Atlantic,Sun Belt,Arkansas State,Sun Belt,Away,2010-10-23T17:00:00.000Z,True,False,16,37,L,54,79,-53.578
2010,9,303032226,Florida Atlantic,Sun Belt,Florida International,Sun Belt,Home,2010-10-30T20:00:00.000Z,True,False,21,9,W,52,78,-53.202
2010,10,303100098,Florida Atlantic,Sun Belt,Western Kentucky,Sun Belt,Away,2010-11-06T20:30:00.000Z,True,False,17,16,W,95,103,-142.188
2010,11,303172226,Florida Atlantic,Sun Belt,Louisiana,Sun Belt,Home,2010-11-14T00:00:00.000Z,True,False,24,23,W,99,106,-157.531
2010,12,303240251,Florida Atlantic,Sun Belt,Texas,Big 12,Away,2010-11-20T20:30:00.000Z,True,False,17,51,L,55,50,11.203
2010,13,303312393,Florida Atlantic,Sun Belt,Middle Tennessee,Sun Belt,Away,2010-11-27T20:30:00.000Z,True,False,14,38,L,73,97,-114.156
2010,14,303382226,Florida Atlantic,Sun Belt,Troy,Sun Belt,Home,2010-12-04T19:00:00.000Z,True,False,7,44,L,39,66,-31.401
2010,1,303602649,Florida International,Sun Belt,Toledo,Mid-American,Away,2010-12-27T01:30:00.000Z,True,False,34,32,W,49,76,-48.858
2010,2,302542229,Florida International,Sun Belt,Rutgers,Big East,Home,2010-09-12T00:00:00.000Z,True,False,14,19,L,82,84,-72.929
2010,3,302610245,Florida International,Sun Belt,Texas A&M,Big 12,Away,2010-09-18T23:00:00.000Z,True,False,20,27,L,42,30,72.724
2010,4,302680120,Florida International,Sun Belt,Maryland,ACC,Away,2010-09-25T16:00:00.000Z,True,False,28,42,L,36,42,44.972
2010,5,302750221,Florida International,Sun Belt,Pittsburgh,Big East,Away,2010-10-02T19:30:00.000Z,True,False,17,44,L,30,33,67.393
2010,6,302822229,Florida International,Sun Belt,Western Kentucky,Sun Belt,Home,2010-10-09T19:30:00.000Z,True,False,28,21,W,95,103,-142.188
2010,7,302890249,Florida International,Sun Belt,North Texas,Sun Belt,Away,2010-10-16T23:30:00.000Z,True,False,34,10,W,83,99,-123.991
2010,9,303032226,Florida International,Sun Belt,Florida Atlantic,Sun Belt,Away,2010-10-30T20:00:00.000Z,True,False,9,21,L,101,107,-173.614
2010,10,303102229,Florida International,Sun Belt,UL Monroe,Sun Belt,Home,2010-11-06T23:30:00.000Z,True,False,42,35,W,100,98,-120.256
2010,11,303172653,Florida International,Sun Belt,Troy,Sun Belt,Away,2010-11-13T20:30:00.000Z,True,False,52,35,W,39,66,-31.401
2010,12,303240309,Florida International,Sun Belt,Louisiana,Sun Belt,Away,2010-11-21T00:00:00.000Z,True,False,38,17,W,99,106,-157.531
2010,13,303312229,Florida International,Sun Belt,Arkansas State,Sun Belt,Home,2010-11-27T20:30:00.000Z,True,False,31,24,W,54,79,-53.578
2010,14,303382229,Florida International,Sun Belt,Middle Tennessee,Sun Belt,Home,2010-12-04T23:00:00.000Z,True,False,27,28,L,73,97,-114.156
2010,1,303650052,Florida State,ACC,South Carolina,SEC,Home,2011-01-01T00:30:00.000Z,True,False,26,17,W,23,16,115.936
2010,2,302540201,Florida State,ACC,Oklahoma,Big 12,Away,2010-09-11T19:30:00.000Z,True,False,17,47,L,14,12,127.729
2010,3,302610052,Florida State,ACC,BYU,Mountain West,Home,2010-09-18T19:30:00.000Z,True,False,34,10,W,22,41,47.726
2010,4,302680052,Florida State,ACC,Wake Forest,ACC,Home,2010-09-25T19:30:00.000Z,True,False,31,0,W,104,82,-62.916
2010,5,302750258,Florida State,ACC,Virginia,ACC,Away,2010-10-02T16:00:00.000Z,True,False,34,14,W,86,73,-39.849
2010,6,302822390,Florida State,ACC,Miami,ACC,Away,2010-10-10T00:00:00.000Z,True,False,45,17,W,46,24,80.209
2010,7,302890052,Florida State,ACC,Boston College,ACC,Home,2010-10-16T16:00:00.000Z,True,False,24,19,W,70,51,10.056
2010,9,303010152,Florida State,ACC,NC State,ACC,Away,2010-10-28T23:30:00.000Z,True,False,24,28,L,34,22,85.014
2010,10,303100052,Florida State,ACC,North Carolina,ACC,Home,2010-11-06T19:30:00.000Z,True,False,35,37,L,50,38,50.736
2010,11,303170052,Florida State,ACC,Clemson,ACC,Home,2010-11-14T01:00:00.000Z,True,False,16,13,W,44,29,73.392
2010,12,303240120,Florida State,ACC,Maryland,ACC,Away,2010-11-21T01:00:00.000Z,True,False,30,16,W,36,42,44.972
2010,13,303310052,Florida State,ACC,Florida,SEC,Home,2010-11-27T20:30:00.000Z,True,False,31,7,W,29,27,73.995
2010,14,303380259,Florida State,ACC,Virginia Tech,ACC,Away,2010-12-05T00:45:00.000Z,True,False,33,44,L,10,6,148.957
2010,1,302470061,Georgia,SEC,Louisiana,Sun Belt,Home,2010-09-04T16:21:00.000Z,True,False,55,7,W,99,106,-157.531
2010,1,303652116,Georgia,SEC,UCF,Conference USA,Away,2010-12-31T20:30:00.000Z,True,False,6,10,L,8,35,59.207
2010,2,302542579,Georgia,SEC,South Carolina,SEC,Away,2010-09-11T16:00:00.000Z,True,False,6,17,L,23,16,115.936
2010,3,302610061,Georgia,SEC,Arkansas,SEC,Home,2010-09-18T16:00:00.000Z,True,False,24,31,L,18,13,127.580
2010,4,302680344,Georgia,SEC,Mississippi State,SEC,Away,2010-09-25T23:00:00.000Z,True,False,12,24,L,38,36,55.085
2010,5,302750038,Georgia,SEC,Colorado,Big 12,Away,2010-10-02T23:00:00.000Z,True,False,27,29,L,92,72,-39.434
2010,6,302820061,Georgia,SEC,Tennessee,SEC,Home,2010-10-09T16:21:00.000Z,True,False,41,14,W,68,53,2.635
2010,7,302890061,Georgia,SEC,Vanderbilt,SEC,Home,2010-10-16T16:21:00.000Z,True,False,43,0,W,97,86,-82.077
2010,8,302960096,Georgia,SEC,Kentucky,SEC,Away,2010-10-23T23:30:00.000Z,True,False,44,31,W,59,60,-10.573
2010,9,303030061,Georgia,SEC,Florida,SEC,Home,2010-10-30T19:30:00.000Z,True,False,31,34,L,29,27,73.995
2010,11,303170002,Georgia,SEC,Auburn,SEC,Away,2010-11-13T20:30:00.000Z,True,False,31,49,L,11,4,180.899
2010,13,303310061,Georgia,SEC,Georgia Tech,ACC,Home,2010-11-28T00:45:00.000Z,True,False,42,34,W,63,58,-7.971
2010,1,303610059,Georgia Tech,ACC,Air Force,Mountain West,Home,2010-12-27T22:00:00.000Z,True,False,7,14,L,33,40,47.890
2010,2,302542305,Georgia Tech,ACC,Kansas,Big 12,Away,2010-09-11T16:00:00.000Z,True,False,25,28,L,108,96,-112.635
2010,3,302610153,Georgia Tech,ACC,North Carolina,ACC,Away,2010-09-18T16:00:00.000Z,True,False,30,24,W,50,38,50.736
2010,4,302680059,Georgia Tech,ACC,NC State,ACC,Home,2010-09-25T16:00:00.000Z,True,False,28,45,L,34,22,85.014
2010,5,302750154,Georgia Tech,ACC,Wake Forest,ACC,Away,2010-10-02T23:00:00.000Z,True,False,24,20,W,104,82,-62.916
2010,6,302820059,Georgia Tech,ACC,Virginia,ACC,Home,2010-10-09T19:30:00.000Z,True,False,33,21,W,86,73,-39.849
2010,7,302890059,Georgia Tech,ACC,Middle Tennessee,Sun Belt,Home,2010-10-16T19:30:00.000Z,True,False,42,14,W,73,97,-114.156
2010,8,302960228,Georgia Tech,ACC,Clemson,ACC,Away,2010-10-23T19:30:00.000Z,True,False,13,27,L,44,29,73.392
2010,10,303080259,Georgia Tech,ACC,Virginia Tech,ACC,Away,2010-11-04T23:30:00.000Z,True,False,21,28,L,10,6,148.957
2010,11,303170059,Georgia Tech,ACC,Miami,ACC,Home,2010-11-13T17:00:00.000Z,True,False,10,35,L,46,24,80.209
2010,12,303240059,Georgia Tech,ACC,Duke,ACC,Home,2010-11-20T18:30:00.000Z,True,False,30,20,W,93,68,-32.689
2010,13,303310061,Georgia Tech,ACC,Georgia,SEC,Away,2010-11-28T00:45:00.000Z,True,False,34,42,L,27,39,50.386
2010,2,302530248,Houston,Conference USA,UTEP,Conference USA,Home,2010-09-11T02:15:00.000Z,True,False,54,24,W,77,94,-106.002
2010,3,302610026,Houston,Conference USA,UCLA,Pac-10,Away,2010-09-19T02:30:00.000Z,True,False,13,31,L,89,47,16.238
2010,4,302680248,Houston,Conference USA,Tulane,Conference USA,Home,2010-09-25T19:30:00.000Z,True,False,42,23,W,96,100,-130.876
2010,6,302820248,Houston,Conference USA,Mississippi State,SEC,Home,2010-10-10T00:00:00.000Z,True,False,24,47,L,38,36,55.085
2010,7,302890242,Houston,Conference USA,Rice,Conference USA,Away,2010-10-16T19:30:00.000Z,True,False,31,34,L,87,101,-133.522
2010,8,302962567,Houston,Conference USA,SMU,Conference USA,Away,2010-10-23T19:30:00.000Z,True,False,45,20,W,58,74,-43.446
2010,9,303030235,Houston,Conference USA,Memphis,Conference USA,Away,2010-10-30T23:00:00.000Z,True,False,56,17,W,110,110,-197.877
2010,10,303090248,Houston,Conference USA,UCF,Conference USA,Home,2010-11-06T00:00:00.000Z,True,False,33,40,L,8,35,59.207
2010,11,303170248,Houston,Conference USA,Tulsa,Conference USA,Home,2010-11-14T01:00:00.000Z,True,False,25,28,L,25,52,5.135
2010,12,303242572,Houston,Conference USA,Southern Miss,Conference USA,Away,2010-11-21T01:00:00.000Z,True,False,41,59,L,31,57,-6.597
2010,13,303312641,Houston,Conference USA,Texas Tech,Big 12,Away,2010-11-28T01:00:00.000Z,True,False,20,35,L,56,48,15.820
2010,1,302470142,Illinois,Big Ten,Missouri,Big 12,Away,2010-09-04T16:30:00.000Z,True,False,13,23,L,16,14,116.788
2010,1,303630239,Illinois,Big Ten,Baylor,Big 12,Away,2010-12-29T23:00:00.000Z,True,False,38,14,W,67,54,-5.193
2010,3,302610356,Illinois,Big Ten,Northern Illinois,Mid-American,Home,2010-09-18T16:00:00.000Z,True,False,28,22,W,6,45,24.871
2010,5,302750356,Illinois,Big Ten,Ohio State,Big Ten,Home,2010-10-02T16:00:00.000Z,True,False,13,24,L,4,8,135.278
2010,6,302820213,Illinois,Big Ten,Penn State,Big Ten,Away,2010-10-09T16:00:00.000Z,True,False,33,13,W,72,59,-10.290
2010,7,302890127,Illinois,Big Ten,Michigan State,Big Ten,Away,2010-10-16T16:00:00.000Z,True,False,6,26,L,37,31,70.189
2010,8,302960356,Illinois,Big Ten,Indiana,Big Ten,Home,2010-10-23T16:00:00.000Z,True,False,43,13,W,94,81,-61.357
2010,9,303030356,Illinois,Big Ten,Purdue,Big Ten,Home,2010-10-30T16:00:00.000Z,True,False,44,10,W,88,75,-46.172
2010,10,303100130,Illinois,Big Ten,Michigan,Big Ten,Away,2010-11-06T16:00:00.000Z,True,False,65,67,L,64,49,14.487
2010,11,303170356,Illinois,Big Ten,Minnesota,Big Ten,Home,2010-11-13T17:00:00.000Z,True,False,34,38,L,91,70,-38.333
2010,12,303240077,Illinois,Big Ten,Northwestern,Big Ten,Away,2010-11-20T20:30:00.000Z,True,False,48,27,W,78,71,-38.895
2010,3,302610098,Indiana,Big Ten,Western Kentucky,Sun Belt,Away,2010-09-18T21:00:00.000Z,True,False,38,21,W,95,103,-142.188
2010,4,302680084,Indiana,Big Ten,Akron,Mid-American,Home,2010-09-25T23:00:00.000Z,True,False,35,20,W,107,111,-208.773
2010,5,302750084,Indiana,Big Ten,Michigan,Big Ten,Home,2010-10-02T19:30:00.000Z,True,False,35,42,L,64,49,14.487
2010,6,302820194,Indiana,Big Ten,Ohio State,Big Ten,Away,2010-10-09T16:00:00.000Z,True,False,10,38,L,4,8,135.278
2010,7,302890084,Indiana,Big Ten,Arkansas State,Sun Belt,Home,2010-10-16T16:00:00.000Z,True,False,36,34,W,54,79,-53.578
2010,8,302960356,Indiana,Big Ten,Illinois,Big Ten,Away,2010-10-23T16:00:00.000Z,True,False,13,43,L,24,32,68.107
2010,9,303030084,Indiana,Big Ten,Northwestern,Big Ten,Home,2010-10-30T16:00:00.000Z,True,False,17,20,L,78,71,-38.895
2010,10,303100084,Indiana,Big Ten,Iowa,Big Ten,Home,2010-11-06T16:00:00.000Z,True,False,13,18,L,17,20,94.381
2010,11,303170275,Indiana,Big Ten,Wisconsin,Big Ten,Away,2010-11-13T17:00:00.000Z,True,False,20,83,L,5,7,137.718
2010,12,303240084,Indiana,Big Ten,Penn State,Big Ten,Home,2010-11-20T17:00:00.000Z,True,False,24,41,L,72,59,-10.290
2010,13,303312509,Indiana,Big Ten,Purdue,Big Ten,Away,2010-11-27T17:00:00.000Z,True,False,34,31,W,88,75,-46.172
2010,1,303622294,Iowa,Big Ten,Missouri,Big 12,Home,2010-12-29T03:00:00.000Z,True,False,27,24,W,16,14,116.788
2010,2,302542294,Iowa,Big Ten,Iowa State,Big 12,Home,2010-09-11T19:30:00.000Z,True,False,35,7,W,85,61,-13.579
2010,3,302610012,Iowa,Big Ten,Arizona,Pac-10,Away,2010-09-19T02:30:00.000Z,True,False,27,34,L,47,19,105.801
2010,4,302682294,Iowa,Big Ten,Ball State,Mid-American,Home,2010-09-25T16:00:00.000Z,True,False,45,0,W,84,102,-140.394
2010,5,302752294,Iowa,Big Ten,Penn State,Big Ten,Home,2010-10-03T00:05:00.000Z,True,False,24,3,W,72,59,-10.290
2010,7,302890130,Iowa,Big Ten,Michigan,Big Ten,Away,2010-10-16T19:30:00.000Z,True,False,38,28,W,64,49,14.487
2010,8,302962294,Iowa,Big Ten,Wisconsin,Big Ten,Home,2010-10-23T19:30:00.000Z,True,False,30,31,L,5,7,137.718
2010,9,303032294,Iowa,Big Ten,Michigan State,Big Ten,Home,2010-10-30T19:30:00.000Z,True,False,37,6,W,37,31,70.189
2010,10,303100084,Iowa,Big Ten,Indiana,Big Ten,Away,2010-11-06T16:00:00.000Z,True,False,18,13,W,94,81,-61.357
2010,11,303170077,Iowa,Big Ten,Northwestern,Big Ten,Away,2010-11-13T17:00:00.000Z,True,False,17,21,L,78,71,-38.895
2010,12,303242294,Iowa,Big Ten,Ohio State,Big Ten,Home,2010-11-20T20:30:00.000Z,True,False,17,20,L,4,8,135.278
2010,13,303310135,Iowa,Big Ten,Minnesota,Big Ten,Away,2010-11-27T20:30:00.000Z,True,False,24,27,L,91,70,-38.333
2010,1,302450066,Iowa State,Big 12,Northern Illinois,Mid-American,Home,2010-09-03T00:00:00.000Z,True,False,27,10,W,6,45,24.871
2010,2,302542294,Iowa State,Big 12,Iowa,Big Ten,Away,2010-09-11T19:30:00.000Z,True,False,7,35,L,17,20,94.381
2010,3,302612306,Iowa State,Big 12,Kansas State,Big 12,Away,2010-09-18T16:00:00.000Z,True,False,20,27,L,45,46,23.479
2010,5,302750066,Iowa State,Big 12,Texas Tech,Big 12,Home,2010-10-02T23:00:00.000Z,True,False,52,38,W,56,48,15.820
2010,6,302820066,Iowa State,Big 12,Utah,Mountain West,Home,2010-10-09T23:00:00.000Z,True,False,27,68,L,13,26,79.728
2010,7,302890201,Iowa State,Big 12,Oklahoma,Big 12,Away,2010-10-16T23:00:00.000Z,True,False,0,52,L,14,12,127.729
2010,8,302960251,Iowa State,Big 12,Texas,Big 12,Away,2010-10-23T16:00:00.000Z,True,False,28,21,W,55,50,11.203
2010,9,303030066,Iowa State,Big 12,Kansas,Big 12,Home,2010-10-30T18:00:00.000Z,True,False,28,16,W,108,96,-112.635
2010,10,303100066,Iowa State,Big 12,Nebraska,Big 12,Home,2010-11-06T19:30:00.000Z,True,False,30,31,L,12,17,114.661
2010,11,303170038,Iowa State,Big 12,Colorado,Big 12,Away,2010-11-13T18:30:00.000Z,True,False,14,34,L,92,72,-39.434
2010,12,303240066,Iowa State,Big 12,Missouri,Big 12,Home,2010-11-21T00:00:00.000Z,True,False,0,14,L,16,14,116.788
2010,2,302542305,Kansas,Big 12,Georgia Tech,ACC,Home,2010-09-11T16:00:00.000Z,True,False,28,25,W,63,58,-7.971
2010,3,302602572,Kansas,Big 12,Southern Miss,Conference USA,Away,2010-09-18T00:00:00.000Z,True,False,16,31,L,31,57,-6.597
2010,5,302750239,Kansas,Big 12,Baylor,Big 12,Away,2010-10-02T16:00:00.000Z,True,False,7,55,L,67,54,-5.193
2010,7,302872305,Kansas,Big 12,Kansas State,Big 12,Home,2010-10-14T23:30:00.000Z,True,False,7,59,L,45,46,23.479
2010,8,302962305,Kansas,Big 12,Texas A&M,Big 12,Home,2010-10-23T23:00:00.000Z,True,False,10,45,L,42,30,72.724
2010,9,303030066,Kansas,Big 12,Iowa State,Big 12,Away,2010-10-30T18:00:00.000Z,True,False,16,28,L,85,61,-13.579
2010,10,303102305,Kansas,Big 12,Colorado,Big 12,Home,2010-11-06T18:00:00.000Z,True,False,52,45,W,92,72,-39.434
2010,11,303170158,Kansas,Big 12,Nebraska,Big 12,Away,2010-11-14T00:00:00.000Z,True,False,3,20,L,12,17,114.661
2010,12,303242305,Kansas,Big 12,Oklahoma State,Big 12,Home,2010-11-20T17:00:00.000Z,True,False,14,48,L,9,11,130.389
2010,13,303310142,Kansas,Big 12,Missouri,Big 12,Away,2010-11-27T17:30:00.000Z,True,False,7,35,L,16,14,116.788
2010,1,302472306,Kansas State,Big 12,UCLA,Pac-10,Home,2010-09-04T19:30:00.000Z,True,False,31,22,W,89,47,16.238
2010,1,303640183,Kansas State,Big 12,Syracuse,Big East,Away,2010-12-30T20:20:00.000Z,True,False,34,36,L,66,63,-19.365
2010,3,302612306,Kansas State,Big 12,Iowa State,Big 12,Home,2010-09-18T16:00:00.000Z,True,False,27,20,W,85,61,-13.579
2010,4,302682306,Kansas State,Big 12,UCF,Conference USA,Home,2010-09-25T16:30:00.000Z,True,False,17,13,W,8,35,59.207
2010,6,302802306,Kansas State,Big 12,Nebraska,Big 12,Home,2010-10-07T23:30:00.000Z,True,False,13,48,L,12,17,114.661
2010,7,302872305,Kansas State,Big 12,Kansas,Big 12,Away,2010-10-14T23:30:00.000Z,True,False,59,7,W,108,96,-112.635
2010,8,302960239,Kansas State,Big 12,Baylor,Big 12,Away,2010-10-23T19:30:00.000Z,True,False,42,47,L,67,54,-5.193
2010,9,303032306,Kansas State,Big 12,Oklahoma State,Big 12,Home,2010-10-30T16:00:00.000Z,True,False,14,24,L,9,11,130.389
2010,10,303102306,Kansas State,Big 12,Texas,Big 12,Home,2010-11-07T00:00:00.000Z,True,False,39,14,W,55,50,11.203
2010,11,303170142,Kansas State,Big 12,Missouri,Big 12,Away,2010-11-13T17:30:00.000Z,True,False,28,38,L,16,14,116.788
2010,12,303240038,Kansas State,Big 12,Colorado,Big 12,Away,2010-11-20T19:10:00.000Z,True,False,36,44,L,92,72,-39.434
2010,13,303310249,Kansas State,Big 12,North Texas,Sun Belt,Away,2010-11-27T21:00:00.000Z,True,False,49,41,W,83,99,-123.991
2010,2,302540103,Kent State,Mid-American,Boston College,ACC,Away,2010-09-11T19:30:00.000Z,True,False,13,26,L,70,51,10.056
2010,3,302610213,Kent State,Mid-American,Penn State,Big Ten,Away,2010-09-18T16:00:00.000Z,True,False,0,24,L,72,59,-10.290
2010,5,302750193,Kent State,Mid-American,Miami (OH),Mid-American,Away,2010-10-02T17:00:00.000Z,True,False,21,27,L,69,87,-84.618
2010,6,302822309,Kent State,Mid-American,Akron,Mid-American,Home,2010-10-09T19:30:00.000Z,True,False,28,17,W,107,111,-208.773
2010,7,302892649,Kent State,Mid-American,Toledo,Mid-American,Away,2010-10-16T23:00:00.000Z,True,False,21,34,L,49,76,-48.858
2010,8,302960189,Kent State,Mid-American,Bowling Green,Mid-American,Away,2010-10-23T19:30:00.000Z,True,False,30,6,W,98,105,-149.018
2010,9,303032309,Kent State,Mid-American,Ball State,Mid-American,Home,2010-10-30T19:30:00.000Z,True,False,33,14,W,84,102,-140.394
2010,10,303102309,Kent State,Mid-American,Temple,Mid-American,Home,2010-11-06T18:00:00.000Z,True,False,10,28,L,35,80,-59.544
2010,11,303172309,Kent State,Mid-American,Army,FBS Independents,Home,2010-11-13T19:00:00.000Z,True,False,28,45,L,57,77,-51.397
2010,12,303242711,Kent State,Mid-American,Western Michigan,Mid-American,Away,2010-11-20T19:00:00.000Z,True,False,3,38,L,28,65,-29.971
2010,13,303302309,Kent State,Mid-American,Ohio,Mid-American,Home,2010-11-26T16:00:00.000Z,True,False,28,6,W,48,85,-80.169
2010,1,302470097,Kentucky,SEC,Louisville,Big East,Away,2010-09-04T19:30:00.000Z,True,False,23,16,W,26,44,25.035
2010,1,310080096,Kentucky,SEC,Pittsburgh,Big East,Home,2011-01-08T17:00:00.000Z,True,False,10,27,L,30,33,67.393
2010,2,302540096,Kentucky,SEC,Western Kentucky,Sun Belt,Home,2010-09-11T23:30:00.000Z,True,False,63,28,W,95,103,-142.188
2010,3,302610096,Kentucky,SEC,Akron,Mid-American,Home,2010-09-18T23:00:00.000Z,True,False,47,10,W,107,111,-208.773
2010,4,302680057,Kentucky,SEC,Florida,SEC,Away,2010-09-25T23:00:00.000Z,True,False,14,48,L,29,27,73.995
2010,5,302750145,Kentucky,SEC,Ole Miss,SEC,Away,2010-10-02T16:21:00.000Z,True,False,35,42,L,76,55,-5.904
2010,6,302820096,Kentucky,SEC,Auburn,SEC,Home,2010-10-09T23:30:00.000Z,True,False,34,37,L,11,4,180.899
2010,7,302890096,Kentucky,SEC,South Carolina,SEC,Home,2010-10-16T22:00:00.000Z,True,False,31,28,W,23,16,115.936
2010,8,302960096,Kentucky,SEC,Georgia,SEC,Home,2010-10-23T23:30:00.000Z,True,False,31,44,L,27,39,50.386
2010,9,303030344,Kentucky,SEC,Mississippi State,SEC,Away,2010-10-30T23:00:00.000Z,True,False,17,24,L,38,36,55.085
2010,11,303170096,Kentucky,SEC,Vanderbilt,SEC,Home,2010-11-13T17:21:00.000Z,True,False,38,20,W,97,86,-82.077
2010,13,303312633,Kentucky,SEC,Tennessee,SEC,Away,2010-11-27T17:21:00.000Z,True,False,14,24,L,68,53,2.635
2010,1,302470153,LSU,SEC,North Carolina,ACC,Away,2010-09-05T00:00:00.000Z,True,False,30,24,W,50,38,50.736
2010,1,310070245,LSU,SEC,Texas A&M,Big 12,Away,2011-01-08T01:30:00.000Z,True,False,41,24,W,42,30,72.724
2010,2,302540238,LSU,SEC,Vanderbilt,SEC,Away,2010-09-11T23:00:00.000Z,True,False,27,3,W,97,86,-82.077
2010,3,302610099,LSU,SEC,Mississippi State,SEC,Home,2010-09-18T23:00:00.000Z,True,False,29,7,W,38,36,55.085
2010,4,302680099,LSU,SEC,West Virginia,Big East,Home,2010-09-26T01:00:00.000Z,True,False,20,14,W,19,25,80.062
2010,5,302750099,LSU,SEC,Tennessee,SEC,Home,2010-10-02T19:30:00.000Z,True,False,16,14,W,68,53,2.635
2010,6,302820057,LSU,SEC,Florida,SEC,Away,2010-10-09T23:30:00.000Z,True,False,33,29,W,29,27,73.995
2010,8,302960002,LSU,SEC,Auburn,SEC,Away,2010-10-23T19:30:00.000Z,True,False,17,24,L,11,4,180.899
2010,10,303100099,LSU,SEC,Alabama,SEC,Home,2010-11-06T19:30:00.000Z,True,False,24,21,W,7,3,185.064
2010,11,303170099,LSU,SEC,UL Monroe,Sun Belt,Home,2010-11-14T00:00:00.000Z,True,False,51,0,W,100,98,-120.256
2010,12,303240099,LSU,SEC,Ole Miss,SEC,Home,2010-11-20T20:30:00.000Z,True,False,43,36,W,76,55,-5.904
2010,13,303310008,LSU,SEC,Arkansas,SEC,Away,2010-11-27T20:30:00.000Z,True,False,23,31,L,18,13,127.580
2010,1,302470061,Louisiana,Sun Belt,Georgia,SEC,Away,2010-09-04T16:21:00.000Z,True,False,7,55,L,27,39,50.386
2010,2,302540309,Louisiana,Sun Belt,Arkansas State,Sun Belt,Home,2010-09-11T19:30:00.000Z,True,False,31,24,W,54,79,-53.578
2010,4,302680309,Louisiana,Sun Belt,Middle Tennessee,Sun Belt,Home,2010-09-25T23:00:00.000Z,True,False,14,34,L,73,97,-114.156
2010,5,302750249,Louisiana,Sun Belt,North Texas,Sun Belt,Away,2010-10-02T23:30:00.000Z,True,False,28,27,W,83,99,-123.991
2010,6,302810309,Louisiana,Sun Belt,Oklahoma State,Big 12,Home,2010-10-09T01:00:00.000Z,True,False,28,54,L,9,11,130.389
2010,7,302892653,Louisiana,Sun Belt,Troy,Sun Belt,Away,2010-10-16T23:00:00.000Z,True,False,24,31,L,39,66,-31.401
2010,8,302960309,Louisiana,Sun Belt,Western Kentucky,Sun Belt,Home,2010-10-23T21:00:00.000Z,True,False,21,54,L,95,103,-142.188
2010,9,303030195,Louisiana,Sun Belt,Ohio,Mid-American,Away,2010-10-30T18:00:00.000Z,True,False,31,38,L,48,85,-80.169
2010,10,303100145,Louisiana,Sun Belt,Ole Miss,SEC,Away,2010-11-06T23:00:00.000Z,True,False,21,43,L,76,55,-5.904
2010,11,303172226,Louisiana,Sun Belt,Florida Atlantic,Sun Belt,Away,2010-11-14T00:00:00.000Z,True,False,23,24,L,101,107,-173.614
2010,12,303240309,Louisiana,Sun Belt,Florida International,Sun Belt,Home,2010-11-21T00:00:00.000Z,True,False,17,38,L,52,78,-53.202
2010,13,303312433,Louisiana,Sun Belt,UL Monroe,Sun Belt,Away,2010-11-27T20:30:00.000Z,True,False,23,22,W,100,98,-120.256
2010,1,302470097,Louisville,Big East,Kentucky,SEC,Home,2010-09-04T19:30:00.000Z,True,False,16,23,L,59,60,-10.573
2010,1,303550097,Louisville,Big East,Southern Miss,Conference USA,Home,2010-12-22T01:00:00.000Z,True,False,31,28,W,31,57,-6.597
2010,3,302610204,Louisville,Big East,Oregon State,Pac-10,Away,2010-09-18T21:30:00.000Z,True,False,28,35,L,61,21,94.014
2010,5,302752032,Louisville,Big East,Arkansas State,Sun Belt,Away,2010-10-02T23:00:00.000Z,True,False,34,24,W,54,79,-53.578
2010,6,302820097,Louisville,Big East,Memphis,Conference USA,Home,2010-10-09T18:00:00.000Z,True,False,56,0,W,110,110,-197.877
2010,7,302880097,Louisville,Big East,Cincinnati,Big East,Home,2010-10-16T00:00:00.000Z,True,False,27,35,L,65,62,-15.283
2010,8,302960097,Louisville,Big East,UConn,Big East,Home,2010-10-23T19:30:00.000Z,True,False,26,0,W,60,67,-32.342
2010,9,303030221,Louisville,Big East,Pittsburgh,Big East,Away,2010-10-30T16:00:00.000Z,True,False,3,20,L,30,33,67.393
2010,10,303100183,Louisville,Big East,Syracuse,Big East,Away,2010-11-06T16:00:00.000Z,True,False,28,20,W,66,63,-19.365
2010,11,303170097,Louisville,Big East,South Florida,Big East,Home,2010-11-13T17:00:00.000Z,True,False,21,24,L,62,56,-5.906
2010,12,303240097,Louisville,Big East,West Virginia,Big East,Home,2010-11-20T17:00:00.000Z,True,False,10,17,L,19,25,80.062
2010,13,303300164,Louisville,Big East,Rutgers,Big East,Away,2010-11-26T16:00:00.000Z,True,False,40,13,W,82,84,-72.929
2010,1,302450194,Marshall,Conference USA,Ohio State,Big Ten,Away,2010-09-02T23:30:00.000Z,True,False,7,45,L,4,8,135.278
2010,2,302530276,Marshall,Conference USA,West Virginia,Big East,Home,2010-09-10T23:00:00.000Z,True,False,21,24,L,19,25,80.062
2010,3,302610189,Marshall,Conference USA,Bowling Green,Mid-American,Away,2010-09-18T23:00:00.000Z,True,False,28,44,L,98,105,-149.018
2010,4,302680276,Marshall,Conference USA,Ohio,Mid-American,Home,2010-09-25T23:00:00.000Z,True,False,24,23,W,48,85,-80.169
2010,5,302752572,Marshall,Conference USA,Southern Miss,Conference USA,Away,2010-10-03T00:00:00.000Z,True,False,16,41,L,31,57,-6.597
2010,7,302860276,Marshall,Conference USA,UCF,Conference USA,Home,2010-10-14T00:00:00.000Z,True,False,14,35,L,8,35,59.207
2010,8,302960151,Marshall,Conference USA,East Carolina,Conference USA,Away,2010-10-23T20:15:00.000Z,True,False,10,37,L,81,83,-66.272
2010,9,303030276,Marshall,Conference USA,UTEP,Conference USA,Home,2010-10-30T19:00:00.000Z,True,False,16,12,W,77,94,-106.002
2010,10,303100005,Marshall,Conference USA,UAB,Conference USA,Away,2010-11-06T20:15:00.000Z,True,False,31,17,W,75,92,-104.065
2010,11,303170276,Marshall,Conference USA,Memphis,Conference USA,Home,2010-11-13T20:00:00.000Z,True,False,28,13,W,110,110,-197.877
2010,12,303242567,Marshall,Conference USA,SMU,Conference USA,Away,2010-11-20T20:00:00.000Z,True,False,17,31,L,58,74,-43.446
2010,13,303310276,Marshall,Conference USA,Tulane,Conference USA,Home,2010-11-27T17:00:00.000Z,True,False,38,23,W,96,100,-130.876
2010,1,302490120,Maryland,ACC,Navy,FBS Independents,Home,2010-09-06T20:00:00.000Z,True,False,17,14,W,21,43,38.387
2010,1,303630120,Maryland,ACC,East Carolina,Conference USA,Home,2010-12-29T19:30:00.000Z,True,False,51,20,W,81,83,-66.272
2010,3,302610277,Maryland,ACC,West Virginia,Big East,Away,2010-09-18T16:00:00.000Z,True,False,17,31,L,19,25,80.062
2010,4,302680120,Maryland,ACC,Florida International,Sun Belt,Home,2010-09-25T16:00:00.000Z,True,False,42,28,W,52,78,-53.202
2010,5,302750120,Maryland,ACC,Duke,ACC,Home,2010-10-02T22:00:00.000Z,True,False,21,16,W,93,68,-32.689
2010,7,302890228,Maryland,ACC,Clemson,ACC,Away,2010-10-16T16:00:00.000Z,True,False,7,31,L,44,29,73.392
2010,8,302960103,Maryland,ACC,Boston College,ACC,Away,2010-10-23T17:00:00.000Z,True,False,24,21,W,70,51,10.056
2010,9,303030120,Maryland,ACC,Wake Forest,ACC,Home,2010-10-30T19:30:00.000Z,True,False,62,14,W,104,82,-62.916
2010,10,303102390,Maryland,ACC,Miami,ACC,Away,2010-11-06T16:00:00.000Z,True,False,20,26,L,46,24,80.209
2010,11,303170258,Maryland,ACC,Virginia,ACC,Away,2010-11-13T20:30:00.000Z,True,False,42,23,W,86,73,-39.849
2010,12,303240120,Maryland,ACC,Florida State,ACC,Home,2010-11-21T01:00:00.000Z,True,False,16,30,L,20,10,131.484
2010,13,303310120,Maryland,ACC,NC State,ACC,Home,2010-11-27T20:30:00.000Z,True,False,38,31,W,34,22,85.014
2010,1,302470344,Memphis,Conference USA,Mississippi State,SEC,Away,2010-09-04T23:00:00.000Z,True,False,7,49,L,38,36,55.085
2010,2,302540151,Memphis,Conference USA,East Carolina,Conference USA,Away,2010-09-11T16:00:00.000Z,True,False,27,49,L,81,83,-66.272
2010,3,302610235,Memphis,Conference USA,Middle Tennessee,Sun Belt,Home,2010-09-18T23:00:00.000Z,True,False,24,17,W,73,97,-114.156
2010,4,302682638,Memphis,Conference USA,UTEP,Conference USA,Away,2010-09-26T01:05:00.000Z,True,False,13,16,L,77,94,-106.002
2010,5,302750235,Memphis,Conference USA,Tulsa,Conference USA,Home,2010-10-02T23:00:00.000Z,True,False,7,48,L,25,52,5.135
2010,6,302820097,Memphis,Conference USA,Louisville,Big East,Away,2010-10-09T18:00:00.000Z,True,False,0,56,L,26,44,25.035
2010,7,302890235,Memphis,Conference USA,Southern Miss,Conference USA,Home,2010-10-16T16:00:00.000Z,True,False,19,41,L,31,57,-6.597
2010,9,303030235,Memphis,Conference USA,Houston,Conference USA,Home,2010-10-30T23:00:00.000Z,True,False,17,56,L,43,69,-33.057
2010,10,303100235,Memphis,Conference USA,Tennessee,SEC,Home,2010-11-07T00:00:00.000Z,True,False,14,50,L,68,53,2.635
2010,11,303170276,Memphis,Conference USA,Marshall,Conference USA,Away,2010-11-13T20:00:00.000Z,True,False,13,28,L,80,95,-106.535
2010,12,303240005,Memphis,Conference USA,UAB,Conference USA,Away,2010-11-20T21:00:00.000Z,True,False,15,31,L,75,92,-104.065
2010,13,303310235,Memphis,Conference USA,UCF,Conference USA,Home,2010-11-27T17:00:00.000Z,True,False,17,37,L,8,35,59.207
2010,1,303652390,Miami,ACC,Notre Dame,FBS Independents,Home,2010-12-31T19:00:00.000Z,True,False,17,33,L,40,28,73.868
2010,2,302540194,Miami,ACC,Ohio State,Big Ten,Away,2010-09-11T19:30:00.000Z,True,False,24,36,L,4,8,135.278
2010,4,302660221,Miami,ACC,Pittsburgh,Big East,Away,2010-09-23T23:30:00.000Z,True,False,31,3,W,30,33,67.393
2010,5,302750228,Miami,ACC,Clemson,ACC,Away,2010-10-02T16:00:00.000Z,True,False,30,21,W,44,29,73.392
2010,6,302822390,Miami,ACC,Florida State,ACC,Home,2010-10-10T00:00:00.000Z,True,False,17,45,L,20,10,131.484
2010,7,302890150,Miami,ACC,Duke,ACC,Away,2010-10-16T17:00:00.000Z,True,False,28,13,W,93,68,-32.689
2010,8,302962390,Miami,ACC,North Carolina,ACC,Home,2010-10-23T23:30:00.000Z,True,False,33,10,W,50,38,50.736
2010,9,303030258,Miami,ACC,Virginia,ACC,Away,2010-10-30T16:00:00.000Z,True,False,19,24,L,86,73,-39.849
2010,10,303102390,Miami,ACC,Maryland,ACC,Home,2010-11-06T16:00:00.000Z,True,False,26,20,W,36,42,44.972
2010,11,303170059,Miami,ACC,Georgia Tech,ACC,Away,2010-11-13T17:00:00.000Z,True,False,35,10,W,63,58,-7.971
2010,12,303242390,Miami,ACC,Virginia Tech,ACC,Home,2010-11-20T20:30:00.000Z,True,False,17,31,L,10,6,148.957
2010,13,303312390,Miami,ACC,South Florida,Big East,Home,2010-11-27T17:00:00.000Z,True,False,20,23,L,62,56,-5.906
2010,1,302470057,Miami (OH),Mid-American,Florida,SEC,Away,2010-09-04T16:00:00.000Z,True,False,12,34,L,29,27,73.995
2010,1,310060193,Miami (OH),Mid-American,Middle Tennessee,Sun Belt,Home,2011-01-07T01:00:00.000Z,True,False,35,21,W,73,97,-114.156
2010,2,302540193,Miami (OH),Mid-American,Eastern Michigan,Mid-American,Home,2010-09-11T18:00:00.000Z,True,False,28,21,W,109,108,-175.524
2010,3,302610193,Miami (OH),Mid-American,Colorado State,Mountain West,Home,2010-09-18T19:30:00.000Z,True,False,31,10,W,103,91,-97.117
2010,4,302680142,Miami (OH),Mid-American,Missouri,Big 12,Away,2010-09-25T18:00:00.000Z,True,False,13,51,L,16,14,116.788
2010,5,302750193,Miami (OH),Mid-American,Kent State,Mid-American,Home,2010-10-02T17:00:00.000Z,True,False,27,21,W,71,93,-104.755
2010,6,302822132,Miami (OH),Mid-American,Cincinnati,Big East,Away,2010-10-09T23:00:00.000Z,True,False,3,45,L,65,62,-15.283
2010,7,302892117,Miami (OH),Mid-American,Central Michigan,Mid-American,Away,2010-10-16T16:00:00.000Z,True,False,27,20,W,74,90,-94.715
2010,8,302960193,Miami (OH),Mid-American,Ohio,Mid-American,Home,2010-10-23T17:00:00.000Z,True,False,13,34,L,48,85,-80.169
2010,9,303032084,Miami (OH),Mid-American,Buffalo,Mid-American,Away,2010-10-30T19:30:00.000Z,True,False,21,9,W,102,109,-190.023
2010,11,303140189,Miami (OH),Mid-American,Bowling Green,Mid-American,Away,2010-11-11T01:00:00.000Z,True,False,24,21,W,98,105,-149.018
2010,12,303212006,Miami (OH),Mid-American,Akron,Mid-American,Away,2010-11-17T23:00:00.000Z,True,False,19,14,W,107,111,-208.773
2010,13,303270193,Miami (OH),Mid-American,Temple,Mid-American,Home,2010-11-24T00:00:00.000Z,True,False,23,3,W,35,80,-59.544
2010,14,303370193,Miami (OH),Mid-American,Northern Illinois,Mid-American,Home,2010-12-04T00:00:00.000Z,True,False,26,21,W,6,45,24.871
2010,1,302470130,Michigan,Big Ten,UConn,Big East,Home,2010-09-04T19:30:00.000Z,True,False,30,10,W,60,67,-32.342
2010,1,310010130,Michigan,Big Ten,Mississippi State,SEC,Home,2011-01-01T18:30:00.000Z,True,False,14,52,L,38,36,55.085
2010,2,302540087,Michigan,Big Ten,Notre Dame,FBS Independents,Away,2010-09-11T19:30:00.000Z,True,False,28,24,W,40,28,73.868
2010,4,302680130,Michigan,Big Ten,Bowling Green,Mid-American,Home,2010-09-25T16:00:00.000Z,True,False,65,21,W,98,105,-149.018
2010,5,302750084,Michigan,Big Ten,Indiana,Big Ten,Away,2010-10-02T19:30:00.000Z,True,False,42,35,W,94,81,-61.357
2010,6,302820130,Michigan,Big Ten,Michigan State,Big Ten,Home,2010-10-09T19:30:00.000Z,True,False,17,34,L,37,31,70.189
2010,7,302890130,Michigan,Big Ten,Iowa,Big Ten,Home,2010-10-16T19:30:00.000Z,True,False,28,38,L,17,20,94.381
2010,9,303030213,Michigan,Big Ten,Penn State,Big Ten,Away,2010-10-31T00:00:00.000Z,True,False,31,41,L,72,59,-10.290
2010,10,303100130,Michigan,Big Ten,Illinois,Big Ten,Home,2010-11-06T16:00:00.000Z,True,False,67,65,W,24,32,68.107
2010,11,303172509,Michigan,Big Ten,Purdue,Big Ten,Away,2010-11-13T17:00:00.000Z,True,False,27,16,W,88,75,-46.172
2010,12,303240130,Michigan,Big Ten,Wisconsin,Big Ten,Home,2010-11-20T17:00:00.000Z,True,False,28,48,L,5,7,137.718
2010,13,303310194,Michigan,Big Ten,Ohio State,Big Ten,Away,2010-11-27T17:00:00.000Z,True,False,7,37,L,4,8,135.278
2010,1,302470127,Michigan State,Big Ten,Western Michigan,Mid-American,Home,2010-09-04T16:00:00.000Z,True,False,38,14,W,28,65,-29.971
2010,1,310010127,Michigan State,Big Ten,Alabama,SEC,Home,2011-01-01T18:00:00.000Z,True,False,7,49,L,7,3,185.064
2010,2,302542226,Michigan State,Big Ten,Florida Atlantic,Sun Belt,Away,2010-09-11T16:00:00.000Z,True,False,30,17,W,101,107,-173.614
2010,3,302610127,Michigan State,Big Ten,Notre Dame,FBS Independents,Home,2010-09-19T00:00:00.000Z,True,False,34,31,W,40,28,73.868
2010,5,302750127,Michigan State,Big Ten,Wisconsin,Big Ten,Home,2010-10-02T19:30:00.000Z,True,False,34,24,W,5,7,137.718
2010,6,302820130,Michigan State,Big Ten,Michigan,Big Ten,Away,2010-10-09T19:30:00.000Z,True,False,34,17,W,64,49,14.487
2010,7,302890127,Michigan State,Big Ten,Illinois,Big Ten,Home,2010-10-16T16:00:00.000Z,True,False,26,6,W,24,32,68.107
2010,8,302960077,Michigan State,Big Ten,Northwestern,Big Ten,Away,2010-10-23T16:00:00.000Z,True,False,35,27,W,78,71,-38.895
2010,9,303032294,Michigan State,Big Ten,Iowa,Big Ten,Away,2010-10-30T19:30:00.000Z,True,False,6,37,L,17,20,94.381
2010,10,303100127,Michigan State,Big Ten,Minnesota,Big Ten,Home,2010-11-06T16:00:00.000Z,True,False,31,8,W,91,70,-38.333
2010,12,303240127,Michigan State,Big Ten,Purdue,Big Ten,Home,2010-11-20T17:00:00.000Z,True,False,35,31,W,88,75,-46.172
2010,13,303310213,Michigan State,Big Ten,Penn State,Big Ten,Away,2010-11-27T17:00:00.000Z,True,False,28,22,W,72,59,-10.290
2010,1,302452393,Middle Tennessee,Sun Belt,Minnesota,Big Ten,Home,2010-09-02T23:30:00.000Z,True,False,17,24,L,91,70,-38.333
2010,1,310060193,Middle Tennessee,Sun Belt,Miami (OH),Mid-American,Away,2011-01-07T01:00:00.000Z,True,False,21,35,L,69,87,-84.618
2010,3,302610235,Middle Tennessee,Sun Belt,Memphis,Conference USA,Away,2010-09-18T23:00:00.000Z,True,False,17,24,L,110,110,-197.877
2010,4,302680309,Middle Tennessee,Sun Belt,Louisiana,Sun Belt,Away,2010-09-25T23:00:00.000Z,True,False,34,14,W,99,106,-157.531
2010,6,302782393,Middle Tennessee,Sun Belt,Troy,Sun Belt,Home,2010-10-06T00:00:00.000Z,True,False,13,42,L,39,66,-31.401
2010,7,302890059,Middle Tennessee,Sun Belt,Georgia Tech,ACC,Away,2010-10-16T19:30:00.000Z,True,False,14,42,L,63,58,-7.971
2010,8,302962393,Middle Tennessee,Sun Belt,UL Monroe,Sun Belt,Home,2010-10-23T20:30:00.000Z,True,False,38,10,W,100,98,-120.256
2010,10,303062032,Middle Tennessee,Sun Belt,Arkansas State,Sun Belt,Away,2010-11-02T23:00:00.000Z,True,False,24,51,L,54,79,-53.578
2010,11,303172393,Middle Tennessee,Sun Belt,North Texas,Sun Belt,Home,2010-11-13T20:30:00.000Z,True,False,17,23,L,83,99,-123.991
2010,12,303240098,Middle Tennessee,Sun Belt,Western Kentucky,Sun Belt,Away,2010-11-20T21:15:00.000Z,True,False,27,26,W,95,103,-142.188
2010,13,303312393,Middle Tennessee,Sun Belt,Florida Atlantic,Sun Belt,Home,2010-11-27T20:30:00.000Z,True,False,38,14,W,101,107,-173.614
2010,14,303382229,Middle Tennessee,Sun Belt,Florida International,Sun Belt,Away,2010-12-04T23:00:00.000Z,True,False,28,27,W,52,78,-53.202
2010,1,302452393,Minnesota,Big Ten,Middle Tennessee,Sun Belt,Away,2010-09-02T23:30:00.000Z,True,False,24,17,W,73,97,-114.156
2010,3,302610135,Minnesota,Big Ten,USC,Pac-10,Home,2010-09-18T19:30:00.000Z,True,False,21,32,L,41,18,106.419
2010,4,302680135,Minnesota,Big Ten,Northern Illinois,Mid-American,Home,2010-09-26T00:30:00.000Z,True,False,23,34,L,6,45,24.871
2010,5,302750135,Minnesota,Big Ten,Northwestern,Big Ten,Home,2010-10-02T16:00:00.000Z,True,False,28,29,L,78,71,-38.895
2010,6,302820275,Minnesota,Big Ten,Wisconsin,Big Ten,Away,2010-10-09T16:00:00.000Z,True,False,23,41,L,5,7,137.718
2010,7,302892509,Minnesota,Big Ten,Purdue,Big Ten,Away,2010-10-16T16:00:00.000Z,True,False,17,28,L,88,75,-46.172
2010,8,302960135,Minnesota,Big Ten,Penn State,Big Ten,Home,2010-10-23T16:00:00.000Z,True,False,21,33,L,72,59,-10.290
2010,9,303030135,Minnesota,Big Ten,Ohio State,Big Ten,Home,2010-10-31T00:00:00.000Z,True,False,10,52,L,4,8,135.278
2010,10,303100127,Minnesota,Big Ten,Michigan State,Big Ten,Away,2010-11-06T16:00:00.000Z,True,False,8,31,L,37,31,70.189
2010,11,303170356,Minnesota,Big Ten,Illinois,Big Ten,Away,2010-11-13T17:00:00.000Z,True,False,38,34,W,24,32,68.107
2010,13,303310135,Minnesota,Big Ten,Iowa,Big Ten,Home,2010-11-27T20:30:00.000Z,True,False,27,24,W,17,20,94.381
2010,1,302470344,Mississippi State,SEC,Memphis,Conference USA,Home,2010-09-04T23:00:00.000Z,True,False,49,7,W,110,110,-197.877
2010,1,310010130,Mississippi State,SEC,Michigan,Big Ten,Away,2011-01-01T18:30:00.000Z,True,False,52,14,W,64,49,14.487
2010,2,302520344,Mississippi State,SEC,Auburn,SEC,Home,2010-09-09T23:30:00.000Z,True,False,14,17,L,11,4,180.899
2010,3,302610099,Mississippi State,SEC,LSU,SEC,Away,2010-09-18T23:00:00.000Z,True,False,7,29,L,15,9,134.822
2010,4,302680344,Mississippi State,SEC,Georgia,SEC,Home,2010-09-25T23:00:00.000Z,True,False,24,12,W,27,39,50.386
2010,6,302820248,Mississippi State,SEC,Houston,Conference USA,Away,2010-10-10T00:00:00.000Z,True,False,47,24,W,43,69,-33.057
2010,7,302890057,Mississippi State,SEC,Florida,SEC,Away,2010-10-16T23:00:00.000Z,True,False,10,7,W,29,27,73.995
2010,8,302960344,Mississippi State,SEC,UAB,Conference USA,Home,2010-10-23T23:00:00.000Z,True,False,29,24,W,75,92,-104.065
2010,9,303030344,Mississippi State,SEC,Kentucky,SEC,Home,2010-10-30T23:00:00.000Z,True,False,24,17,W,59,60,-10.573
2010,11,303170333,Mississippi State,SEC,Alabama,SEC,Away,2010-11-14T00:15:00.000Z,True,False,10,30,L,7,3,185.064
2010,12,303240344,Mississippi State,SEC,Arkansas,SEC,Home,2010-11-21T00:00:00.000Z,True,False,31,38,L,18,13,127.580
2010,13,303310145,Mississippi State,SEC,Ole Miss,SEC,Away,2010-11-28T00:00:00.000Z,True,False,31,23,W,76,55,-5.904
2010,1,302470142,Missouri,Big 12,Illinois,Big Ten,Home,2010-09-04T16:30:00.000Z,True,False,23,13,W,24,32,68.107
2010,1,303622294,Missouri,Big 12,Iowa,Big Ten,Away,2010-12-29T03:00:00.000Z,True,False,24,27,L,17,20,94.381
2010,3,302610142,Missouri,Big 12,San Diego State,Mountain West,Home,2010-09-18T23:00:00.000Z,True,False,27,24,W,32,34,63.197
2010,4,302680142,Missouri,Big 12,Miami (OH),Mid-American,Home,2010-09-25T18:00:00.000Z,True,False,51,13,W,69,87,-84.618
2010,6,302820142,Missouri,Big 12,Colorado,Big 12,Home,2010-10-09T23:00:00.000Z,True,False,26,0,W,92,72,-39.434
2010,7,302890245,Missouri,Big 12,Texas A&M,Big 12,Away,2010-10-16T16:00:00.000Z,True,False,30,9,W,42,30,72.724
2010,8,302960142,Missouri,Big 12,Oklahoma,Big 12,Home,2010-10-24T00:00:00.000Z,True,False,36,27,W,14,12,127.729
2010,9,303030158,Missouri,Big 12,Nebraska,Big 12,Away,2010-10-30T19:30:00.000Z,True,False,17,31,L,12,17,114.661
2010,10,303102641,Missouri,Big 12,Texas Tech,Big 12,Away,2010-11-07T00:00:00.000Z,True,False,17,24,L,56,48,15.820
2010,11,303170142,Missouri,Big 12,Kansas State,Big 12,Home,2010-11-13T17:30:00.000Z,True,False,38,28,W,45,46,23.479
2010,12,303240066,Missouri,Big 12,Iowa State,Big 12,Away,2010-11-21T00:00:00.000Z,True,False,14,0,W,85,61,-13.579
2010,13,303310142,Missouri,Big 12,Kansas,Big 12,Home,2010-11-27T17:30:00.000Z,True,False,35,7,W,108,96,-112.635
2010,1,303620152,NC State,ACC,West Virginia,Big East,Home,2010-12-28T23:30:00.000Z,True,False,23,7,W,19,25,80.062
2010,2,302542116,NC State,ACC,UCF,Conference USA,Away,2010-09-11T23:30:00.000Z,True,False,28,21,W,8,35,59.207
2010,3,302590152,NC State,ACC,Cincinnati,Big East,Home,2010-09-16T23:30:00.000Z,True,False,30,19,W,65,62,-15.283
2010,4,302680059,NC State,ACC,Georgia Tech,ACC,Away,2010-09-25T16:00:00.000Z,True,False,45,28,W,63,58,-7.971
2010,5,302750152,NC State,ACC,Virginia Tech,ACC,Home,2010-10-02T19:30:00.000Z,True,False,30,41,L,10,6,148.957
2010,6,302820152,NC State,ACC,Boston College,ACC,Home,2010-10-09T16:00:00.000Z,True,False,44,17,W,70,51,10.056
2010,7,302890151,NC State,ACC,East Carolina,Conference USA,Away,2010-10-16T16:00:00.000Z,True,False,27,33,L,81,83,-66.272
2010,9,303010152,NC State,ACC,Florida State,ACC,Home,2010-10-28T23:30:00.000Z,True,False,28,24,W,20,10,131.484
2010,10,303100228,NC State,ACC,Clemson,ACC,Away,2010-11-06T16:00:00.000Z,True,False,13,14,L,44,29,73.392
2010,11,303170152,NC State,ACC,Wake Forest,ACC,Home,2010-11-13T19:00:00.000Z,True,False,38,3,W,104,82,-62.916
2010,12,303240153,NC State,ACC,North Carolina,ACC,Away,2010-11-20T17:00:00.000Z,True,False,29,25,W,50,38,50.736
2010,13,303310120,NC State,ACC,Maryland,ACC,Away,2010-11-27T20:30:00.000Z,True,False,31,38,L,36,42,44.972
2010,1,302490120,Navy,FBS Independents,Maryland,ACC,Away,2010-09-06T20:00:00.000Z,True,False,14,17,L,36,42,44.972
2010,1,303570021,Navy,FBS Independents,San Diego State,Mountain West,Away,2010-12-24T01:00:00.000Z,True,False,14,35,L,32,34,63.197
2010,5,302752005,Navy,FBS Independents,Air Force,Mountain West,Away,2010-10-02T18:30:00.000Z,True,False,6,14,L,33,40,47.890
2010,6,302820154,Navy,FBS Independents,Wake Forest,ACC,Away,2010-10-09T22:30:00.000Z,True,False,28,27,W,104,82,-62.916
2010,7,302892426,Navy,FBS Independents,SMU,Conference USA,Home,2010-10-16T19:30:00.000Z,True,False,28,21,W,58,74,-43.446
2010,8,302962426,Navy,FBS Independents,Notre Dame,FBS Independents,Home,2010-10-23T16:00:00.000Z,True,False,35,17,W,40,28,73.868
2010,9,303032426,Navy,FBS Independents,Duke,ACC,Home,2010-10-30T19:30:00.000Z,True,False,31,34,L,93,68,-32.689
2010,10,303100151,Navy,FBS Independents,East Carolina,Conference USA,Away,2010-11-06T19:30:00.000Z,True,False,76,35,W,81,83,-66.272
2010,11,303172426,Navy,FBS Independents,Central Michigan,Mid-American,Home,2010-11-13T20:30:00.000Z,True,False,38,37,W,74,90,-94.715
2010,12,303242426,Navy,FBS Independents,Arkansas State,Sun Belt,Home,2010-11-20T20:30:00.000Z,True,False,35,19,W,54,79,-53.578
2010,15,303450349,Navy,FBS Independents,Army,FBS Independents,Away,2010-12-11T19:30:00.000Z,True,False,31,17,W,57,77,-51.397
2010,1,302470158,Nebraska,Big 12,Western Kentucky,Sun Belt,Home,2010-09-04T23:00:00.000Z,True,False,49,10,W,95,103,-142.188
2010,1,303640264,Nebraska,Big 12,Washington,Pac-10,Away,2010-12-31T03:00:00.000Z,True,False,7,19,L,79,37,52.829
2010,3,302610264,Nebraska,Big 12,Washington,Pac-10,Away,2010-09-18T19:30:00.000Z,True,False,56,21,W,79,37,52.829
2010,6,302802306,Nebraska,Big 12,Kansas State,Big 12,Away,2010-10-07T23:30:00.000Z,True,False,48,13,W,45,46,23.479
2010,7,302890158,Nebraska,Big 12,Texas,Big 12,Home,2010-10-16T19:30:00.000Z,True,False,13,20,L,55,50,11.203
2010,8,302960197,Nebraska,Big 12,Oklahoma State,Big 12,Away,2010-10-23T19:30:00.000Z,True,False,51,41,W,9,11,130.389
2010,9,303030158,Nebraska,Big 12,Missouri,Big 12,Home,2010-10-30T19:30:00.000Z,True,False,31,17,W,16,14,116.788
2010,10,303100066,Nebraska,Big 12,Iowa State,Big 12,Away,2010-11-06T19:30:00.000Z,True,False,31,30,W,85,61,-13.579
2010,11,303170158,Nebraska,Big 12,Kansas,Big 12,Home,2010-11-14T00:00:00.000Z,True,False,20,3,W,108,96,-112.635
2010,12,303240245,Nebraska,Big 12,Texas A&M,Big 12,Away,2010-11-21T01:00:00.000Z,True,False,6,9,L,42,30,72.724
2010,13,303300158,Nebraska,Big 12,Colorado,Big 12,Home,2010-11-26T20:30:00.000Z,True,False,45,17,W,92,72,-39.434
2010,14,303380158,Nebraska,Big 12,Oklahoma,Big 12,Home,2010-12-05T01:00:00.000Z,True,False,20,23,L,14,12,127.729
2010,1,302472483,New Mexico,Mountain West,Oregon,Pac-10,Away,2010-09-04T19:30:00.000Z,True,False,0,72,L,2,2,221.647
2010,2,302540167,New Mexico,Mountain West,Texas Tech,Big 12,Home,2010-09-12T00:00:00.000Z,True,False,17,52,L,56,48,15.820
2010,3,302610167,New Mexico,Mountain West,Utah,Mountain West,Home,2010-09-19T00:00:00.000Z,True,False,14,56,L,13,26,79.728
2010,4,302682439,New Mexico,Mountain West,UNLV,Mountain West,Away,2010-09-26T02:00:00.000Z,True,False,10,45,L,105,89,-91.364
2010,5,302750167,New Mexico,Mountain West,UTEP,Conference USA,Home,2010-10-02T22:00:00.000Z,True,False,20,38,L,77,94,-106.002
2010,8,302960167,New Mexico,Mountain West,San Diego State,Mountain West,Home,2010-10-24T02:00:00.000Z,True,False,20,30,L,32,34,63.197
2010,9,303030036,New Mexico,Mountain West,Colorado State,Mountain West,Away,2010-10-30T22:00:00.000Z,True,False,14,38,L,103,91,-97.117
2010,10,303100167,New Mexico,Mountain West,Wyoming,Mountain West,Home,2010-11-06T22:00:00.000Z,True,False,34,31,W,90,88,-90.899
2010,11,303172005,New Mexico,Mountain West,Air Force,Mountain West,Away,2010-11-13T23:00:00.000Z,True,False,23,48,L,33,40,47.890
2010,12,303240252,New Mexico,Mountain West,BYU,Mountain West,Away,2010-11-20T23:00:00.000Z,True,False,7,40,L,22,41,47.726
2010,13,303310167,New Mexico,Mountain West,TCU,Mountain West,Home,2010-11-27T21:00:00.000Z,True,False,17,66,L,1,5,180.454
2010,1,302470153,North Carolina,ACC,LSU,SEC,Home,2010-09-05T00:00:00.000Z,True,False,24,30,L,15,9,134.822
2010,1,303642633,North Carolina,ACC,Tennessee,SEC,Away,2010-12-30T23:40:00.000Z,True,False,30,27,W,68,53,2.635
2010,3,302610153,North Carolina,ACC,Georgia Tech,ACC,Home,2010-09-18T16:00:00.000Z,True,False,24,30,L,63,58,-7.971
2010,4,302680164,North Carolina,ACC,Rutgers,Big East,Away,2010-09-25T19:30:00.000Z,True,False,17,13,W,82,84,-72.929
2010,5,302750153,North Carolina,ACC,East Carolina,Conference USA,Home,2010-10-02T19:30:00.000Z,True,False,42,17,W,81,83,-66.272
2010,6,302820153,North Carolina,ACC,Clemson,ACC,Home,2010-10-09T19:30:00.000Z,True,False,21,16,W,44,29,73.392
2010,7,302890258,North Carolina,ACC,Virginia,ACC,Away,2010-10-16T22:00:00.000Z,True,False,44,10,W,86,73,-39.849
2010,8,302962390,North Carolina,ACC,Miami,ACC,Away,2010-10-23T23:30:00.000Z,True,False,10,33,L,46,24,80.209
2010,10,303100052,North Carolina,ACC,Florida State,ACC,Away,2010-11-06T19:30:00.000Z,True,False,37,35,W,20,10,131.484
2010,11,303170153,North Carolina,ACC,Virginia Tech,ACC,Home,2010-11-13T20:30:00.000Z,True,False,10,26,L,10,6,148.957
2010,12,303240153,North Carolina,ACC,NC State,ACC,Home,2010-11-20T17:00:00.000Z,True,False,25,29,L,34,22,85.014
2010,13,303310150,North Carolina,ACC,Duke,ACC,Away,2010-11-27T20:30:00.000Z,True,False,24,19,W,93,68,-32.689
2010,1,302470228,North Texas,Sun Belt,Clemson,ACC,Away,2010-09-04T19:30:00.000Z,True,False,10,35,L,44,29,73.392
2010,2,302540249,North Texas,Sun Belt,Rice,Conference USA,Home,2010-09-11T23:00:00.000Z,True,False,31,32,L,87,101,-133.522
2010,3,302610349,North Texas,Sun Belt,Army,FBS Independents,Away,2010-09-18T16:00:00.000Z,True,False,0,24,L,57,77,-51.397
2010,4,302682226,North Texas,Sun Belt,Florida Atlantic,Sun Belt,Away,2010-09-25T23:00:00.000Z,True,False,21,17,W,101,107,-173.614
2010,5,302750249,North Texas,Sun Belt,Louisiana,Sun Belt,Home,2010-10-02T23:30:00.000Z,True,False,27,28,L,99,106,-157.531
2010,6,302820249,North Texas,Sun Belt,Arkansas State,Sun Belt,Home,2010-10-09T23:00:00.000Z,True,False,19,24,L,54,79,-53.578
2010,7,302890249,North Texas,Sun Belt,Florida International,Sun Belt,Home,2010-10-16T23:30:00.000Z,True,False,10,34,L,52,78,-53.202
2010,9,303030098,North Texas,Sun Belt,Western Kentucky,Sun Belt,Away,2010-10-30T19:00:00.000Z,True,False,33,6,W,95,103,-142.188
2010,10,303100249,North Texas,Sun Belt,Troy,Sun Belt,Home,2010-11-06T23:00:00.000Z,True,False,35,41,L,39,66,-31.401
2010,11,303172393,North Texas,Sun Belt,Middle Tennessee,Sun Belt,Away,2010-11-13T20:30:00.000Z,True,False,23,17,W,73,97,-114.156
2010,12,303242433,North Texas,Sun Belt,UL Monroe,Sun Belt,Away,2010-11-20T20:30:00.000Z,True,False,37,49,L,100,98,-120.256
2010,13,303310249,North Texas,Sun Belt,Kansas State,Big 12,Home,2010-11-27T21:00:00.000Z,True,False,41,49,L,45,46,23.479
2010,1,302450066,Northern Illinois,Mid-American,Iowa State,Big 12,Away,2010-09-03T00:00:00.000Z,True,False,10,27,L,85,61,-13.579
2010,3,302610356,Northern Illinois,Mid-American,Illinois,Big Ten,Away,2010-09-18T16:00:00.000Z,True,False,22,28,L,24,32,68.107
2010,4,302680135,Northern Illinois,Mid-American,Minnesota,Big Ten,Away,2010-09-26T00:30:00.000Z,True,False,34,23,W,91,70,-38.333
2010,5,302752006,Northern Illinois,Mid-American,Akron,Mid-American,Away,2010-10-02T22:00:00.000Z,True,False,50,14,W,107,111,-208.773
2010,6,302822459,Northern Illinois,Mid-American,Temple,Mid-American,Home,2010-10-09T16:00:00.000Z,True,False,31,17,W,35,80,-59.544
2010,7,302892459,Northern Illinois,Mid-American,Buffalo,Mid-American,Home,2010-10-16T19:30:00.000Z,True,False,45,14,W,102,109,-190.023
2010,8,302962459,Northern Illinois,Mid-American,Central Michigan,Mid-American,Home,2010-10-23T20:00:00.000Z,True,False,33,7,W,74,90,-94.715
2010,9,303032711,Northern Illinois,Mid-American,Western Michigan,Mid-American,Away,2010-10-30T16:00:00.000Z,True,False,28,21,W,28,65,-29.971
2010,11,303132459,Northern Illinois,Mid-American,Toledo,Mid-American,Home,2010-11-10T00:00:00.000Z,True,False,65,30,W,49,76,-48.858
2010,12,303242050,Northern Illinois,Mid-American,Ball State,Mid-American,Away,2010-11-20T17:00:00.000Z,True,False,59,21,W,84,102,-140.394
2010,13,303302199,Northern Illinois,Mid-American,Eastern Michigan,Mid-American,Away,2010-11-26T17:00:00.000Z,True,False,71,3,W,109,108,-175.524
2010,14,303370193,Northern Illinois,Mid-American,Miami (OH),Mid-American,Away,2010-12-04T00:00:00.000Z,True,False,21,26,L,69,87,-84.618
2010,1,302470238,Northwestern,Big Ten,Vanderbilt,SEC,Away,2010-09-04T23:30:00.000Z,True,False,23,21,W,97,86,-82.077
2010,1,310012641,Northwestern,Big Ten,Texas Tech,Big 12,Away,2011-01-01T17:00:00.000Z,True,False,38,45,L,56,48,15.820
2010,3,302610242,Northwestern,Big Ten,Rice,Conference USA,Away,2010-09-18T23:00:00.000Z,True,False,30,13,W,87,101,-133.522
2010,4,302680077,Northwestern,Big Ten,Central Michigan,Mid-American,Home,2010-09-25T16:00:00.000Z,True,False,30,25,W,74,90,-94.715
2010,5,302750135,Northwestern,Big Ten,Minnesota,Big Ten,Away,2010-10-02T16:00:00.000Z,True,False,29,28,W,91,70,-38.333
2010,6,302820077,Northwestern,Big Ten,Purdue,Big Ten,Home,2010-10-09T23:30:00.000Z,True,False,17,20,L,88,75,-46.172
2010,8,302960077,Northwestern,Big Ten,Michigan State,Big Ten,Home,2010-10-23T16:00:00.000Z,True,False,27,35,L,37,31,70.189
2010,9,303030084,Northwestern,Big Ten,Indiana,Big Ten,Away,2010-10-30T16:00:00.000Z,True,False,20,17,W,94,81,-61.357
2010,10,303100213,Northwestern,Big Ten,Penn State,Big Ten,Away,2010-11-06T19:30:00.000Z,True,False,21,35,L,72,59,-10.290
2010,11,303170077,Northwestern,Big Ten,Iowa,Big Ten,Home,2010-11-13T17:00:00.000Z,True,False,21,17,W,17,20,94.381
2010,12,303240077,Northwestern,Big Ten,Illinois,Big Ten,Home,2010-11-20T20:30:00.000Z,True,False,27,48,L,24,32,68.107
2010,13,303310275,Northwestern,Big Ten,Wisconsin,Big Ten,Away,2010-11-27T20:30:00.000Z,True,False,23,70,L,5,7,137.718
2010,1,302470087,Notre Dame,FBS Independents,Purdue,Big Ten,Home,2010-09-04T19:30:00.000Z,True,False,23,12,W,88,75,-46.172
2010,1,303652390,Notre Dame,FBS Independents,Miami,ACC,Away,2010-12-31T19:00:00.000Z,True,False,33,17,W,46,24,80.209
2010,2,302540087,Notre Dame,FBS Independents,Michigan,Big Ten,Home,2010-09-11T19:30:00.000Z,True,False,24,28,L,64,49,14.487
2010,3,302610127,Notre Dame,FBS Independents,Michigan State,Big Ten,Away,2010-09-19T00:00:00.000Z,True,False,31,34,L,37,31,70.189
2010,4,302680087,Notre Dame,FBS Independents,Stanford,Pac-10,Home,2010-09-25T19:30:00.000Z,True,False,14,37,L,3,1,241.785
2010,5,302750103,Notre Dame,FBS Independents,Boston College,ACC,Away,2010-10-03T00:00:00.000Z,True,False,31,13,W,70,51,10.056
2010,6,302820087,Notre Dame,FBS Independents,Pittsburgh,Big East,Home,2010-10-09T19:30:00.000Z,True,False,23,17,W,30,33,67.393
2010,7,302890087,Notre Dame,FBS Independents,Western Michigan,Mid-American,Home,2010-10-16T18:30:00.000Z,True,False,44,20,W,28,65,-29.971
2010,8,302962426,Notre Dame,FBS Independents,Navy,FBS Independents,Away,2010-10-23T16:00:00.000Z,True,False,17,35,L,21,43,38.387
2010,9,303030087,Notre Dame,FBS Independents,Tulsa,Conference USA,Home,2010-10-30T18:30:00.000Z,True,False,27,28,L,25,52,5.135
2010,11,303170087,Notre Dame,FBS Independents,Utah,Mountain West,Home,2010-11-13T19:30:00.000Z,True,False,28,3,W,13,26,79.728
2010,12,303240087,Notre Dame,FBS Independents,Army,FBS Independents,Home,2010-11-21T00:00:00.000Z,True,False,27,3,W,57,77,-51.397
2010,13,303310030,Notre Dame,FBS Independents,USC,Pac-10,Away,2010-11-28T01:00:00.000Z,True,False,20,16,W,41,18,106.419
2010,1,303522653,Ohio,Mid-American,Troy,Sun Belt,Away,2010-12-19T02:00:00.000Z,True,False,21,48,L,39,66,-31.401
2010,2,302540195,Ohio,Mid-American,Toledo,Mid-American,Home,2010-09-11T23:00:00.000Z,True,False,13,20,L,49,76,-48.858
2010,3,302610194,Ohio,Mid-American,Ohio State,Big Ten,Away,2010-09-18T16:00:00.000Z,True,False,7,43,L,4,8,135.278
2010,4,302680276,Ohio,Mid-American,Marshall,Conference USA,Away,2010-09-25T23:00:00.000Z,True,False,23,24,L,80,95,-106.535
2010,5,302752199,Ohio,Mid-American,Eastern Michigan,Mid-American,Away,2010-10-02T16:00:00.000Z,True,False,30,17,W,109,108,-175.524
2010,6,302820195,Ohio,Mid-American,Bowling Green,Mid-American,Home,2010-10-09T18:00:00.000Z,True,False,49,25,W,98,105,-149.018
2010,7,302890195,Ohio,Mid-American,Akron,Mid-American,Home,2010-10-16T18:00:00.000Z,True,False,38,10,W,107,111,-208.773
2010,8,302960193,Ohio,Mid-American,Miami (OH),Mid-American,Away,2010-10-23T17:00:00.000Z,True,False,34,13,W,69,87,-84.618
2010,9,303030195,Ohio,Mid-American,Louisiana,Sun Belt,Home,2010-10-30T18:00:00.000Z,True,False,38,31,W,99,106,-157.531
2010,10,303080195,Ohio,Mid-American,Buffalo,Mid-American,Home,2010-11-04T23:30:00.000Z,True,False,34,17,W,102,109,-190.023
2010,12,303200218,Ohio,Mid-American,Temple,Mid-American,Away,2010-11-17T01:00:00.000Z,True,False,31,23,W,35,80,-59.544
2010,13,303302309,Ohio,Mid-American,Kent State,Mid-American,Away,2010-11-26T16:00:00.000Z,True,False,6,28,L,71,93,-104.755
2010,1,302450194,Ohio State,Big Ten,Marshall,Conference USA,Home,2010-09-02T23:30:00.000Z,True,False,45,7,W,80,95,-106.535
2010,1,310040008,Ohio State,Big Ten,Arkansas,SEC,Away,2011-01-05T01:30:00.000Z,True,False,31,26,W,18,13,127.580
2010,2,302540194,Ohio State,Big Ten,Miami,ACC,Home,2010-09-11T19:30:00.000Z,True,False,36,24,W,46,24,80.209
2010,3,302610194,Ohio State,Big Ten,Ohio,Mid-American,Home,2010-09-18T16:00:00.000Z,True,False,43,7,W,48,85,-80.169
2010,4,302680194,Ohio State,Big Ten,Eastern Michigan,Mid-American,Home,2010-09-25T19:30:00.000Z,True,False,73,20,W,109,108,-175.524
2010,5,302750356,Ohio State,Big Ten,Illinois,Big Ten,Away,2010-10-02T16:00:00.000Z,True,False,24,13,W,24,32,68.107
2010,6,302820194,Ohio State,Big Ten,Indiana,Big Ten,Home,2010-10-09T16:00:00.000Z,True,False,38,10,W,94,81,-61.357
2010,7,302890275,Ohio State,Big Ten,Wisconsin,Big Ten,Away,2010-10-16T23:00:00.000Z,True,False,18,31,L,5,7,137.718
2010,8,302960194,Ohio State,Big Ten,Purdue,Big Ten,Home,2010-10-23T16:00:00.000Z,True,False,49,0,W,88,75,-46.172
2010,9,303030135,Ohio State,Big Ten,Minnesota,Big Ten,Away,2010-10-31T00:00:00.000Z,True,False,52,10,W,91,70,-38.333
2010,11,303170194,Ohio State,Big Ten,Penn State,Big Ten,Home,2010-11-13T20:30:00.000Z,True,False,38,14,W,72,59,-10.290
2010,12,303242294,Ohio State,Big Ten,Iowa,Big Ten,Away,2010-11-20T20:30:00.000Z,True,False,20,17,W,17,20,94.381
2010,13,303310194,Ohio State,Big Ten,Michigan,Big Ten,Home,2010-11-27T17:00:00.000Z,True,False,37,7,W,64,49,14.487
2010,1,310010201,Oklahoma,Big 12,UConn,Big East,Home,2011-01-02T01:30:00.000Z,True,False,48,20,W,60,67,-32.342
2010,2,302540201,Oklahoma,Big 12,Florida State,ACC,Home,2010-09-11T19:30:00.000Z,True,False,47,17,W,20,10,131.484
2010,3,302610201,Oklahoma,Big 12,Air Force,Mountain West,Home,2010-09-18T19:30:00.000Z,True,False,27,24,W,33,40,47.890
2010,4,302682132,Oklahoma,Big 12,Cincinnati,Big East,Away,2010-09-25T22:00:00.000Z,True,False,31,29,W,65,62,-15.283
2010,5,302750201,Oklahoma,Big 12,Texas,Big 12,Home,2010-10-02T19:30:00.000Z,True,False,28,20,W,55,50,11.203
2010,7,302890201,Oklahoma,Big 12,Iowa State,Big 12,Home,2010-10-16T23:00:00.000Z,True,False,52,0,W,85,61,-13.579
2010,8,302960142,Oklahoma,Big 12,Missouri,Big 12,Away,2010-10-24T00:00:00.000Z,True,False,27,36,L,16,14,116.788
2010,9,303030201,Oklahoma,Big 12,Colorado,Big 12,Home,2010-10-31T01:15:00.000Z,True,False,43,10,W,92,72,-39.434
2010,10,303100245,Oklahoma,Big 12,Texas A&M,Big 12,Away,2010-11-06T23:00:00.000Z,True,False,19,33,L,42,30,72.724
2010,11,303170201,Oklahoma,Big 12,Texas Tech,Big 12,Home,2010-11-13T20:30:00.000Z,True,False,45,7,W,56,48,15.820
2010,12,303240239,Oklahoma,Big 12,Baylor,Big 12,Away,2010-11-21T01:00:00.000Z,True,False,53,24,W,67,54,-5.193
2010,13,303310197,Oklahoma,Big 12,Oklahoma State,Big 12,Away,2010-11-28T01:00:00.000Z,True,False,47,41,W,9,11,130.389
2010,14,303380158,Oklahoma,Big 12,Nebraska,Big 12,Away,2010-12-05T01:00:00.000Z,True,False,23,20,W,12,17,114.661
2010,1,302470197,Oklahoma State,Big 12,Washington State,Pac-10,Home,2010-09-04T23:00:00.000Z,True,False,65,17,W,106,64,-22.765
2010,1,303630012,Oklahoma State,Big 12,Arizona,Pac-10,Away,2010-12-30T02:15:00.000Z,True,False,36,10,W,47,19,105.801
2010,2,302540197,Oklahoma State,Big 12,Troy,Sun Belt,Home,2010-09-11T23:00:00.000Z,True,False,41,38,W,39,66,-31.401
2010,3,302610197,Oklahoma State,Big 12,Tulsa,Conference USA,Home,2010-09-18T23:00:00.000Z,True,False,65,28,W,25,52,5.135
2010,5,302730197,Oklahoma State,Big 12,Texas A&M,Big 12,Home,2010-09-30T23:30:00.000Z,True,False,38,35,W,42,30,72.724
2010,6,302810309,Oklahoma State,Big 12,Louisiana,Sun Belt,Away,2010-10-09T01:00:00.000Z,True,False,54,28,W,99,106,-157.531
2010,7,302892641,Oklahoma State,Big 12,Texas Tech,Big 12,Away,2010-10-16T19:30:00.000Z,True,False,34,17,W,56,48,15.820
2010,8,302960197,Oklahoma State,Big 12,Nebraska,Big 12,Home,2010-10-23T19:30:00.000Z,True,False,41,51,L,12,17,114.661
2010,9,303032306,Oklahoma State,Big 12,Kansas State,Big 12,Away,2010-10-30T16:00:00.000Z,True,False,24,14,W,45,46,23.479
2010,10,303100197,Oklahoma State,Big 12,Baylor,Big 12,Home,2010-11-06T16:30:00.000Z,True,False,55,28,W,67,54,-5.193
2010,11,303170251,Oklahoma State,Big 12,Texas,Big 12,Away,2010-11-14T01:00:00.000Z,True,False,33,16,W,55,50,11.203
2010,12,303242305,Oklahoma State,Big 12,Kansas,Big 12,Away,2010-11-20T17:00:00.000Z,True,False,48,14,W,108,96,-112.635
2010,13,303310197,Oklahoma State,Big 12,Oklahoma,Big 12,Home,2010-11-28T01:00:00.000Z,True,False,41,47,L,14,12,127.729
2010,2,302542655,Ole Miss,SEC,Tulane,Conference USA,Away,2010-09-12T01:00:00.000Z,True,False,27,13,W,96,100,-130.876
2010,3,302610145,Ole Miss,SEC,Vanderbilt,SEC,Home,2010-09-18T16:21:00.000Z,True,False,14,28,L,97,86,-82.077
2010,5,302750145,Ole Miss,SEC,Kentucky,SEC,Home,2010-10-02T16:21:00.000Z,True,False,42,35,W,59,60,-10.573
2010,7,302890333,Ole Miss,SEC,Alabama,SEC,Away,2010-10-17T01:00:00.000Z,True,False,10,23,L,7,3,185.064
2010,8,302960008,Ole Miss,SEC,Arkansas,SEC,Away,2010-10-23T16:30:00.000Z,True,False,24,38,L,18,13,127.580
2010,9,303030145,Ole Miss,SEC,Auburn,SEC,Home,2010-10-30T22:00:00.000Z,True,False,31,51,L,11,4,180.899
2010,10,303100145,Ole Miss,SEC,Louisiana,Sun Belt,Home,2010-11-06T23:00:00.000Z,True,False,43,21,W,99,106,-157.531
2010,11,303172633,Ole Miss,SEC,Tennessee,SEC,Away,2010-11-13T17:00:00.000Z,True,False,14,52,L,68,53,2.635
2010,12,303240099,Ole Miss,SEC,LSU,SEC,Away,2010-11-20T20:30:00.000Z,True,False,36,43,L,15,9,134.822
2010,13,303310145,Ole Miss,SEC,Mississippi State,SEC,Home,2010-11-28T00:00:00.000Z,True,False,23,31,L,38,36,55.085
2010,1,302472483,Oregon,Pac-10,New Mexico,Mountain West,Home,2010-09-04T19:30:00.000Z,True,False,72,0,W,111,104,-143.067
2010,1,310102483,Oregon,Pac-10,Auburn,SEC,Home,2011-01-11T01:38:00.000Z,True,False,19,22,L,11,4,180.899
2010,2,302542633,Oregon,Pac-10,Tennessee,SEC,Away,2010-09-11T23:00:00.000Z,True,False,48,13,W,68,53,2.635
2010,4,302680009,Oregon,Pac-10,Arizona State,Pac-10,Away,2010-09-26T02:30:00.000Z,True,False,42,31,W,53,15,115.976
2010,5,302752483,Oregon,Pac-10,Stanford,Pac-10,Home,2010-10-03T00:00:00.000Z,True,False,52,31,W,3,1,241.785
2010,6,302820265,Oregon,Pac-10,Washington State,Pac-10,Away,2010-10-09T21:00:00.000Z,True,False,43,23,W,106,64,-22.765
2010,8,302942483,Oregon,Pac-10,UCLA,Pac-10,Home,2010-10-22T01:00:00.000Z,True,False,60,13,W,89,47,16.238
2010,9,303030030,Oregon,Pac-10,USC,Pac-10,Away,2010-10-31T00:00:00.000Z,True,False,53,32,W,41,18,106.419
2010,10,303102483,Oregon,Pac-10,Washington,Pac-10,Home,2010-11-06T19:30:00.000Z,True,False,53,16,W,79,37,52.829
2010,11,303170025,Oregon,Pac-10,California,Pac-10,Away,2010-11-14T00:30:00.000Z,True,False,15,13,W,51,23,82.987
2010,13,303302483,Oregon,Pac-10,Arizona,Pac-10,Home,2010-11-27T00:00:00.000Z,True,False,48,29,W,47,19,105.801
2010,14,303380204,Oregon,Pac-10,Oregon State,Pac-10,Away,2010-12-04T20:30:00.000Z,True,False,37,20,W,61,21,94.014
2010,1,302472628,Oregon State,Pac-10,TCU,Mountain West,Away,2010-09-04T23:45:00.000Z,True,False,21,30,L,1,5,180.454
2010,3,302610204,Oregon State,Pac-10,Louisville,Big East,Home,2010-09-18T21:30:00.000Z,True,False,35,28,W,26,44,25.035
2010,5,302750204,Oregon State,Pac-10,Arizona State,Pac-10,Home,2010-10-02T22:30:00.000Z,True,False,31,28,W,53,15,115.976
2010,6,302820012,Oregon State,Pac-10,Arizona,Pac-10,Away,2010-10-09T23:00:00.000Z,True,False,29,27,W,47,19,105.801
2010,7,302890264,Oregon State,Pac-10,Washington,Pac-10,Away,2010-10-17T02:15:00.000Z,True,False,34,35,L,79,37,52.829
2010,9,303030204,Oregon State,Pac-10,California,Pac-10,Home,2010-10-30T19:30:00.000Z,True,False,35,7,W,51,23,82.987
2010,10,303100026,Oregon State,Pac-10,UCLA,Pac-10,Away,2010-11-06T23:00:00.000Z,True,False,14,17,L,89,47,16.238
2010,11,303170204,Oregon State,Pac-10,Washington State,Pac-10,Home,2010-11-13T21:00:00.000Z,True,False,14,31,L,106,64,-22.765
2010,12,303240204,Oregon State,Pac-10,USC,Pac-10,Home,2010-11-21T01:00:00.000Z,True,False,36,7,W,41,18,106.419
2010,13,303310024,Oregon State,Pac-10,Stanford,Pac-10,Away,2010-11-28T00:30:00.000Z,True,False,0,38,L,3,1,241.785
2010,14,303380204,Oregon State,Pac-10,Oregon,Pac-10,Home,2010-12-04T20:30:00.000Z,True,False,20,37,L,2,2,221.647
2010,1,310010213,Penn State,Big Ten,Florida,SEC,Home,2011-01-01T18:00:00.000Z,True,False,24,37,L,29,27,73.995
2010,2,302540333,Penn State,Big Ten,Alabama,SEC,Away,2010-09-11T23:00:00.000Z,True,False,3,24,L,7,3,185.064
2010,3,302610213,Penn State,Big Ten,Kent State,Mid-American,Home,2010-09-18T16:00:00.000Z,True,False,24,0,W,71,93,-104.755
2010,4,302680213,Penn State,Big Ten,Temple,Mid-American,Home,2010-09-25T19:30:00.000Z,True,False,22,13,W,35,80,-59.544
2010,5,302752294,Penn State,Big Ten,Iowa,Big Ten,Away,2010-10-03T00:05:00.000Z,True,False,3,24,L,17,20,94.381
2010,6,302820213,Penn State,Big Ten,Illinois,Big Ten,Home,2010-10-09T16:00:00.000Z,True,False,13,33,L,24,32,68.107
2010,8,302960135,Penn State,Big Ten,Minnesota,Big Ten,Away,2010-10-23T16:00:00.000Z,True,False,33,21,W,91,70,-38.333
2010,9,303030213,Penn State,Big Ten,Michigan,Big Ten,Home,2010-10-31T00:00:00.000Z,True,False,41,31,W,64,49,14.487
2010,10,303100213,Penn State,Big Ten,Northwestern,Big Ten,Home,2010-11-06T19:30:00.000Z,True,False,35,21,W,78,71,-38.895
2010,11,303170194,Penn State,Big Ten,Ohio State,Big Ten,Away,2010-11-13T20:30:00.000Z,True,False,14,38,L,4,8,135.278
2010,12,303240084,Penn State,Big Ten,Indiana,Big Ten,Away,2010-11-20T17:00:00.000Z,True,False,41,24,W,94,81,-61.357
2010,13,303310213,Penn State,Big Ten,Michigan State,Big Ten,Home,2010-11-27T17:00:00.000Z,True,False,22,28,L,37,31,70.189
2010,1,302450254,Pittsburgh,Big East,Utah,Mountain West,Away,2010-09-03T00:30:00.000Z,True,False,24,27,L,13,26,79.728
2010,1,310080096,Pittsburgh,Big East,Kentucky,SEC,Away,2011-01-08T17:00:00.000Z,True,False,27,10,W,59,60,-10.573
2010,4,302660221,Pittsburgh,Big East,Miami,ACC,Home,2010-09-23T23:30:00.000Z,True,False,3,31,L,46,24,80.209
2010,5,302750221,Pittsburgh,Big East,Florida International,Sun Belt,Home,2010-10-02T19:30:00.000Z,True,False,44,17,W,52,78,-53.202
2010,6,302820087,Pittsburgh,Big East,Notre Dame,FBS Independents,Away,2010-10-09T19:30:00.000Z,True,False,17,23,L,40,28,73.868
2010,7,302890183,Pittsburgh,Big East,Syracuse,Big East,Away,2010-10-16T16:00:00.000Z,True,False,45,14,W,66,63,-19.365
2010,8,302960221,Pittsburgh,Big East,Rutgers,Big East,Home,2010-10-23T16:00:00.000Z,True,False,41,21,W,82,84,-72.929
2010,9,303030221,Pittsburgh,Big East,Louisville,Big East,Home,2010-10-30T16:00:00.000Z,True,False,20,3,W,26,44,25.035
2010,11,303150041,Pittsburgh,Big East,UConn,Big East,Away,2010-11-12T00:30:00.000Z,True,False,28,30,L,60,67,-32.342
2010,12,303240058,Pittsburgh,Big East,South Florida,Big East,Away,2010-11-20T17:00:00.000Z,True,False,17,10,W,62,56,-5.906
2010,13,303300221,Pittsburgh,Big East,West Virginia,Big East,Home,2010-11-26T17:00:00.000Z,True,False,10,35,L,19,25,80.062
2010,14,303382132,Pittsburgh,Big East,Cincinnati,Big East,Away,2010-12-04T17:00:00.000Z,True,False,28,10,W,65,62,-15.283
2010,1,302470087,Purdue,Big Ten,Notre Dame,FBS Independents,Away,2010-09-04T19:30:00.000Z,True,False,12,23,L,40,28,73.868
2010,3,302612509,Purdue,Big Ten,Ball State,Mid-American,Home,2010-09-18T16:00:00.000Z,True,False,24,13,W,84,102,-140.394
2010,4,302682509,Purdue,Big Ten,Toledo,Mid-American,Home,2010-09-25T16:00:00.000Z,True,False,20,31,L,49,76,-48.858
2010,6,302820077,Purdue,Big Ten,Northwestern,Big Ten,Away,2010-10-09T23:30:00.000Z,True,False,20,17,W,78,71,-38.895
2010,7,302892509,Purdue,Big Ten,Minnesota,Big Ten,Home,2010-10-16T16:00:00.000Z,True,False,28,17,W,91,70,-38.333
2010,8,302960194,Purdue,Big Ten,Ohio State,Big Ten,Away,2010-10-23T16:00:00.000Z,True,False,0,49,L,4,8,135.278
2010,9,303030356,Purdue,Big Ten,Illinois,Big Ten,Away,2010-10-30T16:00:00.000Z,True,False,10,44,L,24,32,68.107
2010,10,303102509,Purdue,Big Ten,Wisconsin,Big Ten,Home,2010-11-06T16:00:00.000Z,True,False,13,34,L,5,7,137.718
2010,11,303172509,Purdue,Big Ten,Michigan,Big Ten,Home,2010-11-13T17:00:00.000Z,True,False,16,27,L,64,49,14.487
2010,12,303240127,Purdue,Big Ten,Michigan State,Big Ten,Away,2010-11-20T17:00:00.000Z,True,False,31,35,L,37,31,70.189
2010,13,303312509,Purdue,Big Ten,Indiana,Big Ten,Home,2010-11-27T17:00:00.000Z,True,False,31,34,L,94,81,-61.357
2010,1,302470242,Rice,Conference USA,Texas,Big 12,Home,2010-09-04T19:30:00.000Z,True,False,17,34,L,55,50,11.203
2010,2,302540249,Rice,Conference USA,North Texas,Sun Belt,Away,2010-09-11T23:00:00.000Z,True,False,32,31,W,83,99,-123.991
2010,3,302610242,Rice,Conference USA,Northwestern,Big Ten,Home,2010-09-18T23:00:00.000Z,True,False,13,30,L,78,71,-38.895
2010,4,302680242,Rice,Conference USA,Baylor,Big 12,Home,2010-09-26T00:00:00.000Z,True,False,13,30,L,67,54,-5.193
2010,5,302750242,Rice,Conference USA,SMU,Conference USA,Home,2010-10-02T23:00:00.000Z,True,False,31,42,L,58,74,-43.446
2010,6,302822638,Rice,Conference USA,UTEP,Conference USA,Away,2010-10-10T01:05:00.000Z,True,False,24,44,L,77,94,-106.002
2010,7,302890242,Rice,Conference USA,Houston,Conference USA,Home,2010-10-16T19:30:00.000Z,True,False,34,31,W,43,69,-33.057
2010,8,302962116,Rice,Conference USA,UCF,Conference USA,Away,2010-10-23T19:30:00.000Z,True,False,14,41,L,8,35,59.207
2010,10,303100202,Rice,Conference USA,Tulsa,Conference USA,Away,2010-11-06T18:00:00.000Z,True,False,27,64,L,25,52,5.135
2010,11,303172655,Rice,Conference USA,Tulane,Conference USA,Away,2010-11-13T20:30:00.000Z,True,False,49,54,L,96,100,-130.876
2010,12,303240242,Rice,Conference USA,East Carolina,Conference USA,Home,2010-11-20T18:00:00.000Z,True,False,62,38,W,81,83,-66.272
2010,13,303310242,Rice,Conference USA,UAB,Conference USA,Home,2010-11-27T20:30:00.000Z,True,False,28,23,W,75,92,-104.065
2010,2,302542229,Rutgers,Big East,Florida International,Sun Belt,Away,2010-09-12T00:00:00.000Z,True,False,19,14,W,52,78,-53.202
2010,4,302680164,Rutgers,Big East,North Carolina,ACC,Home,2010-09-25T19:30:00.000Z,True,False,13,17,L,50,38,50.736
2010,5,302750164,Rutgers,Big East,Tulane,Conference USA,Home,2010-10-02T18:00:00.000Z,True,False,14,17,L,96,100,-130.876
2010,6,302810164,Rutgers,Big East,UConn,Big East,Home,2010-10-08T23:30:00.000Z,True,False,27,24,W,60,67,-32.342
2010,7,302890164,Rutgers,Big East,Army,FBS Independents,Home,2010-10-16T18:00:00.000Z,True,False,23,20,W,57,77,-51.397
2010,8,302960221,Rutgers,Big East,Pittsburgh,Big East,Away,2010-10-23T16:00:00.000Z,True,False,21,41,L,30,33,67.393
2010,10,303070058,Rutgers,Big East,South Florida,Big East,Away,2010-11-03T23:00:00.000Z,True,False,27,28,L,62,56,-5.906
2010,11,303170164,Rutgers,Big East,Syracuse,Big East,Home,2010-11-13T20:30:00.000Z,True,False,10,13,L,66,63,-19.365
2010,12,303242132,Rutgers,Big East,Cincinnati,Big East,Away,2010-11-21T00:30:00.000Z,True,False,38,69,L,65,62,-15.283
2010,13,303300164,Rutgers,Big East,Louisville,Big East,Home,2010-11-26T16:00:00.000Z,True,False,13,40,L,26,44,25.035
2010,14,303380277,Rutgers,Big East,West Virginia,Big East,Away,2010-12-04T17:00:00.000Z,True,False,14,35,L,19,25,80.062
2010,1,302482641,SMU,Conference USA,Texas Tech,Big 12,Away,2010-09-05T19:30:00.000Z,True,False,27,35,L,56,48,15.820
2010,1,303642567,SMU,Conference USA,Army,FBS Independents,Home,2010-12-30T17:00:00.000Z,True,False,14,16,L,57,77,-51.397
2010,2,302542567,SMU,Conference USA,UAB,Conference USA,Home,2010-09-12T00:00:00.000Z,True,False,28,7,W,75,92,-104.065
2010,3,302612567,SMU,Conference USA,Washington State,Pac-10,Home,2010-09-18T19:30:00.000Z,True,False,35,21,W,106,64,-22.765
2010,4,302672567,SMU,Conference USA,TCU,Mountain West,Home,2010-09-25T00:00:00.000Z,True,False,24,41,L,1,5,180.454
2010,5,302750242,SMU,Conference USA,Rice,Conference USA,Away,2010-10-02T23:00:00.000Z,True,False,42,31,W,87,101,-133.522
2010,6,302822567,SMU,Conference USA,Tulsa,Conference USA,Home,2010-10-10T00:00:00.000Z,True,False,21,18,W,25,52,5.135
2010,7,302892426,SMU,Conference USA,Navy,FBS Independents,Away,2010-10-16T19:30:00.000Z,True,False,21,28,L,21,43,38.387
2010,8,302962567,SMU,Conference USA,Houston,Conference USA,Home,2010-10-23T19:30:00.000Z,True,False,20,45,L,43,69,-33.057
2010,9,303032655,SMU,Conference USA,Tulane,Conference USA,Away,2010-10-30T19:30:00.000Z,True,False,31,17,W,96,100,-130.876
2010,10,303102638,SMU,Conference USA,UTEP,Conference USA,Away,2010-11-07T01:05:00.000Z,True,False,14,28,L,77,94,-106.002
2010,12,303242567,SMU,Conference USA,Marshall,Conference USA,Home,2010-11-20T20:00:00.000Z,True,False,31,17,W,80,95,-106.535
2010,13,303300151,SMU,Conference USA,East Carolina,Conference USA,Away,2010-11-26T19:00:00.000Z,True,False,45,38,W,81,83,-66.272
2010,14,303382116,SMU,Conference USA,UCF,Conference USA,Away,2010-12-04T17:00:00.000Z,True,False,7,17,L,8,35,59.207
2010,1,303570021,San Diego State,Mountain West,Navy,FBS Independents,Home,2010-12-24T01:00:00.000Z,True,False,35,14,W,21,43,38.387
2010,3,302610142,San Diego State,Mountain West,Missouri,Big 12,Away,2010-09-18T23:00:00.000Z,True,False,24,27,L,16,14,116.788
2010,6,302820252,San Diego State,Mountain West,BYU,Mountain West,Away,2010-10-09T22:00:00.000Z,True,False,21,24,L,22,41,47.726
2010,7,302890021,San Diego State,Mountain West,Air Force,Mountain West,Home,2010-10-17T00:00:00.000Z,True,False,27,25,W,33,40,47.890
2010,8,302960167,San Diego State,Mountain West,New Mexico,Mountain West,Away,2010-10-24T02:00:00.000Z,True,False,30,20,W,111,104,-143.067
2010,9,303032751,San Diego State,Mountain West,Wyoming,Mountain West,Away,2010-10-30T18:00:00.000Z,True,False,48,38,W,90,88,-90.899
2010,10,303100021,San Diego State,Mountain West,Colorado State,Mountain West,Home,2010-11-07T02:00:00.000Z,True,False,24,19,W,103,91,-97.117
2010,11,303172628,San Diego State,Mountain West,TCU,Mountain West,Away,2010-11-13T21:00:00.000Z,True,False,35,40,L,1,5,180.454
2010,12,303240021,San Diego State,Mountain West,Utah,Mountain West,Home,2010-11-21T03:00:00.000Z,True,False,34,38,L,13,26,79.728
2010,13,303310021,San Diego State,Mountain West,UNLV,Mountain West,Home,2010-11-28T01:00:00.000Z,True,False,48,14,W,105,89,-91.364
2010,1,302452579,South Carolina,SEC,Southern Miss,Conference USA,Home,2010-09-02T23:30:00.000Z,True,False,41,13,W,31,57,-6.597
2010,1,303650052,South Carolina,SEC,Florida State,ACC,Away,2011-01-01T00:30:00.000Z,True,False,17,26,L,20,10,131.484
2010,2,302542579,South Carolina,SEC,Georgia,SEC,Home,2010-09-11T16:00:00.000Z,True,False,17,6,W,27,39,50.386
2010,4,302680002,South Carolina,SEC,Auburn,SEC,Away,2010-09-25T23:45:00.000Z,True,False,27,35,L,11,4,180.899
2010,6,302822579,South Carolina,SEC,Alabama,SEC,Home,2010-10-09T19:30:00.000Z,True,False,35,21,W,7,3,185.064
2010,7,302890096,South Carolina,SEC,Kentucky,SEC,Away,2010-10-16T22:00:00.000Z,True,False,28,31,L,59,60,-10.573
2010,8,302960238,South Carolina,SEC,Vanderbilt,SEC,Away,2010-10-23T23:00:00.000Z,True,False,21,7,W,97,86,-82.077
2010,9,303032579,South Carolina,SEC,Tennessee,SEC,Home,2010-10-30T16:21:00.000Z,True,False,38,24,W,68,53,2.635
2010,10,303102579,South Carolina,SEC,Arkansas,SEC,Home,2010-11-06T23:00:00.000Z,True,False,20,41,L,18,13,127.580
2010,11,303170057,South Carolina,SEC,Florida,SEC,Away,2010-11-14T00:15:00.000Z,True,False,36,14,W,29,27,73.995
2010,12,303242579,South Carolina,SEC,Troy,Sun Belt,Home,2010-11-20T17:21:00.000Z,True,False,69,24,W,39,66,-31.401
2010,13,303310228,South Carolina,SEC,Clemson,ACC,Away,2010-11-28T00:00:00.000Z,True,False,29,7,W,44,29,73.392
2010,14,303382579,South Carolina,SEC,Auburn,SEC,Home,2010-12-04T21:00:00.000Z,True,False,17,56,L,11,4,180.899
2010,1,303650228,South Florida,Big East,Clemson,ACC,Away,2010-12-31T17:00:00.000Z,True,False,31,26,W,44,29,73.392
2010,2,302540057,South Florida,Big East,Florida,SEC,Away,2010-09-11T16:21:00.000Z,True,False,14,38,L,29,27,73.995
2010,4,302680058,South Florida,Big East,Western Kentucky,Sun Belt,Home,2010-09-25T23:05:00.000Z,True,False,24,12,W,95,103,-142.188
2010,5,302750058,South Florida,Big East,Florida Atlantic,Sun Belt,Home,2010-10-02T23:00:00.000Z,True,False,31,3,W,101,107,-173.614
2010,6,302820058,South Florida,Big East,Syracuse,Big East,Home,2010-10-09T16:00:00.000Z,True,False,9,13,L,66,63,-19.365
2010,7,302870277,South Florida,Big East,West Virginia,Big East,Away,2010-10-14T23:30:00.000Z,True,False,6,20,L,19,25,80.062
2010,8,302952132,South Florida,Big East,Cincinnati,Big East,Away,2010-10-23T00:00:00.000Z,True,False,38,30,W,65,62,-15.283
2010,10,303070058,South Florida,Big East,Rutgers,Big East,Home,2010-11-03T23:00:00.000Z,True,False,28,27,W,82,84,-72.929
2010,11,303170097,South Florida,Big East,Louisville,Big East,Away,2010-11-13T17:00:00.000Z,True,False,24,21,W,26,44,25.035
2010,12,303240058,South Florida,Big East,Pittsburgh,Big East,Home,2010-11-20T17:00:00.000Z,True,False,10,17,L,30,33,67.393
2010,13,303312390,South Florida,Big East,Miami,ACC,Away,2010-11-27T17:00:00.000Z,True,False,23,20,W,46,24,80.209
2010,14,303380058,South Florida,Big East,UConn,Big East,Home,2010-12-05T01:00:00.000Z,True,False,16,19,L,60,67,-32.342
2010,1,302452579,Southern Miss,Conference USA,South Carolina,SEC,Away,2010-09-02T23:30:00.000Z,True,False,13,41,L,23,16,115.936
2010,1,303550097,Southern Miss,Conference USA,Louisville,Big East,Away,2010-12-22T01:00:00.000Z,True,False,28,31,L,26,44,25.035
2010,3,302602572,Southern Miss,Conference USA,Kansas,Big 12,Home,2010-09-18T00:00:00.000Z,True,False,31,16,W,108,96,-112.635
2010,5,302752572,Southern Miss,Conference USA,Marshall,Conference USA,Home,2010-10-03T00:00:00.000Z,True,False,41,16,W,80,95,-106.535
2010,6,302822572,Southern Miss,Conference USA,East Carolina,Conference USA,Home,2010-10-09T23:30:00.000Z,True,False,43,44,L,81,83,-66.272
2010,7,302890235,Southern Miss,Conference USA,Memphis,Conference USA,Away,2010-10-16T16:00:00.000Z,True,False,41,19,W,110,110,-197.877
2010,9,303032572,Southern Miss,Conference USA,UAB,Conference USA,Home,2010-10-30T16:00:00.000Z,True,False,49,50,L,75,92,-104.065
2010,10,303102655,Southern Miss,Conference USA,Tulane,Conference USA,Away,2010-11-06T19:30:00.000Z,True,False,46,30,W,96,100,-130.876
2010,11,303172116,Southern Miss,Conference USA,UCF,Conference USA,Away,2010-11-13T17:00:00.000Z,True,False,31,21,W,8,35,59.207
2010,12,303242572,Southern Miss,Conference USA,Houston,Conference USA,Home,2010-11-21T01:00:00.000Z,True,False,59,41,W,43,69,-33.057
2010,13,303300202,Southern Miss,Conference USA,Tulsa,Conference USA,Away,2010-11-26T23:30:00.000Z,True,False,50,56,L,25,52,5.135
2010,1,310030259,Stanford,Pac-10,Virginia Tech,ACC,Away,2011-01-04T01:30:00.000Z,True,False,40,12,W,10,6,148.957
2010,2,302540026,Stanford,Pac-10,UCLA,Pac-10,Away,2010-09-12T02:30:00.000Z,True,False,35,0,W,89,47,16.238
2010,3,302610024,Stanford,Pac-10,Wake Forest,ACC,Home,2010-09-19T03:15:00.000Z,True,False,68,24,W,104,82,-62.916
2010,4,302680087,Stanford,Pac-10,Notre Dame,FBS Independents,Away,2010-09-25T19:30:00.000Z,True,False,37,14,W,40,28,73.868
2010,5,302752483,Stanford,Pac-10,Oregon,Pac-10,Away,2010-10-03T00:00:00.000Z,True,False,31,52,L,2,2,221.647
2010,6,302820024,Stanford,Pac-10,USC,Pac-10,Home,2010-10-10T00:00:00.000Z,True,False,37,35,W,41,18,106.419
2010,8,302960024,Stanford,Pac-10,Washington State,Pac-10,Home,2010-10-23T21:00:00.000Z,True,False,38,28,W,106,64,-22.765
2010,9,303030264,Stanford,Pac-10,Washington,Pac-10,Away,2010-10-30T23:00:00.000Z,True,False,41,0,W,79,37,52.829
2010,10,303100024,Stanford,Pac-10,Arizona,Pac-10,Home,2010-11-07T00:00:00.000Z,True,False,42,17,W,47,19,105.801
2010,11,303170009,Stanford,Pac-10,Arizona State,Pac-10,Away,2010-11-14T00:30:00.000Z,True,False,17,13,W,53,15,115.976
2010,12,303240025,Stanford,Pac-10,California,Pac-10,Away,2010-11-20T20:30:00.000Z,True,False,48,14,W,51,23,82.987
2010,13,303310024,Stanford,Pac-10,Oregon State,Pac-10,Home,2010-11-28T00:30:00.000Z,True,False,38,0,W,61,21,94.014
2010,1,302472006,Syracuse,Big East,Akron,Mid-American,Away,2010-09-04T22:00:00.000Z,True,False,29,3,W,107,111,-208.773
2010,1,303640183,Syracuse,Big East,Kansas State,Big 12,Home,2010-12-30T20:20:00.000Z,True,False,36,34,W,45,46,23.479
2010,2,302540264,Syracuse,Big East,Washington,Pac-10,Away,2010-09-11T23:00:00.000Z,True,False,20,41,L,79,37,52.829
2010,6,302820058,Syracuse,Big East,South Florida,Big East,Away,2010-10-09T16:00:00.000Z,True,False,13,9,W,62,56,-5.906
2010,7,302890183,Syracuse,Big East,Pittsburgh,Big East,Home,2010-10-16T16:00:00.000Z,True,False,14,45,L,30,33,67.393
2010,8,302960277,Syracuse,Big East,West Virginia,Big East,Away,2010-10-23T16:00:00.000Z,True,False,19,14,W,19,25,80.062
2010,9,303032132,Syracuse,Big East,Cincinnati,Big East,Away,2010-10-30T16:00:00.000Z,True,False,31,7,W,65,62,-15.283
2010,10,303100183,Syracuse,Big East,Louisville,Big East,Home,2010-11-06T16:00:00.000Z,True,False,20,28,L,26,44,25.035
2010,11,303170164,Syracuse,Big East,Rutgers,Big East,Away,2010-11-13T20:30:00.000Z,True,False,13,10,W,82,84,-72.929
2010,12,303240183,Syracuse,Big East,UConn,Big East,Home,2010-11-21T00:00:00.000Z,True,False,6,23,L,60,67,-32.342
2010,13,303310183,Syracuse,Big East,Boston College,ACC,Home,2010-11-27T17:00:00.000Z,True,False,7,16,L,70,51,10.056
2010,1,302472628,TCU,Mountain West,Oregon State,Pac-10,Home,2010-09-04T23:45:00.000Z,True,False,30,21,W,61,21,94.014
2010,1,310012628,TCU,Mountain West,Wisconsin,Big Ten,Home,2011-01-01T22:10:00.000Z,True,False,21,19,W,5,7,137.718
2010,3,302612628,TCU,Mountain West,Baylor,Big 12,Home,2010-09-18T20:30:00.000Z,True,False,45,10,W,67,54,-5.193
2010,4,302672567,TCU,Mountain West,SMU,Conference USA,Away,2010-09-25T00:00:00.000Z,True,False,41,24,W,58,74,-43.446
2010,5,302750036,TCU,Mountain West,Colorado State,Mountain West,Away,2010-10-02T18:00:00.000Z,True,False,27,0,W,103,91,-97.117
2010,6,302822628,TCU,Mountain West,Wyoming,Mountain West,Home,2010-10-09T19:30:00.000Z,True,False,45,0,W,90,88,-90.899
2010,7,302892628,TCU,Mountain West,BYU,Mountain West,Home,2010-10-16T20:00:00.000Z,True,False,31,3,W,22,41,47.726
2010,8,302962628,TCU,Mountain West,Air Force,Mountain West,Home,2010-10-24T00:00:00.000Z,True,False,38,7,W,33,40,47.890
2010,9,303032439,TCU,Mountain West,UNLV,Mountain West,Away,2010-10-31T03:00:00.000Z,True,False,48,6,W,105,89,-91.364
2010,10,303100254,TCU,Mountain West,Utah,Mountain West,Away,2010-11-06T19:30:00.000Z,True,False,47,7,W,13,26,79.728
2010,11,303172628,TCU,Mountain West,San Diego State,Mountain West,Home,2010-11-13T21:00:00.000Z,True,False,40,35,W,32,34,63.197
2010,13,303310167,TCU,Mountain West,New Mexico,Mountain West,Away,2010-11-27T21:00:00.000Z,True,False,66,17,W,111,104,-143.067
2010,2,302520218,Temple,Mid-American,Central Michigan,Mid-American,Home,2010-09-09T23:00:00.000Z,True,False,13,10,W,74,90,-94.715
2010,3,302610218,Temple,Mid-American,UConn,Big East,Home,2010-09-18T16:00:00.000Z,True,False,30,16,W,60,67,-32.342
2010,4,302680213,Temple,Mid-American,Penn State,Big Ten,Away,2010-09-25T19:30:00.000Z,True,False,13,22,L,72,59,-10.290
2010,5,302750349,Temple,Mid-American,Army,FBS Independents,Away,2010-10-02T16:00:00.000Z,True,False,42,35,W,57,77,-51.397
2010,6,302822459,Temple,Mid-American,Northern Illinois,Mid-American,Away,2010-10-09T16:00:00.000Z,True,False,17,31,L,6,45,24.871
2010,7,302890218,Temple,Mid-American,Bowling Green,Mid-American,Home,2010-10-16T17:00:00.000Z,True,False,28,27,W,98,105,-149.018
2010,8,302962084,Temple,Mid-American,Buffalo,Mid-American,Away,2010-10-23T16:00:00.000Z,True,False,42,0,W,102,109,-190.023
2010,9,303030218,Temple,Mid-American,Akron,Mid-American,Home,2010-10-30T17:00:00.000Z,True,False,30,0,W,107,111,-208.773
2010,10,303102309,Temple,Mid-American,Kent State,Mid-American,Away,2010-11-06T18:00:00.000Z,True,False,28,10,W,71,93,-104.755
2010,12,303200218,Temple,Mid-American,Ohio,Mid-American,Home,2010-11-17T01:00:00.000Z,True,False,23,31,L,48,85,-80.169
2010,13,303270193,Temple,Mid-American,Miami (OH),Mid-American,Away,2010-11-24T00:00:00.000Z,True,False,3,23,L,69,87,-84.618
2010,1,303642633,Tennessee,SEC,North Carolina,ACC,Home,2010-12-30T23:40:00.000Z,True,False,27,30,L,50,38,50.736
2010,2,302542633,Tennessee,SEC,Oregon,Pac-10,Home,2010-09-11T23:00:00.000Z,True,False,13,48,L,2,2,221.647
2010,3,302612633,Tennessee,SEC,Florida,SEC,Home,2010-09-18T19:30:00.000Z,True,False,17,31,L,29,27,73.995
2010,4,302682633,Tennessee,SEC,UAB,Conference USA,Home,2010-09-25T16:21:00.000Z,True,False,32,29,W,75,92,-104.065
2010,5,302750099,Tennessee,SEC,LSU,SEC,Away,2010-10-02T19:30:00.000Z,True,False,14,16,L,15,9,134.822
2010,6,302820061,Tennessee,SEC,Georgia,SEC,Away,2010-10-09T16:21:00.000Z,True,False,14,41,L,27,39,50.386
2010,8,302962633,Tennessee,SEC,Alabama,SEC,Home,2010-10-23T23:00:00.000Z,True,False,10,41,L,7,3,185.064
2010,9,303032579,Tennessee,SEC,South Carolina,SEC,Away,2010-10-30T16:21:00.000Z,True,False,24,38,L,23,16,115.936
2010,10,303100235,Tennessee,SEC,Memphis,Conference USA,Away,2010-11-07T00:00:00.000Z,True,False,50,14,W,110,110,-197.877
2010,11,303172633,Tennessee,SEC,Ole Miss,SEC,Home,2010-11-13T17:00:00.000Z,True,False,52,14,W,76,55,-5.904
2010,12,303240238,Tennessee,SEC,Vanderbilt,SEC,Away,2010-11-21T00:30:00.000Z,True,False,24,10,W,97,86,-82.077
2010,13,303312633,Tennessee,SEC,Kentucky,SEC,Home,2010-11-27T17:21:00.000Z,True,False,24,14,W,59,60,-10.573
2010,1,302470242,Texas,Big 12,Rice,Conference USA,Away,2010-09-04T19:30:00.000Z,True,False,34,17,W,87,101,-133.522
2010,2,302540251,Texas,Big 12,Wyoming,Mountain West,Home,2010-09-11T23:00:00.000Z,True,False,34,7,W,90,88,-90.899
2010,3,302612641,Texas,Big 12,Texas Tech,Big 12,Away,2010-09-19T00:00:00.000Z,True,False,24,14,W,56,48,15.820
2010,4,302680251,Texas,Big 12,UCLA,Pac-10,Home,2010-09-25T19:30:00.000Z,True,False,12,34,L,89,47,16.238
2010,5,302750201,Texas,Big 12,Oklahoma,Big 12,Away,2010-10-02T19:30:00.000Z,True,False,20,28,L,14,12,127.729
2010,7,302890158,Texas,Big 12,Nebraska,Big 12,Away,2010-10-16T19:30:00.000Z,True,False,20,13,W,12,17,114.661
2010,8,302960251,Texas,Big 12,Iowa State,Big 12,Home,2010-10-23T16:00:00.000Z,True,False,21,28,L,85,61,-13.579
2010,9,303030251,Texas,Big 12,Baylor,Big 12,Home,2010-10-30T23:00:00.000Z,True,False,22,30,L,67,54,-5.193
2010,10,303102306,Texas,Big 12,Kansas State,Big 12,Away,2010-11-07T00:00:00.000Z,True,False,14,39,L,45,46,23.479
2010,11,303170251,Texas,Big 12,Oklahoma State,Big 12,Home,2010-11-14T01:00:00.000Z,True,False,16,33,L,9,11,130.389
2010,12,303240251,Texas,Big 12,Florida Atlantic,Sun Belt,Home,2010-11-20T20:30:00.000Z,True,False,51,17,W,101,107,-173.614
2010,13,303290251,Texas,Big 12,Texas A&M,Big 12,Home,2010-11-26T01:00:00.000Z,True,False,17,24,L,42,30,72.724
2010,1,310070245,Texas A&M,Big 12,LSU,SEC,Home,2011-01-08T01:30:00.000Z,True,False,24,41,L,15,9,134.822
2010,3,302610245,Texas A&M,Big 12,Florida International,Sun Belt,Home,2010-09-18T23:00:00.000Z,True,False,27,20,W,52,78,-53.202
2010,5,302730197,Texas A&M,Big 12,Oklahoma State,Big 12,Away,2010-09-30T23:30:00.000Z,True,False,35,38,L,9,11,130.389
2010,6,302820245,Texas A&M,Big 12,Arkansas,SEC,Home,2010-10-09T19:30:00.000Z,True,False,17,24,L,18,13,127.580
2010,7,302890245,Texas A&M,Big 12,Missouri,Big 12,Home,2010-10-16T16:00:00.000Z,True,False,9,30,L,16,14,116.788
2010,8,302962305,Texas A&M,Big 12,Kansas,Big 12,Away,2010-10-23T23:00:00.000Z,True,False,45,10,W,108,96,-112.635
2010,9,303030245,Texas A&M,Big 12,Texas Tech,Big 12,Home,2010-10-30T19:30:00.000Z,True,False,45,27,W,56,48,15.820
2010,10,303100245,Texas A&M,Big 12,Oklahoma,Big 12,Home,2010-11-06T23:00:00.000Z,True,False,33,19,W,14,12,127.729
2010,11,303170239,Texas A&M,Big 12,Baylor,Big 12,Away,2010-11-14T00:00:00.000Z,True,False,42,30,W,67,54,-5.193
2010,12,303240245,Texas A&M,Big 12,Nebraska,Big 12,Home,2010-11-21T01:00:00.000Z,True,False,9,6,W,12,17,114.661
2010,13,303290251,Texas A&M,Big 12,Texas,Big 12,Away,2010-11-26T01:00:00.000Z,True,False,24,17,W,55,50,11.203
2010,1,302482641,Texas Tech,Big 12,SMU,Conference USA,Home,2010-09-05T19:30:00.000Z,True,False,35,27,W,58,74,-43.446
2010,1,310012641,Texas Tech,Big 12,Northwestern,Big Ten,Home,2011-01-01T17:00:00.000Z,True,False,45,38,W,78,71,-38.895
2010,2,302540167,Texas Tech,Big 12,New Mexico,Mountain West,Away,2010-09-12T00:00:00.000Z,True,False,52,17,W,111,104,-143.067
2010,3,302612641,Texas Tech,Big 12,Texas,Big 12,Home,2010-09-19T00:00:00.000Z,True,False,14,24,L,55,50,11.203
2010,5,302750066,Texas Tech,Big 12,Iowa State,Big 12,Away,2010-10-02T23:00:00.000Z,True,False,38,52,L,85,61,-13.579
2010,6,302822641,Texas Tech,Big 12,Baylor,Big 12,Home,2010-10-09T16:00:00.000Z,True,False,45,38,W,67,54,-5.193
2010,7,302892641,Texas Tech,Big 12,Oklahoma State,Big 12,Home,2010-10-16T19:30:00.000Z,True,False,17,34,L,9,11,130.389
2010,8,302960038,Texas Tech,Big 12,Colorado,Big 12,Away,2010-10-23T19:30:00.000Z,True,False,27,24,W,92,72,-39.434
2010,9,303030245,Texas Tech,Big 12,Texas A&M,Big 12,Away,2010-10-30T19:30:00.000Z,True,False,27,45,L,42,30,72.724
2010,10,303102641,Texas Tech,Big 12,Missouri,Big 12,Home,2010-11-07T00:00:00.000Z,True,False,24,17,W,16,14,116.788
2010,11,303170201,Texas Tech,Big 12,Oklahoma,Big 12,Away,2010-11-13T20:30:00.000Z,True,False,7,45,L,14,12,127.729
2010,13,303312641,Texas Tech,Big 12,Houston,Conference USA,Home,2010-11-28T01:00:00.000Z,True,False,35,20,W,43,69,-33.057
2010,1,302462649,Toledo,Mid-American,Arizona,Pac-10,Home,2010-09-04T00:00:00.000Z,True,False,2,41,L,47,19,105.801
2010,1,303602649,Toledo,Mid-American,Florida International,Sun Belt,Home,2010-12-27T01:30:00.000Z,True,False,32,34,L,52,78,-53.202
2010,2,302540195,Toledo,Mid-American,Ohio,Mid-American,Away,2010-09-11T23:00:00.000Z,True,False,20,13,W,48,85,-80.169
2010,3,302612711,Toledo,Mid-American,Western Michigan,Mid-American,Away,2010-09-18T23:00:00.000Z,True,False,37,24,W,28,65,-29.971
2010,4,302682509,Toledo,Mid-American,Purdue,Big Ten,Away,2010-09-25T16:00:00.000Z,True,False,31,20,W,88,75,-46.172
2010,5,302752649,Toledo,Mid-American,Wyoming,Mountain West,Home,2010-10-02T23:00:00.000Z,True,False,15,20,L,90,88,-90.899
2010,7,302892649,Toledo,Mid-American,Kent State,Mid-American,Home,2010-10-16T23:00:00.000Z,True,False,34,21,W,71,93,-104.755
2010,8,302962649,Toledo,Mid-American,Ball State,Mid-American,Home,2010-10-23T23:00:00.000Z,True,False,31,24,W,84,102,-140.394
2010,9,303032199,Toledo,Mid-American,Eastern Michigan,Mid-American,Away,2010-10-30T20:00:00.000Z,True,False,42,7,W,109,108,-175.524
2010,11,303132459,Toledo,Mid-American,Northern Illinois,Mid-American,Away,2010-11-10T00:00:00.000Z,True,False,30,65,L,6,45,24.871
2010,12,303212649,Toledo,Mid-American,Bowling Green,Mid-American,Home,2010-11-18T01:00:00.000Z,True,False,33,14,W,98,105,-149.018
2010,13,303302649,Toledo,Mid-American,Central Michigan,Mid-American,Home,2010-11-26T19:00:00.000Z,True,False,42,31,W,74,90,-94.715
2010,1,302472653,Troy,Sun Belt,Bowling Green,Mid-American,Home,2010-09-04T23:00:00.000Z,True,False,30,27,W,98,105,-149.018
2010,1,303522653,Troy,Sun Belt,Ohio,Mid-American,Home,2010-12-19T02:00:00.000Z,True,False,48,21,W,48,85,-80.169
2010,2,302540197,Troy,Sun Belt,Oklahoma State,Big 12,Away,2010-09-11T23:00:00.000Z,True,False,38,41,L,9,11,130.389
2010,3,302610005,Troy,Sun Belt,UAB,Conference USA,Away,2010-09-18T20:00:00.000Z,True,False,33,34,L,75,92,-104.065
2010,4,302682653,Troy,Sun Belt,Arkansas State,Sun Belt,Home,2010-09-25T19:30:00.000Z,True,False,35,28,W,54,79,-53.578
2010,6,302782393,Troy,Sun Belt,Middle Tennessee,Sun Belt,Away,2010-10-06T00:00:00.000Z,True,False,42,13,W,73,97,-114.156
2010,7,302892653,Troy,Sun Belt,Louisiana,Sun Belt,Home,2010-10-16T23:00:00.000Z,True,False,31,24,W,99,106,-157.531
2010,9,303032433,Troy,Sun Belt,UL Monroe,Sun Belt,Away,2010-10-30T19:30:00.000Z,True,False,14,28,L,100,98,-120.256
2010,10,303100249,Troy,Sun Belt,North Texas,Sun Belt,Away,2010-11-06T23:00:00.000Z,True,False,41,35,W,83,99,-123.991
2010,11,303172653,Troy,Sun Belt,Florida International,Sun Belt,Home,2010-11-13T20:30:00.000Z,True,False,35,52,L,52,78,-53.202
2010,12,303242579,Troy,Sun Belt,South Carolina,SEC,Away,2010-11-20T17:21:00.000Z,True,False,24,69,L,23,16,115.936
2010,13,303312653,Troy,Sun Belt,Western Kentucky,Sun Belt,Home,2010-11-27T20:30:00.000Z,True,False,28,14,W,95,103,-142.188
2010,14,303382226,Troy,Sun Belt,Florida Atlantic,Sun Belt,Away,2010-12-04T19:00:00.000Z,True,False,44,7,W,101,107,-173.614
2010,2,302542655,Tulane,Conference USA,Ole Miss,SEC,Home,2010-09-12T01:00:00.000Z,True,False,13,27,L,76,55,-5.904
2010,4,302680248,Tulane,Conference USA,Houston,Conference USA,Away,2010-09-25T19:30:00.000Z,True,False,23,42,L,43,69,-33.057
2010,5,302750164,Tulane,Conference USA,Rutgers,Big East,Away,2010-10-02T18:00:00.000Z,True,False,17,14,W,82,84,-72.929
2010,6,302822655,Tulane,Conference USA,Army,FBS Independents,Home,2010-10-09T19:30:00.000Z,True,False,23,41,L,57,77,-51.397
2010,7,302890202,Tulane,Conference USA,Tulsa,Conference USA,Away,2010-10-16T23:00:00.000Z,True,False,24,52,L,25,52,5.135
2010,8,302962638,Tulane,Conference USA,UTEP,Conference USA,Away,2010-10-24T01:05:00.000Z,True,False,34,24,W,77,94,-106.002
2010,9,303032655,Tulane,Conference USA,SMU,Conference USA,Home,2010-10-30T19:30:00.000Z,True,False,17,31,L,58,74,-43.446
2010,10,303102655,Tulane,Conference USA,Southern Miss,Conference USA,Home,2010-11-06T19:30:00.000Z,True,False,30,46,L,31,57,-6.597
2010,11,303172655,Tulane,Conference USA,Rice,Conference USA,Home,2010-11-13T20:30:00.000Z,True,False,54,49,W,87,101,-133.522
2010,12,303242655,Tulane,Conference USA,UCF,Conference USA,Home,2010-11-20T20:30:00.000Z,True,False,14,61,L,8,35,59.207
2010,13,303310276,Tulane,Conference USA,Marshall,Conference USA,Away,2010-11-27T17:00:00.000Z,True,False,23,38,L,80,95,-106.535
2010,1,302480151,Tulsa,Conference USA,East Carolina,Conference USA,Away,2010-09-05T18:00:00.000Z,True,False,49,51,L,81,83,-66.272
2010,2,302540202,Tulsa,Conference USA,Bowling Green,Mid-American,Home,2010-09-11T23:00:00.000Z,True,False,33,20,W,98,105,-149.018
2010,3,302610197,Tulsa,Conference USA,Oklahoma State,Big 12,Away,2010-09-18T23:00:00.000Z,True,False,28,65,L,9,11,130.389
2010,5,302750235,Tulsa,Conference USA,Memphis,Conference USA,Away,2010-10-02T23:00:00.000Z,True,False,48,7,W,110,110,-197.877
2010,6,302822567,Tulsa,Conference USA,SMU,Conference USA,Away,2010-10-10T00:00:00.000Z,True,False,18,21,L,58,74,-43.446
2010,7,302890202,Tulsa,Conference USA,Tulane,Conference USA,Home,2010-10-16T23:00:00.000Z,True,False,52,24,W,96,100,-130.876
2010,9,303030087,Tulsa,Conference USA,Notre Dame,FBS Independents,Away,2010-10-30T18:30:00.000Z,True,False,28,27,W,40,28,73.868
2010,10,303100202,Tulsa,Conference USA,Rice,Conference USA,Home,2010-11-06T18:00:00.000Z,True,False,64,27,W,87,101,-133.522
2010,11,303170248,Tulsa,Conference USA,Houston,Conference USA,Away,2010-11-14T01:00:00.000Z,True,False,28,25,W,43,69,-33.057
2010,12,303240202,Tulsa,Conference USA,UTEP,Conference USA,Home,2010-11-20T19:00:00.000Z,True,False,31,28,W,77,94,-106.002
2010,13,303300202,Tulsa,Conference USA,Southern Miss,Conference USA,Home,2010-11-26T23:30:00.000Z,True,False,56,50,W,31,57,-6.597
2010,1,302450005,UAB,Conference USA,Florida Atlantic,Sun Belt,Home,2010-09-03T00:00:00.000Z,True,False,31,32,L,101,107,-173.614
2010,2,302542567,UAB,Conference USA,SMU,Conference USA,Away,2010-09-12T00:00:00.000Z,True,False,7,28,L,58,74,-43.446
2010,3,302610005,UAB,Conference USA,Troy,Sun Belt,Home,2010-09-18T20:00:00.000Z,True,False,34,33,W,39,66,-31.401
2010,4,302682633,UAB,Conference USA,Tennessee,SEC,Away,2010-09-25T16:21:00.000Z,True,False,29,32,L,68,53,2.635
2010,6,302792116,UAB,Conference USA,UCF,Conference USA,Away,2010-10-07T00:00:00.000Z,True,False,7,42,L,8,35,59.207
2010,7,302890005,UAB,Conference USA,UTEP,Conference USA,Home,2010-10-16T20:00:00.000Z,True,False,21,6,W,77,94,-106.002
2010,8,302960344,UAB,Conference USA,Mississippi State,SEC,Away,2010-10-23T23:00:00.000Z,True,False,24,29,L,38,36,55.085
2010,9,303032572,UAB,Conference USA,Southern Miss,Conference USA,Away,2010-10-30T16:00:00.000Z,True,False,50,49,W,31,57,-6.597
2010,10,303100005,UAB,Conference USA,Marshall,Conference USA,Home,2010-11-06T20:15:00.000Z,True,False,17,31,L,80,95,-106.535
2010,11,303150005,UAB,Conference USA,East Carolina,Conference USA,Home,2010-11-12T01:00:00.000Z,True,False,42,54,L,81,83,-66.272
2010,12,303240005,UAB,Conference USA,Memphis,Conference USA,Home,2010-11-20T21:00:00.000Z,True,False,31,15,W,110,110,-197.877
2010,13,303310242,UAB,Conference USA,Rice,Conference USA,Away,2010-11-27T20:30:00.000Z,True,False,23,28,L,87,101,-133.522
2010,1,303652116,UCF,Conference USA,Georgia,SEC,Home,2010-12-31T20:30:00.000Z,True,False,10,6,W,27,39,50.386
2010,2,302542116,UCF,Conference USA,NC State,ACC,Home,2010-09-11T23:30:00.000Z,True,False,21,28,L,34,22,85.014
2010,3,302612084,UCF,Conference USA,Buffalo,Mid-American,Away,2010-09-18T23:00:00.000Z,True,False,24,10,W,102,109,-190.023
2010,4,302682306,UCF,Conference USA,Kansas State,Big 12,Away,2010-09-25T16:30:00.000Z,True,False,13,17,L,45,46,23.479
2010,6,302792116,UCF,Conference USA,UAB,Conference USA,Home,2010-10-07T00:00:00.000Z,True,False,42,7,W,75,92,-104.065
2010,7,302860276,UCF,Conference USA,Marshall,Conference USA,Away,2010-10-14T00:00:00.000Z,True,False,35,14,W,80,95,-106.535
2010,8,302962116,UCF,Conference USA,Rice,Conference USA,Home,2010-10-23T19:30:00.000Z,True,False,41,14,W,87,101,-133.522
2010,9,303032116,UCF,Conference USA,East Carolina,Conference USA,Home,2010-10-30T19:30:00.000Z,True,False,49,35,W,81,83,-66.272
2010,10,303090248,UCF,Conference USA,Houston,Conference USA,Away,2010-11-06T00:00:00.000Z,True,False,40,33,W,43,69,-33.057
2010,11,303172116,UCF,Conference USA,Southern Miss,Conference USA,Home,2010-11-13T17:00:00.000Z,True,False,21,31,L,31,57,-6.597
2010,12,303242655,UCF,Conference USA,Tulane,Conference USA,Away,2010-11-20T20:30:00.000Z,True,False,61,14,W,96,100,-130.876
2010,13,303310235,UCF,Conference USA,Memphis,Conference USA,Away,2010-11-27T17:00:00.000Z,True,False,37,17,W,110,110,-197.877
2010,14,303382116,UCF,Conference USA,SMU,Conference USA,Home,2010-12-04T17:00:00.000Z,True,False,17,7,W,58,74,-43.446
2010,1,302472306,UCLA,Pac-10,Kansas State,Big 12,Away,2010-09-04T19:30:00.000Z,True,False,22,31,L,45,46,23.479
2010,2,302540026,UCLA,Pac-10,Stanford,Pac-10,Home,2010-09-12T02:30:00.000Z,True,False,0,35,L,3,1,241.785
2010,3,302610026,UCLA,Pac-10,Houston,Conference USA,Home,2010-09-19T02:30:00.000Z,True,False,31,13,W,43,69,-33.057
2010,4,302680251,UCLA,Pac-10,Texas,Big 12,Away,2010-09-25T19:30:00.000Z,True,False,34,12,W,55,50,11.203
2010,5,302750026,UCLA,Pac-10,Washington State,Pac-10,Home,2010-10-02T19:30:00.000Z,True,False,42,28,W,106,64,-22.765
2010,6,302820025,UCLA,Pac-10,California,Pac-10,Away,2010-10-09T19:30:00.000Z,True,False,7,35,L,51,23,82.987
2010,8,302942483,UCLA,Pac-10,Oregon,Pac-10,Away,2010-10-22T01:00:00.000Z,True,False,13,60,L,2,2,221.647
2010,9,303030026,UCLA,Pac-10,Arizona,Pac-10,Home,2010-10-30T19:30:00.000Z,True,False,21,29,L,47,19,105.801
2010,10,303100026,UCLA,Pac-10,Oregon State,Pac-10,Home,2010-11-06T23:00:00.000Z,True,False,17,14,W,61,21,94.014
2010,12,303220264,UCLA,Pac-10,Washington,Pac-10,Away,2010-11-19T01:00:00.000Z,True,False,7,24,L,79,37,52.829
2010,13,303300009,UCLA,Pac-10,Arizona State,Pac-10,Away,2010-11-26T20:30:00.000Z,True,False,34,55,L,53,15,115.976
2010,14,303380026,UCLA,Pac-10,USC,Pac-10,Home,2010-12-05T03:30:00.000Z,True,False,14,28,L,41,18,106.419
2010,1,302470130,UConn,Big East,Michigan,Big Ten,Away,2010-09-04T19:30:00.000Z,True,False,10,30,L,64,49,14.487
2010,1,310010201,UConn,Big East,Oklahoma,Big 12,Away,2011-01-02T01:30:00.000Z,True,False,20,48,L,14,12,127.729
2010,3,302610218,UConn,Big East,Temple,Mid-American,Away,2010-09-18T16:00:00.000Z,True,False,16,30,L,35,80,-59.544
2010,4,302680041,UConn,Big East,Buffalo,Mid-American,Home,2010-09-25T16:00:00.000Z,True,False,45,21,W,102,109,-190.023
2010,5,302750041,UConn,Big East,Vanderbilt,SEC,Home,2010-10-02T16:00:00.000Z,True,False,40,21,W,97,86,-82.077
2010,6,302810164,UConn,Big East,Rutgers,Big East,Away,2010-10-08T23:30:00.000Z,True,False,24,27,L,82,84,-72.929
2010,8,302960097,UConn,Big East,Louisville,Big East,Away,2010-10-23T19:30:00.000Z,True,False,0,26,L,26,44,25.035
2010,9,303020041,UConn,Big East,West Virginia,Big East,Home,2010-10-30T00:00:00.000Z,True,False,16,13,W,19,25,80.062
2010,11,303150041,UConn,Big East,Pittsburgh,Big East,Home,2010-11-12T00:30:00.000Z,True,False,30,28,W,30,33,67.393
2010,12,303240183,UConn,Big East,Syracuse,Big East,Away,2010-11-21T00:00:00.000Z,True,False,23,6,W,66,63,-19.365
2010,13,303310041,UConn,Big East,Cincinnati,Big East,Home,2010-11-27T17:00:00.000Z,True,False,38,17,W,65,62,-15.283
2010,14,303380058,UConn,Big East,South Florida,Big East,Away,2010-12-05T01:00:00.000Z,True,False,19,16,W,62,56,-5.906
2010,2,302542433,UL Monroe,Sun Belt,Arkansas,SEC,Home,2010-09-11T23:00:00.000Z,True,False,7,31,L,18,13,127.580
2010,3,302612032,UL Monroe,Sun Belt,Arkansas State,Sun Belt,Away,2010-09-19T00:00:00.000Z,True,False,20,34,L,54,79,-53.578
2010,5,302750002,UL Monroe,Sun Belt,Auburn,SEC,Away,2010-10-02T16:00:00.000Z,True,False,3,52,L,11,4,180.899
2010,6,302822433,UL Monroe,Sun Belt,Florida Atlantic,Sun Belt,Home,2010-10-09T23:00:00.000Z,True,False,20,17,W,101,107,-173.614
2010,7,302890098,UL Monroe,Sun Belt,Western Kentucky,Sun Belt,Away,2010-10-16T23:00:00.000Z,True,False,35,30,W,95,103,-142.188
2010,8,302962393,UL Monroe,Sun Belt,Middle Tennessee,Sun Belt,Away,2010-10-23T20:30:00.000Z,True,False,10,38,L,73,97,-114.156
2010,9,303032433,UL Monroe,Sun Belt,Troy,Sun Belt,Home,2010-10-30T19:30:00.000Z,True,False,28,14,W,39,66,-31.401
2010,10,303102229,UL Monroe,Sun Belt,Florida International,Sun Belt,Away,2010-11-06T23:30:00.000Z,True,False,35,42,L,52,78,-53.202
2010,11,303170099,UL Monroe,Sun Belt,LSU,SEC,Away,2010-11-14T00:00:00.000Z,True,False,0,51,L,15,9,134.822
2010,12,303242433,UL Monroe,Sun Belt,North Texas,Sun Belt,Home,2010-11-20T20:30:00.000Z,True,False,49,37,W,83,99,-123.991
2010,13,303312433,UL Monroe,Sun Belt,Louisiana,Sun Belt,Home,2010-11-27T20:30:00.000Z,True,False,22,23,L,99,106,-157.531
2010,1,302472439,UNLV,Mountain West,Wisconsin,Big Ten,Home,2010-09-05T03:00:00.000Z,True,False,21,41,L,5,7,137.718
2010,2,302540254,UNLV,Mountain West,Utah,Mountain West,Away,2010-09-11T20:00:00.000Z,True,False,10,38,L,13,26,79.728
2010,4,302682439,UNLV,Mountain West,New Mexico,Mountain West,Home,2010-09-26T02:00:00.000Z,True,False,45,10,W,111,104,-143.067
2010,6,302820277,UNLV,Mountain West,West Virginia,Big East,Away,2010-10-09T19:30:00.000Z,True,False,10,49,L,19,25,80.062
2010,7,302890036,UNLV,Mountain West,Colorado State,Mountain West,Away,2010-10-16T18:00:00.000Z,True,False,10,43,L,103,91,-97.117
2010,9,303032439,UNLV,Mountain West,TCU,Mountain West,Home,2010-10-31T03:00:00.000Z,True,False,6,48,L,1,5,180.454
2010,10,303100252,UNLV,Mountain West,BYU,Mountain West,Away,2010-11-06T18:00:00.000Z,True,False,7,55,L,22,41,47.726
2010,11,303172439,UNLV,Mountain West,Wyoming,Mountain West,Home,2010-11-14T03:00:00.000Z,True,False,42,16,W,90,88,-90.899
2010,12,303222439,UNLV,Mountain West,Air Force,Mountain West,Home,2010-11-19T03:00:00.000Z,True,False,20,35,L,33,40,47.890
2010,13,303310021,UNLV,Mountain West,San Diego State,Mountain West,Away,2010-11-28T01:00:00.000Z,True,False,14,48,L,32,34,63.197
2010,2,302540030,USC,Pac-10,Virginia,ACC,Home,2010-09-12T02:30:00.000Z,True,False,17,14,W,86,73,-39.849
2010,3,302610135,USC,Pac-10,Minnesota,Big Ten,Away,2010-09-18T19:30:00.000Z,True,False,32,21,W,91,70,-38.333
2010,4,302680265,USC,Pac-10,Washington State,Pac-10,Away,2010-09-25T19:00:00.000Z,True,False,50,16,W,106,64,-22.765
2010,5,302750030,USC,Pac-10,Washington,Pac-10,Home,2010-10-03T00:00:00.000Z,True,False,31,32,L,79,37,52.829
2010,6,302820024,USC,Pac-10,Stanford,Pac-10,Away,2010-10-10T00:00:00.000Z,True,False,35,37,L,3,1,241.785
2010,7,302890030,USC,Pac-10,California,Pac-10,Home,2010-10-16T19:30:00.000Z,True,False,48,14,W,51,23,82.987
2010,9,303030030,USC,Pac-10,Oregon,Pac-10,Home,2010-10-31T00:00:00.000Z,True,False,32,53,L,2,2,221.647
2010,10,303100030,USC,Pac-10,Arizona State,Pac-10,Home,2010-11-07T02:30:00.000Z,True,False,34,33,W,53,15,115.976
2010,11,303170012,USC,Pac-10,Arizona,Pac-10,Away,2010-11-14T01:00:00.000Z,True,False,24,21,W,47,19,105.801
2010,12,303240204,USC,Pac-10,Oregon State,Pac-10,Away,2010-11-21T01:00:00.000Z,True,False,7,36,L,61,21,94.014
2010,13,303310030,USC,Pac-10,Notre Dame,FBS Independents,Home,2010-11-28T01:00:00.000Z,True,False,16,20,L,40,28,73.868
2010,14,303380026,USC,Pac-10,UCLA,Pac-10,Away,2010-12-05T03:30:00.000Z,True,False,28,14,W,89,47,16.238
2010,1,303522638,UTEP,Conference USA,BYU,Mountain West,Home,2010-12-18T19:00:00.000Z,True,False,24,52,L,22,41,47.726
2010,2,302530248,UTEP,Conference USA,Houston,Conference USA,Away,2010-09-11T02:15:00.000Z,True,False,24,54,L,43,69,-33.057
2010,4,302682638,UTEP,Conference USA,Memphis,Conference USA,Home,2010-09-26T01:05:00.000Z,True,False,16,13,W,110,110,-197.877
2010,5,302750167,UTEP,Conference USA,New Mexico,Mountain West,Away,2010-10-02T22:00:00.000Z,True,False,38,20,W,111,104,-143.067
2010,6,302822638,UTEP,Conference USA,Rice,Conference USA,Home,2010-10-10T01:05:00.000Z,True,False,44,24,W,87,101,-133.522
2010,7,302890005,UTEP,Conference USA,UAB,Conference USA,Away,2010-10-16T20:00:00.000Z,True,False,6,21,L,75,92,-104.065
2010,8,302962638,UTEP,Conference USA,Tulane,Conference USA,Home,2010-10-24T01:05:00.000Z,True,False,24,34,L,96,100,-130.876
2010,9,303030276,UTEP,Conference USA,Marshall,Conference USA,Away,2010-10-30T19:00:00.000Z,True,False,12,16,L,80,95,-106.535
2010,10,303102638,UTEP,Conference USA,SMU,Conference USA,Home,2010-11-07T01:05:00.000Z,True,False,28,14,W,58,74,-43.446
2010,11,303170008,UTEP,Conference USA,Arkansas,SEC,Away,2010-11-14T00:00:00.000Z,True,False,21,58,L,18,13,127.580
2010,12,303240202,UTEP,Conference USA,Tulsa,Conference USA,Away,2010-11-20T19:00:00.000Z,True,False,28,31,L,25,52,5.135
2010,1,302450254,Utah,Mountain West,Pittsburgh,Big East,Home,2010-09-03T00:30:00.000Z,True,False,27,24,W,30,33,67.393
2010,2,302540254,Utah,Mountain West,UNLV,Mountain West,Home,2010-09-11T20:00:00.000Z,True,False,38,10,W,105,89,-91.364
2010,3,302610167,Utah,Mountain West,New Mexico,Mountain West,Away,2010-09-19T00:00:00.000Z,True,False,56,14,W,111,104,-143.067
2010,6,302820066,Utah,Mountain West,Iowa State,Big 12,Away,2010-10-09T23:00:00.000Z,True,False,68,27,W,85,61,-13.579
2010,7,302892751,Utah,Mountain West,Wyoming,Mountain West,Away,2010-10-16T22:00:00.000Z,True,False,30,6,W,90,88,-90.899
2010,8,302960254,Utah,Mountain West,Colorado State,Mountain West,Home,2010-10-23T22:00:00.000Z,True,False,59,6,W,103,91,-97.117
2010,9,303032005,Utah,Mountain West,Air Force,Mountain West,Away,2010-10-30T23:30:00.000Z,True,False,28,23,W,33,40,47.890
2010,10,303100254,Utah,Mountain West,TCU,Mountain West,Home,2010-11-06T19:30:00.000Z,True,False,7,47,L,1,5,180.454
2010,11,303170087,Utah,Mountain West,Notre Dame,FBS Independents,Away,2010-11-13T19:30:00.000Z,True,False,3,28,L,40,28,73.868
2010,12,303240021,Utah,Mountain West,San Diego State,Mountain West,Away,2010-11-21T03:00:00.000Z,True,False,38,34,W,32,34,63.197
2010,13,303310254,Utah,Mountain West,BYU,Mountain West,Home,2010-11-27T20:30:00.000Z,True,False,17,16,W,22,41,47.726
2010,1,302470238,Vanderbilt,SEC,Northwestern,Big Ten,Home,2010-09-04T23:30:00.000Z,True,False,21,23,L,78,71,-38.895
2010,2,302540238,Vanderbilt,SEC,LSU,SEC,Home,2010-09-11T23:00:00.000Z,True,False,3,27,L,15,9,134.822
2010,3,302610145,Vanderbilt,SEC,Ole Miss,SEC,Away,2010-09-18T16:21:00.000Z,True,False,28,14,W,76,55,-5.904
2010,5,302750041,Vanderbilt,SEC,UConn,Big East,Away,2010-10-02T16:00:00.000Z,True,False,21,40,L,60,67,-32.342
2010,6,302820238,Vanderbilt,SEC,Eastern Michigan,Mid-American,Home,2010-10-09T23:00:00.000Z,True,False,52,6,W,109,108,-175.524
2010,7,302890061,Vanderbilt,SEC,Georgia,SEC,Away,2010-10-16T16:21:00.000Z,True,False,0,43,L,27,39,50.386
2010,8,302960238,Vanderbilt,SEC,South Carolina,SEC,Home,2010-10-23T23:00:00.000Z,True,False,7,21,L,23,16,115.936
2010,9,303030008,Vanderbilt,SEC,Arkansas,SEC,Away,2010-10-30T23:00:00.000Z,True,False,14,49,L,18,13,127.580
2010,10,303100238,Vanderbilt,SEC,Florida,SEC,Home,2010-11-06T16:21:00.000Z,True,False,14,55,L,29,27,73.995
2010,11,303170096,Vanderbilt,SEC,Kentucky,SEC,Away,2010-11-13T17:21:00.000Z,True,False,20,38,L,59,60,-10.573
2010,12,303240238,Vanderbilt,SEC,Tennessee,SEC,Home,2010-11-21T00:30:00.000Z,True,False,10,24,L,68,53,2.635
2010,13,303310238,Vanderbilt,SEC,Wake Forest,ACC,Home,2010-11-28T00:30:00.000Z,True,False,13,34,L,104,82,-62.916
2010,2,302540030,Virginia,ACC,USC,Pac-10,Away,2010-09-12T02:30:00.000Z,True,False,14,17,L,41,18,106.419
2010,5,302750258,Virginia,ACC,Florida State,ACC,Home,2010-10-02T16:00:00.000Z,True,False,14,34,L,20,10,131.484
2010,6,302820059,Virginia,ACC,Georgia Tech,ACC,Away,2010-10-09T19:30:00.000Z,True,False,21,33,L,63,58,-7.971
2010,7,302890258,Virginia,ACC,North Carolina,ACC,Home,2010-10-16T22:00:00.000Z,True,False,10,44,L,50,38,50.736
2010,8,302960258,Virginia,ACC,Eastern Michigan,Mid-American,Home,2010-10-23T22:00:00.000Z,True,False,48,21,W,109,108,-175.524
2010,9,303030258,Virginia,ACC,Miami,ACC,Home,2010-10-30T16:00:00.000Z,True,False,24,19,W,46,24,80.209
2010,10,303100150,Virginia,ACC,Duke,ACC,Away,2010-11-06T16:00:00.000Z,True,False,48,55,L,93,68,-32.689
2010,11,303170258,Virginia,ACC,Maryland,ACC,Home,2010-11-13T20:30:00.000Z,True,False,23,42,L,36,42,44.972
2010,12,303240103,Virginia,ACC,Boston College,ACC,Away,2010-11-20T17:00:00.000Z,True,False,13,17,L,70,51,10.056
2010,13,303310259,Virginia,ACC,Virginia Tech,ACC,Away,2010-11-27T17:00:00.000Z,True,False,7,37,L,10,6,148.957
2010,1,310030259,Virginia Tech,ACC,Stanford,Pac-10,Home,2011-01-04T01:30:00.000Z,True,False,12,40,L,3,1,241.785
2010,3,302610259,Virginia Tech,ACC,East Carolina,Conference USA,Home,2010-09-18T17:30:00.000Z,True,False,49,27,W,81,83,-66.272
2010,4,302680103,Virginia Tech,ACC,Boston College,ACC,Away,2010-09-25T16:00:00.000Z,True,False,19,0,W,70,51,10.056
2010,5,302750152,Virginia Tech,ACC,NC State,ACC,Away,2010-10-02T19:30:00.000Z,True,False,41,30,W,34,22,85.014
2010,6,302820259,Virginia Tech,ACC,Central Michigan,Mid-American,Home,2010-10-09T16:00:00.000Z,True,False,45,21,W,74,90,-94.715
2010,7,302890259,Virginia Tech,ACC,Wake Forest,ACC,Home,2010-10-16T19:30:00.000Z,True,False,52,21,W,104,82,-62.916
2010,8,302960259,Virginia Tech,ACC,Duke,ACC,Home,2010-10-23T16:00:00.000Z,True,False,44,7,W,93,68,-32.689
2010,10,303080259,Virginia Tech,ACC,Georgia Tech,ACC,Home,2010-11-04T23:30:00.000Z,True,False,28,21,W,63,58,-7.971
2010,11,303170153,Virginia Tech,ACC,North Carolina,ACC,Away,2010-11-13T20:30:00.000Z,True,False,26,10,W,50,38,50.736
2010,12,303242390,Virginia Tech,ACC,Miami,ACC,Away,2010-11-20T20:30:00.000Z,True,False,31,17,W,46,24,80.209
2010,13,303310259,Virginia Tech,ACC,Virginia,ACC,Home,2010-11-27T17:00:00.000Z,True,False,37,7,W,86,73,-39.849
2010,14,303380259,Virginia Tech,ACC,Florida State,ACC,Home,2010-12-05T00:45:00.000Z,True,False,44,33,W,20,10,131.484
2010,2,302540154,Wake Forest,ACC,Duke,ACC,Home,2010-09-11T16:00:00.000Z,True,False,54,48,W,93,68,-32.689
2010,3,302610024,Wake Forest,ACC,Stanford,Pac-10,Away,2010-09-19T03:15:00.000Z,True,False,24,68,L,3,1,241.785
2010,4,302680052,Wake Forest,ACC,Florida State,ACC,Away,2010-09-25T19:30:00.000Z,True,False,0,31,L,20,10,131.484
2010,5,302750154,Wake Forest,ACC,Georgia Tech,ACC,Home,2010-10-02T23:00:00.000Z,True,False,20,24,L,63,58,-7.971
2010,6,302820154,Wake Forest,ACC,Navy,FBS Independents,Home,2010-10-09T22:30:00.000Z,True,False,27,28,L,21,43,38.387
2010,7,302890259,Wake Forest,ACC,Virginia Tech,ACC,Away,2010-10-16T19:30:00.000Z,True,False,21,52,L,10,6,148.957
2010,9,303030120,Wake Forest,ACC,Maryland,ACC,Away,2010-10-30T19:30:00.000Z,True,False,14,62,L,36,42,44.972
2010,10,303100154,Wake Forest,ACC,Boston College,ACC,Home,2010-11-06T19:30:00.000Z,True,False,13,23,L,70,51,10.056
2010,11,303170152,Wake Forest,ACC,NC State,ACC,Away,2010-11-13T19:00:00.000Z,True,False,3,38,L,34,22,85.014
2010,12,303240154,Wake Forest,ACC,Clemson,ACC,Home,2010-11-20T19:00:00.000Z,True,False,10,30,L,44,29,73.392
2010,13,303310238,Wake Forest,ACC,Vanderbilt,SEC,Away,2010-11-28T00:30:00.000Z,True,False,34,13,W,97,86,-82.077
2010,1,302470252,Washington,Pac-10,BYU,Mountain West,Away,2010-09-04T23:00:00.000Z,True,False,17,23,L,22,41,47.726
2010,1,303640264,Washington,Pac-10,Nebraska,Big 12,Home,2010-12-31T03:00:00.000Z,True,False,19,7,W,12,17,114.661
2010,2,302540264,Washington,Pac-10,Syracuse,Big East,Home,2010-09-11T23:00:00.000Z,True,False,41,20,W,66,63,-19.365
2010,3,302610264,Washington,Pac-10,Nebraska,Big 12,Home,2010-09-18T19:30:00.000Z,True,False,21,56,L,12,17,114.661
2010,5,302750030,Washington,Pac-10,USC,Pac-10,Away,2010-10-03T00:00:00.000Z,True,False,32,31,W,41,18,106.419
2010,6,302820264,Washington,Pac-10,Arizona State,Pac-10,Home,2010-10-10T02:00:00.000Z,True,False,14,24,L,53,15,115.976
2010,7,302890264,Washington,Pac-10,Oregon State,Pac-10,Home,2010-10-17T02:15:00.000Z,True,False,35,34,W,61,21,94.014
2010,8,302960012,Washington,Pac-10,Arizona,Pac-10,Away,2010-10-24T02:15:00.000Z,True,False,14,44,L,47,19,105.801
2010,9,303030264,Washington,Pac-10,Stanford,Pac-10,Home,2010-10-30T23:00:00.000Z,True,False,0,41,L,3,1,241.785
2010,10,303102483,Washington,Pac-10,Oregon,Pac-10,Away,2010-11-06T19:30:00.000Z,True,False,16,53,L,2,2,221.647
2010,12,303220264,Washington,Pac-10,UCLA,Pac-10,Home,2010-11-19T01:00:00.000Z,True,False,24,7,W,89,47,16.238
2010,13,303310025,Washington,Pac-10,California,Pac-10,Away,2010-11-27T20:30:00.000Z,True,False,16,13,W,51,23,82.987
2010,14,303380265,Washington,Pac-10,Washington State,Pac-10,Away,2010-12-05T00:00:00.000Z,True,False,35,28,W,106,64,-22.765
2010,1,302470197,Washington State,Pac-10,Oklahoma State,Big 12,Away,2010-09-04T23:00:00.000Z,True,False,17,65,L,9,11,130.389
2010,3,302612567,Washington State,Pac-10,SMU,Conference USA,Away,2010-09-18T19:30:00.000Z,True,False,21,35,L,58,74,-43.446
2010,4,302680265,Washington State,Pac-10,USC,Pac-10,Home,2010-09-25T19:00:00.000Z,True,False,16,50,L,41,18,106.419
2010,5,302750026,Washington State,Pac-10,UCLA,Pac-10,Away,2010-10-02T19:30:00.000Z,True,False,28,42,L,89,47,16.238
2010,6,302820265,Washington State,Pac-10,Oregon,Pac-10,Home,2010-10-09T21:00:00.000Z,True,False,23,43,L,2,2,221.647
2010,7,302890265,Washington State,Pac-10,Arizona,Pac-10,Home,2010-10-16T23:30:00.000Z,True,False,7,24,L,47,19,105.801
2010,8,302960024,Washington State,Pac-10,Stanford,Pac-10,Away,2010-10-23T21:00:00.000Z,True,False,28,38,L,3,1,241.785
2010,9,303030009,Washington State,Pac-10,Arizona State,Pac-10,Away,2010-10-30T23:00:00.000Z,True,False,0,42,L,53,15,115.976
2010,10,303100265,Washington State,Pac-10,California,Pac-10,Home,2010-11-06T20:00:00.000Z,True,False,13,20,L,51,23,82.987
2010,11,303170204,Washington State,Pac-10,Oregon State,Pac-10,Away,2010-11-13T21:00:00.000Z,True,False,31,14,W,61,21,94.014
2010,14,303380265,Washington State,Pac-10,Washington,Pac-10,Home,2010-12-05T00:00:00.000Z,True,False,28,35,L,79,37,52.829
2010,1,303620152,West Virginia,Big East,NC State,ACC,Away,2010-12-28T23:30:00.000Z,True,False,7,23,L,34,22,85.014
2010,2,302530276,West Virginia,Big East,Marshall,Conference USA,Away,2010-09-10T23:00:00.000Z,True,False,24,21,W,80,95,-106.535
2010,3,302610277,West Virginia,Big East,Maryland,ACC,Home,2010-09-18T16:00:00.000Z,True,False,31,17,W,36,42,44.972
2010,4,302680099,West Virginia,Big East,LSU,SEC,Away,2010-09-26T01:00:00.000Z,True,False,14,20,L,15,9,134.822
2010,6,302820277,West Virginia,Big East,UNLV,Mountain West,Home,2010-10-09T19:30:00.000Z,True,False,49,10,W,105,89,-91.364
2010,7,302870277,West Virginia,Big East,South Florida,Big East,Home,2010-10-14T23:30:00.000Z,True,False,20,6,W,62,56,-5.906
2010,8,302960277,West Virginia,Big East,Syracuse,Big East,Home,2010-10-23T16:00:00.000Z,True,False,14,19,L,66,63,-19.365
2010,9,303020041,West Virginia,Big East,UConn,Big East,Away,2010-10-30T00:00:00.000Z,True,False,13,16,L,60,67,-32.342
2010,11,303170277,West Virginia,Big East,Cincinnati,Big East,Home,2010-11-13T17:00:00.000Z,True,False,37,10,W,65,62,-15.283
2010,12,303240097,West Virginia,Big East,Louisville,Big East,Away,2010-11-20T17:00:00.000Z,True,False,17,10,W,26,44,25.035
2010,13,303300221,West Virginia,Big East,Pittsburgh,Big East,Away,2010-11-26T17:00:00.000Z,True,False,35,10,W,30,33,67.393
2010,14,303380277,West Virginia,Big East,Rutgers,Big East,Home,2010-12-04T17:00:00.000Z,True,False,35,14,W,82,84,-72.929
2010,1,302470158,Western Kentucky,Sun Belt,Nebraska,Big 12,Away,2010-09-04T23:00:00.000Z,True,False,10,49,L,12,17,114.661
2010,2,302540096,Western Kentucky,Sun Belt,Kentucky,SEC,Away,2010-09-11T23:30:00.000Z,True,False,28,63,L,59,60,-10.573
2010,3,302610098,Western Kentucky,Sun Belt,Indiana,Big Ten,Home,2010-09-18T21:00:00.000Z,True,False,21,38,L,94,81,-61.357
2010,4,302680058,Western Kentucky,Sun Belt,South Florida,Big East,Away,2010-09-25T23:05:00.000Z,True,False,12,24,L,62,56,-5.906
2010,6,302822229,Western Kentucky,Sun Belt,Florida International,Sun Belt,Away,2010-10-09T19:30:00.000Z,True,False,21,28,L,52,78,-53.202
2010,7,302890098,Western Kentucky,Sun Belt,UL Monroe,Sun Belt,Home,2010-10-16T23:00:00.000Z,True,False,30,35,L,100,98,-120.256
2010,8,302960309,Western Kentucky,Sun Belt,Louisiana,Sun Belt,Away,2010-10-23T21:00:00.000Z,True,False,54,21,W,99,106,-157.531
2010,9,303030098,Western Kentucky,Sun Belt,North Texas,Sun Belt,Home,2010-10-30T19:00:00.000Z,True,False,6,33,L,83,99,-123.991
2010,10,303100098,Western Kentucky,Sun Belt,Florida Atlantic,Sun Belt,Home,2010-11-06T20:30:00.000Z,True,False,16,17,L,101,107,-173.614
2010,11,303172032,Western Kentucky,Sun Belt,Arkansas State,Sun Belt,Away,2010-11-13T20:00:00.000Z,True,False,36,35,W,54,79,-53.578
2010,12,303240098,Western Kentucky,Sun Belt,Middle Tennessee,Sun Belt,Home,2010-11-20T21:15:00.000Z,True,False,26,27,L,73,97,-114.156
2010,13,303312653,Western Kentucky,Sun Belt,Troy,Sun Belt,Away,2010-11-27T20:30:00.000Z,True,False,14,28,L,39,66,-31.401
2010,1,302470127,Western Michigan,Mid-American,Michigan State,Big Ten,Away,2010-09-04T16:00:00.000Z,True,False,14,38,L,37,31,70.189
2010,3,302612711,Western Michigan,Mid-American,Toledo,Mid-American,Home,2010-09-18T23:00:00.000Z,True,False,24,37,L,49,76,-48.858
2010,6,302822050,Western Michigan,Mid-American,Ball State,Mid-American,Away,2010-10-09T16:00:00.000Z,True,False,45,16,W,84,102,-140.394
2010,7,302890087,Western Michigan,Mid-American,Notre Dame,FBS Independents,Away,2010-10-16T18:30:00.000Z,True,False,20,44,L,40,28,73.868
2010,8,302962006,Western Michigan,Mid-American,Akron,Mid-American,Away,2010-10-23T19:30:00.000Z,True,False,56,10,W,107,111,-208.773
2010,9,303032711,Western Michigan,Mid-American,Northern Illinois,Mid-American,Home,2010-10-30T16:00:00.000Z,True,False,21,28,L,6,45,24.871
2010,10,303092117,Western Michigan,Mid-American,Central Michigan,Mid-American,Away,2010-11-05T22:00:00.000Z,True,False,22,26,L,74,90,-94.715
2010,11,303172711,Western Michigan,Mid-American,Eastern Michigan,Mid-American,Home,2010-11-13T19:00:00.000Z,True,False,45,30,W,109,108,-175.524
2010,12,303242711,Western Michigan,Mid-American,Kent State,Mid-American,Home,2010-11-20T19:00:00.000Z,True,False,38,3,W,71,93,-104.755
2010,13,303300189,Western Michigan,Mid-American,Bowling Green,Mid-American,Away,2010-11-26T19:00:00.000Z,True,False,41,7,W,98,105,-149.018
2010,1,302472439,Wisconsin,Big Ten,UNLV,Mountain West,Away,2010-09-05T03:00:00.000Z,True,False,41,21,W,105,89,-91.364
2010,1,310012628,Wisconsin,Big Ten,TCU,Mountain West,Away,2011-01-01T22:10:00.000Z,True,False,19,21,L,1,5,180.454
2010,3,302610275,Wisconsin,Big Ten,Arizona State,Pac-10,Home,2010-09-18T19:30:00.000Z,True,False,20,19,W,53,15,115.976
2010,5,302750127,Wisconsin,Big Ten,Michigan State,Big Ten,Away,2010-10-02T19:30:00.000Z,True,False,24,34,L,37,31,70.189
2010,6,302820275,Wisconsin,Big Ten,Minnesota,Big Ten,Home,2010-10-09T16:00:00.000Z,True,False,41,23,W,91,70,-38.333
2010,7,302890275,Wisconsin,Big Ten,Ohio State,Big Ten,Home,2010-10-16T23:00:00.000Z,True,False,31,18,W,4,8,135.278
2010,8,302962294,Wisconsin,Big Ten,Iowa,Big Ten,Away,2010-10-23T19:30:00.000Z,True,False,31,30,W,17,20,94.381
2010,10,303102509,Wisconsin,Big Ten,Purdue,Big Ten,Away,2010-11-06T16:00:00.000Z,True,False,34,13,W,88,75,-46.172
2010,11,303170275,Wisconsin,Big Ten,Indiana,Big Ten,Home,2010-11-13T17:00:00.000Z,True,False,83,20,W,94,81,-61.357
2010,12,303240130,Wisconsin,Big Ten,Michigan,Big Ten,Away,2010-11-20T17:00:00.000Z,True,False,48,28,W,64,49,14.487
2010,13,303310275,Wisconsin,Big Ten,Northwestern,Big Ten,Home,2010-11-27T20:30:00.000Z,True,False,70,23,W,78,71,-38.895
2010,2,302540251,Wyoming,Mountain West,Texas,Big 12,Away,2010-09-11T23:00:00.000Z,True,False,7,34,L,55,50,11.203
2010,4,302682751,Wyoming,Mountain West,Air Force,Mountain West,Home,2010-09-25T18:00:00.000Z,True,False,14,20,L,33,40,47.890
2010,5,302752649,Wyoming,Mountain West,Toledo,Mid-American,Away,2010-10-02T23:00:00.000Z,True,False,20,15,W,49,76,-48.858
2010,6,302822628,Wyoming,Mountain West,TCU,Mountain West,Away,2010-10-09T19:30:00.000Z,True,False,0,45,L,1,5,180.454
2010,7,302892751,Wyoming,Mountain West,Utah,Mountain West,Home,2010-10-16T22:00:00.000Z,True,False,6,30,L,13,26,79.728
2010,8,302960252,Wyoming,Mountain West,BYU,Mountain West,Away,2010-10-23T18:00:00.000Z,True,False,20,25,L,22,41,47.726
2010,9,303032751,Wyoming,Mountain West,San Diego State,Mountain West,Home,2010-10-30T18:00:00.000Z,True,False,38,48,L,32,34,63.197
2010,10,303100167,Wyoming,Mountain West,New Mexico,Mountain West,Away,2010-11-06T22:00:00.000Z,True,False,31,34,L,111,104,-143.067
2010,11,303172439,Wyoming,Mountain West,UNLV,Mountain West,Away,2010-11-14T03:00:00.000Z,True,False,16,42,L,105,89,-91.364
2010,12,303242751,Wyoming,Mountain West,Colorado State,Mountain West,Home,2010-11-20T19:00:00.000Z,True,False,44,0,W,103,91,-97.117
