Season,Week,GameId,Team,Conference,Opponent,OpponentConference,Location,StartDate,Completed,Live,TeamPoints,OpponentPoints,Result,OpponentRk,OpponentAdjRk,OpponentAdjRtg
2012,1,323642005,Air Force,Mountain West,Rice,Conference USA,Home,2012-12-29T16:45:00.000Z,True,False,14,33,L,52,68,-31.298
2012,2,322520130,Air Force,Mountain West,Michigan,Big Ten,Away,2012-09-08T19:30:00.000Z,True,False,25,31,L,24,27,75.838
2012,4,322662439,Air Force,Mountain West,UNLV,Mountain West,Away,2012-09-23T02:00:00.000Z,True,False,35,38,L,91,108,-121.031
2012,5,322732005,Air Force,Mountain West,Colorado State,Mountain West,Home,2012-09-29T18:00:00.000Z,True,False,42,21,W,85,110,-131.823
2012,6,322802005,Air Force,Mountain West,Navy,FBS Independents,Home,2012-10-06T15:30:00.000Z,True,False,21,28,L,83,83,-61.322
2012,7,322872751,Air Force,Mountain West,Wyoming,Mountain West,Away,2012-10-13T23:00:00.000Z,True,False,28,27,W,92,100,-105.054
2012,8,322942005,Air Force,Mountain West,New Mexico,Mountain West,Home,2012-10-20T23:00:00.000Z,True,False,28,23,W,106,111,-139.797
2012,9,323002005,Air Force,Mountain West,Nevada,Mountain West,Home,2012-10-27T00:00:00.000Z,True,False,48,31,W,51,76,-43.018
2012,10,323080349,Air Force,Mountain West,Army,FBS Independents,Away,2012-11-03T16:00:00.000Z,True,False,21,41,L,98,109,-128.875
2012,11,323150021,Air Force,Mountain West,San Diego State,Mountain West,Away,2012-11-10T20:30:00.000Z,True,False,9,28,L,26,54,16.330
2012,12,323212005,Air Force,Mountain West,Hawai'i,Mountain West,Home,2012-11-17T02:30:00.000Z,True,False,21,7,W,111,112,-142.907
2012,13,323290278,Air Force,Mountain West,Fresno State,Mountain West,Away,2012-11-24T20:30:00.000Z,True,False,15,48,L,15,44,37.320
2012,1,322432006,Akron,Mid-American,UCF,Conference USA,Home,2012-08-30T23:00:00.000Z,True,False,14,56,L,12,34,55.172
2012,2,322522229,Akron,Mid-American,Florida International,Sun Belt,Away,2012-09-08T22:00:00.000Z,True,False,38,41,L,82,98,-95.365
2012,4,322662633,Akron,Mid-American,Tennessee,SEC,Away,2012-09-22T23:30:00.000Z,True,False,26,47,L,60,39,42.917
2012,5,322732006,Akron,Mid-American,Miami (OH),Mid-American,Home,2012-09-29T18:00:00.000Z,True,False,49,56,L,101,107,-118.687
2012,6,322802006,Akron,Mid-American,Bowling Green,Mid-American,Home,2012-10-06T18:00:00.000Z,True,False,10,24,L,45,65,-26.347
2012,7,322870195,Akron,Mid-American,Ohio,Mid-American,Away,2012-10-13T18:00:00.000Z,True,False,28,34,L,50,78,-45.147
2012,8,322942006,Akron,Mid-American,Northern Illinois,Mid-American,Home,2012-10-20T16:00:00.000Z,True,False,7,37,L,4,55,12.518
2012,9,323012117,Akron,Mid-American,Central Michigan,Mid-American,Away,2012-10-27T19:30:00.000Z,True,False,14,35,L,74,95,-91.375
2012,10,323082309,Akron,Mid-American,Kent State,Mid-American,Away,2012-11-03T18:00:00.000Z,True,False,24,35,L,27,60,-3.246
2012,11,323152006,Akron,Mid-American,Massachusetts,Mid-American,Home,2012-11-10T19:00:00.000Z,True,False,14,22,L,117,117,-213.673
2012,13,323252649,Akron,Mid-American,Toledo,Mid-American,Away,2012-11-21T00:00:00.000Z,True,False,23,35,L,37,62,-7.102
2012,1,322450333,Alabama,SEC,Michigan,Big Ten,Home,2012-09-02T00:00:00.000Z,True,False,41,14,W,24,27,75.838
2012,1,330070333,Alabama,SEC,Notre Dame,FBS Independents,Home,2013-01-08T01:30:00.000Z,True,False,42,14,W,9,6,145.367
2012,2,322520333,Alabama,SEC,Western Kentucky,Sun Belt,Home,2012-09-08T19:30:00.000Z,True,False,35,0,W,58,70,-33.005
2012,3,322590008,Alabama,SEC,Arkansas,SEC,Away,2012-09-15T19:30:00.000Z,True,False,52,0,W,90,43,38.048
2012,4,322660333,Alabama,SEC,Florida Atlantic,Sun Belt,Home,2012-09-22T21:00:00.000Z,True,False,40,7,W,97,101,-105.289
2012,5,322730333,Alabama,SEC,Ole Miss,SEC,Home,2012-09-30T01:15:00.000Z,True,False,33,14,W,53,25,76.342
2012,7,322870142,Alabama,SEC,Missouri,SEC,Away,2012-10-13T19:30:00.000Z,True,False,42,10,W,84,36,48.968
2012,8,322942633,Alabama,SEC,Tennessee,SEC,Away,2012-10-20T23:00:00.000Z,True,False,44,13,W,60,39,42.917
2012,9,323010333,Alabama,SEC,Mississippi State,SEC,Home,2012-10-28T00:30:00.000Z,True,False,38,7,W,54,46,36.727
2012,10,323080099,Alabama,SEC,LSU,SEC,Away,2012-11-04T00:00:00.000Z,True,False,21,17,W,25,4,156.605
2012,11,323150333,Alabama,SEC,Texas A&M,SEC,Home,2012-11-10T20:30:00.000Z,True,False,24,29,L,3,2,222.711
2012,13,323290333,Alabama,SEC,Auburn,SEC,Home,2012-11-24T20:30:00.000Z,True,False,49,0,W,115,67,-28.451
2012,14,323360061,Alabama,SEC,Georgia,SEC,Away,2012-12-01T21:00:00.000Z,True,False,32,28,W,6,8,140.999
2012,1,322450012,Arizona,Pac-12,Toledo,Mid-American,Home,2012-09-02T02:30:00.000Z,True,False,24,17,W,37,62,-7.102
2012,1,323500012,Arizona,Pac-12,Nevada,Mountain West,Home,2012-12-15T18:00:00.000Z,True,False,49,48,W,51,76,-43.018
2012,2,322520012,Arizona,Pac-12,Oklahoma State,Big 12,Home,2012-09-09T02:30:00.000Z,True,False,59,38,W,23,15,103.430
2012,4,322662483,Arizona,Pac-12,Oregon,Pac-12,Away,2012-09-23T02:30:00.000Z,True,False,0,49,L,2,3,196.403
2012,5,322730012,Arizona,Pac-12,Oregon State,Pac-12,Home,2012-09-30T02:00:00.000Z,True,False,35,38,L,33,12,117.223
2012,6,322800024,Arizona,Pac-12,Stanford,Pac-12,Away,2012-10-06T19:00:00.000Z,True,False,48,54,L,16,10,129.045
2012,8,322940012,Arizona,Pac-12,Washington,Pac-12,Home,2012-10-21T02:00:00.000Z,True,False,52,17,W,73,42,38.617
2012,9,323010012,Arizona,Pac-12,USC,Pac-12,Home,2012-10-27T19:30:00.000Z,True,False,39,36,W,28,21,94.761
2012,10,323080026,Arizona,Pac-12,UCLA,Pac-12,Away,2012-11-04T02:30:00.000Z,True,False,10,66,L,32,23,81.767
2012,11,323150012,Arizona,Pac-12,Colorado,Pac-12,Home,2012-11-10T18:30:00.000Z,True,False,56,31,W,116,103,-108.298
2012,12,323220254,Arizona,Pac-12,Utah,Pac-12,Away,2012-11-18T03:00:00.000Z,True,False,34,24,W,61,51,23.585
2012,13,323280012,Arizona,Pac-12,Arizona State,Pac-12,Home,2012-11-24T03:00:00.000Z,True,False,34,41,L,20,19,97.114
2012,1,323640009,Arizona State,Pac-12,Navy,FBS Independents,Home,2012-12-29T21:00:00.000Z,True,False,62,28,W,83,83,-61.322
2012,2,322520009,Arizona State,Pac-12,Illinois,Big Ten,Home,2012-09-09T02:30:00.000Z,True,False,45,14,W,112,102,-106.656
2012,3,322590142,Arizona State,Pac-12,Missouri,SEC,Away,2012-09-15T23:00:00.000Z,True,False,20,24,L,84,36,48.968
2012,4,322660009,Arizona State,Pac-12,Utah,Pac-12,Home,2012-09-23T02:00:00.000Z,True,False,37,7,W,61,51,23.585
2012,5,322730025,Arizona State,Pac-12,California,Pac-12,Away,2012-09-29T20:00:00.000Z,True,False,27,17,W,100,58,-0.598
2012,7,322850038,Arizona State,Pac-12,Colorado,Pac-12,Away,2012-10-12T01:00:00.000Z,True,False,51,17,W,116,103,-108.298
2012,8,322920009,Arizona State,Pac-12,Oregon,Pac-12,Home,2012-10-19T01:00:00.000Z,True,False,21,43,L,2,3,196.403
2012,9,323010009,Arizona State,Pac-12,UCLA,Pac-12,Home,2012-10-27T19:00:00.000Z,True,False,43,45,L,32,23,81.767
2012,10,323080204,Arizona State,Pac-12,Oregon State,Pac-12,Away,2012-11-04T02:30:00.000Z,True,False,26,36,L,33,12,117.223
2012,11,323150030,Arizona State,Pac-12,USC,Pac-12,Away,2012-11-10T20:00:00.000Z,True,False,17,38,L,28,21,94.761
2012,12,323220009,Arizona State,Pac-12,Washington State,Pac-12,Home,2012-11-17T20:00:00.000Z,True,False,46,7,W,103,75,-41.775
2012,13,323280012,Arizona State,Pac-12,Arizona,Pac-12,Away,2012-11-24T03:00:00.000Z,True,False,41,34,W,68,26,76.143
2012,2,322520008,Arkansas,SEC,UL Monroe,Sun Belt,Home,2012-09-08T23:00:00.000Z,True,False,31,34,L,40,66,-27.565
2012,3,322590008,Arkansas,SEC,Alabama,SEC,Home,2012-09-15T19:30:00.000Z,True,False,0,52,L,1,1,245.635
2012,4,322660008,Arkansas,SEC,Rutgers,Big East,Home,2012-09-22T23:00:00.000Z,True,False,26,35,L,39,45,36.736
2012,5,322730245,Arkansas,SEC,Texas A&M,SEC,Away,2012-09-29T16:21:00.000Z,True,False,10,58,L,3,2,222.711
2012,6,322800002,Arkansas,SEC,Auburn,SEC,Away,2012-10-06T16:00:00.000Z,True,False,24,7,W,115,67,-28.451
2012,7,322870008,Arkansas,SEC,Kentucky,SEC,Home,2012-10-13T23:00:00.000Z,True,False,49,7,W,110,85,-68.327
2012,9,323010008,Arkansas,SEC,Ole Miss,SEC,Home,2012-10-27T16:21:00.000Z,True,False,27,30,L,53,25,76.342
2012,10,323080008,Arkansas,SEC,Tulsa,Conference USA,Home,2012-11-03T16:21:00.000Z,True,False,19,15,W,34,48,35.254
2012,11,323152579,Arkansas,SEC,South Carolina,SEC,Away,2012-11-10T17:00:00.000Z,True,False,20,38,L,11,7,141.309
2012,12,323220344,Arkansas,SEC,Mississippi State,SEC,Away,2012-11-17T17:21:00.000Z,True,False,14,45,L,54,46,36.727
2012,13,323280008,Arkansas,SEC,LSU,SEC,Home,2012-11-23T19:30:00.000Z,True,False,13,20,L,25,4,156.605
2012,1,322452483,Arkansas State,Sun Belt,Oregon,Pac-12,Away,2012-09-02T02:30:00.000Z,True,False,34,57,L,2,3,196.403
2012,1,330062032,Arkansas State,Sun Belt,Kent State,Mid-American,Home,2013-01-07T02:00:00.000Z,True,False,17,13,W,27,60,-3.246
2012,2,322522032,Arkansas State,Sun Belt,Memphis,Conference USA,Home,2012-09-08T23:00:00.000Z,True,False,33,28,W,81,99,-95.391
2012,3,322590158,Arkansas State,Sun Belt,Nebraska,Big Ten,Away,2012-09-15T16:00:00.000Z,True,False,13,42,L,48,24,79.911
2012,5,322732032,Arkansas State,Sun Belt,Western Kentucky,Sun Belt,Home,2012-09-29T23:00:00.000Z,True,False,13,26,L,58,70,-33.005
2012,6,322782229,Arkansas State,Sun Belt,Florida International,Sun Belt,Away,2012-10-04T23:30:00.000Z,True,False,34,20,W,82,98,-95.365
2012,7,322872032,Arkansas State,Sun Belt,South Alabama,Sun Belt,Home,2012-10-13T23:00:00.000Z,True,False,36,29,W,99,114,-145.180
2012,9,322970309,Arkansas State,Sun Belt,Louisiana,Sun Belt,Away,2012-10-24T00:00:00.000Z,True,False,50,27,W,46,61,-3.451
2012,10,323080249,Arkansas State,Sun Belt,North Texas,Sun Belt,Away,2012-11-03T21:00:00.000Z,True,False,37,19,W,94,97,-93.586
2012,11,323132032,Arkansas State,Sun Belt,UL Monroe,Sun Belt,Home,2012-11-09T00:00:00.000Z,True,False,45,23,W,40,66,-27.565
2012,12,323222653,Arkansas State,Sun Belt,Troy,Sun Belt,Away,2012-11-17T20:30:00.000Z,True,False,41,34,W,57,79,-46.047
2012,14,323362032,Arkansas State,Sun Belt,Middle Tennessee,Sun Belt,Home,2012-12-01T20:00:00.000Z,True,False,45,0,W,70,84,-63.898
2012,2,322520021,Army,FBS Independents,San Diego State,Mountain West,Away,2012-09-08T23:30:00.000Z,True,False,7,42,L,26,54,16.330
2012,3,322590349,Army,FBS Independents,Northern Illinois,Mid-American,Home,2012-09-15T16:00:00.000Z,True,False,40,41,L,4,55,12.518
2012,4,322660154,Army,FBS Independents,Wake Forest,ACC,Away,2012-09-22T16:30:00.000Z,True,False,37,49,L,102,86,-68.794
2012,6,322800349,Army,FBS Independents,Boston College,ACC,Home,2012-10-06T16:00:00.000Z,True,False,34,31,W,105,93,-88.616
2012,7,322870349,Army,FBS Independents,Kent State,Mid-American,Home,2012-10-13T16:00:00.000Z,True,False,17,31,L,27,60,-3.246
2012,8,322942199,Army,FBS Independents,Eastern Michigan,Mid-American,Away,2012-10-20T17:00:00.000Z,True,False,38,48,L,107,113,-144.638
2012,9,323010349,Army,FBS Independents,Ball State,Mid-American,Home,2012-10-27T16:00:00.000Z,True,False,22,30,L,56,73,-38.853
2012,10,323080349,Army,FBS Independents,Air Force,Mountain West,Home,2012-11-03T16:00:00.000Z,True,False,41,21,W,72,94,-91.019
2012,11,323150164,Army,FBS Independents,Rutgers,Big East,Away,2012-11-10T17:00:00.000Z,True,False,7,28,L,39,45,36.736
2012,12,323220349,Army,FBS Independents,Temple,Big East,Home,2012-11-17T17:00:00.000Z,True,False,32,63,L,96,92,-88.162
2012,15,323430349,Army,FBS Independents,Navy,FBS Independents,Home,2012-12-08T20:00:00.000Z,True,False,13,17,L,83,83,-61.322
2012,1,322450002,Auburn,SEC,Clemson,ACC,Home,2012-09-01T23:00:00.000Z,True,False,19,26,L,13,16,101.176
2012,2,322520344,Auburn,SEC,Mississippi State,SEC,Away,2012-09-08T16:00:00.000Z,True,False,10,28,L,54,46,36.727
2012,3,322590002,Auburn,SEC,UL Monroe,Sun Belt,Home,2012-09-15T16:21:00.000Z,True,False,31,28,W,40,66,-27.565
2012,4,322660002,Auburn,SEC,LSU,SEC,Home,2012-09-22T23:00:00.000Z,True,False,10,12,L,25,4,156.605
2012,6,322800002,Auburn,SEC,Arkansas,SEC,Home,2012-10-06T16:00:00.000Z,True,False,7,24,L,90,43,38.048
2012,7,322870145,Auburn,SEC,Ole Miss,SEC,Away,2012-10-13T16:21:00.000Z,True,False,20,41,L,53,25,76.342
2012,8,322940238,Auburn,SEC,Vanderbilt,SEC,Away,2012-10-20T16:21:00.000Z,True,False,13,17,L,35,31,62.643
2012,9,323010002,Auburn,SEC,Texas A&M,SEC,Home,2012-10-27T23:00:00.000Z,True,False,21,63,L,3,2,222.711
2012,11,323150002,Auburn,SEC,Georgia,SEC,Home,2012-11-11T00:00:00.000Z,True,False,0,38,L,6,8,140.999
2012,13,323290333,Auburn,SEC,Alabama,SEC,Away,2012-11-24T20:30:00.000Z,True,False,0,49,L,1,1,245.635
2012,1,322430252,BYU,FBS Independents,Washington State,Pac-12,Home,2012-08-31T02:15:00.000Z,True,False,30,6,W,103,75,-41.775
2012,1,323550021,BYU,FBS Independents,San Diego State,Mountain West,Away,2012-12-21T01:00:00.000Z,True,False,23,6,W,26,54,16.330
2012,3,322590254,BYU,FBS Independents,Utah,Pac-12,Away,2012-09-16T02:15:00.000Z,True,False,21,24,L,61,51,23.585
2012,4,322640068,BYU,FBS Independents,Boise State,Mountain West,Away,2012-09-21T01:00:00.000Z,True,False,6,7,L,8,32,62.237
2012,5,322720252,BYU,FBS Independents,Hawai'i,Mountain West,Home,2012-09-29T00:00:00.000Z,True,False,47,0,W,111,112,-142.907
2012,7,322870252,BYU,FBS Independents,Oregon State,Pac-12,Home,2012-10-13T19:30:00.000Z,True,False,24,42,L,33,12,117.223
2012,8,322940087,BYU,FBS Independents,Notre Dame,FBS Independents,Away,2012-10-20T19:30:00.000Z,True,False,14,17,L,9,6,145.367
2012,9,323010059,BYU,FBS Independents,Georgia Tech,ACC,Away,2012-10-27T19:00:00.000Z,True,False,41,17,W,43,37,44.573
2012,1,322432050,Ball State,Mid-American,Eastern Michigan,Mid-American,Home,2012-08-30T23:00:00.000Z,True,False,37,26,W,107,113,-144.638
2012,1,323562116,Ball State,Mid-American,UCF,Conference USA,Away,2012-12-22T00:30:00.000Z,True,False,17,38,L,12,34,55.172
2012,2,322520228,Ball State,Mid-American,Clemson,ACC,Away,2012-09-08T16:30:00.000Z,True,False,27,52,L,13,16,101.176
2012,3,322590084,Ball State,Mid-American,Indiana,Big Ten,Away,2012-09-16T00:00:00.000Z,True,False,41,39,W,80,77,-45.073
2012,4,322662050,Ball State,Mid-American,South Florida,Big East,Home,2012-09-22T20:30:00.000Z,True,False,31,27,W,89,81,-55.703
2012,5,322732309,Ball State,Mid-American,Kent State,Mid-American,Away,2012-09-29T16:00:00.000Z,True,False,43,45,L,27,60,-3.246
2012,6,322802050,Ball State,Mid-American,Northern Illinois,Mid-American,Home,2012-10-06T19:00:00.000Z,True,False,23,35,L,4,55,12.518
2012,7,322872050,Ball State,Mid-American,Western Michigan,Mid-American,Home,2012-10-13T19:00:00.000Z,True,False,30,24,W,77,104,-108.401
2012,8,322942117,Ball State,Mid-American,Central Michigan,Mid-American,Away,2012-10-20T19:30:00.000Z,True,False,41,30,W,74,95,-91.375
2012,9,323010349,Ball State,Mid-American,Army,FBS Independents,Away,2012-10-27T16:00:00.000Z,True,False,30,22,W,98,109,-128.875
2012,11,323112649,Ball State,Mid-American,Toledo,Mid-American,Away,2012-11-07T01:00:00.000Z,True,False,34,27,W,37,62,-7.102
2012,12,323192050,Ball State,Mid-American,Ohio,Mid-American,Home,2012-11-15T01:00:00.000Z,True,False,52,27,W,50,78,-45.147
2012,13,323280193,Ball State,Mid-American,Miami (OH),Mid-American,Away,2012-11-23T18:00:00.000Z,True,False,31,24,W,101,107,-118.687
2012,1,322460239,Baylor,Big 12,SMU,Conference USA,Home,2012-09-02T22:30:00.000Z,True,False,59,24,W,55,52,21.419
2012,1,323620026,Baylor,Big 12,UCLA,Pac-12,Away,2012-12-28T02:45:00.000Z,True,False,49,26,W,32,23,81.767
2012,4,322652433,Baylor,Big 12,UL Monroe,Sun Belt,Away,2012-09-22T00:00:00.000Z,True,False,47,42,W,40,66,-27.565
2012,5,322730277,Baylor,Big 12,West Virginia,Big 12,Away,2012-09-29T16:00:00.000Z,True,False,63,70,L,65,49,28.529
2012,7,322870239,Baylor,Big 12,TCU,Big 12,Home,2012-10-13T23:00:00.000Z,True,False,21,49,L,49,28,73.894
2012,8,322940251,Baylor,Big 12,Texas,Big 12,Away,2012-10-21T00:00:00.000Z,True,False,50,56,L,29,13,104.333
2012,9,323010066,Baylor,Big 12,Iowa State,Big 12,Away,2012-10-27T23:00:00.000Z,True,False,21,35,L,66,47,36.509
2012,10,323080239,Baylor,Big 12,Kansas,Big 12,Home,2012-11-03T19:30:00.000Z,True,False,41,14,W,114,82,-58.595
2012,11,323150201,Baylor,Big 12,Oklahoma,Big 12,Away,2012-11-10T20:30:00.000Z,True,False,34,42,L,22,11,124.835
2012,12,323220239,Baylor,Big 12,Kansas State,Big 12,Home,2012-11-18T01:00:00.000Z,True,False,52,24,W,7,5,156.277
2012,13,323292641,Baylor,Big 12,Texas Tech,Big 12,Away,2012-11-24T19:30:00.000Z,True,False,52,45,W,69,53,20.550
2012,14,323360239,Baylor,Big 12,Oklahoma State,Big 12,Home,2012-12-01T17:00:00.000Z,True,False,41,34,W,23,15,103.430
2012,1,322440127,Boise State,Mountain West,Michigan State,Big Ten,Away,2012-09-01T00:00:00.000Z,True,False,13,17,L,47,35,54.944
2012,1,323570068,Boise State,Mountain West,Washington,Pac-12,Home,2012-12-22T20:30:00.000Z,True,False,28,26,W,73,42,38.617
2012,3,322590068,Boise State,Mountain West,Miami (OH),Mid-American,Home,2012-09-15T20:00:00.000Z,True,False,39,12,W,101,107,-118.687
2012,4,322640068,Boise State,Mountain West,BYU,FBS Independents,Home,2012-09-21T01:00:00.000Z,True,False,7,6,W,18,20,95.616
2012,5,322730167,Boise State,Mountain West,New Mexico,Mountain West,Away,2012-09-29T22:00:00.000Z,True,False,32,29,W,106,111,-139.797
2012,6,322802572,Boise State,Mountain West,Southern Miss,Conference USA,Away,2012-10-06T16:00:00.000Z,True,False,40,14,W,109,115,-150.325
2012,7,322870068,Boise State,Mountain West,Fresno State,Mountain West,Home,2012-10-13T19:30:00.000Z,True,False,20,10,W,15,44,37.320
2012,8,322940068,Boise State,Mountain West,UNLV,Mountain West,Home,2012-10-20T19:30:00.000Z,True,False,32,7,W,91,108,-121.031
2012,9,323012751,Boise State,Mountain West,Wyoming,Mountain West,Away,2012-10-27T19:30:00.000Z,True,False,45,14,W,92,100,-105.054
2012,10,323080068,Boise State,Mountain West,San Diego State,Mountain West,Home,2012-11-04T02:30:00.000Z,True,False,19,21,L,26,54,16.330
2012,11,323150062,Boise State,Mountain West,Hawai'i,Mountain West,Away,2012-11-11T00:00:00.000Z,True,False,49,14,W,111,112,-142.907
2012,12,323220068,Boise State,Mountain West,Colorado State,Mountain West,Home,2012-11-17T20:30:00.000Z,True,False,42,14,W,85,110,-131.823
2012,14,323362440,Boise State,Mountain West,Nevada,Mountain West,Away,2012-12-01T20:30:00.000Z,True,False,27,21,W,51,76,-43.018
2012,1,322450103,Boston College,ACC,Miami,ACC,Home,2012-09-01T19:30:00.000Z,True,False,32,41,L,67,59,-1.598
2012,3,322590077,Boston College,ACC,Northwestern,Big Ten,Away,2012-09-15T19:30:00.000Z,True,False,13,22,L,30,29,73.383
2012,5,322730103,Boston College,ACC,Clemson,ACC,Home,2012-09-29T19:30:00.000Z,True,False,31,45,L,13,16,101.176
2012,6,322800349,Boston College,ACC,Army,FBS Independents,Away,2012-10-06T16:00:00.000Z,True,False,31,34,L,98,109,-128.875
2012,7,322870052,Boston College,ACC,Florida State,ACC,Away,2012-10-13T21:30:00.000Z,True,False,7,51,L,5,18,99.782
2012,8,322940059,Boston College,ACC,Georgia Tech,ACC,Away,2012-10-20T19:00:00.000Z,True,False,17,37,L,43,37,44.573
2012,9,323010103,Boston College,ACC,Maryland,ACC,Home,2012-10-27T17:00:00.000Z,True,False,20,17,W,86,91,-75.986
2012,10,323080154,Boston College,ACC,Wake Forest,ACC,Away,2012-11-03T19:30:00.000Z,True,False,14,28,L,102,86,-68.794
2012,11,323150103,Boston College,ACC,Notre Dame,FBS Independents,Home,2012-11-11T01:00:00.000Z,True,False,6,21,L,9,6,145.367
2012,12,323220103,Boston College,ACC,Virginia Tech,ACC,Home,2012-11-17T17:30:00.000Z,True,False,23,30,L,62,57,1.155
2012,13,323290152,Boston College,ACC,NC State,ACC,Away,2012-11-24T20:00:00.000Z,True,False,10,27,L,59,63,-12.218
2012,1,322450057,Bowling Green,Mid-American,Florida,SEC,Away,2012-09-01T19:30:00.000Z,True,False,14,27,L,19,9,139.257
2012,3,322592649,Bowling Green,Mid-American,Toledo,Mid-American,Away,2012-09-15T23:00:00.000Z,True,False,15,27,L,37,62,-7.102
2012,4,322660259,Bowling Green,Mid-American,Virginia Tech,ACC,Away,2012-09-22T16:00:00.000Z,True,False,0,37,L,62,57,1.155
2012,6,322802006,Bowling Green,Mid-American,Akron,Mid-American,Away,2012-10-06T18:00:00.000Z,True,False,24,10,W,113,116,-163.587
2012,7,322870189,Bowling Green,Mid-American,Miami (OH),Mid-American,Home,2012-10-13T19:30:00.000Z,True,False,37,12,W,101,107,-118.687
2012,8,322940113,Bowling Green,Mid-American,Massachusetts,Mid-American,Away,2012-10-20T16:00:00.000Z,True,False,24,0,W,117,117,-213.673
2012,9,323010189,Bowling Green,Mid-American,Eastern Michigan,Mid-American,Home,2012-10-27T19:30:00.000Z,True,False,24,3,W,107,113,-144.638
2012,11,323120195,Bowling Green,Mid-American,Ohio,Mid-American,Away,2012-11-08T01:00:00.000Z,True,False,26,14,W,50,78,-45.147
2012,12,323220189,Bowling Green,Mid-American,Kent State,Mid-American,Home,2012-11-17T17:00:00.000Z,True,False,24,31,L,27,60,-3.246
2012,13,323280189,Bowling Green,Mid-American,Buffalo,Mid-American,Home,2012-11-23T19:00:00.000Z,True,False,21,7,W,93,96,-92.118
2012,1,322450061,Buffalo,Mid-American,Georgia,SEC,Away,2012-09-01T16:00:00.000Z,True,False,23,45,L,6,8,140.999
2012,4,322632084,Buffalo,Mid-American,Kent State,Mid-American,Home,2012-09-19T23:00:00.000Z,True,False,7,23,L,27,60,-3.246
2012,5,322730041,Buffalo,Mid-American,UConn,Big East,Away,2012-09-29T16:00:00.000Z,True,False,17,24,L,63,80,-48.347
2012,6,322800195,Buffalo,Mid-American,Ohio,Mid-American,Away,2012-10-06T16:00:00.000Z,True,False,31,38,L,50,78,-45.147
2012,7,322872459,Buffalo,Mid-American,Northern Illinois,Mid-American,Away,2012-10-13T19:30:00.000Z,True,False,3,45,L,4,55,12.518
2012,8,322942084,Buffalo,Mid-American,Pittsburgh,Big East,Home,2012-10-20T19:30:00.000Z,True,False,6,20,L,42,38,44.258
2012,9,323012084,Buffalo,Mid-American,Toledo,Mid-American,Home,2012-10-27T19:30:00.000Z,True,False,20,25,L,37,62,-7.102
2012,10,323082084,Buffalo,Mid-American,Miami (OH),Mid-American,Home,2012-11-03T16:00:00.000Z,True,False,27,24,W,101,107,-118.687
2012,11,323152084,Buffalo,Mid-American,Western Michigan,Mid-American,Home,2012-11-10T20:30:00.000Z,True,False,29,24,W,77,104,-108.401
2012,12,323220113,Buffalo,Mid-American,Massachusetts,Mid-American,Away,2012-11-17T20:00:00.000Z,True,False,29,19,W,117,117,-213.673
2012,13,323280189,Buffalo,Mid-American,Bowling Green,Mid-American,Away,2012-11-23T19:00:00.000Z,True,False,7,21,L,45,65,-26.347
2012,1,322450025,California,Pac-12,Nevada,Mountain West,Home,2012-09-01T19:00:00.000Z,True,False,24,31,L,51,76,-43.018
2012,3,322590194,California,Pac-12,Ohio State,Big Ten,Away,2012-09-15T16:00:00.000Z,True,False,28,35,L,10,14,103.539
2012,4,322660030,California,Pac-12,USC,Pac-12,Away,2012-09-22T22:00:00.000Z,True,False,9,27,L,28,21,94.761
2012,5,322730025,California,Pac-12,Arizona State,Pac-12,Home,2012-09-29T20:00:00.000Z,True,False,17,27,L,20,19,97.114
2012,6,322800025,California,Pac-12,UCLA,Pac-12,Home,2012-10-07T02:00:00.000Z,True,False,43,17,W,32,23,81.767
2012,7,322870265,California,Pac-12,Washington State,Pac-12,Away,2012-10-14T02:30:00.000Z,True,False,31,17,W,103,75,-41.775
2012,8,322940025,California,Pac-12,Stanford,Pac-12,Home,2012-10-20T19:00:00.000Z,True,False,3,21,L,16,10,129.045
2012,9,323010254,California,Pac-12,Utah,Pac-12,Away,2012-10-28T01:45:00.000Z,True,False,27,49,L,61,51,23.585
2012,10,323070025,California,Pac-12,Washington,Pac-12,Home,2012-11-03T01:00:00.000Z,True,False,13,21,L,73,42,38.617
2012,11,323150025,California,Pac-12,Oregon,Pac-12,Home,2012-11-11T03:30:00.000Z,True,False,17,59,L,2,3,196.403
2012,12,323220204,California,Pac-12,Oregon State,Pac-12,Away,2012-11-18T03:30:00.000Z,True,False,14,62,L,33,12,117.223
2012,1,323612117,Central Michigan,Mid-American,Western Kentucky,Sun Belt,Home,2012-12-27T00:30:00.000Z,True,False,24,21,W,58,70,-33.005
2012,2,322522117,Central Michigan,Mid-American,Michigan State,Big Ten,Home,2012-09-08T19:30:00.000Z,True,False,7,41,L,47,35,54.944
2012,4,322662294,Central Michigan,Mid-American,Iowa,Big Ten,Away,2012-09-22T16:00:00.000Z,True,False,32,31,W,75,64,-22.817
2012,5,322732459,Central Michigan,Mid-American,Northern Illinois,Mid-American,Away,2012-09-29T19:30:00.000Z,True,False,24,55,L,4,55,12.518
2012,6,322802649,Central Michigan,Mid-American,Toledo,Mid-American,Away,2012-10-06T19:00:00.000Z,True,False,35,50,L,37,62,-7.102
2012,7,322862117,Central Michigan,Mid-American,Navy,FBS Independents,Home,2012-10-13T00:00:00.000Z,True,False,13,31,L,83,83,-61.322
2012,8,322942117,Central Michigan,Mid-American,Ball State,Mid-American,Home,2012-10-20T19:30:00.000Z,True,False,30,41,L,56,73,-38.853
2012,9,323012117,Central Michigan,Mid-American,Akron,Mid-American,Home,2012-10-27T19:30:00.000Z,True,False,35,14,W,113,116,-163.587
2012,10,323082117,Central Michigan,Mid-American,Western Michigan,Mid-American,Home,2012-11-03T17:00:00.000Z,True,False,31,42,L,77,104,-108.401
2012,11,323152199,Central Michigan,Mid-American,Eastern Michigan,Mid-American,Away,2012-11-10T18:00:00.000Z,True,False,34,31,W,107,113,-144.638
2012,12,323222117,Central Michigan,Mid-American,Miami (OH),Mid-American,Home,2012-11-17T18:00:00.000Z,True,False,30,16,W,101,107,-118.687
2012,13,323280113,Central Michigan,Mid-American,Massachusetts,Mid-American,Away,2012-11-23T20:00:00.000Z,True,False,42,21,W,117,117,-213.673
2012,1,323620150,Cincinnati,Big East,Duke,ACC,Away,2012-12-27T23:30:00.000Z,True,False,48,34,W,87,71,-37.419
2012,2,322502132,Cincinnati,Big East,Pittsburgh,Big East,Home,2012-09-07T00:00:00.000Z,True,False,34,10,W,42,38,44.258
2012,5,322732132,Cincinnati,Big East,Virginia Tech,ACC,Home,2012-09-29T19:30:00.000Z,True,False,27,24,W,62,57,1.155
2012,6,322802132,Cincinnati,Big East,Miami (OH),Mid-American,Home,2012-10-06T23:00:00.000Z,True,False,52,14,W,101,107,-118.687
2012,8,322942649,Cincinnati,Big East,Toledo,Mid-American,Away,2012-10-20T23:00:00.000Z,True,False,23,29,L,37,62,-7.102
2012,9,323000097,Cincinnati,Big East,Louisville,Big East,Away,2012-10-27T00:00:00.000Z,True,False,31,34,L,36,41,39.390
2012,10,323082132,Cincinnati,Big East,Syracuse,Big East,Home,2012-11-03T16:00:00.000Z,True,False,35,24,W,44,40,41.851
2012,11,323150218,Cincinnati,Big East,Temple,Big East,Away,2012-11-10T17:00:00.000Z,True,False,34,10,W,96,92,-88.162
2012,12,323222132,Cincinnati,Big East,Rutgers,Big East,Home,2012-11-17T17:00:00.000Z,True,False,3,10,L,39,45,36.736
2012,13,323282132,Cincinnati,Big East,South Florida,Big East,Home,2012-11-24T00:00:00.000Z,True,False,27,10,W,89,81,-55.703
2012,14,323360041,Cincinnati,Big East,UConn,Big East,Away,2012-12-01T20:30:00.000Z,True,False,34,17,W,63,80,-48.347
2012,1,322450002,Clemson,ACC,Auburn,SEC,Away,2012-09-01T23:00:00.000Z,True,False,26,19,W,115,67,-28.451
2012,1,323660228,Clemson,ACC,LSU,SEC,Home,2013-01-01T00:30:00.000Z,True,False,25,24,W,25,4,156.605
2012,2,322520228,Clemson,ACC,Ball State,Mid-American,Home,2012-09-08T16:30:00.000Z,True,False,52,27,W,56,73,-38.853
2012,4,322660052,Clemson,ACC,Florida State,ACC,Away,2012-09-23T00:00:00.000Z,True,False,37,49,L,5,18,99.782
2012,5,322730103,Clemson,ACC,Boston College,ACC,Away,2012-09-29T19:30:00.000Z,True,False,45,31,W,105,93,-88.616
2012,6,322800228,Clemson,ACC,Georgia Tech,ACC,Home,2012-10-06T19:30:00.000Z,True,False,47,31,W,43,37,44.573
2012,8,322940228,Clemson,ACC,Virginia Tech,ACC,Home,2012-10-20T16:00:00.000Z,True,False,38,17,W,62,57,1.155
2012,9,322990154,Clemson,ACC,Wake Forest,ACC,Away,2012-10-25T23:30:00.000Z,True,False,42,13,W,102,86,-68.794
2012,10,323080150,Clemson,ACC,Duke,ACC,Away,2012-11-03T23:00:00.000Z,True,False,56,20,W,87,71,-37.419
2012,11,323150228,Clemson,ACC,Maryland,ACC,Home,2012-11-10T20:30:00.000Z,True,False,45,10,W,86,91,-75.986
2012,12,323220228,Clemson,ACC,NC State,ACC,Home,2012-11-17T20:30:00.000Z,True,False,62,48,W,59,63,-12.218
2012,13,323290228,Clemson,ACC,South Carolina,SEC,Home,2012-11-25T00:00:00.000Z,True,False,17,27,L,11,7,141.309
2012,1,322450038,Colorado,Pac-12,Colorado State,Mountain West,Home,2012-09-01T20:00:00.000Z,True,False,17,22,L,85,110,-131.823
2012,3,322590278,Colorado,Pac-12,Fresno State,Mountain West,Away,2012-09-16T00:00:00.000Z,True,False,14,69,L,15,44,37.320
2012,4,322660265,Colorado,Pac-12,Washington State,Pac-12,Away,2012-09-22T20:00:00.000Z,True,False,35,34,W,103,75,-41.775
2012,5,322730038,Colorado,Pac-12,UCLA,Pac-12,Home,2012-09-29T22:00:00.000Z,True,False,14,42,L,32,23,81.767
2012,7,322850038,Colorado,Pac-12,Arizona State,Pac-12,Home,2012-10-12T01:00:00.000Z,True,False,17,51,L,20,19,97.114
2012,8,322940030,Colorado,Pac-12,USC,Pac-12,Away,2012-10-20T22:00:00.000Z,True,False,6,50,L,28,21,94.761
2012,9,323012483,Colorado,Pac-12,Oregon,Pac-12,Away,2012-10-27T19:00:00.000Z,True,False,14,70,L,2,3,196.403
2012,10,323080038,Colorado,Pac-12,Stanford,Pac-12,Home,2012-11-03T18:00:00.000Z,True,False,0,48,L,16,10,129.045
2012,11,323150012,Colorado,Pac-12,Arizona,Pac-12,Away,2012-11-10T18:30:00.000Z,True,False,31,56,L,68,26,76.143
2012,12,323220038,Colorado,Pac-12,Washington,Pac-12,Home,2012-11-17T18:30:00.000Z,True,False,3,38,L,73,42,38.617
2012,13,323280038,Colorado,Pac-12,Utah,Pac-12,Home,2012-11-23T20:00:00.000Z,True,False,35,42,L,61,51,23.585
2012,1,322450038,Colorado State,Mountain West,Colorado,Pac-12,Away,2012-09-01T20:00:00.000Z,True,False,22,17,W,116,103,-108.298
2012,5,322732005,Colorado State,Mountain West,Air Force,Mountain West,Away,2012-09-29T18:00:00.000Z,True,False,21,42,L,72,94,-91.019
2012,6,322800036,Colorado State,Mountain West,Fresno State,Mountain West,Home,2012-10-06T23:00:00.000Z,True,False,7,28,L,15,44,37.320
2012,7,322870021,Colorado State,Mountain West,San Diego State,Mountain West,Away,2012-10-13T22:30:00.000Z,True,False,14,38,L,26,54,16.330
2012,9,323010036,Colorado State,Mountain West,Hawai'i,Mountain West,Home,2012-10-27T23:00:00.000Z,True,False,42,27,W,111,112,-142.907
2012,10,323082751,Colorado State,Mountain West,Wyoming,Mountain West,Away,2012-11-03T20:30:00.000Z,True,False,31,45,L,92,100,-105.054
2012,11,323150036,Colorado State,Mountain West,UNLV,Mountain West,Home,2012-11-11T00:00:00.000Z,True,False,33,11,W,91,108,-121.031
2012,12,323220068,Colorado State,Mountain West,Boise State,Mountain West,Away,2012-11-17T20:30:00.000Z,True,False,14,42,L,8,32,62.237
2012,13,323290036,Colorado State,Mountain West,New Mexico,Mountain West,Home,2012-11-25T00:00:00.000Z,True,False,24,20,W,106,111,-139.797
2012,1,322450150,Duke,ACC,Florida International,Sun Belt,Home,2012-09-01T23:00:00.000Z,True,False,46,26,W,82,98,-95.365
2012,1,323620150,Duke,ACC,Cincinnati,Big East,Home,2012-12-27T23:30:00.000Z,True,False,34,48,L,17,33,61.855
2012,2,322520024,Duke,ACC,Stanford,Pac-12,Away,2012-09-09T02:30:00.000Z,True,False,13,50,L,16,10,129.045
2012,4,322660150,Duke,ACC,Memphis,Conference USA,Home,2012-09-22T22:00:00.000Z,True,False,38,14,W,81,99,-95.391
2012,5,322730154,Duke,ACC,Wake Forest,ACC,Away,2012-09-29T16:30:00.000Z,True,False,34,27,W,102,86,-68.794
2012,6,322800150,Duke,ACC,Virginia,ACC,Home,2012-10-06T19:00:00.000Z,True,False,42,17,W,88,87,-69.572
2012,7,322870259,Duke,ACC,Virginia Tech,ACC,Away,2012-10-13T16:30:00.000Z,True,False,20,41,L,62,57,1.155
2012,8,322940150,Duke,ACC,North Carolina,ACC,Home,2012-10-20T23:00:00.000Z,True,False,33,30,W,41,56,11.687
2012,9,323010052,Duke,ACC,Florida State,ACC,Away,2012-10-27T19:30:00.000Z,True,False,7,48,L,5,18,99.782
2012,10,323080150,Duke,ACC,Clemson,ACC,Home,2012-11-03T23:00:00.000Z,True,False,20,56,L,13,16,101.176
2012,12,323220059,Duke,ACC,Georgia Tech,ACC,Away,2012-11-17T20:30:00.000Z,True,False,24,42,L,43,37,44.573
2012,13,323290150,Duke,ACC,Miami,ACC,Home,2012-11-24T17:30:00.000Z,True,False,45,52,L,67,59,-1.598
2012,1,323570309,East Carolina,Conference USA,Louisiana,Sun Belt,Away,2012-12-22T17:00:00.000Z,True,False,34,43,L,46,61,-3.451
2012,2,322522579,East Carolina,Conference USA,South Carolina,SEC,Away,2012-09-08T16:21:00.000Z,True,False,10,48,L,11,7,141.309
2012,3,322592572,East Carolina,Conference USA,Southern Miss,Conference USA,Away,2012-09-15T19:30:00.000Z,True,False,24,14,W,109,115,-150.325
2012,4,322660153,East Carolina,Conference USA,North Carolina,ACC,Away,2012-09-22T19:30:00.000Z,True,False,6,27,L,41,56,11.687
2012,5,322730151,East Carolina,Conference USA,UTEP,Conference USA,Home,2012-09-29T23:00:00.000Z,True,False,28,18,W,95,89,-74.197
2012,6,322782116,East Carolina,Conference USA,UCF,Conference USA,Away,2012-10-05T00:00:00.000Z,True,False,20,40,L,12,34,55.172
2012,7,322870151,East Carolina,Conference USA,Memphis,Conference USA,Home,2012-10-13T20:30:00.000Z,True,False,41,7,W,81,99,-95.391
2012,8,322940005,East Carolina,Conference USA,UAB,Conference USA,Away,2012-10-20T23:00:00.000Z,True,False,42,35,W,104,106,-118.397
2012,9,323010151,East Carolina,Conference USA,Navy,FBS Independents,Home,2012-10-27T19:30:00.000Z,True,False,28,56,L,83,83,-61.322
2012,10,323080151,East Carolina,Conference USA,Houston,Conference USA,Home,2012-11-03T16:00:00.000Z,True,False,48,28,W,64,72,-37.687
2012,12,323222655,East Carolina,Conference USA,Tulane,Conference USA,Away,2012-11-17T20:30:00.000Z,True,False,28,23,W,108,105,-109.745
2012,13,323280151,East Carolina,Conference USA,Marshall,Conference USA,Home,2012-11-23T19:00:00.000Z,True,False,65,59,W,76,90,-74.860
2012,1,322432050,Eastern Michigan,Mid-American,Ball State,Mid-American,Away,2012-08-30T23:00:00.000Z,True,False,26,37,L,56,73,-38.853
2012,3,322592509,Eastern Michigan,Mid-American,Purdue,Big Ten,Away,2012-09-15T16:00:00.000Z,True,False,16,54,L,78,69,-31.878
2012,4,322660127,Eastern Michigan,Mid-American,Michigan State,Big Ten,Away,2012-09-22T19:30:00.000Z,True,False,7,23,L,47,35,54.944
2012,6,322802199,Eastern Michigan,Mid-American,Kent State,Mid-American,Home,2012-10-06T17:00:00.000Z,True,False,14,41,L,27,60,-3.246
2012,7,322872199,Eastern Michigan,Mid-American,Toledo,Mid-American,Home,2012-10-13T17:00:00.000Z,True,False,47,52,L,37,62,-7.102
2012,8,322942199,Eastern Michigan,Mid-American,Army,FBS Independents,Home,2012-10-20T17:00:00.000Z,True,False,48,38,W,98,109,-128.875
2012,9,323010189,Eastern Michigan,Mid-American,Bowling Green,Mid-American,Away,2012-10-27T19:30:00.000Z,True,False,3,24,L,45,65,-26.347
2012,10,323060195,Eastern Michigan,Mid-American,Ohio,Mid-American,Away,2012-11-01T22:00:00.000Z,True,False,14,45,L,50,78,-45.147
2012,11,323152199,Eastern Michigan,Mid-American,Central Michigan,Mid-American,Home,2012-11-10T18:00:00.000Z,True,False,31,34,L,74,95,-91.375
2012,12,323222711,Eastern Michigan,Mid-American,Western Michigan,Mid-American,Away,2012-11-17T19:00:00.000Z,True,False,29,23,W,77,104,-108.401
2012,13,323282199,Eastern Michigan,Mid-American,Northern Illinois,Mid-American,Home,2012-11-23T18:00:00.000Z,True,False,7,49,L,4,55,12.518
2012,1,322450057,Florida,SEC,Bowling Green,Mid-American,Home,2012-09-01T19:30:00.000Z,True,False,27,14,W,45,65,-26.347
2012,1,330020057,Florida,SEC,Louisville,Big East,Home,2013-01-03T01:30:00.000Z,True,False,23,33,L,36,41,39.390
2012,2,322520245,Florida,SEC,Texas A&M,SEC,Away,2012-09-08T19:30:00.000Z,True,False,20,17,W,3,2,222.711
2012,3,322592633,Florida,SEC,Tennessee,SEC,Away,2012-09-15T22:00:00.000Z,True,False,37,20,W,60,39,42.917
2012,4,322660057,Florida,SEC,Kentucky,SEC,Home,2012-09-22T16:00:00.000Z,True,False,38,0,W,110,85,-68.327
2012,6,322800057,Florida,SEC,LSU,SEC,Home,2012-10-06T19:30:00.000Z,True,False,14,6,W,25,4,156.605
2012,7,322870238,Florida,SEC,Vanderbilt,SEC,Away,2012-10-13T22:00:00.000Z,True,False,31,17,W,35,31,62.643
2012,8,322940057,Florida,SEC,South Carolina,SEC,Home,2012-10-20T19:30:00.000Z,True,False,44,11,W,11,7,141.309
2012,9,323010061,Florida,SEC,Georgia,SEC,Away,2012-10-27T19:30:00.000Z,True,False,9,17,L,6,8,140.999
2012,10,323080057,Florida,SEC,Missouri,SEC,Home,2012-11-03T16:00:00.000Z,True,False,14,7,W,84,36,48.968
2012,11,323150057,Florida,SEC,Louisiana,Sun Belt,Home,2012-11-10T17:21:00.000Z,True,False,27,20,W,46,61,-3.451
2012,13,323290052,Florida,SEC,Florida State,ACC,Away,2012-11-24T20:30:00.000Z,True,False,37,26,W,5,18,99.782
2012,2,322522393,Florida Atlantic,Sun Belt,Middle Tennessee,Sun Belt,Away,2012-09-08T23:00:00.000Z,True,False,17,31,L,70,84,-63.898
2012,3,322590061,Florida Atlantic,Sun Belt,Georgia,SEC,Away,2012-09-15T23:30:00.000Z,True,False,20,56,L,6,8,140.999
2012,4,322660333,Florida Atlantic,Sun Belt,Alabama,SEC,Away,2012-09-22T21:00:00.000Z,True,False,7,40,L,1,1,245.635
2012,5,322732226,Florida Atlantic,Sun Belt,North Texas,Sun Belt,Home,2012-09-29T21:00:00.000Z,True,False,14,20,L,94,97,-93.586
2012,7,322872433,Florida Atlantic,Sun Belt,UL Monroe,Sun Belt,Away,2012-10-14T00:00:00.000Z,True,False,14,35,L,40,66,-27.565
2012,8,322940006,Florida Atlantic,Sun Belt,South Alabama,Sun Belt,Away,2012-10-20T19:30:00.000Z,True,False,34,37,L,99,114,-145.180
2012,9,323012226,Florida Atlantic,Sun Belt,Troy,Sun Belt,Home,2012-10-27T21:00:00.000Z,True,False,34,27,W,57,79,-46.047
2012,10,323082426,Florida Atlantic,Sun Belt,Navy,FBS Independents,Away,2012-11-03T19:30:00.000Z,True,False,17,24,L,83,83,-61.322
2012,11,323150098,Florida Atlantic,Sun Belt,Western Kentucky,Sun Belt,Away,2012-11-10T18:00:00.000Z,True,False,37,28,W,58,70,-33.005
2012,12,323212226,Florida Atlantic,Sun Belt,Florida International,Sun Belt,Home,2012-11-17T01:00:00.000Z,True,False,24,34,L,82,98,-95.365
2012,14,323362226,Florida Atlantic,Sun Belt,Louisiana,Sun Belt,Home,2012-12-01T20:00:00.000Z,True,False,21,35,L,46,61,-3.451
2012,1,322450150,Florida International,Sun Belt,Duke,ACC,Away,2012-09-01T23:00:00.000Z,True,False,26,46,L,87,71,-37.419
2012,2,322522229,Florida International,Sun Belt,Akron,Mid-American,Home,2012-09-08T22:00:00.000Z,True,False,41,38,W,113,116,-163.587
2012,3,322592116,Florida International,Sun Belt,UCF,Conference USA,Away,2012-09-15T20:00:00.000Z,True,False,20,33,L,12,34,55.172
2012,4,322662229,Florida International,Sun Belt,Louisville,Big East,Home,2012-09-22T23:00:00.000Z,True,False,21,28,L,36,41,39.390
2012,5,322730309,Florida International,Sun Belt,Louisiana,Sun Belt,Away,2012-09-29T23:00:00.000Z,True,False,20,48,L,46,61,-3.451
2012,6,322782229,Florida International,Sun Belt,Arkansas State,Sun Belt,Home,2012-10-04T23:30:00.000Z,True,False,20,34,L,31,50,25.203
2012,7,322872229,Florida International,Sun Belt,Middle Tennessee,Sun Belt,Home,2012-10-13T22:00:00.000Z,True,False,30,34,L,70,84,-63.898
2012,8,322942653,Florida International,Sun Belt,Troy,Sun Belt,Away,2012-10-20T17:00:00.000Z,True,False,37,38,L,57,79,-46.047
2012,9,323012229,Florida International,Sun Belt,Western Kentucky,Sun Belt,Home,2012-10-27T22:00:00.000Z,True,False,6,14,L,58,70,-33.005
2012,10,323080006,Florida International,Sun Belt,South Alabama,Sun Belt,Away,2012-11-03T19:30:00.000Z,True,False,28,20,W,99,114,-145.180
2012,12,323212226,Florida International,Sun Belt,Florida Atlantic,Sun Belt,Away,2012-11-17T01:00:00.000Z,True,False,34,24,W,97,101,-105.289
2012,13,323292229,Florida International,Sun Belt,UL Monroe,Sun Belt,Home,2012-11-24T23:00:00.000Z,True,False,17,23,L,40,66,-27.565
2012,1,330010052,Florida State,ACC,Northern Illinois,Mid-American,Home,2013-01-02T01:50:00.000Z,True,False,31,10,W,4,55,12.518
2012,3,322590052,Florida State,ACC,Wake Forest,ACC,Home,2012-09-15T16:00:00.000Z,True,False,52,0,W,102,86,-68.794
2012,4,322660052,Florida State,ACC,Clemson,ACC,Home,2012-09-23T00:00:00.000Z,True,False,49,37,W,13,16,101.176
2012,5,322730058,Florida State,ACC,South Florida,Big East,Away,2012-09-29T22:00:00.000Z,True,False,30,17,W,89,81,-55.703
2012,6,322800152,Florida State,ACC,NC State,ACC,Away,2012-10-07T00:00:00.000Z,True,False,16,17,L,59,63,-12.218
2012,7,322870052,Florida State,ACC,Boston College,ACC,Home,2012-10-13T21:30:00.000Z,True,False,51,7,W,105,93,-88.616
2012,8,322942390,Florida State,ACC,Miami,ACC,Away,2012-10-21T00:00:00.000Z,True,False,33,20,W,67,59,-1.598
2012,9,323010052,Florida State,ACC,Duke,ACC,Home,2012-10-27T19:30:00.000Z,True,False,48,7,W,87,71,-37.419
2012,11,323130259,Florida State,ACC,Virginia Tech,ACC,Away,2012-11-09T00:30:00.000Z,True,False,28,22,W,62,57,1.155
2012,12,323220120,Florida State,ACC,Maryland,ACC,Away,2012-11-17T17:00:00.000Z,True,False,41,14,W,86,91,-75.986
2012,13,323290052,Florida State,ACC,Florida,SEC,Home,2012-11-24T20:30:00.000Z,True,False,26,37,L,19,9,139.257
2012,14,323360059,Florida State,ACC,Georgia Tech,ACC,Away,2012-12-02T01:00:00.000Z,True,False,21,15,W,43,37,44.573
2012,1,323592567,Fresno State,Mountain West,SMU,Conference USA,Away,2012-12-25T01:00:00.000Z,True,False,10,43,L,55,52,21.419
2012,2,322522483,Fresno State,Mountain West,Oregon,Pac-12,Away,2012-09-08T22:30:00.000Z,True,False,25,42,L,2,3,196.403
2012,3,322590278,Fresno State,Mountain West,Colorado,Pac-12,Home,2012-09-16T00:00:00.000Z,True,False,69,14,W,116,103,-108.298
2012,4,322660202,Fresno State,Mountain West,Tulsa,Conference USA,Away,2012-09-23T00:00:00.000Z,True,False,26,27,L,34,48,35.254
2012,5,322730278,Fresno State,Mountain West,San Diego State,Mountain West,Home,2012-09-30T02:00:00.000Z,True,False,52,40,W,26,54,16.330
2012,6,322800036,Fresno State,Mountain West,Colorado State,Mountain West,Away,2012-10-06T23:00:00.000Z,True,False,28,7,W,85,110,-131.823
2012,7,322870068,Fresno State,Mountain West,Boise State,Mountain West,Away,2012-10-13T19:30:00.000Z,True,False,10,20,L,8,32,62.237
2012,8,322940278,Fresno State,Mountain West,Wyoming,Mountain West,Home,2012-10-21T02:30:00.000Z,True,False,42,14,W,92,100,-105.054
2012,9,323010167,Fresno State,Mountain West,New Mexico,Mountain West,Away,2012-10-27T19:30:00.000Z,True,False,49,32,W,106,111,-139.797
2012,10,323080278,Fresno State,Mountain West,Hawai'i,Mountain West,Home,2012-11-03T23:00:00.000Z,True,False,45,10,W,111,112,-142.907
2012,11,323152440,Fresno State,Mountain West,Nevada,Mountain West,Away,2012-11-11T03:35:00.000Z,True,False,52,36,W,51,76,-43.018
2012,13,323290278,Fresno State,Mountain West,Air Force,Mountain West,Home,2012-11-24T20:30:00.000Z,True,False,48,15,W,72,94,-91.019
2012,1,322450061,Georgia,SEC,Buffalo,Mid-American,Home,2012-09-01T16:00:00.000Z,True,False,45,23,W,93,96,-92.118
2012,1,330010158,Georgia,SEC,Nebraska,Big Ten,Away,2013-01-01T18:00:00.000Z,True,False,45,31,W,48,24,79.911
2012,2,322520142,Georgia,SEC,Missouri,SEC,Away,2012-09-08T23:45:00.000Z,True,False,41,20,W,84,36,48.968
2012,3,322590061,Georgia,SEC,Florida Atlantic,Sun Belt,Home,2012-09-15T23:30:00.000Z,True,False,56,20,W,97,101,-105.289
2012,4,322660061,Georgia,SEC,Vanderbilt,SEC,Home,2012-09-22T23:45:00.000Z,True,False,48,3,W,35,31,62.643
2012,5,322730061,Georgia,SEC,Tennessee,SEC,Home,2012-09-29T19:30:00.000Z,True,False,51,44,W,60,39,42.917
2012,6,322802579,Georgia,SEC,South Carolina,SEC,Away,2012-10-06T23:08:00.000Z,True,False,7,35,L,11,7,141.309
2012,8,322940096,Georgia,SEC,Kentucky,SEC,Away,2012-10-20T23:00:00.000Z,True,False,29,24,W,110,85,-68.327
2012,9,323010061,Georgia,SEC,Florida,SEC,Home,2012-10-27T19:30:00.000Z,True,False,17,9,W,19,9,139.257
2012,10,323080061,Georgia,SEC,Ole Miss,SEC,Home,2012-11-03T19:30:00.000Z,True,False,37,10,W,53,25,76.342
2012,11,323150002,Georgia,SEC,Auburn,SEC,Away,2012-11-11T00:00:00.000Z,True,False,38,0,W,115,67,-28.451
2012,13,323290061,Georgia,SEC,Georgia Tech,ACC,Home,2012-11-24T17:00:00.000Z,True,False,42,10,W,43,37,44.573
2012,14,323360061,Georgia,SEC,Alabama,SEC,Home,2012-12-01T21:00:00.000Z,True,False,28,32,L,1,1,245.635
2012,1,322470259,Georgia Tech,ACC,Virginia Tech,ACC,Away,2012-09-04T00:00:00.000Z,True,False,17,20,L,62,57,1.155
2012,1,323660059,Georgia Tech,ACC,USC,Pac-12,Home,2012-12-31T19:00:00.000Z,True,False,21,7,W,28,21,94.761
2012,3,322590059,Georgia Tech,ACC,Virginia,ACC,Home,2012-09-15T19:30:00.000Z,True,False,56,20,W,88,87,-69.572
2012,4,322660059,Georgia Tech,ACC,Miami,ACC,Home,2012-09-22T19:00:00.000Z,True,False,36,42,L,67,59,-1.598
2012,5,322730059,Georgia Tech,ACC,Middle Tennessee,Sun Belt,Home,2012-09-29T16:00:00.000Z,True,False,28,49,L,70,84,-63.898
2012,6,322800228,Georgia Tech,ACC,Clemson,ACC,Away,2012-10-06T19:30:00.000Z,True,False,31,47,L,13,16,101.176
2012,8,322940059,Georgia Tech,ACC,Boston College,ACC,Home,2012-10-20T19:00:00.000Z,True,False,37,17,W,105,93,-88.616
2012,9,323010059,Georgia Tech,ACC,BYU,FBS Independents,Home,2012-10-27T19:00:00.000Z,True,False,17,41,L,18,20,95.616
2012,10,323080120,Georgia Tech,ACC,Maryland,ACC,Away,2012-11-03T16:30:00.000Z,True,False,33,13,W,86,91,-75.986
2012,11,323150153,Georgia Tech,ACC,North Carolina,ACC,Away,2012-11-10T17:30:00.000Z,True,False,68,50,W,41,56,11.687
2012,12,323220059,Georgia Tech,ACC,Duke,ACC,Home,2012-11-17T20:30:00.000Z,True,False,42,24,W,87,71,-37.419
2012,13,323290061,Georgia Tech,ACC,Georgia,SEC,Away,2012-11-24T17:00:00.000Z,True,False,10,42,L,6,8,140.999
2012,14,323360059,Georgia Tech,ACC,Florida State,ACC,Home,2012-12-02T01:00:00.000Z,True,False,15,21,L,5,18,99.782
2012,1,322450030,Hawai'i,Mountain West,USC,Pac-12,Away,2012-09-01T23:30:00.000Z,True,False,10,49,L,28,21,94.761
2012,4,322660062,Hawai'i,Mountain West,Nevada,Mountain West,Home,2012-09-23T02:30:00.000Z,True,False,24,69,L,51,76,-43.018
2012,5,322720252,Hawai'i,Mountain West,BYU,FBS Independents,Away,2012-09-29T00:00:00.000Z,True,False,0,47,L,18,20,95.616
2012,6,322800021,Hawai'i,Mountain West,San Diego State,Mountain West,Away,2012-10-07T00:00:00.000Z,True,False,14,52,L,26,54,16.330
2012,7,322870062,Hawai'i,Mountain West,New Mexico,Mountain West,Home,2012-10-14T04:00:00.000Z,True,False,23,35,L,106,111,-139.797
2012,9,323010036,Hawai'i,Mountain West,Colorado State,Mountain West,Away,2012-10-27T23:00:00.000Z,True,False,27,42,L,85,110,-131.823
2012,10,323080278,Hawai'i,Mountain West,Fresno State,Mountain West,Away,2012-11-03T23:00:00.000Z,True,False,10,45,L,15,44,37.320
2012,11,323150062,Hawai'i,Mountain West,Boise State,Mountain West,Home,2012-11-11T00:00:00.000Z,True,False,14,49,L,8,32,62.237
2012,12,323212005,Hawai'i,Mountain West,Air Force,Mountain West,Away,2012-11-17T02:30:00.000Z,True,False,7,21,L,72,94,-91.019
2012,13,323290062,Hawai'i,Mountain West,UNLV,Mountain West,Home,2012-11-25T04:00:00.000Z,True,False,48,10,W,91,108,-121.031
2012,14,323360062,Hawai'i,Mountain West,South Alabama,Sun Belt,Home,2012-12-02T04:00:00.000Z,True,False,23,7,W,99,114,-145.180
2012,3,322590026,Houston,Conference USA,UCLA,Pac-12,Away,2012-09-16T02:30:00.000Z,True,False,6,37,L,32,23,81.767
2012,5,322730242,Houston,Conference USA,Rice,Conference USA,Away,2012-09-29T19:30:00.000Z,True,False,35,14,W,52,68,-31.298
2012,6,322800248,Houston,Conference USA,North Texas,Sun Belt,Home,2012-10-06T23:00:00.000Z,True,False,44,21,W,94,97,-93.586
2012,7,322870248,Houston,Conference USA,UAB,Conference USA,Home,2012-10-13T16:00:00.000Z,True,False,39,17,W,104,106,-118.397
2012,8,322922567,Houston,Conference USA,SMU,Conference USA,Away,2012-10-19T00:00:00.000Z,True,False,42,72,L,55,52,21.419
2012,9,323010248,Houston,Conference USA,UTEP,Conference USA,Home,2012-10-27T20:30:00.000Z,True,False,45,35,W,95,89,-74.197
2012,10,323080151,Houston,Conference USA,East Carolina,Conference USA,Away,2012-11-03T16:00:00.000Z,True,False,28,48,L,71,88,-72.237
2012,11,323150248,Houston,Conference USA,Tulsa,Conference USA,Home,2012-11-10T22:00:00.000Z,True,False,7,41,L,34,48,35.254
2012,12,323220276,Houston,Conference USA,Marshall,Conference USA,Away,2012-11-17T17:00:00.000Z,True,False,41,44,L,76,90,-74.860
2012,13,323290248,Houston,Conference USA,Tulane,Conference USA,Home,2012-11-24T20:30:00.000Z,True,False,40,17,W,108,105,-109.745
2012,1,322450356,Illinois,Big Ten,Western Michigan,Mid-American,Home,2012-09-01T16:00:00.000Z,True,False,24,7,W,77,104,-108.401
2012,2,322520009,Illinois,Big Ten,Arizona State,Pac-12,Away,2012-09-09T02:30:00.000Z,True,False,14,45,L,20,19,97.114
2012,5,322730356,Illinois,Big Ten,Penn State,Big Ten,Home,2012-09-29T16:00:00.000Z,True,False,7,35,L,21,30,71.532
2012,6,322800275,Illinois,Big Ten,Wisconsin,Big Ten,Away,2012-10-06T19:30:00.000Z,True,False,14,31,L,14,17,100.234
2012,7,322870130,Illinois,Big Ten,Michigan,Big Ten,Away,2012-10-13T19:30:00.000Z,True,False,0,45,L,24,27,75.838
2012,9,323010356,Illinois,Big Ten,Indiana,Big Ten,Home,2012-10-27T16:00:00.000Z,True,False,17,31,L,80,77,-45.073
2012,10,323080194,Illinois,Big Ten,Ohio State,Big Ten,Away,2012-11-03T19:30:00.000Z,True,False,22,52,L,10,14,103.539
2012,11,323150356,Illinois,Big Ten,Minnesota,Big Ten,Home,2012-11-10T20:30:00.000Z,True,False,3,17,L,79,74,-40.313
2012,12,323220356,Illinois,Big Ten,Purdue,Big Ten,Home,2012-11-17T20:30:00.000Z,True,False,17,20,L,78,69,-31.878
2012,13,323290077,Illinois,Big Ten,Northwestern,Big Ten,Away,2012-11-24T17:00:00.000Z,True,False,14,50,L,30,29,73.383
2012,2,322520113,Indiana,Big Ten,Massachusetts,Mid-American,Away,2012-09-08T19:30:00.000Z,True,False,45,6,W,117,117,-213.673
2012,3,322590084,Indiana,Big Ten,Ball State,Mid-American,Home,2012-09-16T00:00:00.000Z,True,False,39,41,L,56,73,-38.853
2012,5,322730077,Indiana,Big Ten,Northwestern,Big Ten,Away,2012-09-29T16:00:00.000Z,True,False,29,44,L,30,29,73.383
2012,6,322800084,Indiana,Big Ten,Michigan State,Big Ten,Home,2012-10-06T16:00:00.000Z,True,False,27,31,L,47,35,54.944
2012,7,322870084,Indiana,Big Ten,Ohio State,Big Ten,Home,2012-10-14T00:00:00.000Z,True,False,49,52,L,10,14,103.539
2012,8,322942426,Indiana,Big Ten,Navy,FBS Independents,Away,2012-10-20T19:30:00.000Z,True,False,30,31,L,83,83,-61.322
2012,9,323010356,Indiana,Big Ten,Illinois,Big Ten,Away,2012-10-27T16:00:00.000Z,True,False,31,17,W,112,102,-106.656
2012,10,323080084,Indiana,Big Ten,Iowa,Big Ten,Home,2012-11-03T19:30:00.000Z,True,False,24,21,W,75,64,-22.817
2012,11,323150084,Indiana,Big Ten,Wisconsin,Big Ten,Home,2012-11-10T17:00:00.000Z,True,False,14,62,L,14,17,100.234
2012,12,323220213,Indiana,Big Ten,Penn State,Big Ten,Away,2012-11-17T17:00:00.000Z,True,False,22,45,L,21,30,71.532
2012,13,323292509,Indiana,Big Ten,Purdue,Big Ten,Away,2012-11-24T17:00:00.000Z,True,False,35,56,L,78,69,-31.878
2012,1,322452459,Iowa,Big Ten,Northern Illinois,Mid-American,Away,2012-09-01T19:30:00.000Z,True,False,18,17,W,4,55,12.518
2012,2,322522294,Iowa,Big Ten,Iowa State,Big 12,Home,2012-09-08T19:30:00.000Z,True,False,6,9,L,66,47,36.509
2012,4,322662294,Iowa,Big Ten,Central Michigan,Mid-American,Home,2012-09-22T16:00:00.000Z,True,False,31,32,L,74,95,-91.375
2012,5,322732294,Iowa,Big Ten,Minnesota,Big Ten,Home,2012-09-29T16:00:00.000Z,True,False,31,13,W,79,74,-40.313
2012,7,322870127,Iowa,Big Ten,Michigan State,Big Ten,Away,2012-10-13T16:00:00.000Z,True,False,19,16,W,47,35,54.944
2012,8,322942294,Iowa,Big Ten,Penn State,Big Ten,Home,2012-10-21T00:00:00.000Z,True,False,14,38,L,21,30,71.532
2012,9,323010077,Iowa,Big Ten,Northwestern,Big Ten,Away,2012-10-27T16:00:00.000Z,True,False,17,28,L,30,29,73.383
2012,10,323080084,Iowa,Big Ten,Indiana,Big Ten,Away,2012-11-03T19:30:00.000Z,True,False,21,24,L,80,77,-45.073
2012,11,323152294,Iowa,Big Ten,Purdue,Big Ten,Home,2012-11-10T17:00:00.000Z,True,False,24,27,L,78,69,-31.878
2012,12,323220130,Iowa,Big Ten,Michigan,Big Ten,Away,2012-11-17T17:00:00.000Z,True,False,17,42,L,24,27,75.838
2012,13,323282294,Iowa,Big Ten,Nebraska,Big Ten,Home,2012-11-23T17:00:00.000Z,True,False,7,13,L,48,24,79.911
2012,1,322450066,Iowa State,Big 12,Tulsa,Conference USA,Home,2012-09-01T19:30:00.000Z,True,False,38,23,W,34,48,35.254
2012,1,323660202,Iowa State,Big 12,Tulsa,Conference USA,Away,2012-12-31T20:30:00.000Z,True,False,17,31,L,34,48,35.254
2012,2,322522294,Iowa State,Big 12,Iowa,Big Ten,Away,2012-09-08T19:30:00.000Z,True,False,9,6,W,75,64,-22.817
2012,5,322730066,Iowa State,Big 12,Texas Tech,Big 12,Home,2012-09-29T23:00:00.000Z,True,False,13,24,L,69,53,20.550
2012,6,322802628,Iowa State,Big 12,TCU,Big 12,Away,2012-10-06T19:30:00.000Z,True,False,37,23,W,49,28,73.894
2012,7,322870066,Iowa State,Big 12,Kansas State,Big 12,Home,2012-10-13T16:00:00.000Z,True,False,21,27,L,7,5,156.277
2012,8,322940197,Iowa State,Big 12,Oklahoma State,Big 12,Away,2012-10-20T16:00:00.000Z,True,False,10,31,L,23,15,103.430
2012,9,323010066,Iowa State,Big 12,Baylor,Big 12,Home,2012-10-27T23:00:00.000Z,True,False,35,21,W,38,22,91.278
2012,10,323080066,Iowa State,Big 12,Oklahoma,Big 12,Home,2012-11-03T16:00:00.000Z,True,False,20,35,L,22,11,124.835
2012,11,323150251,Iowa State,Big 12,Texas,Big 12,Away,2012-11-10T17:00:00.000Z,True,False,7,33,L,29,13,104.333
2012,12,323222305,Iowa State,Big 12,Kansas,Big 12,Away,2012-11-18T00:00:00.000Z,True,False,51,23,W,114,82,-58.595
2012,13,323280066,Iowa State,Big 12,West Virginia,Big 12,Home,2012-11-23T20:30:00.000Z,True,False,24,31,L,65,49,28.529
2012,2,322522305,Kansas,Big 12,Rice,Conference USA,Home,2012-09-08T19:30:00.000Z,True,False,24,25,L,52,68,-31.298
2012,3,322592305,Kansas,Big 12,TCU,Big 12,Home,2012-09-15T16:00:00.000Z,True,False,6,20,L,49,28,73.894
2012,4,322662459,Kansas,Big 12,Northern Illinois,Mid-American,Away,2012-09-22T19:30:00.000Z,True,False,23,30,L,4,55,12.518
2012,6,322802306,Kansas,Big 12,Kansas State,Big 12,Away,2012-10-06T16:00:00.000Z,True,False,16,56,L,7,5,156.277
2012,7,322872305,Kansas,Big 12,Oklahoma State,Big 12,Home,2012-10-13T19:30:00.000Z,True,False,14,20,L,23,15,103.430
2012,8,322940201,Kansas,Big 12,Oklahoma,Big 12,Away,2012-10-20T23:00:00.000Z,True,False,7,52,L,22,11,124.835
2012,9,323012305,Kansas,Big 12,Texas,Big 12,Home,2012-10-27T16:00:00.000Z,True,False,17,21,L,29,13,104.333
2012,10,323080239,Kansas,Big 12,Baylor,Big 12,Away,2012-11-03T19:30:00.000Z,True,False,14,41,L,38,22,91.278
2012,11,323152641,Kansas,Big 12,Texas Tech,Big 12,Away,2012-11-10T17:00:00.000Z,True,False,34,41,L,69,53,20.550
2012,12,323222305,Kansas,Big 12,Iowa State,Big 12,Home,2012-11-18T00:00:00.000Z,True,False,23,51,L,66,47,36.509
2012,14,323360277,Kansas,Big 12,West Virginia,Big 12,Away,2012-12-01T19:30:00.000Z,True,False,10,59,L,65,49,28.529
2012,1,330032306,Kansas State,Big 12,Oregon,Pac-12,Home,2013-01-04T01:30:00.000Z,True,False,17,35,L,2,3,196.403
2012,2,322522306,Kansas State,Big 12,Miami,ACC,Home,2012-09-08T16:00:00.000Z,True,False,52,13,W,67,59,-1.598
2012,3,322592306,Kansas State,Big 12,North Texas,Sun Belt,Home,2012-09-15T23:00:00.000Z,True,False,35,21,W,94,97,-93.586
2012,4,322660201,Kansas State,Big 12,Oklahoma,Big 12,Away,2012-09-22T23:50:00.000Z,True,False,24,19,W,22,11,124.835
2012,6,322802306,Kansas State,Big 12,Kansas,Big 12,Home,2012-10-06T16:00:00.000Z,True,False,56,16,W,114,82,-58.595
2012,7,322870066,Kansas State,Big 12,Iowa State,Big 12,Away,2012-10-13T16:00:00.000Z,True,False,27,21,W,66,47,36.509
2012,8,322940277,Kansas State,Big 12,West Virginia,Big 12,Away,2012-10-20T23:00:00.000Z,True,False,55,14,W,65,49,28.529
2012,9,323012306,Kansas State,Big 12,Texas Tech,Big 12,Home,2012-10-27T19:30:00.000Z,True,False,55,24,W,69,53,20.550
2012,10,323082306,Kansas State,Big 12,Oklahoma State,Big 12,Home,2012-11-04T00:00:00.000Z,True,False,44,30,W,23,15,103.430
2012,11,323152628,Kansas State,Big 12,TCU,Big 12,Away,2012-11-11T00:00:00.000Z,True,False,23,10,W,49,28,73.894
2012,12,323220239,Kansas State,Big 12,Baylor,Big 12,Away,2012-11-18T01:00:00.000Z,True,False,24,52,L,38,22,91.278
2012,14,323362306,Kansas State,Big 12,Texas,Big 12,Home,2012-12-02T01:00:00.000Z,True,False,42,24,W,29,13,104.333
2012,1,330062032,Kent State,Mid-American,Arkansas State,Sun Belt,Away,2013-01-07T02:00:00.000Z,True,False,13,17,L,31,50,25.203
2012,2,322520096,Kent State,Mid-American,Kentucky,SEC,Away,2012-09-08T23:30:00.000Z,True,False,14,47,L,110,85,-68.327
2012,4,322632084,Kent State,Mid-American,Buffalo,Mid-American,Away,2012-09-19T23:00:00.000Z,True,False,23,7,W,93,96,-92.118
2012,5,322732309,Kent State,Mid-American,Ball State,Mid-American,Home,2012-09-29T16:00:00.000Z,True,False,45,43,W,56,73,-38.853
2012,6,322802199,Kent State,Mid-American,Eastern Michigan,Mid-American,Away,2012-10-06T17:00:00.000Z,True,False,41,14,W,107,113,-144.638
2012,7,322870349,Kent State,Mid-American,Army,FBS Independents,Away,2012-10-13T16:00:00.000Z,True,False,31,17,W,98,109,-128.875
2012,8,322942309,Kent State,Mid-American,Western Michigan,Mid-American,Home,2012-10-20T19:30:00.000Z,True,False,41,24,W,77,104,-108.401
2012,9,323010164,Kent State,Mid-American,Rutgers,Big East,Away,2012-10-27T19:30:00.000Z,True,False,35,23,W,39,45,36.736
2012,10,323082309,Kent State,Mid-American,Akron,Mid-American,Home,2012-11-03T18:00:00.000Z,True,False,35,24,W,113,116,-163.587
2012,11,323150193,Kent State,Mid-American,Miami (OH),Mid-American,Away,2012-11-10T18:00:00.000Z,True,False,48,32,W,101,107,-118.687
2012,12,323220189,Kent State,Mid-American,Bowling Green,Mid-American,Away,2012-11-17T17:00:00.000Z,True,False,31,24,W,45,65,-26.347
2012,13,323282309,Kent State,Mid-American,Ohio,Mid-American,Home,2012-11-23T16:00:00.000Z,True,False,28,6,W,50,78,-45.147
2012,14,323352309,Kent State,Mid-American,Northern Illinois,Mid-American,Home,2012-12-01T00:00:00.000Z,True,False,37,44,L,4,55,12.518
2012,1,322460097,Kentucky,SEC,Louisville,Big East,Away,2012-09-02T19:30:00.000Z,True,False,14,32,L,36,41,39.390
2012,2,322520096,Kentucky,SEC,Kent State,Mid-American,Home,2012-09-08T23:30:00.000Z,True,False,47,14,W,27,60,-3.246
2012,3,322590096,Kentucky,SEC,Western Kentucky,Sun Belt,Home,2012-09-15T23:00:00.000Z,True,False,31,32,L,58,70,-33.005
2012,4,322660057,Kentucky,SEC,Florida,SEC,Away,2012-09-22T16:00:00.000Z,True,False,0,38,L,19,9,139.257
2012,5,322730096,Kentucky,SEC,South Carolina,SEC,Home,2012-09-29T23:00:00.000Z,True,False,17,38,L,11,7,141.309
2012,6,322800096,Kentucky,SEC,Mississippi State,SEC,Home,2012-10-06T16:21:00.000Z,True,False,14,27,L,54,46,36.727
2012,7,322870008,Kentucky,SEC,Arkansas,SEC,Away,2012-10-13T23:00:00.000Z,True,False,7,49,L,90,43,38.048
2012,8,322940096,Kentucky,SEC,Georgia,SEC,Home,2012-10-20T23:00:00.000Z,True,False,24,29,L,6,8,140.999
2012,9,323010142,Kentucky,SEC,Missouri,SEC,Away,2012-10-27T16:00:00.000Z,True,False,10,33,L,84,36,48.968
2012,10,323080096,Kentucky,SEC,Vanderbilt,SEC,Home,2012-11-03T16:00:00.000Z,True,False,0,40,L,35,31,62.643
2012,13,323292633,Kentucky,SEC,Tennessee,SEC,Away,2012-11-24T17:21:00.000Z,True,False,17,37,L,60,39,42.917
2012,1,322450099,LSU,SEC,North Texas,Sun Belt,Home,2012-09-01T23:00:00.000Z,True,False,41,14,W,94,97,-93.586
2012,1,323660228,LSU,SEC,Clemson,ACC,Away,2013-01-01T00:30:00.000Z,True,False,24,25,L,13,16,101.176
2012,2,322520099,LSU,SEC,Washington,Pac-12,Home,2012-09-08T23:00:00.000Z,True,False,41,3,W,73,42,38.617
2012,4,322660002,LSU,SEC,Auburn,SEC,Away,2012-09-22T23:00:00.000Z,True,False,12,10,W,115,67,-28.451
2012,6,322800057,LSU,SEC,Florida,SEC,Away,2012-10-06T19:30:00.000Z,True,False,6,14,L,19,9,139.257
2012,7,322870099,LSU,SEC,South Carolina,SEC,Home,2012-10-14T00:00:00.000Z,True,False,23,21,W,11,7,141.309
2012,8,322940245,LSU,SEC,Texas A&M,SEC,Away,2012-10-20T16:00:00.000Z,True,False,24,19,W,3,2,222.711
2012,10,323080099,LSU,SEC,Alabama,SEC,Home,2012-11-04T00:00:00.000Z,True,False,17,21,L,1,1,245.635
2012,11,323150099,LSU,SEC,Mississippi State,SEC,Home,2012-11-11T00:00:00.000Z,True,False,37,17,W,54,46,36.727
2012,12,323220099,LSU,SEC,Ole Miss,SEC,Home,2012-11-17T20:30:00.000Z,True,False,41,35,W,53,25,76.342
2012,13,323280008,LSU,SEC,Arkansas,SEC,Away,2012-11-23T19:30:00.000Z,True,False,20,13,W,90,43,38.048
2012,1,323570309,Louisiana,Sun Belt,East Carolina,Conference USA,Home,2012-12-22T17:00:00.000Z,True,False,43,34,W,71,88,-72.237
2012,2,322522653,Louisiana,Sun Belt,Troy,Sun Belt,Away,2012-09-08T23:00:00.000Z,True,False,37,24,W,57,79,-46.047
2012,3,322590197,Louisiana,Sun Belt,Oklahoma State,Big 12,Away,2012-09-15T16:00:00.000Z,True,False,24,65,L,23,15,103.430
2012,5,322730309,Louisiana,Sun Belt,Florida International,Sun Belt,Home,2012-09-29T23:00:00.000Z,True,False,48,20,W,82,98,-95.365
2012,6,322800309,Louisiana,Sun Belt,Tulane,Conference USA,Home,2012-10-06T21:00:00.000Z,True,False,41,13,W,108,105,-109.745
2012,8,322900249,Louisiana,Sun Belt,North Texas,Sun Belt,Away,2012-10-17T01:00:00.000Z,True,False,23,30,L,94,97,-93.586
2012,9,322970309,Louisiana,Sun Belt,Arkansas State,Sun Belt,Home,2012-10-24T00:00:00.000Z,True,False,27,50,L,31,50,25.203
2012,10,323082433,Louisiana,Sun Belt,UL Monroe,Sun Belt,Away,2012-11-03T20:00:00.000Z,True,False,40,24,W,40,66,-27.565
2012,11,323150057,Louisiana,Sun Belt,Florida,SEC,Away,2012-11-10T17:21:00.000Z,True,False,20,27,L,19,9,139.257
2012,12,323220309,Louisiana,Sun Belt,Western Kentucky,Sun Belt,Home,2012-11-18T00:00:00.000Z,True,False,31,27,W,58,70,-33.005
2012,13,323290309,Louisiana,Sun Belt,South Alabama,Sun Belt,Home,2012-11-24T22:00:00.000Z,True,False,52,30,W,99,114,-145.180
2012,14,323362226,Louisiana,Sun Belt,Florida Atlantic,Sun Belt,Away,2012-12-01T20:00:00.000Z,True,False,35,21,W,97,101,-105.289
2012,1,322460097,Louisville,Big East,Kentucky,SEC,Home,2012-09-02T19:30:00.000Z,True,False,32,14,W,110,85,-68.327
2012,1,330020057,Louisville,Big East,Florida,SEC,Away,2013-01-03T01:30:00.000Z,True,False,33,23,W,19,9,139.257
2012,3,322590097,Louisville,Big East,North Carolina,ACC,Home,2012-09-15T19:30:00.000Z,True,False,39,34,W,41,56,11.687
2012,4,322662229,Louisville,Big East,Florida International,Sun Belt,Away,2012-09-22T23:00:00.000Z,True,False,28,21,W,82,98,-95.365
2012,5,322732572,Louisville,Big East,Southern Miss,Conference USA,Away,2012-09-30T00:00:00.000Z,True,False,21,17,W,109,115,-150.325
2012,7,322870221,Louisville,Big East,Pittsburgh,Big East,Away,2012-10-13T15:00:00.000Z,True,False,45,35,W,42,38,44.258
2012,8,322940097,Louisville,Big East,South Florida,Big East,Home,2012-10-20T19:30:00.000Z,True,False,27,25,W,89,81,-55.703
2012,9,323000097,Louisville,Big East,Cincinnati,Big East,Home,2012-10-27T00:00:00.000Z,True,False,34,31,W,17,33,61.855
2012,10,323080097,Louisville,Big East,Temple,Big East,Home,2012-11-03T16:00:00.000Z,True,False,45,17,W,96,92,-88.162
2012,11,323150183,Louisville,Big East,Syracuse,Big East,Away,2012-11-10T17:00:00.000Z,True,False,26,45,L,44,40,41.851
2012,13,323290097,Louisville,Big East,UConn,Big East,Home,2012-11-24T17:00:00.000Z,True,False,20,23,L,63,80,-48.347
2012,14,323340164,Louisville,Big East,Rutgers,Big East,Away,2012-11-30T00:30:00.000Z,True,False,20,17,W,39,45,36.736
2012,1,322450277,Marshall,Conference USA,West Virginia,Big 12,Away,2012-09-01T16:00:00.000Z,True,False,34,69,L,65,49,28.529
2012,3,322590276,Marshall,Conference USA,Ohio,Mid-American,Home,2012-09-15T22:30:00.000Z,True,False,24,27,L,50,78,-45.147
2012,4,322660242,Marshall,Conference USA,Rice,Conference USA,Away,2012-09-22T19:30:00.000Z,True,False,54,51,W,52,68,-31.298
2012,5,322732509,Marshall,Conference USA,Purdue,Big Ten,Away,2012-09-29T19:15:00.000Z,True,False,41,51,L,78,69,-31.878
2012,6,322800276,Marshall,Conference USA,Tulsa,Conference USA,Home,2012-10-06T19:30:00.000Z,True,False,38,45,L,34,48,35.254
2012,8,322942572,Marshall,Conference USA,Southern Miss,Conference USA,Away,2012-10-20T23:00:00.000Z,True,False,59,24,W,109,115,-150.325
2012,9,323010276,Marshall,Conference USA,UCF,Conference USA,Home,2012-10-28T00:00:00.000Z,True,False,17,54,L,12,34,55.172
2012,10,323080276,Marshall,Conference USA,Memphis,Conference USA,Home,2012-11-03T18:00:00.000Z,True,False,38,28,W,81,99,-95.391
2012,11,323150005,Marshall,Conference USA,UAB,Conference USA,Away,2012-11-10T21:30:00.000Z,True,False,31,38,L,104,106,-118.397
2012,12,323220276,Marshall,Conference USA,Houston,Conference USA,Home,2012-11-17T17:00:00.000Z,True,False,44,41,W,64,72,-37.687
2012,13,323280151,Marshall,Conference USA,East Carolina,Conference USA,Away,2012-11-23T19:00:00.000Z,True,False,59,65,L,71,88,-72.237
2012,2,322520218,Maryland,ACC,Temple,Big East,Away,2012-09-08T16:00:00.000Z,True,False,36,27,W,96,92,-88.162
2012,3,322590120,Maryland,ACC,UConn,Big East,Home,2012-09-15T16:30:00.000Z,True,False,21,24,L,63,80,-48.347
2012,4,322660277,Maryland,ACC,West Virginia,Big 12,Away,2012-09-22T16:00:00.000Z,True,False,21,31,L,65,49,28.529
2012,6,322800120,Maryland,ACC,Wake Forest,ACC,Home,2012-10-06T19:30:00.000Z,True,False,19,14,W,102,86,-68.794
2012,7,322870258,Maryland,ACC,Virginia,ACC,Away,2012-10-13T19:00:00.000Z,True,False,27,20,W,88,87,-69.572
2012,8,322940120,Maryland,ACC,NC State,ACC,Home,2012-10-20T19:30:00.000Z,True,False,18,20,L,59,63,-12.218
2012,9,323010103,Maryland,ACC,Boston College,ACC,Away,2012-10-27T17:00:00.000Z,True,False,17,20,L,105,93,-88.616
2012,10,323080120,Maryland,ACC,Georgia Tech,ACC,Home,2012-11-03T16:30:00.000Z,True,False,13,33,L,43,37,44.573
2012,11,323150228,Maryland,ACC,Clemson,ACC,Away,2012-11-10T20:30:00.000Z,True,False,10,45,L,13,16,101.176
2012,12,323220120,Maryland,ACC,Florida State,ACC,Home,2012-11-17T17:00:00.000Z,True,False,14,41,L,5,18,99.782
2012,13,323290153,Maryland,ACC,North Carolina,ACC,Away,2012-11-24T20:00:00.000Z,True,False,38,45,L,41,56,11.687
2012,1,322430041,Massachusetts,Mid-American,UConn,Big East,Away,2012-08-30T23:30:00.000Z,True,False,0,37,L,63,80,-48.347
2012,2,322520113,Massachusetts,Mid-American,Indiana,Big Ten,Home,2012-09-08T19:30:00.000Z,True,False,6,45,L,80,77,-45.073
2012,3,322590130,Massachusetts,Mid-American,Michigan,Big Ten,Away,2012-09-15T19:30:00.000Z,True,False,13,63,L,24,27,75.838
2012,4,322660193,Massachusetts,Mid-American,Miami (OH),Mid-American,Away,2012-09-22T16:00:00.000Z,True,False,16,27,L,101,107,-118.687
2012,5,322730113,Massachusetts,Mid-American,Ohio,Mid-American,Home,2012-09-29T19:30:00.000Z,True,False,34,37,L,50,78,-45.147
2012,6,322802711,Massachusetts,Mid-American,Western Michigan,Mid-American,Away,2012-10-06T18:00:00.000Z,True,False,14,52,L,77,104,-108.401
2012,8,322940113,Massachusetts,Mid-American,Bowling Green,Mid-American,Home,2012-10-20T16:00:00.000Z,True,False,0,24,L,45,65,-26.347
2012,9,323010238,Massachusetts,Mid-American,Vanderbilt,SEC,Away,2012-10-27T23:00:00.000Z,True,False,7,49,L,35,31,62.643
2012,10,323082459,Massachusetts,Mid-American,Northern Illinois,Mid-American,Away,2012-11-03T19:30:00.000Z,True,False,0,63,L,4,55,12.518
2012,11,323152006,Massachusetts,Mid-American,Akron,Mid-American,Away,2012-11-10T19:00:00.000Z,True,False,22,14,W,113,116,-163.587
2012,12,323220113,Massachusetts,Mid-American,Buffalo,Mid-American,Home,2012-11-17T20:00:00.000Z,True,False,19,29,L,93,96,-92.118
2012,13,323280113,Massachusetts,Mid-American,Central Michigan,Mid-American,Home,2012-11-23T20:00:00.000Z,True,False,21,42,L,74,95,-91.375
2012,2,322522032,Memphis,Conference USA,Arkansas State,Sun Belt,Away,2012-09-08T23:00:00.000Z,True,False,28,33,L,31,50,25.203
2012,3,322590235,Memphis,Conference USA,Middle Tennessee,Sun Belt,Home,2012-09-15T23:00:00.000Z,True,False,30,48,L,70,84,-63.898
2012,4,322660150,Memphis,Conference USA,Duke,ACC,Away,2012-09-22T22:00:00.000Z,True,False,14,38,L,87,71,-37.419
2012,6,322800235,Memphis,Conference USA,Rice,Conference USA,Home,2012-10-06T23:00:00.000Z,True,False,14,10,W,52,68,-31.298
2012,7,322870151,Memphis,Conference USA,East Carolina,Conference USA,Away,2012-10-13T20:30:00.000Z,True,False,7,41,L,71,88,-72.237
2012,8,322940235,Memphis,Conference USA,UCF,Conference USA,Home,2012-10-21T00:00:00.000Z,True,False,17,35,L,12,34,55.172
2012,9,323012567,Memphis,Conference USA,SMU,Conference USA,Away,2012-10-27T19:00:00.000Z,True,False,13,44,L,55,52,21.419
2012,10,323080276,Memphis,Conference USA,Marshall,Conference USA,Away,2012-11-03T18:00:00.000Z,True,False,28,38,L,76,90,-74.860
2012,11,323150235,Memphis,Conference USA,Tulane,Conference USA,Home,2012-11-11T00:00:00.000Z,True,False,37,23,W,108,105,-109.745
2012,12,323220005,Memphis,Conference USA,UAB,Conference USA,Away,2012-11-17T19:00:00.000Z,True,False,46,9,W,104,106,-118.397
2012,13,323290235,Memphis,Conference USA,Southern Miss,Conference USA,Home,2012-11-24T21:30:00.000Z,True,False,42,24,W,109,115,-150.325
2012,1,322450103,Miami,ACC,Boston College,ACC,Away,2012-09-01T19:30:00.000Z,True,False,41,32,W,105,93,-88.616
2012,2,322522306,Miami,ACC,Kansas State,Big 12,Away,2012-09-08T16:00:00.000Z,True,False,13,52,L,7,5,156.277
2012,4,322660059,Miami,ACC,Georgia Tech,ACC,Away,2012-09-22T19:00:00.000Z,True,False,42,36,W,43,37,44.573
2012,5,322732390,Miami,ACC,NC State,ACC,Home,2012-09-29T16:00:00.000Z,True,False,44,37,W,59,63,-12.218
2012,6,322800087,Miami,ACC,Notre Dame,FBS Independents,Away,2012-10-06T23:30:00.000Z,True,False,3,41,L,9,6,145.367
2012,7,322872390,Miami,ACC,North Carolina,ACC,Home,2012-10-13T18:30:00.000Z,True,False,14,18,L,41,56,11.687
2012,8,322942390,Miami,ACC,Florida State,ACC,Home,2012-10-21T00:00:00.000Z,True,False,20,33,L,5,18,99.782
2012,10,323062390,Miami,ACC,Virginia Tech,ACC,Home,2012-11-01T23:30:00.000Z,True,False,30,12,W,62,57,1.155
2012,11,323150258,Miami,ACC,Virginia,ACC,Away,2012-11-10T17:00:00.000Z,True,False,40,41,L,88,87,-69.572
2012,12,323222390,Miami,ACC,South Florida,Big East,Home,2012-11-17T20:00:00.000Z,True,False,40,9,W,89,81,-55.703
2012,13,323290150,Miami,ACC,Duke,ACC,Away,2012-11-24T17:30:00.000Z,True,False,52,45,W,87,71,-37.419
2012,1,322450194,Miami (OH),Mid-American,Ohio State,Big Ten,Away,2012-09-01T16:00:00.000Z,True,False,10,56,L,10,14,103.539
2012,3,322590068,Miami (OH),Mid-American,Boise State,Mountain West,Away,2012-09-15T20:00:00.000Z,True,False,12,39,L,8,32,62.237
2012,4,322660193,Miami (OH),Mid-American,Massachusetts,Mid-American,Home,2012-09-22T16:00:00.000Z,True,False,27,16,W,117,117,-213.673
2012,5,322732006,Miami (OH),Mid-American,Akron,Mid-American,Away,2012-09-29T18:00:00.000Z,True,False,56,49,W,113,116,-163.587
2012,6,322802132,Miami (OH),Mid-American,Cincinnati,Big East,Away,2012-10-06T23:00:00.000Z,True,False,14,52,L,17,33,61.855
2012,7,322870189,Miami (OH),Mid-American,Bowling Green,Mid-American,Away,2012-10-13T19:30:00.000Z,True,False,12,37,L,45,65,-26.347
2012,9,323010193,Miami (OH),Mid-American,Ohio,Mid-American,Home,2012-10-27T19:30:00.000Z,True,False,23,20,W,50,78,-45.147
2012,10,323082084,Miami (OH),Mid-American,Buffalo,Mid-American,Away,2012-11-03T16:00:00.000Z,True,False,24,27,L,93,96,-92.118
2012,11,323150193,Miami (OH),Mid-American,Kent State,Mid-American,Home,2012-11-10T18:00:00.000Z,True,False,32,48,L,27,60,-3.246
2012,12,323222117,Miami (OH),Mid-American,Central Michigan,Mid-American,Away,2012-11-17T18:00:00.000Z,True,False,16,30,L,74,95,-91.375
2012,13,323280193,Miami (OH),Mid-American,Ball State,Mid-American,Home,2012-11-23T18:00:00.000Z,True,False,24,31,L,56,73,-38.853
2012,1,322450333,Michigan,Big Ten,Alabama,SEC,Away,2012-09-02T00:00:00.000Z,True,False,14,41,L,1,1,245.635
2012,1,330010130,Michigan,Big Ten,South Carolina,SEC,Home,2013-01-01T18:00:00.000Z,True,False,28,33,L,11,7,141.309
2012,2,322520130,Michigan,Big Ten,Air Force,Mountain West,Home,2012-09-08T19:30:00.000Z,True,False,31,25,W,72,94,-91.019
2012,3,322590130,Michigan,Big Ten,Massachusetts,Mid-American,Home,2012-09-15T19:30:00.000Z,True,False,63,13,W,117,117,-213.673
2012,4,322660087,Michigan,Big Ten,Notre Dame,FBS Independents,Away,2012-09-22T23:30:00.000Z,True,False,6,13,L,9,6,145.367
2012,6,322802509,Michigan,Big Ten,Purdue,Big Ten,Away,2012-10-06T20:00:00.000Z,True,False,44,13,W,78,69,-31.878
2012,7,322870130,Michigan,Big Ten,Illinois,Big Ten,Home,2012-10-13T19:30:00.000Z,True,False,45,0,W,112,102,-106.656
2012,8,322940130,Michigan,Big Ten,Michigan State,Big Ten,Home,2012-10-20T19:30:00.000Z,True,False,12,10,W,47,35,54.944
2012,9,323010158,Michigan,Big Ten,Nebraska,Big Ten,Away,2012-10-28T00:00:00.000Z,True,False,9,23,L,48,24,79.911
2012,10,323080135,Michigan,Big Ten,Minnesota,Big Ten,Away,2012-11-03T16:00:00.000Z,True,False,35,13,W,79,74,-40.313
2012,11,323150130,Michigan,Big Ten,Northwestern,Big Ten,Home,2012-11-10T17:00:00.000Z,True,False,38,31,W,30,29,73.383
2012,12,323220130,Michigan,Big Ten,Iowa,Big Ten,Home,2012-11-17T17:00:00.000Z,True,False,42,17,W,75,64,-22.817
2012,13,323290194,Michigan,Big Ten,Ohio State,Big Ten,Away,2012-11-24T17:00:00.000Z,True,False,21,26,L,10,14,103.539
2012,1,322440127,Michigan State,Big Ten,Boise State,Mountain West,Home,2012-09-01T00:00:00.000Z,True,False,17,13,W,8,32,62.237
2012,1,323640127,Michigan State,Big Ten,TCU,Big 12,Home,2012-12-30T03:25:00.000Z,True,False,17,16,W,49,28,73.894
2012,2,322522117,Michigan State,Big Ten,Central Michigan,Mid-American,Away,2012-09-08T19:30:00.000Z,True,False,41,7,W,74,95,-91.375
2012,3,322590127,Michigan State,Big Ten,Notre Dame,FBS Independents,Home,2012-09-16T00:00:00.000Z,True,False,3,20,L,9,6,145.367
2012,4,322660127,Michigan State,Big Ten,Eastern Michigan,Mid-American,Home,2012-09-22T19:30:00.000Z,True,False,23,7,W,107,113,-144.638
2012,5,322730127,Michigan State,Big Ten,Ohio State,Big Ten,Home,2012-09-29T19:30:00.000Z,True,False,16,17,L,10,14,103.539
2012,6,322800084,Michigan State,Big Ten,Indiana,Big Ten,Away,2012-10-06T16:00:00.000Z,True,False,31,27,W,80,77,-45.073
2012,7,322870127,Michigan State,Big Ten,Iowa,Big Ten,Home,2012-10-13T16:00:00.000Z,True,False,16,19,L,75,64,-22.817
2012,8,322940130,Michigan State,Big Ten,Michigan,Big Ten,Away,2012-10-20T19:30:00.000Z,True,False,10,12,L,24,27,75.838
2012,9,323010275,Michigan State,Big Ten,Wisconsin,Big Ten,Away,2012-10-27T19:30:00.000Z,True,False,16,13,W,14,17,100.234
2012,10,323080127,Michigan State,Big Ten,Nebraska,Big Ten,Home,2012-11-03T19:30:00.000Z,True,False,24,28,L,48,24,79.911
2012,12,323220127,Michigan State,Big Ten,Northwestern,Big Ten,Home,2012-11-17T17:00:00.000Z,True,False,20,23,L,30,29,73.383
2012,13,323290135,Michigan State,Big Ten,Minnesota,Big Ten,Away,2012-11-24T20:30:00.000Z,True,False,26,10,W,79,74,-40.313
2012,2,322522393,Middle Tennessee,Sun Belt,Florida Atlantic,Sun Belt,Home,2012-09-08T23:00:00.000Z,True,False,31,17,W,97,101,-105.289
2012,3,322590235,Middle Tennessee,Sun Belt,Memphis,Conference USA,Away,2012-09-15T23:00:00.000Z,True,False,48,30,W,81,99,-95.391
2012,5,322730059,Middle Tennessee,Sun Belt,Georgia Tech,ACC,Away,2012-09-29T16:00:00.000Z,True,False,49,28,W,43,37,44.573
2012,6,322802393,Middle Tennessee,Sun Belt,UL Monroe,Sun Belt,Home,2012-10-06T19:30:00.000Z,True,False,17,31,L,40,66,-27.565
2012,7,322872229,Middle Tennessee,Sun Belt,Florida International,Sun Belt,Away,2012-10-13T22:00:00.000Z,True,False,34,30,W,82,98,-95.365
2012,8,322940344,Middle Tennessee,Sun Belt,Mississippi State,SEC,Away,2012-10-20T23:00:00.000Z,True,False,3,45,L,54,46,36.727
2012,9,323012393,Middle Tennessee,Sun Belt,North Texas,Sun Belt,Home,2012-10-27T19:30:00.000Z,True,False,38,21,W,94,97,-93.586
2012,10,323060098,Middle Tennessee,Sun Belt,Western Kentucky,Sun Belt,Away,2012-11-02T01:15:00.000Z,True,False,34,29,W,58,70,-33.005
2012,12,323220006,Middle Tennessee,Sun Belt,South Alabama,Sun Belt,Away,2012-11-17T20:30:00.000Z,True,False,20,12,W,99,114,-145.180
2012,13,323292393,Middle Tennessee,Sun Belt,Troy,Sun Belt,Home,2012-11-24T20:30:00.000Z,True,False,24,21,W,57,79,-46.047
2012,14,323362032,Middle Tennessee,Sun Belt,Arkansas State,Sun Belt,Away,2012-12-01T20:00:00.000Z,True,False,0,45,L,31,50,25.203
2012,1,322432439,Minnesota,Big Ten,UNLV,Mountain West,Away,2012-08-31T03:00:00.000Z,True,False,30,27,W,91,108,-121.031
2012,1,323632641,Minnesota,Big Ten,Texas Tech,Big 12,Away,2012-12-29T02:00:00.000Z,True,False,31,34,L,69,53,20.550
2012,3,322590135,Minnesota,Big Ten,Western Michigan,Mid-American,Home,2012-09-15T16:00:00.000Z,True,False,28,23,W,77,104,-108.401
2012,4,322660135,Minnesota,Big Ten,Syracuse,Big East,Home,2012-09-23T00:00:00.000Z,True,False,17,10,W,44,40,41.851
2012,5,322732294,Minnesota,Big Ten,Iowa,Big Ten,Away,2012-09-29T16:00:00.000Z,True,False,13,31,L,75,64,-22.817
2012,7,322870135,Minnesota,Big Ten,Northwestern,Big Ten,Home,2012-10-13T16:00:00.000Z,True,False,13,21,L,30,29,73.383
2012,8,322940275,Minnesota,Big Ten,Wisconsin,Big Ten,Away,2012-10-20T16:00:00.000Z,True,False,13,38,L,14,17,100.234
2012,9,323010135,Minnesota,Big Ten,Purdue,Big Ten,Home,2012-10-27T19:30:00.000Z,True,False,44,28,W,78,69,-31.878
2012,10,323080135,Minnesota,Big Ten,Michigan,Big Ten,Home,2012-11-03T16:00:00.000Z,True,False,13,35,L,24,27,75.838
2012,11,323150356,Minnesota,Big Ten,Illinois,Big Ten,Away,2012-11-10T20:30:00.000Z,True,False,17,3,W,112,102,-106.656
2012,12,323220158,Minnesota,Big Ten,Nebraska,Big Ten,Away,2012-11-17T20:30:00.000Z,True,False,14,38,L,48,24,79.911
2012,13,323290135,Minnesota,Big Ten,Michigan State,Big Ten,Home,2012-11-24T20:30:00.000Z,True,False,10,26,L,47,35,54.944
2012,1,330010077,Mississippi State,SEC,Northwestern,Big Ten,Away,2013-01-01T17:00:00.000Z,True,False,20,34,L,30,29,73.383
2012,2,322520344,Mississippi State,SEC,Auburn,SEC,Home,2012-09-08T16:00:00.000Z,True,False,28,10,W,115,67,-28.451
2012,3,322592653,Mississippi State,SEC,Troy,Sun Belt,Away,2012-09-15T23:00:00.000Z,True,False,30,24,W,57,79,-46.047
2012,4,322660344,Mississippi State,SEC,South Alabama,Sun Belt,Home,2012-09-22T23:00:00.000Z,True,False,30,10,W,99,114,-145.180
2012,6,322800096,Mississippi State,SEC,Kentucky,SEC,Away,2012-10-06T16:21:00.000Z,True,False,27,14,W,110,85,-68.327
2012,7,322870344,Mississippi State,SEC,Tennessee,SEC,Home,2012-10-14T01:00:00.000Z,True,False,41,31,W,60,39,42.917
2012,8,322940344,Mississippi State,SEC,Middle Tennessee,Sun Belt,Home,2012-10-20T23:00:00.000Z,True,False,45,3,W,70,84,-63.898
2012,9,323010333,Mississippi State,SEC,Alabama,SEC,Away,2012-10-28T00:30:00.000Z,True,False,7,38,L,1,1,245.635
2012,10,323080344,Mississippi State,SEC,Texas A&M,SEC,Home,2012-11-03T16:00:00.000Z,True,False,13,38,L,3,2,222.711
2012,11,323150099,Mississippi State,SEC,LSU,SEC,Away,2012-11-11T00:00:00.000Z,True,False,17,37,L,25,4,156.605
2012,12,323220344,Mississippi State,SEC,Arkansas,SEC,Home,2012-11-17T17:21:00.000Z,True,False,45,14,W,90,43,38.048
2012,13,323290145,Mississippi State,SEC,Ole Miss,SEC,Away,2012-11-25T00:00:00.000Z,True,False,24,41,L,53,25,76.342
2012,2,322520142,Missouri,SEC,Georgia,SEC,Home,2012-09-08T23:45:00.000Z,True,False,20,41,L,6,8,140.999
2012,3,322590142,Missouri,SEC,Arizona State,Pac-12,Home,2012-09-15T23:00:00.000Z,True,False,24,20,W,20,19,97.114
2012,4,322662579,Missouri,SEC,South Carolina,SEC,Away,2012-09-22T19:30:00.000Z,True,False,10,31,L,11,7,141.309
2012,5,322732116,Missouri,SEC,UCF,Conference USA,Away,2012-09-29T16:00:00.000Z,True,False,21,16,W,12,34,55.172
2012,6,322800142,Missouri,SEC,Vanderbilt,SEC,Home,2012-10-06T23:00:00.000Z,True,False,15,19,L,35,31,62.643
2012,7,322870142,Missouri,SEC,Alabama,SEC,Home,2012-10-13T19:30:00.000Z,True,False,10,42,L,1,1,245.635
2012,9,323010142,Missouri,SEC,Kentucky,SEC,Home,2012-10-27T16:00:00.000Z,True,False,33,10,W,110,85,-68.327
2012,10,323080057,Missouri,SEC,Florida,SEC,Away,2012-11-03T16:00:00.000Z,True,False,7,14,L,19,9,139.257
2012,11,323152633,Missouri,SEC,Tennessee,SEC,Away,2012-11-10T17:21:00.000Z,True,False,51,48,W,60,39,42.917
2012,12,323220142,Missouri,SEC,Syracuse,Big East,Home,2012-11-18T00:00:00.000Z,True,False,27,31,L,44,40,41.851
2012,13,323290245,Missouri,SEC,Texas A&M,SEC,Away,2012-11-25T00:00:00.000Z,True,False,29,59,L,3,2,222.711
2012,1,322442633,NC State,ACC,Tennessee,SEC,Away,2012-08-31T23:30:00.000Z,True,False,21,35,L,60,39,42.917
2012,1,323660238,NC State,ACC,Vanderbilt,SEC,Away,2012-12-31T17:00:00.000Z,True,False,24,38,L,35,31,62.643
2012,2,322520041,NC State,ACC,UConn,Big East,Away,2012-09-08T16:00:00.000Z,True,False,10,7,W,63,80,-48.347
2012,3,322590152,NC State,ACC,South Alabama,Sun Belt,Home,2012-09-15T22:00:00.000Z,True,False,31,7,W,99,114,-145.180
2012,5,322732390,NC State,ACC,Miami,ACC,Away,2012-09-29T16:00:00.000Z,True,False,37,44,L,67,59,-1.598
2012,6,322800152,NC State,ACC,Florida State,ACC,Home,2012-10-07T00:00:00.000Z,True,False,17,16,W,5,18,99.782
2012,8,322940120,NC State,ACC,Maryland,ACC,Away,2012-10-20T19:30:00.000Z,True,False,20,18,W,86,91,-75.986
2012,9,323010153,NC State,ACC,North Carolina,ACC,Away,2012-10-27T16:30:00.000Z,True,False,35,43,L,41,56,11.687
2012,10,323080152,NC State,ACC,Virginia,ACC,Home,2012-11-03T16:30:00.000Z,True,False,6,33,L,88,87,-69.572
2012,11,323150152,NC State,ACC,Wake Forest,ACC,Home,2012-11-10T20:00:00.000Z,True,False,37,6,W,102,86,-68.794
2012,12,323220228,NC State,ACC,Clemson,ACC,Away,2012-11-17T20:30:00.000Z,True,False,48,62,L,13,16,101.176
2012,13,323290152,NC State,ACC,Boston College,ACC,Home,2012-11-24T20:00:00.000Z,True,False,27,10,W,105,93,-88.616
2012,1,322452426,Navy,FBS Independents,Notre Dame,FBS Independents,Home,2012-09-01T13:00:00.000Z,True,False,10,50,L,9,6,145.367
2012,1,323640009,Navy,FBS Independents,Arizona State,Pac-12,Away,2012-12-29T21:00:00.000Z,True,False,28,62,L,20,19,97.114
2012,3,322590213,Navy,FBS Independents,Penn State,Big Ten,Away,2012-09-15T19:30:00.000Z,True,False,7,34,L,21,30,71.532
2012,6,322802005,Navy,FBS Independents,Air Force,Mountain West,Away,2012-10-06T15:30:00.000Z,True,False,28,21,W,72,94,-91.019
2012,7,322862117,Navy,FBS Independents,Central Michigan,Mid-American,Away,2012-10-13T00:00:00.000Z,True,False,31,13,W,74,95,-91.375
2012,8,322942426,Navy,FBS Independents,Indiana,Big Ten,Home,2012-10-20T19:30:00.000Z,True,False,31,30,W,80,77,-45.073
2012,9,323010151,Navy,FBS Independents,East Carolina,Conference USA,Away,2012-10-27T19:30:00.000Z,True,False,56,28,W,71,88,-72.237
2012,10,323082426,Navy,FBS Independents,Florida Atlantic,Sun Belt,Home,2012-11-03T19:30:00.000Z,True,False,24,17,W,97,101,-105.289
2012,11,323152653,Navy,FBS Independents,Troy,Sun Belt,Away,2012-11-10T20:30:00.000Z,True,False,31,41,L,57,79,-46.047
2012,15,323430349,Navy,FBS Independents,Army,FBS Independents,Away,2012-12-08T20:00:00.000Z,True,False,17,13,W,98,109,-128.875
2012,1,322450158,Nebraska,Big Ten,Southern Miss,Conference USA,Home,2012-09-01T19:30:00.000Z,True,False,49,20,W,109,115,-150.325
2012,1,330010158,Nebraska,Big Ten,Georgia,SEC,Home,2013-01-01T18:00:00.000Z,True,False,31,45,L,6,8,140.999
2012,2,322520026,Nebraska,Big Ten,UCLA,Pac-12,Away,2012-09-08T23:50:00.000Z,True,False,30,36,L,32,23,81.767
2012,3,322590158,Nebraska,Big Ten,Arkansas State,Sun Belt,Home,2012-09-15T16:00:00.000Z,True,False,42,13,W,31,50,25.203
2012,5,322730158,Nebraska,Big Ten,Wisconsin,Big Ten,Home,2012-09-30T00:00:00.000Z,True,False,30,27,W,14,17,100.234
2012,6,322800194,Nebraska,Big Ten,Ohio State,Big Ten,Away,2012-10-07T00:00:00.000Z,True,False,38,63,L,10,14,103.539
2012,8,322940077,Nebraska,Big Ten,Northwestern,Big Ten,Away,2012-10-20T19:30:00.000Z,True,False,29,28,W,30,29,73.383
2012,9,323010158,Nebraska,Big Ten,Michigan,Big Ten,Home,2012-10-28T00:00:00.000Z,True,False,23,9,W,24,27,75.838
2012,10,323080127,Nebraska,Big Ten,Michigan State,Big Ten,Away,2012-11-03T19:30:00.000Z,True,False,28,24,W,47,35,54.944
2012,11,323150158,Nebraska,Big Ten,Penn State,Big Ten,Home,2012-11-10T20:30:00.000Z,True,False,32,23,W,21,30,71.532
2012,12,323220158,Nebraska,Big Ten,Minnesota,Big Ten,Home,2012-11-17T20:30:00.000Z,True,False,38,14,W,79,74,-40.313
2012,13,323282294,Nebraska,Big Ten,Iowa,Big Ten,Away,2012-11-23T17:00:00.000Z,True,False,13,7,W,75,64,-22.817
2012,14,323360275,Nebraska,Big Ten,Wisconsin,Big Ten,Away,2012-12-02T01:17:00.000Z,True,False,31,70,L,14,17,100.234
2012,1,322450025,Nevada,Mountain West,California,Pac-12,Away,2012-09-01T19:00:00.000Z,True,False,31,24,W,100,58,-0.598
2012,1,323500012,Nevada,Mountain West,Arizona,Pac-12,Away,2012-12-15T18:00:00.000Z,True,False,48,49,L,68,26,76.143
2012,2,322522440,Nevada,Mountain West,South Florida,Big East,Home,2012-09-08T19:35:00.000Z,True,False,31,32,L,89,81,-55.703
2012,4,322660062,Nevada,Mountain West,Hawai'i,Mountain West,Away,2012-09-23T02:30:00.000Z,True,False,69,24,W,111,112,-142.907
2012,6,322802440,Nevada,Mountain West,Wyoming,Mountain West,Home,2012-10-06T23:05:00.000Z,True,False,35,28,W,92,100,-105.054
2012,7,322872439,Nevada,Mountain West,UNLV,Mountain West,Away,2012-10-13T19:00:00.000Z,True,False,42,37,W,91,108,-121.031
2012,8,322942440,Nevada,Mountain West,San Diego State,Mountain West,Home,2012-10-21T02:35:00.000Z,True,False,38,39,L,26,54,16.330
2012,9,323002005,Nevada,Mountain West,Air Force,Mountain West,Away,2012-10-27T00:00:00.000Z,True,False,31,48,L,72,94,-91.019
2012,11,323152440,Nevada,Mountain West,Fresno State,Mountain West,Home,2012-11-11T03:35:00.000Z,True,False,36,52,L,15,44,37.320
2012,12,323220167,Nevada,Mountain West,New Mexico,Mountain West,Away,2012-11-17T20:30:00.000Z,True,False,31,24,W,106,111,-139.797
2012,14,323362440,Nevada,Mountain West,Boise State,Mountain West,Home,2012-12-01T20:30:00.000Z,True,False,21,27,L,8,32,62.237
2012,2,322520251,New Mexico,Mountain West,Texas,Big 12,Away,2012-09-09T00:00:00.000Z,True,False,0,45,L,29,13,104.333
2012,3,322592641,New Mexico,Mountain West,Texas Tech,Big 12,Away,2012-09-15T23:00:00.000Z,True,False,14,49,L,69,53,20.550
2012,5,322730167,New Mexico,Mountain West,Boise State,Mountain West,Home,2012-09-29T22:00:00.000Z,True,False,29,32,L,8,32,62.237
2012,7,322870062,New Mexico,Mountain West,Hawai'i,Mountain West,Away,2012-10-14T04:00:00.000Z,True,False,35,23,W,111,112,-142.907
2012,8,322942005,New Mexico,Mountain West,Air Force,Mountain West,Away,2012-10-20T23:00:00.000Z,True,False,23,28,L,72,94,-91.019
2012,9,323010167,New Mexico,Mountain West,Fresno State,Mountain West,Home,2012-10-27T19:30:00.000Z,True,False,32,49,L,15,44,37.320
2012,10,323082439,New Mexico,Mountain West,UNLV,Mountain West,Away,2012-11-03T20:00:00.000Z,True,False,7,35,L,91,108,-121.031
2012,11,323150167,New Mexico,Mountain West,Wyoming,Mountain West,Home,2012-11-10T20:30:00.000Z,True,False,23,28,L,92,100,-105.054
2012,12,323220167,New Mexico,Mountain West,Nevada,Mountain West,Home,2012-11-17T20:30:00.000Z,True,False,24,31,L,51,76,-43.018
2012,13,323290036,New Mexico,Mountain West,Colorado State,Mountain West,Away,2012-11-25T00:00:00.000Z,True,False,20,24,L,85,110,-131.823
2012,2,322520154,North Carolina,ACC,Wake Forest,ACC,Away,2012-09-08T20:00:00.000Z,True,False,27,28,L,102,86,-68.794
2012,3,322590097,North Carolina,ACC,Louisville,Big East,Away,2012-09-15T19:30:00.000Z,True,False,34,39,L,36,41,39.390
2012,4,322660153,North Carolina,ACC,East Carolina,Conference USA,Home,2012-09-22T19:30:00.000Z,True,False,27,6,W,71,88,-72.237
2012,6,322800153,North Carolina,ACC,Virginia Tech,ACC,Home,2012-10-06T16:30:00.000Z,True,False,48,34,W,62,57,1.155
2012,7,322872390,North Carolina,ACC,Miami,ACC,Away,2012-10-13T18:30:00.000Z,True,False,18,14,W,67,59,-1.598
2012,8,322940150,North Carolina,ACC,Duke,ACC,Away,2012-10-20T23:00:00.000Z,True,False,30,33,L,87,71,-37.419
2012,9,323010153,North Carolina,ACC,NC State,ACC,Home,2012-10-27T16:30:00.000Z,True,False,43,35,W,59,63,-12.218
2012,11,323150153,North Carolina,ACC,Georgia Tech,ACC,Home,2012-11-10T17:30:00.000Z,True,False,50,68,L,43,37,44.573
2012,12,323200258,North Carolina,ACC,Virginia,ACC,Away,2012-11-16T00:30:00.000Z,True,False,37,13,W,88,87,-69.572
2012,13,323290153,North Carolina,ACC,Maryland,ACC,Home,2012-11-24T20:00:00.000Z,True,False,45,38,W,86,91,-75.986
2012,1,322450099,North Texas,Sun Belt,LSU,SEC,Away,2012-09-01T23:00:00.000Z,True,False,14,41,L,25,4,156.605
2012,3,322592306,North Texas,Sun Belt,Kansas State,Big 12,Away,2012-09-15T23:00:00.000Z,True,False,21,35,L,7,5,156.277
2012,4,322660249,North Texas,Sun Belt,Troy,Sun Belt,Home,2012-09-22T23:00:00.000Z,True,False,7,14,L,57,79,-46.047
2012,5,322732226,North Texas,Sun Belt,Florida Atlantic,Sun Belt,Away,2012-09-29T21:00:00.000Z,True,False,20,14,W,97,101,-105.289
2012,6,322800248,North Texas,Sun Belt,Houston,Conference USA,Away,2012-10-06T23:00:00.000Z,True,False,21,44,L,64,72,-37.687
2012,8,322900249,North Texas,Sun Belt,Louisiana,Sun Belt,Home,2012-10-17T01:00:00.000Z,True,False,30,23,W,46,61,-3.451
2012,9,323012393,North Texas,Sun Belt,Middle Tennessee,Sun Belt,Away,2012-10-27T19:30:00.000Z,True,False,21,38,L,70,84,-63.898
2012,10,323080249,North Texas,Sun Belt,Arkansas State,Sun Belt,Home,2012-11-03T21:00:00.000Z,True,False,19,37,L,31,50,25.203
2012,11,323150249,North Texas,Sun Belt,South Alabama,Sun Belt,Home,2012-11-10T22:00:00.000Z,True,False,24,14,W,99,114,-145.180
2012,12,323222433,North Texas,Sun Belt,UL Monroe,Sun Belt,Away,2012-11-17T21:00:00.000Z,True,False,16,42,L,40,66,-27.565
2012,13,323290098,North Texas,Sun Belt,Western Kentucky,Sun Belt,Away,2012-11-24T18:00:00.000Z,True,False,24,25,L,58,70,-33.005
2012,1,322452459,Northern Illinois,Mid-American,Iowa,Big Ten,Home,2012-09-01T19:30:00.000Z,True,False,17,18,L,75,64,-22.817
2012,1,330010052,Northern Illinois,Mid-American,Florida State,ACC,Away,2013-01-02T01:50:00.000Z,True,False,10,31,L,5,18,99.782
2012,3,322590349,Northern Illinois,Mid-American,Army,FBS Independents,Away,2012-09-15T16:00:00.000Z,True,False,41,40,W,98,109,-128.875
2012,4,322662459,Northern Illinois,Mid-American,Kansas,Big 12,Home,2012-09-22T19:30:00.000Z,True,False,30,23,W,114,82,-58.595
2012,5,322732459,Northern Illinois,Mid-American,Central Michigan,Mid-American,Home,2012-09-29T19:30:00.000Z,True,False,55,24,W,74,95,-91.375
2012,6,322802050,Northern Illinois,Mid-American,Ball State,Mid-American,Away,2012-10-06T19:00:00.000Z,True,False,35,23,W,56,73,-38.853
2012,7,322872459,Northern Illinois,Mid-American,Buffalo,Mid-American,Home,2012-10-13T19:30:00.000Z,True,False,45,3,W,93,96,-92.118
2012,8,322942006,Northern Illinois,Mid-American,Akron,Mid-American,Away,2012-10-20T16:00:00.000Z,True,False,37,7,W,113,116,-163.587
2012,9,323012711,Northern Illinois,Mid-American,Western Michigan,Mid-American,Away,2012-10-27T16:00:00.000Z,True,False,48,34,W,77,104,-108.401
2012,10,323082459,Northern Illinois,Mid-American,Massachusetts,Mid-American,Home,2012-11-03T19:30:00.000Z,True,False,63,0,W,117,117,-213.673
2012,12,323192459,Northern Illinois,Mid-American,Toledo,Mid-American,Home,2012-11-15T02:00:00.000Z,True,False,31,24,W,37,62,-7.102
2012,13,323282199,Northern Illinois,Mid-American,Eastern Michigan,Mid-American,Away,2012-11-23T18:00:00.000Z,True,False,49,7,W,107,113,-144.638
2012,14,323352309,Northern Illinois,Mid-American,Kent State,Mid-American,Away,2012-12-01T00:00:00.000Z,True,False,44,37,W,27,60,-3.246
2012,1,322450183,Northwestern,Big Ten,Syracuse,Big East,Away,2012-09-01T16:00:00.000Z,True,False,42,41,W,44,40,41.851
2012,1,330010077,Northwestern,Big Ten,Mississippi State,SEC,Home,2013-01-01T17:00:00.000Z,True,False,34,20,W,54,46,36.727
2012,2,322520077,Northwestern,Big Ten,Vanderbilt,SEC,Home,2012-09-09T00:00:00.000Z,True,False,23,13,W,35,31,62.643
2012,3,322590077,Northwestern,Big Ten,Boston College,ACC,Home,2012-09-15T19:30:00.000Z,True,False,22,13,W,105,93,-88.616
2012,5,322730077,Northwestern,Big Ten,Indiana,Big Ten,Home,2012-09-29T16:00:00.000Z,True,False,44,29,W,80,77,-45.073
2012,6,322800213,Northwestern,Big Ten,Penn State,Big Ten,Away,2012-10-06T16:00:00.000Z,True,False,28,39,L,21,30,71.532
2012,7,322870135,Northwestern,Big Ten,Minnesota,Big Ten,Away,2012-10-13T16:00:00.000Z,True,False,21,13,W,79,74,-40.313
2012,8,322940077,Northwestern,Big Ten,Nebraska,Big Ten,Home,2012-10-20T19:30:00.000Z,True,False,28,29,L,48,24,79.911
2012,9,323010077,Northwestern,Big Ten,Iowa,Big Ten,Home,2012-10-27T16:00:00.000Z,True,False,28,17,W,75,64,-22.817
2012,11,323150130,Northwestern,Big Ten,Michigan,Big Ten,Away,2012-11-10T17:00:00.000Z,True,False,31,38,L,24,27,75.838
2012,12,323220127,Northwestern,Big Ten,Michigan State,Big Ten,Away,2012-11-17T17:00:00.000Z,True,False,23,20,W,47,35,54.944
2012,13,323290077,Northwestern,Big Ten,Illinois,Big Ten,Home,2012-11-24T17:00:00.000Z,True,False,50,14,W,112,102,-106.656
2012,1,322452426,Notre Dame,FBS Independents,Navy,FBS Independents,Away,2012-09-01T13:00:00.000Z,True,False,50,10,W,83,83,-61.322
2012,1,330070333,Notre Dame,FBS Independents,Alabama,SEC,Away,2013-01-08T01:30:00.000Z,True,False,14,42,L,1,1,245.635
2012,2,322520087,Notre Dame,FBS Independents,Purdue,Big Ten,Home,2012-09-08T19:30:00.000Z,True,False,20,17,W,78,69,-31.878
2012,3,322590127,Notre Dame,FBS Independents,Michigan State,Big Ten,Away,2012-09-16T00:00:00.000Z,True,False,20,3,W,47,35,54.944
2012,4,322660087,Notre Dame,FBS Independents,Michigan,Big Ten,Home,2012-09-22T23:30:00.000Z,True,False,13,6,W,24,27,75.838
2012,6,322800087,Notre Dame,FBS Independents,Miami,ACC,Home,2012-10-06T23:30:00.000Z,True,False,41,3,W,67,59,-1.598
2012,7,322870087,Notre Dame,FBS Independents,Stanford,Pac-12,Home,2012-10-13T19:30:00.000Z,True,False,20,13,W,16,10,129.045
2012,8,322940087,Notre Dame,FBS Independents,BYU,FBS Independents,Home,2012-10-20T19:30:00.000Z,True,False,17,14,W,18,20,95.616
2012,9,323010201,Notre Dame,FBS Independents,Oklahoma,Big 12,Away,2012-10-28T00:00:00.000Z,True,False,30,13,W,22,11,124.835
2012,10,323080087,Notre Dame,FBS Independents,Pittsburgh,Big East,Home,2012-11-03T19:30:00.000Z,True,False,29,26,W,42,38,44.258
2012,11,323150103,Notre Dame,FBS Independents,Boston College,ACC,Away,2012-11-11T01:00:00.000Z,True,False,21,6,W,105,93,-88.616
2012,12,323220087,Notre Dame,FBS Independents,Wake Forest,ACC,Home,2012-11-17T20:30:00.000Z,True,False,38,0,W,102,86,-68.794
2012,13,323290030,Notre Dame,FBS Independents,USC,Pac-12,Away,2012-11-25T01:00:00.000Z,True,False,22,13,W,28,21,94.761
2012,1,322450213,Ohio,Mid-American,Penn State,Big Ten,Away,2012-09-01T16:00:00.000Z,True,False,24,14,W,21,30,71.532
2012,1,323632433,Ohio,Mid-American,UL Monroe,Sun Belt,Away,2012-12-28T19:00:00.000Z,True,False,45,14,W,40,66,-27.565
2012,3,322590276,Ohio,Mid-American,Marshall,Conference USA,Away,2012-09-15T22:30:00.000Z,True,False,27,24,W,76,90,-74.860
2012,5,322730113,Ohio,Mid-American,Massachusetts,Mid-American,Away,2012-09-29T19:30:00.000Z,True,False,37,34,W,117,117,-213.673
2012,6,322800195,Ohio,Mid-American,Buffalo,Mid-American,Home,2012-10-06T16:00:00.000Z,True,False,38,31,W,93,96,-92.118
2012,7,322870195,Ohio,Mid-American,Akron,Mid-American,Home,2012-10-13T18:00:00.000Z,True,False,34,28,W,113,116,-163.587
2012,9,323010193,Ohio,Mid-American,Miami (OH),Mid-American,Away,2012-10-27T19:30:00.000Z,True,False,20,23,L,101,107,-118.687
2012,10,323060195,Ohio,Mid-American,Eastern Michigan,Mid-American,Home,2012-11-01T22:00:00.000Z,True,False,45,14,W,107,113,-144.638
2012,11,323120195,Ohio,Mid-American,Bowling Green,Mid-American,Home,2012-11-08T01:00:00.000Z,True,False,14,26,L,45,65,-26.347
2012,12,323192050,Ohio,Mid-American,Ball State,Mid-American,Away,2012-11-15T01:00:00.000Z,True,False,27,52,L,56,73,-38.853
2012,13,323282309,Ohio,Mid-American,Kent State,Mid-American,Away,2012-11-23T16:00:00.000Z,True,False,6,28,L,27,60,-3.246
2012,1,322450194,Ohio State,Big Ten,Miami (OH),Mid-American,Home,2012-09-01T16:00:00.000Z,True,False,56,10,W,101,107,-118.687
2012,2,322520194,Ohio State,Big Ten,UCF,Conference USA,Home,2012-09-08T16:00:00.000Z,True,False,31,16,W,12,34,55.172
2012,3,322590194,Ohio State,Big Ten,California,Pac-12,Home,2012-09-15T16:00:00.000Z,True,False,35,28,W,100,58,-0.598
2012,4,322660194,Ohio State,Big Ten,UAB,Conference USA,Home,2012-09-22T16:00:00.000Z,True,False,29,15,W,104,106,-118.397
2012,5,322730127,Ohio State,Big Ten,Michigan State,Big Ten,Away,2012-09-29T19:30:00.000Z,True,False,17,16,W,47,35,54.944
2012,6,322800194,Ohio State,Big Ten,Nebraska,Big Ten,Home,2012-10-07T00:00:00.000Z,True,False,63,38,W,48,24,79.911
2012,7,322870084,Ohio State,Big Ten,Indiana,Big Ten,Away,2012-10-14T00:00:00.000Z,True,False,52,49,W,80,77,-45.073
2012,8,322940194,Ohio State,Big Ten,Purdue,Big Ten,Home,2012-10-20T16:00:00.000Z,True,False,29,22,W,78,69,-31.878
2012,9,323010213,Ohio State,Big Ten,Penn State,Big Ten,Away,2012-10-27T21:30:00.000Z,True,False,35,23,W,21,30,71.532
2012,10,323080194,Ohio State,Big Ten,Illinois,Big Ten,Home,2012-11-03T19:30:00.000Z,True,False,52,22,W,112,102,-106.656
2012,12,323220275,Ohio State,Big Ten,Wisconsin,Big Ten,Away,2012-11-17T20:30:00.000Z,True,False,21,14,W,14,17,100.234
2012,13,323290194,Ohio State,Big Ten,Michigan,Big Ten,Home,2012-11-24T17:00:00.000Z,True,False,26,21,W,24,27,75.838
2012,1,322452638,Oklahoma,Big 12,UTEP,Conference USA,Away,2012-09-02T02:30:00.000Z,True,False,24,7,W,95,89,-74.197
2012,1,330040201,Oklahoma,Big 12,Texas A&M,SEC,Home,2013-01-05T01:00:00.000Z,True,False,13,41,L,3,2,222.711
2012,4,322660201,Oklahoma,Big 12,Kansas State,Big 12,Home,2012-09-22T23:50:00.000Z,True,False,19,24,L,7,5,156.277
2012,6,322802641,Oklahoma,Big 12,Texas Tech,Big 12,Away,2012-10-06T19:30:00.000Z,True,False,41,20,W,69,53,20.550
2012,7,322870201,Oklahoma,Big 12,Texas,Big 12,Home,2012-10-13T16:00:00.000Z,True,False,63,21,W,29,13,104.333
2012,8,322940201,Oklahoma,Big 12,Kansas,Big 12,Home,2012-10-20T23:00:00.000Z,True,False,52,7,W,114,82,-58.595
2012,9,323010201,Oklahoma,Big 12,Notre Dame,FBS Independents,Home,2012-10-28T00:00:00.000Z,True,False,13,30,L,9,6,145.367
2012,10,323080066,Oklahoma,Big 12,Iowa State,Big 12,Away,2012-11-03T16:00:00.000Z,True,False,35,20,W,66,47,36.509
2012,11,323150201,Oklahoma,Big 12,Baylor,Big 12,Home,2012-11-10T20:30:00.000Z,True,False,42,34,W,38,22,91.278
2012,12,323220277,Oklahoma,Big 12,West Virginia,Big 12,Away,2012-11-18T00:00:00.000Z,True,False,50,49,W,65,49,28.529
2012,13,323290201,Oklahoma,Big 12,Oklahoma State,Big 12,Home,2012-11-24T20:30:00.000Z,True,False,51,48,W,23,15,103.430
2012,14,323362628,Oklahoma,Big 12,TCU,Big 12,Away,2012-12-01T17:00:00.000Z,True,False,24,17,W,49,28,73.894
2012,1,330010197,Oklahoma State,Big 12,Purdue,Big Ten,Home,2013-01-01T17:00:00.000Z,True,False,58,14,W,78,69,-31.878
2012,2,322520012,Oklahoma State,Big 12,Arizona,Pac-12,Away,2012-09-09T02:30:00.000Z,True,False,38,59,L,68,26,76.143
2012,3,322590197,Oklahoma State,Big 12,Louisiana,Sun Belt,Home,2012-09-15T16:00:00.000Z,True,False,65,24,W,46,61,-3.451
2012,5,322730197,Oklahoma State,Big 12,Texas,Big 12,Home,2012-09-29T23:50:00.000Z,True,False,36,41,L,29,13,104.333
2012,7,322872305,Oklahoma State,Big 12,Kansas,Big 12,Away,2012-10-13T19:30:00.000Z,True,False,20,14,W,114,82,-58.595
2012,8,322940197,Oklahoma State,Big 12,Iowa State,Big 12,Home,2012-10-20T16:00:00.000Z,True,False,31,10,W,66,47,36.509
2012,9,323010197,Oklahoma State,Big 12,TCU,Big 12,Home,2012-10-27T19:30:00.000Z,True,False,36,14,W,49,28,73.894
2012,10,323082306,Oklahoma State,Big 12,Kansas State,Big 12,Away,2012-11-04T00:00:00.000Z,True,False,30,44,L,7,5,156.277
2012,11,323150197,Oklahoma State,Big 12,West Virginia,Big 12,Home,2012-11-10T20:30:00.000Z,True,False,55,34,W,65,49,28.529
2012,12,323220197,Oklahoma State,Big 12,Texas Tech,Big 12,Home,2012-11-17T20:30:00.000Z,True,False,59,21,W,69,53,20.550
2012,13,323290201,Oklahoma State,Big 12,Oklahoma,Big 12,Away,2012-11-24T20:30:00.000Z,True,False,48,51,L,22,11,124.835
2012,14,323360239,Oklahoma State,Big 12,Baylor,Big 12,Away,2012-12-01T17:00:00.000Z,True,False,34,41,L,38,22,91.278
2012,1,330050145,Ole Miss,SEC,Pittsburgh,Big East,Home,2013-01-05T18:00:00.000Z,True,False,38,17,W,42,38,44.258
2012,2,322520145,Ole Miss,SEC,UTEP,Conference USA,Home,2012-09-08T23:00:00.000Z,True,False,28,10,W,95,89,-74.197
2012,3,322590145,Ole Miss,SEC,Texas,Big 12,Home,2012-09-16T01:26:00.000Z,True,False,31,66,L,29,13,104.333
2012,4,322662655,Ole Miss,SEC,Tulane,Conference USA,Away,2012-09-22T16:00:00.000Z,True,False,39,0,W,108,105,-109.745
2012,5,322730333,Ole Miss,SEC,Alabama,SEC,Away,2012-09-30T01:15:00.000Z,True,False,14,33,L,1,1,245.635
2012,6,322800145,Ole Miss,SEC,Texas A&M,SEC,Home,2012-10-06T23:00:00.000Z,True,False,27,30,L,3,2,222.711
2012,7,322870145,Ole Miss,SEC,Auburn,SEC,Home,2012-10-13T16:21:00.000Z,True,False,41,20,W,115,67,-28.451
2012,9,323010008,Ole Miss,SEC,Arkansas,SEC,Away,2012-10-27T16:21:00.000Z,True,False,30,27,W,90,43,38.048
2012,10,323080061,Ole Miss,SEC,Georgia,SEC,Away,2012-11-03T19:30:00.000Z,True,False,10,37,L,6,8,140.999
2012,11,323150145,Ole Miss,SEC,Vanderbilt,SEC,Home,2012-11-11T00:00:00.000Z,True,False,26,27,L,35,31,62.643
2012,12,323220099,Ole Miss,SEC,LSU,SEC,Away,2012-11-17T20:30:00.000Z,True,False,35,41,L,25,4,156.605
2012,13,323290145,Ole Miss,SEC,Mississippi State,SEC,Home,2012-11-25T00:00:00.000Z,True,False,41,24,W,54,46,36.727
2012,1,322452483,Oregon,Pac-12,Arkansas State,Sun Belt,Home,2012-09-02T02:30:00.000Z,True,False,57,34,W,31,50,25.203
2012,1,330032306,Oregon,Pac-12,Kansas State,Big 12,Away,2013-01-04T01:30:00.000Z,True,False,35,17,W,7,5,156.277
2012,2,322522483,Oregon,Pac-12,Fresno State,Mountain West,Home,2012-09-08T22:30:00.000Z,True,False,42,25,W,15,44,37.320
2012,4,322662483,Oregon,Pac-12,Arizona,Pac-12,Home,2012-09-23T02:30:00.000Z,True,False,49,0,W,68,26,76.143
2012,5,322730265,Oregon,Pac-12,Washington State,Pac-12,Away,2012-09-30T02:30:00.000Z,True,False,51,26,W,103,75,-41.775
2012,6,322802483,Oregon,Pac-12,Washington,Pac-12,Home,2012-10-07T02:30:00.000Z,True,False,52,21,W,73,42,38.617
2012,8,322920009,Oregon,Pac-12,Arizona State,Pac-12,Away,2012-10-19T01:00:00.000Z,True,False,43,21,W,20,19,97.114
2012,9,323012483,Oregon,Pac-12,Colorado,Pac-12,Home,2012-10-27T19:00:00.000Z,True,False,70,14,W,116,103,-108.298
2012,10,323080030,Oregon,Pac-12,USC,Pac-12,Away,2012-11-03T23:00:00.000Z,True,False,62,51,W,28,21,94.761
2012,11,323150025,Oregon,Pac-12,California,Pac-12,Away,2012-11-11T03:30:00.000Z,True,False,59,17,W,100,58,-0.598
2012,12,323222483,Oregon,Pac-12,Stanford,Pac-12,Home,2012-11-18T01:00:00.000Z,True,False,14,17,L,16,10,129.045
2012,13,323290204,Oregon,Pac-12,Oregon State,Pac-12,Away,2012-11-24T20:00:00.000Z,True,False,48,24,W,33,12,117.223
2012,1,323640204,Oregon State,Pac-12,Texas,Big 12,Home,2012-12-29T23:55:00.000Z,True,False,27,31,L,29,13,104.333
2012,2,322520204,Oregon State,Pac-12,Wisconsin,Big Ten,Home,2012-09-08T20:00:00.000Z,True,False,10,7,W,14,17,100.234
2012,4,322660026,Oregon State,Pac-12,UCLA,Pac-12,Away,2012-09-22T19:30:00.000Z,True,False,27,20,W,32,23,81.767
2012,5,322730012,Oregon State,Pac-12,Arizona,Pac-12,Away,2012-09-30T02:00:00.000Z,True,False,38,35,W,68,26,76.143
2012,6,322800204,Oregon State,Pac-12,Washington State,Pac-12,Home,2012-10-06T22:00:00.000Z,True,False,19,6,W,103,75,-41.775
2012,7,322870252,Oregon State,Pac-12,BYU,FBS Independents,Away,2012-10-13T19:30:00.000Z,True,False,42,24,W,18,20,95.616
2012,8,322940204,Oregon State,Pac-12,Utah,Pac-12,Home,2012-10-21T02:30:00.000Z,True,False,21,7,W,61,51,23.585
2012,9,323010264,Oregon State,Pac-12,Washington,Pac-12,Away,2012-10-28T02:15:00.000Z,True,False,17,20,L,73,42,38.617
2012,10,323080204,Oregon State,Pac-12,Arizona State,Pac-12,Home,2012-11-04T02:30:00.000Z,True,False,36,26,W,20,19,97.114
2012,11,323150024,Oregon State,Pac-12,Stanford,Pac-12,Away,2012-11-10T20:00:00.000Z,True,False,23,27,L,16,10,129.045
2012,12,323220204,Oregon State,Pac-12,California,Pac-12,Home,2012-11-18T03:30:00.000Z,True,False,62,14,W,100,58,-0.598
2012,13,323290204,Oregon State,Pac-12,Oregon,Pac-12,Home,2012-11-24T20:00:00.000Z,True,False,24,48,L,2,3,196.403
2012,1,322450213,Penn State,Big Ten,Ohio,Mid-American,Home,2012-09-01T16:00:00.000Z,True,False,14,24,L,50,78,-45.147
2012,2,322520258,Penn State,Big Ten,Virginia,ACC,Away,2012-09-08T16:00:00.000Z,True,False,16,17,L,88,87,-69.572
2012,3,322590213,Penn State,Big Ten,Navy,FBS Independents,Home,2012-09-15T19:30:00.000Z,True,False,34,7,W,83,83,-61.322
2012,4,322660213,Penn State,Big Ten,Temple,Big East,Home,2012-09-22T19:30:00.000Z,True,False,24,13,W,96,92,-88.162
2012,5,322730356,Penn State,Big Ten,Illinois,Big Ten,Away,2012-09-29T16:00:00.000Z,True,False,35,7,W,112,102,-106.656
2012,6,322800213,Penn State,Big Ten,Northwestern,Big Ten,Home,2012-10-06T16:00:00.000Z,True,False,39,28,W,30,29,73.383
2012,8,322942294,Penn State,Big Ten,Iowa,Big Ten,Away,2012-10-21T00:00:00.000Z,True,False,38,14,W,75,64,-22.817
2012,9,323010213,Penn State,Big Ten,Ohio State,Big Ten,Home,2012-10-27T21:30:00.000Z,True,False,23,35,L,10,14,103.539
2012,10,323082509,Penn State,Big Ten,Purdue,Big Ten,Away,2012-11-03T19:30:00.000Z,True,False,34,9,W,78,69,-31.878
2012,11,323150158,Penn State,Big Ten,Nebraska,Big Ten,Away,2012-11-10T20:30:00.000Z,True,False,23,32,L,48,24,79.911
2012,12,323220213,Penn State,Big Ten,Indiana,Big Ten,Home,2012-11-17T17:00:00.000Z,True,False,45,22,W,80,77,-45.073
2012,13,323290213,Penn State,Big Ten,Wisconsin,Big Ten,Home,2012-11-24T20:30:00.000Z,True,False,24,21,W,14,17,100.234
2012,1,330050145,Pittsburgh,Big East,Ole Miss,SEC,Away,2013-01-05T18:00:00.000Z,True,False,17,38,L,53,25,76.342
2012,2,322502132,Pittsburgh,Big East,Cincinnati,Big East,Away,2012-09-07T00:00:00.000Z,True,False,10,34,L,17,33,61.855
2012,3,322590221,Pittsburgh,Big East,Virginia Tech,ACC,Home,2012-09-15T16:00:00.000Z,True,False,35,17,W,62,57,1.155
2012,6,322790183,Pittsburgh,Big East,Syracuse,Big East,Away,2012-10-05T23:00:00.000Z,True,False,13,14,L,44,40,41.851
2012,7,322870221,Pittsburgh,Big East,Louisville,Big East,Home,2012-10-13T15:00:00.000Z,True,False,35,45,L,36,41,39.390
2012,8,322942084,Pittsburgh,Big East,Buffalo,Mid-American,Away,2012-10-20T19:30:00.000Z,True,False,20,6,W,93,96,-92.118
2012,9,323010221,Pittsburgh,Big East,Temple,Big East,Home,2012-10-27T16:00:00.000Z,True,False,47,17,W,96,92,-88.162
2012,10,323080087,Pittsburgh,Big East,Notre Dame,FBS Independents,Away,2012-11-03T19:30:00.000Z,True,False,26,29,L,9,6,145.367
2012,11,323140041,Pittsburgh,Big East,UConn,Big East,Away,2012-11-10T01:00:00.000Z,True,False,17,24,L,63,80,-48.347
2012,13,323290221,Pittsburgh,Big East,Rutgers,Big East,Home,2012-11-24T17:00:00.000Z,True,False,27,6,W,39,45,36.736
2012,14,323360058,Pittsburgh,Big East,South Florida,Big East,Away,2012-12-02T00:00:00.000Z,True,False,27,3,W,89,81,-55.703
2012,1,330010197,Purdue,Big Ten,Oklahoma State,Big 12,Away,2013-01-01T17:00:00.000Z,True,False,14,58,L,23,15,103.430
2012,2,322520087,Purdue,Big Ten,Notre Dame,FBS Independents,Away,2012-09-08T19:30:00.000Z,True,False,17,20,L,9,6,145.367
2012,3,322592509,Purdue,Big Ten,Eastern Michigan,Mid-American,Home,2012-09-15T16:00:00.000Z,True,False,54,16,W,107,113,-144.638
2012,5,322732509,Purdue,Big Ten,Marshall,Conference USA,Home,2012-09-29T19:15:00.000Z,True,False,51,41,W,76,90,-74.860
2012,6,322802509,Purdue,Big Ten,Michigan,Big Ten,Home,2012-10-06T20:00:00.000Z,True,False,13,44,L,24,27,75.838
2012,7,322872509,Purdue,Big Ten,Wisconsin,Big Ten,Home,2012-10-13T16:00:00.000Z,True,False,14,38,L,14,17,100.234
2012,8,322940194,Purdue,Big Ten,Ohio State,Big Ten,Away,2012-10-20T16:00:00.000Z,True,False,22,29,L,10,14,103.539
2012,9,323010135,Purdue,Big Ten,Minnesota,Big Ten,Away,2012-10-27T19:30:00.000Z,True,False,28,44,L,79,74,-40.313
2012,10,323082509,Purdue,Big Ten,Penn State,Big Ten,Home,2012-11-03T19:30:00.000Z,True,False,9,34,L,21,30,71.532
2012,11,323152294,Purdue,Big Ten,Iowa,Big Ten,Away,2012-11-10T17:00:00.000Z,True,False,27,24,W,75,64,-22.817
2012,12,323220356,Purdue,Big Ten,Illinois,Big Ten,Away,2012-11-17T20:30:00.000Z,True,False,20,17,W,112,102,-106.656
2012,13,323292509,Purdue,Big Ten,Indiana,Big Ten,Home,2012-11-24T17:00:00.000Z,True,False,56,35,W,80,77,-45.073
2012,1,322430242,Rice,Conference USA,UCLA,Pac-12,Home,2012-08-30T23:30:00.000Z,True,False,24,49,L,32,23,81.767
2012,1,323642005,Rice,Conference USA,Air Force,Mountain West,Away,2012-12-29T16:45:00.000Z,True,False,33,14,W,72,94,-91.019
2012,2,322522305,Rice,Conference USA,Kansas,Big 12,Away,2012-09-08T19:30:00.000Z,True,False,25,24,W,114,82,-58.595
2012,4,322660242,Rice,Conference USA,Marshall,Conference USA,Home,2012-09-22T19:30:00.000Z,True,False,51,54,L,76,90,-74.860
2012,5,322730242,Rice,Conference USA,Houston,Conference USA,Home,2012-09-29T19:30:00.000Z,True,False,14,35,L,64,72,-37.687
2012,6,322800235,Rice,Conference USA,Memphis,Conference USA,Away,2012-10-06T23:00:00.000Z,True,False,10,14,L,81,99,-95.391
2012,8,322940202,Rice,Conference USA,Tulsa,Conference USA,Away,2012-10-20T19:30:00.000Z,True,False,24,28,L,34,48,35.254
2012,9,323010242,Rice,Conference USA,Southern Miss,Conference USA,Home,2012-10-27T17:00:00.000Z,True,False,44,17,W,109,115,-150.325
2012,10,323082655,Rice,Conference USA,Tulane,Conference USA,Away,2012-11-03T19:30:00.000Z,True,False,49,47,W,108,105,-109.745
2012,12,323220242,Rice,Conference USA,SMU,Conference USA,Home,2012-11-17T20:30:00.000Z,True,False,36,14,W,55,52,21.419
2012,13,323292638,Rice,Conference USA,UTEP,Conference USA,Away,2012-11-25T00:00:00.000Z,True,False,33,24,W,95,89,-74.197
2012,1,322452655,Rutgers,Big East,Tulane,Conference USA,Away,2012-09-02T00:00:00.000Z,True,False,24,12,W,108,105,-109.745
2012,1,323630259,Rutgers,Big East,Virginia Tech,ACC,Away,2012-12-28T22:30:00.000Z,True,False,10,13,L,62,57,1.155
2012,3,322570058,Rutgers,Big East,South Florida,Big East,Away,2012-09-13T23:30:00.000Z,True,False,23,13,W,89,81,-55.703
2012,4,322660008,Rutgers,Big East,Arkansas,SEC,Away,2012-09-22T23:00:00.000Z,True,False,35,26,W,90,43,38.048
2012,6,322800164,Rutgers,Big East,UConn,Big East,Home,2012-10-06T16:00:00.000Z,True,False,19,3,W,63,80,-48.347
2012,7,322870164,Rutgers,Big East,Syracuse,Big East,Home,2012-10-13T16:00:00.000Z,True,False,23,15,W,44,40,41.851
2012,8,322940218,Rutgers,Big East,Temple,Big East,Away,2012-10-20T16:00:00.000Z,True,False,35,10,W,96,92,-88.162
2012,9,323010164,Rutgers,Big East,Kent State,Mid-American,Home,2012-10-27T19:30:00.000Z,True,False,23,35,L,27,60,-3.246
2012,11,323150164,Rutgers,Big East,Army,FBS Independents,Home,2012-11-10T17:00:00.000Z,True,False,28,7,W,98,109,-128.875
2012,12,323222132,Rutgers,Big East,Cincinnati,Big East,Away,2012-11-17T17:00:00.000Z,True,False,10,3,W,17,33,61.855
2012,13,323290221,Rutgers,Big East,Pittsburgh,Big East,Away,2012-11-24T17:00:00.000Z,True,False,6,27,L,42,38,44.258
2012,14,323340164,Rutgers,Big East,Louisville,Big East,Home,2012-11-30T00:30:00.000Z,True,False,17,20,L,36,41,39.390
2012,1,322460239,SMU,Conference USA,Baylor,Big 12,Away,2012-09-02T22:30:00.000Z,True,False,24,59,L,38,22,91.278
2012,1,323592567,SMU,Conference USA,Fresno State,Mountain West,Home,2012-12-25T01:00:00.000Z,True,False,43,10,W,15,44,37.320
2012,3,322592567,SMU,Conference USA,Texas A&M,SEC,Home,2012-09-15T19:30:00.000Z,True,False,3,48,L,3,2,222.711
2012,5,322732567,SMU,Conference USA,TCU,Big 12,Home,2012-09-29T23:00:00.000Z,True,False,16,24,L,49,28,73.894
2012,6,322802638,SMU,Conference USA,UTEP,Conference USA,Away,2012-10-07T00:00:00.000Z,True,False,17,0,W,95,89,-74.197
2012,7,322872655,SMU,Conference USA,Tulane,Conference USA,Away,2012-10-13T17:00:00.000Z,True,False,26,27,L,108,105,-109.745
2012,8,322922567,SMU,Conference USA,Houston,Conference USA,Home,2012-10-19T00:00:00.000Z,True,False,72,42,W,64,72,-37.687
2012,9,323012567,SMU,Conference USA,Memphis,Conference USA,Home,2012-10-27T19:00:00.000Z,True,False,44,13,W,81,99,-95.391
2012,10,323082116,SMU,Conference USA,UCF,Conference USA,Away,2012-11-03T23:00:00.000Z,True,False,17,42,L,12,34,55.172
2012,11,323152567,SMU,Conference USA,Southern Miss,Conference USA,Home,2012-11-11T00:00:00.000Z,True,False,34,6,W,109,115,-150.325
2012,12,323220242,SMU,Conference USA,Rice,Conference USA,Away,2012-11-17T20:30:00.000Z,True,False,14,36,L,52,68,-31.298
2012,13,323292567,SMU,Conference USA,Tulsa,Conference USA,Home,2012-11-24T17:00:00.000Z,True,False,35,27,W,34,48,35.254
2012,1,322450264,San Diego State,Mountain West,Washington,Pac-12,Away,2012-09-02T02:30:00.000Z,True,False,12,21,L,73,42,38.617
2012,1,323550021,San Diego State,Mountain West,BYU,FBS Independents,Home,2012-12-21T01:00:00.000Z,True,False,6,23,L,18,20,95.616
2012,2,322520021,San Diego State,Mountain West,Army,FBS Independents,Home,2012-09-08T23:30:00.000Z,True,False,42,7,W,98,109,-128.875
2012,5,322730278,San Diego State,Mountain West,Fresno State,Mountain West,Away,2012-09-30T02:00:00.000Z,True,False,40,52,L,15,44,37.320
2012,6,322800021,San Diego State,Mountain West,Hawai'i,Mountain West,Home,2012-10-07T00:00:00.000Z,True,False,52,14,W,111,112,-142.907
2012,7,322870021,San Diego State,Mountain West,Colorado State,Mountain West,Home,2012-10-13T22:30:00.000Z,True,False,38,14,W,85,110,-131.823
2012,8,322942440,San Diego State,Mountain West,Nevada,Mountain West,Away,2012-10-21T02:35:00.000Z,True,False,39,38,W,51,76,-43.018
2012,9,323010021,San Diego State,Mountain West,UNLV,Mountain West,Home,2012-10-28T00:00:00.000Z,True,False,24,13,W,91,108,-121.031
2012,10,323080068,San Diego State,Mountain West,Boise State,Mountain West,Away,2012-11-04T02:30:00.000Z,True,False,21,19,W,8,32,62.237
2012,11,323150021,San Diego State,Mountain West,Air Force,Mountain West,Home,2012-11-10T20:30:00.000Z,True,False,28,9,W,72,94,-91.019
2012,13,323292751,San Diego State,Mountain West,Wyoming,Mountain West,Away,2012-11-24T20:30:00.000Z,True,False,42,28,W,92,100,-105.054
2012,3,322590152,South Alabama,Sun Belt,NC State,ACC,Away,2012-09-15T22:00:00.000Z,True,False,7,31,L,59,63,-12.218
2012,4,322660344,South Alabama,Sun Belt,Mississippi State,SEC,Away,2012-09-22T23:00:00.000Z,True,False,10,30,L,54,46,36.727
2012,5,322730006,South Alabama,Sun Belt,Troy,Sun Belt,Home,2012-09-29T19:30:00.000Z,True,False,10,31,L,57,79,-46.047
2012,7,322872032,South Alabama,Sun Belt,Arkansas State,Sun Belt,Away,2012-10-13T23:00:00.000Z,True,False,29,36,L,31,50,25.203
2012,8,322940006,South Alabama,Sun Belt,Florida Atlantic,Sun Belt,Home,2012-10-20T19:30:00.000Z,True,False,37,34,W,97,101,-105.289
2012,9,323012433,South Alabama,Sun Belt,UL Monroe,Sun Belt,Away,2012-10-27T23:00:00.000Z,True,False,24,38,L,40,66,-27.565
2012,10,323080006,South Alabama,Sun Belt,Florida International,Sun Belt,Home,2012-11-03T19:30:00.000Z,True,False,20,28,L,82,98,-95.365
2012,11,323150249,South Alabama,Sun Belt,North Texas,Sun Belt,Away,2012-11-10T22:00:00.000Z,True,False,14,24,L,94,97,-93.586
2012,12,323220006,South Alabama,Sun Belt,Middle Tennessee,Sun Belt,Home,2012-11-17T20:30:00.000Z,True,False,12,20,L,70,84,-63.898
2012,13,323290309,South Alabama,Sun Belt,Louisiana,Sun Belt,Away,2012-11-24T22:00:00.000Z,True,False,30,52,L,46,61,-3.451
2012,14,323360062,South Alabama,Sun Belt,Hawai'i,Mountain West,Away,2012-12-02T04:00:00.000Z,True,False,7,23,L,111,112,-142.907
2012,1,322430238,South Carolina,SEC,Vanderbilt,SEC,Away,2012-08-30T23:00:00.000Z,True,False,17,13,W,35,31,62.643
2012,1,330010130,South Carolina,SEC,Michigan,Big Ten,Away,2013-01-01T18:00:00.000Z,True,False,33,28,W,24,27,75.838
2012,2,322522579,South Carolina,SEC,East Carolina,Conference USA,Home,2012-09-08T16:21:00.000Z,True,False,48,10,W,71,88,-72.237
2012,3,322592579,South Carolina,SEC,UAB,Conference USA,Home,2012-09-15T23:00:00.000Z,True,False,49,6,W,104,106,-118.397
2012,4,322662579,South Carolina,SEC,Missouri,SEC,Home,2012-09-22T19:30:00.000Z,True,False,31,10,W,84,36,48.968
2012,5,322730096,South Carolina,SEC,Kentucky,SEC,Away,2012-09-29T23:00:00.000Z,True,False,38,17,W,110,85,-68.327
2012,6,322802579,South Carolina,SEC,Georgia,SEC,Home,2012-10-06T23:08:00.000Z,True,False,35,7,W,6,8,140.999
2012,7,322870099,South Carolina,SEC,LSU,SEC,Away,2012-10-14T00:00:00.000Z,True,False,21,23,L,25,4,156.605
2012,8,322940057,South Carolina,SEC,Florida,SEC,Away,2012-10-20T19:30:00.000Z,True,False,11,44,L,19,9,139.257
2012,9,323012579,South Carolina,SEC,Tennessee,SEC,Home,2012-10-27T16:00:00.000Z,True,False,38,35,W,60,39,42.917
2012,11,323152579,South Carolina,SEC,Arkansas,SEC,Home,2012-11-10T17:00:00.000Z,True,False,38,20,W,90,43,38.048
2012,13,323290228,South Carolina,SEC,Clemson,ACC,Away,2012-11-25T00:00:00.000Z,True,False,27,17,W,13,16,101.176
2012,2,322522440,South Florida,Big East,Nevada,Mountain West,Away,2012-09-08T19:35:00.000Z,True,False,32,31,W,51,76,-43.018
2012,3,322570058,South Florida,Big East,Rutgers,Big East,Home,2012-09-13T23:30:00.000Z,True,False,13,23,L,39,45,36.736
2012,4,322662050,South Florida,Big East,Ball State,Mid-American,Away,2012-09-22T20:30:00.000Z,True,False,27,31,L,56,73,-38.853
2012,5,322730058,South Florida,Big East,Florida State,ACC,Home,2012-09-29T22:00:00.000Z,True,False,17,30,L,5,18,99.782
2012,6,322800218,South Florida,Big East,Temple,Big East,Away,2012-10-06T16:00:00.000Z,True,False,28,37,L,96,92,-88.162
2012,8,322940097,South Florida,Big East,Louisville,Big East,Away,2012-10-20T19:30:00.000Z,True,False,25,27,L,36,41,39.390
2012,9,323010058,South Florida,Big East,Syracuse,Big East,Home,2012-10-27T23:00:00.000Z,True,False,36,37,L,44,40,41.851
2012,10,323080058,South Florida,Big East,UConn,Big East,Home,2012-11-03T23:00:00.000Z,True,False,13,6,W,63,80,-48.347
2012,12,323222390,South Florida,Big East,Miami,ACC,Away,2012-11-17T20:00:00.000Z,True,False,9,40,L,67,59,-1.598
2012,13,323282132,South Florida,Big East,Cincinnati,Big East,Away,2012-11-24T00:00:00.000Z,True,False,10,27,L,17,33,61.855
2012,14,323360058,South Florida,Big East,Pittsburgh,Big East,Home,2012-12-02T00:00:00.000Z,True,False,3,27,L,42,38,44.258
2012,1,322450158,Southern Miss,Conference USA,Nebraska,Big Ten,Away,2012-09-01T19:30:00.000Z,True,False,20,49,L,48,24,79.911
2012,3,322592572,Southern Miss,Conference USA,East Carolina,Conference USA,Home,2012-09-15T19:30:00.000Z,True,False,14,24,L,71,88,-72.237
2012,4,322660098,Southern Miss,Conference USA,Western Kentucky,Sun Belt,Away,2012-09-22T23:00:00.000Z,True,False,17,42,L,58,70,-33.005
2012,5,322732572,Southern Miss,Conference USA,Louisville,Big East,Home,2012-09-30T00:00:00.000Z,True,False,17,21,L,36,41,39.390
2012,6,322802572,Southern Miss,Conference USA,Boise State,Mountain West,Home,2012-10-06T16:00:00.000Z,True,False,14,40,L,8,32,62.237
2012,7,322872116,Southern Miss,Conference USA,UCF,Conference USA,Away,2012-10-14T00:00:00.000Z,True,False,31,38,L,12,34,55.172
2012,8,322942572,Southern Miss,Conference USA,Marshall,Conference USA,Home,2012-10-20T23:00:00.000Z,True,False,24,59,L,76,90,-74.860
2012,9,323010242,Southern Miss,Conference USA,Rice,Conference USA,Away,2012-10-27T17:00:00.000Z,True,False,17,44,L,52,68,-31.298
2012,10,323082572,Southern Miss,Conference USA,UAB,Conference USA,Home,2012-11-03T23:30:00.000Z,True,False,19,27,L,104,106,-118.397
2012,11,323152567,Southern Miss,Conference USA,SMU,Conference USA,Away,2012-11-11T00:00:00.000Z,True,False,6,34,L,55,52,21.419
2012,12,323222572,Southern Miss,Conference USA,UTEP,Conference USA,Home,2012-11-18T01:00:00.000Z,True,False,33,34,L,95,89,-74.197
2012,13,323290235,Southern Miss,Conference USA,Memphis,Conference USA,Away,2012-11-24T21:30:00.000Z,True,False,24,42,L,81,99,-95.391
2012,1,330010024,Stanford,Pac-12,Wisconsin,Big Ten,Home,2013-01-01T22:00:00.000Z,True,False,20,14,W,14,17,100.234
2012,2,322520024,Stanford,Pac-12,Duke,ACC,Home,2012-09-09T02:30:00.000Z,True,False,50,13,W,87,71,-37.419
2012,3,322590024,Stanford,Pac-12,USC,Pac-12,Home,2012-09-15T23:30:00.000Z,True,False,21,14,W,28,21,94.761
2012,5,322710264,Stanford,Pac-12,Washington,Pac-12,Away,2012-09-28T01:00:00.000Z,True,False,13,17,L,73,42,38.617
2012,6,322800024,Stanford,Pac-12,Arizona,Pac-12,Home,2012-10-06T19:00:00.000Z,True,False,54,48,W,68,26,76.143
2012,7,322870087,Stanford,Pac-12,Notre Dame,FBS Independents,Away,2012-10-13T19:30:00.000Z,True,False,13,20,L,9,6,145.367
2012,8,322940025,Stanford,Pac-12,California,Pac-12,Away,2012-10-20T19:00:00.000Z,True,False,21,3,W,100,58,-0.598
2012,9,323010024,Stanford,Pac-12,Washington State,Pac-12,Home,2012-10-27T22:15:00.000Z,True,False,24,17,W,103,75,-41.775
2012,10,323080038,Stanford,Pac-12,Colorado,Pac-12,Away,2012-11-03T18:00:00.000Z,True,False,48,0,W,116,103,-108.298
2012,11,323150024,Stanford,Pac-12,Oregon State,Pac-12,Home,2012-11-10T20:00:00.000Z,True,False,27,23,W,33,12,117.223
2012,12,323222483,Stanford,Pac-12,Oregon,Pac-12,Away,2012-11-18T01:00:00.000Z,True,False,17,14,W,2,3,196.403
2012,13,323290026,Stanford,Pac-12,UCLA,Pac-12,Away,2012-11-24T23:30:00.000Z,True,False,35,17,W,32,23,81.767
2012,14,323350024,Stanford,Pac-12,UCLA,Pac-12,Home,2012-12-01T01:00:00.000Z,True,False,27,24,W,32,23,81.767
2012,1,322450183,Syracuse,Big East,Northwestern,Big Ten,Home,2012-09-01T16:00:00.000Z,True,False,41,42,L,30,29,73.383
2012,1,323640183,Syracuse,Big East,West Virginia,Big 12,Home,2012-12-29T20:15:00.000Z,True,False,38,14,W,65,49,28.529
2012,2,322520183,Syracuse,Big East,USC,Pac-12,Home,2012-09-08T19:30:00.000Z,True,False,29,42,L,28,21,94.761
2012,4,322660135,Syracuse,Big East,Minnesota,Big Ten,Away,2012-09-23T00:00:00.000Z,True,False,10,17,L,79,74,-40.313
2012,6,322790183,Syracuse,Big East,Pittsburgh,Big East,Home,2012-10-05T23:00:00.000Z,True,False,14,13,W,42,38,44.258
2012,7,322870164,Syracuse,Big East,Rutgers,Big East,Away,2012-10-13T16:00:00.000Z,True,False,15,23,L,39,45,36.736
2012,8,322930183,Syracuse,Big East,UConn,Big East,Home,2012-10-20T00:00:00.000Z,True,False,40,10,W,63,80,-48.347
2012,9,323010058,Syracuse,Big East,South Florida,Big East,Away,2012-10-27T23:00:00.000Z,True,False,37,36,W,89,81,-55.703
2012,10,323082132,Syracuse,Big East,Cincinnati,Big East,Away,2012-11-03T16:00:00.000Z,True,False,24,35,L,17,33,61.855
2012,11,323150183,Syracuse,Big East,Louisville,Big East,Home,2012-11-10T17:00:00.000Z,True,False,45,26,W,36,41,39.390
2012,12,323220142,Syracuse,Big East,Missouri,SEC,Away,2012-11-18T00:00:00.000Z,True,False,31,27,W,84,36,48.968
2012,13,323280218,Syracuse,Big East,Temple,Big East,Away,2012-11-23T16:00:00.000Z,True,False,38,20,W,96,92,-88.162
2012,1,323640127,TCU,Big 12,Michigan State,Big Ten,Away,2012-12-30T03:25:00.000Z,True,False,16,17,L,47,35,54.944
2012,3,322592305,TCU,Big 12,Kansas,Big 12,Away,2012-09-15T16:00:00.000Z,True,False,20,6,W,114,82,-58.595
2012,4,322662628,TCU,Big 12,Virginia,ACC,Home,2012-09-22T16:00:00.000Z,True,False,27,7,W,88,87,-69.572
2012,5,322732567,TCU,Big 12,SMU,Conference USA,Away,2012-09-29T23:00:00.000Z,True,False,24,16,W,55,52,21.419
2012,6,322802628,TCU,Big 12,Iowa State,Big 12,Home,2012-10-06T19:30:00.000Z,True,False,23,37,L,66,47,36.509
2012,7,322870239,TCU,Big 12,Baylor,Big 12,Away,2012-10-13T23:00:00.000Z,True,False,49,21,W,38,22,91.278
2012,8,322942628,TCU,Big 12,Texas Tech,Big 12,Home,2012-10-20T19:30:00.000Z,True,False,53,56,L,69,53,20.550
2012,9,323010197,TCU,Big 12,Oklahoma State,Big 12,Away,2012-10-27T19:30:00.000Z,True,False,14,36,L,23,15,103.430
2012,10,323080277,TCU,Big 12,West Virginia,Big 12,Away,2012-11-03T19:00:00.000Z,True,False,39,38,W,65,49,28.529
2012,11,323152628,TCU,Big 12,Kansas State,Big 12,Home,2012-11-11T00:00:00.000Z,True,False,10,23,L,7,5,156.277
2012,13,323270251,TCU,Big 12,Texas,Big 12,Away,2012-11-23T00:30:00.000Z,True,False,20,13,W,29,13,104.333
2012,14,323362628,TCU,Big 12,Oklahoma,Big 12,Home,2012-12-01T17:00:00.000Z,True,False,17,24,L,22,11,124.835
2012,2,322520218,Temple,Big East,Maryland,ACC,Home,2012-09-08T16:00:00.000Z,True,False,27,36,L,86,91,-75.986
2012,4,322660213,Temple,Big East,Penn State,Big Ten,Away,2012-09-22T19:30:00.000Z,True,False,13,24,L,21,30,71.532
2012,6,322800218,Temple,Big East,South Florida,Big East,Home,2012-10-06T16:00:00.000Z,True,False,37,28,W,89,81,-55.703
2012,7,322870041,Temple,Big East,UConn,Big East,Away,2012-10-13T17:00:00.000Z,True,False,17,14,W,63,80,-48.347
2012,8,322940218,Temple,Big East,Rutgers,Big East,Home,2012-10-20T16:00:00.000Z,True,False,10,35,L,39,45,36.736
2012,9,323010221,Temple,Big East,Pittsburgh,Big East,Away,2012-10-27T16:00:00.000Z,True,False,17,47,L,42,38,44.258
2012,10,323080097,Temple,Big East,Louisville,Big East,Away,2012-11-03T16:00:00.000Z,True,False,17,45,L,36,41,39.390
2012,11,323150218,Temple,Big East,Cincinnati,Big East,Home,2012-11-10T17:00:00.000Z,True,False,10,34,L,17,33,61.855
2012,12,323220349,Temple,Big East,Army,FBS Independents,Away,2012-11-17T17:00:00.000Z,True,False,63,32,W,98,109,-128.875
2012,13,323280218,Temple,Big East,Syracuse,Big East,Home,2012-11-23T16:00:00.000Z,True,False,20,38,L,44,40,41.851
2012,1,322442633,Tennessee,SEC,NC State,ACC,Home,2012-08-31T23:30:00.000Z,True,False,35,21,W,59,63,-12.218
2012,3,322592633,Tennessee,SEC,Florida,SEC,Home,2012-09-15T22:00:00.000Z,True,False,20,37,L,19,9,139.257
2012,4,322662633,Tennessee,SEC,Akron,Mid-American,Home,2012-09-22T23:30:00.000Z,True,False,47,26,W,113,116,-163.587
2012,5,322730061,Tennessee,SEC,Georgia,SEC,Away,2012-09-29T19:30:00.000Z,True,False,44,51,L,6,8,140.999
2012,7,322870344,Tennessee,SEC,Mississippi State,SEC,Away,2012-10-14T01:00:00.000Z,True,False,31,41,L,54,46,36.727
2012,8,322942633,Tennessee,SEC,Alabama,SEC,Home,2012-10-20T23:00:00.000Z,True,False,13,44,L,1,1,245.635
2012,9,323012579,Tennessee,SEC,South Carolina,SEC,Away,2012-10-27T16:00:00.000Z,True,False,35,38,L,11,7,141.309
2012,10,323082633,Tennessee,SEC,Troy,Sun Belt,Home,2012-11-03T16:00:00.000Z,True,False,55,48,W,57,79,-46.047
2012,11,323152633,Tennessee,SEC,Missouri,SEC,Home,2012-11-10T17:21:00.000Z,True,False,48,51,L,84,36,48.968
2012,12,323220238,Tennessee,SEC,Vanderbilt,SEC,Away,2012-11-18T00:00:00.000Z,True,False,18,41,L,35,31,62.643
2012,13,323292633,Tennessee,SEC,Kentucky,SEC,Home,2012-11-24T17:21:00.000Z,True,False,37,17,W,110,85,-68.327
2012,1,322450251,Texas,Big 12,Wyoming,Mountain West,Home,2012-09-02T00:00:00.000Z,True,False,37,17,W,92,100,-105.054
2012,1,323640204,Texas,Big 12,Oregon State,Pac-12,Away,2012-12-29T23:55:00.000Z,True,False,31,27,W,33,12,117.223
2012,2,322520251,Texas,Big 12,New Mexico,Mountain West,Home,2012-09-09T00:00:00.000Z,True,False,45,0,W,106,111,-139.797
2012,3,322590145,Texas,Big 12,Ole Miss,SEC,Away,2012-09-16T01:26:00.000Z,True,False,66,31,W,53,25,76.342
2012,5,322730197,Texas,Big 12,Oklahoma State,Big 12,Away,2012-09-29T23:50:00.000Z,True,False,41,36,W,23,15,103.430
2012,6,322800251,Texas,Big 12,West Virginia,Big 12,Home,2012-10-06T23:00:00.000Z,True,False,45,48,L,65,49,28.529
2012,7,322870201,Texas,Big 12,Oklahoma,Big 12,Away,2012-10-13T16:00:00.000Z,True,False,21,63,L,22,11,124.835
2012,8,322940251,Texas,Big 12,Baylor,Big 12,Home,2012-10-21T00:00:00.000Z,True,False,56,50,W,38,22,91.278
2012,9,323012305,Texas,Big 12,Kansas,Big 12,Away,2012-10-27T16:00:00.000Z,True,False,21,17,W,114,82,-58.595
2012,10,323082641,Texas,Big 12,Texas Tech,Big 12,Away,2012-11-03T19:30:00.000Z,True,False,31,22,W,69,53,20.550
2012,11,323150251,Texas,Big 12,Iowa State,Big 12,Home,2012-11-10T17:00:00.000Z,True,False,33,7,W,66,47,36.509
2012,13,323270251,Texas,Big 12,TCU,Big 12,Home,2012-11-23T00:30:00.000Z,True,False,13,20,L,49,28,73.894
2012,14,323362306,Texas,Big 12,Kansas State,Big 12,Away,2012-12-02T01:00:00.000Z,True,False,24,42,L,7,5,156.277
2012,1,330040201,Texas A&M,SEC,Oklahoma,Big 12,Away,2013-01-05T01:00:00.000Z,True,False,41,13,W,22,11,124.835
2012,2,322520245,Texas A&M,SEC,Florida,SEC,Home,2012-09-08T19:30:00.000Z,True,False,17,20,L,19,9,139.257
2012,3,322592567,Texas A&M,SEC,SMU,Conference USA,Away,2012-09-15T19:30:00.000Z,True,False,48,3,W,55,52,21.419
2012,5,322730245,Texas A&M,SEC,Arkansas,SEC,Home,2012-09-29T16:21:00.000Z,True,False,58,10,W,90,43,38.048
2012,6,322800145,Texas A&M,SEC,Ole Miss,SEC,Away,2012-10-06T23:00:00.000Z,True,False,30,27,W,53,25,76.342
2012,8,322940245,Texas A&M,SEC,LSU,SEC,Home,2012-10-20T16:00:00.000Z,True,False,19,24,L,25,4,156.605
2012,9,323010002,Texas A&M,SEC,Auburn,SEC,Away,2012-10-27T23:00:00.000Z,True,False,63,21,W,115,67,-28.451
2012,10,323080344,Texas A&M,SEC,Mississippi State,SEC,Away,2012-11-03T16:00:00.000Z,True,False,38,13,W,54,46,36.727
2012,11,323150333,Texas A&M,SEC,Alabama,SEC,Away,2012-11-10T20:30:00.000Z,True,False,29,24,W,1,1,245.635
2012,13,323290245,Texas A&M,SEC,Missouri,SEC,Home,2012-11-25T00:00:00.000Z,True,False,59,29,W,84,36,48.968
2012,1,323632641,Texas Tech,Big 12,Minnesota,Big Ten,Home,2012-12-29T02:00:00.000Z,True,False,34,31,W,79,74,-40.313
2012,3,322592641,Texas Tech,Big 12,New Mexico,Mountain West,Home,2012-09-15T23:00:00.000Z,True,False,49,14,W,106,111,-139.797
2012,5,322730066,Texas Tech,Big 12,Iowa State,Big 12,Away,2012-09-29T23:00:00.000Z,True,False,24,13,W,66,47,36.509
2012,6,322802641,Texas Tech,Big 12,Oklahoma,Big 12,Home,2012-10-06T19:30:00.000Z,True,False,20,41,L,22,11,124.835
2012,7,322872641,Texas Tech,Big 12,West Virginia,Big 12,Home,2012-10-13T19:30:00.000Z,True,False,49,14,W,65,49,28.529
2012,8,322942628,Texas Tech,Big 12,TCU,Big 12,Away,2012-10-20T19:30:00.000Z,True,False,56,53,W,49,28,73.894
2012,9,323012306,Texas Tech,Big 12,Kansas State,Big 12,Away,2012-10-27T19:30:00.000Z,True,False,24,55,L,7,5,156.277
2012,10,323082641,Texas Tech,Big 12,Texas,Big 12,Home,2012-11-03T19:30:00.000Z,True,False,22,31,L,29,13,104.333
2012,11,323152641,Texas Tech,Big 12,Kansas,Big 12,Home,2012-11-10T17:00:00.000Z,True,False,41,34,W,114,82,-58.595
2012,12,323220197,Texas Tech,Big 12,Oklahoma State,Big 12,Away,2012-11-17T20:30:00.000Z,True,False,21,59,L,23,15,103.430
2012,13,323292641,Texas Tech,Big 12,Baylor,Big 12,Home,2012-11-24T19:30:00.000Z,True,False,45,52,L,38,22,91.278
2012,1,322450012,Toledo,Mid-American,Arizona,Pac-12,Away,2012-09-02T02:30:00.000Z,True,False,17,24,L,68,26,76.143
2012,2,322522751,Toledo,Mid-American,Wyoming,Mountain West,Away,2012-09-08T20:00:00.000Z,True,False,34,31,W,92,100,-105.054
2012,3,322592649,Toledo,Mid-American,Bowling Green,Mid-American,Home,2012-09-15T23:00:00.000Z,True,False,27,15,W,45,65,-26.347
2012,5,322732711,Toledo,Mid-American,Western Michigan,Mid-American,Away,2012-09-29T23:00:00.000Z,True,False,37,17,W,77,104,-108.401
2012,6,322802649,Toledo,Mid-American,Central Michigan,Mid-American,Home,2012-10-06T19:00:00.000Z,True,False,50,35,W,74,95,-91.375
2012,7,322872199,Toledo,Mid-American,Eastern Michigan,Mid-American,Away,2012-10-13T17:00:00.000Z,True,False,52,47,W,107,113,-144.638
2012,8,322942649,Toledo,Mid-American,Cincinnati,Big East,Home,2012-10-20T23:00:00.000Z,True,False,29,23,W,17,33,61.855
2012,9,323012084,Toledo,Mid-American,Buffalo,Mid-American,Away,2012-10-27T19:30:00.000Z,True,False,25,20,W,93,96,-92.118
2012,11,323112649,Toledo,Mid-American,Ball State,Mid-American,Home,2012-11-07T01:00:00.000Z,True,False,27,34,L,56,73,-38.853
2012,12,323192459,Toledo,Mid-American,Northern Illinois,Mid-American,Away,2012-11-15T02:00:00.000Z,True,False,24,31,L,4,55,12.518
2012,13,323252649,Toledo,Mid-American,Akron,Mid-American,Home,2012-11-21T00:00:00.000Z,True,False,35,23,W,113,116,-163.587
2012,1,322450005,Troy,Sun Belt,UAB,Conference USA,Away,2012-09-01T16:00:00.000Z,True,False,39,29,W,104,106,-118.397
2012,2,322522653,Troy,Sun Belt,Louisiana,Sun Belt,Home,2012-09-08T23:00:00.000Z,True,False,24,37,L,46,61,-3.451
2012,3,322592653,Troy,Sun Belt,Mississippi State,SEC,Home,2012-09-15T23:00:00.000Z,True,False,24,30,L,54,46,36.727
2012,4,322660249,Troy,Sun Belt,North Texas,Sun Belt,Away,2012-09-22T23:00:00.000Z,True,False,14,7,W,94,97,-93.586
2012,5,322730006,Troy,Sun Belt,South Alabama,Sun Belt,Away,2012-09-29T19:30:00.000Z,True,False,31,10,W,99,114,-145.180
2012,7,322852653,Troy,Sun Belt,Western Kentucky,Sun Belt,Home,2012-10-11T23:30:00.000Z,True,False,26,31,L,58,70,-33.005
2012,8,322942653,Troy,Sun Belt,Florida International,Sun Belt,Home,2012-10-20T17:00:00.000Z,True,False,38,37,W,82,98,-95.365
2012,9,323012226,Troy,Sun Belt,Florida Atlantic,Sun Belt,Away,2012-10-27T21:00:00.000Z,True,False,27,34,L,97,101,-105.289
2012,10,323082633,Troy,Sun Belt,Tennessee,SEC,Away,2012-11-03T16:00:00.000Z,True,False,48,55,L,60,39,42.917
2012,11,323152653,Troy,Sun Belt,Navy,FBS Independents,Home,2012-11-10T20:30:00.000Z,True,False,41,31,W,83,83,-61.322
2012,12,323222653,Troy,Sun Belt,Arkansas State,Sun Belt,Home,2012-11-17T20:30:00.000Z,True,False,34,41,L,31,50,25.203
2012,13,323292393,Troy,Sun Belt,Middle Tennessee,Sun Belt,Away,2012-11-24T20:30:00.000Z,True,False,21,24,L,70,84,-63.898
2012,1,322452655,Tulane,Conference USA,Rutgers,Big East,Home,2012-09-02T00:00:00.000Z,True,False,12,24,L,39,45,36.736
2012,2,322520202,Tulane,Conference USA,Tulsa,Conference USA,Away,2012-09-08T16:00:00.000Z,True,False,10,45,L,34,48,35.254
2012,4,322662655,Tulane,Conference USA,Ole Miss,SEC,Home,2012-09-22T16:00:00.000Z,True,False,0,39,L,53,25,76.342
2012,5,322732655,Tulane,Conference USA,UL Monroe,Sun Belt,Home,2012-09-29T19:30:00.000Z,True,False,10,63,L,40,66,-27.565
2012,6,322800309,Tulane,Conference USA,Louisiana,Sun Belt,Away,2012-10-06T21:00:00.000Z,True,False,13,41,L,46,61,-3.451
2012,7,322872655,Tulane,Conference USA,SMU,Conference USA,Home,2012-10-13T17:00:00.000Z,True,False,27,26,W,55,52,21.419
2012,8,322942638,Tulane,Conference USA,UTEP,Conference USA,Away,2012-10-21T00:00:00.000Z,True,False,20,24,L,95,89,-74.197
2012,9,323012655,Tulane,Conference USA,UAB,Conference USA,Home,2012-10-27T19:30:00.000Z,True,False,55,45,W,104,106,-118.397
2012,10,323082655,Tulane,Conference USA,Rice,Conference USA,Home,2012-11-03T19:30:00.000Z,True,False,47,49,L,52,68,-31.298
2012,11,323150235,Tulane,Conference USA,Memphis,Conference USA,Away,2012-11-11T00:00:00.000Z,True,False,23,37,L,81,99,-95.391
2012,12,323222655,Tulane,Conference USA,East Carolina,Conference USA,Home,2012-11-17T20:30:00.000Z,True,False,23,28,L,71,88,-72.237
2012,13,323290248,Tulane,Conference USA,Houston,Conference USA,Away,2012-11-24T20:30:00.000Z,True,False,17,40,L,64,72,-37.687
2012,1,322450066,Tulsa,Conference USA,Iowa State,Big 12,Away,2012-09-01T19:30:00.000Z,True,False,23,38,L,66,47,36.509
2012,1,323660202,Tulsa,Conference USA,Iowa State,Big 12,Home,2012-12-31T20:30:00.000Z,True,False,31,17,W,66,47,36.509
2012,2,322520202,Tulsa,Conference USA,Tulane,Conference USA,Home,2012-09-08T16:00:00.000Z,True,False,45,10,W,108,105,-109.745
2012,4,322660202,Tulsa,Conference USA,Fresno State,Mountain West,Home,2012-09-23T00:00:00.000Z,True,False,27,26,W,15,44,37.320
2012,5,322730005,Tulsa,Conference USA,UAB,Conference USA,Away,2012-09-29T19:00:00.000Z,True,False,49,42,W,104,106,-118.397
2012,6,322800276,Tulsa,Conference USA,Marshall,Conference USA,Away,2012-10-06T19:30:00.000Z,True,False,45,38,W,76,90,-74.860
2012,7,322850202,Tulsa,Conference USA,UTEP,Conference USA,Home,2012-10-12T00:00:00.000Z,True,False,33,11,W,95,89,-74.197
2012,8,322940202,Tulsa,Conference USA,Rice,Conference USA,Home,2012-10-20T19:30:00.000Z,True,False,28,24,W,52,68,-31.298
2012,10,323080008,Tulsa,Conference USA,Arkansas,SEC,Away,2012-11-03T16:21:00.000Z,True,False,15,19,L,90,43,38.048
2012,11,323150248,Tulsa,Conference USA,Houston,Conference USA,Away,2012-11-10T22:00:00.000Z,True,False,41,7,W,64,72,-37.687
2012,12,323220202,Tulsa,Conference USA,UCF,Conference USA,Home,2012-11-17T17:00:00.000Z,True,False,23,21,W,12,34,55.172
2012,13,323292567,Tulsa,Conference USA,SMU,Conference USA,Away,2012-11-24T17:00:00.000Z,True,False,27,35,L,55,52,21.419
2012,14,323360202,Tulsa,Conference USA,UCF,Conference USA,Home,2012-12-01T17:00:00.000Z,True,False,33,27,W,12,34,55.172
2012,1,322450005,UAB,Conference USA,Troy,Sun Belt,Home,2012-09-01T16:00:00.000Z,True,False,29,39,L,57,79,-46.047
2012,3,322592579,UAB,Conference USA,South Carolina,SEC,Away,2012-09-15T23:00:00.000Z,True,False,6,49,L,11,7,141.309
2012,4,322660194,UAB,Conference USA,Ohio State,Big Ten,Away,2012-09-22T16:00:00.000Z,True,False,15,29,L,10,14,103.539
2012,5,322730005,UAB,Conference USA,Tulsa,Conference USA,Home,2012-09-29T19:00:00.000Z,True,False,42,49,L,34,48,35.254
2012,7,322870248,UAB,Conference USA,Houston,Conference USA,Away,2012-10-13T16:00:00.000Z,True,False,17,39,L,64,72,-37.687
2012,8,322940005,UAB,Conference USA,East Carolina,Conference USA,Home,2012-10-20T23:00:00.000Z,True,False,35,42,L,71,88,-72.237
2012,9,323012655,UAB,Conference USA,Tulane,Conference USA,Away,2012-10-27T19:30:00.000Z,True,False,45,55,L,108,105,-109.745
2012,10,323082572,UAB,Conference USA,Southern Miss,Conference USA,Away,2012-11-03T23:30:00.000Z,True,False,27,19,W,109,115,-150.325
2012,11,323150005,UAB,Conference USA,Marshall,Conference USA,Home,2012-11-10T21:30:00.000Z,True,False,38,31,W,76,90,-74.860
2012,12,323220005,UAB,Conference USA,Memphis,Conference USA,Home,2012-11-17T19:00:00.000Z,True,False,9,46,L,81,99,-95.391
2012,13,323292116,UAB,Conference USA,UCF,Conference USA,Away,2012-11-24T17:00:00.000Z,True,False,24,49,L,12,34,55.172
2012,1,322432006,UCF,Conference USA,Akron,Mid-American,Away,2012-08-30T23:00:00.000Z,True,False,56,14,W,113,116,-163.587
2012,1,323562116,UCF,Conference USA,Ball State,Mid-American,Home,2012-12-22T00:30:00.000Z,True,False,38,17,W,56,73,-38.853
2012,2,322520194,UCF,Conference USA,Ohio State,Big Ten,Away,2012-09-08T16:00:00.000Z,True,False,16,31,L,10,14,103.539
2012,3,322592116,UCF,Conference USA,Florida International,Sun Belt,Home,2012-09-15T20:00:00.000Z,True,False,33,20,W,82,98,-95.365
2012,5,322732116,UCF,Conference USA,Missouri,SEC,Home,2012-09-29T16:00:00.000Z,True,False,16,21,L,84,36,48.968
2012,6,322782116,UCF,Conference USA,East Carolina,Conference USA,Home,2012-10-05T00:00:00.000Z,True,False,40,20,W,71,88,-72.237
2012,7,322872116,UCF,Conference USA,Southern Miss,Conference USA,Home,2012-10-14T00:00:00.000Z,True,False,38,31,W,109,115,-150.325
2012,8,322940235,UCF,Conference USA,Memphis,Conference USA,Away,2012-10-21T00:00:00.000Z,True,False,35,17,W,81,99,-95.391
2012,9,323010276,UCF,Conference USA,Marshall,Conference USA,Away,2012-10-28T00:00:00.000Z,True,False,54,17,W,76,90,-74.860
2012,10,323082116,UCF,Conference USA,SMU,Conference USA,Home,2012-11-03T23:00:00.000Z,True,False,42,17,W,55,52,21.419
2012,11,323152638,UCF,Conference USA,UTEP,Conference USA,Away,2012-11-11T00:00:00.000Z,True,False,31,24,W,95,89,-74.197
2012,12,323220202,UCF,Conference USA,Tulsa,Conference USA,Away,2012-11-17T17:00:00.000Z,True,False,21,23,L,34,48,35.254
2012,13,323292116,UCF,Conference USA,UAB,Conference USA,Home,2012-11-24T17:00:00.000Z,True,False,49,24,W,104,106,-118.397
2012,14,323360202,UCF,Conference USA,Tulsa,Conference USA,Away,2012-12-01T17:00:00.000Z,True,False,27,33,L,34,48,35.254
2012,1,322430242,UCLA,Pac-12,Rice,Conference USA,Away,2012-08-30T23:30:00.000Z,True,False,49,24,W,52,68,-31.298
2012,1,323620026,UCLA,Pac-12,Baylor,Big 12,Home,2012-12-28T02:45:00.000Z,True,False,26,49,L,38,22,91.278
2012,2,322520026,UCLA,Pac-12,Nebraska,Big Ten,Home,2012-09-08T23:50:00.000Z,True,False,36,30,W,48,24,79.911
2012,3,322590026,UCLA,Pac-12,Houston,Conference USA,Home,2012-09-16T02:30:00.000Z,True,False,37,6,W,64,72,-37.687
2012,4,322660026,UCLA,Pac-12,Oregon State,Pac-12,Home,2012-09-22T19:30:00.000Z,True,False,20,27,L,33,12,117.223
2012,5,322730038,UCLA,Pac-12,Colorado,Pac-12,Away,2012-09-29T22:00:00.000Z,True,False,42,14,W,116,103,-108.298
2012,6,322800025,UCLA,Pac-12,California,Pac-12,Away,2012-10-07T02:00:00.000Z,True,False,17,43,L,100,58,-0.598
2012,7,322870026,UCLA,Pac-12,Utah,Pac-12,Home,2012-10-13T19:00:00.000Z,True,False,21,14,W,61,51,23.585
2012,9,323010009,UCLA,Pac-12,Arizona State,Pac-12,Away,2012-10-27T19:00:00.000Z,True,False,45,43,W,20,19,97.114
2012,10,323080026,UCLA,Pac-12,Arizona,Pac-12,Home,2012-11-04T02:30:00.000Z,True,False,66,10,W,68,26,76.143
2012,11,323150265,UCLA,Pac-12,Washington State,Pac-12,Away,2012-11-11T03:30:00.000Z,True,False,44,36,W,103,75,-41.775
2012,12,323220026,UCLA,Pac-12,USC,Pac-12,Home,2012-11-17T20:05:00.000Z,True,False,38,28,W,28,21,94.761
2012,13,323290026,UCLA,Pac-12,Stanford,Pac-12,Home,2012-11-24T23:30:00.000Z,True,False,17,35,L,16,10,129.045
2012,14,323350024,UCLA,Pac-12,Stanford,Pac-12,Away,2012-12-01T01:00:00.000Z,True,False,24,27,L,16,10,129.045
2012,1,322430041,UConn,Big East,Massachusetts,Mid-American,Home,2012-08-30T23:30:00.000Z,True,False,37,0,W,117,117,-213.673
2012,2,322520041,UConn,Big East,NC State,ACC,Home,2012-09-08T16:00:00.000Z,True,False,7,10,L,59,63,-12.218
2012,3,322590120,UConn,Big East,Maryland,ACC,Away,2012-09-15T16:30:00.000Z,True,False,24,21,W,86,91,-75.986
2012,4,322662711,UConn,Big East,Western Michigan,Mid-American,Away,2012-09-22T18:34:00.000Z,True,False,24,30,L,77,104,-108.401
2012,5,322730041,UConn,Big East,Buffalo,Mid-American,Home,2012-09-29T16:00:00.000Z,True,False,24,17,W,93,96,-92.118
2012,6,322800164,UConn,Big East,Rutgers,Big East,Away,2012-10-06T16:00:00.000Z,True,False,3,19,L,39,45,36.736
2012,7,322870041,UConn,Big East,Temple,Big East,Home,2012-10-13T17:00:00.000Z,True,False,14,17,L,96,92,-88.162
2012,8,322930183,UConn,Big East,Syracuse,Big East,Away,2012-10-20T00:00:00.000Z,True,False,10,40,L,44,40,41.851
2012,10,323080058,UConn,Big East,South Florida,Big East,Away,2012-11-03T23:00:00.000Z,True,False,6,13,L,89,81,-55.703
2012,11,323140041,UConn,Big East,Pittsburgh,Big East,Home,2012-11-10T01:00:00.000Z,True,False,24,17,W,42,38,44.258
2012,13,323290097,UConn,Big East,Louisville,Big East,Away,2012-11-24T17:00:00.000Z,True,False,23,20,W,36,41,39.390
2012,14,323360041,UConn,Big East,Cincinnati,Big East,Home,2012-12-01T20:30:00.000Z,True,False,17,34,L,17,33,61.855
2012,1,323632433,UL Monroe,Sun Belt,Ohio,Mid-American,Home,2012-12-28T19:00:00.000Z,True,False,14,45,L,50,78,-45.147
2012,2,322520008,UL Monroe,Sun Belt,Arkansas,SEC,Away,2012-09-08T23:00:00.000Z,True,False,34,31,W,90,43,38.048
2012,3,322590002,UL Monroe,Sun Belt,Auburn,SEC,Away,2012-09-15T16:21:00.000Z,True,False,28,31,L,115,67,-28.451
2012,4,322652433,UL Monroe,Sun Belt,Baylor,Big 12,Home,2012-09-22T00:00:00.000Z,True,False,42,47,L,38,22,91.278
2012,5,322732655,UL Monroe,Sun Belt,Tulane,Conference USA,Away,2012-09-29T19:30:00.000Z,True,False,63,10,W,108,105,-109.745
2012,6,322802393,UL Monroe,Sun Belt,Middle Tennessee,Sun Belt,Away,2012-10-06T19:30:00.000Z,True,False,31,17,W,70,84,-63.898
2012,7,322872433,UL Monroe,Sun Belt,Florida Atlantic,Sun Belt,Home,2012-10-14T00:00:00.000Z,True,False,35,14,W,97,101,-105.289
2012,8,322940098,UL Monroe,Sun Belt,Western Kentucky,Sun Belt,Away,2012-10-20T20:00:00.000Z,True,False,43,42,W,58,70,-33.005
2012,9,323012433,UL Monroe,Sun Belt,South Alabama,Sun Belt,Home,2012-10-27T23:00:00.000Z,True,False,38,24,W,99,114,-145.180
2012,10,323082433,UL Monroe,Sun Belt,Louisiana,Sun Belt,Home,2012-11-03T20:00:00.000Z,True,False,24,40,L,46,61,-3.451
2012,11,323132032,UL Monroe,Sun Belt,Arkansas State,Sun Belt,Away,2012-11-09T00:00:00.000Z,True,False,23,45,L,31,50,25.203
2012,12,323222433,UL Monroe,Sun Belt,North Texas,Sun Belt,Home,2012-11-17T21:00:00.000Z,True,False,42,16,W,94,97,-93.586
2012,13,323292229,UL Monroe,Sun Belt,Florida International,Sun Belt,Away,2012-11-24T23:00:00.000Z,True,False,23,17,W,82,98,-95.365
2012,1,322432439,UNLV,Mountain West,Minnesota,Big Ten,Home,2012-08-31T03:00:00.000Z,True,False,27,30,L,79,74,-40.313
2012,3,322582439,UNLV,Mountain West,Washington State,Pac-12,Home,2012-09-15T01:00:00.000Z,True,False,27,35,L,103,75,-41.775
2012,4,322662439,UNLV,Mountain West,Air Force,Mountain West,Home,2012-09-23T02:00:00.000Z,True,False,38,35,W,72,94,-91.019
2012,7,322872439,UNLV,Mountain West,Nevada,Mountain West,Home,2012-10-13T19:00:00.000Z,True,False,37,42,L,51,76,-43.018
2012,8,322940068,UNLV,Mountain West,Boise State,Mountain West,Away,2012-10-20T19:30:00.000Z,True,False,7,32,L,8,32,62.237
2012,9,323010021,UNLV,Mountain West,San Diego State,Mountain West,Away,2012-10-28T00:00:00.000Z,True,False,13,24,L,26,54,16.330
2012,10,323082439,UNLV,Mountain West,New Mexico,Mountain West,Home,2012-11-03T20:00:00.000Z,True,False,35,7,W,106,111,-139.797
2012,11,323150036,UNLV,Mountain West,Colorado State,Mountain West,Away,2012-11-11T00:00:00.000Z,True,False,11,33,L,85,110,-131.823
2012,12,323222439,UNLV,Mountain West,Wyoming,Mountain West,Home,2012-11-17T21:00:00.000Z,True,False,23,28,L,92,100,-105.054
2012,13,323290062,UNLV,Mountain West,Hawai'i,Mountain West,Away,2012-11-25T04:00:00.000Z,True,False,10,48,L,111,112,-142.907
2012,1,322450030,USC,Pac-12,Hawai'i,Mountain West,Home,2012-09-01T23:30:00.000Z,True,False,49,10,W,111,112,-142.907
2012,1,323660059,USC,Pac-12,Georgia Tech,ACC,Away,2012-12-31T19:00:00.000Z,True,False,7,21,L,43,37,44.573
2012,2,322520183,USC,Pac-12,Syracuse,Big East,Away,2012-09-08T19:30:00.000Z,True,False,42,29,W,44,40,41.851
2012,3,322590024,USC,Pac-12,Stanford,Pac-12,Away,2012-09-15T23:30:00.000Z,True,False,14,21,L,16,10,129.045
2012,4,322660030,USC,Pac-12,California,Pac-12,Home,2012-09-22T22:00:00.000Z,True,False,27,9,W,100,58,-0.598
2012,6,322780254,USC,Pac-12,Utah,Pac-12,Away,2012-10-05T01:00:00.000Z,True,False,38,28,W,61,51,23.585
2012,7,322870264,USC,Pac-12,Washington,Pac-12,Away,2012-10-13T23:00:00.000Z,True,False,24,14,W,73,42,38.617
2012,8,322940030,USC,Pac-12,Colorado,Pac-12,Home,2012-10-20T22:00:00.000Z,True,False,50,6,W,116,103,-108.298
2012,9,323010012,USC,Pac-12,Arizona,Pac-12,Away,2012-10-27T19:30:00.000Z,True,False,36,39,L,68,26,76.143
2012,10,323080030,USC,Pac-12,Oregon,Pac-12,Home,2012-11-03T23:00:00.000Z,True,False,51,62,L,2,3,196.403
2012,11,323150030,USC,Pac-12,Arizona State,Pac-12,Home,2012-11-10T20:00:00.000Z,True,False,38,17,W,20,19,97.114
2012,12,323220026,USC,Pac-12,UCLA,Pac-12,Away,2012-11-17T20:05:00.000Z,True,False,28,38,L,32,23,81.767
2012,13,323290030,USC,Pac-12,Notre Dame,FBS Independents,Home,2012-11-25T01:00:00.000Z,True,False,13,22,L,9,6,145.367
2012,1,322452638,UTEP,Conference USA,Oklahoma,Big 12,Home,2012-09-02T02:30:00.000Z,True,False,7,24,L,22,11,124.835
2012,2,322520145,UTEP,Conference USA,Ole Miss,SEC,Away,2012-09-08T23:00:00.000Z,True,False,10,28,L,53,25,76.342
2012,4,322660275,UTEP,Conference USA,Wisconsin,Big Ten,Away,2012-09-22T16:00:00.000Z,True,False,26,37,L,14,17,100.234
2012,5,322730151,UTEP,Conference USA,East Carolina,Conference USA,Away,2012-09-29T23:00:00.000Z,True,False,18,28,L,71,88,-72.237
2012,6,322802638,UTEP,Conference USA,SMU,Conference USA,Home,2012-10-07T00:00:00.000Z,True,False,0,17,L,55,52,21.419
2012,7,322850202,UTEP,Conference USA,Tulsa,Conference USA,Away,2012-10-12T00:00:00.000Z,True,False,11,33,L,34,48,35.254
2012,8,322942638,UTEP,Conference USA,Tulane,Conference USA,Home,2012-10-21T00:00:00.000Z,True,False,24,20,W,108,105,-109.745
2012,9,323010248,UTEP,Conference USA,Houston,Conference USA,Away,2012-10-27T20:30:00.000Z,True,False,35,45,L,64,72,-37.687
2012,11,323152638,UTEP,Conference USA,UCF,Conference USA,Home,2012-11-11T00:00:00.000Z,True,False,24,31,L,12,34,55.172
2012,12,323222572,UTEP,Conference USA,Southern Miss,Conference USA,Away,2012-11-18T01:00:00.000Z,True,False,34,33,W,109,115,-150.325
2012,13,323292638,UTEP,Conference USA,Rice,Conference USA,Home,2012-11-25T00:00:00.000Z,True,False,24,33,L,52,68,-31.298
2012,3,322590254,Utah,Pac-12,BYU,FBS Independents,Home,2012-09-16T02:15:00.000Z,True,False,24,21,W,18,20,95.616
2012,4,322660009,Utah,Pac-12,Arizona State,Pac-12,Away,2012-09-23T02:00:00.000Z,True,False,7,37,L,20,19,97.114
2012,6,322780254,Utah,Pac-12,USC,Pac-12,Home,2012-10-05T01:00:00.000Z,True,False,28,38,L,28,21,94.761
2012,7,322870026,Utah,Pac-12,UCLA,Pac-12,Away,2012-10-13T19:00:00.000Z,True,False,14,21,L,32,23,81.767
2012,8,322940204,Utah,Pac-12,Oregon State,Pac-12,Away,2012-10-21T02:30:00.000Z,True,False,7,21,L,33,12,117.223
2012,9,323010254,Utah,Pac-12,California,Pac-12,Home,2012-10-28T01:45:00.000Z,True,False,49,27,W,100,58,-0.598
2012,10,323080254,Utah,Pac-12,Washington State,Pac-12,Home,2012-11-03T19:00:00.000Z,True,False,49,6,W,103,75,-41.775
2012,11,323150264,Utah,Pac-12,Washington,Pac-12,Away,2012-11-11T03:30:00.000Z,True,False,15,34,L,73,42,38.617
2012,12,323220254,Utah,Pac-12,Arizona,Pac-12,Home,2012-11-18T03:00:00.000Z,True,False,24,34,L,68,26,76.143
2012,13,323280038,Utah,Pac-12,Colorado,Pac-12,Away,2012-11-23T20:00:00.000Z,True,False,42,35,W,116,103,-108.298
2012,1,322430238,Vanderbilt,SEC,South Carolina,SEC,Home,2012-08-30T23:00:00.000Z,True,False,13,17,L,11,7,141.309
2012,1,323660238,Vanderbilt,SEC,NC State,ACC,Home,2012-12-31T17:00:00.000Z,True,False,38,24,W,59,63,-12.218
2012,2,322520077,Vanderbilt,SEC,Northwestern,Big Ten,Away,2012-09-09T00:00:00.000Z,True,False,13,23,L,30,29,73.383
2012,4,322660061,Vanderbilt,SEC,Georgia,SEC,Away,2012-09-22T23:45:00.000Z,True,False,3,48,L,6,8,140.999
2012,6,322800142,Vanderbilt,SEC,Missouri,SEC,Away,2012-10-06T23:00:00.000Z,True,False,19,15,W,84,36,48.968
2012,7,322870238,Vanderbilt,SEC,Florida,SEC,Home,2012-10-13T22:00:00.000Z,True,False,17,31,L,19,9,139.257
2012,8,322940238,Vanderbilt,SEC,Auburn,SEC,Home,2012-10-20T16:21:00.000Z,True,False,17,13,W,115,67,-28.451
2012,9,323010238,Vanderbilt,SEC,Massachusetts,Mid-American,Home,2012-10-27T23:00:00.000Z,True,False,49,7,W,117,117,-213.673
2012,10,323080096,Vanderbilt,SEC,Kentucky,SEC,Away,2012-11-03T16:00:00.000Z,True,False,40,0,W,110,85,-68.327
2012,11,323150145,Vanderbilt,SEC,Ole Miss,SEC,Away,2012-11-11T00:00:00.000Z,True,False,27,26,W,53,25,76.342
2012,12,323220238,Vanderbilt,SEC,Tennessee,SEC,Home,2012-11-18T00:00:00.000Z,True,False,41,18,W,60,39,42.917
2012,13,323290154,Vanderbilt,SEC,Wake Forest,ACC,Away,2012-11-24T20:30:00.000Z,True,False,55,21,W,102,86,-68.794
2012,2,322520258,Virginia,ACC,Penn State,Big Ten,Home,2012-09-08T16:00:00.000Z,True,False,17,16,W,21,30,71.532
2012,3,322590059,Virginia,ACC,Georgia Tech,ACC,Away,2012-09-15T19:30:00.000Z,True,False,20,56,L,43,37,44.573
2012,4,322662628,Virginia,ACC,TCU,Big 12,Away,2012-09-22T16:00:00.000Z,True,False,7,27,L,49,28,73.894
2012,6,322800150,Virginia,ACC,Duke,ACC,Away,2012-10-06T19:00:00.000Z,True,False,17,42,L,87,71,-37.419
2012,7,322870258,Virginia,ACC,Maryland,ACC,Home,2012-10-13T19:00:00.000Z,True,False,20,27,L,86,91,-75.986
2012,8,322940258,Virginia,ACC,Wake Forest,ACC,Home,2012-10-20T16:30:00.000Z,True,False,10,16,L,102,86,-68.794
2012,10,323080152,Virginia,ACC,NC State,ACC,Away,2012-11-03T16:30:00.000Z,True,False,33,6,W,59,63,-12.218
2012,11,323150258,Virginia,ACC,Miami,ACC,Home,2012-11-10T17:00:00.000Z,True,False,41,40,W,67,59,-1.598
2012,12,323200258,Virginia,ACC,North Carolina,ACC,Home,2012-11-16T00:30:00.000Z,True,False,13,37,L,41,56,11.687
2012,13,323290259,Virginia,ACC,Virginia Tech,ACC,Away,2012-11-24T17:00:00.000Z,True,False,14,17,L,62,57,1.155
2012,1,322470259,Virginia Tech,ACC,Georgia Tech,ACC,Home,2012-09-04T00:00:00.000Z,True,False,20,17,W,43,37,44.573
2012,1,323630259,Virginia Tech,ACC,Rutgers,Big East,Home,2012-12-28T22:30:00.000Z,True,False,13,10,W,39,45,36.736
2012,3,322590221,Virginia Tech,ACC,Pittsburgh,Big East,Away,2012-09-15T16:00:00.000Z,True,False,17,35,L,42,38,44.258
2012,4,322660259,Virginia Tech,ACC,Bowling Green,Mid-American,Home,2012-09-22T16:00:00.000Z,True,False,37,0,W,45,65,-26.347
2012,5,322732132,Virginia Tech,ACC,Cincinnati,Big East,Away,2012-09-29T19:30:00.000Z,True,False,24,27,L,17,33,61.855
2012,6,322800153,Virginia Tech,ACC,North Carolina,ACC,Away,2012-10-06T16:30:00.000Z,True,False,34,48,L,41,56,11.687
2012,7,322870259,Virginia Tech,ACC,Duke,ACC,Home,2012-10-13T16:30:00.000Z,True,False,41,20,W,87,71,-37.419
2012,8,322940228,Virginia Tech,ACC,Clemson,ACC,Away,2012-10-20T16:00:00.000Z,True,False,17,38,L,13,16,101.176
2012,10,323062390,Virginia Tech,ACC,Miami,ACC,Away,2012-11-01T23:30:00.000Z,True,False,12,30,L,67,59,-1.598
2012,11,323130259,Virginia Tech,ACC,Florida State,ACC,Home,2012-11-09T00:30:00.000Z,True,False,22,28,L,5,18,99.782
2012,12,323220103,Virginia Tech,ACC,Boston College,ACC,Away,2012-11-17T17:30:00.000Z,True,False,30,23,W,105,93,-88.616
2012,13,323290259,Virginia Tech,ACC,Virginia,ACC,Home,2012-11-24T17:00:00.000Z,True,False,17,14,W,88,87,-69.572
2012,2,322520154,Wake Forest,ACC,North Carolina,ACC,Home,2012-09-08T20:00:00.000Z,True,False,28,27,W,41,56,11.687
2012,3,322590052,Wake Forest,ACC,Florida State,ACC,Away,2012-09-15T16:00:00.000Z,True,False,0,52,L,5,18,99.782
2012,4,322660154,Wake Forest,ACC,Army,FBS Independents,Home,2012-09-22T16:30:00.000Z,True,False,49,37,W,98,109,-128.875
2012,5,322730154,Wake Forest,ACC,Duke,ACC,Home,2012-09-29T16:30:00.000Z,True,False,27,34,L,87,71,-37.419
2012,6,322800120,Wake Forest,ACC,Maryland,ACC,Away,2012-10-06T19:30:00.000Z,True,False,14,19,L,86,91,-75.986
2012,8,322940258,Wake Forest,ACC,Virginia,ACC,Away,2012-10-20T16:30:00.000Z,True,False,16,10,W,88,87,-69.572
2012,9,322990154,Wake Forest,ACC,Clemson,ACC,Home,2012-10-25T23:30:00.000Z,True,False,13,42,L,13,16,101.176
2012,10,323080154,Wake Forest,ACC,Boston College,ACC,Home,2012-11-03T19:30:00.000Z,True,False,28,14,W,105,93,-88.616
2012,11,323150152,Wake Forest,ACC,NC State,ACC,Away,2012-11-10T20:00:00.000Z,True,False,6,37,L,59,63,-12.218
2012,12,323220087,Wake Forest,ACC,Notre Dame,FBS Independents,Away,2012-11-17T20:30:00.000Z,True,False,0,38,L,9,6,145.367
2012,13,323290154,Wake Forest,ACC,Vanderbilt,SEC,Home,2012-11-24T20:30:00.000Z,True,False,21,55,L,35,31,62.643
2012,1,322450264,Washington,Pac-12,San Diego State,Mountain West,Home,2012-09-02T02:30:00.000Z,True,False,21,12,W,26,54,16.330
2012,1,323570068,Washington,Pac-12,Boise State,Mountain West,Away,2012-12-22T20:30:00.000Z,True,False,26,28,L,8,32,62.237
2012,2,322520099,Washington,Pac-12,LSU,SEC,Away,2012-09-08T23:00:00.000Z,True,False,3,41,L,25,4,156.605
2012,5,322710264,Washington,Pac-12,Stanford,Pac-12,Home,2012-09-28T01:00:00.000Z,True,False,17,13,W,16,10,129.045
2012,6,322802483,Washington,Pac-12,Oregon,Pac-12,Away,2012-10-07T02:30:00.000Z,True,False,21,52,L,2,3,196.403
2012,7,322870264,Washington,Pac-12,USC,Pac-12,Home,2012-10-13T23:00:00.000Z,True,False,14,24,L,28,21,94.761
2012,8,322940012,Washington,Pac-12,Arizona,Pac-12,Away,2012-10-21T02:00:00.000Z,True,False,17,52,L,68,26,76.143
2012,9,323010264,Washington,Pac-12,Oregon State,Pac-12,Home,2012-10-28T02:15:00.000Z,True,False,20,17,W,33,12,117.223
2012,10,323070025,Washington,Pac-12,California,Pac-12,Away,2012-11-03T01:00:00.000Z,True,False,21,13,W,100,58,-0.598
2012,11,323150264,Washington,Pac-12,Utah,Pac-12,Home,2012-11-11T03:30:00.000Z,True,False,34,15,W,61,51,23.585
2012,12,323220038,Washington,Pac-12,Colorado,Pac-12,Away,2012-11-17T18:30:00.000Z,True,False,38,3,W,116,103,-108.298
2012,13,323280265,Washington,Pac-12,Washington State,Pac-12,Away,2012-11-23T20:30:00.000Z,True,False,28,31,L,103,75,-41.775
2012,1,322430252,Washington State,Pac-12,BYU,FBS Independents,Away,2012-08-31T02:15:00.000Z,True,False,6,30,L,18,20,95.616
2012,3,322582439,Washington State,Pac-12,UNLV,Mountain West,Away,2012-09-15T01:00:00.000Z,True,False,35,27,W,91,108,-121.031
2012,4,322660265,Washington State,Pac-12,Colorado,Pac-12,Home,2012-09-22T20:00:00.000Z,True,False,34,35,L,116,103,-108.298
2012,5,322730265,Washington State,Pac-12,Oregon,Pac-12,Home,2012-09-30T02:30:00.000Z,True,False,26,51,L,2,3,196.403
2012,6,322800204,Washington State,Pac-12,Oregon State,Pac-12,Away,2012-10-06T22:00:00.000Z,True,False,6,19,L,33,12,117.223
2012,7,322870265,Washington State,Pac-12,California,Pac-12,Home,2012-10-14T02:30:00.000Z,True,False,17,31,L,100,58,-0.598
2012,9,323010024,Washington State,Pac-12,Stanford,Pac-12,Away,2012-10-27T22:15:00.000Z,True,False,17,24,L,16,10,129.045
2012,10,323080254,Washington State,Pac-12,Utah,Pac-12,Away,2012-11-03T19:00:00.000Z,True,False,6,49,L,61,51,23.585
2012,11,323150265,Washington State,Pac-12,UCLA,Pac-12,Home,2012-11-11T03:30:00.000Z,True,False,36,44,L,32,23,81.767
2012,12,323220009,Washington State,Pac-12,Arizona State,Pac-12,Away,2012-11-17T20:00:00.000Z,True,False,7,46,L,20,19,97.114
2012,13,323280265,Washington State,Pac-12,Washington,Pac-12,Home,2012-11-23T20:30:00.000Z,True,False,31,28,W,73,42,38.617
2012,1,322450277,West Virginia,Big 12,Marshall,Conference USA,Home,2012-09-01T16:00:00.000Z,True,False,69,34,W,76,90,-74.860
2012,1,323640183,West Virginia,Big 12,Syracuse,Big East,Away,2012-12-29T20:15:00.000Z,True,False,14,38,L,44,40,41.851
2012,4,322660277,West Virginia,Big 12,Maryland,ACC,Home,2012-09-22T16:00:00.000Z,True,False,31,21,W,86,91,-75.986
2012,5,322730277,West Virginia,Big 12,Baylor,Big 12,Home,2012-09-29T16:00:00.000Z,True,False,70,63,W,38,22,91.278
2012,6,322800251,West Virginia,Big 12,Texas,Big 12,Away,2012-10-06T23:00:00.000Z,True,False,48,45,W,29,13,104.333
2012,7,322872641,West Virginia,Big 12,Texas Tech,Big 12,Away,2012-10-13T19:30:00.000Z,True,False,14,49,L,69,53,20.550
2012,8,322940277,West Virginia,Big 12,Kansas State,Big 12,Home,2012-10-20T23:00:00.000Z,True,False,14,55,L,7,5,156.277
2012,10,323080277,West Virginia,Big 12,TCU,Big 12,Home,2012-11-03T19:00:00.000Z,True,False,38,39,L,49,28,73.894
2012,11,323150197,West Virginia,Big 12,Oklahoma State,Big 12,Away,2012-11-10T20:30:00.000Z,True,False,34,55,L,23,15,103.430
2012,12,323220277,West Virginia,Big 12,Oklahoma,Big 12,Home,2012-11-18T00:00:00.000Z,True,False,49,50,L,22,11,124.835
2012,13,323280066,West Virginia,Big 12,Iowa State,Big 12,Away,2012-11-23T20:30:00.000Z,True,False,31,24,W,66,47,36.509
2012,14,323360277,West Virginia,Big 12,Kansas,Big 12,Home,2012-12-01T19:30:00.000Z,True,False,59,10,W,114,82,-58.595
2012,1,323612117,Western Kentucky,Sun Belt,Central Michigan,Mid-American,Away,2012-12-27T00:30:00.000Z,True,False,21,24,L,74,95,-91.375
2012,2,322520333,Western Kentucky,Sun Belt,Alabama,SEC,Away,2012-09-08T19:30:00.000Z,True,False,0,35,L,1,1,245.635
2012,3,322590096,Western Kentucky,Sun Belt,Kentucky,SEC,Away,2012-09-15T23:00:00.000Z,True,False,32,31,W,110,85,-68.327
2012,4,322660098,Western Kentucky,Sun Belt,Southern Miss,Conference USA,Home,2012-09-22T23:00:00.000Z,True,False,42,17,W,109,115,-150.325
2012,5,322732032,Western Kentucky,Sun Belt,Arkansas State,Sun Belt,Away,2012-09-29T23:00:00.000Z,True,False,26,13,W,31,50,25.203
2012,7,322852653,Western Kentucky,Sun Belt,Troy,Sun Belt,Away,2012-10-11T23:30:00.000Z,True,False,31,26,W,57,79,-46.047
2012,8,322940098,Western Kentucky,Sun Belt,UL Monroe,Sun Belt,Home,2012-10-20T20:00:00.000Z,True,False,42,43,L,40,66,-27.565
2012,9,323012229,Western Kentucky,Sun Belt,Florida International,Sun Belt,Away,2012-10-27T22:00:00.000Z,True,False,14,6,W,82,98,-95.365
2012,10,323060098,Western Kentucky,Sun Belt,Middle Tennessee,Sun Belt,Home,2012-11-02T01:15:00.000Z,True,False,29,34,L,70,84,-63.898
2012,11,323150098,Western Kentucky,Sun Belt,Florida Atlantic,Sun Belt,Home,2012-11-10T18:00:00.000Z,True,False,28,37,L,97,101,-105.289
2012,12,323220309,Western Kentucky,Sun Belt,Louisiana,Sun Belt,Away,2012-11-18T00:00:00.000Z,True,False,27,31,L,46,61,-3.451
2012,13,323290098,Western Kentucky,Sun Belt,North Texas,Sun Belt,Home,2012-11-24T18:00:00.000Z,True,False,25,24,W,94,97,-93.586
2012,1,322450356,Western Michigan,Mid-American,Illinois,Big Ten,Away,2012-09-01T16:00:00.000Z,True,False,7,24,L,112,102,-106.656
2012,3,322590135,Western Michigan,Mid-American,Minnesota,Big Ten,Away,2012-09-15T16:00:00.000Z,True,False,23,28,L,79,74,-40.313
2012,4,322662711,Western Michigan,Mid-American,UConn,Big East,Home,2012-09-22T18:34:00.000Z,True,False,30,24,W,63,80,-48.347
2012,5,322732711,Western Michigan,Mid-American,Toledo,Mid-American,Home,2012-09-29T23:00:00.000Z,True,False,17,37,L,37,62,-7.102
2012,6,322802711,Western Michigan,Mid-American,Massachusetts,Mid-American,Home,2012-10-06T18:00:00.000Z,True,False,52,14,W,117,117,-213.673
2012,7,322872050,Western Michigan,Mid-American,Ball State,Mid-American,Away,2012-10-13T19:00:00.000Z,True,False,24,30,L,56,73,-38.853
2012,8,322942309,Western Michigan,Mid-American,Kent State,Mid-American,Away,2012-10-20T19:30:00.000Z,True,False,24,41,L,27,60,-3.246
2012,9,323012711,Western Michigan,Mid-American,Northern Illinois,Mid-American,Home,2012-10-27T16:00:00.000Z,True,False,34,48,L,4,55,12.518
2012,10,323082117,Western Michigan,Mid-American,Central Michigan,Mid-American,Away,2012-11-03T17:00:00.000Z,True,False,42,31,W,74,95,-91.375
2012,11,323152084,Western Michigan,Mid-American,Buffalo,Mid-American,Away,2012-11-10T20:30:00.000Z,True,False,24,29,L,93,96,-92.118
2012,12,323222711,Western Michigan,Mid-American,Eastern Michigan,Mid-American,Home,2012-11-17T19:00:00.000Z,True,False,23,29,L,107,113,-144.638
2012,1,330010024,Wisconsin,Big Ten,Stanford,Pac-12,Away,2013-01-01T22:00:00.000Z,True,False,14,20,L,16,10,129.045
2012,2,322520204,Wisconsin,Big Ten,Oregon State,Pac-12,Away,2012-09-08T20:00:00.000Z,True,False,7,10,L,33,12,117.223
2012,4,322660275,Wisconsin,Big Ten,UTEP,Conference USA,Home,2012-09-22T16:00:00.000Z,True,False,37,26,W,95,89,-74.197
2012,5,322730158,Wisconsin,Big Ten,Nebraska,Big Ten,Away,2012-09-30T00:00:00.000Z,True,False,27,30,L,48,24,79.911
2012,6,322800275,Wisconsin,Big Ten,Illinois,Big Ten,Home,2012-10-06T19:30:00.000Z,True,False,31,14,W,112,102,-106.656
2012,7,322872509,Wisconsin,Big Ten,Purdue,Big Ten,Away,2012-10-13T16:00:00.000Z,True,False,38,14,W,78,69,-31.878
2012,8,322940275,Wisconsin,Big Ten,Minnesota,Big Ten,Home,2012-10-20T16:00:00.000Z,True,False,38,13,W,79,74,-40.313
2012,9,323010275,Wisconsin,Big Ten,Michigan State,Big Ten,Home,2012-10-27T19:30:00.000Z,True,False,13,16,L,47,35,54.944
2012,11,323150084,Wisconsin,Big Ten,Indiana,Big Ten,Away,2012-11-10T17:00:00.000Z,True,False,62,14,W,80,77,-45.073
2012,12,323220275,Wisconsin,Big Ten,Ohio State,Big Ten,Home,2012-11-17T20:30:00.000Z,True,False,14,21,L,10,14,103.539
2012,13,323290213,Wisconsin,Big Ten,Penn State,Big Ten,Away,2012-11-24T20:30:00.000Z,True,False,21,24,L,21,30,71.532
2012,14,323360275,Wisconsin,Big Ten,Nebraska,Big Ten,Home,2012-12-02T01:17:00.000Z,True,False,70,31,W,48,24,79.911
2012,1,322450251,Wyoming,Mountain West,Texas,Big 12,Away,2012-09-02T00:00:00.000Z,True,False,17,37,L,29,13,104.333
2012,2,322522751,Wyoming,Mountain West,Toledo,Mid-American,Home,2012-09-08T20:00:00.000Z,True,False,31,34,L,37,62,-7.102
2012,6,322802440,Wyoming,Mountain West,Nevada,Mountain West,Away,2012-10-06T23:05:00.000Z,True,False,28,35,L,51,76,-43.018
2012,7,322872751,Wyoming,Mountain West,Air Force,Mountain West,Home,2012-10-13T23:00:00.000Z,True,False,27,28,L,72,94,-91.019
2012,8,322940278,Wyoming,Mountain West,Fresno State,Mountain West,Away,2012-10-21T02:30:00.000Z,True,False,14,42,L,15,44,37.320
2012,9,323012751,Wyoming,Mountain West,Boise State,Mountain West,Home,2012-10-27T19:30:00.000Z,True,False,14,45,L,8,32,62.237
2012,10,323082751,Wyoming,Mountain West,Colorado State,Mountain West,Home,2012-11-03T20:30:00.000Z,True,False,45,31,W,85,110,-131.823
2012,11,323150167,Wyoming,Mountain West,New Mexico,Mountain West,Away,2012-11-10T20:30:00.000Z,True,False,28,23,W,106,111,-139.797
2012,12,323222439,Wyoming,Mountain West,UNLV,Mountain West,Away,2012-11-17T21:00:00.000Z,True,False,28,23,W,91,108,-121.031
2012,13,323292751,Wyoming,Mountain West,San Diego State,Mountain West,Home,2012-11-24T20:30:00.000Z,True,False,28,42,L,26,54,16.330
