Season,Week,Rk,Team,Conference,W,L,NetRtg,AdjRtg,AdjRk,Win %,PyW %,Luck,Luck Z,Ortg,DRtg,PF,PA,ODrives,DDrives,SOS,SOS rank
2012,1,1,Notre Dame,FBS Independents,1,0,416.667,148.333,1,1.000,0.858,0.142,0.422,500.000,83.333,50,10,10,12,-148.333,76
2012,1,2,USC,Pac-12,1,0,336.905,122.619,5,1.000,0.834,0.166,0.492,408.333,71.429,49,10,12,14,-122.619,72
2012,1,3,UConn,Big East,1,0,336.364,127.273,3,1.000,0.887,0.113,0.335,336.364,0.000,37,0,11,13,-127.273,75
2012,1,4,Ohio State,Big Ten,1,0,310.833,95.417,13,1.000,0.797,0.203,0.601,373.333,62.500,56,10,15,16,-95.417,64
2012,1,5,West Virginia,Big 12,1,0,304.103,125.128,4,1.000,0.761,0.239,0.710,530.769,226.667,69,34,13,15,-125.128,73
2012,1,6,UCF,Conference USA,1,0,300.000,100.000,11,1.000,0.782,0.218,0.645,400.000,100.000,56,14,14,14,-100.000,66
2012,1,7,Baylor,Big 12,1,0,282.418,114.286,8,1.000,0.769,0.231,0.685,453.846,171.429,59,24,13,14,-114.286,69
2012,1,8,Nebraska,Big Ten,1,0,263.636,127.273,2,1.000,0.782,0.218,0.645,445.455,181.818,49,20,11,11,-127.273,74
2012,1,9,BYU,FBS Independents,1,0,240.000,120.000,6,1.000,0.837,0.163,0.482,300.000,60.000,30,6,10,10,-120.000,71
2012,1,10,LSU,SEC,1,0,233.974,116.987,7,1.000,0.805,0.195,0.578,341.667,107.692,41,14,12,13,-116.987,70
2012,1,11,Alabama,SEC,1,0,215.385,107.692,9,1.000,0.795,0.205,0.607,315.385,100.000,41,14,13,14,-107.692,68
2012,1,12,UCLA,Pac-12,1,0,208.824,104.412,10,1.000,0.768,0.232,0.688,350.000,141.176,49,24,14,17,-104.412,67
2012,1,13,Louisville,Big East,1,0,192.727,96.364,12,1.000,0.761,0.239,0.707,320.000,127.273,32,14,10,11,-96.364,65
2012,1,14,Texas,Big 12,1,0,177.564,88.782,14,1.000,0.746,0.254,0.753,308.333,130.769,37,17,12,13,-88.782,63
2012,1,15,Oregon,Pac-12,1,0,137.143,68.571,15,1.000,0.663,0.337,1.000,380.000,242.857,57,34,15,14,-68.571,62
2012,1,16,Georgia,SEC,1,0,135.714,67.857,16,1.000,0.689,0.311,0.923,300.000,164.286,45,23,15,14,-67.857,61
2012,1,17,Illinois,Big Ten,1,0,124.762,62.381,17,1.000,0.736,0.264,0.782,171.429,46.667,24,7,14,15,-62.381,60
2012,1,18,Washington,Pac-12,1,0,124.242,62.121,18,1.000,0.700,0.300,0.889,233.333,109.091,21,12,9,11,-62.121,59
2012,1,19,Duke,ACC,1,0,120.952,60.476,19,1.000,0.664,0.336,0.994,306.667,185.714,46,26,15,14,-60.476,58
2012,1,20,Oklahoma,Big 12,1,0,106.154,53.077,20,1.000,0.706,0.294,0.871,160.000,53.846,24,7,15,13,-53.077,57
2012,1,21,Miami,ACC,1,0,102.051,51.026,21,1.000,0.635,0.365,1.083,315.385,213.333,41,32,13,15,-51.026,56
2012,1,22,Tennessee,SEC,1,0,93.333,46.667,22,1.000,0.647,0.353,1.045,233.333,140.000,35,21,15,15,-46.667,55
2012,1,23,Rutgers,Big East,1,0,90.909,45.455,23,1.000,0.656,0.344,1.019,200.000,109.091,24,12,12,11,-45.455,54
2012,1,24,Ball State,Mid-American,1,0,78.571,39.286,24,1.000,0.614,0.386,1.144,264.286,185.714,37,26,14,14,-39.286,53
2012,1,25,Clemson,ACC,1,0,78.030,39.015,25,1.000,0.621,0.379,1.123,236.364,158.333,26,19,11,12,-39.015,52
2012,1,26,Iowa State,Big 12,1,0,75.817,37.908,26,1.000,0.625,0.375,1.111,211.111,135.294,38,23,18,17,-37.908,51
2012,1,27,Florida,SEC,1,0,72.308,36.154,27,1.000,0.629,0.371,1.099,180.000,107.692,27,14,15,13,-36.154,50
2012,1,28,Troy,Sun Belt,1,0,66.667,33.333,28,1.000,0.597,0.403,1.195,260.000,193.333,39,29,15,15,-33.333,49
2012,1,29,Northwestern,Big Ten,1,0,49.744,24.872,29,1.000,0.562,0.438,1.297,323.077,273.333,42,41,13,15,-24.872,48
2012,1,30,Ohio,Mid-American,1,0,44.615,22.308,30,1.000,0.577,0.423,1.255,184.615,140.000,24,14,13,10,-22.308,47
2012,1,31,Minnesota,Big Ten,1,0,41.176,20.588,31,1.000,0.568,0.432,1.281,200.000,158.824,30,27,15,17,-20.588,46
2012,1,32,Nevada,Mountain West,1,0,35.238,17.619,32,1.000,0.557,0.443,1.314,206.667,171.429,31,24,15,14,-17.619,45
2012,1,33,Colorado State,Mountain West,1,0,26.374,13.187,33,1.000,0.548,0.452,1.340,157.143,130.769,22,17,14,13,-13.187,44
2012,1,34,Michigan State,Big Ten,1,0,23.485,11.742,34,1.000,0.545,0.455,1.350,141.667,118.182,17,13,12,11,-11.742,43
2012,1,35,Virginia Tech,ACC,1,0,23.077,11.538,35,1.000,0.542,0.458,1.357,153.846,130.769,20,17,13,13,-11.538,42
2012,1,36,South Carolina,SEC,1,0,22.436,11.218,36,1.000,0.544,0.456,1.352,130.769,108.333,17,13,13,12,-11.218,41
2012,1,37,Arizona,Pac-12,1,0,19.231,9.615,37,1.000,0.535,0.465,1.377,150.000,130.769,24,17,16,13,-9.615,40
2012,1,38,Northern Illinois,Mid-American,0,1,4.545,2.273,38,0.000,0.508,-0.508,-1.506,154.545,150.000,17,18,11,12,-2.273,39
2012,1,39,Iowa,Big Ten,1,0,-4.545,-2.273,39,1.000,0.492,0.508,1.506,150.000,154.545,18,17,12,11,2.273,38
2012,1,40,Toledo,Mid-American,0,1,-19.231,-9.615,40,0.000,0.465,-0.465,-1.377,130.769,150.000,17,24,13,16,9.615,37
2012,1,41,Vanderbilt,SEC,0,1,-22.436,-11.218,41,0.000,0.456,-0.456,-1.352,108.333,130.769,13,17,12,13,11.218,36
2012,1,42,Georgia Tech,ACC,0,1,-23.077,-11.538,42,0.000,0.458,-0.458,-1.357,130.769,153.846,17,20,13,13,11.538,35
2012,1,43,Boise State,Mountain West,0,1,-23.485,-11.742,43,0.000,0.455,-0.455,-1.350,118.182,141.667,13,17,11,12,11.742,34
2012,1,44,Colorado,Pac-12,0,1,-26.374,-13.187,44,0.000,0.452,-0.452,-1.340,130.769,157.143,17,22,13,14,13.187,33
2012,1,45,California,Pac-12,0,1,-35.238,-17.619,45,0.000,0.443,-0.443,-1.314,171.429,206.667,24,31,14,15,17.619,32
2012,1,46,UNLV,Mountain West,0,1,-41.176,-20.588,46,0.000,0.432,-0.432,-1.281,158.824,200.000,27,30,17,15,20.588,31
2012,1,47,Penn State,Big Ten,0,1,-44.615,-22.308,47,0.000,0.423,-0.423,-1.255,140.000,184.615,14,24,10,13,22.308,30
2012,1,48,Syracuse,Big East,0,1,-49.744,-24.872,48,0.000,0.438,-0.438,-1.297,273.333,323.077,41,42,15,13,24.872,29
2012,1,49,UAB,Conference USA,0,1,-66.667,-33.333,49,0.000,0.403,-0.403,-1.195,193.333,260.000,29,39,15,15,33.333,28
2012,1,50,Bowling Green,Mid-American,0,1,-72.308,-36.154,50,0.000,0.371,-0.371,-1.099,107.692,180.000,14,27,13,15,36.154,27
2012,1,51,Tulsa,Conference USA,0,1,-75.817,-37.908,51,0.000,0.375,-0.375,-1.111,135.294,211.111,23,38,17,18,37.908,26
2012,1,52,Auburn,SEC,0,1,-78.030,-39.015,52,0.000,0.379,-0.379,-1.123,158.333,236.364,19,26,12,11,39.015,25
2012,1,53,Eastern Michigan,Mid-American,0,1,-78.571,-39.286,53,0.000,0.386,-0.386,-1.144,185.714,264.286,26,37,14,14,39.286,24
2012,1,54,Tulane,Conference USA,0,1,-90.909,-45.455,54,0.000,0.344,-0.344,-1.019,109.091,200.000,12,24,11,12,45.455,23
2012,1,55,NC State,ACC,0,1,-93.333,-46.667,55,0.000,0.353,-0.353,-1.045,140.000,233.333,21,35,15,15,46.667,22
2012,1,56,Boston College,ACC,0,1,-102.051,-51.026,56,0.000,0.365,-0.365,-1.083,213.333,315.385,32,41,15,13,51.026,21
2012,1,57,UTEP,Conference USA,0,1,-106.154,-53.077,57,0.000,0.294,-0.294,-0.871,53.846,160.000,7,24,13,15,53.077,20
2012,1,58,Florida International,Sun Belt,0,1,-120.952,-60.476,58,0.000,0.336,-0.336,-0.994,185.714,306.667,26,46,14,15,60.476,19
2012,1,59,San Diego State,Mountain West,0,1,-124.242,-62.121,59,0.000,0.300,-0.300,-0.889,109.091,233.333,12,21,11,9,62.121,18
2012,1,60,Western Michigan,Mid-American,0,1,-124.762,-62.381,60,0.000,0.264,-0.264,-0.782,46.667,171.429,7,24,15,14,62.381,17
2012,1,61,Buffalo,Mid-American,0,1,-135.714,-67.857,61,0.000,0.311,-0.311,-0.923,164.286,300.000,23,45,14,15,67.857,16
2012,1,62,Arkansas State,Sun Belt,0,1,-137.143,-68.571,62,0.000,0.337,-0.337,-1.000,242.857,380.000,34,57,14,15,68.571,15
2012,1,63,Wyoming,Mountain West,0,1,-177.564,-88.782,63,0.000,0.254,-0.254,-0.753,130.769,308.333,17,37,13,12,88.782,14
2012,1,64,Kentucky,SEC,0,1,-192.727,-96.364,65,0.000,0.239,-0.239,-0.707,127.273,320.000,14,32,11,10,96.364,12
2012,1,65,Rice,Conference USA,0,1,-208.824,-104.412,67,0.000,0.232,-0.232,-0.688,141.176,350.000,24,49,17,14,104.412,10
2012,1,66,Michigan,Big Ten,0,1,-215.385,-107.692,68,0.000,0.205,-0.205,-0.607,100.000,315.385,14,41,14,13,107.692,9
2012,1,67,North Texas,Sun Belt,0,1,-233.974,-116.987,70,0.000,0.195,-0.195,-0.578,107.692,341.667,14,41,13,12,116.987,7
2012,1,68,Washington State,Pac-12,0,1,-240.000,-120.000,71,0.000,0.163,-0.163,-0.482,60.000,300.000,6,30,10,10,120.000,6
2012,1,69,Southern Miss,Conference USA,0,1,-263.636,-127.273,74,0.000,0.218,-0.218,-0.645,181.818,445.455,20,49,11,11,127.273,2
2012,1,70,SMU,Conference USA,0,1,-282.418,-114.286,69,0.000,0.231,-0.231,-0.685,171.429,453.846,24,59,14,13,114.286,8
2012,1,71,Akron,Mid-American,0,1,-300.000,-100.000,66,0.000,0.218,-0.218,-0.645,100.000,400.000,14,56,14,14,100.000,11
2012,1,72,Marshall,Conference USA,0,1,-304.103,-125.128,73,0.000,0.239,-0.239,-0.710,226.667,530.769,34,69,15,13,125.128,4
2012,1,73,Miami (OH),Mid-American,0,1,-310.833,-95.417,64,0.000,0.203,-0.203,-0.601,62.500,373.333,10,56,16,15,95.417,13
2012,1,74,Massachusetts,Mid-American,0,1,-336.364,-127.273,75,0.000,0.113,-0.113,-0.335,0.000,336.364,0,37,13,11,127.273,3
2012,1,75,Hawai'i,Mountain West,0,1,-336.905,-122.619,72,0.000,0.166,-0.166,-0.492,71.429,408.333,10,49,14,12,122.619,5
2012,1,76,Navy,FBS Independents,0,1,-416.667,-148.333,76,0.000,0.142,-0.142,-0.422,83.333,500.000,10,50,12,10,148.333,1
2012,2,1,Kansas State,Big 12,1,0,427.143,245.446,2,1.000,0.996,0.004,0.120,520.000,92.857,52,13,10,14,-71.697,96
2012,2,3,Texas,Big 12,2,0,298.814,178.905,7,1.000,0.977,0.023,0.177,372.727,73.913,82,17,22,23,-49.877,89
2012,2,4,LSU,SEC,2,0,288.522,298.147,1,1.000,0.981,0.019,0.167,356.522,68.000,82,17,23,25,52.751,28
2012,2,5,West Virginia,Big 12,1,0,304.103,125.128,4,1.000,0.761,0.239,0.710,530.769,226.667,69,34,13,15,-125.128,73
2012,2,6,Stanford,Pac-12,1,0,270.476,183.840,5,1.000,0.974,0.026,0.186,357.143,86.667,50,13,14,15,-22.351,76
2012,2,7,Arizona State,Pac-12,1,0,267.308,203.126,4,1.000,0.953,0.047,0.250,375.000,107.692,45,14,12,13,-39.182,84
2012,2,7,Baylor,Big 12,1,0,282.418,114.286,8,1.000,0.769,0.231,0.685,453.846,171.429,59,24,13,14,-114.286,69
2012,2,8,Alabama,SEC,2,0,260.667,179.283,6,1.000,0.946,0.054,0.273,316.667,56.000,76,14,24,25,-55.682,92
2012,2,9,BYU,FBS Independents,1,0,240.000,120.000,6,1.000,0.837,0.163,0.482,300.000,60.000,30,6,10,10,-120.000,71
2012,2,9,Indiana,Big Ten,1,0,257.143,-30.680,73,1.000,0.318,0.682,2.156,300.000,42.857,45,6,15,14,-214.489,111
2012,2,10,Ohio State,Big Ten,2,0,241.758,167.404,8,1.000,0.880,0.120,0.470,334.615,92.857,87,26,26,28,-2.255,63
2012,2,12,USC,Pac-12,2,0,224.714,141.656,12,1.000,0.846,0.154,0.572,364.000,139.286,91,39,25,28,-38.930,83
2012,2,13,Louisville,Big East,1,0,192.727,96.364,12,1.000,0.761,0.239,0.707,320.000,127.273,32,14,10,11,-96.364,65
2012,2,13,Notre Dame,FBS Independents,2,0,205.682,107.222,17,1.000,0.736,0.264,0.902,318.182,112.500,70,27,22,24,-53.611,91
2012,2,15,Cincinnati,Big East,1,0,178.205,89.103,22,1.000,0.767,0.233,0.809,261.538,83.333,34,10,13,12,-89.103,103
2012,2,16,South Carolina,SEC,2,0,155.556,29.312,38,1.000,0.580,0.420,1.368,240.741,85.185,65,23,27,27,-84.287,102
2012,2,17,Michigan State,Big Ten,2,0,146.429,81.717,24,1.000,0.702,0.298,1.002,241.667,95.238,58,20,24,21,-40.859,86
2012,2,18,Georgia,SEC,2,0,143.044,93.618,21,1.000,0.702,0.298,1.002,277.419,134.375,86,43,31,32,-46.809,88
2012,2,19,Clemson,ACC,2,0,141.000,98.135,19,1.000,0.763,0.237,0.820,325.000,184.000,78,46,24,25,-37.034,81
2012,2,20,Oklahoma,Big 12,1,0,106.154,53.077,20,1.000,0.706,0.294,0.871,160.000,53.846,24,7,15,13,-53.077,57
2012,2,20,Ole Miss,SEC,1,0,138.462,56.923,32,1.000,0.746,0.254,0.870,215.385,76.923,28,10,13,13,-81.538,99
2012,2,21,UConn,Big East,1,1,134.748,40.056,35,0.500,0.748,-0.248,-0.634,169.231,34.483,44,10,26,29,-79.300,98
2012,2,22,Mississippi State,SEC,1,0,128.571,148.676,11,1.000,0.936,0.064,0.302,200.000,71.429,28,10,14,14,20.105,42
2012,2,22,Tennessee,SEC,1,0,93.333,46.667,22,1.000,0.647,0.353,1.045,233.333,140.000,35,21,15,15,-46.667,55
2012,2,23,Middle Tennessee,Sun Belt,1,0,127.273,63.636,30,1.000,0.679,0.321,1.071,281.818,154.545,31,17,11,11,-63.636,95
2012,2,23,Rutgers,Big East,1,0,90.909,45.455,23,1.000,0.656,0.344,1.019,200.000,109.091,24,12,12,11,-45.455,54
2012,2,24,Oregon,Pac-12,2,0,126.552,106.520,18,1.000,0.741,0.259,0.887,330.000,203.448,99,59,30,29,-18.718,72
2012,2,25,UCLA,Pac-12,2,0,115.370,150.374,9,1.000,0.934,0.066,0.306,274.194,158.824,85,54,31,34,28.316,38
2012,2,26,San Diego State,Mountain West,1,1,107.510,-82.914,89,0.500,0.298,0.202,0.714,234.783,127.273,54,28,23,22,-139.703,109
2012,2,28,UCF,Conference USA,1,1,96.923,18.919,46,0.500,0.560,-0.060,-0.071,276.923,180.000,72,45,26,25,-6.838,66
2012,2,30,Ohio,Mid-American,1,0,44.615,22.308,30,1.000,0.577,0.423,1.255,184.615,140.000,24,14,13,10,-22.308,47
2012,2,31,Minnesota,Big Ten,1,0,41.176,20.588,31,1.000,0.568,0.432,1.281,200.000,158.824,30,27,15,17,-20.588,46
2012,2,31,Nebraska,Big Ten,1,1,82.143,115.080,15,0.500,0.765,-0.265,-0.685,282.143,200.000,79,56,28,28,5.455,54
2012,2,32,Louisiana,Sun Belt,1,0,71.250,69.722,28,1.000,0.803,0.197,0.699,231.250,160.000,37,24,16,15,-1.528,60
2012,2,33,Arizona,Pac-12,2,0,69.720,23.777,42,1.000,0.587,0.413,1.347,259.375,189.655,83,55,32,29,-51.464,90
2012,2,33,Colorado State,Mountain West,1,0,26.374,13.187,33,1.000,0.548,0.452,1.340,157.143,130.769,22,17,14,13,-13.187,44
2012,2,34,Tulsa,Conference USA,1,1,64.516,18.160,47,0.500,0.549,-0.049,-0.038,219.355,154.839,68,48,31,31,-41.184,87
2012,2,35,Maryland,ACC,1,0,60.000,30.000,37,1.000,0.589,0.411,1.343,240.000,180.000,36,27,15,15,-30.000,77
2012,2,35,Virginia Tech,ACC,1,0,23.077,11.538,35,1.000,0.542,0.458,1.357,153.846,130.769,20,17,13,13,-11.538,42
2012,2,36,Kentucky,SEC,1,1,56.126,13.535,48,0.500,0.529,-0.029,0.022,265.217,209.091,61,46,23,22,-6.768,65
2012,2,37,Iowa State,Big 12,2,0,53.327,93.977,20,1.000,0.833,0.167,0.611,146.875,93.548,47,29,32,31,45.355,30
2012,2,38,Florida,SEC,2,0,53.217,34.103,36,1.000,0.586,0.414,1.352,188.000,134.783,47,31,25,23,-17.051,71
2012,2,38,Northern Illinois,Mid-American,0,1,4.545,2.273,38,0.000,0.508,-0.508,-1.506,154.545,150.000,17,18,11,12,-2.273,39
2012,2,39,Northwestern,Big Ten,2,0,50.000,75.466,26,1.000,0.682,0.318,1.063,250.000,200.000,65,54,26,27,16.299,45
2012,2,42,Georgia Tech,ACC,0,1,-23.077,-11.538,42,0.000,0.458,-0.458,-1.357,130.769,153.846,17,20,13,13,11.538,35
2012,2,43,Boise State,Mountain West,0,1,-23.485,-11.742,43,0.000,0.455,-0.455,-1.350,118.182,141.667,13,17,11,12,11.742,34
2012,2,43,Oregon State,Pac-12,1,0,23.077,11.538,50,1.000,0.552,0.448,1.452,76.923,53.846,10,7,13,13,-11.538,69
2012,2,44,Colorado,Pac-12,0,1,-26.374,-13.187,44,0.000,0.452,-0.452,-1.340,130.769,157.143,17,22,13,14,13.187,33
2012,2,45,California,Pac-12,0,1,-35.238,-17.619,45,0.000,0.443,-0.443,-1.314,171.429,206.667,24,31,14,15,17.619,32
2012,2,45,South Florida,Big East,1,0,21.905,26.349,39,1.000,0.605,0.395,1.293,228.571,206.667,32,31,14,15,4.444,56
2012,2,46,UNLV,Mountain West,0,1,-41.176,-20.588,46,0.000,0.432,-0.432,-1.281,158.824,200.000,27,30,17,15,20.588,31
2012,2,46,Virginia,ACC,1,0,21.212,-0.730,59,1.000,0.496,0.504,1.621,154.545,133.333,17,16,11,12,-21.943,74
2012,2,47,UL Monroe,Sun Belt,1,0,20.000,10.000,52,1.000,0.529,0.471,1.521,226.667,206.667,34,31,15,15,-10.000,67
2012,2,48,Wake Forest,ACC,1,0,7.692,3.846,57,1.000,0.511,0.489,1.575,215.385,207.692,28,27,13,13,-3.846,64
2012,2,49,Nevada,Mountain West,1,1,6.667,4.444,55,0.500,0.510,-0.010,0.079,206.667,200.000,62,56,30,28,-2.222,62
2012,2,49,UAB,Conference USA,0,1,-66.667,-33.333,49,0.000,0.403,-0.403,-1.195,193.333,260.000,29,39,15,15,33.333,28
2012,2,50,Bowling Green,Mid-American,0,1,-72.308,-36.154,50,0.000,0.371,-0.371,-1.099,107.692,180.000,14,27,13,15,36.154,27
2012,2,51,Toledo,Mid-American,1,1,-0.275,4.546,54,0.500,0.516,-0.016,0.062,196.154,196.429,51,55,26,28,12.559,49
2012,2,52,Troy,Sun Belt,1,1,-2.903,-1.528,60,0.500,0.497,0.003,0.120,210.000,212.903,63,66,30,31,0.764,59
2012,2,53,Eastern Michigan,Mid-American,0,1,-78.571,-39.286,53,0.000,0.386,-0.386,-1.144,185.714,264.286,26,37,14,14,39.286,24
2012,2,53,North Carolina,ACC,0,1,-7.692,-3.846,61,0.000,0.489,-0.489,-1.356,207.692,215.385,27,28,13,13,3.846,58
2012,2,54,Kansas,Big 12,0,1,-9.091,-67.540,82,0.000,0.212,-0.212,-0.528,218.182,227.273,24,25,11,11,-58.449,93
2012,2,55,Iowa,Big Ten,1,1,-11.692,72.549,27,0.500,0.844,-0.344,-0.924,92.308,104.000,24,26,26,25,85.536,21
2012,2,56,Arkansas,SEC,0,1,-20.000,-10.000,63,0.000,0.471,-0.471,-1.302,206.667,226.667,31,34,15,15,10.000,53
2012,2,56,Boston College,ACC,0,1,-102.051,-51.026,56,0.000,0.365,-0.365,-1.083,213.333,315.385,32,41,15,13,51.026,21
2012,2,58,Wisconsin,Big Ten,0,1,-23.077,-11.538,65,0.000,0.448,-0.448,-1.233,53.846,76.923,7,10,13,13,11.538,50
2012,2,60,Purdue,Big Ten,0,1,-25.000,82.222,23,0.000,0.904,-0.904,-2.602,141.667,166.667,17,20,12,12,107.222,13
2012,2,60,Western Michigan,Mid-American,0,1,-124.762,-62.381,60,0.000,0.264,-0.264,-0.782,46.667,171.429,7,24,15,14,62.381,17
2012,2,61,Buffalo,Mid-American,0,1,-135.714,-67.857,61,0.000,0.311,-0.311,-0.923,164.286,300.000,23,45,14,15,67.857,16
2012,2,62,Texas A&M,SEC,0,1,-30.000,4.103,56,0.000,0.517,-0.517,-1.442,170.000,200.000,17,20,10,10,34.103,34
2012,2,63,Florida International,Sun Belt,1,1,-30.625,-143.303,101,0.500,0.138,0.362,1.195,209.375,240.000,67,84,32,35,-101.716,105
2012,2,64,Air Force,Mountain West,0,1,-31.818,-67.920,83,0.000,0.324,-0.324,-0.861,250.000,281.818,25,31,10,11,-36.101,80
2012,2,65,Penn State,Big Ten,0,2,-34.470,-21.943,68,0.000,0.443,-0.443,-1.219,136.364,170.833,30,41,22,24,10.971,52
2012,2,67,Memphis,Conference USA,0,1,-38.462,-69.084,85,0.000,0.275,-0.275,-0.716,215.385,253.846,28,33,13,13,-30.623,78
2012,2,67,North Texas,Sun Belt,0,1,-233.974,-116.987,70,0.000,0.195,-0.195,-0.578,107.692,341.667,14,41,13,12,116.987,7
2012,2,68,NC State,ACC,1,1,-40.000,55.890,33,0.500,0.696,-0.196,-0.479,100.000,140.000,31,42,31,30,94.640,16
2012,2,68,Washington State,Pac-12,0,1,-240.000,-120.000,71,0.000,0.163,-0.163,-0.482,60.000,300.000,6,30,10,10,120.000,6
2012,2,69,Southern Miss,Conference USA,0,1,-263.636,-127.273,74,0.000,0.218,-0.218,-0.645,181.818,445.455,20,49,11,11,127.273,2
2012,2,70,SMU,Conference USA,0,1,-282.418,-114.286,69,0.000,0.231,-0.231,-0.685,171.429,453.846,24,59,14,13,114.286,8
2012,2,70,Vanderbilt,SEC,0,2,-45.513,6.876,53,0.000,0.542,-0.542,-1.516,108.333,153.846,26,40,24,26,52.389,29
2012,2,71,Illinois,Big Ten,1,1,-51.852,-39.182,77,0.500,0.403,0.097,0.401,140.741,192.593,38,52,27,27,19.591,43
2012,2,72,Ball State,Mid-American,1,1,-51.852,-94.172,92,0.500,0.312,0.188,0.675,237.037,288.889,64,78,27,27,-37.304,82
2012,2,72,Marshall,Conference USA,0,1,-304.103,-125.128,73,0.000,0.239,-0.239,-0.710,226.667,530.769,34,69,15,13,125.128,4
2012,2,73,Arkansas State,Sun Belt,1,1,-55.423,-30.623,72,0.500,0.428,0.072,0.326,248.148,303.571,67,85,27,28,18.718,44
2012,2,73,Miami (OH),Mid-American,0,1,-310.833,-95.417,64,0.000,0.203,-0.203,-0.601,62.500,373.333,10,56,16,15,95.417,13
2012,2,74,Temple,Big East,0,1,-60.000,-30.000,71,0.000,0.411,-0.411,-1.124,180.000,240.000,27,36,15,15,30.000,36
2012,2,75,Hawai'i,Mountain West,0,1,-336.905,-122.619,72,0.000,0.166,-0.166,-0.492,71.429,408.333,10,49,14,12,122.619,5
2012,2,76,Navy,FBS Independents,0,1,-416.667,-148.333,76,0.000,0.142,-0.142,-0.422,83.333,500.000,10,50,12,10,148.333,1
2012,2,77,Duke,ACC,1,1,-74.762,-22.351,69,0.500,0.445,0.055,0.276,196.667,271.429,59,76,30,28,20.269,41
2012,2,79,Syracuse,Big East,0,2,-81.698,25.722,40,0.000,0.562,-0.562,-1.576,241.379,323.077,70,84,29,26,108.561,11
2012,2,80,Wyoming,Mountain West,0,2,-92.000,1.341,58,0.000,0.503,-0.503,-1.399,192.000,284.000,48,71,25,25,91.725,19
2012,2,82,Auburn,SEC,0,2,-104.462,20.105,45,0.000,0.565,-0.565,-1.585,111.538,216.000,29,54,26,25,123.406,7
2012,2,83,Michigan,Big Ten,1,1,-106.957,-36.101,75,0.500,0.408,0.092,0.385,180.000,286.957,45,66,25,23,55.682,27
2012,2,84,Fresno State,Mountain West,0,1,-113.333,-6.813,62,0.000,0.476,-0.476,-1.317,166.667,280.000,25,42,15,15,106.520,15
2012,2,85,Rice,Conference USA,1,1,-117.000,-58.449,80,0.500,0.380,0.120,0.469,175.000,292.000,49,73,28,25,41.417,31
2012,2,86,UTEP,Conference USA,0,2,-120.330,-81.538,88,0.000,0.282,-0.282,-0.738,65.385,185.714,17,52,26,28,40.769,32
2012,2,88,Washington,Pac-12,1,1,-126.623,41.329,34,0.500,0.683,-0.183,-0.440,114.286,240.909,24,53,21,22,107.617,12
2012,2,89,Florida Atlantic,Sun Belt,0,1,-127.273,-63.636,81,0.000,0.321,-0.321,-0.853,154.545,281.818,17,31,11,11,63.636,25
2012,2,90,Oklahoma State,Big 12,0,1,-131.250,-107.473,95,0.000,0.313,-0.313,-0.828,237.500,368.750,38,59,16,16,23.777,39
2012,2,92,Miami,ACC,1,1,-136.000,-71.697,86,0.500,0.358,0.142,0.535,200.000,336.000,54,84,27,25,35.849,33
2012,2,93,Missouri,SEC,0,1,-145.139,-51.521,79,0.000,0.247,-0.247,-0.630,111.111,256.250,20,41,18,16,93.618,17
2012,2,94,Akron,Mid-American,0,2,-150.184,-181.081,107,0.000,0.094,-0.094,-0.174,152.941,303.125,52,97,34,32,-62.192,94
2012,2,95,Tulane,Conference USA,0,2,-173.718,-176.345,106,0.000,0.035,-0.035,0.003,91.667,265.385,22,69,24,26,-33.638,79
2012,2,96,Pittsburgh,Big East,0,1,-178.205,-89.103,91,0.000,0.233,-0.233,-0.590,83.333,261.538,10,34,12,13,89.103,20
2012,2,100,Central Michigan,Mid-American,0,1,-271.667,-139.949,100,0.000,0.073,-0.073,-0.110,70.000,341.667,7,41,10,12,81.717,22
2012,2,101,Kent State,Mid-American,0,1,-275.000,-219.798,110,0.000,0.011,-0.011,0.077,116.667,391.667,14,47,12,12,13.535,46
2012,2,102,East Carolina,Conference USA,0,1,-276.190,-175.450,105,0.000,0.036,-0.036,0.002,66.667,342.857,10,48,15,14,29.312,37
2012,2,104,Massachusetts,Mid-American,0,2,-293.162,-214.489,109,0.000,0.085,-0.085,-0.146,22.222,315.385,6,82,27,26,4.688,55
2012,2,105,Army,FBS Independents,0,1,-296.154,-320.734,111,0.000,0.000,-0.000,0.109,53.846,350.000,7,42,13,12,-82.914,101
2012,2,108,Western Kentucky,Sun Belt,0,1,-318.182,-75.262,87,0.000,0.235,-0.235,-0.596,0.000,318.182,0,35,11,11,179.283,2
2012,2,111,New Mexico,Mountain West,0,1,-450.000,-101.095,93,0.000,0.225,-0.225,-0.565,0.000,450.000,0,45,10,10,178.905,3
2012,3,1,Florida State,ACC,1,0,371.429,88.192,33,1.000,0.698,0.302,0.686,371.429,0.000,52,0,14,15,-111.808,79
2012,3,2,Alabama,SEC,3,0,309.104,65.978,38,1.000,0.761,0.239,0.535,345.946,36.842,128,14,37,38,-162.460,101
2012,3,3,Texas,Big 12,3,0,305.564,418.591,4,1.000,1.000,0.000,-0.036,435.294,129.730,148,48,34,37,175.991,24
2012,3,4,LSU,SEC,2,0,288.522,298.147,1,1.000,0.981,0.019,0.167,356.522,68.000,82,17,23,25,52.751,28
2012,3,5,West Virginia,Big 12,1,0,304.103,125.128,4,1.000,0.761,0.239,0.710,530.769,226.667,69,34,13,15,-125.128,73
2012,3,7,Baylor,Big 12,1,0,282.418,114.286,8,1.000,0.769,0.231,0.685,453.846,171.429,59,24,13,14,-114.286,69
2012,3,7,Texas Tech,Big 12,1,0,281.061,361.319,7,1.000,0.999,0.001,-0.033,408.333,127.273,49,14,12,11,138.591,29
2012,3,8,Kansas State,Big 12,2,0,272.619,413.166,5,1.000,1.000,0.000,-0.036,414.286,141.667,87,34,21,24,200.504,19
2012,3,9,South Carolina,SEC,3,0,215.952,41.305,46,1.000,0.656,0.344,0.786,285.000,69.048,114,29,40,42,-108.274,78
2012,3,10,Georgia,SEC,3,0,181.513,153.736,24,1.000,0.758,0.242,0.543,315.556,134.043,142,63,45,47,-9.723,56
2012,3,12,Notre Dame,FBS Independents,3,0,176.062,-5.783,59,1.000,0.479,0.521,1.209,257.143,81.081,90,30,35,37,-156.595,99
2012,3,13,Ohio State,Big Ten,3,0,164.895,-123.084,85,1.000,0.148,0.852,1.999,290.476,125.581,122,54,42,43,-246.884,110
2012,3,14,Stanford,Pac-12,2,0,160.468,54.153,41,1.000,0.706,0.294,0.667,253.571,93.103,71,27,28,29,-73.942,72
2012,3,15,Cincinnati,Big East,1,0,178.205,89.103,22,1.000,0.767,0.233,0.809,261.538,83.333,34,10,13,12,-89.103,103
2012,3,15,Texas A&M,SEC,1,1,158.000,151.141,25,0.500,0.798,-0.298,-0.748,250.000,92.000,65,23,26,25,79.266,36
2012,3,16,Georgia Tech,ACC,1,1,144.167,343.459,8,0.500,0.939,-0.439,-1.083,304.167,160.000,73,40,24,25,220.149,12
2012,3,18,Nebraska,Big Ten,2,1,137.756,305.109,13,0.667,0.990,-0.324,-0.808,310.256,172.500,121,69,39,40,143.894,28
2012,3,19,Clemson,ACC,2,0,141.000,98.135,19,1.000,0.763,0.237,0.820,325.000,184.000,78,46,24,25,-37.034,81
2012,3,19,UCLA,Pac-12,3,0,133.595,340.404,9,1.000,1.000,0.000,-0.035,248.980,115.385,122,60,49,52,207.179,17
2012,3,20,Fresno State,Mountain West,1,1,133.529,64.525,39,0.500,0.772,-0.272,-0.685,303.226,169.697,94,56,31,33,28.831,49
2012,3,20,Oklahoma,Big 12,1,0,106.154,53.077,20,1.000,0.706,0.294,0.871,160.000,53.846,24,7,15,13,-53.077,57
2012,3,21,Louisville,Big East,2,0,129.400,-48.288,70,1.000,0.286,0.714,1.669,338.095,208.696,71,48,21,23,-180.258,104
2012,3,22,TCU,Big 12,1,0,127.273,249.762,15,1.000,0.996,0.004,-0.025,181.818,54.545,20,6,11,11,122.489,32
2012,3,24,Oregon,Pac-12,2,0,126.552,106.520,18,1.000,0.741,0.259,0.887,330.000,203.448,99,59,30,29,-18.718,72
2012,3,24,USC,Pac-12,2,1,126.374,40.541,48,0.667,0.656,0.011,-0.009,269.231,142.857,105,60,39,42,-63.183,70
2012,3,25,Indiana,Big Ten,1,1,123.333,-169.556,93,0.500,0.091,0.409,0.941,280.000,156.667,84,47,30,30,-263.336,111
2012,3,26,Purdue,Big Ten,1,1,120.238,-50.950,72,0.500,0.335,0.165,0.359,253.571,133.333,71,36,28,27,-122.616,87
2012,3,26,San Diego State,Mountain West,1,1,107.510,-82.914,89,0.500,0.298,0.202,0.714,234.783,127.273,54,28,23,22,-139.703,109
2012,3,27,Arizona State,Pac-12,1,1,118.966,1.454,55,0.500,0.503,-0.003,-0.043,250.000,131.034,65,38,26,29,-116.128,81
2012,3,30,Middle Tennessee,Sun Belt,2,0,105.357,71.485,37,1.000,0.635,0.365,0.835,329.167,223.810,79,47,24,21,-26.767,63
2012,3,31,UCF,Conference USA,2,1,105.263,-235.181,102,0.667,0.038,0.629,1.467,276.316,171.053,105,65,38,38,-292.737,115
2012,3,32,Boise State,Mountain West,1,1,104.545,-119.704,81,0.500,0.217,0.283,0.641,236.364,131.818,52,29,22,22,-225.235,107
2012,3,33,Arizona,Pac-12,2,0,69.720,23.777,42,1.000,0.587,0.413,1.347,259.375,189.655,83,55,32,29,-51.464,90
2012,3,33,Colorado State,Mountain West,1,0,26.374,13.187,33,1.000,0.548,0.452,1.340,157.143,130.769,22,17,14,13,-13.187,44
2012,3,33,UConn,Big East,2,1,103.904,-77.927,75,0.667,0.250,0.417,0.961,174.359,70.455,68,31,39,44,-172.370,103
2012,3,34,BYU,FBS Independents,1,1,87.500,-44.356,69,0.500,0.244,0.256,0.577,212.500,125.000,51,30,24,24,-153.642,97
2012,3,34,Tulsa,Conference USA,1,1,64.516,18.160,47,0.500,0.549,-0.049,-0.038,219.355,154.839,68,48,31,31,-41.184,87
2012,3,35,Rutgers,Big East,2,0,83.833,-85.987,76,1.000,0.086,0.914,2.147,188.000,104.167,47,25,25,24,-169.903,102
2012,3,36,Mississippi State,SEC,2,0,78.815,-27.326,66,1.000,0.406,0.594,1.382,214.815,136.000,58,34,27,25,-97.905,77
2012,3,37,Florida,SEC,3,0,73.718,181.141,21,1.000,1.000,0.000,-0.035,215.385,141.667,84,51,39,36,110.225,34
2012,3,37,Iowa State,Big 12,2,0,53.327,93.977,20,1.000,0.833,0.167,0.611,146.875,93.548,47,29,32,31,45.355,30
2012,3,38,Penn State,Big Ten,1,2,72.157,52.550,42,0.333,0.669,-0.336,-0.838,213.333,141.176,64,48,30,34,-43.841,65
2012,3,40,Northwestern,Big Ten,3,0,65.351,47.126,44,1.000,0.654,0.346,0.790,241.667,176.316,87,67,36,38,-26.258,62
2012,3,42,Michigan,Big Ten,2,1,58.496,-143.991,87,0.667,0.195,0.472,1.091,284.211,225.714,108,79,38,35,-151.820,96
2012,3,43,Oklahoma State,Big 12,1,1,57.126,158.521,23,0.500,0.785,-0.285,-0.716,343.333,286.207,103,83,30,29,130.740,31
2012,3,43,Oregon State,Pac-12,1,0,23.077,11.538,50,1.000,0.552,0.448,1.452,76.923,53.846,10,7,13,13,-11.538,69
2012,3,45,Michigan State,Big Ten,2,1,47.218,-116.386,79,0.667,0.030,0.637,1.486,164.865,117.647,61,40,37,34,-154.513,98
2012,3,46,Minnesota,Big Ten,2,0,40.476,-327.154,109,1.000,0.004,0.996,2.344,207.143,166.667,58,50,28,30,-366.973,117
2012,3,47,Toledo,Mid-American,2,1,31.324,244.232,16,0.667,0.998,-0.331,-0.826,210.811,179.487,78,70,37,39,213.211,14
2012,3,48,Ohio,Mid-American,2,0,30.936,97.166,32,1.000,0.818,0.182,0.400,196.154,165.217,51,38,26,23,63.319,41
2012,3,49,NC State,ACC,2,1,30.233,-48.940,71,0.667,0.135,0.531,1.234,144.186,113.953,62,49,43,43,-91.269,76
2012,3,49,Nevada,Mountain West,1,1,6.667,4.444,55,0.500,0.510,-0.010,0.079,206.667,200.000,62,56,30,28,-2.222,62
2012,3,52,Utah,Pac-12,1,0,21.429,-22.928,65,1.000,0.444,0.556,1.293,171.429,150.000,24,21,14,14,-44.356,66
2012,3,53,Kentucky,SEC,1,2,19.192,-241.015,105,0.333,0.093,0.241,0.539,255.556,236.364,92,78,36,33,-237.068,108
2012,3,54,Maryland,ACC,1,1,7.857,-122.543,83,0.500,0.138,0.362,0.829,190.000,182.143,57,51,30,28,-130.235,88
2012,3,55,Iowa,Big Ten,1,1,-11.692,72.549,27,0.500,0.844,-0.344,-0.924,92.308,104.000,24,26,26,25,85.536,21
2012,3,56,Northern Illinois,Mid-American,1,1,0.000,-4.563,58,0.500,0.492,0.008,-0.015,252.174,252.174,58,58,23,23,4.149,54
2012,3,56,UL Monroe,Sun Belt,1,1,0.000,-140.238,86,0.500,0.205,0.295,0.669,221.429,221.429,62,62,28,28,-138.700,91
2012,3,58,Tennessee,SEC,1,1,-3.571,57.547,40,0.500,0.615,-0.115,-0.310,196.429,200.000,55,58,28,29,66.101,39
2012,3,58,Wisconsin,Big Ten,0,1,-23.077,-11.538,65,0.000,0.448,-0.448,-1.233,53.846,76.923,7,10,13,13,11.538,50
2012,3,59,Troy,Sun Belt,1,2,-5.987,-73.234,74,0.333,0.313,0.020,0.013,212.195,218.182,87,96,41,44,-67.510,71
2012,3,61,Buffalo,Mid-American,0,1,-135.714,-67.857,61,0.000,0.311,-0.311,-0.923,164.286,300.000,23,45,14,15,67.857,16
2012,3,62,Pittsburgh,Big East,1,1,-23.077,485.767,3,0.500,0.973,-0.473,-1.167,173.077,196.154,45,51,26,26,515.254,1
2012,3,63,South Florida,Big East,1,1,-26.190,-146.688,88,0.500,0.166,0.334,0.763,166.667,192.857,45,54,27,28,-119.179,83
2012,3,64,Air Force,Mountain West,0,1,-31.818,-67.920,83,0.000,0.324,-0.324,-0.861,250.000,281.818,25,31,10,11,-36.101,80
2012,3,65,California,Pac-12,0,2,-33.593,-171.388,94,0.000,0.103,-0.103,-0.281,179.310,212.903,52,66,29,31,-137.728,90
2012,3,66,Ball State,Mid-American,2,1,-34.385,-181.044,96,0.667,0.126,0.540,1.255,244.186,278.571,105,117,43,42,-141.882,92
2012,3,67,North Carolina,ACC,0,2,-35.167,-119.500,80,0.000,0.310,-0.310,-0.777,244.000,279.167,61,67,25,24,-80.048,74
2012,3,69,Virginia Tech,ACC,1,1,-50.285,366.536,6,0.500,1.000,-0.500,-1.230,142.308,192.593,37,52,26,27,414.613,4
2012,3,70,Vanderbilt,SEC,0,2,-45.513,6.876,53,0.000,0.542,-0.542,-1.516,108.333,153.846,26,40,24,26,52.389,29
2012,3,71,Florida International,Sun Belt,1,2,-55.603,-345.765,113,0.333,0.002,0.331,0.755,193.333,248.936,87,117,45,47,-277.656,112
2012,3,71,Illinois,Big Ten,1,1,-51.852,-39.182,77,0.500,0.403,0.097,0.401,140.741,192.593,38,52,27,27,19.591,43
2012,3,72,Memphis,Conference USA,0,2,-59.365,2.254,54,0.000,0.507,-0.507,-1.246,252.174,311.538,58,81,23,26,56.100,42
2012,3,74,Temple,Big East,0,1,-60.000,-30.000,71,0.000,0.411,-0.411,-1.124,180.000,240.000,27,36,15,15,30.000,36
2012,3,74,UNLV,Mountain West,0,2,-60.741,-368.330,115,0.000,0.000,-0.000,-0.036,180.000,240.741,54,65,30,27,-305.755,116
2012,3,75,Hawai'i,Mountain West,0,1,-336.905,-122.619,72,0.000,0.166,-0.166,-0.492,71.429,408.333,10,49,14,12,122.619,5
2012,3,75,Washington State,Pac-12,1,1,-61.462,-284.356,107,0.500,0.053,0.447,1.033,186.364,247.826,41,57,22,23,-206.343,106
2012,3,76,Auburn,SEC,1,2,-61.943,-122.577,84,0.333,0.100,0.233,0.522,153.846,215.789,60,82,39,38,-61.402,69
2012,3,77,Duke,ACC,1,1,-74.762,-22.351,69,0.500,0.445,0.055,0.276,196.667,271.429,59,76,30,28,20.269,41
2012,3,77,Kansas,Big 12,0,2,-68.182,122.489,29,0.000,0.892,-0.892,-2.165,136.364,204.545,30,45,22,22,190.671,21
2012,3,78,Missouri,SEC,1,1,-73.922,8.597,52,0.500,0.659,-0.159,-0.415,129.412,203.333,44,61,34,30,77.595,37
2012,3,79,Syracuse,Big East,0,2,-81.698,25.722,40,0.000,0.562,-0.562,-1.576,241.379,323.077,70,84,29,26,108.561,11
2012,3,80,Wyoming,Mountain West,0,2,-92.000,1.341,58,0.000,0.503,-0.503,-1.399,192.000,284.000,48,71,25,25,91.725,19
2012,3,81,Western Michigan,Mid-American,0,2,-85.450,-365.616,114,0.000,0.000,-0.000,-0.036,107.143,192.593,30,52,28,27,-284.004,113
2012,3,82,Ole Miss,SEC,1,1,-85.481,148.353,26,0.500,0.700,-0.200,-0.513,218.519,304.000,59,76,27,25,214.242,13
2012,3,83,Bowling Green,Mid-American,0,2,-86.859,121.987,30,0.000,0.787,-0.787,-1.915,120.833,207.692,29,54,24,26,212.687,15
2012,3,85,Louisiana,Sun Belt,1,1,-96.552,-15.138,62,0.500,0.439,0.061,0.110,210.345,306.897,61,89,29,29,42.644,46
2012,3,85,Rice,Conference USA,1,1,-117.000,-58.449,80,0.500,0.380,0.120,0.469,175.000,292.000,49,73,28,25,41.417,31
2012,3,86,Boston College,ACC,0,2,-100.836,-38.471,67,0.000,0.367,-0.367,-0.913,173.077,273.913,45,63,26,23,63.464,40
2012,3,86,UTEP,Conference USA,0,2,-120.330,-81.538,88,0.000,0.282,-0.282,-0.738,65.385,185.714,17,52,26,28,40.769,32
2012,3,88,Washington,Pac-12,1,1,-126.623,41.329,34,0.500,0.683,-0.183,-0.440,114.286,240.909,24,53,21,22,107.617,12
2012,3,89,Arkansas State,Sun Belt,1,2,-120.513,40.716,47,0.333,0.612,-0.279,-0.702,205.128,325.641,80,127,39,39,161.741,26
2012,3,91,Western Kentucky,Sun Belt,1,1,-129.545,-188.568,99,0.500,0.047,0.453,1.048,145.455,275.000,32,66,22,24,-87.519,75
2012,3,92,Miami,ACC,1,1,-136.000,-71.697,86,0.500,0.358,0.142,0.535,200.000,336.000,54,84,27,25,35.849,33
2012,3,94,Akron,Mid-American,0,2,-150.184,-181.081,107,0.000,0.094,-0.094,-0.174,152.941,303.125,52,97,34,32,-62.192,94
2012,3,94,Army,FBS Independents,0,2,-150.000,1.185,56,0.000,0.504,-0.504,-1.238,195.833,345.833,47,83,24,24,109.110,35
2012,3,95,Tulane,Conference USA,0,2,-173.718,-176.345,106,0.000,0.035,-0.035,0.003,91.667,265.385,22,69,24,26,-33.638,79
2012,3,96,Virginia,ACC,1,1,-152.174,73.762,36,0.500,0.781,-0.281,-0.706,160.870,313.043,37,72,23,23,198.005,20
2012,3,97,Eastern Michigan,Mid-American,0,2,-158.506,-239.449,103,0.000,0.020,-0.020,-0.084,144.828,303.333,42,91,29,30,-115.997,80
2012,3,98,Marshall,Conference USA,0,2,-162.088,74.089,35,0.000,0.699,-0.699,-1.706,207.143,369.231,58,96,28,26,210.755,16
2012,3,99,Houston,Conference USA,0,1,-172.222,184.848,20,0.000,0.990,-0.990,-2.402,33.333,205.556,6,37,18,18,340.404,7
2012,3,100,Central Michigan,Mid-American,0,1,-271.667,-139.949,100,0.000,0.073,-0.073,-0.110,70.000,341.667,7,41,10,12,81.717,22
2012,3,101,Kent State,Mid-American,0,1,-275.000,-219.798,110,0.000,0.011,-0.011,0.077,116.667,391.667,14,47,12,12,13.535,46
2012,3,101,North Texas,Sun Belt,0,2,-178.261,321.206,12,0.000,0.960,-0.960,-2.328,152.174,330.435,35,76,23,23,492.284,2
2012,3,102,Wake Forest,ACC,1,1,-192.593,-111.808,78,0.500,0.000,0.500,1.159,100.000,292.593,28,79,28,27,-15.654,59
2012,3,103,Arkansas,SEC,0,2,-196.429,-154.822,90,0.000,0.054,-0.054,-0.164,110.714,307.143,31,86,28,28,-37.130,64
2012,3,104,UAB,Conference USA,0,2,-197.619,-160.067,91,0.000,0.088,-0.088,-0.245,116.667,314.286,35,88,30,28,-15.964,60
2012,3,105,Colorado,Pac-12,0,2,-203.333,-120.197,82,0.000,0.205,-0.205,-0.526,100.000,303.333,31,91,31,30,-14.649,58
2012,3,106,South Alabama,Sun Belt,0,1,-204.487,-253.427,106,0.000,0.080,-0.080,-0.226,53.846,258.333,7,31,13,12,-48.940,67
2012,3,107,Florida Atlantic,Sun Belt,0,2,-205.692,-55.788,73,0.000,0.160,-0.160,-0.418,142.308,348.000,37,87,26,25,112.610,33
2012,3,108,East Carolina,Conference USA,1,1,-216.190,-163.457,92,0.500,0.103,0.397,0.913,226.667,442.857,34,62,15,14,41.305,47
2012,3,111,SMU,Conference USA,0,2,-275.862,-22.609,64,0.000,0.019,-0.019,-0.082,93.103,368.966,27,107,29,29,178.552,23
2012,3,112,Miami (OH),Mid-American,0,2,-280.769,-334.083,110,0.000,0.000,-0.000,-0.036,84.615,365.385,22,95,26,26,-121.394,85
2012,3,113,Massachusetts,Mid-American,0,3,-323.077,-345.627,112,0.000,0.000,-0.000,-0.036,48.718,371.795,19,145,39,39,-130.491,89
2012,3,115,Southern Miss,Conference USA,0,2,-354.545,50.564,43,0.000,0.607,-0.607,-1.485,309.091,663.636,34,73,11,11,305.109,10
2012,3,116,New Mexico,Mountain West,0,2,-360.606,138.591,27,0.000,0.830,-0.830,-2.017,66.667,427.273,14,94,21,22,389.955,6
2012,3,117,Navy,FBS Independents,0,2,-389.394,-302.450,108,0.000,0.030,-0.030,-0.108,77.273,466.667,17,84,22,18,23.384,50
2012,4,1,Alabama,SEC,4,0,314.590,193.841,9,1.000,0.961,0.039,0.099,357.447,42.857,168,21,47,49,-49.079,86
2012,4,3,Texas,Big 12,3,0,305.564,418.591,4,1.000,1.000,0.000,-0.036,435.294,129.730,148,48,34,37,175.991,24
2012,4,4,Florida State,ACC,2,0,237.381,213.430,5,1.000,0.965,0.035,0.088,360.714,123.333,101,37,28,30,61.763,30
2012,4,5,Oregon,Pac-12,3,0,215.925,182.089,10,1.000,0.869,0.131,0.403,344.186,128.261,148,59,43,46,26.802,41
2012,4,6,Georgia,SEC,4,0,212.034,95.321,26,1.000,0.723,0.277,0.887,322.034,110.000,190,66,59,60,-76.861,99
2012,4,7,South Carolina,SEC,4,0,206.624,83.921,27,1.000,0.727,0.273,0.874,278.846,72.222,145,39,52,54,-72.013,97
2012,4,7,Texas Tech,Big 12,1,0,281.061,361.319,7,1.000,0.999,0.001,-0.033,408.333,127.273,49,14,12,11,138.591,29
2012,4,8,Kansas State,Big 12,3,0,202.182,197.243,7,1.000,0.879,0.121,0.370,358.065,155.882,111,53,31,34,38.801,36
2012,4,9,LSU,SEC,3,0,190.058,193.909,8,1.000,0.967,0.033,0.080,261.111,71.053,94,27,36,38,25.183,43
2012,4,10,West Virginia,Big 12,2,0,188.187,70.218,29,1.000,0.713,0.287,0.922,384.615,196.429,100,55,26,28,-93.372,106
2012,4,12,Ohio State,Big Ten,4,0,163.853,60.910,33,1.000,0.693,0.307,0.988,284.906,121.053,151,69,53,57,-71.064,95
2012,4,13,Arizona State,Pac-12,2,1,161.278,140.258,14,0.667,0.823,-0.157,-0.547,268.421,107.143,102,45,38,42,-17.403,64
2012,4,14,Stanford,Pac-12,2,0,160.468,54.153,41,1.000,0.706,0.294,0.667,253.571,93.103,71,27,28,29,-73.942,72
2012,4,15,Cincinnati,Big East,1,0,178.205,89.103,22,1.000,0.767,0.233,0.809,261.538,83.333,34,10,13,12,-89.103,103
2012,4,15,Texas A&M,SEC,1,1,158.000,151.141,25,0.500,0.798,-0.298,-0.748,250.000,92.000,65,23,26,25,79.266,36
2012,4,16,Notre Dame,FBS Independents,4,0,153.889,43.423,38,1.000,0.714,0.286,0.916,228.889,75.000,103,36,45,48,-88.550,104
2012,4,17,Baylor,Big 12,2,0,153.846,65.743,30,1.000,0.620,0.380,1.229,407.692,253.846,106,66,26,26,-54.312,88
2012,4,18,Nebraska,Big Ten,2,1,137.756,305.109,13,0.667,0.990,-0.324,-0.808,310.256,172.500,121,69,39,40,143.894,28
2012,4,18,TCU,Big 12,2,0,139.312,18.584,46,1.000,0.582,0.418,1.355,195.833,56.522,47,13,24,23,-119.732,113
2012,4,20,USC,Pac-12,3,1,131.046,106.091,22,0.750,0.838,-0.088,-0.321,258.824,127.778,132,69,51,54,-9.202,62
2012,4,21,Florida,SEC,4,0,128.365,120.709,19,1.000,0.902,0.098,0.296,234.615,106.250,122,51,52,48,13.676,48
2012,4,25,Indiana,Big Ten,1,1,123.333,-169.556,93,0.500,0.091,0.409,0.941,280.000,156.667,84,47,30,30,-263.336,111
2012,4,26,Purdue,Big Ten,1,1,120.238,-50.950,72,0.500,0.335,0.165,0.359,253.571,133.333,71,36,28,27,-122.616,87
2012,4,26,San Diego State,Mountain West,1,1,107.510,-82.914,89,0.500,0.298,0.202,0.714,234.783,127.273,54,28,23,22,-139.703,109
2012,4,27,Louisville,Big East,3,0,103.730,65.038,31,1.000,0.666,0.334,1.077,319.355,215.625,99,69,31,32,-38.497,77
2012,4,28,Nevada,Mountain West,2,1,102.605,-16.012,65,0.667,0.453,0.214,0.678,297.727,195.122,131,80,44,41,-82.727,101
2012,4,29,Mississippi State,SEC,3,0,98.845,56.364,35,1.000,0.680,0.320,1.031,214.634,115.789,88,44,41,38,-36.477,73
2012,4,30,Georgia Tech,ACC,1,2,97.778,97.955,24,0.333,0.710,-0.377,-1.276,302.778,205.000,109,82,36,40,9.082,51
2012,4,30,Middle Tennessee,Sun Belt,2,0,105.357,71.485,37,1.000,0.635,0.365,0.835,329.167,223.810,79,47,24,21,-26.767,63
2012,4,31,UCF,Conference USA,2,1,105.263,-235.181,102,0.667,0.038,0.629,1.467,276.316,171.053,105,65,38,38,-292.737,115
2012,4,31,UCLA,Pac-12,3,1,92.024,124.427,18,0.750,0.819,-0.069,-0.256,221.875,129.851,142,87,64,67,36.176,37
2012,4,32,Fresno State,Mountain West,1,2,82.153,35.330,40,0.333,0.640,-0.307,-1.043,244.898,162.745,120,83,49,51,13.386,49
2012,4,33,Colorado State,Mountain West,1,0,26.374,13.187,33,1.000,0.548,0.452,1.340,157.143,130.769,22,17,14,13,-13.187,44
2012,4,33,Penn State,Big Ten,2,2,79.079,-68.420,85,0.500,0.281,0.219,0.695,214.634,135.556,88,61,41,45,-165.713,117
2012,4,34,Boise State,Mountain West,2,1,73.529,28.589,42,0.667,0.604,0.062,0.178,173.529,100.000,59,35,34,35,-45.824,82
2012,4,35,Rutgers,Big East,3,0,70.789,0.475,56,1.000,0.502,0.498,1.620,205.000,134.211,82,51,40,38,-71.342,96
2012,4,36,UConn,Big East,2,2,70.195,-39.826,73,0.500,0.324,0.176,0.554,173.585,103.390,92,61,53,59,-103.515,110
2012,4,37,Iowa State,Big 12,2,0,53.327,93.977,20,1.000,0.833,0.167,0.611,146.875,93.548,47,29,32,31,45.355,30
2012,4,37,Michigan State,Big Ten,3,1,66.789,2.766,53,0.750,0.511,0.239,0.761,164.706,97.917,84,47,51,48,-54.401,89
2012,4,39,Ole Miss,SEC,2,1,58.963,120.373,20,0.667,0.806,-0.139,-0.489,362.963,304.000,98,76,27,25,186.261,5
2012,4,40,Northwestern,Big Ten,3,0,65.351,47.126,44,1.000,0.654,0.346,0.790,241.667,176.316,87,67,36,38,-26.258,62
2012,4,41,Virginia Tech,ACC,2,1,56.678,158.007,11,0.667,0.999,-0.333,-1.129,180.488,123.810,74,52,41,42,127.836,7
2012,4,43,Clemson,ACC,2,1,51.282,129.264,17,0.667,0.783,-0.117,-0.415,294.872,243.590,115,95,39,39,73.596,25
2012,4,43,Oklahoma State,Big 12,1,1,57.126,158.521,23,0.500,0.785,-0.285,-0.716,343.333,286.207,103,83,30,29,130.740,31
2012,4,44,BYU,FBS Independents,1,2,51.276,27.071,45,0.333,0.615,-0.282,-0.960,154.054,102.778,57,37,37,36,-41.727,79
2012,4,45,Tennessee,SEC,2,1,50.543,36.928,39,0.667,0.590,0.076,0.224,237.209,186.667,102,84,43,45,-7.647,59
2012,4,46,Tulsa,Conference USA,2,1,42.857,7.775,51,0.667,0.523,0.144,0.448,193.878,151.020,95,74,49,49,-33.639,71
2012,4,47,Minnesota,Big Ten,3,0,41.159,-42.894,74,1.000,0.276,0.724,2.367,187.500,146.341,75,60,40,41,-86.359,103
2012,4,47,Toledo,Mid-American,2,1,31.324,244.232,16,0.667,0.998,-0.331,-0.826,210.811,179.487,78,70,37,39,213.211,14
2012,4,48,Ohio,Mid-American,2,0,30.936,97.166,32,1.000,0.818,0.182,0.400,196.154,165.217,51,38,26,23,63.319,41
2012,4,48,Oklahoma,Big 12,1,1,37.217,134.647,15,0.500,0.927,-0.427,-1.440,172.000,134.783,43,31,25,23,106.570,14
2012,4,49,NC State,ACC,2,1,30.233,-48.940,71,0.667,0.135,0.531,1.234,144.186,113.953,62,49,43,43,-91.269,76
2012,4,49,North Carolina,ACC,1,2,35.873,6.172,52,0.333,0.516,-0.182,-0.631,244.444,208.571,88,73,36,35,-31.163,69
2012,4,50,Oregon State,Pac-12,2,0,35.714,149.704,12,1.000,0.997,0.003,-0.019,132.143,96.429,37,27,28,28,114.832,12
2012,4,54,Michigan,Big Ten,2,2,28.209,-50.063,77,0.500,0.353,0.147,0.459,232.653,204.444,114,92,49,45,-37.070,74
2012,4,56,Wisconsin,Big Ten,1,1,25.231,105.236,23,0.500,0.766,-0.266,-0.909,169.231,144.000,44,36,26,25,82.800,21
2012,4,57,Northern Illinois,Mid-American,2,1,6.409,-123.883,97,0.667,0.177,0.489,1.591,237.838,231.429,88,81,37,35,-125.614,114
2012,4,58,Duke,ACC,2,1,6.069,43.972,37,0.667,0.628,0.039,0.099,225.581,219.512,97,90,43,41,10.846,50
2012,4,59,Troy,Sun Belt,2,2,2.935,-15.015,64,0.500,0.455,0.045,0.122,183.636,180.702,101,103,55,57,-22.261,66
2012,4,60,UL Monroe,Sun Belt,1,2,-5.854,27.609,43,0.333,0.570,-0.237,-0.811,260.000,265.854,104,109,40,41,32.481,38
2012,4,61,Iowa,Big Ten,1,2,-7.895,-100.353,87,0.333,0.151,0.182,0.574,144.737,152.632,55,58,38,38,-95.755,107
2012,4,62,Maryland,ACC,1,2,-18.605,-58.143,81,0.333,0.338,-0.004,-0.043,181.395,200.000,78,82,43,41,-37.630,76
2012,4,62,Pittsburgh,Big East,1,1,-23.077,485.767,3,0.500,0.973,-0.473,-1.167,173.077,196.154,45,51,26,26,515.254,1
2012,4,63,Western Kentucky,Sun Belt,2,1,-19.496,-10.879,61,0.667,0.464,0.202,0.641,217.647,237.143,74,83,34,35,-8.665,61
2012,4,64,Ball State,Mid-American,3,1,-21.333,-44.700,75,0.750,0.407,0.343,1.108,266.667,288.000,136,144,51,50,-27.829,67
2012,4,66,Washington State,Pac-12,1,2,-27.297,-129.237,100,0.333,0.170,0.163,0.511,202.703,230.000,75,92,37,40,-84.157,102
2012,4,67,Air Force,Mountain West,0,2,-27.922,-119.494,94,0.000,0.242,-0.242,-0.830,285.714,313.636,60,69,21,22,-89.949,105
2012,4,68,South Florida,Big East,1,2,-30.397,-55.085,80,0.333,0.339,-0.006,-0.048,205.714,236.111,72,85,35,36,-20.079,65
2012,4,69,UNLV,Mountain West,1,2,-38.768,-129.835,101,0.333,0.215,0.118,0.363,224.390,263.158,92,100,41,38,-97.208,108
2012,4,70,Western Michigan,Mid-American,1,2,-45.831,-82.406,86,0.333,0.292,0.041,0.107,139.535,185.366,60,76,43,41,-37.522,75
2012,4,71,Auburn,SEC,1,3,-49.698,52.059,36,0.250,0.710,-0.460,-1.552,134.615,184.314,70,94,52,51,101.787,16
2012,4,71,Illinois,Big Ten,1,1,-51.852,-39.182,77,0.500,0.403,0.097,0.401,140.741,192.593,38,52,27,27,19.591,43
2012,4,73,Kansas,Big 12,0,3,-52.451,-122.889,95,0.000,0.140,-0.140,-0.490,155.882,208.333,53,75,34,36,-69.895,94
2012,4,74,Florida International,Sun Belt,1,3,-54.386,-67.013,84,0.250,0.317,-0.067,-0.250,200.000,254.386,108,145,54,57,-4.264,56
2012,4,75,Kent State,Mid-American,1,1,-57.692,-166.248,113,0.500,0.082,0.418,1.355,142.308,200.000,37,54,26,27,-108.391,111
2012,4,76,Kentucky,SEC,1,3,-60.507,-54.651,79,0.250,0.347,-0.097,-0.350,191.667,252.174,92,116,48,46,2.155,53
2012,4,77,Syracuse,Big East,0,3,-65.789,-46.837,76,0.000,0.389,-0.389,-1.315,200.000,265.789,80,101,40,38,25.308,42
2012,4,78,California,Pac-12,0,3,-67.499,-22.111,67,0.000,0.428,-0.428,-1.444,148.780,216.279,61,93,41,43,50.330,32
2012,4,79,Temple,Big East,0,2,-76.923,-143.281,105,0.000,0.118,-0.118,-0.419,153.846,230.769,40,60,26,26,-63.281,93
2012,4,80,Arizona,Pac-12,2,1,-78.231,96.427,25,0.667,0.946,-0.280,-0.954,169.388,247.619,83,104,49,42,118.061,11
2012,4,80,Wyoming,Mountain West,0,2,-92.000,1.341,58,0.000,0.503,-0.503,-1.399,192.000,284.000,48,71,25,25,91.725,19
2012,4,81,Rice,Conference USA,1,2,-86.833,-104.386,90,0.333,0.268,0.065,0.186,256.410,343.243,100,127,39,37,-42.354,80
2012,4,83,Miami,ACC,2,1,-95.753,-14.186,63,0.667,0.460,0.206,0.654,228.571,324.324,96,120,42,37,64.178,28
2012,4,85,Louisiana,Sun Belt,1,1,-96.552,-15.138,62,0.500,0.439,0.061,0.110,210.345,306.897,61,89,29,29,42.644,46
2012,4,86,Boston College,ACC,0,2,-100.836,-38.471,67,0.000,0.367,-0.367,-0.913,173.077,273.913,45,63,26,23,63.464,40
2012,4,86,Missouri,SEC,1,2,-101.656,2.168,55,0.333,0.510,-0.177,-0.614,117.391,219.048,54,92,46,42,106.500,15
2012,4,87,UTEP,Conference USA,0,3,-103.915,15.897,47,0.000,0.558,-0.558,-1.874,113.158,217.073,43,89,38,41,120.085,10
2012,4,88,Memphis,Conference USA,0,3,-105.128,-103.576,89,0.000,0.226,-0.226,-0.776,200.000,305.128,72,119,36,39,-6.140,57
2012,4,88,Washington,Pac-12,1,1,-126.623,41.329,34,0.500,0.683,-0.183,-0.440,114.286,240.909,24,53,21,22,107.617,12
2012,4,89,Arkansas State,Sun Belt,1,2,-120.513,40.716,47,0.333,0.612,-0.279,-0.702,205.128,325.641,80,127,39,39,161.741,26
2012,4,89,Wake Forest,ACC,2,1,-107.827,-5.738,58,0.667,0.479,0.188,0.592,197.436,305.263,77,116,39,38,22.001,45
2012,4,90,Utah,Pac-12,1,1,-108.262,-24.531,68,0.500,0.414,0.086,0.257,114.815,223.077,31,58,27,26,83.665,19
2012,4,91,Marshall,Conference USA,1,2,-117.297,-128.601,99,0.333,0.279,0.054,0.151,280.000,397.297,112,147,40,37,-32.944,70
2012,4,93,North Texas,Sun Belt,0,3,-126.577,-4.058,57,0.000,0.486,-0.486,-1.635,116.667,243.243,42,90,36,37,125.379,8
2012,4,95,Central Michigan,Mid-American,1,1,-130.435,-165.717,112,0.500,0.165,0.335,1.080,169.565,300.000,39,72,23,24,-48.794,85
2012,4,96,Buffalo,Mid-American,0,2,-131.034,-162.130,110,0.000,0.046,-0.046,-0.182,103.448,234.483,30,68,29,29,-35.464,72
2012,4,97,Army,FBS Independents,0,3,-137.143,-153.600,109,0.000,0.249,-0.249,-0.853,240.000,377.143,84,132,35,35,-45.286,81
2012,4,98,Colorado,Pac-12,1,2,-140.278,-149.707,107,0.333,0.134,0.199,0.630,137.500,277.778,66,125,48,45,-72.413,98
2012,4,99,Houston,Conference USA,0,1,-172.222,184.848,20,0.000,0.990,-0.990,-2.402,33.333,205.556,6,37,18,18,340.404,7
2012,4,99,Vanderbilt,SEC,0,3,-141.622,-32.470,71,0.000,0.304,-0.304,-1.034,78.378,220.000,29,88,37,40,63.990,29
2012,4,100,Eastern Michigan,Mid-American,0,3,-145.137,-123.899,98,0.000,0.092,-0.092,-0.333,113.953,259.091,49,114,43,44,-3.502,55
2012,4,101,Arkansas,SEC,0,3,-145.681,-20.360,66,0.000,0.429,-0.429,-1.446,135.714,281.395,57,121,42,43,73.975,24
2012,4,102,Bowling Green,Mid-American,0,3,-147.592,8.315,50,0.000,0.529,-0.529,-1.778,74.359,221.951,29,91,39,41,131.003,6
2012,4,103,Virginia,ACC,1,2,-149.286,-116.575,93,0.333,0.172,0.161,0.505,125.714,275.000,44,99,35,36,16.040,47
2012,4,104,Akron,Mid-American,0,3,-150.383,-136.190,102,0.000,0.131,-0.131,-0.460,156.000,306.383,78,144,50,47,-6.653,58
2012,4,105,Miami (OH),Mid-American,1,2,-167.568,-167.310,114,0.333,0.112,0.221,0.702,132.432,300.000,49,111,37,37,-58.851,90
2012,4,106,South Alabama,Sun Belt,0,2,-169.231,-146.474,106,0.000,0.111,-0.111,-0.395,65.385,234.615,17,61,26,26,24.451,44
2012,4,108,UAB,Conference USA,0,3,-186.364,-104.961,91,0.000,0.186,-0.186,-0.645,113.636,300.000,50,117,44,39,43.272,35
2012,4,109,East Carolina,Conference USA,1,2,-202.154,-152.789,108,0.333,0.030,0.304,0.976,153.846,356.000,40,89,26,25,45.046,33
2012,4,110,Florida Atlantic,Sun Belt,0,3,-243.938,-115.014,92,0.000,0.171,-0.171,-0.594,118.919,362.857,44,127,37,35,92.706,18
2012,4,111,SMU,Conference USA,0,2,-275.862,-22.609,64,0.000,0.019,-0.019,-0.082,93.103,368.966,27,107,29,29,178.552,23
2012,4,111,Southern Miss,Conference USA,0,3,-268.182,-165.183,111,0.000,0.183,-0.183,-0.633,231.818,500.000,51,115,22,23,59.817,31
2012,4,112,Massachusetts,Mid-American,0,4,-274.000,-266.050,116,0.000,0.012,-0.012,-0.070,70.000,344.000,35,172,50,50,-79.699,100
2012,4,114,Tulane,Conference USA,0,3,-323.718,-138.582,104,0.000,0.096,-0.096,-0.345,91.667,415.385,22,108,24,26,4.125,52
2012,4,115,Hawai'i,Mountain West,0,2,-327.920,-170.986,115,0.000,0.140,-0.140,-0.490,125.926,453.846,34,118,27,26,45.040,34
2012,4,116,New Mexico,Mountain West,0,2,-360.606,138.591,27,0.000,0.830,-0.830,-2.017,66.667,427.273,14,94,21,22,389.955,6
2012,4,117,Navy,FBS Independents,0,2,-389.394,-302.450,108,0.000,0.030,-0.030,-0.108,77.273,466.667,17,84,22,18,23.384,50
2012,5,1,Alabama,SEC,5,0,289.175,220.797,3,1.000,0.978,0.022,0.130,346.552,57.377,201,35,58,61,-10.205,70
2012,5,2,Texas,Big 12,4,0,239.441,240.861,2,1.000,0.961,0.039,0.200,410.870,171.429,189,84,46,49,48.494,28
2012,5,3,Texas A&M,SEC,2,1,219.512,120.947,17,0.667,0.831,-0.164,-0.615,300.000,80.488,123,33,41,41,9.419,53
2012,5,4,Oregon,Pac-12,4,0,203.759,160.091,7,1.000,0.878,0.122,0.531,343.103,139.344,199,85,58,61,1.959,60
2012,5,5,South Carolina,SEC,5,0,202.355,121.543,15,1.000,0.825,0.175,0.743,285.938,83.582,183,56,64,67,-40.384,90
2012,5,8,Kansas State,Big 12,3,0,202.182,197.243,7,1.000,0.879,0.121,0.370,358.065,155.882,111,53,31,34,38.801,36
2012,5,8,Texas Tech,Big 12,2,0,184.000,176.416,6,1.000,0.886,0.114,0.500,292.000,108.000,73,27,25,25,19.174,43
2012,5,9,Florida State,ACC,3,0,180.197,130.194,11,1.000,0.887,0.113,0.497,311.905,131.707,131,54,42,41,9.169,54
2012,5,9,LSU,SEC,3,0,190.058,193.909,8,1.000,0.967,0.033,0.080,261.111,71.053,94,27,36,38,25.183,43
2012,5,10,Georgia,SEC,5,0,170.439,111.805,19,1.000,0.755,0.245,1.023,317.105,146.667,241,110,76,75,-27.274,81
2012,5,12,West Virginia,Big 12,3,0,150.581,121.357,16,1.000,0.765,0.235,0.984,425.000,274.419,170,118,40,43,-14.370,72
2012,5,13,Arizona State,Pac-12,3,1,134.624,92.834,22,0.750,0.770,-0.020,-0.039,243.396,108.772,129,62,53,57,-42.079,91
2012,5,14,Ohio State,Big Ten,5,0,133.462,64.901,33,1.000,0.709,0.291,1.210,258.462,125.000,168,85,65,68,-39.921,89
2012,5,16,BYU,FBS Independents,2,2,129.922,38.788,41,0.500,0.716,-0.216,-0.822,203.922,74.000,104,37,51,50,-62.810,103
2012,5,16,Notre Dame,FBS Independents,4,0,153.889,43.423,38,1.000,0.714,0.286,0.916,228.889,75.000,103,36,45,48,-88.550,104
2012,5,18,UL Monroe,Sun Belt,2,2,127.256,27.788,46,0.500,0.569,-0.069,-0.234,417.500,290.244,167,119,40,41,32.659,33
2012,5,19,Middle Tennessee,Sun Belt,3,0,118.673,80.163,25,1.000,0.677,0.323,1.337,345.946,227.273,128,75,37,33,-33.202,86
2012,5,20,Penn State,Big Ten,3,2,110.536,-10.395,64,0.600,0.462,0.138,0.597,227.778,117.241,123,68,54,58,-131.307,117
2012,5,20,USC,Pac-12,3,1,131.046,106.091,22,0.750,0.838,-0.088,-0.321,258.824,127.778,132,69,51,54,-9.202,62
2012,5,21,Florida,SEC,4,0,128.365,120.709,19,1.000,0.902,0.098,0.296,234.615,106.250,122,51,52,48,13.676,48
2012,5,21,Purdue,Big Ten,2,1,107.143,32.626,43,0.667,0.588,0.079,0.360,290.476,183.333,122,77,42,42,-45.469,92
2012,5,22,Nebraska,Big Ten,3,1,103.774,125.732,13,0.750,0.793,-0.043,-0.127,284.906,181.132,151,96,53,53,3.172,59
2012,5,24,UCLA,Pac-12,4,1,102.469,100.990,20,0.800,0.813,-0.013,-0.010,227.160,124.691,184,101,81,81,0.977,63
2012,5,25,Cincinnati,Big East,2,0,100.000,244.746,1,1.000,0.974,0.026,0.146,225.926,125.926,61,34,27,27,139.215,4
2012,5,25,Stanford,Pac-12,2,1,100.000,142.237,9,0.667,0.938,-0.272,-1.044,200.000,100.000,84,44,42,44,63.666,20
2012,5,28,Nevada,Mountain West,2,1,102.605,-16.012,65,0.667,0.453,0.214,0.678,297.727,195.122,131,80,44,41,-82.727,101
2012,5,28,TCU,Big 12,3,0,98.316,-2.089,58,1.000,0.492,0.508,2.078,169.048,70.732,71,29,42,41,-109.114,115
2012,5,29,Mississippi State,SEC,3,0,98.845,56.364,35,1.000,0.680,0.320,1.031,214.634,115.789,88,44,41,38,-36.477,73
2012,5,29,Northern Illinois,Mid-American,3,1,86.486,-92.015,94,0.750,0.261,0.489,2.000,386.486,300.000,143,105,37,35,-93.747,112
2012,5,30,Louisville,Big East,4,0,80.952,20.284,50,1.000,0.557,0.443,1.817,285.714,204.762,120,86,42,42,-62.595,102
2012,5,31,Northwestern,Big Ten,4,0,77.385,30.357,44,1.000,0.575,0.425,1.745,262.000,184.615,131,96,50,52,-51.466,96
2012,5,32,Fresno State,Mountain West,2,2,75.834,49.869,36,0.500,0.647,-0.147,-0.545,256.716,180.882,172,123,67,68,20.012,41
2012,5,33,Baylor,Big 12,2,1,72.195,74.982,29,0.667,0.630,0.037,0.190,412.195,340.000,169,136,41,40,21.612,38
2012,5,35,Rutgers,Big East,3,0,70.789,0.475,56,1.000,0.502,0.498,1.620,205.000,134.211,82,51,40,38,-71.342,96
2012,5,35,Toledo,Mid-American,3,1,67.386,75.335,28,0.750,0.711,0.039,0.198,234.694,167.308,115,87,49,52,7.677,56
2012,5,36,UCF,Conference USA,2,2,67.308,-20.117,69,0.500,0.435,0.065,0.304,232.692,165.385,121,86,52,52,-54.356,97
2012,5,37,UConn,Big East,3,2,66.285,-48.318,78,0.600,0.325,0.275,1.145,173.134,106.849,116,78,67,73,-109.269,116
2012,5,38,Boise State,Mountain West,3,1,63.092,40.266,40,0.750,0.626,0.124,0.538,202.222,139.130,91,64,45,46,-22.362,77
2012,5,39,Clemson,ACC,3,1,62.963,76.023,27,0.750,0.666,0.084,0.379,296.296,233.333,160,126,54,54,10.939,51
2012,5,40,Michigan State,Big Ten,3,2,54.624,36.629,42,0.600,0.650,-0.050,-0.156,161.290,106.667,100,64,62,60,-9.862,69
2012,5,41,Air Force,Mountain West,1,2,51.948,-54.776,79,0.333,0.382,-0.049,-0.152,309.091,257.143,102,90,33,35,-97.900,114
2012,5,42,Indiana,Big Ten,1,2,50.000,-69.710,86,0.333,0.278,0.055,0.264,256.818,206.818,113,91,44,44,-96.516,113
2012,5,43,Tulsa,Conference USA,3,1,42.424,21.741,49,0.750,0.562,0.188,0.794,218.182,175.758,144,116,66,66,-19.615,74
2012,5,44,Georgia Tech,ACC,1,3,38.247,49.164,37,0.250,0.625,-0.375,-1.459,285.417,247.170,137,131,48,53,18.407,44
2012,5,47,San Diego State,Mountain West,1,2,35.000,17.975,51,0.333,0.564,-0.231,-0.880,235.000,200.000,94,80,40,40,-2.020,64
2012,5,48,Oklahoma,Big 12,1,1,37.217,134.647,15,0.500,0.927,-0.427,-1.440,172.000,134.783,43,31,25,23,106.570,14
2012,5,48,Tennessee,SEC,2,2,33.982,43.947,39,0.500,0.617,-0.117,-0.424,251.724,217.742,146,135,58,62,12.182,48
2012,5,49,North Carolina,ACC,1,2,35.873,6.172,52,0.333,0.516,-0.182,-0.631,244.444,208.571,88,73,36,35,-31.163,69
2012,5,49,Virginia Tech,ACC,2,2,33.929,123.696,14,0.500,0.904,-0.404,-1.575,175.000,141.071,98,79,56,56,109.282,10
2012,5,50,Iowa,Big Ten,2,2,33.510,-16.146,67,0.500,0.442,0.058,0.277,175.510,142.000,86,71,49,50,-56.069,99
2012,5,51,Oregon State,Pac-12,3,0,30.952,120.139,18,1.000,0.838,0.162,0.691,178.571,147.619,75,62,42,42,89.749,14
2012,5,52,Troy,Sun Belt,3,2,29.416,8.503,54,0.600,0.529,0.071,0.327,188.571,159.155,132,113,70,71,-24.341,79
2012,5,53,Oklahoma State,Big 12,1,2,28.513,127.113,12,0.333,0.740,-0.407,-1.585,330.952,302.439,139,124,42,41,122.481,7
2012,5,54,Michigan,Big Ten,2,2,28.209,-50.063,77,0.500,0.353,0.147,0.459,232.653,204.444,114,92,49,45,-37.070,74
2012,5,55,Ohio,Mid-American,3,0,25.418,-15.657,66,1.000,0.433,0.567,2.312,338.462,313.043,88,72,26,23,-49.504,95
2012,5,56,Duke,ACC,3,1,13.158,12.449,53,0.750,0.535,0.215,0.905,229.825,216.667,131,117,57,54,-21.187,76
2012,5,57,Wisconsin,Big Ten,1,2,12.821,69.169,31,0.333,0.738,-0.405,-1.578,182.051,169.231,71,66,39,39,56.410,25
2012,5,58,Iowa State,Big 12,2,1,9.980,62.499,35,0.667,0.795,-0.129,-0.471,130.435,120.455,60,53,46,44,60.670,22
2012,5,59,Western Kentucky,Sun Belt,3,1,8.696,27.903,45,0.750,0.590,0.160,0.686,217.391,208.696,100,96,46,46,4.942,58
2012,5,60,NC State,ACC,2,2,7.295,-20.613,71,0.500,0.417,0.083,0.376,162.295,155.000,99,93,61,60,-39.043,88
2012,5,61,Louisiana,Sun Belt,2,1,0.000,27.495,47,0.667,0.587,0.079,0.361,242.222,242.222,109,109,45,45,7.683,55
2012,5,62,Maryland,ACC,1,2,-18.605,-58.143,81,0.333,0.338,-0.004,-0.043,181.395,200.000,78,82,43,41,-37.630,76
2012,5,62,Minnesota,Big Ten,3,1,-5.769,-88.078,91,0.750,0.211,0.539,2.203,169.231,175.000,88,91,52,52,-77.306,109
2012,5,62,Pittsburgh,Big East,1,1,-23.077,485.767,3,0.500,0.973,-0.473,-1.167,173.077,196.154,45,51,26,26,515.254,1
2012,5,63,Ole Miss,SEC,2,2,-15.598,23.302,48,0.500,0.559,-0.059,-0.194,287.179,302.778,112,109,39,36,128.339,5
2012,5,65,Ball State,Mid-American,3,2,-19.557,-64.469,83,0.600,0.363,0.237,0.993,271.212,290.769,179,189,66,65,-48.305,94
2012,5,67,Houston,Conference USA,1,1,-26.420,-6.375,60,0.500,0.464,0.036,0.188,128.125,154.545,41,51,32,33,-6.931,66
2012,5,68,Kent State,Mid-American,2,1,-30.952,-108.884,99,0.667,0.186,0.480,1.966,200.000,230.952,82,97,41,42,-74.757,107
2012,5,69,South Florida,Big East,1,3,-36.522,-20.154,70,0.250,0.440,-0.190,-0.717,193.478,230.000,89,115,46,50,21.036,39
2012,5,69,UNLV,Mountain West,1,2,-38.768,-129.835,101,0.333,0.215,0.118,0.363,224.390,263.158,92,100,41,38,-97.208,108
2012,5,71,Auburn,SEC,1,3,-49.698,52.059,36,0.250,0.710,-0.460,-1.552,134.615,184.314,70,94,52,51,101.787,16
2012,5,71,Miami,ACC,3,1,-48.166,-9.845,63,0.750,0.476,0.274,1.140,237.288,285.455,140,157,59,55,35.611,32
2012,5,73,Kansas,Big 12,0,3,-52.451,-122.889,95,0.000,0.140,-0.140,-0.490,155.882,208.333,53,75,34,36,-69.895,94
2012,5,74,Washington State,Pac-12,1,3,-65.769,-82.645,88,0.250,0.301,-0.051,-0.162,194.231,260.000,101,143,52,55,-7.168,67
2012,5,76,Arizona,Pac-12,2,2,-66.270,99.087,21,0.500,0.812,-0.312,-1.206,187.302,253.571,118,142,63,56,120.670,8
2012,5,77,California,Pac-12,0,4,-67.611,-8.105,61,0.000,0.470,-0.470,-1.840,139.286,206.897,78,120,56,58,62.892,21
2012,5,77,Syracuse,Big East,0,3,-65.789,-46.837,76,0.000,0.389,-0.389,-1.315,200.000,265.789,80,101,40,38,25.308,42
2012,5,78,Missouri,SEC,2,2,-67.857,7.196,55,0.500,0.530,-0.030,-0.077,125.000,192.857,75,108,60,56,76.516,17
2012,5,79,Temple,Big East,0,2,-76.923,-143.281,105,0.000,0.118,-0.118,-0.419,153.846,230.769,40,60,26,26,-63.281,93
2012,5,79,Washington,Pac-12,2,1,-69.444,86.519,24,0.667,0.784,-0.117,-0.425,113.889,183.333,41,66,36,36,123.886,6
2012,5,80,Western Michigan,Mid-American,1,3,-75.708,-124.575,108,0.250,0.163,0.087,0.393,137.500,213.208,77,113,56,53,-46.521,93
2012,5,80,Wyoming,Mountain West,0,2,-92.000,1.341,58,0.000,0.503,-0.503,-1.399,192.000,284.000,48,71,25,25,91.725,19
2012,5,81,Colorado State,Mountain West,1,1,-76.741,-168.312,114,0.500,0.062,0.438,1.797,159.259,236.000,43,59,27,25,-87.268,111
2012,5,83,Florida International,Sun Belt,1,4,-81.526,-112.567,100,0.200,0.206,-0.006,0.018,182.857,264.384,128,193,70,73,-27.368,82
2012,5,84,North Texas,Sun Belt,1,3,-85.714,-3.278,59,0.250,0.488,-0.238,-0.910,126.531,212.245,62,104,49,49,84.505,16
2012,5,85,Kentucky,SEC,1,4,-86.829,-43.558,77,0.200,0.378,-0.178,-0.669,178.689,265.517,109,154,61,58,39.067,31
2012,5,86,Wake Forest,ACC,2,2,-88.462,-28.361,74,0.500,0.412,0.088,0.395,200.000,288.462,104,150,52,52,1.234,62
2012,5,88,Memphis,Conference USA,0,3,-105.128,-103.576,89,0.000,0.226,-0.226,-0.776,200.000,305.128,72,119,36,39,-6.140,57
2012,5,88,UTEP,Conference USA,0,4,-97.059,-76.643,87,0.000,0.270,-0.270,-1.037,119.608,216.667,61,117,51,54,20.729,40
2012,5,89,Boston College,ACC,0,3,-98.845,-66.889,84,0.000,0.268,-0.268,-1.031,185.366,284.211,76,108,41,38,32.179,34
2012,5,90,Buffalo,Mid-American,0,3,-104.651,-116.243,102,0.000,0.130,-0.130,-0.476,109.302,213.953,47,92,43,43,-15.132,73
2012,5,90,Utah,Pac-12,1,1,-108.262,-24.531,68,0.500,0.414,0.086,0.257,114.815,223.077,31,58,27,26,83.665,19
2012,5,91,Illinois,Big Ten,1,2,-105.000,-125.022,109,0.333,0.142,0.192,0.811,112.500,217.500,45,87,40,40,-14.045,71
2012,5,93,Miami (OH),Mid-American,2,2,-105.714,-140.714,110,0.500,0.197,0.303,1.255,214.286,320.000,105,160,49,50,-81.805,110
2012,5,94,Rice,Conference USA,1,3,-106.536,-114.851,101,0.250,0.268,-0.018,-0.027,211.111,317.647,114,162,54,51,-29.161,83
2012,5,95,East Carolina,Conference USA,2,2,-107.220,-89.702,93,0.500,0.185,0.315,1.303,174.359,281.579,68,107,39,38,16.547,46
2012,5,97,Army,FBS Independents,0,3,-137.143,-153.600,109,0.000,0.249,-0.249,-0.853,240.000,377.143,84,132,35,35,-45.286,81
2012,5,97,Marshall,Conference USA,1,3,-110.053,-88.612,92,0.250,0.322,-0.072,-0.247,278.182,388.235,153,198,55,51,5.868,57
2012,5,98,Arkansas State,Sun Belt,1,3,-114.000,-58.473,80,0.250,0.342,-0.092,-0.323,186.000,300.000,93,153,50,51,56.917,24
2012,5,99,Vanderbilt,SEC,0,3,-141.622,-32.470,71,0.000,0.304,-0.304,-1.034,78.378,220.000,29,88,37,40,63.990,29
2012,5,100,Akron,Mid-American,0,4,-137.396,-176.951,115,0.000,0.131,-0.131,-0.481,201.587,338.983,127,200,63,59,-57.363,100
2012,5,100,Eastern Michigan,Mid-American,0,3,-145.137,-123.899,98,0.000,0.092,-0.092,-0.333,113.953,259.091,49,114,43,44,-3.502,55
2012,5,101,Colorado,Pac-12,1,3,-140.323,-119.759,104,0.250,0.147,0.103,0.456,129.032,269.355,80,167,62,62,-25.024,80
2012,5,102,Bowling Green,Mid-American,0,3,-147.592,8.315,50,0.000,0.529,-0.529,-1.778,74.359,221.951,29,91,39,41,131.003,6
2012,5,103,Virginia,ACC,1,2,-149.286,-116.575,93,0.333,0.172,0.161,0.505,125.714,275.000,44,99,35,36,16.040,47
2012,5,104,UAB,Conference USA,0,4,-145.609,-67.297,85,0.000,0.310,-0.310,-1.199,150.820,296.429,92,166,61,56,54.172,26
2012,5,107,South Alabama,Sun Belt,0,3,-156.890,-141.956,111,0.000,0.092,-0.092,-0.325,67.500,224.390,27,92,40,41,17.073,45
2012,5,108,SMU,Conference USA,0,3,-187.234,-84.309,89,0.000,0.165,-0.165,-0.615,91.489,278.723,43,131,47,47,64.613,19
2012,5,109,Southern Miss,Conference USA,0,4,-187.500,-98.997,95,0.000,0.252,-0.252,-0.964,212.500,400.000,68,136,32,34,57.973,23
2012,5,110,Florida Atlantic,Sun Belt,0,4,-187.883,-62.713,82,0.000,0.297,-0.297,-1.146,118.367,306.250,58,147,49,48,102.372,11
2012,5,111,Arkansas,SEC,0,4,-193.103,-21.923,72,0.000,0.421,-0.421,-1.644,115.517,308.621,67,179,58,58,96.537,12
2012,5,112,New Mexico,Mountain West,0,3,-247.443,-24.152,73,0.000,0.428,-0.428,-1.670,134.375,381.818,43,126,32,33,152.514,3
2012,5,113,Central Michigan,Mid-American,1,2,-255.254,-106.682,97,0.333,0.259,0.074,0.341,273.913,529.167,63,127,23,24,10.241,52
2012,5,114,Massachusetts,Mid-American,0,5,-280.000,-255.436,116,0.000,0.005,-0.005,0.021,138.000,418.000,69,209,50,50,-69.084,105
2012,5,115,Hawai'i,Mountain West,0,3,-329.573,-166.477,113,0.000,0.113,-0.113,-0.411,82.927,412.500,34,165,41,40,44.207,29
2012,5,117,Navy,FBS Independents,0,2,-389.394,-302.450,108,0.000,0.030,-0.030,-0.108,77.273,466.667,17,84,22,18,23.384,50
2012,5,117,Tulane,Conference USA,0,4,-524.359,-123.529,107,0.000,0.121,-0.121,-0.442,133.333,657.692,32,171,24,26,19.178,42
2012,6,1,Alabama,SEC,5,0,289.175,220.797,3,1.000,0.978,0.022,0.130,346.552,57.377,201,35,58,61,-10.205,70
2012,6,2,Kansas State,Big 12,4,0,226.212,141.231,9,1.000,0.825,0.175,0.885,379.545,153.333,167,69,44,45,-25.852,77
2012,6,3,Oregon,Pac-12,5,0,212.188,174.763,3,1.000,0.890,0.110,0.572,353.521,141.333,251,106,71,75,2.873,61
2012,6,4,South Carolina,SEC,6,0,209.897,170.354,4,1.000,0.928,0.072,0.385,290.667,80.769,218,63,75,78,-7.009,67
2012,6,5,Notre Dame,FBS Independents,5,0,199.425,137.538,12,1.000,0.940,0.060,0.329,266.667,67.241,144,39,54,58,-30.929,85
2012,6,6,Texas,Big 12,4,1,197.623,211.212,2,0.800,0.908,-0.108,-0.490,410.526,212.903,234,132,57,62,49.346,21
2012,6,7,Texas A&M,SEC,3,1,179.588,141.967,8,0.750,0.870,-0.120,-0.548,288.679,109.091,153,60,53,55,44.036,22
2012,6,8,Cincinnati,Big East,3,0,162.500,111.204,16,1.000,0.820,0.180,0.910,282.500,120.000,113,48,40,40,-30.945,86
2012,6,9,Ohio State,Big Ten,6,0,149.725,138.768,11,1.000,0.862,0.138,0.705,296.154,146.429,231,123,78,84,10.231,50
2012,6,10,Florida State,ACC,3,1,135.791,87.401,19,0.750,0.789,-0.039,-0.156,267.273,131.481,147,71,55,54,-1.444,63
2012,6,13,Arizona State,Pac-12,3,1,134.624,92.834,22,0.750,0.770,-0.020,-0.039,243.396,108.772,129,62,53,57,-42.079,91
2012,6,13,LSU,SEC,3,1,127.941,140.157,10,0.750,0.911,-0.161,-0.747,208.333,80.392,100,41,48,51,28.036,34
2012,6,14,UL Monroe,Sun Belt,3,2,126.697,69.755,24,0.600,0.693,-0.093,-0.417,388.235,261.538,198,136,51,52,41.591,24
2012,6,15,Georgia,SEC,5,1,116.453,85.961,20,0.833,0.719,0.114,0.590,285.057,168.605,248,145,87,86,12.486,46
2012,6,16,BYU,FBS Independents,2,2,129.922,38.788,41,0.500,0.716,-0.216,-0.822,203.922,74.000,104,37,51,50,-62.810,103
2012,6,16,Florida,SEC,5,0,114.231,147.710,6,1.000,0.931,0.069,0.373,209.231,95.000,136,57,65,60,50.545,20
2012,6,17,USC,Pac-12,4,1,112.308,105.005,18,0.800,0.803,-0.003,0.018,261.538,149.231,170,97,65,65,9.394,53
2012,6,18,West Virginia,Big 12,4,0,109.469,156.143,5,1.000,0.805,0.195,0.985,411.321,301.852,218,163,53,54,64.314,15
2012,6,19,Penn State,Big Ten,4,2,103.024,45.694,37,0.667,0.651,0.015,0.110,238.235,135.211,162,96,68,71,-65.596,112
2012,6,20,Mississippi State,SEC,4,0,100.981,54.451,29,1.000,0.669,0.331,1.647,216.981,116.000,115,58,53,50,-42.262,99
2012,6,21,Nevada,Mountain West,3,1,93.350,47.357,35,0.750,0.634,0.116,0.601,286.207,192.857,166,108,58,56,-18.513,70
2012,6,22,Oklahoma,Big 12,2,1,91.667,130.300,13,0.667,0.865,-0.199,-0.932,233.333,141.667,84,51,36,36,38.621,27
2012,6,23,UCF,Conference USA,3,2,91.423,31.367,44,0.600,0.592,0.008,0.074,259.677,168.254,161,106,62,63,-39.661,94
2012,6,24,San Diego State,Mountain West,2,2,91.380,10.518,58,0.500,0.539,-0.039,-0.157,265.455,174.074,146,94,55,54,-49.478,103
2012,6,25,Northern Illinois,Mid-American,4,1,91.327,-49.017,79,0.800,0.343,0.457,2.259,342.308,250.980,178,128,52,51,-72.712,113
2012,6,26,Fresno State,Mountain West,3,2,90.665,37.315,40,0.600,0.613,-0.013,-0.030,253.165,162.500,200,130,79,80,-21.571,73
2012,6,27,Stanford,Pac-12,3,1,90.496,130.058,14,0.750,0.861,-0.111,-0.506,246.429,155.932,138,92,56,59,54.701,19
2012,6,28,Rutgers,Big East,4,0,90.039,56.044,28,1.000,0.698,0.302,1.506,198.039,108.000,101,54,51,50,-34.750,87
2012,6,29,Boise State,Mountain West,4,1,83.421,42.898,38,0.800,0.636,0.164,0.836,211.290,127.869,131,78,62,61,-35.597,89
2012,6,30,Louisville,Big East,4,0,80.952,20.284,50,1.000,0.557,0.443,1.817,285.714,204.762,120,86,42,42,-62.595,102
2012,6,31,Toledo,Mid-American,4,1,78.401,49.016,33,0.800,0.645,0.155,0.789,257.812,179.412,165,122,64,68,-28.027,80
2012,6,32,Clemson,ACC,4,1,75.758,53.569,30,0.800,0.617,0.183,0.927,313.636,237.879,207,157,66,66,-25.165,76
2012,6,33,Baylor,Big 12,2,1,72.195,74.982,29,0.667,0.630,0.037,0.190,412.195,340.000,169,136,41,40,21.612,38
2012,6,34,Michigan,Big Ten,3,2,70.628,38.378,39,0.600,0.612,-0.012,-0.023,254.839,184.211,158,105,62,57,7.361,57
2012,6,35,UCLA,Pac-12,4,2,62.251,50.161,31,0.667,0.661,0.005,0.061,213.830,151.579,201,144,94,95,-3.788,64
2012,6,36,Middle Tennessee,Sun Belt,3,1,61.174,12.222,56,0.750,0.529,0.221,1.113,302.083,240.909,145,106,48,44,-40.983,97
2012,6,37,Texas Tech,Big 12,2,1,55.848,67.913,25,0.667,0.670,-0.003,0.021,244.737,188.889,93,68,38,36,36.045,28
2012,6,38,North Carolina,ACC,2,2,52.667,28.139,49,0.500,0.572,-0.072,-0.316,266.667,214.000,136,107,51,50,-23.195,75
2012,6,39,Michigan State,Big Ten,4,2,51.694,48.994,34,0.667,0.696,-0.030,-0.109,174.667,122.973,131,91,75,74,2.651,62
2012,6,40,TCU,Big 12,3,1,47.857,1.581,64,0.750,0.505,0.245,1.227,167.857,120.000,94,66,56,55,-53.688,106
2012,6,41,Northwestern,Big Ten,4,1,47.835,23.083,51,0.800,0.558,0.242,1.212,252.381,204.545,159,135,63,66,-29.738,84
2012,6,42,Oregon State,Pac-12,4,0,47.273,70.017,23,1.000,0.784,0.216,1.086,170.909,123.636,94,68,55,55,22.224,37
2012,6,43,Duke,ACC,4,1,45.558,8.889,60,0.800,0.525,0.275,1.375,236.986,191.429,173,134,73,70,-49.269,102
2012,6,44,Tulsa,Conference USA,4,1,43.750,13.425,55,0.800,0.541,0.259,1.296,236.250,192.500,189,154,80,80,-29.659,83
2012,6,45,Wisconsin,Big Ten,2,2,42.308,29.419,45,0.500,0.596,-0.096,-0.430,196.154,153.846,102,80,52,52,-12.843,68
2012,6,46,UConn,Big East,3,3,35.157,-35.364,75,0.500,0.360,0.140,0.719,150.633,115.476,119,97,79,84,-61.536,109
2012,6,48,Tennessee,SEC,2,2,33.982,43.947,39,0.500,0.617,-0.117,-0.424,251.724,217.742,146,135,58,62,12.182,48
2012,6,49,Houston,Conference USA,2,1,33.182,20.287,54,0.667,0.572,0.095,0.498,193.182,160.000,85,72,44,45,-43.973,101
2012,6,50,Iowa,Big Ten,2,2,33.510,-16.146,67,0.500,0.442,0.058,0.277,175.510,142.000,86,71,49,50,-56.069,99
2012,6,50,Nebraska,Big Ten,3,2,33.004,57.399,27,0.600,0.633,-0.033,-0.123,273.913,240.909,189,159,69,66,8.775,55
2012,6,51,Louisiana,Sun Belt,3,1,31.591,20.538,53,0.750,0.561,0.189,0.956,241.935,210.345,150,122,62,58,-29.615,82
2012,6,52,Iowa State,Big 12,3,1,30.632,47.162,36,0.750,0.695,0.055,0.303,161.667,131.034,97,76,60,58,20.790,38
2012,6,52,Troy,Sun Belt,3,2,29.416,8.503,54,0.600,0.529,0.071,0.327,188.571,159.155,132,113,70,71,-24.341,79
2012,6,53,Oklahoma State,Big 12,1,2,28.513,127.113,12,0.333,0.740,-0.407,-1.585,330.952,302.439,139,124,42,41,122.481,7
2012,6,53,Purdue,Big Ten,2,2,30.000,-10.616,68,0.500,0.469,0.031,0.187,250.000,220.000,135,121,54,55,-17.425,69
2012,6,56,Indiana,Big Ten,1,3,27.344,-53.291,81,0.250,0.348,-0.098,-0.440,241.379,214.035,140,122,58,57,-61.994,110
2012,6,57,Kent State,Mid-American,3,1,22.222,-65.452,83,0.750,0.307,0.443,2.192,227.778,205.556,123,111,54,54,-89.536,116
2012,6,58,Ohio,Mid-American,4,0,21.206,-12.366,69,1.000,0.456,0.544,2.683,307.317,286.111,126,103,41,36,-39.888,96
2012,6,59,Air Force,Mountain West,1,3,16.812,-88.310,94,0.250,0.292,-0.042,-0.170,273.333,256.522,123,118,45,46,-100.766,117
2012,6,59,Western Kentucky,Sun Belt,3,1,8.696,27.903,45,0.750,0.590,0.160,0.686,217.391,208.696,100,96,46,46,4.942,58
2012,6,61,NC State,ACC,3,2,7.442,-6.693,67,0.600,0.473,0.127,0.655,156.757,149.315,116,109,74,73,-22.975,74
2012,6,62,Minnesota,Big Ten,3,1,-5.769,-88.078,91,0.750,0.211,0.539,2.203,169.231,175.000,88,91,52,52,-77.306,109
2012,6,62,Virginia Tech,ACC,2,3,7.042,6.699,62,0.400,0.524,-0.124,-0.566,185.915,178.873,132,127,71,71,13.835,45
2012,6,63,Georgia Tech,ACC,1,4,6.154,-28.343,74,0.200,0.427,-0.227,-1.070,280.000,273.846,168,178,60,65,-26.282,78
2012,6,64,Maryland,ACC,2,2,-4.014,8.834,61,0.500,0.534,-0.034,-0.130,164.407,168.421,97,96,59,57,16.406,42
2012,6,66,Pittsburgh,Big East,1,2,-9.961,11.400,57,0.333,0.541,-0.207,-0.974,165.714,175.676,58,65,35,37,25.334,36
2012,6,67,Western Michigan,Mid-American,2,3,-11.481,-100.466,99,0.400,0.233,0.167,0.848,186.957,198.438,129,127,69,64,-77.184,115
2012,6,68,California,Pac-12,1,4,-20.101,76.138,21,0.200,0.736,-0.536,-2.574,172.857,192.958,121,137,70,71,97.661,9
2012,6,69,Ole Miss,SEC,2,3,-27.319,31.605,43,0.400,0.581,-0.181,-0.848,262.264,289.583,139,139,53,48,124.668,1
2012,6,69,UNLV,Mountain West,1,2,-38.768,-129.835,101,0.333,0.215,0.118,0.363,224.390,263.158,92,100,41,38,-97.208,108
2012,6,70,Temple,Big East,1,2,-32.195,-28.152,73,0.333,0.418,-0.085,-0.378,187.805,220.000,77,88,41,40,9.626,52
2012,6,71,Ball State,Mid-American,3,3,-33.659,-79.476,90,0.500,0.316,0.184,0.932,246.341,280.000,202,224,82,80,-51.076,104
2012,6,73,South Florida,Big East,1,4,-38.846,-25.650,70,0.200,0.428,-0.228,-1.076,195.000,233.846,117,152,60,65,16.635,40
2012,6,74,Missouri,SEC,2,3,-58.141,29.405,46,0.400,0.608,-0.208,-0.976,123.288,181.429,90,127,73,70,88.927,10
2012,6,75,Syracuse,Big East,1,3,-58.239,-41.900,78,0.250,0.379,-0.129,-0.591,184.314,242.553,94,114,51,47,16.501,41
2012,6,76,Arizona,Pac-12,2,3,-67.179,75.791,22,0.400,0.697,-0.297,-1.410,212.821,280.000,166,196,78,70,106.200,4
2012,6,77,Auburn,SEC,1,4,-67.708,3.723,63,0.200,0.516,-0.316,-1.503,116.667,184.375,77,118,66,64,70.428,13
2012,6,78,Arkansas State,Sun Belt,2,3,-68.725,-61.385,82,0.400,0.330,0.070,0.374,201.587,270.312,127,173,63,64,9.388,54
2012,6,79,Washington State,Pac-12,1,4,-73.620,-66.474,84,0.200,0.321,-0.121,-0.556,164.615,238.235,107,162,65,68,13.907,44
2012,6,80,Wake Forest,ACC,2,3,-75.000,-27.002,72,0.400,0.409,-0.009,-0.010,173.529,248.529,118,169,68,68,2.924,60
2012,6,81,Memphis,Conference USA,1,3,-80.941,-107.396,100,0.250,0.180,0.070,0.375,172.000,252.941,86,129,50,51,-38.486,92
2012,6,82,Wyoming,Mountain West,0,3,-81.795,21.161,52,0.000,0.562,-0.562,-2.703,190.000,271.795,76,106,40,39,102.528,6
2012,6,83,Boston College,ACC,0,4,-82.113,-109.132,102,0.000,0.150,-0.150,-0.694,201.887,284.000,107,142,53,50,-28.581,81
2012,6,84,Rice,Conference USA,1,4,-82.890,-113.669,107,0.200,0.223,-0.023,-0.075,187.879,270.769,124,176,66,65,-41.783,98
2012,6,85,Utah,Pac-12,1,2,-84.737,28.372,48,0.333,0.573,-0.240,-1.132,155.263,240.000,59,96,38,40,106.130,5
2012,6,86,Buffalo,Mid-American,0,4,-84.852,-86.357,93,0.000,0.243,-0.243,-1.150,139.286,224.138,78,130,56,58,-6.805,66
2012,6,87,Bowling Green,Mid-American,1,3,-85.114,-53.225,80,0.250,0.289,-0.039,-0.157,101.923,187.037,53,101,52,54,11.869,48
2012,6,88,Florida International,Sun Belt,1,5,-85.640,-110.437,103,0.167,0.202,-0.035,-0.138,178.313,263.953,148,227,83,86,-21.489,72
2012,6,89,Kentucky,SEC,1,5,-90.078,-25.696,71,0.167,0.425,-0.258,-1.221,168.493,258.571,123,181,73,70,61.214,17
2012,6,90,Army,FBS Independents,1,3,-95.745,-118.644,108,0.250,0.283,-0.033,-0.126,251.064,346.809,118,163,47,47,-43.658,100
2012,6,91,Marshall,Conference USA,1,4,-97.035,-79.001,89,0.200,0.343,-0.143,-0.659,276.812,373.846,191,243,69,65,6.583,59
2012,6,92,Vanderbilt,SEC,1,3,-100.222,9.939,59,0.250,0.550,-0.300,-1.428,94.118,194.340,48,103,51,53,77.201,12
2012,6,93,Miami,ACC,3,2,-102.129,-72.333,87,0.600,0.333,0.267,1.337,207.246,309.375,143,198,69,64,26.920,35
2012,6,94,UTEP,Conference USA,0,5,-106.154,-93.280,96,0.000,0.190,-0.190,-0.891,93.846,200.000,61,134,65,67,10.771,49
2012,6,95,North Texas,Sun Belt,1,4,-106.557,-68.409,85,0.200,0.306,-0.106,-0.483,136.066,242.623,83,148,61,61,40.150,25
2012,6,96,Colorado State,Mountain West,1,2,-106.930,-173.661,116,0.333,0.058,0.275,1.374,128.205,235.135,50,87,39,37,-61.298,108
2012,6,97,Illinois,Big Ten,1,3,-111.321,-85.510,92,0.250,0.226,0.024,0.150,111.321,222.642,59,118,53,53,30.415,32
2012,6,98,Kansas,Big 12,0,4,-114.014,-92.966,95,0.000,0.220,-0.220,-1.035,153.333,267.347,69,131,45,49,-4.969,65
2012,6,99,SMU,Conference USA,1,3,-114.754,-37.380,76,0.250,0.307,-0.057,-0.243,100.000,214.754,60,131,60,61,41.619,23
2012,6,100,Washington,Pac-12,2,2,-116.816,29.118,47,0.500,0.594,-0.094,-0.424,124.000,240.816,62,118,50,49,113.874,2
2012,6,101,Arkansas,SEC,1,4,-130.164,34.208,41,0.200,0.614,-0.414,-1.981,128.169,258.333,91,186,71,72,102.053,8
2012,6,101,Colorado,Pac-12,1,3,-140.323,-119.759,104,0.250,0.147,0.103,0.456,129.032,269.355,80,167,62,62,-25.024,80
2012,6,102,East Carolina,Conference USA,2,3,-130.250,-100.087,98,0.400,0.217,0.183,0.928,176.000,306.250,88,147,50,48,34.145,29
2012,6,103,Akron,Mid-American,0,5,-130.848,-155.951,113,0.000,0.146,-0.146,-0.676,180.263,311.111,137,224,76,72,-38.742,93
2012,6,104,UAB,Conference USA,0,4,-145.609,-67.297,85,0.000,0.310,-0.310,-1.199,150.820,296.429,92,166,61,56,54.172,26
2012,6,105,Miami (OH),Mid-American,2,3,-144.572,-110.936,104,0.400,0.246,0.154,0.787,191.935,336.508,119,212,62,63,-20.732,71
2012,6,107,South Alabama,Sun Belt,0,3,-156.890,-141.956,111,0.000,0.092,-0.092,-0.325,67.500,224.390,27,92,40,41,17.073,45
2012,6,107,Virginia,ACC,1,3,-151.546,-131.568,109,0.250,0.133,0.117,0.603,119.608,271.154,61,141,51,52,6.955,58
2012,6,109,Eastern Michigan,Mid-American,0,4,-157.384,-166.615,115,0.000,0.077,-0.077,-0.339,114.545,271.930,63,155,55,57,-26.637,79
2012,6,110,Florida Atlantic,Sun Belt,0,4,-187.883,-62.713,82,0.000,0.297,-0.297,-1.146,118.367,306.250,58,147,49,48,102.372,11
2012,6,110,Southern Miss,Conference USA,0,5,-170.630,-113.088,106,0.000,0.196,-0.196,-0.918,174.468,345.098,82,176,47,51,40.129,26
2012,6,112,Central Michigan,Mid-American,1,3,-202.564,-83.393,91,0.250,0.309,-0.059,-0.253,251.282,453.846,98,177,39,39,32.750,30
2012,6,112,New Mexico,Mountain West,0,3,-247.443,-24.152,73,0.000,0.428,-0.428,-1.670,134.375,381.818,43,126,32,33,152.514,3
2012,6,113,Navy,FBS Independents,1,2,-213.636,-159.066,114,0.333,0.154,0.179,0.909,136.364,350.000,45,105,33,30,31.641,31
2012,6,115,Massachusetts,Mid-American,0,6,-278.220,-240.578,117,0.000,0.013,-0.013,-0.029,136.066,414.286,83,261,61,63,-52.336,105
2012,6,116,Hawai'i,Mountain West,0,4,-307.273,-145.700,112,0.000,0.155,-0.155,-0.719,87.273,394.545,48,217,55,55,57.313,18
2012,6,117,Tulane,Conference USA,0,5,-371.402,-112.194,105,0.000,0.159,-0.159,-0.737,121.622,493.023,45,212,37,43,30.003,33
2012,7,1,Alabama,SEC,6,0,273.666,242.610,1,1.000,0.989,0.011,0.072,332.877,59.211,243,45,73,76,18.997,39
2012,7,3,Kansas State,Big 12,5,0,194.833,184.999,3,1.000,0.872,0.128,0.660,352.727,157.895,194,90,55,57,37.242,31
2012,7,3,Oregon,Pac-12,5,0,212.188,174.763,3,1.000,0.890,0.110,0.572,353.521,141.333,251,106,71,75,2.873,61
2012,7,5,South Carolina,SEC,6,1,179.157,157.778,7,0.857,0.907,-0.050,-0.237,274.713,95.556,239,86,87,90,8.133,48
2012,7,6,Florida State,ACC,4,1,174.759,86.613,19,0.800,0.791,0.009,0.061,291.176,116.418,198,78,68,67,-27.540,81
2012,7,7,Notre Dame,FBS Independents,6,0,166.891,154.901,8,1.000,0.943,0.057,0.299,241.176,74.286,164,52,68,70,8.758,46
2012,7,7,Texas A&M,SEC,3,1,179.588,141.967,8,0.750,0.870,-0.120,-0.548,288.679,109.091,153,60,53,55,44.036,22
2012,7,8,Arizona State,Pac-12,4,1,163.005,126.214,12,0.800,0.831,-0.031,-0.143,272.727,109.722,180,79,66,72,-28.281,83
2012,7,8,Cincinnati,Big East,3,0,162.500,111.204,16,1.000,0.820,0.180,0.910,282.500,120.000,113,48,40,40,-30.945,86
2012,7,10,Northern Illinois,Mid-American,5,1,143.750,4.520,60,0.833,0.514,0.319,1.620,348.438,204.688,223,131,64,64,-61.487,111
2012,7,11,Oklahoma,Big 12,3,1,141.516,220.702,2,0.750,0.967,-0.217,-1.078,282.692,141.176,147,72,52,51,110.381,1
2012,7,12,Ohio State,Big Ten,7,0,132.301,109.475,14,1.000,0.790,0.210,1.072,304.301,172.000,283,172,93,100,-6.473,64
2012,7,13,UL Monroe,Sun Belt,4,2,129.688,39.942,39,0.667,0.615,0.052,0.277,364.062,234.375,233,150,64,64,-13.102,71
2012,7,14,Michigan,Big Ten,4,2,120.667,60.082,28,0.667,0.680,-0.013,-0.050,270.667,150.000,203,105,75,70,-1.662,56
2012,7,15,Georgia,SEC,5,1,116.453,85.961,20,0.833,0.719,0.114,0.590,285.057,168.605,248,145,87,86,12.486,46
2012,7,16,Florida,SEC,6,0,114.105,140.339,11,1.000,0.893,0.107,0.551,216.883,102.778,167,74,77,72,39.924,28
2012,7,17,Texas Tech,Big 12,3,1,113.167,165.926,5,0.750,0.888,-0.138,-0.677,284.000,170.833,142,82,50,48,83.692,8
2012,7,18,San Diego State,Mountain West,3,2,110.038,9.538,56,0.600,0.529,0.071,0.372,278.788,168.750,184,108,66,64,-79.550,115
2012,7,19,Penn State,Big Ten,4,2,103.024,45.694,37,0.667,0.651,0.015,0.110,238.235,135.211,162,96,68,71,-65.596,112
2012,7,19,USC,Pac-12,5,1,108.212,94.050,18,0.833,0.769,0.065,0.340,248.718,140.506,194,111,78,79,0.272,53
2012,7,20,LSU,SEC,4,1,106.587,141.369,10,0.800,0.900,-0.100,-0.487,205.000,98.413,123,62,60,63,48.339,22
2012,7,21,Texas,Big 12,4,2,104.167,160.369,6,0.667,0.845,-0.178,-0.879,354.167,250.000,255,195,72,78,53.190,19
2012,7,23,Mississippi State,SEC,5,0,89.287,44.756,37,1.000,0.639,0.361,1.832,232.836,143.548,156,89,67,62,-39.520,98
2012,7,24,UCF,Conference USA,4,2,86.252,15.734,54,0.667,0.544,0.122,0.630,268.919,182.667,199,137,74,75,-53.177,105
2012,7,25,Nevada,Mountain West,4,1,85.031,16.315,53,0.800,0.543,0.257,1.309,301.449,216.418,208,145,69,67,-45.472,101
2012,7,26,Rutgers,Big East,5,0,84.226,50.649,34,1.000,0.687,0.313,1.590,193.750,109.524,124,69,64,63,-34.294,95
2012,7,27,Boise State,Mountain West,5,1,80.785,45.577,36,0.833,0.663,0.170,0.872,201.333,120.548,151,88,75,73,-31.588,86
2012,7,28,TCU,Big 12,4,1,80.443,81.977,20,0.800,0.759,0.041,0.222,210.294,129.851,143,87,68,67,-8.905,65
2012,7,29,Louisville,Big East,5,0,77.254,30.065,45,1.000,0.571,0.429,2.170,305.556,228.302,165,121,54,53,-47.602,103
2012,7,31,Toledo,Mid-American,5,1,75.721,9.584,55,0.833,0.525,0.309,1.567,281.818,206.098,217,169,77,82,-65.332,112
2012,7,32,BYU,FBS Independents,2,3,72.581,35.947,40,0.400,0.635,-0.235,-1.168,200.000,127.419,128,79,64,62,-12.254,68
2012,7,32,Clemson,ACC,4,1,75.758,53.569,30,0.800,0.617,0.183,0.927,313.636,237.879,207,157,66,66,-25.165,76
2012,7,33,Wisconsin,Big Ten,3,2,69.697,64.306,24,0.600,0.705,-0.105,-0.515,212.121,142.424,140,94,66,66,-3.790,60
2012,7,34,Fresno State,Mountain West,3,3,69.479,31.477,43,0.500,0.609,-0.109,-0.532,230.769,161.290,210,150,91,93,-5.843,62
2012,7,35,Stanford,Pac-12,3,2,68.634,115.516,13,0.600,0.828,-0.228,-1.131,222.059,153.425,151,112,68,73,62.135,13
2012,7,36,Oregon State,Pac-12,5,0,67.691,106.667,16,1.000,0.815,0.185,0.947,202.985,135.294,136,92,67,68,35.356,32
2012,7,37,UCLA,Pac-12,5,2,66.477,67.654,23,0.714,0.725,-0.011,-0.041,215.534,149.057,222,158,103,106,6.261,51
2012,7,38,Houston,Conference USA,3,1,62.946,48.573,35,0.750,0.661,0.089,0.463,213.793,150.847,124,89,58,59,-38.907,97
2012,7,39,Tulsa,Conference USA,5,1,61.290,30.428,44,0.833,0.590,0.243,1.239,238.710,177.419,222,165,93,93,-33.680,92
2012,7,40,Middle Tennessee,Sun Belt,4,1,60.533,-18.114,64,0.800,0.458,0.342,1.734,303.390,242.857,179,136,59,56,-72.496,114
2012,7,41,North Carolina,ACC,3,2,50.026,27.370,48,0.600,0.582,0.018,0.105,248.387,198.361,154,121,62,61,-20.971,75
2012,7,42,Northwestern,Big Ten,5,1,47.792,27.419,47,0.833,0.576,0.257,1.308,240.000,192.208,180,148,75,77,-26.069,80
2012,7,43,Kent State,Mid-American,4,1,42.984,-53.512,85,0.800,0.326,0.474,2.398,236.923,193.939,154,128,65,66,-100.810,117
2012,7,44,Michigan State,Big Ten,4,3,38.333,41.919,38,0.571,0.679,-0.108,-0.527,163.333,125.000,147,110,90,88,6.346,50
2012,7,45,West Virginia,Big 12,4,1,35.711,71.214,22,0.800,0.659,0.141,0.724,356.923,321.212,232,212,65,66,44.417,26
2012,7,46,Oklahoma State,Big 12,2,2,33.019,63.121,25,0.500,0.654,-0.154,-0.757,283.929,250.909,159,138,56,55,48.932,21
2012,7,48,Iowa,Big Ten,3,2,32.821,31.728,42,0.600,0.608,-0.008,-0.027,166.667,133.846,105,87,63,65,-6.020,63
2012,7,50,Nebraska,Big Ten,3,2,33.004,57.399,27,0.600,0.633,-0.033,-0.123,273.913,240.909,189,159,69,66,8.775,55
2012,7,50,Virginia Tech,ACC,3,3,28.529,27.518,46,0.500,0.591,-0.091,-0.443,203.529,175.000,173,147,85,84,10.296,45
2012,7,51,Louisiana,Sun Belt,3,1,31.591,20.538,53,0.750,0.561,0.189,0.956,241.935,210.345,150,122,62,58,-29.615,82
2012,7,51,Ohio,Mid-American,5,0,26.355,-26.482,70,1.000,0.404,0.596,3.010,390.244,363.889,160,131,41,36,-54.004,107
2012,7,52,UConn,Big East,3,4,24.848,-53.036,83,0.429,0.290,0.139,0.713,140.000,115.152,133,114,95,99,-71.778,113
2012,7,53,Troy,Sun Belt,3,3,21.890,-7.880,62,0.500,0.474,0.026,0.148,197.500,175.610,158,144,80,82,-31.614,87
2012,7,54,Tennessee,SEC,2,3,21.278,34.949,41,0.400,0.588,-0.188,-0.930,252.857,231.579,177,176,70,76,16.442,41
2012,7,55,Ole Miss,SEC,3,3,16.267,56.261,31,0.500,0.634,-0.134,-0.661,276.923,260.656,180,159,65,61,93.147,5
2012,7,56,Duke,ACC,4,2,16.085,-21.705,68,0.667,0.440,0.226,1.154,224.419,208.333,193,175,86,84,-47.002,102
2012,7,57,Air Force,Mountain West,2,3,15.617,-48.142,80,0.400,0.383,0.017,0.099,274.545,258.929,151,145,55,56,-60.107,110
2012,7,58,Iowa State,Big 12,3,2,14.614,106.018,17,0.600,0.858,-0.258,-1.285,163.889,149.275,118,103,72,69,99.012,4
2012,7,59,Indiana,Big Ten,1,4,13.739,-25.271,69,0.200,0.436,-0.236,-1.171,255.405,241.667,189,174,74,72,-24.150,76
2012,7,60,Western Kentucky,Sun Belt,4,1,11.967,22.967,49,0.800,0.565,0.235,1.195,229.825,217.857,131,122,57,56,0.235,54
2012,7,61,NC State,ACC,3,2,7.442,-6.693,67,0.600,0.473,0.127,0.655,156.757,149.315,116,109,74,73,-22.975,74
2012,7,62,Maryland,ACC,3,2,6.456,-30.379,72,0.600,0.390,0.210,1.069,167.568,161.111,124,116,74,72,-33.654,91
2012,7,63,Georgia Tech,ACC,1,4,6.154,-28.343,74,0.200,0.427,-0.227,-1.070,280.000,273.846,168,178,60,65,-26.282,78
2012,7,64,Baylor,Big 12,2,2,2.721,21.965,51,0.500,0.539,-0.039,-0.180,358.491,355.769,190,185,53,52,40.271,27
2012,7,65,California,Pac-12,2,4,-2.410,58.241,29,0.333,0.692,-0.358,-1.787,183.133,185.542,152,154,83,83,60.044,14
2012,7,66,Purdue,Big Ten,2,3,-11.317,-20.310,65,0.400,0.437,-0.037,-0.172,219.118,230.435,149,159,68,69,8.529,47
2012,7,67,Temple,Big East,2,2,-14.286,-36.409,77,0.500,0.383,0.117,0.604,167.857,182.143,94,102,56,56,-14.534,72
2012,7,68,Minnesota,Big Ten,3,2,-14.683,-51.413,82,0.600,0.298,0.302,1.533,160.317,175.000,101,112,63,64,-31.431,85
2012,7,69,Ball State,Mid-American,4,3,-16.842,-57.718,88,0.571,0.353,0.218,1.111,244.211,261.053,232,248,95,95,-43.484,99
2012,7,70,Western Michigan,Mid-American,2,4,-21.753,-113.133,104,0.333,0.196,0.137,0.705,182.143,203.896,153,157,84,77,-81.936,116
2012,7,71,Pittsburgh,Big East,1,3,-22.316,8.608,57,0.250,0.526,-0.276,-1.373,202.174,224.490,93,110,46,49,33.264,35
2012,7,72,Bowling Green,Mid-American,2,3,-32.751,-40.191,78,0.400,0.320,0.080,0.416,138.462,171.212,90,113,65,66,-25.039,78
2012,7,73,South Florida,Big East,1,4,-38.846,-25.650,70,0.200,0.428,-0.228,-1.076,195.000,233.846,117,152,60,65,16.635,40
2012,7,74,UNLV,Mountain West,1,3,-41.719,-70.003,93,0.250,0.344,-0.094,-0.460,248.077,289.796,129,142,52,49,-34.170,94
2012,7,75,East Carolina,Conference USA,3,3,-43.625,-68.783,91,0.500,0.298,0.202,1.031,204.762,248.387,129,154,63,62,-5.243,61
2012,7,76,Arizona,Pac-12,2,3,-67.179,75.791,22,0.400,0.697,-0.297,-1.410,212.821,280.000,166,196,78,70,106.200,4
2012,7,76,Arkansas State,Sun Belt,3,3,-48.456,-77.249,94,0.500,0.299,0.201,1.028,217.333,265.789,163,202,75,76,-27.994,82
2012,7,77,Syracuse,Big East,1,4,-58.021,-33.166,75,0.200,0.401,-0.201,-0.994,170.312,228.333,109,137,64,60,25.863,38
2012,7,78,Arkansas,SEC,2,4,-62.526,58.207,30,0.333,0.683,-0.350,-1.743,172.840,235.366,140,193,81,82,68.077,10
2012,7,80,Wake Forest,ACC,2,3,-75.000,-27.002,72,0.400,0.409,-0.009,-0.010,173.529,248.529,118,169,68,68,2.924,60
2012,7,80,Wyoming,Mountain West,0,4,-67.469,-28.994,71,0.000,0.411,-0.411,-2.050,206.000,273.469,103,134,50,49,34.532,34
2012,7,82,Washington State,Pac-12,1,5,-77.233,-53.442,84,0.167,0.333,-0.167,-0.822,161.039,238.272,124,193,77,81,29.676,36
2012,7,83,Florida International,Sun Belt,1,6,-81.704,-117.679,105,0.143,0.179,-0.036,-0.165,187.368,269.072,178,261,95,97,-32.996,89
2012,7,84,Rice,Conference USA,1,4,-82.890,-113.669,107,0.200,0.223,-0.023,-0.075,187.879,270.769,124,176,66,65,-41.783,98
2012,7,85,Missouri,SEC,2,4,-85.187,22.942,50,0.333,0.587,-0.254,-1.262,113.636,198.824,100,169,88,85,103.655,3
2012,7,86,Auburn,SEC,1,5,-86.426,-21.094,67,0.167,0.414,-0.248,-1.231,122.785,209.211,97,159,79,76,65.797,12
2012,7,87,Utah,Pac-12,1,3,-89.796,-3.868,61,0.250,0.489,-0.239,-1.185,148.980,238.776,73,117,49,49,80.966,9
2012,7,88,Miami,ACC,3,3,-91.750,-50.841,81,0.500,0.365,0.135,0.694,196.250,288.000,157,216,80,75,37.931,30
2012,7,90,Kansas,Big 12,0,5,-99.005,-33.228,76,0.000,0.372,-0.372,-1.857,140.678,239.683,83,151,59,63,45.741,24
2012,7,91,Marshall,Conference USA,1,4,-97.035,-79.001,89,0.200,0.343,-0.143,-0.659,276.812,373.846,191,243,69,65,6.583,59
2012,7,91,Vanderbilt,SEC,1,4,-102.979,7.060,58,0.200,0.529,-0.329,-1.641,103.175,206.154,65,134,63,65,84.203,7
2012,7,92,Army,FBS Independents,1,4,-105.669,-126.331,108,0.200,0.246,-0.046,-0.219,228.814,334.483,135,194,59,58,-38.313,96
2012,7,94,Washington,Pac-12,2,3,-110.282,21.114,52,0.400,0.578,-0.178,-0.879,118.750,229.032,76,142,64,62,105.841,2
2012,7,95,North Texas,Sun Belt,1,4,-106.557,-68.409,85,0.200,0.306,-0.106,-0.483,136.066,242.623,83,148,61,61,40.150,25
2012,7,95,SMU,Conference USA,1,4,-115.683,-32.051,74,0.200,0.344,-0.144,-0.711,143.333,259.016,86,158,60,61,46.948,23
2012,7,96,UTEP,Conference USA,0,6,-116.442,-69.771,92,0.000,0.249,-0.249,-1.239,92.308,208.750,72,167,78,80,45.144,25
2012,7,97,Memphis,Conference USA,1,4,-120.312,-157.327,114,0.200,0.080,0.120,0.621,145.312,265.625,93,170,64,64,-58.353,109
2012,7,98,Navy,FBS Independents,2,2,-125.820,-93.819,95,0.500,0.254,0.246,1.250,176.744,302.564,76,118,43,39,7.822,49
2012,7,99,Virginia,ACC,1,4,-128.019,-107.228,101,0.200,0.179,0.021,0.118,122.727,250.746,81,168,66,67,12.924,43
2012,7,100,Colorado State,Mountain West,1,3,-129.804,-167.800,116,0.250,0.086,0.164,0.842,130.612,260.417,64,125,49,48,-32.165,88
2012,7,101,Kentucky,SEC,1,6,-130.873,-57.265,87,0.143,0.332,-0.189,-0.935,156.627,287.500,130,230,83,80,57.228,15
2012,7,102,Buffalo,Mid-American,0,5,-132.609,-121.887,107,0.000,0.160,-0.160,-0.790,117.391,250.000,81,175,69,70,-11.195,67
2012,7,103,Boston College,ACC,0,5,-133.622,-109.296,102,0.000,0.184,-0.184,-0.912,172.727,306.349,114,193,66,63,-1.779,57
2012,7,104,South Alabama,Sun Belt,0,4,-133.817,-146.309,112,0.000,0.114,-0.114,-0.558,107.692,241.509,56,128,52,53,-12.454,69
2012,7,105,Eastern Michigan,Mid-American,0,5,-136.294,-140.846,111,0.000,0.162,-0.162,-0.801,159.420,295.714,110,207,69,70,-16.007,73
2012,7,106,Akron,Mid-American,0,6,-141.228,-165.979,115,0.000,0.132,-0.132,-0.650,217.105,358.333,165,258,76,72,-48.769,104
2012,7,107,UAB,Conference USA,0,5,-147.524,-60.929,89,0.000,0.328,-0.328,-1.635,145.333,292.857,109,205,75,70,67.675,11
2012,7,108,Southern Miss,Conference USA,0,6,-148.157,-99.041,98,0.000,0.236,-0.236,-1.173,191.525,339.683,113,214,59,63,35.199,33
2012,7,109,Miami (OH),Mid-American,2,4,-150.605,-136.660,110,0.333,0.205,0.129,0.662,177.027,327.632,131,249,74,76,-30.721,84
2012,7,110,Illinois,Big Ten,1,4,-157.576,-97.189,97,0.200,0.171,0.029,0.159,89.394,246.970,59,163,66,66,38.628,29
2012,7,111,Colorado,Pac-12,1,4,-164.693,-121.531,106,0.200,0.173,0.027,0.149,125.974,290.667,97,218,77,75,0.820,52
2012,7,112,New Mexico,Mountain West,1,3,-169.239,-63.167,90,0.250,0.330,-0.080,-0.388,177.273,346.512,78,149,44,43,53.916,18
2012,7,113,Florida Atlantic,Sun Belt,0,5,-180.328,-106.474,100,0.000,0.184,-0.184,-0.912,118.033,298.361,72,182,61,61,56.107,16
2012,7,114,Central Michigan,Mid-American,1,4,-193.240,-131.143,109,0.200,0.198,0.002,0.024,231.250,424.490,111,208,48,49,-2.647,58
2012,7,115,Hawai'i,Mountain West,0,5,-266.889,-156.207,113,0.000,0.114,-0.114,-0.560,109.231,376.119,71,252,65,67,18.537,40
2012,7,115,Massachusetts,Mid-American,0,6,-278.220,-240.578,117,0.000,0.013,-0.013,-0.029,136.066,414.286,83,261,61,63,-52.336,105
2012,7,117,Tulane,Conference USA,1,5,-358.894,-113.080,103,0.167,0.156,0.011,0.070,194.595,553.488,72,238,37,43,29.117,37
2012,8,1,Alabama,SEC,7,0,268.552,242.518,1,1.000,0.991,0.009,0.071,333.721,65.169,287,58,86,89,20.080,41
2012,8,2,Kansas State,Big 12,6,0,230.136,214.474,3,1.000,0.909,0.091,0.488,383.077,152.941,249,104,65,68,42.555,27
2012,8,3,Oregon,Pac-12,6,0,199.888,192.614,4,1.000,0.910,0.090,0.484,337.931,138.043,294,127,87,92,25.168,38
2012,8,4,Oklahoma,Big 12,4,1,194.335,227.970,2,0.800,0.972,-0.172,-0.850,315.873,121.538,199,79,63,65,86.077,9
2012,8,5,Northern Illinois,Mid-American,6,1,162.884,9.553,50,0.857,0.531,0.326,1.680,342.105,179.221,260,138,76,77,-85.089,116
2012,8,6,Florida State,ACC,5,1,160.720,77.763,23,0.833,0.757,0.076,0.413,281.707,120.988,231,98,82,81,-32.841,85
2012,8,7,Notre Dame,FBS Independents,7,0,145.762,154.325,8,1.000,0.934,0.066,0.360,226.250,80.488,181,66,80,82,25.488,37
2012,8,8,USC,Pac-12,6,1,142.540,100.013,18,0.857,0.779,0.078,0.423,271.111,128.571,244,117,90,91,-13.702,67
2012,8,9,Mississippi State,SEC,6,0,135.012,81.517,21,1.000,0.760,0.240,1.246,261.039,126.027,201,92,77,73,-35.834,87
2012,8,10,Florida,SEC,7,0,129.348,168.044,5,1.000,0.929,0.071,0.385,229.348,100.000,211,85,92,85,56.919,22
2012,8,11,Texas A&M,SEC,3,2,129.275,163.997,6,0.600,0.930,-0.330,-1.649,249.275,120.000,172,84,69,70,93.902,6
2012,8,12,South Carolina,SEC,6,2,126.190,132.220,12,0.750,0.872,-0.122,-0.593,250.000,123.810,250,130,100,105,23.204,39
2012,8,13,Ohio State,Big Ten,8,0,116.063,87.064,19,1.000,0.742,0.258,1.335,286.239,170.175,312,194,109,114,-17.404,70
2012,8,14,Penn State,Big Ten,5,2,113.057,74.424,24,0.714,0.716,-0.001,0.017,240.964,127.907,200,110,83,86,-43.825,100
2012,8,15,UL Monroe,Sun Belt,5,2,110.526,39.282,40,0.714,0.602,0.112,0.594,363.158,252.632,276,192,76,76,-6.311,61
2012,8,16,Cincinnati,Big East,3,1,108.527,58.175,31,0.750,0.694,0.056,0.309,256.604,148.077,136,77,53,52,-32.251,84
2012,8,17,Georgia,SEC,6,1,108.426,54.742,35,0.857,0.647,0.210,1.094,282.653,174.227,277,169,98,97,-14.730,68
2012,8,18,Michigan,Big Ten,5,2,106.883,61.958,29,0.714,0.687,0.028,0.165,247.126,140.244,215,115,87,82,6.653,52
2012,8,19,Rutgers,Big East,6,0,105.263,69.229,26,1.000,0.746,0.254,1.313,209.211,103.947,159,79,76,76,-37.348,90
2012,8,20,Arizona State,Pac-12,4,2,103.532,109.707,14,0.667,0.794,-0.127,-0.621,242.169,138.636,201,122,83,88,5.165,53
2012,8,21,Boise State,Mountain West,6,1,101.026,56.017,34,0.857,0.701,0.156,0.819,212.791,111.765,183,95,86,85,-43.349,99
2012,8,22,Texas,Big 12,5,2,95.324,150.992,9,0.714,0.823,-0.109,-0.526,361.628,266.304,311,245,86,92,53.001,24
2012,8,23,UCF,Conference USA,5,2,93.966,-1.472,61,0.714,0.496,0.218,1.134,268.966,175.000,234,154,87,88,-80.319,115
2012,8,24,LSU,SEC,5,1,93.468,154.922,7,0.833,0.920,-0.087,-0.416,196.000,102.532,147,81,75,79,70.522,14
2012,8,25,San Diego State,Mountain West,4,2,91.231,4.134,56,0.667,0.512,0.155,0.811,285.897,194.667,223,146,78,75,-66.697,112
2012,8,26,Wisconsin,Big Ten,4,2,89.873,81.849,20,0.667,0.734,-0.067,-0.318,225.316,135.443,178,107,79,79,-6.948,62
2012,8,27,Clemson,ACC,5,1,88.750,70.457,25,0.833,0.660,0.173,0.903,306.250,217.500,245,174,80,80,-20.155,72
2012,8,28,Fresno State,Mountain West,4,3,84.242,45.797,38,0.571,0.652,-0.081,-0.385,233.333,149.091,252,164,108,110,-9.720,64
2012,8,29,Texas Tech,Big 12,4,1,80.239,140.917,10,0.800,0.817,-0.017,-0.060,291.176,210.938,198,135,68,64,79.158,10
2012,8,30,Stanford,Pac-12,4,2,77.572,133.272,11,0.667,0.887,-0.220,-1.094,209.756,132.184,172,115,82,87,67.359,16
2012,8,31,Nevada,Mountain West,4,2,74.589,8.655,53,0.667,0.521,0.146,0.767,307.500,232.911,246,184,80,79,-46.243,102
2012,8,32,Toledo,Mid-American,6,1,74.299,30.945,43,0.857,0.581,0.276,1.429,276.404,202.105,246,192,89,95,-42.519,97
2012,8,33,Oregon State,Pac-12,6,0,72.500,121.039,13,1.000,0.876,0.124,0.657,196.250,123.750,157,99,80,80,44.412,25
2012,8,34,Louisville,Big East,6,0,68.254,14.575,49,1.000,0.535,0.465,2.386,300.000,231.746,192,146,64,63,-53.481,108
2012,8,36,TCU,Big 12,4,2,65.098,109.210,15,0.667,0.805,-0.138,-0.675,233.333,168.235,196,143,84,85,30.119,34
2012,8,37,Kent State,Mid-American,5,1,59.181,-38.552,73,0.833,0.377,0.457,2.344,246.835,187.654,195,152,79,81,-100.109,117
2012,8,37,UCLA,Pac-12,5,2,66.477,67.654,23,0.714,0.725,-0.011,-0.041,215.534,149.057,222,158,103,106,6.261,51
2012,8,38,BYU,FBS Independents,2,4,57.112,57.458,32,0.333,0.700,-0.367,-1.839,186.842,129.730,142,96,76,74,21.457,40
2012,8,39,Tulsa,Conference USA,6,1,54.358,15.922,48,0.857,0.550,0.307,1.583,229.358,175.000,250,189,109,108,-41.171,96
2012,8,40,Oklahoma State,Big 12,3,2,53.113,102.230,17,0.600,0.753,-0.153,-0.750,267.606,214.493,190,148,71,69,63.831,18
2012,8,41,Nebraska,Big Ten,4,2,36.471,56.525,33,0.667,0.641,0.026,0.156,256.471,220.000,218,187,85,85,10.357,46
2012,8,42,North Carolina,ACC,3,3,34.374,3.639,57,0.500,0.511,-0.011,-0.030,245.333,210.959,184,154,75,73,-29.273,81
2012,8,43,Michigan State,Big Ten,4,4,31.922,38.632,41,0.500,0.676,-0.176,-0.867,153.922,122.000,157,122,102,100,9.589,47
2012,8,44,Georgia Tech,ACC,2,4,31.475,-14.655,70,0.333,0.464,-0.131,-0.640,284.722,253.247,205,195,72,77,-40.715,93
2012,8,45,Northwestern,Big Ten,5,2,30.954,25.412,44,0.714,0.578,0.136,0.717,221.277,190.323,208,177,94,93,-15.594,69
2012,8,47,Troy,Sun Belt,4,3,21.913,-16.572,71,0.571,0.447,0.125,0.659,208.511,186.598,196,181,94,97,-40.453,92
2012,8,48,Duke,ACC,5,2,19.272,-13.103,67,0.714,0.465,0.249,1.289,230.612,211.340,226,205,98,97,-41.105,94
2012,8,49,Air Force,Mountain West,3,3,16.667,-50.819,83,0.500,0.378,0.122,0.645,271.212,254.545,179,168,66,66,-64.881,110
2012,8,50,Louisiana,Sun Belt,3,2,16.582,-7.830,64,0.600,0.477,0.123,0.652,230.667,214.085,173,152,75,71,-37.184,89
2012,8,51,Ohio,Mid-American,5,0,26.355,-26.482,70,1.000,0.404,0.596,3.010,390.244,363.889,160,131,41,36,-54.004,107
2012,8,52,Houston,Conference USA,3,2,15.555,18.412,47,0.600,0.551,0.049,0.272,227.397,211.842,166,161,73,76,-25.219,76
2012,8,53,NC State,ACC,4,2,10.112,-14.379,69,0.667,0.441,0.226,1.170,152.809,142.697,136,127,89,89,-31.419,83
2012,8,54,Western Kentucky,Sun Belt,4,2,8.078,21.470,45,0.667,0.556,0.110,0.586,250.725,242.647,173,165,69,68,3.915,55
2012,8,55,Indiana,Big Ten,1,5,7.628,-45.192,77,0.167,0.393,-0.226,-1.125,260.714,253.086,219,205,84,81,-36.851,88
2012,8,55,Ole Miss,SEC,3,3,16.267,56.261,31,0.500,0.634,-0.134,-0.661,276.923,260.656,180,159,65,61,93.147,5
2012,8,56,Virginia Tech,ACC,3,4,3.144,0.053,60,0.429,0.500,-0.072,-0.339,191.919,188.776,190,185,99,98,6.719,50
2012,8,57,Bowling Green,Mid-American,3,3,2.994,-50.190,81,0.500,0.282,0.218,1.131,142.500,139.506,114,113,80,81,-64.231,109
2012,8,58,Pittsburgh,Big East,2,3,1.635,-7.288,62,0.400,0.477,-0.077,-0.364,198.246,196.610,113,116,57,59,-11.927,65
2012,8,59,Maryland,ACC,3,3,1.456,-44.073,76,0.500,0.349,0.151,0.791,157.778,156.322,142,136,90,87,-43.331,98
2012,8,60,Iowa,Big Ten,3,3,-3.686,5.925,54,0.500,0.520,-0.020,-0.078,152.564,156.250,119,125,78,80,1.136,57
2012,8,61,UConn,Big East,3,5,-3.855,-79.315,94,0.375,0.211,0.164,0.856,133.645,137.500,143,154,107,112,-69.593,113
2012,8,62,Ball State,Mid-American,5,3,-4.630,-51.964,84,0.625,0.367,0.258,1.333,252.778,257.407,273,278,108,108,-50.087,106
2012,8,63,Baylor,Big 12,2,3,-6.943,49.960,36,0.400,0.593,-0.193,-0.953,358.209,365.152,240,241,67,66,73.176,13
2012,8,64,Syracuse,Big East,2,4,-10.660,-7.661,63,0.333,0.478,-0.144,-0.708,193.506,204.167,149,147,77,72,6.701,51
2012,8,65,Iowa State,Big 12,3,3,-10.687,81.412,22,0.500,0.815,-0.315,-1.576,148.837,159.524,128,134,86,84,98.113,3
2012,8,66,Purdue,Big Ten,2,4,-12.640,5.516,55,0.333,0.518,-0.185,-0.913,208.537,221.176,171,188,82,85,33.566,31
2012,8,67,Middle Tennessee,Sun Belt,4,2,-14.242,-49.245,80,0.667,0.378,0.289,1.492,260.000,274.242,182,181,70,66,-47.442,104
2012,8,68,Arizona,Pac-12,3,3,-17.066,108.759,16,0.500,0.764,-0.264,-1.314,239.560,256.627,218,213,91,83,98.202,2
2012,8,69,Tennessee,SEC,2,4,-18.275,37.731,42,0.333,0.593,-0.259,-1.292,228.916,247.191,190,220,83,89,58.205,21
2012,8,70,California,Pac-12,2,5,-20.619,45.046,39,0.286,0.665,-0.379,-1.900,159.794,180.412,155,175,97,97,64.959,17
2012,8,71,West Virginia,Big 12,4,2,-27.632,47.292,37,0.667,0.612,0.055,0.304,323.684,351.316,246,267,76,76,73.749,12
2012,8,72,East Carolina,Conference USA,4,3,-31.419,-75.658,93,0.571,0.300,0.272,1.404,231.081,262.500,171,189,74,72,-28.011,80
2012,8,73,South Florida,Big East,1,5,-35.810,-29.235,72,0.167,0.417,-0.250,-1.246,202.857,238.667,142,179,70,75,9.336,49
2012,8,74,Western Michigan,Mid-American,2,5,-38.795,-124.338,106,0.286,0.180,0.106,0.563,178.788,217.582,177,198,99,91,-78.618,114
2012,8,75,Marshall,Conference USA,2,4,-39.632,-69.775,89,0.333,0.361,-0.027,-0.114,294.118,333.750,250,267,85,80,-25.955,77
2012,8,76,Arkansas State,Sun Belt,3,3,-48.456,-77.249,94,0.500,0.299,0.201,1.028,217.333,265.789,163,202,75,76,-27.994,82
2012,8,76,Minnesota,Big Ten,3,3,-44.805,-67.846,88,0.500,0.259,0.241,1.246,150.000,194.805,114,150,76,77,-19.143,71
2012,8,78,Arkansas,SEC,2,4,-62.526,58.207,30,0.333,0.683,-0.350,-1.743,172.840,235.366,140,193,81,82,68.077,10
2012,8,78,Temple,Big East,2,3,-50.746,-62.243,87,0.400,0.311,0.089,0.477,150.725,201.471,104,137,69,68,-1.794,59
2012,8,79,Wake Forest,ACC,3,3,-56.847,-54.834,85,0.500,0.318,0.182,0.947,161.446,218.293,134,179,83,82,-35.769,86
2012,8,80,SMU,Conference USA,2,4,-57.963,19.105,46,0.333,0.570,-0.237,-1.179,205.195,263.158,158,200,77,76,55.951,23
2012,8,82,Rice,Conference USA,1,5,-69.136,-85.461,95,0.167,0.271,-0.104,-0.506,182.716,251.852,148,204,81,81,-23.056,75
2012,8,82,Washington State,Pac-12,1,5,-77.233,-53.442,84,0.167,0.333,-0.167,-0.822,161.039,238.272,124,193,77,81,29.676,36
2012,8,83,Florida International,Sun Belt,1,7,-73.915,-118.305,103,0.125,0.193,-0.068,-0.321,195.455,269.369,215,299,110,111,-41.112,95
2012,8,85,Missouri,SEC,2,4,-85.187,22.942,50,0.333,0.587,-0.254,-1.262,113.636,198.824,100,169,88,85,103.655,3
2012,8,85,UNLV,Mountain West,1,4,-77.500,-96.046,98,0.200,0.275,-0.075,-0.357,212.500,290.000,136,174,64,60,-20.864,73
2012,8,86,Auburn,SEC,1,6,-77.778,-9.749,65,0.143,0.461,-0.319,-1.593,122.222,200.000,110,176,90,88,68.084,15
2012,8,87,North Texas,Sun Belt,2,4,-78.378,-40.497,74,0.333,0.371,-0.038,-0.167,152.703,231.081,113,171,74,74,40.994,28
2012,8,88,Vanderbilt,SEC,2,4,-84.088,2.974,58,0.333,0.512,-0.178,-0.881,109.333,193.421,82,147,75,76,63.345,19
2012,8,90,Utah,Pac-12,1,4,-91.433,2.402,59,0.200,0.508,-0.308,-1.538,131.148,222.581,80,138,61,62,90.910,7
2012,8,91,Miami,ACC,3,4,-91.477,-46.672,79,0.429,0.374,0.055,0.302,188.298,279.775,177,249,94,89,42.684,26
2012,8,92,Wyoming,Mountain West,0,5,-92.040,-46.648,78,0.000,0.352,-0.352,-1.763,174.627,266.667,117,176,67,66,37.114,30
2012,8,93,Navy,FBS Independents,3,2,-96.272,-71.749,91,0.600,0.311,0.289,1.490,205.769,302.041,107,148,52,49,0.675,58
2012,8,94,UTEP,Conference USA,1,6,-98.687,-61.825,86,0.143,0.273,-0.130,-0.636,109.091,207.778,96,187,88,90,30.959,33
2012,8,95,Eastern Michigan,Mid-American,1,5,-98.984,-114.025,101,0.167,0.217,-0.051,-0.232,192.683,291.667,158,245,82,84,-26.293,78
2012,8,96,South Alabama,Sun Belt,1,4,-101.471,-133.950,110,0.200,0.152,0.048,0.269,136.765,238.235,93,162,68,68,-27.782,79
2012,8,97,Army,FBS Independents,1,5,-103.859,-142.333,111,0.167,0.222,-0.056,-0.258,236.986,340.845,173,242,73,71,-52.684,107
2012,8,98,Virginia,ACC,1,5,-110.640,-96.505,99,0.167,0.178,-0.011,-0.033,113.750,224.390,91,184,80,82,9.495,48
2012,8,99,Kentucky,SEC,1,7,-120.786,-43.220,75,0.125,0.372,-0.247,-1.229,163.830,284.615,154,259,94,91,62.644,20
2012,8,100,Colorado State,Mountain West,1,3,-129.804,-167.800,116,0.250,0.086,0.164,0.842,130.612,260.417,64,125,49,48,-32.165,88
2012,8,100,Memphis,Conference USA,1,5,-123.377,-155.052,114,0.167,0.088,0.079,0.424,142.857,266.234,110,205,77,77,-49.496,105
2012,8,102,Buffalo,Mid-American,0,6,-130.614,-124.777,107,0.000,0.140,-0.140,-0.688,110.127,240.741,87,195,79,81,-12.230,66
2012,8,103,UAB,Conference USA,0,6,-135.527,-85.575,96,0.000,0.282,-0.282,-1.406,169.412,304.938,144,247,85,81,26.898,36
2012,8,104,Washington,Pac-12,2,4,-137.887,9.115,52,0.333,0.532,-0.198,-0.983,120.779,258.667,93,194,77,75,115.619,1
2012,8,105,Boston College,ACC,0,6,-138.718,-122.380,104,0.000,0.160,-0.160,-0.789,167.949,306.667,131,230,78,75,-5.005,60
2012,8,106,New Mexico,Mountain West,1,4,-140.741,-70.096,90,0.200,0.303,-0.103,-0.500,187.037,327.778,101,177,54,54,28.479,35
2012,8,107,Florida Atlantic,Sun Belt,0,6,-144.942,-117.440,102,0.000,0.174,-0.174,-0.859,139.474,284.416,106,219,76,77,18.808,43
2012,8,109,Kansas,Big 12,0,6,-151.037,-14.175,68,0.000,0.449,-0.449,-2.254,123.288,274.324,90,203,73,74,96.330,5
2012,8,109,Miami (OH),Mid-American,2,4,-150.605,-136.660,110,0.333,0.205,0.129,0.662,177.027,327.632,131,249,74,76,-30.721,84
2012,8,110,Illinois,Big Ten,1,4,-157.576,-97.189,97,0.200,0.171,0.029,0.159,89.394,246.970,59,163,66,66,38.628,29
2012,8,111,Akron,Mid-American,0,7,-157.932,-183.211,116,0.000,0.098,-0.098,-0.473,193.258,351.190,172,295,89,84,-45.899,101
2012,8,112,Southern Miss,Conference USA,0,7,-160.434,-126.478,108,0.000,0.167,-0.167,-0.823,185.135,345.570,137,273,74,79,12.890,45
2012,8,113,Central Michigan,Mid-American,1,5,-170.465,-129.362,109,0.167,0.202,-0.035,-0.154,231.148,401.613,141,249,61,62,-9.642,63
2012,8,114,Colorado,Pac-12,1,5,-192.316,-123.379,105,0.167,0.157,0.009,0.073,115.730,308.046,103,268,89,87,17.470,44
2012,8,115,Hawai'i,Mountain West,0,5,-266.889,-156.207,113,0.000,0.114,-0.114,-0.560,109.231,376.119,71,252,65,67,18.537,40
2012,8,115,Massachusetts,Mid-American,0,7,-256.174,-248.500,117,0.000,0.006,-0.006,-0.007,109.211,365.385,83,285,76,78,-64.965,111
2012,8,117,Tulane,Conference USA,1,6,-298.595,-112.774,100,0.143,0.191,-0.049,-0.222,195.745,494.340,92,262,47,53,3.874,56
2012,9,1,Alabama,SEC,8,0,265.976,250.746,1,1.000,0.987,0.013,0.092,331.633,65.657,325,65,98,99,28.404,34
2012,9,2,Kansas State,Big 12,7,0,241.975,224.102,2,1.000,0.908,0.092,0.511,400.000,158.025,304,128,76,81,35.584,28
2012,9,3,Oregon,Pac-12,7,0,230.981,195.753,3,1.000,0.918,0.082,0.459,364.000,133.019,364,141,100,106,20.360,43
2012,9,4,Florida State,ACC,6,1,184.309,96.941,18,0.857,0.816,0.041,0.242,293.684,109.375,279,105,95,96,-29.658,83
2012,9,5,Northern Illinois,Mid-American,7,1,170.000,8.685,54,0.875,0.516,0.359,1.933,385.000,215.000,308,172,80,80,-81.961,116
2012,9,6,Texas A&M,SEC,4,2,167.244,169.022,6,0.667,0.895,-0.228,-1.195,293.750,126.506,235,105,80,83,63.290,14
2012,9,7,Notre Dame,FBS Independents,8,0,145.305,185.491,4,1.000,0.964,0.036,0.215,229.348,84.043,211,79,92,94,55.050,22
2012,9,8,Oklahoma,Big 12,4,2,141.108,182.937,5,0.667,0.925,-0.258,-1.353,282.667,141.558,212,109,75,77,88.304,5
2012,9,9,Boise State,Mountain West,7,1,125.263,90.631,20,0.875,0.777,0.098,0.543,240.000,114.737,228,109,95,95,-37.147,89
2012,9,10,UCF,Conference USA,6,2,118.693,11.699,50,0.750,0.534,0.216,1.172,288.000,169.307,288,171,100,101,-84.215,117
2012,9,11,USC,Pac-12,6,2,118.357,106.972,16,0.750,0.801,-0.051,-0.249,264.151,145.794,280,156,106,107,9.815,50
2012,9,12,Ohio State,Big Ten,9,0,114.555,99.874,17,1.000,0.767,0.233,1.264,286.777,172.222,347,217,121,126,-4.097,62
2012,9,13,South Carolina,SEC,7,2,112.801,117.233,12,0.778,0.836,-0.058,-0.286,252.632,139.831,288,165,114,118,20.085,44
2012,9,14,UL Monroe,Sun Belt,6,2,110.112,24.988,44,0.750,0.563,0.187,1.016,352.809,242.697,314,216,89,89,-29.476,82
2012,9,15,Florida,SEC,7,1,105.442,147.854,7,0.875,0.924,-0.049,-0.240,209.524,104.082,220,102,105,98,58.312,17
2012,9,16,Clemson,ACC,6,1,103.169,79.420,24,0.857,0.681,0.176,0.958,302.105,198.936,287,187,95,94,-24.030,77
2012,9,17,Georgia,SEC,7,1,103.047,79.041,25,0.875,0.713,0.162,0.882,264.865,161.818,294,178,111,110,10.561,48
2012,9,19,San Diego State,Mountain West,5,2,92.644,11.320,51,0.714,0.534,0.180,0.981,277.528,184.884,247,159,89,86,-63.677,110
2012,9,20,Fresno State,Mountain West,5,3,89.160,54.033,33,0.625,0.672,-0.047,-0.231,244.715,155.556,301,196,123,126,-10.378,67
2012,9,21,Texas,Big 12,6,2,87.899,117.494,11,0.750,0.767,-0.017,-0.071,342.268,254.369,332,262,97,103,27.206,36
2012,9,22,Penn State,Big Ten,5,3,86.778,60.067,31,0.625,0.672,-0.047,-0.228,234.737,147.959,223,145,95,98,-30.901,84
2012,9,23,Mississippi State,SEC,6,1,86.139,69.782,28,0.857,0.727,0.131,0.717,239.080,152.941,208,130,87,85,0.862,55
2012,9,24,Arizona State,Pac-12,4,3,82.739,110.599,15,0.571,0.778,-0.206,-1.078,246.465,163.725,244,167,99,102,28.517,33
2012,9,24,LSU,SEC,5,1,93.468,154.922,7,0.833,0.920,-0.087,-0.416,196.000,102.532,147,81,75,79,70.522,14
2012,9,25,Stanford,Pac-12,5,2,80.691,129.244,9,0.714,0.874,-0.160,-0.830,215.385,134.694,196,132,91,98,56.730,19
2012,9,26,Michigan,Big Ten,5,3,79.454,60.341,30,0.625,0.689,-0.064,-0.322,226.263,146.809,224,138,99,94,26.533,37
2012,9,27,BYU,FBS Independents,3,4,76.559,92.239,19,0.429,0.804,-0.376,-1.980,207.955,131.395,183,113,88,86,32.810,29
2012,9,28,Wisconsin,Big Ten,4,3,74.725,78.939,26,0.571,0.723,-0.152,-0.786,209.890,135.165,191,123,91,91,6.399,53
2012,9,29,Rutgers,Big East,6,1,74.725,36.366,40,0.857,0.633,0.224,1.217,200.000,125.275,182,114,91,91,-43.557,96
2012,9,30,Cincinnati,Big East,3,2,73.847,52.946,35,0.600,0.674,-0.074,-0.371,242.029,168.182,167,111,69,66,-9.574,65
2012,9,31,Oklahoma State,Big 12,4,2,73.025,111.104,14,0.667,0.773,-0.106,-0.545,265.882,192.857,226,162,85,84,51.804,24
2012,9,32,Toledo,Mid-American,7,1,66.375,20.204,47,0.875,0.559,0.316,1.703,255.660,189.286,271,212,106,112,-47.752,102
2012,9,33,Louisville,Big East,7,0,65.693,27.905,43,1.000,0.569,0.431,2.319,289.744,224.051,226,177,78,79,-37.443,91
2012,9,34,UCLA,Pac-12,6,2,63.451,90.201,21,0.750,0.761,-0.011,-0.039,228.205,164.754,267,201,117,122,29.898,31
2012,9,35,Kent State,Mid-American,6,1,62.389,-11.039,63,0.857,0.465,0.393,2.113,244.681,182.292,230,175,94,96,-75.231,115
2012,9,36,Oregon State,Pac-12,6,1,60.501,124.497,10,0.857,0.889,-0.032,-0.151,187.097,126.596,174,119,93,94,60.544,16
2012,9,38,Nevada,Mountain West,4,3,49.451,-19.844,66,0.571,0.453,0.118,0.651,304.396,254.945,277,232,91,91,-50.016,104
2012,9,39,Nebraska,Big Ten,5,2,46.392,84.590,23,0.714,0.720,-0.005,-0.007,248.454,202.062,241,196,97,97,28.351,35
2012,9,39,Tulsa,Conference USA,6,1,54.358,15.922,48,0.857,0.550,0.307,1.583,229.358,175.000,250,189,109,108,-41.171,96
2012,9,40,Pittsburgh,Big East,3,3,45.294,24.739,45,0.500,0.571,-0.071,-0.360,235.294,190.000,160,133,68,70,-21.552,73
2012,9,41,Northwestern,Big Ten,6,2,36.412,44.181,39,0.750,0.629,0.121,0.665,224.762,188.350,236,194,105,103,-2.268,59
2012,9,42,North Carolina,ACC,4,3,36.055,2.545,59,0.571,0.507,0.064,0.363,241.489,205.435,227,189,94,92,-31.680,85
2012,9,43,Air Force,Mountain West,4,3,32.584,-22.330,67,0.571,0.446,0.126,0.691,291.026,258.442,227,199,78,77,-51.266,106
2012,9,44,TCU,Big 12,4,3,31.313,68.845,29,0.571,0.706,-0.135,-0.697,212.121,180.808,210,179,99,99,24.454,39
2012,9,45,Michigan State,Big Ten,5,4,31.219,59.786,32,0.556,0.758,-0.202,-1.057,151.754,120.536,173,135,114,112,31.192,30
2012,9,46,Houston,Conference USA,4,2,24.035,10.126,53,0.667,0.527,0.140,0.766,237.079,213.043,211,196,89,92,-36.650,88
2012,9,47,Bowling Green,Mid-American,4,3,22.300,-35.705,76,0.571,0.349,0.222,1.206,148.387,126.087,138,116,93,92,-70.217,113
2012,9,48,Texas Tech,Big 12,4,2,20.741,84.986,22,0.667,0.704,-0.038,-0.179,274.074,253.333,222,190,81,75,81.538,6
2012,9,49,Western Kentucky,Sun Belt,5,2,20.253,10.521,52,0.714,0.531,0.183,0.997,236.709,216.456,187,171,79,79,-16.734,70
2012,9,50,Ole Miss,SEC,4,3,17.823,53.927,34,0.571,0.635,-0.064,-0.317,265.823,248.000,210,186,79,75,81.094,7
2012,9,51,Indiana,Big Ten,2,5,16.355,-24.119,69,0.286,0.443,-0.157,-0.817,252.525,236.170,250,222,99,94,-27.811,79
2012,9,52,Ohio,Mid-American,5,1,12.987,-55.523,83,0.833,0.305,0.529,2.837,327.273,314.286,180,154,55,49,-67.647,112
2012,9,53,Troy,Sun Belt,4,4,12.623,-45.459,81,0.500,0.363,0.137,0.752,204.587,191.964,223,215,109,112,-60.522,109
2012,9,54,Middle Tennessee,Sun Belt,5,2,6.324,-38.634,79,0.714,0.402,0.312,1.683,258.824,252.500,220,202,85,80,-51.851,107
2012,9,56,Iowa State,Big 12,4,3,1.542,71.200,27,0.571,0.789,-0.218,-1.138,163.000,161.458,163,155,100,96,74.801,8
2012,9,56,Virginia Tech,ACC,3,4,3.144,0.053,60,0.429,0.500,-0.072,-0.339,191.919,188.776,190,185,99,98,6.719,50
2012,9,57,NC State,ACC,4,3,0.926,-15.323,64,0.571,0.442,0.130,0.712,158.333,157.407,171,170,108,108,-23.915,76
2012,9,58,Ball State,Mid-American,6,3,0.385,-44.274,80,0.667,0.367,0.299,1.615,254.622,254.237,303,300,119,118,-48.464,103
2012,9,59,Maryland,ACC,3,4,-0.028,-69.756,87,0.429,0.263,0.165,0.902,151.429,151.456,159,156,105,103,-67.453,111
2012,9,60,Georgia Tech,ACC,2,5,-0.883,-23.678,68,0.286,0.444,-0.158,-0.823,264.286,265.169,222,236,84,89,-17.444,72
2012,9,61,UConn,Big East,3,5,-3.855,-79.315,94,0.375,0.211,0.164,0.856,133.645,137.500,143,154,107,112,-69.593,113
2012,9,62,Arizona,Pac-12,4,3,-11.328,114.081,13,0.571,0.766,-0.195,-1.016,240.187,251.515,257,249,107,99,102.355,2
2012,9,63,Syracuse,Big East,3,4,-11.493,-6.319,61,0.429,0.483,-0.054,-0.266,208.989,220.482,186,183,89,83,8.697,51
2012,9,64,Arkansas State,Sun Belt,4,3,-12.399,-37.280,78,0.571,0.406,0.166,0.905,242.045,254.444,213,229,88,90,-22.455,74
2012,9,65,Iowa,Big Ten,3,4,-13.586,7.997,56,0.429,0.530,-0.101,-0.519,154.545,168.132,136,153,88,91,15.970,45
2012,9,66,Baylor,Big 12,2,4,-14.620,19.834,48,0.333,0.538,-0.205,-1.069,330.380,345.000,261,276,79,80,51.680,25
2012,9,67,Louisiana,Sun Belt,3,3,-15.757,-52.714,82,0.500,0.353,0.147,0.805,224.719,240.476,200,202,89,84,-45.216,99
2012,9,68,Tennessee,SEC,2,5,-16.110,48.105,38,0.286,0.612,-0.326,-1.717,234.375,250.485,225,258,96,103,65.969,12
2012,9,69,SMU,Conference USA,3,4,-20.383,8.470,55,0.429,0.530,-0.101,-0.519,224.444,244.828,202,213,90,87,6.308,54
2012,9,70,Minnesota,Big Ten,4,3,-20.455,-34.455,75,0.571,0.376,0.196,1.064,179.545,200.000,158,178,88,89,-11.757,69
2012,9,71,Duke,ACC,5,3,-23.805,-31.160,72,0.625,0.417,0.208,1.129,206.195,230.000,233,253,113,110,-27.841,80
2012,9,71,West Virginia,Big 12,4,2,-27.632,47.292,37,0.667,0.612,0.055,0.304,323.684,351.316,246,267,76,76,73.749,12
2012,9,72,Vanderbilt,SEC,3,4,-25.843,-1.077,60,0.429,0.496,-0.067,-0.338,147.191,173.034,131,154,89,89,22.648,41
2012,9,73,Purdue,Big Ten,2,5,-27.473,-19.371,65,0.286,0.444,-0.159,-0.823,211.702,239.175,199,232,94,97,23.719,40
2012,9,75,South Florida,Big East,1,6,-28.523,-32.204,74,0.143,0.416,-0.273,-1.434,219.753,248.276,178,216,81,87,-1.849,58
2012,9,76,Rice,Conference USA,2,5,-30.208,-70.352,88,0.286,0.309,-0.023,-0.102,200.000,230.208,192,221,96,96,-42.576,95
2012,9,77,California,Pac-12,2,6,-40.050,24.582,46,0.250,0.585,-0.335,-1.761,165.455,205.505,182,224,110,109,67.086,11
2012,9,78,Utah,Pac-12,2,4,-43.288,51.199,37,0.333,0.643,-0.309,-1.627,176.712,220.000,129,165,73,75,91.515,4
2012,9,79,Navy,FBS Independents,4,2,-44.718,-27.598,70,0.667,0.432,0.235,1.271,258.730,303.448,163,176,63,58,-0.241,56
2012,9,80,Missouri,SEC,3,4,-49.125,30.034,41,0.429,0.615,-0.187,-0.974,131.683,180.808,133,179,101,99,73.157,10
2012,9,81,Western Michigan,Mid-American,2,6,-52.085,-107.370,103,0.250,0.306,-0.056,-0.275,206.863,258.947,211,246,102,95,-59.032,108
2012,9,82,East Carolina,Conference USA,4,4,-55.422,-102.878,98,0.500,0.256,0.244,1.322,239.759,295.181,199,245,83,83,-33.755,86
2012,9,83,Arkansas,SEC,2,5,-56.502,52.716,36,0.286,0.681,-0.395,-2.082,175.789,232.292,167,223,95,96,64.238,13
2012,9,84,Colorado State,Mountain West,2,3,-71.875,-130.248,111,0.400,0.157,0.243,1.317,165.625,237.500,106,152,64,64,-43.989,98
2012,9,85,Marshall,Conference USA,2,5,-72.712,-103.405,100,0.286,0.291,-0.005,-0.007,272.449,345.161,267,321,98,93,-35.075,87
2012,9,86,Florida International,Sun Belt,1,8,-76.033,-116.185,105,0.111,0.188,-0.077,-0.387,182.645,258.678,221,313,121,121,-38.075,93
2012,9,87,Wake Forest,ACC,3,4,-76.289,-66.334,86,0.429,0.284,0.145,0.793,151.546,227.835,147,221,97,97,-24.210,78
2012,9,88,UNLV,Mountain West,1,5,-80.207,-80.358,91,0.167,0.296,-0.130,-0.669,198.667,278.873,149,198,75,71,-1.040,57
2012,9,89,Washington State,Pac-12,1,6,-80.884,-31.561,73,0.143,0.411,-0.268,-1.405,160.227,241.111,141,217,88,90,55.700,21
2012,9,90,Temple,Big East,2,4,-81.661,-103.717,101,0.333,0.222,0.111,0.614,151.250,232.911,121,184,80,79,-10.919,68
2012,9,91,Miami,ACC,3,4,-91.477,-46.672,79,0.429,0.374,0.055,0.302,188.298,279.775,177,249,94,89,42.684,26
2012,9,91,North Texas,Sun Belt,2,5,-82.559,-63.862,85,0.286,0.296,-0.010,-0.032,152.273,234.831,134,209,88,89,20.750,42
2012,9,93,UTEP,Conference USA,1,7,-92.906,-74.167,89,0.125,0.243,-0.118,-0.605,125.962,218.868,131,232,104,106,14.831,46
2012,9,94,Army,FBS Independents,1,6,-96.768,-131.120,112,0.143,0.222,-0.079,-0.402,234.940,331.707,195,272,83,82,-46.745,101
2012,9,95,South Alabama,Sun Belt,1,5,-102.469,-123.336,109,0.167,0.166,0.000,0.023,144.444,246.914,117,200,81,81,-16.914,71
2012,9,96,Eastern Michigan,Mid-American,1,6,-104.201,-120.751,108,0.143,0.207,-0.065,-0.323,173.118,277.320,161,269,93,97,-23.074,75
2012,9,97,Central Michigan,Mid-American,2,5,-109.571,-97.676,96,0.286,0.270,0.016,0.105,241.096,350.667,176,263,73,75,-28.572,81
2012,9,98,Virginia,ACC,1,5,-110.640,-96.505,99,0.167,0.178,-0.011,-0.033,113.750,224.390,91,184,80,82,9.495,48
2012,9,99,Buffalo,Mid-American,0,7,-113.031,-103.330,99,0.000,0.150,-0.150,-0.780,111.458,224.490,107,220,96,98,-2.660,60
2012,9,100,Florida Atlantic,Sun Belt,1,6,-113.545,-98.191,97,0.143,0.222,-0.080,-0.403,153.846,267.391,140,246,91,92,11.926,47
2012,9,101,Boston College,ACC,1,6,-113.806,-104.825,102,0.143,0.198,-0.055,-0.273,160.638,274.444,151,247,94,90,-5.884,64
2012,9,102,Auburn,SEC,1,7,-114.230,-29.244,71,0.125,0.400,-0.275,-1.445,127.184,241.414,131,239,103,99,74.350,9
2012,9,103,Washington,Pac-12,3,4,-115.597,28.707,42,0.429,0.596,-0.167,-0.871,124.176,239.773,113,211,91,88,118.270,1
2012,9,104,Miami (OH),Mid-American,3,4,-121.877,-123.923,110,0.429,0.225,0.204,1.107,177.011,298.889,154,269,87,90,-37.984,92
2012,9,105,UAB,Conference USA,0,7,-124.211,-110.188,104,0.000,0.235,-0.235,-1.231,187.129,311.340,189,302,101,97,-4.854,63
2012,9,106,Wyoming,Mountain West,0,6,-124.537,-84.214,92,0.000,0.276,-0.276,-1.451,170.130,294.667,131,221,77,75,40.031,27
2012,9,107,Kentucky,SEC,1,8,-128.917,-56.142,84,0.111,0.344,-0.233,-1.218,151.852,280.769,164,292,108,104,58.227,18
2012,9,108,Kansas,Big 12,0,7,-136.148,-8.083,62,0.000,0.465,-0.465,-2.458,127.381,263.529,107,224,84,85,91.831,3
2012,9,109,Memphis,Conference USA,1,6,-136.894,-155.810,114,0.143,0.099,0.044,0.256,139.773,276.667,123,249,88,90,-37.162,90
2012,9,110,New Mexico,Mountain West,1,5,-137.536,-76.940,90,0.167,0.294,-0.128,-0.659,190.000,327.536,133,226,70,69,26.317,38
2012,9,111,Illinois,Big Ten,1,5,-143.304,-96.087,95,0.167,0.121,0.045,0.263,96.203,239.506,76,194,79,81,29.743,32
2012,9,112,Akron,Mid-American,0,8,-161.397,-187.549,116,0.000,0.066,-0.066,-0.332,182.353,343.750,186,330,102,96,-43.571,97
2012,9,113,Southern Miss,Conference USA,0,8,-164.200,-137.802,113,0.000,0.157,-0.157,-0.814,173.034,337.234,154,317,89,94,7.370,52
2012,9,114,Tulane,Conference USA,2,6,-211.594,-119.611,107,0.250,0.195,0.055,0.315,233.333,444.928,147,307,63,69,-38.793,94
2012,9,115,Colorado,Pac-12,1,6,-224.408,-96.060,94,0.143,0.213,-0.070,-0.354,113.592,338.000,117,338,103,100,56.536,20
2012,9,116,Hawai'i,Mountain West,0,6,-237.549,-166.911,115,0.000,0.104,-0.104,-0.533,120.988,358.537,98,294,81,82,-2.750,61
2012,9,117,Massachusetts,Mid-American,0,8,-261.920,-230.563,117,0.000,0.008,-0.008,-0.023,101.124,363.043,90,334,89,92,-45.225,100
2012,10,1,Alabama,SEC,9,0,244.217,239.895,1,1.000,0.981,0.019,0.114,317.431,73.214,346,82,109,112,35.576,28
2012,10,2,Kansas State,Big 12,8,0,220.351,212.907,2,1.000,0.900,0.100,0.591,386.667,166.316,348,158,90,95,35.454,29
2012,10,3,Oregon,Pac-12,8,0,212.340,185.834,3,1.000,0.877,0.123,0.722,373.684,161.345,426,192,114,119,26.047,38
2012,10,4,Florida State,ACC,6,1,184.309,96.941,18,0.857,0.816,0.041,0.242,293.684,109.375,279,105,95,96,-29.658,83
2012,10,4,Northern Illinois,Mid-American,8,1,207.724,8.920,54,0.889,0.518,0.371,2.171,394.681,186.957,371,172,94,92,-95.395,117
2012,10,6,Texas A&M,SEC,5,2,177.083,178.118,4,0.714,0.901,-0.187,-1.083,300.000,122.917,273,118,91,96,52.425,20
2012,10,7,Oklahoma,Big 12,5,2,138.964,170.688,6,0.714,0.893,-0.179,-1.038,283.908,144.944,247,129,87,89,71.716,9
2012,10,8,Notre Dame,FBS Independents,9,0,131.820,175.450,5,1.000,0.955,0.045,0.266,226.415,94.595,240,105,106,111,53.480,19
2012,10,9,UCF,Conference USA,7,2,126.388,39.647,40,0.778,0.609,0.169,0.992,297.297,170.909,330,188,111,110,-67.046,112
2012,10,10,Ohio State,Big Ten,10,0,125.819,108.883,14,1.000,0.770,0.230,1.346,297.761,171.942,399,239,134,139,-6.230,63
2012,10,11,Clemson,ACC,7,1,121.910,96.184,19,0.875,0.722,0.153,0.895,311.818,189.908,343,207,110,109,-17.667,71
2012,10,12,Stanford,Pac-12,6,2,116.893,123.749,11,0.750,0.865,-0.115,-0.665,236.893,120.000,244,132,103,110,31.133,33
2012,10,13,South Carolina,SEC,7,2,112.801,117.233,12,0.778,0.836,-0.058,-0.286,252.632,139.831,288,165,114,118,20.085,44
2012,10,14,Boise State,Mountain West,7,2,111.429,77.112,25,0.778,0.739,0.039,0.234,235.238,123.810,247,130,105,105,-34.247,85
2012,10,15,Georgia,SEC,8,1,111.424,95.808,20,0.889,0.762,0.127,0.747,260.630,149.206,331,188,127,126,16.186,44
2012,10,16,Fresno State,Mountain West,6,3,104.625,39.477,41,0.667,0.633,0.034,0.203,250.725,146.099,346,206,138,141,-38.518,90
2012,10,17,UCLA,Pac-12,7,2,100.184,110.673,13,0.778,0.814,-0.036,-0.205,254.198,154.015,333,211,131,137,34.318,32
2012,10,18,Florida,SEC,8,1,99.317,147.058,8,0.889,0.928,-0.040,-0.226,196.639,97.321,234,109,119,112,61.910,15
2012,10,19,Penn State,Big Ten,6,3,98.280,80.224,24,0.667,0.735,-0.068,-0.394,235.780,137.500,257,154,109,112,-20.478,74
2012,10,20,USC,Pac-12,6,3,97.986,108.125,15,0.667,0.773,-0.106,-0.613,278.151,180.165,331,218,119,121,27.380,36
2012,10,21,Michigan,Big Ten,6,3,91.645,65.658,28,0.667,0.698,-0.032,-0.180,235.455,143.810,259,151,110,105,13.384,46
2012,10,22,Louisville,Big East,8,0,86.933,40.642,38,1.000,0.599,0.401,2.347,297.802,210.870,271,194,91,92,-43.461,98
2012,10,23,San Diego State,Mountain West,6,2,85.290,25.325,48,0.750,0.574,0.176,1.029,270.707,185.417,268,178,99,96,-42.798,96
2012,10,24,Texas,Big 12,7,2,84.784,104.039,16,0.778,0.743,0.034,0.206,336.111,251.327,363,284,108,113,16.915,41
2012,10,25,UL Monroe,Sun Belt,6,3,83.673,0.752,58,0.667,0.502,0.165,0.966,334.653,250.980,338,256,101,102,-33.442,84
2012,10,27,BYU,FBS Independents,3,4,76.559,92.239,19,0.429,0.804,-0.376,-1.980,207.955,131.395,183,113,88,86,32.810,29
2012,10,28,Wisconsin,Big Ten,4,3,74.725,78.939,26,0.571,0.723,-0.152,-0.786,209.890,135.165,191,123,91,91,6.399,53
2012,10,29,LSU,SEC,5,2,73.030,151.539,7,0.714,0.916,-0.201,-1.169,186.364,113.333,164,102,88,90,87.788,4
2012,10,29,Rutgers,Big East,6,1,74.725,36.366,40,0.857,0.633,0.224,1.217,200.000,125.275,182,114,91,91,-43.557,96
2012,10,30,Cincinnati,Big East,4,2,71.726,57.600,33,0.667,0.687,-0.020,-0.114,240.476,168.750,202,135,84,80,-4.817,62
2012,10,31,Kent State,Mid-American,7,1,68.122,-14.235,63,0.875,0.457,0.418,2.446,252.381,184.259,265,199,105,108,-85.176,116
2012,10,32,Arizona State,Pac-12,4,4,66.904,113.669,12,0.500,0.783,-0.283,-1.647,238.938,172.034,270,203,113,118,46.758,24
2012,10,32,Toledo,Mid-American,7,1,66.375,20.204,47,0.875,0.559,0.316,1.703,255.660,189.286,271,212,106,112,-47.752,102
2012,10,34,Ohio,Mid-American,6,1,64.853,-12.625,61,0.857,0.456,0.401,2.344,335.821,270.968,225,168,67,62,-70.786,114
2012,10,35,Oregon State,Pac-12,7,1,58.401,128.740,9,0.875,0.881,-0.006,-0.032,192.661,134.259,210,145,109,108,67.870,12
2012,10,37,Oklahoma State,Big 12,4,3,48.382,102.365,17,0.571,0.755,-0.183,-1.064,258.586,210.204,256,206,99,98,65.822,14
2012,10,38,Mississippi State,SEC,6,2,46.000,46.530,35,0.750,0.656,0.094,0.556,221.000,175.000,221,168,100,96,16.907,42
2012,10,38,Nevada,Mountain West,4,3,49.451,-19.844,66,0.571,0.453,0.118,0.651,304.396,254.945,277,232,91,91,-50.016,104
2012,10,39,Tulsa,Conference USA,6,2,45.675,5.965,55,0.750,0.519,0.231,1.350,219.008,173.333,265,208,121,120,-39.825,92
2012,10,40,Nebraska,Big Ten,6,2,42.342,90.020,22,0.750,0.727,0.023,0.138,242.342,200.000,269,220,111,110,38.888,27
2012,10,41,Northwestern,Big Ten,6,2,36.412,44.181,39,0.750,0.629,0.121,0.665,224.762,188.350,236,194,105,103,-2.268,59
2012,10,42,North Carolina,ACC,4,3,36.055,2.545,59,0.571,0.507,0.064,0.363,241.489,205.435,227,189,94,92,-31.680,85
2012,10,43,TCU,Big 12,5,3,30.468,59.598,31,0.625,0.687,-0.062,-0.358,212.821,182.353,249,217,117,119,17.422,40
2012,10,44,Georgia Tech,ACC,3,5,27.659,9.728,52,0.375,0.523,-0.148,-0.858,274.194,246.535,255,249,93,101,-17.109,69
2012,10,45,Pittsburgh,Big East,3,4,25.966,40.075,39,0.429,0.614,-0.185,-1.074,218.824,192.857,186,162,85,84,8.140,49
2012,10,46,Michigan State,Big Ten,5,5,25.753,59.048,32,0.500,0.748,-0.248,-1.442,155.118,129.365,197,163,127,126,34.851,31
2012,10,47,Bowling Green,Mid-American,4,3,22.300,-35.705,76,0.571,0.349,0.222,1.206,148.387,126.087,138,116,93,92,-70.217,113
2012,10,48,Western Kentucky,Sun Belt,5,3,17.677,3.186,56,0.625,0.509,0.116,0.682,245.455,227.778,216,205,88,90,-22.303,75
2012,10,49,Indiana,Big Ten,3,5,17.540,-12.982,62,0.375,0.468,-0.093,-0.537,244.643,227.103,274,243,112,107,-19.098,72
2012,10,50,Vanderbilt,SEC,4,4,16.832,26.416,47,0.500,0.599,-0.099,-0.575,169.307,152.475,171,154,101,101,18.009,39
2012,10,51,Baylor,Big 12,3,4,16.221,26.731,46,0.429,0.553,-0.124,-0.721,324.731,308.511,302,290,93,94,26.477,37
2012,10,52,Utah,Pac-12,3,4,14.842,73.057,27,0.429,0.711,-0.283,-1.644,206.977,192.135,178,171,86,89,76.374,7
2012,10,53,Texas Tech,Big 12,4,3,11.155,64.773,29,0.571,0.664,-0.092,-0.532,268.132,256.977,244,221,91,86,70.649,11
2012,10,54,Troy,Sun Belt,4,5,6.039,-44.166,79,0.444,0.375,0.070,0.412,220.325,214.286,271,270,123,126,-51.999,105
2012,10,55,Air Force,Mountain West,4,4,5.893,-58.143,85,0.500,0.355,0.145,0.848,275.556,269.663,248,240,90,89,-62.629,110
2012,10,56,Middle Tennessee,Sun Belt,6,2,5.033,-38.236,77,0.750,0.407,0.343,2.007,264.583,259.551,254,231,96,89,-48.160,103
2012,10,57,Arkansas State,Sun Belt,5,3,4.387,-25.432,69,0.625,0.434,0.191,1.117,247.525,243.137,250,248,101,102,-28.245,81
2012,10,58,Ball State,Mid-American,6,3,0.385,-44.274,80,0.667,0.367,0.299,1.615,254.622,254.237,303,300,119,118,-48.464,103
2012,10,58,Houston,Conference USA,4,3,3.882,-22.718,67,0.571,0.439,0.133,0.779,229.808,225.926,239,244,104,108,-46.621,102
2012,10,60,Louisiana,Sun Belt,4,3,-0.123,-27.391,70,0.571,0.421,0.150,0.881,235.294,235.417,240,226,102,96,-36.349,87
2012,10,61,Tennessee,SEC,3,5,-6.993,39.240,42,0.375,0.588,-0.213,-1.237,254.545,261.538,280,306,110,117,48.620,21
2012,10,62,UConn,Big East,3,6,-8.406,-88.587,92,0.333,0.159,0.175,1.024,126.271,134.677,149,167,118,124,-73.969,115
2012,10,63,Iowa State,Big 12,4,4,-12.533,61.982,30,0.500,0.735,-0.235,-1.368,163.393,175.926,183,190,112,108,80.757,5
2012,10,64,Virginia Tech,ACC,3,5,-13.203,-5.702,60,0.375,0.479,-0.104,-0.603,178.761,191.964,202,215,113,112,16.203,43
2012,10,65,Ole Miss,SEC,4,4,-13.476,30.810,45,0.500,0.583,-0.083,-0.480,231.579,245.055,220,223,95,91,78.204,6
2012,10,66,Iowa,Big Ten,3,5,-14.747,3.031,57,0.375,0.512,-0.137,-0.792,155.446,170.192,157,177,101,104,12.892,47
2012,10,67,Syracuse,Big East,3,5,-18.565,-4.908,59,0.375,0.486,-0.111,-0.644,203.883,222.449,210,218,103,98,15.969,45
2012,10,68,NC State,ACC,4,4,-20.968,-45.923,83,0.500,0.330,0.170,0.997,142.742,163.710,177,203,124,124,-32.346,83
2012,10,69,South Florida,Big East,2,6,-21.154,-30.911,73,0.250,0.415,-0.165,-0.956,205.376,226.531,191,222,93,98,-11.074,67
2012,10,70,Maryland,ACC,3,5,-21.741,-89.748,93,0.375,0.210,0.165,0.968,147.009,168.750,172,189,117,112,-55.442,108
2012,10,71,Navy,FBS Independents,5,2,-23.546,-24.722,68,0.714,0.440,0.275,1.608,256.164,279.710,187,193,73,69,-13.481,68
2012,10,72,Rice,Conference USA,3,5,-28.167,-81.329,91,0.375,0.292,0.083,0.488,213.274,241.441,241,268,113,111,-53.889,107
2012,10,73,East Carolina,Conference USA,5,4,-29.076,-73.352,87,0.556,0.318,0.238,1.393,249.495,278.571,247,273,99,98,-27.036,79
2012,10,74,West Virginia,Big 12,4,3,-29.699,14.636,51,0.571,0.535,0.037,0.219,295.833,325.532,284,306,96,94,41.123,26
2012,10,75,UNLV,Mountain West,2,5,-33.529,-54.991,84,0.286,0.353,-0.067,-0.388,216.471,250.000,184,205,85,82,-27.913,80
2012,10,76,SMU,Conference USA,3,5,-38.992,-19.625,65,0.375,0.437,-0.062,-0.354,221.212,260.204,219,255,99,98,6.083,51
2012,10,77,Minnesota,Big Ten,4,4,-40.273,-44.624,82,0.500,0.351,0.149,0.873,172.727,213.000,171,213,99,100,0.237,57
2012,10,78,California,Pac-12,2,7,-41.929,23.113,49,0.222,0.582,-0.359,-2.092,157.258,199.187,195,245,124,123,67.243,13
2012,10,79,Western Michigan,Mid-American,3,6,-42.639,-104.245,102,0.333,0.305,0.028,0.171,216.239,258.879,253,277,117,107,-63.686,111
2012,10,80,Arkansas,SEC,3,5,-46.539,42.634,37,0.375,0.649,-0.274,-1.590,173.832,220.370,186,238,107,108,48.549,22
2012,10,81,Purdue,Big Ten,2,6,-47.047,-30.416,72,0.250,0.408,-0.158,-0.919,192.593,239.640,208,266,108,111,29.610,34
2012,10,82,Missouri,SEC,3,5,-49.057,45.763,36,0.375,0.676,-0.301,-1.750,121.739,170.796,140,193,115,113,89.746,3
2012,10,83,Duke,ACC,5,4,-49.544,-30.161,71,0.556,0.418,0.138,0.808,197.656,247.200,253,309,128,125,-6.470,64
2012,10,84,Marshall,Conference USA,3,5,-52.564,-90.437,94,0.375,0.317,0.058,0.344,279.817,332.381,305,349,109,105,-44.663,99
2012,10,85,Wake Forest,ACC,4,4,-53.086,-44.579,81,0.500,0.352,0.148,0.871,160.550,213.636,175,235,109,110,-23.426,76
2012,10,86,Arizona,Pac-12,4,4,-59.909,85.664,23,0.500,0.720,-0.220,-1.276,218.852,278.761,267,315,122,113,100.998,2
2012,10,87,Miami,ACC,4,4,-61.731,-17.616,64,0.500,0.450,0.050,0.295,191.667,253.398,207,261,108,103,44.499,25
2012,10,88,Army,FBS Independents,2,6,-63.281,-97.766,98,0.250,0.279,-0.029,-0.164,248.421,311.702,236,293,95,94,-44.771,100
2012,10,89,Florida International,Sun Belt,2,8,-63.578,-105.443,106,0.200,0.202,-0.002,-0.009,183.088,246.667,249,333,136,135,-39.525,91
2012,10,90,Virginia,ACC,2,5,-64.711,-75.444,88,0.286,0.243,0.043,0.253,129.167,193.878,124,190,96,98,-8.695,65
2012,10,91,Colorado State,Mountain West,2,4,-75.581,-146.291,113,0.333,0.151,0.183,1.070,180.263,255.844,137,197,76,77,-59.772,109
2012,10,92,North Texas,Sun Belt,2,6,-88.176,-77.155,89,0.250,0.258,-0.008,-0.042,153.000,241.176,153,246,100,102,12.666,48
2012,10,93,UTEP,Conference USA,1,7,-92.906,-74.167,89,0.125,0.243,-0.118,-0.605,125.962,218.868,131,232,104,106,14.831,46
2012,10,93,Washington,Pac-12,4,4,-91.989,32.787,44,0.500,0.616,-0.116,-0.673,127.619,219.608,134,224,105,102,104.011,1
2012,10,95,South Alabama,Sun Belt,1,6,-93.289,-137.314,112,0.143,0.136,0.006,0.042,144.211,237.500,137,228,95,96,-39.837,93
2012,10,96,Wyoming,Mountain West,1,6,-94.100,-92.420,96,0.143,0.268,-0.125,-0.724,195.556,289.655,176,252,90,87,1.531,55
2012,10,97,Central Michigan,Mid-American,2,6,-95.359,-100.384,99,0.250,0.250,0.000,0.005,243.529,338.889,207,305,85,90,-38.057,89
2012,10,98,Buffalo,Mid-American,1,7,-96.884,-93.909,97,0.125,0.175,-0.050,-0.286,122.936,219.820,134,244,109,111,-8.707,66
2012,10,99,Temple,Big East,2,5,-100.526,-112.193,107,0.286,0.205,0.080,0.473,148.387,248.913,138,229,93,92,-1.883,59
2012,10,100,UAB,Conference USA,1,7,-101.992,-104.464,103,0.125,0.234,-0.109,-0.628,184.615,286.607,216,321,117,112,-17.557,70
2012,10,101,Miami (OH),Mid-American,3,5,-109.379,-114.723,108,0.375,0.238,0.137,0.801,178.000,287.379,178,296,100,103,-36.642,88
2012,10,102,Auburn,SEC,1,7,-114.230,-29.244,71,0.125,0.400,-0.275,-1.445,127.184,241.414,131,239,103,99,74.350,9
2012,10,102,Florida Atlantic,Sun Belt,1,7,-110.784,-105.177,104,0.125,0.198,-0.073,-0.420,153.922,264.706,157,270,102,102,1.858,54
2012,10,103,Washington State,Pac-12,1,7,-114.135,-44.562,80,0.125,0.369,-0.244,-1.418,144.118,258.252,147,266,102,103,59.126,17
2012,10,105,Boston College,ACC,1,7,-115.402,-101.170,100,0.125,0.209,-0.084,-0.485,154.206,269.608,165,275,107,102,1.109,56
2012,10,106,Eastern Michigan,Mid-American,1,7,-122.979,-135.086,110,0.125,0.183,-0.058,-0.335,165.094,288.073,175,314,106,109,-19.331,73
2012,10,107,Memphis,Conference USA,1,7,-133.158,-157.698,114,0.125,0.093,0.032,0.192,151.000,284.158,151,287,100,101,-39.866,94
2012,10,108,Kansas,Big 12,0,8,-144.207,-36.041,76,0.000,0.343,-0.343,-1.997,123.469,267.677,121,265,98,99,75.490,8
2012,10,109,Southern Miss,Conference USA,0,9,-146.381,-135.489,111,0.000,0.143,-0.143,-0.827,166.346,312.727,173,344,104,110,-3.203,60
2012,10,110,Kentucky,SEC,1,9,-149.540,-70.308,86,0.100,0.302,-0.202,-1.174,136.667,286.207,164,332,120,116,55.958,18
2012,10,111,Illinois,Big Ten,1,6,-155.180,-91.764,95,0.143,0.172,-0.029,-0.163,106.522,261.702,98,246,92,94,46.860,23
2012,10,112,Akron,Mid-American,0,9,-156.911,-176.021,116,0.000,0.092,-0.092,-0.531,184.211,341.121,210,365,114,107,-35.268,86
2012,10,113,New Mexico,Mountain West,1,6,-157.540,-129.309,109,0.143,0.183,-0.040,-0.229,172.840,330.380,140,261,81,79,0.107,58
2012,10,114,Tulane,Conference USA,2,7,-165.236,-105.363,105,0.222,0.238,-0.016,-0.088,248.718,413.953,194,356,78,86,-42.198,95
2012,10,115,Hawai'i,Mountain West,0,7,-236.985,-171.520,115,0.000,0.086,-0.086,-0.495,112.500,349.485,108,339,96,97,-4.144,61
2012,10,116,Colorado,Pac-12,1,7,-242.904,-101.354,101,0.125,0.186,-0.061,-0.352,101.739,344.643,117,386,115,112,61.334,16
2012,10,117,Massachusetts,Mid-American,0,9,-285.419,-219.010,117,0.000,0.004,-0.004,-0.021,89.109,374.528,90,397,101,106,-31.839,82
2012,11,1,Oregon,Pac-12,9,0,221.763,201.584,3,1.000,0.899,0.101,0.605,378.906,157.143,485,209,128,133,37.329,31
2012,11,2,Alabama,SEC,9,1,218.817,231.413,1,0.900,0.979,-0.079,-0.471,308.333,89.516,370,111,120,124,49.874,23
2012,11,4,Kansas State,Big 12,9,0,199.721,204.244,2,1.000,0.904,0.096,0.573,356.731,157.009,371,168,104,107,37.513,30
2012,11,4,Northern Illinois,Mid-American,8,1,207.724,8.920,54,0.889,0.518,0.371,2.171,394.681,186.957,371,172,94,92,-95.395,117
2012,11,5,Florida State,ACC,7,1,167.237,96.871,19,0.875,0.801,0.074,0.445,281.651,114.414,307,127,109,111,-20.569,70
2012,11,6,Texas A&M,SEC,6,2,160.494,187.948,4,0.750,0.911,-0.161,-0.955,293.204,132.710,302,142,103,107,75.032,10
2012,11,7,Clemson,ACC,8,1,141.610,102.457,17,0.889,0.736,0.153,0.913,318.033,176.423,388,217,122,123,-25.993,76
2012,11,8,Notre Dame,FBS Independents,10,0,134.457,159.482,7,1.000,0.943,0.057,0.344,226.957,92.500,261,111,115,120,33.042,34
2012,11,9,Georgia,SEC,9,1,131.159,107.628,14,0.900,0.793,0.107,0.642,267.391,136.232,369,188,138,138,10.514,49
2012,11,10,Ohio State,Big Ten,10,0,125.819,108.883,14,1.000,0.770,0.230,1.346,297.761,171.942,399,239,134,139,-6.230,63
2012,11,10,Oklahoma,Big 12,6,2,130.533,160.568,6,0.750,0.880,-0.130,-0.772,291.919,161.386,289,163,99,101,65.634,14
2012,11,11,Boise State,Mountain West,8,2,128.739,72.893,25,0.800,0.722,0.078,0.464,248.739,120.000,296,144,119,120,-47.997,100
2012,11,13,UCF,Conference USA,8,2,115.540,31.561,44,0.800,0.587,0.213,1.275,286.508,170.968,361,212,126,124,-67.987,113
2012,11,14,South Carolina,SEC,8,2,113.282,129.985,10,0.800,0.848,-0.048,-0.287,256.693,143.411,326,185,127,129,31.503,35
2012,11,15,Wisconsin,Big Ten,5,3,110.476,88.637,24,0.625,0.758,-0.133,-0.792,240.952,130.476,253,137,105,105,0.164,54
2012,11,16,Fresno State,Mountain West,7,3,110.205,61.412,28,0.700,0.691,0.009,0.056,265.333,155.128,398,242,150,156,-28.116,78
2012,11,17,Stanford,Pac-12,7,2,107.604,133.518,9,0.778,0.878,-0.100,-0.596,233.621,126.016,271,155,116,123,47.774,25
2012,11,18,USC,Pac-12,7,3,101.299,128.058,11,0.700,0.822,-0.122,-0.723,275.373,174.074,369,235,134,135,42.197,27
2012,11,19,Texas,Big 12,8,2,95.323,121.074,13,0.800,0.780,0.020,0.121,330.000,234.677,396,291,120,124,21.526,41
2012,11,20,UCLA,Pac-12,8,2,94.643,95.799,22,0.800,0.774,0.026,0.159,258.219,163.576,377,247,146,151,23.461,39
2012,11,21,Florida,SEC,9,1,94.527,141.285,8,0.900,0.922,-0.022,-0.130,197.727,103.200,261,129,132,125,59.267,17
2012,11,22,San Diego State,Mountain West,7,2,91.138,36.537,42,0.778,0.612,0.165,0.988,264.286,173.148,296,187,112,108,-39.615,95
2012,11,23,LSU,SEC,6,2,90.550,172.705,5,0.750,0.923,-0.173,-1.032,207.216,116.667,201,119,97,102,83.242,4
2012,11,24,Rutgers,Big East,7,1,88.407,44.655,37,0.875,0.673,0.202,1.206,205.882,117.476,210,121,102,103,-49.804,105
2012,11,25,Cincinnati,Big East,5,2,88.225,53.873,33,0.714,0.679,0.035,0.210,245.833,157.609,236,145,96,92,-28.198,79
2012,11,26,Michigan,Big Ten,7,3,83.203,58.725,30,0.700,0.670,0.030,0.182,241.463,158.261,297,182,123,115,13.448,47
2012,11,27,BYU,FBS Independents,3,4,76.559,92.239,19,0.429,0.804,-0.376,-1.980,207.955,131.395,183,113,88,86,32.810,29
2012,11,27,Penn State,Big Ten,6,4,78.842,66.645,27,0.600,0.707,-0.107,-0.634,227.642,148.800,280,186,123,125,-15.800,69
2012,11,29,Kent State,Mid-American,8,1,73.681,-13.339,62,0.889,0.461,0.428,2.552,263.025,189.344,313,231,119,122,-89.096,116
2012,11,30,Tulsa,Conference USA,7,2,66.912,21.176,48,0.778,0.572,0.206,1.231,225.000,158.088,306,215,136,136,-40.591,96
2012,11,31,Louisville,Big East,8,1,64.252,15.936,51,0.889,0.538,0.351,2.092,294.059,229.808,297,239,101,104,-46.045,99
2012,11,32,Toledo,Mid-American,7,2,54.155,5.092,55,0.778,0.514,0.263,1.572,252.542,198.387,298,246,118,124,-48.832,102
2012,11,33,Oklahoma State,Big 12,5,3,53.818,107.028,15,0.625,0.764,-0.139,-0.829,268.103,214.286,311,240,116,112,64.969,15
2012,11,34,UL Monroe,Sun Belt,6,4,53.097,-21.686,65,0.600,0.446,0.154,0.921,319.469,266.372,361,301,113,113,-27.923,77
2012,11,35,Oregon State,Pac-12,7,2,48.835,126.752,12,0.778,0.871,-0.093,-0.555,190.984,142.149,233,172,122,121,76.064,7
2012,11,36,Nebraska,Big Ten,7,2,46.774,95.873,21,0.778,0.743,0.034,0.206,242.742,195.968,301,243,124,124,41.326,28
2012,11,37,Arizona State,Pac-12,4,5,44.781,96.236,20,0.444,0.755,-0.311,-1.851,225.984,181.203,287,241,127,133,51.416,20
2012,11,38,Ohio,Mid-American,6,2,44.248,-35.212,74,0.750,0.388,0.362,2.161,306.410,262.162,239,194,78,74,-68.781,115
2012,11,39,Georgia Tech,ACC,4,5,41.315,23.039,47,0.444,0.552,-0.108,-0.641,299.074,257.759,323,299,108,116,-14.150,68
2012,11,40,Northwestern,Big Ten,6,3,32.174,53.540,34,0.667,0.646,0.021,0.127,232.174,200.000,267,232,115,116,10.286,50
2012,11,41,Bowling Green,Mid-American,5,3,29.977,-26.728,67,0.625,0.391,0.234,1.394,156.190,126.214,164,130,105,103,-68.100,114
2012,11,43,Arkansas State,Sun Belt,6,3,25.674,4.732,56,0.667,0.512,0.155,0.924,263.393,237.719,295,271,112,114,-21.927,71
2012,11,44,TCU,Big 12,5,4,20.324,69.316,26,0.556,0.733,-0.178,-1.058,200.775,180.451,259,240,129,133,40.821,29
2012,11,45,Nevada,Mountain West,4,4,19.555,-35.798,76,0.500,0.422,0.078,0.468,295.283,275.728,313,284,106,103,-38.032,92
2012,11,46,Michigan State,Big Ten,5,5,25.753,59.048,32,0.500,0.748,-0.248,-1.442,155.118,129.365,197,163,127,126,34.851,31
2012,11,46,Mississippi State,SEC,6,3,17.262,30.256,45,0.667,0.595,0.072,0.430,212.500,195.238,238,205,112,105,33.863,33
2012,11,47,Vanderbilt,SEC,5,4,14.168,25.489,46,0.556,0.596,-0.041,-0.240,170.690,156.522,198,180,116,115,18.651,44
2012,11,48,North Carolina,ACC,4,4,13.942,-7.781,59,0.500,0.479,0.021,0.125,254.128,240.187,277,257,109,107,-22.728,73
2012,11,49,Pittsburgh,Big East,3,5,13.586,11.701,53,0.375,0.533,-0.158,-0.937,211.458,197.872,203,186,96,94,-5.560,56
2012,11,50,Troy,Sun Belt,5,5,11.403,-36.186,77,0.500,0.398,0.102,0.608,231.111,219.708,312,301,135,137,-49.221,104
2012,11,51,Texas Tech,Big 12,5,3,11.292,54.571,31,0.625,0.631,-0.006,-0.032,268.868,257.576,285,255,106,99,58.238,18
2012,11,52,Baylor,Big 12,3,5,6.792,37.365,41,0.375,0.574,-0.199,-1.183,320.000,313.208,336,332,105,106,45.477,26
2012,11,53,Western Kentucky,Sun Belt,5,4,6.417,-15.650,63,0.556,0.456,0.099,0.594,236.893,230.476,244,242,103,105,-31.640,82
2012,11,54,Ball State,Mid-American,7,3,5.713,-31.242,73,0.700,0.411,0.289,1.723,257.252,251.538,337,327,131,130,-40.846,97
2012,11,56,Middle Tennessee,Sun Belt,6,2,5.033,-38.236,77,0.750,0.407,0.343,2.007,264.583,259.551,254,231,96,89,-48.160,103
2012,11,56,NC State,ACC,5,4,3.546,-28.596,69,0.556,0.386,0.169,1.012,151.773,148.227,214,209,141,141,-34.829,87
2012,11,57,UConn,Big East,4,6,-1.140,-66.749,85,0.400,0.241,0.159,0.950,135.156,136.296,173,184,128,135,-62.137,111
2012,11,58,Utah,Pac-12,3,5,-4.042,53.238,35,0.375,0.655,-0.280,-1.666,196.939,200.980,193,205,98,102,73.207,13
2012,11,59,Syracuse,Big East,4,5,-4.187,13.332,52,0.444,0.536,-0.092,-0.546,221.739,225.926,255,244,115,108,19.111,43
2012,11,60,Louisiana,Sun Belt,4,4,-6.023,-10.731,61,0.500,0.469,0.031,0.186,226.087,232.110,260,253,115,109,-11.837,66
2012,11,61,Tennessee,SEC,3,6,-6.100,40.617,39,0.333,0.589,-0.255,-1.520,260.317,266.418,328,357,126,134,48.956,24
2012,11,62,SMU,Conference USA,4,5,-7.207,-2.647,57,0.444,0.491,-0.047,-0.278,227.928,235.135,253,261,111,111,-9.800,61
2012,11,63,Ole Miss,SEC,4,5,-10.161,33.680,43,0.444,0.590,-0.146,-0.868,225.688,235.849,246,250,109,106,74.435,12
2012,11,64,Air Force,Mountain West,4,5,-10.784,-65.751,84,0.444,0.331,0.113,0.676,251.961,262.745,257,268,102,102,-54.140,107
2012,11,65,Iowa,Big Ten,3,6,-15.490,-8.387,60,0.333,0.469,-0.135,-0.804,157.391,172.881,181,204,115,118,2.759,52
2012,11,66,Virginia Tech,ACC,3,6,-17.857,-2.936,58,0.333,0.489,-0.156,-0.928,175.000,192.857,224,243,128,126,22.461,40
2012,11,68,Indiana,Big Ten,3,6,-23.495,-28.494,68,0.333,0.428,-0.095,-0.562,228.571,252.066,288,305,126,121,-11.708,64
2012,11,69,Minnesota,Big Ten,5,4,-23.686,-38.687,78,0.556,0.367,0.189,1.126,170.909,194.595,188,216,110,111,-12.953,67
2012,11,69,South Florida,Big East,2,6,-21.154,-30.911,73,0.250,0.415,-0.165,-0.956,205.376,226.531,191,222,93,98,-11.074,67
2012,11,70,Houston,Conference USA,4,4,-26.707,-38.837,80,0.500,0.393,0.107,0.642,205.000,231.707,246,285,120,123,-36.055,88
2012,11,72,Rice,Conference USA,3,5,-28.167,-81.329,91,0.375,0.292,0.083,0.488,213.274,241.441,241,268,113,111,-53.889,107
2012,11,73,East Carolina,Conference USA,5,4,-29.076,-73.352,87,0.556,0.318,0.238,1.393,249.495,278.571,247,273,99,98,-27.036,79
2012,11,73,Navy,FBS Independents,5,3,-29.365,-39.407,81,0.625,0.408,0.217,1.297,259.524,288.889,218,234,84,81,-22.090,72
2012,11,74,Iowa State,Big 12,4,5,-31.362,45.043,36,0.444,0.675,-0.231,-1.374,154.472,185.833,190,223,123,120,85.217,2
2012,11,75,Arizona,Pac-12,5,4,-33.943,98.657,18,0.556,0.732,-0.177,-1.053,242.857,276.800,323,346,133,125,84.425,3
2012,11,76,West Virginia,Big 12,4,4,-36.134,17.218,50,0.500,0.540,-0.040,-0.237,289.091,325.225,318,361,110,111,50.478,21
2012,11,77,Western Michigan,Mid-American,3,7,-38.084,-105.006,103,0.300,0.297,0.003,0.022,206.716,244.800,277,306,134,125,-66.508,112
2012,11,78,Purdue,Big Ten,3,6,-39.377,-29.496,70,0.333,0.413,-0.080,-0.474,192.623,232.000,235,290,122,125,21.479,42
2012,11,79,Colorado State,Mountain West,3,4,-39.683,-107.717,106,0.429,0.211,0.218,1.300,188.889,228.571,170,208,90,91,-56.007,109
2012,11,80,Missouri,SEC,4,5,-42.125,41.811,38,0.444,0.652,-0.208,-1.238,144.697,186.822,191,241,132,129,80.906,5
2012,11,82,Maryland,ACC,3,6,-49.778,-90.829,95,0.333,0.199,0.134,0.802,138.931,188.710,182,234,131,124,-33.085,85
2012,11,83,Duke,ACC,5,4,-49.544,-30.161,71,0.556,0.418,0.138,0.808,197.656,247.200,253,309,128,125,-6.470,64
2012,11,83,UNLV,Mountain West,2,6,-50.947,-80.893,91,0.250,0.284,-0.034,-0.198,196.970,247.917,195,238,99,96,-37.557,91
2012,11,84,Marshall,Conference USA,3,6,-52.039,-98.948,99,0.333,0.296,0.037,0.223,273.171,325.210,336,387,123,119,-52.705,106
2012,11,85,Arkansas,SEC,3,6,-53.523,38.687,40,0.333,0.626,-0.293,-1.746,174.576,228.099,206,276,118,121,56.221,19
2012,11,86,Miami,ACC,4,5,-55.046,-21.434,64,0.444,0.444,0.001,0.005,207.563,262.609,247,302,119,115,31.338,36
2012,11,87,Virginia,ACC,3,5,-58.231,-70.359,87,0.375,0.285,0.090,0.535,152.778,211.009,165,230,108,109,-9.207,58
2012,11,89,Florida International,Sun Belt,2,8,-63.578,-105.443,106,0.200,0.202,-0.002,-0.009,183.088,246.667,249,333,136,135,-39.525,91
2012,11,89,Washington,Pac-12,5,4,-67.276,59.791,29,0.556,0.704,-0.148,-0.882,142.373,209.649,168,239,118,114,107.930,1
2012,11,90,California,Pac-12,2,8,-68.275,20.319,49,0.200,0.572,-0.372,-2.216,153.623,221.898,212,304,138,137,80.036,6
2012,11,91,North Texas,Sun Belt,3,6,-69.636,-69.618,86,0.333,0.274,0.059,0.353,152.586,222.222,177,260,116,117,3.927,51
2012,11,92,Wake Forest,ACC,4,5,-70.522,-61.945,83,0.444,0.295,0.150,0.894,143.651,214.173,181,272,126,127,-24.842,75
2012,11,93,Army,FBS Independents,2,7,-78.611,-103.567,101,0.222,0.265,-0.042,-0.251,227.103,305.714,243,321,107,105,-34.660,86
2012,11,94,Wyoming,Mountain West,2,6,-79.720,-88.652,93,0.250,0.272,-0.022,-0.127,198.058,277.778,204,275,103,99,-9.410,59
2012,11,95,Central Michigan,Mid-American,3,6,-80.958,-106.345,104,0.333,0.239,0.094,0.563,248.454,329.412,241,336,97,102,-54.933,108
2012,11,96,Buffalo,Mid-American,2,7,-81.029,-96.507,97,0.222,0.142,0.080,0.479,128.346,209.375,163,268,127,128,-22.987,74
2012,11,97,UAB,Conference USA,2,7,-85.472,-101.092,100,0.222,0.235,-0.013,-0.077,193.893,279.365,254,352,131,126,-29.397,80
2012,11,98,UTEP,Conference USA,1,8,-85.999,-71.632,88,0.111,0.253,-0.142,-0.844,131.356,217.355,155,263,118,121,11.393,48
2012,11,99,South Alabama,Sun Belt,1,7,-87.727,-131.854,111,0.125,0.137,-0.012,-0.068,137.273,225.000,151,252,110,112,-39.478,94
2012,11,100,Florida Atlantic,Sun Belt,2,7,-88.889,-90.037,94,0.222,0.236,-0.014,-0.081,165.812,254.701,194,298,117,117,-1.562,55
2012,11,101,Washington State,Pac-12,1,8,-104.953,-35.447,75,0.111,0.399,-0.287,-1.712,157.759,262.712,183,310,116,118,60.742,16
2012,11,102,Memphis,Conference USA,2,7,-107.018,-140.570,113,0.222,0.123,0.099,0.594,164.912,271.930,188,310,114,114,-45.537,98
2012,11,103,Miami (OH),Mid-American,3,6,-109.807,-119.606,108,0.333,0.233,0.101,0.603,184.211,294.017,210,344,114,117,-37.502,90
2012,11,104,Temple,Big East,2,6,-111.932,-120.908,109,0.250,0.190,0.060,0.361,140.952,252.885,148,263,105,104,0.613,53
2012,11,105,Eastern Michigan,Mid-American,1,8,-113.027,-137.540,112,0.111,0.177,-0.065,-0.388,174.576,287.603,206,348,118,121,-31.869,84
2012,11,106,Boston College,ACC,1,8,-119.253,-91.920,96,0.111,0.229,-0.117,-0.699,147.414,266.667,171,296,116,111,17.513,45
2012,11,107,Kansas,Big 12,0,9,-128.781,-25.073,66,0.000,0.399,-0.399,-2.376,139.640,268.421,155,306,111,114,75.376,8
2012,11,108,Auburn,SEC,1,8,-137.905,-45.125,82,0.111,0.342,-0.231,-1.373,113.913,251.818,131,277,115,110,75.240,9
2012,11,109,New Mexico,Mountain West,1,7,-138.862,-126.485,110,0.125,0.182,-0.057,-0.339,175.269,314.130,163,289,93,92,-10.281,62
2012,11,110,Kentucky,SEC,1,9,-149.540,-70.308,86,0.100,0.302,-0.202,-1.174,136.667,286.207,164,332,120,116,55.958,18
2012,11,111,Illinois,Big Ten,1,7,-152.418,-107.025,105,0.125,0.136,-0.011,-0.064,98.058,250.476,101,263,103,105,30.180,37
2012,11,112,Tulane,Conference USA,2,8,-154.538,-115.562,107,0.200,0.223,-0.023,-0.133,238.462,393.000,217,393,91,100,-48.940,103
2012,11,113,Southern Miss,Conference USA,0,10,-156.845,-153.547,114,0.000,0.113,-0.113,-0.670,152.991,309.836,179,378,117,122,-9.607,60
2012,11,114,Akron,Mid-American,0,10,-165.191,-176.993,116,0.000,0.087,-0.087,-0.518,196.491,361.682,224,387,114,107,-36.240,89
2012,11,115,Hawai'i,Mountain West,0,8,-239.640,-156.906,115,0.000,0.111,-0.111,-0.661,109.910,349.550,122,388,111,111,15.381,46
2012,11,116,Colorado,Pac-12,1,8,-242.814,-97.795,98,0.111,0.219,-0.108,-0.644,116.535,359.350,148,442,127,123,74.678,11
2012,11,117,Massachusetts,Mid-American,1,9,-276.845,-218.891,117,0.100,0.004,0.096,0.573,110.891,387.736,112,411,101,106,-31.720,83
2012,12,2,Alabama,SEC,9,1,218.817,231.413,1,0.900,0.979,-0.079,-0.471,308.333,89.516,370,111,120,124,49.874,23
2012,12,2,Oregon,Pac-12,9,1,197.273,191.222,2,0.900,0.896,0.004,0.022,348.951,151.678,499,226,143,149,44.684,27
2012,12,3,Northern Illinois,Mid-American,9,1,190.784,7.969,56,0.900,0.516,0.384,2.321,379.245,188.462,402,196,106,104,-91.237,117
2012,12,4,Florida State,ACC,8,1,168.293,99.631,21,0.889,0.798,0.091,0.549,282.927,114.634,348,141,123,123,-24.336,78
2012,12,6,Kansas State,Big 12,9,1,151.412,167.890,4,0.900,0.867,0.033,0.197,334.746,183.333,395,220,118,120,40.689,28
2012,12,6,Texas A&M,SEC,6,2,160.494,187.948,4,0.750,0.911,-0.161,-0.955,293.204,132.710,302,142,103,107,75.032,10
2012,12,7,Notre Dame,FBS Independents,11,0,150.135,163.381,5,1.000,0.948,0.052,0.313,233.594,83.459,299,111,128,133,28.855,36
2012,12,8,Boise State,Mountain West,9,2,140.105,74.690,27,0.818,0.724,0.094,0.568,258.015,117.910,338,158,131,134,-57.937,109
2012,12,9,Clemson,ACC,9,1,132.143,102.241,19,0.900,0.730,0.170,1.029,321.429,189.286,450,265,140,140,-19.574,74
2012,12,9,Georgia,SEC,9,1,131.159,107.628,14,0.900,0.793,0.107,0.642,267.391,136.232,369,188,138,138,10.514,49
2012,12,11,Oklahoma,Big 12,7,2,117.241,147.390,7,0.778,0.855,-0.077,-0.470,300.000,182.759,339,212,113,116,59.618,19
2012,12,12,Ohio State,Big Ten,11,0,116.234,101.225,20,1.000,0.756,0.244,1.475,283.784,167.550,420,253,148,151,-6.454,60
2012,12,14,South Carolina,SEC,8,2,113.282,129.985,10,0.800,0.848,-0.048,-0.287,256.693,143.411,326,185,127,129,31.503,35
2012,12,15,UCF,Conference USA,8,3,101.857,29.862,45,0.727,0.584,0.143,0.863,270.922,169.065,382,235,141,139,-59.424,110
2012,12,16,Fresno State,Mountain West,7,3,110.205,61.412,28,0.700,0.691,0.009,0.056,265.333,155.128,398,242,150,156,-28.116,78
2012,12,16,Michigan,Big Ten,8,3,97.618,78.871,25,0.727,0.709,0.019,0.109,256.818,159.200,339,199,132,125,10.740,48
2012,12,17,Stanford,Pac-12,8,2,95.718,138.417,9,0.800,0.902,-0.102,-0.619,218.182,122.464,288,169,132,138,59.955,18
2012,12,18,Wisconsin,Big Ten,5,4,95.432,86.334,24,0.556,0.764,-0.209,-1.268,228.205,132.773,267,158,117,119,11.395,47
2012,12,19,Texas,Big 12,8,2,95.323,121.074,13,0.800,0.780,0.020,0.121,330.000,234.677,396,291,120,124,21.526,41
2012,12,21,Florida,SEC,9,1,94.527,141.285,8,0.900,0.922,-0.022,-0.130,197.727,103.200,261,129,132,125,59.267,17
2012,12,21,UCLA,Pac-12,9,2,91.692,104.041,16,0.818,0.787,0.031,0.183,259.375,167.683,415,275,160,164,33.184,34
2012,12,22,San Diego State,Mountain West,7,2,91.138,36.537,42,0.778,0.612,0.165,0.988,264.286,173.148,296,187,112,108,-39.615,95
2012,12,23,Penn State,Big Ten,7,4,87.990,71.014,28,0.636,0.723,-0.086,-0.527,235.507,147.518,325,208,138,141,-18.709,71
2012,12,24,USC,Pac-12,7,4,86.847,118.320,14,0.636,0.795,-0.159,-0.966,270.068,183.221,397,273,147,149,45.359,26
2012,12,25,Rutgers,Big East,8,1,85.918,51.296,35,0.889,0.707,0.182,1.099,194.690,108.772,220,124,113,114,-39.738,91
2012,12,26,LSU,SEC,7,2,83.651,160.703,6,0.778,0.904,-0.126,-0.770,214.159,130.508,242,154,113,118,77.014,6
2012,12,27,BYU,FBS Independents,3,4,76.559,92.239,19,0.429,0.804,-0.376,-1.980,207.955,131.395,183,113,88,86,32.810,29
2012,12,27,Oregon State,Pac-12,8,2,80.147,136.306,10,0.800,0.875,-0.075,-0.459,216.912,136.765,295,186,136,136,70.020,12
2012,12,28,Oklahoma State,Big 12,6,3,77.473,120.498,13,0.667,0.798,-0.131,-0.798,284.615,207.143,370,261,130,126,60.890,17
2012,12,30,Cincinnati,Big East,5,3,72.879,49.032,36,0.625,0.670,-0.045,-0.278,223.364,150.485,239,155,107,103,-14.826,68
2012,12,31,Kent State,Mid-American,9,1,70.585,-14.002,62,0.900,0.460,0.440,2.663,256.716,186.131,344,255,134,137,-86.850,116
2012,12,31,Louisville,Big East,8,1,64.252,15.936,51,0.889,0.538,0.351,2.092,294.059,229.808,297,239,101,104,-46.045,99
2012,12,32,UL Monroe,Sun Belt,7,4,69.355,-0.340,59,0.636,0.499,0.137,0.828,325.000,255.645,403,317,124,124,-29.589,81
2012,12,33,Arizona State,Pac-12,5,5,65.917,96.375,23,0.500,0.767,-0.267,-1.620,231.250,165.333,333,248,144,150,39.566,29
2012,12,35,Tulsa,Conference USA,8,2,61.589,23.058,49,0.800,0.581,0.219,1.325,217.881,156.291,329,236,151,151,-33.866,84
2012,12,36,Nebraska,Big Ten,8,2,58.993,102.824,18,0.800,0.761,0.039,0.231,243.885,184.892,339,257,139,139,37.731,31
2012,12,37,Georgia Tech,ACC,5,5,53.566,43.399,39,0.500,0.595,-0.095,-0.577,311.966,258.400,365,323,117,125,-10.071,63
2012,12,38,Toledo,Mid-American,7,3,44.016,-0.241,58,0.700,0.499,0.201,1.213,247.692,203.676,322,277,130,136,-42.940,93
2012,12,39,Mississippi State,SEC,7,3,39.010,47.190,37,0.700,0.641,0.059,0.353,224.603,185.593,283,219,126,118,31.205,35
2012,12,40,North Carolina,ACC,5,4,32.613,13.339,53,0.556,0.536,0.020,0.117,259.504,226.891,314,270,121,119,-22.169,75
2012,12,41,Baylor,Big 12,4,5,32.147,77.019,26,0.444,0.654,-0.210,-1.276,328.814,296.667,388,356,118,120,58.832,20
2012,12,42,Northwestern,Big Ten,7,3,30.711,58.502,31,0.700,0.660,0.040,0.240,223.077,192.366,290,252,130,131,17.574,44
2012,12,43,Arkansas State,Sun Belt,7,3,28.904,10.725,54,0.700,0.527,0.173,1.047,270.968,242.063,336,305,124,126,-19.101,73
2012,12,44,TCU,Big 12,5,4,20.324,69.316,26,0.556,0.733,-0.178,-1.058,200.775,180.451,259,240,129,133,40.821,29
2012,12,44,Vanderbilt,SEC,6,4,27.392,37.939,41,0.600,0.646,-0.046,-0.280,179.699,152.308,239,198,133,130,19.667,43
2012,12,45,Ball State,Mid-American,8,3,22.732,-19.521,65,0.727,0.448,0.280,1.691,272.028,249.296,389,354,143,142,-47.192,99
2012,12,46,Nevada,Mountain West,5,4,21.350,-48.094,80,0.556,0.395,0.161,0.972,291.525,270.175,344,308,118,114,-54.541,107
2012,12,47,Michigan State,Big Ten,5,6,20.902,53.610,34,0.455,0.725,-0.271,-1.645,152.817,131.915,217,186,142,141,33.432,33
2012,12,49,Bowling Green,Mid-American,5,4,20.226,-36.339,71,0.556,0.357,0.199,1.200,156.667,136.441,188,161,120,118,-67.929,113
2012,12,49,Pittsburgh,Big East,3,5,13.586,11.701,53,0.375,0.533,-0.158,-0.937,211.458,197.872,203,186,96,94,-5.560,56
2012,12,51,Middle Tennessee,Sun Belt,7,2,10.782,-35.398,70,0.778,0.408,0.370,2.237,251.376,240.594,274,243,109,101,-50.201,103
2012,12,52,Ohio,Mid-American,6,3,9.509,-64.618,85,0.667,0.318,0.348,2.108,295.556,286.047,266,246,90,86,-63.629,111
2012,12,53,Troy,Sun Belt,5,6,5.844,-38.863,74,0.455,0.393,0.061,0.367,235.374,229.530,346,342,147,149,-45.410,96
2012,12,54,Air Force,Mountain West,5,5,2.609,-69.492,86,0.500,0.312,0.188,1.133,241.739,239.130,278,275,115,115,-69.811,114
2012,12,55,Western Kentucky,Sun Belt,5,5,0.328,-17.054,64,0.500,0.453,0.047,0.282,237.719,237.391,271,273,114,115,-24.991,79
2012,12,56,Syracuse,Big East,5,5,-0.529,18.224,51,0.500,0.548,-0.048,-0.296,223.438,223.967,286,271,128,121,20.348,41
2012,12,57,Louisiana,Sun Belt,5,4,-0.533,-1.092,60,0.556,0.497,0.059,0.352,232.800,233.333,291,280,125,120,-9.247,62
2012,12,57,UConn,Big East,4,6,-1.140,-66.749,85,0.400,0.241,0.159,0.950,135.156,136.296,173,184,128,135,-62.137,111
2012,12,59,NC State,ACC,5,5,-4.617,-16.304,63,0.500,0.440,0.060,0.359,165.823,170.440,262,271,158,159,-15.704,70
2012,12,60,Rice,Conference USA,4,5,-5.881,-51.215,81,0.444,0.365,0.080,0.479,223.387,229.268,277,282,124,123,-50.224,104
2012,12,61,Iowa State,Big 12,5,5,-6.376,56.485,32,0.500,0.694,-0.194,-1.179,177.206,183.582,241,246,136,134,69.840,13
2012,12,62,Virginia Tech,ACC,4,6,-11.030,-1.288,61,0.400,0.495,-0.095,-0.581,177.622,188.652,254,266,143,141,16.902,45
2012,12,63,Ole Miss,SEC,4,6,-13.725,42.267,40,0.400,0.611,-0.211,-1.285,224.800,238.525,281,291,125,122,82.660,2
2012,12,64,Utah,Pac-12,3,6,-14.154,47.160,38,0.333,0.639,-0.306,-1.855,195.495,209.649,217,239,111,114,75.880,7
2012,12,65,Tennessee,SEC,3,7,-18.186,28.798,46,0.300,0.565,-0.265,-1.609,245.390,263.576,346,398,141,151,48.420,25
2012,12,66,East Carolina,Conference USA,6,4,-21.131,-76.436,89,0.600,0.304,0.296,1.792,245.536,266.667,275,296,112,111,-39.540,89
2012,12,67,Arizona,Pac-12,6,4,-21.909,103.740,17,0.600,0.741,-0.141,-0.860,246.207,268.116,357,370,145,138,81.060,4
2012,12,68,Texas Tech,Big 12,5,4,-22.876,35.736,42,0.556,0.589,-0.033,-0.204,255.000,277.876,306,314,120,113,61.217,16
2012,12,69,Miami,ACC,5,5,-25.545,0.633,57,0.500,0.502,-0.002,-0.014,217.424,242.969,287,311,132,128,26.589,37
2012,12,70,SMU,Conference USA,4,6,-26.369,-27.185,66,0.400,0.413,-0.013,-0.083,217.073,243.443,267,297,123,122,-10.142,64
2012,12,71,Houston,Conference USA,4,5,-27.553,-52.498,82,0.444,0.356,0.088,0.532,212.593,240.146,287,329,135,137,-45.475,97
2012,12,73,Navy,FBS Independents,5,3,-29.365,-39.407,81,0.625,0.408,0.217,1.297,259.524,288.889,218,234,84,81,-22.090,72
2012,12,73,Purdue,Big Ten,4,6,-33.575,-32.846,68,0.400,0.404,-0.004,-0.026,188.889,222.464,255,307,135,138,10.724,49
2012,12,74,West Virginia,Big 12,4,5,-35.200,30.644,44,0.444,0.568,-0.123,-0.751,293.600,328.800,367,411,125,125,63.594,14
2012,12,75,Iowa,Big Ten,3,7,-35.301,-27.800,67,0.300,0.406,-0.106,-0.647,158.400,193.701,198,246,125,127,11.898,46
2012,12,76,Washington,Pac-12,6,4,-36.003,59.208,30,0.600,0.706,-0.106,-0.645,156.061,192.063,206,242,132,126,82.891,1
2012,12,77,Western Michigan,Mid-American,3,8,-37.990,-109.457,104,0.273,0.286,-0.014,-0.086,208.333,246.324,300,335,144,136,-71.401,115
2012,12,78,Indiana,Big Ten,3,7,-39.043,-34.953,69,0.300,0.411,-0.111,-0.677,218.310,257.353,310,350,142,136,-3.596,58
2012,12,79,Minnesota,Big Ten,5,5,-39.987,-40.906,77,0.500,0.357,0.143,0.863,161.600,201.587,202,254,125,126,-1.746,56
2012,12,80,Missouri,SEC,4,6,-41.204,35.161,43,0.400,0.624,-0.224,-1.361,150.345,191.549,218,272,145,142,73.424,9
2012,12,81,Marshall,Conference USA,4,6,-42.031,-87.759,94,0.400,0.316,0.084,0.507,277.372,319.403,380,428,137,134,-50.236,105
2012,12,82,South Florida,Big East,2,7,-47.357,-44.794,79,0.222,0.370,-0.148,-0.901,188.679,236.036,200,262,106,111,-3.229,57
2012,12,83,UNLV,Mountain West,2,7,-50.416,-91.545,97,0.222,0.261,-0.039,-0.238,198.182,248.598,218,266,110,107,-47.974,101
2012,12,84,Florida International,Sun Belt,3,8,-50.931,-95.846,98,0.273,0.229,0.044,0.261,188.667,239.597,283,357,150,149,-42.414,92
2012,12,85,Duke,ACC,5,5,-59.751,-36.637,72,0.500,0.402,0.098,0.589,202.190,261.940,277,351,137,134,4.685,51
2012,12,86,Central Michigan,Mid-American,4,6,-60.148,-98.768,100,0.400,0.246,0.154,0.930,248.624,308.772,271,352,109,114,-66.032,112
2012,12,87,Maryland,ACC,3,7,-62.212,-80.821,90,0.300,0.229,0.071,0.428,137.063,199.275,196,275,143,138,-11.232,66
2012,12,88,Colorado State,Mountain West,3,5,-65.795,-121.274,108,0.375,0.191,0.184,1.111,176.923,242.718,184,250,104,103,-44.778,94
2012,12,89,Wyoming,Mountain West,3,6,-67.400,-87.734,93,0.333,0.275,0.058,0.349,203.509,270.909,232,298,114,110,-22.347,76
2012,12,90,Memphis,Conference USA,3,7,-67.823,-117.781,106,0.300,0.164,0.136,0.819,181.395,249.219,234,319,129,128,-50.490,106
2012,12,91,Arkansas,SEC,3,7,-69.839,23.427,48,0.300,0.576,-0.276,-1.675,167.939,237.778,220,321,131,135,58.438,21
2012,12,92,Temple,Big East,3,6,-71.795,-91.296,96,0.333,0.267,0.066,0.397,180.342,252.137,211,295,117,117,-11.482,67
2012,12,93,Virginia,ACC,3,6,-72.328,-76.280,88,0.333,0.268,0.065,0.393,148.333,220.661,178,267,120,121,0.300,53
2012,12,94,Buffalo,Mid-American,3,7,-73.038,-101.768,102,0.300,0.135,0.165,0.997,151.181,224.219,192,287,127,128,-28.248,80
2012,12,95,UTEP,Conference USA,2,8,-77.731,-82.145,91,0.200,0.245,-0.045,-0.278,146.512,224.242,189,296,129,132,-8.331,61
2012,12,96,North Texas,Sun Belt,3,7,-83.969,-90.774,95,0.300,0.225,0.075,0.450,151.969,235.938,193,302,127,128,-0.948,55
2012,12,97,South Alabama,Sun Belt,1,8,-83.993,-123.307,109,0.111,0.133,-0.022,-0.139,133.607,217.600,163,272,122,125,-35.212,85
2012,12,98,Florida Atlantic,Sun Belt,2,8,-87.023,-97.300,99,0.200,0.223,-0.023,-0.143,166.412,253.435,218,332,131,131,-10.529,65
2012,12,99,Wake Forest,ACC,4,6,-91.213,-58.978,83,0.400,0.298,0.102,0.616,130.216,221.429,181,310,139,140,-4.047,59
2012,12,100,California,Pac-12,2,9,-94.672,9.057,55,0.182,0.531,-0.349,-2.118,147.712,242.384,226,366,153,151,82.133,3
2012,12,101,Army,FBS Independents,2,8,-99.038,-125.936,110,0.200,0.235,-0.035,-0.215,229.167,328.205,275,384,120,117,-38.534,87
2012,12,102,UAB,Conference USA,2,8,-100.890,-120.857,107,0.200,0.192,0.008,0.043,181.379,282.270,263,398,145,141,-38.094,86
2012,12,103,Eastern Michigan,Mid-American,2,8,-101.036,-136.552,113,0.200,0.167,0.033,0.195,182.171,283.206,235,371,129,131,-44.812,95
2012,12,104,Miami (OH),Mid-American,3,7,-110.557,-134.476,112,0.300,0.197,0.103,0.621,179.365,289.922,226,374,126,129,-48.917,102
2012,12,105,Boston College,ACC,1,9,-110.639,-83.080,92,0.100,0.252,-0.152,-0.922,148.092,258.730,194,326,131,126,20.076,42
2012,12,106,Washington State,Pac-12,1,9,-120.847,-40.712,76,0.100,0.380,-0.280,-1.698,142.857,263.704,190,356,133,135,62.328,15
2012,12,107,New Mexico,Mountain West,1,8,-127.885,-126.555,111,0.111,0.180,-0.069,-0.422,179.808,307.692,187,320,104,104,-18.802,72
2012,12,108,Auburn,SEC,1,8,-137.905,-45.125,82,0.111,0.342,-0.231,-1.373,113.913,251.818,131,277,115,110,75.240,9
2012,12,109,Illinois,Big Ten,1,8,-138.106,-100.562,101,0.111,0.155,-0.044,-0.271,101.724,239.831,118,283,116,118,23.962,40
2012,12,110,Kansas,Big 12,0,10,-138.702,-37.790,73,0.000,0.368,-0.368,-2.235,142.400,281.102,178,357,125,127,75.417,8
2012,12,110,Kentucky,SEC,1,9,-149.540,-70.308,86,0.100,0.302,-0.202,-1.174,136.667,286.207,164,332,120,116,55.958,18
2012,12,111,Tulane,Conference USA,2,9,-141.797,-109.999,105,0.182,0.227,-0.045,-0.277,230.769,372.566,240,421,104,113,-46.896,98
2012,12,112,Southern Miss,Conference USA,0,11,-144.149,-146.103,114,0.000,0.142,-0.142,-0.865,165.625,309.774,212,412,128,133,-15.647,69
2012,12,114,Akron,Mid-American,0,10,-165.191,-176.993,116,0.000,0.087,-0.087,-0.518,196.491,361.682,224,387,114,107,-36.240,89
2012,12,115,Hawai'i,Mountain West,0,9,-225.806,-164.163,115,0.000,0.087,-0.087,-0.529,104.032,329.839,129,409,124,124,0.948,52
2012,12,116,Colorado,Pac-12,1,9,-241.732,-104.331,103,0.100,0.204,-0.104,-0.633,108.633,350.365,151,480,139,137,70.538,11
2012,12,117,Massachusetts,Mid-American,1,10,-285.391,-218.764,117,0.091,0.006,0.085,0.513,129.703,415.094,131,440,101,106,-31.593,82
2012,13,1,Alabama,SEC,10,1,238.230,233.710,1,0.909,0.983,-0.074,-0.451,319.847,81.618,419,111,131,136,45.534,27
2012,13,2,Northern Illinois,Mid-American,10,1,210.470,18.277,51,0.909,0.539,0.370,2.226,385.470,175.000,451,203,117,116,-96.994,117
2012,13,3,Oregon,Pac-12,10,1,193.128,198.464,2,0.909,0.899,0.010,0.055,348.408,155.280,547,250,157,161,52.260,25
2012,13,4,Texas A&M,SEC,7,2,167.225,197.496,3,0.778,0.909,-0.131,-0.798,308.547,141.322,361,171,117,121,74.903,9
2012,13,6,Kansas State,Big 12,9,1,151.412,167.890,4,0.900,0.867,0.033,0.197,334.746,183.333,395,220,118,120,40.689,28
2012,13,6,Notre Dame,FBS Independents,12,0,145.895,166.446,5,1.000,0.953,0.047,0.280,232.609,86.713,321,124,138,143,35.631,34
2012,13,7,Florida State,ACC,8,2,144.118,88.964,22,0.800,0.761,0.039,0.230,275.000,130.882,374,178,136,136,-14.145,68
2012,13,8,Boise State,Mountain West,9,2,140.105,74.690,27,0.818,0.724,0.094,0.568,258.015,117.910,338,158,131,134,-57.937,109
2012,13,8,Georgia,SEC,10,1,141.114,127.893,11,0.909,0.842,0.067,0.398,274.000,132.886,411,198,150,149,19.084,42
2012,13,10,Fresno State,Mountain West,8,3,119.880,62.314,31,0.727,0.693,0.035,0.205,271.951,152.071,446,257,164,169,-36.508,88
2012,13,11,Clemson,ACC,9,2,113.859,88.833,23,0.818,0.707,0.111,0.668,307.237,193.377,467,292,152,151,-12.472,66
2012,13,12,South Carolina,SEC,9,2,112.535,137.374,10,0.818,0.867,-0.049,-0.301,255.797,143.262,353,202,138,141,38.410,32
2012,13,13,UCF,Conference USA,9,3,111.305,38.481,42,0.750,0.608,0.142,0.854,281.699,170.395,431,259,153,152,-62.008,112
2012,13,14,Ohio State,Big Ten,12,0,110.652,101.087,16,1.000,0.760,0.240,1.444,278.750,168.098,446,274,160,163,-1.091,54
2012,13,15,Oklahoma,Big 12,8,2,110.117,152.181,7,0.800,0.852,-0.052,-0.318,307.087,196.970,390,260,127,132,66.758,15
2012,13,16,Stanford,Pac-12,9,2,96.549,142.274,9,0.818,0.908,-0.089,-0.544,219.728,123.179,323,186,147,151,61.621,19
2012,13,17,San Diego State,Mountain West,8,2,95.630,27.662,48,0.800,0.581,0.219,1.313,274.797,179.167,338,215,123,120,-55.723,103
2012,13,18,Florida,SEC,10,1,93.198,150.218,8,0.909,0.924,-0.015,-0.098,205.517,112.319,298,155,145,138,67.964,14
2012,13,19,Wisconsin,Big Ten,5,5,87.435,81.830,26,0.500,0.755,-0.255,-1.541,223.256,135.821,288,182,129,134,12.885,45
2012,13,20,Michigan,Big Ten,8,4,85.766,76.828,27,0.667,0.708,-0.041,-0.253,250.000,164.234,360,225,144,137,17.847,43
2012,13,21,LSU,SEC,8,2,81.138,159.568,6,0.800,0.908,-0.108,-0.657,209.600,128.462,262,167,125,130,78.414,7
2012,13,22,Kent State,Mid-American,10,1,79.641,-6.830,60,0.909,0.480,0.429,2.585,251.351,171.711,372,261,148,152,-87.601,116
2012,13,23,Texas,Big 12,8,3,79.478,117.059,14,0.727,0.782,-0.054,-0.333,309.848,230.370,409,311,132,135,33.241,36
2012,13,24,Penn State,Big Ten,8,4,78.431,67.977,29,0.667,0.712,-0.045,-0.277,228.105,149.673,349,229,153,153,-13.018,67
2012,13,25,Cincinnati,Big East,6,3,78.188,49.080,36,0.667,0.671,-0.005,-0.033,221.667,143.478,266,165,120,115,-21.500,72
2012,13,27,BYU,FBS Independents,3,4,76.559,92.239,19,0.429,0.804,-0.376,-1.980,207.955,131.395,183,113,88,86,32.810,29
2012,13,27,UCLA,Pac-12,9,3,76.527,97.239,18,0.750,0.769,-0.019,-0.120,249.711,173.184,432,310,173,179,40.834,31
2012,13,28,USC,Pac-12,7,5,75.612,114.765,15,0.583,0.788,-0.204,-1.238,261.146,185.535,410,295,157,159,55.385,23
2012,13,29,UL Monroe,Sun Belt,8,4,68.408,-0.743,58,0.667,0.498,0.169,1.012,308.696,240.288,426,334,138,139,-31.965,84
2012,13,30,Arizona State,Pac-12,6,5,63.870,98.476,17,0.545,0.777,-0.231,-1.400,233.750,169.880,374,282,160,166,42.854,30
2012,13,31,Oklahoma State,Big 12,6,4,63.444,119.148,13,0.600,0.785,-0.185,-1.121,286.301,222.857,418,312,146,140,71.929,10
2012,13,32,Oregon State,Pac-12,8,3,59.541,125.514,12,0.727,0.849,-0.122,-0.740,215.541,156.000,319,234,148,150,78.241,8
2012,13,33,Rutgers,Big East,8,2,58.594,34.147,45,0.800,0.642,0.158,0.946,176.562,117.969,226,151,128,128,-32.498,85
2012,13,34,Nebraska,Big Ten,9,2,58.278,93.680,21,0.818,0.753,0.066,0.390,233.113,174.834,352,264,151,151,29.959,37
2012,13,35,Northwestern,Big Ten,8,3,52.482,63.818,30,0.727,0.667,0.060,0.357,241.135,188.652,340,266,141,141,4.627,48
2012,13,36,Louisville,Big East,8,2,52.115,11.835,54,0.800,0.529,0.271,1.628,268.644,216.529,317,262,118,121,-42.182,91
2012,13,37,Tulsa,Conference USA,8,3,51.205,17.370,52,0.727,0.560,0.168,1.006,214.458,163.253,356,271,166,166,-29.531,80
2012,13,38,Toledo,Mid-American,8,3,50.066,-7.167,61,0.727,0.479,0.248,1.491,251.408,201.342,357,300,142,149,-56.416,104
2012,13,39,Vanderbilt,SEC,7,4,48.223,56.556,33,0.636,0.698,-0.062,-0.377,201.370,153.147,294,219,146,143,20.364,40
2012,13,40,North Carolina,ACC,6,4,34.347,2.126,57,0.600,0.505,0.095,0.565,265.926,231.579,359,308,135,133,-34.832,86
2012,13,41,Baylor,Big 12,5,5,34.080,82.081,25,0.500,0.663,-0.163,-0.988,333.333,299.254,440,401,132,134,60.713,20
2012,13,42,Pittsburgh,Big East,4,5,32.944,34.325,44,0.444,0.596,-0.152,-0.921,209.091,176.147,230,192,110,109,1.998,51
2012,13,43,Arkansas State,Sun Belt,7,3,28.904,10.725,54,0.700,0.527,0.173,1.047,270.968,242.063,336,305,124,126,-19.101,73
2012,13,43,Michigan State,Big Ten,6,6,29.501,53.606,34,0.500,0.719,-0.219,-1.324,156.774,127.273,243,196,155,154,24.853,39
2012,13,45,Bowling Green,Mid-American,6,4,28.697,-32.529,69,0.600,0.373,0.227,1.364,155.970,127.273,209,168,134,132,-70.960,113
2012,13,46,Georgia Tech,ACC,5,6,26.545,24.922,49,0.455,0.556,-0.101,-0.616,292.969,266.423,375,365,128,137,-3.163,57
2012,13,46,Nevada,Mountain West,5,4,21.350,-48.094,80,0.556,0.395,0.161,0.972,291.525,270.175,344,308,118,114,-54.541,107
2012,13,47,TCU,Big 12,6,4,24.803,82.833,24,0.600,0.780,-0.180,-1.088,199.286,174.483,279,253,140,145,49.839,26
2012,13,48,Mississippi State,SEC,7,4,22.242,42.475,38,0.636,0.627,0.009,0.049,217.730,195.489,307,260,141,133,38.246,33
2012,13,50,Ball State,Mid-American,9,3,20.457,-32.488,68,0.750,0.413,0.337,2.026,267.516,247.059,420,378,157,153,-58.124,107
2012,13,51,Louisiana,Sun Belt,6,4,15.419,3.637,56,0.600,0.510,0.090,0.540,246.763,231.343,343,310,139,134,-19.417,71
2012,13,52,Syracuse,Big East,6,5,12.632,20.462,50,0.545,0.554,-0.009,-0.059,231.429,218.797,324,291,140,133,8.757,47
2012,13,53,Middle Tennessee,Sun Belt,8,2,10.867,-34.675,73,0.800,0.406,0.394,2.374,236.508,225.641,298,264,126,117,-48.991,97
2012,13,54,NC State,ACC,6,5,7.393,-16.025,64,0.545,0.439,0.106,0.637,167.052,159.659,289,281,173,176,-26.496,77
2012,13,55,Troy,Sun Belt,5,7,4.671,-37.970,74,0.417,0.391,0.026,0.151,225.153,220.482,367,366,163,166,-43.144,93
2012,13,56,Rice,Conference USA,5,5,1.268,-44.310,77,0.500,0.385,0.115,0.687,231.343,230.075,310,306,134,133,-52.418,101
2012,13,57,Western Kentucky,Sun Belt,6,5,1.017,-21.440,66,0.545,0.441,0.105,0.627,231.250,230.233,296,297,128,129,-29.305,79
2012,13,58,UConn,Big East,5,6,0.962,-54.996,83,0.455,0.270,0.184,1.107,135.172,134.211,196,204,145,152,-52.408,100
2012,13,59,Ole Miss,SEC,5,6,0.073,59.927,32,0.455,0.657,-0.202,-1.226,230.000,229.927,322,315,140,137,84.948,3
2012,13,60,Tennessee,SEC,4,7,-5.900,40.217,40,0.364,0.592,-0.228,-1.383,248.701,254.601,383,415,154,163,45.060,28
2012,13,61,Utah,Pac-12,4,6,-6.832,33.402,46,0.400,0.598,-0.198,-1.198,203.937,210.769,259,274,127,130,54.874,24
2012,13,62,Virginia Tech,ACC,5,6,-9.126,-11.922,63,0.455,0.456,-0.001,-0.011,171.519,180.645,271,280,158,155,3.403,50
2012,13,63,Iowa State,Big 12,5,6,-9.454,53.604,35,0.455,0.685,-0.231,-1.397,180.272,189.726,265,277,147,146,69.395,13
2012,13,64,Houston,Conference USA,5,5,-10.950,-45.401,78,0.500,0.369,0.131,0.788,213.725,224.675,327,346,153,154,-51.302,99
2012,13,65,Ohio,Mid-American,6,4,-14.952,-78.332,89,0.600,0.272,0.328,1.973,259.048,274.000,272,274,105,100,-57.467,105
2012,13,66,Purdue,Big Ten,5,6,-17.473,-26.043,67,0.455,0.425,0.030,0.176,204.605,222.078,311,342,152,154,3.506,49
2012,13,67,SMU,Conference USA,5,6,-17.656,-11.801,62,0.455,0.462,-0.008,-0.051,218.841,236.496,302,324,138,137,-1.796,56
2012,13,68,Miami,ACC,6,5,-18.339,-4.884,59,0.545,0.487,0.058,0.346,230.612,248.951,339,356,147,143,14.470,44
2012,13,69,East Carolina,Conference USA,7,4,-18.375,-77.088,87,0.636,0.309,0.327,1.967,265.625,284.000,340,355,128,125,-42.364,92
2012,13,70,Air Force,Mountain West,5,6,-21.481,-77.804,88,0.455,0.292,0.162,0.974,228.906,250.388,293,323,128,129,-60.661,111
2012,13,71,Arizona,Pac-12,6,5,-24.026,95.979,19,0.545,0.729,-0.183,-1.110,242.857,266.883,391,411,161,154,79.338,4
2012,13,72,Texas Tech,Big 12,5,5,-26.249,37.372,43,0.500,0.593,-0.093,-0.565,261.940,288.189,351,366,134,127,65.306,17
2012,13,73,Navy,FBS Independents,5,3,-29.365,-39.407,81,0.625,0.408,0.217,1.297,259.524,288.889,218,234,84,81,-22.090,72
2012,13,73,West Virginia,Big 12,5,5,-29.342,39.244,41,0.500,0.588,-0.088,-0.533,290.511,319.853,398,435,137,136,64.885,18
2012,13,75,Washington,Pac-12,6,5,-34.726,46.818,37,0.545,0.664,-0.119,-0.721,160.274,195.000,234,273,146,140,70.296,12
2012,13,76,Iowa,Big Ten,3,8,-36.696,-21.319,65,0.273,0.423,-0.150,-0.913,149.635,186.331,205,259,137,139,19.315,41
2012,13,77,Marshall,Conference USA,4,7,-37.938,-83.941,92,0.364,0.327,0.036,0.215,290.728,328.667,439,493,151,150,-51.209,98
2012,13,77,Western Michigan,Mid-American,3,8,-37.990,-109.457,104,0.273,0.286,-0.014,-0.086,208.333,246.324,300,335,144,136,-71.401,115
2012,13,79,Central Michigan,Mid-American,5,6,-39.229,-97.217,99,0.455,0.257,0.198,1.187,254.472,293.701,313,373,123,127,-81.600,115
2012,13,80,Indiana,Big Ten,3,8,-47.005,-45.850,79,0.273,0.385,-0.112,-0.680,218.354,265.359,345,406,158,153,-7.283,61
2012,13,81,Minnesota,Big Ten,5,6,-47.816,-46.215,80,0.455,0.343,0.112,0.668,153.623,201.439,212,280,138,139,0.575,52
2012,13,82,Memphis,Conference USA,4,7,-49.990,-103.360,102,0.364,0.208,0.155,0.933,198.561,248.551,276,343,139,138,-58.549,108
2012,13,83,Florida International,Sun Belt,3,9,-51.311,-91.304,94,0.250,0.229,0.021,0.121,181.818,233.129,300,380,165,163,-38.079,89
2012,13,84,South Florida,Big East,2,8,-55.098,-53.534,82,0.200,0.344,-0.144,-0.874,177.966,233.065,210,289,118,124,-3.690,58
2012,13,85,Missouri,SEC,4,7,-56.834,40.557,39,0.364,0.634,-0.270,-1.634,155.346,212.179,247,331,159,156,93.523,2
2012,13,86,Colorado State,Mountain West,4,5,-58.615,-121.324,107,0.444,0.191,0.253,1.522,182.456,241.071,208,270,114,112,-55.302,102
2012,13,87,Duke,ACC,5,6,-58.628,-43.025,76,0.455,0.388,0.067,0.396,211.842,270.470,322,403,152,149,-1.217,55
2012,13,88,Maryland,ACC,3,8,-61.482,-83.090,90,0.273,0.236,0.037,0.219,149.045,210.526,234,320,157,152,-15.283,69
2012,13,89,Virginia,ACC,3,7,-65.540,-75.698,86,0.300,0.262,0.038,0.227,143.284,208.824,192,284,134,136,-5.443,60
2012,13,90,Arkansas,SEC,3,8,-69.036,33.352,47,0.273,0.608,-0.336,-2.029,162.937,231.973,233,341,143,147,70.484,11
2012,13,91,UNLV,Mountain West,2,8,-72.273,-115.496,105,0.200,0.202,-0.002,-0.014,180.952,253.226,228,314,126,124,-60.178,110
2012,13,92,Wyoming,Mountain West,3,7,-74.643,-96.049,97,0.300,0.265,0.035,0.207,206.349,280.992,260,340,126,121,-22.352,73
2012,13,93,Buffalo,Mid-American,3,8,-75.767,-99.612,101,0.273,0.150,0.122,0.734,141.135,216.901,199,308,141,142,-23.444,75
2012,13,94,North Texas,Sun Belt,3,8,-76.381,-83.352,91,0.273,0.243,0.030,0.174,153.901,230.282,217,327,141,142,-1.042,53
2012,13,95,UTEP,Conference USA,2,9,-78.453,-84.751,93,0.182,0.245,-0.063,-0.386,153.237,231.690,213,329,139,142,-9.466,63
2012,13,96,Temple,Big East,3,7,-79.070,-97.459,100,0.300,0.253,0.047,0.278,179.070,258.140,231,333,129,129,-10.626,64
2012,13,98,Florida Atlantic,Sun Belt,2,8,-87.023,-97.300,99,0.200,0.223,-0.023,-0.143,166.412,253.435,218,332,131,131,-10.529,65
2012,13,98,South Alabama,Sun Belt,1,9,-91.182,-124.908,109,0.100,0.149,-0.049,-0.300,141.912,233.094,193,324,136,139,-29.909,82
2012,13,100,California,Pac-12,2,9,-94.672,9.057,55,0.182,0.531,-0.349,-2.118,147.712,242.384,226,366,153,151,82.133,3
2012,13,101,Army,FBS Independents,2,8,-99.038,-125.936,110,0.200,0.235,-0.035,-0.215,229.167,328.205,275,384,120,117,-38.534,87
2012,13,101,Miami (OH),Mid-American,3,8,-100.735,-124.188,108,0.273,0.211,0.062,0.369,182.482,283.217,250,405,137,143,-46.111,95
2012,13,102,Wake Forest,ACC,4,7,-105.667,-73.342,85,0.364,0.268,0.096,0.572,132.895,238.562,202,365,152,153,-3.824,59
2012,13,103,Washington State,Pac-12,2,9,-107.378,-34.361,72,0.182,0.399,-0.217,-1.316,150.340,257.718,221,384,147,149,57.364,21
2012,13,104,UAB,Conference USA,2,9,-110.511,-125.465,110,0.182,0.191,-0.009,-0.057,181.646,292.157,287,447,158,153,-29.888,81
2012,13,105,Boston College,ACC,1,10,-112.517,-94.680,96,0.091,0.217,-0.126,-0.763,137.838,250.355,204,353,148,141,10.114,46
2012,13,106,New Mexico,Mountain West,1,9,-118.569,-130.471,111,0.100,0.176,-0.076,-0.461,183.186,301.754,207,344,113,114,-31.715,83
2012,13,107,Eastern Michigan,Mid-American,2,9,-124.143,-148.121,114,0.182,0.136,0.046,0.271,171.631,295.775,242,420,141,142,-41.098,90
2012,13,109,Tulane,Conference USA,2,10,-139.512,-116.918,106,0.167,0.199,-0.032,-0.198,212.397,351.908,257,461,121,131,-47.247,96
2012,13,110,Kansas,Big 12,0,10,-138.702,-37.790,73,0.000,0.368,-0.368,-2.235,142.400,281.102,178,357,125,127,75.417,8
2012,13,110,Southern Miss,Conference USA,0,12,-146.468,-158.396,115,0.000,0.135,-0.135,-0.820,171.014,317.483,236,454,138,143,-23.437,74
2012,13,111,Kentucky,SEC,1,10,-148.925,-72.128,84,0.091,0.288,-0.197,-1.195,137.121,286.047,181,369,132,129,55.655,22
2012,13,112,Illinois,Big Ten,1,9,-153.378,-110.151,103,0.100,0.147,-0.047,-0.288,104.762,258.140,132,333,126,129,26.102,38
2012,13,113,Akron,Mid-American,0,11,-160.134,-167.003,116,0.000,0.113,-0.113,-0.687,194.488,354.622,247,422,127,119,-29.140,78
2012,13,114,Auburn,SEC,1,9,-166.272,-33.877,70,0.100,0.378,-0.278,-1.685,103.150,269.421,131,326,127,121,99.907,1
2012,13,115,Hawai'i,Mountain West,1,9,-173.754,-144.929,113,0.100,0.107,-0.007,-0.049,125.532,299.286,177,419,141,140,-12.432,65
2012,13,116,Colorado,Pac-12,1,10,-221.176,-96.218,98,0.091,0.226,-0.136,-0.823,120.000,341.176,186,522,155,153,66.731,16
2012,13,117,Massachusetts,Mid-American,1,11,-268.333,-216.648,117,0.083,0.010,0.073,0.435,133.333,401.667,152,482,114,120,-34.890,87
2012,14,1,Alabama,SEC,11,1,219.276,222.571,1,0.917,0.973,-0.056,-0.334,313.194,93.919,451,139,144,148,49.009,29
2012,14,3,Northern Illinois,Mid-American,11,1,191.794,18.870,53,0.917,0.541,0.376,2.305,375.000,183.206,495,240,132,131,-90.164,117
2012,14,3,Oregon,Pac-12,10,1,193.128,198.464,2,0.909,0.899,0.010,0.055,348.408,155.280,547,250,157,161,52.260,25
2012,14,4,Texas A&M,SEC,7,2,167.225,197.496,3,0.778,0.909,-0.131,-0.798,308.547,141.322,361,171,117,121,74.903,9
2012,14,5,Kansas State,Big 12,10,1,147.328,175.637,4,0.909,0.877,0.032,0.205,333.588,186.260,437,244,131,131,50.464,27
2012,14,6,Notre Dame,FBS Independents,12,0,145.895,166.446,5,1.000,0.953,0.047,0.280,232.609,86.713,321,124,138,143,35.631,34
2012,14,7,Florida State,ACC,9,2,136.516,84.966,24,0.818,0.760,0.059,0.367,268.707,132.192,395,193,147,146,-12.489,65
2012,14,8,Boise State,Mountain West,10,2,134.560,72.847,28,0.833,0.722,0.111,0.687,258.865,124.306,365,179,141,144,-53.727,105
2012,14,9,Georgia,SEC,10,2,129.012,132.605,11,0.833,0.842,-0.009,-0.045,270.988,141.975,439,230,162,162,33.932,37
2012,14,10,Fresno State,Mountain West,8,3,119.880,62.314,31,0.727,0.693,0.035,0.205,271.951,152.071,446,257,164,169,-36.508,88
2012,14,11,Clemson,ACC,9,2,113.859,88.833,23,0.818,0.707,0.111,0.668,307.237,193.377,467,292,152,151,-12.472,66
2012,14,12,South Carolina,SEC,9,2,112.535,137.374,10,0.818,0.867,-0.049,-0.301,255.797,143.262,353,202,138,141,38.410,32
2012,14,14,Ohio State,Big Ten,12,0,110.652,101.087,16,1.000,0.760,0.240,1.444,278.750,168.098,446,274,160,163,-1.091,54
2012,14,14,Wisconsin,Big Ten,6,5,107.397,101.569,17,0.545,0.791,-0.245,-1.487,250.350,142.953,358,213,143,149,19.368,41
2012,14,15,Oklahoma,Big 12,9,2,105.182,151.821,7,0.818,0.854,-0.036,-0.211,293.617,188.435,414,277,141,147,68.883,14
2012,14,16,UCF,Conference USA,9,4,100.000,34.439,45,0.692,0.596,0.097,0.600,275.904,175.904,458,292,166,166,-56.164,109
2012,14,17,San Diego State,Mountain West,8,2,95.630,27.662,48,0.800,0.581,0.219,1.313,274.797,179.167,338,215,123,120,-55.723,103
2012,14,18,Florida,SEC,10,1,93.198,150.218,8,0.909,0.924,-0.015,-0.098,205.517,112.319,298,155,145,138,67.964,14
2012,14,19,Stanford,Pac-12,10,2,90.496,142.048,9,0.833,0.901,-0.068,-0.404,220.126,129.630,350,210,159,162,67.548,15
2012,14,20,Michigan,Big Ten,8,4,85.766,76.828,27,0.667,0.708,-0.041,-0.253,250.000,164.234,360,225,144,137,17.847,43
2012,14,21,Cincinnati,Big East,7,3,83.881,51.809,37,0.700,0.672,0.028,0.182,223.881,140.000,300,182,134,130,-24.666,73
2012,14,21,LSU,SEC,8,2,81.138,159.568,6,0.800,0.908,-0.108,-0.657,209.600,128.462,262,167,125,130,78.414,7
2012,14,24,Penn State,Big Ten,8,4,78.431,67.977,29,0.667,0.712,-0.045,-0.277,228.105,149.673,349,229,153,153,-13.018,67
2012,14,26,UCLA,Pac-12,9,4,71.386,101.110,19,0.692,0.774,-0.082,-0.490,247.826,176.440,456,337,184,191,49.568,28
2012,14,27,BYU,FBS Independents,3,4,76.559,92.239,19,0.429,0.804,-0.376,-1.980,207.955,131.395,183,113,88,86,32.810,29
2012,14,28,Kent State,Mid-American,10,2,68.286,-9.012,61,0.833,0.473,0.360,2.210,250.920,182.635,409,305,163,167,-79.163,115
2012,14,28,USC,Pac-12,7,5,75.612,114.765,15,0.583,0.788,-0.204,-1.238,261.146,185.535,410,295,157,159,55.385,23
2012,14,29,Texas,Big 12,8,4,64.284,113.950,14,0.667,0.773,-0.107,-0.641,302.797,238.514,433,353,143,148,45.858,31
2012,14,29,UL Monroe,Sun Belt,8,4,68.408,-0.743,58,0.667,0.498,0.169,1.012,308.696,240.288,426,334,138,139,-31.965,84
2012,14,30,Arizona State,Pac-12,6,5,63.870,98.476,17,0.545,0.777,-0.231,-1.400,233.750,169.880,374,282,160,166,42.854,30
2012,14,31,Arkansas State,Sun Belt,8,3,60.540,29.416,49,0.727,0.576,0.151,0.934,286.466,225.926,381,305,133,135,-25.982,76
2012,14,32,Oregon State,Pac-12,8,3,59.541,125.514,12,0.727,0.849,-0.122,-0.740,215.541,156.000,319,234,148,150,78.241,8
2012,14,34,Rutgers,Big East,8,3,52.295,31.040,47,0.727,0.633,0.094,0.586,173.571,121.277,243,171,140,141,-28.439,78
2012,14,35,Northwestern,Big Ten,8,3,52.482,63.818,30,0.727,0.667,0.060,0.357,241.135,188.652,340,266,141,141,4.627,48
2012,14,35,Oklahoma State,Big 12,6,5,51.781,110.269,15,0.545,0.771,-0.226,-1.369,282.500,230.719,452,353,160,153,73.936,9
2012,14,37,Pittsburgh,Big East,5,5,49.897,46.791,39,0.500,0.635,-0.135,-0.816,212.397,162.500,257,195,121,120,-4.121,57
2012,14,38,Toledo,Mid-American,8,3,50.066,-7.167,61,0.727,0.479,0.248,1.491,251.408,201.342,357,300,142,149,-56.416,104
2012,14,38,Tulsa,Conference USA,9,3,49.631,20.994,51,0.750,0.571,0.179,1.103,216.111,166.480,389,298,180,179,-24.333,72
2012,14,39,Vanderbilt,SEC,7,4,48.223,56.556,33,0.636,0.698,-0.062,-0.377,201.370,153.147,294,219,146,143,20.364,40
2012,14,40,Louisville,Big East,9,2,47.477,14.208,54,0.818,0.536,0.283,1.735,257.252,209.774,337,279,131,133,-36.007,87
2012,14,40,North Carolina,ACC,6,4,34.347,2.126,57,0.600,0.505,0.095,0.565,265.926,231.579,359,308,135,133,-34.832,86
2012,14,41,Baylor,Big 12,6,5,37.805,91.199,22,0.545,0.682,-0.136,-0.824,331.724,293.919,481,435,145,148,65.180,19
2012,14,43,Michigan State,Big Ten,6,6,29.501,53.606,34,0.500,0.719,-0.219,-1.324,156.774,127.273,243,196,155,154,24.853,39
2012,14,45,Bowling Green,Mid-American,6,4,28.697,-32.529,69,0.600,0.373,0.227,1.364,155.970,127.273,209,168,134,132,-70.960,113
2012,14,45,Nebraska,Big Ten,9,3,28.299,79.796,26,0.750,0.711,0.039,0.248,230.723,202.424,383,334,166,165,39.283,33
2012,14,46,Louisiana,Sun Belt,7,4,23.514,0.483,57,0.636,0.501,0.135,0.834,248.684,225.170,378,331,152,147,-30.266,80
2012,14,48,Georgia Tech,ACC,5,7,21.798,24.450,50,0.417,0.556,-0.140,-0.844,282.609,260.811,390,386,138,148,2.114,51
2012,14,48,Mississippi State,SEC,7,4,22.242,42.475,38,0.636,0.627,0.009,0.049,217.730,195.489,307,260,141,133,38.246,33
2012,14,50,Ball State,Mid-American,9,3,20.457,-32.488,68,0.750,0.413,0.337,2.026,267.516,247.059,420,378,157,153,-58.124,107
2012,14,50,TCU,Big 12,6,5,16.754,84.112,25,0.545,0.787,-0.242,-1.466,190.968,174.214,296,277,155,159,59.399,21
2012,14,51,Nevada,Mountain West,5,5,14.995,-41.150,72,0.500,0.409,0.091,0.565,285.156,270.161,365,335,128,124,-40.952,90
2012,14,52,Syracuse,Big East,6,5,12.632,20.462,50,0.545,0.554,-0.009,-0.059,231.429,218.797,324,291,140,133,8.757,47
2012,14,54,NC State,ACC,6,5,7.393,-16.025,64,0.545,0.439,0.106,0.637,167.052,159.659,289,281,173,176,-26.496,77
2012,14,54,West Virginia,Big 12,6,5,6.036,53.008,36,0.545,0.619,-0.073,-0.437,306.711,300.676,457,445,149,148,55.106,25
2012,14,55,Troy,Sun Belt,5,7,4.671,-37.970,74,0.417,0.391,0.026,0.151,225.153,220.482,367,366,163,166,-43.144,93
2012,14,56,Rice,Conference USA,5,5,1.268,-44.310,77,0.500,0.385,0.115,0.687,231.343,230.075,310,306,134,133,-52.418,101
2012,14,57,Western Kentucky,Sun Belt,6,5,1.017,-21.440,66,0.545,0.441,0.105,0.627,231.250,230.233,296,297,128,129,-29.305,79
2012,14,59,Ole Miss,SEC,5,6,0.073,59.927,32,0.455,0.657,-0.202,-1.226,230.000,229.927,322,315,140,137,84.948,3
2012,14,60,Tennessee,SEC,4,7,-5.900,40.217,40,0.364,0.592,-0.228,-1.383,248.701,254.601,383,415,154,163,45.060,28
2012,14,61,Utah,Pac-12,4,6,-6.832,33.402,46,0.400,0.598,-0.198,-1.198,203.937,210.769,259,274,127,130,54.874,24
2012,14,62,Virginia Tech,ACC,5,6,-9.126,-11.922,63,0.455,0.456,-0.001,-0.011,171.519,180.645,271,280,158,155,3.403,50
2012,14,63,Iowa State,Big 12,5,6,-9.454,53.604,35,0.455,0.685,-0.231,-1.397,180.272,189.726,265,277,147,146,69.395,13
2012,14,63,UConn,Big East,5,7,-10.248,-56.776,81,0.417,0.274,0.143,0.880,133.125,143.373,213,238,160,166,-43.611,93
2012,14,64,Houston,Conference USA,5,5,-10.950,-45.401,78,0.500,0.369,0.131,0.788,213.725,224.675,327,346,153,154,-51.302,99
2012,14,65,Ohio,Mid-American,6,4,-14.952,-78.332,89,0.600,0.272,0.328,1.973,259.048,274.000,272,274,105,100,-57.467,105
2012,14,66,Purdue,Big Ten,5,6,-17.473,-26.043,67,0.455,0.425,0.030,0.176,204.605,222.078,311,342,152,154,3.506,49
2012,14,67,SMU,Conference USA,5,6,-17.656,-11.801,62,0.455,0.462,-0.008,-0.051,218.841,236.496,302,324,138,137,-1.796,56
2012,14,68,Miami,ACC,6,5,-18.339,-4.884,59,0.545,0.487,0.058,0.346,230.612,248.951,339,356,147,143,14.470,44
2012,14,69,East Carolina,Conference USA,7,4,-18.375,-77.088,87,0.636,0.309,0.327,1.967,265.625,284.000,340,355,128,125,-42.364,92
2012,14,70,Air Force,Mountain West,5,6,-21.481,-77.804,88,0.455,0.292,0.162,0.974,228.906,250.388,293,323,128,129,-60.661,111
2012,14,71,Arizona,Pac-12,6,5,-24.026,95.979,19,0.545,0.729,-0.183,-1.110,242.857,266.883,391,411,161,154,79.338,4
2012,14,72,Middle Tennessee,Sun Belt,8,3,-24.497,-62.542,82,0.727,0.327,0.400,2.454,220.741,245.238,298,309,135,126,-47.274,97
2012,14,72,Texas Tech,Big 12,5,5,-26.249,37.372,43,0.500,0.593,-0.093,-0.565,261.940,288.189,351,366,134,127,65.306,17
2012,14,73,Navy,FBS Independents,5,3,-29.365,-39.407,81,0.625,0.408,0.217,1.297,259.524,288.889,218,234,84,81,-22.090,72
2012,14,75,Washington,Pac-12,6,5,-34.726,46.818,37,0.545,0.664,-0.119,-0.721,160.274,195.000,234,273,146,140,70.296,12
2012,14,76,Iowa,Big Ten,3,8,-36.696,-21.319,65,0.273,0.423,-0.150,-0.913,149.635,186.331,205,259,137,139,19.315,41
2012,14,77,Marshall,Conference USA,4,7,-37.938,-83.941,92,0.364,0.327,0.036,0.215,290.728,328.667,439,493,151,150,-51.209,98
2012,14,77,Western Michigan,Mid-American,3,8,-37.990,-109.457,104,0.273,0.286,-0.014,-0.086,208.333,246.324,300,335,144,136,-71.401,115
2012,14,79,Central Michigan,Mid-American,5,6,-39.229,-97.217,99,0.455,0.257,0.198,1.187,254.472,293.701,313,373,123,127,-81.600,115
2012,14,80,Indiana,Big Ten,3,8,-47.005,-45.850,79,0.273,0.385,-0.112,-0.680,218.354,265.359,345,406,158,153,-7.283,61
2012,14,81,Minnesota,Big Ten,5,6,-47.816,-46.215,80,0.455,0.343,0.112,0.668,153.623,201.439,212,280,138,139,0.575,52
2012,14,82,Memphis,Conference USA,4,7,-49.990,-103.360,102,0.364,0.208,0.155,0.933,198.561,248.551,276,343,139,138,-58.549,108
2012,14,83,Florida International,Sun Belt,3,9,-51.311,-91.304,94,0.250,0.229,0.021,0.121,181.818,233.129,300,380,165,163,-38.079,89
2012,14,85,Missouri,SEC,4,7,-56.834,40.557,39,0.364,0.634,-0.270,-1.634,155.346,212.179,247,331,159,156,93.523,2
2012,14,86,Colorado State,Mountain West,4,5,-58.615,-121.324,107,0.444,0.191,0.253,1.522,182.456,241.071,208,270,114,112,-55.302,102
2012,14,87,Duke,ACC,5,6,-58.628,-43.025,76,0.455,0.388,0.067,0.396,211.842,270.470,322,403,152,149,-1.217,55
2012,14,88,Maryland,ACC,3,8,-61.482,-83.090,90,0.273,0.236,0.037,0.219,149.045,210.526,234,320,157,152,-15.283,69
2012,14,89,South Florida,Big East,2,9,-68.958,-63.753,83,0.182,0.311,-0.129,-0.777,165.116,234.074,213,316,129,135,1.395,53
2012,14,89,Virginia,ACC,3,7,-65.540,-75.698,86,0.300,0.262,0.038,0.227,143.284,208.824,192,284,134,136,-5.443,60
2012,14,90,Arkansas,SEC,3,8,-69.036,33.352,47,0.273,0.608,-0.336,-2.029,162.937,231.973,233,341,143,147,70.484,11
2012,14,91,UNLV,Mountain West,2,8,-72.273,-115.496,105,0.200,0.202,-0.002,-0.014,180.952,253.226,228,314,126,124,-60.178,110
2012,14,92,Wyoming,Mountain West,3,7,-74.643,-96.049,97,0.300,0.265,0.035,0.207,206.349,280.992,260,340,126,121,-22.352,73
2012,14,93,Buffalo,Mid-American,3,8,-75.767,-99.612,101,0.273,0.150,0.122,0.734,141.135,216.901,199,308,141,142,-23.444,75
2012,14,94,North Texas,Sun Belt,3,8,-76.381,-83.352,91,0.273,0.243,0.030,0.174,153.901,230.282,217,327,141,142,-1.042,53
2012,14,95,UTEP,Conference USA,2,9,-78.453,-84.751,93,0.182,0.245,-0.063,-0.386,153.237,231.690,213,329,139,142,-9.466,63
2012,14,96,Temple,Big East,3,7,-79.070,-97.459,100,0.300,0.253,0.047,0.278,179.070,258.140,231,333,129,129,-10.626,64
2012,14,97,Florida Atlantic,Sun Belt,2,9,-88.889,-102.337,101,0.182,0.214,-0.032,-0.186,165.972,254.861,239,367,144,144,-13.665,66
2012,14,98,South Alabama,Sun Belt,1,10,-93.154,-140.929,113,0.091,0.118,-0.027,-0.155,135.135,228.289,200,347,148,152,-43.785,94
2012,14,100,California,Pac-12,2,9,-94.672,9.057,55,0.182,0.531,-0.349,-2.118,147.712,242.384,226,366,153,151,82.133,3
2012,14,101,Army,FBS Independents,2,8,-99.038,-125.936,110,0.200,0.235,-0.035,-0.215,229.167,328.205,275,384,120,117,-38.534,87
2012,14,101,Miami (OH),Mid-American,3,8,-100.735,-124.188,108,0.273,0.211,0.062,0.369,182.482,283.217,250,405,137,143,-46.111,95
2012,14,102,Wake Forest,ACC,4,7,-105.667,-73.342,85,0.364,0.268,0.096,0.572,132.895,238.562,202,365,152,153,-3.824,59
2012,14,103,Washington State,Pac-12,2,9,-107.378,-34.361,72,0.182,0.399,-0.217,-1.316,150.340,257.718,221,384,147,149,57.364,21
2012,14,104,UAB,Conference USA,2,9,-110.511,-125.465,110,0.182,0.191,-0.009,-0.057,181.646,292.157,287,447,158,153,-29.888,81
2012,14,105,Boston College,ACC,1,10,-112.517,-94.680,96,0.091,0.217,-0.126,-0.763,137.838,250.355,204,353,148,141,10.114,46
2012,14,106,New Mexico,Mountain West,1,9,-118.569,-130.471,111,0.100,0.176,-0.076,-0.461,183.186,301.754,207,344,113,114,-31.715,83
2012,14,107,Eastern Michigan,Mid-American,2,9,-124.143,-148.121,114,0.182,0.136,0.046,0.271,171.631,295.775,242,420,141,142,-41.098,90
2012,14,109,Tulane,Conference USA,2,10,-139.512,-116.918,106,0.167,0.199,-0.032,-0.198,212.397,351.908,257,461,121,131,-47.247,96
2012,14,110,Southern Miss,Conference USA,0,12,-146.468,-158.396,115,0.000,0.135,-0.135,-0.820,171.014,317.483,236,454,138,143,-23.437,74
2012,14,111,Hawai'i,Mountain West,2,9,-150.393,-129.265,111,0.182,0.129,0.052,0.330,129.870,280.263,200,426,154,152,-19.594,70
2012,14,111,Kentucky,SEC,1,10,-148.925,-72.128,84,0.091,0.288,-0.197,-1.195,137.121,286.047,181,369,132,129,55.655,22
2012,14,112,Illinois,Big Ten,1,9,-153.378,-110.151,103,0.100,0.147,-0.047,-0.288,104.762,258.140,132,333,126,129,26.102,38
2012,14,113,Akron,Mid-American,0,11,-160.134,-167.003,116,0.000,0.113,-0.113,-0.687,194.488,354.622,247,422,127,119,-29.140,78
2012,14,114,Auburn,SEC,1,9,-166.272,-33.877,70,0.100,0.378,-0.278,-1.685,103.150,269.421,131,326,127,121,99.907,1
2012,14,114,Kansas,Big 12,0,11,-162.054,-47.199,80,0.000,0.335,-0.335,-2.034,137.226,299.281,188,416,137,139,76.928,7
2012,14,116,Colorado,Pac-12,1,10,-221.176,-96.218,98,0.091,0.226,-0.136,-0.823,120.000,341.176,186,522,155,153,66.731,16
2012,14,117,Massachusetts,Mid-American,1,11,-268.333,-216.648,117,0.083,0.010,0.073,0.435,133.333,401.667,152,482,114,120,-34.890,87
2012,15,1,Alabama,SEC,11,1,219.276,222.571,1,0.917,0.973,-0.056,-0.334,313.194,93.919,451,139,144,148,49.009,29
2012,15,3,Northern Illinois,Mid-American,11,1,191.794,18.870,53,0.917,0.541,0.376,2.305,375.000,183.206,495,240,132,131,-90.164,117
2012,15,3,Oregon,Pac-12,10,1,193.128,198.464,2,0.909,0.899,0.010,0.055,348.408,155.280,547,250,157,161,52.260,25
2012,15,4,Texas A&M,SEC,7,2,167.225,197.496,3,0.778,0.909,-0.131,-0.798,308.547,141.322,361,171,117,121,74.903,9
2012,15,5,Kansas State,Big 12,10,1,147.328,175.637,4,0.909,0.877,0.032,0.205,333.588,186.260,437,244,131,131,50.464,27
2012,15,6,Notre Dame,FBS Independents,12,0,145.895,166.446,5,1.000,0.953,0.047,0.280,232.609,86.713,321,124,138,143,35.631,34
2012,15,7,Florida State,ACC,9,2,136.516,84.966,24,0.818,0.760,0.059,0.367,268.707,132.192,395,193,147,146,-12.489,65
2012,15,8,Boise State,Mountain West,10,2,134.560,72.847,28,0.833,0.722,0.111,0.687,258.865,124.306,365,179,141,144,-53.727,105
2012,15,9,Georgia,SEC,10,2,129.012,132.605,11,0.833,0.842,-0.009,-0.045,270.988,141.975,439,230,162,162,33.932,37
2012,15,10,Fresno State,Mountain West,8,3,119.880,62.314,31,0.727,0.693,0.035,0.205,271.951,152.071,446,257,164,169,-36.508,88
2012,15,11,Clemson,ACC,9,2,113.859,88.833,23,0.818,0.707,0.111,0.668,307.237,193.377,467,292,152,151,-12.472,66
2012,15,12,South Carolina,SEC,9,2,112.535,137.374,10,0.818,0.867,-0.049,-0.301,255.797,143.262,353,202,138,141,38.410,32
2012,15,14,Ohio State,Big Ten,12,0,110.652,101.087,16,1.000,0.760,0.240,1.444,278.750,168.098,446,274,160,163,-1.091,54
2012,15,14,Wisconsin,Big Ten,6,5,107.397,101.569,17,0.545,0.791,-0.245,-1.487,250.350,142.953,358,213,143,149,19.368,41
2012,15,15,Oklahoma,Big 12,9,2,105.182,151.821,7,0.818,0.854,-0.036,-0.211,293.617,188.435,414,277,141,147,68.883,14
2012,15,16,UCF,Conference USA,9,4,100.000,34.439,45,0.692,0.596,0.097,0.600,275.904,175.904,458,292,166,166,-56.164,109
2012,15,17,San Diego State,Mountain West,8,2,95.630,27.662,48,0.800,0.581,0.219,1.313,274.797,179.167,338,215,123,120,-55.723,103
2012,15,18,Florida,SEC,10,1,93.198,150.218,8,0.909,0.924,-0.015,-0.098,205.517,112.319,298,155,145,138,67.964,14
2012,15,19,Stanford,Pac-12,10,2,90.496,142.048,9,0.833,0.901,-0.068,-0.404,220.126,129.630,350,210,159,162,67.548,15
2012,15,20,Michigan,Big Ten,8,4,85.766,76.828,27,0.667,0.708,-0.041,-0.253,250.000,164.234,360,225,144,137,17.847,43
2012,15,21,Cincinnati,Big East,7,3,83.881,51.809,37,0.700,0.672,0.028,0.182,223.881,140.000,300,182,134,130,-24.666,73
2012,15,21,LSU,SEC,8,2,81.138,159.568,6,0.800,0.908,-0.108,-0.657,209.600,128.462,262,167,125,130,78.414,7
2012,15,24,Penn State,Big Ten,8,4,78.431,67.977,29,0.667,0.712,-0.045,-0.277,228.105,149.673,349,229,153,153,-13.018,67
2012,15,26,UCLA,Pac-12,9,4,71.386,101.110,19,0.692,0.774,-0.082,-0.490,247.826,176.440,456,337,184,191,49.568,28
2012,15,27,BYU,FBS Independents,3,4,76.559,92.239,19,0.429,0.804,-0.376,-1.980,207.955,131.395,183,113,88,86,32.810,29
2012,15,28,Kent State,Mid-American,10,2,68.286,-9.012,61,0.833,0.473,0.360,2.210,250.920,182.635,409,305,163,167,-79.163,115
2012,15,28,USC,Pac-12,7,5,75.612,114.765,15,0.583,0.788,-0.204,-1.238,261.146,185.535,410,295,157,159,55.385,23
2012,15,29,Texas,Big 12,8,4,64.284,113.950,14,0.667,0.773,-0.107,-0.641,302.797,238.514,433,353,143,148,45.858,31
2012,15,29,UL Monroe,Sun Belt,8,4,68.408,-0.743,58,0.667,0.498,0.169,1.012,308.696,240.288,426,334,138,139,-31.965,84
2012,15,30,Arizona State,Pac-12,6,5,63.870,98.476,17,0.545,0.777,-0.231,-1.400,233.750,169.880,374,282,160,166,42.854,30
2012,15,31,Arkansas State,Sun Belt,8,3,60.540,29.416,49,0.727,0.576,0.151,0.934,286.466,225.926,381,305,133,135,-25.982,76
2012,15,32,Oregon State,Pac-12,8,3,59.541,125.514,12,0.727,0.849,-0.122,-0.740,215.541,156.000,319,234,148,150,78.241,8
2012,15,34,Rutgers,Big East,8,3,52.295,31.040,47,0.727,0.633,0.094,0.586,173.571,121.277,243,171,140,141,-28.439,78
2012,15,35,Northwestern,Big Ten,8,3,52.482,63.818,30,0.727,0.667,0.060,0.357,241.135,188.652,340,266,141,141,4.627,48
2012,15,35,Oklahoma State,Big 12,6,5,51.781,110.269,15,0.545,0.771,-0.226,-1.369,282.500,230.719,452,353,160,153,73.936,9
2012,15,37,Pittsburgh,Big East,5,5,49.897,46.791,39,0.500,0.635,-0.135,-0.816,212.397,162.500,257,195,121,120,-4.121,57
2012,15,38,Toledo,Mid-American,8,3,50.066,-7.167,61,0.727,0.479,0.248,1.491,251.408,201.342,357,300,142,149,-56.416,104
2012,15,38,Tulsa,Conference USA,9,3,49.631,20.994,51,0.750,0.571,0.179,1.103,216.111,166.480,389,298,180,179,-24.333,72
2012,15,39,Vanderbilt,SEC,7,4,48.223,56.556,33,0.636,0.698,-0.062,-0.377,201.370,153.147,294,219,146,143,20.364,40
2012,15,40,Louisville,Big East,9,2,47.477,14.208,54,0.818,0.536,0.283,1.735,257.252,209.774,337,279,131,133,-36.007,87
2012,15,40,North Carolina,ACC,6,4,34.347,2.126,57,0.600,0.505,0.095,0.565,265.926,231.579,359,308,135,133,-34.832,86
2012,15,41,Baylor,Big 12,6,5,37.805,91.199,22,0.545,0.682,-0.136,-0.824,331.724,293.919,481,435,145,148,65.180,19
2012,15,43,Michigan State,Big Ten,6,6,29.501,53.606,34,0.500,0.719,-0.219,-1.324,156.774,127.273,243,196,155,154,24.853,39
2012,15,45,Bowling Green,Mid-American,6,4,28.697,-32.529,69,0.600,0.373,0.227,1.364,155.970,127.273,209,168,134,132,-70.960,113
2012,15,45,Nebraska,Big Ten,9,3,28.299,79.796,26,0.750,0.711,0.039,0.248,230.723,202.424,383,334,166,165,39.283,33
2012,15,46,Louisiana,Sun Belt,7,4,23.514,0.483,57,0.636,0.501,0.135,0.834,248.684,225.170,378,331,152,147,-30.266,80
2012,15,48,Georgia Tech,ACC,5,7,21.798,24.450,50,0.417,0.556,-0.140,-0.844,282.609,260.811,390,386,138,148,2.114,51
2012,15,48,Mississippi State,SEC,7,4,22.242,42.475,38,0.636,0.627,0.009,0.049,217.730,195.489,307,260,141,133,38.246,33
2012,15,50,Ball State,Mid-American,9,3,20.457,-32.488,68,0.750,0.413,0.337,2.026,267.516,247.059,420,378,157,153,-58.124,107
2012,15,50,TCU,Big 12,6,5,16.754,84.112,25,0.545,0.787,-0.242,-1.466,190.968,174.214,296,277,155,159,59.399,21
2012,15,51,Nevada,Mountain West,5,5,14.995,-41.150,72,0.500,0.409,0.091,0.565,285.156,270.161,365,335,128,124,-40.952,90
2012,15,52,Syracuse,Big East,6,5,12.632,20.462,50,0.545,0.554,-0.009,-0.059,231.429,218.797,324,291,140,133,8.757,47
2012,15,54,NC State,ACC,6,5,7.393,-16.025,64,0.545,0.439,0.106,0.637,167.052,159.659,289,281,173,176,-26.496,77
2012,15,54,West Virginia,Big 12,6,5,6.036,53.008,36,0.545,0.619,-0.073,-0.437,306.711,300.676,457,445,149,148,55.106,25
2012,15,55,Troy,Sun Belt,5,7,4.671,-37.970,74,0.417,0.391,0.026,0.151,225.153,220.482,367,366,163,166,-43.144,93
2012,15,56,Rice,Conference USA,5,5,1.268,-44.310,77,0.500,0.385,0.115,0.687,231.343,230.075,310,306,134,133,-52.418,101
2012,15,57,Western Kentucky,Sun Belt,6,5,1.017,-21.440,66,0.545,0.441,0.105,0.627,231.250,230.233,296,297,128,129,-29.305,79
2012,15,59,Ole Miss,SEC,5,6,0.073,59.927,32,0.455,0.657,-0.202,-1.226,230.000,229.927,322,315,140,137,84.948,3
2012,15,60,Tennessee,SEC,4,7,-5.900,40.217,40,0.364,0.592,-0.228,-1.383,248.701,254.601,383,415,154,163,45.060,28
2012,15,61,Utah,Pac-12,4,6,-6.832,33.402,46,0.400,0.598,-0.198,-1.198,203.937,210.769,259,274,127,130,54.874,24
2012,15,62,Virginia Tech,ACC,5,6,-9.126,-11.922,63,0.455,0.456,-0.001,-0.011,171.519,180.645,271,280,158,155,3.403,50
2012,15,63,Iowa State,Big 12,5,6,-9.454,53.604,35,0.455,0.685,-0.231,-1.397,180.272,189.726,265,277,147,146,69.395,13
2012,15,63,UConn,Big East,5,7,-10.248,-56.776,81,0.417,0.274,0.143,0.880,133.125,143.373,213,238,160,166,-43.611,93
2012,15,64,Houston,Conference USA,5,5,-10.950,-45.401,78,0.500,0.369,0.131,0.788,213.725,224.675,327,346,153,154,-51.302,99
2012,15,65,Ohio,Mid-American,6,4,-14.952,-78.332,89,0.600,0.272,0.328,1.973,259.048,274.000,272,274,105,100,-57.467,105
2012,15,66,Purdue,Big Ten,5,6,-17.473,-26.043,67,0.455,0.425,0.030,0.176,204.605,222.078,311,342,152,154,3.506,49
2012,15,67,SMU,Conference USA,5,6,-17.656,-11.801,62,0.455,0.462,-0.008,-0.051,218.841,236.496,302,324,138,137,-1.796,56
2012,15,68,Miami,ACC,6,5,-18.339,-4.884,59,0.545,0.487,0.058,0.346,230.612,248.951,339,356,147,143,14.470,44
2012,15,69,East Carolina,Conference USA,7,4,-18.375,-77.088,87,0.636,0.309,0.327,1.967,265.625,284.000,340,355,128,125,-42.364,92
2012,15,70,Air Force,Mountain West,5,6,-21.481,-77.804,88,0.455,0.292,0.162,0.974,228.906,250.388,293,323,128,129,-60.661,111
2012,15,71,Arizona,Pac-12,6,5,-24.026,95.979,19,0.545,0.729,-0.183,-1.110,242.857,266.883,391,411,161,154,79.338,4
2012,15,72,Middle Tennessee,Sun Belt,8,3,-24.497,-62.542,82,0.727,0.327,0.400,2.454,220.741,245.238,298,309,135,126,-47.274,97
2012,15,72,Navy,FBS Independents,6,3,-24.060,-49.504,80,0.667,0.377,0.290,1.771,247.368,271.429,235,247,95,91,-36.839,87
2012,15,72,Texas Tech,Big 12,5,5,-26.249,37.372,43,0.500,0.593,-0.093,-0.565,261.940,288.189,351,366,134,127,65.306,17
2012,15,75,Washington,Pac-12,6,5,-34.726,46.818,37,0.545,0.664,-0.119,-0.721,160.274,195.000,234,273,146,140,70.296,12
2012,15,76,Iowa,Big Ten,3,8,-36.696,-21.319,65,0.273,0.423,-0.150,-0.913,149.635,186.331,205,259,137,139,19.315,41
2012,15,77,Marshall,Conference USA,4,7,-37.938,-83.941,92,0.364,0.327,0.036,0.215,290.728,328.667,439,493,151,150,-51.209,98
2012,15,77,Western Michigan,Mid-American,3,8,-37.990,-109.457,104,0.273,0.286,-0.014,-0.086,208.333,246.324,300,335,144,136,-71.401,115
2012,15,79,Central Michigan,Mid-American,5,6,-39.229,-97.217,99,0.455,0.257,0.198,1.187,254.472,293.701,313,373,123,127,-81.600,115
2012,15,80,Indiana,Big Ten,3,8,-47.005,-45.850,79,0.273,0.385,-0.112,-0.680,218.354,265.359,345,406,158,153,-7.283,61
2012,15,81,Minnesota,Big Ten,5,6,-47.816,-46.215,80,0.455,0.343,0.112,0.668,153.623,201.439,212,280,138,139,0.575,52
2012,15,82,Memphis,Conference USA,4,7,-49.990,-103.360,102,0.364,0.208,0.155,0.933,198.561,248.551,276,343,139,138,-58.549,108
2012,15,83,Florida International,Sun Belt,3,9,-51.311,-91.304,94,0.250,0.229,0.021,0.121,181.818,233.129,300,380,165,163,-38.079,89
2012,15,85,Missouri,SEC,4,7,-56.834,40.557,39,0.364,0.634,-0.270,-1.634,155.346,212.179,247,331,159,156,93.523,2
2012,15,86,Colorado State,Mountain West,4,5,-58.615,-121.324,107,0.444,0.191,0.253,1.522,182.456,241.071,208,270,114,112,-55.302,102
2012,15,87,Duke,ACC,5,6,-58.628,-43.025,76,0.455,0.388,0.067,0.396,211.842,270.470,322,403,152,149,-1.217,55
2012,15,88,Maryland,ACC,3,8,-61.482,-83.090,90,0.273,0.236,0.037,0.219,149.045,210.526,234,320,157,152,-15.283,69
2012,15,89,South Florida,Big East,2,9,-68.958,-63.753,83,0.182,0.311,-0.129,-0.777,165.116,234.074,213,316,129,135,1.395,53
2012,15,89,Virginia,ACC,3,7,-65.540,-75.698,86,0.300,0.262,0.038,0.227,143.284,208.824,192,284,134,136,-5.443,60
2012,15,90,Arkansas,SEC,3,8,-69.036,33.352,47,0.273,0.608,-0.336,-2.029,162.937,231.973,233,341,143,147,70.484,11
2012,15,91,UNLV,Mountain West,2,8,-72.273,-115.496,105,0.200,0.202,-0.002,-0.014,180.952,253.226,228,314,126,124,-60.178,110
2012,15,92,Wyoming,Mountain West,3,7,-74.643,-96.049,97,0.300,0.265,0.035,0.207,206.349,280.992,260,340,126,121,-22.352,73
2012,15,93,Buffalo,Mid-American,3,8,-75.767,-99.612,101,0.273,0.150,0.122,0.734,141.135,216.901,199,308,141,142,-23.444,75
2012,15,94,North Texas,Sun Belt,3,8,-76.381,-83.352,91,0.273,0.243,0.030,0.174,153.901,230.282,217,327,141,142,-1.042,53
2012,15,95,UTEP,Conference USA,2,9,-78.453,-84.751,93,0.182,0.245,-0.063,-0.386,153.237,231.690,213,329,139,142,-9.466,63
2012,15,96,Temple,Big East,3,7,-79.070,-97.459,100,0.300,0.253,0.047,0.278,179.070,258.140,231,333,129,129,-10.626,64
2012,15,97,Florida Atlantic,Sun Belt,2,9,-88.889,-102.337,101,0.182,0.214,-0.032,-0.186,165.972,254.861,239,367,144,144,-13.665,66
2012,15,98,Army,FBS Independents,2,9,-91.743,-126.107,110,0.182,0.222,-0.040,-0.238,221.538,313.281,288,401,130,128,-44.419,95
2012,15,98,South Alabama,Sun Belt,1,10,-93.154,-140.929,113,0.091,0.118,-0.027,-0.155,135.135,228.289,200,347,148,152,-43.785,94
2012,15,100,California,Pac-12,2,9,-94.672,9.057,55,0.182,0.531,-0.349,-2.118,147.712,242.384,226,366,153,151,82.133,3
2012,15,101,Miami (OH),Mid-American,3,8,-100.735,-124.188,108,0.273,0.211,0.062,0.369,182.482,283.217,250,405,137,143,-46.111,95
2012,15,102,Wake Forest,ACC,4,7,-105.667,-73.342,85,0.364,0.268,0.096,0.572,132.895,238.562,202,365,152,153,-3.824,59
2012,15,103,Washington State,Pac-12,2,9,-107.378,-34.361,72,0.182,0.399,-0.217,-1.316,150.340,257.718,221,384,147,149,57.364,21
2012,15,104,UAB,Conference USA,2,9,-110.511,-125.465,110,0.182,0.191,-0.009,-0.057,181.646,292.157,287,447,158,153,-29.888,81
2012,15,105,Boston College,ACC,1,10,-112.517,-94.680,96,0.091,0.217,-0.126,-0.763,137.838,250.355,204,353,148,141,10.114,46
2012,15,106,New Mexico,Mountain West,1,9,-118.569,-130.471,111,0.100,0.176,-0.076,-0.461,183.186,301.754,207,344,113,114,-31.715,83
2012,15,107,Eastern Michigan,Mid-American,2,9,-124.143,-148.121,114,0.182,0.136,0.046,0.271,171.631,295.775,242,420,141,142,-41.098,90
2012,15,109,Tulane,Conference USA,2,10,-139.512,-116.918,106,0.167,0.199,-0.032,-0.198,212.397,351.908,257,461,121,131,-47.247,96
2012,15,110,Southern Miss,Conference USA,0,12,-146.468,-158.396,115,0.000,0.135,-0.135,-0.820,171.014,317.483,236,454,138,143,-23.437,74
2012,15,111,Hawai'i,Mountain West,2,9,-150.393,-129.265,111,0.182,0.129,0.052,0.330,129.870,280.263,200,426,154,152,-19.594,70
2012,15,111,Kentucky,SEC,1,10,-148.925,-72.128,84,0.091,0.288,-0.197,-1.195,137.121,286.047,181,369,132,129,55.655,22
2012,15,112,Illinois,Big Ten,1,9,-153.378,-110.151,103,0.100,0.147,-0.047,-0.288,104.762,258.140,132,333,126,129,26.102,38
2012,15,113,Akron,Mid-American,0,11,-160.134,-167.003,116,0.000,0.113,-0.113,-0.687,194.488,354.622,247,422,127,119,-29.140,78
2012,15,114,Auburn,SEC,1,9,-166.272,-33.877,70,0.100,0.378,-0.278,-1.685,103.150,269.421,131,326,127,121,99.907,1
2012,15,114,Kansas,Big 12,0,11,-162.054,-47.199,80,0.000,0.335,-0.335,-2.034,137.226,299.281,188,416,137,139,76.928,7
2012,15,116,Colorado,Pac-12,1,10,-221.176,-96.218,98,0.091,0.226,-0.136,-0.823,120.000,341.176,186,522,155,153,66.731,16
2012,15,117,Massachusetts,Mid-American,1,11,-268.333,-216.648,117,0.083,0.010,0.073,0.435,133.333,401.667,152,482,114,120,-34.890,87
2012,16,1,Alabama,SEC,12,1,223.903,245.635,1,0.923,0.977,-0.054,-0.290,320.130,96.226,493,153,154,159,62.906,12
2012,16,2,Oregon,Pac-12,11,1,188.018,196.403,3,0.917,0.900,0.017,0.170,342.353,154.335,582,267,170,173,51.753,21
2012,16,3,Texas A&M,SEC,8,2,175.717,222.711,2,0.800,0.934,-0.134,-0.805,314.062,138.346,402,184,128,133,85.939,4
2012,16,4,Northern Illinois,Mid-American,11,2,157.696,12.518,55,0.846,0.528,0.318,2.111,345.890,188.194,505,271,146,144,-73.510,116
2012,16,5,Florida State,ACC,10,2,139.375,99.782,18,0.833,0.807,0.026,0.227,266.250,126.875,426,203,160,160,-3.471,63
2012,16,6,Georgia,SEC,11,2,124.303,140.999,8,0.846,0.853,-0.007,0.014,273.446,149.143,484,261,177,175,45.182,31
2012,16,7,Kansas State,Big 12,10,2,123.733,156.277,5,0.833,0.854,-0.020,-0.073,317.483,193.750,454,279,143,144,52.165,20
2012,16,8,Boise State,Mountain West,11,2,122.975,62.237,32,0.846,0.689,0.157,1.070,253.548,130.573,393,205,155,157,-54.601,108
2012,16,9,Notre Dame,FBS Independents,12,1,116.335,145.367,6,0.923,0.909,0.014,0.153,224.832,108.497,335,166,149,153,47.133,28
2012,16,11,South Carolina,SEC,10,2,107.983,141.309,7,0.833,0.869,-0.036,-0.169,257.333,149.351,386,230,150,154,45.624,29
2012,16,12,UCF,Conference USA,10,4,106.857,55.172,34,0.714,0.648,0.066,0.486,283.429,176.571,496,309,175,175,-45.627,99
2012,16,13,Clemson,ACC,10,2,104.249,101.176,16,0.833,0.736,0.098,0.689,294.611,190.361,492,316,167,166,7.757,56
2012,16,14,Ohio State,Big Ten,12,0,110.652,101.087,16,1.000,0.760,0.240,1.444,278.750,168.098,446,274,160,163,-1.091,54
2012,16,14,Wisconsin,Big Ten,6,6,96.838,100.234,17,0.500,0.789,-0.289,-1.804,241.558,144.720,372,233,154,161,28.166,39
2012,16,15,Fresno State,Mountain West,8,4,89.399,37.320,44,0.667,0.619,0.048,0.369,253.333,163.934,456,300,180,183,-35.856,86
2012,16,16,Stanford,Pac-12,11,2,86.895,129.045,10,0.846,0.880,-0.034,-0.161,216.374,129.480,370,224,171,173,57.246,17
2012,16,17,Cincinnati,Big East,8,3,85.686,61.855,33,0.727,0.692,0.035,0.284,236.735,151.049,348,216,147,143,-17.457,75
2012,16,18,BYU,FBS Independents,4,4,84.139,95.616,20,0.500,0.820,-0.320,-2.004,201.961,117.822,206,119,102,101,28.079,40
2012,16,19,Florida,SEC,10,2,79.595,139.257,9,0.833,0.901,-0.068,-0.377,205.769,126.174,321,188,156,149,71.433,9
2012,16,20,Arizona State,Pac-12,7,5,79.331,97.114,19,0.583,0.762,-0.179,-1.092,253.488,174.157,436,310,172,178,26.683,41
2012,16,22,Oklahoma,Big 12,9,3,77.819,124.835,11,0.750,0.808,-0.058,-0.315,279.085,201.266,427,318,153,158,70.841,10
2012,16,23,Oklahoma State,Big 12,7,5,75.037,103.430,15,0.583,0.758,-0.175,-1.068,294.798,219.760,510,367,173,167,51.535,22
2012,16,24,Michigan,Big Ten,8,5,73.979,75.838,27,0.615,0.705,-0.089,-0.515,247.134,173.154,388,258,157,149,25.980,42
2012,16,24,Penn State,Big Ten,8,4,78.431,67.977,29,0.667,0.712,-0.045,-0.277,228.105,149.673,349,229,153,153,-13.018,67
2012,16,25,LSU,SEC,8,3,71.872,156.605,4,0.727,0.913,-0.186,-1.140,204.286,132.414,286,192,140,145,83.435,5
2012,16,26,San Diego State,Mountain West,8,3,71.663,16.330,54,0.727,0.549,0.178,1.206,249.275,177.612,344,238,138,134,-48.176,102
2012,16,27,Kent State,Mid-American,10,3,62.640,-3.246,60,0.769,0.490,0.279,1.859,242.529,179.888,422,322,174,179,-66.194,114
2012,16,28,USC,Pac-12,7,6,59.783,94.761,21,0.538,0.760,-0.222,-1.370,242.442,182.659,417,316,172,173,47.897,25
2012,16,29,Texas,Big 12,9,4,59.103,104.333,13,0.692,0.754,-0.061,-0.336,293.671,234.568,464,380,158,162,40.417,36
2012,16,30,Northwestern,Big Ten,9,3,57.957,73.383,29,0.750,0.694,0.056,0.423,241.290,183.333,374,286,155,156,9.998,53
2012,16,31,Arkansas State,Sun Belt,9,3,56.675,25.203,50,0.750,0.567,0.183,1.236,274.483,217.808,398,318,145,146,-27.535,80
2012,16,32,UCLA,Pac-12,9,5,54.527,81.767,23,0.643,0.733,-0.090,-0.519,241.000,186.473,482,386,200,207,44.175,33
2012,16,33,Oregon State,Pac-12,8,4,52.974,117.223,12,0.667,0.836,-0.170,-1.035,213.580,160.606,346,265,162,165,75.040,7
2012,16,34,Tulsa,Conference USA,10,3,51.915,35.254,48,0.769,0.618,0.151,1.035,214.286,162.371,420,315,196,194,-12.772,68
2012,16,35,Vanderbilt,SEC,8,4,51.434,62.643,31,0.667,0.709,-0.043,-0.215,206.211,154.777,332,243,161,157,22.643,43
2012,16,36,Louisville,Big East,10,2,50.841,39.390,41,0.833,0.596,0.237,1.588,260.563,209.722,370,302,142,144,-14.215,69
2012,16,38,Baylor,Big 12,7,5,48.095,91.278,22,0.583,0.685,-0.101,-0.593,329.193,281.098,530,461,161,164,55.449,18
2012,16,38,Toledo,Mid-American,8,3,50.066,-7.167,61,0.727,0.479,0.248,1.491,251.408,201.342,357,300,142,149,-56.416,104
2012,16,39,Rutgers,Big East,8,4,47.179,36.736,45,0.667,0.657,0.010,0.121,162.179,115.000,253,184,156,160,-17.293,74
2012,16,40,North Carolina,ACC,6,4,34.347,2.126,57,0.600,0.505,0.095,0.565,265.926,231.579,359,308,135,133,-34.832,86
2012,16,40,UL Monroe,Sun Belt,8,5,42.049,-27.565,66,0.615,0.431,0.185,1.250,291.391,249.342,440,379,151,152,-38.237,88
2012,16,42,Pittsburgh,Big East,5,6,30.597,44.258,38,0.455,0.630,-0.176,-1.074,204.478,173.881,274,233,134,134,10.761,52
2012,16,43,Georgia Tech,ACC,6,7,29.290,44.573,37,0.462,0.607,-0.145,-0.876,270.395,241.104,411,393,152,163,16.007,48
2012,16,44,Syracuse,Big East,7,5,28.984,41.851,40,0.583,0.614,-0.030,-0.136,235.065,206.081,362,305,154,148,16.280,46
2012,16,45,Bowling Green,Mid-American,6,4,28.697,-32.529,69,0.600,0.373,0.227,1.364,155.970,127.273,209,168,134,132,-70.960,113
2012,16,46,Louisiana,Sun Belt,8,4,28.306,-3.451,61,0.667,0.491,0.176,1.193,253.614,225.309,421,365,166,162,-38.344,89
2012,16,47,Michigan State,Big Ten,7,6,26.751,54.944,35,0.538,0.726,-0.188,-1.149,152.941,126.190,260,212,170,168,28.476,38
2012,16,48,Nebraska,Big Ten,9,4,20.729,79.911,24,0.692,0.707,-0.015,-0.037,231.285,210.556,414,379,179,180,47.248,27
2012,16,49,TCU,Big 12,6,6,15.650,73.894,28,0.500,0.755,-0.255,-1.582,184.615,168.966,312,294,169,174,51.161,23
2012,16,50,Ohio,Mid-American,7,4,13.777,-45.147,78,0.636,0.361,0.275,1.834,268.644,254.867,317,288,118,113,-50.531,105
2012,16,51,Nevada,Mountain West,5,6,12.584,-43.018,76,0.455,0.406,0.049,0.373,290.845,278.261,413,384,142,138,-42.189,96
2012,16,52,Rice,Conference USA,6,5,12.579,-31.298,68,0.545,0.416,0.129,0.894,231.757,219.178,343,320,148,146,-50.307,104
2012,16,53,Ole Miss,SEC,6,6,12.433,76.342,25,0.500,0.700,-0.200,-1.230,233.766,221.333,360,332,154,150,86.301,3
2012,16,54,Mississippi State,SEC,7,5,9.615,36.727,46,0.583,0.612,-0.028,-0.123,209.615,200.000,327,294,156,147,41.978,35
2012,16,55,SMU,Conference USA,6,6,8.673,21.419,52,0.500,0.568,-0.068,-0.382,226.974,218.301,345,334,152,153,11.521,51
2012,16,55,Troy,Sun Belt,5,7,4.671,-37.970,74,0.417,0.391,0.026,0.151,225.153,220.482,367,366,163,166,-43.144,93
2012,16,56,Ball State,Mid-American,9,4,6.463,-38.853,73,0.692,0.400,0.292,1.942,263.253,256.790,437,416,166,162,-44.568,98
2012,16,58,Western Kentucky,Sun Belt,6,6,0.424,-33.005,70,0.500,0.408,0.092,0.650,229.710,229.286,317,321,138,140,-39.533,90
2012,16,59,NC State,ACC,6,6,0.364,-12.218,63,0.500,0.456,0.044,0.345,167.380,167.016,313,319,187,191,-14.991,70
2012,16,60,Tennessee,SEC,4,7,-5.900,40.217,40,0.364,0.592,-0.228,-1.383,248.701,254.601,383,415,154,163,45.060,28
2012,16,61,Utah,Pac-12,4,6,-6.832,33.402,46,0.400,0.598,-0.198,-1.198,203.937,210.769,259,274,127,130,54.874,24
2012,16,62,Virginia Tech,ACC,6,6,-9.139,1.155,57,0.500,0.504,-0.004,0.032,160.452,169.591,284,290,177,171,14.710,49
2012,16,63,UConn,Big East,5,7,-10.248,-56.776,81,0.417,0.274,0.143,0.880,133.125,143.373,213,238,160,166,-43.611,93
2012,16,64,Houston,Conference USA,5,5,-10.950,-45.401,78,0.500,0.369,0.131,0.788,213.725,224.675,327,346,153,154,-51.302,99
2012,16,65,West Virginia,Big 12,6,6,-10.953,28.529,49,0.500,0.567,-0.067,-0.371,287.195,298.148,471,483,164,162,45.293,30
2012,16,66,Iowa State,Big 12,5,7,-16.049,36.509,47,0.417,0.627,-0.210,-1.297,174.074,190.123,282,308,162,162,57.685,16
2012,16,68,Arizona,Pac-12,7,5,-21.786,76.143,26,0.583,0.683,-0.100,-0.585,251.429,273.214,440,459,175,168,60.294,13
2012,16,68,Miami,ACC,6,5,-18.339,-4.884,59,0.545,0.487,0.058,0.346,230.612,248.951,339,356,147,143,14.470,44
2012,16,69,Texas Tech,Big 12,6,5,-21.913,20.550,53,0.545,0.550,-0.004,0.031,263.699,285.612,385,397,146,139,43.671,34
2012,16,71,East Carolina,Conference USA,7,5,-24.792,-72.237,88,0.583,0.321,0.263,1.753,261.538,286.331,374,398,143,139,-33.353,84
2012,16,72,Air Force,Mountain West,5,7,-31.221,-91.019,94,0.417,0.258,0.158,1.080,217.730,248.951,307,356,141,143,-64.636,110
2012,16,72,Middle Tennessee,Sun Belt,8,3,-24.497,-62.542,82,0.727,0.327,0.400,2.454,220.741,245.238,298,309,135,126,-47.274,97
2012,16,73,Washington,Pac-12,6,6,-31.933,38.617,42,0.500,0.632,-0.132,-0.794,163.522,195.455,260,301,159,154,60.138,14
2012,16,74,Central Michigan,Mid-American,6,6,-36.099,-91.375,95,0.500,0.268,0.232,1.558,251.493,287.591,337,394,134,137,-77.922,117
2012,16,76,Iowa,Big Ten,3,8,-36.696,-21.319,65,0.273,0.423,-0.150,-0.913,149.635,186.331,205,259,137,139,19.315,41
2012,16,77,Marshall,Conference USA,4,7,-37.938,-83.941,92,0.364,0.327,0.036,0.215,290.728,328.667,439,493,151,150,-51.209,98
2012,16,77,Western Michigan,Mid-American,3,8,-37.990,-109.457,104,0.273,0.286,-0.014,-0.086,208.333,246.324,300,335,144,136,-71.401,115
2012,16,78,Purdue,Big Ten,5,7,-43.738,-31.878,69,0.417,0.406,0.010,0.127,195.783,239.521,325,400,166,167,13.799,50
2012,16,79,Minnesota,Big Ten,5,7,-45.947,-40.313,74,0.417,0.365,0.052,0.394,162.000,207.947,243,314,150,151,4.661,57
2012,16,80,Indiana,Big Ten,3,8,-47.005,-45.850,79,0.273,0.385,-0.112,-0.680,218.354,265.359,345,406,158,153,-7.283,61
2012,16,82,Memphis,Conference USA,4,7,-49.990,-103.360,102,0.364,0.208,0.155,0.933,198.561,248.551,276,343,139,138,-58.549,108
2012,16,83,Florida International,Sun Belt,3,9,-51.311,-91.304,94,0.250,0.229,0.021,0.121,181.818,233.129,300,380,165,163,-38.079,89
2012,16,83,Navy,FBS Independents,6,4,-54.206,-61.322,83,0.600,0.355,0.245,1.641,245.794,300.000,263,309,107,103,-26.590,79
2012,16,85,Missouri,SEC,4,7,-56.834,40.557,39,0.364,0.634,-0.270,-1.634,155.346,212.179,247,331,159,156,93.523,2
2012,16,86,Colorado State,Mountain West,4,5,-58.615,-121.324,107,0.444,0.191,0.253,1.522,182.456,241.071,208,270,114,112,-55.302,102
2012,16,87,Duke,ACC,5,7,-62.637,-37.419,71,0.417,0.407,0.010,0.124,215.758,278.395,356,451,165,162,9.879,54
2012,16,88,Maryland,ACC,3,8,-61.482,-83.090,90,0.273,0.236,0.037,0.219,149.045,210.526,234,320,157,152,-15.283,69
2012,16,89,South Florida,Big East,2,9,-68.958,-63.753,83,0.182,0.311,-0.129,-0.777,165.116,234.074,213,316,129,135,1.395,53
2012,16,89,Virginia,ACC,3,7,-65.540,-75.698,86,0.300,0.262,0.038,0.227,143.284,208.824,192,284,134,136,-5.443,60
2012,16,90,Arkansas,SEC,3,8,-69.036,33.352,47,0.273,0.608,-0.336,-2.029,162.937,231.973,233,341,143,147,70.484,11
2012,16,91,UNLV,Mountain West,2,8,-72.273,-115.496,105,0.200,0.202,-0.002,-0.014,180.952,253.226,228,314,126,124,-60.178,110
2012,16,92,Wyoming,Mountain West,3,7,-74.643,-96.049,97,0.300,0.265,0.035,0.207,206.349,280.992,260,340,126,121,-22.352,73
2012,16,93,Buffalo,Mid-American,3,8,-75.767,-99.612,101,0.273,0.150,0.122,0.734,141.135,216.901,199,308,141,142,-23.444,75
2012,16,94,North Texas,Sun Belt,3,8,-76.381,-83.352,91,0.273,0.243,0.030,0.174,153.901,230.282,217,327,141,142,-1.042,53
2012,16,95,UTEP,Conference USA,2,9,-78.453,-84.751,93,0.182,0.245,-0.063,-0.386,153.237,231.690,213,329,139,142,-9.466,63
2012,16,96,Temple,Big East,3,7,-79.070,-97.459,100,0.300,0.253,0.047,0.278,179.070,258.140,231,333,129,129,-10.626,64
2012,16,97,Florida Atlantic,Sun Belt,2,9,-88.889,-102.337,101,0.182,0.214,-0.032,-0.186,165.972,254.861,239,367,144,144,-13.665,66
2012,16,98,Army,FBS Independents,2,9,-91.743,-126.107,110,0.182,0.222,-0.040,-0.238,221.538,313.281,288,401,130,128,-44.419,95
2012,16,98,South Alabama,Sun Belt,1,10,-93.154,-140.929,113,0.091,0.118,-0.027,-0.155,135.135,228.289,200,347,148,152,-43.785,94
2012,16,100,California,Pac-12,2,9,-94.672,9.057,55,0.182,0.531,-0.349,-2.118,147.712,242.384,226,366,153,151,82.133,3
2012,16,101,Miami (OH),Mid-American,3,8,-100.735,-124.188,108,0.273,0.211,0.062,0.369,182.482,283.217,250,405,137,143,-46.111,95
2012,16,102,Wake Forest,ACC,4,7,-105.667,-73.342,85,0.364,0.268,0.096,0.572,132.895,238.562,202,365,152,153,-3.824,59
2012,16,103,Washington State,Pac-12,2,9,-107.378,-34.361,72,0.182,0.399,-0.217,-1.316,150.340,257.718,221,384,147,149,57.364,21
2012,16,104,UAB,Conference USA,2,9,-110.511,-125.465,110,0.182,0.191,-0.009,-0.057,181.646,292.157,287,447,158,153,-29.888,81
2012,16,105,Boston College,ACC,1,10,-112.517,-94.680,96,0.091,0.217,-0.126,-0.763,137.838,250.355,204,353,148,141,10.114,46
2012,16,106,New Mexico,Mountain West,1,9,-118.569,-130.471,111,0.100,0.176,-0.076,-0.461,183.186,301.754,207,344,113,114,-31.715,83
2012,16,107,Eastern Michigan,Mid-American,2,9,-124.143,-148.121,114,0.182,0.136,0.046,0.271,171.631,295.775,242,420,141,142,-41.098,90
2012,16,109,Tulane,Conference USA,2,10,-139.512,-116.918,106,0.167,0.199,-0.032,-0.198,212.397,351.908,257,461,121,131,-47.247,96
2012,16,110,Southern Miss,Conference USA,0,12,-146.468,-158.396,115,0.000,0.135,-0.135,-0.820,171.014,317.483,236,454,138,143,-23.437,74
2012,16,111,Hawai'i,Mountain West,2,9,-150.393,-129.265,111,0.182,0.129,0.052,0.330,129.870,280.263,200,426,154,152,-19.594,70
2012,16,111,Kentucky,SEC,1,10,-148.925,-72.128,84,0.091,0.288,-0.197,-1.195,137.121,286.047,181,369,132,129,55.655,22
2012,16,112,Illinois,Big Ten,1,9,-153.378,-110.151,103,0.100,0.147,-0.047,-0.288,104.762,258.140,132,333,126,129,26.102,38
2012,16,113,Akron,Mid-American,0,11,-160.134,-167.003,116,0.000,0.113,-0.113,-0.687,194.488,354.622,247,422,127,119,-29.140,78
2012,16,114,Auburn,SEC,1,9,-166.272,-33.877,70,0.100,0.378,-0.278,-1.685,103.150,269.421,131,326,127,121,99.907,1
2012,16,114,Kansas,Big 12,0,11,-162.054,-47.199,80,0.000,0.335,-0.335,-2.034,137.226,299.281,188,416,137,139,76.928,7
2012,16,116,Colorado,Pac-12,1,10,-221.176,-96.218,98,0.091,0.226,-0.136,-0.823,120.000,341.176,186,522,155,153,66.731,16
2012,16,117,Massachusetts,Mid-American,1,11,-268.333,-216.648,117,0.083,0.010,0.073,0.435,133.333,401.667,152,482,114,120,-34.890,87
