Season,Week,GameId,Team,Conference,Opponent,OpponentConference,Location,StartDate,Completed,Live,TeamPoints,OpponentPoints,Result,OpponentRk,OpponentAdjRk,OpponentAdjRtg
2015,1,400852723,Air Force,Mountain West,California,Pac-12,Home,2015-12-29T19:00:00.000Z,True,False,36,55,L,54,29,79.657
2015,2,400787117,Air Force,Mountain West,San José State,Mountain West,Home,2015-09-13T02:15:00.000Z,True,False,37,16,W,70,94,-63.447
2015,3,400763512,Air Force,Mountain West,Michigan State,Big Ten,Away,2015-09-19T16:00:00.000Z,True,False,21,35,L,33,12,120.909
2015,5,400764876,Air Force,Mountain West,Navy,American Athletic,Away,2015-10-03T19:30:00.000Z,True,False,11,33,L,11,23,97.846
2015,6,400787254,Air Force,Mountain West,Wyoming,Mountain West,Home,2015-10-11T02:26:00.000Z,True,False,31,17,W,113,118,-151.077
2015,7,400787260,Air Force,Mountain West,Colorado State,Mountain West,Away,2015-10-17T19:30:00.000Z,True,False,23,38,L,72,96,-67.213
2015,8,400787266,Air Force,Mountain West,Fresno State,Mountain West,Home,2015-10-24T18:00:00.000Z,True,False,42,14,W,122,117,-150.137
2015,9,400787271,Air Force,Mountain West,Hawai'i,Mountain West,Away,2015-11-01T02:30:00.000Z,True,False,58,7,W,124,125,-175.536
2015,10,400760497,Air Force,Mountain West,Army,FBS Independents,Home,2015-11-07T20:30:00.000Z,True,False,20,3,W,96,105,-104.106
2015,11,400787280,Air Force,Mountain West,Utah State,Mountain West,Home,2015-11-14T19:00:00.000Z,True,False,35,28,W,50,68,0.395
2015,12,400790881,Air Force,Mountain West,Boise State,Mountain West,Away,2015-11-21T02:30:00.000Z,True,False,37,30,W,15,55,28.877
2015,13,400787292,Air Force,Mountain West,New Mexico,Mountain West,Away,2015-11-29T03:15:00.000Z,True,False,35,47,L,85,100,-92.176
2015,14,400852675,Air Force,Mountain West,San Diego State,Mountain West,Away,2015-12-06T00:30:00.000Z,True,False,24,27,L,13,50,39.874
2015,1,400763404,Akron,Mid-American,Oklahoma,Big 12,Away,2015-09-05T23:00:00.000Z,True,False,3,41,L,1,5,152.652
2015,1,400852708,Akron,Mid-American,Utah State,Mountain West,Away,2015-12-22T20:30:00.000Z,True,False,23,21,W,50,68,0.395
2015,2,400756915,Akron,Mid-American,Pittsburgh,ACC,Home,2015-09-12T22:00:00.000Z,True,False,7,24,L,56,36,66.459
2015,4,400787313,Akron,Mid-American,Louisiana,Sun Belt,Away,2015-09-26T23:00:00.000Z,True,False,35,14,W,90,112,-125.468
2015,5,400787316,Akron,Mid-American,Ohio,Mid-American,Home,2015-10-03T18:00:00.000Z,True,False,12,14,L,62,85,-26.109
2015,6,400787322,Akron,Mid-American,Eastern Michigan,Mid-American,Away,2015-10-10T19:00:00.000Z,True,False,47,21,W,115,126,-175.722
2015,7,400787331,Akron,Mid-American,Bowling Green,Mid-American,Away,2015-10-17T19:00:00.000Z,True,False,10,59,L,16,34,67.829
2015,9,400787341,Akron,Mid-American,Central Michigan,Mid-American,Home,2015-10-31T18:00:00.000Z,True,False,6,14,L,55,78,-12.228
2015,10,400787348,Akron,Mid-American,Massachusetts,Mid-American,Away,2015-11-07T17:00:00.000Z,True,False,17,13,W,100,101,-96.950
2015,11,400787353,Akron,Mid-American,Miami (OH),Mid-American,Away,2015-11-14T17:00:00.000Z,True,False,37,28,W,111,110,-121.753
2015,12,400787360,Akron,Mid-American,Buffalo,Mid-American,Home,2015-11-21T20:30:00.000Z,True,False,42,21,W,77,92,-54.975
2015,13,400787366,Akron,Mid-American,Kent State,Mid-American,Home,2015-11-27T17:00:00.000Z,True,False,20,0,W,118,111,-123.377
2015,1,400603827,Alabama,SEC,Wisconsin,Big Ten,Home,2015-09-06T00:00:00.000Z,True,False,35,17,W,19,30,75.067
2015,1,400852732,Alabama,SEC,Michigan State,Big Ten,Home,2016-01-01T01:20:00.000Z,True,False,38,0,W,33,12,120.909
2015,1,400852743,Alabama,SEC,Clemson,ACC,Away,2016-01-12T01:30:00.000Z,True,False,45,40,W,14,4,153.808
2015,2,400603860,Alabama,SEC,Middle Tennessee,Conference USA,Home,2015-09-12T20:00:00.000Z,True,False,37,10,W,53,89,-37.682
2015,3,400603850,Alabama,SEC,Ole Miss,SEC,Home,2015-09-20T01:15:00.000Z,True,False,37,43,L,17,11,124.710
2015,4,400603841,Alabama,SEC,UL Monroe,Sun Belt,Home,2015-09-26T20:00:00.000Z,True,False,34,0,W,116,122,-165.236
2015,5,400603879,Alabama,SEC,Georgia,SEC,Away,2015-10-03T19:30:00.000Z,True,False,38,10,W,37,24,90.120
2015,6,400603899,Alabama,SEC,Arkansas,SEC,Home,2015-10-10T23:00:00.000Z,True,False,27,14,W,40,15,114.183
2015,7,400603897,Alabama,SEC,Texas A&M,SEC,Away,2015-10-17T19:30:00.000Z,True,False,41,23,W,49,25,88.233
2015,8,400603886,Alabama,SEC,Tennessee,SEC,Home,2015-10-24T19:30:00.000Z,True,False,19,14,W,20,10,126.534
2015,10,400603905,Alabama,SEC,LSU,SEC,Home,2015-11-08T01:00:00.000Z,True,False,30,16,W,31,9,128.093
2015,11,400603933,Alabama,SEC,Mississippi State,SEC,Away,2015-11-14T20:30:00.000Z,True,False,31,6,W,34,14,118.788
2015,13,400603913,Alabama,SEC,Auburn,SEC,Away,2015-11-28T20:30:00.000Z,True,False,29,13,W,63,31,69.983
2015,14,400852681,Alabama,SEC,Florida,SEC,Home,2015-12-05T21:00:00.000Z,True,False,29,15,W,44,32,69.189
2015,1,400852685,App State,Sun Belt,Ohio,Mid-American,Home,2015-12-19T22:30:00.000Z,True,False,31,29,W,62,85,-26.109
2015,2,400756907,App State,Sun Belt,Clemson,ACC,Away,2015-09-12T16:30:00.000Z,True,False,10,41,L,14,4,153.808
2015,4,400763610,App State,Sun Belt,Old Dominion,Conference USA,Away,2015-09-26T19:30:00.000Z,True,False,49,0,W,108,124,-174.665
2015,5,400787253,App State,Sun Belt,Wyoming,Mountain West,Home,2015-10-03T19:30:00.000Z,True,False,31,13,W,113,118,-151.077
2015,6,400787448,App State,Sun Belt,Georgia State,Sun Belt,Away,2015-10-10T19:30:00.000Z,True,False,37,3,W,73,97,-77.309
2015,7,400787451,App State,Sun Belt,UL Monroe,Sun Belt,Away,2015-10-17T23:00:00.000Z,True,False,59,14,W,116,122,-165.236
2015,8,400787455,App State,Sun Belt,Georgia Southern,Sun Belt,Home,2015-10-22T23:30:00.000Z,True,False,31,13,W,21,52,36.021
2015,9,400787460,App State,Sun Belt,Troy,Sun Belt,Home,2015-10-31T19:30:00.000Z,True,False,44,41,W,82,102,-98.169
2015,10,400787464,App State,Sun Belt,Arkansas State,Sun Belt,Home,2015-11-06T00:30:00.000Z,True,False,27,40,L,45,82,-17.427
2015,11,400787470,App State,Sun Belt,Idaho,Sun Belt,Away,2015-11-14T22:00:00.000Z,True,False,47,20,W,109,113,-140.118
2015,13,400787478,App State,Sun Belt,Louisiana,Sun Belt,Home,2015-11-28T19:00:00.000Z,True,False,28,7,W,90,112,-125.468
2015,14,400787482,App State,Sun Belt,South Alabama,Sun Belt,Away,2015-12-06T00:30:00.000Z,True,False,34,27,W,104,108,-108.226
2015,1,400756882,Arizona,Pac-12,UTSA,Conference USA,Home,2015-09-04T02:00:00.000Z,True,False,42,32,W,102,115,-145.740
2015,1,400852668,Arizona,Pac-12,New Mexico,Mountain West,Away,2015-12-19T19:00:00.000Z,True,False,45,37,W,85,100,-92.176
2015,2,400756892,Arizona,Pac-12,Nevada,Mountain West,Away,2015-09-12T23:00:00.000Z,True,False,44,20,W,79,98,-80.691
2015,4,400757036,Arizona,Pac-12,UCLA,Pac-12,Home,2015-09-27T00:00:00.000Z,True,False,30,56,L,41,27,82.414
2015,5,400757041,Arizona,Pac-12,Stanford,Pac-12,Away,2015-10-04T02:30:00.000Z,True,False,17,55,L,5,2,177.800
2015,6,400757046,Arizona,Pac-12,Oregon State,Pac-12,Home,2015-10-10T20:00:00.000Z,True,False,44,7,W,123,95,-65.724
2015,7,400757051,Arizona,Pac-12,Colorado,Pac-12,Away,2015-10-18T01:00:00.000Z,True,False,38,31,W,94,77,-11.804
2015,8,400757057,Arizona,Pac-12,Washington State,Pac-12,Home,2015-10-24T20:00:00.000Z,True,False,42,45,L,52,35,66.479
2015,9,400757062,Arizona,Pac-12,Washington,Pac-12,Away,2015-11-01T03:00:00.000Z,True,False,3,49,L,28,20,103.820
2015,10,400757067,Arizona,Pac-12,USC,Pac-12,Away,2015-11-08T03:30:00.000Z,True,False,30,38,L,32,22,98.131
2015,11,400757074,Arizona,Pac-12,Utah,Pac-12,Home,2015-11-15T03:00:00.000Z,True,False,37,30,W,29,19,105.120
2015,12,400757079,Arizona,Pac-12,Arizona State,Pac-12,Away,2015-11-21T20:30:00.000Z,True,False,37,52,L,65,38,57.777
2015,1,400603838,Arizona State,Pac-12,Texas A&M,SEC,Away,2015-09-05T23:00:00.000Z,True,False,17,38,L,49,25,88.233
2015,1,400852742,Arizona State,Pac-12,West Virginia,Big 12,Home,2016-01-03T03:15:00.000Z,True,False,42,43,L,39,33,68.575
2015,3,400787241,Arizona State,Pac-12,New Mexico,Mountain West,Home,2015-09-19T02:00:00.000Z,True,False,34,10,W,85,100,-92.176
2015,4,400757037,Arizona State,Pac-12,USC,Pac-12,Home,2015-09-27T02:30:00.000Z,True,False,14,42,L,32,22,98.131
2015,5,400757042,Arizona State,Pac-12,UCLA,Pac-12,Away,2015-10-03T23:30:00.000Z,True,False,38,23,W,41,27,82.414
2015,6,400757047,Arizona State,Pac-12,Colorado,Pac-12,Home,2015-10-11T02:00:00.000Z,True,False,48,23,W,94,77,-11.804
2015,7,400757052,Arizona State,Pac-12,Utah,Pac-12,Away,2015-10-18T02:00:00.000Z,True,False,18,34,L,29,19,105.120
2015,9,400757061,Arizona State,Pac-12,Oregon,Pac-12,Home,2015-10-30T02:30:00.000Z,True,False,55,61,L,47,18,107.392
2015,10,400757068,Arizona State,Pac-12,Washington State,Pac-12,Away,2015-11-07T20:30:00.000Z,True,False,24,38,L,52,35,66.479
2015,11,400757075,Arizona State,Pac-12,Washington,Pac-12,Home,2015-11-14T20:00:00.000Z,True,False,27,17,W,28,20,103.820
2015,12,400757079,Arizona State,Pac-12,Arizona,Pac-12,Home,2015-11-21T20:30:00.000Z,True,False,52,37,W,74,61,13.260
2015,13,400757087,Arizona State,Pac-12,California,Pac-12,Away,2015-11-29T03:00:00.000Z,True,False,46,48,L,54,29,79.657
2015,1,400603828,Arkansas,SEC,UTEP,Conference USA,Home,2015-09-05T19:30:00.000Z,True,False,48,13,W,114,123,-170.768
2015,1,400852740,Arkansas,SEC,Kansas State,Big 12,Home,2016-01-02T20:20:00.000Z,True,False,45,23,W,81,59,18.733
2015,2,400603861,Arkansas,SEC,Toledo,Mid-American,Home,2015-09-12T20:00:00.000Z,True,False,12,16,L,9,26,87.967
2015,3,400603851,Arkansas,SEC,Texas Tech,Big 12,Home,2015-09-19T23:00:00.000Z,True,False,24,35,L,66,53,34.248
2015,4,400603842,Arkansas,SEC,Texas A&M,SEC,Home,2015-09-26T23:00:00.000Z,True,False,21,28,L,49,25,88.233
2015,5,400603884,Arkansas,SEC,Tennessee,SEC,Away,2015-10-03T23:00:00.000Z,True,False,24,20,W,20,10,126.534
2015,6,400603899,Arkansas,SEC,Alabama,SEC,Away,2015-10-10T23:00:00.000Z,True,False,14,27,L,7,1,197.353
2015,8,400603887,Arkansas,SEC,Auburn,SEC,Home,2015-10-24T16:00:00.000Z,True,False,54,46,W,63,31,69.983
2015,10,400603908,Arkansas,SEC,Ole Miss,SEC,Away,2015-11-07T20:30:00.000Z,True,False,53,52,W,17,11,124.710
2015,11,400603932,Arkansas,SEC,LSU,SEC,Away,2015-11-15T00:15:00.000Z,True,False,31,14,W,31,9,128.093
2015,12,400603922,Arkansas,SEC,Mississippi State,SEC,Home,2015-11-22T00:00:00.000Z,True,False,50,51,L,34,14,118.788
2015,13,400603912,Arkansas,SEC,Missouri,SEC,Home,2015-11-27T19:30:00.000Z,True,False,28,3,W,88,67,2.232
2015,1,400756884,Arkansas State,Sun Belt,USC,Pac-12,Away,2015-09-06T03:00:00.000Z,True,False,6,55,L,32,22,98.131
2015,1,400852686,Arkansas State,Sun Belt,Louisiana Tech,Conference USA,Away,2015-12-20T02:00:00.000Z,True,False,28,47,L,35,74,-5.731
2015,2,400603862,Arkansas State,Sun Belt,Missouri,SEC,Home,2015-09-12T23:00:00.000Z,True,False,20,27,L,88,67,2.232
2015,4,400787314,Arkansas State,Sun Belt,Toledo,Mid-American,Away,2015-09-26T23:00:00.000Z,True,False,7,37,L,9,26,87.967
2015,5,400787444,Arkansas State,Sun Belt,Idaho,Sun Belt,Home,2015-10-03T23:00:00.000Z,True,False,49,35,W,109,113,-140.118
2015,7,400787450,Arkansas State,Sun Belt,South Alabama,Sun Belt,Away,2015-10-14T00:00:00.000Z,True,False,49,31,W,104,108,-108.226
2015,8,400787454,Arkansas State,Sun Belt,Louisiana,Sun Belt,Home,2015-10-21T00:00:00.000Z,True,False,37,27,W,90,112,-125.468
2015,9,400787461,Arkansas State,Sun Belt,Georgia State,Sun Belt,Home,2015-10-31T23:00:00.000Z,True,False,48,34,W,73,97,-77.309
2015,10,400787464,Arkansas State,Sun Belt,App State,Sun Belt,Away,2015-11-06T00:30:00.000Z,True,False,40,27,W,12,54,31.082
2015,11,400787471,Arkansas State,Sun Belt,UL Monroe,Sun Belt,Away,2015-11-14T20:00:00.000Z,True,False,59,21,W,116,122,-165.236
2015,13,400787479,Arkansas State,Sun Belt,New Mexico State,Sun Belt,Away,2015-11-28T21:00:00.000Z,True,False,52,28,W,110,116,-150.054
2015,14,400787483,Arkansas State,Sun Belt,Texas State,Sun Belt,Home,2015-12-05T20:00:00.000Z,True,False,55,17,W,120,121,-161.379
2015,2,400760492,Army,FBS Independents,UConn,American Athletic,Away,2015-09-12T16:00:00.000Z,True,False,17,22,L,80,90,-42.678
2015,3,400756930,Army,FBS Independents,Wake Forest,ACC,Home,2015-09-19T16:00:00.000Z,True,False,14,17,L,105,91,-44.681
2015,4,400760493,Army,FBS Independents,Eastern Michigan,Mid-American,Away,2015-09-26T22:00:00.000Z,True,False,58,36,W,115,126,-175.722
2015,5,400760494,Army,FBS Independents,Penn State,Big Ten,Away,2015-10-03T16:00:00.000Z,True,False,14,20,L,58,49,40.788
2015,6,400756949,Army,FBS Independents,Duke,ACC,Home,2015-10-10T16:00:00.000Z,True,False,3,44,L,59,60,17.947
2015,8,400760496,Army,FBS Independents,Rice,Conference USA,Away,2015-10-24T16:00:00.000Z,True,False,31,38,L,119,114,-141.731
2015,10,400760497,Army,FBS Independents,Air Force,Mountain West,Away,2015-11-07T20:30:00.000Z,True,False,3,20,L,51,83,-24.371
2015,11,400760498,Army,FBS Independents,Tulane,American Athletic,Home,2015-11-14T17:00:00.000Z,True,False,31,34,L,125,120,-156.481
2015,12,400760499,Army,FBS Independents,Rutgers,Big Ten,Home,2015-11-21T17:00:00.000Z,True,False,21,31,L,106,87,-30.066
2015,15,400760500,Army,FBS Independents,Navy,American Athletic,Away,2015-12-12T20:00:00.000Z,True,False,17,21,L,11,23,97.846
2015,1,400603829,Auburn,SEC,Louisville,ACC,Home,2015-09-05T19:30:00.000Z,True,False,31,24,W,61,43,48.013
2015,1,400852727,Auburn,SEC,Memphis,American Athletic,Away,2015-12-30T17:00:00.000Z,True,False,31,10,W,30,42,51.058
2015,3,400603854,Auburn,SEC,LSU,SEC,Away,2015-09-19T19:30:00.000Z,True,False,21,45,L,31,9,128.093
2015,4,400603843,Auburn,SEC,Mississippi State,SEC,Home,2015-09-26T23:30:00.000Z,True,False,9,17,L,34,14,118.788
2015,5,400603877,Auburn,SEC,San José State,Mountain West,Home,2015-10-03T20:00:00.000Z,True,False,35,21,W,70,94,-63.447
2015,7,400603898,Auburn,SEC,Kentucky,SEC,Away,2015-10-15T23:00:00.000Z,True,False,30,27,W,84,86,-27.341
2015,8,400603887,Auburn,SEC,Arkansas,SEC,Away,2015-10-24T16:00:00.000Z,True,False,46,54,L,40,15,114.183
2015,9,400603872,Auburn,SEC,Ole Miss,SEC,Home,2015-10-31T16:00:00.000Z,True,False,19,27,L,17,11,124.710
2015,10,400603910,Auburn,SEC,Texas A&M,SEC,Away,2015-11-08T00:30:00.000Z,True,False,26,10,W,49,25,88.233
2015,11,400603931,Auburn,SEC,Georgia,SEC,Home,2015-11-14T17:00:00.000Z,True,False,13,20,L,37,24,90.120
2015,12,400603923,Auburn,SEC,Idaho,Sun Belt,Home,2015-11-21T21:00:00.000Z,True,False,56,34,W,109,113,-140.118
2015,13,400603913,Auburn,SEC,Alabama,SEC,Home,2015-11-28T20:30:00.000Z,True,False,13,29,L,7,1,197.353
2015,1,400763495,BYU,FBS Independents,Nebraska,Big Ten,Away,2015-09-05T19:30:00.000Z,True,False,33,28,W,48,40,53.755
2015,1,400852684,BYU,FBS Independents,Utah,Pac-12,Away,2015-12-19T20:30:00.000Z,True,False,28,35,L,29,19,105.120
2015,2,400787118,BYU,FBS Independents,Boise State,Mountain West,Home,2015-09-13T02:15:00.000Z,True,False,35,24,W,15,55,28.877
2015,3,400757027,BYU,FBS Independents,UCLA,Pac-12,Away,2015-09-20T02:30:00.000Z,True,False,23,24,L,41,27,82.414
2015,4,400763519,BYU,FBS Independents,Michigan,Big Ten,Away,2015-09-26T16:00:00.000Z,True,False,0,31,L,8,7,137.673
2015,5,400764874,BYU,FBS Independents,UConn,American Athletic,Home,2015-10-03T02:15:00.000Z,True,False,30,13,W,80,90,-42.678
2015,6,400764881,BYU,FBS Independents,East Carolina,American Athletic,Home,2015-10-10T23:30:00.000Z,True,False,45,38,W,64,76,-9.186
2015,7,400764886,BYU,FBS Independents,Cincinnati,American Athletic,Home,2015-10-17T00:00:00.000Z,True,False,38,24,W,69,75,-5.749
2015,10,400790887,BYU,FBS Independents,San José State,Mountain West,Away,2015-11-07T04:30:00.000Z,True,False,17,16,W,70,94,-63.447
2015,11,400785063,BYU,FBS Independents,Missouri,SEC,Away,2015-11-15T00:30:00.000Z,True,False,16,20,L,88,67,2.232
2015,12,400787288,BYU,FBS Independents,Fresno State,Mountain West,Home,2015-11-21T20:00:00.000Z,True,False,52,10,W,122,117,-150.137
2015,13,400787297,BYU,FBS Independents,Utah State,Mountain West,Away,2015-11-28T20:30:00.000Z,True,False,51,28,W,50,68,0.395
2015,2,400603869,Ball State,Mid-American,Texas A&M,SEC,Away,2015-09-12T23:00:00.000Z,True,False,23,56,L,49,25,88.233
2015,3,400787311,Ball State,Mid-American,Eastern Michigan,Mid-American,Away,2015-09-19T19:00:00.000Z,True,False,28,17,W,115,126,-175.722
2015,4,400763523,Ball State,Mid-American,Northwestern,Big Ten,Away,2015-09-27T00:00:00.000Z,True,False,19,24,L,75,51,38.687
2015,5,400787317,Ball State,Mid-American,Toledo,Mid-American,Home,2015-10-03T19:00:00.000Z,True,False,10,24,L,9,26,87.967
2015,6,400787324,Ball State,Mid-American,Northern Illinois,Mid-American,Away,2015-10-10T19:30:00.000Z,True,False,41,59,L,57,66,3.161
2015,7,400787329,Ball State,Mid-American,Georgia State,Sun Belt,Home,2015-10-17T19:00:00.000Z,True,False,19,31,L,73,97,-77.309
2015,8,400787336,Ball State,Mid-American,Central Michigan,Mid-American,Home,2015-10-24T19:00:00.000Z,True,False,21,23,L,55,78,-12.228
2015,9,400787342,Ball State,Mid-American,Massachusetts,Mid-American,Home,2015-10-31T17:00:00.000Z,True,False,20,10,W,100,101,-96.950
2015,10,400787346,Ball State,Mid-American,Western Michigan,Mid-American,Away,2015-11-06T00:30:00.000Z,True,False,7,54,L,46,62,11.443
2015,12,400787355,Ball State,Mid-American,Ohio,Mid-American,Away,2015-11-18T00:00:00.000Z,True,False,31,48,L,62,85,-26.109
2015,13,400787361,Ball State,Mid-American,Bowling Green,Mid-American,Home,2015-11-25T00:00:00.000Z,True,False,10,48,L,16,34,67.829
2015,1,400764855,Baylor,Big 12,SMU,American Athletic,Away,2015-09-04T23:00:00.000Z,True,False,56,21,W,117,99,-82.576
2015,1,400852724,Baylor,Big 12,North Carolina,ACC,Home,2015-12-29T22:30:00.000Z,True,False,49,38,W,10,6,139.599
2015,4,400763422,Baylor,Big 12,Rice,Conference USA,Home,2015-09-26T19:00:00.000Z,True,False,70,17,W,119,114,-141.731
2015,5,400763431,Baylor,Big 12,Texas Tech,Big 12,Home,2015-10-03T19:30:00.000Z,True,False,63,35,W,66,53,34.248
2015,6,400763432,Baylor,Big 12,Kansas,Big 12,Away,2015-10-10T16:00:00.000Z,True,False,66,7,W,128,106,-105.629
2015,7,400763437,Baylor,Big 12,West Virginia,Big 12,Home,2015-10-17T16:00:00.000Z,True,False,62,38,W,39,33,68.575
2015,8,400763441,Baylor,Big 12,Iowa State,Big 12,Home,2015-10-24T16:00:00.000Z,True,False,45,27,W,99,69,-0.571
2015,10,400763449,Baylor,Big 12,Kansas State,Big 12,Away,2015-11-06T00:30:00.000Z,True,False,31,24,W,81,59,18.733
2015,11,400763454,Baylor,Big 12,Oklahoma,Big 12,Home,2015-11-15T01:00:00.000Z,True,False,34,44,L,1,5,152.652
2015,12,400763462,Baylor,Big 12,Oklahoma State,Big 12,Away,2015-11-22T00:30:00.000Z,True,False,45,35,W,36,37,62.307
2015,13,400763464,Baylor,Big 12,TCU,Big 12,Away,2015-11-28T00:30:00.000Z,True,False,21,28,L,27,17,109.729
2015,14,400763468,Baylor,Big 12,Texas,Big 12,Home,2015-12-05T17:00:00.000Z,True,False,17,23,L,83,56,23.984
2015,1,400756888,Boise State,Mountain West,Washington,Pac-12,Home,2015-09-05T02:26:00.000Z,True,False,16,13,W,28,20,103.820
2015,1,400852710,Boise State,Mountain West,Northern Illinois,Mid-American,Away,2015-12-23T21:30:00.000Z,True,False,55,7,W,57,66,3.161
2015,2,400787118,Boise State,Mountain West,BYU,FBS Independents,Away,2015-09-13T02:15:00.000Z,True,False,24,35,L,42,48,42.247
2015,4,400756931,Boise State,Mountain West,Virginia,ACC,Away,2015-09-26T00:00:00.000Z,True,False,56,14,W,93,63,7.154
2015,5,400787248,Boise State,Mountain West,Hawai'i,Mountain West,Home,2015-10-04T02:15:00.000Z,True,False,55,0,W,124,125,-175.536
2015,6,400787255,Boise State,Mountain West,Colorado State,Mountain West,Away,2015-10-10T23:00:00.000Z,True,False,41,10,W,72,96,-67.213
2015,7,400790882,Boise State,Mountain West,Utah State,Mountain West,Away,2015-10-17T01:00:00.000Z,True,False,26,52,L,50,68,0.395
2015,8,400787267,Boise State,Mountain West,Wyoming,Mountain West,Home,2015-10-25T02:21:00.000Z,True,False,34,14,W,113,118,-151.077
2015,9,400787272,Boise State,Mountain West,UNLV,Mountain West,Away,2015-10-31T19:30:00.000Z,True,False,55,27,W,103,109,-120.688
2015,11,400787281,Boise State,Mountain West,New Mexico,Mountain West,Home,2015-11-15T03:15:00.000Z,True,False,24,31,L,85,100,-92.176
2015,12,400790881,Boise State,Mountain West,Air Force,Mountain West,Home,2015-11-21T02:30:00.000Z,True,False,30,37,L,51,83,-24.371
2015,13,400790888,Boise State,Mountain West,San José State,Mountain West,Away,2015-11-27T20:30:00.000Z,True,False,40,23,W,70,94,-63.447
2015,3,400756920,Boston College,ACC,Florida State,ACC,Home,2015-09-19T00:00:00.000Z,True,False,0,14,L,18,16,114.095
2015,4,400756932,Boston College,ACC,Northern Illinois,Mid-American,Home,2015-09-26T17:00:00.000Z,True,False,17,14,W,57,66,3.161
2015,5,400756939,Boston College,ACC,Duke,ACC,Away,2015-10-03T19:30:00.000Z,True,False,7,9,L,59,60,17.947
2015,6,400756947,Boston College,ACC,Wake Forest,ACC,Home,2015-10-10T19:00:00.000Z,True,False,0,3,L,105,91,-44.681
2015,7,400756953,Boston College,ACC,Clemson,ACC,Away,2015-10-17T23:00:00.000Z,True,False,17,34,L,14,4,153.808
2015,8,400756959,Boston College,ACC,Louisville,ACC,Away,2015-10-24T16:30:00.000Z,True,False,14,17,L,61,43,48.013
2015,9,400756968,Boston College,ACC,Virginia Tech,ACC,Home,2015-10-31T16:30:00.000Z,True,False,10,26,L,60,47,43.305
2015,10,400756973,Boston College,ACC,NC State,ACC,Home,2015-11-07T17:30:00.000Z,True,False,8,24,L,43,46,44.159
2015,12,400756986,Boston College,ACC,Notre Dame,FBS Independents,Away,2015-11-22T00:30:00.000Z,True,False,16,19,L,22,8,137.326
2015,13,400756995,Boston College,ACC,Syracuse,ACC,Away,2015-11-28T17:30:00.000Z,True,False,17,20,L,95,73,-4.864
2015,1,400834350,Bowling Green,Mid-American,Tennessee,SEC,Away,2015-09-05T20:00:00.000Z,True,False,30,59,L,20,10,126.534
2015,1,400852711,Bowling Green,Mid-American,Georgia Southern,Sun Belt,Home,2015-12-24T01:00:00.000Z,True,False,27,58,L,21,52,36.021
2015,2,400763502,Bowling Green,Mid-American,Maryland,Big Ten,Away,2015-09-12T16:00:00.000Z,True,False,48,27,W,101,71,-3.784
2015,3,400764864,Bowling Green,Mid-American,Memphis,American Athletic,Home,2015-09-19T19:00:00.000Z,True,False,41,44,L,30,42,51.058
2015,4,400763526,Bowling Green,Mid-American,Purdue,Big Ten,Away,2015-09-26T16:00:00.000Z,True,False,35,28,W,107,93,-55.737
2015,5,400787318,Bowling Green,Mid-American,Buffalo,Mid-American,Away,2015-10-03T19:30:00.000Z,True,False,28,22,W,77,92,-54.975
2015,6,400787321,Bowling Green,Mid-American,Massachusetts,Mid-American,Home,2015-10-10T18:00:00.000Z,True,False,62,38,W,100,101,-96.950
2015,7,400787331,Bowling Green,Mid-American,Akron,Mid-American,Home,2015-10-17T19:00:00.000Z,True,False,59,10,W,71,88,-30.923
2015,8,400787334,Bowling Green,Mid-American,Kent State,Mid-American,Away,2015-10-24T17:00:00.000Z,True,False,48,0,W,118,111,-123.377
2015,10,400787344,Bowling Green,Mid-American,Ohio,Mid-American,Home,2015-11-05T01:00:00.000Z,True,False,62,24,W,62,85,-26.109
2015,11,400787352,Bowling Green,Mid-American,Western Michigan,Mid-American,Away,2015-11-12T01:00:00.000Z,True,False,41,27,W,46,62,11.443
2015,12,400787356,Bowling Green,Mid-American,Toledo,Mid-American,Home,2015-11-17T23:00:00.000Z,True,False,28,44,L,9,26,87.967
2015,13,400787361,Bowling Green,Mid-American,Ball State,Mid-American,Away,2015-11-25T00:00:00.000Z,True,False,48,10,W,112,103,-100.709
2015,14,400852680,Bowling Green,Mid-American,Northern Illinois,Mid-American,Away,2015-12-05T01:00:00.000Z,True,False,34,14,W,57,66,3.161
2015,2,400763506,Buffalo,Mid-American,Penn State,Big Ten,Away,2015-09-12T16:00:00.000Z,True,False,14,27,L,58,49,40.788
2015,3,400763600,Buffalo,Mid-American,Florida Atlantic,Conference USA,Away,2015-09-19T16:00:00.000Z,True,False,33,15,W,89,104,-102.076
2015,4,400787245,Buffalo,Mid-American,Nevada,Mountain West,Home,2015-09-26T19:30:00.000Z,True,False,21,24,L,79,98,-80.691
2015,5,400787318,Buffalo,Mid-American,Bowling Green,Mid-American,Home,2015-10-03T19:30:00.000Z,True,False,22,28,L,16,34,67.829
2015,7,400787332,Buffalo,Mid-American,Central Michigan,Mid-American,Away,2015-10-17T17:00:00.000Z,True,False,14,51,L,55,78,-12.228
2015,8,400787333,Buffalo,Mid-American,Ohio,Mid-American,Home,2015-10-24T19:30:00.000Z,True,False,41,17,W,62,85,-26.109
2015,9,400787340,Buffalo,Mid-American,Miami (OH),Mid-American,Away,2015-10-29T23:30:00.000Z,True,False,29,24,W,111,110,-121.753
2015,10,400787345,Buffalo,Mid-American,Kent State,Mid-American,Away,2015-11-06T00:00:00.000Z,True,False,18,17,W,118,111,-123.377
2015,11,400787351,Buffalo,Mid-American,Northern Illinois,Mid-American,Home,2015-11-12T01:00:00.000Z,True,False,30,41,L,57,66,3.161
2015,12,400787360,Buffalo,Mid-American,Akron,Mid-American,Away,2015-11-21T20:30:00.000Z,True,False,21,42,L,71,88,-30.923
2015,13,400787365,Buffalo,Mid-American,Massachusetts,Mid-American,Home,2015-11-27T21:30:00.000Z,True,False,26,31,L,100,101,-96.950
2015,1,400852723,California,Pac-12,Air Force,Mountain West,Away,2015-12-29T19:00:00.000Z,True,False,55,36,W,51,83,-24.371
2015,2,400757022,California,Pac-12,San Diego State,Mountain West,Home,2015-09-12T21:00:00.000Z,True,False,35,7,W,13,50,39.874
2015,3,400757034,California,Pac-12,Texas,Big 12,Away,2015-09-19T23:30:00.000Z,True,False,45,44,W,83,56,23.984
2015,4,400757040,California,Pac-12,Washington,Pac-12,Away,2015-09-26T21:00:00.000Z,True,False,30,24,W,28,20,103.820
2015,5,400757044,California,Pac-12,Washington State,Pac-12,Home,2015-10-03T20:00:00.000Z,True,False,34,28,W,52,35,66.479
2015,6,400757048,California,Pac-12,Utah,Pac-12,Away,2015-10-11T02:15:00.000Z,True,False,24,30,L,29,19,105.120
2015,8,400757056,California,Pac-12,UCLA,Pac-12,Away,2015-10-23T01:00:00.000Z,True,False,24,40,L,41,27,82.414
2015,9,400757063,California,Pac-12,USC,Pac-12,Home,2015-10-31T19:00:00.000Z,True,False,21,27,L,32,22,98.131
2015,10,400757072,California,Pac-12,Oregon,Pac-12,Away,2015-11-08T03:30:00.000Z,True,False,28,44,L,47,18,107.392
2015,11,400757078,California,Pac-12,Oregon State,Pac-12,Home,2015-11-15T03:30:00.000Z,True,False,54,24,W,123,95,-65.724
2015,12,400757084,California,Pac-12,Stanford,Pac-12,Away,2015-11-22T03:30:00.000Z,True,False,22,35,L,5,2,177.800
2015,13,400757087,California,Pac-12,Arizona State,Pac-12,Home,2015-11-29T03:00:00.000Z,True,False,48,46,W,65,38,57.777
2015,1,400763399,Central Michigan,Mid-American,Oklahoma State,Big 12,Home,2015-09-03T23:00:00.000Z,True,False,13,24,L,36,37,62.307
2015,1,400852722,Central Michigan,Mid-American,Minnesota,Big Ten,Away,2015-12-28T22:00:00.000Z,True,False,14,21,L,78,64,5.110
2015,3,400756927,Central Michigan,Mid-American,Syracuse,ACC,Away,2015-09-19T16:30:00.000Z,True,False,27,30,L,95,73,-4.864
2015,4,400763520,Central Michigan,Mid-American,Michigan State,Big Ten,Away,2015-09-26T16:00:00.000Z,True,False,10,30,L,33,12,120.909
2015,5,400787315,Central Michigan,Mid-American,Northern Illinois,Mid-American,Home,2015-10-03T19:00:00.000Z,True,False,29,19,W,57,66,3.161
2015,6,400787323,Central Michigan,Mid-American,Western Michigan,Mid-American,Away,2015-10-10T16:00:00.000Z,True,False,39,41,L,46,62,11.443
2015,7,400787332,Central Michigan,Mid-American,Buffalo,Mid-American,Home,2015-10-17T17:00:00.000Z,True,False,51,14,W,77,92,-54.975
2015,8,400787336,Central Michigan,Mid-American,Ball State,Mid-American,Away,2015-10-24T19:00:00.000Z,True,False,23,21,W,112,103,-100.709
2015,9,400787341,Central Michigan,Mid-American,Akron,Mid-American,Away,2015-10-31T18:00:00.000Z,True,False,14,6,W,71,88,-30.923
2015,11,400787350,Central Michigan,Mid-American,Toledo,Mid-American,Home,2015-11-11T01:00:00.000Z,True,False,23,28,L,9,26,87.967
2015,12,400787357,Central Michigan,Mid-American,Kent State,Mid-American,Away,2015-11-19T01:00:00.000Z,True,False,27,14,W,118,111,-123.377
2015,13,400787364,Central Michigan,Mid-American,Eastern Michigan,Mid-American,Home,2015-11-27T18:00:00.000Z,True,False,35,28,W,115,126,-175.722
2015,1,400763587,Charlotte,Conference USA,Georgia State,Sun Belt,Away,2015-09-04T19:30:00.000Z,True,False,23,20,W,73,97,-77.309
2015,3,400763603,Charlotte,Conference USA,Middle Tennessee,Conference USA,Away,2015-09-19T23:00:00.000Z,True,False,14,73,L,53,89,-37.682
2015,4,400763607,Charlotte,Conference USA,Florida Atlantic,Conference USA,Home,2015-09-26T23:00:00.000Z,True,False,7,17,L,89,104,-102.076
2015,5,400763614,Charlotte,Conference USA,Temple,American Athletic,Home,2015-10-02T23:00:00.000Z,True,False,3,37,L,24,39,57.262
2015,7,400763630,Charlotte,Conference USA,Old Dominion,Conference USA,Away,2015-10-17T19:30:00.000Z,True,False,34,37,L,108,124,-174.665
2015,8,400763632,Charlotte,Conference USA,Southern Miss,Conference USA,Home,2015-10-24T16:00:00.000Z,True,False,10,44,L,25,79,-12.406
2015,9,400763637,Charlotte,Conference USA,Marshall,Conference USA,Home,2015-10-31T19:30:00.000Z,True,False,10,34,L,23,72,-4.639
2015,10,400763643,Charlotte,Conference USA,Florida International,Conference USA,Away,2015-11-07T17:00:00.000Z,True,False,31,48,L,97,107,-107.303
2015,11,400763649,Charlotte,Conference USA,UTSA,Conference USA,Home,2015-11-14T19:00:00.000Z,True,False,27,30,L,102,115,-145.740
2015,12,400603926,Charlotte,Conference USA,Kentucky,SEC,Away,2015-11-22T00:30:00.000Z,True,False,10,58,L,84,86,-27.341
2015,13,400763662,Charlotte,Conference USA,Rice,Conference USA,Away,2015-11-28T20:30:00.000Z,True,False,7,27,L,119,114,-141.731
2015,1,400852714,Cincinnati,American Athletic,San Diego State,Mountain West,Home,2015-12-25T01:00:00.000Z,True,False,7,42,L,13,50,39.874
2015,2,400764862,Cincinnati,American Athletic,Temple,American Athletic,Home,2015-09-13T00:00:00.000Z,True,False,26,34,L,24,39,57.262
2015,3,400764865,Cincinnati,American Athletic,Miami (OH),Mid-American,Away,2015-09-19T19:30:00.000Z,True,False,37,33,W,111,110,-121.753
2015,4,400764870,Cincinnati,American Athletic,Memphis,American Athletic,Away,2015-09-24T23:30:00.000Z,True,False,46,53,L,30,42,51.058
2015,5,400764873,Cincinnati,American Athletic,Miami,ACC,Home,2015-10-01T23:30:00.000Z,True,False,34,23,W,86,45,44.334
2015,7,400764886,Cincinnati,American Athletic,BYU,FBS Independents,Away,2015-10-17T00:00:00.000Z,True,False,24,38,L,42,48,42.247
2015,8,400764892,Cincinnati,American Athletic,UConn,American Athletic,Home,2015-10-24T20:30:00.000Z,True,False,37,13,W,80,90,-42.678
2015,9,400764897,Cincinnati,American Athletic,UCF,American Athletic,Home,2015-10-31T16:00:00.000Z,True,False,52,7,W,127,119,-153.232
2015,10,400764903,Cincinnati,American Athletic,Houston,American Athletic,Away,2015-11-07T20:30:00.000Z,True,False,30,33,L,4,21,99.908
2015,11,400764907,Cincinnati,American Athletic,Tulsa,American Athletic,Home,2015-11-15T00:30:00.000Z,True,False,49,38,W,67,84,-25.229
2015,12,400764912,Cincinnati,American Athletic,South Florida,American Athletic,Away,2015-11-21T01:00:00.000Z,True,False,27,65,L,38,44,45.866
2015,13,400764919,Cincinnati,American Athletic,East Carolina,American Athletic,Away,2015-11-28T17:00:00.000Z,True,False,19,16,W,64,76,-9.186
2015,1,400852733,Clemson,ACC,Oklahoma,Big 12,Home,2015-12-31T21:00:00.000Z,True,False,37,17,W,1,5,152.652
2015,1,400852743,Clemson,ACC,Alabama,SEC,Home,2016-01-12T01:30:00.000Z,True,False,40,45,L,7,1,197.353
2015,2,400756907,Clemson,ACC,App State,Sun Belt,Home,2015-09-12T16:30:00.000Z,True,False,41,10,W,12,54,31.082
2015,3,400756919,Clemson,ACC,Louisville,ACC,Away,2015-09-17T23:30:00.000Z,True,False,20,17,W,61,43,48.013
2015,5,400756940,Clemson,ACC,Notre Dame,FBS Independents,Home,2015-10-04T00:00:00.000Z,True,False,24,22,W,22,8,137.326
2015,6,400756948,Clemson,ACC,Georgia Tech,ACC,Home,2015-10-10T19:30:00.000Z,True,False,43,24,W,76,58,18.901
2015,7,400756953,Clemson,ACC,Boston College,ACC,Home,2015-10-17T23:00:00.000Z,True,False,34,17,W,92,70,-0.976
2015,8,400756960,Clemson,ACC,Miami,ACC,Away,2015-10-24T16:00:00.000Z,True,False,58,0,W,86,45,44.334
2015,9,400756969,Clemson,ACC,NC State,ACC,Away,2015-10-31T19:30:00.000Z,True,False,56,41,W,43,46,44.159
2015,10,400756974,Clemson,ACC,Florida State,ACC,Home,2015-11-07T20:30:00.000Z,True,False,23,13,W,18,16,114.095
2015,11,400756980,Clemson,ACC,Syracuse,ACC,Away,2015-11-14T20:30:00.000Z,True,False,37,27,W,95,73,-4.864
2015,12,400756987,Clemson,ACC,Wake Forest,ACC,Home,2015-11-21T20:30:00.000Z,True,False,33,13,W,105,91,-44.681
2015,13,400603919,Clemson,ACC,South Carolina,SEC,Away,2015-11-28T17:00:00.000Z,True,False,37,32,W,91,65,4.957
2015,14,400852676,Clemson,ACC,North Carolina,ACC,Home,2015-12-06T01:00:00.000Z,True,False,45,37,W,10,6,139.599
2015,1,400787107,Colorado,Pac-12,Hawai'i,Mountain West,Away,2015-09-04T05:00:00.000Z,True,False,20,28,L,124,125,-175.536
2015,2,400757016,Colorado,Pac-12,Massachusetts,Mid-American,Home,2015-09-12T18:00:00.000Z,True,False,48,14,W,100,101,-96.950
2015,3,400757028,Colorado,Pac-12,Colorado State,Mountain West,Away,2015-09-19T23:00:00.000Z,True,False,27,24,W,72,96,-67.213
2015,5,400757043,Colorado,Pac-12,Oregon,Pac-12,Home,2015-10-04T03:05:00.000Z,True,False,24,41,L,47,18,107.392
2015,6,400757047,Colorado,Pac-12,Arizona State,Pac-12,Away,2015-10-11T02:00:00.000Z,True,False,23,48,L,65,38,57.777
2015,7,400757051,Colorado,Pac-12,Arizona,Pac-12,Home,2015-10-18T01:00:00.000Z,True,False,31,38,L,74,61,13.260
2015,8,400757059,Colorado,Pac-12,Oregon State,Pac-12,Away,2015-10-25T02:30:00.000Z,True,False,17,13,W,123,95,-65.724
2015,9,400757064,Colorado,Pac-12,UCLA,Pac-12,Away,2015-10-31T19:00:00.000Z,True,False,31,35,L,41,27,82.414
2015,10,400757070,Colorado,Pac-12,Stanford,Pac-12,Home,2015-11-07T18:00:00.000Z,True,False,10,42,L,5,2,177.800
2015,11,400757073,Colorado,Pac-12,USC,Pac-12,Home,2015-11-14T02:00:00.000Z,True,False,24,27,L,32,22,98.131
2015,12,400757082,Colorado,Pac-12,Washington State,Pac-12,Away,2015-11-22T03:45:00.000Z,True,False,3,27,L,52,35,66.479
2015,13,400757089,Colorado,Pac-12,Utah,Pac-12,Away,2015-11-28T19:30:00.000Z,True,False,14,20,L,29,19,105.120
2015,1,400852725,Colorado State,Mountain West,Nevada,Mountain West,Home,2015-12-30T00:30:00.000Z,True,False,23,28,L,79,98,-80.691
2015,2,400763499,Colorado State,Mountain West,Minnesota,Big Ten,Home,2015-09-12T19:30:00.000Z,True,False,20,23,L,78,64,5.110
2015,3,400757028,Colorado State,Mountain West,Colorado,Pac-12,Home,2015-09-19T23:00:00.000Z,True,False,24,27,L,94,77,-11.804
2015,4,400763612,Colorado State,Mountain West,UTSA,Conference USA,Away,2015-09-26T23:00:00.000Z,True,False,33,31,W,102,115,-145.740
2015,5,400787249,Colorado State,Mountain West,Utah State,Mountain West,Away,2015-10-03T23:00:00.000Z,True,False,18,33,L,50,68,0.395
2015,6,400787255,Colorado State,Mountain West,Boise State,Mountain West,Home,2015-10-10T23:00:00.000Z,True,False,10,41,L,15,55,28.877
2015,7,400787260,Colorado State,Mountain West,Air Force,Mountain West,Home,2015-10-17T19:30:00.000Z,True,False,38,23,W,51,83,-24.371
2015,9,400787273,Colorado State,Mountain West,San Diego State,Mountain West,Home,2015-10-31T19:30:00.000Z,True,False,17,41,L,13,50,39.874
2015,10,400787275,Colorado State,Mountain West,Wyoming,Mountain West,Away,2015-11-07T20:00:00.000Z,True,False,26,7,W,113,118,-151.077
2015,11,400787282,Colorado State,Mountain West,UNLV,Mountain West,Home,2015-11-15T00:00:00.000Z,True,False,49,35,W,103,109,-120.688
2015,12,400787287,Colorado State,Mountain West,New Mexico,Mountain West,Away,2015-11-21T22:30:00.000Z,True,False,28,21,W,85,100,-92.176
2015,13,400787294,Colorado State,Mountain West,Fresno State,Mountain West,Away,2015-11-29T02:00:00.000Z,True,False,34,31,W,122,117,-150.137
2015,1,400756894,Duke,ACC,Tulane,American Athletic,Away,2015-09-04T01:30:00.000Z,True,False,37,7,W,125,120,-156.481
2015,1,400852718,Duke,ACC,Indiana,Big Ten,Home,2015-12-26T20:30:00.000Z,True,False,44,41,W,68,57,22.140
2015,3,400756921,Duke,ACC,Northwestern,Big Ten,Home,2015-09-19T16:30:00.000Z,True,False,10,19,L,75,51,38.687
2015,4,400756933,Duke,ACC,Georgia Tech,ACC,Home,2015-09-26T16:00:00.000Z,True,False,34,20,W,76,58,18.901
2015,5,400756939,Duke,ACC,Boston College,ACC,Home,2015-10-03T19:30:00.000Z,True,False,9,7,W,92,70,-0.976
2015,6,400756949,Duke,ACC,Army,FBS Independents,Away,2015-10-10T16:00:00.000Z,True,False,44,3,W,96,105,-104.106
2015,8,400756961,Duke,ACC,Virginia Tech,ACC,Away,2015-10-24T19:30:00.000Z,True,False,45,43,W,60,47,43.305
2015,9,400756970,Duke,ACC,Miami,ACC,Home,2015-10-31T23:00:00.000Z,True,False,27,30,L,86,45,44.334
2015,10,400756975,Duke,ACC,North Carolina,ACC,Away,2015-11-07T17:00:00.000Z,True,False,31,66,L,10,6,139.599
2015,11,400756981,Duke,ACC,Pittsburgh,ACC,Home,2015-11-14T17:00:00.000Z,True,False,13,31,L,56,36,66.459
2015,12,400756988,Duke,ACC,Virginia,ACC,Away,2015-11-21T20:30:00.000Z,True,False,34,42,L,93,63,7.154
2015,13,400756996,Duke,ACC,Wake Forest,ACC,Away,2015-11-28T17:30:00.000Z,True,False,27,21,W,105,91,-44.681
2015,2,400603864,East Carolina,American Athletic,Florida,SEC,Away,2015-09-12T23:00:00.000Z,True,False,24,31,L,44,32,69.189
2015,3,400764866,East Carolina,American Athletic,Navy,American Athletic,Away,2015-09-19T19:30:00.000Z,True,False,21,45,L,11,23,97.846
2015,4,400756937,East Carolina,American Athletic,Virginia Tech,ACC,Home,2015-09-26T19:30:00.000Z,True,False,35,28,W,60,47,43.305
2015,5,400764877,East Carolina,American Athletic,SMU,American Athletic,Away,2015-10-03T20:00:00.000Z,True,False,49,23,W,117,99,-82.576
2015,6,400764881,East Carolina,American Athletic,BYU,FBS Independents,Away,2015-10-10T23:30:00.000Z,True,False,38,45,L,42,48,42.247
2015,7,400764888,East Carolina,American Athletic,Tulsa,American Athletic,Home,2015-10-17T16:00:00.000Z,True,False,30,17,W,67,84,-25.229
2015,8,400764890,East Carolina,American Athletic,Temple,American Athletic,Home,2015-10-22T23:00:00.000Z,True,False,14,24,L,24,39,57.262
2015,9,400764896,East Carolina,American Athletic,UConn,American Athletic,Away,2015-10-30T23:00:00.000Z,True,False,13,31,L,80,90,-42.678
2015,10,400764902,East Carolina,American Athletic,South Florida,American Athletic,Home,2015-11-08T00:30:00.000Z,True,False,17,22,L,38,44,45.866
2015,12,400764911,East Carolina,American Athletic,UCF,American Athletic,Away,2015-11-20T00:30:00.000Z,True,False,44,7,W,127,119,-153.232
2015,13,400764919,East Carolina,American Athletic,Cincinnati,American Athletic,Home,2015-11-28T17:00:00.000Z,True,False,16,19,L,69,75,-5.749
2015,1,400763588,Eastern Michigan,Mid-American,Old Dominion,Conference USA,Home,2015-09-05T19:30:00.000Z,True,False,34,38,L,108,124,-174.665
2015,2,400787119,Eastern Michigan,Mid-American,Wyoming,Mountain West,Away,2015-09-12T20:00:00.000Z,True,False,48,29,W,113,118,-151.077
2015,3,400787311,Eastern Michigan,Mid-American,Ball State,Mid-American,Home,2015-09-19T19:00:00.000Z,True,False,17,28,L,112,103,-100.709
2015,4,400760493,Eastern Michigan,Mid-American,Army,FBS Independents,Home,2015-09-26T22:00:00.000Z,True,False,36,58,L,96,105,-104.106
2015,5,400603881,Eastern Michigan,Mid-American,LSU,SEC,Away,2015-10-03T23:00:00.000Z,True,False,22,44,L,31,9,128.093
2015,6,400787322,Eastern Michigan,Mid-American,Akron,Mid-American,Home,2015-10-10T19:00:00.000Z,True,False,21,47,L,71,88,-30.923
2015,7,400787330,Eastern Michigan,Mid-American,Toledo,Mid-American,Away,2015-10-17T16:00:00.000Z,True,False,20,63,L,9,26,87.967
2015,8,400787335,Eastern Michigan,Mid-American,Northern Illinois,Mid-American,Away,2015-10-24T19:30:00.000Z,True,False,21,49,L,57,66,3.161
2015,9,400787339,Eastern Michigan,Mid-American,Western Michigan,Mid-American,Home,2015-10-29T23:30:00.000Z,True,False,28,58,L,46,62,11.443
2015,10,400787347,Eastern Michigan,Mid-American,Miami (OH),Mid-American,Away,2015-11-07T19:30:00.000Z,True,False,13,28,L,111,110,-121.753
2015,11,400787354,Eastern Michigan,Mid-American,Massachusetts,Mid-American,Home,2015-11-14T20:00:00.000Z,True,False,17,28,L,100,101,-96.950
2015,13,400787364,Eastern Michigan,Mid-American,Central Michigan,Mid-American,Away,2015-11-27T18:00:00.000Z,True,False,28,35,L,55,78,-12.228
2015,1,400603830,Florida,SEC,New Mexico State,Sun Belt,Home,2015-09-05T23:30:00.000Z,True,False,61,13,W,110,116,-150.054
2015,1,400852735,Florida,SEC,Michigan,Big Ten,Home,2016-01-01T18:00:00.000Z,True,False,7,41,L,8,7,137.673
2015,2,400603864,Florida,SEC,East Carolina,American Athletic,Home,2015-09-12T23:00:00.000Z,True,False,31,24,W,64,76,-9.186
2015,3,400603853,Florida,SEC,Kentucky,SEC,Away,2015-09-19T23:30:00.000Z,True,False,14,9,W,84,86,-27.341
2015,4,400603844,Florida,SEC,Tennessee,SEC,Home,2015-09-26T19:30:00.000Z,True,False,28,27,W,20,10,126.534
2015,5,400603878,Florida,SEC,Ole Miss,SEC,Home,2015-10-03T23:00:00.000Z,True,False,38,10,W,17,11,124.710
2015,6,400603901,Florida,SEC,Missouri,SEC,Away,2015-10-10T23:30:00.000Z,True,False,21,3,W,88,67,2.232
2015,7,400603893,Florida,SEC,LSU,SEC,Away,2015-10-17T23:00:00.000Z,True,False,28,35,L,31,9,128.093
2015,9,400603873,Florida,SEC,Georgia,SEC,Home,2015-10-31T19:30:00.000Z,True,False,27,3,W,37,24,90.120
2015,10,400603906,Florida,SEC,Vanderbilt,SEC,Home,2015-11-07T17:00:00.000Z,True,False,9,7,W,98,80,-13.582
2015,11,400603934,Florida,SEC,South Carolina,SEC,Away,2015-11-14T17:00:00.000Z,True,False,24,14,W,91,65,4.957
2015,12,400603924,Florida,SEC,Florida Atlantic,Conference USA,Home,2015-11-21T17:00:00.000Z,True,False,20,14,W,89,104,-102.076
2015,13,400603914,Florida,SEC,Florida State,ACC,Home,2015-11-29T00:30:00.000Z,True,False,2,27,L,18,16,114.095
2015,14,400852681,Florida,SEC,Alabama,SEC,Away,2015-12-05T21:00:00.000Z,True,False,15,29,L,7,1,197.353
2015,1,400763592,Florida Atlantic,Conference USA,Tulsa,American Athletic,Away,2015-09-05T19:30:00.000Z,True,False,44,47,L,67,84,-25.229
2015,2,400756912,Florida Atlantic,Conference USA,Miami,ACC,Home,2015-09-12T00:00:00.000Z,True,False,20,44,L,86,45,44.334
2015,3,400763600,Florida Atlantic,Conference USA,Buffalo,Mid-American,Home,2015-09-19T16:00:00.000Z,True,False,15,33,L,77,92,-54.975
2015,4,400763607,Florida Atlantic,Conference USA,Charlotte,Conference USA,Away,2015-09-26T23:00:00.000Z,True,False,17,7,W,121,128,-194.370
2015,6,400763621,Florida Atlantic,Conference USA,Rice,Conference USA,Home,2015-10-10T18:30:00.000Z,True,False,26,27,L,119,114,-141.731
2015,7,400763627,Florida Atlantic,Conference USA,Marshall,Conference USA,Home,2015-10-17T16:00:00.000Z,True,False,17,33,L,23,72,-4.639
2015,8,400763636,Florida Atlantic,Conference USA,UTEP,Conference USA,Away,2015-10-24T23:00:00.000Z,True,False,17,27,L,114,123,-170.768
2015,9,400763638,Florida Atlantic,Conference USA,Florida International,Conference USA,Home,2015-10-31T19:30:00.000Z,True,False,31,17,W,97,107,-107.303
2015,10,400763648,Florida Atlantic,Conference USA,Western Kentucky,Conference USA,Away,2015-11-07T17:00:00.000Z,True,False,19,35,L,3,41,52.774
2015,11,400763650,Florida Atlantic,Conference USA,Middle Tennessee,Conference USA,Home,2015-11-14T17:00:00.000Z,True,False,17,24,L,53,89,-37.682
2015,12,400603924,Florida Atlantic,Conference USA,Florida,SEC,Away,2015-11-21T17:00:00.000Z,True,False,14,20,L,44,32,69.189
2015,13,400763661,Florida Atlantic,Conference USA,Old Dominion,Conference USA,Away,2015-11-28T17:00:00.000Z,True,False,33,31,W,108,124,-174.665
2015,1,400763593,Florida International,Conference USA,UCF,American Athletic,Away,2015-09-03T22:00:00.000Z,True,False,15,14,W,127,119,-153.232
2015,2,400763501,Florida International,Conference USA,Indiana,Big Ten,Away,2015-09-13T00:00:00.000Z,True,False,22,36,L,68,57,22.140
2015,4,400763609,Florida International,Conference USA,Louisiana Tech,Conference USA,Away,2015-09-26T18:30:00.000Z,True,False,17,27,L,35,74,-5.731
2015,5,400763620,Florida International,Conference USA,Massachusetts,Mid-American,Away,2015-10-03T19:00:00.000Z,True,False,14,24,L,100,101,-96.950
2015,6,400763622,Florida International,Conference USA,UTEP,Conference USA,Home,2015-10-10T16:00:00.000Z,True,False,52,12,W,114,123,-170.768
2015,7,400763628,Florida International,Conference USA,Middle Tennessee,Conference USA,Away,2015-10-17T16:00:00.000Z,True,False,34,42,L,53,89,-37.682
2015,8,400763633,Florida International,Conference USA,Old Dominion,Conference USA,Home,2015-10-24T22:00:00.000Z,True,False,41,12,W,108,124,-174.665
2015,9,400763638,Florida International,Conference USA,Florida Atlantic,Conference USA,Away,2015-10-31T19:30:00.000Z,True,False,17,31,L,89,104,-102.076
2015,10,400763643,Florida International,Conference USA,Charlotte,Conference USA,Home,2015-11-07T17:00:00.000Z,True,False,48,31,W,121,128,-194.370
2015,11,400763651,Florida International,Conference USA,Marshall,Conference USA,Away,2015-11-14T20:30:00.000Z,True,False,0,52,L,23,72,-4.639
2015,12,400763654,Florida International,Conference USA,Western Kentucky,Conference USA,Home,2015-11-21T19:30:00.000Z,True,False,7,63,L,3,41,52.774
2015,1,400756899,Florida State,ACC,Texas State,Sun Belt,Home,2015-09-06T01:03:00.000Z,True,False,59,16,W,120,121,-161.379
2015,1,400852731,Florida State,ACC,Houston,American Athletic,Home,2015-12-31T17:00:00.000Z,True,False,24,38,L,4,21,99.908
2015,2,400792601,Florida State,ACC,South Florida,American Athletic,Home,2015-09-12T15:30:00.000Z,True,False,34,14,W,38,44,45.866
2015,3,400756920,Florida State,ACC,Boston College,ACC,Away,2015-09-19T00:00:00.000Z,True,False,14,0,W,92,70,-0.976
2015,5,400756941,Florida State,ACC,Wake Forest,ACC,Away,2015-10-03T19:30:00.000Z,True,False,24,16,W,105,91,-44.681
2015,6,400756950,Florida State,ACC,Miami,ACC,Home,2015-10-11T00:00:00.000Z,True,False,29,24,W,86,45,44.334
2015,7,400756954,Florida State,ACC,Louisville,ACC,Home,2015-10-17T16:00:00.000Z,True,False,41,21,W,61,43,48.013
2015,8,400756962,Florida State,ACC,Georgia Tech,ACC,Away,2015-10-24T23:00:00.000Z,True,False,16,22,L,76,58,18.901
2015,9,400756971,Florida State,ACC,Syracuse,ACC,Home,2015-10-31T16:00:00.000Z,True,False,45,21,W,95,73,-4.864
2015,10,400756974,Florida State,ACC,Clemson,ACC,Away,2015-11-07T20:30:00.000Z,True,False,13,23,L,14,4,153.808
2015,11,400756982,Florida State,ACC,NC State,ACC,Home,2015-11-14T17:30:00.000Z,True,False,34,17,W,43,46,44.159
2015,13,400603914,Florida State,ACC,Florida,SEC,Away,2015-11-29T00:30:00.000Z,True,False,27,2,W,44,32,69.189
2015,2,400603866,Fresno State,Mountain West,Ole Miss,SEC,Away,2015-09-12T19:30:00.000Z,True,False,21,73,L,17,11,124.710
2015,3,400757029,Fresno State,Mountain West,Utah,Pac-12,Home,2015-09-20T02:30:00.000Z,True,False,24,45,L,29,19,105.120
2015,4,400787244,Fresno State,Mountain West,San José State,Mountain West,Away,2015-09-27T02:30:00.000Z,True,False,23,49,L,70,94,-63.447
2015,5,400787250,Fresno State,Mountain West,San Diego State,Mountain West,Away,2015-10-04T02:30:00.000Z,True,False,7,21,L,13,50,39.874
2015,6,400787256,Fresno State,Mountain West,Utah State,Mountain West,Home,2015-10-11T02:30:00.000Z,True,False,14,56,L,50,68,0.395
2015,7,400790883,Fresno State,Mountain West,UNLV,Mountain West,Home,2015-10-17T02:30:00.000Z,True,False,31,28,W,103,109,-120.688
2015,8,400787266,Fresno State,Mountain West,Air Force,Mountain West,Away,2015-10-24T18:00:00.000Z,True,False,14,42,L,51,83,-24.371
2015,10,400790886,Fresno State,Mountain West,Nevada,Mountain West,Home,2015-11-06T03:30:00.000Z,True,False,16,30,L,79,98,-80.691
2015,11,400787283,Fresno State,Mountain West,Hawai'i,Mountain West,Away,2015-11-15T04:00:00.000Z,True,False,42,14,W,124,125,-175.536
2015,12,400787288,Fresno State,Mountain West,BYU,FBS Independents,Away,2015-11-21T20:00:00.000Z,True,False,10,52,L,42,48,42.247
2015,13,400787294,Fresno State,Mountain West,Colorado State,Mountain West,Home,2015-11-29T02:00:00.000Z,True,False,31,34,L,72,96,-67.213
2015,1,400603831,Georgia,SEC,UL Monroe,Sun Belt,Home,2015-09-05T16:00:00.000Z,True,False,51,14,W,116,122,-165.236
2015,1,400852739,Georgia,SEC,Penn State,Big Ten,Home,2016-01-02T17:00:00.000Z,True,False,24,17,W,58,49,40.788
2015,2,400603870,Georgia,SEC,Vanderbilt,SEC,Away,2015-09-12T19:30:00.000Z,True,False,31,14,W,98,80,-13.582
2015,3,400603852,Georgia,SEC,South Carolina,SEC,Home,2015-09-19T22:00:00.000Z,True,False,52,20,W,91,65,4.957
2015,5,400603879,Georgia,SEC,Alabama,SEC,Home,2015-10-03T19:30:00.000Z,True,False,10,38,L,7,1,197.353
2015,6,400603904,Georgia,SEC,Tennessee,SEC,Away,2015-10-10T19:30:00.000Z,True,False,31,38,L,20,10,126.534
2015,7,400603892,Georgia,SEC,Missouri,SEC,Home,2015-10-17T23:30:00.000Z,True,False,9,6,W,88,67,2.232
2015,9,400603873,Georgia,SEC,Florida,SEC,Away,2015-10-31T19:30:00.000Z,True,False,3,27,L,44,32,69.189
2015,10,400603907,Georgia,SEC,Kentucky,SEC,Home,2015-11-07T17:00:00.000Z,True,False,27,3,W,84,86,-27.341
2015,11,400603931,Georgia,SEC,Auburn,SEC,Away,2015-11-14T17:00:00.000Z,True,False,20,13,W,63,31,69.983
2015,12,400603925,Georgia,SEC,Georgia Southern,Sun Belt,Home,2015-11-22T00:00:00.000Z,True,False,23,17,W,21,52,36.021
2015,13,400603915,Georgia,SEC,Georgia Tech,ACC,Away,2015-11-28T17:00:00.000Z,True,False,13,7,W,76,58,18.901
2015,1,400763407,Georgia Southern,Sun Belt,West Virginia,Big 12,Away,2015-09-05T23:30:00.000Z,True,False,0,44,L,39,33,68.575
2015,1,400852711,Georgia Southern,Sun Belt,Bowling Green,Mid-American,Away,2015-12-24T01:00:00.000Z,True,False,58,27,W,16,34,67.829
2015,2,400787308,Georgia Southern,Sun Belt,Western Michigan,Mid-American,Home,2015-09-12T22:00:00.000Z,True,False,43,17,W,46,62,11.443
2015,4,400787443,Georgia Southern,Sun Belt,Idaho,Sun Belt,Away,2015-09-27T01:00:00.000Z,True,False,44,20,W,109,113,-140.118
2015,5,400787445,Georgia Southern,Sun Belt,UL Monroe,Sun Belt,Away,2015-10-03T23:00:00.000Z,True,False,51,31,W,116,122,-165.236
2015,7,400787452,Georgia Southern,Sun Belt,New Mexico State,Sun Belt,Home,2015-10-17T22:00:00.000Z,True,False,56,26,W,110,116,-150.054
2015,8,400787455,Georgia Southern,Sun Belt,App State,Sun Belt,Away,2015-10-22T23:30:00.000Z,True,False,13,31,L,12,54,31.082
2015,9,400787459,Georgia Southern,Sun Belt,Texas State,Sun Belt,Home,2015-10-29T23:30:00.000Z,True,False,37,13,W,120,121,-161.379
2015,11,400787472,Georgia Southern,Sun Belt,Troy,Sun Belt,Away,2015-11-14T20:30:00.000Z,True,False,45,10,W,82,102,-98.169
2015,12,400603925,Georgia Southern,Sun Belt,Georgia,SEC,Away,2015-11-22T00:00:00.000Z,True,False,17,23,L,37,24,90.120
2015,13,400787480,Georgia Southern,Sun Belt,South Alabama,Sun Belt,Home,2015-11-28T19:00:00.000Z,True,False,55,17,W,104,108,-108.226
2015,14,400787484,Georgia Southern,Sun Belt,Georgia State,Sun Belt,Home,2015-12-05T19:00:00.000Z,True,False,7,34,L,73,97,-77.309
2015,1,400763587,Georgia State,Sun Belt,Charlotte,Conference USA,Home,2015-09-04T19:30:00.000Z,True,False,20,23,L,121,128,-194.370
2015,1,400852683,Georgia State,Sun Belt,San José State,Mountain West,Home,2015-12-20T00:00:00.000Z,True,False,16,27,L,70,94,-63.447
2015,2,400787415,Georgia State,Sun Belt,New Mexico State,Sun Belt,Away,2015-09-13T00:00:00.000Z,True,False,34,32,W,110,116,-150.054
2015,3,400757030,Georgia State,Sun Belt,Oregon,Pac-12,Away,2015-09-19T18:00:00.000Z,True,False,28,61,L,47,18,107.392
2015,6,400787448,Georgia State,Sun Belt,App State,Sun Belt,Home,2015-10-10T19:30:00.000Z,True,False,3,37,L,12,54,31.082
2015,7,400787329,Georgia State,Sun Belt,Ball State,Mid-American,Away,2015-10-17T19:00:00.000Z,True,False,31,19,W,112,103,-100.709
2015,9,400787461,Georgia State,Sun Belt,Arkansas State,Sun Belt,Away,2015-10-31T23:00:00.000Z,True,False,34,48,L,45,82,-17.427
2015,10,400787465,Georgia State,Sun Belt,Louisiana,Sun Belt,Home,2015-11-07T19:00:00.000Z,True,False,21,23,L,90,112,-125.468
2015,11,400787473,Georgia State,Sun Belt,Texas State,Sun Belt,Away,2015-11-14T21:00:00.000Z,True,False,41,19,W,120,121,-161.379
2015,12,400787475,Georgia State,Sun Belt,South Alabama,Sun Belt,Home,2015-11-21T19:00:00.000Z,True,False,24,10,W,104,108,-108.226
2015,13,400787477,Georgia State,Sun Belt,Troy,Sun Belt,Home,2015-11-27T19:00:00.000Z,True,False,31,21,W,82,102,-98.169
2015,14,400787484,Georgia State,Sun Belt,Georgia Southern,Sun Belt,Away,2015-12-05T19:00:00.000Z,True,False,34,7,W,21,52,36.021
2015,2,400756910,Georgia Tech,ACC,Tulane,American Athletic,Home,2015-09-12T19:30:00.000Z,True,False,65,10,W,125,120,-156.481
2015,3,400756922,Georgia Tech,ACC,Notre Dame,FBS Independents,Away,2015-09-19T19:30:00.000Z,True,False,22,30,L,22,8,137.326
2015,4,400756933,Georgia Tech,ACC,Duke,ACC,Away,2015-09-26T16:00:00.000Z,True,False,20,34,L,59,60,17.947
2015,5,400756942,Georgia Tech,ACC,North Carolina,ACC,Home,2015-10-03T19:30:00.000Z,True,False,31,38,L,10,6,139.599
2015,6,400756948,Georgia Tech,ACC,Clemson,ACC,Away,2015-10-10T19:30:00.000Z,True,False,24,43,L,14,4,153.808
2015,7,400756955,Georgia Tech,ACC,Pittsburgh,ACC,Home,2015-10-17T16:30:00.000Z,True,False,28,31,L,56,36,66.459
2015,8,400756962,Georgia Tech,ACC,Florida State,ACC,Home,2015-10-24T23:00:00.000Z,True,False,22,16,W,18,16,114.095
2015,9,400756972,Georgia Tech,ACC,Virginia,ACC,Away,2015-10-31T19:00:00.000Z,True,False,21,27,L,93,63,7.154
2015,11,400756979,Georgia Tech,ACC,Virginia Tech,ACC,Home,2015-11-13T00:30:00.000Z,True,False,21,23,L,60,47,43.305
2015,12,400756990,Georgia Tech,ACC,Miami,ACC,Away,2015-11-21T17:30:00.000Z,True,False,21,38,L,86,45,44.334
2015,13,400603915,Georgia Tech,ACC,Georgia,SEC,Home,2015-11-28T17:00:00.000Z,True,False,7,13,L,37,24,90.120
2015,1,400787107,Hawai'i,Mountain West,Colorado,Pac-12,Home,2015-09-04T05:00:00.000Z,True,False,28,20,W,94,77,-11.804
2015,2,400763505,Hawai'i,Mountain West,Ohio State,Big Ten,Away,2015-09-12T19:30:00.000Z,True,False,0,38,L,2,3,167.343
2015,4,400763527,Hawai'i,Mountain West,Wisconsin,Big Ten,Away,2015-09-27T00:00:00.000Z,True,False,0,28,L,19,30,75.067
2015,5,400787248,Hawai'i,Mountain West,Boise State,Mountain West,Away,2015-10-04T02:15:00.000Z,True,False,0,55,L,15,55,28.877
2015,6,400787257,Hawai'i,Mountain West,San Diego State,Mountain West,Home,2015-10-11T03:59:00.000Z,True,False,14,28,L,13,50,39.874
2015,7,400787262,Hawai'i,Mountain West,New Mexico,Mountain West,Away,2015-10-17T23:00:00.000Z,True,False,27,28,L,85,100,-92.176
2015,8,400787268,Hawai'i,Mountain West,Nevada,Mountain West,Away,2015-10-24T20:00:00.000Z,True,False,20,30,L,79,98,-80.691
2015,9,400787271,Hawai'i,Mountain West,Air Force,Mountain West,Home,2015-11-01T02:30:00.000Z,True,False,7,58,L,51,83,-24.371
2015,10,400787277,Hawai'i,Mountain West,UNLV,Mountain West,Away,2015-11-07T23:00:00.000Z,True,False,21,41,L,103,109,-120.688
2015,11,400787283,Hawai'i,Mountain West,Fresno State,Mountain West,Home,2015-11-15T04:00:00.000Z,True,False,14,42,L,122,117,-150.137
2015,12,400787289,Hawai'i,Mountain West,San José State,Mountain West,Home,2015-11-22T04:00:00.000Z,True,False,23,42,L,70,94,-63.447
2015,13,400787295,Hawai'i,Mountain West,UL Monroe,Sun Belt,Home,2015-11-29T04:00:00.000Z,True,False,28,26,W,116,122,-165.236
2015,1,400852731,Houston,American Athletic,Florida State,ACC,Away,2015-12-31T17:00:00.000Z,True,False,38,24,W,18,16,114.095
2015,2,400756911,Houston,American Athletic,Louisville,ACC,Away,2015-09-12T16:00:00.000Z,True,False,34,31,W,61,43,48.013
2015,4,400764872,Houston,American Athletic,Texas State,Sun Belt,Home,2015-09-27T00:00:00.000Z,True,False,59,14,W,120,121,-161.379
2015,5,400764879,Houston,American Athletic,Tulsa,American Athletic,Away,2015-10-03T16:00:00.000Z,True,False,38,24,W,67,84,-25.229
2015,6,400764880,Houston,American Athletic,SMU,American Athletic,Home,2015-10-09T00:00:00.000Z,True,False,49,28,W,117,99,-82.576
2015,7,400764885,Houston,American Athletic,Tulane,American Athletic,Away,2015-10-17T01:00:00.000Z,True,False,42,7,W,125,120,-156.481
2015,8,400764895,Houston,American Athletic,UCF,American Athletic,Away,2015-10-24T16:00:00.000Z,True,False,59,10,W,127,119,-153.232
2015,9,400603874,Houston,American Athletic,Vanderbilt,SEC,Home,2015-10-31T23:00:00.000Z,True,False,34,0,W,98,80,-13.582
2015,10,400764903,Houston,American Athletic,Cincinnati,American Athletic,Home,2015-11-07T20:30:00.000Z,True,False,33,30,W,69,75,-5.749
2015,11,400764908,Houston,American Athletic,Memphis,American Athletic,Home,2015-11-15T00:00:00.000Z,True,False,35,34,W,30,42,51.058
2015,12,400764913,Houston,American Athletic,UConn,American Athletic,Away,2015-11-21T20:30:00.000Z,True,False,17,20,L,80,90,-42.678
2015,13,400764917,Houston,American Athletic,Navy,American Athletic,Home,2015-11-27T17:00:00.000Z,True,False,52,31,W,11,23,97.846
2015,14,400852678,Houston,American Athletic,Temple,American Athletic,Home,2015-12-05T17:00:00.000Z,True,False,24,13,W,24,39,57.262
2015,1,400787302,Idaho,Sun Belt,Ohio,Mid-American,Home,2015-09-04T01:00:00.000Z,True,False,28,45,L,62,85,-26.109
2015,2,400757014,Idaho,Sun Belt,USC,Pac-12,Away,2015-09-13T00:00:00.000Z,True,False,9,59,L,32,22,98.131
2015,4,400787443,Idaho,Sun Belt,Georgia Southern,Sun Belt,Home,2015-09-27T01:00:00.000Z,True,False,20,44,L,21,52,36.021
2015,5,400787444,Idaho,Sun Belt,Arkansas State,Sun Belt,Away,2015-10-03T23:00:00.000Z,True,False,35,49,L,45,82,-17.427
2015,7,400787453,Idaho,Sun Belt,Troy,Sun Belt,Away,2015-10-17T19:30:00.000Z,True,False,19,16,W,82,102,-98.169
2015,8,400787456,Idaho,Sun Belt,UL Monroe,Sun Belt,Home,2015-10-24T21:00:00.000Z,True,False,27,13,W,116,122,-165.236
2015,9,400787462,Idaho,Sun Belt,New Mexico State,Sun Belt,Away,2015-11-01T00:00:00.000Z,True,False,48,55,L,110,116,-150.054
2015,10,400787466,Idaho,Sun Belt,South Alabama,Sun Belt,Away,2015-11-07T20:00:00.000Z,True,False,45,52,L,104,108,-108.226
2015,11,400787470,Idaho,Sun Belt,App State,Sun Belt,Home,2015-11-14T22:00:00.000Z,True,False,20,47,L,12,54,31.082
2015,12,400603923,Idaho,Sun Belt,Auburn,SEC,Away,2015-11-21T21:00:00.000Z,True,False,34,56,L,63,31,69.983
2015,13,400787481,Idaho,Sun Belt,Texas State,Sun Belt,Home,2015-11-28T22:00:00.000Z,True,False,38,31,W,120,121,-161.379
2015,1,400835430,Illinois,Big Ten,Kent State,Mid-American,Home,2015-09-05T18:00:00.000Z,True,False,52,3,W,118,111,-123.377
2015,3,400756924,Illinois,Big Ten,North Carolina,ACC,Away,2015-09-19T16:00:00.000Z,True,False,14,48,L,10,6,139.599
2015,4,400763517,Illinois,Big Ten,Middle Tennessee,Conference USA,Home,2015-09-26T20:00:00.000Z,True,False,27,25,W,53,89,-37.682
2015,5,400763528,Illinois,Big Ten,Nebraska,Big Ten,Home,2015-10-03T20:02:00.000Z,True,False,14,13,W,48,40,53.755
2015,6,400763534,Illinois,Big Ten,Iowa,Big Ten,Away,2015-10-10T16:00:00.000Z,True,False,20,29,L,26,28,81.842
2015,8,400763547,Illinois,Big Ten,Wisconsin,Big Ten,Home,2015-10-24T19:30:00.000Z,True,False,13,24,L,19,30,75.067
2015,9,400763554,Illinois,Big Ten,Penn State,Big Ten,Away,2015-10-31T16:00:00.000Z,True,False,0,39,L,58,49,40.788
2015,10,400763563,Illinois,Big Ten,Purdue,Big Ten,Away,2015-11-07T17:00:00.000Z,True,False,48,14,W,107,93,-55.737
2015,11,400763564,Illinois,Big Ten,Ohio State,Big Ten,Home,2015-11-14T17:00:00.000Z,True,False,3,28,L,2,3,167.343
2015,12,400763572,Illinois,Big Ten,Minnesota,Big Ten,Away,2015-11-21T17:00:00.000Z,True,False,23,32,L,78,64,5.110
2015,13,400763577,Illinois,Big Ten,Northwestern,Big Ten,Home,2015-11-28T20:30:00.000Z,True,False,14,24,L,75,51,38.687
2015,1,400852718,Indiana,Big Ten,Duke,ACC,Away,2015-12-26T20:30:00.000Z,True,False,41,44,L,59,60,17.947
2015,2,400763501,Indiana,Big Ten,Florida International,Conference USA,Home,2015-09-13T00:00:00.000Z,True,False,36,22,W,97,107,-107.303
2015,3,400763509,Indiana,Big Ten,Western Kentucky,Conference USA,Home,2015-09-19T20:00:00.000Z,True,False,38,35,W,3,41,52.774
2015,4,400756938,Indiana,Big Ten,Wake Forest,ACC,Away,2015-09-26T16:30:00.000Z,True,False,31,24,W,105,91,-44.681
2015,5,400763529,Indiana,Big Ten,Ohio State,Big Ten,Home,2015-10-03T19:30:00.000Z,True,False,27,34,L,2,3,167.343
2015,6,400763538,Indiana,Big Ten,Penn State,Big Ten,Away,2015-10-10T16:00:00.000Z,True,False,7,29,L,58,49,40.788
2015,7,400763541,Indiana,Big Ten,Rutgers,Big Ten,Home,2015-10-17T19:30:00.000Z,True,False,52,55,L,106,87,-30.066
2015,8,400763549,Indiana,Big Ten,Michigan State,Big Ten,Away,2015-10-24T19:30:00.000Z,True,False,26,52,L,33,12,120.909
2015,10,400763557,Indiana,Big Ten,Iowa,Big Ten,Home,2015-11-07T20:30:00.000Z,True,False,27,35,L,26,28,81.842
2015,11,400763565,Indiana,Big Ten,Michigan,Big Ten,Home,2015-11-14T20:30:00.000Z,True,False,41,48,L,8,7,137.673
2015,12,400763571,Indiana,Big Ten,Maryland,Big Ten,Away,2015-11-21T17:00:00.000Z,True,False,47,28,W,101,71,-3.784
2015,13,400763581,Indiana,Big Ten,Purdue,Big Ten,Away,2015-11-28T17:00:00.000Z,True,False,54,36,W,107,93,-55.737
2015,1,400852737,Iowa,Big Ten,Stanford,Pac-12,Home,2016-01-01T22:00:00.000Z,True,False,16,45,L,5,2,177.800
2015,2,400763409,Iowa,Big Ten,Iowa State,Big 12,Away,2015-09-12T20:45:00.000Z,True,False,31,17,W,99,69,-0.571
2015,3,400756926,Iowa,Big Ten,Pittsburgh,ACC,Home,2015-09-20T00:00:00.000Z,True,False,27,24,W,56,36,66.459
2015,4,400763518,Iowa,Big Ten,North Texas,Conference USA,Home,2015-09-26T19:30:00.000Z,True,False,62,16,W,126,127,-181.595
2015,5,400763533,Iowa,Big Ten,Wisconsin,Big Ten,Away,2015-10-03T16:00:00.000Z,True,False,10,6,W,19,30,75.067
2015,6,400763534,Iowa,Big Ten,Illinois,Big Ten,Home,2015-10-10T16:00:00.000Z,True,False,29,20,W,87,81,-14.343
2015,7,400763544,Iowa,Big Ten,Northwestern,Big Ten,Away,2015-10-17T16:00:00.000Z,True,False,40,10,W,75,51,38.687
2015,9,400763552,Iowa,Big Ten,Maryland,Big Ten,Home,2015-10-31T19:30:00.000Z,True,False,31,15,W,101,71,-3.784
2015,10,400763557,Iowa,Big Ten,Indiana,Big Ten,Away,2015-11-07T20:30:00.000Z,True,False,35,27,W,68,57,22.140
2015,11,400763566,Iowa,Big Ten,Minnesota,Big Ten,Home,2015-11-15T01:00:00.000Z,True,False,40,35,W,78,64,5.110
2015,12,400763570,Iowa,Big Ten,Purdue,Big Ten,Home,2015-11-21T17:00:00.000Z,True,False,40,20,W,107,93,-55.737
2015,13,400763576,Iowa,Big Ten,Nebraska,Big Ten,Away,2015-11-27T20:30:00.000Z,True,False,28,20,W,48,40,53.755
2015,14,400852682,Iowa,Big Ten,Michigan State,Big Ten,Home,2015-12-06T01:00:00.000Z,True,False,13,16,L,33,12,120.909
2015,2,400763409,Iowa State,Big 12,Iowa,Big Ten,Home,2015-09-12T20:45:00.000Z,True,False,17,31,L,26,28,81.842
2015,3,400763421,Iowa State,Big 12,Toledo,Mid-American,Away,2015-09-20T00:00:00.000Z,True,False,23,30,L,9,26,87.967
2015,5,400763427,Iowa State,Big 12,Kansas,Big 12,Home,2015-10-03T16:00:00.000Z,True,False,38,13,W,128,106,-105.629
2015,6,400763435,Iowa State,Big 12,Texas Tech,Big 12,Away,2015-10-10T19:30:00.000Z,True,False,31,66,L,66,53,34.248
2015,7,400763438,Iowa State,Big 12,TCU,Big 12,Home,2015-10-17T23:00:00.000Z,True,False,21,45,L,27,17,109.729
2015,8,400763441,Iowa State,Big 12,Baylor,Big 12,Away,2015-10-24T16:00:00.000Z,True,False,27,45,L,6,13,120.044
2015,9,400763446,Iowa State,Big 12,Texas,Big 12,Home,2015-10-31T23:00:00.000Z,True,False,24,0,W,83,56,23.984
2015,10,400763450,Iowa State,Big 12,Oklahoma,Big 12,Away,2015-11-08T00:00:00.000Z,True,False,16,52,L,1,5,152.652
2015,11,400763455,Iowa State,Big 12,Oklahoma State,Big 12,Home,2015-11-14T20:30:00.000Z,True,False,31,35,L,36,37,62.307
2015,12,400763460,Iowa State,Big 12,Kansas State,Big 12,Away,2015-11-21T17:00:00.000Z,True,False,35,38,L,81,59,18.733
2015,13,400763467,Iowa State,Big 12,West Virginia,Big 12,Away,2015-11-28T17:00:00.000Z,True,False,6,30,L,39,33,68.575
2015,2,400763410,Kansas,Big 12,Memphis,American Athletic,Home,2015-09-12T23:00:00.000Z,True,False,23,55,L,30,42,51.058
2015,4,400763423,Kansas,Big 12,Rutgers,Big Ten,Away,2015-09-26T16:00:00.000Z,True,False,14,27,L,106,87,-30.066
2015,5,400763427,Kansas,Big 12,Iowa State,Big 12,Away,2015-10-03T16:00:00.000Z,True,False,13,38,L,99,69,-0.571
2015,6,400763432,Kansas,Big 12,Baylor,Big 12,Home,2015-10-10T16:00:00.000Z,True,False,7,66,L,6,13,120.044
2015,7,400763439,Kansas,Big 12,Texas Tech,Big 12,Home,2015-10-17T16:00:00.000Z,True,False,20,30,L,66,53,34.248
2015,8,400763443,Kansas,Big 12,Oklahoma State,Big 12,Away,2015-10-24T19:30:00.000Z,True,False,10,58,L,36,37,62.307
2015,9,400763447,Kansas,Big 12,Oklahoma,Big 12,Home,2015-10-31T19:30:00.000Z,True,False,7,62,L,1,5,152.652
2015,10,400763452,Kansas,Big 12,Texas,Big 12,Away,2015-11-08T01:00:00.000Z,True,False,20,59,L,83,56,23.984
2015,11,400763456,Kansas,Big 12,TCU,Big 12,Away,2015-11-14T17:00:00.000Z,True,False,17,23,L,27,17,109.729
2015,12,400763459,Kansas,Big 12,West Virginia,Big 12,Home,2015-11-21T17:00:00.000Z,True,False,0,49,L,39,33,68.575
2015,13,400763465,Kansas,Big 12,Kansas State,Big 12,Home,2015-11-28T21:00:00.000Z,True,False,14,45,L,81,59,18.733
2015,1,400852740,Kansas State,Big 12,Arkansas,SEC,Away,2016-01-02T20:20:00.000Z,True,False,23,45,L,40,15,114.183
2015,2,400763414,Kansas State,Big 12,UTSA,Conference USA,Away,2015-09-12T16:00:00.000Z,True,False,30,3,W,102,115,-145.740
2015,3,400763417,Kansas State,Big 12,Louisiana Tech,Conference USA,Home,2015-09-19T19:00:00.000Z,True,False,39,33,W,35,74,-5.731
2015,5,400763429,Kansas State,Big 12,Oklahoma State,Big 12,Away,2015-10-03T20:00:00.000Z,True,False,34,36,L,36,37,62.307
2015,6,400763433,Kansas State,Big 12,TCU,Big 12,Home,2015-10-10T23:30:00.000Z,True,False,45,52,L,27,17,109.729
2015,7,400763440,Kansas State,Big 12,Oklahoma,Big 12,Home,2015-10-17T19:30:00.000Z,True,False,0,55,L,1,5,152.652
2015,8,400763444,Kansas State,Big 12,Texas,Big 12,Away,2015-10-24T16:00:00.000Z,True,False,9,23,L,83,56,23.984
2015,10,400763449,Kansas State,Big 12,Baylor,Big 12,Home,2015-11-06T00:30:00.000Z,True,False,24,31,L,6,13,120.044
2015,11,400763457,Kansas State,Big 12,Texas Tech,Big 12,Away,2015-11-14T20:30:00.000Z,True,False,44,59,L,66,53,34.248
2015,12,400763460,Kansas State,Big 12,Iowa State,Big 12,Home,2015-11-21T17:00:00.000Z,True,False,38,35,W,99,69,-0.571
2015,13,400763465,Kansas State,Big 12,Kansas,Big 12,Away,2015-11-28T21:00:00.000Z,True,False,45,14,W,128,106,-105.629
2015,14,400763469,Kansas State,Big 12,West Virginia,Big 12,Home,2015-12-05T21:30:00.000Z,True,False,24,23,W,39,33,68.575
2015,1,400835430,Kent State,Mid-American,Illinois,Big Ten,Away,2015-09-05T18:00:00.000Z,True,False,3,52,L,87,81,-14.343
2015,3,400763513,Kent State,Mid-American,Minnesota,Big Ten,Away,2015-09-19T16:00:00.000Z,True,False,7,10,L,78,64,5.110
2015,4,400763608,Kent State,Mid-American,Marshall,Conference USA,Home,2015-09-26T19:30:00.000Z,True,False,29,36,L,23,72,-4.639
2015,5,400787319,Kent State,Mid-American,Miami (OH),Mid-American,Home,2015-10-03T19:30:00.000Z,True,False,20,14,W,111,110,-121.753
2015,6,400787320,Kent State,Mid-American,Toledo,Mid-American,Away,2015-10-10T19:00:00.000Z,True,False,7,38,L,9,26,87.967
2015,7,400787326,Kent State,Mid-American,Massachusetts,Mid-American,Away,2015-10-17T19:30:00.000Z,True,False,15,10,W,100,101,-96.950
2015,8,400787334,Kent State,Mid-American,Bowling Green,Mid-American,Home,2015-10-24T17:00:00.000Z,True,False,0,48,L,16,34,67.829
2015,10,400787345,Kent State,Mid-American,Buffalo,Mid-American,Home,2015-11-06T00:00:00.000Z,True,False,17,18,L,77,92,-54.975
2015,11,400787349,Kent State,Mid-American,Ohio,Mid-American,Away,2015-11-11T01:00:00.000Z,True,False,0,27,L,62,85,-26.109
2015,12,400787357,Kent State,Mid-American,Central Michigan,Mid-American,Home,2015-11-19T01:00:00.000Z,True,False,14,27,L,55,78,-12.228
2015,13,400787366,Kent State,Mid-American,Akron,Mid-American,Away,2015-11-27T17:00:00.000Z,True,False,0,20,L,71,88,-30.923
2015,1,400603832,Kentucky,SEC,Louisiana,Sun Belt,Home,2015-09-05T23:00:00.000Z,True,False,40,33,W,90,112,-125.468
2015,2,400603867,Kentucky,SEC,South Carolina,SEC,Away,2015-09-12T23:30:00.000Z,True,False,26,22,W,91,65,4.957
2015,3,400603853,Kentucky,SEC,Florida,SEC,Home,2015-09-19T23:30:00.000Z,True,False,9,14,L,44,32,69.189
2015,4,400603846,Kentucky,SEC,Missouri,SEC,Home,2015-09-26T23:30:00.000Z,True,False,21,13,W,88,67,2.232
2015,7,400603898,Kentucky,SEC,Auburn,SEC,Home,2015-10-15T23:00:00.000Z,True,False,27,30,L,63,31,69.983
2015,8,400603889,Kentucky,SEC,Mississippi State,SEC,Away,2015-10-24T23:30:00.000Z,True,False,16,42,L,34,14,118.788
2015,9,400603875,Kentucky,SEC,Tennessee,SEC,Home,2015-10-31T23:30:00.000Z,True,False,21,52,L,20,10,126.534
2015,10,400603907,Kentucky,SEC,Georgia,SEC,Away,2015-11-07T17:00:00.000Z,True,False,3,27,L,37,24,90.120
2015,11,400603937,Kentucky,SEC,Vanderbilt,SEC,Away,2015-11-14T21:00:00.000Z,True,False,17,21,L,98,80,-13.582
2015,12,400603926,Kentucky,SEC,Charlotte,Conference USA,Home,2015-11-22T00:30:00.000Z,True,False,58,10,W,121,128,-194.370
2015,13,400603916,Kentucky,SEC,Louisville,ACC,Home,2015-11-28T17:00:00.000Z,True,False,24,38,L,61,43,48.013
2015,1,400852726,LSU,SEC,Texas Tech,Big 12,Away,2015-12-30T02:00:00.000Z,True,False,56,27,W,66,53,34.248
2015,2,400603865,LSU,SEC,Mississippi State,SEC,Away,2015-09-13T01:15:00.000Z,True,False,21,19,W,34,14,118.788
2015,3,400603854,LSU,SEC,Auburn,SEC,Home,2015-09-19T19:30:00.000Z,True,False,45,21,W,63,31,69.983
2015,4,400603849,LSU,SEC,Syracuse,ACC,Away,2015-09-26T16:00:00.000Z,True,False,34,24,W,95,73,-4.864
2015,5,400603881,LSU,SEC,Eastern Michigan,Mid-American,Home,2015-10-03T23:00:00.000Z,True,False,44,22,W,115,126,-175.722
2015,6,400603903,LSU,SEC,South Carolina,SEC,Home,2015-10-10T19:30:00.000Z,True,False,45,24,W,91,65,4.957
2015,7,400603893,LSU,SEC,Florida,SEC,Home,2015-10-17T23:00:00.000Z,True,False,35,28,W,44,32,69.189
2015,8,400603888,LSU,SEC,Western Kentucky,Conference USA,Home,2015-10-24T23:00:00.000Z,True,False,48,20,W,3,41,52.774
2015,10,400603905,LSU,SEC,Alabama,SEC,Away,2015-11-08T01:00:00.000Z,True,False,16,30,L,7,1,197.353
2015,11,400603932,LSU,SEC,Arkansas,SEC,Home,2015-11-15T00:15:00.000Z,True,False,14,31,L,40,15,114.183
2015,12,400603928,LSU,SEC,Ole Miss,SEC,Away,2015-11-21T20:30:00.000Z,True,False,17,38,L,17,11,124.710
2015,13,400603917,LSU,SEC,Texas A&M,SEC,Home,2015-11-29T00:30:00.000Z,True,False,19,7,W,49,25,88.233
2015,1,400603832,Louisiana,Sun Belt,Kentucky,SEC,Away,2015-09-05T23:00:00.000Z,True,False,33,40,L,84,86,-27.341
2015,4,400787313,Louisiana,Sun Belt,Akron,Mid-American,Home,2015-09-26T23:00:00.000Z,True,False,14,35,L,71,88,-30.923
2015,5,400763615,Louisiana,Sun Belt,Louisiana Tech,Conference USA,Away,2015-10-03T23:00:00.000Z,True,False,14,43,L,35,74,-5.731
2015,6,400787449,Louisiana,Sun Belt,Texas State,Sun Belt,Home,2015-10-10T23:00:00.000Z,True,False,49,27,W,120,121,-161.379
2015,8,400787454,Louisiana,Sun Belt,Arkansas State,Sun Belt,Away,2015-10-21T00:00:00.000Z,True,False,27,37,L,45,82,-17.427
2015,9,400787463,Louisiana,Sun Belt,UL Monroe,Sun Belt,Home,2015-10-31T21:00:00.000Z,True,False,30,24,W,116,122,-165.236
2015,10,400787465,Louisiana,Sun Belt,Georgia State,Sun Belt,Away,2015-11-07T19:00:00.000Z,True,False,23,21,W,73,97,-77.309
2015,11,400787469,Louisiana,Sun Belt,South Alabama,Sun Belt,Away,2015-11-13T00:30:00.000Z,True,False,25,32,L,104,108,-108.226
2015,12,400787476,Louisiana,Sun Belt,New Mexico State,Sun Belt,Home,2015-11-21T22:00:00.000Z,True,False,34,37,L,110,116,-150.054
2015,13,400787478,Louisiana,Sun Belt,App State,Sun Belt,Away,2015-11-28T19:00:00.000Z,True,False,7,28,L,12,54,31.082
2015,14,400787485,Louisiana,Sun Belt,Troy,Sun Belt,Home,2015-12-05T22:00:00.000Z,True,False,17,41,L,82,102,-98.169
2015,1,400852686,Louisiana Tech,Conference USA,Arkansas State,Sun Belt,Home,2015-12-20T02:00:00.000Z,True,False,47,28,W,45,82,-17.427
2015,2,400763599,Louisiana Tech,Conference USA,Western Kentucky,Conference USA,Away,2015-09-11T00:00:00.000Z,True,False,38,41,L,3,41,52.774
2015,3,400763417,Louisiana Tech,Conference USA,Kansas State,Big 12,Away,2015-09-19T19:00:00.000Z,True,False,33,39,L,81,59,18.733
2015,4,400763609,Louisiana Tech,Conference USA,Florida International,Conference USA,Home,2015-09-26T18:30:00.000Z,True,False,27,17,W,97,107,-107.303
2015,5,400763615,Louisiana Tech,Conference USA,Louisiana,Sun Belt,Home,2015-10-03T23:00:00.000Z,True,False,43,14,W,90,112,-125.468
2015,6,400763625,Louisiana Tech,Conference USA,UTSA,Conference USA,Away,2015-10-10T23:00:00.000Z,True,False,34,31,W,102,115,-145.740
2015,7,400603895,Louisiana Tech,Conference USA,Mississippi State,SEC,Away,2015-10-17T16:00:00.000Z,True,False,20,45,L,34,14,118.788
2015,8,400763634,Louisiana Tech,Conference USA,Middle Tennessee,Conference USA,Home,2015-10-24T19:30:00.000Z,True,False,45,16,W,53,89,-37.682
2015,9,400763641,Louisiana Tech,Conference USA,Rice,Conference USA,Away,2015-10-31T00:00:00.000Z,True,False,42,17,W,119,114,-141.731
2015,10,400763644,Louisiana Tech,Conference USA,North Texas,Conference USA,Home,2015-11-07T20:30:00.000Z,True,False,56,13,W,126,127,-181.595
2015,12,400763657,Louisiana Tech,Conference USA,UTEP,Conference USA,Away,2015-11-21T20:30:00.000Z,True,False,17,15,W,114,123,-170.768
2015,13,400763659,Louisiana Tech,Conference USA,Southern Miss,Conference USA,Home,2015-11-28T17:00:00.000Z,True,False,24,58,L,25,79,-12.406
2015,1,400603829,Louisville,ACC,Auburn,SEC,Away,2015-09-05T19:30:00.000Z,True,False,24,31,L,63,31,69.983
2015,1,400852729,Louisville,ACC,Texas A&M,SEC,Home,2015-12-31T00:00:00.000Z,True,False,27,21,W,49,25,88.233
2015,2,400756911,Louisville,ACC,Houston,American Athletic,Home,2015-09-12T16:00:00.000Z,True,False,31,34,L,4,21,99.908
2015,3,400756919,Louisville,ACC,Clemson,ACC,Home,2015-09-17T23:30:00.000Z,True,False,17,20,L,14,4,153.808
2015,5,400756943,Louisville,ACC,NC State,ACC,Away,2015-10-03T16:30:00.000Z,True,False,20,13,W,43,46,44.159
2015,7,400756954,Louisville,ACC,Florida State,ACC,Away,2015-10-17T16:00:00.000Z,True,False,21,41,L,18,16,114.095
2015,8,400756959,Louisville,ACC,Boston College,ACC,Home,2015-10-24T16:30:00.000Z,True,False,17,14,W,92,70,-0.976
2015,9,400756967,Louisville,ACC,Wake Forest,ACC,Away,2015-10-30T23:00:00.000Z,True,False,20,19,W,105,91,-44.681
2015,10,400756976,Louisville,ACC,Syracuse,ACC,Home,2015-11-07T17:30:00.000Z,True,False,41,17,W,95,73,-4.864
2015,11,400756983,Louisville,ACC,Virginia,ACC,Home,2015-11-14T17:30:00.000Z,True,False,38,31,W,93,63,7.154
2015,12,400756991,Louisville,ACC,Pittsburgh,ACC,Away,2015-11-21T20:45:00.000Z,True,False,34,45,L,56,36,66.459
2015,13,400603916,Louisville,ACC,Kentucky,SEC,Away,2015-11-28T17:00:00.000Z,True,False,38,24,W,84,86,-27.341
2015,1,400763498,Marshall,Conference USA,Purdue,Big Ten,Home,2015-09-06T19:00:00.000Z,True,False,41,31,W,107,93,-55.737
2015,1,400852715,Marshall,Conference USA,UConn,American Athletic,Home,2015-12-26T16:00:00.000Z,True,False,16,10,W,80,90,-42.678
2015,2,400763595,Marshall,Conference USA,Ohio,Mid-American,Away,2015-09-12T23:00:00.000Z,True,False,10,21,L,62,85,-26.109
2015,4,400763608,Marshall,Conference USA,Kent State,Mid-American,Away,2015-09-26T19:30:00.000Z,True,False,36,29,W,118,111,-123.377
2015,5,400763616,Marshall,Conference USA,Old Dominion,Conference USA,Home,2015-10-03T19:30:00.000Z,True,False,27,7,W,108,124,-174.665
2015,6,400763623,Marshall,Conference USA,Southern Miss,Conference USA,Home,2015-10-09T23:00:00.000Z,True,False,31,10,W,25,79,-12.406
2015,7,400763627,Marshall,Conference USA,Florida Atlantic,Conference USA,Away,2015-10-17T16:00:00.000Z,True,False,33,17,W,89,104,-102.076
2015,8,400763635,Marshall,Conference USA,North Texas,Conference USA,Home,2015-10-24T19:30:00.000Z,True,False,30,13,W,126,127,-181.595
2015,9,400763637,Marshall,Conference USA,Charlotte,Conference USA,Away,2015-10-31T19:30:00.000Z,True,False,34,10,W,121,128,-194.370
2015,10,400763645,Marshall,Conference USA,Middle Tennessee,Conference USA,Away,2015-11-07T20:30:00.000Z,True,False,24,27,L,53,89,-37.682
2015,11,400763651,Marshall,Conference USA,Florida International,Conference USA,Home,2015-11-14T20:30:00.000Z,True,False,52,0,W,97,107,-107.303
2015,13,400763664,Marshall,Conference USA,Western Kentucky,Conference USA,Away,2015-11-27T17:00:00.000Z,True,False,28,49,L,3,41,52.774
2015,2,400763502,Maryland,Big Ten,Bowling Green,Mid-American,Home,2015-09-12T16:00:00.000Z,True,False,27,48,L,16,34,67.829
2015,3,400763510,Maryland,Big Ten,South Florida,American Athletic,Home,2015-09-19T16:00:00.000Z,True,False,35,17,W,38,44,45.866
2015,4,400763426,Maryland,Big Ten,West Virginia,Big 12,Away,2015-09-26T19:00:00.000Z,True,False,6,45,L,39,33,68.575
2015,5,400763530,Maryland,Big Ten,Michigan,Big Ten,Home,2015-10-03T16:00:00.000Z,True,False,0,28,L,8,7,137.673
2015,6,400763537,Maryland,Big Ten,Ohio State,Big Ten,Away,2015-10-10T16:00:00.000Z,True,False,28,49,L,2,3,167.343
2015,8,400763548,Maryland,Big Ten,Penn State,Big Ten,Home,2015-10-24T19:30:00.000Z,True,False,30,31,L,58,49,40.788
2015,9,400763552,Maryland,Big Ten,Iowa,Big Ten,Away,2015-10-31T19:30:00.000Z,True,False,15,31,L,26,28,81.842
2015,10,400763558,Maryland,Big Ten,Wisconsin,Big Ten,Home,2015-11-07T20:30:00.000Z,True,False,24,31,L,19,30,75.067
2015,11,400763567,Maryland,Big Ten,Michigan State,Big Ten,Away,2015-11-14T17:00:00.000Z,True,False,7,24,L,33,12,120.909
2015,12,400763571,Maryland,Big Ten,Indiana,Big Ten,Home,2015-11-21T17:00:00.000Z,True,False,28,47,L,68,57,22.140
2015,13,400763582,Maryland,Big Ten,Rutgers,Big Ten,Away,2015-11-28T17:00:00.000Z,True,False,46,41,W,106,87,-30.066
2015,2,400757016,Massachusetts,Mid-American,Colorado,Pac-12,Away,2015-09-12T18:00:00.000Z,True,False,14,48,L,94,77,-11.804
2015,3,400764869,Massachusetts,Mid-American,Temple,American Athletic,Home,2015-09-19T19:00:00.000Z,True,False,23,25,L,24,39,57.262
2015,4,400763583,Massachusetts,Mid-American,Notre Dame,FBS Independents,Away,2015-09-26T19:30:00.000Z,True,False,27,62,L,22,8,137.326
2015,5,400763620,Massachusetts,Mid-American,Florida International,Conference USA,Home,2015-10-03T19:00:00.000Z,True,False,24,14,W,97,107,-107.303
2015,6,400787321,Massachusetts,Mid-American,Bowling Green,Mid-American,Away,2015-10-10T18:00:00.000Z,True,False,38,62,L,16,34,67.829
2015,7,400787326,Massachusetts,Mid-American,Kent State,Mid-American,Home,2015-10-17T19:30:00.000Z,True,False,10,15,L,118,111,-123.377
2015,8,400787338,Massachusetts,Mid-American,Toledo,Mid-American,Home,2015-10-24T19:00:00.000Z,True,False,35,51,L,9,26,87.967
2015,9,400787342,Massachusetts,Mid-American,Ball State,Mid-American,Away,2015-10-31T17:00:00.000Z,True,False,10,20,L,112,103,-100.709
2015,10,400787348,Massachusetts,Mid-American,Akron,Mid-American,Home,2015-11-07T17:00:00.000Z,True,False,13,17,L,71,88,-30.923
2015,11,400787354,Massachusetts,Mid-American,Eastern Michigan,Mid-American,Away,2015-11-14T20:00:00.000Z,True,False,28,17,W,115,126,-175.722
2015,12,400787359,Massachusetts,Mid-American,Miami (OH),Mid-American,Home,2015-11-21T18:00:00.000Z,True,False,13,20,L,111,110,-121.753
2015,13,400787365,Massachusetts,Mid-American,Buffalo,Mid-American,Away,2015-11-27T21:30:00.000Z,True,False,31,26,W,77,92,-54.975
2015,1,400852727,Memphis,American Athletic,Auburn,SEC,Home,2015-12-30T17:00:00.000Z,True,False,10,31,L,63,31,69.983
2015,2,400763410,Memphis,American Athletic,Kansas,Big 12,Away,2015-09-12T23:00:00.000Z,True,False,55,23,W,128,106,-105.629
2015,3,400764864,Memphis,American Athletic,Bowling Green,Mid-American,Away,2015-09-19T19:00:00.000Z,True,False,44,41,W,16,34,67.829
2015,4,400764870,Memphis,American Athletic,Cincinnati,American Athletic,Home,2015-09-24T23:30:00.000Z,True,False,53,46,W,69,75,-5.749
2015,5,400764875,Memphis,American Athletic,South Florida,American Athletic,Away,2015-10-02T23:00:00.000Z,True,False,24,17,W,38,44,45.866
2015,7,400603894,Memphis,American Athletic,Ole Miss,SEC,Home,2015-10-17T16:00:00.000Z,True,False,37,24,W,17,11,124.710
2015,8,400764891,Memphis,American Athletic,Tulsa,American Athletic,Away,2015-10-24T00:00:00.000Z,True,False,66,42,W,67,84,-25.229
2015,9,400764898,Memphis,American Athletic,Tulane,American Athletic,Home,2015-10-31T23:00:00.000Z,True,False,41,13,W,125,120,-156.481
2015,10,400764904,Memphis,American Athletic,Navy,American Athletic,Home,2015-11-08T00:00:00.000Z,True,False,20,45,L,11,23,97.846
2015,11,400764908,Memphis,American Athletic,Houston,American Athletic,Away,2015-11-15T00:00:00.000Z,True,False,34,35,L,4,21,99.908
2015,12,400764915,Memphis,American Athletic,Temple,American Athletic,Away,2015-11-21T17:00:00.000Z,True,False,12,31,L,24,39,57.262
2015,13,400764920,Memphis,American Athletic,SMU,American Athletic,Home,2015-11-28T17:00:00.000Z,True,False,63,0,W,117,99,-82.576
2015,1,400852716,Miami,ACC,Washington State,Pac-12,Away,2015-12-26T19:15:00.000Z,True,False,14,20,L,52,35,66.479
2015,2,400756912,Miami,ACC,Florida Atlantic,Conference USA,Away,2015-09-12T00:00:00.000Z,True,False,44,20,W,89,104,-102.076
2015,3,400756923,Miami,ACC,Nebraska,Big Ten,Home,2015-09-19T19:30:00.000Z,True,False,36,33,W,48,40,53.755
2015,5,400764873,Miami,ACC,Cincinnati,American Athletic,Away,2015-10-01T23:30:00.000Z,True,False,23,34,L,69,75,-5.749
2015,6,400756950,Miami,ACC,Florida State,ACC,Away,2015-10-11T00:00:00.000Z,True,False,24,29,L,18,16,114.095
2015,7,400756956,Miami,ACC,Virginia Tech,ACC,Home,2015-10-17T19:30:00.000Z,True,False,30,20,W,60,47,43.305
2015,8,400756960,Miami,ACC,Clemson,ACC,Home,2015-10-24T16:00:00.000Z,True,False,0,58,L,14,4,153.808
2015,9,400756970,Miami,ACC,Duke,ACC,Away,2015-10-31T23:00:00.000Z,True,False,30,27,W,59,60,17.947
2015,10,400756977,Miami,ACC,Virginia,ACC,Home,2015-11-07T20:00:00.000Z,True,False,27,21,W,93,63,7.154
2015,11,400756984,Miami,ACC,North Carolina,ACC,Away,2015-11-14T20:30:00.000Z,True,False,21,59,L,10,6,139.599
2015,12,400756990,Miami,ACC,Georgia Tech,ACC,Home,2015-11-21T17:30:00.000Z,True,False,38,21,W,76,58,18.901
2015,13,400756994,Miami,ACC,Pittsburgh,ACC,Away,2015-11-27T17:00:00.000Z,True,False,29,24,W,56,36,66.459
2015,2,400763508,Miami (OH),Mid-American,Wisconsin,Big Ten,Away,2015-09-12T16:00:00.000Z,True,False,0,58,L,19,30,75.067
2015,3,400764865,Miami (OH),Mid-American,Cincinnati,American Athletic,Home,2015-09-19T19:30:00.000Z,True,False,33,37,L,69,75,-5.749
2015,4,400763613,Miami (OH),Mid-American,Western Kentucky,Conference USA,Away,2015-09-26T19:30:00.000Z,True,False,14,56,L,3,41,52.774
2015,5,400787319,Miami (OH),Mid-American,Kent State,Mid-American,Away,2015-10-03T19:30:00.000Z,True,False,14,20,L,118,111,-123.377
2015,6,400787325,Miami (OH),Mid-American,Ohio,Mid-American,Away,2015-10-10T18:00:00.000Z,True,False,3,34,L,62,85,-26.109
2015,7,400787327,Miami (OH),Mid-American,Northern Illinois,Mid-American,Home,2015-10-17T18:30:00.000Z,True,False,12,45,L,57,66,3.161
2015,8,400787337,Miami (OH),Mid-American,Western Michigan,Mid-American,Away,2015-10-24T18:00:00.000Z,True,False,13,35,L,46,62,11.443
2015,9,400787340,Miami (OH),Mid-American,Buffalo,Mid-American,Home,2015-10-29T23:30:00.000Z,True,False,24,29,L,77,92,-54.975
2015,10,400787347,Miami (OH),Mid-American,Eastern Michigan,Mid-American,Home,2015-11-07T19:30:00.000Z,True,False,28,13,W,115,126,-175.722
2015,11,400787353,Miami (OH),Mid-American,Akron,Mid-American,Home,2015-11-14T17:00:00.000Z,True,False,28,37,L,71,88,-30.923
2015,12,400787359,Miami (OH),Mid-American,Massachusetts,Mid-American,Away,2015-11-21T18:00:00.000Z,True,False,20,13,W,100,101,-96.950
2015,1,400756883,Michigan,Big Ten,Utah,Pac-12,Away,2015-09-04T00:30:00.000Z,True,False,17,24,L,29,19,105.120
2015,1,400852735,Michigan,Big Ten,Florida,SEC,Away,2016-01-01T18:00:00.000Z,True,False,41,7,W,44,32,69.189
2015,2,400757019,Michigan,Big Ten,Oregon State,Pac-12,Home,2015-09-12T16:00:00.000Z,True,False,35,7,W,123,95,-65.724
2015,3,400763511,Michigan,Big Ten,UNLV,Mountain West,Home,2015-09-19T16:00:00.000Z,True,False,28,7,W,103,109,-120.688
2015,4,400763519,Michigan,Big Ten,BYU,FBS Independents,Home,2015-09-26T16:00:00.000Z,True,False,31,0,W,42,48,42.247
2015,5,400763530,Michigan,Big Ten,Maryland,Big Ten,Away,2015-10-03T16:00:00.000Z,True,False,28,0,W,101,71,-3.784
2015,6,400763535,Michigan,Big Ten,Northwestern,Big Ten,Home,2015-10-10T19:30:00.000Z,True,False,38,0,W,75,51,38.687
2015,7,400763542,Michigan,Big Ten,Michigan State,Big Ten,Home,2015-10-17T19:30:00.000Z,True,False,23,27,L,33,12,120.909
2015,9,400763553,Michigan,Big Ten,Minnesota,Big Ten,Away,2015-10-31T23:00:00.000Z,True,False,29,26,W,78,64,5.110
2015,10,400763559,Michigan,Big Ten,Rutgers,Big Ten,Home,2015-11-07T20:30:00.000Z,True,False,49,16,W,106,87,-30.066
2015,11,400763565,Michigan,Big Ten,Indiana,Big Ten,Away,2015-11-14T20:30:00.000Z,True,False,48,41,W,68,57,22.140
2015,12,400763574,Michigan,Big Ten,Penn State,Big Ten,Away,2015-11-21T17:00:00.000Z,True,False,28,16,W,58,49,40.788
2015,13,400763578,Michigan,Big Ten,Ohio State,Big Ten,Home,2015-11-28T17:00:00.000Z,True,False,13,42,L,2,3,167.343
2015,1,400763470,Michigan State,Big Ten,Western Michigan,Mid-American,Away,2015-09-04T23:00:00.000Z,True,False,37,24,W,46,62,11.443
2015,1,400852732,Michigan State,Big Ten,Alabama,SEC,Away,2016-01-01T01:20:00.000Z,True,False,0,38,L,7,1,197.353
2015,2,400757018,Michigan State,Big Ten,Oregon,Pac-12,Home,2015-09-13T00:00:00.000Z,True,False,31,28,W,47,18,107.392
2015,3,400763512,Michigan State,Big Ten,Air Force,Mountain West,Home,2015-09-19T16:00:00.000Z,True,False,35,21,W,51,83,-24.371
2015,4,400763520,Michigan State,Big Ten,Central Michigan,Mid-American,Home,2015-09-26T16:00:00.000Z,True,False,30,10,W,55,78,-12.228
2015,5,400763531,Michigan State,Big Ten,Purdue,Big Ten,Home,2015-10-03T16:00:00.000Z,True,False,24,21,W,107,93,-55.737
2015,6,400763540,Michigan State,Big Ten,Rutgers,Big Ten,Away,2015-10-11T00:00:00.000Z,True,False,31,24,W,106,87,-30.066
2015,7,400763542,Michigan State,Big Ten,Michigan,Big Ten,Away,2015-10-17T19:30:00.000Z,True,False,27,23,W,8,7,137.673
2015,8,400763549,Michigan State,Big Ten,Indiana,Big Ten,Home,2015-10-24T19:30:00.000Z,True,False,52,26,W,68,57,22.140
2015,10,400763560,Michigan State,Big Ten,Nebraska,Big Ten,Away,2015-11-08T00:00:00.000Z,True,False,38,39,L,48,40,53.755
2015,11,400763567,Michigan State,Big Ten,Maryland,Big Ten,Home,2015-11-14T17:00:00.000Z,True,False,24,7,W,101,71,-3.784
2015,12,400763573,Michigan State,Big Ten,Ohio State,Big Ten,Away,2015-11-21T20:30:00.000Z,True,False,17,14,W,2,3,167.343
2015,13,400763579,Michigan State,Big Ten,Penn State,Big Ten,Home,2015-11-28T20:30:00.000Z,True,False,55,16,W,58,49,40.788
2015,14,400852682,Michigan State,Big Ten,Iowa,Big Ten,Away,2015-12-06T01:00:00.000Z,True,False,16,13,W,26,28,81.842
2015,1,400852713,Middle Tennessee,Conference USA,Western Michigan,Mid-American,Away,2015-12-24T17:00:00.000Z,True,False,31,45,L,46,62,11.443
2015,2,400603860,Middle Tennessee,Conference USA,Alabama,SEC,Away,2015-09-12T20:00:00.000Z,True,False,10,37,L,7,1,197.353
2015,3,400763603,Middle Tennessee,Conference USA,Charlotte,Conference USA,Home,2015-09-19T23:00:00.000Z,True,False,73,14,W,121,128,-194.370
2015,4,400763517,Middle Tennessee,Conference USA,Illinois,Big Ten,Away,2015-09-26T20:00:00.000Z,True,False,25,27,L,87,81,-14.343
2015,5,400603882,Middle Tennessee,Conference USA,Vanderbilt,SEC,Home,2015-10-03T23:00:00.000Z,True,False,13,17,L,98,80,-13.582
2015,6,400763626,Middle Tennessee,Conference USA,Western Kentucky,Conference USA,Away,2015-10-10T16:00:00.000Z,True,False,28,58,L,3,41,52.774
2015,7,400763628,Middle Tennessee,Conference USA,Florida International,Conference USA,Home,2015-10-17T16:00:00.000Z,True,False,42,34,W,97,107,-107.303
2015,8,400763634,Middle Tennessee,Conference USA,Louisiana Tech,Conference USA,Away,2015-10-24T19:30:00.000Z,True,False,16,45,L,35,74,-5.731
2015,10,400763645,Middle Tennessee,Conference USA,Marshall,Conference USA,Home,2015-11-07T20:30:00.000Z,True,False,27,24,W,23,72,-4.639
2015,11,400763650,Middle Tennessee,Conference USA,Florida Atlantic,Conference USA,Away,2015-11-14T17:00:00.000Z,True,False,24,17,W,89,104,-102.076
2015,12,400763655,Middle Tennessee,Conference USA,North Texas,Conference USA,Home,2015-11-21T17:00:00.000Z,True,False,41,7,W,126,127,-181.595
2015,13,400763663,Middle Tennessee,Conference USA,UTSA,Conference USA,Away,2015-11-28T19:30:00.000Z,True,False,42,7,W,102,115,-145.740
2015,1,400763398,Minnesota,Big Ten,TCU,Big 12,Home,2015-09-04T01:00:00.000Z,True,False,17,23,L,27,17,109.729
2015,1,400852722,Minnesota,Big Ten,Central Michigan,Mid-American,Home,2015-12-28T22:00:00.000Z,True,False,21,14,W,55,78,-12.228
2015,2,400763499,Minnesota,Big Ten,Colorado State,Mountain West,Away,2015-09-12T19:30:00.000Z,True,False,23,20,W,72,96,-67.213
2015,3,400763513,Minnesota,Big Ten,Kent State,Mid-American,Home,2015-09-19T16:00:00.000Z,True,False,10,7,W,118,111,-123.377
2015,4,400763521,Minnesota,Big Ten,Ohio,Mid-American,Home,2015-09-26T19:30:00.000Z,True,False,27,24,W,62,85,-26.109
2015,5,400763532,Minnesota,Big Ten,Northwestern,Big Ten,Away,2015-10-03T16:00:00.000Z,True,False,0,27,L,75,51,38.687
2015,6,400763539,Minnesota,Big Ten,Purdue,Big Ten,Away,2015-10-10T19:30:00.000Z,True,False,41,13,W,107,93,-55.737
2015,7,400763543,Minnesota,Big Ten,Nebraska,Big Ten,Home,2015-10-17T19:30:00.000Z,True,False,25,48,L,48,40,53.755
2015,9,400763553,Minnesota,Big Ten,Michigan,Big Ten,Home,2015-10-31T23:00:00.000Z,True,False,26,29,L,8,7,137.673
2015,10,400763562,Minnesota,Big Ten,Ohio State,Big Ten,Away,2015-11-08T01:00:00.000Z,True,False,14,28,L,2,3,167.343
2015,11,400763566,Minnesota,Big Ten,Iowa,Big Ten,Away,2015-11-15T01:00:00.000Z,True,False,35,40,L,26,28,81.842
2015,12,400763572,Minnesota,Big Ten,Illinois,Big Ten,Home,2015-11-21T17:00:00.000Z,True,False,32,23,W,87,81,-14.343
2015,13,400763580,Minnesota,Big Ten,Wisconsin,Big Ten,Home,2015-11-28T20:30:00.000Z,True,False,21,31,L,19,30,75.067
2015,1,400603836,Mississippi State,SEC,Southern Miss,Conference USA,Away,2015-09-06T02:00:00.000Z,True,False,34,16,W,25,79,-12.406
2015,1,400852728,Mississippi State,SEC,NC State,ACC,Home,2015-12-30T20:30:00.000Z,True,False,51,28,W,43,46,44.159
2015,2,400603865,Mississippi State,SEC,LSU,SEC,Home,2015-09-13T01:15:00.000Z,True,False,19,21,L,31,9,128.093
2015,4,400603843,Mississippi State,SEC,Auburn,SEC,Away,2015-09-26T23:30:00.000Z,True,False,17,9,W,63,31,69.983
2015,5,400603885,Mississippi State,SEC,Texas A&M,SEC,Away,2015-10-03T23:30:00.000Z,True,False,17,30,L,49,25,88.233
2015,6,400603900,Mississippi State,SEC,Troy,Sun Belt,Home,2015-10-10T20:00:00.000Z,True,False,45,17,W,82,102,-98.169
2015,7,400603895,Mississippi State,SEC,Louisiana Tech,Conference USA,Home,2015-10-17T16:00:00.000Z,True,False,45,20,W,35,74,-5.731
2015,8,400603889,Mississippi State,SEC,Kentucky,SEC,Home,2015-10-24T23:30:00.000Z,True,False,42,16,W,84,86,-27.341
2015,10,400603911,Mississippi State,SEC,Missouri,SEC,Away,2015-11-06T02:00:00.000Z,True,False,31,13,W,88,67,2.232
2015,11,400603933,Mississippi State,SEC,Alabama,SEC,Home,2015-11-14T20:30:00.000Z,True,False,6,31,L,7,1,197.353
2015,12,400603922,Mississippi State,SEC,Arkansas,SEC,Away,2015-11-22T00:00:00.000Z,True,False,51,50,W,40,15,114.183
2015,13,400603918,Mississippi State,SEC,Ole Miss,SEC,Home,2015-11-29T00:15:00.000Z,True,False,27,38,L,17,11,124.710
2015,2,400603862,Missouri,SEC,Arkansas State,Sun Belt,Away,2015-09-12T23:00:00.000Z,True,False,27,20,W,45,82,-17.427
2015,3,400603856,Missouri,SEC,UConn,American Athletic,Home,2015-09-19T16:00:00.000Z,True,False,9,6,W,80,90,-42.678
2015,4,400603846,Missouri,SEC,Kentucky,SEC,Away,2015-09-26T23:30:00.000Z,True,False,13,21,L,84,86,-27.341
2015,5,400603883,Missouri,SEC,South Carolina,SEC,Home,2015-10-03T16:00:00.000Z,True,False,24,10,W,91,65,4.957
2015,6,400603901,Missouri,SEC,Florida,SEC,Home,2015-10-10T23:30:00.000Z,True,False,3,21,L,44,32,69.189
2015,7,400603892,Missouri,SEC,Georgia,SEC,Away,2015-10-17T23:30:00.000Z,True,False,6,9,L,37,24,90.120
2015,8,400603891,Missouri,SEC,Vanderbilt,SEC,Away,2015-10-24T20:00:00.000Z,True,False,3,10,L,98,80,-13.582
2015,10,400603911,Missouri,SEC,Mississippi State,SEC,Home,2015-11-06T02:00:00.000Z,True,False,13,31,L,34,14,118.788
2015,11,400785063,Missouri,SEC,BYU,FBS Independents,Home,2015-11-15T00:30:00.000Z,True,False,20,16,W,42,48,42.247
2015,12,400603927,Missouri,SEC,Tennessee,SEC,Home,2015-11-22T00:15:00.000Z,True,False,8,19,L,20,10,126.534
2015,13,400603912,Missouri,SEC,Arkansas,SEC,Away,2015-11-27T19:30:00.000Z,True,False,3,28,L,40,15,114.183
2015,1,400756901,NC State,ACC,Troy,Sun Belt,Home,2015-09-05T22:00:00.000Z,True,False,49,21,W,82,102,-98.169
2015,1,400852728,NC State,ACC,Mississippi State,SEC,Away,2015-12-30T20:30:00.000Z,True,False,28,51,L,34,14,118.788
2015,3,400756925,NC State,ACC,Old Dominion,Conference USA,Away,2015-09-19T23:00:00.000Z,True,False,38,14,W,108,124,-174.665
2015,4,400756936,NC State,ACC,South Alabama,Sun Belt,Away,2015-09-27T00:00:00.000Z,True,False,63,13,W,104,108,-108.226
2015,5,400756943,NC State,ACC,Louisville,ACC,Home,2015-10-03T16:30:00.000Z,True,False,13,20,L,61,43,48.013
2015,6,400756946,NC State,ACC,Virginia Tech,ACC,Away,2015-10-10T00:00:00.000Z,True,False,13,28,L,60,47,43.305
2015,8,400756964,NC State,ACC,Wake Forest,ACC,Away,2015-10-24T16:00:00.000Z,True,False,35,17,W,105,91,-44.681
2015,9,400756969,NC State,ACC,Clemson,ACC,Home,2015-10-31T19:30:00.000Z,True,False,41,56,L,14,4,153.808
2015,10,400756973,NC State,ACC,Boston College,ACC,Away,2015-11-07T17:30:00.000Z,True,False,24,8,W,92,70,-0.976
2015,11,400756982,NC State,ACC,Florida State,ACC,Away,2015-11-14T17:30:00.000Z,True,False,17,34,L,18,16,114.095
2015,12,400756993,NC State,ACC,Syracuse,ACC,Home,2015-11-21T17:30:00.000Z,True,False,42,29,W,95,73,-4.864
2015,13,400756997,NC State,ACC,North Carolina,ACC,Home,2015-11-28T20:30:00.000Z,True,False,34,45,L,10,6,139.599
2015,1,400852721,Navy,American Athletic,Pittsburgh,ACC,Home,2015-12-28T19:30:00.000Z,True,False,44,28,W,56,36,66.459
2015,3,400764866,Navy,American Athletic,East Carolina,American Athletic,Home,2015-09-19T19:30:00.000Z,True,False,45,21,W,64,76,-9.186
2015,4,400764871,Navy,American Athletic,UConn,American Athletic,Away,2015-09-26T16:00:00.000Z,True,False,28,18,W,80,90,-42.678
2015,5,400764876,Navy,American Athletic,Air Force,Mountain West,Home,2015-10-03T19:30:00.000Z,True,False,33,11,W,51,83,-24.371
2015,6,400763584,Navy,American Athletic,Notre Dame,FBS Independents,Away,2015-10-10T19:30:00.000Z,True,False,24,41,L,22,8,137.326
2015,8,400764893,Navy,American Athletic,Tulane,American Athletic,Home,2015-10-24T17:00:00.000Z,True,False,31,14,W,125,120,-156.481
2015,9,400764899,Navy,American Athletic,South Florida,American Athletic,Home,2015-10-31T16:00:00.000Z,True,False,29,17,W,38,44,45.866
2015,10,400764904,Navy,American Athletic,Memphis,American Athletic,Away,2015-11-08T00:00:00.000Z,True,False,45,20,W,30,42,51.058
2015,11,400764909,Navy,American Athletic,SMU,American Athletic,Home,2015-11-14T20:30:00.000Z,True,False,55,14,W,117,99,-82.576
2015,12,400764916,Navy,American Athletic,Tulsa,American Athletic,Away,2015-11-22T00:00:00.000Z,True,False,44,21,W,67,84,-25.229
2015,13,400764917,Navy,American Athletic,Houston,American Athletic,Away,2015-11-27T17:00:00.000Z,True,False,31,52,L,4,21,99.908
2015,15,400760500,Navy,American Athletic,Army,FBS Independents,Home,2015-12-12T20:00:00.000Z,True,False,21,17,W,96,105,-104.106
2015,1,400763495,Nebraska,Big Ten,BYU,FBS Independents,Home,2015-09-05T19:30:00.000Z,True,False,28,33,L,42,48,42.247
2015,1,400852720,Nebraska,Big Ten,UCLA,Pac-12,Home,2015-12-27T02:15:00.000Z,True,False,37,29,W,41,27,82.414
2015,2,400763503,Nebraska,Big Ten,South Alabama,Sun Belt,Home,2015-09-13T00:00:00.000Z,True,False,48,9,W,104,108,-108.226
2015,3,400756923,Nebraska,Big Ten,Miami,ACC,Away,2015-09-19T19:30:00.000Z,True,False,33,36,L,86,45,44.334
2015,4,400763522,Nebraska,Big Ten,Southern Miss,Conference USA,Home,2015-09-26T16:00:00.000Z,True,False,36,28,W,25,79,-12.406
2015,5,400763528,Nebraska,Big Ten,Illinois,Big Ten,Away,2015-10-03T20:02:00.000Z,True,False,13,14,L,87,81,-14.343
2015,6,400763536,Nebraska,Big Ten,Wisconsin,Big Ten,Home,2015-10-10T19:30:00.000Z,True,False,21,23,L,19,30,75.067
2015,7,400763543,Nebraska,Big Ten,Minnesota,Big Ten,Away,2015-10-17T19:30:00.000Z,True,False,48,25,W,78,64,5.110
2015,8,400763550,Nebraska,Big Ten,Northwestern,Big Ten,Home,2015-10-24T16:00:00.000Z,True,False,28,30,L,75,51,38.687
2015,9,400763555,Nebraska,Big Ten,Purdue,Big Ten,Away,2015-10-31T16:00:00.000Z,True,False,45,55,L,107,93,-55.737
2015,10,400763560,Nebraska,Big Ten,Michigan State,Big Ten,Home,2015-11-08T00:00:00.000Z,True,False,39,38,W,33,12,120.909
2015,11,400763569,Nebraska,Big Ten,Rutgers,Big Ten,Away,2015-11-14T20:30:00.000Z,True,False,31,14,W,106,87,-30.066
2015,13,400763576,Nebraska,Big Ten,Iowa,Big Ten,Home,2015-11-27T20:30:00.000Z,True,False,20,28,L,26,28,81.842
2015,1,400852725,Nevada,Mountain West,Colorado State,Mountain West,Away,2015-12-30T00:30:00.000Z,True,False,28,23,W,72,96,-67.213
2015,2,400756892,Nevada,Mountain West,Arizona,Pac-12,Home,2015-09-12T23:00:00.000Z,True,False,20,44,L,74,61,13.260
2015,3,400603858,Nevada,Mountain West,Texas A&M,SEC,Away,2015-09-19T16:00:00.000Z,True,False,27,44,L,49,25,88.233
2015,4,400787245,Nevada,Mountain West,Buffalo,Mid-American,Away,2015-09-26T19:30:00.000Z,True,False,24,21,W,77,92,-54.975
2015,5,400787251,Nevada,Mountain West,UNLV,Mountain West,Home,2015-10-03T23:00:00.000Z,True,False,17,23,L,103,109,-120.688
2015,6,400787258,Nevada,Mountain West,New Mexico,Mountain West,Home,2015-10-10T23:00:00.000Z,True,False,35,17,W,85,100,-92.176
2015,7,400787264,Nevada,Mountain West,Wyoming,Mountain West,Away,2015-10-17T20:00:00.000Z,True,False,21,28,L,113,118,-151.077
2015,8,400787268,Nevada,Mountain West,Hawai'i,Mountain West,Home,2015-10-24T20:00:00.000Z,True,False,30,20,W,124,125,-175.536
2015,10,400790886,Nevada,Mountain West,Fresno State,Mountain West,Away,2015-11-06T03:30:00.000Z,True,False,30,16,W,122,117,-150.137
2015,11,400787284,Nevada,Mountain West,San José State,Mountain West,Home,2015-11-14T21:00:00.000Z,True,False,37,34,W,70,94,-63.447
2015,12,400787290,Nevada,Mountain West,Utah State,Mountain West,Away,2015-11-21T20:30:00.000Z,True,False,27,31,L,50,68,0.395
2015,13,400787296,Nevada,Mountain West,San Diego State,Mountain West,Away,2015-11-29T03:45:00.000Z,True,False,14,31,L,13,50,39.874
2015,1,400852668,New Mexico,Mountain West,Arizona,Pac-12,Home,2015-12-19T19:00:00.000Z,True,False,37,45,L,74,61,13.260
2015,2,400764863,New Mexico,Mountain West,Tulsa,American Athletic,Home,2015-09-13T00:00:00.000Z,True,False,21,40,L,67,84,-25.229
2015,3,400787241,New Mexico,Mountain West,Arizona State,Pac-12,Away,2015-09-19T02:00:00.000Z,True,False,10,34,L,65,38,57.777
2015,4,400787246,New Mexico,Mountain West,Wyoming,Mountain West,Away,2015-09-26T19:00:00.000Z,True,False,38,28,W,113,118,-151.077
2015,5,400787252,New Mexico,Mountain West,New Mexico State,Sun Belt,Home,2015-10-04T00:00:00.000Z,True,False,38,29,W,110,116,-150.054
2015,6,400787258,New Mexico,Mountain West,Nevada,Mountain West,Away,2015-10-10T23:00:00.000Z,True,False,17,35,L,79,98,-80.691
2015,7,400787262,New Mexico,Mountain West,Hawai'i,Mountain West,Home,2015-10-17T23:00:00.000Z,True,False,28,27,W,124,125,-175.536
2015,8,400787269,New Mexico,Mountain West,San José State,Mountain West,Away,2015-10-24T23:00:00.000Z,True,False,21,31,L,70,94,-63.447
2015,10,400787278,New Mexico,Mountain West,Utah State,Mountain West,Home,2015-11-07T20:30:00.000Z,True,False,14,13,W,50,68,0.395
2015,11,400787281,New Mexico,Mountain West,Boise State,Mountain West,Away,2015-11-15T03:15:00.000Z,True,False,31,24,W,15,55,28.877
2015,12,400787287,New Mexico,Mountain West,Colorado State,Mountain West,Home,2015-11-21T22:30:00.000Z,True,False,21,28,L,72,96,-67.213
2015,13,400787292,New Mexico,Mountain West,Air Force,Mountain West,Home,2015-11-29T03:15:00.000Z,True,False,47,35,W,51,83,-24.371
2015,1,400603830,New Mexico State,Sun Belt,Florida,SEC,Away,2015-09-05T23:30:00.000Z,True,False,13,61,L,44,32,69.189
2015,2,400787415,New Mexico State,Sun Belt,Georgia State,Sun Belt,Home,2015-09-13T00:00:00.000Z,True,False,32,34,L,73,97,-77.309
2015,3,400763604,New Mexico State,Sun Belt,UTEP,Conference USA,Home,2015-09-20T00:00:00.000Z,True,False,47,50,L,114,123,-170.768
2015,5,400787252,New Mexico State,Sun Belt,New Mexico,Mountain West,Away,2015-10-04T00:00:00.000Z,True,False,29,38,L,85,100,-92.176
2015,6,400603902,New Mexico State,Sun Belt,Ole Miss,SEC,Away,2015-10-10T16:00:00.000Z,True,False,3,52,L,17,11,124.710
2015,7,400787452,New Mexico State,Sun Belt,Georgia Southern,Sun Belt,Away,2015-10-17T22:00:00.000Z,True,False,26,56,L,21,52,36.021
2015,8,400787457,New Mexico State,Sun Belt,Troy,Sun Belt,Home,2015-10-25T00:00:00.000Z,True,False,7,52,L,82,102,-98.169
2015,9,400787462,New Mexico State,Sun Belt,Idaho,Sun Belt,Home,2015-11-01T00:00:00.000Z,True,False,55,48,W,109,113,-140.118
2015,10,400787468,New Mexico State,Sun Belt,Texas State,Sun Belt,Away,2015-11-07T21:00:00.000Z,True,False,31,21,W,120,121,-161.379
2015,12,400787476,New Mexico State,Sun Belt,Louisiana,Sun Belt,Away,2015-11-21T22:00:00.000Z,True,False,37,34,W,90,112,-125.468
2015,13,400787479,New Mexico State,Sun Belt,Arkansas State,Sun Belt,Home,2015-11-28T21:00:00.000Z,True,False,28,52,L,45,82,-17.427
2015,14,400787486,New Mexico State,Sun Belt,UL Monroe,Sun Belt,Away,2015-12-05T20:00:00.000Z,True,False,35,42,L,116,122,-165.236
2015,1,400603840,North Carolina,ACC,South Carolina,SEC,Away,2015-09-03T22:00:00.000Z,True,False,13,17,L,91,65,4.957
2015,1,400852724,North Carolina,ACC,Baylor,Big 12,Away,2015-12-29T22:30:00.000Z,True,False,38,49,L,6,13,120.044
2015,3,400756924,North Carolina,ACC,Illinois,Big Ten,Home,2015-09-19T16:00:00.000Z,True,False,48,14,W,87,81,-14.343
2015,5,400756942,North Carolina,ACC,Georgia Tech,ACC,Away,2015-10-03T19:30:00.000Z,True,False,38,31,W,76,58,18.901
2015,7,400756957,North Carolina,ACC,Wake Forest,ACC,Home,2015-10-17T23:00:00.000Z,True,False,50,14,W,105,91,-44.681
2015,8,400756963,North Carolina,ACC,Virginia,ACC,Home,2015-10-24T19:30:00.000Z,True,False,26,13,W,93,63,7.154
2015,9,400756966,North Carolina,ACC,Pittsburgh,ACC,Away,2015-10-29T23:00:00.000Z,True,False,26,19,W,56,36,66.459
2015,10,400756975,North Carolina,ACC,Duke,ACC,Home,2015-11-07T17:00:00.000Z,True,False,66,31,W,59,60,17.947
2015,11,400756984,North Carolina,ACC,Miami,ACC,Home,2015-11-14T20:30:00.000Z,True,False,59,21,W,86,45,44.334
2015,12,400756992,North Carolina,ACC,Virginia Tech,ACC,Away,2015-11-21T17:00:00.000Z,True,False,30,27,W,60,47,43.305
2015,13,400756997,North Carolina,ACC,NC State,ACC,Away,2015-11-28T20:30:00.000Z,True,False,45,34,W,43,46,44.159
2015,14,400852676,North Carolina,ACC,Clemson,ACC,Away,2015-12-06T01:00:00.000Z,True,False,37,45,L,14,4,153.808
2015,2,400763597,North Texas,Conference USA,SMU,American Athletic,Away,2015-09-12T23:00:00.000Z,True,False,13,31,L,117,99,-82.576
2015,3,400763605,North Texas,Conference USA,Rice,Conference USA,Home,2015-09-19T18:30:00.000Z,True,False,24,38,L,119,114,-141.731
2015,4,400763518,North Texas,Conference USA,Iowa,Big Ten,Away,2015-09-26T19:30:00.000Z,True,False,16,62,L,26,28,81.842
2015,5,400763618,North Texas,Conference USA,Southern Miss,Conference USA,Away,2015-10-03T23:00:00.000Z,True,False,14,49,L,25,79,-12.406
2015,7,400763629,North Texas,Conference USA,Western Kentucky,Conference USA,Home,2015-10-15T23:30:00.000Z,True,False,28,55,L,3,41,52.774
2015,8,400763635,North Texas,Conference USA,Marshall,Conference USA,Away,2015-10-24T19:30:00.000Z,True,False,13,30,L,23,72,-4.639
2015,9,400763639,North Texas,Conference USA,UTSA,Conference USA,Home,2015-10-31T23:00:00.000Z,True,False,30,23,W,102,115,-145.740
2015,10,400763644,North Texas,Conference USA,Louisiana Tech,Conference USA,Away,2015-11-07T20:30:00.000Z,True,False,13,56,L,35,74,-5.731
2015,11,400603935,North Texas,Conference USA,Tennessee,SEC,Away,2015-11-14T17:00:00.000Z,True,False,0,24,L,20,10,126.534
2015,12,400763655,North Texas,Conference USA,Middle Tennessee,Conference USA,Away,2015-11-21T17:00:00.000Z,True,False,7,41,L,53,89,-37.682
2015,13,400763660,North Texas,Conference USA,UTEP,Conference USA,Home,2015-11-28T20:30:00.000Z,True,False,17,20,L,114,123,-170.768
2015,1,400787115,Northern Illinois,Mid-American,UNLV,Mountain West,Home,2015-09-05T23:30:00.000Z,True,False,38,30,W,103,109,-120.688
2015,1,400852710,Northern Illinois,Mid-American,Boise State,Mountain West,Home,2015-12-23T21:30:00.000Z,True,False,7,55,L,15,55,28.877
2015,3,400763514,Northern Illinois,Mid-American,Ohio State,Big Ten,Away,2015-09-19T19:30:00.000Z,True,False,13,20,L,2,3,167.343
2015,4,400756932,Northern Illinois,Mid-American,Boston College,ACC,Away,2015-09-26T17:00:00.000Z,True,False,14,17,L,92,70,-0.976
2015,5,400787315,Northern Illinois,Mid-American,Central Michigan,Mid-American,Away,2015-10-03T19:00:00.000Z,True,False,19,29,L,55,78,-12.228
2015,6,400787324,Northern Illinois,Mid-American,Ball State,Mid-American,Home,2015-10-10T19:30:00.000Z,True,False,59,41,W,112,103,-100.709
2015,7,400787327,Northern Illinois,Mid-American,Miami (OH),Mid-American,Away,2015-10-17T18:30:00.000Z,True,False,45,12,W,111,110,-121.753
2015,8,400787335,Northern Illinois,Mid-American,Eastern Michigan,Mid-American,Home,2015-10-24T19:30:00.000Z,True,False,49,21,W,115,126,-175.722
2015,10,400787343,Northern Illinois,Mid-American,Toledo,Mid-American,Away,2015-11-04T01:00:00.000Z,True,False,32,27,W,9,26,87.967
2015,11,400787351,Northern Illinois,Mid-American,Buffalo,Mid-American,Away,2015-11-12T01:00:00.000Z,True,False,41,30,W,77,92,-54.975
2015,12,400787358,Northern Illinois,Mid-American,Western Michigan,Mid-American,Home,2015-11-19T01:00:00.000Z,True,False,27,19,W,46,62,11.443
2015,13,400787362,Northern Illinois,Mid-American,Ohio,Mid-American,Home,2015-11-25T00:30:00.000Z,True,False,21,26,L,62,85,-26.109
2015,14,400852680,Northern Illinois,Mid-American,Bowling Green,Mid-American,Home,2015-12-05T01:00:00.000Z,True,False,14,34,L,16,34,67.829
2015,1,400756891,Northwestern,Big Ten,Stanford,Pac-12,Home,2015-09-05T16:00:00.000Z,True,False,16,6,W,5,2,177.800
2015,1,400852734,Northwestern,Big Ten,Tennessee,SEC,Away,2016-01-01T17:00:00.000Z,True,False,6,45,L,20,10,126.534
2015,3,400756921,Northwestern,Big Ten,Duke,ACC,Away,2015-09-19T16:30:00.000Z,True,False,19,10,W,59,60,17.947
2015,4,400763523,Northwestern,Big Ten,Ball State,Mid-American,Home,2015-09-27T00:00:00.000Z,True,False,24,19,W,112,103,-100.709
2015,5,400763532,Northwestern,Big Ten,Minnesota,Big Ten,Home,2015-10-03T16:00:00.000Z,True,False,27,0,W,78,64,5.110
2015,6,400763535,Northwestern,Big Ten,Michigan,Big Ten,Away,2015-10-10T19:30:00.000Z,True,False,0,38,L,8,7,137.673
2015,7,400763544,Northwestern,Big Ten,Iowa,Big Ten,Home,2015-10-17T16:00:00.000Z,True,False,10,40,L,26,28,81.842
2015,8,400763550,Northwestern,Big Ten,Nebraska,Big Ten,Away,2015-10-24T16:00:00.000Z,True,False,30,28,W,48,40,53.755
2015,10,400763561,Northwestern,Big Ten,Penn State,Big Ten,Home,2015-11-07T17:00:00.000Z,True,False,23,21,W,58,49,40.788
2015,11,400763568,Northwestern,Big Ten,Purdue,Big Ten,Home,2015-11-14T17:00:00.000Z,True,False,21,14,W,107,93,-55.737
2015,12,400763575,Northwestern,Big Ten,Wisconsin,Big Ten,Away,2015-11-21T20:30:00.000Z,True,False,13,7,W,19,30,75.067
2015,13,400763577,Northwestern,Big Ten,Illinois,Big Ten,Away,2015-11-28T20:30:00.000Z,True,False,24,14,W,87,81,-14.343
2015,1,400763403,Notre Dame,FBS Independents,Texas,Big 12,Home,2015-09-05T23:30:00.000Z,True,False,38,3,W,83,56,23.984
2015,1,400852736,Notre Dame,FBS Independents,Ohio State,Big Ten,Away,2016-01-01T18:00:00.000Z,True,False,28,44,L,2,3,167.343
2015,2,400756917,Notre Dame,FBS Independents,Virginia,ACC,Away,2015-09-12T19:30:00.000Z,True,False,34,27,W,93,63,7.154
2015,3,400756922,Notre Dame,FBS Independents,Georgia Tech,ACC,Home,2015-09-19T19:30:00.000Z,True,False,30,22,W,76,58,18.901
2015,4,400763583,Notre Dame,FBS Independents,Massachusetts,Mid-American,Home,2015-09-26T19:30:00.000Z,True,False,62,27,W,100,101,-96.950
2015,5,400756940,Notre Dame,FBS Independents,Clemson,ACC,Away,2015-10-04T00:00:00.000Z,True,False,22,24,L,14,4,153.808
2015,6,400763584,Notre Dame,FBS Independents,Navy,American Athletic,Home,2015-10-10T19:30:00.000Z,True,False,41,24,W,11,23,97.846
2015,7,400757053,Notre Dame,FBS Independents,USC,Pac-12,Home,2015-10-17T23:30:00.000Z,True,False,41,31,W,32,22,98.131
2015,9,400763585,Notre Dame,FBS Independents,Temple,American Athletic,Away,2015-11-01T00:00:00.000Z,True,False,24,20,W,24,39,57.262
2015,10,400756978,Notre Dame,FBS Independents,Pittsburgh,ACC,Away,2015-11-07T17:00:00.000Z,True,False,42,30,W,56,36,66.459
2015,11,400756985,Notre Dame,FBS Independents,Wake Forest,ACC,Home,2015-11-14T20:30:00.000Z,True,False,28,7,W,105,91,-44.681
2015,12,400756986,Notre Dame,FBS Independents,Boston College,ACC,Home,2015-11-22T00:30:00.000Z,True,False,19,16,W,92,70,-0.976
2015,13,400757090,Notre Dame,FBS Independents,Stanford,Pac-12,Away,2015-11-29T00:30:00.000Z,True,False,36,38,L,5,2,177.800
2015,1,400787302,Ohio,Mid-American,Idaho,Sun Belt,Away,2015-09-04T01:00:00.000Z,True,False,45,28,W,109,113,-140.118
2015,1,400852685,Ohio,Mid-American,App State,Sun Belt,Away,2015-12-19T22:30:00.000Z,True,False,29,31,L,12,54,31.082
2015,2,400763595,Ohio,Mid-American,Marshall,Conference USA,Home,2015-09-12T23:00:00.000Z,True,False,21,10,W,23,72,-4.639
2015,4,400763521,Ohio,Mid-American,Minnesota,Big Ten,Away,2015-09-26T19:30:00.000Z,True,False,24,27,L,78,64,5.110
2015,5,400787316,Ohio,Mid-American,Akron,Mid-American,Away,2015-10-03T18:00:00.000Z,True,False,14,12,W,71,88,-30.923
2015,6,400787325,Ohio,Mid-American,Miami (OH),Mid-American,Home,2015-10-10T18:00:00.000Z,True,False,34,3,W,111,110,-121.753
2015,7,400787328,Ohio,Mid-American,Western Michigan,Mid-American,Home,2015-10-17T16:00:00.000Z,True,False,14,49,L,46,62,11.443
2015,8,400787333,Ohio,Mid-American,Buffalo,Mid-American,Away,2015-10-24T19:30:00.000Z,True,False,17,41,L,77,92,-54.975
2015,10,400787344,Ohio,Mid-American,Bowling Green,Mid-American,Away,2015-11-05T01:00:00.000Z,True,False,24,62,L,16,34,67.829
2015,11,400787349,Ohio,Mid-American,Kent State,Mid-American,Home,2015-11-11T01:00:00.000Z,True,False,27,0,W,118,111,-123.377
2015,12,400787355,Ohio,Mid-American,Ball State,Mid-American,Home,2015-11-18T00:00:00.000Z,True,False,48,31,W,112,103,-100.709
2015,13,400787362,Ohio,Mid-American,Northern Illinois,Mid-American,Away,2015-11-25T00:30:00.000Z,True,False,26,21,W,57,66,3.161
2015,1,400756905,Ohio State,Big Ten,Virginia Tech,ACC,Away,2015-09-08T00:00:00.000Z,True,False,42,24,W,60,47,43.305
2015,1,400852736,Ohio State,Big Ten,Notre Dame,FBS Independents,Home,2016-01-01T18:00:00.000Z,True,False,44,28,W,22,8,137.326
2015,2,400763505,Ohio State,Big Ten,Hawai'i,Mountain West,Home,2015-09-12T19:30:00.000Z,True,False,38,0,W,124,125,-175.536
2015,3,400763514,Ohio State,Big Ten,Northern Illinois,Mid-American,Home,2015-09-19T19:30:00.000Z,True,False,20,13,W,57,66,3.161
2015,4,400763524,Ohio State,Big Ten,Western Michigan,Mid-American,Home,2015-09-26T19:30:00.000Z,True,False,38,12,W,46,62,11.443
2015,5,400763529,Ohio State,Big Ten,Indiana,Big Ten,Away,2015-10-03T19:30:00.000Z,True,False,34,27,W,68,57,22.140
2015,6,400763537,Ohio State,Big Ten,Maryland,Big Ten,Home,2015-10-10T16:00:00.000Z,True,False,49,28,W,101,71,-3.784
2015,7,400763545,Ohio State,Big Ten,Penn State,Big Ten,Home,2015-10-18T00:00:00.000Z,True,False,38,10,W,58,49,40.788
2015,8,400763551,Ohio State,Big Ten,Rutgers,Big Ten,Away,2015-10-25T00:00:00.000Z,True,False,49,7,W,106,87,-30.066
2015,10,400763562,Ohio State,Big Ten,Minnesota,Big Ten,Home,2015-11-08T01:00:00.000Z,True,False,28,14,W,78,64,5.110
2015,11,400763564,Ohio State,Big Ten,Illinois,Big Ten,Away,2015-11-14T17:00:00.000Z,True,False,28,3,W,87,81,-14.343
2015,12,400763573,Ohio State,Big Ten,Michigan State,Big Ten,Home,2015-11-21T20:30:00.000Z,True,False,14,17,L,33,12,120.909
2015,13,400763578,Ohio State,Big Ten,Michigan,Big Ten,Away,2015-11-28T17:00:00.000Z,True,False,42,13,W,8,7,137.673
2015,1,400763404,Oklahoma,Big 12,Akron,Mid-American,Home,2015-09-05T23:00:00.000Z,True,False,41,3,W,71,88,-30.923
2015,1,400852733,Oklahoma,Big 12,Clemson,ACC,Away,2015-12-31T21:00:00.000Z,True,False,17,37,L,14,4,153.808
2015,2,400603868,Oklahoma,Big 12,Tennessee,SEC,Away,2015-09-12T22:00:00.000Z,True,False,31,24,W,20,10,126.534
2015,3,400763418,Oklahoma,Big 12,Tulsa,American Athletic,Home,2015-09-19T16:00:00.000Z,True,False,52,38,W,67,84,-25.229
2015,5,400763428,Oklahoma,Big 12,West Virginia,Big 12,Home,2015-10-03T16:00:00.000Z,True,False,44,24,W,39,33,68.575
2015,6,400763434,Oklahoma,Big 12,Texas,Big 12,Away,2015-10-10T16:00:00.000Z,True,False,17,24,L,83,56,23.984
2015,7,400763440,Oklahoma,Big 12,Kansas State,Big 12,Away,2015-10-17T19:30:00.000Z,True,False,55,0,W,81,59,18.733
2015,8,400763442,Oklahoma,Big 12,Texas Tech,Big 12,Home,2015-10-24T19:30:00.000Z,True,False,63,27,W,66,53,34.248
2015,9,400763447,Oklahoma,Big 12,Kansas,Big 12,Away,2015-10-31T19:30:00.000Z,True,False,62,7,W,128,106,-105.629
2015,10,400763450,Oklahoma,Big 12,Iowa State,Big 12,Home,2015-11-08T00:00:00.000Z,True,False,52,16,W,99,69,-0.571
2015,11,400763454,Oklahoma,Big 12,Baylor,Big 12,Away,2015-11-15T01:00:00.000Z,True,False,44,34,W,6,13,120.044
2015,12,400763461,Oklahoma,Big 12,TCU,Big 12,Home,2015-11-22T01:00:00.000Z,True,False,30,29,W,27,17,109.729
2015,13,400763466,Oklahoma,Big 12,Oklahoma State,Big 12,Away,2015-11-29T01:00:00.000Z,True,False,58,23,W,36,37,62.307
2015,1,400763399,Oklahoma State,Big 12,Central Michigan,Mid-American,Away,2015-09-03T23:00:00.000Z,True,False,24,13,W,55,78,-12.228
2015,1,400852738,Oklahoma State,Big 12,Ole Miss,SEC,Away,2016-01-02T01:30:00.000Z,True,False,20,48,L,17,11,124.710
2015,3,400763419,Oklahoma State,Big 12,UTSA,Conference USA,Home,2015-09-19T19:30:00.000Z,True,False,69,14,W,102,115,-145.740
2015,4,400763424,Oklahoma State,Big 12,Texas,Big 12,Away,2015-09-26T19:30:00.000Z,True,False,30,27,W,83,56,23.984
2015,5,400763429,Oklahoma State,Big 12,Kansas State,Big 12,Home,2015-10-03T20:00:00.000Z,True,False,36,34,W,81,59,18.733
2015,6,400763436,Oklahoma State,Big 12,West Virginia,Big 12,Away,2015-10-10T23:00:00.000Z,True,False,33,26,W,39,33,68.575
2015,8,400763443,Oklahoma State,Big 12,Kansas,Big 12,Home,2015-10-24T19:30:00.000Z,True,False,58,10,W,128,106,-105.629
2015,9,400763448,Oklahoma State,Big 12,Texas Tech,Big 12,Away,2015-10-31T19:30:00.000Z,True,False,70,53,W,66,53,34.248
2015,10,400763451,Oklahoma State,Big 12,TCU,Big 12,Home,2015-11-07T20:30:00.000Z,True,False,49,29,W,27,17,109.729
2015,11,400763455,Oklahoma State,Big 12,Iowa State,Big 12,Away,2015-11-14T20:30:00.000Z,True,False,35,31,W,99,69,-0.571
2015,12,400763462,Oklahoma State,Big 12,Baylor,Big 12,Home,2015-11-22T00:30:00.000Z,True,False,35,45,L,6,13,120.044
2015,13,400763466,Oklahoma State,Big 12,Oklahoma,Big 12,Home,2015-11-29T01:00:00.000Z,True,False,23,58,L,1,5,152.652
2015,1,400763588,Old Dominion,Conference USA,Eastern Michigan,Mid-American,Away,2015-09-05T19:30:00.000Z,True,False,38,34,W,115,126,-175.722
2015,3,400756925,Old Dominion,Conference USA,NC State,ACC,Home,2015-09-19T23:00:00.000Z,True,False,14,38,L,43,46,44.159
2015,4,400763610,Old Dominion,Conference USA,App State,Sun Belt,Home,2015-09-26T19:30:00.000Z,True,False,0,49,L,12,54,31.082
2015,5,400763616,Old Dominion,Conference USA,Marshall,Conference USA,Away,2015-10-03T19:30:00.000Z,True,False,7,27,L,23,72,-4.639
2015,7,400763630,Old Dominion,Conference USA,Charlotte,Conference USA,Home,2015-10-17T19:30:00.000Z,True,False,37,34,W,121,128,-194.370
2015,8,400763633,Old Dominion,Conference USA,Florida International,Conference USA,Away,2015-10-24T22:00:00.000Z,True,False,12,41,L,97,107,-107.303
2015,9,400763640,Old Dominion,Conference USA,Western Kentucky,Conference USA,Home,2015-10-31T16:00:00.000Z,True,False,30,55,L,3,41,52.774
2015,10,400763647,Old Dominion,Conference USA,UTSA,Conference USA,Away,2015-11-08T00:00:00.000Z,True,False,36,31,W,102,115,-145.740
2015,11,400763652,Old Dominion,Conference USA,UTEP,Conference USA,Home,2015-11-14T17:00:00.000Z,True,False,31,21,W,114,123,-170.768
2015,12,400763656,Old Dominion,Conference USA,Southern Miss,Conference USA,Away,2015-11-21T20:30:00.000Z,True,False,31,56,L,25,79,-12.406
2015,13,400763661,Old Dominion,Conference USA,Florida Atlantic,Conference USA,Home,2015-11-28T17:00:00.000Z,True,False,31,33,L,89,104,-102.076
2015,1,400852738,Ole Miss,SEC,Oklahoma State,Big 12,Home,2016-01-02T01:30:00.000Z,True,False,48,20,W,36,37,62.307
2015,2,400603866,Ole Miss,SEC,Fresno State,Mountain West,Home,2015-09-12T19:30:00.000Z,True,False,73,21,W,122,117,-150.137
2015,3,400603850,Ole Miss,SEC,Alabama,SEC,Away,2015-09-20T01:15:00.000Z,True,False,43,37,W,7,1,197.353
2015,4,400603847,Ole Miss,SEC,Vanderbilt,SEC,Home,2015-09-26T23:00:00.000Z,True,False,27,16,W,98,80,-13.582
2015,5,400603878,Ole Miss,SEC,Florida,SEC,Away,2015-10-03T23:00:00.000Z,True,False,10,38,L,44,32,69.189
2015,6,400603902,Ole Miss,SEC,New Mexico State,Sun Belt,Home,2015-10-10T16:00:00.000Z,True,False,52,3,W,110,116,-150.054
2015,7,400603894,Ole Miss,SEC,Memphis,American Athletic,Away,2015-10-17T16:00:00.000Z,True,False,24,37,L,30,42,51.058
2015,8,400603890,Ole Miss,SEC,Texas A&M,SEC,Home,2015-10-24T23:00:00.000Z,True,False,23,3,W,49,25,88.233
2015,9,400603872,Ole Miss,SEC,Auburn,SEC,Away,2015-10-31T16:00:00.000Z,True,False,27,19,W,63,31,69.983
2015,10,400603908,Ole Miss,SEC,Arkansas,SEC,Home,2015-11-07T20:30:00.000Z,True,False,52,53,L,40,15,114.183
2015,12,400603928,Ole Miss,SEC,LSU,SEC,Home,2015-11-21T20:30:00.000Z,True,False,38,17,W,31,9,128.093
2015,13,400603918,Ole Miss,SEC,Mississippi State,SEC,Away,2015-11-29T00:15:00.000Z,True,False,38,27,W,34,14,118.788
2015,1,400852741,Oregon,Pac-12,TCU,Big 12,Away,2016-01-02T23:45:00.000Z,True,False,41,47,L,27,17,109.729
2015,2,400757018,Oregon,Pac-12,Michigan State,Big Ten,Away,2015-09-13T00:00:00.000Z,True,False,28,31,L,33,12,120.909
2015,3,400757030,Oregon,Pac-12,Georgia State,Sun Belt,Home,2015-09-19T18:00:00.000Z,True,False,61,28,W,73,97,-77.309
2015,4,400757039,Oregon,Pac-12,Utah,Pac-12,Home,2015-09-27T00:30:00.000Z,True,False,20,62,L,29,19,105.120
2015,5,400757043,Oregon,Pac-12,Colorado,Pac-12,Away,2015-10-04T03:05:00.000Z,True,False,41,24,W,94,77,-11.804
2015,6,400757049,Oregon,Pac-12,Washington State,Pac-12,Home,2015-10-10T22:00:00.000Z,True,False,38,45,L,52,35,66.479
2015,7,400757054,Oregon,Pac-12,Washington,Pac-12,Away,2015-10-18T02:30:00.000Z,True,False,26,20,W,28,20,103.820
2015,9,400757061,Oregon,Pac-12,Arizona State,Pac-12,Away,2015-10-30T02:30:00.000Z,True,False,61,55,W,65,38,57.777
2015,10,400757072,Oregon,Pac-12,California,Pac-12,Home,2015-11-08T03:30:00.000Z,True,False,44,28,W,54,29,79.657
2015,11,400757077,Oregon,Pac-12,Stanford,Pac-12,Away,2015-11-15T00:30:00.000Z,True,False,38,36,W,5,2,177.800
2015,12,400757080,Oregon,Pac-12,USC,Pac-12,Home,2015-11-21T20:30:00.000Z,True,False,48,28,W,32,22,98.131
2015,13,400757085,Oregon,Pac-12,Oregon State,Pac-12,Home,2015-11-27T21:00:00.000Z,True,False,52,42,W,123,95,-65.724
2015,2,400757019,Oregon State,Pac-12,Michigan,Big Ten,Away,2015-09-12T16:00:00.000Z,True,False,7,35,L,8,7,137.673
2015,3,400757031,Oregon State,Pac-12,San José State,Mountain West,Home,2015-09-20T00:00:00.000Z,True,False,35,21,W,70,94,-63.447
2015,4,400757035,Oregon State,Pac-12,Stanford,Pac-12,Home,2015-09-26T02:00:00.000Z,True,False,24,42,L,5,2,177.800
2015,6,400757046,Oregon State,Pac-12,Arizona,Pac-12,Away,2015-10-10T20:00:00.000Z,True,False,7,44,L,74,61,13.260
2015,7,400757055,Oregon State,Pac-12,Washington State,Pac-12,Away,2015-10-17T20:00:00.000Z,True,False,31,52,L,52,35,66.479
2015,8,400757059,Oregon State,Pac-12,Colorado,Pac-12,Home,2015-10-25T02:30:00.000Z,True,False,13,17,L,94,77,-11.804
2015,9,400757065,Oregon State,Pac-12,Utah,Pac-12,Away,2015-10-31T23:00:00.000Z,True,False,12,27,L,29,19,105.120
2015,10,400757069,Oregon State,Pac-12,UCLA,Pac-12,Home,2015-11-07T21:30:00.000Z,True,False,0,41,L,41,27,82.414
2015,11,400757078,Oregon State,Pac-12,California,Pac-12,Away,2015-11-15T03:30:00.000Z,True,False,24,54,L,54,29,79.657
2015,12,400757083,Oregon State,Pac-12,Washington,Pac-12,Home,2015-11-21T23:00:00.000Z,True,False,7,52,L,28,20,103.820
2015,13,400757085,Oregon State,Pac-12,Oregon,Pac-12,Away,2015-11-27T21:00:00.000Z,True,False,42,52,L,47,18,107.392
2015,1,400763497,Penn State,Big Ten,Temple,American Athletic,Away,2015-09-05T19:30:00.000Z,True,False,10,27,L,24,39,57.262
2015,1,400852739,Penn State,Big Ten,Georgia,SEC,Away,2016-01-02T17:00:00.000Z,True,False,17,24,L,37,24,90.120
2015,2,400763506,Penn State,Big Ten,Buffalo,Mid-American,Home,2015-09-12T16:00:00.000Z,True,False,27,14,W,77,92,-54.975
2015,3,400763515,Penn State,Big Ten,Rutgers,Big Ten,Home,2015-09-20T00:00:00.000Z,True,False,28,3,W,106,87,-30.066
2015,4,400763525,Penn State,Big Ten,San Diego State,Mountain West,Home,2015-09-26T19:30:00.000Z,True,False,37,21,W,13,50,39.874
2015,5,400760494,Penn State,Big Ten,Army,FBS Independents,Home,2015-10-03T16:00:00.000Z,True,False,20,14,W,96,105,-104.106
2015,6,400763538,Penn State,Big Ten,Indiana,Big Ten,Home,2015-10-10T16:00:00.000Z,True,False,29,7,W,68,57,22.140
2015,7,400763545,Penn State,Big Ten,Ohio State,Big Ten,Away,2015-10-18T00:00:00.000Z,True,False,10,38,L,2,3,167.343
2015,8,400763548,Penn State,Big Ten,Maryland,Big Ten,Away,2015-10-24T19:30:00.000Z,True,False,31,30,W,101,71,-3.784
2015,9,400763554,Penn State,Big Ten,Illinois,Big Ten,Home,2015-10-31T16:00:00.000Z,True,False,39,0,W,87,81,-14.343
2015,10,400763561,Penn State,Big Ten,Northwestern,Big Ten,Away,2015-11-07T17:00:00.000Z,True,False,21,23,L,75,51,38.687
2015,12,400763574,Penn State,Big Ten,Michigan,Big Ten,Home,2015-11-21T17:00:00.000Z,True,False,16,28,L,8,7,137.673
2015,13,400763579,Penn State,Big Ten,Michigan State,Big Ten,Away,2015-11-28T20:30:00.000Z,True,False,16,55,L,33,12,120.909
2015,1,400852721,Pittsburgh,ACC,Navy,American Athletic,Away,2015-12-28T19:30:00.000Z,True,False,28,44,L,11,23,97.846
2015,2,400756915,Pittsburgh,ACC,Akron,Mid-American,Away,2015-09-12T22:00:00.000Z,True,False,24,7,W,71,88,-30.923
2015,3,400756926,Pittsburgh,ACC,Iowa,Big Ten,Away,2015-09-20T00:00:00.000Z,True,False,24,27,L,26,28,81.842
2015,5,400756945,Pittsburgh,ACC,Virginia Tech,ACC,Away,2015-10-03T16:00:00.000Z,True,False,17,13,W,60,47,43.305
2015,6,400756951,Pittsburgh,ACC,Virginia,ACC,Home,2015-10-10T16:30:00.000Z,True,False,26,19,W,93,63,7.154
2015,7,400756955,Pittsburgh,ACC,Georgia Tech,ACC,Away,2015-10-17T16:30:00.000Z,True,False,31,28,W,76,58,18.901
2015,8,400756965,Pittsburgh,ACC,Syracuse,ACC,Away,2015-10-24T16:00:00.000Z,True,False,23,20,W,95,73,-4.864
2015,9,400756966,Pittsburgh,ACC,North Carolina,ACC,Home,2015-10-29T23:00:00.000Z,True,False,19,26,L,10,6,139.599
2015,10,400756978,Pittsburgh,ACC,Notre Dame,FBS Independents,Home,2015-11-07T17:00:00.000Z,True,False,30,42,L,22,8,137.326
2015,11,400756981,Pittsburgh,ACC,Duke,ACC,Away,2015-11-14T17:00:00.000Z,True,False,31,13,W,59,60,17.947
2015,12,400756991,Pittsburgh,ACC,Louisville,ACC,Home,2015-11-21T20:45:00.000Z,True,False,45,34,W,61,43,48.013
2015,13,400756994,Pittsburgh,ACC,Miami,ACC,Home,2015-11-27T17:00:00.000Z,True,False,24,29,L,86,45,44.334
2015,1,400763498,Purdue,Big Ten,Marshall,Conference USA,Away,2015-09-06T19:00:00.000Z,True,False,31,41,L,23,72,-4.639
2015,3,400756929,Purdue,Big Ten,Virginia Tech,ACC,Home,2015-09-19T19:30:00.000Z,True,False,24,51,L,60,47,43.305
2015,4,400763526,Purdue,Big Ten,Bowling Green,Mid-American,Home,2015-09-26T16:00:00.000Z,True,False,28,35,L,16,34,67.829
2015,5,400763531,Purdue,Big Ten,Michigan State,Big Ten,Away,2015-10-03T16:00:00.000Z,True,False,21,24,L,33,12,120.909
2015,6,400763539,Purdue,Big Ten,Minnesota,Big Ten,Home,2015-10-10T19:30:00.000Z,True,False,13,41,L,78,64,5.110
2015,7,400763546,Purdue,Big Ten,Wisconsin,Big Ten,Away,2015-10-17T16:00:00.000Z,True,False,7,24,L,19,30,75.067
2015,9,400763555,Purdue,Big Ten,Nebraska,Big Ten,Home,2015-10-31T16:00:00.000Z,True,False,55,45,W,48,40,53.755
2015,10,400763563,Purdue,Big Ten,Illinois,Big Ten,Home,2015-11-07T17:00:00.000Z,True,False,14,48,L,87,81,-14.343
2015,11,400763568,Purdue,Big Ten,Northwestern,Big Ten,Away,2015-11-14T17:00:00.000Z,True,False,14,21,L,75,51,38.687
2015,12,400763570,Purdue,Big Ten,Iowa,Big Ten,Away,2015-11-21T17:00:00.000Z,True,False,20,40,L,26,28,81.842
2015,13,400763581,Purdue,Big Ten,Indiana,Big Ten,Home,2015-11-28T17:00:00.000Z,True,False,36,54,L,68,57,22.140
2015,2,400763413,Rice,Conference USA,Texas,Big 12,Away,2015-09-13T00:00:00.000Z,True,False,28,42,L,83,56,23.984
2015,3,400763605,Rice,Conference USA,North Texas,Conference USA,Away,2015-09-19T18:30:00.000Z,True,False,38,24,W,126,127,-181.595
2015,4,400763422,Rice,Conference USA,Baylor,Big 12,Away,2015-09-26T19:00:00.000Z,True,False,17,70,L,6,13,120.044
2015,5,400763617,Rice,Conference USA,Western Kentucky,Conference USA,Home,2015-10-03T19:30:00.000Z,True,False,10,49,L,3,41,52.774
2015,6,400763621,Rice,Conference USA,Florida Atlantic,Conference USA,Away,2015-10-10T18:30:00.000Z,True,False,27,26,W,89,104,-102.076
2015,8,400760496,Rice,Conference USA,Army,FBS Independents,Home,2015-10-24T16:00:00.000Z,True,False,38,31,W,96,105,-104.106
2015,9,400763641,Rice,Conference USA,Louisiana Tech,Conference USA,Home,2015-10-31T00:00:00.000Z,True,False,17,42,L,35,74,-5.731
2015,10,400763646,Rice,Conference USA,UTEP,Conference USA,Away,2015-11-07T01:00:00.000Z,True,False,21,24,L,114,123,-170.768
2015,11,400763653,Rice,Conference USA,Southern Miss,Conference USA,Home,2015-11-14T20:30:00.000Z,True,False,10,65,L,25,79,-12.406
2015,12,400763658,Rice,Conference USA,UTSA,Conference USA,Away,2015-11-22T00:00:00.000Z,True,False,24,34,L,102,115,-145.740
2015,13,400763662,Rice,Conference USA,Charlotte,Conference USA,Home,2015-11-28T20:30:00.000Z,True,False,27,7,W,121,128,-194.370
2015,2,400757021,Rutgers,Big Ten,Washington State,Pac-12,Home,2015-09-12T19:30:00.000Z,True,False,34,37,L,52,35,66.479
2015,3,400763515,Rutgers,Big Ten,Penn State,Big Ten,Away,2015-09-20T00:00:00.000Z,True,False,3,28,L,58,49,40.788
2015,4,400763423,Rutgers,Big Ten,Kansas,Big 12,Home,2015-09-26T16:00:00.000Z,True,False,27,14,W,128,106,-105.629
2015,6,400763540,Rutgers,Big Ten,Michigan State,Big Ten,Home,2015-10-11T00:00:00.000Z,True,False,24,31,L,33,12,120.909
2015,7,400763541,Rutgers,Big Ten,Indiana,Big Ten,Away,2015-10-17T19:30:00.000Z,True,False,55,52,W,68,57,22.140
2015,8,400763551,Rutgers,Big Ten,Ohio State,Big Ten,Home,2015-10-25T00:00:00.000Z,True,False,7,49,L,2,3,167.343
2015,9,400763556,Rutgers,Big Ten,Wisconsin,Big Ten,Away,2015-10-31T16:00:00.000Z,True,False,10,48,L,19,30,75.067
2015,10,400763559,Rutgers,Big Ten,Michigan,Big Ten,Away,2015-11-07T20:30:00.000Z,True,False,16,49,L,8,7,137.673
2015,11,400763569,Rutgers,Big Ten,Nebraska,Big Ten,Home,2015-11-14T20:30:00.000Z,True,False,14,31,L,48,40,53.755
2015,12,400760499,Rutgers,Big Ten,Army,FBS Independents,Away,2015-11-21T17:00:00.000Z,True,False,31,21,W,96,105,-104.106
2015,13,400763582,Rutgers,Big Ten,Maryland,Big Ten,Home,2015-11-28T17:00:00.000Z,True,False,41,46,L,101,71,-3.784
2015,1,400764855,SMU,American Athletic,Baylor,Big 12,Home,2015-09-04T23:00:00.000Z,True,False,21,56,L,6,13,120.044
2015,2,400763597,SMU,American Athletic,North Texas,Conference USA,Home,2015-09-12T23:00:00.000Z,True,False,31,13,W,126,127,-181.595
2015,3,400763420,SMU,American Athletic,TCU,Big 12,Away,2015-09-20T00:00:00.000Z,True,False,37,56,L,27,17,109.729
2015,5,400764877,SMU,American Athletic,East Carolina,American Athletic,Home,2015-10-03T20:00:00.000Z,True,False,23,49,L,64,76,-9.186
2015,6,400764880,SMU,American Athletic,Houston,American Athletic,Away,2015-10-09T00:00:00.000Z,True,False,28,49,L,4,21,99.908
2015,8,400764894,SMU,American Athletic,South Florida,American Athletic,Away,2015-10-24T20:00:00.000Z,True,False,14,38,L,38,44,45.866
2015,9,400764900,SMU,American Athletic,Tulsa,American Athletic,Home,2015-10-31T20:00:00.000Z,True,False,31,40,L,67,84,-25.229
2015,10,400764901,SMU,American Athletic,Temple,American Athletic,Home,2015-11-07T01:00:00.000Z,True,False,40,60,L,24,39,57.262
2015,11,400764909,SMU,American Athletic,Navy,American Athletic,Away,2015-11-14T20:30:00.000Z,True,False,14,55,L,11,23,97.846
2015,12,400764914,SMU,American Athletic,Tulane,American Athletic,Home,2015-11-22T01:00:00.000Z,True,False,49,21,W,125,120,-156.481
2015,13,400764920,SMU,American Athletic,Memphis,American Athletic,Away,2015-11-28T17:00:00.000Z,True,False,0,63,L,30,42,51.058
2015,1,400852714,San Diego State,Mountain West,Cincinnati,American Athletic,Away,2015-12-25T01:00:00.000Z,True,False,42,7,W,69,75,-5.749
2015,2,400757022,San Diego State,Mountain West,California,Pac-12,Away,2015-09-12T21:00:00.000Z,True,False,7,35,L,54,29,79.657
2015,3,400787243,San Diego State,Mountain West,South Alabama,Sun Belt,Home,2015-09-20T00:00:00.000Z,True,False,27,34,L,104,108,-108.226
2015,4,400763525,San Diego State,Mountain West,Penn State,Big Ten,Away,2015-09-26T19:30:00.000Z,True,False,21,37,L,58,49,40.788
2015,5,400787250,San Diego State,Mountain West,Fresno State,Mountain West,Home,2015-10-04T02:30:00.000Z,True,False,21,7,W,122,117,-150.137
2015,6,400787257,San Diego State,Mountain West,Hawai'i,Mountain West,Away,2015-10-11T03:59:00.000Z,True,False,28,14,W,124,125,-175.536
2015,7,400787265,San Diego State,Mountain West,San José State,Mountain West,Away,2015-10-18T02:30:00.000Z,True,False,30,7,W,70,94,-63.447
2015,8,400790884,San Diego State,Mountain West,Utah State,Mountain West,Home,2015-10-24T02:30:00.000Z,True,False,48,14,W,50,68,0.395
2015,9,400787273,San Diego State,Mountain West,Colorado State,Mountain West,Away,2015-10-31T19:30:00.000Z,True,False,41,17,W,72,96,-67.213
2015,11,400787285,San Diego State,Mountain West,Wyoming,Mountain West,Home,2015-11-15T03:30:00.000Z,True,False,38,3,W,113,118,-151.077
2015,12,400787291,San Diego State,Mountain West,UNLV,Mountain West,Away,2015-11-22T03:30:00.000Z,True,False,52,14,W,103,109,-120.688
2015,13,400787296,San Diego State,Mountain West,Nevada,Mountain West,Home,2015-11-29T03:45:00.000Z,True,False,31,14,W,79,98,-80.691
2015,14,400852675,San Diego State,Mountain West,Air Force,Mountain West,Home,2015-12-06T00:30:00.000Z,True,False,27,24,W,51,83,-24.371
2015,1,400852683,San José State,Mountain West,Georgia State,Sun Belt,Away,2015-12-20T00:00:00.000Z,True,False,27,16,W,73,97,-77.309
2015,2,400787117,San José State,Mountain West,Air Force,Mountain West,Away,2015-09-13T02:15:00.000Z,True,False,16,37,L,51,83,-24.371
2015,3,400757031,San José State,Mountain West,Oregon State,Pac-12,Away,2015-09-20T00:00:00.000Z,True,False,21,35,L,123,95,-65.724
2015,4,400787244,San José State,Mountain West,Fresno State,Mountain West,Home,2015-09-27T02:30:00.000Z,True,False,49,23,W,122,117,-150.137
2015,5,400603877,San José State,Mountain West,Auburn,SEC,Away,2015-10-03T20:00:00.000Z,True,False,21,35,L,63,31,69.983
2015,6,400787259,San José State,Mountain West,UNLV,Mountain West,Away,2015-10-11T01:00:00.000Z,True,False,33,27,W,103,109,-120.688
2015,7,400787265,San José State,Mountain West,San Diego State,Mountain West,Home,2015-10-18T02:30:00.000Z,True,False,7,30,L,13,50,39.874
2015,8,400787269,San José State,Mountain West,New Mexico,Mountain West,Home,2015-10-24T23:00:00.000Z,True,False,31,21,W,85,100,-92.176
2015,10,400790887,San José State,Mountain West,BYU,FBS Independents,Home,2015-11-07T04:30:00.000Z,True,False,16,17,L,42,48,42.247
2015,11,400787284,San José State,Mountain West,Nevada,Mountain West,Away,2015-11-14T21:00:00.000Z,True,False,34,37,L,79,98,-80.691
2015,12,400787289,San José State,Mountain West,Hawai'i,Mountain West,Away,2015-11-22T04:00:00.000Z,True,False,42,23,W,124,125,-175.536
2015,13,400790888,San José State,Mountain West,Boise State,Mountain West,Home,2015-11-27T20:30:00.000Z,True,False,23,40,L,15,55,28.877
2015,2,400763503,South Alabama,Sun Belt,Nebraska,Big Ten,Away,2015-09-13T00:00:00.000Z,True,False,9,48,L,48,40,53.755
2015,3,400787243,South Alabama,Sun Belt,San Diego State,Mountain West,Away,2015-09-20T00:00:00.000Z,True,False,34,27,W,13,50,39.874
2015,4,400756936,South Alabama,Sun Belt,NC State,ACC,Home,2015-09-27T00:00:00.000Z,True,False,13,63,L,43,46,44.159
2015,5,400787447,South Alabama,Sun Belt,Troy,Sun Belt,Away,2015-10-03T23:00:00.000Z,True,False,24,18,W,82,102,-98.169
2015,7,400787450,South Alabama,Sun Belt,Arkansas State,Sun Belt,Home,2015-10-14T00:00:00.000Z,True,False,31,49,L,45,82,-17.427
2015,8,400787458,South Alabama,Sun Belt,Texas State,Sun Belt,Away,2015-10-24T23:00:00.000Z,True,False,18,36,L,120,121,-161.379
2015,10,400787466,South Alabama,Sun Belt,Idaho,Sun Belt,Home,2015-11-07T20:00:00.000Z,True,False,52,45,W,109,113,-140.118
2015,11,400787469,South Alabama,Sun Belt,Louisiana,Sun Belt,Home,2015-11-13T00:30:00.000Z,True,False,32,25,W,90,112,-125.468
2015,12,400787475,South Alabama,Sun Belt,Georgia State,Sun Belt,Away,2015-11-21T19:00:00.000Z,True,False,10,24,L,73,97,-77.309
2015,13,400787480,South Alabama,Sun Belt,Georgia Southern,Sun Belt,Away,2015-11-28T19:00:00.000Z,True,False,17,55,L,21,52,36.021
2015,14,400787482,South Alabama,Sun Belt,App State,Sun Belt,Home,2015-12-06T00:30:00.000Z,True,False,27,34,L,12,54,31.082
2015,1,400603840,South Carolina,SEC,North Carolina,ACC,Home,2015-09-03T22:00:00.000Z,True,False,17,13,W,10,6,139.599
2015,2,400603867,South Carolina,SEC,Kentucky,SEC,Home,2015-09-12T23:30:00.000Z,True,False,22,26,L,84,86,-27.341
2015,3,400603852,South Carolina,SEC,Georgia,SEC,Away,2015-09-19T22:00:00.000Z,True,False,20,52,L,37,24,90.120
2015,4,400603848,South Carolina,SEC,UCF,American Athletic,Home,2015-09-26T16:00:00.000Z,True,False,31,14,W,127,119,-153.232
2015,5,400603883,South Carolina,SEC,Missouri,SEC,Away,2015-10-03T16:00:00.000Z,True,False,10,24,L,88,67,2.232
2015,6,400603903,South Carolina,SEC,LSU,SEC,Away,2015-10-10T19:30:00.000Z,True,False,24,45,L,31,9,128.093
2015,7,400603896,South Carolina,SEC,Vanderbilt,SEC,Home,2015-10-17T20:00:00.000Z,True,False,19,10,W,98,80,-13.582
2015,9,400603876,South Carolina,SEC,Texas A&M,SEC,Away,2015-10-31T16:00:00.000Z,True,False,28,35,L,49,25,88.233
2015,10,400603909,South Carolina,SEC,Tennessee,SEC,Away,2015-11-07T21:00:00.000Z,True,False,24,27,L,20,10,126.534
2015,11,400603934,South Carolina,SEC,Florida,SEC,Home,2015-11-14T17:00:00.000Z,True,False,14,24,L,44,32,69.189
2015,13,400603919,South Carolina,SEC,Clemson,ACC,Home,2015-11-28T17:00:00.000Z,True,False,32,37,L,14,4,153.808
2015,1,400852687,South Florida,American Athletic,Western Kentucky,Conference USA,Home,2015-12-21T19:30:00.000Z,True,False,35,45,L,3,41,52.774
2015,2,400792601,South Florida,American Athletic,Florida State,ACC,Away,2015-09-12T15:30:00.000Z,True,False,14,34,L,18,16,114.095
2015,3,400763510,South Florida,American Athletic,Maryland,Big Ten,Away,2015-09-19T16:00:00.000Z,True,False,17,35,L,101,71,-3.784
2015,5,400764875,South Florida,American Athletic,Memphis,American Athletic,Home,2015-10-02T23:00:00.000Z,True,False,17,24,L,30,42,51.058
2015,6,400756952,South Florida,American Athletic,Syracuse,ACC,Home,2015-10-10T19:30:00.000Z,True,False,45,24,W,95,73,-4.864
2015,7,400764887,South Florida,American Athletic,UConn,American Athletic,Away,2015-10-17T16:00:00.000Z,True,False,28,20,W,80,90,-42.678
2015,8,400764894,South Florida,American Athletic,SMU,American Athletic,Home,2015-10-24T20:00:00.000Z,True,False,38,14,W,117,99,-82.576
2015,9,400764899,South Florida,American Athletic,Navy,American Athletic,Away,2015-10-31T16:00:00.000Z,True,False,17,29,L,11,23,97.846
2015,10,400764902,South Florida,American Athletic,East Carolina,American Athletic,Away,2015-11-08T00:30:00.000Z,True,False,22,17,W,64,76,-9.186
2015,11,400764910,South Florida,American Athletic,Temple,American Athletic,Home,2015-11-15T00:00:00.000Z,True,False,44,23,W,24,39,57.262
2015,12,400764912,South Florida,American Athletic,Cincinnati,American Athletic,Home,2015-11-21T01:00:00.000Z,True,False,65,27,W,69,75,-5.749
2015,13,400764918,South Florida,American Athletic,UCF,American Athletic,Away,2015-11-27T00:30:00.000Z,True,False,44,3,W,127,119,-153.232
2015,1,400603836,Southern Miss,Conference USA,Mississippi State,SEC,Home,2015-09-06T02:00:00.000Z,True,False,16,34,L,34,14,118.788
2015,1,400852717,Southern Miss,Conference USA,Washington,Pac-12,Home,2015-12-26T19:20:00.000Z,True,False,31,44,L,28,20,103.820
2015,3,400763606,Southern Miss,Conference USA,Texas State,Sun Belt,Away,2015-09-19T23:00:00.000Z,True,False,56,50,W,120,121,-161.379
2015,4,400763522,Southern Miss,Conference USA,Nebraska,Big Ten,Away,2015-09-26T16:00:00.000Z,True,False,28,36,L,48,40,53.755
2015,5,400763618,Southern Miss,Conference USA,North Texas,Conference USA,Home,2015-10-03T23:00:00.000Z,True,False,49,14,W,126,127,-181.595
2015,6,400763623,Southern Miss,Conference USA,Marshall,Conference USA,Away,2015-10-09T23:00:00.000Z,True,False,10,31,L,23,72,-4.639
2015,7,400763631,Southern Miss,Conference USA,UTSA,Conference USA,Home,2015-10-17T23:00:00.000Z,True,False,32,10,W,102,115,-145.740
2015,8,400763632,Southern Miss,Conference USA,Charlotte,Conference USA,Away,2015-10-24T16:00:00.000Z,True,False,44,10,W,121,128,-194.370
2015,9,400763642,Southern Miss,Conference USA,UTEP,Conference USA,Home,2015-10-31T18:30:00.000Z,True,False,34,13,W,114,123,-170.768
2015,11,400763653,Southern Miss,Conference USA,Rice,Conference USA,Away,2015-11-14T20:30:00.000Z,True,False,65,10,W,119,114,-141.731
2015,12,400763656,Southern Miss,Conference USA,Old Dominion,Conference USA,Home,2015-11-21T20:30:00.000Z,True,False,56,31,W,108,124,-174.665
2015,13,400763659,Southern Miss,Conference USA,Louisiana Tech,Conference USA,Away,2015-11-28T17:00:00.000Z,True,False,58,24,W,35,74,-5.731
2015,14,400852672,Southern Miss,Conference USA,Western Kentucky,Conference USA,Away,2015-12-05T17:00:00.000Z,True,False,28,45,L,3,41,52.774
2015,1,400756891,Stanford,Pac-12,Northwestern,Big Ten,Away,2015-09-05T16:00:00.000Z,True,False,6,16,L,75,51,38.687
2015,1,400852737,Stanford,Pac-12,Iowa,Big Ten,Away,2016-01-01T22:00:00.000Z,True,False,45,16,W,26,28,81.842
2015,2,400757023,Stanford,Pac-12,UCF,American Athletic,Home,2015-09-13T02:30:00.000Z,True,False,31,7,W,127,119,-153.232
2015,3,400757026,Stanford,Pac-12,USC,Pac-12,Away,2015-09-20T00:00:00.000Z,True,False,41,31,W,32,22,98.131
2015,4,400757035,Stanford,Pac-12,Oregon State,Pac-12,Away,2015-09-26T02:00:00.000Z,True,False,42,24,W,123,95,-65.724
2015,5,400757041,Stanford,Pac-12,Arizona,Pac-12,Home,2015-10-04T02:30:00.000Z,True,False,55,17,W,74,61,13.260
2015,7,400757050,Stanford,Pac-12,UCLA,Pac-12,Home,2015-10-16T02:30:00.000Z,True,False,56,35,W,41,27,82.414
2015,8,400757060,Stanford,Pac-12,Washington,Pac-12,Home,2015-10-25T02:36:00.000Z,True,False,31,14,W,28,20,103.820
2015,9,400757066,Stanford,Pac-12,Washington State,Pac-12,Away,2015-11-01T02:30:00.000Z,True,False,30,28,W,52,35,66.479
2015,10,400757070,Stanford,Pac-12,Colorado,Pac-12,Away,2015-11-07T18:00:00.000Z,True,False,42,10,W,94,77,-11.804
2015,11,400757077,Stanford,Pac-12,Oregon,Pac-12,Home,2015-11-15T00:30:00.000Z,True,False,36,38,L,47,18,107.392
2015,12,400757084,Stanford,Pac-12,California,Pac-12,Home,2015-11-22T03:30:00.000Z,True,False,35,22,W,54,29,79.657
2015,13,400757090,Stanford,Pac-12,Notre Dame,FBS Independents,Home,2015-11-29T00:30:00.000Z,True,False,38,36,W,22,8,137.326
2015,14,400852677,Stanford,Pac-12,USC,Pac-12,Home,2015-12-06T00:45:00.000Z,True,False,41,22,W,32,22,98.131
2015,2,400756916,Syracuse,ACC,Wake Forest,ACC,Home,2015-09-12T16:30:00.000Z,True,False,30,17,W,105,91,-44.681
2015,3,400756927,Syracuse,ACC,Central Michigan,Mid-American,Home,2015-09-19T16:30:00.000Z,True,False,30,27,W,55,78,-12.228
2015,4,400603849,Syracuse,ACC,LSU,SEC,Home,2015-09-26T16:00:00.000Z,True,False,24,34,L,31,9,128.093
2015,6,400756952,Syracuse,ACC,South Florida,American Athletic,Away,2015-10-10T19:30:00.000Z,True,False,24,45,L,38,44,45.866
2015,7,400756958,Syracuse,ACC,Virginia,ACC,Away,2015-10-17T19:30:00.000Z,True,False,38,44,L,93,63,7.154
2015,8,400756965,Syracuse,ACC,Pittsburgh,ACC,Home,2015-10-24T16:00:00.000Z,True,False,20,23,L,56,36,66.459
2015,9,400756971,Syracuse,ACC,Florida State,ACC,Away,2015-10-31T16:00:00.000Z,True,False,21,45,L,18,16,114.095
2015,10,400756976,Syracuse,ACC,Louisville,ACC,Away,2015-11-07T17:30:00.000Z,True,False,17,41,L,61,43,48.013
2015,11,400756980,Syracuse,ACC,Clemson,ACC,Home,2015-11-14T20:30:00.000Z,True,False,27,37,L,14,4,153.808
2015,12,400756993,Syracuse,ACC,NC State,ACC,Away,2015-11-21T17:30:00.000Z,True,False,29,42,L,43,46,44.159
2015,13,400756995,Syracuse,ACC,Boston College,ACC,Home,2015-11-28T17:30:00.000Z,True,False,20,17,W,92,70,-0.976
2015,1,400763398,TCU,Big 12,Minnesota,Big Ten,Away,2015-09-04T01:00:00.000Z,True,False,23,17,W,78,64,5.110
2015,1,400852741,TCU,Big 12,Oregon,Pac-12,Home,2016-01-02T23:45:00.000Z,True,False,47,41,W,47,18,107.392
2015,3,400763420,TCU,Big 12,SMU,American Athletic,Home,2015-09-20T00:00:00.000Z,True,False,56,37,W,117,99,-82.576
2015,4,400763425,TCU,Big 12,Texas Tech,Big 12,Away,2015-09-26T20:45:00.000Z,True,False,55,52,W,66,53,34.248
2015,5,400763430,TCU,Big 12,Texas,Big 12,Home,2015-10-03T16:00:00.000Z,True,False,50,7,W,83,56,23.984
2015,6,400763433,TCU,Big 12,Kansas State,Big 12,Away,2015-10-10T23:30:00.000Z,True,False,52,45,W,81,59,18.733
2015,7,400763438,TCU,Big 12,Iowa State,Big 12,Away,2015-10-17T23:00:00.000Z,True,False,45,21,W,99,69,-0.571
2015,9,400763445,TCU,Big 12,West Virginia,Big 12,Home,2015-10-29T23:30:00.000Z,True,False,40,10,W,39,33,68.575
2015,10,400763451,TCU,Big 12,Oklahoma State,Big 12,Away,2015-11-07T20:30:00.000Z,True,False,29,49,L,36,37,62.307
2015,11,400763456,TCU,Big 12,Kansas,Big 12,Home,2015-11-14T17:00:00.000Z,True,False,23,17,W,128,106,-105.629
2015,12,400763461,TCU,Big 12,Oklahoma,Big 12,Away,2015-11-22T01:00:00.000Z,True,False,29,30,L,1,5,152.652
2015,13,400763464,TCU,Big 12,Baylor,Big 12,Home,2015-11-28T00:30:00.000Z,True,False,28,21,W,6,13,120.044
2015,1,400763497,Temple,American Athletic,Penn State,Big Ten,Home,2015-09-05T19:30:00.000Z,True,False,27,10,W,58,49,40.788
2015,1,400852709,Temple,American Athletic,Toledo,Mid-American,Away,2015-12-23T00:00:00.000Z,True,False,17,32,L,9,26,87.967
2015,2,400764862,Temple,American Athletic,Cincinnati,American Athletic,Away,2015-09-13T00:00:00.000Z,True,False,34,26,W,69,75,-5.749
2015,3,400764869,Temple,American Athletic,Massachusetts,Mid-American,Away,2015-09-19T19:00:00.000Z,True,False,25,23,W,100,101,-96.950
2015,5,400763614,Temple,American Athletic,Charlotte,Conference USA,Away,2015-10-02T23:00:00.000Z,True,False,37,3,W,121,128,-194.370
2015,6,400764882,Temple,American Athletic,Tulane,American Athletic,Home,2015-10-10T16:00:00.000Z,True,False,49,10,W,125,120,-156.481
2015,7,400764889,Temple,American Athletic,UCF,American Athletic,Home,2015-10-17T23:30:00.000Z,True,False,30,16,W,127,119,-153.232
2015,8,400764890,Temple,American Athletic,East Carolina,American Athletic,Away,2015-10-22T23:00:00.000Z,True,False,24,14,W,64,76,-9.186
2015,9,400763585,Temple,American Athletic,Notre Dame,FBS Independents,Home,2015-11-01T00:00:00.000Z,True,False,20,24,L,22,8,137.326
2015,10,400764901,Temple,American Athletic,SMU,American Athletic,Away,2015-11-07T01:00:00.000Z,True,False,60,40,W,117,99,-82.576
2015,11,400764910,Temple,American Athletic,South Florida,American Athletic,Away,2015-11-15T00:00:00.000Z,True,False,23,44,L,38,44,45.866
2015,12,400764915,Temple,American Athletic,Memphis,American Athletic,Home,2015-11-21T17:00:00.000Z,True,False,31,12,W,30,42,51.058
2015,13,400764921,Temple,American Athletic,UConn,American Athletic,Home,2015-11-29T00:00:00.000Z,True,False,27,3,W,80,90,-42.678
2015,14,400852678,Temple,American Athletic,Houston,American Athletic,Away,2015-12-05T17:00:00.000Z,True,False,13,24,L,4,21,99.908
2015,1,400834350,Tennessee,SEC,Bowling Green,Mid-American,Home,2015-09-05T20:00:00.000Z,True,False,59,30,W,16,34,67.829
2015,1,400852734,Tennessee,SEC,Northwestern,Big Ten,Home,2016-01-01T17:00:00.000Z,True,False,45,6,W,75,51,38.687
2015,2,400603868,Tennessee,SEC,Oklahoma,Big 12,Home,2015-09-12T22:00:00.000Z,True,False,24,31,L,1,5,152.652
2015,4,400603844,Tennessee,SEC,Florida,SEC,Away,2015-09-26T19:30:00.000Z,True,False,27,28,L,44,32,69.189
2015,5,400603884,Tennessee,SEC,Arkansas,SEC,Home,2015-10-03T23:00:00.000Z,True,False,20,24,L,40,15,114.183
2015,6,400603904,Tennessee,SEC,Georgia,SEC,Home,2015-10-10T19:30:00.000Z,True,False,38,31,W,37,24,90.120
2015,8,400603886,Tennessee,SEC,Alabama,SEC,Away,2015-10-24T19:30:00.000Z,True,False,14,19,L,7,1,197.353
2015,9,400603875,Tennessee,SEC,Kentucky,SEC,Away,2015-10-31T23:30:00.000Z,True,False,52,21,W,84,86,-27.341
2015,10,400603909,Tennessee,SEC,South Carolina,SEC,Home,2015-11-07T21:00:00.000Z,True,False,27,24,W,91,65,4.957
2015,11,400603935,Tennessee,SEC,North Texas,Conference USA,Home,2015-11-14T17:00:00.000Z,True,False,24,0,W,126,127,-181.595
2015,12,400603927,Tennessee,SEC,Missouri,SEC,Away,2015-11-22T00:15:00.000Z,True,False,19,8,W,88,67,2.232
2015,13,400603920,Tennessee,SEC,Vanderbilt,SEC,Home,2015-11-28T21:00:00.000Z,True,False,53,28,W,98,80,-13.582
2015,1,400763403,Texas,Big 12,Notre Dame,FBS Independents,Away,2015-09-05T23:30:00.000Z,True,False,3,38,L,22,8,137.326
2015,2,400763413,Texas,Big 12,Rice,Conference USA,Home,2015-09-13T00:00:00.000Z,True,False,42,28,W,119,114,-141.731
2015,3,400757034,Texas,Big 12,California,Pac-12,Home,2015-09-19T23:30:00.000Z,True,False,44,45,L,54,29,79.657
2015,4,400763424,Texas,Big 12,Oklahoma State,Big 12,Home,2015-09-26T19:30:00.000Z,True,False,27,30,L,36,37,62.307
2015,5,400763430,Texas,Big 12,TCU,Big 12,Away,2015-10-03T16:00:00.000Z,True,False,7,50,L,27,17,109.729
2015,6,400763434,Texas,Big 12,Oklahoma,Big 12,Home,2015-10-10T16:00:00.000Z,True,False,24,17,W,1,5,152.652
2015,8,400763444,Texas,Big 12,Kansas State,Big 12,Home,2015-10-24T16:00:00.000Z,True,False,23,9,W,81,59,18.733
2015,9,400763446,Texas,Big 12,Iowa State,Big 12,Away,2015-10-31T23:00:00.000Z,True,False,0,24,L,99,69,-0.571
2015,10,400763452,Texas,Big 12,Kansas,Big 12,Home,2015-11-08T01:00:00.000Z,True,False,59,20,W,128,106,-105.629
2015,11,400763458,Texas,Big 12,West Virginia,Big 12,Away,2015-11-14T17:00:00.000Z,True,False,20,38,L,39,33,68.575
2015,13,400763463,Texas,Big 12,Texas Tech,Big 12,Home,2015-11-27T00:30:00.000Z,True,False,45,48,L,66,53,34.248
2015,14,400763468,Texas,Big 12,Baylor,Big 12,Away,2015-12-05T17:00:00.000Z,True,False,23,17,W,6,13,120.044
2015,1,400603838,Texas A&M,SEC,Arizona State,Pac-12,Home,2015-09-05T23:00:00.000Z,True,False,38,17,W,65,38,57.777
2015,1,400852729,Texas A&M,SEC,Louisville,ACC,Away,2015-12-31T00:00:00.000Z,True,False,21,27,L,61,43,48.013
2015,2,400603869,Texas A&M,SEC,Ball State,Mid-American,Home,2015-09-12T23:00:00.000Z,True,False,56,23,W,112,103,-100.709
2015,3,400603858,Texas A&M,SEC,Nevada,Mountain West,Home,2015-09-19T16:00:00.000Z,True,False,44,27,W,79,98,-80.691
2015,4,400603842,Texas A&M,SEC,Arkansas,SEC,Away,2015-09-26T23:00:00.000Z,True,False,28,21,W,40,15,114.183
2015,5,400603885,Texas A&M,SEC,Mississippi State,SEC,Home,2015-10-03T23:30:00.000Z,True,False,30,17,W,34,14,118.788
2015,7,400603897,Texas A&M,SEC,Alabama,SEC,Home,2015-10-17T19:30:00.000Z,True,False,23,41,L,7,1,197.353
2015,8,400603890,Texas A&M,SEC,Ole Miss,SEC,Away,2015-10-24T23:00:00.000Z,True,False,3,23,L,17,11,124.710
2015,9,400603876,Texas A&M,SEC,South Carolina,SEC,Home,2015-10-31T16:00:00.000Z,True,False,35,28,W,91,65,4.957
2015,10,400603910,Texas A&M,SEC,Auburn,SEC,Home,2015-11-08T00:30:00.000Z,True,False,10,26,L,63,31,69.983
2015,12,400603930,Texas A&M,SEC,Vanderbilt,SEC,Away,2015-11-22T00:30:00.000Z,True,False,25,0,W,98,80,-13.582
2015,13,400603917,Texas A&M,SEC,LSU,SEC,Away,2015-11-29T00:30:00.000Z,True,False,7,19,L,31,9,128.093
2015,1,400756899,Texas State,Sun Belt,Florida State,ACC,Away,2015-09-06T01:03:00.000Z,True,False,16,59,L,18,16,114.095
2015,3,400763606,Texas State,Sun Belt,Southern Miss,Conference USA,Home,2015-09-19T23:00:00.000Z,True,False,50,56,L,25,79,-12.406
2015,4,400764872,Texas State,Sun Belt,Houston,American Athletic,Away,2015-09-27T00:00:00.000Z,True,False,14,59,L,4,21,99.908
2015,6,400787449,Texas State,Sun Belt,Louisiana,Sun Belt,Away,2015-10-10T23:00:00.000Z,True,False,27,49,L,90,112,-125.468
2015,8,400787458,Texas State,Sun Belt,South Alabama,Sun Belt,Home,2015-10-24T23:00:00.000Z,True,False,36,18,W,104,108,-108.226
2015,9,400787459,Texas State,Sun Belt,Georgia Southern,Sun Belt,Away,2015-10-29T23:30:00.000Z,True,False,13,37,L,21,52,36.021
2015,10,400787468,Texas State,Sun Belt,New Mexico State,Sun Belt,Home,2015-11-07T21:00:00.000Z,True,False,21,31,L,110,116,-150.054
2015,11,400787473,Texas State,Sun Belt,Georgia State,Sun Belt,Home,2015-11-14T21:00:00.000Z,True,False,19,41,L,73,97,-77.309
2015,12,400787474,Texas State,Sun Belt,UL Monroe,Sun Belt,Home,2015-11-20T02:30:00.000Z,True,False,16,3,W,116,122,-165.236
2015,13,400787481,Texas State,Sun Belt,Idaho,Sun Belt,Away,2015-11-28T22:00:00.000Z,True,False,31,38,L,109,113,-140.118
2015,14,400787483,Texas State,Sun Belt,Arkansas State,Sun Belt,Away,2015-12-05T20:00:00.000Z,True,False,17,55,L,45,82,-17.427
2015,1,400852726,Texas Tech,Big 12,LSU,SEC,Home,2015-12-30T02:00:00.000Z,True,False,27,56,L,31,9,128.093
2015,2,400763415,Texas Tech,Big 12,UTEP,Conference USA,Home,2015-09-12T19:00:00.000Z,True,False,69,20,W,114,123,-170.768
2015,3,400603851,Texas Tech,Big 12,Arkansas,SEC,Away,2015-09-19T23:00:00.000Z,True,False,35,24,W,40,15,114.183
2015,4,400763425,Texas Tech,Big 12,TCU,Big 12,Home,2015-09-26T20:45:00.000Z,True,False,52,55,L,27,17,109.729
2015,5,400763431,Texas Tech,Big 12,Baylor,Big 12,Away,2015-10-03T19:30:00.000Z,True,False,35,63,L,6,13,120.044
2015,6,400763435,Texas Tech,Big 12,Iowa State,Big 12,Home,2015-10-10T19:30:00.000Z,True,False,66,31,W,99,69,-0.571
2015,7,400763439,Texas Tech,Big 12,Kansas,Big 12,Away,2015-10-17T16:00:00.000Z,True,False,30,20,W,128,106,-105.629
2015,8,400763442,Texas Tech,Big 12,Oklahoma,Big 12,Away,2015-10-24T19:30:00.000Z,True,False,27,63,L,1,5,152.652
2015,9,400763448,Texas Tech,Big 12,Oklahoma State,Big 12,Home,2015-10-31T19:30:00.000Z,True,False,53,70,L,36,37,62.307
2015,10,400763453,Texas Tech,Big 12,West Virginia,Big 12,Away,2015-11-07T17:00:00.000Z,True,False,26,31,L,39,33,68.575
2015,11,400763457,Texas Tech,Big 12,Kansas State,Big 12,Home,2015-11-14T20:30:00.000Z,True,False,59,44,W,81,59,18.733
2015,13,400763463,Texas Tech,Big 12,Texas,Big 12,Away,2015-11-27T00:30:00.000Z,True,False,48,45,W,83,56,23.984
2015,1,400852709,Toledo,Mid-American,Temple,American Athletic,Home,2015-12-23T00:00:00.000Z,True,False,32,17,W,24,39,57.262
2015,2,400603861,Toledo,Mid-American,Arkansas,SEC,Away,2015-09-12T20:00:00.000Z,True,False,16,12,W,40,15,114.183
2015,3,400763421,Toledo,Mid-American,Iowa State,Big 12,Home,2015-09-20T00:00:00.000Z,True,False,30,23,W,99,69,-0.571
2015,4,400787314,Toledo,Mid-American,Arkansas State,Sun Belt,Home,2015-09-26T23:00:00.000Z,True,False,37,7,W,45,82,-17.427
2015,5,400787317,Toledo,Mid-American,Ball State,Mid-American,Away,2015-10-03T19:00:00.000Z,True,False,24,10,W,112,103,-100.709
2015,6,400787320,Toledo,Mid-American,Kent State,Mid-American,Home,2015-10-10T19:00:00.000Z,True,False,38,7,W,118,111,-123.377
2015,7,400787330,Toledo,Mid-American,Eastern Michigan,Mid-American,Home,2015-10-17T16:00:00.000Z,True,False,63,20,W,115,126,-175.722
2015,8,400787338,Toledo,Mid-American,Massachusetts,Mid-American,Away,2015-10-24T19:00:00.000Z,True,False,51,35,W,100,101,-96.950
2015,10,400787343,Toledo,Mid-American,Northern Illinois,Mid-American,Home,2015-11-04T01:00:00.000Z,True,False,27,32,L,57,66,3.161
2015,11,400787350,Toledo,Mid-American,Central Michigan,Mid-American,Away,2015-11-11T01:00:00.000Z,True,False,28,23,W,55,78,-12.228
2015,12,400787356,Toledo,Mid-American,Bowling Green,Mid-American,Away,2015-11-17T23:00:00.000Z,True,False,44,28,W,16,34,67.829
2015,13,400787363,Toledo,Mid-American,Western Michigan,Mid-American,Home,2015-11-27T17:00:00.000Z,True,False,30,35,L,46,62,11.443
2015,1,400756901,Troy,Sun Belt,NC State,ACC,Away,2015-09-05T22:00:00.000Z,True,False,21,49,L,43,46,44.159
2015,3,400763516,Troy,Sun Belt,Wisconsin,Big Ten,Away,2015-09-19T19:30:00.000Z,True,False,3,28,L,19,30,75.067
2015,5,400787447,Troy,Sun Belt,South Alabama,Sun Belt,Home,2015-10-03T23:00:00.000Z,True,False,18,24,L,104,108,-108.226
2015,6,400603900,Troy,Sun Belt,Mississippi State,SEC,Away,2015-10-10T20:00:00.000Z,True,False,17,45,L,34,14,118.788
2015,7,400787453,Troy,Sun Belt,Idaho,Sun Belt,Home,2015-10-17T19:30:00.000Z,True,False,16,19,L,109,113,-140.118
2015,8,400787457,Troy,Sun Belt,New Mexico State,Sun Belt,Away,2015-10-25T00:00:00.000Z,True,False,52,7,W,110,116,-150.054
2015,9,400787460,Troy,Sun Belt,App State,Sun Belt,Away,2015-10-31T19:30:00.000Z,True,False,41,44,L,12,54,31.082
2015,10,400787467,Troy,Sun Belt,UL Monroe,Sun Belt,Home,2015-11-07T20:30:00.000Z,True,False,51,14,W,116,122,-165.236
2015,11,400787472,Troy,Sun Belt,Georgia Southern,Sun Belt,Home,2015-11-14T20:30:00.000Z,True,False,10,45,L,21,52,36.021
2015,13,400787477,Troy,Sun Belt,Georgia State,Sun Belt,Away,2015-11-27T19:00:00.000Z,True,False,21,31,L,73,97,-77.309
2015,14,400787485,Troy,Sun Belt,Louisiana,Sun Belt,Away,2015-12-05T22:00:00.000Z,True,False,41,17,W,90,112,-125.468
2015,1,400756894,Tulane,American Athletic,Duke,ACC,Home,2015-09-04T01:30:00.000Z,True,False,7,37,L,59,60,17.947
2015,2,400756910,Tulane,American Athletic,Georgia Tech,ACC,Away,2015-09-12T19:30:00.000Z,True,False,10,65,L,76,58,18.901
2015,5,400764878,Tulane,American Athletic,UCF,American Athletic,Home,2015-10-03T16:00:00.000Z,True,False,45,31,W,127,119,-153.232
2015,6,400764882,Tulane,American Athletic,Temple,American Athletic,Away,2015-10-10T16:00:00.000Z,True,False,10,49,L,24,39,57.262
2015,7,400764885,Tulane,American Athletic,Houston,American Athletic,Home,2015-10-17T01:00:00.000Z,True,False,7,42,L,4,21,99.908
2015,8,400764893,Tulane,American Athletic,Navy,American Athletic,Away,2015-10-24T17:00:00.000Z,True,False,14,31,L,11,23,97.846
2015,9,400764898,Tulane,American Athletic,Memphis,American Athletic,Away,2015-10-31T23:00:00.000Z,True,False,13,41,L,30,42,51.058
2015,10,400764905,Tulane,American Athletic,UConn,American Athletic,Home,2015-11-07T21:00:00.000Z,True,False,3,7,L,80,90,-42.678
2015,11,400760498,Tulane,American Athletic,Army,FBS Independents,Away,2015-11-14T17:00:00.000Z,True,False,34,31,W,96,105,-104.106
2015,12,400764914,Tulane,American Athletic,SMU,American Athletic,Away,2015-11-22T01:00:00.000Z,True,False,21,49,L,117,99,-82.576
2015,13,400764922,Tulane,American Athletic,Tulsa,American Athletic,Home,2015-11-28T01:00:00.000Z,True,False,34,45,L,67,84,-25.229
2015,1,400763592,Tulsa,American Athletic,Florida Atlantic,Conference USA,Home,2015-09-05T19:30:00.000Z,True,False,47,44,W,89,104,-102.076
2015,1,400852719,Tulsa,American Athletic,Virginia Tech,ACC,Away,2015-12-26T22:45:00.000Z,True,False,52,55,L,60,47,43.305
2015,2,400764863,Tulsa,American Athletic,New Mexico,Mountain West,Away,2015-09-13T00:00:00.000Z,True,False,40,21,W,85,100,-92.176
2015,3,400763418,Tulsa,American Athletic,Oklahoma,Big 12,Away,2015-09-19T16:00:00.000Z,True,False,38,52,L,1,5,152.652
2015,5,400764879,Tulsa,American Athletic,Houston,American Athletic,Home,2015-10-03T16:00:00.000Z,True,False,24,38,L,4,21,99.908
2015,6,400764883,Tulsa,American Athletic,UL Monroe,Sun Belt,Home,2015-10-10T22:00:00.000Z,True,False,34,24,W,116,122,-165.236
2015,7,400764888,Tulsa,American Athletic,East Carolina,American Athletic,Away,2015-10-17T16:00:00.000Z,True,False,17,30,L,64,76,-9.186
2015,8,400764891,Tulsa,American Athletic,Memphis,American Athletic,Home,2015-10-24T00:00:00.000Z,True,False,42,66,L,30,42,51.058
2015,9,400764900,Tulsa,American Athletic,SMU,American Athletic,Away,2015-10-31T20:00:00.000Z,True,False,40,31,W,117,99,-82.576
2015,10,400764906,Tulsa,American Athletic,UCF,American Athletic,Home,2015-11-07T17:00:00.000Z,True,False,45,30,W,127,119,-153.232
2015,11,400764907,Tulsa,American Athletic,Cincinnati,American Athletic,Away,2015-11-15T00:30:00.000Z,True,False,38,49,L,69,75,-5.749
2015,12,400764916,Tulsa,American Athletic,Navy,American Athletic,Home,2015-11-22T00:00:00.000Z,True,False,21,44,L,11,23,97.846
2015,13,400764922,Tulsa,American Athletic,Tulane,American Athletic,Away,2015-11-28T01:00:00.000Z,True,False,45,34,W,125,120,-156.481
2015,1,400763593,UCF,American Athletic,Florida International,Conference USA,Home,2015-09-03T22:00:00.000Z,True,False,14,15,L,97,107,-107.303
2015,2,400757023,UCF,American Athletic,Stanford,Pac-12,Away,2015-09-13T02:30:00.000Z,True,False,7,31,L,5,2,177.800
2015,4,400603848,UCF,American Athletic,South Carolina,SEC,Away,2015-09-26T16:00:00.000Z,True,False,14,31,L,91,65,4.957
2015,5,400764878,UCF,American Athletic,Tulane,American Athletic,Away,2015-10-03T16:00:00.000Z,True,False,31,45,L,125,120,-156.481
2015,6,400764884,UCF,American Athletic,UConn,American Athletic,Home,2015-10-10T19:45:00.000Z,True,False,13,40,L,80,90,-42.678
2015,7,400764889,UCF,American Athletic,Temple,American Athletic,Away,2015-10-17T23:30:00.000Z,True,False,16,30,L,24,39,57.262
2015,8,400764895,UCF,American Athletic,Houston,American Athletic,Home,2015-10-24T16:00:00.000Z,True,False,10,59,L,4,21,99.908
2015,9,400764897,UCF,American Athletic,Cincinnati,American Athletic,Away,2015-10-31T16:00:00.000Z,True,False,7,52,L,69,75,-5.749
2015,10,400764906,UCF,American Athletic,Tulsa,American Athletic,Away,2015-11-07T17:00:00.000Z,True,False,30,45,L,67,84,-25.229
2015,12,400764911,UCF,American Athletic,East Carolina,American Athletic,Home,2015-11-20T00:30:00.000Z,True,False,7,44,L,64,76,-9.186
2015,13,400764918,UCF,American Athletic,South Florida,American Athletic,Home,2015-11-27T00:30:00.000Z,True,False,3,44,L,38,44,45.866
2015,1,400756904,UCLA,Pac-12,Virginia,ACC,Home,2015-09-05T19:30:00.000Z,True,False,34,16,W,93,63,7.154
2015,1,400852720,UCLA,Pac-12,Nebraska,Big Ten,Away,2015-12-27T02:15:00.000Z,True,False,29,37,L,48,40,53.755
2015,2,400757015,UCLA,Pac-12,UNLV,Mountain West,Away,2015-09-13T02:30:00.000Z,True,False,37,3,W,103,109,-120.688
2015,3,400757027,UCLA,Pac-12,BYU,FBS Independents,Home,2015-09-20T02:30:00.000Z,True,False,24,23,W,42,48,42.247
2015,4,400757036,UCLA,Pac-12,Arizona,Pac-12,Away,2015-09-27T00:00:00.000Z,True,False,56,30,W,74,61,13.260
2015,5,400757042,UCLA,Pac-12,Arizona State,Pac-12,Home,2015-10-03T23:30:00.000Z,True,False,23,38,L,65,38,57.777
2015,7,400757050,UCLA,Pac-12,Stanford,Pac-12,Away,2015-10-16T02:30:00.000Z,True,False,35,56,L,5,2,177.800
2015,8,400757056,UCLA,Pac-12,California,Pac-12,Home,2015-10-23T01:00:00.000Z,True,False,40,24,W,54,29,79.657
2015,9,400757064,UCLA,Pac-12,Colorado,Pac-12,Home,2015-10-31T19:00:00.000Z,True,False,35,31,W,94,77,-11.804
2015,10,400757069,UCLA,Pac-12,Oregon State,Pac-12,Away,2015-11-07T21:30:00.000Z,True,False,41,0,W,123,95,-65.724
2015,11,400757076,UCLA,Pac-12,Washington State,Pac-12,Home,2015-11-15T03:45:00.000Z,True,False,27,31,L,52,35,66.479
2015,12,400757081,UCLA,Pac-12,Utah,Pac-12,Away,2015-11-21T20:30:00.000Z,True,False,17,9,W,29,19,105.120
2015,13,400757088,UCLA,Pac-12,USC,Pac-12,Away,2015-11-28T20:30:00.000Z,True,False,21,40,L,32,22,98.131
2015,1,400852715,UConn,American Athletic,Marshall,Conference USA,Away,2015-12-26T16:00:00.000Z,True,False,10,16,L,23,72,-4.639
2015,2,400760492,UConn,American Athletic,Army,FBS Independents,Home,2015-09-12T16:00:00.000Z,True,False,22,17,W,96,105,-104.106
2015,3,400603856,UConn,American Athletic,Missouri,SEC,Away,2015-09-19T16:00:00.000Z,True,False,6,9,L,88,67,2.232
2015,4,400764871,UConn,American Athletic,Navy,American Athletic,Home,2015-09-26T16:00:00.000Z,True,False,18,28,L,11,23,97.846
2015,5,400764874,UConn,American Athletic,BYU,FBS Independents,Away,2015-10-03T02:15:00.000Z,True,False,13,30,L,42,48,42.247
2015,6,400764884,UConn,American Athletic,UCF,American Athletic,Away,2015-10-10T19:45:00.000Z,True,False,40,13,W,127,119,-153.232
2015,7,400764887,UConn,American Athletic,South Florida,American Athletic,Home,2015-10-17T16:00:00.000Z,True,False,20,28,L,38,44,45.866
2015,8,400764892,UConn,American Athletic,Cincinnati,American Athletic,Away,2015-10-24T20:30:00.000Z,True,False,13,37,L,69,75,-5.749
2015,9,400764896,UConn,American Athletic,East Carolina,American Athletic,Home,2015-10-30T23:00:00.000Z,True,False,31,13,W,64,76,-9.186
2015,10,400764905,UConn,American Athletic,Tulane,American Athletic,Away,2015-11-07T21:00:00.000Z,True,False,7,3,W,125,120,-156.481
2015,12,400764913,UConn,American Athletic,Houston,American Athletic,Home,2015-11-21T20:30:00.000Z,True,False,20,17,W,4,21,99.908
2015,13,400764921,UConn,American Athletic,Temple,American Athletic,Away,2015-11-29T00:00:00.000Z,True,False,3,27,L,24,39,57.262
2015,1,400603831,UL Monroe,Sun Belt,Georgia,SEC,Away,2015-09-05T16:00:00.000Z,True,False,14,51,L,37,24,90.120
2015,4,400603841,UL Monroe,Sun Belt,Alabama,SEC,Away,2015-09-26T20:00:00.000Z,True,False,0,34,L,7,1,197.353
2015,5,400787445,UL Monroe,Sun Belt,Georgia Southern,Sun Belt,Home,2015-10-03T23:00:00.000Z,True,False,31,51,L,21,52,36.021
2015,6,400764883,UL Monroe,Sun Belt,Tulsa,American Athletic,Away,2015-10-10T22:00:00.000Z,True,False,24,34,L,67,84,-25.229
2015,7,400787451,UL Monroe,Sun Belt,App State,Sun Belt,Home,2015-10-17T23:00:00.000Z,True,False,14,59,L,12,54,31.082
2015,8,400787456,UL Monroe,Sun Belt,Idaho,Sun Belt,Away,2015-10-24T21:00:00.000Z,True,False,13,27,L,109,113,-140.118
2015,9,400787463,UL Monroe,Sun Belt,Louisiana,Sun Belt,Away,2015-10-31T21:00:00.000Z,True,False,24,30,L,90,112,-125.468
2015,10,400787467,UL Monroe,Sun Belt,Troy,Sun Belt,Away,2015-11-07T20:30:00.000Z,True,False,14,51,L,82,102,-98.169
2015,11,400787471,UL Monroe,Sun Belt,Arkansas State,Sun Belt,Home,2015-11-14T20:00:00.000Z,True,False,21,59,L,45,82,-17.427
2015,12,400787474,UL Monroe,Sun Belt,Texas State,Sun Belt,Away,2015-11-20T02:30:00.000Z,True,False,3,16,L,120,121,-161.379
2015,13,400787295,UL Monroe,Sun Belt,Hawai'i,Mountain West,Away,2015-11-29T04:00:00.000Z,True,False,26,28,L,124,125,-175.536
2015,14,400787486,UL Monroe,Sun Belt,New Mexico State,Sun Belt,Home,2015-12-05T20:00:00.000Z,True,False,42,35,W,110,116,-150.054
2015,1,400787115,UNLV,Mountain West,Northern Illinois,Mid-American,Away,2015-09-05T23:30:00.000Z,True,False,30,38,L,57,66,3.161
2015,2,400757015,UNLV,Mountain West,UCLA,Pac-12,Home,2015-09-13T02:30:00.000Z,True,False,3,37,L,41,27,82.414
2015,3,400763511,UNLV,Mountain West,Michigan,Big Ten,Away,2015-09-19T16:00:00.000Z,True,False,7,28,L,8,7,137.673
2015,5,400787251,UNLV,Mountain West,Nevada,Mountain West,Away,2015-10-03T23:00:00.000Z,True,False,23,17,W,79,98,-80.691
2015,6,400787259,UNLV,Mountain West,San José State,Mountain West,Home,2015-10-11T01:00:00.000Z,True,False,27,33,L,70,94,-63.447
2015,7,400790883,UNLV,Mountain West,Fresno State,Mountain West,Away,2015-10-17T02:30:00.000Z,True,False,28,31,L,122,117,-150.137
2015,9,400787272,UNLV,Mountain West,Boise State,Mountain West,Home,2015-10-31T19:30:00.000Z,True,False,27,55,L,15,55,28.877
2015,10,400787277,UNLV,Mountain West,Hawai'i,Mountain West,Home,2015-11-07T23:00:00.000Z,True,False,41,21,W,124,125,-175.536
2015,11,400787282,UNLV,Mountain West,Colorado State,Mountain West,Away,2015-11-15T00:00:00.000Z,True,False,35,49,L,72,96,-67.213
2015,12,400787291,UNLV,Mountain West,San Diego State,Mountain West,Home,2015-11-22T03:30:00.000Z,True,False,14,52,L,13,50,39.874
2015,13,400787298,UNLV,Mountain West,Wyoming,Mountain West,Away,2015-11-28T19:00:00.000Z,True,False,28,35,L,113,118,-151.077
2015,1,400756884,USC,Pac-12,Arkansas State,Sun Belt,Home,2015-09-06T03:00:00.000Z,True,False,55,6,W,45,82,-17.427
2015,1,400852730,USC,Pac-12,Wisconsin,Big Ten,Away,2015-12-31T03:30:00.000Z,True,False,21,23,L,19,30,75.067
2015,2,400757014,USC,Pac-12,Idaho,Sun Belt,Home,2015-09-13T00:00:00.000Z,True,False,59,9,W,109,113,-140.118
2015,3,400757026,USC,Pac-12,Stanford,Pac-12,Home,2015-09-20T00:00:00.000Z,True,False,31,41,L,5,2,177.800
2015,4,400757037,USC,Pac-12,Arizona State,Pac-12,Away,2015-09-27T02:30:00.000Z,True,False,42,14,W,65,38,57.777
2015,6,400757045,USC,Pac-12,Washington,Pac-12,Home,2015-10-09T01:00:00.000Z,True,False,12,17,L,28,20,103.820
2015,7,400757053,USC,Pac-12,Notre Dame,FBS Independents,Away,2015-10-17T23:30:00.000Z,True,False,31,41,L,22,8,137.326
2015,8,400757058,USC,Pac-12,Utah,Pac-12,Home,2015-10-24T23:30:00.000Z,True,False,42,24,W,29,19,105.120
2015,9,400757063,USC,Pac-12,California,Pac-12,Away,2015-10-31T19:00:00.000Z,True,False,27,21,W,54,29,79.657
2015,10,400757067,USC,Pac-12,Arizona,Pac-12,Home,2015-11-08T03:30:00.000Z,True,False,38,30,W,74,61,13.260
2015,11,400757073,USC,Pac-12,Colorado,Pac-12,Away,2015-11-14T02:00:00.000Z,True,False,27,24,W,94,77,-11.804
2015,12,400757080,USC,Pac-12,Oregon,Pac-12,Away,2015-11-21T20:30:00.000Z,True,False,28,48,L,47,18,107.392
2015,13,400757088,USC,Pac-12,UCLA,Pac-12,Home,2015-11-28T20:30:00.000Z,True,False,40,21,W,41,27,82.414
2015,14,400852677,USC,Pac-12,Stanford,Pac-12,Away,2015-12-06T00:45:00.000Z,True,False,22,41,L,5,2,177.800
2015,1,400603828,UTEP,Conference USA,Arkansas,SEC,Away,2015-09-05T19:30:00.000Z,True,False,13,48,L,40,15,114.183
2015,2,400763415,UTEP,Conference USA,Texas Tech,Big 12,Away,2015-09-12T19:00:00.000Z,True,False,20,69,L,66,53,34.248
2015,3,400763604,UTEP,Conference USA,New Mexico State,Sun Belt,Away,2015-09-20T00:00:00.000Z,True,False,50,47,W,110,116,-150.054
2015,5,400763619,UTEP,Conference USA,UTSA,Conference USA,Home,2015-10-04T00:00:00.000Z,True,False,6,25,L,102,115,-145.740
2015,6,400763622,UTEP,Conference USA,Florida International,Conference USA,Away,2015-10-10T16:00:00.000Z,True,False,12,52,L,97,107,-107.303
2015,8,400763636,UTEP,Conference USA,Florida Atlantic,Conference USA,Home,2015-10-24T23:00:00.000Z,True,False,27,17,W,89,104,-102.076
2015,9,400763642,UTEP,Conference USA,Southern Miss,Conference USA,Away,2015-10-31T18:30:00.000Z,True,False,13,34,L,25,79,-12.406
2015,10,400763646,UTEP,Conference USA,Rice,Conference USA,Home,2015-11-07T01:00:00.000Z,True,False,24,21,W,119,114,-141.731
2015,11,400763652,UTEP,Conference USA,Old Dominion,Conference USA,Away,2015-11-14T17:00:00.000Z,True,False,21,31,L,108,124,-174.665
2015,12,400763657,UTEP,Conference USA,Louisiana Tech,Conference USA,Home,2015-11-21T20:30:00.000Z,True,False,15,17,L,35,74,-5.731
2015,13,400763660,UTEP,Conference USA,North Texas,Conference USA,Away,2015-11-28T20:30:00.000Z,True,False,20,17,W,126,127,-181.595
2015,1,400756882,UTSA,Conference USA,Arizona,Pac-12,Away,2015-09-04T02:00:00.000Z,True,False,32,42,L,74,61,13.260
2015,2,400763414,UTSA,Conference USA,Kansas State,Big 12,Home,2015-09-12T16:00:00.000Z,True,False,3,30,L,81,59,18.733
2015,3,400763419,UTSA,Conference USA,Oklahoma State,Big 12,Away,2015-09-19T19:30:00.000Z,True,False,14,69,L,36,37,62.307
2015,4,400763612,UTSA,Conference USA,Colorado State,Mountain West,Home,2015-09-26T23:00:00.000Z,True,False,31,33,L,72,96,-67.213
2015,5,400763619,UTSA,Conference USA,UTEP,Conference USA,Away,2015-10-04T00:00:00.000Z,True,False,25,6,W,114,123,-170.768
2015,6,400763625,UTSA,Conference USA,Louisiana Tech,Conference USA,Home,2015-10-10T23:00:00.000Z,True,False,31,34,L,35,74,-5.731
2015,7,400763631,UTSA,Conference USA,Southern Miss,Conference USA,Away,2015-10-17T23:00:00.000Z,True,False,10,32,L,25,79,-12.406
2015,9,400763639,UTSA,Conference USA,North Texas,Conference USA,Away,2015-10-31T23:00:00.000Z,True,False,23,30,L,126,127,-181.595
2015,10,400763647,UTSA,Conference USA,Old Dominion,Conference USA,Home,2015-11-08T00:00:00.000Z,True,False,31,36,L,108,124,-174.665
2015,11,400763649,UTSA,Conference USA,Charlotte,Conference USA,Away,2015-11-14T19:00:00.000Z,True,False,30,27,W,121,128,-194.370
2015,12,400763658,UTSA,Conference USA,Rice,Conference USA,Home,2015-11-22T00:00:00.000Z,True,False,34,24,W,119,114,-141.731
2015,13,400763663,UTSA,Conference USA,Middle Tennessee,Conference USA,Home,2015-11-28T19:30:00.000Z,True,False,7,42,L,53,89,-37.682
2015,1,400756883,Utah,Pac-12,Michigan,Big Ten,Home,2015-09-04T00:30:00.000Z,True,False,24,17,W,8,7,137.673
2015,1,400852684,Utah,Pac-12,BYU,FBS Independents,Home,2015-12-19T20:30:00.000Z,True,False,35,28,W,42,48,42.247
2015,2,400787981,Utah,Pac-12,Utah State,Mountain West,Home,2015-09-12T01:00:00.000Z,True,False,24,14,W,50,68,0.395
2015,3,400757029,Utah,Pac-12,Fresno State,Mountain West,Away,2015-09-20T02:30:00.000Z,True,False,45,24,W,122,117,-150.137
2015,4,400757039,Utah,Pac-12,Oregon,Pac-12,Away,2015-09-27T00:30:00.000Z,True,False,62,20,W,47,18,107.392
2015,6,400757048,Utah,Pac-12,California,Pac-12,Home,2015-10-11T02:15:00.000Z,True,False,30,24,W,54,29,79.657
2015,7,400757052,Utah,Pac-12,Arizona State,Pac-12,Home,2015-10-18T02:00:00.000Z,True,False,34,18,W,65,38,57.777
2015,8,400757058,Utah,Pac-12,USC,Pac-12,Away,2015-10-24T23:30:00.000Z,True,False,24,42,L,32,22,98.131
2015,9,400757065,Utah,Pac-12,Oregon State,Pac-12,Home,2015-10-31T23:00:00.000Z,True,False,27,12,W,123,95,-65.724
2015,10,400757071,Utah,Pac-12,Washington,Pac-12,Away,2015-11-08T00:30:00.000Z,True,False,34,23,W,28,20,103.820
2015,11,400757074,Utah,Pac-12,Arizona,Pac-12,Away,2015-11-15T03:00:00.000Z,True,False,30,37,L,74,61,13.260
2015,12,400757081,Utah,Pac-12,UCLA,Pac-12,Home,2015-11-21T20:30:00.000Z,True,False,9,17,L,41,27,82.414
2015,13,400757089,Utah,Pac-12,Colorado,Pac-12,Home,2015-11-28T19:30:00.000Z,True,False,20,14,W,94,77,-11.804
2015,1,400852708,Utah State,Mountain West,Akron,Mid-American,Home,2015-12-22T20:30:00.000Z,True,False,21,23,L,71,88,-30.923
2015,2,400787981,Utah State,Mountain West,Utah,Pac-12,Away,2015-09-12T01:00:00.000Z,True,False,14,24,L,29,19,105.120
2015,3,400757032,Utah State,Mountain West,Washington,Pac-12,Away,2015-09-19T21:00:00.000Z,True,False,17,31,L,28,20,103.820
2015,5,400787249,Utah State,Mountain West,Colorado State,Mountain West,Home,2015-10-03T23:00:00.000Z,True,False,33,18,W,72,96,-67.213
2015,6,400787256,Utah State,Mountain West,Fresno State,Mountain West,Away,2015-10-11T02:30:00.000Z,True,False,56,14,W,122,117,-150.137
2015,7,400790882,Utah State,Mountain West,Boise State,Mountain West,Home,2015-10-17T01:00:00.000Z,True,False,52,26,W,15,55,28.877
2015,8,400790884,Utah State,Mountain West,San Diego State,Mountain West,Away,2015-10-24T02:30:00.000Z,True,False,14,48,L,13,50,39.874
2015,9,400790885,Utah State,Mountain West,Wyoming,Mountain West,Home,2015-10-31T02:26:00.000Z,True,False,58,27,W,113,118,-151.077
2015,10,400787278,Utah State,Mountain West,New Mexico,Mountain West,Away,2015-11-07T20:30:00.000Z,True,False,13,14,L,85,100,-92.176
2015,11,400787280,Utah State,Mountain West,Air Force,Mountain West,Away,2015-11-14T19:00:00.000Z,True,False,28,35,L,51,83,-24.371
2015,12,400787290,Utah State,Mountain West,Nevada,Mountain West,Home,2015-11-21T20:30:00.000Z,True,False,31,27,W,79,98,-80.691
2015,13,400787297,Utah State,Mountain West,BYU,FBS Independents,Home,2015-11-28T20:30:00.000Z,True,False,28,51,L,42,48,42.247
2015,1,400603839,Vanderbilt,SEC,Western Kentucky,Conference USA,Home,2015-09-04T00:00:00.000Z,True,False,12,14,L,3,41,52.774
2015,2,400603870,Vanderbilt,SEC,Georgia,SEC,Home,2015-09-12T19:30:00.000Z,True,False,14,31,L,37,24,90.120
2015,4,400603847,Vanderbilt,SEC,Ole Miss,SEC,Away,2015-09-26T23:00:00.000Z,True,False,16,27,L,17,11,124.710
2015,5,400603882,Vanderbilt,SEC,Middle Tennessee,Conference USA,Away,2015-10-03T23:00:00.000Z,True,False,17,13,W,53,89,-37.682
2015,7,400603896,Vanderbilt,SEC,South Carolina,SEC,Away,2015-10-17T20:00:00.000Z,True,False,10,19,L,91,65,4.957
2015,8,400603891,Vanderbilt,SEC,Missouri,SEC,Home,2015-10-24T20:00:00.000Z,True,False,10,3,W,88,67,2.232
2015,9,400603874,Vanderbilt,SEC,Houston,American Athletic,Away,2015-10-31T23:00:00.000Z,True,False,0,34,L,4,21,99.908
2015,10,400603906,Vanderbilt,SEC,Florida,SEC,Away,2015-11-07T17:00:00.000Z,True,False,7,9,L,44,32,69.189
2015,11,400603937,Vanderbilt,SEC,Kentucky,SEC,Home,2015-11-14T21:00:00.000Z,True,False,21,17,W,84,86,-27.341
2015,12,400603930,Vanderbilt,SEC,Texas A&M,SEC,Home,2015-11-22T00:30:00.000Z,True,False,0,25,L,49,25,88.233
2015,13,400603920,Vanderbilt,SEC,Tennessee,SEC,Away,2015-11-28T21:00:00.000Z,True,False,28,53,L,20,10,126.534
2015,1,400756904,Virginia,ACC,UCLA,Pac-12,Away,2015-09-05T19:30:00.000Z,True,False,16,34,L,41,27,82.414
2015,2,400756917,Virginia,ACC,Notre Dame,FBS Independents,Home,2015-09-12T19:30:00.000Z,True,False,27,34,L,22,8,137.326
2015,4,400756931,Virginia,ACC,Boise State,Mountain West,Home,2015-09-26T00:00:00.000Z,True,False,14,56,L,15,55,28.877
2015,6,400756951,Virginia,ACC,Pittsburgh,ACC,Away,2015-10-10T16:30:00.000Z,True,False,19,26,L,56,36,66.459
2015,7,400756958,Virginia,ACC,Syracuse,ACC,Home,2015-10-17T19:30:00.000Z,True,False,44,38,W,95,73,-4.864
2015,8,400756963,Virginia,ACC,North Carolina,ACC,Away,2015-10-24T19:30:00.000Z,True,False,13,26,L,10,6,139.599
2015,9,400756972,Virginia,ACC,Georgia Tech,ACC,Home,2015-10-31T19:00:00.000Z,True,False,27,21,W,76,58,18.901
2015,10,400756977,Virginia,ACC,Miami,ACC,Away,2015-11-07T20:00:00.000Z,True,False,21,27,L,86,45,44.334
2015,11,400756983,Virginia,ACC,Louisville,ACC,Away,2015-11-14T17:30:00.000Z,True,False,31,38,L,61,43,48.013
2015,12,400756988,Virginia,ACC,Duke,ACC,Home,2015-11-21T20:30:00.000Z,True,False,42,34,W,59,60,17.947
2015,13,400756998,Virginia,ACC,Virginia Tech,ACC,Home,2015-11-28T17:00:00.000Z,True,False,20,23,L,60,47,43.305
2015,1,400756905,Virginia Tech,ACC,Ohio State,Big Ten,Home,2015-09-08T00:00:00.000Z,True,False,24,42,L,2,3,167.343
2015,1,400852719,Virginia Tech,ACC,Tulsa,American Athletic,Home,2015-12-26T22:45:00.000Z,True,False,55,52,W,67,84,-25.229
2015,3,400756929,Virginia Tech,ACC,Purdue,Big Ten,Away,2015-09-19T19:30:00.000Z,True,False,51,24,W,107,93,-55.737
2015,4,400756937,Virginia Tech,ACC,East Carolina,American Athletic,Away,2015-09-26T19:30:00.000Z,True,False,28,35,L,64,76,-9.186
2015,5,400756945,Virginia Tech,ACC,Pittsburgh,ACC,Home,2015-10-03T16:00:00.000Z,True,False,13,17,L,56,36,66.459
2015,6,400756946,Virginia Tech,ACC,NC State,ACC,Home,2015-10-10T00:00:00.000Z,True,False,28,13,W,43,46,44.159
2015,7,400756956,Virginia Tech,ACC,Miami,ACC,Away,2015-10-17T19:30:00.000Z,True,False,20,30,L,86,45,44.334
2015,8,400756961,Virginia Tech,ACC,Duke,ACC,Home,2015-10-24T19:30:00.000Z,True,False,43,45,L,59,60,17.947
2015,9,400756968,Virginia Tech,ACC,Boston College,ACC,Away,2015-10-31T16:30:00.000Z,True,False,26,10,W,92,70,-0.976
2015,11,400756979,Virginia Tech,ACC,Georgia Tech,ACC,Away,2015-11-13T00:30:00.000Z,True,False,23,21,W,76,58,18.901
2015,12,400756992,Virginia Tech,ACC,North Carolina,ACC,Home,2015-11-21T17:00:00.000Z,True,False,27,30,L,10,6,139.599
2015,13,400756998,Virginia Tech,ACC,Virginia,ACC,Away,2015-11-28T17:00:00.000Z,True,False,23,20,W,93,63,7.154
2015,2,400756916,Wake Forest,ACC,Syracuse,ACC,Away,2015-09-12T16:30:00.000Z,True,False,17,30,L,95,73,-4.864
2015,3,400756930,Wake Forest,ACC,Army,FBS Independents,Away,2015-09-19T16:00:00.000Z,True,False,17,14,W,96,105,-104.106
2015,4,400756938,Wake Forest,ACC,Indiana,Big Ten,Home,2015-09-26T16:30:00.000Z,True,False,24,31,L,68,57,22.140
2015,5,400756941,Wake Forest,ACC,Florida State,ACC,Home,2015-10-03T19:30:00.000Z,True,False,16,24,L,18,16,114.095
2015,6,400756947,Wake Forest,ACC,Boston College,ACC,Away,2015-10-10T19:00:00.000Z,True,False,3,0,W,92,70,-0.976
2015,7,400756957,Wake Forest,ACC,North Carolina,ACC,Away,2015-10-17T23:00:00.000Z,True,False,14,50,L,10,6,139.599
2015,8,400756964,Wake Forest,ACC,NC State,ACC,Home,2015-10-24T16:00:00.000Z,True,False,17,35,L,43,46,44.159
2015,9,400756967,Wake Forest,ACC,Louisville,ACC,Home,2015-10-30T23:00:00.000Z,True,False,19,20,L,61,43,48.013
2015,11,400756985,Wake Forest,ACC,Notre Dame,FBS Independents,Away,2015-11-14T20:30:00.000Z,True,False,7,28,L,22,8,137.326
2015,12,400756987,Wake Forest,ACC,Clemson,ACC,Away,2015-11-21T20:30:00.000Z,True,False,13,33,L,14,4,153.808
2015,13,400756996,Wake Forest,ACC,Duke,ACC,Home,2015-11-28T17:30:00.000Z,True,False,21,27,L,59,60,17.947
2015,1,400756888,Washington,Pac-12,Boise State,Mountain West,Away,2015-09-05T02:26:00.000Z,True,False,13,16,L,15,55,28.877
2015,1,400852717,Washington,Pac-12,Southern Miss,Conference USA,Away,2015-12-26T19:20:00.000Z,True,False,44,31,W,25,79,-12.406
2015,3,400757032,Washington,Pac-12,Utah State,Mountain West,Home,2015-09-19T21:00:00.000Z,True,False,31,17,W,50,68,0.395
2015,4,400757040,Washington,Pac-12,California,Pac-12,Home,2015-09-26T21:00:00.000Z,True,False,24,30,L,54,29,79.657
2015,6,400757045,Washington,Pac-12,USC,Pac-12,Away,2015-10-09T01:00:00.000Z,True,False,17,12,W,32,22,98.131
2015,7,400757054,Washington,Pac-12,Oregon,Pac-12,Home,2015-10-18T02:30:00.000Z,True,False,20,26,L,47,18,107.392
2015,8,400757060,Washington,Pac-12,Stanford,Pac-12,Away,2015-10-25T02:36:00.000Z,True,False,14,31,L,5,2,177.800
2015,9,400757062,Washington,Pac-12,Arizona,Pac-12,Home,2015-11-01T03:00:00.000Z,True,False,49,3,W,74,61,13.260
2015,10,400757071,Washington,Pac-12,Utah,Pac-12,Home,2015-11-08T00:30:00.000Z,True,False,23,34,L,29,19,105.120
2015,11,400757075,Washington,Pac-12,Arizona State,Pac-12,Away,2015-11-14T20:00:00.000Z,True,False,17,27,L,65,38,57.777
2015,12,400757083,Washington,Pac-12,Oregon State,Pac-12,Away,2015-11-21T23:00:00.000Z,True,False,52,7,W,123,95,-65.724
2015,13,400757086,Washington,Pac-12,Washington State,Pac-12,Home,2015-11-27T20:30:00.000Z,True,False,45,10,W,52,35,66.479
2015,1,400852716,Washington State,Pac-12,Miami,ACC,Home,2015-12-26T19:15:00.000Z,True,False,20,14,W,86,45,44.334
2015,2,400757021,Washington State,Pac-12,Rutgers,Big Ten,Away,2015-09-12T19:30:00.000Z,True,False,37,34,W,106,87,-30.066
2015,3,400757033,Washington State,Pac-12,Wyoming,Mountain West,Home,2015-09-20T00:30:00.000Z,True,False,31,14,W,113,118,-151.077
2015,5,400757044,Washington State,Pac-12,California,Pac-12,Away,2015-10-03T20:00:00.000Z,True,False,28,34,L,54,29,79.657
2015,6,400757049,Washington State,Pac-12,Oregon,Pac-12,Away,2015-10-10T22:00:00.000Z,True,False,45,38,W,47,18,107.392
2015,7,400757055,Washington State,Pac-12,Oregon State,Pac-12,Home,2015-10-17T20:00:00.000Z,True,False,52,31,W,123,95,-65.724
2015,8,400757057,Washington State,Pac-12,Arizona,Pac-12,Away,2015-10-24T20:00:00.000Z,True,False,45,42,W,74,61,13.260
2015,9,400757066,Washington State,Pac-12,Stanford,Pac-12,Home,2015-11-01T02:30:00.000Z,True,False,28,30,L,5,2,177.800
2015,10,400757068,Washington State,Pac-12,Arizona State,Pac-12,Home,2015-11-07T20:30:00.000Z,True,False,38,24,W,65,38,57.777
2015,11,400757076,Washington State,Pac-12,UCLA,Pac-12,Away,2015-11-15T03:45:00.000Z,True,False,31,27,W,41,27,82.414
2015,12,400757082,Washington State,Pac-12,Colorado,Pac-12,Home,2015-11-22T03:45:00.000Z,True,False,27,3,W,94,77,-11.804
2015,13,400757086,Washington State,Pac-12,Washington,Pac-12,Away,2015-11-27T20:30:00.000Z,True,False,10,45,L,28,20,103.820
2015,1,400763407,West Virginia,Big 12,Georgia Southern,Sun Belt,Home,2015-09-05T23:30:00.000Z,True,False,44,0,W,21,52,36.021
2015,1,400852742,West Virginia,Big 12,Arizona State,Pac-12,Away,2016-01-03T03:15:00.000Z,True,False,43,42,W,65,38,57.777
2015,4,400763426,West Virginia,Big 12,Maryland,Big Ten,Home,2015-09-26T19:00:00.000Z,True,False,45,6,W,101,71,-3.784
2015,5,400763428,West Virginia,Big 12,Oklahoma,Big 12,Away,2015-10-03T16:00:00.000Z,True,False,24,44,L,1,5,152.652
2015,6,400763436,West Virginia,Big 12,Oklahoma State,Big 12,Home,2015-10-10T23:00:00.000Z,True,False,26,33,L,36,37,62.307
2015,7,400763437,West Virginia,Big 12,Baylor,Big 12,Away,2015-10-17T16:00:00.000Z,True,False,38,62,L,6,13,120.044
2015,9,400763445,West Virginia,Big 12,TCU,Big 12,Away,2015-10-29T23:30:00.000Z,True,False,10,40,L,27,17,109.729
2015,10,400763453,West Virginia,Big 12,Texas Tech,Big 12,Home,2015-11-07T17:00:00.000Z,True,False,31,26,W,66,53,34.248
2015,11,400763458,West Virginia,Big 12,Texas,Big 12,Home,2015-11-14T17:00:00.000Z,True,False,38,20,W,83,56,23.984
2015,12,400763459,West Virginia,Big 12,Kansas,Big 12,Away,2015-11-21T17:00:00.000Z,True,False,49,0,W,128,106,-105.629
2015,13,400763467,West Virginia,Big 12,Iowa State,Big 12,Home,2015-11-28T17:00:00.000Z,True,False,30,6,W,99,69,-0.571
2015,14,400763469,West Virginia,Big 12,Kansas State,Big 12,Away,2015-12-05T21:30:00.000Z,True,False,23,24,L,81,59,18.733
2015,1,400603839,Western Kentucky,Conference USA,Vanderbilt,SEC,Away,2015-09-04T00:00:00.000Z,True,False,14,12,W,98,80,-13.582
2015,1,400852687,Western Kentucky,Conference USA,South Florida,American Athletic,Away,2015-12-21T19:30:00.000Z,True,False,45,35,W,38,44,45.866
2015,2,400763599,Western Kentucky,Conference USA,Louisiana Tech,Conference USA,Home,2015-09-11T00:00:00.000Z,True,False,41,38,W,35,74,-5.731
2015,3,400763509,Western Kentucky,Conference USA,Indiana,Big Ten,Away,2015-09-19T20:00:00.000Z,True,False,35,38,L,68,57,22.140
2015,4,400763613,Western Kentucky,Conference USA,Miami (OH),Mid-American,Home,2015-09-26T19:30:00.000Z,True,False,56,14,W,111,110,-121.753
2015,5,400763617,Western Kentucky,Conference USA,Rice,Conference USA,Away,2015-10-03T19:30:00.000Z,True,False,49,10,W,119,114,-141.731
2015,6,400763626,Western Kentucky,Conference USA,Middle Tennessee,Conference USA,Home,2015-10-10T16:00:00.000Z,True,False,58,28,W,53,89,-37.682
2015,7,400763629,Western Kentucky,Conference USA,North Texas,Conference USA,Away,2015-10-15T23:30:00.000Z,True,False,55,28,W,126,127,-181.595
2015,8,400603888,Western Kentucky,Conference USA,LSU,SEC,Away,2015-10-24T23:00:00.000Z,True,False,20,48,L,31,9,128.093
2015,9,400763640,Western Kentucky,Conference USA,Old Dominion,Conference USA,Away,2015-10-31T16:00:00.000Z,True,False,55,30,W,108,124,-174.665
2015,10,400763648,Western Kentucky,Conference USA,Florida Atlantic,Conference USA,Home,2015-11-07T17:00:00.000Z,True,False,35,19,W,89,104,-102.076
2015,12,400763654,Western Kentucky,Conference USA,Florida International,Conference USA,Away,2015-11-21T19:30:00.000Z,True,False,63,7,W,97,107,-107.303
2015,13,400763664,Western Kentucky,Conference USA,Marshall,Conference USA,Home,2015-11-27T17:00:00.000Z,True,False,49,28,W,23,72,-4.639
2015,14,400852672,Western Kentucky,Conference USA,Southern Miss,Conference USA,Home,2015-12-05T17:00:00.000Z,True,False,45,28,W,25,79,-12.406
2015,1,400763470,Western Michigan,Mid-American,Michigan State,Big Ten,Home,2015-09-04T23:00:00.000Z,True,False,24,37,L,33,12,120.909
2015,1,400852713,Western Michigan,Mid-American,Middle Tennessee,Conference USA,Home,2015-12-24T17:00:00.000Z,True,False,45,31,W,53,89,-37.682
2015,2,400787308,Western Michigan,Mid-American,Georgia Southern,Sun Belt,Away,2015-09-12T22:00:00.000Z,True,False,17,43,L,21,52,36.021
2015,4,400763524,Western Michigan,Mid-American,Ohio State,Big Ten,Away,2015-09-26T19:30:00.000Z,True,False,12,38,L,2,3,167.343
2015,6,400787323,Western Michigan,Mid-American,Central Michigan,Mid-American,Home,2015-10-10T16:00:00.000Z,True,False,41,39,W,55,78,-12.228
2015,7,400787328,Western Michigan,Mid-American,Ohio,Mid-American,Away,2015-10-17T16:00:00.000Z,True,False,49,14,W,62,85,-26.109
2015,8,400787337,Western Michigan,Mid-American,Miami (OH),Mid-American,Home,2015-10-24T18:00:00.000Z,True,False,35,13,W,111,110,-121.753
2015,9,400787339,Western Michigan,Mid-American,Eastern Michigan,Mid-American,Away,2015-10-29T23:30:00.000Z,True,False,58,28,W,115,126,-175.722
2015,10,400787346,Western Michigan,Mid-American,Ball State,Mid-American,Home,2015-11-06T00:30:00.000Z,True,False,54,7,W,112,103,-100.709
2015,11,400787352,Western Michigan,Mid-American,Bowling Green,Mid-American,Home,2015-11-12T01:00:00.000Z,True,False,27,41,L,16,34,67.829
2015,12,400787358,Western Michigan,Mid-American,Northern Illinois,Mid-American,Away,2015-11-19T01:00:00.000Z,True,False,19,27,L,57,66,3.161
2015,13,400787363,Western Michigan,Mid-American,Toledo,Mid-American,Away,2015-11-27T17:00:00.000Z,True,False,35,30,W,9,26,87.967
2015,1,400603827,Wisconsin,Big Ten,Alabama,SEC,Away,2015-09-06T00:00:00.000Z,True,False,17,35,L,7,1,197.353
2015,1,400852730,Wisconsin,Big Ten,USC,Pac-12,Home,2015-12-31T03:30:00.000Z,True,False,23,21,W,32,22,98.131
2015,2,400763508,Wisconsin,Big Ten,Miami (OH),Mid-American,Home,2015-09-12T16:00:00.000Z,True,False,58,0,W,111,110,-121.753
2015,3,400763516,Wisconsin,Big Ten,Troy,Sun Belt,Home,2015-09-19T19:30:00.000Z,True,False,28,3,W,82,102,-98.169
2015,4,400763527,Wisconsin,Big Ten,Hawai'i,Mountain West,Home,2015-09-27T00:00:00.000Z,True,False,28,0,W,124,125,-175.536
2015,5,400763533,Wisconsin,Big Ten,Iowa,Big Ten,Home,2015-10-03T16:00:00.000Z,True,False,6,10,L,26,28,81.842
2015,6,400763536,Wisconsin,Big Ten,Nebraska,Big Ten,Away,2015-10-10T19:30:00.000Z,True,False,23,21,W,48,40,53.755
2015,7,400763546,Wisconsin,Big Ten,Purdue,Big Ten,Home,2015-10-17T16:00:00.000Z,True,False,24,7,W,107,93,-55.737
2015,8,400763547,Wisconsin,Big Ten,Illinois,Big Ten,Away,2015-10-24T19:30:00.000Z,True,False,24,13,W,87,81,-14.343
2015,9,400763556,Wisconsin,Big Ten,Rutgers,Big Ten,Home,2015-10-31T16:00:00.000Z,True,False,48,10,W,106,87,-30.066
2015,10,400763558,Wisconsin,Big Ten,Maryland,Big Ten,Away,2015-11-07T20:30:00.000Z,True,False,31,24,W,101,71,-3.784
2015,12,400763575,Wisconsin,Big Ten,Northwestern,Big Ten,Home,2015-11-21T20:30:00.000Z,True,False,7,13,L,75,51,38.687
2015,13,400763580,Wisconsin,Big Ten,Minnesota,Big Ten,Away,2015-11-28T20:30:00.000Z,True,False,31,21,W,78,64,5.110
2015,2,400787119,Wyoming,Mountain West,Eastern Michigan,Mid-American,Home,2015-09-12T20:00:00.000Z,True,False,29,48,L,115,126,-175.722
2015,3,400757033,Wyoming,Mountain West,Washington State,Pac-12,Away,2015-09-20T00:30:00.000Z,True,False,14,31,L,52,35,66.479
2015,4,400787246,Wyoming,Mountain West,New Mexico,Mountain West,Home,2015-09-26T19:00:00.000Z,True,False,28,38,L,85,100,-92.176
2015,5,400787253,Wyoming,Mountain West,App State,Sun Belt,Away,2015-10-03T19:30:00.000Z,True,False,13,31,L,12,54,31.082
2015,6,400787254,Wyoming,Mountain West,Air Force,Mountain West,Away,2015-10-11T02:26:00.000Z,True,False,17,31,L,51,83,-24.371
2015,7,400787264,Wyoming,Mountain West,Nevada,Mountain West,Home,2015-10-17T20:00:00.000Z,True,False,28,21,W,79,98,-80.691
2015,8,400787267,Wyoming,Mountain West,Boise State,Mountain West,Away,2015-10-25T02:21:00.000Z,True,False,14,34,L,15,55,28.877
2015,9,400790885,Wyoming,Mountain West,Utah State,Mountain West,Away,2015-10-31T02:26:00.000Z,True,False,27,58,L,50,68,0.395
2015,10,400787275,Wyoming,Mountain West,Colorado State,Mountain West,Home,2015-11-07T20:00:00.000Z,True,False,7,26,L,72,96,-67.213
2015,11,400787285,Wyoming,Mountain West,San Diego State,Mountain West,Away,2015-11-15T03:30:00.000Z,True,False,3,38,L,13,50,39.874
2015,13,400787298,Wyoming,Mountain West,UNLV,Mountain West,Home,2015-11-28T19:00:00.000Z,True,False,35,28,W,103,109,-120.688
