Season,Week,Rk,Team,Conference,W,L,NetRtg,AdjRtg,AdjRk,Win %,PyW %,Luck,Luck Z,Ortg,DRtg,PF,PA,ODrives,DDrives,SOS,SOS rank
2015,1,1,Florida,SEC,1,0,369.231,107.692,7,1.000,0.796,0.204,0.597,469.231,100.000,61,13,13,13,-107.692,70
2015,1,2,Florida State,ACC,1,0,339.560,112.088,5,1.000,0.795,0.205,0.600,453.846,114.286,59,16,13,14,-112.088,72
2015,1,3,USC,Pac-12,1,0,331.373,95.686,8,1.000,0.818,0.182,0.533,366.667,35.294,55,6,15,17,-95.686,69
2015,1,4,Georgia,SEC,1,0,308.333,116.667,2,1.000,0.801,0.199,0.584,425.000,116.667,51,14,12,12,-116.667,75
2015,1,5,Baylor,Big 12,1,0,305.128,123.397,1,1.000,0.787,0.213,0.623,466.667,161.538,56,21,12,13,-123.397,76
2015,1,6,West Virginia,Big 12,1,0,293.333,93.333,10,1.000,0.841,0.159,0.466,293.333,0.000,44,0,15,14,-93.333,66
2015,1,7,Arkansas,SEC,1,0,291.919,114.141,4,1.000,0.782,0.218,0.638,436.364,144.444,48,13,11,9,-114.141,73
2015,1,8,Notre Dame,FBS Independents,1,0,291.667,116.667,3,1.000,0.858,0.142,0.417,316.667,25.000,38,3,12,12,-116.667,74
2015,1,9,Illinois,Big Ten,1,0,270.139,76.736,15,1.000,0.793,0.207,0.606,288.889,18.750,52,3,18,16,-76.736,62
2015,1,10,Oklahoma,Big 12,1,0,254.583,93.958,9,1.000,0.827,0.173,0.506,273.333,18.750,41,3,15,16,-93.958,68
2015,1,11,NC State,ACC,1,0,215.385,107.692,6,1.000,0.764,0.236,0.691,376.923,161.538,49,21,13,13,-107.692,71
2015,1,12,Duke,ACC,1,0,196.667,91.667,12,1.000,0.800,0.200,0.585,246.667,50.000,37,7,15,14,-91.667,65
2015,1,13,Tennessee,SEC,1,0,193.333,93.333,11,1.000,0.724,0.276,0.809,393.333,200.000,59,30,15,15,-93.333,67
2015,1,14,Ohio,Mid-American,1,0,175.758,87.879,13,1.000,0.702,0.298,0.874,409.091,233.333,45,28,11,12,-87.879,64
2015,1,15,UCLA,Pac-12,1,0,163.636,81.818,14,1.000,0.726,0.274,0.802,309.091,145.455,34,16,11,11,-81.818,63
2015,1,16,Alabama,SEC,1,0,150.000,75.000,16,1.000,0.714,0.286,0.837,291.667,141.667,35,17,12,12,-75.000,61
2015,1,17,Mississippi State,SEC,1,0,147.253,73.626,17,1.000,0.725,0.275,0.806,261.538,114.286,34,16,13,14,-73.626,60
2015,1,18,Ohio State,Big Ten,1,0,128.571,64.286,18,1.000,0.679,0.321,0.941,300.000,171.429,42,24,14,14,-64.286,59
2015,1,19,Texas A&M,SEC,1,0,123.529,61.765,19,1.000,0.705,0.295,0.866,223.529,100.000,38,17,17,17,-61.765,58
2015,1,20,Temple,American Athletic,1,0,121.429,60.714,20,1.000,0.718,0.282,0.827,192.857,71.429,27,10,14,14,-60.714,57
2015,1,21,Michigan State,Big Ten,1,0,108.333,54.167,21,1.000,0.646,0.354,1.036,308.333,200.000,37,24,12,12,-54.167,56
2015,1,22,Arizona,Pac-12,1,0,94.505,47.253,22,1.000,0.623,0.377,1.105,323.077,228.571,42,32,13,14,-47.253,55
2015,1,23,Auburn,SEC,1,0,91.818,45.909,23,1.000,0.622,0.378,1.107,310.000,218.182,31,24,10,11,-45.909,54
2015,1,24,Oklahoma State,Big 12,1,0,91.667,45.833,24,1.000,0.658,0.342,1.001,200.000,108.333,24,13,12,12,-45.833,53
2015,1,25,Marshall,Conference USA,1,0,79.583,39.792,25,1.000,0.614,0.386,1.132,273.333,193.750,41,31,15,16,-39.792,52
2015,1,26,Northwestern,Big Ten,1,0,78.788,39.394,26,1.000,0.664,0.336,0.985,133.333,54.545,16,6,12,11,-39.394,51
2015,1,27,Northern Illinois,Mid-American,1,0,61.538,30.769,27,1.000,0.583,0.417,1.221,292.308,230.769,38,30,13,13,-30.769,50
2015,1,28,TCU,Big 12,1,0,50.952,25.476,28,1.000,0.594,0.406,1.190,164.286,113.333,23,17,14,15,-25.476,49
2015,1,29,Utah,Pac-12,1,0,45.455,22.727,29,1.000,0.575,0.425,1.244,200.000,154.545,24,17,12,11,-22.727,48
2015,1,30,BYU,FBS Independents,1,0,35.714,17.857,30,1.000,0.554,0.446,1.308,235.714,200.000,33,28,14,14,-17.857,47
2015,1,31,Tulsa,American Athletic,1,0,32.026,16.013,31,1.000,0.544,0.456,1.337,276.471,244.444,47,44,17,18,-16.013,46
2015,1,32,Kentucky,SEC,1,0,31.868,15.934,32,1.000,0.543,0.457,1.341,285.714,253.846,40,33,14,13,-15.934,45
2015,1,33,South Carolina,SEC,1,0,24.545,12.273,33,1.000,0.545,0.455,1.333,154.545,130.000,17,13,11,10,-12.273,44
2015,1,34,Charlotte,Conference USA,1,0,20.000,10.000,34,1.000,0.537,0.463,1.358,153.333,133.333,23,20,15,15,-10.000,43
2015,1,35,Boise State,Mountain West,1,0,14.286,7.143,35,1.000,0.529,0.471,1.379,114.286,100.000,16,13,14,13,-7.143,42
2015,1,36,Old Dominion,Conference USA,1,0,8.974,4.487,36,1.000,0.512,0.488,1.431,292.308,283.333,38,34,13,12,-4.487,41
2015,1,37,Western Kentucky,Conference USA,1,0,7.692,3.846,37,1.000,0.516,0.484,1.419,107.692,100.000,14,12,13,12,-3.846,40
2015,1,38,UCF,American Athletic,0,1,2.273,1.136,38,0.000,0.504,-0.504,-1.478,127.273,125.000,14,15,11,12,-1.136,39
2015,1,39,Florida International,Conference USA,1,0,-2.273,-1.136,39,1.000,0.496,0.504,1.478,125.000,127.273,15,14,12,11,1.136,38
2015,1,40,Vanderbilt,SEC,0,1,-7.692,-3.846,40,0.000,0.484,-0.484,-1.419,100.000,107.692,12,14,12,13,3.846,37
2015,1,41,Eastern Michigan,Mid-American,0,1,-8.974,-4.487,41,0.000,0.488,-0.488,-1.431,283.333,292.308,34,38,12,13,4.487,36
2015,1,42,Washington,Pac-12,0,1,-14.286,-7.143,42,0.000,0.471,-0.471,-1.379,100.000,114.286,13,16,13,14,7.143,35
2015,1,43,Georgia State,Sun Belt,0,1,-20.000,-10.000,43,0.000,0.463,-0.463,-1.358,133.333,153.333,20,23,15,15,10.000,34
2015,1,44,North Carolina,ACC,0,1,-24.545,-12.273,44,0.000,0.455,-0.455,-1.333,130.000,154.545,13,17,10,11,12.273,33
2015,1,45,Louisiana,Sun Belt,0,1,-31.868,-15.934,45,0.000,0.457,-0.457,-1.341,253.846,285.714,33,40,13,14,15.934,32
2015,1,46,Florida Atlantic,Conference USA,0,1,-32.026,-16.013,46,0.000,0.456,-0.456,-1.337,244.444,276.471,44,47,18,17,16.013,31
2015,1,47,Nebraska,Big Ten,0,1,-35.714,-17.857,47,0.000,0.446,-0.446,-1.308,200.000,235.714,28,33,14,14,17.857,30
2015,1,48,Michigan,Big Ten,0,1,-45.455,-22.727,48,0.000,0.425,-0.425,-1.244,154.545,200.000,17,24,11,12,22.727,29
2015,1,49,Minnesota,Big Ten,0,1,-50.952,-25.476,49,0.000,0.406,-0.406,-1.190,113.333,164.286,17,23,15,14,25.476,28
2015,1,50,UNLV,Mountain West,0,1,-61.538,-30.769,50,0.000,0.417,-0.417,-1.221,230.769,292.308,30,38,13,13,30.769,27
2015,1,51,Stanford,Pac-12,0,1,-78.788,-39.394,51,0.000,0.336,-0.336,-0.985,54.545,133.333,6,16,11,12,39.394,26
2015,1,52,Purdue,Big Ten,0,1,-79.583,-39.792,52,0.000,0.386,-0.386,-1.132,193.750,273.333,31,41,16,15,39.792,25
2015,1,53,Central Michigan,Mid-American,0,1,-91.667,-45.833,53,0.000,0.342,-0.342,-1.001,108.333,200.000,13,24,12,12,45.833,24
2015,1,54,Louisville,ACC,0,1,-91.818,-45.909,54,0.000,0.378,-0.378,-1.107,218.182,310.000,24,31,11,10,45.909,23
2015,1,55,UTSA,Conference USA,0,1,-94.505,-47.253,55,0.000,0.377,-0.377,-1.105,228.571,323.077,32,42,14,13,47.253,22
2015,1,56,Western Michigan,Mid-American,0,1,-108.333,-54.167,56,0.000,0.354,-0.354,-1.036,200.000,308.333,24,37,12,12,54.167,21
2015,1,57,Penn State,Big Ten,0,1,-121.429,-60.714,57,0.000,0.282,-0.282,-0.827,71.429,192.857,10,27,14,14,60.714,20
2015,1,58,Arizona State,Pac-12,0,1,-123.529,-61.765,58,0.000,0.295,-0.295,-0.866,100.000,223.529,17,38,17,17,61.765,19
2015,1,59,Virginia Tech,ACC,0,1,-128.571,-64.286,59,0.000,0.321,-0.321,-0.941,171.429,300.000,24,42,14,14,64.286,18
2015,1,60,Southern Miss,Conference USA,0,1,-147.253,-73.626,60,0.000,0.275,-0.275,-0.806,114.286,261.538,16,34,14,13,73.626,17
2015,1,61,Wisconsin,Big Ten,0,1,-150.000,-75.000,61,0.000,0.286,-0.286,-0.837,141.667,291.667,17,35,12,12,75.000,16
2015,1,62,Virginia,ACC,0,1,-163.636,-81.818,63,0.000,0.274,-0.274,-0.802,145.455,309.091,16,34,11,11,81.818,14
2015,1,63,Idaho,Sun Belt,0,1,-175.758,-87.879,64,0.000,0.298,-0.298,-0.874,233.333,409.091,28,45,12,11,87.879,13
2015,1,64,Bowling Green,Mid-American,0,1,-193.333,-93.333,67,0.000,0.276,-0.276,-0.809,200.000,393.333,30,59,15,15,93.333,11
2015,1,65,Tulane,American Athletic,0,1,-196.667,-91.667,65,0.000,0.200,-0.200,-0.585,50.000,246.667,7,37,14,15,91.667,12
2015,1,66,Troy,Sun Belt,0,1,-215.385,-107.692,71,0.000,0.236,-0.236,-0.691,161.538,376.923,21,49,13,13,107.692,6
2015,1,67,Akron,Mid-American,0,1,-254.583,-93.958,68,0.000,0.173,-0.173,-0.506,18.750,273.333,3,41,16,15,93.958,9
2015,1,68,Kent State,Mid-American,0,1,-270.139,-76.736,62,0.000,0.207,-0.207,-0.606,18.750,288.889,3,52,16,18,76.736,15
2015,1,69,Texas,Big 12,0,1,-291.667,-116.667,74,0.000,0.142,-0.142,-0.417,25.000,316.667,3,38,12,12,116.667,3
2015,1,70,UTEP,Conference USA,0,1,-291.919,-114.141,73,0.000,0.218,-0.218,-0.638,144.444,436.364,13,48,9,11,114.141,4
2015,1,71,Georgia Southern,Sun Belt,0,1,-293.333,-93.333,66,0.000,0.159,-0.159,-0.466,0.000,293.333,0,44,14,15,93.333,10
2015,1,72,SMU,American Athletic,0,1,-305.128,-123.397,76,0.000,0.213,-0.213,-0.623,161.538,466.667,21,56,13,12,123.397,1
2015,1,73,UL Monroe,Sun Belt,0,1,-308.333,-116.667,75,0.000,0.199,-0.199,-0.584,116.667,425.000,14,51,12,12,116.667,2
2015,1,74,Arkansas State,Sun Belt,0,1,-331.373,-95.686,69,0.000,0.182,-0.182,-0.533,35.294,366.667,6,55,17,15,95.686,8
2015,1,75,Texas State,Sun Belt,0,1,-339.560,-112.088,72,0.000,0.205,-0.205,-0.600,114.286,453.846,16,59,14,13,112.088,5
2015,1,76,New Mexico State,Sun Belt,0,1,-369.231,-107.692,70,0.000,0.204,-0.204,-0.597,100.000,469.231,13,61,13,13,107.692,7
2015,2,1,Georgia Tech,ACC,1,0,458.333,94.444,27,1.000,0.822,0.178,0.624,541.667,83.333,65,10,12,12,-138.889,124
2015,2,2,Ole Miss,SEC,1,0,421.538,118.462,15,1.000,0.784,0.216,0.745,561.538,140.000,73,21,13,15,-118.462,121
2015,2,3,USC,Pac-12,2,0,357.143,129.692,12,1.000,1.000,0.000,0.068,407.143,50.000,114,15,28,30,-73.687,107
2015,2,4,Texas Tech,Big 12,1,0,326.667,11.414,59,1.000,0.539,0.461,1.512,460.000,133.333,69,20,15,15,-175.253,126
2015,2,5,Baylor,Big 12,1,0,305.128,123.397,1,1.000,0.787,0.213,0.623,466.667,161.538,56,21,12,13,-123.397,76
2015,2,6,West Virginia,Big 12,1,0,293.333,93.333,10,1.000,0.841,0.159,0.466,293.333,0.000,44,0,15,14,-93.333,66
2015,2,8,Kansas State,Big 12,1,0,245.455,176.838,4,1.000,0.982,0.018,0.125,272.727,27.273,30,3,11,11,-68.616,106
2015,2,9,Colorado,Pac-12,1,1,243.590,121.154,14,0.500,0.804,-0.304,-0.885,566.667,323.077,68,42,12,13,-121.154,123
2015,2,9,Illinois,Big Ten,1,0,270.139,76.736,15,1.000,0.793,0.207,0.606,288.889,18.750,52,3,18,16,-76.736,62
2015,2,10,Georgia,SEC,2,0,237.963,142.971,9,1.000,0.778,0.222,0.762,341.667,103.704,82,28,24,27,-56.196,98
2015,2,11,Florida State,ACC,2,0,237.302,122.344,13,1.000,0.759,0.241,0.822,344.444,107.143,93,30,27,28,-61.172,101
2015,2,11,NC State,ACC,1,0,215.385,107.692,6,1.000,0.764,0.236,0.691,376.923,161.538,49,21,13,13,-107.692,71
2015,2,12,California,Pac-12,1,0,219.231,109.615,19,1.000,0.821,0.179,0.628,269.231,50.000,35,7,13,14,-109.615,118
2015,2,12,Duke,ACC,1,0,196.667,91.667,12,1.000,0.800,0.200,0.585,246.667,50.000,37,7,15,14,-91.667,65
2015,2,14,Clemson,ACC,1,0,214.510,97.255,24,1.000,0.795,0.205,0.710,273.333,58.824,41,10,15,17,-97.255,114
2015,2,15,Memphis,American Athletic,1,0,213.333,93.333,28,1.000,0.738,0.262,0.890,366.667,153.333,55,23,15,15,-93.333,113
2015,2,16,Florida,SEC,2,0,208.598,138.278,10,1.000,0.830,0.170,0.602,340.741,132.143,92,37,27,28,-0.128,66
2015,2,17,Ohio State,Big Ten,2,0,207.407,114.652,17,1.000,0.760,0.240,0.819,296.296,88.889,80,24,27,27,-57.326,99
2015,2,18,UCLA,Pac-12,2,0,202.707,204.083,3,1.000,1.000,0.000,0.068,273.077,70.370,71,19,26,27,28.307,48
2015,2,19,Texas A&M,SEC,2,0,202.381,136.748,11,1.000,0.762,0.238,0.814,335.714,133.333,94,40,28,30,-68.374,105
2015,2,21,Miami,ACC,1,0,184.848,162.046,5,1.000,0.855,0.145,0.524,366.667,181.818,44,20,12,11,-22.802,82
2015,2,22,Notre Dame,FBS Independents,2,0,180.000,116.088,16,1.000,0.924,0.076,0.305,300.000,120.000,72,30,24,25,-38.399,92
2015,2,23,Air Force,Mountain West,1,0,161.538,80.769,31,1.000,0.728,0.272,0.919,284.615,123.077,37,16,13,13,-80.769,110
2015,2,23,Auburn,SEC,1,0,91.818,45.909,23,1.000,0.622,0.378,1.107,310.000,218.182,31,24,10,11,-45.909,54
2015,2,24,Alabama,SEC,2,0,157.143,159.896,7,1.000,0.861,0.139,0.505,257.143,100.000,72,27,28,27,2.604,64
2015,2,24,Oklahoma State,Big 12,1,0,91.667,45.833,24,1.000,0.658,0.342,1.001,200.000,108.333,24,13,12,12,-45.833,53
2015,2,25,Oklahoma,Big 12,2,0,150.440,147.537,8,1.000,0.940,0.060,0.257,232.258,81.818,72,27,31,33,27.292,50
2015,2,26,Northwestern,Big Ten,1,0,78.788,39.394,26,1.000,0.664,0.336,0.985,133.333,54.545,16,6,12,11,-39.394,51
2015,2,26,Pittsburgh,ACC,1,0,141.667,101.287,22,1.000,0.831,0.169,0.596,200.000,58.333,24,7,12,12,-40.380,93
2015,2,27,Northern Illinois,Mid-American,1,0,61.538,30.769,27,1.000,0.583,0.417,1.221,292.308,230.769,38,30,13,13,-30.769,50
2015,2,27,Wisconsin,Big Ten,1,1,138.228,9.896,60,0.500,0.531,-0.031,-0.029,267.857,129.630,75,35,28,27,-2.604,69
2015,2,28,Arizona,Pac-12,2,0,127.833,25.889,52,1.000,0.562,0.438,1.439,307.143,179.310,86,52,28,29,-101.364,115
2015,2,28,TCU,Big 12,1,0,50.952,25.476,28,1.000,0.594,0.406,1.190,164.286,113.333,23,17,14,15,-25.476,49
2015,2,29,Arkansas,SEC,1,1,124.603,53.030,41,0.500,0.650,-0.150,-0.401,285.714,161.111,60,29,21,18,-32.222,87
2015,2,30,Nebraska,Big Ten,1,1,113.481,61.988,35,0.500,0.661,-0.161,-0.435,281.481,168.000,76,42,27,25,-21.553,80
2015,2,31,Ohio,Mid-American,2,0,113.105,90.065,29,1.000,0.747,0.253,0.860,253.846,140.741,66,38,26,27,-34.480,90
2015,2,32,Indiana,Big Ten,1,0,110.476,-8.740,66,1.000,0.475,0.525,1.713,257.143,146.667,36,22,14,15,-119.216,122
2015,2,33,Syracuse,ACC,1,0,108.333,54.167,39,1.000,0.661,0.339,1.128,250.000,141.667,30,17,12,12,-54.167,96
2015,2,34,Charlotte,Conference USA,1,0,20.000,10.000,34,1.000,0.537,0.463,1.358,153.333,133.333,23,20,15,15,-10.000,43
2015,2,34,Michigan,Big Ten,1,1,96.920,58.333,38,0.500,0.680,-0.180,-0.496,226.087,129.167,52,31,23,24,-35.606,91
2015,2,35,Iowa,Big Ten,1,0,96.795,48.397,42,1.000,0.647,0.353,1.173,238.462,141.667,31,17,13,12,-48.397,95
2015,2,36,Old Dominion,Conference USA,1,0,8.974,4.487,36,1.000,0.512,0.488,1.431,292.308,283.333,38,34,13,12,-4.487,41
2015,2,38,Tulsa,American Athletic,2,0,86.875,9.224,61,1.000,0.526,0.474,1.553,290.000,203.125,87,65,30,32,-85.635,111
2015,2,39,Temple,American Athletic,2,0,84.524,96.429,25,1.000,0.788,0.212,0.731,217.857,133.333,61,36,28,27,14.286,57
2015,2,41,BYU,FBS Independents,2,0,69.524,97.702,23,1.000,0.782,0.218,0.749,242.857,173.333,68,52,28,30,29.845,46
2015,2,42,Utah,Pac-12,2,0,67.787,103.788,21,1.000,0.798,0.202,0.701,208.696,140.909,48,31,23,22,35.606,40
2015,2,42,Washington,Pac-12,0,1,-14.286,-7.143,42,0.000,0.471,-0.471,-1.379,100.000,114.286,13,16,13,14,7.143,35
2015,2,43,Mississippi State,SEC,1,1,66.809,43.956,45,0.500,0.607,-0.107,-0.268,203.846,137.037,53,37,26,27,-21.978,81
2015,2,44,North Carolina,ACC,0,1,-24.545,-12.273,44,0.000,0.455,-0.455,-1.333,130.000,154.545,13,17,10,11,12.273,33
2015,2,44,Stanford,Pac-12,1,1,65.036,83.056,30,0.500,0.714,-0.214,-0.603,160.870,95.833,37,23,23,24,22.450,53
2015,2,45,Louisiana,Sun Belt,0,1,-31.868,-15.934,45,0.000,0.457,-0.457,-1.341,253.846,285.714,33,40,13,14,15.934,32
2015,2,45,Tennessee,SEC,1,1,62.601,94.963,26,0.500,0.739,-0.239,-0.681,259.375,196.774,83,61,32,31,27.917,49
2015,2,47,Toledo,Mid-American,1,0,57.778,110.808,18,1.000,0.883,0.117,0.435,177.778,120.000,16,12,9,10,53.030,32
2015,2,49,UConn,American Athletic,1,0,50.000,25.000,53,1.000,0.576,0.424,1.394,220.000,170.000,22,17,10,10,-25.000,86
2015,2,50,Eastern Michigan,Mid-American,1,1,48.833,32.207,51,0.500,0.559,-0.059,-0.117,328.000,279.167,82,67,25,24,-16.103,77
2015,2,51,Michigan State,Big Ten,2,0,44.872,-54.714,89,1.000,0.366,0.634,2.054,261.538,216.667,68,52,26,24,-102.929,116
2015,2,52,Missouri,SEC,1,0,35.417,-26.264,79,1.000,0.319,0.681,2.202,168.750,133.333,27,20,16,15,-61.681,102
2015,2,52,Purdue,Big Ten,0,1,-79.583,-39.792,52,0.000,0.386,-0.386,-1.132,193.750,273.333,31,41,16,15,39.792,25
2015,2,53,Central Michigan,Mid-American,0,1,-91.667,-45.833,53,0.000,0.342,-0.342,-1.001,108.333,200.000,13,24,12,12,45.833,24
2015,2,53,Kentucky,SEC,2,0,34.833,32.285,50,1.000,0.581,0.419,1.379,264.000,229.167,66,55,25,24,-1.831,67
2015,2,54,Washington State,Pac-12,1,0,25.000,12.500,58,1.000,0.531,0.469,1.537,308.333,283.333,37,34,12,12,-12.500,74
2015,2,56,LSU,SEC,1,0,15.385,59.341,37,1.000,0.794,0.206,0.713,161.538,146.154,21,19,13,13,43.956,36
2015,2,57,Oregon,Pac-12,0,1,11.905,-42.810,85,0.000,0.361,-0.361,-1.064,233.333,221.429,28,31,12,14,-54.714,97
2015,2,58,Arizona State,Pac-12,0,1,-123.529,-61.765,58,0.000,0.295,-0.295,-0.866,100.000,223.529,17,38,17,17,61.765,19
2015,2,59,Houston,American Athletic,1,0,5.238,-27.114,80,1.000,0.376,0.624,2.022,226.667,221.429,34,31,15,14,-32.352,88
2015,2,59,Virginia Tech,ACC,0,1,-128.571,-64.286,59,0.000,0.321,-0.321,-0.941,171.429,300.000,24,42,14,14,64.286,18
2015,2,60,Southern Miss,Conference USA,0,1,-147.253,-73.626,60,0.000,0.275,-0.275,-0.806,114.286,261.538,16,34,14,13,73.626,17
2015,2,60,Western Kentucky,Conference USA,2,0,4.121,-14.337,70,1.000,0.459,0.541,1.762,196.429,192.308,55,50,28,26,-19.136,79
2015,2,61,Marshall,Conference USA,1,1,2.258,16.732,54,0.500,0.600,-0.100,-0.245,170.000,167.742,51,52,30,31,13.607,58
2015,2,62,Louisiana Tech,Conference USA,0,1,-1.905,-16.242,71,0.000,0.462,-0.462,-1.378,271.429,273.333,38,41,14,15,-14.337,76
2015,2,63,South Carolina,SEC,1,1,-8.442,-4.078,64,0.500,0.486,0.014,0.112,177.273,185.714,39,39,22,21,1.831,65
2015,2,64,Georgia State,Sun Belt,1,1,-9.655,-79.011,97,0.500,0.308,0.192,0.670,180.000,189.655,54,55,30,29,-68.059,104
2015,2,65,Minnesota,Big Ten,1,1,-13.710,-11.102,67,0.500,0.469,0.031,0.164,125.000,138.710,40,43,32,31,5.551,63
2015,2,66,Troy,Sun Belt,0,1,-215.385,-107.692,71,0.000,0.236,-0.236,-0.691,161.538,376.923,21,49,13,13,107.692,6
2015,2,67,Penn State,Big Ten,1,1,-14.815,-25.000,77,0.500,0.401,0.099,0.379,137.037,151.852,37,41,27,27,-14.286,75
2015,2,68,Colorado State,Mountain West,0,1,-17.647,-28.749,82,0.000,0.342,-0.342,-1.004,117.647,135.294,20,23,17,17,-11.102,72
2015,2,68,Kent State,Mid-American,0,1,-270.139,-76.736,62,0.000,0.207,-0.207,-0.606,18.750,288.889,3,52,16,18,76.736,15
2015,2,70,Rutgers,Big Ten,0,1,-25.000,-12.500,68,0.000,0.469,-0.469,-1.401,283.333,308.333,34,37,12,12,12.500,59
2015,2,72,Bowling Green,Mid-American,1,1,-35.054,-91.703,101,0.500,0.300,0.200,0.694,251.613,286.667,78,86,31,30,-58.370,100
2015,2,73,Louisville,ACC,0,2,-40.000,-32.352,83,0.000,0.433,-0.433,-1.288,220.000,260.000,55,65,25,25,16.176,55
2015,2,73,UL Monroe,Sun Belt,0,1,-308.333,-116.667,75,0.000,0.199,-0.199,-0.584,116.667,425.000,14,51,12,12,116.667,2
2015,2,74,Cincinnati,American Athletic,0,1,-42.857,53.571,40,0.000,0.634,-0.634,-1.917,200.000,242.857,26,34,13,14,96.429,21
2015,2,75,Boise State,Mountain West,1,1,-44.444,-2.298,63,0.500,0.493,0.007,0.089,133.333,177.778,40,48,30,27,40.559,38
2015,2,75,Texas State,Sun Belt,0,1,-339.560,-112.088,72,0.000,0.205,-0.205,-0.600,114.286,453.846,16,59,14,13,112.088,5
2015,2,76,Texas,Big 12,1,1,-49.301,-117.245,110,0.500,0.211,0.289,0.973,204.545,253.846,45,66,22,26,-110.579,119
2015,2,77,Army,FBS Independents,0,1,-50.000,-25.000,78,0.000,0.424,-0.424,-1.258,170.000,220.000,17,22,10,10,25.000,52
2015,2,78,Georgia Southern,Sun Belt,1,1,-58.598,36.952,49,0.500,0.601,-0.101,-0.248,159.259,217.857,43,61,27,28,30.286,45
2015,2,79,East Carolina,American Athletic,0,1,-61.429,76.850,33,0.000,0.752,-0.752,-2.286,160.000,221.429,24,31,15,14,138.278,5
2015,2,80,Florida International,Conference USA,1,1,-62.963,-119.216,112,0.500,0.173,0.327,1.091,137.037,200.000,37,50,27,25,-62.842,103
2015,2,81,SMU,American Athletic,1,1,-70.833,-24.437,76,0.500,0.449,0.051,0.228,216.667,287.500,52,69,24,24,12.218,60
2015,2,83,Vanderbilt,SEC,0,2,-83.704,-22.029,74,0.000,0.361,-0.361,-1.061,96.296,180.000,26,45,27,25,64.317,28
2015,2,84,Utah State,Mountain West,0,1,-90.909,12.879,57,0.000,0.542,-0.542,-1.630,127.273,218.182,14,24,11,11,103.788,18
2015,2,86,Florida Atlantic,Conference USA,0,2,-93.103,-22.802,75,0.000,0.443,-0.443,-1.318,220.690,313.793,64,91,29,29,85.635,23
2015,2,87,Iowa State,Big 12,0,1,-96.795,-48.397,87,0.000,0.353,-0.353,-1.037,141.667,238.462,17,31,12,13,48.397,34
2015,2,88,Buffalo,Mid-American,0,1,-100.000,-125.000,114,0.000,0.181,-0.181,-0.498,107.692,207.692,14,27,13,13,-25.000,85
2015,2,89,UCF,American Athletic,0,2,-100.362,-116.944,109,0.000,0.098,-0.098,-0.240,91.304,191.667,21,46,23,24,-18.080,78
2015,2,90,Wyoming,Mountain West,0,1,-105.594,-73.388,94,0.000,0.271,-0.271,-0.780,263.636,369.231,29,48,11,13,32.207,43
2015,2,91,Wake Forest,ACC,0,1,-108.333,-54.167,88,0.000,0.339,-0.339,-0.992,141.667,250.000,17,30,12,12,54.167,31
2015,2,92,Virginia,ACC,0,2,-116.486,40.447,47,0.000,0.576,-0.576,-1.735,179.167,295.652,43,68,24,23,160.086,1
2015,2,93,Maryland,Big Ten,0,1,-120.000,-211.703,125,0.000,0.031,-0.031,-0.030,180.000,300.000,27,48,15,16,-91.703,112
2015,2,96,South Florida,American Athletic,0,1,-142.857,-20.513,73,0.000,0.387,-0.387,-1.143,100.000,242.857,14,34,14,14,122.344,9
2015,2,98,UNLV,Mountain West,0,2,-154.064,16.167,55,0.000,0.547,-0.547,-1.643,113.793,267.857,33,75,29,28,140.894,4
2015,2,99,Western Michigan,Mid-American,0,2,-156.000,-163.048,120,0.000,0.120,-0.120,-0.309,164.000,320.000,41,80,25,25,-8.881,71
2015,2,100,New Mexico,Mountain West,0,1,-157.692,-148.468,118,0.000,0.142,-0.142,-0.378,150.000,307.692,21,40,14,13,9.224,62
2015,2,101,Nevada,Mountain West,0,1,-160.000,-134.111,115,0.000,0.104,-0.104,-0.258,133.333,293.333,20,44,15,15,25.889,51
2015,2,102,UTSA,Conference USA,0,2,-160.000,-68.616,93,0.000,0.319,-0.319,-0.930,140.000,300.000,35,72,25,24,101.364,19
2015,2,103,San José State,Mountain West,0,1,-161.538,-80.769,98,0.000,0.272,-0.272,-0.783,123.077,284.615,16,37,13,13,80.769,25
2015,2,104,Middle Tennessee,Conference USA,0,1,-164.583,-4.687,65,0.000,0.478,-0.478,-1.427,66.667,231.250,10,37,15,16,159.896,2
2015,2,105,New Mexico State,Sun Belt,0,2,-172.619,-77.106,96,0.000,0.267,-0.267,-0.767,166.667,339.286,45,95,27,28,29.634,47
2015,2,106,North Texas,Conference USA,0,1,-173.485,-197.922,124,0.000,0.000,-0.000,0.067,108.333,281.818,13,31,12,11,-24.437,83
2015,2,107,Arkansas State,Sun Belt,0,2,-183.266,-61.681,91,0.000,0.363,-0.363,-1.068,81.250,264.516,26,82,32,31,51.714,33
2015,2,108,Akron,Mid-American,0,2,-205.026,-40.380,84,0.000,0.360,-0.360,-1.059,35.714,240.741,10,65,28,27,124.412,8
2015,2,109,Kansas,Big 12,0,1,-213.333,-93.333,102,0.000,0.262,-0.262,-0.753,153.333,366.667,23,55,15,15,93.333,22
2015,2,110,App State,Sun Belt,0,1,-214.510,-97.255,103,0.000,0.205,-0.205,-0.573,58.824,273.333,10,41,17,15,97.255,20
2015,2,112,San Diego State,Mountain West,0,1,-219.231,-109.615,108,0.000,0.179,-0.179,-0.492,50.000,269.231,7,35,14,13,109.615,16
2015,2,113,Rice,Conference USA,0,1,-220.000,-337.245,126,0.000,0.037,-0.037,-0.047,200.000,420.000,28,42,14,10,-117.245,120
2015,2,114,Hawai'i,Mountain West,1,1,-230.769,-100.733,104,0.500,0.007,0.493,1.613,215.385,446.154,28,58,13,13,114.652,13
2015,2,115,Oregon State,Pac-12,0,1,-233.333,-175.000,122,0.000,0.078,-0.078,-0.176,58.333,291.667,7,35,12,12,58.333,30
2015,2,117,Idaho,Sun Belt,0,2,-285.333,-85.693,99,0.000,0.338,-0.338,-0.991,148.000,433.333,37,104,25,24,109.879,15
2015,2,118,South Alabama,Sun Belt,0,1,-287.413,-140.809,117,0.000,0.087,-0.087,-0.203,81.818,369.231,9,48,11,13,61.988,29
2015,2,119,Massachusetts,Mid-American,0,1,-292.308,-121.154,113,0.000,0.196,-0.196,-0.545,107.692,400.000,14,48,13,12,121.154,11
2015,2,121,Tulane,American Athletic,0,2,-312.393,-138.889,116,0.000,0.196,-0.196,-0.545,65.385,377.778,17,102,26,27,69.444,27
2015,2,122,UTEP,Conference USA,0,2,-312.500,-175.253,123,0.000,0.142,-0.142,-0.378,137.500,450.000,33,117,24,26,32.222,42
2015,2,123,Ball State,Mid-American,0,1,-332.168,-149.966,119,0.000,0.158,-0.158,-0.427,176.923,509.091,23,56,13,11,136.748,6
2015,2,125,Miami (OH),Mid-American,0,1,-362.500,-165.104,121,0.000,0.003,-0.003,0.059,0.000,362.500,0,58,15,16,9.896,61
2015,2,126,Fresno State,Mountain West,0,1,-421.538,-118.462,111,0.000,0.216,-0.216,-0.608,140.000,561.538,21,73,15,13,118.462,12
2015,3,3,Oklahoma State,Big 12,2,0,264.589,208.235,21,1.000,0.839,0.161,0.491,357.692,93.103,93,27,26,29,53.579,57
2015,3,4,Georgia,SEC,3,0,259.780,420.426,2,1.000,0.942,0.058,0.252,382.857,123.077,134,48,35,39,197.749,17
2015,3,5,Baylor,Big 12,1,0,305.128,123.397,1,1.000,0.787,0.213,0.623,466.667,161.538,56,21,12,13,-123.397,76
2015,3,5,Texas Tech,Big 12,2,0,250.000,165.848,33,1.000,0.845,0.155,0.477,433.333,183.333,104,44,24,24,11.404,73
2015,3,6,USC,Pac-12,2,1,241.579,145.175,35,0.667,0.906,-0.239,-0.436,381.579,140.000,145,56,38,40,42.923,65
2015,3,6,West Virginia,Big 12,1,0,293.333,93.333,10,1.000,0.841,0.159,0.466,293.333,0.000,44,0,15,14,-93.333,66
2015,3,7,Navy,American Athletic,1,0,240.000,366.687,3,1.000,1.000,0.000,0.118,450.000,210.000,45,21,10,10,126.687,35
2015,3,8,NC State,ACC,2,0,222.500,19.694,68,1.000,0.542,0.458,1.181,362.500,140.000,87,35,24,25,-202.392,111
2015,3,9,Florida State,ACC,3,0,212.266,-296.016,114,1.000,0.000,1.000,2.436,289.189,76.923,107,30,37,39,-465.027,124
2015,3,10,Ole Miss,SEC,2,0,200.000,228.610,15,1.000,0.925,0.075,0.292,400.000,200.000,116,58,29,29,107.916,40
2015,3,11,Texas A&M,SEC,3,0,182.919,111.863,43,1.000,0.667,0.333,0.890,328.571,145.652,138,67,42,46,-73.397,100
2015,3,12,Georgia Tech,ACC,1,1,180.769,230.690,14,0.500,0.848,-0.348,-0.688,334.615,153.846,87,40,26,26,142.595,31
2015,3,13,Wisconsin,Big Ten,2,1,171.053,85.765,51,0.667,0.766,-0.100,-0.113,271.053,100.000,103,38,38,38,-6.811,82
2015,3,14,Florida,SEC,3,0,160.999,188.116,25,1.000,1.000,0.000,0.118,278.947,117.949,106,46,38,39,80.693,47
2015,3,15,Oregon,Pac-12,1,1,159.333,187.413,26,0.500,0.772,-0.272,-0.512,356.000,196.667,89,59,25,30,53.576,58
2015,3,16,North Carolina,ACC,1,1,148.106,207.918,22,0.500,0.895,-0.395,-0.798,277.273,129.167,61,31,22,24,99.037,43
2015,3,17,UCLA,Pac-12,3,0,145.000,276.619,5,1.000,1.000,0.000,0.118,250.000,105.000,95,42,38,40,151.742,27
2015,3,18,Ohio State,Big Ten,3,0,143.182,195.841,23,1.000,0.906,0.094,0.337,227.273,84.091,100,37,44,44,67.463,53
2015,3,19,Colorado,Pac-12,2,1,135.556,136.409,39,0.667,0.857,-0.191,-0.324,380.000,244.444,95,66,25,27,-2.876,79
2015,3,20,Notre Dame,FBS Independents,3,0,135.088,264.523,7,1.000,1.000,0.000,0.118,268.421,133.333,102,52,38,39,142.484,32
2015,3,21,Oklahoma,Big 12,3,0,134.149,58.828,59,1.000,0.609,0.391,1.025,269.565,135.417,124,65,46,48,-52.446,96
2015,3,22,Utah,Pac-12,3,0,129.040,246.525,9,1.000,0.888,0.112,0.378,281.818,152.778,93,55,33,36,108.214,39
2015,3,24,Michigan,Big Ten,2,1,125.869,224.590,17,0.667,1.000,-0.333,-0.655,228.571,102.703,80,38,35,37,102.134,42
2015,3,25,Clemson,ACC,2,0,123.248,-569.178,125,1.000,0.000,1.000,2.436,210.345,87.097,61,27,29,31,-677.147,128
2015,3,26,Kansas State,Big 12,2,0,122.222,248.567,8,1.000,0.903,0.097,0.342,255.556,133.333,69,36,27,27,107.089,41
2015,3,28,Arizona,Pac-12,2,0,127.833,25.889,52,1.000,0.562,0.438,1.439,307.143,179.310,86,52,28,29,-101.364,115
2015,3,28,Memphis,American Athletic,2,0,112.808,-181.511,107,1.000,0.000,1.000,2.436,341.379,228.571,99,64,29,28,-274.295,114
2015,3,29,Middle Tennessee,Conference USA,1,1,105.801,83.542,53,0.500,0.866,-0.366,-0.729,251.515,145.714,83,51,33,35,86.009,45
2015,3,30,California,Pac-12,2,0,103.571,46.965,61,1.000,0.618,0.382,1.003,285.714,182.143,80,51,28,28,-55.507,97
2015,3,31,LSU,SEC,2,0,97.333,-314.698,116,1.000,0.000,1.000,2.436,264.000,166.667,66,40,25,24,-414.435,121
2015,3,31,Ohio,Mid-American,2,0,113.105,90.065,29,1.000,0.747,0.253,0.860,253.846,140.741,66,38,26,27,-34.480,90
2015,3,32,Alabama,SEC,2,1,96.733,236.012,11,0.667,0.942,-0.275,-0.520,259.524,162.791,109,70,42,43,132.639,34
2015,3,33,TCU,Big 12,2,0,95.936,55.236,60,1.000,0.628,0.372,0.980,282.143,186.207,79,54,28,29,-38.098,91
2015,3,34,Washington State,Pac-12,2,0,91.333,-199.860,108,1.000,0.142,0.858,2.106,283.333,192.000,68,48,24,25,-287.680,115
2015,3,35,Miami,ACC,2,0,81.868,103.295,46,1.000,0.711,0.289,0.789,285.714,203.846,80,53,28,26,8.370,75
2015,3,36,Stanford,Pac-12,2,1,77.540,244.407,10,0.667,0.856,-0.190,-0.321,236.364,158.824,78,54,33,34,170.669,22
2015,3,37,Michigan State,Big Ten,3,0,77.540,179.034,28,1.000,1.000,0.000,0.118,286.111,208.571,103,73,36,35,93.861,44
2015,3,38,Indiana,Big Ten,2,0,76.769,220.235,18,1.000,0.991,0.009,0.138,296.000,219.231,74,57,25,26,151.360,28
2015,3,39,Pittsburgh,ACC,1,1,70.356,63.642,58,0.500,0.608,-0.108,-0.131,218.182,147.826,48,34,22,23,-4.464,80
2015,3,40,Nebraska,Big Ten,1,2,69.280,139.653,38,0.333,0.987,-0.654,-1.398,259.524,190.244,109,78,42,41,85.626,46
2015,3,41,Duke,ACC,1,1,67.742,227.310,16,0.500,0.865,-0.365,-0.727,151.613,83.871,47,26,31,31,160.276,25
2015,3,42,Toledo,Mid-American,2,0,66.874,121.974,41,1.000,0.990,0.010,0.141,219.048,152.174,46,35,21,23,56.547,56
2015,3,43,Mississippi State,SEC,1,1,66.809,43.956,45,0.500,0.607,-0.107,-0.268,203.846,137.037,53,37,26,27,-21.978,81
2015,3,45,Louisiana,Sun Belt,0,1,-31.868,-15.934,45,0.000,0.457,-0.457,-1.341,253.846,285.714,33,40,13,14,15.934,32
2015,3,45,Northwestern,Big Ten,2,0,61.430,299.885,4,1.000,1.000,0.000,0.118,120.690,59.259,35,16,29,27,235.858,9
2015,3,45,Tennessee,SEC,1,1,62.601,94.963,26,0.500,0.739,-0.239,-0.681,259.375,196.774,83,61,32,31,27.917,49
2015,3,46,Temple,American Athletic,3,0,55.845,19.504,69,1.000,0.592,0.408,1.064,186.957,131.111,86,59,46,45,-38.962,93
2015,3,47,Iowa,Big Ten,2,0,55.303,94.628,48,1.000,0.975,0.025,0.176,241.667,186.364,58,41,24,22,43.504,63
2015,3,48,Syracuse,ACC,2,0,54.769,100.647,47,1.000,0.659,0.341,0.909,230.769,176.000,60,44,26,25,43.183,64
2015,3,49,Penn State,Big Ten,2,1,52.500,-30.662,81,0.667,0.400,0.267,0.736,162.500,110.000,65,44,40,40,-87.621,103
2015,3,50,Washington,Pac-12,1,1,44.000,188.633,24,0.500,0.830,-0.330,-0.647,176.000,132.000,44,33,25,25,143.882,29
2015,3,51,Arkansas,SEC,1,2,42.963,89.728,49,0.333,0.693,-0.360,-0.716,280.000,237.037,84,64,30,27,73.634,50
2015,3,52,BYU,FBS Independents,2,1,40.999,232.148,12,0.667,0.842,-0.176,-0.289,221.951,180.952,91,76,41,42,194.602,19
2015,3,53,Virginia Tech,ACC,1,1,37.097,77.758,54,0.500,0.758,-0.258,-0.480,250.000,212.903,75,66,30,31,53.257,59
2015,3,54,Missouri,SEC,2,0,35.714,11.735,70,1.000,0.538,0.462,1.188,128.571,92.857,36,26,28,28,-20.397,88
2015,3,55,Buffalo,Mid-American,1,1,32.373,-58.454,87,0.500,0.274,0.226,0.643,167.857,135.484,47,42,28,31,-76.787,101
2015,3,56,Illinois,Big Ten,1,1,30.760,23.538,64,0.500,0.589,-0.089,-0.087,212.903,182.143,66,51,31,28,67.955,52
2015,3,57,Tulsa,American Athletic,2,1,28.842,-60.037,88,0.667,0.301,0.366,0.966,277.778,248.936,125,117,45,47,-92.165,104
2015,3,58,Air Force,Mountain West,1,1,19.928,23.469,65,0.500,0.536,-0.036,0.034,241.667,221.739,58,51,24,23,22.245,69
2015,3,59,Arizona State,Pac-12,1,1,15.161,-16.984,77,0.500,0.027,0.473,1.216,170.000,154.839,51,48,30,31,-50.275,95
2015,3,59,Houston,American Athletic,1,0,5.238,-27.114,80,1.000,0.376,0.624,2.022,226.667,221.429,34,31,15,14,-32.352,88
2015,3,60,Kentucky,SEC,2,1,11.190,176.781,29,0.667,0.823,-0.156,-0.244,208.333,197.143,75,69,36,35,169.188,23
2015,3,61,Marshall,Conference USA,1,1,2.258,16.732,54,0.500,0.600,-0.100,-0.245,170.000,167.742,51,52,30,31,13.607,58
2015,3,62,UConn,American Athletic,1,1,3.557,-5.854,75,0.500,0.452,0.048,0.230,121.739,118.182,28,26,23,22,-16.431,87
2015,3,63,Northern Illinois,Mid-American,1,1,3.333,144.175,37,0.500,0.983,-0.483,-1.001,170.000,166.667,51,50,30,30,133.994,33
2015,3,65,Maryland,Big Ten,1,1,-2.709,-300.412,115,0.500,0.000,0.500,1.277,221.429,224.138,62,65,28,29,-309.643,118
2015,3,66,Eastern Michigan,Mid-American,1,2,-3.363,-246.796,112,0.333,0.135,0.198,0.578,260.526,263.889,99,95,38,36,-244.815,113
2015,3,67,Minnesota,Big Ten,2,1,-4.941,3.502,72,0.667,0.521,0.146,0.457,108.696,113.636,50,50,46,44,8.743,74
2015,3,68,Cincinnati,American Athletic,1,1,-6.129,-37.471,83,0.500,0.422,0.078,0.299,210.000,216.129,63,67,30,31,-27.807,90
2015,3,69,Western Kentucky,Conference USA,2,1,-7.069,215.503,19,0.667,0.820,-0.154,-0.238,230.769,237.838,90,88,39,37,221.395,13
2015,3,70,Louisiana Tech,Conference USA,0,2,-21.398,212.333,20,0.000,0.999,-0.999,-2.197,236.667,258.065,71,80,30,31,232.035,10
2015,3,71,Texas,Big 12,1,2,-23.509,45.830,62,0.333,0.606,-0.273,-0.515,247.222,270.732,89,111,36,41,45.512,61
2015,3,72,Colorado State,Mountain West,0,2,-24.731,43.000,63,0.000,0.625,-0.625,-1.331,141.935,166.667,44,50,31,30,69.956,51
2015,3,73,Bowling Green,Mid-American,1,2,-25.000,-180.412,105,0.333,0.270,0.064,0.265,270.455,295.455,119,130,44,44,-158.556,109
2015,3,73,UL Monroe,Sun Belt,0,1,-308.333,-116.667,75,0.000,0.199,-0.199,-0.584,116.667,425.000,14,51,12,12,116.667,2
2015,3,74,Army,FBS Independents,0,2,-29.654,-44.596,85,0.000,0.415,-0.415,-0.843,147.619,177.273,31,39,21,22,-12.399,85
2015,3,75,Boise State,Mountain West,1,1,-44.444,-2.298,63,0.500,0.493,0.007,0.089,133.333,177.778,40,48,30,27,40.559,38
2015,3,76,Louisville,ACC,0,3,-33.333,-590.607,127,0.000,0.000,-0.000,0.118,184.615,217.949,72,85,39,39,-551.112,125
2015,3,77,Oregon State,Pac-12,1,1,-38.462,-12.269,76,0.500,0.479,0.021,0.168,161.538,200.000,42,56,26,28,45.023,62
2015,3,78,Georgia Southern,Sun Belt,1,1,-58.598,36.952,49,0.500,0.601,-0.101,-0.248,159.259,217.857,43,61,27,28,30.286,45
2015,3,79,Central Michigan,Mid-American,0,2,-47.692,105.311,45,0.000,1.000,-1.000,-2.200,160.000,207.692,40,54,25,26,154.441,26
2015,3,80,Florida International,Conference USA,1,1,-62.963,-119.216,112,0.500,0.173,0.327,1.091,137.037,200.000,37,50,27,25,-62.842,103
2015,3,80,Wake Forest,ACC,1,1,-49.638,-18.944,78,0.500,0.033,0.467,1.200,141.667,191.304,34,44,24,23,28.025,67
2015,3,81,Auburn,SEC,1,1,-52.381,-498.789,123,0.500,0.029,0.471,1.209,247.619,300.000,52,69,21,23,-452.652,123
2015,3,82,Southern Miss,Conference USA,1,1,-53.968,-477.335,122,0.500,0.000,0.500,1.277,257.143,311.111,72,84,28,27,-425.137,122
2015,3,83,Vanderbilt,SEC,0,2,-83.704,-22.029,74,0.000,0.361,-0.361,-1.061,96.296,180.000,26,45,27,25,64.317,28
2015,3,85,Rice,Conference USA,1,1,-76.154,-174.952,104,0.500,0.163,0.337,0.900,253.846,330.000,66,66,26,20,-103.285,105
2015,3,87,Iowa State,Big 12,0,2,-84.000,23.365,66,0.000,0.545,-0.545,-1.144,160.000,244.000,40,61,25,25,108.301,38
2015,3,88,SMU,American Athletic,1,2,-94.737,-79.697,96,0.333,0.307,0.027,0.180,234.211,328.947,89,125,38,38,-10.022,84
2015,3,89,South Alabama,Sun Belt,1,1,-95.857,-78.565,95,0.500,0.337,0.163,0.497,172.000,267.857,43,75,25,28,-8.595,83
2015,3,89,UCF,American Athletic,0,2,-100.362,-116.944,109,0.000,0.098,-0.098,-0.240,91.304,191.667,21,46,23,24,-18.080,78
2015,3,90,Georgia State,Sun Belt,1,2,-97.930,-71.881,92,0.333,0.132,0.201,0.584,178.261,276.190,82,116,46,42,20.677,70
2015,3,91,Utah State,Mountain West,0,2,-98.221,120.231,42,0.000,0.989,-0.989,-2.175,140.909,239.130,31,55,22,23,217.579,14
2015,3,92,Ball State,Mid-American,1,1,-100.167,-159.542,103,0.500,0.000,0.500,1.277,204.000,304.167,51,73,25,24,-67.467,99
2015,3,92,Virginia,ACC,0,2,-116.486,40.447,47,0.000,0.576,-0.576,-1.735,179.167,295.652,43,68,24,23,160.086,1
2015,3,94,Old Dominion,Conference USA,1,1,-105.043,-223.458,110,0.500,0.005,0.495,1.265,208.000,313.043,52,72,25,23,-113.551,106
2015,3,95,South Carolina,SEC,1,2,-110.846,174.537,30,0.333,0.998,-0.665,-1.423,173.529,284.375,59,91,34,32,268.375,6
2015,3,96,Rutgers,Big Ten,0,2,-112.000,-223.915,111,0.000,0.021,-0.021,0.070,148.000,260.000,37,65,25,25,-115.261,107
2015,3,97,Florida Atlantic,Conference USA,0,3,-113.733,-122.912,100,0.000,0.199,-0.199,-0.344,168.085,281.818,79,124,47,44,-5.065,81
2015,3,99,New Mexico State,Sun Belt,0,3,-118.162,-61.389,89,0.000,0.393,-0.393,-0.792,219.048,337.209,92,145,42,43,16.438,71
2015,3,99,Western Michigan,Mid-American,0,2,-156.000,-163.048,120,0.000,0.120,-0.120,-0.309,164.000,320.000,41,80,25,25,-8.881,71
2015,3,100,Massachusetts,Mid-American,0,2,-123.978,-48.753,86,0.000,0.365,-0.365,-0.729,119.355,243.333,37,73,31,30,77.957,49
2015,3,101,Purdue,Big Ten,0,2,-130.108,-89.326,98,0.000,0.320,-0.320,-0.624,166.667,296.774,55,92,33,31,39.253,66
2015,3,102,North Texas,Conference USA,0,2,-131.818,-252.400,113,0.000,0.013,-0.013,0.088,168.182,300.000,37,69,22,23,-127.324,108
2015,3,103,East Carolina,American Athletic,0,2,-136.667,126.687,40,0.000,0.709,-0.709,-1.526,180.000,316.667,45,76,25,24,277.401,3
2015,3,104,Wyoming,Mountain West,0,2,-136.833,-351.446,118,0.000,0.000,-0.000,0.118,179.167,316.000,43,79,24,25,-223.328,112
2015,3,105,San Diego State,Mountain West,0,2,-138.314,-156.844,102,0.000,0.022,-0.022,0.066,117.241,255.556,34,69,29,27,-15.800,86
2015,3,106,San José State,Mountain West,0,2,-139.080,-134.544,101,0.000,0.000,-0.000,0.118,127.586,266.667,37,72,29,27,5.600,77
2015,3,107,Arkansas State,Sun Belt,0,2,-183.266,-61.681,91,0.000,0.363,-0.363,-1.068,81.250,264.516,26,82,32,31,51.714,33
2015,3,107,Boston College,ACC,0,1,-140.000,-436.016,120,0.000,0.015,-0.015,0.084,0.000,140.000,0,14,11,10,-296.016,116
2015,3,108,Akron,Mid-American,0,2,-205.026,-40.380,84,0.000,0.360,-0.360,-1.059,35.714,240.741,10,65,28,27,124.412,8
2015,3,108,South Florida,American Athletic,0,2,-140.741,-438.874,121,0.000,0.052,-0.052,-0.002,114.815,255.556,31,69,27,27,-298.214,117
2015,3,109,Kansas,Big 12,0,1,-213.333,-93.333,102,0.000,0.262,-0.262,-0.753,153.333,366.667,23,55,15,15,93.333,22
2015,3,109,Nevada,Mountain West,0,2,-151.835,-43.665,84,0.000,0.011,-0.011,0.094,151.613,303.448,47,88,31,29,109.103,37
2015,3,110,App State,Sun Belt,0,1,-214.510,-97.255,103,0.000,0.205,-0.205,-0.573,58.824,273.333,10,41,17,15,97.255,20
2015,3,111,Kent State,Mid-American,0,2,-159.267,-72.008,93,0.000,0.225,-0.225,-0.404,34.483,193.750,10,62,29,32,13.520,72
2015,3,112,UNLV,Mountain West,0,3,-162.262,72.147,55,0.000,0.637,-0.637,-1.358,95.238,257.500,40,103,42,40,215.128,15
2015,3,113,Charlotte,Conference USA,1,1,-172.995,-63.994,90,0.500,0.341,0.159,0.486,108.824,281.818,37,93,34,33,5.830,76
2015,3,114,Hawai'i,Mountain West,1,1,-230.769,-100.733,104,0.500,0.007,0.493,1.613,215.385,446.154,28,58,13,13,114.652,13
2015,3,114,New Mexico,Mountain West,0,2,-173.901,-212.412,109,0.000,0.141,-0.141,-0.208,110.714,284.615,31,74,28,26,-38.511,92
2015,3,116,Miami (OH),Mid-American,0,2,-184.754,-75.118,94,0.000,0.147,-0.147,-0.222,103.125,287.879,33,95,32,33,24.147,68
2015,3,117,Idaho,Sun Belt,0,2,-285.333,-85.693,99,0.000,0.338,-0.338,-0.991,148.000,433.333,37,104,25,24,109.879,15
2015,3,117,UTEP,Conference USA,1,2,-187.179,-66.921,91,0.333,0.281,0.052,0.239,212.821,400.000,83,164,39,41,64.729,54
2015,3,118,Texas State,Sun Belt,0,2,-190.212,-520.192,124,0.000,0.044,-0.044,0.017,235.714,425.926,66,115,28,27,-386.676,119
2015,3,121,Tulane,American Athletic,0,2,-312.393,-138.889,116,0.000,0.196,-0.196,-0.545,65.385,377.778,17,102,26,27,69.444,27
2015,3,123,Troy,Sun Belt,0,2,-234.783,-181.326,106,0.000,0.056,-0.056,-0.011,100.000,334.783,24,77,24,23,52.730,60
2015,3,124,UTSA,Conference USA,0,3,-254.386,1.846,73,0.000,0.516,-0.516,-1.079,116.667,371.053,49,141,42,38,187.715,20
2015,3,128,Fresno State,Mountain West,0,2,-357.871,-20.180,80,0.000,0.440,-0.440,-0.902,155.172,513.043,45,118,29,23,237.567,8
2015,4,1,Baylor,Big 12,2,0,363.259,148.993,11,1.000,0.879,0.121,0.509,504.000,140.741,126,38,25,27,-86.767,114
2015,4,2,West Virginia,Big 12,2,0,275.977,176.284,7,1.000,0.996,0.004,0.086,296.667,20.690,89,6,30,29,-10.383,79
2015,4,3,NC State,ACC,3,0,268.421,31.575,55,1.000,0.583,0.417,1.569,394.737,126.316,150,48,38,38,-180.768,126
2015,4,4,Georgia,SEC,3,0,259.780,420.426,2,1.000,0.942,0.058,0.252,382.857,123.077,134,48,35,39,197.749,17
2015,4,5,USC,Pac-12,3,1,234.591,85.065,33,0.750,0.708,0.042,0.225,366.667,132.075,187,70,51,53,-45.470,100
2015,4,7,Wisconsin,Big Ten,3,1,193.750,60.113,50,0.750,0.706,0.044,0.230,272.917,79.167,131,38,48,48,-79.319,111
2015,4,8,Navy,American Athletic,2,0,189.211,186.643,5,1.000,0.807,0.193,0.765,384.211,195.000,73,39,19,20,1.087,73
2015,4,9,Florida State,ACC,3,0,212.266,-296.016,114,1.000,0.000,1.000,2.436,289.189,76.923,107,30,37,39,-465.027,124
2015,4,9,Houston,American Athletic,2,0,183.730,102.555,21,1.000,0.795,0.205,0.811,344.444,160.714,93,45,27,28,-25.064,89
2015,4,10,Utah,Pac-12,4,0,179.787,205.710,3,1.000,0.926,0.074,0.341,329.787,150.000,155,75,47,50,51.977,30
2015,4,11,Oklahoma State,Big 12,3,0,178.929,92.840,25,1.000,0.782,0.218,0.855,307.500,128.571,123,54,40,42,-12.462,81
2015,4,12,Notre Dame,FBS Independents,4,0,171.748,157.650,9,1.000,0.918,0.082,0.367,315.385,143.636,164,79,52,55,10.094,61
2015,4,13,Iowa,Big Ten,3,0,161.735,69.759,41,1.000,0.693,0.307,1.177,315.789,154.054,120,57,38,37,-33.530,93
2015,4,14,Ohio State,Big Ten,4,0,160.464,83.321,36,1.000,0.797,0.203,0.801,246.429,85.965,138,49,56,57,-69.051,108
2015,4,15,UCLA,Pac-12,4,0,160.229,182.999,6,1.000,0.954,0.046,0.240,296.078,135.849,151,72,51,53,39.342,41
2015,4,16,North Carolina,ACC,1,1,148.106,207.918,22,0.500,0.895,-0.395,-0.798,277.273,129.167,61,31,22,24,99.037,43
2015,4,16,Texas A&M,SEC,4,0,159.231,101.926,22,1.000,0.721,0.279,1.075,319.231,160.000,166,88,52,55,-48.685,103
2015,4,17,Michigan,Big Ten,3,1,158.619,237.416,2,0.750,0.999,-0.249,-0.819,236.170,77.551,111,38,47,49,87.241,14
2015,4,18,Ole Miss,SEC,3,0,156.368,139.812,12,1.000,0.814,0.186,0.742,332.558,176.190,143,74,43,42,36.090,42
2015,4,19,Colorado,Pac-12,2,1,135.556,136.409,39,0.667,0.857,-0.191,-0.324,380.000,244.444,95,66,25,27,-2.876,79
2015,4,20,Texas Tech,Big 12,2,1,139.474,73.264,39,0.667,0.659,0.008,0.100,400.000,260.526,156,99,39,38,-14.302,82
2015,4,21,Oklahoma,Big 12,3,0,134.149,58.828,59,1.000,0.609,0.391,1.025,269.565,135.417,124,65,46,48,-52.446,96
2015,4,23,Toledo,Mid-American,3,0,126.617,87.934,30,1.000,0.764,0.236,0.920,237.143,110.526,83,42,35,38,-23.462,87
2015,4,24,Alabama,SEC,3,1,123.729,170.174,8,0.750,0.898,-0.148,-0.456,242.373,118.644,143,70,59,59,51.468,32
2015,4,25,Clemson,ACC,2,0,123.248,-569.178,125,1.000,0.000,1.000,2.436,210.345,87.097,61,27,29,31,-677.147,128
2015,4,26,Florida,SEC,4,0,122.360,68.017,44,1.000,0.741,0.259,1.001,262.745,140.385,134,73,51,52,-14.473,83
2015,4,26,Kansas State,Big 12,2,0,122.222,248.567,8,1.000,0.903,0.097,0.342,255.556,133.333,69,36,27,27,107.089,41
2015,4,28,Michigan State,Big Ten,4,0,100.494,104.956,20,1.000,0.770,0.230,0.900,289.130,188.636,133,83,46,44,-6.146,76
2015,4,29,LSU,SEC,3,0,100.000,204.950,4,1.000,0.909,0.091,0.399,277.778,177.778,100,64,36,36,102.095,9
2015,4,30,Stanford,Pac-12,3,1,94.912,123.707,16,0.750,0.793,-0.043,-0.081,260.870,165.957,120,78,46,47,33.788,46
2015,4,31,Memphis,American Athletic,3,0,93.333,-50.576,86,1.000,0.377,0.623,2.310,337.778,244.444,152,110,45,45,-132.653,122
2015,4,34,Washington State,Pac-12,2,0,91.333,-199.860,108,1.000,0.142,0.858,2.106,283.333,192.000,68,48,24,25,-287.680,115
2015,4,34,Western Kentucky,Conference USA,3,1,80.769,79.480,37,0.750,0.694,0.056,0.274,280.769,200.000,146,102,52,51,28.130,50
2015,4,35,California,Pac-12,3,0,78.978,69.486,42,1.000,0.690,0.310,1.186,261.905,182.927,110,75,42,41,-8.719,77
2015,4,35,Miami,ACC,2,0,81.868,103.295,46,1.000,0.711,0.289,0.789,285.714,203.846,80,53,28,26,8.370,75
2015,4,36,Georgia Tech,ACC,1,2,78.571,65.614,45,0.333,0.683,-0.350,-1.182,254.762,176.190,107,74,42,42,36.050,43
2015,4,37,TCU,Big 12,3,0,78.139,84.062,34,1.000,0.689,0.311,1.190,319.048,240.909,134,106,42,44,6.442,65
2015,4,38,Duke,ACC,2,1,74.468,84.019,35,0.667,0.782,-0.116,-0.342,172.340,97.872,81,46,47,47,10.162,60
2015,4,39,Indiana,Big Ten,3,0,73.816,77.842,38,1.000,0.665,0.335,1.277,276.316,202.500,105,81,38,40,9.581,62
2015,4,39,Pittsburgh,ACC,1,1,70.356,63.642,58,0.500,0.608,-0.108,-0.131,218.182,147.826,48,34,22,23,-4.464,80
2015,4,40,Penn State,Big Ten,3,1,72.817,-37.092,84,0.750,0.368,0.382,1.443,188.889,116.071,102,65,54,56,-113.071,119
2015,4,41,Boise State,Mountain West,2,1,72.424,111.227,19,0.667,0.895,-0.228,-0.745,213.333,140.909,96,62,45,44,73.916,21
2015,4,42,Nebraska,Big Ten,2,2,70.909,62.425,47,0.500,0.722,-0.222,-0.723,263.636,192.727,145,106,55,55,2.674,71
2015,4,44,Ohio,Mid-American,2,1,69.444,-9.132,70,0.667,0.480,0.187,0.745,250.000,180.556,90,65,36,36,-72.163,110
2015,4,45,Middle Tennessee,Conference USA,1,2,65.816,-20.201,77,0.333,0.433,-0.100,-0.285,225.000,159.184,108,78,48,49,-9.827,78
2015,4,46,Mississippi State,SEC,2,1,64.865,154.743,10,0.667,0.994,-0.327,-1.101,189.189,124.324,70,46,37,37,89.272,13
2015,4,46,Temple,American Athletic,3,0,55.845,19.504,69,1.000,0.592,0.408,1.064,186.957,131.111,86,59,46,45,-38.962,93
2015,4,47,App State,Sun Belt,1,1,57.020,-23.880,79,0.500,0.411,0.089,0.393,203.448,146.429,59,41,29,28,-43.292,99
2015,4,49,Northwestern,Big Ten,3,0,50.758,98.390,24,1.000,0.911,0.089,0.392,134.091,83.333,59,35,44,42,44.595,38
2015,4,50,Army,FBS Independents,1,2,49.109,-31.548,82,0.333,0.431,-0.097,-0.276,269.697,220.588,89,75,33,34,-71.194,109
2015,4,51,Tennessee,SEC,1,2,42.172,89.316,29,0.333,0.731,-0.398,-1.353,244.444,202.273,110,89,45,44,47.182,35
2015,4,52,Illinois,Big Ten,2,1,29.922,-18.456,76,0.667,0.441,0.226,0.884,206.667,176.744,93,76,45,43,2.425,72
2015,4,54,Arizona,Pac-12,2,1,25.784,26.469,59,0.667,0.555,0.112,0.475,282.927,257.143,116,108,41,42,8.300,63
2015,4,55,Kentucky,SEC,3,1,22.332,28.956,57,0.750,0.595,0.155,0.628,208.696,186.364,96,82,46,44,6.873,64
2015,4,56,Marshall,Conference USA,2,1,21.170,-70.247,93,0.667,0.223,0.443,1.664,174.000,152.830,87,81,50,53,-88.391,116
2015,4,57,Arkansas,SEC,1,3,20.582,27.555,58,0.250,0.580,-0.330,-1.112,269.231,248.649,105,92,39,37,27.151,51
2015,4,57,Tulsa,American Athletic,2,1,28.842,-60.037,88,0.667,0.301,0.366,0.966,277.778,248.936,125,117,45,47,-92.165,104
2015,4,58,Air Force,Mountain West,1,1,19.928,23.469,65,0.500,0.536,-0.036,0.034,241.667,221.739,58,51,24,23,22.245,69
2015,4,58,Buffalo,Mid-American,1,2,20.000,-76.387,95,0.333,0.279,0.055,0.270,170.000,150.000,68,66,40,44,-85.404,113
2015,4,60,Washington,Pac-12,1,2,17.409,98.421,23,0.333,0.783,-0.449,-1.539,178.947,161.538,68,63,38,39,78.477,18
2015,4,61,Virginia Tech,ACC,1,2,9.989,-27.265,80,0.333,0.429,-0.095,-0.269,239.535,229.545,103,101,43,44,-25.650,90
2015,4,62,Georgia Southern,Sun Belt,2,1,9.808,31.788,54,0.667,0.592,0.075,0.342,217.500,207.692,87,81,40,39,-24.871,88
2015,4,63,Missouri,SEC,2,1,8.748,-18.428,75,0.667,0.440,0.226,0.886,132.432,123.684,49,47,37,38,-17.997,85
2015,4,64,Oregon,Pac-12,1,2,4.487,63.339,46,0.333,0.658,-0.324,-1.091,279.487,275.000,109,121,39,44,40.781,40
2015,4,65,Syracuse,ACC,2,1,4.386,61.190,48,0.667,0.648,0.019,0.140,221.053,216.667,84,78,38,36,59.244,26
2015,4,66,Minnesota,Big Ten,3,1,2.963,0.447,66,0.750,0.502,0.248,0.962,140.000,137.037,77,74,55,54,-10.622,80
2015,4,67,Louisiana Tech,Conference USA,1,2,2.381,72.281,40,0.333,0.674,-0.340,-1.148,233.333,230.952,98,97,42,42,61.931,24
2015,4,68,Northern Illinois,Mid-American,1,2,-1.162,31.243,56,0.333,0.594,-0.261,-0.863,147.727,148.889,65,67,44,45,28.900,48
2015,4,69,Bowling Green,Mid-American,2,2,-7.273,-42.322,85,0.500,0.399,0.101,0.438,280.000,287.273,154,158,55,55,-41.839,98
2015,4,70,Colorado State,Mountain West,1,2,-18.491,-14.920,73,0.333,0.461,-0.128,-0.386,179.070,197.561,77,81,43,41,5.323,66
2015,4,71,Texas,Big 12,1,3,-19.629,48.796,53,0.250,0.627,-0.377,-1.280,236.735,256.364,116,141,49,55,50.207,34
2015,4,72,Cincinnati,American Athletic,1,2,-23.404,-87.775,100,0.333,0.308,0.026,0.166,231.915,255.319,109,120,47,47,-61.112,104
2015,4,73,BYU,FBS Independents,2,2,-26.450,118.343,17,0.500,0.784,-0.284,-0.944,171.698,198.148,91,107,53,54,148.517,6
2015,4,75,San José State,Mountain West,1,2,-33.834,-56.058,90,0.333,0.324,0.010,0.108,209.756,243.590,86,95,41,39,-34.851,95
2015,4,76,Louisville,ACC,0,3,-33.333,-590.607,127,0.000,0.000,-0.000,0.118,184.615,217.949,72,85,39,39,-551.112,125
2015,4,76,UConn,American Athletic,1,2,-34.800,8.903,63,0.333,0.553,-0.220,-0.716,139.394,174.194,46,54,33,31,45.556,37
2015,4,77,South Carolina,SEC,2,2,-37.681,60.644,49,0.500,0.681,-0.181,-0.574,195.652,233.333,90,105,46,45,93.363,12
2015,4,78,Rutgers,Big Ten,1,2,-47.937,-193.026,123,0.333,0.077,0.256,0.994,177.778,225.714,64,79,36,35,-155.742,124
2015,4,79,Eastern Michigan,Mid-American,1,3,-48.750,-204.657,124,0.250,0.125,0.125,0.521,270.000,318.750,135,153,50,48,-157.337,125
2015,4,80,Boston College,ACC,1,1,-51.282,-4.193,67,0.500,0.475,0.025,0.162,65.385,116.667,17,28,26,24,59.141,27
2015,4,81,Arizona State,Pac-12,1,2,-53.383,-67.049,92,0.333,0.237,0.096,0.418,151.163,204.545,65,90,43,44,-17.448,84
2015,4,82,Wake Forest,ACC,1,2,-55.702,-17.830,74,0.333,0.401,-0.068,-0.170,152.632,208.333,58,75,38,36,35.828,45
2015,4,83,Auburn,SEC,1,2,-56.167,90.352,28,0.333,0.717,-0.383,-1.302,196.774,252.941,61,86,31,34,142.625,7
2015,4,84,Florida Atlantic,Conference USA,1,3,-60.244,-137.817,110,0.250,0.102,0.148,0.606,147.692,207.937,96,131,65,63,-63.832,105
2015,4,85,Southern Miss,Conference USA,1,2,-61.905,-27.486,81,0.333,0.443,-0.109,-0.319,238.095,300.000,100,120,42,40,32.953,47
2015,4,86,Florida International,Conference USA,1,2,-66.003,-32.907,83,0.333,0.360,-0.027,-0.023,142.105,208.108,54,77,38,37,28.160,49
2015,4,87,Iowa State,Big 12,0,2,-84.000,23.365,66,0.000,0.545,-0.545,-1.144,160.000,244.000,40,61,25,25,108.301,38
2015,4,87,Oregon State,Pac-12,1,2,-69.794,17.340,62,0.333,0.548,-0.215,-0.697,169.231,239.024,66,98,39,41,101.688,10
2015,4,88,East Carolina,American Athletic,1,2,-70.555,-6.729,69,0.333,0.481,-0.147,-0.455,210.526,281.081,80,104,38,37,75.798,19
2015,4,88,SMU,American Athletic,1,2,-94.737,-79.697,96,0.333,0.307,0.027,0.180,234.211,328.947,89,125,38,38,-10.022,84
2015,4,89,Ball State,Mid-American,1,2,-73.718,-73.941,94,0.333,0.283,0.050,0.253,175.000,248.718,70,97,40,39,-1.447,74
2015,4,90,Georgia State,Sun Belt,1,2,-97.930,-71.881,92,0.333,0.132,0.201,0.584,178.261,276.190,82,116,46,42,20.677,70
2015,4,90,Vanderbilt,SEC,0,3,-79.615,85.660,32,0.000,0.941,-0.941,-3.302,105.000,184.615,42,72,40,39,166.484,2
2015,4,91,Louisiana,Sun Belt,0,2,-81.944,-82.740,99,0.000,0.326,-0.326,-1.098,195.833,277.778,47,75,24,27,4.173,68
2015,4,91,Utah State,Mountain West,0,2,-98.221,120.231,42,0.000,0.989,-0.989,-2.175,140.909,239.130,31,55,22,23,217.579,14
2015,4,93,Central Michigan,Mid-American,0,3,-86.275,-9.388,71,0.000,0.467,-0.467,-1.602,147.059,233.333,50,84,34,36,86.329,15
2015,4,94,Maryland,Big Ten,1,2,-91.860,-52.553,87,0.333,0.347,-0.013,0.026,158.140,250.000,68,110,43,44,3.515,70
2015,4,97,Akron,Mid-American,1,2,-98.139,-20.611,78,0.333,0.393,-0.059,-0.140,109.756,207.895,45,79,41,38,41.931,39
2015,4,99,New Mexico,Mountain West,1,2,-100.128,-239.336,126,0.333,0.038,0.295,1.134,168.293,268.421,69,102,41,38,-143.060,123
2015,4,99,New Mexico State,Sun Belt,0,3,-118.162,-61.389,89,0.000,0.393,-0.393,-0.792,219.048,337.209,92,145,42,43,16.438,71
2015,4,100,Nevada,Mountain West,1,2,-104.490,-81.304,98,0.333,0.214,0.120,0.503,161.364,265.854,71,109,44,41,17.336,56
2015,4,101,Wyoming,Mountain West,0,3,-110.673,-307.158,128,0.000,0.014,-0.014,0.024,197.222,307.895,71,117,36,38,-202.088,127
2015,4,102,Kent State,Mid-American,0,3,-111.991,-102.497,102,0.000,0.158,-0.158,-0.493,76.471,188.462,39,98,51,52,-29.419,92
2015,4,103,Purdue,Big Ten,0,3,-113.745,-153.542,113,0.000,0.164,-0.164,-0.514,188.636,302.381,83,127,44,42,-46.611,101
2015,4,104,UCF,American Athletic,0,3,-116.667,-65.642,91,0.000,0.272,-0.272,-0.901,97.222,213.889,35,77,36,36,50.481,33
2015,4,106,Charlotte,Conference USA,1,2,-132.667,-181.197,119,0.333,0.017,0.316,1.207,83.019,215.686,44,110,53,51,-115.447,120
2015,4,107,San Diego State,Mountain West,0,3,-136.314,-173.373,117,0.000,0.087,-0.087,-0.238,122.222,258.537,55,106,45,41,-34.998,96
2015,4,108,South Florida,American Athletic,0,2,-140.741,-438.874,121,0.000,0.052,-0.052,-0.002,114.815,255.556,31,69,27,27,-298.214,117
2015,4,110,Kansas,Big 12,0,2,-167.385,-267.862,127,0.000,0.015,-0.015,0.020,148.000,315.385,37,82,25,26,-121.801,121
2015,4,111,Massachusetts,Mid-American,0,3,-170.648,-79.019,97,0.000,0.320,-0.320,-1.075,136.170,306.818,64,135,47,44,80.157,16
2015,4,112,UNLV,Mountain West,0,3,-162.262,72.147,55,0.000,0.637,-0.637,-1.358,95.238,257.500,40,103,42,40,215.128,15
2015,4,112,Western Michigan,Mid-American,0,3,-179.445,-104.209,103,0.000,0.248,-0.248,-0.818,139.474,318.919,53,118,38,37,73.355,22
2015,4,113,South Alabama,Sun Belt,1,2,-181.203,-137.390,109,0.333,0.148,0.185,0.738,147.368,328.571,56,138,38,42,-26.458,91
2015,4,115,Virginia,ACC,0,3,-187.291,4.984,65,0.000,0.512,-0.512,-1.763,139.024,326.316,57,124,41,38,150.625,4
2015,4,116,Arkansas State,Sun Belt,0,3,-194.232,-91.850,101,0.000,0.157,-0.157,-0.489,70.213,264.444,33,119,47,45,51.524,31
2015,4,117,UTEP,Conference USA,1,2,-187.179,-66.921,91,0.333,0.281,0.052,0.239,212.821,400.000,83,164,39,41,64.729,54
2015,4,117,UTSA,Conference USA,0,4,-197.057,-76.795,96,0.000,0.281,-0.281,-0.936,150.943,348.000,80,174,53,50,60.902,25
2015,4,118,Rice,Conference USA,1,2,-204.621,-119.150,105,0.333,0.250,0.084,0.373,207.500,412.121,83,136,40,33,3.536,69
2015,4,119,Old Dominion,Conference USA,1,2,-208.872,-216.703,125,0.333,0.040,0.294,1.127,136.842,345.714,52,121,38,35,-65.654,106
2015,4,120,North Texas,Conference USA,0,3,-210.811,-187.182,120,0.000,0.057,-0.057,-0.130,143.243,354.054,53,131,37,37,-34.592,94
2015,4,121,Miami (OH),Mid-American,0,3,-226.087,-123.263,106,0.000,0.093,-0.093,-0.262,102.174,328.261,47,151,46,46,17.273,57
2015,4,121,Tulane,American Athletic,0,2,-312.393,-138.889,116,0.000,0.196,-0.196,-0.545,65.385,377.778,17,102,26,27,69.444,27
2015,4,123,Idaho,Sun Belt,0,3,-241.667,-146.688,111,0.000,0.144,-0.144,-0.442,158.333,400.000,57,148,36,37,35.907,44
2015,4,123,Troy,Sun Belt,0,2,-234.783,-181.326,106,0.000,0.056,-0.056,-0.011,100.000,334.783,24,77,24,23,52.730,60
2015,4,124,UL Monroe,Sun Belt,0,2,-243.103,26.148,60,0.000,0.653,-0.653,-2.270,50.000,293.103,14,85,28,29,225.167,1
2015,4,125,Hawai'i,Mountain West,1,2,-252.174,-175.975,118,0.333,0.050,0.284,1.091,121.739,373.913,28,86,23,23,71.717,23
2015,4,126,Texas State,Sun Belt,0,3,-255.678,-118.309,104,0.000,0.240,-0.240,-0.788,190.476,446.154,80,174,42,39,54.036,29
2015,4,127,Fresno State,Mountain West,0,3,-311.289,-147.566,112,0.000,0.204,-0.204,-0.658,165.854,477.143,68,167,41,35,96.488,11
2015,5,1,Baylor,Big 12,3,0,298.690,175.331,4,1.000,0.892,0.108,0.599,472.500,173.810,189,73,40,42,-44.065,105
2015,5,3,NC State,ACC,3,1,186.275,29.622,56,0.750,0.585,0.165,0.872,319.608,133.333,163,68,51,51,-116.174,128
2015,5,4,Navy,American Athletic,3,0,185.685,207.351,1,1.000,0.888,0.112,0.620,341.935,156.250,106,50,31,32,22.536,49
2015,5,5,Florida State,ACC,4,0,184.846,92.282,26,1.000,0.762,0.238,1.224,278.723,93.878,131,46,47,49,-54.476,111
2015,5,5,USC,Pac-12,3,1,234.591,85.065,33,0.750,0.708,0.042,0.225,366.667,132.075,187,70,51,53,-45.470,100
2015,5,7,Michigan,Big Ten,4,1,158.726,191.190,2,0.800,0.994,-0.194,-0.842,217.188,58.462,139,38,64,65,38.109,37
2015,5,8,North Carolina,ACC,2,1,151.787,142.344,13,0.667,0.819,-0.152,-0.643,319.355,167.568,99,62,31,37,8.503,64
2015,5,9,Houston,American Athletic,3,0,147.833,92.845,25,1.000,0.782,0.218,1.127,304.651,156.818,131,69,43,44,-21.401,88
2015,5,10,Texas A&M,SEC,5,0,147.127,166.199,6,1.000,0.835,0.165,0.874,301.538,154.412,196,105,65,68,25.710,45
2015,5,10,Utah,Pac-12,4,0,179.787,205.710,3,1.000,0.926,0.074,0.341,329.787,150.000,155,75,47,50,51.977,30
2015,5,11,Wisconsin,Big Ten,3,2,144.590,59.611,37,0.600,0.720,-0.120,-0.491,224.590,80.000,137,48,61,60,-44.499,107
2015,5,12,Stanford,Pac-12,4,1,143.224,147.933,9,0.800,0.849,-0.049,-0.151,307.018,163.793,175,95,57,58,25.089,46
2015,5,13,Boise State,Mountain West,3,1,141.909,53.783,41,0.750,0.732,0.018,0.171,243.548,101.639,151,62,62,61,-15.377,84
2015,5,14,Florida,SEC,5,0,141.058,128.326,15,1.000,0.911,0.089,0.508,268.750,127.692,172,83,64,65,19.257,52
2015,5,15,TCU,Big 12,4,0,140.238,106.545,21,1.000,0.773,0.227,1.169,328.571,188.333,184,113,56,60,-3.232,76
2015,5,16,Alabama,SEC,4,1,137.437,161.318,7,0.800,0.949,-0.149,-0.629,241.333,103.896,181,80,75,77,29.964,42
2015,5,17,Notre Dame,FBS Independents,4,1,136.748,124.463,16,0.800,0.853,-0.053,-0.167,281.818,145.070,186,103,66,71,4.989,67
2015,5,18,Ohio State,Big Ten,5,0,134.283,97.661,23,1.000,0.842,0.158,0.838,235.616,101.333,172,76,73,75,-34.237,96
2015,5,19,Oklahoma,Big 12,4,0,134.045,186.298,3,1.000,0.903,0.097,0.548,270.968,136.923,168,89,62,65,69.386,14
2015,5,20,Iowa,Big Ten,4,0,134.000,70.034,31,1.000,0.722,0.278,1.416,260.000,126.000,130,63,50,50,-16.728,86
2015,5,21,West Virginia,Big 12,2,1,129.314,152.025,8,0.667,0.965,-0.299,-1.344,240.426,111.111,113,50,47,45,72.188,10
2015,5,22,Oklahoma State,Big 12,4,0,129.091,71.831,30,1.000,0.698,0.302,1.528,289.091,160.000,159,88,55,55,-1.761,73
2015,5,23,LSU,SEC,4,0,127.216,143.220,11,1.000,0.840,0.160,0.851,306.383,179.167,144,86,47,48,11.912,61
2015,5,24,Toledo,Mid-American,4,0,126.486,114.103,19,1.000,0.860,0.140,0.755,232.609,106.122,107,52,46,49,-1.262,71
2015,5,25,Western Kentucky,Conference USA,4,1,118.737,46.406,46,0.800,0.630,0.170,0.899,291.045,172.308,195,112,67,65,-31.055,94
2015,5,26,Georgia,SEC,3,1,115.334,142.801,12,0.750,0.813,-0.063,-0.219,271.698,156.364,144,86,53,55,21.279,51
2015,5,27,Temple,American Athletic,4,0,105.172,33.780,54,1.000,0.621,0.379,1.895,212.069,106.897,123,62,58,58,-68.883,115
2015,5,28,UCLA,Pac-12,4,1,96.462,95.735,24,0.800,0.795,0.005,0.108,255.882,159.420,174,110,68,69,1.250,70
2015,5,29,App State,Sun Belt,2,1,96.429,-17.546,80,0.667,0.431,0.235,1.209,225.000,128.571,90,54,40,42,-93.474,125
2015,5,30,Northwestern,Big Ten,4,0,89.935,144.720,10,1.000,0.957,0.043,0.291,153.571,63.636,86,35,56,55,48.123,26
2015,5,31,Kansas State,Big 12,2,1,86.071,108.016,20,0.667,0.792,-0.126,-0.516,257.500,171.429,103,72,40,42,6.518,66
2015,5,32,Michigan State,Big Ten,5,0,84.975,69.380,32,1.000,0.686,0.314,1.586,270.690,185.714,157,104,58,56,-24.502,92
2015,5,33,Clemson,ACC,3,0,80.000,124.385,17,1.000,0.869,0.131,0.712,188.889,108.889,85,49,45,45,54.787,22
2015,5,34,Memphis,American Athletic,4,0,79.340,-2.577,71,1.000,0.493,0.507,2.506,298.305,218.966,176,127,59,58,-74.299,117
2015,5,35,California,Pac-12,4,0,75.926,36.286,51,1.000,0.596,0.404,2.017,266.667,190.741,144,103,54,54,-39.355,99
2015,5,36,Penn State,Big Ten,4,1,69.782,9.615,60,0.800,0.539,0.261,1.332,187.692,117.910,122,79,65,67,-62.078,114
2015,5,37,Ole Miss,SEC,3,1,69.578,40.385,47,0.750,0.596,0.154,0.820,273.214,203.636,153,112,56,55,16.439,56
2015,5,38,Duke,ACC,3,1,57.710,73.610,29,0.750,0.777,-0.027,-0.043,147.541,89.831,90,53,61,59,16.730,55
2015,5,39,Pittsburgh,ACC,2,1,56.891,90.971,27,0.667,0.765,-0.098,-0.386,191.176,134.286,65,47,34,35,34.456,40
2015,5,40,Nebraska,Big Ten,2,3,56.700,24.780,58,0.400,0.590,-0.190,-0.822,225.714,169.014,158,120,70,71,-22.854,91
2015,5,41,Ohio,Mid-American,3,1,52.837,5.621,62,0.750,0.515,0.235,1.208,216.667,163.830,104,77,48,47,-43.545,104
2015,5,42,Colorado,Pac-12,2,2,50.366,36.550,49,0.500,0.624,-0.124,-0.508,305.128,254.762,119,107,39,42,-22.339,90
2015,5,43,Louisiana Tech,Conference USA,2,2,49.968,48.637,42,0.500,0.636,-0.136,-0.568,251.786,201.818,141,111,56,55,-7.202,80
2015,5,44,Texas Tech,Big 12,2,2,48.043,65.483,33,0.500,0.633,-0.133,-0.552,353.704,305.660,191,162,54,53,46.475,28
2015,5,45,Marshall,Conference USA,3,1,47.848,-37.631,86,0.750,0.350,0.400,1.998,175.385,127.536,114,88,65,69,-85.301,122
2015,5,46,Georgia Southern,Sun Belt,3,1,45.777,47.705,43,0.750,0.629,0.121,0.661,265.385,219.608,138,112,52,51,-36.456,98
2015,5,47,Middle Tennessee,Conference USA,1,3,45.135,-22.018,83,0.250,0.436,-0.186,-0.806,198.361,153.226,121,95,61,62,-6.544,79
2015,5,48,Washington State,Pac-12,2,1,37.838,-63.749,94,0.667,0.322,0.344,1.731,259.459,221.622,96,82,37,37,-99.647,127
2015,5,49,Indiana,Big Ten,3,1,33.960,47.320,45,0.750,0.611,0.139,0.747,235.714,201.754,132,115,56,57,8.624,63
2015,5,50,Miami,ACC,2,1,33.720,-3.175,73,0.667,0.492,0.175,0.921,251.220,217.500,103,87,41,40,-44.479,106
2015,5,51,Missouri,SEC,3,1,33.333,27.731,57,0.750,0.613,0.137,0.740,152.083,118.750,73,57,48,48,-1.492,72
2015,5,52,Georgia Tech,ACC,1,3,31.301,31.145,55,0.250,0.586,-0.336,-1.521,250.909,219.608,138,112,55,51,54.912,21
2015,5,53,Tennessee,SEC,1,3,30.357,122.859,18,0.250,0.826,-0.576,-2.671,232.143,201.786,130,113,56,56,95.804,2
2015,5,54,Oregon,Pac-12,2,2,27.778,64.961,35,0.500,0.668,-0.168,-0.720,277.778,250.000,150,145,54,58,22.567,48
2015,5,55,Army,FBS Independents,1,3,22.980,-19.459,81,0.250,0.448,-0.198,-0.864,234.091,211.111,103,95,44,45,-35.558,97
2015,5,55,Kentucky,SEC,3,1,22.332,28.956,57,0.750,0.595,0.155,0.628,208.696,186.364,96,82,46,44,6.873,64
2015,5,57,Mississippi State,SEC,2,2,22.000,101.871,22,0.500,0.932,-0.432,-1.979,174.000,152.000,87,76,50,50,77.768,5
2015,5,58,Illinois,Big Ten,3,1,21.962,-1.430,68,0.750,0.494,0.256,1.308,175.410,153.448,107,89,61,58,14.023,60
2015,5,59,Arkansas,SEC,2,3,19.608,65.411,34,0.400,0.686,-0.286,-1.283,252.941,233.333,129,112,51,48,61.451,17
2015,5,60,Washington,Pac-12,1,2,17.409,98.421,23,0.333,0.783,-0.449,-1.539,178.947,161.538,68,63,38,39,78.477,18
2015,5,61,Southern Miss,Conference USA,2,2,13.217,-45.907,88,0.500,0.397,0.103,0.577,270.909,257.692,149,134,55,52,-52.180,110
2015,5,62,Buffalo,Mid-American,1,3,9.599,-51.585,90,0.250,0.341,-0.091,-0.351,183.673,174.074,90,94,49,54,-49.459,109
2015,5,63,BYU,FBS Independents,3,2,7.049,80.781,28,0.600,0.711,-0.111,-0.446,186.154,179.104,121,120,65,67,74.920,7
2015,5,65,Iowa State,Big 12,1,2,0.263,-8.062,75,0.333,0.477,-0.143,-0.601,195.000,194.737,78,74,40,38,-2.549,75
2015,5,65,Syracuse,ACC,2,1,4.386,61.190,48,0.667,0.648,0.019,0.140,221.053,216.667,84,78,38,36,59.244,26
2015,5,66,Virginia Tech,ACC,1,3,0.195,34.964,53,0.250,0.604,-0.354,-1.609,210.909,210.714,116,118,55,56,44.509,32
2015,5,67,East Carolina,American Athletic,2,2,-0.835,58.377,38,0.500,0.652,-0.152,-0.642,243.396,244.231,129,127,53,52,76.939,6
2015,5,68,Bowling Green,Mid-American,3,2,-1.250,3.182,64,0.600,0.507,0.093,0.527,280.000,281.250,182,180,65,64,-3.543,77
2015,5,69,Tulsa,American Athletic,2,2,-1.769,4.292,63,0.500,0.511,-0.011,0.033,244.262,246.032,149,155,61,63,2.070,69
2015,5,70,Cincinnati,American Athletic,2,2,-3.907,-25.358,84,0.500,0.431,0.069,0.413,234.426,238.333,143,143,61,60,-21.845,89
2015,5,71,Auburn,SEC,2,2,-9.035,47.558,44,0.500,0.616,-0.116,-0.469,234.146,243.182,96,107,41,44,51.763,25
2015,5,72,Arizona State,Pac-12,2,2,-10.670,54.076,40,0.500,0.691,-0.191,-0.829,174.576,185.246,103,113,59,61,65.726,16
2015,5,73,Louisville,ACC,1,3,-11.538,57.443,39,0.250,0.691,-0.441,-2.025,176.923,188.462,92,98,52,52,73.603,9
2015,5,74,Northern Illinois,Mid-American,1,3,-15.004,2.192,65,0.250,0.507,-0.257,-1.143,142.373,157.377,84,96,59,61,14.081,59
2015,5,75,Utah State,Mountain West,1,2,-20.336,35.216,52,0.333,0.621,-0.288,-1.293,188.235,208.571,64,73,34,35,58.448,19
2015,5,76,Boston College,ACC,1,2,-34.211,11.822,59,0.333,0.579,-0.245,-1.088,63.158,97.368,24,37,38,38,56.028,20
2015,5,77,Minnesota,Big Ten,3,2,-39.795,-14.015,77,0.600,0.441,0.159,0.846,113.235,153.030,77,101,68,66,22.130,50
2015,5,78,Colorado State,Mountain West,1,3,-42.367,-57.223,92,0.250,0.350,-0.100,-0.393,172.727,215.094,95,114,55,53,-10.791,82
2015,5,78,Rutgers,Big Ten,1,2,-47.937,-193.026,123,0.333,0.077,0.256,0.994,177.778,225.714,64,79,36,35,-155.742,124
2015,5,79,Central Michigan,Mid-American,1,3,-43.961,-12.635,76,0.250,0.450,-0.200,-0.874,158.000,201.961,79,103,50,51,45.506,31
2015,5,81,Air Force,Mountain West,1,2,-48.333,0.121,66,0.333,0.500,-0.167,-0.714,191.667,240.000,69,84,36,35,60.416,18
2015,5,82,Arizona,Pac-12,2,2,-51.778,-33.765,85,0.500,0.428,0.072,0.428,255.769,307.547,133,163,52,53,16.245,57
2015,5,83,South Carolina,SEC,2,3,-51.786,-4.207,74,0.400,0.486,-0.086,-0.329,178.571,230.357,100,129,56,56,45.604,30
2015,5,84,Florida Atlantic,Conference USA,1,3,-60.244,-137.817,110,0.250,0.102,0.148,0.606,147.692,207.937,96,131,65,63,-63.832,105
2015,5,84,Vanderbilt,SEC,1,3,-52.141,-1.032,67,0.250,0.494,-0.244,-1.080,111.321,163.462,59,85,53,52,51.894,24
2015,5,85,New Mexico,Mountain West,2,2,-54.873,-138.002,114,0.500,0.132,0.368,1.842,187.719,242.593,107,131,57,54,-79.858,119
2015,5,86,San José State,Mountain West,1,3,-55.502,-95.483,103,0.250,0.254,-0.004,0.066,209.804,265.306,107,130,51,49,-44.578,108
2015,5,87,Oregon State,Pac-12,1,2,-69.794,17.340,62,0.333,0.548,-0.215,-0.697,169.231,239.024,66,98,39,41,101.688,10
2015,5,88,Wake Forest,ACC,1,3,-61.051,-20.552,82,0.250,0.414,-0.164,-0.698,154.167,215.217,74,99,48,46,39.691,36
2015,5,89,UConn,American Athletic,1,3,-67.088,9.112,61,0.250,0.538,-0.288,-1.293,128.261,195.349,59,84,46,43,74.101,8
2015,5,90,Florida International,Conference USA,1,3,-67.347,-89.019,101,0.250,0.173,0.077,0.453,138.776,206.122,68,101,49,49,-25.036,93
2015,5,90,Georgia State,Sun Belt,1,2,-97.930,-71.881,92,0.333,0.132,0.201,0.584,178.261,276.190,82,116,46,42,20.677,70
2015,5,92,San Diego State,Mountain West,1,3,-75.926,-153.866,118,0.250,0.078,0.172,0.905,133.333,209.259,76,113,57,54,-80.374,120
2015,5,93,Akron,Mid-American,1,3,-76.385,-1.631,70,0.250,0.491,-0.241,-1.068,109.615,186.000,57,93,52,50,47.170,27
2015,5,94,Kent State,Mid-American,1,3,-79.104,-89.013,100,0.250,0.181,0.069,0.417,88.060,167.164,59,112,67,67,-42.120,101
2015,5,95,Eastern Michigan,Mid-American,1,4,-80.672,-140.405,115,0.200,0.219,-0.019,-0.006,253.226,333.898,157,197,62,59,-59.216,113
2015,5,96,Ball State,Mid-American,1,3,-85.137,-15.035,78,0.250,0.450,-0.200,-0.873,156.863,242.000,80,121,51,50,71.154,12
2015,5,97,Texas,Big 12,1,4,-87.581,-1.512,69,0.200,0.495,-0.295,-1.327,189.231,276.812,123,191,65,69,40.866,34
2015,5,98,Nevada,Mountain West,1,3,-92.720,-77.773,98,0.250,0.220,0.030,0.229,151.724,244.444,88,132,58,54,10.081,62
2015,5,99,Purdue,Big Ten,0,4,-93.915,-68.975,95,0.000,0.313,-0.313,-1.412,185.714,279.630,104,151,56,54,17.474,53
2015,5,101,New Mexico State,Sun Belt,0,4,-101.549,-161.830,120,0.000,0.161,-0.161,-0.685,208.621,310.169,121,183,58,59,-89.397,123
2015,5,102,UCF,American Athletic,0,4,-103.266,-121.346,110,0.000,0.150,-0.150,-0.633,126.923,230.189,66,122,52,53,-16.515,85
2015,5,103,South Florida,American Athletic,0,3,-106.829,-83.237,99,0.000,0.210,-0.210,-0.919,120.000,226.829,48,93,40,41,24.089,47
2015,5,104,UNLV,Mountain West,1,3,-107.677,-40.526,87,0.250,0.375,-0.125,-0.515,114.545,222.222,63,120,55,54,52.836,23
2015,5,105,Maryland,Big Ten,1,3,-110.975,-17.438,79,0.250,0.444,-0.194,-0.841,115.254,226.230,68,138,59,61,65.790,15
2015,5,106,SMU,American Athletic,1,3,-116.981,-62.884,93,0.250,0.345,-0.095,-0.369,211.321,328.302,112,174,53,53,32.705,41
2015,5,107,UTSA,Conference USA,1,4,-120.553,-100.913,104,0.200,0.178,0.022,0.189,152.174,272.727,105,180,69,66,-14.505,83
2015,5,108,Massachusetts,Mid-American,1,3,-121.757,-74.756,97,0.250,0.306,-0.056,-0.183,149.153,270.909,88,149,59,55,26.443,44
2015,5,109,Louisiana,Sun Belt,0,3,-122.940,-94.211,102,0.000,0.273,-0.273,-1.221,164.865,287.805,61,118,37,41,27.833,43
2015,5,110,South Alabama,Sun Belt,2,2,-124.725,-144.541,116,0.500,0.126,0.374,1.872,153.846,278.571,80,156,52,56,-72.056,116
2015,5,111,Arkansas State,Sun Belt,1,3,-131.091,-47.364,89,0.250,0.348,-0.098,-0.385,134.426,265.517,82,154,61,58,39.975,35
2015,5,112,Western Michigan,Mid-American,0,3,-179.445,-104.209,103,0.000,0.248,-0.248,-0.818,139.474,318.919,53,118,38,37,73.355,22
2015,5,112,Wyoming,Mountain West,0,4,-134.041,-215.968,127,0.000,0.068,-0.068,-0.239,168.000,302.041,84,148,50,49,-89.926,124
2015,5,113,Kansas,Big 12,0,3,-161.104,-191.783,125,0.000,0.047,-0.047,-0.140,131.579,292.683,50,120,38,41,-43.299,102
2015,5,114,Charlotte,Conference USA,1,3,-162.121,-185.033,121,0.250,0.010,0.240,1.231,71.212,233.333,47,147,66,63,-76.906,118
2015,5,115,Troy,Sun Belt,0,3,-162.447,-188.759,123,0.000,0.072,-0.072,-0.259,110.526,272.973,42,101,38,37,-18.436,87
2015,5,115,Virginia,ACC,0,3,-187.291,4.984,65,0.000,0.512,-0.512,-1.763,139.024,326.316,57,124,41,38,150.625,4
2015,5,116,Tulane,American Athletic,1,2,-165.116,-120.767,108,0.333,0.178,0.155,0.825,144.186,309.302,62,133,43,43,-5.531,78
2015,5,117,UTEP,Conference USA,1,3,-169.761,-161.387,119,0.250,0.096,0.154,0.821,161.818,331.579,89,189,55,57,-32.962,95
2015,5,118,Miami (OH),Mid-American,0,4,-175.806,-115.407,106,0.000,0.136,-0.136,-0.565,100.000,275.806,61,171,61,62,-2.089,74
2015,5,120,Old Dominion,Conference USA,1,3,-186.741,-188.839,124,0.250,0.055,0.195,1.015,109.259,296.000,59,148,54,50,-41.490,100
2015,5,122,Idaho,Sun Belt,0,4,-198.519,-120.905,109,0.000,0.226,-0.226,-0.996,187.755,386.275,92,197,49,51,36.233,39
2015,5,123,Rice,Conference USA,1,3,-213.194,-134.793,113,0.250,0.189,0.061,0.377,172.222,385.417,93,185,54,48,2.698,68
2015,5,124,UL Monroe,Sun Belt,0,3,-219.207,-70.961,96,0.000,0.298,-0.298,-1.340,112.500,331.707,45,136,40,41,117.274,1
2015,5,125,North Texas,Conference USA,0,4,-223.265,-209.433,126,0.000,0.042,-0.042,-0.117,136.735,360.000,67,180,49,50,-43.388,103
2015,5,126,Texas State,Sun Belt,0,3,-255.678,-118.309,104,0.000,0.240,-0.240,-0.788,190.476,446.154,80,174,42,39,54.036,29
2015,5,127,Fresno State,Mountain West,0,4,-261.111,-222.854,128,0.000,0.060,-0.060,-0.204,138.889,400.000,75,188,54,47,-9.526,81
2015,5,128,Hawai'i,Mountain West,1,3,-282.500,-149.678,117,0.250,0.074,0.176,0.924,70.000,352.500,28,141,40,40,70.352,13
2015,6,1,Baylor,Big 12,4,0,338.275,153.006,6,1.000,0.866,0.134,0.806,481.132,142.857,255,80,53,56,-66.349,115
2015,6,2,Michigan,Big Ten,5,1,186.649,213.820,1,0.833,0.986,-0.153,-0.717,236.000,49.351,177,38,75,77,43.828,22
2015,6,3,USC,Pac-12,3,2,179.119,126.038,13,0.600,0.852,-0.252,-1.245,310.938,131.818,199,87,64,66,29.302,39
2015,6,4,Boise State,Mountain West,4,1,156.632,91.110,28,0.800,0.824,-0.024,-0.031,252.632,96.000,192,72,76,75,-4.218,75
2015,6,5,Florida State,ACC,5,0,154.520,76.023,33,1.000,0.721,0.279,1.580,271.186,116.667,160,70,59,60,-46.081,107
2015,6,7,Houston,American Athletic,4,0,151.253,75.820,34,1.000,0.715,0.285,1.612,321.429,170.175,180,97,56,57,-50.249,110
2015,6,8,North Carolina,ACC,2,1,151.787,142.344,13,0.667,0.819,-0.152,-0.643,319.355,167.568,99,62,31,37,8.503,64
2015,6,9,Toledo,Mid-American,5,0,146.505,98.970,26,1.000,0.831,0.169,0.993,241.667,95.161,145,59,60,62,-32.553,100
2015,6,10,Temple,American Athletic,5,0,145.714,60.562,36,1.000,0.701,0.299,1.683,245.714,100.000,172,72,70,72,-70.616,121
2015,6,10,Texas A&M,SEC,5,0,147.127,166.199,6,1.000,0.835,0.165,0.874,301.538,154.412,196,105,65,68,25.710,45
2015,6,12,Stanford,Pac-12,4,1,143.224,147.933,9,0.800,0.849,-0.049,-0.151,307.018,163.793,175,95,57,58,25.089,46
2015,6,12,Utah,Pac-12,5,0,141.343,162.773,3,1.000,0.883,0.117,0.715,293.651,152.308,185,99,63,65,34.286,32
2015,6,13,Florida,SEC,6,0,139.936,124.798,14,1.000,0.887,0.113,0.696,247.436,107.500,193,86,78,80,12.241,57
2015,6,14,Ole Miss,SEC,4,1,139.303,44.883,45,0.800,0.618,0.182,1.062,305.970,166.667,205,115,67,69,-26.351,96
2015,6,15,App State,Sun Belt,3,1,138.675,7.215,67,0.750,0.531,0.219,1.261,244.231,105.556,127,57,52,54,-108.064,128
2015,6,16,LSU,SEC,5,0,136.207,117.674,18,1.000,0.781,0.219,1.258,325.862,189.655,189,110,58,58,-21.191,92
2015,6,17,Notre Dame,FBS Independents,5,1,136.055,170.091,2,0.833,0.908,-0.074,-0.302,294.805,158.750,227,127,77,80,52.853,17
2015,6,18,Ohio State,Big Ten,6,0,135.841,101.713,24,1.000,0.823,0.177,1.033,254.023,118.182,221,104,87,88,-30.638,99
2015,6,19,Western Kentucky,Conference USA,5,1,132.858,49.997,42,0.833,0.629,0.204,1.182,312.346,179.487,253,140,81,78,-45.323,105
2015,6,20,TCU,Big 12,5,0,128.515,139.470,10,1.000,0.810,0.190,1.104,342.029,213.514,236,158,69,74,35.935,30
2015,6,21,Alabama,SEC,5,1,127.814,145.366,9,0.833,0.927,-0.093,-0.402,231.111,103.297,208,94,90,91,22.572,47
2015,6,22,NC State,ACC,3,2,126.984,6.981,68,0.600,0.522,0.078,0.511,279.365,152.381,176,96,63,63,-84.656,126
2015,6,23,Iowa,Big Ten,5,0,118.750,55.079,40,1.000,0.667,0.333,1.863,248.438,129.688,159,83,64,64,-27.187,97
2015,6,24,Wisconsin,Big Ten,4,2,116.006,42.057,47,0.667,0.661,0.006,0.126,210.526,94.521,160,69,76,73,-43.334,104
2015,6,25,Navy,American Athletic,3,1,113.372,154.484,5,0.750,0.804,-0.054,-0.195,325.000,211.628,130,91,40,43,42.389,24
2015,6,26,Oklahoma State,Big 12,5,0,112.613,101.331,25,1.000,0.773,0.227,1.301,266.667,154.054,192,114,72,74,31.002,37
2015,6,27,Oklahoma,Big 12,4,1,110.191,146.311,8,0.800,0.854,-0.054,-0.194,256.944,146.753,185,113,72,77,58.782,16
2015,6,28,Duke,ACC,4,1,107.573,90.767,29,0.800,0.824,-0.024,-0.031,188.732,81.159,134,56,71,69,-10.737,83
2015,6,28,UCLA,Pac-12,4,1,96.462,95.735,24,0.800,0.795,0.005,0.108,255.882,159.420,174,110,68,69,1.250,70
2015,6,29,Ohio,Mid-American,4,1,100.565,42.461,46,0.800,0.615,0.185,1.076,233.898,133.333,138,80,59,60,-48.621,108
2015,6,31,Clemson,ACC,4,0,93.220,152.352,7,1.000,0.902,0.098,0.617,216.949,123.729,128,73,59,59,66.224,15
2015,6,32,Georgia,SEC,3,2,88.009,124.312,15,0.600,0.783,-0.183,-0.878,265.152,177.143,175,124,66,70,30.069,38
2015,6,33,Penn State,Big Ten,5,1,86.261,60.255,37,0.833,0.745,0.089,0.566,191.139,104.878,151,86,79,82,-26.234,95
2015,6,34,Memphis,American Athletic,4,0,79.340,-2.577,71,1.000,0.493,0.507,2.506,298.305,218.966,176,127,59,58,-74.299,117
2015,6,34,Texas Tech,Big 12,3,2,84.404,76.760,32,0.600,0.659,-0.059,-0.219,372.464,288.060,257,193,69,67,27.173,44
2015,6,35,Michigan State,Big Ten,6,0,81.419,39.418,49,1.000,0.611,0.389,2.164,272.464,191.045,188,128,69,67,-49.423,109
2015,6,36,Utah State,Mountain West,2,2,79.412,36.730,51,0.500,0.618,-0.118,-0.533,250.000,170.588,120,87,48,51,1.030,68
2015,6,38,West Virginia,Big 12,2,2,76.735,115.226,19,0.500,0.899,-0.399,-2.027,210.606,133.871,139,83,66,62,69.667,11
2015,6,39,Mississippi State,SEC,3,2,69.826,77.382,31,0.600,0.809,-0.209,-1.017,212.903,143.077,132,93,62,65,5.766,64
2015,6,40,Marshall,Conference USA,4,1,67.825,-8.478,73,0.800,0.462,0.338,1.892,185.897,118.072,145,98,78,83,-80.021,124
2015,6,41,California,Pac-12,4,1,53.478,102.109,23,0.800,0.761,0.039,0.303,243.478,190.000,168,133,69,70,47.096,21
2015,6,42,Pittsburgh,ACC,3,1,53.191,80.639,30,0.750,0.759,-0.009,0.049,193.617,140.426,91,66,47,47,27.836,43
2015,6,43,Louisiana Tech,Conference USA,3,2,50.766,41.882,48,0.600,0.619,-0.019,-0.008,253.623,202.857,175,142,69,70,-13.764,86
2015,6,44,Nebraska,Big Ten,2,4,49.384,27.073,57,0.333,0.590,-0.257,-1.270,215.663,166.279,179,143,83,86,-13.990,87
2015,6,45,Kansas State,Big 12,2,2,48.620,107.321,21,0.500,0.762,-0.262,-1.298,274.074,225.455,148,124,54,55,50.841,19
2015,6,46,Georgia Southern,Sun Belt,3,1,45.777,47.705,43,0.750,0.629,0.121,0.661,265.385,219.608,138,112,52,51,-36.456,98
2015,6,47,Washington State,Pac-12,3,1,38.889,9.811,64,0.750,0.528,0.222,1.275,261.111,222.222,141,120,54,54,-27.406,98
2015,6,48,Bowling Green,Mid-American,4,2,29.374,28.292,56,0.667,0.563,0.104,0.646,308.861,279.487,244,218,79,78,-5.884,78
2015,6,49,Tennessee,SEC,2,3,27.924,121.121,17,0.400,0.826,-0.426,-2.170,236.620,208.696,168,144,71,69,96.503,2
2015,6,50,Arizona State,Pac-12,3,2,23.066,75.257,35,0.600,0.732,-0.132,-0.606,206.849,183.784,151,136,73,74,51.389,18
2015,6,51,Washington,Pac-12,2,2,22.436,113.570,20,0.500,0.851,-0.351,-1.775,166.667,144.231,85,75,51,52,88.997,3
2015,6,53,Virginia Tech,ACC,2,3,22.278,48.765,44,0.400,0.649,-0.249,-1.231,214.925,192.647,144,131,67,68,31.401,36
2015,6,54,Miami,ACC,2,2,21.154,18.848,60,0.500,0.551,-0.051,-0.178,244.231,223.077,127,116,52,52,-6.259,79
2015,6,55,Kentucky,SEC,3,1,22.332,28.956,57,0.750,0.595,0.155,0.628,208.696,186.364,96,82,46,44,6.873,64
2015,6,55,Northwestern,Big Ten,4,1,15.865,105.367,22,0.800,0.897,-0.097,-0.423,126.471,110.606,86,73,68,66,78.999,8
2015,6,56,Arizona,Pac-12,3,2,14.732,19.611,59,0.600,0.547,0.053,0.373,272.308,257.576,177,170,65,66,16.542,51
2015,6,57,Florida International,Conference USA,2,3,14.463,-73.033,97,0.400,0.248,0.152,0.904,196.721,182.258,120,113,61,62,-70.052,120
2015,6,58,Northern Illinois,Mid-American,2,3,13.476,9.114,65,0.400,0.524,-0.124,-0.565,198.611,185.135,143,137,72,74,-9.067,82
2015,6,59,BYU,FBS Independents,4,2,12.438,93.051,27,0.667,0.748,-0.081,-0.339,207.500,195.062,166,158,80,81,83.405,6
2015,6,60,Oregon,Pac-12,2,3,11.455,23.368,58,0.400,0.563,-0.163,-0.770,264.789,253.333,188,190,71,75,-2.312,71
2015,6,61,Tulsa,American Athletic,3,2,11.080,-10.651,77,0.600,0.471,0.129,0.781,237.662,226.582,183,179,77,79,-24.928,94
2015,6,62,Buffalo,Mid-American,1,3,9.599,-51.585,90,0.250,0.341,-0.091,-0.351,183.673,174.074,90,94,49,54,-49.459,109
2015,6,63,Illinois,Big Ten,3,2,5.444,-9.280,75,0.600,0.462,0.138,0.829,169.333,163.889,127,118,75,72,15.939,52
2015,6,64,Middle Tennessee,Conference USA,1,4,0.036,-52.211,91,0.200,0.361,-0.161,-0.763,201.351,201.316,149,153,74,76,-2.909,73
2015,6,65,Minnesota,Big Ten,4,2,-0.331,8.643,66,0.667,0.537,0.130,0.786,142.169,142.500,118,114,83,80,8.685,60
2015,6,66,Arkansas,SEC,2,4,-0.635,58.802,38,0.333,0.668,-0.335,-1.685,220.000,220.635,143,139,65,63,68.836,13
2015,6,67,Georgia Tech,ACC,1,4,-3.679,36.482,52,0.200,0.598,-0.398,-2.020,234.783,238.462,162,155,69,65,82.639,7
2015,6,68,Colorado,Pac-12,2,3,-3.709,-9.561,76,0.400,0.471,-0.071,-0.286,273.077,276.786,142,155,52,56,-12.244,85
2015,6,70,Cincinnati,American Athletic,2,2,-3.907,-25.358,84,0.500,0.431,0.069,0.413,234.426,238.333,143,143,61,60,-21.845,89
2015,6,70,Missouri,SEC,3,2,-5.172,11.829,62,0.600,0.553,0.047,0.344,120.635,125.806,76,78,63,62,14.451,53
2015,6,71,Auburn,SEC,2,2,-9.035,47.558,44,0.500,0.616,-0.116,-0.469,234.146,243.182,96,107,41,44,51.763,25
2015,6,71,Indiana,Big Ten,3,2,-7.042,17.860,61,0.600,0.547,0.053,0.376,195.775,202.817,139,144,71,71,18.999,49
2015,6,72,East Carolina,American Athletic,2,3,-7.463,49.597,43,0.400,0.628,-0.228,-1.117,249.254,256.716,167,172,67,67,70.161,10
2015,6,73,Louisville,ACC,1,3,-11.538,57.443,39,0.250,0.691,-0.441,-2.025,176.923,188.462,92,98,52,52,73.603,9
2015,6,73,UConn,American Athletic,2,3,-7.880,-4.048,70,0.400,0.485,-0.085,-0.356,162.295,170.175,99,97,61,57,13.182,54
2015,6,75,Air Force,Mountain West,2,2,-9.692,-46.086,87,0.500,0.331,0.169,0.995,192.308,202.000,100,101,52,50,-20.968,91
2015,6,77,Akron,Mid-American,2,3,-21.371,10.969,63,0.400,0.548,-0.148,-0.695,162.500,183.871,104,114,64,62,6.676,63
2015,6,78,Southern Miss,Conference USA,2,3,-23.411,-88.519,104,0.400,0.295,0.105,0.652,230.435,253.846,159,165,69,65,-60.130,113
2015,6,79,Boston College,ACC,1,3,-30.189,-5.163,71,0.250,0.459,-0.209,-1.017,45.283,75.472,24,40,53,53,32.992,34
2015,6,80,Syracuse,ACC,2,2,-31.250,-32.470,83,0.500,0.422,0.078,0.510,225.000,256.250,108,123,48,48,-0.179,70
2015,6,81,San José State,Mountain West,2,3,-33.822,-93.651,105,0.400,0.275,0.125,0.757,215.385,249.206,140,157,65,63,-61.498,114
2015,6,82,Central Michigan,Mid-American,1,4,-38.249,-45.460,86,0.200,0.343,-0.143,-0.668,190.323,228.571,118,144,62,63,4.387,65
2015,6,83,San Diego State,Mountain West,2,3,-39.614,-107.916,107,0.400,0.176,0.224,1.287,144.444,184.058,104,127,72,69,-67.789,119
2015,6,84,Vanderbilt,SEC,1,3,-52.141,-1.032,67,0.250,0.494,-0.244,-1.080,111.321,163.462,59,85,53,52,51.894,24
2015,6,84,Wake Forest,ACC,2,3,-40.073,-43.937,85,0.400,0.323,0.077,0.504,122.222,162.295,77,99,63,61,0.257,69
2015,6,85,Louisiana,Sun Belt,1,3,-47.950,-73.786,98,0.250,0.311,-0.061,-0.230,215.686,263.636,110,145,51,55,-21.538,93
2015,6,86,Florida Atlantic,Conference USA,1,4,-48.000,-119.625,108,0.200,0.177,0.023,0.217,162.667,210.667,122,158,75,75,-67.437,117
2015,6,87,South Florida,American Athletic,1,3,-50.566,-28.993,82,0.250,0.403,-0.153,-0.718,178.846,229.412,93,117,52,51,17.751,50
2015,6,88,Rutgers,Big Ten,1,3,-51.896,-50.976,90,0.250,0.363,-0.113,-0.509,187.234,239.130,88,110,47,46,-7.104,80
2015,6,90,Nevada,Mountain West,2,3,-53.516,-48.311,89,0.400,0.345,0.055,0.389,175.714,229.231,123,149,70,65,-5.452,77
2015,6,91,Army,FBS Independents,1,4,-56.431,-54.963,93,0.200,0.356,-0.156,-0.734,196.296,252.727,106,139,54,55,-11.842,84
2015,6,92,Iowa State,Big 12,1,3,-62.299,-23.883,81,0.250,0.432,-0.182,-0.873,201.852,264.151,109,140,54,53,23.228,46
2015,6,93,New Mexico,Mountain West,2,3,-69.162,-144.734,116,0.400,0.145,0.255,1.452,182.353,251.515,124,166,68,66,-70.794,122
2015,6,94,South Carolina,SEC,2,4,-71.823,-22.546,80,0.333,0.435,-0.102,-0.447,187.879,259.701,124,174,66,67,47.145,20
2015,6,95,Texas,Big 12,2,4,-72.382,57.243,39,0.333,0.676,-0.342,-1.726,190.909,263.291,147,208,77,79,87.558,4
2015,6,96,Colorado State,Mountain West,1,4,-79.169,-67.625,95,0.200,0.317,-0.117,-0.525,152.174,231.343,105,155,69,67,9.521,59
2015,6,97,UNLV,Mountain West,1,4,-94.565,-42.491,84,0.200,0.351,-0.151,-0.708,130.435,225.000,90,153,69,68,40.770,26
2015,6,98,Ball State,Mid-American,1,4,-96.652,-53.937,92,0.200,0.356,-0.156,-0.733,189.062,285.714,121,180,64,63,42.707,23
2015,6,99,Kent State,Mid-American,1,4,-102.685,-85.640,103,0.200,0.213,-0.013,0.026,82.500,185.185,66,150,80,81,-8.895,81
2015,6,100,Eastern Michigan,Mid-American,1,5,-103.121,-162.246,118,0.167,0.189,-0.022,-0.023,240.541,343.662,178,244,74,71,-58.477,111
2015,6,101,UTSA,Conference USA,1,5,-108.981,-79.321,99,0.167,0.247,-0.081,-0.334,161.905,270.886,136,214,84,79,1.831,66
2015,6,102,Purdue,Big Ten,0,5,-111.118,-81.926,101,0.000,0.288,-0.288,-1.439,167.143,278.261,117,192,70,69,23.328,45
2015,6,103,Maryland,Big Ten,1,4,-116.000,-7.494,72,0.200,0.477,-0.277,-1.379,133.333,249.333,96,187,72,75,86.012,5
2015,6,104,UCF,American Athletic,0,5,-118.538,-138.493,114,0.000,0.112,-0.112,-0.501,119.697,238.235,79,162,66,68,-19.867,90
2015,6,105,Wyoming,Mountain West,0,5,-120.000,-184.125,120,0.000,0.094,-0.094,-0.406,155.385,275.385,101,179,65,65,-67.208,116
2015,6,106,Oregon State,Pac-12,1,3,-122.578,-48.237,88,0.250,0.330,-0.080,-0.330,140.385,262.963,73,142,52,54,68.870,12
2015,6,108,SMU,American Athletic,1,4,-125.758,-70.294,96,0.200,0.331,-0.131,-0.604,212.121,337.879,140,223,66,66,38.485,27
2015,6,110,South Alabama,Sun Belt,2,2,-124.725,-144.541,116,0.500,0.126,0.374,1.872,153.846,278.571,80,156,52,56,-72.056,116
2015,6,110,Western Michigan,Mid-American,1,3,-132.408,-95.458,106,0.250,0.285,-0.035,-0.090,188.000,320.408,94,157,50,49,33.548,33
2015,6,111,Arkansas State,Sun Belt,1,3,-131.091,-47.364,89,0.250,0.348,-0.098,-0.385,134.426,265.517,82,154,61,58,39.975,35
2015,6,111,Massachusetts,Mid-American,1,4,-133.194,-79.975,100,0.200,0.292,-0.092,-0.394,172.603,305.797,126,211,73,69,35.270,31
2015,6,112,Georgia State,Sun Belt,1,3,-136.782,-214.003,127,0.250,0.072,0.178,1.041,146.552,283.333,85,153,58,54,-86.251,127
2015,6,113,Virginia,ACC,0,4,-150.721,-3.469,69,0.000,0.491,-0.491,-2.514,143.396,294.118,76,150,53,51,116.179,1
2015,6,114,Charlotte,Conference USA,1,3,-162.121,-185.033,121,0.250,0.010,0.240,1.231,71.212,233.333,47,147,66,63,-76.906,118
2015,6,115,New Mexico State,Sun Belt,0,5,-163.492,-186.141,121,0.000,0.092,-0.092,-0.394,172.222,335.714,124,235,72,70,-76.117,123
2015,6,116,UL Monroe,Sun Belt,0,4,-175.031,-82.414,102,0.000,0.260,-0.260,-1.287,123.214,298.246,69,170,56,57,74.387,9
2015,6,117,Rice,Conference USA,2,3,-181.975,-133.962,110,0.400,0.192,0.208,1.201,181.818,363.793,120,211,66,58,-16.970,88
2015,6,118,Troy,Sun Belt,0,4,-186.638,-196.578,125,0.000,0.097,-0.097,-0.424,111.321,297.959,59,146,53,49,-3.419,74
2015,6,120,Miami (OH),Mid-American,0,5,-194.335,-134.329,111,0.000,0.082,-0.082,-0.342,86.486,280.822,64,205,74,73,8.073,62
2015,6,120,Old Dominion,Conference USA,1,3,-186.741,-188.839,124,0.250,0.055,0.195,1.015,109.259,296.000,59,148,54,50,-41.490,100
2015,6,122,Idaho,Sun Belt,0,4,-198.519,-120.905,109,0.000,0.226,-0.226,-0.996,187.755,386.275,92,197,49,51,36.233,39
2015,6,122,UTEP,Conference USA,1,4,-200.746,-191.532,124,0.200,0.080,0.120,0.731,148.529,349.275,101,241,68,69,-40.587,103
2015,6,123,Tulane,American Athletic,1,3,-204.593,-135.408,112,0.250,0.157,0.093,0.591,126.316,330.909,72,182,57,55,12.330,56
2015,6,125,North Texas,Conference USA,0,4,-223.265,-209.433,126,0.000,0.042,-0.042,-0.117,136.735,360.000,67,180,49,50,-43.388,103
2015,6,125,Texas State,Sun Belt,0,4,-229.683,-171.159,119,0.000,0.146,-0.146,-0.680,191.071,420.755,107,223,56,53,-2.615,72
2015,6,126,Hawai'i,Mountain West,1,4,-230.909,-156.615,117,0.200,0.057,0.143,0.853,76.364,307.273,42,169,55,55,31.741,35
2015,6,127,Kansas,Big 12,0,4,-234.829,-137.898,113,0.000,0.106,-0.106,-0.471,109.615,344.444,57,186,52,54,28.273,42
2015,6,128,Fresno State,Mountain West,0,5,-272.857,-204.599,126,0.000,0.079,-0.079,-0.327,127.143,400.000,89,244,70,61,8.564,61
2015,7,1,Baylor,Big 12,5,0,299.979,184.382,1,1.000,0.863,0.137,0.826,466.176,166.197,317,118,68,71,-23.101,97
2015,7,2,North Carolina,ACC,3,1,189.617,155.670,6,0.750,0.840,-0.090,-0.433,338.636,149.020,149,76,44,51,-0.480,70
2015,7,3,Toledo,Mid-American,6,0,189.010,92.453,26,1.000,0.803,0.197,1.157,292.958,103.947,208,79,71,76,-66.067,113
2015,7,4,App State,Sun Belt,4,1,184.655,53.498,44,0.800,0.696,0.104,0.640,290.625,105.970,186,71,64,67,-87.187,125
2015,7,5,Houston,American Athletic,5,0,179.992,78.348,33,1.000,0.725,0.275,1.588,326.471,146.479,222,104,68,71,-70.841,118
2015,7,6,Florida State,ACC,6,0,160.754,119.968,15,1.000,0.810,0.190,1.118,287.143,126.389,201,91,70,72,-14.740,84
2015,7,7,Oklahoma,Big 12,5,1,160.159,154.967,7,0.833,0.890,-0.057,-0.252,285.714,125.556,240,113,84,90,43.137,25
2015,7,8,Michigan,Big Ten,5,2,155.051,173.404,3,0.714,0.955,-0.240,-1.267,227.273,72.222,200,65,88,90,32.092,38
2015,7,9,Ohio State,Big Ten,7,0,145.000,135.602,11,1.000,0.871,0.129,0.778,259.000,114.000,259,114,100,100,-7.696,78
2015,7,10,Western Kentucky,Conference USA,6,1,143.044,28.662,58,0.857,0.573,0.284,1.639,327.660,184.615,308,168,94,91,-82.711,121
2015,7,11,Stanford,Pac-12,5,1,142.751,128.139,13,0.833,0.787,0.047,0.323,320.833,178.082,231,130,72,73,2.435,67
2015,7,12,TCU,Big 12,6,0,140.662,131.607,12,1.000,0.787,0.213,1.246,351.250,210.588,281,179,80,85,8.964,61
2015,7,13,Temple,American Athletic,6,0,139.844,42.546,50,1.000,0.640,0.360,2.057,243.373,103.529,202,88,83,85,-84.718,124
2015,7,14,Utah,Pac-12,6,0,136.325,181.815,2,1.000,0.918,0.082,0.519,280.769,144.444,219,117,78,81,55.715,19
2015,7,15,USC,Pac-12,3,3,132.846,107.172,20,0.500,0.789,-0.289,-1.534,294.872,162.025,230,128,78,79,42.218,27
2015,7,16,Iowa,Big Ten,6,0,132.668,93.369,24,1.000,0.770,0.230,1.339,251.899,119.231,199,93,79,78,-5.504,77
2015,7,17,Alabama,SEC,6,1,131.090,158.381,5,0.857,0.936,-0.079,-0.373,239.423,108.333,249,117,104,108,30.619,39
2015,7,18,Notre Dame,FBS Independents,6,1,129.693,169.955,4,0.857,0.895,-0.038,-0.143,297.778,168.085,268,158,90,94,56.043,18
2015,7,19,LSU,SEC,6,0,127.495,141.323,10,1.000,0.818,0.182,1.074,324.638,197.143,224,138,69,70,11.461,59
2015,7,21,Wisconsin,Big Ten,5,2,121.018,60.632,38,0.714,0.730,-0.016,-0.023,211.494,90.476,184,76,87,84,-34.638,103
2015,7,22,NC State,ACC,3,2,126.984,6.981,68,0.600,0.522,0.078,0.511,279.365,152.381,176,96,63,63,-84.656,126
2015,7,24,Florida,SEC,6,1,112.589,117.831,18,0.857,0.849,0.008,0.109,245.556,132.967,221,121,90,91,33.475,37
2015,7,25,Navy,American Athletic,3,1,113.372,154.484,5,0.750,0.804,-0.054,-0.195,325.000,211.628,130,91,40,43,42.389,24
2015,7,26,Oklahoma State,Big 12,5,0,112.613,101.331,25,1.000,0.773,0.227,1.301,266.667,154.054,192,114,72,74,31.002,37
2015,7,26,Utah State,Mountain West,3,2,106.839,88.243,27,0.600,0.741,-0.141,-0.715,273.016,166.176,172,113,63,68,20.937,47
2015,7,27,Ole Miss,SEC,4,2,99.584,40.572,53,0.667,0.613,0.053,0.360,282.716,183.133,229,152,81,83,-3.314,75
2015,7,28,Duke,ACC,4,1,107.573,90.767,29,0.800,0.824,-0.024,-0.031,188.732,81.159,134,56,71,69,-10.737,83
2015,7,28,Mississippi State,SEC,4,2,99.080,113.555,19,0.667,0.845,-0.178,-0.924,245.833,146.753,177,113,72,77,6.653,65
2015,7,29,Clemson,ACC,5,0,96.918,150.896,8,1.000,0.886,0.114,0.697,221.918,125.000,162,90,73,72,59.577,12
2015,7,30,Boise State,Mountain West,4,2,96.631,54.804,42,0.667,0.690,-0.024,-0.067,234.409,137.778,218,124,93,90,7.652,62
2015,7,31,Texas A&M,SEC,5,1,89.024,118.417,17,0.833,0.777,0.056,0.377,267.073,178.049,219,146,82,82,27.604,41
2015,7,32,Bowling Green,Mid-American,5,2,84.270,60.515,39,0.714,0.628,0.086,0.543,340.449,256.180,303,228,89,89,-10.077,83
2015,7,33,Texas Tech,Big 12,4,2,82.820,60.858,37,0.667,0.636,0.030,0.233,345.783,262.963,287,213,83,81,7.630,63
2015,7,34,Memphis,American Athletic,5,0,82.059,80.039,30,1.000,0.704,0.296,1.706,291.781,209.722,213,151,73,72,4.090,66
2015,7,35,Georgia Southern,Sun Belt,4,1,74.892,33.484,55,0.800,0.590,0.210,1.229,293.939,219.048,194,138,66,63,-67.654,117
2015,7,36,Marshall,Conference USA,5,1,74.122,-12.128,74,0.833,0.454,0.379,2.165,197.778,123.656,178,115,90,93,-89.247,126
2015,7,37,Michigan State,Big Ten,7,0,73.445,92.836,25,1.000,0.745,0.255,1.476,262.195,188.750,215,151,82,80,12.291,56
2015,7,38,Georgia,SEC,4,2,69.506,106.688,21,0.667,0.768,-0.101,-0.494,230.000,160.494,184,130,80,81,26.529,42
2015,7,39,Nebraska,Big Ten,3,4,67.519,62.628,36,0.429,0.674,-0.245,-1.292,238.947,171.429,227,168,95,98,0.050,69
2015,7,40,Washington State,Pac-12,4,1,61.765,49.762,45,0.800,0.630,0.170,1.005,283.824,222.059,193,151,68,68,-10.012,82
2015,7,41,California,Pac-12,4,1,53.478,102.109,23,0.800,0.761,0.039,0.303,243.478,190.000,168,133,69,70,47.096,21
2015,7,41,UCLA,Pac-12,4,2,54.188,78.724,32,0.667,0.716,-0.050,-0.210,251.807,197.619,209,166,83,84,23.320,43
2015,7,43,Northern Illinois,Mid-American,3,3,51.189,16.117,61,0.500,0.544,-0.044,-0.179,218.605,167.416,188,149,86,89,-33.319,102
2015,7,44,Pittsburgh,ACC,4,1,49.123,69.098,35,0.800,0.708,0.092,0.572,214.035,164.912,122,94,57,57,20.856,48
2015,7,45,Penn State,Big Ten,5,2,46.397,41.997,51,0.714,0.668,0.047,0.324,176.923,130.526,161,124,91,95,-2.283,73
2015,7,46,Ohio,Mid-American,4,2,37.372,-24.902,82,0.667,0.428,0.239,1.388,214.085,176.712,152,129,71,73,-66.401,116
2015,7,47,Miami,ACC,3,2,32.812,57.234,41,0.600,0.661,-0.061,-0.272,245.312,212.500,157,136,64,64,20.481,50
2015,7,48,West Virginia,Big 12,2,3,30.207,96.997,23,0.400,0.808,-0.408,-2.194,218.519,188.312,177,145,81,77,92.551,3
2015,7,49,Tennessee,SEC,2,3,27.924,121.121,17,0.400,0.826,-0.426,-2.170,236.620,208.696,168,144,71,69,96.503,2
2015,7,50,Arizona,Pac-12,4,2,26.581,-5.555,70,0.667,0.486,0.181,1.067,268.750,242.169,215,201,80,83,-19.943,90
2015,7,51,BYU,FBS Independents,5,2,25.738,80.896,29,0.714,0.730,-0.015,-0.020,219.355,193.617,204,182,93,94,57.244,16
2015,7,52,Oregon,Pac-12,3,3,16.452,71.889,34,0.500,0.681,-0.181,-0.940,257.831,241.379,214,210,83,87,42.155,28
2015,7,53,Kentucky,SEC,3,2,15.789,29.503,57,0.600,0.585,0.015,0.148,215.789,200.000,123,112,57,56,12.746,54
2015,7,54,Central Michigan,Mid-American,2,4,11.702,7.960,66,0.333,0.526,-0.193,-1.003,222.368,210.667,169,158,76,75,18.944,52
2015,7,55,East Carolina,American Athletic,3,3,9.639,47.748,47,0.500,0.629,-0.129,-0.650,237.349,227.711,197,189,83,83,51.343,21
2015,7,56,Washington,Pac-12,2,3,8.854,97.993,22,0.400,0.836,-0.436,-2.350,166.667,157.812,105,101,63,64,88.334,5
2015,7,57,Louisiana Tech,Conference USA,3,3,6.991,-22.059,80,0.500,0.443,0.057,0.379,240.741,233.750,195,187,81,80,-21.209,92
2015,7,58,Middle Tennessee,Conference USA,2,4,6.933,-52.656,88,0.333,0.366,-0.032,-0.115,217.045,210.112,191,187,88,89,-17.981,89
2015,7,59,Virginia Tech,ACC,2,4,6.345,40.601,52,0.333,0.625,-0.291,-1.550,207.595,201.250,164,161,79,80,40.020,30
2015,7,60,Southern Miss,Conference USA,3,3,5.762,-50.193,87,0.500,0.362,0.138,0.828,230.120,224.359,191,175,83,78,-51.811,107
2015,7,62,Florida International,Conference USA,2,4,4.161,-91.833,101,0.333,0.212,0.121,0.735,208.108,203.947,154,155,74,76,-82.939,122
2015,7,63,Illinois,Big Ten,3,2,5.444,-9.280,75,0.600,0.462,0.138,0.829,169.333,163.889,127,118,75,72,15.939,52
2015,7,64,Arizona State,Pac-12,3,3,-1.124,54.028,43,0.500,0.680,-0.180,-0.931,189.888,191.011,169,170,89,89,53.167,20
2015,7,65,Missouri,SEC,3,3,-3.663,25.703,59,0.500,0.637,-0.137,-0.694,110.811,114.474,82,87,74,76,29.512,40
2015,7,66,Arkansas,SEC,2,4,-0.635,58.802,38,0.333,0.668,-0.335,-1.685,220.000,220.635,143,139,65,63,68.836,13
2015,7,66,Tulsa,American Athletic,3,3,-4.946,-17.223,78,0.500,0.448,0.052,0.351,215.054,220.000,200,209,93,95,-15.579,87
2015,7,67,Auburn,SEC,3,2,-5.901,31.126,56,0.600,0.583,0.017,0.157,237.736,243.636,126,134,53,55,33.580,36
2015,7,68,San Diego State,Mountain West,3,3,-6.206,-66.280,94,0.500,0.273,0.227,1.325,163.415,169.620,134,134,82,79,-71.173,119
2015,7,69,Georgia Tech,ACC,1,5,-7.494,36.411,54,0.167,0.593,-0.426,-2.297,240.506,248.000,190,186,79,75,79.875,6
2015,7,70,Indiana,Big Ten,3,3,-11.855,3.799,67,0.500,0.510,-0.010,0.011,219.540,231.395,191,199,87,86,11.693,57
2015,7,71,UConn,American Athletic,2,4,-17.761,-13.401,76,0.333,0.453,-0.120,-0.601,160.811,178.571,119,125,74,70,11.213,60
2015,7,72,Colorado,Pac-12,2,4,-21.106,-17.120,77,0.333,0.449,-0.116,-0.576,250.725,271.831,173,193,69,71,-5.071,76
2015,7,73,Cincinnati,American Athletic,2,3,-22.270,-3.200,69,0.400,0.492,-0.092,-0.443,225.676,247.945,167,181,74,73,21.149,45
2015,7,74,Northwestern,Big Ten,4,2,-22.433,48.888,46,0.667,0.716,-0.049,-0.208,117.073,139.506,96,113,82,81,57.232,17
2015,7,75,Minnesota,Big Ten,4,3,-25.561,-28.277,83,0.571,0.400,0.171,1.014,150.526,176.087,143,162,95,92,-0.861,71
2015,7,76,South Florida,American Athletic,2,3,-27.909,10.733,63,0.400,0.535,-0.135,-0.683,186.154,214.062,121,137,65,64,35.821,32
2015,7,77,Syracuse,ACC,2,3,-30.437,-9.445,72,0.400,0.478,-0.078,-0.366,243.333,273.770,146,167,60,61,20.747,49
2015,7,78,Rutgers,Big Ten,2,3,-30.645,-6.720,71,0.400,0.483,-0.083,-0.395,230.645,261.290,143,162,62,62,20.044,51
2015,7,79,Air Force,Mountain West,2,3,-32.631,-69.797,95,0.400,0.283,0.117,0.711,195.238,227.869,123,139,63,61,-22.431,94
2015,7,80,Buffalo,Mid-American,1,4,-42.743,-60.894,92,0.200,0.305,-0.105,-0.519,170.492,213.235,104,145,61,68,-22.527,95
2015,7,81,Louisville,ACC,1,4,-44.072,25.236,60,0.200,0.578,-0.378,-2.032,176.562,220.635,113,139,64,63,77.709,7
2015,7,82,Kansas State,Big 12,2,3,-46.269,44.815,49,0.400,0.631,-0.231,-1.218,220.896,267.164,148,179,67,67,46.298,24
2015,7,84,Boston College,ACC,1,4,-48.327,12.784,62,0.200,0.575,-0.375,-2.014,62.121,110.448,41,74,66,67,65.726,10
2015,7,85,Colorado State,Mountain West,2,4,-49.455,-57.086,90,0.333,0.345,-0.012,-0.002,178.750,228.205,143,178,80,78,-15.525,86
2015,7,85,Louisiana,Sun Belt,1,3,-47.950,-73.786,98,0.250,0.311,-0.061,-0.230,215.686,263.636,110,145,51,55,-21.538,93
2015,7,86,South Carolina,SEC,3,4,-50.617,-9.485,73,0.429,0.473,-0.044,-0.181,176.543,227.160,143,184,81,81,42.359,26
2015,7,87,Vanderbilt,SEC,1,4,-52.239,-30.632,84,0.200,0.324,-0.124,-0.624,102.985,155.224,69,104,67,67,22.756,44
2015,7,88,Western Michigan,Mid-American,2,3,-53.344,-12.927,75,0.400,0.467,-0.067,-0.307,226.984,280.328,143,171,63,61,48.996,23
2015,7,89,Nevada,Mountain West,2,4,-56.000,-105.517,105,0.333,0.204,0.130,0.784,180.000,236.000,144,177,80,75,-58.135,111
2015,7,90,Florida Atlantic,Conference USA,1,5,-56.011,-117.589,107,0.167,0.202,-0.035,-0.130,163.529,219.540,139,191,85,87,-56.600,110
2015,7,91,Army,FBS Independents,1,4,-56.431,-54.963,93,0.200,0.356,-0.156,-0.734,196.296,252.727,106,139,54,55,-11.842,84
2015,7,92,New Mexico,Mountain West,3,3,-57.436,-150.009,116,0.500,0.152,0.348,1.995,190.000,247.436,152,193,80,78,-89.782,127
2015,7,93,San José State,Mountain West,2,4,-60.164,-141.715,112,0.333,0.172,0.162,0.961,196.000,256.164,147,187,75,73,-76.587,120
2015,7,94,Arkansas State,Sun Belt,2,3,-72.311,-54.066,89,0.400,0.347,0.053,0.361,167.949,240.260,131,185,78,77,-9.211,81
2015,7,95,Texas,Big 12,2,4,-72.382,57.243,39,0.333,0.676,-0.342,-1.726,190.909,263.291,147,208,77,79,87.558,4
2015,7,96,Wake Forest,ACC,2,4,-83.170,-37.552,85,0.333,0.345,-0.012,-0.002,118.182,201.351,91,149,77,74,36.457,31
2015,7,97,Kent State,Mid-American,2,4,-84.043,-89.392,100,0.333,0.168,0.165,0.979,86.170,170.213,81,160,94,94,-30.474,101
2015,7,98,UNLV,Mountain West,1,5,-84.321,-98.855,102,0.167,0.197,-0.031,-0.104,145.679,230.000,118,184,81,80,-25.304,99
2015,7,99,Akron,Mid-American,2,4,-88.278,-47.369,86,0.333,0.309,0.025,0.202,152.000,240.278,114,173,75,72,-2.765,74
2015,7,100,Iowa State,Big 12,1,4,-89.062,-23.302,81,0.200,0.438,-0.238,-1.254,200.000,289.062,130,185,65,64,58.023,14
2015,7,101,Ball State,Mid-American,1,5,-93.421,-102.440,104,0.167,0.237,-0.070,-0.323,184.211,277.632,140,211,76,76,-8.549,80
2015,7,102,Wyoming,Mountain West,1,5,-94.667,-151.912,117,0.167,0.133,0.033,0.250,172.000,266.667,129,200,75,75,-66.147,114
2015,7,103,Georgia State,Sun Belt,2,3,-97.226,-152.353,118,0.400,0.130,0.270,1.560,163.380,260.606,116,172,71,66,-66.177,115
2015,7,103,Maryland,Big Ten,1,4,-116.000,-7.494,72,0.200,0.477,-0.277,-1.379,133.333,249.333,96,187,72,75,86.012,5
2015,7,104,UTSA,Conference USA,1,6,-114.001,-121.002,108,0.143,0.146,-0.003,0.048,150.515,264.516,146,246,97,93,-29.779,100
2015,7,105,Massachusetts,Mid-American,1,5,-114.150,-88.629,99,0.167,0.256,-0.090,-0.431,158.140,272.289,136,226,86,83,12.445,55
2015,7,107,Virginia,ACC,1,4,-116.595,-18.732,79,0.200,0.448,-0.248,-1.310,181.818,298.413,120,188,66,63,72.627,8
2015,7,108,SMU,American Athletic,1,4,-125.758,-70.294,96,0.200,0.331,-0.131,-0.604,212.121,337.879,140,223,66,66,38.485,27
2015,7,108,UCF,American Athletic,0,6,-116.784,-131.738,111,0.000,0.125,-0.125,-0.630,120.253,237.037,95,192,79,81,-14.934,85
2015,7,109,Purdue,Big Ten,0,6,-116.914,-77.773,96,0.000,0.286,-0.286,-1.518,153.086,270.000,124,216,81,80,35.696,33
2015,7,110,South Alabama,Sun Belt,2,3,-124.484,-128.645,110,0.400,0.155,0.245,1.425,156.338,280.822,111,205,71,73,-45.641,105
2015,7,112,Oregon State,Pac-12,1,4,-127.718,-82.879,97,0.200,0.255,-0.055,-0.240,157.576,285.294,104,194,66,68,40.807,29
2015,7,113,Charlotte,Conference USA,1,4,-132.410,-181.168,126,0.200,0.017,0.183,1.077,97.590,230.000,81,184,83,80,-91.137,128
2015,7,114,Old Dominion,Conference USA,2,3,-136.431,-175.631,124,0.400,0.091,0.309,1.776,135.211,271.642,96,182,71,67,-61.281,112
2015,7,115,Idaho,Sun Belt,1,4,-148.660,-142.739,113,0.200,0.168,0.032,0.243,179.032,327.692,111,213,62,65,-23.402,98
2015,7,116,Eastern Michigan,Mid-American,1,6,-149.390,-174.818,123,0.143,0.176,-0.034,-0.121,225.000,374.390,198,307,88,82,-43.945,104
2015,7,117,Rice,Conference USA,2,3,-181.975,-133.962,110,0.400,0.192,0.208,1.201,181.818,363.793,120,211,66,58,-16.970,88
2015,7,117,Troy,Sun Belt,0,5,-154.189,-178.698,125,0.000,0.086,-0.086,-0.411,111.940,266.129,75,165,67,62,-17.798,88
2015,7,118,New Mexico State,Sun Belt,0,6,-167.857,-172.666,121,0.000,0.121,-0.121,-0.604,178.571,346.429,150,291,84,84,-52.804,108
2015,7,120,Hawai'i,Mountain West,1,5,-191.045,-145.402,114,0.167,0.083,0.084,0.528,102.985,294.030,69,197,67,67,6.950,64
2015,7,122,Kansas,Big 12,0,5,-200.980,-88.171,98,0.000,0.174,-0.174,-0.897,116.667,317.647,77,216,66,68,59.051,13
2015,7,122,UTEP,Conference USA,1,4,-200.746,-191.532,124,0.200,0.080,0.120,0.731,148.529,349.275,101,241,68,69,-40.587,103
2015,7,123,Miami (OH),Mid-American,0,6,-201.963,-154.968,119,0.000,0.065,-0.065,-0.295,85.393,287.356,76,250,89,87,-2.014,72
2015,7,124,UL Monroe,Sun Belt,0,5,-211.594,-106.937,106,0.000,0.225,-0.225,-1.180,120.290,331.884,83,229,69,69,66.965,9
2015,7,125,North Texas,Conference USA,0,5,-219.790,-197.045,127,0.000,0.087,-0.087,-0.418,153.226,373.016,95,235,62,63,-22.670,96
2015,7,125,Texas State,Sun Belt,0,4,-229.683,-171.159,119,0.000,0.146,-0.146,-0.680,191.071,420.755,107,223,56,53,-2.615,72
2015,7,126,Tulane,American Athletic,1,4,-223.061,-145.570,115,0.200,0.130,0.070,0.454,111.268,334.328,79,224,71,67,20.953,46
2015,7,127,Fresno State,Mountain West,1,5,-226.261,-172.839,122,0.167,0.131,0.036,0.265,146.341,372.603,120,272,82,73,0.630,68
2015,8,1,Baylor,Big 12,6,0,262.348,163.597,5,1.000,0.842,0.158,0.927,430.952,168.605,362,145,84,86,-26.181,93
2015,8,2,Houston,American Athletic,6,0,208.565,84.855,29,1.000,0.740,0.260,1.492,342.683,134.118,281,114,82,85,-72.802,119
2015,8,3,App State,Sun Belt,5,1,180.242,67.372,34,0.833,0.733,0.100,0.601,289.333,109.091,217,84,75,77,-75.168,122
2015,8,4,Oklahoma,Big 12,6,1,174.568,167.327,4,0.857,0.901,-0.043,-0.201,309.184,134.615,303,140,98,104,42.902,27
2015,8,5,Toledo,Mid-American,7,0,173.788,86.222,28,1.000,0.766,0.234,1.346,297.701,123.913,259,114,87,92,-63.938,113
2015,8,6,North Carolina,ACC,4,1,168.952,142.715,10,0.800,0.841,-0.041,-0.187,312.500,143.548,175,89,56,62,-1.902,70
2015,8,7,Ohio State,Big Ten,8,0,165.991,143.598,9,1.000,0.898,0.102,0.609,275.000,109.009,308,121,112,111,-10.291,79
2015,8,8,Michigan,Big Ten,5,2,155.051,173.404,3,0.714,0.955,-0.240,-1.267,227.273,72.222,200,65,88,90,32.092,38
2015,8,9,Clemson,ACC,6,0,152.366,178.968,2,1.000,0.938,0.062,0.386,255.814,103.448,220,90,86,87,66.971,11
2015,8,10,Oklahoma State,Big 12,6,0,151.372,94.398,25,1.000,0.749,0.251,1.440,290.698,139.326,250,124,86,89,1.663,66
2015,8,11,Stanford,Pac-12,6,1,143.902,156.562,7,0.857,0.833,0.024,0.176,319.512,175.610,262,144,82,82,26.753,45
2015,8,12,LSU,SEC,7,0,141.346,159.777,6,1.000,0.853,0.147,0.862,331.707,190.361,272,158,82,83,17.697,51
2015,8,12,TCU,Big 12,6,0,140.662,131.607,12,1.000,0.787,0.213,1.246,351.250,210.588,281,179,80,85,8.964,61
2015,8,14,Temple,American Athletic,7,0,136.344,66.799,36,1.000,0.722,0.278,1.596,240.426,104.082,226,102,94,98,-58.069,110
2015,8,15,USC,Pac-12,4,3,133.684,135.803,12,0.571,0.837,-0.266,-1.442,298.901,165.217,272,152,91,92,60.348,16
2015,8,16,Iowa,Big Ten,6,0,132.668,93.369,24,1.000,0.770,0.230,1.339,251.899,119.231,199,93,79,78,-5.504,77
2015,8,17,Florida State,ACC,6,1,131.744,101.561,19,0.857,0.773,0.085,0.514,271.250,139.506,217,113,80,81,-1.840,69
2015,8,18,Notre Dame,FBS Independents,6,1,129.693,169.955,4,0.857,0.895,-0.038,-0.143,297.778,168.085,268,158,90,94,56.043,18
2015,8,19,NC State,ACC,4,2,129.154,24.465,56,0.667,0.573,0.093,0.564,274.026,144.872,211,113,77,78,-74.677,121
2015,8,20,Alabama,SEC,7,1,124.071,154.316,8,0.875,0.919,-0.044,-0.205,235.088,111.017,268,131,114,118,36.274,34
2015,8,21,Navy,American Athletic,4,1,123.887,123.148,15,0.800,0.763,0.037,0.246,322.000,198.113,161,105,50,53,-0.528,68
2015,8,22,Bowling Green,Mid-American,6,2,122.758,78.007,31,0.750,0.675,0.075,0.461,344.118,221.359,351,228,102,103,-10.684,80
2015,8,23,Wisconsin,Big Ten,6,2,117.393,67.216,35,0.750,0.748,0.002,0.054,210.101,92.708,208,89,99,96,-27.604,94
2015,8,24,Florida,SEC,6,1,112.589,117.831,18,0.857,0.849,0.008,0.109,245.556,132.967,221,121,90,91,33.475,37
2015,8,24,Mississippi State,SEC,5,2,114.314,140.308,11,0.714,0.881,-0.167,-0.889,257.647,143.333,219,129,85,90,20.106,49
2015,8,26,Boise State,Mountain West,5,2,105.674,35.612,51,0.714,0.623,0.091,0.551,242.308,136.634,252,138,104,101,-30.778,98
2015,8,27,Ole Miss,SEC,5,2,98.980,61.357,40,0.714,0.691,0.023,0.170,257.143,158.163,252,155,98,98,7.270,59
2015,8,28,Western Kentucky,Conference USA,6,2,98.850,19.426,59,0.750,0.550,0.200,1.157,306.542,207.692,328,216,107,104,-51.103,106
2015,8,29,Utah,Pac-12,6,1,97.884,133.723,13,0.857,0.840,0.017,0.135,267.033,169.149,243,159,91,94,45.417,22
2015,8,30,Memphis,American Athletic,6,0,95.556,98.187,23,1.000,0.726,0.274,1.571,310.000,214.444,279,193,90,90,9.079,58
2015,8,31,Michigan State,Big Ten,8,0,90.730,101.478,20,1.000,0.755,0.245,1.407,281.053,190.323,267,177,95,93,6.001,62
2015,8,32,Duke,ACC,5,1,89.277,81.530,30,0.833,0.776,0.057,0.360,205.747,116.471,179,99,87,85,-5.140,73
2015,8,33,Marshall,Conference USA,6,1,82.017,-27.455,81,0.857,0.400,0.458,2.596,203.922,121.905,208,128,102,105,-113.796,128
2015,8,34,Northern Illinois,Mid-American,4,3,71.192,16.824,60,0.571,0.548,0.024,0.175,234.653,163.462,237,170,101,104,-52.217,108
2015,8,36,UCLA,Pac-12,5,2,64.189,107.815,18,0.714,0.780,-0.066,-0.326,262.105,197.917,249,190,95,96,41.278,28
2015,8,37,Nebraska,Big Ten,3,5,58.318,56.265,42,0.375,0.649,-0.274,-1.488,238.318,180.000,255,198,107,110,3.593,65
2015,8,38,Georgia,SEC,4,2,69.506,106.688,21,0.667,0.768,-0.101,-0.494,230.000,160.494,184,130,80,81,26.529,42
2015,8,38,Texas A&M,SEC,5,2,58.159,99.304,21,0.714,0.765,-0.051,-0.241,228.866,170.707,222,169,97,99,37.934,32
2015,8,39,Washington State,Pac-12,5,1,53.196,33.596,52,0.833,0.582,0.251,1.444,297.500,244.304,238,193,80,79,-15.079,83
2015,8,40,Utah State,Mountain West,3,3,45.217,12.042,62,0.500,0.535,-0.035,-0.155,241.558,196.341,186,161,77,82,-10.712,81
2015,8,41,Southern Miss,Conference USA,4,3,45.059,-35.732,84,0.571,0.400,0.172,1.000,239.796,194.737,235,185,98,95,-64.906,115
2015,8,42,Georgia Southern,Sun Belt,4,2,43.990,7.962,68,0.667,0.521,0.146,0.857,272.368,228.378,207,169,76,74,-51.017,105
2015,8,43,Penn State,Big Ten,6,2,42.393,45.723,47,0.750,0.674,0.076,0.467,181.132,138.739,192,154,106,111,4.582,64
2015,8,44,Pittsburgh,ACC,5,1,40.508,65.292,38,0.833,0.706,0.127,0.750,213.235,172.727,145,114,68,66,27.279,43
2015,8,45,Louisiana Tech,Conference USA,4,3,39.362,10.411,66,0.571,0.527,0.044,0.288,255.319,215.957,240,203,94,94,-20.885,91
2015,8,46,Florida International,Conference USA,3,4,36.497,-68.546,93,0.429,0.278,0.150,0.880,224.138,187.640,195,167,87,89,-91.691,126
2015,8,47,Texas Tech,Big 12,4,3,33.185,48.647,46,0.571,0.608,-0.037,-0.164,323.711,290.526,314,276,97,95,31.595,38
2015,8,48,San Diego State,Mountain West,4,3,30.444,-32.068,82,0.571,0.386,0.185,1.076,189.583,159.140,182,148,96,93,-64.834,114
2015,8,48,West Virginia,Big 12,2,3,30.207,96.997,23,0.400,0.808,-0.408,-2.194,218.519,188.312,177,145,81,77,92.551,3
2015,8,50,California,Pac-12,4,2,26.061,86.638,27,0.667,0.721,-0.054,-0.261,237.037,210.976,192,173,81,82,63.016,12
2015,8,51,BYU,FBS Independents,5,2,25.738,80.896,29,0.714,0.730,-0.015,-0.020,219.355,193.617,204,182,93,94,57.244,16
2015,8,52,Arizona,Pac-12,4,3,23.470,13.376,61,0.571,0.532,0.039,0.260,282.418,258.947,257,246,91,95,0.070,67
2015,8,52,Oregon,Pac-12,3,3,16.452,71.889,34,0.500,0.681,-0.181,-0.940,257.831,241.379,214,210,83,87,42.155,28
2015,8,53,Tennessee,SEC,2,4,18.362,122.414,16,0.333,0.825,-0.492,-2.705,224.691,206.329,182,163,81,79,110.232,1
2015,8,55,Central Michigan,Mid-American,3,4,12.321,5.366,69,0.429,0.518,-0.090,-0.460,215.730,203.409,192,179,89,88,12.583,56
2015,8,56,Air Force,Mountain West,3,3,10.349,-56.213,89,0.500,0.320,0.180,1.049,217.105,206.757,165,153,76,74,-52.638,109
2015,8,57,Arkansas,SEC,3,4,9.107,51.406,44,0.429,0.637,-0.208,-1.120,249.367,240.260,197,185,79,77,51.843,19
2015,8,58,Cincinnati,American Athletic,3,3,8.901,23.208,57,0.500,0.561,-0.061,-0.300,234.483,225.581,204,194,87,86,12.730,55
2015,8,59,South Florida,American Athletic,3,3,5.157,20.095,58,0.500,0.571,-0.071,-0.356,196.296,191.139,159,151,81,79,16.974,52
2015,8,60,Virginia Tech,ACC,2,5,3.311,41.976,49,0.286,0.616,-0.330,-1.804,217.895,214.583,207,206,95,96,43.263,26
2015,8,61,Georgia Tech,ACC,2,5,3.262,66.225,37,0.286,0.667,-0.381,-2.086,240.909,237.647,212,202,88,85,91.417,3
2015,8,62,Ohio,Mid-American,4,3,1.190,-56.627,91,0.571,0.343,0.229,1.318,201.190,200.000,169,170,84,85,-62.070,111
2015,8,64,Arizona State,Pac-12,3,3,-1.124,54.028,43,0.500,0.680,-0.180,-0.931,189.888,191.011,169,170,89,89,53.167,20
2015,8,64,Buffalo,Mid-American,2,4,-1.370,-24.720,80,0.333,0.422,-0.089,-0.455,198.630,200.000,145,162,73,81,-27.896,95
2015,8,65,East Carolina,American Athletic,3,4,-6.804,25.725,55,0.429,0.574,-0.145,-0.768,219.792,226.596,211,213,96,94,44.591,24
2015,8,66,Illinois,Big Ten,3,3,-8.128,-5.706,72,0.500,0.479,0.021,0.161,160.920,169.048,140,142,87,84,30.588,40
2015,8,67,Missouri,SEC,3,4,-8.941,4.320,70,0.429,0.523,-0.094,-0.486,98.837,107.778,85,97,86,90,14.217,54
2015,8,68,Washington,Pac-12,2,4,-13.101,62.626,39,0.333,0.730,-0.397,-2.174,165.278,178.378,119,132,72,74,80.318,7
2015,8,69,Colorado,Pac-12,3,4,-13.720,-19.127,77,0.429,0.439,-0.010,-0.015,237.500,251.220,190,206,80,82,-15.147,84
2015,8,70,Auburn,SEC,3,3,-15.747,33.264,53,0.500,0.583,-0.083,-0.422,256.716,272.464,172,188,67,69,44.833,23
2015,8,71,Northwestern,Big Ten,5,2,-17.570,57.067,41,0.714,0.732,-0.017,-0.056,134.043,151.613,126,141,94,93,61.838,13
2015,8,72,Western Michigan,Mid-American,3,3,-18.222,-16.154,76,0.500,0.459,0.041,0.271,237.333,255.556,178,184,75,72,6.534,60
2015,8,73,Syracuse,ACC,2,4,-23.309,9.152,67,0.333,0.522,-0.188,-1.009,240.580,263.889,166,190,69,72,32.123,37
2015,8,74,Middle Tennessee,Conference USA,2,5,-24.510,-77.269,98,0.286,0.298,-0.012,-0.026,202.941,227.451,207,232,102,102,-15.522,85
2015,8,75,Kentucky,SEC,3,3,-24.617,10.987,65,0.500,0.532,-0.032,-0.136,198.571,223.188,139,154,70,69,30.356,41
2015,8,75,Minnesota,Big Ten,4,3,-25.561,-28.277,83,0.571,0.400,0.171,1.014,150.526,176.087,143,162,95,92,-0.861,71
2015,8,77,Tulsa,American Athletic,3,4,-27.518,-32.574,83,0.429,0.409,0.020,0.153,218.018,245.536,242,275,111,112,-9.035,77
2015,8,78,Louisville,ACC,2,4,-31.171,31.886,54,0.333,0.599,-0.266,-1.444,162.500,193.671,130,153,80,79,72.489,8
2015,8,79,Indiana,Big Ten,3,4,-36.535,-12.330,74,0.429,0.469,-0.041,-0.185,217.000,253.535,217,251,100,99,23.007,48
2015,8,80,Vanderbilt,SEC,2,4,-37.912,-20.949,78,0.333,0.390,-0.057,-0.276,97.531,135.443,79,107,81,79,15.803,53
2015,8,81,Nevada,Mountain West,3,4,-38.757,-98.621,104,0.429,0.223,0.205,1.187,185.106,223.864,174,197,94,88,-66.642,117
2015,8,82,San José State,Mountain West,3,4,-40.642,-125.367,112,0.429,0.198,0.231,1.329,206.977,247.619,178,208,86,84,-82.530,124
2015,8,83,Boston College,ACC,1,5,-42.565,11.819,63,0.167,0.570,-0.403,-2.211,67.073,109.639,55,91,82,83,59.062,17
2015,8,84,UConn,American Athletic,2,5,-43.457,-42.005,86,0.286,0.358,-0.072,-0.360,151.724,195.181,132,162,87,83,5.467,63
2015,8,85,Colorado State,Mountain West,2,4,-49.455,-57.086,90,0.333,0.345,-0.012,-0.002,178.750,228.205,143,178,80,78,-15.525,86
2015,8,86,Arkansas State,Sun Belt,3,3,-49.790,-46.612,87,0.500,0.365,0.135,0.796,180.645,230.435,168,212,93,92,-20.344,90
2015,8,86,South Carolina,SEC,3,4,-50.617,-9.485,73,0.429,0.473,-0.044,-0.181,176.543,227.160,143,184,81,81,42.359,26
2015,8,88,Kansas State,Big 12,2,4,-51.218,43.669,48,0.333,0.637,-0.303,-1.652,201.282,252.500,157,202,78,80,60.756,15
2015,8,89,Texas,Big 12,3,4,-52.222,72.406,33,0.429,0.727,-0.298,-1.624,188.889,241.111,170,217,90,90,84.804,6
2015,8,90,Louisiana,Sun Belt,1,4,-52.424,-94.626,102,0.200,0.253,-0.053,-0.254,207.576,260.000,137,182,66,70,-39.494,102
2015,8,91,Miami,ACC,3,3,-53.214,38.188,50,0.500,0.618,-0.118,-0.619,198.734,251.948,157,194,79,77,43.458,25
2015,8,92,Army,FBS Independents,1,5,-58.824,-91.444,99,0.167,0.265,-0.098,-0.507,201.471,260.294,137,177,68,68,-43.696,104
2015,8,93,Florida Atlantic,Conference USA,1,6,-59.377,-141.227,116,0.143,0.149,-0.006,0.007,160.825,220.202,156,218,97,99,-77.046,123
2015,8,94,New Mexico,Mountain West,3,4,-61.576,-164.654,121,0.429,0.124,0.305,1.744,190.110,251.685,173,224,91,89,-100.043,127
2015,8,95,Troy,Sun Belt,1,5,-69.526,-137.267,115,0.167,0.133,0.033,0.227,156.790,226.316,127,172,81,76,-36.516,99
2015,8,96,Rutgers,Big Ten,2,4,-79.656,-24.234,79,0.333,0.435,-0.102,-0.528,205.479,285.135,150,211,73,74,36.074,35
2015,8,97,Ball State,Mid-American,1,6,-82.022,-92.900,100,0.143,0.257,-0.114,-0.593,180.899,262.921,161,234,89,89,-10.225,78
2015,8,98,UNLV,Mountain West,1,5,-84.321,-98.855,102,0.167,0.197,-0.031,-0.104,145.679,230.000,118,184,81,80,-25.304,99
2015,8,99,Akron,Mid-American,2,4,-88.278,-47.369,86,0.333,0.309,0.025,0.202,152.000,240.278,114,173,75,72,-2.765,74
2015,8,100,Iowa State,Big 12,1,5,-91.250,-13.434,75,0.167,0.462,-0.295,-1.607,196.250,287.500,157,230,80,80,71.212,10
2015,8,101,Wake Forest,ACC,2,5,-91.700,-56.397,90,0.286,0.285,0.001,0.045,117.391,209.091,108,184,92,88,26.562,46
2015,8,103,Georgia State,Sun Belt,2,3,-97.226,-152.353,118,0.400,0.130,0.270,1.560,163.380,260.606,116,172,71,66,-66.177,115
2015,8,103,Maryland,Big Ten,1,5,-99.040,11.056,64,0.167,0.533,-0.366,-2.002,143.182,242.222,126,218,88,90,92.171,2
2015,8,104,Idaho,Sun Belt,2,4,-105.744,-119.866,110,0.333,0.195,0.138,0.811,184.000,289.744,138,226,75,78,-38.367,100
2015,8,104,UTSA,Conference USA,1,6,-114.001,-121.002,108,0.143,0.146,-0.003,0.048,150.515,264.516,146,246,97,93,-29.779,100
2015,8,105,Wyoming,Mountain West,1,6,-105.814,-150.922,118,0.143,0.139,0.004,0.064,166.279,272.093,143,234,86,86,-51.435,107
2015,8,106,Massachusetts,Mid-American,1,6,-112.151,-68.205,92,0.143,0.322,-0.179,-0.960,167.647,279.798,171,277,102,99,32.716,36
2015,8,107,Virginia,ACC,1,5,-112.606,-1.394,71,0.167,0.496,-0.329,-1.797,172.727,285.333,133,214,77,75,91.153,4
2015,8,109,Oregon State,Pac-12,1,5,-115.141,-70.577,95,0.167,0.274,-0.107,-0.559,151.948,267.089,117,211,77,79,38.555,31
2015,8,109,Purdue,Big Ten,0,6,-116.914,-77.773,96,0.000,0.286,-0.286,-1.518,153.086,270.000,124,216,81,80,35.696,33
2015,8,111,Kent State,Mid-American,2,5,-119.393,-100.679,105,0.286,0.100,0.186,1.078,75.000,194.393,81,208,108,107,-19.409,88
2015,8,112,South Alabama,Sun Belt,2,4,-125.247,-133.916,114,0.333,0.133,0.200,1.160,151.765,277.011,129,241,85,87,-43.318,103
2015,8,113,SMU,American Athletic,1,5,-128.169,-76.108,97,0.167,0.305,-0.139,-0.734,190.123,318.293,154,261,81,82,38.569,30
2015,8,114,Rice,Conference USA,3,3,-136.111,-113.888,107,0.500,0.219,0.281,1.612,200.000,336.111,158,242,79,72,-28.208,96
2015,8,115,Charlotte,Conference USA,1,5,-149.000,-197.608,128,0.167,0.013,0.154,0.900,91.000,240.000,91,228,100,95,-90.164,125
2015,8,116,Old Dominion,Conference USA,2,4,-150.179,-194.341,126,0.333,0.072,0.262,1.502,128.571,278.750,108,223,84,80,-63.152,112
2015,8,117,UCF,American Athletic,0,7,-151.307,-118.840,109,0.000,0.151,-0.151,-0.800,112.903,264.211,105,251,93,95,9.849,57
2015,8,118,Eastern Michigan,Mid-American,1,7,-154.389,-177.142,122,0.125,0.164,-0.039,-0.176,212.621,367.010,219,356,103,97,-39.294,101
2015,8,119,Texas State,Sun Belt,1,4,-155.416,-124.693,111,0.200,0.223,-0.023,-0.086,204.286,359.701,143,241,70,67,-15.572,86
2015,8,120,UTEP,Conference USA,2,4,-158.519,-181.262,123,0.333,0.085,0.248,1.427,160.000,318.519,128,258,80,81,-69.364,118
2015,8,121,Hawai'i,Mountain West,1,6,-168.997,-145.185,117,0.143,0.090,0.053,0.337,111.250,280.247,89,227,80,81,-8.153,75
2015,8,122,New Mexico State,Sun Belt,0,7,-189.796,-197.305,127,0.000,0.085,-0.085,-0.434,160.204,350.000,157,343,98,98,-65.996,116
2015,8,123,UL Monroe,Sun Belt,0,6,-195.122,-133.462,113,0.000,0.151,-0.151,-0.803,117.073,312.195,96,256,82,82,29.406,42
2015,8,124,Miami (OH),Mid-American,0,7,-198.879,-162.571,120,0.000,0.062,-0.062,-0.306,89.000,287.879,89,285,100,99,-6.684,74
2015,8,125,North Texas,Conference USA,0,6,-207.387,-192.003,124,0.000,0.092,-0.092,-0.472,145.946,353.333,108,265,74,75,-23.080,92
2015,8,126,Tulane,American Athletic,1,5,-216.354,-116.483,108,0.167,0.173,-0.007,0.004,114.815,331.169,93,255,81,77,50.620,20
2015,8,127,Fresno State,Mountain West,1,6,-224.064,-193.774,125,0.143,0.106,0.037,0.246,141.053,365.116,134,314,95,86,-14.316,82
2015,8,128,Kansas,Big 12,0,6,-226.739,-95.619,103,0.000,0.160,-0.160,-0.851,107.407,334.146,87,274,81,82,61.193,14
2015,9,1,Baylor,Big 12,6,0,262.348,163.597,5,1.000,0.842,0.158,0.927,430.952,168.605,362,145,84,86,-26.181,93
2015,9,2,Houston,American Athletic,7,0,217.579,93.858,23,1.000,0.760,0.240,1.478,331.579,114.000,315,114,95,100,-72.046,119
2015,9,3,Oklahoma,Big 12,7,1,204.253,156.353,5,0.875,0.883,-0.008,-0.016,328.829,124.576,365,147,111,118,20.077,49
2015,9,5,Toledo,Mid-American,7,0,173.788,86.222,28,1.000,0.766,0.234,1.346,297.701,123.913,259,114,87,92,-63.938,113
2015,9,6,App State,Sun Belt,6,1,158.421,45.124,44,0.857,0.652,0.205,1.269,290.000,131.579,261,125,90,95,-86.419,125
2015,9,7,North Carolina,ACC,5,1,152.055,136.483,12,0.833,0.826,0.007,0.077,300.000,147.945,201,108,67,73,5.363,62
2015,9,7,Ohio State,Big Ten,8,0,165.991,143.598,9,1.000,0.898,0.102,0.609,275.000,109.009,308,121,112,111,-10.291,79
2015,9,8,TCU,Big 12,7,0,150.316,154.171,6,1.000,0.821,0.179,1.109,345.161,194.845,321,189,93,97,19.195,51
2015,9,9,Oklahoma State,Big 12,7,0,149.851,99.197,22,1.000,0.745,0.255,1.570,316.832,166.981,320,177,101,106,-2.419,74
2015,9,10,Clemson,ACC,7,0,143.404,160.543,3,1.000,0.899,0.101,0.643,270.588,127.184,276,131,102,103,51.152,20
2015,9,11,Michigan,Big Ten,6,2,142.097,151.715,7,0.750,0.917,-0.167,-0.971,231.313,89.216,229,91,99,102,22.196,48
2015,9,12,LSU,SEC,7,0,141.346,159.777,6,1.000,0.853,0.147,0.862,331.707,190.361,272,158,82,83,17.697,51
2015,9,13,Iowa,Big Ten,7,0,135.356,113.740,18,1.000,0.814,0.186,1.155,252.747,117.391,230,108,91,92,7.393,60
2015,9,14,Florida State,ACC,7,1,134.737,104.179,21,0.875,0.779,0.096,0.608,275.789,141.053,262,134,95,95,-5.046,75
2015,9,15,Wisconsin,Big Ten,7,2,132.609,81.749,28,0.778,0.801,-0.023,-0.104,222.609,90.000,256,99,115,110,-20.987,90
2015,9,16,Stanford,Pac-12,7,1,128.202,140.643,10,0.875,0.811,0.064,0.417,307.368,179.167,292,172,95,96,23.214,45
2015,9,17,USC,Pac-12,5,3,128.078,131.437,14,0.625,0.832,-0.207,-1.215,296.040,167.961,299,173,101,103,55.528,13
2015,9,20,Alabama,SEC,7,1,124.071,154.316,8,0.875,0.919,-0.044,-0.205,235.088,111.017,268,131,114,118,36.274,34
2015,9,20,Navy,American Athletic,5,1,120.850,123.650,17,0.833,0.767,0.066,0.430,311.475,190.625,190,122,61,64,2.404,67
2015,9,21,Florida,SEC,7,1,120.388,130.070,15,0.875,0.881,-0.006,-0.002,240.777,120.388,248,124,103,103,33.421,37
2015,9,22,Bowling Green,Mid-American,6,2,122.758,78.007,31,0.750,0.675,0.075,0.461,344.118,221.359,351,228,102,103,-10.684,80
2015,9,22,Notre Dame,FBS Independents,7,1,119.585,165.589,2,0.875,0.877,-0.002,0.020,289.109,169.524,292,178,101,105,61.371,11
2015,9,23,Temple,American Athletic,7,1,118.689,73.401,32,0.875,0.735,0.140,0.877,234.286,115.596,246,126,105,109,-31.313,94
2015,9,24,Boise State,Mountain West,6,2,114.505,40.704,50,0.750,0.630,0.120,0.756,257.983,143.478,307,165,119,115,-39.113,99
2015,9,24,Mississippi State,SEC,5,2,114.314,140.308,11,0.714,0.881,-0.167,-0.889,257.647,143.333,219,129,85,90,20.106,49
2015,9,26,Western Kentucky,Conference USA,7,2,112.507,23.688,58,0.778,0.558,0.220,1.359,324.576,212.069,383,246,118,116,-66.782,115
2015,9,27,Memphis,American Athletic,7,0,111.765,107.557,20,1.000,0.744,0.256,1.575,313.725,201.961,320,206,102,102,-2.155,73
2015,9,28,Utah,Pac-12,7,1,102.904,126.066,16,0.875,0.834,0.041,0.280,267.327,164.423,270,171,101,104,30.049,42
2015,9,29,Ole Miss,SEC,6,2,95.125,68.710,35,0.750,0.721,0.029,0.210,249.107,153.982,279,174,112,113,13.110,55
2015,9,30,Marshall,Conference USA,7,1,93.486,-11.777,74,0.875,0.458,0.417,2.545,210.435,116.949,242,138,115,118,-110.402,128
2015,9,31,Michigan State,Big Ten,8,0,90.730,101.478,20,1.000,0.755,0.245,1.407,281.053,190.323,267,177,95,93,6.001,62
2015,9,31,NC State,ACC,4,3,91.181,33.801,54,0.571,0.593,-0.022,-0.099,270.968,179.787,252,169,93,94,-37.784,98
2015,9,33,Utah State,Mountain West,4,3,77.273,30.772,56,0.571,0.582,-0.011,-0.031,277.273,200.000,244,188,88,94,-28.018,93
2015,9,34,Duke,ACC,5,2,74.367,70.218,34,0.714,0.729,-0.015,-0.058,206.000,131.633,206,129,100,98,-0.774,70
2015,9,34,Northern Illinois,Mid-American,4,3,71.192,16.824,60,0.571,0.548,0.024,0.175,234.653,163.462,237,170,101,104,-52.217,108
2015,9,36,Penn State,Big Ten,7,2,68.687,60.952,39,0.778,0.730,0.048,0.323,190.909,122.222,231,154,121,126,3.641,64
2015,9,37,Air Force,Mountain West,4,3,65.960,-43.484,88,0.571,0.359,0.213,1.314,247.778,181.818,223,160,90,88,-68.991,118
2015,9,38,Georgia Southern,Sun Belt,5,2,65.645,10.519,65,0.714,0.529,0.185,1.147,277.273,211.628,244,182,88,86,-68.606,117
2015,9,39,UCLA,Pac-12,6,2,62.054,90.353,26,0.750,0.737,0.013,0.109,262.963,200.909,284,221,108,110,26.158,43
2015,9,40,Southern Miss,Conference USA,5,3,60.503,-28.750,84,0.625,0.420,0.205,1.268,249.074,188.571,269,198,108,105,-80.527,124
2015,9,41,Louisiana Tech,Conference USA,5,3,59.048,12.818,62,0.625,0.534,0.091,0.582,268.571,209.524,282,220,105,105,-42.975,104
2015,9,42,Texas A&M,SEC,6,2,58.302,91.975,24,0.750,0.742,0.008,0.080,235.780,177.477,257,197,109,111,30.984,40
2015,9,43,Cincinnati,American Athletic,4,3,51.369,43.988,46,0.571,0.616,-0.045,-0.238,258.586,207.216,256,201,99,97,2.432,66
2015,9,44,San Diego State,Mountain West,5,3,49.757,-7.637,73,0.625,0.474,0.151,0.944,208.411,158.654,223,165,107,104,-63.580,112
2015,9,45,Tennessee,SEC,3,4,49.415,134.710,13,0.429,0.832,-0.403,-2.396,251.613,202.198,234,184,93,91,90.935,3
2015,9,46,Washington,Pac-12,3,4,42.475,83.418,27,0.429,0.819,-0.390,-2.317,197.647,155.172,168,135,85,87,67.813,10
2015,9,47,Nebraska,Big Ten,3,6,41.502,41.114,49,0.333,0.606,-0.272,-1.607,243.902,202.400,300,253,123,125,3.785,63
2015,9,48,Washington State,Pac-12,5,2,40.587,38.581,51,0.714,0.600,0.114,0.719,282.979,242.391,266,223,94,92,1.255,69
2015,9,49,Georgia,SEC,4,3,36.240,73.055,33,0.571,0.703,-0.131,-0.757,203.261,167.021,187,157,92,94,30.446,41
2015,9,50,Pittsburgh,ACC,5,2,25.777,68.200,36,0.714,0.709,0.005,0.062,207.595,181.818,164,140,79,77,44.708,28
2015,9,51,BYU,FBS Independents,5,2,25.738,80.896,29,0.714,0.730,-0.015,-0.020,219.355,193.617,204,182,93,94,57.244,16
2015,9,52,Oregon,Pac-12,4,3,19.896,63.415,38,0.571,0.651,-0.080,-0.448,272.277,252.381,275,265,101,105,33.167,39
2015,9,53,Central Michigan,Mid-American,4,4,18.960,11.149,63,0.500,0.539,-0.039,-0.205,203.960,185.000,206,185,101,100,9.130,59
2015,9,54,Florida International,Conference USA,3,5,16.710,-105.725,104,0.375,0.203,0.172,1.071,220.833,204.124,212,198,96,97,-101.151,126
2015,9,55,Western Michigan,Mid-American,4,3,15.843,-2.658,71,0.571,0.494,0.078,0.502,271.264,255.422,236,212,87,83,-13.514,82
2015,9,56,Virginia Tech,ACC,3,5,15.455,54.468,41,0.375,0.652,-0.277,-1.636,211.818,196.364,233,216,110,110,42.856,31
2015,9,57,Arkansas,SEC,3,4,9.107,51.406,44,0.429,0.637,-0.208,-1.120,249.367,240.260,197,185,79,77,51.843,19
2015,9,57,California,Pac-12,4,3,14.130,80.305,30,0.571,0.701,-0.130,-0.750,231.522,217.391,213,200,92,92,71.357,9
2015,9,59,Texas Tech,Big 12,4,4,7.384,43.792,47,0.500,0.593,-0.093,-0.526,321.930,314.545,367,346,114,110,48.234,24
2015,9,60,Buffalo,Mid-American,3,4,2.128,-30.605,85,0.429,0.408,0.021,0.158,200.000,197.872,174,186,87,94,-36.546,97
2015,9,62,Ohio,Mid-American,4,3,1.190,-56.627,91,0.571,0.343,0.229,1.318,201.190,200.000,169,170,84,85,-62.070,111
2015,9,62,West Virginia,Big 12,2,4,-4.480,66.975,37,0.333,0.740,-0.406,-2.414,201.075,205.556,187,185,93,90,98.099,1
2015,9,63,Georgia Tech,ACC,2,6,-5.389,43.988,45,0.250,0.617,-0.367,-2.178,230.693,236.082,233,229,101,97,73.964,8
2015,9,64,Arizona State,Pac-12,3,4,-6.542,41.363,48,0.429,0.626,-0.198,-1.159,209.346,215.888,224,231,107,107,45.386,26
2015,9,65,South Florida,American Athletic,3,4,-8.696,22.883,59,0.429,0.582,-0.153,-0.889,191.304,200.000,176,180,92,90,35.792,35
2015,9,67,Missouri,SEC,3,4,-8.941,4.320,70,0.429,0.523,-0.094,-0.486,98.837,107.778,85,97,86,90,14.217,54
2015,9,67,Tulsa,American Athletic,4,4,-17.381,-27.659,83,0.500,0.423,0.077,0.495,227.419,244.800,282,306,124,125,-15.717,84
2015,9,69,Colorado,Pac-12,3,5,-18.578,-19.405,80,0.375,0.439,-0.064,-0.351,235.106,253.684,221,241,94,95,-9.164,81
2015,9,70,East Carolina,American Athletic,3,5,-20.421,10.541,64,0.375,0.530,-0.155,-0.903,205.505,225.926,224,244,109,108,42.227,32
2015,9,71,Northwestern,Big Ten,5,2,-17.570,57.067,41,0.714,0.732,-0.017,-0.056,134.043,151.613,126,141,94,93,61.838,13
2015,9,71,UConn,American Athletic,3,5,-20.906,-19.194,79,0.375,0.434,-0.059,-0.320,161.386,182.292,163,175,101,96,7.166,61
2015,9,72,Arizona,Pac-12,4,4,-23.148,-12.585,75,0.500,0.469,0.031,0.219,250.000,273.148,260,295,104,108,2.696,65
2015,9,73,Louisville,ACC,3,4,-23.158,19.672,60,0.429,0.563,-0.135,-0.777,157.895,181.053,150,172,95,95,52.391,17
2015,9,74,Middle Tennessee,Conference USA,2,5,-24.510,-77.269,98,0.286,0.298,-0.012,-0.026,202.941,227.451,207,232,102,102,-15.522,85
2015,9,75,Auburn,SEC,3,4,-26.109,24.997,57,0.429,0.565,-0.136,-0.788,232.927,259.036,191,215,82,83,44.369,29
2015,9,76,Minnesota,Big Ten,4,4,-27.493,-13.053,77,0.500,0.456,0.044,0.296,157.944,185.437,169,191,107,103,16.808,53
2015,9,77,Louisiana,Sun Belt,2,4,-33.846,-98.676,102,0.333,0.242,0.091,0.583,211.392,245.238,167,206,79,84,-62.623,111
2015,9,78,Arkansas State,Sun Belt,4,3,-33.910,-55.858,92,0.571,0.345,0.227,1.399,198.165,232.075,216,246,109,106,-41.506,102
2015,9,79,Indiana,Big Ten,3,4,-36.535,-12.330,74,0.429,0.469,-0.041,-0.185,217.000,253.535,217,251,100,99,23.007,48
2015,9,81,Florida Atlantic,Conference USA,2,6,-39.497,-110.296,106,0.250,0.218,0.032,0.228,178.095,217.593,187,235,105,108,-78.964,122
2015,9,81,Nevada,Mountain West,3,4,-38.757,-98.621,104,0.429,0.223,0.205,1.187,185.106,223.864,174,197,94,88,-66.642,117
2015,9,82,San José State,Mountain West,3,4,-40.642,-125.367,112,0.429,0.198,0.231,1.329,206.977,247.619,178,208,86,84,-82.530,124
2015,9,83,Miami,ACC,4,3,-42.295,50.810,42,0.571,0.652,-0.081,-0.452,203.261,245.556,187,221,92,90,52.030,18
2015,9,84,Syracuse,ACC,2,5,-44.814,5.343,67,0.286,0.513,-0.227,-1.334,225.301,270.115,187,235,83,87,46.461,25
2015,9,85,Illinois,Big Ten,3,4,-45.573,-21.787,81,0.429,0.417,0.011,0.100,137.255,182.828,140,181,102,99,35.989,34
2015,9,86,Iowa State,Big 12,2,5,-51.099,33.563,55,0.286,0.600,-0.314,-1.859,198.901,250.000,181,230,91,92,74.948,7
2015,9,88,Kansas State,Big 12,2,4,-51.218,43.669,48,0.333,0.637,-0.303,-1.652,201.282,252.500,157,202,78,80,60.756,15
2015,9,88,South Carolina,SEC,3,5,-51.613,-16.906,78,0.375,0.453,-0.078,-0.438,183.871,235.484,171,219,93,93,35.749,36
2015,9,89,Boston College,ACC,1,6,-51.679,-0.918,70,0.143,0.495,-0.352,-2.084,67.708,119.388,65,117,96,98,54.133,16
2015,9,91,Kentucky,SEC,3,4,-59.199,-5.082,72,0.429,0.486,-0.058,-0.314,195.122,254.321,160,206,82,81,44.853,27
2015,9,92,Army,FBS Independents,1,5,-58.824,-91.444,99,0.167,0.265,-0.098,-0.507,201.471,260.294,137,177,68,68,-43.696,104
2015,9,92,Ball State,Mid-American,2,6,-61.172,-76.863,95,0.250,0.285,-0.035,-0.178,182.828,244.000,181,244,99,100,-18.158,87
2015,9,94,New Mexico,Mountain West,3,4,-61.576,-164.654,121,0.429,0.124,0.305,1.744,190.110,251.685,173,224,91,89,-100.043,127
2015,9,94,Troy,Sun Belt,1,6,-67.666,-115.822,107,0.143,0.185,-0.042,-0.222,169.697,237.363,168,216,99,91,-20.099,88
2015,9,95,Colorado State,Mountain West,2,5,-70.243,-87.252,98,0.286,0.277,0.009,0.088,175.824,246.067,160,219,91,89,-20.460,89
2015,9,96,Vanderbilt,SEC,2,5,-70.969,-40.027,87,0.286,0.298,-0.013,-0.043,82.292,153.261,79,141,96,92,22.244,47
2015,9,97,Texas,Big 12,3,5,-71.947,37.279,53,0.375,0.630,-0.255,-1.504,166.667,238.614,170,241,102,101,75.400,6
2015,9,98,Wake Forest,ACC,2,6,-80.466,-49.721,91,0.250,0.306,-0.056,-0.302,117.593,198.058,127,204,108,103,24.691,44
2015,9,99,Akron,Mid-American,2,5,-84.688,-49.473,89,0.286,0.302,-0.017,-0.067,137.931,222.619,120,187,87,84,-1.717,72
2015,9,100,Purdue,Big Ten,1,6,-85.417,-36.109,86,0.143,0.401,-0.258,-1.519,186.458,271.875,179,261,96,96,48.948,22
2015,9,101,Virginia,ACC,2,5,-87.270,8.406,66,0.286,0.526,-0.240,-1.413,179.775,267.045,160,235,89,88,78.666,5
2015,9,102,Georgia State,Sun Belt,2,4,-91.822,-146.380,118,0.333,0.142,0.192,1.188,176.471,268.293,150,220,85,82,-65.043,113
2015,9,103,Idaho,Sun Belt,2,5,-98.768,-137.305,115,0.286,0.182,0.104,0.658,206.667,305.435,186,281,90,92,-57.040,109
2015,9,104,UNLV,Mountain West,1,6,-98.947,-104.435,103,0.143,0.205,-0.062,-0.342,152.632,251.579,145,239,95,95,-16.562,85
2015,9,105,Rutgers,Big Ten,2,5,-103.870,-26.771,82,0.286,0.429,-0.143,-0.830,183.908,287.778,160,259,87,90,48.647,23
2015,9,106,Maryland,Big Ten,1,6,-105.882,0.900,68,0.143,0.503,-0.360,-2.134,138.235,244.118,141,249,102,102,92.026,2
2015,9,107,UTSA,Conference USA,1,7,-109.221,-131.115,113,0.125,0.131,-0.006,-0.001,153.636,262.857,169,276,110,105,-42.161,103
2015,9,108,Massachusetts,Mid-American,1,7,-112.300,-87.737,99,0.125,0.264,-0.139,-0.802,160.177,272.477,181,297,113,109,14.205,54
2015,9,109,Oregon State,Pac-12,1,6,-119.140,-71.706,93,0.143,0.276,-0.133,-0.770,148.276,267.416,129,238,87,89,43.264,30
2015,9,111,Kent State,Mid-American,2,5,-119.393,-100.679,105,0.286,0.100,0.186,1.078,75.000,194.393,81,208,108,107,-19.409,88
2015,9,111,SMU,American Athletic,1,6,-120.034,-71.889,94,0.143,0.319,-0.176,-1.029,196.809,316.842,185,301,94,95,36.296,33
2015,9,112,South Alabama,Sun Belt,2,4,-125.247,-133.916,114,0.333,0.133,0.200,1.160,151.765,277.011,129,241,85,87,-43.318,103
2015,9,113,Wyoming,Mountain West,1,7,-127.562,-164.513,120,0.125,0.135,-0.010,-0.029,173.469,301.031,170,292,98,97,-43.088,105
2015,9,114,Rice,Conference USA,3,4,-147.724,-123.679,110,0.429,0.201,0.228,1.405,194.444,342.169,175,284,90,83,-17.771,86
2015,9,115,Charlotte,Conference USA,1,6,-153.212,-191.839,127,0.143,0.020,0.123,0.771,89.381,242.593,101,262,113,108,-73.371,120
2015,9,116,New Mexico State,Sun Belt,1,7,-156.732,-174.236,123,0.125,0.132,-0.007,-0.011,189.286,346.018,212,391,112,113,-68.448,116
2015,9,117,Texas State,Sun Belt,1,5,-161.655,-132.424,114,0.167,0.201,-0.035,-0.176,190.244,351.899,156,278,82,79,-8.156,79
2015,9,118,Old Dominion,Conference USA,2,5,-161.745,-203.560,128,0.286,0.072,0.213,1.318,143.750,305.495,138,278,96,91,-55.398,108
2015,9,119,Eastern Michigan,Mid-American,1,8,-163.150,-181.057,124,0.111,0.161,-0.050,-0.267,216.667,379.817,247,414,114,109,-34.957,96
2015,9,120,UTEP,Conference USA,2,5,-164.212,-191.235,126,0.286,0.069,0.217,1.337,156.667,320.879,141,292,90,91,-65.322,114
2015,9,121,North Texas,Conference USA,1,6,-166.808,-167.178,122,0.143,0.123,0.020,0.156,160.465,327.273,138,288,86,88,-32.826,95
2015,9,122,UCF,American Athletic,0,8,-175.485,-130.087,112,0.000,0.123,-0.123,-0.708,107.692,283.178,112,303,104,107,11.020,57
2015,9,123,UL Monroe,Sun Belt,0,7,-176.053,-145.719,117,0.000,0.129,-0.129,-0.742,125.000,301.053,120,286,96,95,2.359,68
2015,9,124,Miami (OH),Mid-American,0,8,-177.876,-140.435,116,0.000,0.098,-0.098,-0.558,100.000,277.876,113,314,113,113,-1.218,71
2015,9,125,Hawai'i,Mountain West,1,7,-197.872,-154.272,119,0.125,0.078,0.047,0.319,102.128,300.000,96,285,94,95,-8.244,80
2015,9,126,Tulane,American Athletic,1,6,-218.606,-121.909,108,0.143,0.161,-0.018,-0.077,113.978,332.584,106,296,93,89,54.655,15
2015,9,127,Fresno State,Mountain West,1,6,-224.064,-193.774,125,0.143,0.106,0.037,0.246,141.053,365.116,134,314,95,86,-14.316,82
2015,9,128,Kansas,Big 12,0,7,-254.737,-82.709,96,0.000,0.195,-0.195,-1.140,98.947,353.684,94,336,95,95,83.021,4
2015,10,1,Baylor,Big 12,7,0,239.457,151.405,8,1.000,0.826,0.174,1.094,413.684,174.227,393,169,95,97,-20.352,84
2015,10,2,Oklahoma,Big 12,8,1,205.790,156.073,5,0.889,0.888,0.001,0.033,328.346,122.556,417,163,127,133,16.235,57
2015,10,3,Houston,American Athletic,8,0,194.049,94.683,22,1.000,0.764,0.236,1.476,319.266,125.217,348,144,109,115,-54.947,109
2015,10,4,North Carolina,ACC,6,1,173.980,165.851,1,0.857,0.856,0.002,0.036,333.750,159.770,267,139,80,87,20.259,50
2015,10,5,Ohio State,Big Ten,9,0,160.800,144.055,11,1.000,0.896,0.104,0.667,268.800,108.000,336,135,125,125,-5.556,73
2015,10,6,Michigan,Big Ten,7,2,155.171,154.625,6,0.778,0.917,-0.140,-0.832,248.214,93.043,278,107,112,115,15.566,59
2015,10,7,Oklahoma State,Big 12,8,0,147.905,117.757,17,1.000,0.793,0.207,1.296,315.385,167.480,369,206,117,123,11.885,65
2015,10,8,Toledo,Mid-American,7,1,146.720,77.057,28,0.875,0.738,0.137,0.868,283.168,136.449,286,146,101,107,-51.774,107
2015,10,9,Stanford,Pac-12,8,1,146.576,152.108,7,0.889,0.832,0.057,0.375,315.094,168.519,334,182,106,108,18.602,54
2015,10,10,Bowling Green,Mid-American,7,2,145.039,86.650,26,0.778,0.688,0.089,0.576,362.281,217.241,413,252,114,116,-19.821,82
2015,10,11,Clemson,ACC,8,0,135.862,163.712,2,1.000,0.912,0.088,0.566,260.000,124.138,299,144,115,116,58.380,15
2015,10,12,Navy,American Athletic,6,1,132.584,146.031,10,0.857,0.803,0.054,0.357,321.918,189.333,235,142,73,75,14.508,60
2015,10,13,Iowa,Big Ten,8,0,127.474,108.733,19,1.000,0.801,0.199,1.250,257.282,129.808,265,135,103,104,7.346,69
2015,10,14,App State,Sun Belt,6,2,125.547,22.582,58,0.750,0.574,0.176,1.109,276.923,151.376,288,165,104,109,-80.911,123
2015,10,15,Temple,American Athletic,8,1,124.343,73.041,32,0.889,0.722,0.167,1.050,257.143,132.800,306,166,119,125,-39.879,98
2015,10,16,Alabama,SEC,8,1,123.431,161.163,4,0.889,0.929,-0.040,-0.222,236.508,113.077,298,147,126,130,43.274,29
2015,10,17,Wisconsin,Big Ten,8,2,121.576,82.657,27,0.800,0.796,0.004,0.049,220.769,99.194,287,123,130,124,-13.330,78
2015,10,18,USC,Pac-12,6,3,117.013,119.414,16,0.667,0.817,-0.151,-0.901,290.517,173.504,337,203,116,117,47.600,24
2015,10,19,Western Kentucky,Conference USA,8,2,115.424,29.647,56,0.800,0.570,0.230,1.443,329.134,213.710,418,265,127,124,-66.915,115
2015,10,21,Notre Dame,FBS Independents,8,1,113.672,162.749,3,0.889,0.863,0.026,0.186,292.982,179.310,334,208,114,116,64.516,11
2015,10,22,Mississippi State,SEC,6,2,113.462,139.658,12,0.750,0.867,-0.117,-0.692,250.000,136.538,250,142,100,104,20.256,51
2015,10,23,Florida State,ACC,7,2,109.259,100.683,21,0.778,0.774,0.004,0.048,254.630,145.370,275,157,108,108,12.141,64
2015,10,24,Boise State,Mountain West,6,2,114.505,40.704,50,0.750,0.630,0.120,0.756,257.983,143.478,307,165,119,115,-39.113,99
2015,10,24,Florida,SEC,8,1,108.621,114.485,18,0.889,0.852,0.037,0.252,221.552,112.931,257,131,116,116,26.865,47
2015,10,25,LSU,SEC,7,1,108.488,146.698,9,0.875,0.830,0.045,0.303,306.383,197.895,288,188,94,95,36.962,34
2015,10,26,TCU,Big 12,7,1,107.562,128.782,13,0.875,0.787,0.088,0.568,318.182,210.619,350,238,110,113,27.635,45
2015,10,27,Utah,Pac-12,8,1,102.681,127.077,14,0.889,0.824,0.065,0.424,264.348,161.667,304,194,115,120,30.716,43
2015,10,28,NC State,ACC,5,3,94.646,52.304,41,0.625,0.644,-0.019,-0.088,255.556,160.909,276,177,108,110,-24.083,87
2015,10,29,Louisiana Tech,Conference USA,6,3,91.431,22.099,59,0.667,0.560,0.107,0.681,288.889,197.458,338,233,117,118,-54.346,108
2015,10,30,UCLA,Pac-12,7,2,87.448,94.563,23,0.778,0.755,0.022,0.164,268.595,181.148,325,221,121,122,13.570,62
2015,10,31,Ole Miss,SEC,6,3,85.335,68.651,34,0.667,0.692,-0.026,-0.132,266.935,181.600,331,227,124,125,20.154,52
2015,10,32,Memphis,American Athletic,7,1,80.710,87.418,25,0.875,0.710,0.165,1.038,300.885,220.175,340,251,113,114,15.568,58
2015,10,33,Michigan State,Big Ten,8,1,79.332,103.871,20,0.889,0.756,0.133,0.841,285.047,205.714,305,216,107,105,19.928,53
2015,10,34,Marshall,Conference USA,7,2,78.676,-26.298,81,0.778,0.403,0.375,2.330,200.000,121.324,266,165,133,136,-112.113,128
2015,10,35,Air Force,Mountain West,5,3,74.268,-25.150,80,0.625,0.413,0.212,1.329,240.594,166.327,243,163,101,98,-66.446,114
2015,10,36,Utah State,Mountain West,4,4,69.134,9.647,64,0.500,0.528,-0.028,-0.144,254.455,185.321,257,202,101,109,-42.627,100
2015,10,38,Georgia Southern,Sun Belt,5,2,65.645,10.519,65,0.714,0.529,0.185,1.147,277.273,211.628,244,182,88,86,-68.606,117
2015,10,38,Northern Illinois,Mid-American,5,3,64.947,27.042,57,0.625,0.575,0.050,0.332,231.897,166.949,269,197,116,118,-35.929,94
2015,10,39,Western Michigan,Mid-American,5,3,61.875,8.124,65,0.625,0.521,0.104,0.667,290.000,228.125,290,219,100,96,-28.298,89
2015,10,40,Southern Miss,Conference USA,5,3,60.503,-28.750,84,0.625,0.420,0.205,1.268,249.074,188.571,269,198,108,105,-80.527,124
2015,10,41,Penn State,Big Ten,7,3,59.294,61.108,37,0.700,0.723,-0.023,-0.116,183.942,124.648,252,177,137,142,10.779,66
2015,10,42,Georgia,SEC,5,3,56.824,89.669,24,0.625,0.753,-0.128,-0.760,207.767,150.943,214,160,103,106,24.829,49
2015,10,44,San Diego State,Mountain West,5,3,49.757,-7.637,73,0.625,0.474,0.151,0.944,208.411,158.654,223,165,107,104,-63.580,112
2015,10,44,Washington State,Pac-12,6,2,48.874,52.886,40,0.750,0.634,0.116,0.742,284.112,235.238,304,247,107,105,6.765,71
2015,10,45,Tennessee,SEC,4,4,43.925,119.473,15,0.500,0.810,-0.310,-1.880,243.925,200.000,261,208,107,104,80.140,3
2015,10,46,Texas A&M,SEC,6,3,40.072,70.759,33,0.667,0.703,-0.036,-0.197,224.370,184.298,267,223,119,121,34.323,38
2015,10,47,Cincinnati,American Athletic,4,4,40.066,38.917,51,0.500,0.603,-0.103,-0.608,250.877,210.811,286,234,114,111,7.019,70
2015,10,48,Nebraska,Big Ten,4,6,38.702,47.476,46,0.400,0.619,-0.219,-1.323,251.111,212.409,339,291,135,137,13.046,63
2015,10,49,Florida International,Conference USA,4,5,32.559,-94.436,102,0.444,0.250,0.194,1.219,240.741,208.182,260,229,108,110,-108.319,127
2015,10,50,Duke,ACC,5,3,32.219,49.716,44,0.625,0.651,-0.026,-0.136,207.895,175.676,237,195,114,111,16.650,56
2015,10,51,Oregon,Pac-12,5,3,31.519,76.580,29,0.625,0.684,-0.059,-0.335,279.825,248.305,319,293,114,118,34.728,36
2015,10,52,Washington,Pac-12,3,5,21.782,74.521,30,0.375,0.777,-0.402,-2.445,189.109,167.327,191,169,101,101,73.255,7
2015,10,53,BYU,FBS Independents,6,2,20.267,50.104,43,0.750,0.654,0.096,0.614,212.500,192.233,221,198,104,103,32.312,40
2015,10,53,Central Michigan,Mid-American,4,4,18.960,11.149,63,0.500,0.539,-0.039,-0.205,203.960,185.000,206,185,101,100,9.130,59
2015,10,56,Pittsburgh,ACC,5,3,13.333,74.142,31,0.625,0.715,-0.090,-0.526,215.556,202.222,194,182,90,90,59.880,13
2015,10,56,Virginia Tech,ACC,3,5,15.455,54.468,41,0.375,0.652,-0.277,-1.636,211.818,196.364,233,216,110,110,42.856,31
2015,10,57,Arkansas,SEC,4,4,8.433,50.757,42,0.500,0.620,-0.120,-0.713,274.725,266.292,250,237,91,89,50.098,22
2015,10,58,Texas Tech,Big 12,4,5,5.384,38.258,52,0.444,0.582,-0.137,-0.818,314.400,309.016,393,377,125,122,44.648,27
2015,10,59,Buffalo,Mid-American,4,4,4.732,-30.302,85,0.500,0.408,0.092,0.591,220.690,215.957,192,203,87,94,-36.243,95
2015,10,60,Louisville,ACC,4,4,3.366,42.530,50,0.500,0.636,-0.136,-0.809,173.636,170.270,191,189,110,111,50.273,21
2015,10,61,South Florida,American Athletic,4,4,-0.827,21.277,60,0.500,0.578,-0.078,-0.451,186.792,187.619,198,197,106,105,27.097,46
2015,10,62,Tulsa,American Athletic,5,4,-1.285,-26.338,82,0.556,0.431,0.125,0.792,240.441,241.727,327,336,136,139,-33.580,92
2015,10,63,Georgia Tech,ACC,2,6,-5.389,43.988,45,0.250,0.617,-0.367,-2.178,230.693,236.082,233,229,101,97,73.964,8
2015,10,63,West Virginia,Big 12,3,4,-1.292,62.338,36,0.429,0.720,-0.292,-1.767,207.619,208.911,218,211,105,101,85.877,2
2015,10,64,California,Pac-12,4,4,-2.857,64.730,35,0.500,0.667,-0.167,-1.001,229.524,232.381,241,244,105,105,72.285,8
2015,10,66,Auburn,SEC,4,4,-6.066,54.986,39,0.500,0.649,-0.149,-0.891,235.870,241.935,217,225,92,93,51.937,20
2015,10,67,Illinois,Big Ten,4,4,-10.497,5.345,68,0.500,0.521,-0.021,-0.100,162.069,172.566,188,195,116,113,30.899,41
2015,10,68,UConn,American Athletic,4,5,-12.695,-29.914,84,0.444,0.391,0.054,0.356,149.123,161.818,170,178,114,110,-10.086,74
2015,10,69,Northwestern,Big Ten,6,2,-13.169,55.359,38,0.750,0.726,0.024,0.171,135.455,148.624,149,162,110,109,57.972,16
2015,10,70,Arizona State,Pac-12,3,5,-17.500,29.797,55,0.375,0.590,-0.215,-1.293,206.667,224.167,248,269,120,120,46.779,25
2015,10,71,Middle Tennessee,Conference USA,3,5,-18.333,-66.500,93,0.375,0.314,0.061,0.401,195.000,213.333,234,256,120,120,-14.555,80
2015,10,72,Arkansas State,Sun Belt,5,3,-19.370,-35.834,88,0.625,0.400,0.225,1.412,208.130,227.500,256,273,123,120,-34.883,93
2015,10,73,Troy,Sun Belt,2,6,-19.684,-88.077,98,0.250,0.246,0.004,0.053,197.297,216.981,219,230,111,106,-36.403,96
2015,10,74,Nevada,Mountain West,4,4,-20.547,-100.348,105,0.500,0.217,0.283,1.768,192.453,213.000,204,213,106,100,-86.949,126
2015,10,75,Louisiana,Sun Belt,3,4,-22.910,-103.119,106,0.429,0.233,0.195,1.228,211.111,234.021,190,227,90,97,-79.010,122
2015,10,76,East Carolina,American Athletic,3,6,-23.678,1.931,70,0.333,0.506,-0.172,-1.034,194.355,218.033,241,266,124,122,34.964,35
2015,10,77,Missouri,SEC,3,5,-23.905,7.910,66,0.375,0.538,-0.163,-0.977,98.000,121.905,98,128,100,105,30.796,42
2015,10,78,Arizona,Pac-12,4,5,-24.969,0.323,72,0.444,0.501,-0.056,-0.321,245.763,270.732,290,333,118,123,18.244,55
2015,10,79,Texas,Big 12,4,5,-30.932,36.934,53,0.444,0.622,-0.177,-1.064,194.068,225.000,229,261,118,116,52.301,19
2015,10,80,San José State,Mountain West,3,5,-32.632,-85.265,97,0.375,0.282,0.093,0.600,204.211,236.842,194,225,95,95,-50.687,106
2015,10,81,Miami,ACC,5,3,-33.835,46.671,47,0.625,0.640,-0.015,-0.067,205.769,239.604,214,242,104,101,43.477,28
2015,10,82,Minnesota,Big Ten,4,5,-37.553,-13.628,77,0.444,0.455,-0.010,-0.036,151.240,188.793,183,219,121,116,25.735,48
2015,10,83,Indiana,Big Ten,3,5,-39.801,-4.614,74,0.375,0.488,-0.113,-0.670,217.857,257.658,244,286,112,111,34.639,37
2015,10,84,Ohio,Mid-American,4,4,-40.206,-64.961,92,0.500,0.322,0.178,1.120,198.969,239.175,193,232,97,97,-38.634,97
2015,10,85,Colorado State,Mountain West,3,5,-44.916,-81.590,95,0.375,0.278,0.097,0.625,178.846,223.762,186,226,104,101,-40.855,99
2015,10,86,South Carolina,SEC,3,6,-45.944,0.611,71,0.333,0.502,-0.168,-1.009,183.962,229.907,195,246,106,107,48.331,23
2015,10,87,Florida Atlantic,Conference USA,2,7,-48.468,-113.468,109,0.222,0.211,0.012,0.098,182.301,230.769,206,270,113,117,-68.796,117
2015,10,88,Colorado,Pac-12,3,6,-49.057,-27.641,83,0.333,0.415,-0.081,-0.475,217.925,266.981,231,283,106,106,14.085,61
2015,10,89,Kansas State,Big 12,2,5,-52.673,44.932,49,0.286,0.637,-0.352,-2.137,203.371,256.044,181,233,89,91,68.668,10
2015,10,90,New Mexico,Mountain West,4,4,-55.938,-139.407,115,0.500,0.138,0.362,2.251,176.415,232.353,187,237,106,102,-82.039,124
2015,10,91,Boston College,ACC,1,7,-59.600,-6.906,75,0.125,0.458,-0.333,-2.019,65.179,124.779,73,141,112,113,55.015,17
2015,10,92,Vanderbilt,SEC,2,6,-63.958,-14.016,78,0.250,0.423,-0.173,-1.038,78.899,142.857,86,150,109,105,42.394,30
2015,10,93,Syracuse,ACC,2,6,-64.528,-11.739,76,0.250,0.471,-0.221,-1.334,206.061,270.588,204,276,99,102,45.125,26
2015,10,94,UNLV,Mountain West,2,6,-68.163,-89.469,99,0.250,0.244,0.006,0.061,166.071,234.234,186,260,112,111,-26.320,88
2015,10,95,Akron,Mid-American,3,5,-68.438,-53.765,90,0.375,0.276,0.099,0.632,135.644,204.082,137,200,101,98,-15.550,81
2015,10,96,Army,FBS Independents,1,6,-69.880,-107.114,107,0.143,0.215,-0.072,-0.419,179.487,249.367,140,197,78,79,-44.499,102
2015,10,97,Iowa State,Big 12,2,6,-75.262,18.166,61,0.250,0.555,-0.305,-1.850,185.849,261.111,197,282,106,108,75.419,6
2015,10,98,Kentucky,SEC,3,5,-79.857,-18.291,79,0.375,0.448,-0.073,-0.422,173.404,253.261,163,233,94,92,52.959,18
2015,10,98,Wake Forest,ACC,2,6,-80.466,-49.721,91,0.250,0.306,-0.056,-0.302,117.593,198.058,127,204,108,103,24.691,44
2015,10,100,Virginia,ACC,2,6,-81.000,11.114,62,0.250,0.534,-0.284,-1.723,181.000,262.000,181,262,100,100,76.853,4
2015,10,101,Georgia State,Sun Belt,2,5,-86.801,-147.416,118,0.286,0.132,0.154,0.974,174.490,261.290,171,243,98,93,-70.906,118
2015,10,102,South Alabama,Sun Belt,3,4,-92.172,-108.419,108,0.429,0.195,0.233,1.461,182.828,275.000,181,286,99,104,-46.009,103
2015,10,103,Ball State,Mid-American,2,7,-95.860,-96.365,104,0.222,0.232,-0.010,-0.033,167.857,263.717,188,298,112,113,-20.251,83
2015,10,104,UTSA,Conference USA,1,8,-96.066,-132.372,112,0.111,0.144,-0.033,-0.176,163.934,260.000,200,312,122,120,-55.339,110
2015,10,105,Maryland,Big Ten,1,7,-97.075,6.040,67,0.125,0.518,-0.393,-2.390,142.241,239.316,165,280,116,117,90.180,1
2015,10,106,Idaho,Sun Belt,2,6,-98.263,-147.071,116,0.250,0.178,0.072,0.468,215.888,314.151,231,333,107,106,-63.499,112
2015,10,107,Massachusetts,Mid-American,1,8,-102.529,-90.166,100,0.111,0.248,-0.137,-0.818,152.756,255.285,194,314,127,123,3.624,72
2015,10,108,Purdue,Big Ten,1,7,-105.455,-57.457,91,0.125,0.345,-0.220,-1.327,175.455,280.909,193,309,110,110,41.968,31
2015,10,109,Kent State,Mid-American,2,6,-120.474,-94.673,103,0.250,0.121,0.129,0.819,90.741,211.215,98,226,108,107,-13.403,79
2015,10,110,Rutgers,Big Ten,2,6,-123.029,-30.326,86,0.250,0.420,-0.170,-1.017,176.000,299.029,176,308,100,103,62.588,12
2015,10,111,SMU,American Athletic,1,7,-126.647,-83.676,96,0.125,0.305,-0.180,-1.081,204.545,331.193,225,361,110,109,33.307,39
2015,10,112,Wyoming,Mountain West,1,8,-128.182,-170.156,121,0.111,0.118,-0.007,-0.015,160.909,289.091,177,318,110,110,-46.482,104
2015,10,113,New Mexico State,Sun Belt,2,7,-132.584,-160.236,120,0.222,0.144,0.078,0.508,194.400,326.984,243,412,125,126,-74.749,119
2015,10,114,Oregon State,Pac-12,1,7,-143.226,-68.938,94,0.125,0.270,-0.145,-0.867,130.303,273.529,129,279,99,102,58.584,14
2015,10,115,Old Dominion,Conference USA,3,5,-143.243,-199.638,127,0.375,0.076,0.299,1.864,156.757,300.000,174,309,111,103,-67.705,116
2015,10,116,Miami (OH),Mid-American,1,8,-147.619,-132.781,113,0.111,0.096,0.015,0.117,111.905,259.524,141,327,126,126,-21.852,85
2015,10,117,Texas State,Sun Belt,1,6,-149.554,-147.165,117,0.143,0.165,-0.022,-0.110,186.316,335.870,177,309,95,92,-29.661,90
2015,10,118,Rice,Conference USA,3,5,-153.307,-128.597,111,0.375,0.194,0.181,1.137,217.778,371.084,196,308,90,83,-22.689,86
2015,10,119,Charlotte,Conference USA,1,7,-153.571,-199.947,128,0.125,0.033,0.092,0.592,104.762,258.333,132,310,126,120,-76.094,120
2015,10,120,Eastern Michigan,Mid-American,1,9,-157.571,-193.119,126,0.100,0.144,-0.044,-0.242,204.724,362.295,260,442,127,122,-50.090,105
2015,10,121,UTEP,Conference USA,3,5,-160.623,-189.561,125,0.375,0.064,0.311,1.941,183.333,343.956,165,313,90,91,-63.648,113
2015,10,122,UCF,American Athletic,0,9,-172.098,-133.073,114,0.000,0.132,-0.132,-0.787,120.339,292.437,142,348,118,119,10.213,67
2015,10,123,Hawai'i,Mountain West,1,8,-184.708,-153.415,119,0.111,0.085,0.026,0.187,106.364,291.071,117,326,110,112,-11.900,76
2015,10,124,North Texas,Conference USA,1,7,-191.475,-178.329,123,0.125,0.101,0.024,0.177,152.525,344.000,151,344,99,100,-30.563,91
2015,10,125,UL Monroe,Sun Belt,0,8,-194.233,-172.698,122,0.000,0.091,-0.091,-0.536,120.721,314.953,134,337,111,107,-11.046,75
2015,10,126,Tulane,American Athletic,1,7,-195.190,-116.755,110,0.125,0.148,-0.023,-0.117,101.869,297.059,109,303,107,102,41.791,32
2015,10,127,Fresno State,Mountain West,1,7,-210.833,-183.928,124,0.125,0.109,0.016,0.126,140.187,351.020,150,344,107,98,-12.319,77
2015,10,128,Kansas,Big 12,0,8,-252.219,-93.886,101,0.000,0.188,-0.188,-1.131,103.636,355.856,114,395,110,111,71.961,9
2015,11,1,Baylor,Big 12,7,1,198.003,148.387,8,0.875,0.819,0.056,0.368,388.182,190.179,427,213,110,112,6.433,70
2015,11,2,Oklahoma,Big 12,9,1,191.540,165.478,3,0.900,0.903,-0.003,0.010,324.648,133.108,461,197,142,148,32.957,42
2015,11,3,North Carolina,ACC,7,1,190.538,173.910,2,0.875,0.863,0.012,0.102,350.538,160.000,326,160,93,100,19.595,58
2015,11,4,Houston,American Athletic,9,0,173.398,93.657,24,1.000,0.764,0.236,1.467,311.382,137.984,383,178,123,129,-40.142,98
2015,11,5,Ohio State,Big Ten,10,0,163.768,148.618,7,1.000,0.902,0.098,0.624,263.768,100.000,364,138,138,138,-5.262,73
2015,11,6,Navy,American Athletic,7,1,161.709,152.528,5,0.875,0.822,0.053,0.350,345.238,183.529,290,156,84,85,7.219,69
2015,11,7,Michigan,Big Ten,8,2,143.340,133.171,10,0.800,0.862,-0.062,-0.351,260.800,117.460,326,148,125,126,8.367,67
2015,11,8,Bowling Green,Mid-American,8,2,141.710,93.399,25,0.800,0.703,0.097,0.616,354.688,212.977,454,279,128,131,-13.712,79
2015,11,9,App State,Sun Belt,7,2,137.138,33.297,54,0.778,0.603,0.175,1.096,291.304,154.167,335,185,115,120,-85.969,125
2015,11,10,Oklahoma State,Big 12,9,0,136.313,109.818,16,1.000,0.772,0.228,1.420,313.178,176.866,404,237,129,134,14.616,63
2015,11,11,Toledo,Mid-American,8,1,133.422,75.561,34,0.889,0.725,0.164,1.025,275.439,142.017,314,169,114,119,-41.590,100
2015,11,12,Stanford,Pac-12,8,2,130.226,140.888,9,0.800,0.811,-0.011,-0.041,313.559,183.333,370,220,118,120,22.399,54
2015,11,13,Clemson,ACC,9,0,128.927,151.250,6,1.000,0.897,0.103,0.657,260.465,131.538,336,171,129,130,49.685,22
2015,11,14,Alabama,SEC,9,1,128.750,177.309,1,0.900,0.944,-0.044,-0.245,235.000,106.250,329,153,140,144,53.352,18
2015,11,15,Notre Dame,FBS Independents,9,1,126.086,164.481,4,0.900,0.861,0.039,0.264,296.721,170.635,362,215,122,126,48.071,25
2015,11,17,Iowa,Big Ten,9,0,119.718,103.847,21,1.000,0.770,0.230,1.432,267.544,147.826,305,170,114,115,8.675,66
2015,11,17,Wisconsin,Big Ten,8,2,121.576,82.657,27,0.800,0.796,0.004,0.049,220.769,99.194,287,123,130,124,-13.330,78
2015,11,19,Florida State,ACC,8,2,112.749,106.480,19,0.800,0.791,0.009,0.079,255.372,142.623,309,174,121,122,12.782,64
2015,11,19,Western Kentucky,Conference USA,8,2,115.424,29.647,56,0.800,0.570,0.230,1.443,329.134,213.710,418,265,127,124,-66.915,115
2015,11,20,Marshall,Conference USA,8,2,111.639,-0.683,74,0.800,0.497,0.303,1.873,222.378,110.738,318,165,143,149,-105.916,128
2015,11,21,Florida,SEC,9,1,107.979,113.225,14,0.900,0.850,0.050,0.335,221.260,113.281,281,145,127,128,24.216,51
2015,11,22,USC,Pac-12,7,3,107.031,104.138,20,0.700,0.783,-0.083,-0.479,284.375,177.344,364,227,128,128,38.824,37
2015,11,23,Southern Miss,Conference USA,6,3,100.437,-22.809,83,0.667,0.434,0.232,1.445,273.770,173.333,334,208,122,120,-91.585,126
2015,11,24,TCU,Big 12,8,1,98.357,111.381,15,0.889,0.767,0.122,0.773,296.032,197.674,373,255,126,129,17.306,60
2015,11,25,Georgia Southern,Sun Belt,6,2,97.938,31.422,55,0.750,0.585,0.165,1.033,297.938,200.000,289,192,97,96,-78.090,120
2015,11,26,Temple,American Athletic,8,2,96.289,54.649,39,0.800,0.666,0.134,0.847,247.368,151.079,329,210,133,139,-31.979,91
2015,11,27,Boise State,Mountain West,6,3,94.416,3.287,69,0.667,0.511,0.156,0.978,245.185,150.769,331,196,135,130,-61.366,110
2015,11,29,Louisiana Tech,Conference USA,6,3,91.431,22.099,59,0.667,0.560,0.107,0.681,288.889,197.458,338,233,117,118,-54.346,108
2015,11,29,Utah,Pac-12,8,2,86.527,107.126,18,0.800,0.789,0.011,0.094,258.915,172.388,334,231,129,134,25.401,50
2015,11,31,LSU,SEC,7,2,82.946,124.802,11,0.778,0.799,-0.021,-0.103,287.619,204.673,302,219,105,107,41.821,34
2015,11,31,Ole Miss,SEC,6,3,85.335,68.651,34,0.667,0.692,-0.026,-0.132,266.935,181.600,331,227,124,125,20.154,52
2015,11,32,Michigan State,Big Ten,9,1,82.277,108.704,17,0.900,0.778,0.122,0.769,269.672,187.395,329,223,122,119,22.156,55
2015,11,33,UCLA,Pac-12,7,3,78.607,87.511,27,0.700,0.742,-0.042,-0.232,266.667,188.060,352,252,132,134,15.905,62
2015,11,34,Mississippi State,SEC,6,3,77.951,119.111,12,0.667,0.832,-0.165,-0.980,224.561,146.610,256,173,114,118,32.816,43
2015,11,35,Air Force,Mountain West,6,3,71.788,-16.283,81,0.667,0.445,0.222,1.379,243.860,172.072,278,191,114,111,-58.973,108
2015,11,36,Memphis,American Athletic,7,2,71.051,94.516,23,0.778,0.726,0.052,0.343,294.488,223.438,374,286,127,128,31.443,45
2015,11,37,San Diego State,Mountain West,6,3,70.132,-0.846,75,0.667,0.497,0.170,1.062,217.500,147.368,261,168,120,114,-73.736,116
2015,11,38,NC State,ACC,5,4,68.619,37.279,49,0.556,0.605,-0.050,-0.277,240.164,171.545,293,211,122,123,-15.054,80
2015,11,39,Northern Illinois,Mid-American,6,3,64.672,27.141,58,0.667,0.576,0.091,0.582,236.641,171.970,310,227,131,132,-35.393,94
2015,11,40,Tennessee,SEC,5,4,60.656,117.963,13,0.556,0.817,-0.261,-1.567,241.525,180.870,285,208,118,115,58.758,11
2015,11,41,Penn State,Big Ten,7,3,59.294,61.108,37,0.700,0.723,-0.023,-0.116,183.942,124.648,252,177,137,142,10.779,66
2015,11,42,Georgia,SEC,6,3,57.400,94.901,22,0.667,0.772,-0.105,-0.615,205.263,147.863,234,173,114,117,30.195,46
2015,11,43,Utah State,Mountain West,4,5,55.738,-1.521,76,0.444,0.496,-0.051,-0.287,250.000,194.262,285,237,114,122,-42.004,101
2015,11,44,Washington State,Pac-12,7,2,45.306,59.394,37,0.778,0.648,0.130,0.819,281.513,236.207,335,274,119,116,16.966,61
2015,11,45,Nebraska,Big Ten,5,6,44.680,48.249,42,0.455,0.626,-0.171,-1.019,246.667,201.987,370,305,150,151,7.253,68
2015,11,46,Cincinnati,American Athletic,5,4,42.090,33.653,52,0.556,0.589,-0.033,-0.176,259.690,217.600,335,272,129,125,-0.838,72
2015,11,46,Texas A&M,SEC,6,3,40.072,70.759,33,0.667,0.703,-0.036,-0.197,224.370,184.298,267,223,119,121,34.323,38
2015,11,48,Western Michigan,Mid-American,5,4,39.289,13.820,63,0.556,0.536,0.019,0.143,275.652,236.364,317,260,115,110,-6.015,74
2015,11,49,Oregon,Pac-12,6,3,30.256,88.038,26,0.667,0.706,-0.039,-0.211,283.333,253.077,357,329,126,130,48.985,23
2015,11,50,Pittsburgh,ACC,6,3,27.519,86.572,28,0.667,0.750,-0.084,-0.484,220.588,193.069,225,195,102,101,58.322,13
2015,11,51,Arkansas,SEC,5,4,21.816,77.326,31,0.556,0.686,-0.130,-0.769,272.816,251.000,281,251,103,100,62.178,8
2015,11,52,California,Pac-12,5,4,20.781,63.847,35,0.556,0.659,-0.103,-0.604,247.899,227.119,295,268,119,118,49.805,20
2015,11,53,Texas Tech,Big 12,5,5,17.785,53.964,40,0.500,0.612,-0.112,-0.657,322.857,305.072,452,421,140,138,47.881,26
2015,11,54,South Florida,American Athletic,5,4,16.793,45.113,45,0.556,0.649,-0.093,-0.542,201.667,184.874,242,220,120,119,33.619,41
2015,11,55,Duke,ACC,5,4,16.260,34.524,50,0.556,0.607,-0.052,-0.289,200.000,183.740,250,226,125,123,20.704,57
2015,11,56,West Virginia,Big 12,4,4,16.080,79.649,30,0.500,0.758,-0.258,-1.546,216.949,200.870,256,231,118,115,81.564,2
2015,11,57,BYU,FBS Independents,6,3,14.974,33.773,51,0.667,0.603,0.064,0.417,207.895,192.920,237,218,114,113,22.402,53
2015,11,58,Central Michigan,Mid-American,4,5,14.159,17.422,61,0.444,0.559,-0.114,-0.669,202.655,188.496,229,213,113,113,18.263,59
2015,11,59,Virginia Tech,ACC,4,5,13.868,46.751,43,0.444,0.636,-0.191,-1.140,208.130,194.262,256,237,123,122,36.215,39
2015,11,60,Arkansas State,Sun Belt,6,3,13.156,-33.832,88,0.667,0.401,0.265,1.647,218.750,205.594,315,294,144,143,-48.768,102
2015,11,61,Washington,Pac-12,3,6,10.169,56.739,38,0.333,0.724,-0.390,-2.355,176.271,166.102,208,196,118,118,62.150,9
2015,11,62,Louisville,ACC,5,4,7.377,39.407,48,0.556,0.618,-0.062,-0.352,187.705,180.328,229,220,122,122,42.418,33
2015,11,63,Buffalo,Mid-American,4,5,-4.051,-24.354,84,0.444,0.427,0.018,0.135,219.802,223.853,222,244,101,109,-22.171,84
2015,11,64,Georgia Tech,ACC,2,7,-4.312,45.963,44,0.222,0.628,-0.406,-2.450,224.779,229.091,254,252,113,110,72.821,5
2015,11,65,Northwestern,Big Ten,7,2,-6.051,44.794,46,0.778,0.697,0.081,0.521,138.211,144.262,170,176,123,122,41.133,35
2015,11,66,Tulsa,American Athletic,5,5,-6.667,-22.660,82,0.500,0.442,0.058,0.379,243.333,250.000,365,385,150,154,-23.654,88
2015,11,67,Arizona State,Pac-12,4,5,-8.029,41.179,47,0.444,0.624,-0.179,-1.066,200.730,208.759,275,286,137,137,49.738,21
2015,11,68,Ohio,Mid-American,5,4,-10.909,-41.138,89,0.556,0.381,0.175,1.092,200.000,210.909,220,232,110,110,-40.813,99
2015,11,68,UConn,American Athletic,4,5,-12.695,-29.914,84,0.444,0.391,0.054,0.356,149.123,161.818,170,178,114,110,-10.086,74
2015,11,69,Auburn,SEC,4,5,-12.276,50.585,41,0.444,0.642,-0.198,-1.181,223.301,235.577,230,245,103,104,54.945,15
2015,11,71,Middle Tennessee,Conference USA,4,5,-12.726,-63.964,93,0.444,0.314,0.130,0.822,192.537,205.263,258,273,134,133,-22.308,86
2015,11,72,Nevada,Mountain West,5,4,-16.540,-94.359,100,0.556,0.243,0.313,1.936,205.983,222.523,241,247,117,111,-85.479,124
2015,11,73,Arizona,Pac-12,5,5,-17.236,12.369,65,0.500,0.531,-0.031,-0.163,247.727,264.964,327,363,132,137,23.498,52
2015,11,74,Missouri,SEC,4,5,-17.945,13.681,64,0.444,0.561,-0.117,-0.687,107.273,125.217,118,144,110,115,29.580,47
2015,11,75,Florida International,Conference USA,4,6,-19.291,-111.549,106,0.400,0.210,0.190,1.186,214.876,234.167,260,281,121,120,-96.043,127
2015,11,76,East Carolina,American Athletic,3,6,-23.678,1.931,70,0.333,0.506,-0.172,-1.034,194.355,218.033,241,266,124,122,34.964,35
2015,11,77,Louisiana,Sun Belt,3,5,-24.670,-108.432,102,0.375,0.225,0.150,0.944,210.784,235.455,215,259,102,110,-82.609,123
2015,11,78,Colorado State,Mountain West,4,5,-26.361,-71.177,94,0.444,0.313,0.131,0.828,202.586,228.947,235,261,116,114,-50.424,103
2015,11,79,Illinois,Big Ten,4,5,-28.922,-0.539,73,0.444,0.498,-0.053,-0.300,148.062,176.984,191,223,129,126,43.543,31
2015,11,80,San José State,Mountain West,3,6,-32.075,-89.346,98,0.333,0.281,0.052,0.346,215.094,247.170,228,262,106,106,-55.580,106
2015,11,81,Indiana,Big Ten,3,6,-37.648,8.733,66,0.333,0.521,-0.187,-1.117,231.707,269.355,285,334,123,124,43.237,32
2015,11,82,Minnesota,Big Ten,4,6,-38.785,-8.035,78,0.400,0.475,-0.075,-0.433,165.152,203.937,218,259,132,127,31.937,44
2015,11,83,New Mexico,Mountain West,5,4,-41.021,-119.058,111,0.556,0.173,0.383,2.362,180.165,221.186,218,261,121,118,-74.361,117
2015,11,84,Texas,Big 12,4,6,-43.147,24.399,60,0.400,0.578,-0.178,-1.061,188.636,231.783,249,299,132,129,53.174,19
2015,11,85,Colorado,Pac-12,3,7,-44.763,-12.260,79,0.300,0.462,-0.162,-0.964,217.949,262.712,255,310,117,118,25.588,49
2015,11,86,Florida Atlantic,Conference USA,2,8,-47.443,-112.956,107,0.200,0.204,-0.004,0.003,176.984,224.427,223,294,126,131,-68.685,114
2015,11,87,Troy,Sun Belt,2,7,-49.874,-113.733,108,0.222,0.192,0.030,0.210,189.256,239.130,229,275,121,115,-31.998,92
2015,11,88,Vanderbilt,SEC,3,6,-49.893,-7.352,77,0.333,0.460,-0.126,-0.745,86.992,136.885,107,167,123,122,37.235,38
2015,11,89,South Carolina,SEC,3,7,-51.695,1.266,71,0.300,0.504,-0.204,-1.216,177.119,228.814,209,270,118,118,54.366,17
2015,11,90,Akron,Mid-American,4,5,-53.782,-52.809,92,0.444,0.297,0.148,0.928,146.218,200.000,174,228,119,114,-22.235,85
2015,11,91,Boston College,ACC,1,7,-59.600,-6.906,75,0.125,0.458,-0.333,-2.019,65.179,124.779,73,141,112,113,55.015,17
2015,11,91,Georgia State,Sun Belt,3,5,-55.574,-124.752,112,0.375,0.168,0.207,1.293,189.286,244.860,212,262,112,107,-77.448,119
2015,11,93,Kansas State,Big 12,2,6,-61.186,25.938,59,0.250,0.578,-0.328,-1.977,214.286,275.472,225,292,105,106,61.499,10
2015,11,94,Miami,ACC,5,4,-63.180,33.358,53,0.556,0.599,-0.043,-0.237,200.855,264.035,235,301,117,114,54.451,16
2015,11,95,Army,FBS Independents,1,7,-63.846,-115.096,109,0.125,0.212,-0.087,-0.505,190.000,253.846,171,231,90,91,-57.184,107
2015,11,96,Syracuse,ACC,2,7,-65.403,0.036,72,0.222,0.500,-0.278,-1.669,204.425,269.828,231,313,113,116,58.518,12
2015,11,97,Iowa State,Big 12,2,7,-69.295,27.969,57,0.222,0.582,-0.360,-2.171,194.872,264.167,228,317,117,120,79.956,3
2015,11,98,UNLV,Mountain West,2,7,-74.420,-110.087,104,0.222,0.210,0.012,0.102,176.800,251.220,221,309,125,123,-38.499,96
2015,11,99,Virginia,ACC,2,7,-76.866,8.196,67,0.222,0.524,-0.302,-1.814,190.991,267.857,212,300,111,112,70.503,6
2015,11,100,Kentucky,SEC,3,6,-77.460,-25.006,85,0.333,0.430,-0.096,-0.561,162.162,239.623,180,254,111,106,43.883,30
2015,11,101,South Alabama,Sun Belt,4,4,-77.925,-110.191,105,0.500,0.198,0.302,1.872,190.179,268.103,213,311,112,116,-60.310,109
2015,11,102,UTSA,Conference USA,2,8,-84.444,-135.942,114,0.200,0.140,0.060,0.390,166.667,251.111,230,339,138,135,-67.362,113
2015,11,103,Ball State,Mid-American,2,7,-95.860,-96.365,104,0.222,0.232,-0.010,-0.033,167.857,263.717,188,298,112,113,-20.251,83
2015,11,103,Massachusetts,Mid-American,2,8,-88.003,-94.403,101,0.200,0.230,-0.030,-0.156,160.870,248.872,222,331,138,133,-18.446,83
2015,11,104,Wake Forest,ACC,2,7,-95.450,-52.579,91,0.222,0.298,-0.076,-0.437,113.559,209.009,134,232,118,111,44.677,29
2015,11,106,Maryland,Big Ten,1,8,-97.995,7.665,68,0.111,0.525,-0.414,-2.499,132.308,230.303,172,304,130,132,94.679,1
2015,11,107,Purdue,Big Ten,1,8,-100.000,-48.513,90,0.111,0.368,-0.257,-1.541,168.293,268.293,207,330,123,123,45.847,28
2015,11,108,Idaho,Sun Belt,2,7,-112.074,-152.295,117,0.222,0.178,0.044,0.295,212.712,324.786,251,380,118,117,-50.736,104
2015,11,109,Old Dominion,Conference USA,4,5,-118.051,-189.730,126,0.444,0.085,0.360,2.221,164.000,282.051,205,330,125,117,-80.392,122
2015,11,110,Rutgers,Big Ten,2,7,-120.621,-30.748,87,0.222,0.414,-0.191,-1.141,166.667,287.288,190,339,114,118,63.693,7
2015,11,111,Kent State,Mid-American,2,7,-129.842,-109.864,103,0.222,0.078,0.145,0.910,80.992,210.833,98,253,121,120,-12.792,77
2015,11,113,Miami (OH),Mid-American,1,9,-133.764,-126.494,113,0.100,0.123,-0.023,-0.115,119.014,252.778,169,364,142,144,-23.603,87
2015,11,113,New Mexico State,Sun Belt,2,7,-132.584,-160.236,120,0.222,0.144,0.078,0.508,194.400,326.984,243,412,125,126,-74.749,119
2015,11,114,Charlotte,Conference USA,1,8,-137.234,-189.562,125,0.111,0.047,0.064,0.419,112.766,250.000,159,340,141,136,-78.637,121
2015,11,115,Wyoming,Mountain West,1,9,-139.431,-172.132,123,0.100,0.106,-0.006,-0.012,150.000,289.431,180,356,120,123,-39.979,97
2015,11,116,SMU,American Athletic,1,8,-147.500,-84.714,97,0.111,0.300,-0.189,-1.124,199.167,346.667,239,416,120,120,46.140,27
2015,11,117,UTEP,Conference USA,3,6,-148.773,-193.899,128,0.333,0.061,0.273,1.691,178.846,327.619,186,344,104,105,-74.796,118
2015,11,118,Texas State,Sun Belt,1,7,-150.372,-158.871,119,0.125,0.146,-0.021,-0.099,179.817,330.189,196,350,109,106,-36.412,95
2015,11,119,Oregon State,Pac-12,1,8,-150.462,-78.254,96,0.111,0.250,-0.139,-0.823,136.607,287.069,153,333,112,116,55.856,14
2015,11,120,Eastern Michigan,Mid-American,1,10,-151.194,-192.520,127,0.091,0.139,-0.048,-0.264,202.190,353.383,277,470,137,133,-54.808,105
2015,11,121,Fresno State,Mountain West,2,7,-159.437,-165.693,120,0.222,0.129,0.093,0.596,157.377,316.814,192,358,122,113,-33.893,93
2015,11,122,UCF,American Athletic,0,9,-172.098,-133.073,114,0.000,0.132,-0.132,-0.787,120.339,292.437,142,348,118,119,10.213,67
2015,11,123,Tulane,American Athletic,2,7,-172.814,-116.774,110,0.222,0.164,0.058,0.381,120.168,292.982,143,334,119,114,21.377,56
2015,11,124,Hawai'i,Mountain West,1,9,-184.964,-177.025,124,0.100,0.055,0.045,0.302,104.800,289.764,131,368,125,127,-30.492,90
2015,11,125,Rice,Conference USA,3,6,-188.346,-143.589,116,0.333,0.158,0.175,1.094,196.190,384.536,206,373,105,97,-25.324,89
2015,11,126,UL Monroe,Sun Belt,0,9,-193.703,-169.918,122,0.000,0.086,-0.086,-0.500,115.672,309.375,155,396,134,128,-10.447,76
2015,11,127,North Texas,Conference USA,1,8,-194.259,-169.076,121,0.111,0.100,0.011,0.094,137.273,331.532,151,368,110,111,-13.486,78
2015,11,128,Kansas,Big 12,0,9,-225.166,-73.234,95,0.000,0.233,-0.233,-1.397,103.968,329.134,131,418,126,127,78.351,4
2015,12,1,Baylor,Big 12,8,1,179.328,151.306,4,0.889,0.827,0.062,0.430,374.603,195.276,472,248,126,127,19.800,59
2015,12,2,Oklahoma,Big 12,10,1,168.824,162.063,2,0.909,0.905,0.004,0.058,304.969,136.145,491,226,161,166,41.882,30
2015,12,3,North Carolina,ACC,8,1,166.776,161.098,3,0.889,0.856,0.032,0.243,326.606,159.829,356,187,109,117,20.742,57
2015,12,4,Navy,American Athletic,8,1,161.856,150.260,5,0.889,0.824,0.065,0.452,344.330,182.474,334,177,97,97,2.934,71
2015,12,5,Western Kentucky,Conference USA,9,2,159.385,27.347,56,0.818,0.563,0.255,1.672,378.740,219.355,481,272,127,124,-69.215,115
2015,12,6,Houston,American Athletic,9,1,153.509,73.510,33,0.900,0.717,0.183,1.211,291.971,138.462,400,198,137,143,-44.766,100
2015,12,7,Ohio State,Big Ten,10,1,149.664,143.917,9,0.909,0.902,0.007,0.082,253.691,104.027,378,155,149,149,6.505,68
2015,12,8,Michigan,Big Ten,9,2,137.681,134.275,10,0.818,0.861,-0.043,-0.240,256.522,118.841,354,164,138,138,13.358,63
2015,12,9,App State,Sun Belt,7,2,137.138,33.297,54,0.778,0.603,0.175,1.096,291.304,154.167,335,185,115,120,-85.969,125
2015,12,10,Stanford,Pac-12,9,2,130.252,147.162,7,0.818,0.820,-0.002,0.023,316.406,186.154,405,242,128,130,27.626,51
2015,12,11,Toledo,Mid-American,9,1,129.399,85.837,25,0.900,0.756,0.144,0.956,277.519,148.120,358,197,129,133,-28.932,89
2015,12,12,Clemson,ACC,10,0,129.353,145.032,8,1.000,0.886,0.114,0.765,256.250,126.897,369,184,144,145,40.290,33
2015,12,14,Alabama,SEC,9,1,128.750,177.309,1,0.900,0.944,-0.044,-0.245,235.000,106.250,329,153,140,144,53.352,18
2015,12,14,Iowa,Big Ten,10,0,122.047,101.454,19,1.000,0.767,0.233,1.533,271.654,149.606,345,190,127,127,1.696,72
2015,12,15,Bowling Green,Mid-American,8,3,118.204,80.201,31,0.727,0.678,0.049,0.352,339.437,221.233,482,323,142,146,-8.687,76
2015,12,16,Oklahoma State,Big 12,9,1,116.861,111.548,13,0.900,0.777,0.123,0.823,304.861,188.000,439,282,144,150,30.658,47
2015,12,18,Notre Dame,FBS Independents,10,1,111.915,147.797,6,0.909,0.837,0.072,0.500,278.102,166.187,381,231,137,139,41.643,32
2015,12,19,Florida State,ACC,8,2,112.749,106.480,19,0.800,0.791,0.009,0.079,255.372,142.623,309,174,121,122,12.782,64
2015,12,20,Marshall,Conference USA,8,2,111.639,-0.683,74,0.800,0.497,0.303,1.873,222.378,110.738,318,165,143,149,-105.916,128
2015,12,20,Wisconsin,Big Ten,8,3,107.753,72.515,34,0.727,0.768,-0.041,-0.230,205.594,97.842,294,136,143,139,-11.761,79
2015,12,21,Southern Miss,Conference USA,7,3,106.313,-22.102,82,0.700,0.439,0.261,1.713,284.672,178.358,390,239,137,134,-99.191,127
2015,12,22,Temple,American Athletic,9,2,102.980,70.331,35,0.818,0.714,0.104,0.704,250.000,147.020,360,222,144,151,-24.950,84
2015,12,23,Florida,SEC,10,1,100.073,93.243,22,0.909,0.809,0.100,0.679,210.490,110.417,301,159,143,144,8.917,65
2015,12,24,Ole Miss,SEC,7,3,94.342,91.976,23,0.700,0.751,-0.051,-0.290,267.391,173.050,369,244,138,141,31.812,45
2015,12,25,San Diego State,Mountain West,7,3,92.677,10.455,64,0.700,0.537,0.163,1.083,237.121,144.444,313,182,132,126,-78.479,122
2015,12,26,Georgia Southern,Sun Belt,6,3,87.879,37.721,49,0.667,0.603,0.063,0.442,283.333,195.455,306,215,108,110,-58.541,110
2015,12,27,TCU,Big 12,8,2,86.599,120.482,11,0.800,0.793,0.007,0.080,279.167,192.568,402,285,144,148,35.493,38
2015,12,28,Louisiana Tech,Conference USA,7,3,85.881,-2.812,75,0.700,0.492,0.208,1.370,275.194,189.313,355,248,129,131,-74.242,119
2015,12,29,USC,Pac-12,7,4,82.394,90.766,24,0.636,0.752,-0.115,-0.706,276.056,193.662,392,275,142,142,44.376,28
2015,12,30,Boise State,Mountain West,6,4,81.078,-0.904,74,0.600,0.497,0.103,0.695,240.667,159.589,361,233,150,146,-55.966,107
2015,12,31,Michigan State,Big Ten,10,1,77.843,117.458,12,0.909,0.802,0.107,0.723,260.150,182.308,346,237,133,130,36.299,37
2015,12,32,UCLA,Pac-12,8,3,76.792,94.442,21,0.727,0.767,-0.039,-0.218,258.042,181.250,369,261,143,144,23.477,53
2015,12,33,Utah,Pac-12,8,3,75.728,101.828,18,0.727,0.788,-0.061,-0.358,246.763,171.034,343,248,139,145,33.401,41
2015,12,34,NC State,ACC,6,4,71.678,45.617,47,0.600,0.628,-0.028,-0.144,248.148,176.471,335,240,135,136,-11.482,78
2015,12,35,Mississippi State,SEC,7,3,69.615,108.128,16,0.700,0.792,-0.092,-0.555,239.844,170.229,307,223,128,131,32.495,43
2015,12,36,Air Force,Mountain West,7,3,66.911,-10.102,79,0.700,0.467,0.233,1.533,242.308,175.397,315,221,130,126,-51.648,104
2015,12,37,Tennessee,SEC,6,4,64.619,108.230,15,0.600,0.800,-0.200,-1.251,232.061,167.442,304,216,131,129,46.044,26
2015,12,38,Northern Illinois,Mid-American,7,3,63.636,31.615,53,0.700,0.590,0.110,0.739,235.664,172.028,337,246,143,143,-29.894,90
2015,12,39,Washington State,Pac-12,8,2,60.351,76.208,32,0.800,0.696,0.104,0.704,278.462,218.110,362,277,130,127,16.205,62
2015,12,40,Utah State,Mountain West,5,5,57.244,-0.299,73,0.500,0.499,0.001,0.040,252.800,195.556,316,264,125,135,-44.146,99
2015,12,41,Texas A&M,SEC,7,3,53.131,84.103,28,0.700,0.744,-0.044,-0.247,219.549,166.418,292,223,133,134,33.454,40
2015,12,42,West Virginia,Big 12,5,4,52.612,83.100,29,0.556,0.769,-0.213,-1.335,227.612,175.000,305,231,134,132,65.358,5
2015,12,43,Georgia,SEC,7,3,52.344,81.873,30,0.700,0.744,-0.044,-0.250,200.781,148.438,257,190,128,128,22.664,54
2015,12,44,LSU,SEC,7,3,51.240,99.824,20,0.700,0.757,-0.057,-0.334,263.636,212.397,319,257,121,121,41.659,31
2015,12,45,Memphis,American Athletic,7,3,49.640,68.791,37,0.700,0.672,0.028,0.212,277.698,228.058,386,317,139,139,30.207,49
2015,12,45,Nebraska,Big Ten,5,6,44.680,48.249,42,0.455,0.626,-0.171,-1.019,246.667,201.987,370,305,150,151,7.253,68
2015,12,46,Penn State,Big Ten,7,4,47.608,59.699,40,0.636,0.715,-0.079,-0.471,179.866,132.258,268,205,149,155,21.404,55
2015,12,47,BYU,FBS Independents,7,3,47.287,34.028,52,0.700,0.607,0.093,0.634,224.031,176.744,289,228,129,129,4.711,69
2015,12,48,Washington,Pac-12,4,6,46.589,69.591,36,0.400,0.760,-0.360,-2.279,201.550,154.962,260,203,129,131,48.027,23
2015,12,50,South Florida,American Athletic,6,4,43.079,62.527,39,0.600,0.695,-0.095,-0.576,227.407,184.328,307,247,135,134,33.516,39
2015,12,51,Oregon,Pac-12,7,3,41.369,108.095,17,0.700,0.743,-0.043,-0.239,289.286,247.917,405,357,140,144,58.661,11
2015,12,52,Pittsburgh,ACC,7,3,33.355,84.970,26,0.700,0.740,-0.040,-0.220,230.769,197.414,270,229,117,116,52.212,17
2015,12,53,Texas Tech,Big 12,5,5,17.785,53.964,40,0.500,0.612,-0.112,-0.657,322.857,305.072,452,421,140,138,47.881,26
2015,12,53,Western Michigan,Mid-American,5,5,31.421,11.482,63,0.500,0.531,-0.031,-0.164,266.667,235.246,336,287,126,122,-1.143,74
2015,12,54,Central Michigan,Mid-American,5,5,25.664,19.117,60,0.500,0.564,-0.064,-0.378,226.549,200.885,256,227,113,113,19.958,58
2015,12,55,Arkansas,SEC,5,5,20.433,84.279,27,0.500,0.690,-0.190,-1.186,285.345,264.912,331,302,116,114,68.613,4
2015,12,58,Middle Tennessee,Conference USA,5,5,11.762,-51.861,93,0.500,0.347,0.153,1.018,206.207,194.444,299,280,145,144,-39.826,97
2015,12,59,Cincinnati,American Athletic,5,5,10.675,16.687,62,0.500,0.543,-0.043,-0.240,251.389,240.714,362,337,144,140,4.312,70
2015,12,60,Arkansas State,Sun Belt,6,3,13.156,-33.832,88,0.667,0.401,0.265,1.647,218.750,205.594,315,294,144,143,-48.768,102
2015,12,60,Duke,ACC,5,5,10.114,27.114,57,0.500,0.583,-0.083,-0.495,204.317,194.203,284,268,139,138,18.391,60
2015,12,61,California,Pac-12,5,5,9.018,62.954,38,0.500,0.657,-0.157,-0.971,245.736,236.719,317,303,129,128,63.316,7
2015,12,62,Virginia Tech,ACC,4,6,8.665,57.071,42,0.400,0.670,-0.270,-1.697,202.143,193.478,283,267,140,138,50.457,20
2015,12,63,Auburn,SEC,5,5,8.004,44.483,48,0.500,0.624,-0.124,-0.761,244.444,236.441,286,279,117,118,32.693,42
2015,12,64,East Carolina,American Athletic,4,6,4.301,9.738,65,0.400,0.529,-0.129,-0.796,205.036,200.735,285,273,139,136,21.134,56
2015,12,65,Arizona State,Pac-12,5,5,2.614,50.599,44,0.500,0.646,-0.146,-0.904,213.725,211.111,327,323,153,153,48.927,22
2015,12,66,Ohio,Mid-American,6,4,2.312,-34.684,87,0.600,0.403,0.197,1.302,217.886,215.574,268,263,123,122,-45.482,101
2015,12,67,Louisville,ACC,5,5,-1.460,36.723,50,0.500,0.607,-0.107,-0.655,191.971,193.431,263,265,137,137,46.767,25
2015,12,68,Northwestern,Big Ten,8,2,-2.947,51.751,43,0.800,0.730,0.070,0.484,132.609,135.556,183,183,138,135,45.174,27
2015,12,69,UConn,American Athletic,5,5,-8.821,-20.744,80,0.500,0.420,0.080,0.545,148.438,157.258,190,195,128,124,-5.041,75
2015,12,70,San José State,Mountain West,4,6,-10.756,-80.706,97,0.400,0.304,0.096,0.648,230.769,241.525,270,285,117,118,-69.331,116
2015,12,71,Georgia Tech,ACC,2,8,-17.705,26.324,58,0.200,0.574,-0.374,-2.364,220.000,237.705,275,290,125,122,64.663,6
2015,12,72,Tulsa,American Athletic,5,6,-18.615,-25.062,84,0.455,0.436,0.019,0.154,238.272,256.886,386,429,162,167,-11.106,77
2015,12,73,Colorado State,Mountain West,5,5,-18.868,-67.017,95,0.500,0.326,0.174,1.152,210.400,229.268,263,282,125,123,-56.117,108
2015,12,74,Buffalo,Mid-American,4,6,-21.162,-38.814,89,0.400,0.388,0.012,0.113,209.483,230.645,243,286,116,124,-21.319,83
2015,12,75,Nevada,Mountain West,5,5,-21.715,-93.990,99,0.500,0.243,0.257,1.684,206.154,227.869,268,278,130,122,-78.586,123
2015,12,76,Louisiana,Sun Belt,3,6,-22.100,-113.338,106,0.333,0.217,0.116,0.780,212.821,234.921,249,296,117,126,-89.875,125
2015,12,77,Indiana,Big Ten,4,6,-23.289,18.178,61,0.400,0.544,-0.144,-0.888,237.143,260.432,332,362,140,139,40.250,34
2015,12,78,Arizona,Pac-12,5,6,-25.296,8.212,67,0.455,0.520,-0.066,-0.387,245.946,271.242,364,415,148,153,26.852,52
2015,12,79,Missouri,SEC,4,6,-25.731,7.749,68,0.400,0.536,-0.136,-0.837,101.613,127.344,126,163,124,128,30.959,46
2015,12,80,Kentucky,SEC,4,6,-27.782,-30.040,86,0.400,0.414,-0.014,-0.058,190.400,218.182,238,264,125,121,11.483,64
2015,12,81,Minnesota,Big Ten,5,6,-29.267,0.970,71,0.455,0.503,-0.048,-0.276,173.611,202.878,250,282,144,139,30.490,48
2015,12,82,Akron,Mid-American,5,5,-31.829,-38.977,90,0.500,0.351,0.149,0.992,161.194,193.023,216,249,134,129,-25.461,86
2015,12,83,Illinois,Big Ten,4,6,-33.010,-8.976,77,0.400,0.467,-0.067,-0.396,151.773,184.783,214,255,141,138,38.198,35
2015,12,84,Georgia State,Sun Belt,4,5,-38.639,-105.907,103,0.444,0.200,0.244,1.602,191.870,230.508,236,272,123,118,-78.000,121
2015,12,84,Texas,Big 12,4,6,-43.147,24.399,60,0.400,0.578,-0.178,-1.061,188.636,231.783,249,299,132,129,53.174,19
2015,12,86,New Mexico,Mountain West,5,5,-43.713,-119.924,109,0.500,0.174,0.326,2.124,183.846,227.559,239,289,130,127,-71.919,118
2015,12,87,Miami,ACC,6,4,-43.928,46.000,46,0.600,0.633,-0.033,-0.178,211.628,255.556,273,322,129,126,50.817,19
2015,12,87,Troy,Sun Belt,2,7,-49.874,-113.733,108,0.222,0.192,0.030,0.210,189.256,239.130,229,275,121,115,-31.998,92
2015,12,88,Florida Atlantic,Conference USA,2,9,-46.704,-94.525,100,0.182,0.237,-0.056,-0.322,166.901,213.605,237,314,142,147,-50.870,103
2015,12,89,South Carolina,SEC,3,7,-51.695,1.266,71,0.300,0.504,-0.204,-1.216,177.119,228.814,209,270,118,118,54.366,17
2015,12,90,Kansas State,Big 12,3,6,-51.492,28.829,54,0.333,0.584,-0.250,-1.573,221.008,272.500,263,327,119,120,58.058,12
2015,12,92,Boston College,ACC,1,8,-53.800,6.255,69,0.111,0.538,-0.427,-2.707,71.200,125.000,89,160,125,128,61.694,9
2015,12,93,Colorado,Pac-12,3,8,-59.678,-24.048,83,0.273,0.422,-0.149,-0.925,201.562,261.240,258,337,128,129,31.833,44
2015,12,94,Vanderbilt,SEC,3,7,-62.500,-21.115,81,0.300,0.385,-0.085,-0.514,78.676,141.176,107,192,136,136,36.870,36
2015,12,95,Virginia,ACC,3,7,-63.492,9.406,66,0.300,0.527,-0.227,-1.421,201.587,265.079,254,334,126,126,61.768,8
2015,12,96,Iowa State,Big 12,2,8,-64.162,27.728,55,0.200,0.579,-0.379,-2.399,200.763,264.925,263,355,131,134,76.658,3
2015,12,97,Florida International,Conference USA,4,7,-66.006,-106.743,104,0.364,0.224,0.140,0.932,220.661,286.667,267,344,121,120,-91.238,126
2015,12,98,Army,FBS Independents,1,8,-66.082,-116.801,108,0.111,0.213,-0.102,-0.618,195.918,262.000,192,262,98,100,-56.218,109
2015,12,99,Syracuse,ACC,2,8,-68.845,-5.884,76,0.200,0.485,-0.285,-1.797,206.349,275.194,260,355,126,129,56.750,13
2015,12,100,UTSA,Conference USA,3,8,-70.939,-129.047,113,0.273,0.155,0.117,0.788,176.000,246.939,264,363,150,147,-74.277,120
2015,12,101,South Alabama,Sun Belt,4,5,-82.479,-120.988,112,0.444,0.171,0.274,1.792,181.301,263.780,223,335,123,127,-62.508,112
2015,12,102,Massachusetts,Mid-American,2,9,-85.806,-101.994,102,0.182,0.209,-0.027,-0.140,154.605,240.411,235,351,152,146,-27.398,88
2015,12,103,UNLV,Mountain West,2,8,-95.875,-119.962,110,0.200,0.195,0.005,0.066,171.533,267.407,235,361,137,135,-32.199,91
2015,12,104,Maryland,Big Ten,1,9,-97.639,0.040,72,0.100,0.500,-0.400,-2.534,137.931,235.570,200,351,145,149,87.332,1
2015,12,105,Ball State,Mid-American,2,8,-97.990,-94.641,101,0.200,0.252,-0.052,-0.297,176.613,274.603,219,346,124,126,-15.049,81
2015,12,106,Wake Forest,ACC,2,8,-99.791,-46.031,91,0.200,0.324,-0.124,-0.762,110.526,210.317,147,265,133,126,54.832,14
2015,12,107,Purdue,Big Ten,1,9,-103.911,-46.465,92,0.100,0.374,-0.274,-1.724,168.148,272.059,227,370,135,136,52.562,15
2015,12,108,Rutgers,Big Ten,3,7,-106.039,-28.911,85,0.300,0.422,-0.122,-0.747,179.675,285.714,221,360,123,126,47.892,24
2015,12,109,SMU,American Athletic,2,8,-110.390,-64.372,94,0.200,0.349,-0.149,-0.920,218.182,328.571,288,437,132,133,28.717,50
2015,12,110,Miami (OH),Mid-American,2,9,-116.672,-120.323,111,0.182,0.128,0.054,0.378,121.935,238.608,189,377,155,158,-32.330,92
2015,12,111,Idaho,Sun Belt,2,8,-116.915,-149.232,117,0.200,0.188,0.012,0.109,215.909,332.824,285,436,132,131,-42.115,98
2015,12,112,New Mexico State,Sun Belt,3,7,-117.730,-146.424,116,0.300,0.166,0.134,0.897,198.582,316.312,280,446,141,141,-69.944,117
2015,12,113,Old Dominion,Conference USA,4,6,-122.640,-182.756,124,0.400,0.100,0.300,1.959,169.784,292.424,236,386,139,132,-69.161,114
2015,12,114,Texas State,Sun Belt,2,7,-124.281,-150.459,118,0.222,0.143,0.079,0.544,172.358,296.639,212,353,123,119,-51.741,105
2015,12,115,UTEP,Conference USA,3,7,-136.752,-168.970,122,0.300,0.075,0.225,1.481,171.795,308.547,201,361,117,117,-60.181,111
2015,12,115,Wyoming,Mountain West,1,9,-139.431,-172.132,123,0.100,0.106,-0.006,-0.012,150.000,289.431,180,356,120,123,-39.979,97
2015,12,117,Kent State,Mid-American,2,8,-140.771,-109.003,105,0.200,0.077,0.123,0.824,92.562,233.333,112,280,121,120,-11.931,80
2015,12,119,Charlotte,Conference USA,1,9,-157.000,-185.221,126,0.100,0.049,0.051,0.363,108.333,265.333,169,398,156,150,-64.913,113
2015,12,120,Eastern Michigan,Mid-American,1,10,-151.194,-192.520,127,0.091,0.139,-0.048,-0.264,202.190,353.383,277,470,137,133,-54.808,105
2015,12,120,Fresno State,Mountain West,2,8,-173.936,-163.088,120,0.200,0.125,0.075,0.517,146.377,320.312,202,410,138,128,-25.384,85
2015,12,121,Oregon State,Pac-12,1,9,-175.150,-88.141,98,0.100,0.234,-0.134,-0.828,128.000,303.150,160,385,125,127,58.992,10
2015,12,122,Rice,Conference USA,3,7,-176.813,-153.009,119,0.300,0.147,0.153,1.014,196.581,373.394,230,407,117,109,-38.626,96
2015,12,123,UCF,American Athletic,0,10,-179.659,-145.939,115,0.000,0.102,-0.102,-0.619,112.879,292.537,149,392,132,134,1.351,73
2015,12,124,Tulane,American Athletic,2,8,-179.726,-142.169,114,0.200,0.125,0.075,0.516,124.242,303.968,164,383,132,126,6.847,67
2015,12,125,UL Monroe,Sun Belt,0,10,-182.658,-178.450,123,0.000,0.061,-0.061,-0.356,107.483,290.141,158,412,147,142,-25.805,87
2015,12,126,Hawai'i,Mountain West,1,10,-184.693,-187.073,127,0.091,0.052,0.039,0.282,112.409,297.101,154,410,137,138,-36.179,95
2015,12,127,North Texas,Conference USA,1,9,-204.667,-183.751,125,0.100,0.080,0.020,0.163,130.579,335.246,158,409,121,122,-18.265,82
2015,12,128,Kansas,Big 12,0,10,-234.965,-76.191,96,0.000,0.220,-0.220,-1.378,91.608,326.573,131,467,143,143,77.736,2
2015,13,1,Oklahoma,Big 12,11,1,179.008,179.629,2,0.917,0.921,-0.005,0.003,317.341,138.333,549,249,173,180,47.736,25
2015,13,2,Western Kentucky,Conference USA,10,2,158.954,42.027,51,0.833,0.596,0.238,1.568,373.239,214.286,530,300,142,140,-59.545,106
2015,13,3,Houston,American Athletic,10,1,158.931,99.963,19,0.909,0.760,0.149,0.997,309.589,150.658,452,229,146,152,-28.772,86
2015,13,4,North Carolina,ACC,9,1,157.371,157.615,4,0.900,0.844,0.056,0.392,328.689,171.318,401,221,122,129,25.013,54
2015,13,5,Ohio State,Big Ten,11,1,156.840,160.097,3,0.917,0.918,-0.001,0.027,262.500,105.660,420,168,160,159,13.908,64
2015,13,6,Baylor,Big 12,8,2,148.630,144.274,7,0.800,0.829,-0.029,-0.155,337.671,189.041,493,276,146,146,30.155,49
2015,13,7,App State,Sun Belt,8,2,140.403,43.193,49,0.800,0.636,0.164,1.094,288.095,147.692,363,192,126,130,-82.601,124
2015,13,8,Bowling Green,Mid-American,9,3,133.810,85.590,28,0.750,0.695,0.055,0.390,341.935,208.125,530,333,155,160,-14.297,80
2015,13,9,Alabama,SEC,10,1,130.676,181.313,1,0.909,0.948,-0.038,-0.216,237.086,106.410,358,166,151,156,54.507,11
2015,13,10,Navy,American Athletic,8,2,128.302,118.681,12,0.800,0.751,0.049,0.349,344.340,216.038,365,229,106,106,9.420,68
2015,13,11,Toledo,Mid-American,9,2,126.339,86.464,27,0.818,0.754,0.064,0.448,300.775,174.436,388,232,129,133,-28.306,84
2015,13,12,Florida State,ACC,9,2,121.335,128.258,10,0.818,0.841,-0.023,-0.117,250.746,129.412,336,176,134,136,25.494,53
2015,13,13,Clemson,ACC,11,0,120.253,138.525,8,1.000,0.869,0.131,0.876,256.962,136.709,406,216,158,158,41.657,34
2015,13,14,Stanford,Pac-12,10,2,120.134,144.341,6,0.833,0.811,0.022,0.177,318.705,198.571,443,278,139,140,35.980,42
2015,13,15,Iowa,Big Ten,11,0,116.652,100.799,18,1.000,0.772,0.228,1.505,264.539,147.887,373,210,141,142,4.050,71
2015,13,16,Southern Miss,Conference USA,8,3,115.108,-8.446,76,0.727,0.477,0.251,1.651,292.810,177.703,448,263,153,148,-92.487,128
2015,13,17,Temple,American Athletic,10,2,110.789,78.306,33,0.833,0.733,0.101,0.682,249.677,138.889,387,225,155,162,-27.217,83
2015,13,18,Georgia Southern,Sun Belt,7,3,109.729,47.250,46,0.700,0.626,0.074,0.510,298.347,188.618,361,232,121,123,-60.924,110
2015,13,19,Michigan,Big Ten,9,3,109.718,113.950,14,0.750,0.816,-0.066,-0.396,247.973,138.255,367,206,148,149,23.336,57
2015,13,20,Notre Dame,FBS Independents,10,2,104.340,148.356,5,0.833,0.832,0.001,0.040,283.673,179.333,417,269,147,150,49.836,20
2015,13,21,Wisconsin,Big Ten,9,3,103.082,70.221,36,0.750,0.759,-0.009,-0.026,205.696,102.614,325,157,158,153,-11.754,78
2015,13,22,Michigan State,Big Ten,11,1,100.987,131.154,9,0.917,0.819,0.097,0.661,280.420,179.433,401,253,143,141,32.213,47
2015,13,23,San Diego State,Mountain West,8,3,96.234,6.148,64,0.727,0.522,0.205,1.359,237.241,141.007,344,196,145,139,-86.589,125
2015,13,24,Ole Miss,SEC,8,3,96.030,105.682,16,0.727,0.771,-0.044,-0.251,273.154,177.124,407,271,149,153,40.037,37
2015,13,25,USC,Pac-12,8,4,90.175,103.906,17,0.667,0.781,-0.115,-0.709,278.710,188.535,432,296,155,157,47.408,27
2015,13,26,Memphis,American Athletic,8,3,88.353,75.182,35,0.727,0.705,0.023,0.179,291.558,203.205,449,317,154,156,23.136,58
2015,13,27,Marshall,Conference USA,8,3,87.122,-5.283,75,0.727,0.481,0.247,1.626,217.610,130.488,346,214,159,164,-87.162,126
2015,13,28,Boise State,Mountain West,7,4,84.966,1.622,70,0.636,0.505,0.131,0.880,249.068,164.103,401,256,161,156,-60.583,109
2015,13,29,Oklahoma State,Big 12,9,2,82.529,90.820,25,0.818,0.724,0.094,0.638,292.405,209.877,462,340,158,162,40.985,35
2015,13,30,TCU,Big 12,9,2,81.661,125.526,11,0.818,0.815,0.003,0.053,263.804,182.143,430,306,163,168,44.411,30
2015,13,31,Florida,SEC,10,2,74.522,81.909,30,0.833,0.785,0.048,0.343,192.994,118.471,303,186,157,157,20.727,59
2015,13,32,Tennessee,SEC,7,4,74.376,114.731,13,0.636,0.792,-0.156,-0.975,246.207,171.831,357,244,145,142,43.363,32
2015,13,33,Utah,Pac-12,9,3,73.505,93.011,24,0.750,0.777,-0.027,-0.143,237.255,163.750,363,262,153,160,26.159,52
2015,13,34,Washington,Pac-12,5,6,69.416,88.502,26,0.455,0.818,-0.364,-2.319,216.312,146.897,305,213,141,145,46.604,29
2015,13,35,South Florida,American Athletic,7,4,66.800,65.559,37,0.636,0.701,-0.065,-0.387,240.411,173.611,351,250,146,144,16.292,63
2015,13,36,West Virginia,Big 12,6,4,64.023,93.207,23,0.600,0.802,-0.202,-1.275,226.351,162.329,335,237,148,146,60.096,7
2015,13,37,NC State,ACC,6,5,59.745,52.711,42,0.545,0.643,-0.097,-0.595,251.020,191.275,369,285,147,149,6.514,70
2015,13,38,BYU,FBS Independents,8,3,57.931,36.843,53,0.727,0.613,0.115,0.773,234.483,176.552,340,256,145,145,-2.877,76
2015,13,39,Northern Illinois,Mid-American,7,4,57.335,24.585,57,0.636,0.572,0.064,0.448,229.487,172.152,358,272,156,158,-30.260,88
2015,13,40,Louisiana Tech,Conference USA,7,4,56.872,-15.028,79,0.636,0.458,0.179,1.187,265.035,208.163,379,306,143,147,-66.002,114
2015,13,41,UCLA,Pac-12,8,4,55.116,77.421,34,0.667,0.724,-0.057,-0.338,246.835,191.720,390,301,158,157,26.345,51
2015,13,42,Mississippi State,SEC,7,4,54.769,98.393,20,0.636,0.760,-0.124,-0.769,238.571,183.803,334,261,140,142,40.587,36
2015,13,43,Georgia,SEC,8,3,53.926,84.594,29,0.727,0.766,-0.039,-0.217,195.652,141.727,270,197,138,139,24.734,55
2015,13,44,LSU,SEC,8,3,53.743,111.755,15,0.727,0.793,-0.066,-0.395,252.239,198.496,338,264,134,133,50.894,18
2015,13,45,Air Force,Mountain West,7,4,51.308,-30.542,86,0.636,0.402,0.234,1.543,241.379,190.071,350,268,145,141,-61.039,111
2015,13,46,Oregon,Pac-12,8,3,42.924,96.491,22,0.727,0.712,0.015,0.131,298.693,255.769,457,399,153,156,47.006,28
2015,13,47,Texas A&M,SEC,7,4,41.581,80.929,31,0.636,0.750,-0.113,-0.699,206.207,164.626,299,242,145,147,42.868,33
2015,13,48,Arkansas,SEC,6,5,38.405,97.529,21,0.545,0.721,-0.176,-1.105,280.469,242.063,359,305,128,126,64.348,5
2015,13,49,Utah State,Mountain West,5,6,35.362,-11.067,77,0.455,0.470,-0.015,-0.067,243.972,208.609,344,315,141,151,-37.860,95
2015,13,50,Western Michigan,Mid-American,6,5,34.608,16.041,62,0.545,0.543,0.003,0.049,294.444,259.836,371,317,126,122,3.416,72
2015,13,51,Nebraska,Big Ten,5,7,34.545,49.703,44,0.417,0.635,-0.219,-1.380,236.364,201.818,390,333,165,165,17.678,61
2015,13,52,Middle Tennessee,Conference USA,6,5,33.428,-38.025,90,0.545,0.385,0.160,1.067,218.590,185.161,341,287,156,155,-50.224,101
2015,13,53,Arkansas State,Sun Belt,7,3,28.302,-26.634,84,0.700,0.424,0.276,1.818,230.818,202.516,367,322,159,159,-57.243,105
2015,13,54,Washington State,Pac-12,8,3,26.679,52.258,43,0.727,0.639,0.089,0.605,258.333,231.655,372,322,144,139,20.004,60
2015,13,55,Central Michigan,Mid-American,6,5,26.363,2.508,68,0.545,0.509,0.037,0.269,225.581,199.219,291,255,129,128,0.057,75
2015,13,56,Pittsburgh,ACC,7,4,26.344,79.812,32,0.636,0.725,-0.089,-0.540,227.907,201.562,294,258,129,128,53.820,15
2015,13,57,Penn State,Big Ten,7,5,19.924,39.243,52,0.583,0.639,-0.056,-0.330,177.500,157.576,284,260,160,165,28.684,50
2015,13,58,Texas Tech,Big 12,6,5,15.747,56.147,39,0.545,0.617,-0.071,-0.428,314.465,298.718,500,466,159,156,50.378,19
2015,13,59,Duke,ACC,6,5,13.294,23.844,58,0.545,0.571,-0.026,-0.134,205.960,192.667,311,289,151,150,11.369,66
2015,13,60,Cincinnati,American Athletic,6,5,12.107,23.143,59,0.545,0.560,-0.015,-0.064,249.020,236.913,381,353,153,149,8.862,69
2015,13,61,California,Pac-12,6,5,11.268,62.733,38,0.545,0.651,-0.106,-0.653,257.042,245.775,365,349,142,142,59.366,8
2015,13,62,Virginia Tech,ACC,5,6,9.838,55.336,40,0.455,0.670,-0.216,-1.362,197.419,187.582,306,287,155,153,47.505,26
2015,13,63,Louisville,ACC,6,5,6.636,42.459,50,0.545,0.625,-0.080,-0.484,198.026,191.391,301,289,152,151,44.143,31
2015,13,64,Northwestern,Big Ten,9,2,3.969,47.253,45,0.818,0.708,0.111,0.747,136.184,132.215,207,197,152,149,34.781,43
2015,13,65,Ohio,Mid-American,7,4,2.673,-28.578,85,0.636,0.418,0.219,1.445,213.043,210.370,294,284,138,135,-39.466,96
2015,13,66,East Carolina,American Athletic,4,7,1.999,4.080,67,0.364,0.513,-0.149,-0.930,203.378,201.379,301,292,148,145,17.471,62
2015,13,67,Arizona State,Pac-12,5,6,-0.141,46.114,47,0.455,0.628,-0.173,-1.087,223.353,223.494,373,371,167,166,48.291,24
2015,13,68,Tulsa,American Athletic,6,6,-6.668,-19.026,81,0.500,0.453,0.047,0.338,249.133,255.801,431,463,173,181,-20.086,81
2015,13,69,Auburn,SEC,5,6,-6.977,45.447,48,0.455,0.625,-0.171,-1.070,231.783,238.760,299,308,129,129,48.847,23
2015,13,70,Indiana,Big Ten,5,6,-9.338,22.465,60,0.455,0.555,-0.100,-0.613,247.436,256.774,386,398,156,155,32.304,46
2015,13,71,Colorado State,Mountain West,6,5,-11.594,-75.019,95,0.545,0.306,0.240,1.581,215.217,226.812,297,313,138,138,-70.098,116
2015,13,72,Akron,Mid-American,6,5,-15.248,-25.798,83,0.545,0.403,0.143,0.955,163.889,179.137,236,249,144,139,-31.692,90
2015,13,73,San José State,Mountain West,4,7,-21.229,-88.194,98,0.364,0.291,0.073,0.504,230.709,251.938,293,325,127,129,-65.705,113
2015,13,74,Georgia Tech,ACC,2,9,-22.193,25.763,56,0.182,0.576,-0.394,-2.512,207.353,229.545,282,303,136,132,66.650,4
2015,13,75,Buffalo,Mid-American,4,7,-22.714,-50.231,92,0.364,0.357,0.007,0.078,205.344,228.058,269,317,131,139,-31.151,89
2015,13,76,Kansas State,Big 12,4,6,-23.219,36.472,54,0.400,0.601,-0.201,-1.268,235.115,258.333,308,341,131,132,39.444,38
2015,13,78,Arizona,Pac-12,5,6,-25.296,8.212,67,0.455,0.520,-0.066,-0.387,245.946,271.242,364,415,148,153,26.852,52
2015,13,78,UConn,American Athletic,5,6,-25.596,-33.341,88,0.455,0.370,0.084,0.577,138.849,164.444,193,222,139,135,0.769,74
2015,13,79,Georgia State,Sun Belt,5,5,-28.491,-101.684,103,0.500,0.210,0.290,1.907,193.478,221.970,267,293,138,132,-82.235,123
2015,13,80,New Mexico,Mountain West,6,5,-30.928,-107.225,105,0.545,0.207,0.338,2.219,197.241,228.169,286,324,145,142,-70.857,118
2015,13,81,Nevada,Mountain West,5,6,-31.686,-100.550,102,0.455,0.228,0.227,1.496,197.203,228.889,282,309,143,135,-74.658,122
2015,13,82,Minnesota,Big Ten,5,7,-31.728,-0.012,72,0.417,0.500,-0.083,-0.506,171.519,203.247,271,313,158,154,31.771,48
2015,13,83,Kentucky,SEC,4,7,-33.570,-32.534,87,0.364,0.407,-0.043,-0.246,188.489,222.059,262,302,139,136,12.661,65
2015,13,84,Louisiana,Sun Belt,3,7,-34.922,-113.893,106,0.300,0.209,0.091,0.617,201.575,236.496,256,324,127,137,-74.321,121
2015,13,85,Illinois,Big Ten,4,7,-36.456,-11.581,78,0.364,0.458,-0.095,-0.579,147.097,183.553,228,279,155,152,37.798,40
2015,13,86,Miami,ACC,7,4,-36.540,53.316,41,0.636,0.651,-0.014,-0.060,214.184,250.725,302,346,141,138,53.908,14
2015,13,87,Texas,Big 12,4,7,-38.459,26.432,55,0.364,0.587,-0.223,-1.408,196.000,234.459,294,347,150,148,52.831,16
2015,13,88,Missouri,SEC,4,7,-41.576,-3.255,74,0.364,0.484,-0.120,-0.745,94.853,136.429,129,191,136,140,36.784,41
2015,13,89,Florida Atlantic,Conference USA,3,9,-41.845,-100.035,101,0.250,0.223,0.027,0.209,169.811,211.656,270,345,159,163,-60.048,108
2015,13,90,South Carolina,SEC,3,8,-48.606,1.795,69,0.273,0.505,-0.232,-1.467,183.969,232.576,241,307,131,132,51.716,17
2015,13,91,Troy,Sun Belt,2,8,-50.199,-116.936,108,0.200,0.181,0.019,0.155,185.185,235.385,250,306,135,130,-37.708,94
2015,13,92,Boston College,ACC,1,9,-50.848,4.947,65,0.100,0.530,-0.430,-2.748,76.812,127.660,106,180,138,141,57.150,9
2015,13,93,Virginia,ACC,3,8,-58.865,11.022,63,0.273,0.532,-0.260,-1.645,194.326,253.191,274,357,141,141,60.441,6
2015,13,94,Colorado,Pac-12,3,9,-59.441,-21.671,82,0.250,0.427,-0.177,-1.110,190.210,249.650,272,357,143,143,33.632,44
2015,13,95,Syracuse,ACC,3,8,-60.533,-0.690,73,0.273,0.498,-0.226,-1.425,201.439,261.972,280,372,139,142,54.152,13
2015,13,97,Florida International,Conference USA,4,7,-66.006,-106.743,104,0.364,0.224,0.140,0.932,220.661,286.667,267,344,121,120,-91.238,126
2015,13,98,Army,FBS Independents,1,8,-66.082,-116.801,108,0.111,0.213,-0.102,-0.618,195.918,262.000,192,262,98,100,-56.218,109
2015,13,98,Vanderbilt,SEC,3,8,-72.729,-18.657,80,0.273,0.411,-0.138,-0.861,90.604,163.333,135,245,149,150,48.892,22
2015,13,99,Iowa State,Big 12,2,9,-74.618,17.424,61,0.182,0.551,-0.369,-2.352,185.517,260.135,269,385,145,148,77.491,1
2015,13,100,Massachusetts,Mid-American,3,9,-74.880,-91.813,99,0.250,0.232,0.018,0.146,159.281,234.161,266,377,167,161,-26.211,82
2015,13,101,Maryland,Big Ten,2,9,-85.274,0.828,71,0.182,0.503,-0.321,-2.040,153.750,239.024,246,392,160,164,77.155,2
2015,13,102,UTSA,Conference USA,3,9,-88.006,-143.413,115,0.250,0.130,0.120,0.809,168.323,256.329,271,405,161,158,-71.995,119
2015,13,103,UNLV,Mountain West,2,9,-92.234,-135.663,112,0.182,0.168,0.014,0.124,175.333,267.568,263,396,150,148,-50.984,102
2015,13,104,Wake Forest,ACC,2,9,-95.732,-41.885,91,0.182,0.342,-0.160,-1.002,115.862,211.594,168,292,145,138,54.354,12
2015,13,105,Rutgers,Big Ten,3,8,-98.088,-33.583,89,0.273,0.411,-0.139,-0.863,189.855,287.943,262,406,138,141,39.269,39
2015,13,106,South Alabama,Sun Belt,4,6,-102.101,-123.182,111,0.400,0.171,0.229,1.512,176.471,278.571,240,390,136,140,-49.012,100
2015,13,107,Purdue,Big Ten,1,10,-104.775,-50.648,93,0.091,0.364,-0.273,-1.732,174.172,278.947,263,424,151,152,49.604,21
2015,13,108,Old Dominion,Conference USA,4,7,-108.950,-172.794,124,0.364,0.111,0.253,1.664,172.258,281.208,267,419,155,149,-69.493,115
2015,13,109,Idaho,Sun Belt,3,8,-111.792,-144.608,116,0.273,0.195,0.077,0.532,244.697,356.489,323,467,132,131,-37.491,93
2015,13,110,Miami (OH),Mid-American,2,9,-116.672,-120.323,111,0.182,0.128,0.054,0.378,121.935,238.608,189,377,155,158,-32.330,92
2015,13,111,Ball State,Mid-American,2,9,-117.511,-97.274,100,0.182,0.240,-0.058,-0.342,165.942,283.453,229,394,138,139,-4.837,77
2015,13,112,Wyoming,Mountain West,2,9,-120.699,-163.549,120,0.182,0.119,0.063,0.438,161.654,282.353,215,384,133,136,-48.304,99
2015,13,113,New Mexico State,Sun Belt,3,8,-123.052,-147.688,119,0.273,0.166,0.107,0.722,196.178,319.231,308,498,157,156,-62.554,112
2015,13,114,UTEP,Conference USA,4,7,-123.345,-169.782,122,0.364,0.070,0.294,1.930,167.424,290.769,221,378,132,130,-72.128,120
2015,13,115,Texas State,Sun Belt,2,8,-131.010,-142.174,114,0.200,0.153,0.047,0.335,197.561,328.571,243,391,123,119,-43.456,97
2015,13,116,Eastern Michigan,Mid-American,1,11,-138.268,-174.504,125,0.083,0.160,-0.077,-0.464,200.658,338.926,305,505,152,149,-45.594,98
2015,13,117,SMU,American Athletic,2,9,-144.549,-68.497,94,0.182,0.328,-0.146,-0.912,193.289,337.838,288,500,149,148,33.099,45
2015,13,118,Kent State,Mid-American,2,9,-145.273,-120.473,109,0.182,0.063,0.119,0.802,85.496,230.769,112,300,131,130,-11.964,79
2015,13,119,Rice,Conference USA,4,7,-145.775,-141.805,113,0.364,0.163,0.200,1.326,199.225,345.000,257,414,129,120,-54.996,104
2015,13,120,Charlotte,Conference USA,1,10,-156.956,-194.254,128,0.091,0.037,0.054,0.379,105.389,262.346,176,425,167,162,-70.213,117
2015,13,121,Fresno State,Mountain West,2,9,-162.606,-165.707,121,0.182,0.119,0.063,0.439,152.288,314.894,233,444,153,141,-35.534,91
2015,13,122,Oregon State,Pac-12,1,10,-164.698,-81.604,96,0.091,0.263,-0.172,-1.081,147.445,312.143,202,437,137,140,56.699,10
2015,13,123,UL Monroe,Sun Belt,0,11,-165.596,-171.685,123,0.000,0.077,-0.077,-0.466,116.456,282.051,184,440,158,156,-36.222,92
2015,13,124,Hawai'i,Mountain West,2,10,-172.088,-191.526,127,0.167,0.052,0.115,0.774,120.530,292.617,182,436,151,149,-51.043,103
2015,13,125,Tulane,American Athletic,2,9,-176.792,-147.532,118,0.182,0.128,0.054,0.379,135.616,312.409,198,428,146,137,3.050,73
2015,13,126,North Texas,Conference USA,1,10,-182.542,-180.922,126,0.091,0.080,0.011,0.104,130.597,313.139,175,429,134,137,-30.247,87
2015,13,127,UCF,American Athletic,0,11,-193.647,-146.733,117,0.000,0.096,-0.096,-0.585,107.042,300.690,152,436,142,145,10.060,67
2015,13,128,Kansas,Big 12,0,11,-236.774,-87.371,97,0.000,0.203,-0.203,-1.281,93.548,330.323,145,512,155,155,73.776,3
2015,14,1,Oklahoma,Big 12,11,1,179.008,179.629,2,0.917,0.921,-0.005,0.003,317.341,138.333,549,249,173,180,47.736,25
2015,14,3,Western Kentucky,Conference USA,11,2,154.211,45.855,47,0.846,0.605,0.241,1.643,368.590,214.379,575,328,156,153,-56.089,106
2015,14,4,Houston,American Athletic,11,1,152.800,102.854,17,0.917,0.771,0.145,1.012,301.266,148.466,476,242,158,163,-21.971,84
2015,14,5,North Carolina,ACC,9,2,133.943,151.699,5,0.818,0.832,-0.014,-0.038,317.391,183.448,438,266,138,145,35.697,46
2015,14,5,Ohio State,Big Ten,11,1,156.840,160.097,3,0.917,0.918,-0.001,0.027,262.500,105.660,420,168,160,159,13.908,64
2015,14,6,Baylor,Big 12,8,3,131.875,128.733,9,0.727,0.808,-0.081,-0.479,318.750,186.875,510,299,160,160,28.885,52
2015,14,7,Bowling Green,Mid-American,10,3,130.399,89.317,25,0.769,0.709,0.060,0.453,329.825,199.425,564,347,171,174,-11.540,80
2015,14,8,App State,Sun Belt,9,2,129.477,34.113,54,0.818,0.607,0.211,1.446,281.560,152.083,397,219,141,144,-83.319,126
2015,14,10,Navy,American Athletic,8,2,128.302,118.681,12,0.800,0.751,0.049,0.349,344.340,216.038,365,229,106,106,9.420,68
2015,14,10,Stanford,Pac-12,11,2,127.027,160.057,3,0.846,0.830,0.016,0.161,327.027,200.000,484,300,148,150,41.911,35
2015,14,11,Toledo,Mid-American,9,2,126.339,86.464,27,0.818,0.754,0.064,0.448,300.775,174.436,388,232,129,133,-28.306,84
2015,14,12,Alabama,SEC,11,1,126.032,179.512,1,0.917,0.943,-0.027,-0.119,233.133,107.101,387,181,166,169,56.777,12
2015,14,12,Florida State,ACC,9,2,121.335,128.258,10,0.818,0.841,-0.023,-0.117,250.746,129.412,336,176,134,136,25.494,53
2015,14,14,Clemson,ACC,12,0,113.793,143.280,7,1.000,0.874,0.126,0.881,259.195,145.402,451,253,174,174,50.318,23
2015,14,16,Iowa,Big Ten,11,1,106.235,101.299,19,0.917,0.782,0.135,0.942,253.947,147.712,386,226,152,153,14.885,64
2015,14,19,Michigan,Big Ten,9,3,109.718,113.950,14,0.750,0.816,-0.066,-0.396,247.973,138.255,367,206,148,149,23.336,57
2015,14,19,Temple,American Athletic,10,3,97.860,73.923,35,0.769,0.725,0.044,0.345,240.964,143.103,400,249,166,174,-17.189,81
2015,14,20,Notre Dame,FBS Independents,10,2,104.340,148.356,5,0.833,0.832,0.001,0.040,283.673,179.333,417,269,147,150,49.836,20
2015,14,20,Southern Miss,Conference USA,8,4,96.624,-14.756,79,0.667,0.459,0.208,1.422,286.747,190.123,476,308,166,162,-82.957,125
2015,14,21,Wisconsin,Big Ten,9,3,103.082,70.221,36,0.750,0.759,-0.009,-0.026,205.696,102.614,325,157,158,153,-11.754,78
2015,14,22,Michigan State,Big Ten,12,1,95.779,131.098,8,0.923,0.828,0.095,0.680,270.779,175.000,417,266,154,152,37.669,43
2015,14,23,San Diego State,Mountain West,9,3,93.659,10.423,64,0.750,0.536,0.214,1.463,239.355,145.695,371,220,155,151,-80.419,124
2015,14,24,Ole Miss,SEC,8,3,96.030,105.682,16,0.727,0.771,-0.044,-0.251,273.154,177.124,407,271,149,153,40.037,37
2015,14,26,Memphis,American Athletic,8,3,88.353,75.182,35,0.727,0.705,0.023,0.179,291.558,203.205,449,317,154,156,23.136,58
2015,14,27,Marshall,Conference USA,8,3,87.122,-5.283,75,0.727,0.481,0.247,1.626,217.610,130.488,346,214,159,164,-87.162,126
2015,14,28,Boise State,Mountain West,7,4,84.966,1.622,70,0.636,0.505,0.131,0.880,249.068,164.103,401,256,161,156,-60.583,109
2015,14,29,Georgia Southern,Sun Belt,7,4,81.103,15.703,61,0.636,0.544,0.093,0.665,276.692,195.588,368,266,133,136,-64.164,110
2015,14,29,Oklahoma State,Big 12,9,2,82.529,90.820,25,0.818,0.724,0.094,0.638,292.405,209.877,462,340,158,162,40.985,35
2015,14,30,TCU,Big 12,9,2,81.661,125.526,11,0.818,0.815,0.003,0.053,263.804,182.143,430,306,163,168,44.411,30
2015,14,32,Tennessee,SEC,7,4,74.376,114.731,13,0.636,0.792,-0.156,-0.975,246.207,171.831,357,244,145,142,43.363,32
2015,14,32,USC,Pac-12,8,5,72.139,94.150,23,0.615,0.754,-0.139,-0.856,275.152,203.012,454,337,165,166,60.118,8
2015,14,33,Utah,Pac-12,9,3,73.505,93.011,24,0.750,0.777,-0.027,-0.143,237.255,163.750,363,262,153,160,26.159,52
2015,14,34,Washington,Pac-12,5,6,69.416,88.502,26,0.455,0.818,-0.364,-2.319,216.312,146.897,305,213,141,145,46.604,29
2015,14,35,Florida,SEC,10,3,62.059,82.581,29,0.769,0.784,-0.015,-0.042,187.059,125.000,318,215,170,172,32.101,49
2015,14,35,South Florida,American Athletic,7,4,66.800,65.559,37,0.636,0.701,-0.065,-0.387,240.411,173.611,351,250,146,144,16.292,63
2015,14,37,NC State,ACC,6,5,59.745,52.711,42,0.545,0.643,-0.097,-0.595,251.020,191.275,369,285,147,149,6.514,70
2015,14,38,BYU,FBS Independents,8,3,57.931,36.843,53,0.727,0.613,0.115,0.773,234.483,176.552,340,256,145,145,-2.877,76
2015,14,39,West Virginia,Big 12,6,5,56.516,83.455,28,0.545,0.782,-0.237,-1.501,215.663,159.146,358,261,166,164,53.859,15
2015,14,40,Louisiana Tech,Conference USA,7,4,56.872,-15.028,79,0.636,0.458,0.179,1.187,265.035,208.163,379,306,143,147,-66.002,114
2015,14,41,UCLA,Pac-12,8,4,55.116,77.421,34,0.667,0.724,-0.057,-0.338,246.835,191.720,390,301,158,157,26.345,51
2015,14,42,Mississippi State,SEC,7,4,54.769,98.393,20,0.636,0.760,-0.124,-0.769,238.571,183.803,334,261,140,142,40.587,36
2015,14,43,Georgia,SEC,8,3,53.926,84.594,29,0.727,0.766,-0.039,-0.217,195.652,141.727,270,197,138,139,24.734,55
2015,14,44,Arkansas State,Sun Belt,8,3,52.611,-9.331,76,0.727,0.474,0.254,1.723,249.704,197.093,422,339,169,172,-66.178,112
2015,14,44,LSU,SEC,8,3,53.743,111.755,15,0.727,0.793,-0.066,-0.395,252.239,198.496,338,264,134,133,50.894,18
2015,14,45,Northern Illinois,Mid-American,7,5,42.961,20.632,59,0.583,0.563,0.020,0.187,218.824,175.862,372,306,170,174,-20.267,83
2015,14,46,Oregon,Pac-12,8,3,42.924,96.491,22,0.727,0.712,0.015,0.131,298.693,255.769,457,399,153,156,47.006,28
2015,14,47,Air Force,Mountain West,7,5,42.852,-32.740,86,0.583,0.399,0.184,1.266,238.217,195.364,374,295,157,151,-54.862,104
2015,14,47,Texas A&M,SEC,7,4,41.581,80.929,31,0.636,0.750,-0.113,-0.699,206.207,164.626,299,242,145,147,42.868,33
2015,14,48,Arkansas,SEC,6,5,38.405,97.529,21,0.545,0.721,-0.176,-1.105,280.469,242.063,359,305,128,126,64.348,5
2015,14,49,Utah State,Mountain West,5,6,35.362,-11.067,77,0.455,0.470,-0.015,-0.067,243.972,208.609,344,315,141,151,-37.860,95
2015,14,50,Western Michigan,Mid-American,6,5,34.608,16.041,62,0.545,0.543,0.003,0.049,294.444,259.836,371,317,126,122,3.416,72
2015,14,51,Nebraska,Big Ten,5,7,34.545,49.703,44,0.417,0.635,-0.219,-1.380,236.364,201.818,390,333,165,165,17.678,61
2015,14,52,Middle Tennessee,Conference USA,6,5,33.428,-38.025,90,0.545,0.385,0.160,1.067,218.590,185.161,341,287,156,155,-50.224,101
2015,14,54,Washington State,Pac-12,8,3,26.679,52.258,43,0.727,0.639,0.089,0.605,258.333,231.655,372,322,144,139,20.004,60
2015,14,55,Central Michigan,Mid-American,6,5,26.363,2.508,68,0.545,0.509,0.037,0.269,225.581,199.219,291,255,129,128,0.057,75
2015,14,56,Pittsburgh,ACC,7,4,26.344,79.812,32,0.636,0.725,-0.089,-0.540,227.907,201.562,294,258,129,128,53.820,15
2015,14,57,Penn State,Big Ten,7,5,19.924,39.243,52,0.583,0.639,-0.056,-0.330,177.500,157.576,284,260,160,165,28.684,50
2015,14,58,Texas Tech,Big 12,6,5,15.747,56.147,39,0.545,0.617,-0.071,-0.428,314.465,298.718,500,466,159,156,50.378,19
2015,14,59,Duke,ACC,6,5,13.294,23.844,58,0.545,0.571,-0.026,-0.134,205.960,192.667,311,289,151,150,11.369,66
2015,14,60,Cincinnati,American Athletic,6,5,12.107,23.143,59,0.545,0.560,-0.015,-0.064,249.020,236.913,381,353,153,149,8.862,69
2015,14,61,California,Pac-12,6,5,11.268,62.733,38,0.545,0.651,-0.106,-0.653,257.042,245.775,365,349,142,142,59.366,8
2015,14,62,Virginia Tech,ACC,5,6,9.838,55.336,40,0.455,0.670,-0.216,-1.362,197.419,187.582,306,287,155,153,47.505,26
2015,14,63,Louisville,ACC,6,5,6.636,42.459,50,0.545,0.625,-0.080,-0.484,198.026,191.391,301,289,152,151,44.143,31
2015,14,64,Northwestern,Big Ten,9,2,3.969,47.253,45,0.818,0.708,0.111,0.747,136.184,132.215,207,197,152,149,34.781,43
2015,14,65,Ohio,Mid-American,7,4,2.673,-28.578,85,0.636,0.418,0.219,1.445,213.043,210.370,294,284,138,135,-39.466,96
2015,14,66,East Carolina,American Athletic,4,7,1.999,4.080,67,0.364,0.513,-0.149,-0.930,203.378,201.379,301,292,148,145,17.471,62
2015,14,67,Arizona State,Pac-12,5,6,-0.141,46.114,47,0.455,0.628,-0.173,-1.087,223.353,223.494,373,371,167,166,48.291,24
2015,14,68,Tulsa,American Athletic,6,6,-6.668,-19.026,81,0.500,0.453,0.047,0.338,249.133,255.801,431,463,173,181,-20.086,81
2015,14,69,Auburn,SEC,5,6,-6.977,45.447,48,0.455,0.625,-0.171,-1.070,231.783,238.760,299,308,129,129,48.847,23
2015,14,70,Georgia State,Sun Belt,6,5,-8.996,-72.129,95,0.545,0.276,0.269,1.827,199.338,208.333,301,300,151,144,-72.921,120
2015,14,70,Indiana,Big Ten,5,6,-9.338,22.465,60,0.455,0.555,-0.100,-0.613,247.436,256.774,386,398,156,155,32.304,46
2015,14,71,Colorado State,Mountain West,6,5,-11.594,-75.019,95,0.545,0.306,0.240,1.581,215.217,226.812,297,313,138,138,-70.098,116
2015,14,72,Akron,Mid-American,6,5,-15.248,-25.798,83,0.545,0.403,0.143,0.955,163.889,179.137,236,249,144,139,-31.692,90
2015,14,73,San José State,Mountain West,4,7,-21.229,-88.194,98,0.364,0.291,0.073,0.504,230.709,251.938,293,325,127,129,-65.705,113
2015,14,74,Georgia Tech,ACC,2,9,-22.193,25.763,56,0.182,0.576,-0.394,-2.512,207.353,229.545,282,303,136,132,66.650,4
2015,14,74,Kansas State,Big 12,5,6,-19.848,39.584,50,0.455,0.612,-0.157,-0.979,222.819,242.667,332,364,149,150,41.781,36
2015,14,75,Buffalo,Mid-American,4,7,-22.714,-50.231,92,0.364,0.357,0.007,0.078,205.344,228.058,269,317,131,139,-31.151,89
2015,14,78,Arizona,Pac-12,5,6,-25.296,8.212,67,0.455,0.520,-0.066,-0.387,245.946,271.242,364,415,148,153,26.852,52
2015,14,78,UConn,American Athletic,5,6,-25.596,-33.341,88,0.455,0.370,0.084,0.577,138.849,164.444,193,222,139,135,0.769,74
2015,14,80,New Mexico,Mountain West,6,5,-30.928,-107.225,105,0.545,0.207,0.338,2.219,197.241,228.169,286,324,145,142,-70.857,118
2015,14,80,Troy,Sun Belt,3,8,-30.843,-102.159,104,0.273,0.216,0.057,0.429,196.622,227.465,291,323,148,142,-45.926,97
2015,14,81,Nevada,Mountain West,5,6,-31.686,-100.550,102,0.455,0.228,0.227,1.496,197.203,228.889,282,309,143,135,-74.658,122
2015,14,82,Minnesota,Big Ten,5,7,-31.728,-0.012,72,0.417,0.500,-0.083,-0.506,171.519,203.247,271,313,158,154,31.771,48
2015,14,82,Texas,Big 12,5,7,-31.399,37.347,53,0.417,0.625,-0.208,-1.314,193.293,224.691,317,364,164,162,57.975,10
2015,14,83,Kentucky,SEC,4,7,-33.570,-32.534,87,0.364,0.407,-0.043,-0.246,188.489,222.059,262,302,139,136,12.661,65
2015,14,85,Illinois,Big Ten,4,7,-36.456,-11.581,78,0.364,0.458,-0.095,-0.579,147.097,183.553,228,279,155,152,37.798,40
2015,14,86,Miami,ACC,7,4,-36.540,53.316,41,0.636,0.651,-0.014,-0.060,214.184,250.725,302,346,141,138,53.908,14
2015,14,88,Missouri,SEC,4,7,-41.576,-3.255,74,0.364,0.484,-0.120,-0.745,94.853,136.429,129,191,136,140,36.784,41
2015,14,89,Florida Atlantic,Conference USA,3,9,-41.845,-100.035,101,0.250,0.223,0.027,0.209,169.811,211.656,270,345,159,163,-60.048,108
2015,14,90,Louisiana,Sun Belt,3,8,-46.930,-126.707,111,0.273,0.185,0.087,0.630,196.403,243.333,273,365,139,150,-74.941,123
2015,14,90,South Carolina,SEC,3,8,-48.606,1.795,69,0.273,0.505,-0.232,-1.467,183.969,232.576,241,307,131,132,51.716,17
2015,14,92,Boston College,ACC,1,9,-50.848,4.947,65,0.100,0.530,-0.430,-2.748,76.812,127.660,106,180,138,141,57.150,9
2015,14,93,Virginia,ACC,3,8,-58.865,11.022,63,0.273,0.532,-0.260,-1.645,194.326,253.191,274,357,141,141,60.441,6
2015,14,94,Colorado,Pac-12,3,9,-59.441,-21.671,82,0.250,0.427,-0.177,-1.110,190.210,249.650,272,357,143,143,33.632,44
2015,14,95,Syracuse,ACC,3,8,-60.533,-0.690,73,0.273,0.498,-0.226,-1.425,201.439,261.972,280,372,139,142,54.152,13
2015,14,97,Florida International,Conference USA,4,7,-66.006,-106.743,104,0.364,0.224,0.140,0.932,220.661,286.667,267,344,121,120,-91.238,126
2015,14,98,Army,FBS Independents,1,8,-66.082,-116.801,108,0.111,0.213,-0.102,-0.618,195.918,262.000,192,262,98,100,-56.218,109
2015,14,98,Vanderbilt,SEC,3,8,-72.729,-18.657,80,0.273,0.411,-0.138,-0.861,90.604,163.333,135,245,149,150,48.892,22
2015,14,99,Iowa State,Big 12,2,9,-74.618,17.424,61,0.182,0.551,-0.369,-2.352,185.517,260.135,269,385,145,148,77.491,1
2015,14,100,Massachusetts,Mid-American,3,9,-74.880,-91.813,99,0.250,0.232,0.018,0.146,159.281,234.161,266,377,167,161,-26.211,82
2015,14,101,Maryland,Big Ten,2,9,-85.274,0.828,71,0.182,0.503,-0.321,-2.040,153.750,239.024,246,392,160,164,77.155,2
2015,14,102,UTSA,Conference USA,3,9,-88.006,-143.413,115,0.250,0.130,0.120,0.809,168.323,256.329,271,405,161,158,-71.995,119
2015,14,103,UNLV,Mountain West,2,9,-92.234,-135.663,112,0.182,0.168,0.014,0.124,175.333,267.568,263,396,150,148,-50.984,102
2015,14,104,South Alabama,Sun Belt,4,7,-95.548,-111.633,107,0.364,0.195,0.168,1.163,178.000,273.548,267,424,150,155,-41.132,95
2015,14,104,Wake Forest,ACC,2,9,-95.732,-41.885,91,0.182,0.342,-0.160,-1.002,115.862,211.594,168,292,145,138,54.354,12
2015,14,105,Rutgers,Big Ten,3,8,-98.088,-33.583,89,0.273,0.411,-0.139,-0.863,189.855,287.943,262,406,138,141,39.269,39
2015,14,107,Purdue,Big Ten,1,10,-104.775,-50.648,93,0.091,0.364,-0.273,-1.732,174.172,278.947,263,424,151,152,49.604,21
2015,14,108,Old Dominion,Conference USA,4,7,-108.950,-172.794,124,0.364,0.111,0.253,1.664,172.258,281.208,267,419,155,149,-69.493,115
2015,14,109,Idaho,Sun Belt,3,8,-111.792,-144.608,116,0.273,0.195,0.077,0.532,244.697,356.489,323,467,132,131,-37.491,93
2015,14,110,Miami (OH),Mid-American,2,9,-116.672,-120.323,111,0.182,0.128,0.054,0.378,121.935,238.608,189,377,155,158,-32.330,92
2015,14,110,New Mexico State,Sun Belt,3,9,-114.786,-153.904,118,0.250,0.154,0.096,0.685,193.785,308.571,343,540,177,175,-72.027,118
2015,14,111,Ball State,Mid-American,2,9,-117.511,-97.274,100,0.182,0.240,-0.058,-0.342,165.942,283.453,229,394,138,139,-4.837,77
2015,14,112,Wyoming,Mountain West,2,9,-120.699,-163.549,120,0.182,0.119,0.063,0.438,161.654,282.353,215,384,133,136,-48.304,99
2015,14,114,UTEP,Conference USA,4,7,-123.345,-169.782,122,0.364,0.070,0.294,1.930,167.424,290.769,221,378,132,130,-72.128,120
2015,14,116,Eastern Michigan,Mid-American,1,11,-138.268,-174.504,125,0.083,0.160,-0.077,-0.464,200.658,338.926,305,505,152,149,-45.594,98
2015,14,116,UL Monroe,Sun Belt,1,11,-142.203,-170.245,122,0.083,0.076,0.007,0.104,127.684,269.886,226,475,177,176,-49.909,100
2015,14,117,SMU,American Athletic,2,9,-144.549,-68.497,94,0.182,0.328,-0.146,-0.912,193.289,337.838,288,500,149,148,33.099,45
2015,14,118,Kent State,Mid-American,2,9,-145.273,-120.473,109,0.182,0.063,0.119,0.802,85.496,230.769,112,300,131,130,-11.964,79
2015,14,119,Rice,Conference USA,4,7,-145.775,-141.805,113,0.364,0.163,0.200,1.326,199.225,345.000,257,414,129,120,-54.996,104
2015,14,120,Charlotte,Conference USA,1,10,-156.956,-194.254,128,0.091,0.037,0.054,0.379,105.389,262.346,176,425,167,162,-70.213,117
2015,14,120,Texas State,Sun Belt,2,9,-154.560,-162.070,119,0.182,0.131,0.051,0.389,191.176,345.736,260,446,136,129,-41.301,96
2015,14,121,Fresno State,Mountain West,2,9,-162.606,-165.707,121,0.182,0.119,0.063,0.439,152.288,314.894,233,444,153,141,-35.534,91
2015,14,122,Oregon State,Pac-12,1,10,-164.698,-81.604,96,0.091,0.263,-0.172,-1.081,147.445,312.143,202,437,137,140,56.699,10
2015,14,124,Hawai'i,Mountain West,2,10,-172.088,-191.526,127,0.167,0.052,0.115,0.774,120.530,292.617,182,436,151,149,-51.043,103
2015,14,125,Tulane,American Athletic,2,9,-176.792,-147.532,118,0.182,0.128,0.054,0.379,135.616,312.409,198,428,146,137,3.050,73
2015,14,126,North Texas,Conference USA,1,10,-182.542,-180.922,126,0.091,0.080,0.011,0.104,130.597,313.139,175,429,134,137,-30.247,87
2015,14,127,UCF,American Athletic,0,11,-193.647,-146.733,117,0.000,0.096,-0.096,-0.585,107.042,300.690,152,436,142,145,10.060,67
2015,14,128,Kansas,Big 12,0,11,-236.774,-87.371,97,0.000,0.203,-0.203,-1.281,93.548,330.323,145,512,155,155,73.776,3
2015,15,1,Oklahoma,Big 12,11,1,179.008,179.629,2,0.917,0.921,-0.005,0.003,317.341,138.333,549,249,173,180,47.736,25
2015,15,3,Western Kentucky,Conference USA,11,2,154.211,45.855,47,0.846,0.605,0.241,1.643,368.590,214.379,575,328,156,153,-56.089,106
2015,15,4,Houston,American Athletic,11,1,152.800,102.854,17,0.917,0.771,0.145,1.012,301.266,148.466,476,242,158,163,-21.971,84
2015,15,5,North Carolina,ACC,9,2,133.943,151.699,5,0.818,0.832,-0.014,-0.038,317.391,183.448,438,266,138,145,35.697,46
2015,15,5,Ohio State,Big Ten,11,1,156.840,160.097,3,0.917,0.918,-0.001,0.027,262.500,105.660,420,168,160,159,13.908,64
2015,15,6,Baylor,Big 12,8,3,131.875,128.733,9,0.727,0.808,-0.081,-0.479,318.750,186.875,510,299,160,160,28.885,52
2015,15,7,Bowling Green,Mid-American,10,3,130.399,89.317,25,0.769,0.709,0.060,0.453,329.825,199.425,564,347,171,174,-11.540,80
2015,15,8,App State,Sun Belt,9,2,129.477,34.113,54,0.818,0.607,0.211,1.446,281.560,152.083,397,219,141,144,-83.319,126
2015,15,10,Stanford,Pac-12,11,2,127.027,160.057,3,0.846,0.830,0.016,0.161,327.027,200.000,484,300,148,150,41.911,35
2015,15,11,Toledo,Mid-American,9,2,126.339,86.464,27,0.818,0.754,0.064,0.448,300.775,174.436,388,232,129,133,-28.306,84
2015,15,12,Alabama,SEC,11,1,126.032,179.512,1,0.917,0.943,-0.027,-0.119,233.133,107.101,387,181,166,169,56.777,12
2015,15,12,Florida State,ACC,9,2,121.335,128.258,10,0.818,0.841,-0.023,-0.117,250.746,129.412,336,176,134,136,25.494,53
2015,15,13,Navy,American Athletic,9,2,118.361,99.608,19,0.818,0.726,0.092,0.659,321.667,203.306,386,246,120,121,-3.053,77
2015,15,14,Clemson,ACC,12,0,113.793,143.280,7,1.000,0.874,0.126,0.881,259.195,145.402,451,253,174,174,50.318,23
2015,15,16,Iowa,Big Ten,11,1,106.235,101.299,19,0.917,0.782,0.135,0.942,253.947,147.712,386,226,152,153,14.885,64
2015,15,19,Michigan,Big Ten,9,3,109.718,113.950,14,0.750,0.816,-0.066,-0.396,247.973,138.255,367,206,148,149,23.336,57
2015,15,19,Temple,American Athletic,10,3,97.860,73.923,35,0.769,0.725,0.044,0.345,240.964,143.103,400,249,166,174,-17.189,81
2015,15,20,Notre Dame,FBS Independents,10,2,104.340,148.356,5,0.833,0.832,0.001,0.040,283.673,179.333,417,269,147,150,49.836,20
2015,15,20,Southern Miss,Conference USA,8,4,96.624,-14.756,79,0.667,0.459,0.208,1.422,286.747,190.123,476,308,166,162,-82.957,125
2015,15,21,Wisconsin,Big Ten,9,3,103.082,70.221,36,0.750,0.759,-0.009,-0.026,205.696,102.614,325,157,158,153,-11.754,78
2015,15,22,Michigan State,Big Ten,12,1,95.779,131.098,8,0.923,0.828,0.095,0.680,270.779,175.000,417,266,154,152,37.669,43
2015,15,23,San Diego State,Mountain West,9,3,93.659,10.423,64,0.750,0.536,0.214,1.463,239.355,145.695,371,220,155,151,-80.419,124
2015,15,24,Ole Miss,SEC,8,3,96.030,105.682,16,0.727,0.771,-0.044,-0.251,273.154,177.124,407,271,149,153,40.037,37
2015,15,26,Memphis,American Athletic,8,3,88.353,75.182,35,0.727,0.705,0.023,0.179,291.558,203.205,449,317,154,156,23.136,58
2015,15,27,Marshall,Conference USA,8,3,87.122,-5.283,75,0.727,0.481,0.247,1.626,217.610,130.488,346,214,159,164,-87.162,126
2015,15,28,Boise State,Mountain West,7,4,84.966,1.622,70,0.636,0.505,0.131,0.880,249.068,164.103,401,256,161,156,-60.583,109
2015,15,29,Georgia Southern,Sun Belt,7,4,81.103,15.703,61,0.636,0.544,0.093,0.665,276.692,195.588,368,266,133,136,-64.164,110
2015,15,29,Oklahoma State,Big 12,9,2,82.529,90.820,25,0.818,0.724,0.094,0.638,292.405,209.877,462,340,158,162,40.985,35
2015,15,30,TCU,Big 12,9,2,81.661,125.526,11,0.818,0.815,0.003,0.053,263.804,182.143,430,306,163,168,44.411,30
2015,15,32,Tennessee,SEC,7,4,74.376,114.731,13,0.636,0.792,-0.156,-0.975,246.207,171.831,357,244,145,142,43.363,32
2015,15,32,USC,Pac-12,8,5,72.139,94.150,23,0.615,0.754,-0.139,-0.856,275.152,203.012,454,337,165,166,60.118,8
2015,15,33,Utah,Pac-12,9,3,73.505,93.011,24,0.750,0.777,-0.027,-0.143,237.255,163.750,363,262,153,160,26.159,52
2015,15,34,Washington,Pac-12,5,6,69.416,88.502,26,0.455,0.818,-0.364,-2.319,216.312,146.897,305,213,141,145,46.604,29
2015,15,35,Florida,SEC,10,3,62.059,82.581,29,0.769,0.784,-0.015,-0.042,187.059,125.000,318,215,170,172,32.101,49
2015,15,35,South Florida,American Athletic,7,4,66.800,65.559,37,0.636,0.701,-0.065,-0.387,240.411,173.611,351,250,146,144,16.292,63
2015,15,37,NC State,ACC,6,5,59.745,52.711,42,0.545,0.643,-0.097,-0.595,251.020,191.275,369,285,147,149,6.514,70
2015,15,38,BYU,FBS Independents,8,3,57.931,36.843,53,0.727,0.613,0.115,0.773,234.483,176.552,340,256,145,145,-2.877,76
2015,15,39,West Virginia,Big 12,6,5,56.516,83.455,28,0.545,0.782,-0.237,-1.501,215.663,159.146,358,261,166,164,53.859,15
2015,15,40,Louisiana Tech,Conference USA,7,4,56.872,-15.028,79,0.636,0.458,0.179,1.187,265.035,208.163,379,306,143,147,-66.002,114
2015,15,41,UCLA,Pac-12,8,4,55.116,77.421,34,0.667,0.724,-0.057,-0.338,246.835,191.720,390,301,158,157,26.345,51
2015,15,42,Mississippi State,SEC,7,4,54.769,98.393,20,0.636,0.760,-0.124,-0.769,238.571,183.803,334,261,140,142,40.587,36
2015,15,43,Georgia,SEC,8,3,53.926,84.594,29,0.727,0.766,-0.039,-0.217,195.652,141.727,270,197,138,139,24.734,55
2015,15,44,Arkansas State,Sun Belt,8,3,52.611,-9.331,76,0.727,0.474,0.254,1.723,249.704,197.093,422,339,169,172,-66.178,112
2015,15,44,LSU,SEC,8,3,53.743,111.755,15,0.727,0.793,-0.066,-0.395,252.239,198.496,338,264,134,133,50.894,18
2015,15,45,Northern Illinois,Mid-American,7,5,42.961,20.632,59,0.583,0.563,0.020,0.187,218.824,175.862,372,306,170,174,-20.267,83
2015,15,46,Oregon,Pac-12,8,3,42.924,96.491,22,0.727,0.712,0.015,0.131,298.693,255.769,457,399,153,156,47.006,28
2015,15,47,Air Force,Mountain West,7,5,42.852,-32.740,86,0.583,0.399,0.184,1.266,238.217,195.364,374,295,157,151,-54.862,104
2015,15,47,Texas A&M,SEC,7,4,41.581,80.929,31,0.636,0.750,-0.113,-0.699,206.207,164.626,299,242,145,147,42.868,33
2015,15,48,Arkansas,SEC,6,5,38.405,97.529,21,0.545,0.721,-0.176,-1.105,280.469,242.063,359,305,128,126,64.348,5
2015,15,49,Utah State,Mountain West,5,6,35.362,-11.067,77,0.455,0.470,-0.015,-0.067,243.972,208.609,344,315,141,151,-37.860,95
2015,15,50,Western Michigan,Mid-American,6,5,34.608,16.041,62,0.545,0.543,0.003,0.049,294.444,259.836,371,317,126,122,3.416,72
2015,15,51,Nebraska,Big Ten,5,7,34.545,49.703,44,0.417,0.635,-0.219,-1.380,236.364,201.818,390,333,165,165,17.678,61
2015,15,52,Middle Tennessee,Conference USA,6,5,33.428,-38.025,90,0.545,0.385,0.160,1.067,218.590,185.161,341,287,156,155,-50.224,101
2015,15,54,Washington State,Pac-12,8,3,26.679,52.258,43,0.727,0.639,0.089,0.605,258.333,231.655,372,322,144,139,20.004,60
2015,15,55,Central Michigan,Mid-American,6,5,26.363,2.508,68,0.545,0.509,0.037,0.269,225.581,199.219,291,255,129,128,0.057,75
2015,15,56,Pittsburgh,ACC,7,4,26.344,79.812,32,0.636,0.725,-0.089,-0.540,227.907,201.562,294,258,129,128,53.820,15
2015,15,57,Penn State,Big Ten,7,5,19.924,39.243,52,0.583,0.639,-0.056,-0.330,177.500,157.576,284,260,160,165,28.684,50
2015,15,58,Texas Tech,Big 12,6,5,15.747,56.147,39,0.545,0.617,-0.071,-0.428,314.465,298.718,500,466,159,156,50.378,19
2015,15,59,Duke,ACC,6,5,13.294,23.844,58,0.545,0.571,-0.026,-0.134,205.960,192.667,311,289,151,150,11.369,66
2015,15,60,Cincinnati,American Athletic,6,5,12.107,23.143,59,0.545,0.560,-0.015,-0.064,249.020,236.913,381,353,153,149,8.862,69
2015,15,61,California,Pac-12,6,5,11.268,62.733,38,0.545,0.651,-0.106,-0.653,257.042,245.775,365,349,142,142,59.366,8
2015,15,62,Virginia Tech,ACC,5,6,9.838,55.336,40,0.455,0.670,-0.216,-1.362,197.419,187.582,306,287,155,153,47.505,26
2015,15,63,Louisville,ACC,6,5,6.636,42.459,50,0.545,0.625,-0.080,-0.484,198.026,191.391,301,289,152,151,44.143,31
2015,15,64,Northwestern,Big Ten,9,2,3.969,47.253,45,0.818,0.708,0.111,0.747,136.184,132.215,207,197,152,149,34.781,43
2015,15,65,Ohio,Mid-American,7,4,2.673,-28.578,85,0.636,0.418,0.219,1.445,213.043,210.370,294,284,138,135,-39.466,96
2015,15,66,East Carolina,American Athletic,4,7,1.999,4.080,67,0.364,0.513,-0.149,-0.930,203.378,201.379,301,292,148,145,17.471,62
2015,15,67,Arizona State,Pac-12,5,6,-0.141,46.114,47,0.455,0.628,-0.173,-1.087,223.353,223.494,373,371,167,166,48.291,24
2015,15,68,Tulsa,American Athletic,6,6,-6.668,-19.026,81,0.500,0.453,0.047,0.338,249.133,255.801,431,463,173,181,-20.086,81
2015,15,69,Auburn,SEC,5,6,-6.977,45.447,48,0.455,0.625,-0.171,-1.070,231.783,238.760,299,308,129,129,48.847,23
2015,15,70,Georgia State,Sun Belt,6,5,-8.996,-72.129,95,0.545,0.276,0.269,1.827,199.338,208.333,301,300,151,144,-72.921,120
2015,15,70,Indiana,Big Ten,5,6,-9.338,22.465,60,0.455,0.555,-0.100,-0.613,247.436,256.774,386,398,156,155,32.304,46
2015,15,71,Colorado State,Mountain West,6,5,-11.594,-75.019,95,0.545,0.306,0.240,1.581,215.217,226.812,297,313,138,138,-70.098,116
2015,15,72,Akron,Mid-American,6,5,-15.248,-25.798,83,0.545,0.403,0.143,0.955,163.889,179.137,236,249,144,139,-31.692,90
2015,15,73,San José State,Mountain West,4,7,-21.229,-88.194,98,0.364,0.291,0.073,0.504,230.709,251.938,293,325,127,129,-65.705,113
2015,15,74,Georgia Tech,ACC,2,9,-22.193,25.763,56,0.182,0.576,-0.394,-2.512,207.353,229.545,282,303,136,132,66.650,4
2015,15,74,Kansas State,Big 12,5,6,-19.848,39.584,50,0.455,0.612,-0.157,-0.979,222.819,242.667,332,364,149,150,41.781,36
2015,15,75,Buffalo,Mid-American,4,7,-22.714,-50.231,92,0.364,0.357,0.007,0.078,205.344,228.058,269,317,131,139,-31.151,89
2015,15,78,Arizona,Pac-12,5,6,-25.296,8.212,67,0.455,0.520,-0.066,-0.387,245.946,271.242,364,415,148,153,26.852,52
2015,15,78,UConn,American Athletic,5,6,-25.596,-33.341,88,0.455,0.370,0.084,0.577,138.849,164.444,193,222,139,135,0.769,74
2015,15,80,New Mexico,Mountain West,6,5,-30.928,-107.225,105,0.545,0.207,0.338,2.219,197.241,228.169,286,324,145,142,-70.857,118
2015,15,80,Troy,Sun Belt,3,8,-30.843,-102.159,104,0.273,0.216,0.057,0.429,196.622,227.465,291,323,148,142,-45.926,97
2015,15,81,Nevada,Mountain West,5,6,-31.686,-100.550,102,0.455,0.228,0.227,1.496,197.203,228.889,282,309,143,135,-74.658,122
2015,15,82,Minnesota,Big Ten,5,7,-31.728,-0.012,72,0.417,0.500,-0.083,-0.506,171.519,203.247,271,313,158,154,31.771,48
2015,15,82,Texas,Big 12,5,7,-31.399,37.347,53,0.417,0.625,-0.208,-1.314,193.293,224.691,317,364,164,162,57.975,10
2015,15,83,Kentucky,SEC,4,7,-33.570,-32.534,87,0.364,0.407,-0.043,-0.246,188.489,222.059,262,302,139,136,12.661,65
2015,15,85,Illinois,Big Ten,4,7,-36.456,-11.581,78,0.364,0.458,-0.095,-0.579,147.097,183.553,228,279,155,152,37.798,40
2015,15,86,Miami,ACC,7,4,-36.540,53.316,41,0.636,0.651,-0.014,-0.060,214.184,250.725,302,346,141,138,53.908,14
2015,15,88,Missouri,SEC,4,7,-41.576,-3.255,74,0.364,0.484,-0.120,-0.745,94.853,136.429,129,191,136,140,36.784,41
2015,15,89,Florida Atlantic,Conference USA,3,9,-41.845,-100.035,101,0.250,0.223,0.027,0.209,169.811,211.656,270,345,159,163,-60.048,108
2015,15,90,Louisiana,Sun Belt,3,8,-46.930,-126.707,111,0.273,0.185,0.087,0.630,196.403,243.333,273,365,139,150,-74.941,123
2015,15,90,South Carolina,SEC,3,8,-48.606,1.795,69,0.273,0.505,-0.232,-1.467,183.969,232.576,241,307,131,132,51.716,17
2015,15,92,Boston College,ACC,1,9,-50.848,4.947,65,0.100,0.530,-0.430,-2.748,76.812,127.660,106,180,138,141,57.150,9
2015,15,93,Virginia,ACC,3,8,-58.865,11.022,63,0.273,0.532,-0.260,-1.645,194.326,253.191,274,357,141,141,60.441,6
2015,15,94,Colorado,Pac-12,3,9,-59.441,-21.671,82,0.250,0.427,-0.177,-1.110,190.210,249.650,272,357,143,143,33.632,44
2015,15,95,Syracuse,ACC,3,8,-60.533,-0.690,73,0.273,0.498,-0.226,-1.425,201.439,261.972,280,372,139,142,54.152,13
2015,15,96,Army,FBS Independents,1,9,-63.290,-101.615,104,0.100,0.224,-0.124,-0.758,184.956,248.246,209,283,113,114,-43.424,97
2015,15,97,Florida International,Conference USA,4,7,-66.006,-106.743,104,0.364,0.224,0.140,0.932,220.661,286.667,267,344,121,120,-91.238,126
2015,15,98,Vanderbilt,SEC,3,8,-72.729,-18.657,80,0.273,0.411,-0.138,-0.861,90.604,163.333,135,245,149,150,48.892,22
2015,15,99,Iowa State,Big 12,2,9,-74.618,17.424,61,0.182,0.551,-0.369,-2.352,185.517,260.135,269,385,145,148,77.491,1
2015,15,100,Massachusetts,Mid-American,3,9,-74.880,-91.813,99,0.250,0.232,0.018,0.146,159.281,234.161,266,377,167,161,-26.211,82
2015,15,101,Maryland,Big Ten,2,9,-85.274,0.828,71,0.182,0.503,-0.321,-2.040,153.750,239.024,246,392,160,164,77.155,2
2015,15,102,UTSA,Conference USA,3,9,-88.006,-143.413,115,0.250,0.130,0.120,0.809,168.323,256.329,271,405,161,158,-71.995,119
2015,15,103,UNLV,Mountain West,2,9,-92.234,-135.663,112,0.182,0.168,0.014,0.124,175.333,267.568,263,396,150,148,-50.984,102
2015,15,104,South Alabama,Sun Belt,4,7,-95.548,-111.633,107,0.364,0.195,0.168,1.163,178.000,273.548,267,424,150,155,-41.132,95
2015,15,104,Wake Forest,ACC,2,9,-95.732,-41.885,91,0.182,0.342,-0.160,-1.002,115.862,211.594,168,292,145,138,54.354,12
2015,15,105,Rutgers,Big Ten,3,8,-98.088,-33.583,89,0.273,0.411,-0.139,-0.863,189.855,287.943,262,406,138,141,39.269,39
2015,15,107,Purdue,Big Ten,1,10,-104.775,-50.648,93,0.091,0.364,-0.273,-1.732,174.172,278.947,263,424,151,152,49.604,21
2015,15,108,Old Dominion,Conference USA,4,7,-108.950,-172.794,124,0.364,0.111,0.253,1.664,172.258,281.208,267,419,155,149,-69.493,115
2015,15,109,Idaho,Sun Belt,3,8,-111.792,-144.608,116,0.273,0.195,0.077,0.532,244.697,356.489,323,467,132,131,-37.491,93
2015,15,110,Miami (OH),Mid-American,2,9,-116.672,-120.323,111,0.182,0.128,0.054,0.378,121.935,238.608,189,377,155,158,-32.330,92
2015,15,110,New Mexico State,Sun Belt,3,9,-114.786,-153.904,118,0.250,0.154,0.096,0.685,193.785,308.571,343,540,177,175,-72.027,118
2015,15,111,Ball State,Mid-American,2,9,-117.511,-97.274,100,0.182,0.240,-0.058,-0.342,165.942,283.453,229,394,138,139,-4.837,77
2015,15,112,Wyoming,Mountain West,2,9,-120.699,-163.549,120,0.182,0.119,0.063,0.438,161.654,282.353,215,384,133,136,-48.304,99
2015,15,114,UTEP,Conference USA,4,7,-123.345,-169.782,122,0.364,0.070,0.294,1.930,167.424,290.769,221,378,132,130,-72.128,120
2015,15,116,Eastern Michigan,Mid-American,1,11,-138.268,-174.504,125,0.083,0.160,-0.077,-0.464,200.658,338.926,305,505,152,149,-45.594,98
2015,15,116,UL Monroe,Sun Belt,1,11,-142.203,-170.245,122,0.083,0.076,0.007,0.104,127.684,269.886,226,475,177,176,-49.909,100
2015,15,117,SMU,American Athletic,2,9,-144.549,-68.497,94,0.182,0.328,-0.146,-0.912,193.289,337.838,288,500,149,148,33.099,45
2015,15,118,Kent State,Mid-American,2,9,-145.273,-120.473,109,0.182,0.063,0.119,0.802,85.496,230.769,112,300,131,130,-11.964,79
2015,15,119,Rice,Conference USA,4,7,-145.775,-141.805,113,0.364,0.163,0.200,1.326,199.225,345.000,257,414,129,120,-54.996,104
2015,15,120,Charlotte,Conference USA,1,10,-156.956,-194.254,128,0.091,0.037,0.054,0.379,105.389,262.346,176,425,167,162,-70.213,117
2015,15,120,Texas State,Sun Belt,2,9,-154.560,-162.070,119,0.182,0.131,0.051,0.389,191.176,345.736,260,446,136,129,-41.301,96
2015,15,121,Fresno State,Mountain West,2,9,-162.606,-165.707,121,0.182,0.119,0.063,0.439,152.288,314.894,233,444,153,141,-35.534,91
2015,15,122,Oregon State,Pac-12,1,10,-164.698,-81.604,96,0.091,0.263,-0.172,-1.081,147.445,312.143,202,437,137,140,56.699,10
2015,15,124,Hawai'i,Mountain West,2,10,-172.088,-191.526,127,0.167,0.052,0.115,0.774,120.530,292.617,182,436,151,149,-51.043,103
2015,15,125,Tulane,American Athletic,2,9,-176.792,-147.532,118,0.182,0.128,0.054,0.379,135.616,312.409,198,428,146,137,3.050,73
2015,15,126,North Texas,Conference USA,1,10,-182.542,-180.922,126,0.091,0.080,0.011,0.104,130.597,313.139,175,429,134,137,-30.247,87
2015,15,127,UCF,American Athletic,0,11,-193.647,-146.733,117,0.000,0.096,-0.096,-0.585,107.042,300.690,152,436,142,145,10.060,67
2015,15,128,Kansas,Big 12,0,11,-236.774,-87.371,97,0.000,0.203,-0.203,-1.281,93.548,330.323,145,512,155,155,73.776,3
2015,16,1,Oklahoma,Big 12,11,2,156.115,152.652,5,0.846,0.883,-0.036,-0.152,304.301,148.187,566,286,186,193,42.739,39
2015,16,2,Ohio State,Big Ten,12,1,154.255,167.343,3,0.923,0.919,0.004,0.132,268.208,113.953,464,196,173,172,22.933,60
2015,16,3,Western Kentucky,Conference USA,12,2,145.672,52.774,41,0.857,0.620,0.237,1.765,360.465,214.793,620,363,172,169,-46.136,106
2015,16,4,Houston,American Athletic,12,1,145.111,99.908,21,0.923,0.765,0.158,1.213,293.714,148.603,514,266,175,179,-20.972,84
2015,16,5,Stanford,Pac-12,12,2,138.839,177.800,2,0.857,0.855,0.002,0.119,332.704,193.865,529,316,159,163,48.313,28
2015,16,6,Baylor,Big 12,9,3,127.924,120.044,13,0.750,0.783,-0.033,-0.127,325.000,197.076,559,337,172,171,23.277,59
2015,16,7,Alabama,SEC,13,1,127.613,197.353,1,0.929,0.957,-0.029,-0.099,239.796,112.183,470,221,196,197,76.907,1
2015,16,8,Michigan,Big Ten,10,3,125.062,137.673,7,0.769,0.853,-0.084,-0.486,259.873,134.810,408,213,157,158,30.098,53
2015,16,9,Toledo,Mid-American,10,2,124.051,87.967,26,0.833,0.756,0.078,0.648,295.775,171.724,420,249,142,145,-25.868,87
2015,16,10,North Carolina,ACC,9,3,118.826,139.599,6,0.750,0.804,-0.054,-0.278,319.463,200.637,476,315,149,157,38.503,43
2015,16,11,Navy,American Athletic,10,2,117.475,97.846,23,0.833,0.717,0.116,0.920,328.244,210.769,430,274,131,130,-3.668,73
2015,16,12,App State,Sun Belt,10,2,113.924,31.082,54,0.833,0.598,0.236,1.755,270.886,156.962,428,248,158,158,-74.498,126
2015,16,13,San Diego State,Mountain West,10,3,108.672,39.874,50,0.769,0.636,0.133,1.036,248.795,140.123,413,227,166,162,-63.561,117
2015,16,14,Clemson,ACC,13,1,106.974,153.808,4,0.929,0.879,0.050,0.454,261.386,154.412,528,315,202,204,62.996,8
2015,16,15,Boise State,Mountain West,8,4,105.866,28.877,55,0.667,0.592,0.075,0.626,260.571,154.706,456,263,175,170,-44.811,103
2015,16,16,Bowling Green,Mid-American,10,4,105.770,67.829,34,0.714,0.660,0.055,0.486,321.196,215.426,591,405,184,188,-12.599,79
2015,16,17,Ole Miss,SEC,9,3,103.840,124.710,11,0.750,0.809,-0.059,-0.307,279.141,175.301,455,291,163,166,48.784,27
2015,16,18,Florida State,ACC,9,3,100.131,114.095,16,0.750,0.815,-0.065,-0.355,240.000,139.869,360,214,150,153,26.023,56
2015,16,19,Wisconsin,Big Ten,10,3,96.827,75.067,30,0.769,0.770,-0.001,0.095,204.706,107.879,348,178,170,165,-1.885,72
2015,16,20,Tennessee,SEC,8,4,94.174,126.534,10,0.667,0.814,-0.148,-0.933,254.430,160.256,402,250,158,156,42.890,37
2015,16,21,Georgia Southern,Sun Belt,8,4,93.152,36.021,52,0.667,0.598,0.069,0.586,289.796,196.644,426,293,147,149,-52.620,109
2015,16,22,Notre Dame,FBS Independents,10,3,86.100,137.326,8,0.769,0.809,-0.040,-0.174,278.125,192.025,445,313,160,163,55.852,15
2015,16,23,Marshall,Conference USA,9,3,84.721,-4.639,72,0.750,0.483,0.267,1.975,214.201,129.480,362,224,169,173,-83.769,127
2015,16,24,Temple,American Athletic,10,4,84.002,57.262,39,0.714,0.677,0.037,0.363,234.270,150.267,417,281,178,187,-19.879,82
2015,16,25,Southern Miss,Conference USA,8,5,80.941,-12.406,79,0.615,0.467,0.149,1.145,283.240,202.299,507,352,179,174,-65.499,118
2015,16,26,Iowa,Big Ten,11,2,78.392,81.842,28,0.846,0.734,0.112,0.890,243.636,165.244,402,271,165,164,23.377,58
2015,16,27,TCU,Big 12,10,2,76.413,109.729,17,0.833,0.783,0.050,0.454,265.000,188.587,477,347,180,184,33.689,50
2015,16,28,Washington,Pac-12,6,6,73.674,103.820,20,0.500,0.839,-0.339,-2.273,228.105,154.430,349,244,153,158,54.730,19
2015,16,29,Utah,Pac-12,10,3,73.092,105.120,19,0.769,0.802,-0.033,-0.128,239.759,166.667,398,290,166,174,38.085,44
2015,16,30,Memphis,American Athletic,8,4,72.265,51.058,42,0.667,0.645,0.022,0.256,278.182,205.917,459,348,165,169,15.645,64
2015,16,31,LSU,SEC,9,3,66.470,128.093,9,0.750,0.827,-0.077,-0.436,264.430,197.959,394,291,149,147,57.819,13
2015,16,32,USC,Pac-12,8,6,66.114,98.131,22,0.571,0.763,-0.192,-1.241,268.362,202.247,475,360,177,178,67.720,5
2015,16,33,Michigan State,Big Ten,12,2,65.458,120.909,12,0.857,0.816,0.041,0.390,249.701,184.242,417,304,167,165,49.539,26
2015,16,34,Mississippi State,SEC,8,4,64.744,118.788,14,0.667,0.799,-0.132,-0.821,250.000,185.256,385,289,154,156,52.108,21
2015,16,35,Louisiana Tech,Conference USA,8,4,62.588,-5.731,74,0.667,0.484,0.183,1.384,271.338,208.750,426,334,157,160,-62.485,116
2015,16,36,Oklahoma State,Big 12,9,3,61.417,62.307,37,0.750,0.658,0.092,0.746,281.871,220.455,482,388,171,176,32.376,51
2015,16,37,Georgia,SEC,9,3,54.833,90.120,24,0.750,0.777,-0.027,-0.089,194.702,139.869,294,214,151,153,29.983,54
2015,16,38,South Florida,American Athletic,7,5,53.897,45.866,44,0.583,0.643,-0.060,-0.315,238.272,184.375,386,295,162,160,5.914,68
2015,16,39,West Virginia,Big 12,7,5,50.531,68.575,33,0.583,0.733,-0.149,-0.944,217.935,167.403,401,303,184,181,42.126,41
2015,16,40,Arkansas,SEC,7,5,49.471,114.183,15,0.583,0.749,-0.166,-1.061,290.647,241.176,404,328,139,136,68.842,4
2015,16,41,UCLA,Pac-12,8,5,47.929,82.414,27,0.615,0.732,-0.117,-0.716,247.929,200.000,419,338,169,169,38.705,42
2015,16,42,BYU,FBS Independents,8,4,47.269,42.247,48,0.667,0.625,0.041,0.393,231.447,184.177,368,291,159,158,11.606,66
2015,16,43,NC State,ACC,6,6,40.449,44.159,46,0.500,0.619,-0.119,-0.731,246.584,206.135,397,336,161,163,15.502,65
2015,16,44,Florida,SEC,10,4,40.128,69.189,32,0.714,0.737,-0.022,-0.053,181.564,141.436,325,256,179,181,44.538,33
2015,16,45,Arkansas State,Sun Belt,8,4,39.726,-17.427,82,0.667,0.452,0.215,1.607,247.253,207.527,450,386,182,186,-59.509,113
2015,16,46,Western Michigan,Mid-American,7,5,39.153,11.443,62,0.583,0.530,0.053,0.478,295.035,255.882,416,348,141,136,-7.176,76
2015,16,47,Oregon,Pac-12,8,4,36.871,107.392,18,0.667,0.733,-0.066,-0.360,294.675,257.803,498,446,169,173,63.715,7
2015,16,48,Nebraska,Big Ten,6,7,35.561,53.755,40,0.462,0.641,-0.180,-1.157,241.243,205.682,427,362,177,176,20.756,61
2015,16,49,Texas A&M,SEC,7,5,34.969,88.233,25,0.583,0.771,-0.188,-1.215,200.000,165.031,320,269,160,163,55.740,16
2015,16,50,Utah State,Mountain West,5,7,30.360,0.395,68,0.417,0.501,-0.084,-0.489,233.974,203.614,365,338,156,166,-23.054,85
2015,16,51,Air Force,Mountain West,7,6,27.762,-24.371,83,0.538,0.429,0.110,0.872,241.176,213.415,410,350,170,164,-33.549,91
2015,16,52,Washington State,Pac-12,9,3,27.049,66.479,35,0.750,0.681,0.069,0.586,248.101,221.053,392,336,158,152,33.982,49
2015,16,53,Middle Tennessee,Conference USA,6,6,23.529,-37.682,89,0.500,0.388,0.112,0.889,218.824,195.294,372,332,170,170,-42.317,102
2015,16,54,California,Pac-12,7,5,22.581,79.657,29,0.583,0.684,-0.101,-0.603,270.968,248.387,420,385,155,155,64.391,6
2015,16,55,Central Michigan,Mid-American,6,6,17.857,-12.228,78,0.500,0.458,0.042,0.399,217.857,200.000,305,276,140,138,-6.936,75
2015,16,56,Pittsburgh,ACC,7,5,16.067,66.459,36,0.583,0.683,-0.100,-0.598,233.333,217.266,322,302,138,139,50.040,24
2015,16,57,Northern Illinois,Mid-American,7,6,13.957,3.161,66,0.538,0.510,0.029,0.304,205.978,192.021,379,361,184,188,-19.208,81
2015,16,58,Penn State,Big Ten,7,6,13.438,40.788,49,0.538,0.642,-0.104,-0.625,172.989,159.551,301,284,174,178,35.902,45
2015,16,59,Duke,ACC,7,5,12.395,17.947,60,0.583,0.554,0.029,0.310,208.824,196.429,355,330,170,168,6.194,67
2015,16,60,Virginia Tech,ACC,6,6,10.519,43.305,47,0.500,0.630,-0.130,-0.811,211.111,200.592,361,339,171,169,34.564,48
2015,16,61,Louisville,ACC,7,5,8.491,48.013,43,0.583,0.642,-0.059,-0.310,195.238,186.747,328,310,168,166,47.161,30
2015,16,62,Ohio,Mid-American,7,5,5.263,-26.109,85,0.583,0.425,0.158,1.212,212.500,207.237,323,315,152,152,-38.156,99
2015,16,63,Auburn,SEC,6,6,5.252,69.983,31,0.500,0.691,-0.191,-1.239,232.394,227.143,330,318,142,140,60.804,9
2015,16,65,Arizona State,Pac-12,5,7,0.543,57.777,38,0.417,0.655,-0.239,-1.570,225.543,225.000,415,414,184,184,59.092,12
2015,16,66,East Carolina,American Athletic,4,7,1.999,4.080,67,0.364,0.513,-0.149,-0.930,203.378,201.379,301,292,148,145,17.471,62
2015,16,66,Texas Tech,Big 12,6,6,-0.639,34.248,53,0.500,0.572,-0.072,-0.402,304.624,305.263,527,522,173,171,43.444,36
2015,16,67,Tulsa,American Athletic,6,7,-7.389,-25.229,84,0.462,0.440,0.022,0.257,255.556,262.944,483,518,189,197,-24.765,86
2015,16,68,Indiana,Big Ten,5,7,-8.621,22.140,57,0.417,0.554,-0.137,-0.859,245.402,254.023,427,442,174,174,31.475,52
2015,16,69,Cincinnati,American Athletic,6,6,-10.290,-5.749,75,0.500,0.485,0.015,0.209,236.585,246.875,388,395,164,160,2.372,71
2015,16,70,San José State,Mountain West,5,7,-11.628,-63.447,94,0.417,0.343,0.074,0.620,230.216,241.844,320,341,139,141,-50.471,108
2015,16,71,Akron,Mid-American,7,5,-12.432,-30.923,88,0.583,0.382,0.202,1.516,162.893,175.325,259,270,159,154,-37.437,97
2015,16,72,Colorado State,Mountain West,6,6,-14.189,-67.213,96,0.500,0.326,0.174,1.324,216.216,230.405,320,341,148,148,-58.536,112
2015,16,73,Georgia State,Sun Belt,6,6,-15.137,-77.309,97,0.500,0.259,0.241,1.795,194.479,209.615,317,327,163,156,-70.396,121
2015,16,74,Arizona,Pac-12,6,6,-16.535,13.260,61,0.500,0.533,-0.033,-0.126,250.920,267.456,409,452,163,169,24.617,57
2015,16,74,Georgia Tech,ACC,2,9,-22.193,25.763,56,0.182,0.576,-0.394,-2.512,207.353,229.545,282,303,136,132,66.650,4
2015,16,75,Buffalo,Mid-American,4,7,-22.714,-50.231,92,0.364,0.357,0.007,0.078,205.344,228.058,269,317,131,139,-31.151,89
2015,16,75,Northwestern,Big Ten,9,3,-21.069,38.687,51,0.750,0.672,0.078,0.648,128.313,149.383,213,242,166,162,45.477,31
2015,16,78,Minnesota,Big Ten,6,7,-24.372,5.110,64,0.462,0.515,-0.054,-0.272,173.810,198.182,292,327,168,165,28.084,55
2015,16,79,Nevada,Mountain West,6,6,-26.351,-80.691,98,0.500,0.278,0.222,1.660,202.614,228.966,310,332,153,145,-61.124,114
2015,16,80,Troy,Sun Belt,3,8,-30.843,-102.159,104,0.273,0.216,0.057,0.429,196.622,227.465,291,323,148,142,-45.926,97
2015,16,80,UConn,American Athletic,5,7,-26.976,-42.678,90,0.417,0.341,0.076,0.635,137.162,164.138,203,238,148,145,-7.336,77
2015,16,81,Kansas State,Big 12,5,7,-30.767,18.733,59,0.417,0.552,-0.136,-0.849,223.270,254.037,355,409,159,161,35.671,46
2015,16,82,Texas,Big 12,5,7,-31.399,37.347,53,0.417,0.625,-0.208,-1.314,193.293,224.691,317,364,164,162,57.975,10
2015,16,83,Kentucky,SEC,4,7,-33.570,-32.534,87,0.364,0.407,-0.043,-0.246,188.489,222.059,262,302,139,136,12.661,65
2015,16,85,Illinois,Big Ten,4,7,-36.456,-11.581,78,0.364,0.458,-0.095,-0.579,147.097,183.553,228,279,155,152,37.798,40
2015,16,85,New Mexico,Mountain West,6,6,-34.411,-92.176,100,0.500,0.242,0.258,1.910,200.621,235.032,323,369,161,157,-53.109,110
2015,16,86,Miami,ACC,7,5,-35.595,44.334,45,0.583,0.633,-0.049,-0.242,205.195,240.789,316,366,154,152,47.806,29
2015,16,88,Missouri,SEC,4,7,-41.576,-3.255,74,0.364,0.484,-0.120,-0.745,94.853,136.429,129,191,136,140,36.784,41
2015,16,89,Florida Atlantic,Conference USA,3,9,-41.845,-100.035,101,0.250,0.223,0.027,0.209,169.811,211.656,270,345,159,163,-60.048,108
2015,16,90,Louisiana,Sun Belt,3,8,-46.930,-126.707,111,0.273,0.185,0.087,0.630,196.403,243.333,273,365,139,150,-74.941,123
2015,16,90,South Carolina,SEC,3,8,-48.606,1.795,69,0.273,0.505,-0.232,-1.467,183.969,232.576,241,307,131,132,51.716,17
2015,16,92,Boston College,ACC,1,9,-50.848,4.947,65,0.100,0.530,-0.430,-2.748,76.812,127.660,106,180,138,141,57.150,9
2015,16,93,Virginia,ACC,3,8,-58.865,11.022,63,0.273,0.532,-0.260,-1.645,194.326,253.191,274,357,141,141,60.441,6
2015,16,94,Colorado,Pac-12,3,9,-59.441,-21.671,82,0.250,0.427,-0.177,-1.110,190.210,249.650,272,357,143,143,33.632,44
2015,16,95,Syracuse,ACC,3,8,-60.533,-0.690,73,0.273,0.498,-0.226,-1.425,201.439,261.972,280,372,139,142,54.152,13
2015,16,96,Army,FBS Independents,1,9,-63.290,-101.615,104,0.100,0.224,-0.124,-0.758,184.956,248.246,209,283,113,114,-43.424,97
2015,16,97,Florida International,Conference USA,4,7,-66.006,-106.743,104,0.364,0.224,0.140,0.932,220.661,286.667,267,344,121,120,-91.238,126
2015,16,98,Vanderbilt,SEC,3,8,-72.729,-18.657,80,0.273,0.411,-0.138,-0.861,90.604,163.333,135,245,149,150,48.892,22
2015,16,99,Iowa State,Big 12,2,9,-74.618,17.424,61,0.182,0.551,-0.369,-2.352,185.517,260.135,269,385,145,148,77.491,1
2015,16,100,Massachusetts,Mid-American,3,9,-74.880,-91.813,99,0.250,0.232,0.018,0.146,159.281,234.161,266,377,167,161,-26.211,82
2015,16,101,Maryland,Big Ten,2,9,-85.274,0.828,71,0.182,0.503,-0.321,-2.040,153.750,239.024,246,392,160,164,77.155,2
2015,16,102,UTSA,Conference USA,3,9,-88.006,-143.413,115,0.250,0.130,0.120,0.809,168.323,256.329,271,405,161,158,-71.995,119
2015,16,103,UNLV,Mountain West,2,9,-92.234,-135.663,112,0.182,0.168,0.014,0.124,175.333,267.568,263,396,150,148,-50.984,102
2015,16,104,South Alabama,Sun Belt,4,7,-95.548,-111.633,107,0.364,0.195,0.168,1.163,178.000,273.548,267,424,150,155,-41.132,95
2015,16,104,Wake Forest,ACC,2,9,-95.732,-41.885,91,0.182,0.342,-0.160,-1.002,115.862,211.594,168,292,145,138,54.354,12
2015,16,105,Rutgers,Big Ten,3,8,-98.088,-33.583,89,0.273,0.411,-0.139,-0.863,189.855,287.943,262,406,138,141,39.269,39
2015,16,107,Purdue,Big Ten,1,10,-104.775,-50.648,93,0.091,0.364,-0.273,-1.732,174.172,278.947,263,424,151,152,49.604,21
2015,16,108,Old Dominion,Conference USA,4,7,-108.950,-172.794,124,0.364,0.111,0.253,1.664,172.258,281.208,267,419,155,149,-69.493,115
2015,16,109,Idaho,Sun Belt,3,8,-111.792,-144.608,116,0.273,0.195,0.077,0.532,244.697,356.489,323,467,132,131,-37.491,93
2015,16,110,Miami (OH),Mid-American,2,9,-116.672,-120.323,111,0.182,0.128,0.054,0.378,121.935,238.608,189,377,155,158,-32.330,92
2015,16,110,New Mexico State,Sun Belt,3,9,-114.786,-153.904,118,0.250,0.154,0.096,0.685,193.785,308.571,343,540,177,175,-72.027,118
2015,16,111,Ball State,Mid-American,2,9,-117.511,-97.274,100,0.182,0.240,-0.058,-0.342,165.942,283.453,229,394,138,139,-4.837,77
2015,16,112,Wyoming,Mountain West,2,9,-120.699,-163.549,120,0.182,0.119,0.063,0.438,161.654,282.353,215,384,133,136,-48.304,99
2015,16,114,UTEP,Conference USA,4,7,-123.345,-169.782,122,0.364,0.070,0.294,1.930,167.424,290.769,221,378,132,130,-72.128,120
2015,16,116,Eastern Michigan,Mid-American,1,11,-138.268,-174.504,125,0.083,0.160,-0.077,-0.464,200.658,338.926,305,505,152,149,-45.594,98
2015,16,116,UL Monroe,Sun Belt,1,11,-142.203,-170.245,122,0.083,0.076,0.007,0.104,127.684,269.886,226,475,177,176,-49.909,100
2015,16,117,SMU,American Athletic,2,9,-144.549,-68.497,94,0.182,0.328,-0.146,-0.912,193.289,337.838,288,500,149,148,33.099,45
2015,16,118,Kent State,Mid-American,2,9,-145.273,-120.473,109,0.182,0.063,0.119,0.802,85.496,230.769,112,300,131,130,-11.964,79
2015,16,119,Rice,Conference USA,4,7,-145.775,-141.805,113,0.364,0.163,0.200,1.326,199.225,345.000,257,414,129,120,-54.996,104
2015,16,120,Charlotte,Conference USA,1,10,-156.956,-194.254,128,0.091,0.037,0.054,0.379,105.389,262.346,176,425,167,162,-70.213,117
2015,16,120,Texas State,Sun Belt,2,9,-154.560,-162.070,119,0.182,0.131,0.051,0.389,191.176,345.736,260,446,136,129,-41.301,96
2015,16,121,Fresno State,Mountain West,2,9,-162.606,-165.707,121,0.182,0.119,0.063,0.439,152.288,314.894,233,444,153,141,-35.534,91
2015,16,122,Oregon State,Pac-12,1,10,-164.698,-81.604,96,0.091,0.263,-0.172,-1.081,147.445,312.143,202,437,137,140,56.699,10
2015,16,124,Hawai'i,Mountain West,2,10,-172.088,-191.526,127,0.167,0.052,0.115,0.774,120.530,292.617,182,436,151,149,-51.043,103
2015,16,125,Tulane,American Athletic,2,9,-176.792,-147.532,118,0.182,0.128,0.054,0.379,135.616,312.409,198,428,146,137,3.050,73
2015,16,126,North Texas,Conference USA,1,10,-182.542,-180.922,126,0.091,0.080,0.011,0.104,130.597,313.139,175,429,134,137,-30.247,87
2015,16,127,UCF,American Athletic,0,11,-193.647,-146.733,117,0.000,0.096,-0.096,-0.585,107.042,300.690,152,436,142,145,10.060,67
2015,16,128,Kansas,Big 12,0,11,-236.774,-87.371,97,0.000,0.203,-0.203,-1.281,93.548,330.323,145,512,155,155,73.776,3
