Season,Week,GameId,Team,Conference,Opponent,OpponentConference,Location,StartDate,Completed,Live,TeamPoints,OpponentPoints,Result,OpponentRk,OpponentAdjRk,OpponentAdjRtg
2016,1,400928102,Air Force,Mountain West,South Alabama,Sun Belt,Home,2016-12-30T22:30:00.000Z,True,False,45,21,W,78,102,-86.188
2016,2,400869184,Air Force,Mountain West,Georgia State,Sun Belt,Home,2016-09-10T18:00:00.000Z,True,False,48,14,W,97,111,-108.789
2016,4,400869199,Air Force,Mountain West,Utah State,Mountain West,Away,2016-09-25T02:15:00.000Z,True,False,27,20,W,100,96,-69.040
2016,5,400869206,Air Force,Mountain West,Navy,American Athletic,Home,2016-10-01T19:30:00.000Z,True,False,28,14,W,39,61,11.098
2016,6,400869213,Air Force,Mountain West,Wyoming,Mountain West,Away,2016-10-08T19:30:00.000Z,True,False,26,35,L,60,62,7.552
2016,7,400869219,Air Force,Mountain West,New Mexico,Mountain West,Home,2016-10-15T19:30:00.000Z,True,False,40,45,L,48,85,-42.484
2016,8,400869225,Air Force,Mountain West,Hawai'i,Mountain West,Home,2016-10-22T18:00:00.000Z,True,False,27,34,L,104,99,-76.109
2016,9,400869231,Air Force,Mountain West,Fresno State,Mountain West,Away,2016-10-29T02:30:00.000Z,True,False,31,21,W,120,124,-145.729
2016,10,400868918,Air Force,Mountain West,Army,FBS Independents,Away,2016-11-05T16:00:00.000Z,True,False,31,12,W,57,88,-52.685
2016,11,400869241,Air Force,Mountain West,Colorado State,Mountain West,Home,2016-11-13T03:15:00.000Z,True,False,49,46,W,54,55,18.455
2016,12,400869247,Air Force,Mountain West,San José State,Mountain West,Away,2016-11-20T03:30:00.000Z,True,False,41,38,W,112,115,-122.654
2016,13,400869252,Air Force,Mountain West,Boise State,Mountain West,Home,2016-11-25T20:30:00.000Z,True,False,27,20,W,14,30,72.571
2016,2,400869268,Akron,Mid-American,Wisconsin,Big Ten,Away,2016-09-10T19:30:00.000Z,True,False,10,54,L,12,8,147.019
2016,3,400869278,Akron,Mid-American,Marshall,Conference USA,Away,2016-09-17T16:00:00.000Z,True,False,65,38,W,124,125,-179.198
2016,4,400869285,Akron,Mid-American,App State,Sun Belt,Home,2016-09-24T19:30:00.000Z,True,False,38,45,L,16,40,53.873
2016,5,400869293,Akron,Mid-American,Kent State,Mid-American,Away,2016-10-01T19:30:00.000Z,True,False,31,27,W,108,105,-90.309
2016,6,400869302,Akron,Mid-American,Miami (OH),Mid-American,Home,2016-10-08T19:00:00.000Z,True,False,35,13,W,67,93,-63.644
2016,7,400869310,Akron,Mid-American,Western Michigan,Mid-American,Home,2016-10-15T19:30:00.000Z,True,False,0,41,L,4,14,114.780
2016,8,400869311,Akron,Mid-American,Ball State,Mid-American,Away,2016-10-22T19:00:00.000Z,True,False,35,25,W,85,109,-97.265
2016,9,400869317,Akron,Mid-American,Buffalo,Mid-American,Away,2016-10-27T23:30:00.000Z,True,False,20,41,L,123,126,-179.817
2016,10,400869322,Akron,Mid-American,Toledo,Mid-American,Home,2016-11-02T23:30:00.000Z,True,False,17,48,L,27,44,40.410
2016,11,400869327,Akron,Mid-American,Bowling Green,Mid-American,Home,2016-11-10T01:00:00.000Z,True,False,28,38,L,114,108,-92.342
2016,13,400869335,Akron,Mid-American,Ohio,Mid-American,Away,2016-11-23T00:00:00.000Z,True,False,3,9,L,52,80,-33.714
2016,1,400868969,Alabama,SEC,USC,Pac-12,Home,2016-09-04T00:00:00.000Z,True,False,52,6,W,21,7,148.352
2016,1,400876107,Alabama,SEC,Washington,Pac-12,Home,2016-12-31T20:00:00.000Z,True,False,24,7,W,5,2,194.221
2016,1,400876570,Alabama,SEC,Clemson,ACC,Home,2017-01-10T01:00:00.000Z,True,False,31,35,L,8,4,169.730
2016,2,400868980,Alabama,SEC,Western Kentucky,Conference USA,Home,2016-09-10T19:30:00.000Z,True,False,38,10,W,6,39,54.685
2016,3,400868997,Alabama,SEC,Ole Miss,SEC,Away,2016-09-17T19:30:00.000Z,True,False,48,43,W,75,42,43.367
2016,4,400869002,Alabama,SEC,Kent State,Mid-American,Home,2016-09-24T16:00:00.000Z,True,False,48,0,W,108,105,-90.309
2016,5,400869010,Alabama,SEC,Kentucky,SEC,Home,2016-10-01T23:00:00.000Z,True,False,34,6,W,83,72,-9.812
2016,6,400869018,Alabama,SEC,Arkansas,SEC,Away,2016-10-08T23:00:00.000Z,True,False,49,30,W,81,47,32.077
2016,7,400869028,Alabama,SEC,Tennessee,SEC,Away,2016-10-15T19:30:00.000Z,True,False,49,10,W,45,23,84.957
2016,8,400869029,Alabama,SEC,Texas A&M,SEC,Home,2016-10-22T19:30:00.000Z,True,False,33,14,W,44,28,76.343
2016,10,400869044,Alabama,SEC,LSU,SEC,Away,2016-11-06T00:00:00.000Z,True,False,10,0,W,13,6,156.007
2016,11,400869049,Alabama,SEC,Mississippi State,SEC,Home,2016-11-12T17:00:00.000Z,True,False,51,3,W,74,57,15.233
2016,13,400869068,Alabama,SEC,Auburn,SEC,Home,2016-11-26T20:30:00.000Z,True,False,30,12,W,18,15,108.178
2016,14,400926943,Alabama,SEC,Florida,SEC,Away,2016-12-03T21:00:00.000Z,True,False,54,16,W,33,21,90.155
2016,1,400868977,App State,Sun Belt,Tennessee,SEC,Away,2016-09-01T23:30:00.000Z,True,False,13,20,L,45,23,84.957
2016,1,400876040,App State,Sun Belt,Toledo,Mid-American,Away,2016-12-17T22:30:00.000Z,True,False,31,28,W,27,44,40.410
2016,2,400869355,App State,Sun Belt,Old Dominion,Conference USA,Home,2016-09-10T19:30:00.000Z,True,False,31,7,W,38,83,-40.141
2016,3,400869720,App State,Sun Belt,Miami,ACC,Home,2016-09-17T16:00:00.000Z,True,False,10,45,L,19,12,121.271
2016,4,400869285,App State,Sun Belt,Akron,Mid-American,Away,2016-09-24T19:30:00.000Z,True,False,45,38,W,89,101,-77.232
2016,5,400869818,App State,Sun Belt,Georgia State,Sun Belt,Home,2016-10-01T16:00:00.000Z,True,False,17,3,W,97,111,-108.789
2016,7,400869825,App State,Sun Belt,Louisiana,Sun Belt,Away,2016-10-13T00:00:00.000Z,True,False,24,0,W,70,95,-68.179
2016,8,400869831,App State,Sun Belt,Idaho,Sun Belt,Home,2016-10-22T19:30:00.000Z,True,False,37,19,W,72,81,-33.725
2016,9,400869835,App State,Sun Belt,Georgia Southern,Sun Belt,Away,2016-10-27T23:30:00.000Z,True,False,34,10,W,82,94,-64.897
2016,10,400869839,App State,Sun Belt,Texas State,Sun Belt,Home,2016-11-05T19:30:00.000Z,True,False,35,10,W,127,128,-198.236
2016,11,400869842,App State,Sun Belt,Troy,Sun Belt,Away,2016-11-12T20:30:00.000Z,True,False,24,28,L,25,75,-19.307
2016,12,400869848,App State,Sun Belt,UL Monroe,Sun Belt,Home,2016-11-19T19:30:00.000Z,True,False,42,17,W,125,122,-140.962
2016,13,400869851,App State,Sun Belt,New Mexico State,Sun Belt,Away,2016-11-26T21:00:00.000Z,True,False,37,7,W,110,117,-126.798
2016,1,400868922,Arizona,Pac-12,BYU,FBS Independents,Home,2016-09-04T02:30:00.000Z,True,False,16,18,L,29,36,63.807
2016,3,400869108,Arizona,Pac-12,Hawai'i,Mountain West,Home,2016-09-18T02:45:00.000Z,True,False,47,28,W,104,99,-76.109
2016,4,400869119,Arizona,Pac-12,Washington,Pac-12,Home,2016-09-25T02:30:00.000Z,True,False,28,35,L,5,2,194.221
2016,5,400869125,Arizona,Pac-12,UCLA,Pac-12,Away,2016-10-02T02:30:00.000Z,True,False,24,45,L,69,53,25.103
2016,6,400869130,Arizona,Pac-12,Utah,Pac-12,Away,2016-10-09T02:00:00.000Z,True,False,23,36,L,46,32,66.488
2016,7,400869136,Arizona,Pac-12,USC,Pac-12,Home,2016-10-15T19:30:00.000Z,True,False,14,48,L,21,7,148.352
2016,9,400869146,Arizona,Pac-12,Stanford,Pac-12,Home,2016-10-30T03:00:00.000Z,True,False,10,34,L,41,17,98.376
2016,10,400869151,Arizona,Pac-12,Washington State,Pac-12,Away,2016-11-05T20:00:00.000Z,True,False,7,69,L,11,13,117.278
2016,11,400869156,Arizona,Pac-12,Colorado,Pac-12,Home,2016-11-13T03:00:00.000Z,True,False,24,49,L,34,16,106.775
2016,12,400869161,Arizona,Pac-12,Oregon State,Pac-12,Away,2016-11-20T03:30:00.000Z,True,False,17,42,L,95,48,31.311
2016,13,400869167,Arizona,Pac-12,Arizona State,Pac-12,Home,2016-11-26T02:30:00.000Z,True,False,56,35,W,93,71,-6.074
2016,2,400869100,Arizona State,Pac-12,Texas Tech,Big 12,Home,2016-09-11T02:00:00.000Z,True,False,68,55,W,76,68,1.599
2016,3,400869109,Arizona State,Pac-12,UTSA,Conference USA,Away,2016-09-17T01:30:00.000Z,True,False,32,28,W,62,86,-44.956
2016,4,400869120,Arizona State,Pac-12,California,Pac-12,Home,2016-09-25T02:00:00.000Z,True,False,51,41,W,84,50,29.439
2016,5,400869126,Arizona State,Pac-12,USC,Pac-12,Away,2016-10-02T00:30:00.000Z,True,False,20,41,L,21,7,148.352
2016,6,400869131,Arizona State,Pac-12,UCLA,Pac-12,Home,2016-10-09T02:30:00.000Z,True,False,23,20,W,69,53,25.103
2016,7,400869137,Arizona State,Pac-12,Colorado,Pac-12,Away,2016-10-16T00:00:00.000Z,True,False,16,40,L,34,16,106.775
2016,8,400869141,Arizona State,Pac-12,Washington State,Pac-12,Home,2016-10-23T02:00:00.000Z,True,False,32,37,L,11,13,117.278
2016,9,400869147,Arizona State,Pac-12,Oregon,Pac-12,Away,2016-10-29T21:00:00.000Z,True,False,35,54,L,92,51,26.530
2016,11,400869155,Arizona State,Pac-12,Utah,Pac-12,Home,2016-11-11T02:30:00.000Z,True,False,26,49,L,46,32,66.488
2016,12,400869162,Arizona State,Pac-12,Washington,Pac-12,Away,2016-11-20T00:30:00.000Z,True,False,18,44,L,5,2,194.221
2016,13,400869167,Arizona State,Pac-12,Arizona,Pac-12,Away,2016-11-26T02:30:00.000Z,True,False,35,56,L,122,82,-34.559
2016,1,400868970,Arkansas,SEC,Louisiana Tech,Conference USA,Home,2016-09-03T20:00:00.000Z,True,False,21,20,W,23,63,7.457
2016,1,400876101,Arkansas,SEC,Virginia Tech,ACC,Away,2016-12-29T22:30:00.000Z,True,False,24,35,L,22,22,85.014
2016,2,400868981,Arkansas,SEC,TCU,Big 12,Away,2016-09-10T23:00:00.000Z,True,False,41,38,W,59,52,25.722
2016,3,400868992,Arkansas,SEC,Texas State,Sun Belt,Home,2016-09-17T23:30:00.000Z,True,False,42,3,W,127,128,-198.236
2016,4,400869008,Arkansas,SEC,Texas A&M,SEC,Away,2016-09-25T01:00:00.000Z,True,False,24,45,L,44,28,76.343
2016,6,400869018,Arkansas,SEC,Alabama,SEC,Home,2016-10-08T23:00:00.000Z,True,False,30,49,L,1,1,248.809
2016,7,400869024,Arkansas,SEC,Ole Miss,SEC,Home,2016-10-15T23:00:00.000Z,True,False,34,30,W,75,42,43.367
2016,8,400869030,Arkansas,SEC,Auburn,SEC,Away,2016-10-22T22:00:00.000Z,True,False,3,56,L,18,15,108.178
2016,10,400869041,Arkansas,SEC,Florida,SEC,Home,2016-11-05T19:30:00.000Z,True,False,31,10,W,33,21,90.155
2016,11,400869050,Arkansas,SEC,LSU,SEC,Home,2016-11-13T00:00:00.000Z,True,False,10,38,L,13,6,156.007
2016,12,400869062,Arkansas,SEC,Mississippi State,SEC,Away,2016-11-20T00:00:00.000Z,True,False,58,42,W,74,57,15.233
2016,13,400869073,Arkansas,SEC,Missouri,SEC,Away,2016-11-25T19:30:00.000Z,True,False,24,28,L,87,79,-26.931
2016,1,400869265,Arkansas State,Sun Belt,Toledo,Mid-American,Home,2016-09-03T01:00:00.000Z,True,False,10,31,L,27,44,40.410
2016,1,400903611,Arkansas State,Sun Belt,UCF,American Athletic,Away,2016-12-17T22:30:00.000Z,True,False,31,13,W,56,65,7.105
2016,2,400868982,Arkansas State,Sun Belt,Auburn,SEC,Away,2016-09-10T23:30:00.000Z,True,False,14,51,L,18,15,108.178
2016,3,400869193,Arkansas State,Sun Belt,Utah State,Mountain West,Away,2016-09-17T01:00:00.000Z,True,False,20,34,L,100,96,-69.040
2016,6,400869822,Arkansas State,Sun Belt,Georgia Southern,Sun Belt,Home,2016-10-06T00:00:00.000Z,True,False,27,26,W,82,94,-64.897
2016,7,400869826,Arkansas State,Sun Belt,South Alabama,Sun Belt,Home,2016-10-15T23:00:00.000Z,True,False,17,7,W,78,102,-86.188
2016,9,400869836,Arkansas State,Sun Belt,UL Monroe,Sun Belt,Home,2016-10-29T23:00:00.000Z,True,False,51,10,W,125,122,-140.962
2016,10,400869838,Arkansas State,Sun Belt,Georgia State,Sun Belt,Away,2016-11-03T23:30:00.000Z,True,False,31,16,W,97,111,-108.789
2016,11,400869843,Arkansas State,Sun Belt,New Mexico State,Sun Belt,Home,2016-11-12T20:00:00.000Z,True,False,41,22,W,110,117,-126.798
2016,12,400869847,Arkansas State,Sun Belt,Troy,Sun Belt,Away,2016-11-18T02:30:00.000Z,True,False,35,3,W,25,75,-19.307
2016,13,400869852,Arkansas State,Sun Belt,Louisiana,Sun Belt,Away,2016-11-26T17:00:00.000Z,True,False,19,24,L,70,95,-68.179
2016,14,400869855,Arkansas State,Sun Belt,Texas State,Sun Belt,Away,2016-12-04T00:30:00.000Z,True,False,36,14,W,127,128,-198.236
2016,1,400868910,Army,FBS Independents,Temple,American Athletic,Away,2016-09-02T23:00:00.000Z,True,False,28,13,W,15,35,64.551
2016,1,400876093,Army,FBS Independents,North Texas,Conference USA,Away,2016-12-27T17:00:00.000Z,True,False,38,31,W,102,121,-132.433
2016,2,400868911,Army,FBS Independents,Rice,Conference USA,Home,2016-09-10T16:00:00.000Z,True,False,31,14,W,111,123,-143.272
2016,3,400868912,Army,FBS Independents,UTEP,Conference USA,Away,2016-09-17T23:00:00.000Z,True,False,66,14,W,119,127,-186.261
2016,4,400868913,Army,FBS Independents,Buffalo,Mid-American,Away,2016-09-24T23:00:00.000Z,True,False,20,23,L,123,126,-179.817
2016,6,400868914,Army,FBS Independents,Duke,ACC,Away,2016-10-08T19:30:00.000Z,True,False,6,13,L,105,76,-19.748
2016,8,400868916,Army,FBS Independents,North Texas,Conference USA,Home,2016-10-22T16:00:00.000Z,True,False,18,35,L,102,121,-132.433
2016,9,400868917,Army,FBS Independents,Wake Forest,ACC,Away,2016-10-29T19:30:00.000Z,True,False,21,13,W,73,67,3.046
2016,10,400868918,Army,FBS Independents,Air Force,Mountain West,Home,2016-11-05T16:00:00.000Z,True,False,12,31,L,28,59,12.865
2016,11,400868919,Army,FBS Independents,Notre Dame,FBS Independents,Away,2016-11-12T20:30:00.000Z,True,False,6,44,L,50,38,55.720
2016,15,400868921,Army,FBS Independents,Navy,American Athletic,Home,2016-12-10T20:00:00.000Z,True,False,21,17,W,39,61,11.098
2016,1,400868971,Auburn,SEC,Clemson,ACC,Home,2016-09-04T01:00:00.000Z,True,False,13,19,L,8,4,169.730
2016,1,400876112,Auburn,SEC,Oklahoma,Big 12,Away,2017-01-03T01:50:00.000Z,True,False,19,35,L,9,11,125.775
2016,2,400868982,Auburn,SEC,Arkansas State,Sun Belt,Home,2016-09-10T23:30:00.000Z,True,False,51,14,W,37,77,-20.539
2016,3,400868993,Auburn,SEC,Texas A&M,SEC,Home,2016-09-17T23:00:00.000Z,True,False,16,29,L,44,28,76.343
2016,4,400869003,Auburn,SEC,LSU,SEC,Home,2016-09-24T22:00:00.000Z,True,False,18,13,W,13,6,156.007
2016,5,400869012,Auburn,SEC,UL Monroe,Sun Belt,Home,2016-10-01T19:30:00.000Z,True,False,58,7,W,125,122,-140.962
2016,6,400869021,Auburn,SEC,Mississippi State,SEC,Away,2016-10-08T16:00:00.000Z,True,False,38,14,W,74,57,15.233
2016,8,400869030,Auburn,SEC,Arkansas,SEC,Home,2016-10-22T22:00:00.000Z,True,False,56,3,W,81,47,32.077
2016,9,400869036,Auburn,SEC,Ole Miss,SEC,Away,2016-10-29T23:15:00.000Z,True,False,40,29,W,75,42,43.367
2016,10,400869042,Auburn,SEC,Vanderbilt,SEC,Home,2016-11-05T16:00:00.000Z,True,False,23,16,W,71,64,7.109
2016,11,400869052,Auburn,SEC,Georgia,SEC,Away,2016-11-12T20:30:00.000Z,True,False,7,13,L,64,49,30.375
2016,13,400869068,Auburn,SEC,Alabama,SEC,Away,2016-11-26T20:30:00.000Z,True,False,12,30,L,1,1,248.809
2016,1,400868922,BYU,FBS Independents,Arizona,Pac-12,Away,2016-09-04T02:30:00.000Z,True,False,18,16,W,122,82,-34.559
2016,1,400876044,BYU,FBS Independents,Wyoming,Mountain West,Away,2016-12-22T02:00:00.000Z,True,False,24,21,W,60,62,7.552
2016,2,400868923,BYU,FBS Independents,Utah,Pac-12,Away,2016-09-10T23:30:00.000Z,True,False,19,20,L,46,32,66.488
2016,3,400868924,BYU,FBS Independents,UCLA,Pac-12,Home,2016-09-18T02:15:00.000Z,True,False,14,17,L,69,53,25.103
2016,4,400868925,BYU,FBS Independents,West Virginia,Big 12,Away,2016-09-24T19:30:00.000Z,True,False,32,35,L,40,26,80.233
2016,5,400868926,BYU,FBS Independents,Toledo,Mid-American,Home,2016-10-01T02:15:00.000Z,True,False,55,53,W,27,44,40.410
2016,6,400868927,BYU,FBS Independents,Michigan State,Big Ten,Away,2016-10-08T19:30:00.000Z,True,False,31,14,W,79,58,14.532
2016,7,400868928,BYU,FBS Independents,Mississippi State,SEC,Home,2016-10-15T02:15:00.000Z,True,False,28,21,W,74,57,15.233
2016,8,400869224,BYU,FBS Independents,Boise State,Mountain West,Away,2016-10-21T02:15:00.000Z,True,False,27,28,L,14,30,72.571
2016,10,400868930,BYU,FBS Independents,Cincinnati,American Athletic,Away,2016-11-05T19:30:00.000Z,True,False,20,3,W,101,104,-90.274
2016,12,400868932,BYU,FBS Independents,Massachusetts,FBS Independents,Home,2016-11-19T19:00:00.000Z,True,False,51,9,W,115,118,-128.996
2016,13,400868933,BYU,FBS Independents,Utah State,Mountain West,Home,2016-11-27T03:15:00.000Z,True,False,28,10,W,100,96,-69.040
2016,1,400869258,Ball State,Mid-American,Georgia State,Sun Belt,Away,2016-09-02T23:00:00.000Z,True,False,31,21,W,97,111,-108.789
2016,2,400869269,Ball State,Mid-American,Indiana,Big Ten,Away,2016-09-10T20:00:00.000Z,True,False,20,30,L,68,56,15.263
2016,4,400869286,Ball State,Mid-American,Florida Atlantic,Conference USA,Away,2016-09-24T22:00:00.000Z,True,False,31,27,W,116,119,-129.814
2016,5,400869297,Ball State,Mid-American,Northern Illinois,Mid-American,Home,2016-10-01T19:30:00.000Z,True,False,24,31,L,61,74,-19.075
2016,6,400869299,Ball State,Mid-American,Central Michigan,Mid-American,Away,2016-10-08T19:30:00.000Z,True,False,21,24,L,96,107,-91.157
2016,7,400869305,Ball State,Mid-American,Buffalo,Mid-American,Away,2016-10-15T19:30:00.000Z,True,False,31,21,W,123,126,-179.817
2016,8,400869311,Ball State,Mid-American,Akron,Mid-American,Home,2016-10-22T19:00:00.000Z,True,False,25,35,L,89,101,-77.232
2016,10,400869321,Ball State,Mid-American,Western Michigan,Mid-American,Home,2016-11-02T00:00:00.000Z,True,False,20,52,L,4,14,114.780
2016,11,400869325,Ball State,Mid-American,Eastern Michigan,Mid-American,Home,2016-11-09T00:00:00.000Z,True,False,41,48,L,77,92,-60.773
2016,12,400869332,Ball State,Mid-American,Toledo,Mid-American,Away,2016-11-17T00:00:00.000Z,True,False,19,37,L,27,44,40.410
2016,13,400869336,Ball State,Mid-American,Miami (OH),Mid-American,Away,2016-11-23T00:00:00.000Z,True,False,20,21,L,67,93,-63.644
2016,1,400876096,Baylor,Big 12,Boise State,Mountain West,Home,2016-12-28T03:25:00.000Z,True,False,31,12,W,14,30,72.571
2016,2,400868877,Baylor,Big 12,SMU,American Athletic,Home,2016-09-10T19:30:00.000Z,True,False,40,13,W,99,91,-55.591
2016,3,400869361,Baylor,Big 12,Rice,Conference USA,Away,2016-09-17T00:00:00.000Z,True,False,38,10,W,111,123,-143.272
2016,4,400868878,Baylor,Big 12,Oklahoma State,Big 12,Home,2016-09-24T23:30:00.000Z,True,False,35,24,W,31,18,94.926
2016,5,400868879,Baylor,Big 12,Iowa State,Big 12,Away,2016-10-01T16:00:00.000Z,True,False,45,42,W,80,73,-17.676
2016,7,400868880,Baylor,Big 12,Kansas,Big 12,Home,2016-10-15T19:30:00.000Z,True,False,49,7,W,126,103,-88.670
2016,9,400868881,Baylor,Big 12,Texas,Big 12,Away,2016-10-29T19:30:00.000Z,True,False,34,35,L,65,60,12.113
2016,10,400868882,Baylor,Big 12,TCU,Big 12,Home,2016-11-05T19:30:00.000Z,True,False,22,62,L,59,52,25.722
2016,11,400868883,Baylor,Big 12,Oklahoma,Big 12,Away,2016-11-12T17:00:00.000Z,True,False,24,45,L,9,11,125.775
2016,12,400868884,Baylor,Big 12,Kansas State,Big 12,Home,2016-11-19T17:00:00.000Z,True,False,21,42,L,26,29,73.317
2016,13,400868885,Baylor,Big 12,Texas Tech,Big 12,Away,2016-11-25T23:00:00.000Z,True,False,35,54,L,76,68,1.599
2016,14,400868886,Baylor,Big 12,West Virginia,Big 12,Away,2016-12-03T20:30:00.000Z,True,False,21,24,L,40,26,80.233
2016,1,400869176,Boise State,Mountain West,Louisiana,Sun Belt,Away,2016-09-03T16:00:00.000Z,True,False,45,10,W,70,95,-68.179
2016,1,400876096,Boise State,Mountain West,Baylor,Big 12,Away,2016-12-28T03:25:00.000Z,True,False,12,31,L,53,46,32.580
2016,2,400869106,Boise State,Mountain West,Washington State,Pac-12,Home,2016-09-11T02:15:00.000Z,True,False,31,28,W,11,13,117.278
2016,4,400869123,Boise State,Mountain West,Oregon State,Pac-12,Away,2016-09-24T19:30:00.000Z,True,False,38,24,W,95,48,31.311
2016,5,400869207,Boise State,Mountain West,Utah State,Mountain West,Home,2016-10-02T02:15:00.000Z,True,False,21,10,W,100,96,-69.040
2016,6,400869214,Boise State,Mountain West,New Mexico,Mountain West,Away,2016-10-08T01:00:00.000Z,True,False,49,21,W,48,85,-42.484
2016,7,400869220,Boise State,Mountain West,Colorado State,Mountain West,Home,2016-10-16T02:15:00.000Z,True,False,28,23,W,54,55,18.455
2016,8,400869224,Boise State,Mountain West,BYU,FBS Independents,Home,2016-10-21T02:15:00.000Z,True,False,28,27,W,29,36,63.807
2016,9,400869232,Boise State,Mountain West,Wyoming,Mountain West,Away,2016-10-29T23:00:00.000Z,True,False,28,30,L,60,62,7.552
2016,10,400869236,Boise State,Mountain West,San José State,Mountain West,Home,2016-11-05T02:15:00.000Z,True,False,45,31,W,112,115,-122.654
2016,11,400869242,Boise State,Mountain West,Hawai'i,Mountain West,Away,2016-11-13T00:00:00.000Z,True,False,52,16,W,104,99,-76.109
2016,12,400869246,Boise State,Mountain West,UNLV,Mountain West,Home,2016-11-19T02:00:00.000Z,True,False,42,25,W,98,114,-121.922
2016,13,400869252,Boise State,Mountain West,Air Force,Mountain West,Away,2016-11-25T20:30:00.000Z,True,False,20,27,L,28,59,12.865
2016,1,400869424,Boston College,ACC,Georgia Tech,ACC,Home,2016-09-03T11:30:00.000Z,True,False,14,17,L,49,37,59.774
2016,1,400876091,Boston College,ACC,Maryland,Big Ten,Home,2016-12-26T19:30:00.000Z,True,False,36,30,W,91,69,0.170
2016,2,400868958,Boston College,ACC,Massachusetts,FBS Independents,Away,2016-09-10T16:00:00.000Z,True,False,26,7,W,115,118,-128.996
2016,3,400869437,Boston College,ACC,Virginia Tech,ACC,Away,2016-09-17T19:30:00.000Z,True,False,0,49,L,22,22,85.014
2016,5,400869294,Boston College,ACC,Buffalo,Mid-American,Home,2016-10-01T17:00:00.000Z,True,False,35,3,W,123,126,-179.817
2016,6,400869457,Boston College,ACC,Clemson,ACC,Home,2016-10-07T23:30:00.000Z,True,False,10,56,L,8,4,169.730
2016,8,400869468,Boston College,ACC,Syracuse,ACC,Home,2016-10-22T16:30:00.000Z,True,False,20,28,L,117,84,-40.960
2016,9,400869472,Boston College,ACC,NC State,ACC,Away,2016-10-29T16:30:00.000Z,True,False,21,14,W,58,34,64.599
2016,10,400869476,Boston College,ACC,Louisville,ACC,Home,2016-11-05T16:00:00.000Z,True,False,7,52,L,7,19,94.852
2016,11,400869484,Boston College,ACC,Florida State,ACC,Away,2016-11-12T00:30:00.000Z,True,False,7,45,L,35,10,126.240
2016,12,400869490,Boston College,ACC,UConn,American Athletic,Home,2016-11-19T18:00:00.000Z,True,False,30,0,W,113,116,-122.684
2016,13,400869498,Boston College,ACC,Wake Forest,ACC,Away,2016-11-26T20:00:00.000Z,True,False,17,14,W,73,67,3.046
2016,1,400869260,Bowling Green,Mid-American,Ohio State,Big Ten,Away,2016-09-03T16:00:00.000Z,True,False,10,77,L,3,5,169.717
2016,3,400869281,Bowling Green,Mid-American,Middle Tennessee,Conference USA,Home,2016-09-17T16:00:00.000Z,True,False,21,41,L,63,100,-76.422
2016,4,400869287,Bowling Green,Mid-American,Memphis,American Athletic,Away,2016-09-25T00:00:00.000Z,True,False,3,77,L,30,66,4.544
2016,5,400869295,Bowling Green,Mid-American,Eastern Michigan,Mid-American,Home,2016-10-01T19:20:00.000Z,True,False,25,28,L,77,92,-60.773
2016,6,400869300,Bowling Green,Mid-American,Ohio,Mid-American,Away,2016-10-08T18:00:00.000Z,True,False,24,30,L,52,80,-33.714
2016,7,400869306,Bowling Green,Mid-American,Toledo,Mid-American,Away,2016-10-15T19:30:00.000Z,True,False,35,42,L,27,44,40.410
2016,8,400869316,Bowling Green,Mid-American,Miami (OH),Mid-American,Home,2016-10-22T16:00:00.000Z,True,False,26,40,L,67,93,-63.644
2016,10,400869320,Bowling Green,Mid-American,Northern Illinois,Mid-American,Away,2016-11-02T00:00:00.000Z,True,False,20,45,L,61,74,-19.075
2016,11,400869327,Bowling Green,Mid-American,Akron,Mid-American,Away,2016-11-10T01:00:00.000Z,True,False,38,28,W,89,101,-77.232
2016,12,400869330,Bowling Green,Mid-American,Kent State,Mid-American,Home,2016-11-16T00:00:00.000Z,True,False,42,7,W,108,105,-90.309
2016,13,400869338,Bowling Green,Mid-American,Buffalo,Mid-American,Home,2016-11-25T19:30:00.000Z,True,False,27,19,W,123,126,-179.817
2016,3,400869196,Buffalo,Mid-American,Nevada,Mountain West,Away,2016-09-18T01:00:00.000Z,True,False,14,38,L,86,112,-114.035
2016,4,400868913,Buffalo,Mid-American,Army,FBS Independents,Home,2016-09-24T23:00:00.000Z,True,False,23,20,W,57,88,-52.685
2016,5,400869294,Buffalo,Mid-American,Boston College,ACC,Away,2016-10-01T17:00:00.000Z,True,False,3,35,L,88,70,-3.444
2016,6,400869301,Buffalo,Mid-American,Kent State,Mid-American,Home,2016-10-08T19:30:00.000Z,True,False,20,44,L,108,105,-90.309
2016,7,400869305,Buffalo,Mid-American,Ball State,Mid-American,Home,2016-10-15T19:30:00.000Z,True,False,21,31,L,85,109,-97.265
2016,8,400869312,Buffalo,Mid-American,Northern Illinois,Mid-American,Away,2016-10-22T19:30:00.000Z,True,False,7,44,L,61,74,-19.075
2016,9,400869317,Buffalo,Mid-American,Akron,Mid-American,Home,2016-10-27T23:30:00.000Z,True,False,41,20,W,89,101,-77.232
2016,10,400869323,Buffalo,Mid-American,Ohio,Mid-American,Away,2016-11-03T22:00:00.000Z,True,False,10,34,L,52,80,-33.714
2016,11,400869329,Buffalo,Mid-American,Miami (OH),Mid-American,Home,2016-11-12T18:00:00.000Z,True,False,24,35,L,67,93,-63.644
2016,12,400869334,Buffalo,Mid-American,Western Michigan,Mid-American,Away,2016-11-19T20:30:00.000Z,True,False,0,38,L,4,14,114.780
2016,13,400869338,Buffalo,Mid-American,Bowling Green,Mid-American,Away,2016-11-25T19:30:00.000Z,True,False,19,27,L,114,108,-92.342
2016,1,400869090,California,Pac-12,Hawai'i,Mountain West,Home,2016-08-27T02:00:00.000Z,True,False,51,31,W,104,99,-76.109
2016,2,400869107,California,Pac-12,San Diego State,Mountain West,Away,2016-09-11T02:30:00.000Z,True,False,40,45,L,10,43,40.867
2016,3,400869117,California,Pac-12,Texas,Big 12,Home,2016-09-18T02:30:00.000Z,True,False,50,43,W,65,60,12.113
2016,4,400869120,California,Pac-12,Arizona State,Pac-12,Away,2016-09-25T02:00:00.000Z,True,False,41,51,L,93,71,-6.074
2016,5,400869128,California,Pac-12,Utah,Pac-12,Home,2016-10-01T22:00:00.000Z,True,False,28,23,W,46,32,66.488
2016,6,400869134,California,Pac-12,Oregon State,Pac-12,Away,2016-10-09T01:00:00.000Z,True,False,44,47,L,95,48,31.311
2016,8,400869140,California,Pac-12,Oregon,Pac-12,Home,2016-10-22T02:30:00.000Z,True,False,52,49,W,92,51,26.530
2016,9,400869145,California,Pac-12,USC,Pac-12,Away,2016-10-28T02:30:00.000Z,True,False,24,45,L,21,7,148.352
2016,10,400869154,California,Pac-12,Washington,Pac-12,Home,2016-11-06T02:30:00.000Z,True,False,27,66,L,5,2,194.221
2016,11,400869160,California,Pac-12,Washington State,Pac-12,Away,2016-11-13T03:30:00.000Z,True,False,21,56,L,11,13,117.278
2016,12,400869166,California,Pac-12,Stanford,Pac-12,Home,2016-11-19T22:30:00.000Z,True,False,31,45,L,41,17,98.376
2016,13,400869169,California,Pac-12,UCLA,Pac-12,Home,2016-11-27T00:00:00.000Z,True,False,36,10,W,69,53,25.103
2016,1,400876042,Central Michigan,Mid-American,Tulsa,American Athletic,Away,2016-12-19T19:30:00.000Z,True,False,10,55,L,24,45,38.867
2016,2,400869270,Central Michigan,Mid-American,Oklahoma State,Big 12,Away,2016-09-10T16:00:00.000Z,True,False,30,27,W,31,18,94.926
2016,3,400869198,Central Michigan,Mid-American,UNLV,Mountain West,Home,2016-09-17T19:00:00.000Z,True,False,44,21,W,98,114,-121.922
2016,4,400869288,Central Michigan,Mid-American,Virginia,ACC,Away,2016-09-24T16:30:00.000Z,True,False,35,49,L,106,87,-47.226
2016,5,400869298,Central Michigan,Mid-American,Western Michigan,Mid-American,Home,2016-10-01T23:00:00.000Z,True,False,10,49,L,4,14,114.780
2016,6,400869299,Central Michigan,Mid-American,Ball State,Mid-American,Home,2016-10-08T19:30:00.000Z,True,False,24,21,W,85,109,-97.265
2016,7,400869307,Central Michigan,Mid-American,Northern Illinois,Mid-American,Away,2016-10-15T19:30:00.000Z,True,False,34,28,W,61,74,-19.075
2016,8,400869313,Central Michigan,Mid-American,Toledo,Mid-American,Away,2016-10-22T16:00:00.000Z,True,False,17,31,L,27,44,40.410
2016,9,400869319,Central Michigan,Mid-American,Kent State,Mid-American,Home,2016-10-29T16:00:00.000Z,True,False,24,27,L,108,105,-90.309
2016,10,400869324,Central Michigan,Mid-American,Miami (OH),Mid-American,Away,2016-11-04T22:00:00.000Z,True,False,17,37,L,67,93,-63.644
2016,12,400869331,Central Michigan,Mid-American,Ohio,Mid-American,Home,2016-11-16T00:00:00.000Z,True,False,27,20,W,52,80,-33.714
2016,13,400869337,Central Michigan,Mid-American,Eastern Michigan,Mid-American,Away,2016-11-23T00:00:00.000Z,True,False,21,26,L,77,92,-60.773
2016,1,400869341,Charlotte,Conference USA,Louisville,ACC,Away,2016-09-01T23:00:00.000Z,True,False,14,70,L,7,19,94.852
2016,3,400869280,Charlotte,Conference USA,Eastern Michigan,Mid-American,Home,2016-09-17T22:00:00.000Z,True,False,19,37,L,77,92,-60.773
2016,4,400869363,Charlotte,Conference USA,Temple,American Athletic,Away,2016-09-24T16:00:00.000Z,True,False,20,48,L,15,35,64.551
2016,5,400869370,Charlotte,Conference USA,Old Dominion,Conference USA,Home,2016-10-01T22:00:00.000Z,True,False,17,52,L,38,83,-40.141
2016,6,400869377,Charlotte,Conference USA,Florida Atlantic,Conference USA,Away,2016-10-09T16:00:00.000Z,True,False,28,23,W,116,119,-129.814
2016,7,400869382,Charlotte,Conference USA,Florida International,Conference USA,Home,2016-10-15T22:00:00.000Z,True,False,26,27,L,103,120,-132.291
2016,8,400869386,Charlotte,Conference USA,Marshall,Conference USA,Away,2016-10-22T21:30:00.000Z,True,False,27,24,W,124,125,-179.198
2016,10,400869397,Charlotte,Conference USA,Southern Miss,Conference USA,Away,2016-11-05T19:30:00.000Z,True,False,38,27,W,66,97,-73.744
2016,11,400869404,Charlotte,Conference USA,Rice,Conference USA,Home,2016-11-12T19:00:00.000Z,True,False,21,22,L,111,123,-143.272
2016,12,400869410,Charlotte,Conference USA,Middle Tennessee,Conference USA,Home,2016-11-19T19:00:00.000Z,True,False,31,38,L,63,100,-76.422
2016,13,400869415,Charlotte,Conference USA,UTSA,Conference USA,Away,2016-11-27T00:00:00.000Z,True,False,14,33,L,62,86,-44.956
2016,2,400869511,Cincinnati,American Athletic,Purdue,Big Ten,Away,2016-09-10T16:00:00.000Z,True,False,38,20,W,118,98,-74.394
2016,3,400869517,Cincinnati,American Athletic,Houston,American Athletic,Home,2016-09-15T23:30:00.000Z,True,False,16,40,L,32,54,19.093
2016,4,400869291,Cincinnati,American Athletic,Miami (OH),Mid-American,Home,2016-09-24T19:30:00.000Z,True,False,27,20,W,67,93,-63.644
2016,5,400869529,Cincinnati,American Athletic,South Florida,American Athletic,Home,2016-10-01T23:00:00.000Z,True,False,20,45,L,20,41,45.492
2016,6,400869534,Cincinnati,American Athletic,UConn,American Athletic,Away,2016-10-08T15:30:00.000Z,True,False,9,20,L,113,116,-122.684
2016,8,400869544,Cincinnati,American Athletic,East Carolina,American Athletic,Home,2016-10-22T23:00:00.000Z,True,False,31,19,W,109,110,-103.316
2016,9,400869550,Cincinnati,American Athletic,Temple,American Athletic,Away,2016-10-29T19:30:00.000Z,True,False,13,34,L,15,35,64.551
2016,10,400868930,Cincinnati,American Athletic,BYU,FBS Independents,Home,2016-11-05T19:30:00.000Z,True,False,3,20,L,29,36,63.807
2016,11,400869557,Cincinnati,American Athletic,UCF,American Athletic,Away,2016-11-12T17:00:00.000Z,True,False,3,24,L,56,65,7.105
2016,12,400869563,Cincinnati,American Athletic,Memphis,American Athletic,Home,2016-11-19T01:00:00.000Z,True,False,7,34,L,30,66,4.544
2016,13,400869567,Cincinnati,American Athletic,Tulsa,American Athletic,Away,2016-11-26T01:30:00.000Z,True,False,37,40,L,24,45,38.867
2016,1,400868971,Clemson,ACC,Auburn,SEC,Away,2016-09-04T01:00:00.000Z,True,False,19,13,W,18,15,108.178
2016,1,400876108,Clemson,ACC,Ohio State,Big Ten,Home,2017-01-01T00:00:00.000Z,True,False,31,0,W,3,5,169.717
2016,1,400876570,Clemson,ACC,Alabama,SEC,Away,2017-01-10T01:00:00.000Z,True,False,35,31,W,1,1,248.809
2016,2,400869430,Clemson,ACC,Troy,Sun Belt,Home,2016-09-10T16:30:00.000Z,True,False,30,24,W,25,75,-19.307
2016,4,400869446,Clemson,ACC,Georgia Tech,ACC,Away,2016-09-22T23:30:00.000Z,True,False,26,7,W,49,37,59.774
2016,5,400869453,Clemson,ACC,Louisville,ACC,Home,2016-10-02T00:00:00.000Z,True,False,42,36,W,7,19,94.852
2016,6,400869457,Clemson,ACC,Boston College,ACC,Away,2016-10-07T23:30:00.000Z,True,False,56,10,W,88,70,-3.444
2016,7,400869462,Clemson,ACC,NC State,ACC,Home,2016-10-15T16:00:00.000Z,True,False,24,17,W,58,34,64.599
2016,9,400869473,Clemson,ACC,Florida State,ACC,Away,2016-10-30T00:00:00.000Z,True,False,37,34,W,35,10,126.240
2016,10,400869477,Clemson,ACC,Syracuse,ACC,Home,2016-11-05T19:30:00.000Z,True,False,54,0,W,117,84,-40.960
2016,11,400869485,Clemson,ACC,Pittsburgh,ACC,Home,2016-11-12T20:30:00.000Z,True,False,42,43,L,42,24,83.363
2016,12,400869491,Clemson,ACC,Wake Forest,ACC,Away,2016-11-20T00:00:00.000Z,True,False,35,13,W,73,67,3.046
2016,13,400869074,Clemson,ACC,South Carolina,SEC,Home,2016-11-27T00:30:00.000Z,True,False,56,7,W,90,78,-25.484
2016,14,400926944,Clemson,ACC,Virginia Tech,ACC,Away,2016-12-04T01:00:00.000Z,True,False,42,35,W,22,22,85.014
2016,1,400869093,Colorado,Pac-12,Colorado State,Mountain West,Home,2016-09-03T00:00:00.000Z,True,False,44,7,W,54,55,18.455
2016,1,400876102,Colorado,Pac-12,Oklahoma State,Big 12,Home,2016-12-30T02:00:00.000Z,True,False,8,38,L,31,18,94.926
2016,3,400869111,Colorado,Pac-12,Michigan,Big Ten,Away,2016-09-17T19:30:00.000Z,True,False,28,45,L,2,3,180.110
2016,4,400869122,Colorado,Pac-12,Oregon,Pac-12,Away,2016-09-24T21:30:00.000Z,True,False,41,38,W,92,51,26.530
2016,5,400869127,Colorado,Pac-12,Oregon State,Pac-12,Home,2016-10-01T18:30:00.000Z,True,False,47,6,W,95,48,31.311
2016,6,400869132,Colorado,Pac-12,USC,Pac-12,Away,2016-10-08T20:00:00.000Z,True,False,17,21,L,21,7,148.352
2016,7,400869137,Colorado,Pac-12,Arizona State,Pac-12,Home,2016-10-16T00:00:00.000Z,True,False,40,16,W,93,71,-6.074
2016,8,400869143,Colorado,Pac-12,Stanford,Pac-12,Away,2016-10-22T19:00:00.000Z,True,False,10,5,W,41,17,98.376
2016,10,400869150,Colorado,Pac-12,UCLA,Pac-12,Home,2016-11-04T01:00:00.000Z,True,False,20,10,W,69,53,25.103
2016,11,400869156,Colorado,Pac-12,Arizona,Pac-12,Away,2016-11-13T03:00:00.000Z,True,False,49,24,W,122,82,-34.559
2016,12,400869164,Colorado,Pac-12,Washington State,Pac-12,Home,2016-11-19T20:30:00.000Z,True,False,38,24,W,11,13,117.278
2016,13,400869170,Colorado,Pac-12,Utah,Pac-12,Home,2016-11-27T00:30:00.000Z,True,False,27,22,W,46,32,66.488
2016,14,400926942,Colorado,Pac-12,Washington,Pac-12,Away,2016-12-03T02:00:00.000Z,True,False,10,41,L,5,2,194.221
2016,1,400869093,Colorado State,Mountain West,Colorado,Pac-12,Away,2016-09-03T00:00:00.000Z,True,False,7,44,L,34,16,106.775
2016,1,400876045,Colorado State,Mountain West,Idaho,Sun Belt,Home,2016-12-23T00:00:00.000Z,True,False,50,61,L,72,81,-33.725
2016,2,400869185,Colorado State,Mountain West,UTSA,Conference USA,Home,2016-09-10T20:00:00.000Z,True,False,23,14,W,62,86,-44.956
2016,4,400869200,Colorado State,Mountain West,Minnesota,Big Ten,Away,2016-09-24T16:00:00.000Z,True,False,24,31,L,43,27,76.900
2016,5,400869208,Colorado State,Mountain West,Wyoming,Mountain West,Home,2016-10-02T02:15:00.000Z,True,False,17,38,L,60,62,7.552
2016,6,400869215,Colorado State,Mountain West,Utah State,Mountain West,Home,2016-10-09T02:00:00.000Z,True,False,31,24,W,100,96,-69.040
2016,7,400869220,Colorado State,Mountain West,Boise State,Mountain West,Away,2016-10-16T02:15:00.000Z,True,False,23,28,L,14,30,72.571
2016,8,400869226,Colorado State,Mountain West,UNLV,Mountain West,Away,2016-10-22T21:30:00.000Z,True,False,42,23,W,98,114,-121.922
2016,10,400869237,Colorado State,Mountain West,Fresno State,Mountain West,Home,2016-11-05T19:30:00.000Z,True,False,37,0,W,120,124,-145.729
2016,11,400869241,Colorado State,Mountain West,Air Force,Mountain West,Away,2016-11-13T03:15:00.000Z,True,False,46,49,L,28,59,12.865
2016,12,400869248,Colorado State,Mountain West,New Mexico,Mountain West,Home,2016-11-20T03:15:00.000Z,True,False,49,31,W,48,85,-42.484
2016,13,400869253,Colorado State,Mountain West,San Diego State,Mountain West,Away,2016-11-27T02:00:00.000Z,True,False,63,31,W,10,43,40.867
2016,2,400869431,Duke,ACC,Wake Forest,ACC,Home,2016-09-10T19:30:00.000Z,True,False,14,24,L,73,67,3.046
2016,3,400869439,Duke,ACC,Northwestern,Big Ten,Away,2016-09-18T00:00:00.000Z,True,False,13,24,L,51,31,68.537
2016,4,400868949,Duke,ACC,Notre Dame,FBS Independents,Away,2016-09-24T19:30:00.000Z,True,False,38,35,W,50,38,55.720
2016,5,400869454,Duke,ACC,Virginia,ACC,Home,2016-10-01T16:30:00.000Z,True,False,20,34,L,106,87,-47.226
2016,6,400868914,Duke,ACC,Army,FBS Independents,Home,2016-10-08T19:30:00.000Z,True,False,13,6,W,57,88,-52.685
2016,7,400869461,Duke,ACC,Louisville,ACC,Away,2016-10-14T23:00:00.000Z,True,False,14,24,L,7,19,94.852
2016,9,400869474,Duke,ACC,Georgia Tech,ACC,Away,2016-10-29T16:00:00.000Z,True,False,35,38,L,49,37,59.774
2016,10,400869478,Duke,ACC,Virginia Tech,ACC,Home,2016-11-05T19:30:00.000Z,True,False,21,24,L,22,22,85.014
2016,11,400869483,Duke,ACC,North Carolina,ACC,Home,2016-11-11T00:30:00.000Z,True,False,28,27,W,47,25,81.306
2016,12,400869492,Duke,ACC,Pittsburgh,ACC,Away,2016-11-19T20:00:00.000Z,True,False,14,56,L,42,24,83.363
2016,13,400869499,Duke,ACC,Miami,ACC,Away,2016-11-26T20:30:00.000Z,True,False,21,40,L,19,12,121.271
2016,2,400869435,East Carolina,American Athletic,NC State,ACC,Home,2016-09-10T16:00:00.000Z,True,False,33,30,W,58,34,64.599
2016,3,400868999,East Carolina,American Athletic,South Carolina,SEC,Away,2016-09-17T20:00:00.000Z,True,False,15,20,L,90,78,-25.484
2016,4,400869451,East Carolina,American Athletic,Virginia Tech,ACC,Away,2016-09-24T16:30:00.000Z,True,False,17,54,L,22,22,85.014
2016,5,400869528,East Carolina,American Athletic,UCF,American Athletic,Home,2016-10-01T16:00:00.000Z,True,False,29,47,L,56,65,7.105
2016,6,400869535,East Carolina,American Athletic,South Florida,American Athletic,Away,2016-10-08T16:00:00.000Z,True,False,22,38,L,20,41,45.492
2016,8,400869544,East Carolina,American Athletic,Cincinnati,American Athletic,Away,2016-10-22T23:00:00.000Z,True,False,19,31,L,101,104,-90.274
2016,9,400869551,East Carolina,American Athletic,UConn,American Athletic,Home,2016-10-29T16:00:00.000Z,True,False,41,3,W,113,116,-122.684
2016,10,400869555,East Carolina,American Athletic,Tulsa,American Athletic,Away,2016-11-06T00:00:00.000Z,True,False,24,45,L,24,45,38.867
2016,11,400869558,East Carolina,American Athletic,SMU,American Athletic,Home,2016-11-12T17:00:00.000Z,True,False,31,55,L,99,91,-55.591
2016,12,400922541,East Carolina,American Athletic,Navy,American Athletic,Home,2016-11-19T21:00:00.000Z,True,False,31,66,L,39,61,11.098
2016,13,400869571,East Carolina,American Athletic,Temple,American Athletic,Away,2016-11-27T00:30:00.000Z,True,False,10,37,L,15,35,64.551
2016,1,400876046,Eastern Michigan,Mid-American,Old Dominion,Conference USA,Away,2016-12-23T18:00:00.000Z,True,False,20,24,L,38,83,-40.141
2016,2,400868988,Eastern Michigan,Mid-American,Missouri,SEC,Away,2016-09-10T23:30:00.000Z,True,False,21,61,L,87,79,-26.931
2016,3,400869280,Eastern Michigan,Mid-American,Charlotte,Conference USA,Away,2016-09-17T22:00:00.000Z,True,False,37,19,W,107,113,-117.125
2016,4,400869201,Eastern Michigan,Mid-American,Wyoming,Mountain West,Home,2016-09-23T23:30:00.000Z,True,False,27,24,W,60,62,7.552
2016,5,400869295,Eastern Michigan,Mid-American,Bowling Green,Mid-American,Away,2016-10-01T19:20:00.000Z,True,False,28,25,W,114,108,-92.342
2016,6,400869304,Eastern Michigan,Mid-American,Toledo,Mid-American,Home,2016-10-08T19:00:00.000Z,True,False,20,35,L,27,44,40.410
2016,7,400869308,Eastern Michigan,Mid-American,Ohio,Mid-American,Away,2016-10-15T18:00:00.000Z,True,False,27,20,W,52,80,-33.714
2016,8,400869314,Eastern Michigan,Mid-American,Western Michigan,Mid-American,Away,2016-10-22T19:30:00.000Z,True,False,31,45,L,4,14,114.780
2016,9,400869717,Eastern Michigan,Mid-American,Miami (OH),Mid-American,Home,2016-10-29T19:30:00.000Z,True,False,15,28,L,67,93,-63.644
2016,11,400869325,Eastern Michigan,Mid-American,Ball State,Mid-American,Away,2016-11-09T00:00:00.000Z,True,False,48,41,W,85,109,-97.265
2016,12,400869333,Eastern Michigan,Mid-American,Northern Illinois,Mid-American,Home,2016-11-17T01:00:00.000Z,True,False,24,31,L,61,74,-19.075
2016,13,400869337,Eastern Michigan,Mid-American,Central Michigan,Mid-American,Home,2016-11-23T00:00:00.000Z,True,False,26,21,W,96,107,-91.157
2016,1,400868957,Florida,SEC,Massachusetts,FBS Independents,Home,2016-09-03T23:30:00.000Z,True,False,24,7,W,115,118,-128.996
2016,1,400876109,Florida,SEC,Iowa,Big Ten,Away,2017-01-02T18:00:00.000Z,True,False,30,3,W,36,20,90.382
2016,2,400868983,Florida,SEC,Kentucky,SEC,Home,2016-09-10T19:30:00.000Z,True,False,45,7,W,83,72,-9.812
2016,3,400868994,Florida,SEC,North Texas,Conference USA,Home,2016-09-17T23:30:00.000Z,True,False,32,0,W,102,121,-132.433
2016,4,400869007,Florida,SEC,Tennessee,SEC,Away,2016-09-24T19:30:00.000Z,True,False,28,38,L,45,23,84.957
2016,5,400869017,Florida,SEC,Vanderbilt,SEC,Away,2016-10-01T16:00:00.000Z,True,False,13,6,W,71,64,7.109
2016,7,400869025,Florida,SEC,Missouri,SEC,Home,2016-10-15T20:00:00.000Z,True,False,40,14,W,87,79,-26.931
2016,9,400869035,Florida,SEC,Georgia,SEC,Away,2016-10-29T19:30:00.000Z,True,False,24,10,W,64,49,30.375
2016,10,400869041,Florida,SEC,Arkansas,SEC,Away,2016-11-05T19:30:00.000Z,True,False,10,31,L,81,47,32.077
2016,11,400869051,Florida,SEC,South Carolina,SEC,Home,2016-11-12T17:00:00.000Z,True,False,20,7,W,90,78,-25.484
2016,12,400922862,Florida,SEC,LSU,SEC,Away,2016-11-19T18:00:00.000Z,True,False,16,10,W,13,6,156.007
2016,13,400869069,Florida,SEC,Florida State,ACC,Away,2016-11-27T01:00:00.000Z,True,False,13,31,L,35,10,126.240
2016,14,400926943,Florida,SEC,Alabama,SEC,Home,2016-12-03T21:00:00.000Z,True,False,16,54,L,1,1,248.809
2016,2,400869719,Florida Atlantic,Conference USA,Miami,ACC,Away,2016-09-10T22:00:00.000Z,True,False,10,38,L,19,12,121.271
2016,3,400869358,Florida Atlantic,Conference USA,Kansas State,Big 12,Away,2016-09-17T18:30:00.000Z,True,False,7,63,L,26,29,73.317
2016,4,400869286,Florida Atlantic,Conference USA,Ball State,Mid-American,Home,2016-09-24T22:00:00.000Z,True,False,27,31,L,85,109,-97.265
2016,5,400869371,Florida Atlantic,Conference USA,Florida International,Conference USA,Away,2016-10-01T23:00:00.000Z,True,False,31,33,L,103,120,-132.291
2016,6,400869377,Florida Atlantic,Conference USA,Charlotte,Conference USA,Home,2016-10-09T16:00:00.000Z,True,False,23,28,L,107,113,-117.125
2016,7,400869383,Florida Atlantic,Conference USA,Marshall,Conference USA,Away,2016-10-15T23:00:00.000Z,True,False,21,27,L,124,125,-179.198
2016,9,400869392,Florida Atlantic,Conference USA,Western Kentucky,Conference USA,Home,2016-10-29T19:30:00.000Z,True,False,3,52,L,6,39,54.685
2016,10,400869399,Florida Atlantic,Conference USA,Rice,Conference USA,Away,2016-11-05T19:30:00.000Z,True,False,42,25,W,111,123,-143.272
2016,11,400869405,Florida Atlantic,Conference USA,UTEP,Conference USA,Home,2016-11-12T23:00:00.000Z,True,False,35,31,W,119,127,-186.261
2016,12,400869412,Florida Atlantic,Conference USA,Old Dominion,Conference USA,Home,2016-11-19T23:00:00.000Z,True,False,24,42,L,38,83,-40.141
2016,13,400869417,Florida Atlantic,Conference USA,Middle Tennessee,Conference USA,Away,2016-11-26T22:30:00.000Z,True,False,56,77,L,63,100,-76.422
2016,1,400869342,Florida International,Conference USA,Indiana,Big Ten,Home,2016-09-01T23:30:00.000Z,True,False,13,34,L,68,56,15.263
2016,2,400869351,Florida International,Conference USA,Maryland,Big Ten,Home,2016-09-09T23:30:00.000Z,True,False,14,41,L,91,69,0.170
2016,3,400868959,Florida International,Conference USA,Massachusetts,FBS Independents,Away,2016-09-17T19:30:00.000Z,True,False,13,21,L,115,118,-128.996
2016,4,400869364,Florida International,Conference USA,UCF,American Athletic,Home,2016-09-24T23:00:00.000Z,True,False,14,53,L,56,65,7.105
2016,5,400869371,Florida International,Conference USA,Florida Atlantic,Conference USA,Home,2016-10-01T23:00:00.000Z,True,False,33,31,W,116,119,-129.814
2016,6,400869378,Florida International,Conference USA,UTEP,Conference USA,Away,2016-10-09T00:00:00.000Z,True,False,35,21,W,119,127,-186.261
2016,7,400869382,Florida International,Conference USA,Charlotte,Conference USA,Away,2016-10-15T22:00:00.000Z,True,False,27,26,W,107,113,-117.125
2016,8,400869387,Florida International,Conference USA,Louisiana Tech,Conference USA,Home,2016-10-22T23:00:00.000Z,True,False,24,44,L,23,63,7.457
2016,9,400869391,Florida International,Conference USA,Middle Tennessee,Conference USA,Home,2016-10-29T23:00:00.000Z,True,False,35,42,L,63,100,-76.422
2016,10,400869398,Florida International,Conference USA,Western Kentucky,Conference USA,Away,2016-11-05T21:30:00.000Z,True,False,21,49,L,6,39,54.685
2016,12,400869411,Florida International,Conference USA,Marshall,Conference USA,Home,2016-11-20T00:00:00.000Z,True,False,31,14,W,124,125,-179.198
2016,13,400869416,Florida International,Conference USA,Old Dominion,Conference USA,Away,2016-11-26T20:30:00.000Z,True,False,28,42,L,38,83,-40.141
2016,1,400868979,Florida State,ACC,Ole Miss,SEC,Home,2016-09-06T00:00:00.000Z,True,False,45,34,W,75,42,43.367
2016,1,400876105,Florida State,ACC,Michigan,Big Ten,Home,2016-12-31T01:00:00.000Z,True,False,33,32,W,2,3,180.110
2016,3,400869440,Florida State,ACC,Louisville,ACC,Away,2016-09-17T16:00:00.000Z,True,False,20,63,L,7,19,94.852
2016,4,400869448,Florida State,ACC,South Florida,American Athletic,Away,2016-09-24T16:00:00.000Z,True,False,55,35,W,20,41,45.492
2016,5,400869455,Florida State,ACC,North Carolina,ACC,Home,2016-10-01T19:30:00.000Z,True,False,35,37,L,47,25,81.306
2016,6,400869722,Florida State,ACC,Miami,ACC,Away,2016-10-09T00:00:00.000Z,True,False,20,19,W,19,12,121.271
2016,7,400869463,Florida State,ACC,Wake Forest,ACC,Home,2016-10-15T19:30:00.000Z,True,False,17,6,W,73,67,3.046
2016,9,400869473,Florida State,ACC,Clemson,ACC,Home,2016-10-30T00:00:00.000Z,True,False,34,37,L,8,4,169.730
2016,10,400869479,Florida State,ACC,NC State,ACC,Away,2016-11-05T23:00:00.000Z,True,False,24,20,W,58,34,64.599
2016,11,400869484,Florida State,ACC,Boston College,ACC,Home,2016-11-12T00:30:00.000Z,True,False,45,7,W,88,70,-3.444
2016,12,400869493,Florida State,ACC,Syracuse,ACC,Away,2016-11-19T20:30:00.000Z,True,False,45,14,W,117,84,-40.960
2016,13,400869069,Florida State,ACC,Florida,SEC,Home,2016-11-27T01:00:00.000Z,True,False,31,13,W,33,21,90.155
2016,1,400869179,Fresno State,Mountain West,Nebraska,Big Ten,Away,2016-09-04T00:00:00.000Z,True,False,10,43,L,55,33,65.104
2016,3,400869195,Fresno State,Mountain West,Toledo,Mid-American,Away,2016-09-17T19:00:00.000Z,True,False,17,52,L,27,44,40.410
2016,4,400869202,Fresno State,Mountain West,Tulsa,American Athletic,Home,2016-09-24T20:30:00.000Z,True,False,41,48,L,24,45,38.867
2016,5,400869210,Fresno State,Mountain West,UNLV,Mountain West,Away,2016-10-02T02:30:00.000Z,True,False,20,45,L,98,114,-121.922
2016,6,400869216,Fresno State,Mountain West,Nevada,Mountain West,Away,2016-10-08T23:00:00.000Z,True,False,22,27,L,86,112,-114.035
2016,7,400869221,Fresno State,Mountain West,San Diego State,Mountain West,Home,2016-10-15T02:00:00.000Z,True,False,3,17,L,10,43,40.867
2016,8,400869228,Fresno State,Mountain West,Utah State,Mountain West,Away,2016-10-23T02:30:00.000Z,True,False,20,38,L,100,96,-69.040
2016,9,400869231,Fresno State,Mountain West,Air Force,Mountain West,Home,2016-10-29T02:30:00.000Z,True,False,21,31,L,28,59,12.865
2016,10,400869237,Fresno State,Mountain West,Colorado State,Mountain West,Away,2016-11-05T19:30:00.000Z,True,False,0,37,L,54,55,18.455
2016,12,400869251,Fresno State,Mountain West,Hawai'i,Mountain West,Home,2016-11-20T00:00:00.000Z,True,False,13,14,L,104,99,-76.109
2016,13,400869255,Fresno State,Mountain West,San José State,Mountain West,Home,2016-11-26T20:30:00.000Z,True,False,14,16,L,112,115,-122.654
2016,1,400868972,Georgia,SEC,North Carolina,ACC,Away,2016-09-03T21:30:00.000Z,True,False,33,24,W,47,25,81.306
2016,1,400876103,Georgia,SEC,TCU,Big 12,Away,2016-12-30T17:00:00.000Z,True,False,31,23,W,59,52,25.722
2016,3,400868998,Georgia,SEC,Missouri,SEC,Away,2016-09-17T23:30:00.000Z,True,False,28,27,W,87,79,-26.931
2016,4,400869005,Georgia,SEC,Ole Miss,SEC,Away,2016-09-24T16:00:00.000Z,True,False,14,45,L,75,42,43.367
2016,5,400869013,Georgia,SEC,Tennessee,SEC,Home,2016-10-01T19:30:00.000Z,True,False,31,34,L,45,23,84.957
2016,6,400869022,Georgia,SEC,South Carolina,SEC,Away,2016-10-09T18:30:00.000Z,True,False,28,14,W,90,78,-25.484
2016,7,400869026,Georgia,SEC,Vanderbilt,SEC,Home,2016-10-15T16:00:00.000Z,True,False,16,17,L,71,64,7.109
2016,9,400869035,Georgia,SEC,Florida,SEC,Home,2016-10-29T19:30:00.000Z,True,False,10,24,L,33,21,90.155
2016,10,400869043,Georgia,SEC,Kentucky,SEC,Away,2016-11-05T23:30:00.000Z,True,False,27,24,W,83,72,-9.812
2016,11,400869052,Georgia,SEC,Auburn,SEC,Home,2016-11-12T20:30:00.000Z,True,False,13,7,W,18,15,108.178
2016,12,400869059,Georgia,SEC,Louisiana,Sun Belt,Home,2016-11-19T17:00:00.000Z,True,False,35,21,W,70,95,-68.179
2016,13,400869070,Georgia,SEC,Georgia Tech,ACC,Home,2016-11-26T17:00:00.000Z,True,False,27,28,L,49,37,59.774
2016,2,400869811,Georgia Southern,Sun Belt,South Alabama,Sun Belt,Away,2016-09-10T23:00:00.000Z,True,False,24,9,W,78,102,-86.188
2016,3,400869813,Georgia Southern,Sun Belt,UL Monroe,Sun Belt,Home,2016-09-17T22:00:00.000Z,True,False,23,21,W,125,122,-140.962
2016,4,400869290,Georgia Southern,Sun Belt,Western Michigan,Mid-American,Away,2016-09-24T23:00:00.000Z,True,False,31,49,L,4,14,114.780
2016,6,400869822,Georgia Southern,Sun Belt,Arkansas State,Sun Belt,Away,2016-10-06T00:00:00.000Z,True,False,26,27,L,37,77,-20.539
2016,7,400869464,Georgia Southern,Sun Belt,Georgia Tech,ACC,Away,2016-10-15T16:30:00.000Z,True,False,24,35,L,49,37,59.774
2016,8,400869832,Georgia Southern,Sun Belt,New Mexico State,Sun Belt,Away,2016-10-23T00:00:00.000Z,True,False,22,19,W,110,117,-126.798
2016,9,400869835,Georgia Southern,Sun Belt,App State,Sun Belt,Home,2016-10-27T23:30:00.000Z,True,False,10,34,L,16,40,53.873
2016,10,400869045,Georgia Southern,Sun Belt,Ole Miss,SEC,Away,2016-11-05T16:00:00.000Z,True,False,27,37,L,75,42,43.367
2016,11,400869844,Georgia Southern,Sun Belt,Louisiana,Sun Belt,Home,2016-11-11T00:30:00.000Z,True,False,26,33,L,70,95,-68.179
2016,12,400869849,Georgia Southern,Sun Belt,Georgia State,Sun Belt,Away,2016-11-19T19:00:00.000Z,True,False,24,30,L,97,111,-108.789
2016,14,400869856,Georgia Southern,Sun Belt,Troy,Sun Belt,Home,2016-12-03T17:00:00.000Z,True,False,28,24,W,25,75,-19.307
2016,1,400869258,Georgia State,Sun Belt,Ball State,Mid-American,Home,2016-09-02T23:00:00.000Z,True,False,21,31,L,85,109,-97.265
2016,2,400869184,Georgia State,Sun Belt,Air Force,Mountain West,Away,2016-09-10T18:00:00.000Z,True,False,14,48,L,28,59,12.865
2016,3,400869657,Georgia State,Sun Belt,Wisconsin,Big Ten,Away,2016-09-17T16:00:00.000Z,True,False,17,23,L,12,8,147.019
2016,5,400869818,Georgia State,Sun Belt,App State,Sun Belt,Away,2016-10-01T16:00:00.000Z,True,False,3,17,L,16,40,53.873
2016,6,400869823,Georgia State,Sun Belt,Texas State,Sun Belt,Home,2016-10-08T19:30:00.000Z,True,False,41,21,W,127,128,-198.236
2016,7,400869827,Georgia State,Sun Belt,Troy,Sun Belt,Away,2016-10-15T19:30:00.000Z,True,False,21,31,L,25,75,-19.307
2016,9,400869837,Georgia State,Sun Belt,South Alabama,Sun Belt,Away,2016-10-29T21:00:00.000Z,True,False,10,13,L,78,102,-86.188
2016,10,400869838,Georgia State,Sun Belt,Arkansas State,Sun Belt,Home,2016-11-03T23:30:00.000Z,True,False,16,31,L,37,77,-20.539
2016,11,400869845,Georgia State,Sun Belt,UL Monroe,Sun Belt,Home,2016-11-12T19:00:00.000Z,True,False,23,37,L,125,122,-140.962
2016,12,400869849,Georgia State,Sun Belt,Georgia Southern,Sun Belt,Home,2016-11-19T19:00:00.000Z,True,False,30,24,W,82,94,-64.897
2016,14,400869857,Georgia State,Sun Belt,Idaho,Sun Belt,Away,2016-12-03T22:00:00.000Z,True,False,12,37,L,72,81,-33.725
2016,1,400869424,Georgia Tech,ACC,Boston College,ACC,Away,2016-09-03T11:30:00.000Z,True,False,17,14,W,88,70,-3.444
2016,1,400876113,Georgia Tech,ACC,Kentucky,SEC,Away,2016-12-31T16:00:00.000Z,True,False,33,18,W,83,72,-9.812
2016,3,400869001,Georgia Tech,ACC,Vanderbilt,SEC,Home,2016-09-17T16:30:00.000Z,True,False,38,7,W,71,64,7.109
2016,4,400869446,Georgia Tech,ACC,Clemson,ACC,Home,2016-09-22T23:30:00.000Z,True,False,7,26,L,8,4,169.730
2016,5,400869721,Georgia Tech,ACC,Miami,ACC,Home,2016-10-01T16:00:00.000Z,True,False,21,35,L,19,12,121.271
2016,6,400869458,Georgia Tech,ACC,Pittsburgh,ACC,Away,2016-10-08T16:30:00.000Z,True,False,34,37,L,42,24,83.363
2016,7,400869464,Georgia Tech,ACC,Georgia Southern,Sun Belt,Home,2016-10-15T16:30:00.000Z,True,False,35,24,W,82,94,-64.897
2016,9,400869474,Georgia Tech,ACC,Duke,ACC,Home,2016-10-29T16:00:00.000Z,True,False,38,35,W,105,76,-19.748
2016,10,400869480,Georgia Tech,ACC,North Carolina,ACC,Away,2016-11-05T16:30:00.000Z,True,False,20,48,L,47,25,81.306
2016,11,400869486,Georgia Tech,ACC,Virginia Tech,ACC,Away,2016-11-12T20:30:00.000Z,True,False,30,20,W,22,22,85.014
2016,12,400869494,Georgia Tech,ACC,Virginia,ACC,Home,2016-11-19T17:30:00.000Z,True,False,31,17,W,106,87,-47.226
2016,13,400869070,Georgia Tech,ACC,Georgia,SEC,Away,2016-11-26T17:00:00.000Z,True,False,28,27,W,64,49,30.375
2016,1,400869090,Hawai'i,Mountain West,California,Pac-12,Away,2016-08-27T02:00:00.000Z,True,False,31,51,L,84,50,29.439
2016,1,400869180,Hawai'i,Mountain West,Michigan,Big Ten,Away,2016-09-03T16:00:00.000Z,True,False,3,63,L,2,3,180.110
2016,1,400876049,Hawai'i,Mountain West,Middle Tennessee,Conference USA,Away,2016-12-25T01:00:00.000Z,True,False,52,35,W,63,100,-76.422
2016,3,400869108,Hawai'i,Mountain West,Arizona,Pac-12,Away,2016-09-18T02:45:00.000Z,True,False,28,47,L,122,82,-34.559
2016,5,400869211,Hawai'i,Mountain West,Nevada,Mountain West,Home,2016-10-02T03:59:00.000Z,True,False,38,17,W,86,112,-114.035
2016,6,400869217,Hawai'i,Mountain West,San José State,Mountain West,Away,2016-10-08T20:30:00.000Z,True,False,34,17,W,112,115,-122.654
2016,7,400869222,Hawai'i,Mountain West,UNLV,Mountain West,Home,2016-10-16T03:59:00.000Z,True,False,38,41,L,98,114,-121.922
2016,8,400869225,Hawai'i,Mountain West,Air Force,Mountain West,Away,2016-10-22T18:00:00.000Z,True,False,34,27,W,28,59,12.865
2016,9,400869233,Hawai'i,Mountain West,New Mexico,Mountain West,Home,2016-10-30T03:59:00.000Z,True,False,21,28,L,48,85,-42.484
2016,10,400869240,Hawai'i,Mountain West,San Diego State,Mountain West,Away,2016-11-05T23:00:00.000Z,True,False,0,55,L,10,43,40.867
2016,11,400869242,Hawai'i,Mountain West,Boise State,Mountain West,Home,2016-11-13T00:00:00.000Z,True,False,16,52,L,14,30,72.571
2016,12,400869251,Hawai'i,Mountain West,Fresno State,Mountain West,Away,2016-11-20T00:00:00.000Z,True,False,14,13,W,120,124,-145.729
2016,13,400868967,Hawai'i,Mountain West,Massachusetts,FBS Independents,Home,2016-11-27T04:00:00.000Z,True,False,46,40,W,115,118,-128.996
2016,1,400869507,Houston,American Athletic,Oklahoma,Big 12,Home,2016-09-03T16:00:00.000Z,True,False,33,23,W,9,11,125.775
2016,1,400876039,Houston,American Athletic,San Diego State,Mountain West,Away,2016-12-17T20:30:00.000Z,True,False,10,34,L,10,43,40.867
2016,3,400869517,Houston,American Athletic,Cincinnati,American Athletic,Away,2016-09-15T23:30:00.000Z,True,False,40,16,W,101,104,-90.274
2016,4,400869525,Houston,American Athletic,Texas State,Sun Belt,Away,2016-09-24T23:00:00.000Z,True,False,64,3,W,127,128,-198.236
2016,5,400869527,Houston,American Athletic,UConn,American Athletic,Home,2016-09-30T00:00:00.000Z,True,False,42,14,W,113,116,-122.684
2016,6,400869536,Houston,American Athletic,Navy,American Athletic,Away,2016-10-08T19:00:00.000Z,True,False,40,46,L,39,61,11.098
2016,7,400869541,Houston,American Athletic,Tulsa,American Athletic,Home,2016-10-15T23:00:00.000Z,True,False,38,31,W,24,45,38.867
2016,8,400869545,Houston,American Athletic,SMU,American Athletic,Away,2016-10-22T23:00:00.000Z,True,False,16,38,L,99,91,-55.591
2016,9,400869549,Houston,American Athletic,UCF,American Athletic,Home,2016-10-29T16:00:00.000Z,True,False,31,24,W,56,65,7.105
2016,11,400869560,Houston,American Athletic,Tulane,American Athletic,Home,2016-11-12T20:30:00.000Z,True,False,30,18,W,94,106,-90.411
2016,12,400869562,Houston,American Athletic,Louisville,ACC,Home,2016-11-18T01:00:00.000Z,True,False,36,10,W,7,19,94.852
2016,13,400869568,Houston,American Athletic,Memphis,American Athletic,Away,2016-11-25T17:00:00.000Z,True,False,44,48,L,30,66,4.544
2016,1,400876045,Idaho,Sun Belt,Colorado State,Mountain West,Away,2016-12-23T00:00:00.000Z,True,False,61,50,W,54,55,18.455
2016,2,400869105,Idaho,Sun Belt,Washington,Pac-12,Away,2016-09-10T21:00:00.000Z,True,False,14,59,L,5,2,194.221
2016,3,400869116,Idaho,Sun Belt,Washington State,Pac-12,Away,2016-09-17T18:00:00.000Z,True,False,6,56,L,11,13,117.278
2016,4,400869205,Idaho,Sun Belt,UNLV,Mountain West,Away,2016-09-25T01:00:00.000Z,True,False,33,30,W,98,114,-121.922
2016,5,400869819,Idaho,Sun Belt,Troy,Sun Belt,Home,2016-10-01T21:00:00.000Z,True,False,13,34,L,25,75,-19.307
2016,6,400869824,Idaho,Sun Belt,UL Monroe,Sun Belt,Away,2016-10-08T23:00:00.000Z,True,False,34,31,W,125,122,-140.962
2016,7,400869828,Idaho,Sun Belt,New Mexico State,Sun Belt,Home,2016-10-15T21:00:00.000Z,True,False,55,23,W,110,117,-126.798
2016,8,400869831,Idaho,Sun Belt,App State,Sun Belt,Away,2016-10-22T19:30:00.000Z,True,False,19,37,L,16,40,53.873
2016,10,400869840,Idaho,Sun Belt,Louisiana,Sun Belt,Away,2016-11-05T21:00:00.000Z,True,False,23,13,W,70,95,-68.179
2016,11,400869846,Idaho,Sun Belt,Texas State,Sun Belt,Away,2016-11-12T21:00:00.000Z,True,False,47,14,W,127,128,-198.236
2016,13,400869853,Idaho,Sun Belt,South Alabama,Sun Belt,Home,2016-11-26T20:30:00.000Z,True,False,38,31,W,78,102,-86.188
2016,14,400869857,Idaho,Sun Belt,Georgia State,Sun Belt,Home,2016-12-03T22:00:00.000Z,True,False,37,12,W,97,111,-108.789
2016,2,400869434,Illinois,Big Ten,North Carolina,ACC,Home,2016-09-10T23:30:00.000Z,True,False,23,48,L,47,25,81.306
2016,3,400869284,Illinois,Big Ten,Western Michigan,Mid-American,Home,2016-09-17T20:00:00.000Z,True,False,10,34,L,4,14,114.780
2016,5,400869665,Illinois,Big Ten,Nebraska,Big Ten,Away,2016-10-01T19:30:00.000Z,True,False,16,31,L,55,33,65.104
2016,6,400869667,Illinois,Big Ten,Purdue,Big Ten,Home,2016-10-08T19:30:00.000Z,True,False,31,34,L,118,98,-74.394
2016,7,400869637,Illinois,Big Ten,Rutgers,Big Ten,Away,2016-10-15T16:00:00.000Z,True,False,24,7,W,128,89,-54.076
2016,8,400869676,Illinois,Big Ten,Michigan,Big Ten,Away,2016-10-22T19:30:00.000Z,True,False,8,41,L,2,3,180.110
2016,9,400869679,Illinois,Big Ten,Minnesota,Big Ten,Home,2016-10-29T16:00:00.000Z,True,False,17,40,L,43,27,76.900
2016,10,400869684,Illinois,Big Ten,Michigan State,Big Ten,Home,2016-11-05T16:00:00.000Z,True,False,31,27,W,79,58,14.532
2016,11,400869693,Illinois,Big Ten,Wisconsin,Big Ten,Away,2016-11-12T20:30:00.000Z,True,False,3,48,L,12,8,147.019
2016,12,400869694,Illinois,Big Ten,Iowa,Big Ten,Home,2016-11-19T17:00:00.000Z,True,False,0,28,L,36,20,90.382
2016,13,400869701,Illinois,Big Ten,Northwestern,Big Ten,Away,2016-11-26T17:00:00.000Z,True,False,21,42,L,51,31,68.537
2016,1,400869342,Indiana,Big Ten,Florida International,Conference USA,Away,2016-09-01T23:30:00.000Z,True,False,34,13,W,103,120,-132.291
2016,1,400903226,Indiana,Big Ten,Utah,Pac-12,Away,2016-12-29T01:30:00.000Z,True,False,24,26,L,46,32,66.488
2016,2,400869269,Indiana,Big Ten,Ball State,Mid-American,Home,2016-09-10T20:00:00.000Z,True,False,30,20,W,85,109,-97.265
2016,4,400869452,Indiana,Big Ten,Wake Forest,ACC,Home,2016-09-24T19:30:00.000Z,True,False,28,33,L,73,67,3.046
2016,5,400869661,Indiana,Big Ten,Michigan State,Big Ten,Home,2016-10-02T00:00:00.000Z,True,False,24,21,W,79,58,14.532
2016,6,400869643,Indiana,Big Ten,Ohio State,Big Ten,Away,2016-10-08T19:30:00.000Z,True,False,17,38,L,3,5,169.717
2016,7,400869670,Indiana,Big Ten,Nebraska,Big Ten,Home,2016-10-15T19:30:00.000Z,True,False,22,27,L,55,33,65.104
2016,8,400869678,Indiana,Big Ten,Northwestern,Big Ten,Away,2016-10-22T16:00:00.000Z,True,False,14,24,L,51,31,68.537
2016,9,400869680,Indiana,Big Ten,Maryland,Big Ten,Home,2016-10-29T19:30:00.000Z,True,False,42,36,W,91,69,0.170
2016,10,400869639,Indiana,Big Ten,Rutgers,Big Ten,Away,2016-11-05T16:00:00.000Z,True,False,33,27,W,128,89,-54.076
2016,11,400869689,Indiana,Big Ten,Penn State,Big Ten,Home,2016-11-12T17:00:00.000Z,True,False,31,45,L,17,9,135.121
2016,12,400869695,Indiana,Big Ten,Michigan,Big Ten,Away,2016-11-19T20:30:00.000Z,True,False,10,20,L,2,3,180.110
2016,13,400869700,Indiana,Big Ten,Purdue,Big Ten,Home,2016-11-26T17:00:00.000Z,True,False,26,24,W,118,98,-74.394
2016,1,400869262,Iowa,Big Ten,Miami (OH),Mid-American,Home,2016-09-03T19:30:00.000Z,True,False,45,21,W,67,93,-63.644
2016,1,400876109,Iowa,Big Ten,Florida,SEC,Home,2017-01-02T18:00:00.000Z,True,False,3,30,L,33,21,90.155
2016,2,400868888,Iowa,Big Ten,Iowa State,Big 12,Home,2016-09-10T23:30:00.000Z,True,False,42,3,W,80,73,-17.676
2016,4,400869634,Iowa,Big Ten,Rutgers,Big Ten,Away,2016-09-24T16:00:00.000Z,True,False,14,7,W,128,89,-54.076
2016,5,400869662,Iowa,Big Ten,Northwestern,Big Ten,Home,2016-10-01T16:00:00.000Z,True,False,31,38,L,51,31,68.537
2016,6,400869668,Iowa,Big Ten,Minnesota,Big Ten,Away,2016-10-08T16:00:00.000Z,True,False,14,7,W,43,27,76.900
2016,7,400869673,Iowa,Big Ten,Purdue,Big Ten,Away,2016-10-15T16:00:00.000Z,True,False,49,35,W,118,98,-74.394
2016,8,400869674,Iowa,Big Ten,Wisconsin,Big Ten,Home,2016-10-22T16:00:00.000Z,True,False,9,17,L,12,8,147.019
2016,10,400869688,Iowa,Big Ten,Penn State,Big Ten,Away,2016-11-05T23:30:00.000Z,True,False,14,41,L,17,9,135.121
2016,11,400869690,Iowa,Big Ten,Michigan,Big Ten,Home,2016-11-13T01:00:00.000Z,True,False,14,13,W,2,3,180.110
2016,12,400869694,Iowa,Big Ten,Illinois,Big Ten,Away,2016-11-19T17:00:00.000Z,True,False,28,0,W,121,90,-55.003
2016,13,400869699,Iowa,Big Ten,Nebraska,Big Ten,Home,2016-11-25T20:30:00.000Z,True,False,40,10,W,55,33,65.104
2016,2,400868888,Iowa State,Big 12,Iowa,Big Ten,Away,2016-09-10T23:30:00.000Z,True,False,3,42,L,36,20,90.382
2016,3,400868889,Iowa State,Big 12,TCU,Big 12,Away,2016-09-17T16:00:00.000Z,True,False,20,41,L,59,52,25.722
2016,4,400869204,Iowa State,Big 12,San José State,Mountain West,Home,2016-09-24T16:00:00.000Z,True,False,44,10,W,112,115,-122.654
2016,5,400868879,Iowa State,Big 12,Baylor,Big 12,Home,2016-10-01T16:00:00.000Z,True,False,42,45,L,53,46,32.580
2016,6,400869590,Iowa State,Big 12,Oklahoma State,Big 12,Away,2016-10-08T19:30:00.000Z,True,False,31,38,L,31,18,94.926
2016,7,400869591,Iowa State,Big 12,Texas,Big 12,Away,2016-10-15T23:00:00.000Z,True,False,6,27,L,65,60,12.113
2016,9,400869592,Iowa State,Big 12,Kansas State,Big 12,Home,2016-10-29T16:00:00.000Z,True,False,26,31,L,26,29,73.317
2016,10,400869593,Iowa State,Big 12,Oklahoma,Big 12,Home,2016-11-03T23:30:00.000Z,True,False,24,34,L,9,11,125.775
2016,11,400869594,Iowa State,Big 12,Kansas,Big 12,Away,2016-11-12T17:00:00.000Z,True,False,31,24,W,126,103,-88.670
2016,12,400869595,Iowa State,Big 12,Texas Tech,Big 12,Home,2016-11-19T20:30:00.000Z,True,False,66,10,W,76,68,1.599
2016,13,400869596,Iowa State,Big 12,West Virginia,Big 12,Home,2016-11-26T20:30:00.000Z,True,False,19,49,L,40,26,80.233
2016,2,400869277,Kansas,Big 12,Ohio,Mid-American,Home,2016-09-10T18:30:00.000Z,True,False,21,37,L,52,80,-33.714
2016,3,400869520,Kansas,Big 12,Memphis,American Athletic,Away,2016-09-17T16:00:00.000Z,True,False,7,43,L,30,66,4.544
2016,5,400869598,Kansas,Big 12,Texas Tech,Big 12,Away,2016-09-30T00:30:00.000Z,True,False,19,55,L,76,68,1.599
2016,6,400869599,Kansas,Big 12,TCU,Big 12,Home,2016-10-08T16:00:00.000Z,True,False,23,24,L,59,52,25.722
2016,7,400868880,Kansas,Big 12,Baylor,Big 12,Away,2016-10-15T19:30:00.000Z,True,False,7,49,L,53,46,32.580
2016,8,400869600,Kansas,Big 12,Oklahoma State,Big 12,Home,2016-10-22T16:00:00.000Z,True,False,20,44,L,31,18,94.926
2016,9,400869601,Kansas,Big 12,Oklahoma,Big 12,Away,2016-10-29T23:00:00.000Z,True,False,3,56,L,9,11,125.775
2016,10,400869602,Kansas,Big 12,West Virginia,Big 12,Away,2016-11-05T23:00:00.000Z,True,False,21,48,L,40,26,80.233
2016,11,400869594,Kansas,Big 12,Iowa State,Big 12,Home,2016-11-12T17:00:00.000Z,True,False,24,31,L,80,73,-17.676
2016,12,400869603,Kansas,Big 12,Texas,Big 12,Home,2016-11-19T20:30:00.000Z,True,False,24,21,W,65,60,12.113
2016,13,400869604,Kansas,Big 12,Kansas State,Big 12,Away,2016-11-26T17:00:00.000Z,True,False,19,34,L,26,29,73.317
2016,1,400869094,Kansas State,Big 12,Stanford,Pac-12,Away,2016-09-03T01:00:00.000Z,True,False,13,26,L,41,17,98.376
2016,1,400876099,Kansas State,Big 12,Texas A&M,SEC,Home,2016-12-29T02:00:00.000Z,True,False,33,28,W,44,28,76.343
2016,3,400869358,Kansas State,Big 12,Florida Atlantic,Conference USA,Home,2016-09-17T18:30:00.000Z,True,False,63,7,W,116,119,-129.814
2016,5,400869606,Kansas State,Big 12,West Virginia,Big 12,Away,2016-10-01T19:30:00.000Z,True,False,16,17,L,40,26,80.233
2016,6,400869607,Kansas State,Big 12,Texas Tech,Big 12,Home,2016-10-08T23:00:00.000Z,True,False,44,38,W,76,68,1.599
2016,7,400869608,Kansas State,Big 12,Oklahoma,Big 12,Away,2016-10-15T16:00:00.000Z,True,False,17,38,L,9,11,125.775
2016,8,400869609,Kansas State,Big 12,Texas,Big 12,Home,2016-10-22T16:00:00.000Z,True,False,24,21,W,65,60,12.113
2016,9,400869592,Kansas State,Big 12,Iowa State,Big 12,Away,2016-10-29T16:00:00.000Z,True,False,31,26,W,80,73,-17.676
2016,10,400869610,Kansas State,Big 12,Oklahoma State,Big 12,Home,2016-11-05T19:30:00.000Z,True,False,37,43,L,31,18,94.926
2016,12,400868884,Kansas State,Big 12,Baylor,Big 12,Away,2016-11-19T17:00:00.000Z,True,False,42,21,W,53,46,32.580
2016,13,400869604,Kansas State,Big 12,Kansas,Big 12,Home,2016-11-26T17:00:00.000Z,True,False,34,19,W,126,103,-88.670
2016,14,400869611,Kansas State,Big 12,TCU,Big 12,Away,2016-12-03T17:00:00.000Z,True,False,30,6,W,59,52,25.722
2016,1,400869261,Kent State,Mid-American,Penn State,Big Ten,Away,2016-09-03T19:30:00.000Z,True,False,13,33,L,17,9,135.121
2016,4,400869002,Kent State,Mid-American,Alabama,SEC,Away,2016-09-24T16:00:00.000Z,True,False,0,48,L,1,1,248.809
2016,5,400869293,Kent State,Mid-American,Akron,Mid-American,Home,2016-10-01T19:30:00.000Z,True,False,27,31,L,89,101,-77.232
2016,6,400869301,Kent State,Mid-American,Buffalo,Mid-American,Away,2016-10-08T19:30:00.000Z,True,False,44,20,W,123,126,-179.817
2016,7,400869309,Kent State,Mid-American,Miami (OH),Mid-American,Away,2016-10-15T18:30:00.000Z,True,False,14,18,L,67,93,-63.644
2016,8,400869315,Kent State,Mid-American,Ohio,Mid-American,Home,2016-10-22T17:00:00.000Z,True,False,10,14,L,52,80,-33.714
2016,9,400869319,Kent State,Mid-American,Central Michigan,Mid-American,Away,2016-10-29T16:00:00.000Z,True,False,27,24,W,96,107,-91.157
2016,11,400869326,Kent State,Mid-American,Western Michigan,Mid-American,Home,2016-11-09T00:30:00.000Z,True,False,21,37,L,4,14,114.780
2016,12,400869330,Kent State,Mid-American,Bowling Green,Mid-American,Away,2016-11-16T00:00:00.000Z,True,False,7,42,L,114,108,-92.342
2016,13,400869339,Kent State,Mid-American,Northern Illinois,Mid-American,Home,2016-11-25T17:00:00.000Z,True,False,21,31,L,61,74,-19.075
2016,1,400868973,Kentucky,SEC,Southern Miss,Conference USA,Home,2016-09-03T23:30:00.000Z,True,False,35,44,L,66,97,-73.744
2016,1,400876113,Kentucky,SEC,Georgia Tech,ACC,Home,2016-12-31T16:00:00.000Z,True,False,18,33,L,49,37,59.774
2016,2,400868983,Kentucky,SEC,Florida,SEC,Away,2016-09-10T19:30:00.000Z,True,False,7,45,L,33,21,90.155
2016,3,400868995,Kentucky,SEC,New Mexico State,Sun Belt,Home,2016-09-17T20:00:00.000Z,True,False,62,42,W,110,117,-126.798
2016,4,400869004,Kentucky,SEC,South Carolina,SEC,Home,2016-09-24T23:30:00.000Z,True,False,17,10,W,90,78,-25.484
2016,5,400869010,Kentucky,SEC,Alabama,SEC,Away,2016-10-01T23:00:00.000Z,True,False,6,34,L,1,1,248.809
2016,6,400869020,Kentucky,SEC,Vanderbilt,SEC,Home,2016-10-08T20:00:00.000Z,True,False,20,13,W,71,64,7.109
2016,8,400869031,Kentucky,SEC,Mississippi State,SEC,Home,2016-10-22T23:30:00.000Z,True,False,40,38,W,74,57,15.233
2016,9,400869038,Kentucky,SEC,Missouri,SEC,Away,2016-10-29T16:00:00.000Z,True,False,35,21,W,87,79,-26.931
2016,10,400869043,Kentucky,SEC,Georgia,SEC,Home,2016-11-05T23:30:00.000Z,True,False,24,27,L,64,49,30.375
2016,11,400869054,Kentucky,SEC,Tennessee,SEC,Away,2016-11-12T17:00:00.000Z,True,False,36,49,L,45,23,84.957
2016,13,400869071,Kentucky,SEC,Louisville,ACC,Away,2016-11-26T17:00:00.000Z,True,False,41,38,W,7,19,94.852
2016,1,400868974,LSU,SEC,Wisconsin,Big Ten,Away,2016-09-03T19:30:00.000Z,True,False,14,16,L,12,8,147.019
2016,1,400876106,LSU,SEC,Louisville,ACC,Away,2016-12-31T16:00:00.000Z,True,False,29,9,W,7,19,94.852
2016,3,400868996,LSU,SEC,Mississippi State,SEC,Home,2016-09-17T23:00:00.000Z,True,False,23,20,W,74,57,15.233
2016,4,400869003,LSU,SEC,Auburn,SEC,Away,2016-09-24T22:00:00.000Z,True,False,13,18,L,18,15,108.178
2016,5,400869014,LSU,SEC,Missouri,SEC,Home,2016-10-01T23:30:00.000Z,True,False,42,7,W,87,79,-26.931
2016,7,400869027,LSU,SEC,Southern Miss,Conference USA,Home,2016-10-15T23:30:00.000Z,True,False,45,10,W,66,97,-73.744
2016,8,400869032,LSU,SEC,Ole Miss,SEC,Home,2016-10-23T01:00:00.000Z,True,False,38,21,W,75,42,43.367
2016,10,400869044,LSU,SEC,Alabama,SEC,Home,2016-11-06T00:00:00.000Z,True,False,0,10,L,1,1,248.809
2016,11,400869050,LSU,SEC,Arkansas,SEC,Away,2016-11-13T00:00:00.000Z,True,False,38,10,W,81,47,32.077
2016,12,400922862,LSU,SEC,Florida,SEC,Home,2016-11-19T18:00:00.000Z,True,False,10,16,L,33,21,90.155
2016,13,400869067,LSU,SEC,Texas A&M,SEC,Away,2016-11-25T00:30:00.000Z,True,False,54,39,W,44,28,76.343
2016,1,400869176,Louisiana,Sun Belt,Boise State,Mountain West,Home,2016-09-03T16:00:00.000Z,True,False,10,45,L,14,30,72.571
2016,1,400876041,Louisiana,Sun Belt,Southern Miss,Conference USA,Home,2016-12-18T02:00:00.000Z,True,False,21,28,L,66,97,-73.744
2016,3,400869814,Louisiana,Sun Belt,South Alabama,Sun Belt,Home,2016-09-17T23:00:00.000Z,True,False,28,23,W,78,102,-86.188
2016,4,400869526,Louisiana,Sun Belt,Tulane,American Athletic,Away,2016-09-25T00:00:00.000Z,True,False,39,41,L,94,106,-90.411
2016,5,400869820,Louisiana,Sun Belt,New Mexico State,Sun Belt,Away,2016-10-02T00:00:00.000Z,True,False,31,37,L,110,117,-126.798
2016,7,400869825,Louisiana,Sun Belt,App State,Sun Belt,Home,2016-10-13T00:00:00.000Z,True,False,0,24,L,16,40,53.873
2016,8,400869834,Louisiana,Sun Belt,Texas State,Sun Belt,Away,2016-10-22T23:00:00.000Z,True,False,27,3,W,127,128,-198.236
2016,10,400869840,Louisiana,Sun Belt,Idaho,Sun Belt,Home,2016-11-05T21:00:00.000Z,True,False,13,23,L,72,81,-33.725
2016,11,400869844,Louisiana,Sun Belt,Georgia Southern,Sun Belt,Away,2016-11-11T00:30:00.000Z,True,False,33,26,W,82,94,-64.897
2016,12,400869059,Louisiana,Sun Belt,Georgia,SEC,Away,2016-11-19T17:00:00.000Z,True,False,21,35,L,64,49,30.375
2016,13,400869852,Louisiana,Sun Belt,Arkansas State,Sun Belt,Home,2016-11-26T17:00:00.000Z,True,False,24,19,W,37,77,-20.539
2016,14,400869858,Louisiana,Sun Belt,UL Monroe,Sun Belt,Away,2016-12-03T20:00:00.000Z,True,False,30,3,W,125,122,-140.962
2016,1,400868970,Louisiana Tech,Conference USA,Arkansas,SEC,Away,2016-09-03T20:00:00.000Z,True,False,20,21,L,81,47,32.077
2016,1,400876047,Louisiana Tech,Conference USA,Navy,American Athletic,Away,2016-12-23T21:30:00.000Z,True,False,48,45,W,39,61,11.098
2016,3,400869359,Louisiana Tech,Conference USA,Texas Tech,Big 12,Away,2016-09-17T23:00:00.000Z,True,False,45,59,L,76,68,1.599
2016,4,400869365,Louisiana Tech,Conference USA,Middle Tennessee,Conference USA,Away,2016-09-24T23:00:00.000Z,True,False,34,38,L,63,100,-76.422
2016,5,400869372,Louisiana Tech,Conference USA,UTEP,Conference USA,Home,2016-10-01T23:00:00.000Z,True,False,28,7,W,119,127,-186.261
2016,6,400869379,Louisiana Tech,Conference USA,Western Kentucky,Conference USA,Home,2016-10-07T00:00:00.000Z,True,False,55,52,W,6,39,54.685
2016,7,400868963,Louisiana Tech,Conference USA,Massachusetts,FBS Independents,Away,2016-10-15T19:30:00.000Z,True,False,56,28,W,115,118,-128.996
2016,8,400869387,Louisiana Tech,Conference USA,Florida International,Conference USA,Away,2016-10-22T23:00:00.000Z,True,False,44,24,W,103,120,-132.291
2016,9,400869393,Louisiana Tech,Conference USA,Rice,Conference USA,Home,2016-10-29T23:00:00.000Z,True,False,61,16,W,111,123,-143.272
2016,10,400869400,Louisiana Tech,Conference USA,North Texas,Conference USA,Away,2016-11-05T21:30:00.000Z,True,False,45,24,W,102,121,-132.433
2016,11,400869406,Louisiana Tech,Conference USA,UTSA,Conference USA,Home,2016-11-12T20:30:00.000Z,True,False,63,35,W,62,86,-44.956
2016,13,400869418,Louisiana Tech,Conference USA,Southern Miss,Conference USA,Away,2016-11-25T21:00:00.000Z,True,False,24,39,L,66,97,-73.744
2016,14,400926948,Louisiana Tech,Conference USA,Western Kentucky,Conference USA,Away,2016-12-03T17:00:00.000Z,True,False,44,58,L,6,39,54.685
2016,1,400869341,Louisville,ACC,Charlotte,Conference USA,Home,2016-09-01T23:00:00.000Z,True,False,70,14,W,107,113,-117.125
2016,1,400876106,Louisville,ACC,LSU,SEC,Home,2016-12-31T16:00:00.000Z,True,False,9,29,L,13,6,156.007
2016,2,400869429,Louisville,ACC,Syracuse,ACC,Away,2016-09-10T00:00:00.000Z,True,False,62,28,W,117,84,-40.960
2016,3,400869440,Louisville,ACC,Florida State,ACC,Home,2016-09-17T16:00:00.000Z,True,False,63,20,W,35,10,126.240
2016,4,400869366,Louisville,ACC,Marshall,Conference USA,Away,2016-09-25T00:00:00.000Z,True,False,59,28,W,124,125,-179.198
2016,5,400869453,Louisville,ACC,Clemson,ACC,Away,2016-10-02T00:00:00.000Z,True,False,36,42,L,8,4,169.730
2016,7,400869461,Louisville,ACC,Duke,ACC,Home,2016-10-14T23:00:00.000Z,True,False,24,14,W,105,76,-19.748
2016,8,400869469,Louisville,ACC,NC State,ACC,Home,2016-10-22T16:00:00.000Z,True,False,54,13,W,58,34,64.599
2016,9,400869475,Louisville,ACC,Virginia,ACC,Away,2016-10-29T16:00:00.000Z,True,False,32,25,W,106,87,-47.226
2016,10,400869476,Louisville,ACC,Boston College,ACC,Away,2016-11-05T16:00:00.000Z,True,False,52,7,W,88,70,-3.444
2016,11,400869487,Louisville,ACC,Wake Forest,ACC,Home,2016-11-13T00:00:00.000Z,True,False,44,12,W,73,67,3.046
2016,12,400869562,Louisville,ACC,Houston,American Athletic,Away,2016-11-18T01:00:00.000Z,True,False,10,36,L,32,54,19.093
2016,13,400869071,Louisville,ACC,Kentucky,SEC,Home,2016-11-26T17:00:00.000Z,True,False,38,41,L,83,72,-9.812
2016,3,400869278,Marshall,Conference USA,Akron,Mid-American,Home,2016-09-17T16:00:00.000Z,True,False,38,65,L,89,101,-77.232
2016,4,400869366,Marshall,Conference USA,Louisville,ACC,Home,2016-09-25T00:00:00.000Z,True,False,28,59,L,7,19,94.852
2016,5,400869373,Marshall,Conference USA,Pittsburgh,ACC,Away,2016-10-01T23:30:00.000Z,True,False,27,43,L,42,24,83.363
2016,6,400869380,Marshall,Conference USA,North Texas,Conference USA,Away,2016-10-08T23:00:00.000Z,True,False,21,38,L,102,121,-132.433
2016,7,400869383,Marshall,Conference USA,Florida Atlantic,Conference USA,Home,2016-10-15T23:00:00.000Z,True,False,27,21,W,116,119,-129.814
2016,8,400869386,Marshall,Conference USA,Charlotte,Conference USA,Home,2016-10-22T21:30:00.000Z,True,False,24,27,L,107,113,-117.125
2016,9,400869394,Marshall,Conference USA,Southern Miss,Conference USA,Away,2016-10-29T23:00:00.000Z,True,False,14,24,L,66,97,-73.744
2016,10,400869401,Marshall,Conference USA,Old Dominion,Conference USA,Away,2016-11-05T23:00:00.000Z,True,False,14,38,L,38,83,-40.141
2016,11,400869407,Marshall,Conference USA,Middle Tennessee,Conference USA,Home,2016-11-13T00:00:00.000Z,True,False,42,17,W,63,100,-76.422
2016,12,400869411,Marshall,Conference USA,Florida International,Conference USA,Away,2016-11-20T00:00:00.000Z,True,False,14,31,L,103,120,-132.291
2016,13,400869419,Marshall,Conference USA,Western Kentucky,Conference USA,Home,2016-11-27T00:00:00.000Z,True,False,6,60,L,6,39,54.685
2016,1,400876091,Maryland,Big Ten,Boston College,ACC,Away,2016-12-26T19:30:00.000Z,True,False,30,36,L,88,70,-3.444
2016,2,400869351,Maryland,Big Ten,Florida International,Conference USA,Away,2016-09-09T23:30:00.000Z,True,False,41,14,W,103,120,-132.291
2016,3,400869518,Maryland,Big Ten,UCF,American Athletic,Away,2016-09-17T23:00:00.000Z,True,False,30,24,W,56,65,7.105
2016,5,400869663,Maryland,Big Ten,Purdue,Big Ten,Home,2016-10-01T19:30:00.000Z,True,False,50,7,W,118,98,-74.394
2016,6,400869669,Maryland,Big Ten,Penn State,Big Ten,Away,2016-10-08T16:00:00.000Z,True,False,14,38,L,17,9,135.121
2016,7,400869671,Maryland,Big Ten,Minnesota,Big Ten,Home,2016-10-15T16:00:00.000Z,True,False,10,31,L,43,27,76.900
2016,8,400869675,Maryland,Big Ten,Michigan State,Big Ten,Home,2016-10-22T23:30:00.000Z,True,False,28,17,W,79,58,14.532
2016,9,400869680,Maryland,Big Ten,Indiana,Big Ten,Away,2016-10-29T19:30:00.000Z,True,False,36,42,L,68,56,15.263
2016,10,400869685,Maryland,Big Ten,Michigan,Big Ten,Away,2016-11-05T19:30:00.000Z,True,False,3,59,L,2,3,180.110
2016,11,400869648,Maryland,Big Ten,Ohio State,Big Ten,Home,2016-11-12T20:30:00.000Z,True,False,3,62,L,3,5,169.717
2016,12,400869697,Maryland,Big Ten,Nebraska,Big Ten,Away,2016-11-19T17:00:00.000Z,True,False,7,28,L,55,33,65.104
2016,13,400869642,Maryland,Big Ten,Rutgers,Big Ten,Home,2016-11-26T17:00:00.000Z,True,False,31,13,W,128,89,-54.076
2016,1,400868957,Massachusetts,FBS Independents,Florida,SEC,Away,2016-09-03T23:30:00.000Z,True,False,7,24,L,33,21,90.155
2016,2,400868958,Massachusetts,FBS Independents,Boston College,ACC,Home,2016-09-10T16:00:00.000Z,True,False,7,26,L,88,70,-3.444
2016,3,400868959,Massachusetts,FBS Independents,Florida International,Conference USA,Home,2016-09-17T19:30:00.000Z,True,False,21,13,W,103,120,-132.291
2016,4,400868960,Massachusetts,FBS Independents,Mississippi State,SEC,Home,2016-09-24T19:30:00.000Z,True,False,35,47,L,74,57,15.233
2016,5,400868961,Massachusetts,FBS Independents,Tulane,American Athletic,Home,2016-10-01T19:30:00.000Z,True,False,24,31,L,94,106,-90.411
2016,6,400868962,Massachusetts,FBS Independents,Old Dominion,Conference USA,Away,2016-10-08T00:00:00.000Z,True,False,16,36,L,38,83,-40.141
2016,7,400868963,Massachusetts,FBS Independents,Louisiana Tech,Conference USA,Home,2016-10-15T19:30:00.000Z,True,False,28,56,L,23,63,7.457
2016,8,400868964,Massachusetts,FBS Independents,South Carolina,SEC,Away,2016-10-22T16:00:00.000Z,True,False,28,34,L,90,78,-25.484
2016,10,400868966,Massachusetts,FBS Independents,Troy,Sun Belt,Away,2016-11-05T19:30:00.000Z,True,False,31,52,L,25,75,-19.307
2016,12,400868932,Massachusetts,FBS Independents,BYU,FBS Independents,Away,2016-11-19T19:00:00.000Z,True,False,9,51,L,29,36,63.807
2016,13,400868967,Massachusetts,FBS Independents,Hawai'i,Mountain West,Away,2016-11-27T04:00:00.000Z,True,False,40,46,L,104,99,-76.109
2016,1,400876043,Memphis,American Athletic,Western Kentucky,Conference USA,Away,2016-12-21T00:00:00.000Z,True,False,31,51,L,6,39,54.685
2016,3,400869520,Memphis,American Athletic,Kansas,Big 12,Home,2016-09-17T16:00:00.000Z,True,False,43,7,W,126,103,-88.670
2016,4,400869287,Memphis,American Athletic,Bowling Green,Mid-American,Home,2016-09-25T00:00:00.000Z,True,False,77,3,W,114,108,-92.342
2016,5,400869015,Memphis,American Athletic,Ole Miss,SEC,Away,2016-10-01T23:00:00.000Z,True,False,28,48,L,75,42,43.367
2016,6,400869531,Memphis,American Athletic,Temple,American Athletic,Home,2016-10-07T00:00:00.000Z,True,False,34,27,W,15,35,64.551
2016,7,400869538,Memphis,American Athletic,Tulane,American Athletic,Away,2016-10-15T00:00:00.000Z,True,False,24,14,W,94,106,-90.411
2016,8,400869546,Memphis,American Athletic,Navy,American Athletic,Away,2016-10-22T19:30:00.000Z,True,False,28,42,L,39,61,11.098
2016,9,400869552,Memphis,American Athletic,Tulsa,American Athletic,Home,2016-10-30T00:00:00.000Z,True,False,30,59,L,24,45,38.867
2016,10,400869556,Memphis,American Athletic,SMU,American Athletic,Away,2016-11-05T20:00:00.000Z,True,False,51,7,W,99,91,-55.591
2016,11,400869559,Memphis,American Athletic,South Florida,American Athletic,Home,2016-11-13T00:00:00.000Z,True,False,42,49,L,20,41,45.492
2016,12,400869563,Memphis,American Athletic,Cincinnati,American Athletic,Away,2016-11-19T01:00:00.000Z,True,False,34,7,W,101,104,-90.274
2016,13,400869568,Memphis,American Athletic,Houston,American Athletic,Home,2016-11-25T17:00:00.000Z,True,False,48,44,W,32,54,19.093
2016,1,400876098,Miami,ACC,West Virginia,Big 12,Home,2016-12-28T22:30:00.000Z,True,False,31,14,W,40,26,80.233
2016,2,400869719,Miami,ACC,Florida Atlantic,Conference USA,Home,2016-09-10T22:00:00.000Z,True,False,38,10,W,116,119,-129.814
2016,3,400869720,Miami,ACC,App State,Sun Belt,Away,2016-09-17T16:00:00.000Z,True,False,45,10,W,16,40,53.873
2016,5,400869721,Miami,ACC,Georgia Tech,ACC,Away,2016-10-01T16:00:00.000Z,True,False,35,21,W,49,37,59.774
2016,6,400869722,Miami,ACC,Florida State,ACC,Home,2016-10-09T00:00:00.000Z,True,False,19,20,L,35,10,126.240
2016,7,400869723,Miami,ACC,North Carolina,ACC,Home,2016-10-15T19:30:00.000Z,True,False,13,20,L,47,25,81.306
2016,8,400869467,Miami,ACC,Virginia Tech,ACC,Away,2016-10-20T23:00:00.000Z,True,False,16,37,L,22,22,85.014
2016,9,400868953,Miami,ACC,Notre Dame,FBS Independents,Away,2016-10-29T19:30:00.000Z,True,False,27,30,L,50,38,55.720
2016,10,400869481,Miami,ACC,Pittsburgh,ACC,Home,2016-11-05T16:30:00.000Z,True,False,51,28,W,42,24,83.363
2016,11,400869724,Miami,ACC,Virginia,ACC,Away,2016-11-12T19:00:00.000Z,True,False,34,14,W,106,87,-47.226
2016,12,400869495,Miami,ACC,NC State,ACC,Away,2016-11-19T17:30:00.000Z,True,False,27,13,W,58,34,64.599
2016,13,400869499,Miami,ACC,Duke,ACC,Home,2016-11-26T20:30:00.000Z,True,False,40,21,W,105,76,-19.748
2016,1,400869262,Miami (OH),Mid-American,Iowa,Big Ten,Away,2016-09-03T19:30:00.000Z,True,False,21,45,L,36,20,90.382
2016,1,400876090,Miami (OH),Mid-American,Mississippi State,SEC,Away,2016-12-26T16:00:00.000Z,True,False,16,17,L,74,57,15.233
2016,3,400869283,Miami (OH),Mid-American,Western Kentucky,Conference USA,Home,2016-09-17T19:30:00.000Z,True,False,24,31,L,6,39,54.685
2016,4,400869291,Miami (OH),Mid-American,Cincinnati,American Athletic,Away,2016-09-24T19:30:00.000Z,True,False,20,27,L,101,104,-90.274
2016,5,400869296,Miami (OH),Mid-American,Ohio,Mid-American,Home,2016-10-01T18:30:00.000Z,True,False,7,17,L,52,80,-33.714
2016,6,400869302,Miami (OH),Mid-American,Akron,Mid-American,Away,2016-10-08T19:00:00.000Z,True,False,13,35,L,89,101,-77.232
2016,7,400869309,Miami (OH),Mid-American,Kent State,Mid-American,Home,2016-10-15T18:30:00.000Z,True,False,18,14,W,108,105,-90.309
2016,8,400869316,Miami (OH),Mid-American,Bowling Green,Mid-American,Away,2016-10-22T16:00:00.000Z,True,False,40,26,W,114,108,-92.342
2016,9,400869717,Miami (OH),Mid-American,Eastern Michigan,Mid-American,Away,2016-10-29T19:30:00.000Z,True,False,28,15,W,77,92,-60.773
2016,10,400869324,Miami (OH),Mid-American,Central Michigan,Mid-American,Home,2016-11-04T22:00:00.000Z,True,False,37,17,W,96,107,-91.157
2016,11,400869329,Miami (OH),Mid-American,Buffalo,Mid-American,Away,2016-11-12T18:00:00.000Z,True,False,35,24,W,123,126,-179.817
2016,13,400869336,Miami (OH),Mid-American,Ball State,Mid-American,Home,2016-11-23T00:00:00.000Z,True,False,21,20,W,85,109,-97.265
2016,1,400869180,Michigan,Big Ten,Hawai'i,Mountain West,Home,2016-09-03T16:00:00.000Z,True,False,63,3,W,104,99,-76.109
2016,1,400876105,Michigan,Big Ten,Florida State,ACC,Away,2016-12-31T01:00:00.000Z,True,False,32,33,L,35,10,126.240
2016,2,400869510,Michigan,Big Ten,UCF,American Athletic,Home,2016-09-10T16:00:00.000Z,True,False,51,14,W,56,65,7.105
2016,3,400869111,Michigan,Big Ten,Colorado,Pac-12,Home,2016-09-17T19:30:00.000Z,True,False,45,28,W,34,16,106.775
2016,4,400869658,Michigan,Big Ten,Penn State,Big Ten,Home,2016-09-24T19:30:00.000Z,True,False,49,10,W,17,9,135.121
2016,5,400869664,Michigan,Big Ten,Wisconsin,Big Ten,Home,2016-10-01T19:30:00.000Z,True,False,14,7,W,12,8,147.019
2016,6,400869636,Michigan,Big Ten,Rutgers,Big Ten,Away,2016-10-08T23:00:00.000Z,True,False,78,0,W,128,89,-54.076
2016,8,400869676,Michigan,Big Ten,Illinois,Big Ten,Home,2016-10-22T19:30:00.000Z,True,False,41,8,W,121,90,-55.003
2016,9,400869681,Michigan,Big Ten,Michigan State,Big Ten,Away,2016-10-29T16:00:00.000Z,True,False,32,23,W,79,58,14.532
2016,10,400869685,Michigan,Big Ten,Maryland,Big Ten,Home,2016-11-05T19:30:00.000Z,True,False,59,3,W,91,69,0.170
2016,11,400869690,Michigan,Big Ten,Iowa,Big Ten,Away,2016-11-13T01:00:00.000Z,True,False,13,14,L,36,20,90.382
2016,12,400869695,Michigan,Big Ten,Indiana,Big Ten,Home,2016-11-19T20:30:00.000Z,True,False,20,10,W,68,56,15.263
2016,13,400869650,Michigan,Big Ten,Ohio State,Big Ten,Away,2016-11-26T17:00:00.000Z,True,False,27,30,L,3,5,169.717
2016,3,400868948,Michigan State,Big Ten,Notre Dame,FBS Independents,Away,2016-09-17T23:30:00.000Z,True,False,36,28,W,50,38,55.720
2016,4,400869659,Michigan State,Big Ten,Wisconsin,Big Ten,Home,2016-09-24T16:00:00.000Z,True,False,6,30,L,12,8,147.019
2016,5,400869661,Michigan State,Big Ten,Indiana,Big Ten,Away,2016-10-02T00:00:00.000Z,True,False,21,24,L,68,56,15.263
2016,6,400868927,Michigan State,Big Ten,BYU,FBS Independents,Home,2016-10-08T19:30:00.000Z,True,False,14,31,L,29,36,63.807
2016,7,400869672,Michigan State,Big Ten,Northwestern,Big Ten,Home,2016-10-15T19:30:00.000Z,True,False,40,54,L,51,31,68.537
2016,8,400869675,Michigan State,Big Ten,Maryland,Big Ten,Away,2016-10-22T23:30:00.000Z,True,False,17,28,L,91,69,0.170
2016,9,400869681,Michigan State,Big Ten,Michigan,Big Ten,Home,2016-10-29T16:00:00.000Z,True,False,23,32,L,2,3,180.110
2016,10,400869684,Michigan State,Big Ten,Illinois,Big Ten,Away,2016-11-05T16:00:00.000Z,True,False,27,31,L,121,90,-55.003
2016,11,400869640,Michigan State,Big Ten,Rutgers,Big Ten,Home,2016-11-12T17:00:00.000Z,True,False,49,0,W,128,89,-54.076
2016,12,400869649,Michigan State,Big Ten,Ohio State,Big Ten,Home,2016-11-19T17:00:00.000Z,True,False,16,17,L,3,5,169.717
2016,13,400869702,Michigan State,Big Ten,Penn State,Big Ten,Away,2016-11-26T20:30:00.000Z,True,False,12,45,L,17,9,135.121
2016,1,400876049,Middle Tennessee,Conference USA,Hawai'i,Mountain West,Home,2016-12-25T01:00:00.000Z,True,False,35,52,L,104,99,-76.109
2016,2,400868991,Middle Tennessee,Conference USA,Vanderbilt,SEC,Away,2016-09-10T20:00:00.000Z,True,False,24,47,L,71,64,7.109
2016,3,400869281,Middle Tennessee,Conference USA,Bowling Green,Mid-American,Away,2016-09-17T16:00:00.000Z,True,False,41,21,W,114,108,-92.342
2016,4,400869365,Middle Tennessee,Conference USA,Louisiana Tech,Conference USA,Home,2016-09-24T23:00:00.000Z,True,False,38,34,W,23,63,7.457
2016,5,400869374,Middle Tennessee,Conference USA,North Texas,Conference USA,Away,2016-10-01T23:00:00.000Z,True,False,30,13,W,102,121,-132.433
2016,7,400869384,Middle Tennessee,Conference USA,Western Kentucky,Conference USA,Home,2016-10-15T18:30:00.000Z,True,False,43,44,L,6,39,54.685
2016,8,400869033,Middle Tennessee,Conference USA,Missouri,SEC,Away,2016-10-22T20:00:00.000Z,True,False,51,45,W,87,79,-26.931
2016,9,400869391,Middle Tennessee,Conference USA,Florida International,Conference USA,Away,2016-10-29T23:00:00.000Z,True,False,42,35,W,103,120,-132.291
2016,10,400869403,Middle Tennessee,Conference USA,UTSA,Conference USA,Home,2016-11-05T18:30:00.000Z,True,False,25,45,L,62,86,-44.956
2016,11,400869407,Middle Tennessee,Conference USA,Marshall,Conference USA,Away,2016-11-13T00:00:00.000Z,True,False,17,42,L,124,125,-179.198
2016,12,400869410,Middle Tennessee,Conference USA,Charlotte,Conference USA,Away,2016-11-19T19:00:00.000Z,True,False,38,31,W,107,113,-117.125
2016,13,400869417,Middle Tennessee,Conference USA,Florida Atlantic,Conference USA,Home,2016-11-26T22:30:00.000Z,True,False,77,56,W,116,119,-129.814
2016,1,400869092,Minnesota,Big Ten,Oregon State,Pac-12,Home,2016-09-02T01:00:00.000Z,True,False,30,23,W,95,48,31.311
2016,1,400876095,Minnesota,Big Ten,Washington State,Pac-12,Away,2016-12-28T00:00:00.000Z,True,False,17,12,W,11,13,117.278
2016,4,400869200,Minnesota,Big Ten,Colorado State,Mountain West,Home,2016-09-24T16:00:00.000Z,True,False,31,24,W,54,55,18.455
2016,5,400869666,Minnesota,Big Ten,Penn State,Big Ten,Away,2016-10-01T19:40:00.000Z,True,False,26,29,L,17,9,135.121
2016,6,400869668,Minnesota,Big Ten,Iowa,Big Ten,Home,2016-10-08T16:00:00.000Z,True,False,7,14,L,36,20,90.382
2016,7,400869671,Minnesota,Big Ten,Maryland,Big Ten,Away,2016-10-15T16:00:00.000Z,True,False,31,10,W,91,69,0.170
2016,8,400869638,Minnesota,Big Ten,Rutgers,Big Ten,Home,2016-10-22T16:00:00.000Z,True,False,34,32,W,128,89,-54.076
2016,9,400869679,Minnesota,Big Ten,Illinois,Big Ten,Away,2016-10-29T16:00:00.000Z,True,False,40,17,W,121,90,-55.003
2016,10,400869686,Minnesota,Big Ten,Purdue,Big Ten,Home,2016-11-05T19:30:00.000Z,True,False,44,31,W,118,98,-74.394
2016,11,400869691,Minnesota,Big Ten,Nebraska,Big Ten,Away,2016-11-13T00:30:00.000Z,True,False,17,24,L,55,33,65.104
2016,12,400869696,Minnesota,Big Ten,Northwestern,Big Ten,Home,2016-11-19T20:30:00.000Z,True,False,29,12,W,51,31,68.537
2016,13,400869703,Minnesota,Big Ten,Wisconsin,Big Ten,Away,2016-11-26T20:30:00.000Z,True,False,17,31,L,12,8,147.019
2016,1,400868975,Mississippi State,SEC,South Alabama,Sun Belt,Home,2016-09-03T16:00:00.000Z,True,False,20,21,L,78,102,-86.188
2016,1,400876090,Mississippi State,SEC,Miami (OH),Mid-American,Home,2016-12-26T16:00:00.000Z,True,False,17,16,W,67,93,-63.644
2016,2,400868987,Mississippi State,SEC,South Carolina,SEC,Home,2016-09-10T23:00:00.000Z,True,False,27,14,W,90,78,-25.484
2016,3,400868996,Mississippi State,SEC,LSU,SEC,Away,2016-09-17T23:00:00.000Z,True,False,20,23,L,13,6,156.007
2016,4,400868960,Mississippi State,SEC,Massachusetts,FBS Independents,Away,2016-09-24T19:30:00.000Z,True,False,47,35,W,115,118,-128.996
2016,6,400869021,Mississippi State,SEC,Auburn,SEC,Home,2016-10-08T16:00:00.000Z,True,False,14,38,L,18,15,108.178
2016,7,400868928,Mississippi State,SEC,BYU,FBS Independents,Away,2016-10-15T02:15:00.000Z,True,False,21,28,L,29,36,63.807
2016,8,400869031,Mississippi State,SEC,Kentucky,SEC,Away,2016-10-22T23:30:00.000Z,True,False,38,40,L,83,72,-9.812
2016,10,400869046,Mississippi State,SEC,Texas A&M,SEC,Home,2016-11-05T16:00:00.000Z,True,False,35,28,W,44,28,76.343
2016,11,400869049,Mississippi State,SEC,Alabama,SEC,Away,2016-11-12T17:00:00.000Z,True,False,3,51,L,1,1,248.809
2016,12,400869062,Mississippi State,SEC,Arkansas,SEC,Home,2016-11-20T00:00:00.000Z,True,False,42,58,L,81,47,32.077
2016,13,400869072,Mississippi State,SEC,Ole Miss,SEC,Away,2016-11-26T20:30:00.000Z,True,False,55,20,W,75,42,43.367
2016,1,400868976,Missouri,SEC,West Virginia,Big 12,Away,2016-09-03T16:00:00.000Z,True,False,11,26,L,40,26,80.233
2016,2,400868988,Missouri,SEC,Eastern Michigan,Mid-American,Home,2016-09-10T23:30:00.000Z,True,False,61,21,W,77,92,-60.773
2016,3,400868998,Missouri,SEC,Georgia,SEC,Home,2016-09-17T23:30:00.000Z,True,False,27,28,L,64,49,30.375
2016,5,400869014,Missouri,SEC,LSU,SEC,Away,2016-10-01T23:30:00.000Z,True,False,7,42,L,13,6,156.007
2016,7,400869025,Missouri,SEC,Florida,SEC,Away,2016-10-15T20:00:00.000Z,True,False,14,40,L,33,21,90.155
2016,8,400869033,Missouri,SEC,Middle Tennessee,Conference USA,Home,2016-10-22T20:00:00.000Z,True,False,45,51,L,63,100,-76.422
2016,9,400869038,Missouri,SEC,Kentucky,SEC,Home,2016-10-29T16:00:00.000Z,True,False,21,35,L,83,72,-9.812
2016,10,400869047,Missouri,SEC,South Carolina,SEC,Away,2016-11-05T20:00:00.000Z,True,False,21,31,L,90,78,-25.484
2016,11,400869053,Missouri,SEC,Vanderbilt,SEC,Home,2016-11-12T20:30:00.000Z,True,False,26,17,W,71,64,7.109
2016,12,400869064,Missouri,SEC,Tennessee,SEC,Away,2016-11-19T20:30:00.000Z,True,False,37,63,L,45,23,84.957
2016,13,400869073,Missouri,SEC,Arkansas,SEC,Home,2016-11-25T19:30:00.000Z,True,False,28,24,W,81,47,32.077
2016,1,400876092,NC State,ACC,Vanderbilt,SEC,Away,2016-12-26T22:00:00.000Z,True,False,41,17,W,71,64,7.109
2016,2,400869435,NC State,ACC,East Carolina,American Athletic,Away,2016-09-10T16:00:00.000Z,True,False,30,33,L,109,110,-103.316
2016,3,400869360,NC State,ACC,Old Dominion,Conference USA,Home,2016-09-17T22:00:00.000Z,True,False,49,22,W,38,83,-40.141
2016,5,400869456,NC State,ACC,Wake Forest,ACC,Home,2016-10-01T19:30:00.000Z,True,False,33,16,W,73,67,3.046
2016,6,400868951,NC State,ACC,Notre Dame,FBS Independents,Home,2016-10-08T16:00:00.000Z,True,False,10,3,W,50,38,55.720
2016,7,400869462,NC State,ACC,Clemson,ACC,Away,2016-10-15T16:00:00.000Z,True,False,17,24,L,8,4,169.730
2016,8,400869469,NC State,ACC,Louisville,ACC,Away,2016-10-22T16:00:00.000Z,True,False,13,54,L,7,19,94.852
2016,9,400869472,NC State,ACC,Boston College,ACC,Home,2016-10-29T16:30:00.000Z,True,False,14,21,L,88,70,-3.444
2016,10,400869479,NC State,ACC,Florida State,ACC,Home,2016-11-05T23:00:00.000Z,True,False,20,24,L,35,10,126.240
2016,11,400869488,NC State,ACC,Syracuse,ACC,Away,2016-11-12T17:30:00.000Z,True,False,35,20,W,117,84,-40.960
2016,12,400869495,NC State,ACC,Miami,ACC,Home,2016-11-19T17:30:00.000Z,True,False,13,27,L,19,12,121.271
2016,13,400869497,NC State,ACC,North Carolina,ACC,Away,2016-11-25T17:00:00.000Z,True,False,28,21,W,47,25,81.306
2016,1,400876047,Navy,American Athletic,Louisiana Tech,Conference USA,Home,2016-12-23T21:30:00.000Z,True,False,45,48,L,23,63,7.457
2016,2,400869512,Navy,American Athletic,UConn,American Athletic,Home,2016-09-10T19:30:00.000Z,True,False,28,24,W,113,116,-122.684
2016,3,400869521,Navy,American Athletic,Tulane,American Athletic,Away,2016-09-17T23:00:00.000Z,True,False,21,14,W,94,106,-90.411
2016,5,400869206,Navy,American Athletic,Air Force,Mountain West,Away,2016-10-01T19:30:00.000Z,True,False,14,28,L,28,59,12.865
2016,6,400869536,Navy,American Athletic,Houston,American Athletic,Home,2016-10-08T19:00:00.000Z,True,False,46,40,W,32,54,19.093
2016,8,400869546,Navy,American Athletic,Memphis,American Athletic,Home,2016-10-22T19:30:00.000Z,True,False,42,28,W,30,66,4.544
2016,9,400869548,Navy,American Athletic,South Florida,American Athletic,Away,2016-10-28T23:00:00.000Z,True,False,45,52,L,20,41,45.492
2016,10,400868954,Navy,American Athletic,Notre Dame,FBS Independents,Home,2016-11-05T15:30:00.000Z,True,False,28,27,W,50,38,55.720
2016,11,400869561,Navy,American Athletic,Tulsa,American Athletic,Home,2016-11-12T17:00:00.000Z,True,False,42,40,W,24,45,38.867
2016,12,400922541,Navy,American Athletic,East Carolina,American Athletic,Away,2016-11-19T21:00:00.000Z,True,False,66,31,W,109,110,-103.316
2016,13,400869572,Navy,American Athletic,SMU,American Athletic,Away,2016-11-26T20:30:00.000Z,True,False,75,31,W,99,91,-55.591
2016,14,400926947,Navy,American Athletic,Temple,American Athletic,Home,2016-12-03T17:00:00.000Z,True,False,10,34,L,15,35,64.551
2016,15,400868921,Navy,American Athletic,Army,FBS Independents,Away,2016-12-10T20:00:00.000Z,True,False,17,21,L,57,88,-52.685
2016,1,400869179,Nebraska,Big Ten,Fresno State,Mountain West,Home,2016-09-04T00:00:00.000Z,True,False,43,10,W,120,124,-145.729
2016,1,400876104,Nebraska,Big Ten,Tennessee,SEC,Away,2016-12-30T20:30:00.000Z,True,False,24,38,L,45,23,84.957
2016,2,400869187,Nebraska,Big Ten,Wyoming,Mountain West,Home,2016-09-10T16:00:00.000Z,True,False,52,17,W,60,62,7.552
2016,3,400869113,Nebraska,Big Ten,Oregon,Pac-12,Home,2016-09-17T19:30:00.000Z,True,False,35,32,W,92,51,26.530
2016,4,400869660,Nebraska,Big Ten,Northwestern,Big Ten,Away,2016-09-24T23:30:00.000Z,True,False,24,13,W,51,31,68.537
2016,5,400869665,Nebraska,Big Ten,Illinois,Big Ten,Home,2016-10-01T19:30:00.000Z,True,False,31,16,W,121,90,-55.003
2016,7,400869670,Nebraska,Big Ten,Indiana,Big Ten,Away,2016-10-15T19:30:00.000Z,True,False,27,22,W,68,56,15.263
2016,8,400869677,Nebraska,Big Ten,Purdue,Big Ten,Home,2016-10-22T19:30:00.000Z,True,False,27,14,W,118,98,-74.394
2016,9,400869683,Nebraska,Big Ten,Wisconsin,Big Ten,Away,2016-10-29T23:00:00.000Z,True,False,17,23,L,12,8,147.019
2016,10,400869647,Nebraska,Big Ten,Ohio State,Big Ten,Away,2016-11-06T00:00:00.000Z,True,False,3,62,L,3,5,169.717
2016,11,400869691,Nebraska,Big Ten,Minnesota,Big Ten,Home,2016-11-13T00:30:00.000Z,True,False,24,17,W,43,27,76.900
2016,12,400869697,Nebraska,Big Ten,Maryland,Big Ten,Home,2016-11-19T17:00:00.000Z,True,False,28,7,W,91,69,0.170
2016,13,400869699,Nebraska,Big Ten,Iowa,Big Ten,Away,2016-11-25T20:30:00.000Z,True,False,10,40,L,36,20,90.382
2016,2,400868947,Nevada,Mountain West,Notre Dame,FBS Independents,Away,2016-09-10T19:30:00.000Z,True,False,10,39,L,50,38,55.720
2016,3,400869196,Nevada,Mountain West,Buffalo,Mid-American,Home,2016-09-18T01:00:00.000Z,True,False,38,14,W,123,126,-179.817
2016,4,400869203,Nevada,Mountain West,Purdue,Big Ten,Away,2016-09-24T16:00:00.000Z,True,False,14,24,L,118,98,-74.394
2016,5,400869211,Nevada,Mountain West,Hawai'i,Mountain West,Away,2016-10-02T03:59:00.000Z,True,False,17,38,L,104,99,-76.109
2016,6,400869216,Nevada,Mountain West,Fresno State,Mountain West,Home,2016-10-08T23:00:00.000Z,True,False,27,22,W,120,124,-145.729
2016,7,400869223,Nevada,Mountain West,San José State,Mountain West,Away,2016-10-16T02:30:00.000Z,True,False,10,14,L,112,115,-122.654
2016,8,400869229,Nevada,Mountain West,Wyoming,Mountain West,Home,2016-10-23T02:30:00.000Z,True,False,34,42,L,60,62,7.552
2016,10,400869238,Nevada,Mountain West,New Mexico,Mountain West,Away,2016-11-06T02:15:00.000Z,True,False,26,35,L,48,85,-42.484
2016,11,400869245,Nevada,Mountain West,San Diego State,Mountain West,Home,2016-11-13T03:30:00.000Z,True,False,16,46,L,10,43,40.867
2016,12,400869249,Nevada,Mountain West,Utah State,Mountain West,Home,2016-11-19T21:00:00.000Z,True,False,38,37,W,100,96,-69.040
2016,13,400869256,Nevada,Mountain West,UNLV,Mountain West,Away,2016-11-26T21:00:00.000Z,True,False,45,10,W,98,114,-121.922
2016,1,400876038,New Mexico,Mountain West,UTSA,Conference USA,Away,2016-12-17T19:00:00.000Z,True,False,23,20,W,62,86,-44.956
2016,2,400869186,New Mexico,Mountain West,New Mexico State,Sun Belt,Away,2016-09-11T00:00:00.000Z,True,False,31,32,L,110,117,-126.798
2016,3,400869192,New Mexico,Mountain West,Rutgers,Big Ten,Away,2016-09-17T16:00:00.000Z,True,False,28,37,L,128,89,-54.076
2016,5,400869209,New Mexico,Mountain West,San José State,Mountain West,Home,2016-10-01T20:00:00.000Z,True,False,48,41,W,112,115,-122.654
2016,6,400869214,New Mexico,Mountain West,Boise State,Mountain West,Home,2016-10-08T01:00:00.000Z,True,False,21,49,L,14,30,72.571
2016,7,400869219,New Mexico,Mountain West,Air Force,Mountain West,Away,2016-10-15T19:30:00.000Z,True,False,45,40,W,28,59,12.865
2016,8,400869227,New Mexico,Mountain West,UL Monroe,Sun Belt,Home,2016-10-23T01:00:00.000Z,True,False,59,17,W,125,122,-140.962
2016,9,400869233,New Mexico,Mountain West,Hawai'i,Mountain West,Away,2016-10-30T03:59:00.000Z,True,False,28,21,W,104,99,-76.109
2016,10,400869238,New Mexico,Mountain West,Nevada,Mountain West,Home,2016-11-06T02:15:00.000Z,True,False,35,26,W,86,112,-114.035
2016,11,400869243,New Mexico,Mountain West,Utah State,Mountain West,Away,2016-11-13T03:15:00.000Z,True,False,24,21,W,100,96,-69.040
2016,12,400869248,New Mexico,Mountain West,Colorado State,Mountain West,Away,2016-11-20T03:15:00.000Z,True,False,31,49,L,54,55,18.455
2016,13,400869254,New Mexico,Mountain West,Wyoming,Mountain West,Home,2016-11-27T03:15:00.000Z,True,False,56,35,W,60,62,7.552
2016,1,400869348,New Mexico State,Sun Belt,UTEP,Conference USA,Away,2016-09-04T00:00:00.000Z,True,False,22,38,L,119,127,-186.261
2016,2,400869186,New Mexico State,Sun Belt,New Mexico,Mountain West,Home,2016-09-11T00:00:00.000Z,True,False,32,31,W,48,85,-42.484
2016,3,400868995,New Mexico State,Sun Belt,Kentucky,SEC,Away,2016-09-17T20:00:00.000Z,True,False,42,62,L,83,72,-9.812
2016,4,400869816,New Mexico State,Sun Belt,Troy,Sun Belt,Away,2016-09-24T23:00:00.000Z,True,False,6,52,L,25,75,-19.307
2016,5,400869820,New Mexico State,Sun Belt,Louisiana,Sun Belt,Home,2016-10-02T00:00:00.000Z,True,False,37,31,W,70,95,-68.179
2016,7,400869828,New Mexico State,Sun Belt,Idaho,Sun Belt,Away,2016-10-15T21:00:00.000Z,True,False,23,55,L,72,81,-33.725
2016,8,400869832,New Mexico State,Sun Belt,Georgia Southern,Sun Belt,Home,2016-10-23T00:00:00.000Z,True,False,19,22,L,82,94,-64.897
2016,9,400869040,New Mexico State,Sun Belt,Texas A&M,SEC,Away,2016-10-29T23:30:00.000Z,True,False,10,52,L,44,28,76.343
2016,11,400869843,New Mexico State,Sun Belt,Arkansas State,Sun Belt,Away,2016-11-12T20:00:00.000Z,True,False,22,41,L,37,77,-20.539
2016,12,400869850,New Mexico State,Sun Belt,Texas State,Sun Belt,Home,2016-11-19T22:20:00.000Z,True,False,50,10,W,127,128,-198.236
2016,13,400869851,New Mexico State,Sun Belt,App State,Sun Belt,Home,2016-11-26T21:00:00.000Z,True,False,7,37,L,16,40,53.873
2016,14,400869859,New Mexico State,Sun Belt,South Alabama,Sun Belt,Away,2016-12-03T18:00:00.000Z,True,False,28,35,L,78,102,-86.188
2016,1,400868972,North Carolina,ACC,Georgia,SEC,Home,2016-09-03T21:30:00.000Z,True,False,24,33,L,64,49,30.375
2016,1,400878692,North Carolina,ACC,Stanford,Pac-12,Home,2016-12-30T19:00:00.000Z,True,False,23,25,L,41,17,98.376
2016,2,400869434,North Carolina,ACC,Illinois,Big Ten,Away,2016-09-10T23:30:00.000Z,True,False,48,23,W,121,90,-55.003
2016,4,400869449,North Carolina,ACC,Pittsburgh,ACC,Home,2016-09-24T19:30:00.000Z,True,False,37,36,W,42,24,83.363
2016,5,400869455,North Carolina,ACC,Florida State,ACC,Away,2016-10-01T19:30:00.000Z,True,False,37,35,W,35,10,126.240
2016,6,400869459,North Carolina,ACC,Virginia Tech,ACC,Home,2016-10-08T19:30:00.000Z,True,False,3,34,L,22,22,85.014
2016,7,400869723,North Carolina,ACC,Miami,ACC,Away,2016-10-15T19:30:00.000Z,True,False,20,13,W,19,12,121.271
2016,8,400869470,North Carolina,ACC,Virginia,ACC,Away,2016-10-22T19:00:00.000Z,True,False,35,14,W,106,87,-47.226
2016,10,400869480,North Carolina,ACC,Georgia Tech,ACC,Home,2016-11-05T16:30:00.000Z,True,False,48,20,W,49,37,59.774
2016,11,400869483,North Carolina,ACC,Duke,ACC,Away,2016-11-11T00:30:00.000Z,True,False,27,28,L,105,76,-19.748
2016,13,400869497,North Carolina,ACC,NC State,ACC,Home,2016-11-25T17:00:00.000Z,True,False,21,28,L,58,34,64.599
2016,1,400869345,North Texas,Conference USA,SMU,American Athletic,Home,2016-09-03T23:00:00.000Z,True,False,21,34,L,99,91,-55.591
2016,1,400876093,North Texas,Conference USA,Army,FBS Independents,Home,2016-12-27T17:00:00.000Z,True,False,31,38,L,57,88,-52.685
2016,3,400868994,North Texas,Conference USA,Florida,SEC,Away,2016-09-17T23:30:00.000Z,True,False,0,32,L,33,21,90.155
2016,4,400869367,North Texas,Conference USA,Rice,Conference USA,Away,2016-09-24T22:00:00.000Z,True,False,42,35,W,111,123,-143.272
2016,5,400869374,North Texas,Conference USA,Middle Tennessee,Conference USA,Home,2016-10-01T23:00:00.000Z,True,False,13,30,L,63,100,-76.422
2016,6,400869380,North Texas,Conference USA,Marshall,Conference USA,Home,2016-10-08T23:00:00.000Z,True,False,38,21,W,124,125,-179.198
2016,8,400868916,North Texas,Conference USA,Army,FBS Independents,Away,2016-10-22T16:00:00.000Z,True,False,35,18,W,57,88,-52.685
2016,9,400869395,North Texas,Conference USA,UTSA,Conference USA,Away,2016-10-29T23:00:00.000Z,True,False,17,31,L,62,86,-44.956
2016,10,400869400,North Texas,Conference USA,Louisiana Tech,Conference USA,Home,2016-11-05T21:30:00.000Z,True,False,24,45,L,23,63,7.457
2016,11,400869408,North Texas,Conference USA,Western Kentucky,Conference USA,Away,2016-11-12T20:30:00.000Z,True,False,7,45,L,6,39,54.685
2016,12,400869413,North Texas,Conference USA,Southern Miss,Conference USA,Home,2016-11-19T22:30:00.000Z,True,False,29,23,W,66,97,-73.744
2016,13,400869420,North Texas,Conference USA,UTEP,Conference USA,Away,2016-11-26T21:00:00.000Z,True,False,24,52,L,119,127,-186.261
2016,1,400869178,Northern Illinois,Mid-American,Wyoming,Mountain West,Away,2016-09-04T02:30:00.000Z,True,False,34,40,L,60,62,7.552
2016,2,400869273,Northern Illinois,Mid-American,South Florida,American Athletic,Away,2016-09-10T23:00:00.000Z,True,False,17,48,L,20,41,45.492
2016,3,400869197,Northern Illinois,Mid-American,San Diego State,Mountain West,Home,2016-09-17T19:30:00.000Z,True,False,28,42,L,10,43,40.867
2016,5,400869297,Northern Illinois,Mid-American,Ball State,Mid-American,Away,2016-10-01T19:30:00.000Z,True,False,31,24,W,85,109,-97.265
2016,6,400869303,Northern Illinois,Mid-American,Western Michigan,Mid-American,Away,2016-10-08T22:30:00.000Z,True,False,30,45,L,4,14,114.780
2016,7,400869307,Northern Illinois,Mid-American,Central Michigan,Mid-American,Home,2016-10-15T19:30:00.000Z,True,False,28,34,L,96,107,-91.157
2016,8,400869312,Northern Illinois,Mid-American,Buffalo,Mid-American,Home,2016-10-22T19:30:00.000Z,True,False,44,7,W,123,126,-179.817
2016,10,400869320,Northern Illinois,Mid-American,Bowling Green,Mid-American,Home,2016-11-02T00:00:00.000Z,True,False,45,20,W,114,108,-92.342
2016,11,400869328,Northern Illinois,Mid-American,Toledo,Mid-American,Home,2016-11-10T01:00:00.000Z,True,False,24,31,L,27,44,40.410
2016,12,400869333,Northern Illinois,Mid-American,Eastern Michigan,Mid-American,Away,2016-11-17T01:00:00.000Z,True,False,31,24,W,77,92,-60.773
2016,13,400869339,Northern Illinois,Mid-American,Kent State,Mid-American,Away,2016-11-25T17:00:00.000Z,True,False,31,21,W,108,105,-90.309
2016,1,400869267,Northwestern,Big Ten,Western Michigan,Mid-American,Home,2016-09-03T16:00:00.000Z,True,False,21,22,L,4,14,114.780
2016,1,400876097,Northwestern,Big Ten,Pittsburgh,ACC,Home,2016-12-28T19:00:00.000Z,True,False,31,24,W,42,24,83.363
2016,3,400869439,Northwestern,Big Ten,Duke,ACC,Home,2016-09-18T00:00:00.000Z,True,False,24,13,W,105,76,-19.748
2016,4,400869660,Northwestern,Big Ten,Nebraska,Big Ten,Home,2016-09-24T23:30:00.000Z,True,False,13,24,L,55,33,65.104
2016,5,400869662,Northwestern,Big Ten,Iowa,Big Ten,Away,2016-10-01T16:00:00.000Z,True,False,38,31,W,36,20,90.382
2016,7,400869672,Northwestern,Big Ten,Michigan State,Big Ten,Away,2016-10-15T19:30:00.000Z,True,False,54,40,W,79,58,14.532
2016,8,400869678,Northwestern,Big Ten,Indiana,Big Ten,Home,2016-10-22T16:00:00.000Z,True,False,24,14,W,68,56,15.263
2016,9,400869646,Northwestern,Big Ten,Ohio State,Big Ten,Away,2016-10-29T19:30:00.000Z,True,False,20,24,L,3,5,169.717
2016,10,400869687,Northwestern,Big Ten,Wisconsin,Big Ten,Home,2016-11-05T16:00:00.000Z,True,False,7,21,L,12,8,147.019
2016,11,400869692,Northwestern,Big Ten,Purdue,Big Ten,Away,2016-11-12T17:00:00.000Z,True,False,45,17,W,118,98,-74.394
2016,12,400869696,Northwestern,Big Ten,Minnesota,Big Ten,Away,2016-11-19T20:30:00.000Z,True,False,12,29,L,43,27,76.900
2016,13,400869701,Northwestern,Big Ten,Illinois,Big Ten,Home,2016-11-26T17:00:00.000Z,True,False,42,21,W,121,90,-55.003
2016,1,400868946,Notre Dame,FBS Independents,Texas,Big 12,Away,2016-09-04T23:30:00.000Z,True,False,47,50,L,65,60,12.113
2016,2,400868947,Notre Dame,FBS Independents,Nevada,Mountain West,Home,2016-09-10T19:30:00.000Z,True,False,39,10,W,86,112,-114.035
2016,3,400868948,Notre Dame,FBS Independents,Michigan State,Big Ten,Home,2016-09-17T23:30:00.000Z,True,False,28,36,L,79,58,14.532
2016,4,400868949,Notre Dame,FBS Independents,Duke,ACC,Home,2016-09-24T19:30:00.000Z,True,False,35,38,L,105,76,-19.748
2016,5,400868950,Notre Dame,FBS Independents,Syracuse,ACC,Away,2016-10-01T16:00:00.000Z,True,False,50,33,W,117,84,-40.960
2016,6,400868951,Notre Dame,FBS Independents,NC State,ACC,Away,2016-10-08T16:00:00.000Z,True,False,3,10,L,58,34,64.599
2016,7,400868952,Notre Dame,FBS Independents,Stanford,Pac-12,Home,2016-10-15T23:30:00.000Z,True,False,10,17,L,41,17,98.376
2016,9,400868953,Notre Dame,FBS Independents,Miami,ACC,Home,2016-10-29T19:30:00.000Z,True,False,30,27,W,19,12,121.271
2016,10,400868954,Notre Dame,FBS Independents,Navy,American Athletic,Away,2016-11-05T15:30:00.000Z,True,False,27,28,L,39,61,11.098
2016,11,400868919,Notre Dame,FBS Independents,Army,FBS Independents,Home,2016-11-12T20:30:00.000Z,True,False,44,6,W,57,88,-52.685
2016,12,400868955,Notre Dame,FBS Independents,Virginia Tech,ACC,Home,2016-11-19T20:30:00.000Z,True,False,31,34,L,22,22,85.014
2016,13,400868956,Notre Dame,FBS Independents,USC,Pac-12,Away,2016-11-26T20:30:00.000Z,True,False,27,45,L,21,7,148.352
2016,1,400869264,Ohio,Mid-American,Texas State,Sun Belt,Home,2016-09-03T19:30:00.000Z,True,False,54,56,L,127,128,-198.236
2016,1,400876048,Ohio,Mid-American,Troy,Sun Belt,Away,2016-12-24T01:00:00.000Z,True,False,23,28,L,25,75,-19.307
2016,2,400869277,Ohio,Mid-American,Kansas,Big 12,Away,2016-09-10T18:30:00.000Z,True,False,37,21,W,126,103,-88.670
2016,3,400869000,Ohio,Mid-American,Tennessee,SEC,Away,2016-09-17T16:00:00.000Z,True,False,19,28,L,45,23,84.957
2016,5,400869296,Ohio,Mid-American,Miami (OH),Mid-American,Away,2016-10-01T18:30:00.000Z,True,False,17,7,W,67,93,-63.644
2016,6,400869300,Ohio,Mid-American,Bowling Green,Mid-American,Home,2016-10-08T18:00:00.000Z,True,False,30,24,W,114,108,-92.342
2016,7,400869308,Ohio,Mid-American,Eastern Michigan,Mid-American,Home,2016-10-15T18:00:00.000Z,True,False,20,27,L,77,92,-60.773
2016,8,400869315,Ohio,Mid-American,Kent State,Mid-American,Away,2016-10-22T17:00:00.000Z,True,False,14,10,W,108,105,-90.309
2016,9,400869318,Ohio,Mid-American,Toledo,Mid-American,Away,2016-10-27T23:30:00.000Z,True,False,31,26,W,27,44,40.410
2016,10,400869323,Ohio,Mid-American,Buffalo,Mid-American,Home,2016-11-03T22:00:00.000Z,True,False,34,10,W,123,126,-179.817
2016,12,400869331,Ohio,Mid-American,Central Michigan,Mid-American,Away,2016-11-16T00:00:00.000Z,True,False,20,27,L,96,107,-91.157
2016,13,400869335,Ohio,Mid-American,Akron,Mid-American,Home,2016-11-23T00:00:00.000Z,True,False,9,3,W,89,101,-77.232
2016,14,400926941,Ohio,Mid-American,Western Michigan,Mid-American,Home,2016-12-03T00:00:00.000Z,True,False,23,29,L,4,14,114.780
2016,1,400869260,Ohio State,Big Ten,Bowling Green,Mid-American,Home,2016-09-03T16:00:00.000Z,True,False,77,10,W,114,108,-92.342
2016,1,400876108,Ohio State,Big Ten,Clemson,ACC,Away,2017-01-01T00:00:00.000Z,True,False,0,31,L,8,4,169.730
2016,2,400869516,Ohio State,Big Ten,Tulsa,American Athletic,Home,2016-09-10T19:30:00.000Z,True,False,48,3,W,24,45,38.867
2016,3,400869613,Ohio State,Big Ten,Oklahoma,Big 12,Away,2016-09-17T23:30:00.000Z,True,False,45,24,W,9,11,125.775
2016,5,400869635,Ohio State,Big Ten,Rutgers,Big Ten,Home,2016-10-01T16:00:00.000Z,True,False,58,0,W,128,89,-54.076
2016,6,400869643,Ohio State,Big Ten,Indiana,Big Ten,Home,2016-10-08T19:30:00.000Z,True,False,38,17,W,68,56,15.263
2016,7,400869644,Ohio State,Big Ten,Wisconsin,Big Ten,Away,2016-10-16T00:00:00.000Z,True,False,30,23,W,12,8,147.019
2016,8,400869645,Ohio State,Big Ten,Penn State,Big Ten,Away,2016-10-23T00:00:00.000Z,True,False,21,24,L,17,9,135.121
2016,9,400869646,Ohio State,Big Ten,Northwestern,Big Ten,Home,2016-10-29T19:30:00.000Z,True,False,24,20,W,51,31,68.537
2016,10,400869647,Ohio State,Big Ten,Nebraska,Big Ten,Home,2016-11-06T00:00:00.000Z,True,False,62,3,W,55,33,65.104
2016,11,400869648,Ohio State,Big Ten,Maryland,Big Ten,Away,2016-11-12T20:30:00.000Z,True,False,62,3,W,91,69,0.170
2016,12,400869649,Ohio State,Big Ten,Michigan State,Big Ten,Away,2016-11-19T17:00:00.000Z,True,False,17,16,W,79,58,14.532
2016,13,400869650,Ohio State,Big Ten,Michigan,Big Ten,Home,2016-11-26T17:00:00.000Z,True,False,30,27,W,2,3,180.110
2016,1,400869507,Oklahoma,Big 12,Houston,American Athletic,Away,2016-09-03T16:00:00.000Z,True,False,23,33,L,32,54,19.093
2016,1,400876112,Oklahoma,Big 12,Auburn,SEC,Home,2017-01-03T01:50:00.000Z,True,False,35,19,W,18,15,108.178
2016,2,400869612,Oklahoma,Big 12,UL Monroe,Sun Belt,Home,2016-09-10T23:00:00.000Z,True,False,59,17,W,125,122,-140.962
2016,3,400869613,Oklahoma,Big 12,Ohio State,Big Ten,Home,2016-09-17T23:30:00.000Z,True,False,24,45,L,3,5,169.717
2016,5,400869614,Oklahoma,Big 12,TCU,Big 12,Away,2016-10-01T21:00:00.000Z,True,False,52,46,W,59,52,25.722
2016,6,400869615,Oklahoma,Big 12,Texas,Big 12,Home,2016-10-08T16:00:00.000Z,True,False,45,40,W,65,60,12.113
2016,7,400869608,Oklahoma,Big 12,Kansas State,Big 12,Home,2016-10-15T16:00:00.000Z,True,False,38,17,W,26,29,73.317
2016,8,400869616,Oklahoma,Big 12,Texas Tech,Big 12,Away,2016-10-23T00:00:00.000Z,True,False,66,59,W,76,68,1.599
2016,9,400869601,Oklahoma,Big 12,Kansas,Big 12,Home,2016-10-29T23:00:00.000Z,True,False,56,3,W,126,103,-88.670
2016,10,400869593,Oklahoma,Big 12,Iowa State,Big 12,Away,2016-11-03T23:30:00.000Z,True,False,34,24,W,80,73,-17.676
2016,11,400868883,Oklahoma,Big 12,Baylor,Big 12,Home,2016-11-12T17:00:00.000Z,True,False,45,24,W,53,46,32.580
2016,12,400869617,Oklahoma,Big 12,West Virginia,Big 12,Away,2016-11-20T01:00:00.000Z,True,False,56,28,W,40,26,80.233
2016,14,400869618,Oklahoma,Big 12,Oklahoma State,Big 12,Home,2016-12-03T17:30:00.000Z,True,False,38,20,W,31,18,94.926
2016,1,400876102,Oklahoma State,Big 12,Colorado,Pac-12,Away,2016-12-30T02:00:00.000Z,True,False,38,8,W,34,16,106.775
2016,2,400869270,Oklahoma State,Big 12,Central Michigan,Mid-American,Home,2016-09-10T16:00:00.000Z,True,False,27,30,L,96,107,-91.157
2016,3,400869442,Oklahoma State,Big 12,Pittsburgh,ACC,Home,2016-09-17T19:30:00.000Z,True,False,45,38,W,42,24,83.363
2016,4,400868878,Oklahoma State,Big 12,Baylor,Big 12,Away,2016-09-24T23:30:00.000Z,True,False,24,35,L,53,46,32.580
2016,5,400869620,Oklahoma State,Big 12,Texas,Big 12,Home,2016-10-01T16:00:00.000Z,True,False,49,31,W,65,60,12.113
2016,6,400869590,Oklahoma State,Big 12,Iowa State,Big 12,Home,2016-10-08T19:30:00.000Z,True,False,38,31,W,80,73,-17.676
2016,8,400869600,Oklahoma State,Big 12,Kansas,Big 12,Away,2016-10-22T16:00:00.000Z,True,False,44,20,W,126,103,-88.670
2016,9,400869621,Oklahoma State,Big 12,West Virginia,Big 12,Home,2016-10-29T16:00:00.000Z,True,False,37,20,W,40,26,80.233
2016,10,400869610,Oklahoma State,Big 12,Kansas State,Big 12,Away,2016-11-05T19:30:00.000Z,True,False,43,37,W,26,29,73.317
2016,11,400869622,Oklahoma State,Big 12,Texas Tech,Big 12,Home,2016-11-12T20:30:00.000Z,True,False,45,44,W,76,68,1.599
2016,12,400869623,Oklahoma State,Big 12,TCU,Big 12,Away,2016-11-19T17:00:00.000Z,True,False,31,6,W,59,52,25.722
2016,14,400869618,Oklahoma State,Big 12,Oklahoma,Big 12,Away,2016-12-03T17:30:00.000Z,True,False,20,38,L,9,11,125.775
2016,1,400876046,Old Dominion,Conference USA,Eastern Michigan,Mid-American,Home,2016-12-23T18:00:00.000Z,True,False,24,20,W,77,92,-60.773
2016,2,400869355,Old Dominion,Conference USA,App State,Sun Belt,Away,2016-09-10T19:30:00.000Z,True,False,7,31,L,16,40,53.873
2016,3,400869360,Old Dominion,Conference USA,NC State,ACC,Away,2016-09-17T22:00:00.000Z,True,False,22,49,L,58,34,64.599
2016,4,400869368,Old Dominion,Conference USA,UTSA,Conference USA,Home,2016-09-24T19:30:00.000Z,True,False,33,19,W,62,86,-44.956
2016,5,400869370,Old Dominion,Conference USA,Charlotte,Conference USA,Away,2016-10-01T22:00:00.000Z,True,False,52,17,W,107,113,-117.125
2016,6,400868962,Old Dominion,Conference USA,Massachusetts,FBS Independents,Home,2016-10-08T00:00:00.000Z,True,False,36,16,W,115,118,-128.996
2016,8,400869388,Old Dominion,Conference USA,Western Kentucky,Conference USA,Away,2016-10-22T23:00:00.000Z,True,False,24,59,L,6,39,54.685
2016,9,400869396,Old Dominion,Conference USA,UTEP,Conference USA,Away,2016-10-30T00:00:00.000Z,True,False,31,21,W,119,127,-186.261
2016,10,400869401,Old Dominion,Conference USA,Marshall,Conference USA,Home,2016-11-05T23:00:00.000Z,True,False,38,14,W,124,125,-179.198
2016,11,400869409,Old Dominion,Conference USA,Southern Miss,Conference USA,Home,2016-11-12T20:30:00.000Z,True,False,51,35,W,66,97,-73.744
2016,12,400869412,Old Dominion,Conference USA,Florida Atlantic,Conference USA,Away,2016-11-19T23:00:00.000Z,True,False,42,24,W,116,119,-129.814
2016,13,400869416,Old Dominion,Conference USA,Florida International,Conference USA,Home,2016-11-26T20:30:00.000Z,True,False,42,28,W,103,120,-132.291
2016,1,400868979,Ole Miss,SEC,Florida State,ACC,Away,2016-09-06T00:00:00.000Z,True,False,34,45,L,35,10,126.240
2016,3,400868997,Ole Miss,SEC,Alabama,SEC,Home,2016-09-17T19:30:00.000Z,True,False,43,48,L,1,1,248.809
2016,4,400869005,Ole Miss,SEC,Georgia,SEC,Home,2016-09-24T16:00:00.000Z,True,False,45,14,W,64,49,30.375
2016,5,400869015,Ole Miss,SEC,Memphis,American Athletic,Home,2016-10-01T23:00:00.000Z,True,False,48,28,W,30,66,4.544
2016,7,400869024,Ole Miss,SEC,Arkansas,SEC,Away,2016-10-15T23:00:00.000Z,True,False,30,34,L,81,47,32.077
2016,8,400869032,Ole Miss,SEC,LSU,SEC,Away,2016-10-23T01:00:00.000Z,True,False,21,38,L,13,6,156.007
2016,9,400869036,Ole Miss,SEC,Auburn,SEC,Home,2016-10-29T23:15:00.000Z,True,False,29,40,L,18,15,108.178
2016,10,400869045,Ole Miss,SEC,Georgia Southern,Sun Belt,Home,2016-11-05T16:00:00.000Z,True,False,37,27,W,82,94,-64.897
2016,11,400869055,Ole Miss,SEC,Texas A&M,SEC,Away,2016-11-13T00:30:00.000Z,True,False,29,28,W,44,28,76.343
2016,12,400869066,Ole Miss,SEC,Vanderbilt,SEC,Away,2016-11-20T01:00:00.000Z,True,False,17,38,L,71,64,7.109
2016,13,400869072,Ole Miss,SEC,Mississippi State,SEC,Home,2016-11-26T20:30:00.000Z,True,False,20,55,L,74,57,15.233
2016,2,400869104,Oregon,Pac-12,Virginia,ACC,Home,2016-09-11T02:30:00.000Z,True,False,44,26,W,106,87,-47.226
2016,3,400869113,Oregon,Pac-12,Nebraska,Big Ten,Away,2016-09-17T19:30:00.000Z,True,False,32,35,L,55,33,65.104
2016,4,400869122,Oregon,Pac-12,Colorado,Pac-12,Home,2016-09-24T21:30:00.000Z,True,False,38,41,L,34,16,106.775
2016,5,400869129,Oregon,Pac-12,Washington State,Pac-12,Away,2016-10-02T01:30:00.000Z,True,False,33,51,L,11,13,117.278
2016,6,400869133,Oregon,Pac-12,Washington,Pac-12,Home,2016-10-08T23:30:00.000Z,True,False,21,70,L,5,2,194.221
2016,8,400869140,Oregon,Pac-12,California,Pac-12,Away,2016-10-22T02:30:00.000Z,True,False,49,52,L,84,50,29.439
2016,9,400869147,Oregon,Pac-12,Arizona State,Pac-12,Home,2016-10-29T21:00:00.000Z,True,False,54,35,W,93,71,-6.074
2016,10,400869152,Oregon,Pac-12,USC,Pac-12,Away,2016-11-05T23:00:00.000Z,True,False,20,45,L,21,7,148.352
2016,11,400869159,Oregon,Pac-12,Stanford,Pac-12,Home,2016-11-12T21:00:00.000Z,True,False,27,52,L,41,17,98.376
2016,12,400869165,Oregon,Pac-12,Utah,Pac-12,Away,2016-11-19T19:00:00.000Z,True,False,30,28,W,46,32,66.488
2016,13,400869171,Oregon,Pac-12,Oregon State,Pac-12,Away,2016-11-26T21:00:00.000Z,True,False,24,34,L,95,48,31.311
2016,1,400869092,Oregon State,Pac-12,Minnesota,Big Ten,Away,2016-09-02T01:00:00.000Z,True,False,23,30,L,43,27,76.900
2016,4,400869123,Oregon State,Pac-12,Boise State,Mountain West,Home,2016-09-24T19:30:00.000Z,True,False,24,38,L,14,30,72.571
2016,5,400869127,Oregon State,Pac-12,Colorado,Pac-12,Away,2016-10-01T18:30:00.000Z,True,False,6,47,L,34,16,106.775
2016,6,400869134,Oregon State,Pac-12,California,Pac-12,Home,2016-10-09T01:00:00.000Z,True,False,47,44,W,84,50,29.439
2016,7,400869139,Oregon State,Pac-12,Utah,Pac-12,Home,2016-10-15T20:00:00.000Z,True,False,14,19,L,46,32,66.488
2016,8,400869144,Oregon State,Pac-12,Washington,Pac-12,Away,2016-10-22T22:30:00.000Z,True,False,17,41,L,5,2,194.221
2016,9,400869149,Oregon State,Pac-12,Washington State,Pac-12,Home,2016-10-30T02:45:00.000Z,True,False,31,35,L,11,13,117.278
2016,10,400869153,Oregon State,Pac-12,Stanford,Pac-12,Away,2016-11-05T19:30:00.000Z,True,False,15,26,L,41,17,98.376
2016,11,400869158,Oregon State,Pac-12,UCLA,Pac-12,Away,2016-11-13T02:00:00.000Z,True,False,24,38,L,69,53,25.103
2016,12,400869161,Oregon State,Pac-12,Arizona,Pac-12,Home,2016-11-20T03:30:00.000Z,True,False,42,17,W,122,82,-34.559
2016,13,400869171,Oregon State,Pac-12,Oregon,Pac-12,Home,2016-11-26T21:00:00.000Z,True,False,34,24,W,92,51,26.530
2016,1,400869261,Penn State,Big Ten,Kent State,Mid-American,Home,2016-09-03T19:30:00.000Z,True,False,33,13,W,108,105,-90.309
2016,1,400876111,Penn State,Big Ten,USC,Pac-12,Home,2017-01-02T22:00:00.000Z,True,False,49,52,L,21,7,148.352
2016,2,400869436,Penn State,Big Ten,Pittsburgh,ACC,Away,2016-09-10T16:00:00.000Z,True,False,39,42,L,42,24,83.363
2016,3,400869519,Penn State,Big Ten,Temple,American Athletic,Home,2016-09-17T16:00:00.000Z,True,False,34,27,W,15,35,64.551
2016,4,400869658,Penn State,Big Ten,Michigan,Big Ten,Away,2016-09-24T19:30:00.000Z,True,False,10,49,L,2,3,180.110
2016,5,400869666,Penn State,Big Ten,Minnesota,Big Ten,Home,2016-10-01T19:40:00.000Z,True,False,29,26,W,43,27,76.900
2016,6,400869669,Penn State,Big Ten,Maryland,Big Ten,Home,2016-10-08T16:00:00.000Z,True,False,38,14,W,91,69,0.170
2016,8,400869645,Penn State,Big Ten,Ohio State,Big Ten,Home,2016-10-23T00:00:00.000Z,True,False,24,21,W,3,5,169.717
2016,9,400869682,Penn State,Big Ten,Purdue,Big Ten,Away,2016-10-29T16:00:00.000Z,True,False,62,24,W,118,98,-74.394
2016,10,400869688,Penn State,Big Ten,Iowa,Big Ten,Home,2016-11-05T23:30:00.000Z,True,False,41,14,W,36,20,90.382
2016,11,400869689,Penn State,Big Ten,Indiana,Big Ten,Away,2016-11-12T17:00:00.000Z,True,False,45,31,W,68,56,15.263
2016,12,400869641,Penn State,Big Ten,Rutgers,Big Ten,Away,2016-11-20T01:00:00.000Z,True,False,39,0,W,128,89,-54.076
2016,13,400869702,Penn State,Big Ten,Michigan State,Big Ten,Home,2016-11-26T20:30:00.000Z,True,False,45,12,W,79,58,14.532
2016,14,400926946,Penn State,Big Ten,Wisconsin,Big Ten,Home,2016-12-04T01:00:00.000Z,True,False,38,31,W,12,8,147.019
2016,1,400876097,Pittsburgh,ACC,Northwestern,Big Ten,Away,2016-12-28T19:00:00.000Z,True,False,24,31,L,51,31,68.537
2016,2,400869436,Pittsburgh,ACC,Penn State,Big Ten,Home,2016-09-10T16:00:00.000Z,True,False,42,39,W,17,9,135.121
2016,3,400869442,Pittsburgh,ACC,Oklahoma State,Big 12,Away,2016-09-17T19:30:00.000Z,True,False,38,45,L,31,18,94.926
2016,4,400869449,Pittsburgh,ACC,North Carolina,ACC,Away,2016-09-24T19:30:00.000Z,True,False,36,37,L,47,25,81.306
2016,5,400869373,Pittsburgh,ACC,Marshall,Conference USA,Home,2016-10-01T23:30:00.000Z,True,False,43,27,W,124,125,-179.198
2016,6,400869458,Pittsburgh,ACC,Georgia Tech,ACC,Home,2016-10-08T16:30:00.000Z,True,False,37,34,W,49,37,59.774
2016,7,400869465,Pittsburgh,ACC,Virginia,ACC,Away,2016-10-15T16:30:00.000Z,True,False,45,31,W,106,87,-47.226
2016,9,400869471,Pittsburgh,ACC,Virginia Tech,ACC,Home,2016-10-27T23:00:00.000Z,True,False,36,39,L,22,22,85.014
2016,10,400869481,Pittsburgh,ACC,Miami,ACC,Away,2016-11-05T16:30:00.000Z,True,False,28,51,L,19,12,121.271
2016,11,400869485,Pittsburgh,ACC,Clemson,ACC,Away,2016-11-12T20:30:00.000Z,True,False,43,42,W,8,4,169.730
2016,12,400869492,Pittsburgh,ACC,Duke,ACC,Home,2016-11-19T20:00:00.000Z,True,False,56,14,W,105,76,-19.748
2016,13,400869500,Pittsburgh,ACC,Syracuse,ACC,Home,2016-11-26T17:30:00.000Z,True,False,76,61,W,117,84,-40.960
2016,2,400869511,Purdue,Big Ten,Cincinnati,American Athletic,Home,2016-09-10T16:00:00.000Z,True,False,20,38,L,101,104,-90.274
2016,4,400869203,Purdue,Big Ten,Nevada,Mountain West,Home,2016-09-24T16:00:00.000Z,True,False,24,14,W,86,112,-114.035
2016,5,400869663,Purdue,Big Ten,Maryland,Big Ten,Away,2016-10-01T19:30:00.000Z,True,False,7,50,L,91,69,0.170
2016,6,400869667,Purdue,Big Ten,Illinois,Big Ten,Away,2016-10-08T19:30:00.000Z,True,False,34,31,W,121,90,-55.003
2016,7,400869673,Purdue,Big Ten,Iowa,Big Ten,Home,2016-10-15T16:00:00.000Z,True,False,35,49,L,36,20,90.382
2016,8,400869677,Purdue,Big Ten,Nebraska,Big Ten,Away,2016-10-22T19:30:00.000Z,True,False,14,27,L,55,33,65.104
2016,9,400869682,Purdue,Big Ten,Penn State,Big Ten,Home,2016-10-29T16:00:00.000Z,True,False,24,62,L,17,9,135.121
2016,10,400869686,Purdue,Big Ten,Minnesota,Big Ten,Away,2016-11-05T19:30:00.000Z,True,False,31,44,L,43,27,76.900
2016,11,400869692,Purdue,Big Ten,Northwestern,Big Ten,Home,2016-11-12T17:00:00.000Z,True,False,17,45,L,51,31,68.537
2016,12,400869698,Purdue,Big Ten,Wisconsin,Big Ten,Home,2016-11-19T17:00:00.000Z,True,False,20,49,L,12,8,147.019
2016,13,400869700,Purdue,Big Ten,Indiana,Big Ten,Away,2016-11-26T17:00:00.000Z,True,False,24,26,L,68,56,15.263
2016,1,400869347,Rice,Conference USA,Western Kentucky,Conference USA,Away,2016-09-02T00:00:00.000Z,True,False,14,46,L,6,39,54.685
2016,2,400868911,Rice,Conference USA,Army,FBS Independents,Away,2016-09-10T16:00:00.000Z,True,False,14,31,L,57,88,-52.685
2016,3,400869361,Rice,Conference USA,Baylor,Big 12,Home,2016-09-17T00:00:00.000Z,True,False,10,38,L,53,46,32.580
2016,4,400869367,Rice,Conference USA,North Texas,Conference USA,Home,2016-09-24T22:00:00.000Z,True,False,35,42,L,102,121,-132.433
2016,5,400869375,Rice,Conference USA,Southern Miss,Conference USA,Away,2016-10-01T23:00:00.000Z,True,False,28,44,L,66,97,-73.744
2016,7,400869385,Rice,Conference USA,UTSA,Conference USA,Home,2016-10-15T23:00:00.000Z,True,False,13,14,L,62,86,-44.956
2016,9,400869393,Rice,Conference USA,Louisiana Tech,Conference USA,Away,2016-10-29T23:00:00.000Z,True,False,16,61,L,23,63,7.457
2016,10,400869399,Rice,Conference USA,Florida Atlantic,Conference USA,Home,2016-11-05T19:30:00.000Z,True,False,25,42,L,116,119,-129.814
2016,11,400869404,Rice,Conference USA,Charlotte,Conference USA,Away,2016-11-12T19:00:00.000Z,True,False,22,21,W,107,113,-117.125
2016,12,400869414,Rice,Conference USA,UTEP,Conference USA,Home,2016-11-19T17:00:00.000Z,True,False,44,24,W,119,127,-186.261
2016,13,400869172,Rice,Conference USA,Stanford,Pac-12,Away,2016-11-27T01:00:00.000Z,True,False,17,41,L,41,17,98.376
2016,1,400869097,Rutgers,Big Ten,Washington,Pac-12,Away,2016-09-03T18:00:00.000Z,True,False,13,48,L,5,2,194.221
2016,3,400869192,Rutgers,Big Ten,New Mexico,Mountain West,Home,2016-09-17T16:00:00.000Z,True,False,37,28,W,48,85,-42.484
2016,4,400869634,Rutgers,Big Ten,Iowa,Big Ten,Home,2016-09-24T16:00:00.000Z,True,False,7,14,L,36,20,90.382
2016,5,400869635,Rutgers,Big Ten,Ohio State,Big Ten,Away,2016-10-01T16:00:00.000Z,True,False,0,58,L,3,5,169.717
2016,6,400869636,Rutgers,Big Ten,Michigan,Big Ten,Home,2016-10-08T23:00:00.000Z,True,False,0,78,L,2,3,180.110
2016,7,400869637,Rutgers,Big Ten,Illinois,Big Ten,Home,2016-10-15T16:00:00.000Z,True,False,7,24,L,121,90,-55.003
2016,8,400869638,Rutgers,Big Ten,Minnesota,Big Ten,Away,2016-10-22T16:00:00.000Z,True,False,32,34,L,43,27,76.900
2016,10,400869639,Rutgers,Big Ten,Indiana,Big Ten,Home,2016-11-05T16:00:00.000Z,True,False,27,33,L,68,56,15.263
2016,11,400869640,Rutgers,Big Ten,Michigan State,Big Ten,Away,2016-11-12T17:00:00.000Z,True,False,0,49,L,79,58,14.532
2016,12,400869641,Rutgers,Big Ten,Penn State,Big Ten,Home,2016-11-20T01:00:00.000Z,True,False,0,39,L,17,9,135.121
2016,13,400869642,Rutgers,Big Ten,Maryland,Big Ten,Away,2016-11-26T17:00:00.000Z,True,False,13,31,L,91,69,0.170
2016,1,400869345,SMU,American Athletic,North Texas,Conference USA,Away,2016-09-03T23:00:00.000Z,True,False,34,21,W,102,121,-132.433
2016,2,400868877,SMU,American Athletic,Baylor,Big 12,Away,2016-09-10T19:30:00.000Z,True,False,13,40,L,53,46,32.580
2016,4,400869524,SMU,American Athletic,TCU,Big 12,Home,2016-09-24T00:00:00.000Z,True,False,3,33,L,59,52,25.722
2016,5,400869530,SMU,American Athletic,Temple,American Athletic,Away,2016-10-01T16:00:00.000Z,True,False,20,45,L,15,35,64.551
2016,6,400869533,SMU,American Athletic,Tulsa,American Athletic,Away,2016-10-08T00:00:00.000Z,True,False,40,43,L,24,45,38.867
2016,8,400869545,SMU,American Athletic,Houston,American Athletic,Home,2016-10-22T23:00:00.000Z,True,False,38,16,W,32,54,19.093
2016,9,400869553,SMU,American Athletic,Tulane,American Athletic,Away,2016-10-29T20:00:00.000Z,True,False,35,31,W,94,106,-90.411
2016,10,400869556,SMU,American Athletic,Memphis,American Athletic,Home,2016-11-05T20:00:00.000Z,True,False,7,51,L,30,66,4.544
2016,11,400869558,SMU,American Athletic,East Carolina,American Athletic,Away,2016-11-12T17:00:00.000Z,True,False,55,31,W,109,110,-103.316
2016,12,400869565,SMU,American Athletic,South Florida,American Athletic,Home,2016-11-20T00:00:00.000Z,True,False,27,35,L,20,41,45.492
2016,13,400869572,SMU,American Athletic,Navy,American Athletic,Home,2016-11-26T20:30:00.000Z,True,False,31,75,L,39,61,11.098
2016,1,400876039,San Diego State,Mountain West,Houston,American Athletic,Home,2016-12-17T20:30:00.000Z,True,False,34,10,W,32,54,19.093
2016,2,400869107,San Diego State,Mountain West,California,Pac-12,Home,2016-09-11T02:30:00.000Z,True,False,45,40,W,84,50,29.439
2016,3,400869197,San Diego State,Mountain West,Northern Illinois,Mid-American,Away,2016-09-17T19:30:00.000Z,True,False,42,28,W,61,74,-19.075
2016,5,400869212,San Diego State,Mountain West,South Alabama,Sun Belt,Away,2016-10-02T00:00:00.000Z,True,False,24,42,L,78,102,-86.188
2016,6,400869218,San Diego State,Mountain West,UNLV,Mountain West,Home,2016-10-09T02:30:00.000Z,True,False,26,7,W,98,114,-121.922
2016,7,400869221,San Diego State,Mountain West,Fresno State,Mountain West,Away,2016-10-15T02:00:00.000Z,True,False,17,3,W,120,124,-145.729
2016,8,400869230,San Diego State,Mountain West,San José State,Mountain West,Home,2016-10-22T02:30:00.000Z,True,False,42,3,W,112,115,-122.654
2016,9,400869234,San Diego State,Mountain West,Utah State,Mountain West,Away,2016-10-29T00:00:00.000Z,True,False,40,13,W,100,96,-69.040
2016,10,400869240,San Diego State,Mountain West,Hawai'i,Mountain West,Home,2016-11-05T23:00:00.000Z,True,False,55,0,W,104,99,-76.109
2016,11,400869245,San Diego State,Mountain West,Nevada,Mountain West,Away,2016-11-13T03:30:00.000Z,True,False,46,16,W,86,112,-114.035
2016,12,400869250,San Diego State,Mountain West,Wyoming,Mountain West,Away,2016-11-19T20:30:00.000Z,True,False,33,34,L,60,62,7.552
2016,13,400869253,San Diego State,Mountain West,Colorado State,Mountain West,Home,2016-11-27T02:00:00.000Z,True,False,31,63,L,54,55,18.455
2016,14,400926949,San Diego State,Mountain West,Wyoming,Mountain West,Away,2016-12-04T00:45:00.000Z,True,False,27,24,W,60,62,7.552
2016,1,400869183,San José State,Mountain West,Tulsa,American Athletic,Away,2016-09-03T23:00:00.000Z,True,False,10,45,L,24,45,38.867
2016,3,400869112,San José State,Mountain West,Utah,Pac-12,Home,2016-09-18T02:30:00.000Z,True,False,17,34,L,46,32,66.488
2016,4,400869204,San José State,Mountain West,Iowa State,Big 12,Away,2016-09-24T16:00:00.000Z,True,False,10,44,L,80,73,-17.676
2016,5,400869209,San José State,Mountain West,New Mexico,Mountain West,Away,2016-10-01T20:00:00.000Z,True,False,41,48,L,48,85,-42.484
2016,6,400869217,San José State,Mountain West,Hawai'i,Mountain West,Home,2016-10-08T20:30:00.000Z,True,False,17,34,L,104,99,-76.109
2016,7,400869223,San José State,Mountain West,Nevada,Mountain West,Home,2016-10-16T02:30:00.000Z,True,False,14,10,W,86,112,-114.035
2016,8,400869230,San José State,Mountain West,San Diego State,Mountain West,Away,2016-10-22T02:30:00.000Z,True,False,3,42,L,10,43,40.867
2016,9,400869235,San José State,Mountain West,UNLV,Mountain West,Home,2016-10-30T02:30:00.000Z,True,False,30,24,W,98,114,-121.922
2016,10,400869236,San José State,Mountain West,Boise State,Mountain West,Away,2016-11-05T02:15:00.000Z,True,False,31,45,L,14,30,72.571
2016,12,400869247,San José State,Mountain West,Air Force,Mountain West,Home,2016-11-20T03:30:00.000Z,True,False,38,41,L,28,59,12.865
2016,13,400869255,San José State,Mountain West,Fresno State,Mountain West,Away,2016-11-26T20:30:00.000Z,True,False,16,14,W,120,124,-145.729
2016,1,400868975,South Alabama,Sun Belt,Mississippi State,SEC,Away,2016-09-03T16:00:00.000Z,True,False,21,20,W,74,57,15.233
2016,1,400928102,South Alabama,Sun Belt,Air Force,Mountain West,Away,2016-12-30T22:30:00.000Z,True,False,21,45,L,28,59,12.865
2016,2,400869811,South Alabama,Sun Belt,Georgia Southern,Sun Belt,Home,2016-09-10T23:00:00.000Z,True,False,9,24,L,82,94,-64.897
2016,3,400869814,South Alabama,Sun Belt,Louisiana,Sun Belt,Away,2016-09-17T23:00:00.000Z,True,False,23,28,L,70,95,-68.179
2016,5,400869212,South Alabama,Sun Belt,San Diego State,Mountain West,Home,2016-10-02T00:00:00.000Z,True,False,42,24,W,10,43,40.867
2016,7,400869826,South Alabama,Sun Belt,Arkansas State,Sun Belt,Away,2016-10-15T23:00:00.000Z,True,False,7,17,L,37,77,-20.539
2016,8,400869830,South Alabama,Sun Belt,Troy,Sun Belt,Home,2016-10-20T23:30:00.000Z,True,False,21,28,L,25,75,-19.307
2016,9,400869837,South Alabama,Sun Belt,Georgia State,Sun Belt,Home,2016-10-29T21:00:00.000Z,True,False,13,10,W,97,111,-108.789
2016,10,400869841,South Alabama,Sun Belt,UL Monroe,Sun Belt,Away,2016-11-05T21:00:00.000Z,True,False,35,42,L,125,122,-140.962
2016,13,400869853,South Alabama,Sun Belt,Idaho,Sun Belt,Away,2016-11-26T20:30:00.000Z,True,False,31,38,L,72,81,-33.725
2016,14,400869859,South Alabama,Sun Belt,New Mexico State,Sun Belt,Home,2016-12-03T18:00:00.000Z,True,False,35,28,W,110,117,-126.798
2016,1,400868968,South Carolina,SEC,Vanderbilt,SEC,Away,2016-09-02T00:00:00.000Z,True,False,13,10,W,71,64,7.109
2016,1,400876100,South Carolina,SEC,South Florida,American Athletic,Home,2016-12-29T19:00:00.000Z,True,False,39,46,L,20,41,45.492
2016,2,400868987,South Carolina,SEC,Mississippi State,SEC,Away,2016-09-10T23:00:00.000Z,True,False,14,27,L,74,57,15.233
2016,3,400868999,South Carolina,SEC,East Carolina,American Athletic,Home,2016-09-17T20:00:00.000Z,True,False,20,15,W,109,110,-103.316
2016,4,400869004,South Carolina,SEC,Kentucky,SEC,Away,2016-09-24T23:30:00.000Z,True,False,10,17,L,83,72,-9.812
2016,5,400869016,South Carolina,SEC,Texas A&M,SEC,Home,2016-10-01T20:00:00.000Z,True,False,13,24,L,44,28,76.343
2016,6,400869022,South Carolina,SEC,Georgia,SEC,Home,2016-10-09T18:30:00.000Z,True,False,14,28,L,64,49,30.375
2016,8,400868964,South Carolina,SEC,Massachusetts,FBS Independents,Home,2016-10-22T16:00:00.000Z,True,False,34,28,W,115,118,-128.996
2016,9,400869039,South Carolina,SEC,Tennessee,SEC,Home,2016-10-29T23:15:00.000Z,True,False,24,21,W,45,23,84.957
2016,10,400869047,South Carolina,SEC,Missouri,SEC,Home,2016-11-05T20:00:00.000Z,True,False,31,21,W,87,79,-26.931
2016,11,400869051,South Carolina,SEC,Florida,SEC,Away,2016-11-12T17:00:00.000Z,True,False,7,20,L,33,21,90.155
2016,13,400869074,South Carolina,SEC,Clemson,ACC,Away,2016-11-27T00:30:00.000Z,True,False,7,56,L,8,4,169.730
2016,1,400876100,South Florida,American Athletic,South Carolina,SEC,Away,2016-12-29T19:00:00.000Z,True,False,46,39,W,90,78,-25.484
2016,2,400869273,South Florida,American Athletic,Northern Illinois,Mid-American,Home,2016-09-10T23:00:00.000Z,True,False,48,17,W,61,74,-19.075
2016,3,400869443,South Florida,American Athletic,Syracuse,ACC,Away,2016-09-17T19:30:00.000Z,True,False,45,20,W,117,84,-40.960
2016,4,400869448,South Florida,American Athletic,Florida State,ACC,Home,2016-09-24T16:00:00.000Z,True,False,35,55,L,35,10,126.240
2016,5,400869529,South Florida,American Athletic,Cincinnati,American Athletic,Away,2016-10-01T23:00:00.000Z,True,False,45,20,W,101,104,-90.274
2016,6,400869535,South Florida,American Athletic,East Carolina,American Athletic,Home,2016-10-08T16:00:00.000Z,True,False,38,22,W,109,110,-103.316
2016,7,400869540,South Florida,American Athletic,UConn,American Athletic,Home,2016-10-15T23:00:00.000Z,True,False,42,27,W,113,116,-122.684
2016,8,400869542,South Florida,American Athletic,Temple,American Athletic,Away,2016-10-21T23:00:00.000Z,True,False,30,46,L,15,35,64.551
2016,9,400869548,South Florida,American Athletic,Navy,American Athletic,Home,2016-10-28T23:00:00.000Z,True,False,52,45,W,39,61,11.098
2016,11,400869559,South Florida,American Athletic,Memphis,American Athletic,Away,2016-11-13T00:00:00.000Z,True,False,49,42,W,30,66,4.544
2016,12,400869565,South Florida,American Athletic,SMU,American Athletic,Away,2016-11-20T00:00:00.000Z,True,False,35,27,W,99,91,-55.591
2016,13,400869569,South Florida,American Athletic,UCF,American Athletic,Home,2016-11-26T17:00:00.000Z,True,False,48,31,W,56,65,7.105
2016,1,400868973,Southern Miss,Conference USA,Kentucky,SEC,Away,2016-09-03T23:30:00.000Z,True,False,44,35,W,83,72,-9.812
2016,1,400876041,Southern Miss,Conference USA,Louisiana,Sun Belt,Away,2016-12-18T02:00:00.000Z,True,False,28,21,W,70,95,-68.179
2016,3,400869362,Southern Miss,Conference USA,Troy,Sun Belt,Home,2016-09-17T23:00:00.000Z,True,False,31,37,L,25,75,-19.307
2016,4,400869369,Southern Miss,Conference USA,UTEP,Conference USA,Away,2016-09-25T00:00:00.000Z,True,False,34,7,W,119,127,-186.261
2016,5,400869375,Southern Miss,Conference USA,Rice,Conference USA,Home,2016-10-01T23:00:00.000Z,True,False,44,28,W,111,123,-143.272
2016,6,400869381,Southern Miss,Conference USA,UTSA,Conference USA,Away,2016-10-08T16:00:00.000Z,True,False,32,55,L,62,86,-44.956
2016,7,400869027,Southern Miss,Conference USA,LSU,SEC,Away,2016-10-15T23:30:00.000Z,True,False,10,45,L,13,6,156.007
2016,9,400869394,Southern Miss,Conference USA,Marshall,Conference USA,Home,2016-10-29T23:00:00.000Z,True,False,24,14,W,124,125,-179.198
2016,10,400869397,Southern Miss,Conference USA,Charlotte,Conference USA,Home,2016-11-05T19:30:00.000Z,True,False,27,38,L,107,113,-117.125
2016,11,400869409,Southern Miss,Conference USA,Old Dominion,Conference USA,Away,2016-11-12T20:30:00.000Z,True,False,35,51,L,38,83,-40.141
2016,12,400869413,Southern Miss,Conference USA,North Texas,Conference USA,Away,2016-11-19T22:30:00.000Z,True,False,23,29,L,102,121,-132.433
2016,13,400869418,Southern Miss,Conference USA,Louisiana Tech,Conference USA,Home,2016-11-25T21:00:00.000Z,True,False,39,24,W,23,63,7.457
2016,1,400869094,Stanford,Pac-12,Kansas State,Big 12,Home,2016-09-03T01:00:00.000Z,True,False,26,13,W,26,29,73.317
2016,1,400878692,Stanford,Pac-12,North Carolina,ACC,Away,2016-12-30T19:00:00.000Z,True,False,25,23,W,47,25,81.306
2016,3,400869110,Stanford,Pac-12,USC,Pac-12,Home,2016-09-18T00:00:00.000Z,True,False,27,10,W,21,7,148.352
2016,4,400869121,Stanford,Pac-12,UCLA,Pac-12,Away,2016-09-25T00:00:00.000Z,True,False,22,13,W,69,53,25.103
2016,5,400869124,Stanford,Pac-12,Washington,Pac-12,Away,2016-10-01T01:00:00.000Z,True,False,6,44,L,5,2,194.221
2016,6,400869135,Stanford,Pac-12,Washington State,Pac-12,Home,2016-10-09T02:30:00.000Z,True,False,16,42,L,11,13,117.278
2016,7,400868952,Stanford,Pac-12,Notre Dame,FBS Independents,Away,2016-10-15T23:30:00.000Z,True,False,17,10,W,50,38,55.720
2016,8,400869143,Stanford,Pac-12,Colorado,Pac-12,Home,2016-10-22T19:00:00.000Z,True,False,5,10,L,34,16,106.775
2016,9,400869146,Stanford,Pac-12,Arizona,Pac-12,Away,2016-10-30T03:00:00.000Z,True,False,34,10,W,122,82,-34.559
2016,10,400869153,Stanford,Pac-12,Oregon State,Pac-12,Home,2016-11-05T19:30:00.000Z,True,False,26,15,W,95,48,31.311
2016,11,400869159,Stanford,Pac-12,Oregon,Pac-12,Away,2016-11-12T21:00:00.000Z,True,False,52,27,W,92,51,26.530
2016,12,400869166,Stanford,Pac-12,California,Pac-12,Away,2016-11-19T22:30:00.000Z,True,False,45,31,W,84,50,29.439
2016,13,400869172,Stanford,Pac-12,Rice,Conference USA,Home,2016-11-27T01:00:00.000Z,True,False,41,17,W,111,123,-143.272
2016,2,400869429,Syracuse,ACC,Louisville,ACC,Home,2016-09-10T00:00:00.000Z,True,False,28,62,L,7,19,94.852
2016,3,400869443,Syracuse,ACC,South Florida,American Athletic,Home,2016-09-17T19:30:00.000Z,True,False,20,45,L,20,41,45.492
2016,4,400869450,Syracuse,ACC,UConn,American Athletic,Away,2016-09-24T17:00:00.000Z,True,False,31,24,W,113,116,-122.684
2016,5,400868950,Syracuse,ACC,Notre Dame,FBS Independents,Home,2016-10-01T16:00:00.000Z,True,False,33,50,L,50,38,55.720
2016,6,400869460,Syracuse,ACC,Wake Forest,ACC,Away,2016-10-08T23:00:00.000Z,True,False,9,28,L,73,67,3.046
2016,7,400869466,Syracuse,ACC,Virginia Tech,ACC,Home,2016-10-15T19:45:00.000Z,True,False,31,17,W,22,22,85.014
2016,8,400869468,Syracuse,ACC,Boston College,ACC,Away,2016-10-22T16:30:00.000Z,True,False,28,20,W,88,70,-3.444
2016,10,400869477,Syracuse,ACC,Clemson,ACC,Away,2016-11-05T19:30:00.000Z,True,False,0,54,L,8,4,169.730
2016,11,400869488,Syracuse,ACC,NC State,ACC,Home,2016-11-12T17:30:00.000Z,True,False,20,35,L,58,34,64.599
2016,12,400869493,Syracuse,ACC,Florida State,ACC,Home,2016-11-19T20:30:00.000Z,True,False,14,45,L,35,10,126.240
2016,13,400869500,Syracuse,ACC,Pittsburgh,ACC,Away,2016-11-26T17:30:00.000Z,True,False,61,76,L,42,24,83.363
2016,1,400876103,TCU,Big 12,Georgia,SEC,Home,2016-12-30T17:00:00.000Z,True,False,23,31,L,64,49,30.375
2016,2,400868981,TCU,Big 12,Arkansas,SEC,Home,2016-09-10T23:00:00.000Z,True,False,38,41,L,81,47,32.077
2016,3,400868889,TCU,Big 12,Iowa State,Big 12,Home,2016-09-17T16:00:00.000Z,True,False,41,20,W,80,73,-17.676
2016,4,400869524,TCU,Big 12,SMU,American Athletic,Away,2016-09-24T00:00:00.000Z,True,False,33,3,W,99,91,-55.591
2016,5,400869614,TCU,Big 12,Oklahoma,Big 12,Home,2016-10-01T21:00:00.000Z,True,False,46,52,L,9,11,125.775
2016,6,400869599,TCU,Big 12,Kansas,Big 12,Away,2016-10-08T16:00:00.000Z,True,False,24,23,W,126,103,-88.670
2016,8,400869628,TCU,Big 12,West Virginia,Big 12,Away,2016-10-22T19:30:00.000Z,True,False,10,34,L,40,26,80.233
2016,9,400869629,TCU,Big 12,Texas Tech,Big 12,Home,2016-10-29T19:30:00.000Z,True,False,24,27,L,76,68,1.599
2016,10,400868882,TCU,Big 12,Baylor,Big 12,Away,2016-11-05T19:30:00.000Z,True,False,62,22,W,53,46,32.580
2016,12,400869623,TCU,Big 12,Oklahoma State,Big 12,Home,2016-11-19T17:00:00.000Z,True,False,6,31,L,31,18,94.926
2016,13,400869632,TCU,Big 12,Texas,Big 12,Away,2016-11-25T20:30:00.000Z,True,False,31,9,W,65,60,12.113
2016,14,400869611,TCU,Big 12,Kansas State,Big 12,Home,2016-12-03T17:00:00.000Z,True,False,6,30,L,26,29,73.317
2016,1,400868910,Temple,American Athletic,Army,FBS Independents,Home,2016-09-02T23:00:00.000Z,True,False,13,28,L,57,88,-52.685
2016,1,400876094,Temple,American Athletic,Wake Forest,ACC,Away,2016-12-27T20:30:00.000Z,True,False,26,34,L,73,67,3.046
2016,3,400869519,Temple,American Athletic,Penn State,Big Ten,Away,2016-09-17T16:00:00.000Z,True,False,27,34,L,17,9,135.121
2016,4,400869363,Temple,American Athletic,Charlotte,Conference USA,Home,2016-09-24T16:00:00.000Z,True,False,48,20,W,107,113,-117.125
2016,5,400869530,Temple,American Athletic,SMU,American Athletic,Home,2016-10-01T16:00:00.000Z,True,False,45,20,W,99,91,-55.591
2016,6,400869531,Temple,American Athletic,Memphis,American Athletic,Away,2016-10-07T00:00:00.000Z,True,False,27,34,L,30,66,4.544
2016,7,400869539,Temple,American Athletic,UCF,American Athletic,Away,2016-10-15T23:30:00.000Z,True,False,26,25,W,56,65,7.105
2016,8,400869542,Temple,American Athletic,South Florida,American Athletic,Home,2016-10-21T23:00:00.000Z,True,False,46,30,W,20,41,45.492
2016,9,400869550,Temple,American Athletic,Cincinnati,American Athletic,Home,2016-10-29T19:30:00.000Z,True,False,34,13,W,101,104,-90.274
2016,10,400869554,Temple,American Athletic,UConn,American Athletic,Away,2016-11-04T23:00:00.000Z,True,False,21,0,W,113,116,-122.684
2016,12,400869566,Temple,American Athletic,Tulane,American Athletic,Away,2016-11-19T20:30:00.000Z,True,False,31,0,W,94,106,-90.411
2016,13,400869571,Temple,American Athletic,East Carolina,American Athletic,Home,2016-11-27T00:30:00.000Z,True,False,37,10,W,109,110,-103.316
2016,14,400926947,Temple,American Athletic,Navy,American Athletic,Away,2016-12-03T17:00:00.000Z,True,False,34,10,W,39,61,11.098
2016,1,400868977,Tennessee,SEC,App State,Sun Belt,Home,2016-09-01T23:30:00.000Z,True,False,20,13,W,16,40,53.873
2016,1,400876104,Tennessee,SEC,Nebraska,Big Ten,Home,2016-12-30T20:30:00.000Z,True,False,38,24,W,55,33,65.104
2016,2,400868989,Tennessee,SEC,Virginia Tech,ACC,Home,2016-09-11T00:00:00.000Z,True,False,45,24,W,22,22,85.014
2016,3,400869000,Tennessee,SEC,Ohio,Mid-American,Home,2016-09-17T16:00:00.000Z,True,False,28,19,W,52,80,-33.714
2016,4,400869007,Tennessee,SEC,Florida,SEC,Home,2016-09-24T19:30:00.000Z,True,False,38,28,W,33,21,90.155
2016,5,400869013,Tennessee,SEC,Georgia,SEC,Away,2016-10-01T19:30:00.000Z,True,False,34,31,W,64,49,30.375
2016,6,400869023,Tennessee,SEC,Texas A&M,SEC,Away,2016-10-08T19:30:00.000Z,True,False,38,45,L,44,28,76.343
2016,7,400869028,Tennessee,SEC,Alabama,SEC,Home,2016-10-15T19:30:00.000Z,True,False,10,49,L,1,1,248.809
2016,9,400869039,Tennessee,SEC,South Carolina,SEC,Away,2016-10-29T23:15:00.000Z,True,False,21,24,L,90,78,-25.484
2016,11,400869054,Tennessee,SEC,Kentucky,SEC,Home,2016-11-12T17:00:00.000Z,True,False,49,36,W,83,72,-9.812
2016,12,400869064,Tennessee,SEC,Missouri,SEC,Home,2016-11-19T20:30:00.000Z,True,False,63,37,W,87,79,-26.931
2016,13,400869075,Tennessee,SEC,Vanderbilt,SEC,Away,2016-11-27T00:30:00.000Z,True,False,34,45,L,71,64,7.109
2016,1,400868946,Texas,Big 12,Notre Dame,FBS Independents,Home,2016-09-04T23:30:00.000Z,True,False,50,47,W,50,38,55.720
2016,2,400869357,Texas,Big 12,UTEP,Conference USA,Home,2016-09-10T23:00:00.000Z,True,False,41,7,W,119,127,-186.261
2016,3,400869117,Texas,Big 12,California,Pac-12,Away,2016-09-18T02:30:00.000Z,True,False,43,50,L,84,50,29.439
2016,5,400869620,Texas,Big 12,Oklahoma State,Big 12,Away,2016-10-01T16:00:00.000Z,True,False,31,49,L,31,18,94.926
2016,6,400869615,Texas,Big 12,Oklahoma,Big 12,Away,2016-10-08T16:00:00.000Z,True,False,40,45,L,9,11,125.775
2016,7,400869591,Texas,Big 12,Iowa State,Big 12,Home,2016-10-15T23:00:00.000Z,True,False,27,6,W,80,73,-17.676
2016,8,400869609,Texas,Big 12,Kansas State,Big 12,Away,2016-10-22T16:00:00.000Z,True,False,21,24,L,26,29,73.317
2016,9,400868881,Texas,Big 12,Baylor,Big 12,Home,2016-10-29T19:30:00.000Z,True,False,35,34,W,53,46,32.580
2016,10,400869630,Texas,Big 12,Texas Tech,Big 12,Away,2016-11-05T16:00:00.000Z,True,False,45,37,W,76,68,1.599
2016,11,400869631,Texas,Big 12,West Virginia,Big 12,Home,2016-11-12T17:00:00.000Z,True,False,20,24,L,40,26,80.233
2016,12,400869603,Texas,Big 12,Kansas,Big 12,Away,2016-11-19T20:30:00.000Z,True,False,21,24,L,126,103,-88.670
2016,13,400869632,Texas,Big 12,TCU,Big 12,Home,2016-11-25T20:30:00.000Z,True,False,9,31,L,59,52,25.722
2016,1,400868978,Texas A&M,SEC,UCLA,Pac-12,Home,2016-09-03T19:30:00.000Z,True,False,31,24,W,69,53,25.103
2016,1,400876099,Texas A&M,SEC,Kansas State,Big 12,Away,2016-12-29T02:00:00.000Z,True,False,28,33,L,26,29,73.317
2016,3,400868993,Texas A&M,SEC,Auburn,SEC,Away,2016-09-17T23:00:00.000Z,True,False,29,16,W,18,15,108.178
2016,4,400869008,Texas A&M,SEC,Arkansas,SEC,Home,2016-09-25T01:00:00.000Z,True,False,45,24,W,81,47,32.077
2016,5,400869016,Texas A&M,SEC,South Carolina,SEC,Away,2016-10-01T20:00:00.000Z,True,False,24,13,W,90,78,-25.484
2016,6,400869023,Texas A&M,SEC,Tennessee,SEC,Home,2016-10-08T19:30:00.000Z,True,False,45,38,W,45,23,84.957
2016,8,400869029,Texas A&M,SEC,Alabama,SEC,Away,2016-10-22T19:30:00.000Z,True,False,14,33,L,1,1,248.809
2016,9,400869040,Texas A&M,SEC,New Mexico State,Sun Belt,Home,2016-10-29T23:30:00.000Z,True,False,52,10,W,110,117,-126.798
2016,10,400869046,Texas A&M,SEC,Mississippi State,SEC,Away,2016-11-05T16:00:00.000Z,True,False,28,35,L,74,57,15.233
2016,11,400869055,Texas A&M,SEC,Ole Miss,SEC,Home,2016-11-13T00:30:00.000Z,True,False,28,29,L,75,42,43.367
2016,12,400869065,Texas A&M,SEC,UTSA,Conference USA,Home,2016-11-19T17:00:00.000Z,True,False,23,10,W,62,86,-44.956
2016,13,400869067,Texas A&M,SEC,LSU,SEC,Home,2016-11-25T00:30:00.000Z,True,False,39,54,L,13,6,156.007
2016,1,400869264,Texas State,Sun Belt,Ohio,Mid-American,Away,2016-09-03T19:30:00.000Z,True,False,56,54,W,52,80,-33.714
2016,3,400868992,Texas State,Sun Belt,Arkansas,SEC,Away,2016-09-17T23:30:00.000Z,True,False,3,42,L,81,47,32.077
2016,4,400869525,Texas State,Sun Belt,Houston,American Athletic,Home,2016-09-24T23:00:00.000Z,True,False,3,64,L,32,54,19.093
2016,6,400869823,Texas State,Sun Belt,Georgia State,Sun Belt,Away,2016-10-08T19:30:00.000Z,True,False,21,41,L,97,111,-108.789
2016,7,400869829,Texas State,Sun Belt,UL Monroe,Sun Belt,Away,2016-10-15T23:00:00.000Z,True,False,34,40,L,125,122,-140.962
2016,8,400869834,Texas State,Sun Belt,Louisiana,Sun Belt,Home,2016-10-22T23:00:00.000Z,True,False,3,27,L,70,95,-68.179
2016,10,400869839,Texas State,Sun Belt,App State,Sun Belt,Away,2016-11-05T19:30:00.000Z,True,False,10,35,L,16,40,53.873
2016,11,400869846,Texas State,Sun Belt,Idaho,Sun Belt,Home,2016-11-12T21:00:00.000Z,True,False,14,47,L,72,81,-33.725
2016,12,400869850,Texas State,Sun Belt,New Mexico State,Sun Belt,Away,2016-11-19T22:20:00.000Z,True,False,10,50,L,110,117,-126.798
2016,13,400869854,Texas State,Sun Belt,Troy,Sun Belt,Home,2016-11-26T21:00:00.000Z,True,False,7,40,L,25,75,-19.307
2016,14,400869855,Texas State,Sun Belt,Arkansas State,Sun Belt,Home,2016-12-04T00:30:00.000Z,True,False,14,36,L,37,77,-20.539
2016,2,400869100,Texas Tech,Big 12,Arizona State,Pac-12,Away,2016-09-11T02:00:00.000Z,True,False,55,68,L,93,71,-6.074
2016,3,400869359,Texas Tech,Big 12,Louisiana Tech,Conference USA,Home,2016-09-17T23:00:00.000Z,True,False,59,45,W,23,63,7.457
2016,5,400869598,Texas Tech,Big 12,Kansas,Big 12,Home,2016-09-30T00:30:00.000Z,True,False,55,19,W,126,103,-88.670
2016,6,400869607,Texas Tech,Big 12,Kansas State,Big 12,Away,2016-10-08T23:00:00.000Z,True,False,38,44,L,26,29,73.317
2016,7,400869627,Texas Tech,Big 12,West Virginia,Big 12,Home,2016-10-15T16:00:00.000Z,True,False,17,48,L,40,26,80.233
2016,8,400869616,Texas Tech,Big 12,Oklahoma,Big 12,Home,2016-10-23T00:00:00.000Z,True,False,59,66,L,9,11,125.775
2016,9,400869629,Texas Tech,Big 12,TCU,Big 12,Away,2016-10-29T19:30:00.000Z,True,False,27,24,W,59,52,25.722
2016,10,400869630,Texas Tech,Big 12,Texas,Big 12,Home,2016-11-05T16:00:00.000Z,True,False,37,45,L,65,60,12.113
2016,11,400869622,Texas Tech,Big 12,Oklahoma State,Big 12,Away,2016-11-12T20:30:00.000Z,True,False,44,45,L,31,18,94.926
2016,12,400869595,Texas Tech,Big 12,Iowa State,Big 12,Away,2016-11-19T20:30:00.000Z,True,False,10,66,L,80,73,-17.676
2016,13,400868885,Texas Tech,Big 12,Baylor,Big 12,Home,2016-11-25T23:00:00.000Z,True,False,54,35,W,53,46,32.580
2016,1,400869265,Toledo,Mid-American,Arkansas State,Sun Belt,Away,2016-09-03T01:00:00.000Z,True,False,31,10,W,37,77,-20.539
2016,1,400876040,Toledo,Mid-American,App State,Sun Belt,Home,2016-12-17T22:30:00.000Z,True,False,28,31,L,16,40,53.873
2016,3,400869195,Toledo,Mid-American,Fresno State,Mountain West,Home,2016-09-17T19:00:00.000Z,True,False,52,17,W,120,124,-145.729
2016,5,400868926,Toledo,Mid-American,BYU,FBS Independents,Away,2016-10-01T02:15:00.000Z,True,False,53,55,L,29,36,63.807
2016,6,400869304,Toledo,Mid-American,Eastern Michigan,Mid-American,Away,2016-10-08T19:00:00.000Z,True,False,35,20,W,77,92,-60.773
2016,7,400869306,Toledo,Mid-American,Bowling Green,Mid-American,Home,2016-10-15T19:30:00.000Z,True,False,42,35,W,114,108,-92.342
2016,8,400869313,Toledo,Mid-American,Central Michigan,Mid-American,Home,2016-10-22T16:00:00.000Z,True,False,31,17,W,96,107,-91.157
2016,9,400869318,Toledo,Mid-American,Ohio,Mid-American,Home,2016-10-27T23:30:00.000Z,True,False,26,31,L,52,80,-33.714
2016,10,400869322,Toledo,Mid-American,Akron,Mid-American,Away,2016-11-02T23:30:00.000Z,True,False,48,17,W,89,101,-77.232
2016,11,400869328,Toledo,Mid-American,Northern Illinois,Mid-American,Away,2016-11-10T01:00:00.000Z,True,False,31,24,W,61,74,-19.075
2016,12,400869332,Toledo,Mid-American,Ball State,Mid-American,Home,2016-11-17T00:00:00.000Z,True,False,37,19,W,85,109,-97.265
2016,13,400869340,Toledo,Mid-American,Western Michigan,Mid-American,Away,2016-11-25T22:00:00.000Z,True,False,35,55,L,4,14,114.780
2016,1,400876048,Troy,Sun Belt,Ohio,Mid-American,Home,2016-12-24T01:00:00.000Z,True,False,28,23,W,52,80,-33.714
2016,2,400869430,Troy,Sun Belt,Clemson,ACC,Away,2016-09-10T16:30:00.000Z,True,False,24,30,L,8,4,169.730
2016,3,400869362,Troy,Sun Belt,Southern Miss,Conference USA,Away,2016-09-17T23:00:00.000Z,True,False,37,31,W,66,97,-73.744
2016,4,400869816,Troy,Sun Belt,New Mexico State,Sun Belt,Home,2016-09-24T23:00:00.000Z,True,False,52,6,W,110,117,-126.798
2016,5,400869819,Troy,Sun Belt,Idaho,Sun Belt,Away,2016-10-01T21:00:00.000Z,True,False,34,13,W,72,81,-33.725
2016,7,400869827,Troy,Sun Belt,Georgia State,Sun Belt,Home,2016-10-15T19:30:00.000Z,True,False,31,21,W,97,111,-108.789
2016,8,400869830,Troy,Sun Belt,South Alabama,Sun Belt,Away,2016-10-20T23:30:00.000Z,True,False,28,21,W,78,102,-86.188
2016,10,400868966,Troy,Sun Belt,Massachusetts,FBS Independents,Home,2016-11-05T19:30:00.000Z,True,False,52,31,W,115,118,-128.996
2016,11,400869842,Troy,Sun Belt,App State,Sun Belt,Home,2016-11-12T20:30:00.000Z,True,False,28,24,W,16,40,53.873
2016,12,400869847,Troy,Sun Belt,Arkansas State,Sun Belt,Home,2016-11-18T02:30:00.000Z,True,False,3,35,L,37,77,-20.539
2016,13,400869854,Troy,Sun Belt,Texas State,Sun Belt,Away,2016-11-26T21:00:00.000Z,True,False,40,7,W,127,128,-198.236
2016,14,400869856,Troy,Sun Belt,Georgia Southern,Sun Belt,Away,2016-12-03T17:00:00.000Z,True,False,24,28,L,82,94,-64.897
2016,1,400869421,Tulane,American Athletic,Wake Forest,ACC,Away,2016-09-01T23:00:00.000Z,True,False,3,7,L,73,67,3.046
2016,3,400869521,Tulane,American Athletic,Navy,American Athletic,Home,2016-09-17T23:00:00.000Z,True,False,14,21,L,39,61,11.098
2016,4,400869526,Tulane,American Athletic,Louisiana,Sun Belt,Home,2016-09-25T00:00:00.000Z,True,False,41,39,W,70,95,-68.179
2016,5,400868961,Tulane,American Athletic,Massachusetts,FBS Independents,Away,2016-10-01T19:30:00.000Z,True,False,31,24,W,115,118,-128.996
2016,7,400869538,Tulane,American Athletic,Memphis,American Athletic,Home,2016-10-15T00:00:00.000Z,True,False,14,24,L,30,66,4.544
2016,8,400869547,Tulane,American Athletic,Tulsa,American Athletic,Away,2016-10-22T19:45:00.000Z,True,False,27,50,L,24,45,38.867
2016,9,400869553,Tulane,American Athletic,SMU,American Athletic,Home,2016-10-29T20:00:00.000Z,True,False,31,35,L,99,91,-55.591
2016,10,400921256,Tulane,American Athletic,UCF,American Athletic,Away,2016-11-05T21:00:00.000Z,True,False,6,37,L,56,65,7.105
2016,11,400869560,Tulane,American Athletic,Houston,American Athletic,Away,2016-11-12T20:30:00.000Z,True,False,18,30,L,32,54,19.093
2016,12,400869566,Tulane,American Athletic,Temple,American Athletic,Home,2016-11-19T20:30:00.000Z,True,False,0,31,L,15,35,64.551
2016,13,400869570,Tulane,American Athletic,UConn,American Athletic,Away,2016-11-26T21:00:00.000Z,True,False,38,13,W,113,116,-122.684
2016,1,400869183,Tulsa,American Athletic,San José State,Mountain West,Home,2016-09-03T23:00:00.000Z,True,False,45,10,W,112,115,-122.654
2016,1,400876042,Tulsa,American Athletic,Central Michigan,Mid-American,Home,2016-12-19T19:30:00.000Z,True,False,55,10,W,96,107,-91.157
2016,2,400869516,Tulsa,American Athletic,Ohio State,Big Ten,Away,2016-09-10T19:30:00.000Z,True,False,3,48,L,3,5,169.717
2016,4,400869202,Tulsa,American Athletic,Fresno State,Mountain West,Away,2016-09-24T20:30:00.000Z,True,False,48,41,W,120,124,-145.729
2016,6,400869533,Tulsa,American Athletic,SMU,American Athletic,Home,2016-10-08T00:00:00.000Z,True,False,43,40,W,99,91,-55.591
2016,7,400869541,Tulsa,American Athletic,Houston,American Athletic,Away,2016-10-15T23:00:00.000Z,True,False,31,38,L,32,54,19.093
2016,8,400869547,Tulsa,American Athletic,Tulane,American Athletic,Home,2016-10-22T19:45:00.000Z,True,False,50,27,W,94,106,-90.411
2016,9,400869552,Tulsa,American Athletic,Memphis,American Athletic,Away,2016-10-30T00:00:00.000Z,True,False,59,30,W,30,66,4.544
2016,10,400869555,Tulsa,American Athletic,East Carolina,American Athletic,Home,2016-11-06T00:00:00.000Z,True,False,45,24,W,109,110,-103.316
2016,11,400869561,Tulsa,American Athletic,Navy,American Athletic,Away,2016-11-12T17:00:00.000Z,True,False,40,42,L,39,61,11.098
2016,12,400869564,Tulsa,American Athletic,UCF,American Athletic,Away,2016-11-20T01:00:00.000Z,True,False,35,20,W,56,65,7.105
2016,13,400869567,Tulsa,American Athletic,Cincinnati,American Athletic,Home,2016-11-26T01:30:00.000Z,True,False,40,37,W,101,104,-90.274
2016,1,400903611,UCF,American Athletic,Arkansas State,Sun Belt,Home,2016-12-17T22:30:00.000Z,True,False,13,31,L,37,77,-20.539
2016,2,400869510,UCF,American Athletic,Michigan,Big Ten,Away,2016-09-10T16:00:00.000Z,True,False,14,51,L,2,3,180.110
2016,3,400869518,UCF,American Athletic,Maryland,Big Ten,Home,2016-09-17T23:00:00.000Z,True,False,24,30,L,91,69,0.170
2016,4,400869364,UCF,American Athletic,Florida International,Conference USA,Away,2016-09-24T23:00:00.000Z,True,False,53,14,W,103,120,-132.291
2016,5,400869528,UCF,American Athletic,East Carolina,American Athletic,Away,2016-10-01T16:00:00.000Z,True,False,47,29,W,109,110,-103.316
2016,7,400869539,UCF,American Athletic,Temple,American Athletic,Home,2016-10-15T23:30:00.000Z,True,False,25,26,L,15,35,64.551
2016,8,400869543,UCF,American Athletic,UConn,American Athletic,Away,2016-10-22T16:00:00.000Z,True,False,24,16,W,113,116,-122.684
2016,9,400869549,UCF,American Athletic,Houston,American Athletic,Away,2016-10-29T16:00:00.000Z,True,False,24,31,L,32,54,19.093
2016,10,400921256,UCF,American Athletic,Tulane,American Athletic,Home,2016-11-05T21:00:00.000Z,True,False,37,6,W,94,106,-90.411
2016,11,400869557,UCF,American Athletic,Cincinnati,American Athletic,Home,2016-11-12T17:00:00.000Z,True,False,24,3,W,101,104,-90.274
2016,12,400869564,UCF,American Athletic,Tulsa,American Athletic,Home,2016-11-20T01:00:00.000Z,True,False,20,35,L,24,45,38.867
2016,13,400869569,UCF,American Athletic,South Florida,American Athletic,Away,2016-11-26T17:00:00.000Z,True,False,31,48,L,20,41,45.492
2016,1,400868978,UCLA,Pac-12,Texas A&M,SEC,Away,2016-09-03T19:30:00.000Z,True,False,24,31,L,44,28,76.343
2016,2,400869102,UCLA,Pac-12,UNLV,Mountain West,Home,2016-09-11T00:00:00.000Z,True,False,42,21,W,98,114,-121.922
2016,3,400868924,UCLA,Pac-12,BYU,FBS Independents,Away,2016-09-18T02:15:00.000Z,True,False,17,14,W,29,36,63.807
2016,4,400869121,UCLA,Pac-12,Stanford,Pac-12,Home,2016-09-25T00:00:00.000Z,True,False,13,22,L,41,17,98.376
2016,5,400869125,UCLA,Pac-12,Arizona,Pac-12,Home,2016-10-02T02:30:00.000Z,True,False,45,24,W,122,82,-34.559
2016,6,400869131,UCLA,Pac-12,Arizona State,Pac-12,Away,2016-10-09T02:30:00.000Z,True,False,20,23,L,93,71,-6.074
2016,7,400869138,UCLA,Pac-12,Washington State,Pac-12,Away,2016-10-16T02:30:00.000Z,True,False,21,27,L,11,13,117.278
2016,8,400869142,UCLA,Pac-12,Utah,Pac-12,Home,2016-10-22T20:00:00.000Z,True,False,45,52,L,46,32,66.488
2016,10,400869150,UCLA,Pac-12,Colorado,Pac-12,Away,2016-11-04T01:00:00.000Z,True,False,10,20,L,34,16,106.775
2016,11,400869158,UCLA,Pac-12,Oregon State,Pac-12,Home,2016-11-13T02:00:00.000Z,True,False,38,24,W,95,48,31.311
2016,12,400869163,UCLA,Pac-12,USC,Pac-12,Home,2016-11-20T03:30:00.000Z,True,False,14,36,L,21,7,148.352
2016,13,400869169,UCLA,Pac-12,California,Pac-12,Away,2016-11-27T00:00:00.000Z,True,False,10,36,L,84,50,29.439
2016,2,400869512,UConn,American Athletic,Navy,American Athletic,Away,2016-09-10T19:30:00.000Z,True,False,24,28,L,39,61,11.098
2016,3,400869444,UConn,American Athletic,Virginia,ACC,Home,2016-09-17T17:30:00.000Z,True,False,13,10,W,106,87,-47.226
2016,4,400869450,UConn,American Athletic,Syracuse,ACC,Home,2016-09-24T17:00:00.000Z,True,False,24,31,L,117,84,-40.960
2016,5,400869527,UConn,American Athletic,Houston,American Athletic,Away,2016-09-30T00:00:00.000Z,True,False,14,42,L,32,54,19.093
2016,6,400869534,UConn,American Athletic,Cincinnati,American Athletic,Home,2016-10-08T15:30:00.000Z,True,False,20,9,W,101,104,-90.274
2016,7,400869540,UConn,American Athletic,South Florida,American Athletic,Away,2016-10-15T23:00:00.000Z,True,False,27,42,L,20,41,45.492
2016,8,400869543,UConn,American Athletic,UCF,American Athletic,Home,2016-10-22T16:00:00.000Z,True,False,16,24,L,56,65,7.105
2016,9,400869551,UConn,American Athletic,East Carolina,American Athletic,Away,2016-10-29T16:00:00.000Z,True,False,3,41,L,109,110,-103.316
2016,10,400869554,UConn,American Athletic,Temple,American Athletic,Home,2016-11-04T23:00:00.000Z,True,False,0,21,L,15,35,64.551
2016,12,400869490,UConn,American Athletic,Boston College,ACC,Away,2016-11-19T18:00:00.000Z,True,False,0,30,L,88,70,-3.444
2016,13,400869570,UConn,American Athletic,Tulane,American Athletic,Home,2016-11-26T21:00:00.000Z,True,False,13,38,L,94,106,-90.411
2016,2,400869612,UL Monroe,Sun Belt,Oklahoma,Big 12,Away,2016-09-10T23:00:00.000Z,True,False,17,59,L,9,11,125.775
2016,3,400869813,UL Monroe,Sun Belt,Georgia Southern,Sun Belt,Away,2016-09-17T22:00:00.000Z,True,False,21,23,L,82,94,-64.897
2016,5,400869012,UL Monroe,Sun Belt,Auburn,SEC,Away,2016-10-01T19:30:00.000Z,True,False,7,58,L,18,15,108.178
2016,6,400869824,UL Monroe,Sun Belt,Idaho,Sun Belt,Home,2016-10-08T23:00:00.000Z,True,False,31,34,L,72,81,-33.725
2016,7,400869829,UL Monroe,Sun Belt,Texas State,Sun Belt,Home,2016-10-15T23:00:00.000Z,True,False,40,34,W,127,128,-198.236
2016,8,400869227,UL Monroe,Sun Belt,New Mexico,Mountain West,Away,2016-10-23T01:00:00.000Z,True,False,17,59,L,48,85,-42.484
2016,9,400869836,UL Monroe,Sun Belt,Arkansas State,Sun Belt,Away,2016-10-29T23:00:00.000Z,True,False,10,51,L,37,77,-20.539
2016,10,400869841,UL Monroe,Sun Belt,South Alabama,Sun Belt,Home,2016-11-05T21:00:00.000Z,True,False,42,35,W,78,102,-86.188
2016,11,400869845,UL Monroe,Sun Belt,Georgia State,Sun Belt,Away,2016-11-12T19:00:00.000Z,True,False,37,23,W,97,111,-108.789
2016,12,400869848,UL Monroe,Sun Belt,App State,Sun Belt,Away,2016-11-19T19:30:00.000Z,True,False,17,42,L,16,40,53.873
2016,14,400869858,UL Monroe,Sun Belt,Louisiana,Sun Belt,Home,2016-12-03T20:00:00.000Z,True,False,3,30,L,70,95,-68.179
2016,2,400869102,UNLV,Mountain West,UCLA,Pac-12,Away,2016-09-11T00:00:00.000Z,True,False,21,42,L,69,53,25.103
2016,3,400869198,UNLV,Mountain West,Central Michigan,Mid-American,Away,2016-09-17T19:00:00.000Z,True,False,21,44,L,96,107,-91.157
2016,4,400869205,UNLV,Mountain West,Idaho,Sun Belt,Home,2016-09-25T01:00:00.000Z,True,False,30,33,L,72,81,-33.725
2016,5,400869210,UNLV,Mountain West,Fresno State,Mountain West,Home,2016-10-02T02:30:00.000Z,True,False,45,20,W,120,124,-145.729
2016,6,400869218,UNLV,Mountain West,San Diego State,Mountain West,Away,2016-10-09T02:30:00.000Z,True,False,7,26,L,10,43,40.867
2016,7,400869222,UNLV,Mountain West,Hawai'i,Mountain West,Away,2016-10-16T03:59:00.000Z,True,False,41,38,W,104,99,-76.109
2016,8,400869226,UNLV,Mountain West,Colorado State,Mountain West,Home,2016-10-22T21:30:00.000Z,True,False,23,42,L,54,55,18.455
2016,9,400869235,UNLV,Mountain West,San José State,Mountain West,Away,2016-10-30T02:30:00.000Z,True,False,24,30,L,112,115,-122.654
2016,11,400869244,UNLV,Mountain West,Wyoming,Mountain West,Home,2016-11-12T20:30:00.000Z,True,False,69,66,W,60,62,7.552
2016,12,400869246,UNLV,Mountain West,Boise State,Mountain West,Away,2016-11-19T02:00:00.000Z,True,False,25,42,L,14,30,72.571
2016,13,400869256,UNLV,Mountain West,Nevada,Mountain West,Home,2016-11-26T21:00:00.000Z,True,False,10,45,L,86,112,-114.035
2016,1,400868969,USC,Pac-12,Alabama,SEC,Away,2016-09-04T00:00:00.000Z,True,False,6,52,L,1,1,248.809
2016,1,400876111,USC,Pac-12,Penn State,Big Ten,Away,2017-01-02T22:00:00.000Z,True,False,52,49,W,17,9,135.121
2016,2,400869101,USC,Pac-12,Utah State,Mountain West,Home,2016-09-10T18:00:00.000Z,True,False,45,7,W,100,96,-69.040
2016,3,400869110,USC,Pac-12,Stanford,Pac-12,Away,2016-09-18T00:00:00.000Z,True,False,10,27,L,41,17,98.376
2016,4,400869118,USC,Pac-12,Utah,Pac-12,Away,2016-09-24T01:00:00.000Z,True,False,27,31,L,46,32,66.488
2016,5,400869126,USC,Pac-12,Arizona State,Pac-12,Home,2016-10-02T00:30:00.000Z,True,False,41,20,W,93,71,-6.074
2016,6,400869132,USC,Pac-12,Colorado,Pac-12,Home,2016-10-08T20:00:00.000Z,True,False,21,17,W,34,16,106.775
2016,7,400869136,USC,Pac-12,Arizona,Pac-12,Away,2016-10-15T19:30:00.000Z,True,False,48,14,W,122,82,-34.559
2016,9,400869145,USC,Pac-12,California,Pac-12,Home,2016-10-28T02:30:00.000Z,True,False,45,24,W,84,50,29.439
2016,10,400869152,USC,Pac-12,Oregon,Pac-12,Home,2016-11-05T23:00:00.000Z,True,False,45,20,W,92,51,26.530
2016,11,400869157,USC,Pac-12,Washington,Pac-12,Away,2016-11-13T00:30:00.000Z,True,False,26,13,W,5,2,194.221
2016,12,400869163,USC,Pac-12,UCLA,Pac-12,Away,2016-11-20T03:30:00.000Z,True,False,36,14,W,69,53,25.103
2016,13,400868956,USC,Pac-12,Notre Dame,FBS Independents,Home,2016-11-26T20:30:00.000Z,True,False,45,27,W,50,38,55.720
2016,1,400869348,UTEP,Conference USA,New Mexico State,Sun Belt,Home,2016-09-04T00:00:00.000Z,True,False,38,22,W,110,117,-126.798
2016,2,400869357,UTEP,Conference USA,Texas,Big 12,Away,2016-09-10T23:00:00.000Z,True,False,7,41,L,65,60,12.113
2016,3,400868912,UTEP,Conference USA,Army,FBS Independents,Home,2016-09-17T23:00:00.000Z,True,False,14,66,L,57,88,-52.685
2016,4,400869369,UTEP,Conference USA,Southern Miss,Conference USA,Home,2016-09-25T00:00:00.000Z,True,False,7,34,L,66,97,-73.744
2016,5,400869372,UTEP,Conference USA,Louisiana Tech,Conference USA,Away,2016-10-01T23:00:00.000Z,True,False,7,28,L,23,63,7.457
2016,6,400869378,UTEP,Conference USA,Florida International,Conference USA,Home,2016-10-09T00:00:00.000Z,True,False,21,35,L,103,120,-132.291
2016,8,400869390,UTEP,Conference USA,UTSA,Conference USA,Away,2016-10-22T23:00:00.000Z,True,False,52,49,W,62,86,-44.956
2016,9,400869396,UTEP,Conference USA,Old Dominion,Conference USA,Home,2016-10-30T00:00:00.000Z,True,False,21,31,L,38,83,-40.141
2016,11,400869405,UTEP,Conference USA,Florida Atlantic,Conference USA,Away,2016-11-12T23:00:00.000Z,True,False,31,35,L,116,119,-129.814
2016,12,400869414,UTEP,Conference USA,Rice,Conference USA,Away,2016-11-19T17:00:00.000Z,True,False,24,44,L,111,123,-143.272
2016,13,400869420,UTEP,Conference USA,North Texas,Conference USA,Home,2016-11-26T21:00:00.000Z,True,False,52,24,W,102,121,-132.433
2016,1,400876038,UTSA,Conference USA,New Mexico,Mountain West,Home,2016-12-17T19:00:00.000Z,True,False,20,23,L,48,85,-42.484
2016,2,400869185,UTSA,Conference USA,Colorado State,Mountain West,Away,2016-09-10T20:00:00.000Z,True,False,14,23,L,54,55,18.455
2016,3,400869109,UTSA,Conference USA,Arizona State,Pac-12,Home,2016-09-17T01:30:00.000Z,True,False,28,32,L,93,71,-6.074
2016,4,400869368,UTSA,Conference USA,Old Dominion,Conference USA,Away,2016-09-24T19:30:00.000Z,True,False,19,33,L,38,83,-40.141
2016,6,400869381,UTSA,Conference USA,Southern Miss,Conference USA,Home,2016-10-08T16:00:00.000Z,True,False,55,32,W,66,97,-73.744
2016,7,400869385,UTSA,Conference USA,Rice,Conference USA,Away,2016-10-15T23:00:00.000Z,True,False,14,13,W,111,123,-143.272
2016,8,400869390,UTSA,Conference USA,UTEP,Conference USA,Home,2016-10-22T23:00:00.000Z,True,False,49,52,L,119,127,-186.261
2016,9,400869395,UTSA,Conference USA,North Texas,Conference USA,Home,2016-10-29T23:00:00.000Z,True,False,31,17,W,102,121,-132.433
2016,10,400869403,UTSA,Conference USA,Middle Tennessee,Conference USA,Away,2016-11-05T18:30:00.000Z,True,False,45,25,W,63,100,-76.422
2016,11,400869406,UTSA,Conference USA,Louisiana Tech,Conference USA,Away,2016-11-12T20:30:00.000Z,True,False,35,63,L,23,63,7.457
2016,12,400869065,UTSA,Conference USA,Texas A&M,SEC,Away,2016-11-19T17:00:00.000Z,True,False,10,23,L,44,28,76.343
2016,13,400869415,UTSA,Conference USA,Charlotte,Conference USA,Home,2016-11-27T00:00:00.000Z,True,False,33,14,W,107,113,-117.125
2016,1,400903226,Utah,Pac-12,Indiana,Big Ten,Home,2016-12-29T01:30:00.000Z,True,False,26,24,W,68,56,15.263
2016,2,400868923,Utah,Pac-12,BYU,FBS Independents,Home,2016-09-10T23:30:00.000Z,True,False,20,19,W,29,36,63.807
2016,3,400869112,Utah,Pac-12,San José State,Mountain West,Away,2016-09-18T02:30:00.000Z,True,False,34,17,W,112,115,-122.654
2016,4,400869118,Utah,Pac-12,USC,Pac-12,Home,2016-09-24T01:00:00.000Z,True,False,31,27,W,21,7,148.352
2016,5,400869128,Utah,Pac-12,California,Pac-12,Away,2016-10-01T22:00:00.000Z,True,False,23,28,L,84,50,29.439
2016,6,400869130,Utah,Pac-12,Arizona,Pac-12,Home,2016-10-09T02:00:00.000Z,True,False,36,23,W,122,82,-34.559
2016,7,400869139,Utah,Pac-12,Oregon State,Pac-12,Away,2016-10-15T20:00:00.000Z,True,False,19,14,W,95,48,31.311
2016,8,400869142,Utah,Pac-12,UCLA,Pac-12,Away,2016-10-22T20:00:00.000Z,True,False,52,45,W,69,53,25.103
2016,9,400869148,Utah,Pac-12,Washington,Pac-12,Home,2016-10-29T19:30:00.000Z,True,False,24,31,L,5,2,194.221
2016,11,400869155,Utah,Pac-12,Arizona State,Pac-12,Away,2016-11-11T02:30:00.000Z,True,False,49,26,W,93,71,-6.074
2016,12,400869165,Utah,Pac-12,Oregon,Pac-12,Home,2016-11-19T19:00:00.000Z,True,False,28,30,L,92,51,26.530
2016,13,400869170,Utah,Pac-12,Colorado,Pac-12,Away,2016-11-27T00:30:00.000Z,True,False,22,27,L,34,16,106.775
2016,2,400869101,Utah State,Mountain West,USC,Pac-12,Away,2016-09-10T18:00:00.000Z,True,False,7,45,L,21,7,148.352
2016,3,400869193,Utah State,Mountain West,Arkansas State,Sun Belt,Home,2016-09-17T01:00:00.000Z,True,False,34,20,W,37,77,-20.539
2016,4,400869199,Utah State,Mountain West,Air Force,Mountain West,Home,2016-09-25T02:15:00.000Z,True,False,20,27,L,28,59,12.865
2016,5,400869207,Utah State,Mountain West,Boise State,Mountain West,Away,2016-10-02T02:15:00.000Z,True,False,10,21,L,14,30,72.571
2016,6,400869215,Utah State,Mountain West,Colorado State,Mountain West,Away,2016-10-09T02:00:00.000Z,True,False,24,31,L,54,55,18.455
2016,8,400869228,Utah State,Mountain West,Fresno State,Mountain West,Home,2016-10-23T02:30:00.000Z,True,False,38,20,W,120,124,-145.729
2016,9,400869234,Utah State,Mountain West,San Diego State,Mountain West,Home,2016-10-29T00:00:00.000Z,True,False,13,40,L,10,43,40.867
2016,10,400869239,Utah State,Mountain West,Wyoming,Mountain West,Away,2016-11-06T02:15:00.000Z,True,False,28,52,L,60,62,7.552
2016,11,400869243,Utah State,Mountain West,New Mexico,Mountain West,Home,2016-11-13T03:15:00.000Z,True,False,21,24,L,48,85,-42.484
2016,12,400869249,Utah State,Mountain West,Nevada,Mountain West,Away,2016-11-19T21:00:00.000Z,True,False,37,38,L,86,112,-114.035
2016,13,400868933,Utah State,Mountain West,BYU,FBS Independents,Away,2016-11-27T03:15:00.000Z,True,False,10,28,L,29,36,63.807
2016,1,400868968,Vanderbilt,SEC,South Carolina,SEC,Home,2016-09-02T00:00:00.000Z,True,False,10,13,L,90,78,-25.484
2016,1,400876092,Vanderbilt,SEC,NC State,ACC,Home,2016-12-26T22:00:00.000Z,True,False,17,41,L,58,34,64.599
2016,2,400868991,Vanderbilt,SEC,Middle Tennessee,Conference USA,Home,2016-09-10T20:00:00.000Z,True,False,47,24,W,63,100,-76.422
2016,3,400869001,Vanderbilt,SEC,Georgia Tech,ACC,Away,2016-09-17T16:30:00.000Z,True,False,7,38,L,49,37,59.774
2016,4,400869009,Vanderbilt,SEC,Western Kentucky,Conference USA,Away,2016-09-24T20:30:00.000Z,True,False,31,30,W,6,39,54.685
2016,5,400869017,Vanderbilt,SEC,Florida,SEC,Home,2016-10-01T16:00:00.000Z,True,False,6,13,L,33,21,90.155
2016,6,400869020,Vanderbilt,SEC,Kentucky,SEC,Away,2016-10-08T20:00:00.000Z,True,False,13,20,L,83,72,-9.812
2016,7,400869026,Vanderbilt,SEC,Georgia,SEC,Away,2016-10-15T16:00:00.000Z,True,False,17,16,W,64,49,30.375
2016,10,400869042,Vanderbilt,SEC,Auburn,SEC,Away,2016-11-05T16:00:00.000Z,True,False,16,23,L,18,15,108.178
2016,11,400869053,Vanderbilt,SEC,Missouri,SEC,Away,2016-11-12T20:30:00.000Z,True,False,17,26,L,87,79,-26.931
2016,12,400869066,Vanderbilt,SEC,Ole Miss,SEC,Home,2016-11-20T01:00:00.000Z,True,False,38,17,W,75,42,43.367
2016,13,400869075,Vanderbilt,SEC,Tennessee,SEC,Home,2016-11-27T00:30:00.000Z,True,False,45,34,W,45,23,84.957
2016,2,400869104,Virginia,ACC,Oregon,Pac-12,Away,2016-09-11T02:30:00.000Z,True,False,26,44,L,92,51,26.530
2016,3,400869444,Virginia,ACC,UConn,American Athletic,Away,2016-09-17T17:30:00.000Z,True,False,10,13,L,113,116,-122.684
2016,4,400869288,Virginia,ACC,Central Michigan,Mid-American,Home,2016-09-24T16:30:00.000Z,True,False,49,35,W,96,107,-91.157
2016,5,400869454,Virginia,ACC,Duke,ACC,Away,2016-10-01T16:30:00.000Z,True,False,34,20,W,105,76,-19.748
2016,7,400869465,Virginia,ACC,Pittsburgh,ACC,Home,2016-10-15T16:30:00.000Z,True,False,31,45,L,42,24,83.363
2016,8,400869470,Virginia,ACC,North Carolina,ACC,Home,2016-10-22T19:00:00.000Z,True,False,14,35,L,47,25,81.306
2016,9,400869475,Virginia,ACC,Louisville,ACC,Home,2016-10-29T16:00:00.000Z,True,False,25,32,L,7,19,94.852
2016,10,400869482,Virginia,ACC,Wake Forest,ACC,Away,2016-11-05T19:00:00.000Z,True,False,20,27,L,73,67,3.046
2016,11,400869724,Virginia,ACC,Miami,ACC,Home,2016-11-12T19:00:00.000Z,True,False,14,34,L,19,12,121.271
2016,12,400869494,Virginia,ACC,Georgia Tech,ACC,Away,2016-11-19T17:30:00.000Z,True,False,17,31,L,49,37,59.774
2016,13,400869501,Virginia,ACC,Virginia Tech,ACC,Away,2016-11-26T17:00:00.000Z,True,False,10,52,L,22,22,85.014
2016,1,400876101,Virginia Tech,ACC,Arkansas,SEC,Home,2016-12-29T22:30:00.000Z,True,False,35,24,W,81,47,32.077
2016,2,400868989,Virginia Tech,ACC,Tennessee,SEC,Away,2016-09-11T00:00:00.000Z,True,False,24,45,L,45,23,84.957
2016,3,400869437,Virginia Tech,ACC,Boston College,ACC,Home,2016-09-17T19:30:00.000Z,True,False,49,0,W,88,70,-3.444
2016,4,400869451,Virginia Tech,ACC,East Carolina,American Athletic,Home,2016-09-24T16:30:00.000Z,True,False,54,17,W,109,110,-103.316
2016,6,400869459,Virginia Tech,ACC,North Carolina,ACC,Away,2016-10-08T19:30:00.000Z,True,False,34,3,W,47,25,81.306
2016,7,400869466,Virginia Tech,ACC,Syracuse,ACC,Away,2016-10-15T19:45:00.000Z,True,False,17,31,L,117,84,-40.960
2016,8,400869467,Virginia Tech,ACC,Miami,ACC,Home,2016-10-20T23:00:00.000Z,True,False,37,16,W,19,12,121.271
2016,9,400869471,Virginia Tech,ACC,Pittsburgh,ACC,Away,2016-10-27T23:00:00.000Z,True,False,39,36,W,42,24,83.363
2016,10,400869478,Virginia Tech,ACC,Duke,ACC,Away,2016-11-05T19:30:00.000Z,True,False,24,21,W,105,76,-19.748
2016,11,400869486,Virginia Tech,ACC,Georgia Tech,ACC,Home,2016-11-12T20:30:00.000Z,True,False,20,30,L,49,37,59.774
2016,12,400868955,Virginia Tech,ACC,Notre Dame,FBS Independents,Away,2016-11-19T20:30:00.000Z,True,False,34,31,W,50,38,55.720
2016,13,400869501,Virginia Tech,ACC,Virginia,ACC,Home,2016-11-26T17:00:00.000Z,True,False,52,10,W,106,87,-47.226
2016,14,400926944,Virginia Tech,ACC,Clemson,ACC,Home,2016-12-04T01:00:00.000Z,True,False,35,42,L,8,4,169.730
2016,1,400869421,Wake Forest,ACC,Tulane,American Athletic,Home,2016-09-01T23:00:00.000Z,True,False,7,3,W,94,106,-90.411
2016,1,400876094,Wake Forest,ACC,Temple,American Athletic,Home,2016-12-27T20:30:00.000Z,True,False,34,26,W,15,35,64.551
2016,2,400869431,Wake Forest,ACC,Duke,ACC,Away,2016-09-10T19:30:00.000Z,True,False,24,14,W,105,76,-19.748
2016,4,400869452,Wake Forest,ACC,Indiana,Big Ten,Away,2016-09-24T19:30:00.000Z,True,False,33,28,W,68,56,15.263
2016,5,400869456,Wake Forest,ACC,NC State,ACC,Away,2016-10-01T19:30:00.000Z,True,False,16,33,L,58,34,64.599
2016,6,400869460,Wake Forest,ACC,Syracuse,ACC,Home,2016-10-08T23:00:00.000Z,True,False,28,9,W,117,84,-40.960
2016,7,400869463,Wake Forest,ACC,Florida State,ACC,Away,2016-10-15T19:30:00.000Z,True,False,6,17,L,35,10,126.240
2016,9,400868917,Wake Forest,ACC,Army,FBS Independents,Home,2016-10-29T19:30:00.000Z,True,False,13,21,L,57,88,-52.685
2016,10,400869482,Wake Forest,ACC,Virginia,ACC,Home,2016-11-05T19:00:00.000Z,True,False,27,20,W,106,87,-47.226
2016,11,400869487,Wake Forest,ACC,Louisville,ACC,Away,2016-11-13T00:00:00.000Z,True,False,12,44,L,7,19,94.852
2016,12,400869491,Wake Forest,ACC,Clemson,ACC,Home,2016-11-20T00:00:00.000Z,True,False,13,35,L,8,4,169.730
2016,13,400869498,Wake Forest,ACC,Boston College,ACC,Home,2016-11-26T20:00:00.000Z,True,False,14,17,L,88,70,-3.444
2016,1,400869097,Washington,Pac-12,Rutgers,Big Ten,Home,2016-09-03T18:00:00.000Z,True,False,48,13,W,128,89,-54.076
2016,1,400876107,Washington,Pac-12,Alabama,SEC,Away,2016-12-31T20:00:00.000Z,True,False,7,24,L,1,1,248.809
2016,2,400869105,Washington,Pac-12,Idaho,Sun Belt,Home,2016-09-10T21:00:00.000Z,True,False,59,14,W,72,81,-33.725
2016,4,400869119,Washington,Pac-12,Arizona,Pac-12,Away,2016-09-25T02:30:00.000Z,True,False,35,28,W,122,82,-34.559
2016,5,400869124,Washington,Pac-12,Stanford,Pac-12,Home,2016-10-01T01:00:00.000Z,True,False,44,6,W,41,17,98.376
2016,6,400869133,Washington,Pac-12,Oregon,Pac-12,Away,2016-10-08T23:30:00.000Z,True,False,70,21,W,92,51,26.530
2016,8,400869144,Washington,Pac-12,Oregon State,Pac-12,Home,2016-10-22T22:30:00.000Z,True,False,41,17,W,95,48,31.311
2016,9,400869148,Washington,Pac-12,Utah,Pac-12,Away,2016-10-29T19:30:00.000Z,True,False,31,24,W,46,32,66.488
2016,10,400869154,Washington,Pac-12,California,Pac-12,Away,2016-11-06T02:30:00.000Z,True,False,66,27,W,84,50,29.439
2016,11,400869157,Washington,Pac-12,USC,Pac-12,Home,2016-11-13T00:30:00.000Z,True,False,13,26,L,21,7,148.352
2016,12,400869162,Washington,Pac-12,Arizona State,Pac-12,Home,2016-11-20T00:30:00.000Z,True,False,44,18,W,93,71,-6.074
2016,13,400869168,Washington,Pac-12,Washington State,Pac-12,Away,2016-11-25T20:30:00.000Z,True,False,45,17,W,11,13,117.278
2016,14,400926942,Washington,Pac-12,Colorado,Pac-12,Home,2016-12-03T02:00:00.000Z,True,False,41,10,W,34,16,106.775
2016,1,400876095,Washington State,Pac-12,Minnesota,Big Ten,Home,2016-12-28T00:00:00.000Z,True,False,12,17,L,43,27,76.900
2016,2,400869106,Washington State,Pac-12,Boise State,Mountain West,Away,2016-09-11T02:15:00.000Z,True,False,28,31,L,14,30,72.571
2016,3,400869116,Washington State,Pac-12,Idaho,Sun Belt,Home,2016-09-17T18:00:00.000Z,True,False,56,6,W,72,81,-33.725
2016,5,400869129,Washington State,Pac-12,Oregon,Pac-12,Home,2016-10-02T01:30:00.000Z,True,False,51,33,W,92,51,26.530
2016,6,400869135,Washington State,Pac-12,Stanford,Pac-12,Away,2016-10-09T02:30:00.000Z,True,False,42,16,W,41,17,98.376
2016,7,400869138,Washington State,Pac-12,UCLA,Pac-12,Home,2016-10-16T02:30:00.000Z,True,False,27,21,W,69,53,25.103
2016,8,400869141,Washington State,Pac-12,Arizona State,Pac-12,Away,2016-10-23T02:00:00.000Z,True,False,37,32,W,93,71,-6.074
2016,9,400869149,Washington State,Pac-12,Oregon State,Pac-12,Away,2016-10-30T02:45:00.000Z,True,False,35,31,W,95,48,31.311
2016,10,400869151,Washington State,Pac-12,Arizona,Pac-12,Home,2016-11-05T20:00:00.000Z,True,False,69,7,W,122,82,-34.559
2016,11,400869160,Washington State,Pac-12,California,Pac-12,Home,2016-11-13T03:30:00.000Z,True,False,56,21,W,84,50,29.439
2016,12,400869164,Washington State,Pac-12,Colorado,Pac-12,Away,2016-11-19T20:30:00.000Z,True,False,24,38,L,34,16,106.775
2016,13,400869168,Washington State,Pac-12,Washington,Pac-12,Home,2016-11-25T20:30:00.000Z,True,False,17,45,L,5,2,194.221
2016,1,400868976,West Virginia,Big 12,Missouri,SEC,Home,2016-09-03T16:00:00.000Z,True,False,26,11,W,87,79,-26.931
2016,1,400876098,West Virginia,Big 12,Miami,ACC,Away,2016-12-28T22:30:00.000Z,True,False,14,31,L,19,12,121.271
2016,4,400868925,West Virginia,Big 12,BYU,FBS Independents,Home,2016-09-24T19:30:00.000Z,True,False,35,32,W,29,36,63.807
2016,5,400869606,West Virginia,Big 12,Kansas State,Big 12,Home,2016-10-01T19:30:00.000Z,True,False,17,16,W,26,29,73.317
2016,7,400869627,West Virginia,Big 12,Texas Tech,Big 12,Away,2016-10-15T16:00:00.000Z,True,False,48,17,W,76,68,1.599
2016,8,400869628,West Virginia,Big 12,TCU,Big 12,Home,2016-10-22T19:30:00.000Z,True,False,34,10,W,59,52,25.722
2016,9,400869621,West Virginia,Big 12,Oklahoma State,Big 12,Away,2016-10-29T16:00:00.000Z,True,False,20,37,L,31,18,94.926
2016,10,400869602,West Virginia,Big 12,Kansas,Big 12,Home,2016-11-05T23:00:00.000Z,True,False,48,21,W,126,103,-88.670
2016,11,400869631,West Virginia,Big 12,Texas,Big 12,Away,2016-11-12T17:00:00.000Z,True,False,24,20,W,65,60,12.113
2016,12,400869617,West Virginia,Big 12,Oklahoma,Big 12,Home,2016-11-20T01:00:00.000Z,True,False,28,56,L,9,11,125.775
2016,13,400869596,West Virginia,Big 12,Iowa State,Big 12,Away,2016-11-26T20:30:00.000Z,True,False,49,19,W,80,73,-17.676
2016,14,400868886,West Virginia,Big 12,Baylor,Big 12,Home,2016-12-03T20:30:00.000Z,True,False,24,21,W,53,46,32.580
2016,1,400869347,Western Kentucky,Conference USA,Rice,Conference USA,Home,2016-09-02T00:00:00.000Z,True,False,46,14,W,111,123,-143.272
2016,1,400876043,Western Kentucky,Conference USA,Memphis,American Athletic,Home,2016-12-21T00:00:00.000Z,True,False,51,31,W,30,66,4.544
2016,2,400868980,Western Kentucky,Conference USA,Alabama,SEC,Away,2016-09-10T19:30:00.000Z,True,False,10,38,L,1,1,248.809
2016,3,400869283,Western Kentucky,Conference USA,Miami (OH),Mid-American,Away,2016-09-17T19:30:00.000Z,True,False,31,24,W,67,93,-63.644
2016,4,400869009,Western Kentucky,Conference USA,Vanderbilt,SEC,Home,2016-09-24T20:30:00.000Z,True,False,30,31,L,71,64,7.109
2016,6,400869379,Western Kentucky,Conference USA,Louisiana Tech,Conference USA,Away,2016-10-07T00:00:00.000Z,True,False,52,55,L,23,63,7.457
2016,7,400869384,Western Kentucky,Conference USA,Middle Tennessee,Conference USA,Away,2016-10-15T18:30:00.000Z,True,False,44,43,W,63,100,-76.422
2016,8,400869388,Western Kentucky,Conference USA,Old Dominion,Conference USA,Home,2016-10-22T23:00:00.000Z,True,False,59,24,W,38,83,-40.141
2016,9,400869392,Western Kentucky,Conference USA,Florida Atlantic,Conference USA,Away,2016-10-29T19:30:00.000Z,True,False,52,3,W,116,119,-129.814
2016,10,400869398,Western Kentucky,Conference USA,Florida International,Conference USA,Home,2016-11-05T21:30:00.000Z,True,False,49,21,W,103,120,-132.291
2016,11,400869408,Western Kentucky,Conference USA,North Texas,Conference USA,Home,2016-11-12T20:30:00.000Z,True,False,45,7,W,102,121,-132.433
2016,13,400869419,Western Kentucky,Conference USA,Marshall,Conference USA,Away,2016-11-27T00:00:00.000Z,True,False,60,6,W,124,125,-179.198
2016,14,400926948,Western Kentucky,Conference USA,Louisiana Tech,Conference USA,Home,2016-12-03T17:00:00.000Z,True,False,58,44,W,23,63,7.457
2016,1,400869267,Western Michigan,Mid-American,Northwestern,Big Ten,Away,2016-09-03T16:00:00.000Z,True,False,22,21,W,51,31,68.537
2016,1,400876110,Western Michigan,Mid-American,Wisconsin,Big Ten,Away,2017-01-02T18:00:00.000Z,True,False,16,24,L,12,8,147.019
2016,3,400869284,Western Michigan,Mid-American,Illinois,Big Ten,Away,2016-09-17T20:00:00.000Z,True,False,34,10,W,121,90,-55.003
2016,4,400869290,Western Michigan,Mid-American,Georgia Southern,Sun Belt,Home,2016-09-24T23:00:00.000Z,True,False,49,31,W,82,94,-64.897
2016,5,400869298,Western Michigan,Mid-American,Central Michigan,Mid-American,Away,2016-10-01T23:00:00.000Z,True,False,49,10,W,96,107,-91.157
2016,6,400869303,Western Michigan,Mid-American,Northern Illinois,Mid-American,Home,2016-10-08T22:30:00.000Z,True,False,45,30,W,61,74,-19.075
2016,7,400869310,Western Michigan,Mid-American,Akron,Mid-American,Away,2016-10-15T19:30:00.000Z,True,False,41,0,W,89,101,-77.232
2016,8,400869314,Western Michigan,Mid-American,Eastern Michigan,Mid-American,Home,2016-10-22T19:30:00.000Z,True,False,45,31,W,77,92,-60.773
2016,10,400869321,Western Michigan,Mid-American,Ball State,Mid-American,Away,2016-11-02T00:00:00.000Z,True,False,52,20,W,85,109,-97.265
2016,11,400869326,Western Michigan,Mid-American,Kent State,Mid-American,Away,2016-11-09T00:30:00.000Z,True,False,37,21,W,108,105,-90.309
2016,12,400869334,Western Michigan,Mid-American,Buffalo,Mid-American,Home,2016-11-19T20:30:00.000Z,True,False,38,0,W,123,126,-179.817
2016,13,400869340,Western Michigan,Mid-American,Toledo,Mid-American,Home,2016-11-25T22:00:00.000Z,True,False,55,35,W,27,44,40.410
2016,14,400926941,Western Michigan,Mid-American,Ohio,Mid-American,Away,2016-12-03T00:00:00.000Z,True,False,29,23,W,52,80,-33.714
2016,1,400868974,Wisconsin,Big Ten,LSU,SEC,Home,2016-09-03T19:30:00.000Z,True,False,16,14,W,13,6,156.007
2016,1,400876110,Wisconsin,Big Ten,Western Michigan,Mid-American,Home,2017-01-02T18:00:00.000Z,True,False,24,16,W,4,14,114.780
2016,2,400869268,Wisconsin,Big Ten,Akron,Mid-American,Home,2016-09-10T19:30:00.000Z,True,False,54,10,W,89,101,-77.232
2016,3,400869657,Wisconsin,Big Ten,Georgia State,Sun Belt,Home,2016-09-17T16:00:00.000Z,True,False,23,17,W,97,111,-108.789
2016,4,400869659,Wisconsin,Big Ten,Michigan State,Big Ten,Away,2016-09-24T16:00:00.000Z,True,False,30,6,W,79,58,14.532
2016,5,400869664,Wisconsin,Big Ten,Michigan,Big Ten,Away,2016-10-01T19:30:00.000Z,True,False,7,14,L,2,3,180.110
2016,7,400869644,Wisconsin,Big Ten,Ohio State,Big Ten,Home,2016-10-16T00:00:00.000Z,True,False,23,30,L,3,5,169.717
2016,8,400869674,Wisconsin,Big Ten,Iowa,Big Ten,Away,2016-10-22T16:00:00.000Z,True,False,17,9,W,36,20,90.382
2016,9,400869683,Wisconsin,Big Ten,Nebraska,Big Ten,Home,2016-10-29T23:00:00.000Z,True,False,23,17,W,55,33,65.104
2016,10,400869687,Wisconsin,Big Ten,Northwestern,Big Ten,Away,2016-11-05T16:00:00.000Z,True,False,21,7,W,51,31,68.537
2016,11,400869693,Wisconsin,Big Ten,Illinois,Big Ten,Home,2016-11-12T20:30:00.000Z,True,False,48,3,W,121,90,-55.003
2016,12,400869698,Wisconsin,Big Ten,Purdue,Big Ten,Away,2016-11-19T17:00:00.000Z,True,False,49,20,W,118,98,-74.394
2016,13,400869703,Wisconsin,Big Ten,Minnesota,Big Ten,Home,2016-11-26T20:30:00.000Z,True,False,31,17,W,43,27,76.900
2016,14,400926946,Wisconsin,Big Ten,Penn State,Big Ten,Away,2016-12-04T01:00:00.000Z,True,False,31,38,L,17,9,135.121
2016,1,400869178,Wyoming,Mountain West,Northern Illinois,Mid-American,Home,2016-09-04T02:30:00.000Z,True,False,40,34,W,61,74,-19.075
2016,1,400876044,Wyoming,Mountain West,BYU,FBS Independents,Home,2016-12-22T02:00:00.000Z,True,False,21,24,L,29,36,63.807
2016,2,400869187,Wyoming,Mountain West,Nebraska,Big Ten,Away,2016-09-10T16:00:00.000Z,True,False,17,52,L,55,33,65.104
2016,4,400869201,Wyoming,Mountain West,Eastern Michigan,Mid-American,Away,2016-09-23T23:30:00.000Z,True,False,24,27,L,77,92,-60.773
2016,5,400869208,Wyoming,Mountain West,Colorado State,Mountain West,Away,2016-10-02T02:15:00.000Z,True,False,38,17,W,54,55,18.455
2016,6,400869213,Wyoming,Mountain West,Air Force,Mountain West,Home,2016-10-08T19:30:00.000Z,True,False,35,26,W,28,59,12.865
2016,8,400869229,Wyoming,Mountain West,Nevada,Mountain West,Away,2016-10-23T02:30:00.000Z,True,False,42,34,W,86,112,-114.035
2016,9,400869232,Wyoming,Mountain West,Boise State,Mountain West,Home,2016-10-29T23:00:00.000Z,True,False,30,28,W,14,30,72.571
2016,10,400869239,Wyoming,Mountain West,Utah State,Mountain West,Home,2016-11-06T02:15:00.000Z,True,False,52,28,W,100,96,-69.040
2016,11,400869244,Wyoming,Mountain West,UNLV,Mountain West,Away,2016-11-12T20:30:00.000Z,True,False,66,69,L,98,114,-121.922
2016,12,400869250,Wyoming,Mountain West,San Diego State,Mountain West,Home,2016-11-19T20:30:00.000Z,True,False,34,33,W,10,43,40.867
2016,13,400869254,Wyoming,Mountain West,New Mexico,Mountain West,Away,2016-11-27T03:15:00.000Z,True,False,35,56,L,48,85,-42.484
2016,14,400926949,Wyoming,Mountain West,San Diego State,Mountain West,Home,2016-12-04T00:45:00.000Z,True,False,24,27,L,10,43,40.867
