Season,Week,GameId,Team,Conference,Opponent,OpponentConference,Location,StartDate,Completed,Live,TeamPoints,OpponentPoints,Result,OpponentRk,OpponentAdjRk,OpponentAdjRtg
2017,3,400935352,Air Force,Mountain West,Michigan,Big Ten,Away,2017-09-16T16:00:00.000Z,True,False,13,29,L,34,20,99.132
2017,4,400945259,Air Force,Mountain West,San Diego State,Mountain West,Home,2017-09-23T23:00:00.000Z,True,False,24,28,L,21,56,16.983
2017,5,400945263,Air Force,Mountain West,New Mexico,Mountain West,Away,2017-09-30T23:00:00.000Z,True,False,38,56,L,114,115,-110.763
2017,6,400941815,Air Force,Mountain West,Navy,American Athletic,Away,2017-10-07T19:30:00.000Z,True,False,45,48,L,44,43,42.231
2017,7,400945272,Air Force,Mountain West,UNLV,Mountain West,Home,2017-10-14T18:00:00.000Z,True,False,34,30,W,84,99,-74.363
2017,8,400945278,Air Force,Mountain West,Nevada,Mountain West,Away,2017-10-21T01:30:00.000Z,True,False,45,42,W,91,100,-74.937
2017,9,400945283,Air Force,Mountain West,Colorado State,Mountain West,Away,2017-10-28T19:00:00.000Z,True,False,45,28,W,35,73,-12.518
2017,10,400934569,Air Force,Mountain West,Army,FBS Independents,Home,2017-11-04T19:30:00.000Z,True,False,0,21,L,42,64,6.771
2017,11,400945295,Air Force,Mountain West,Wyoming,Mountain West,Home,2017-11-12T03:15:00.000Z,True,False,14,28,L,50,78,-27.380
2017,12,400945300,Air Force,Mountain West,Boise State,Mountain West,Away,2017-11-19T03:15:00.000Z,True,False,19,44,L,22,37,61.132
2017,13,400945306,Air Force,Mountain West,Utah State,Mountain West,Home,2017-11-26T03:15:00.000Z,True,False,38,35,W,69,89,-48.913
2017,1,400935237,Akron,Mid-American,Penn State,Big Ten,Away,2017-09-02T16:00:00.000Z,True,False,0,52,L,2,7,179.420
2017,1,400953386,Akron,Mid-American,Florida Atlantic,Conference USA,Away,2017-12-20T00:00:00.000Z,True,False,3,50,L,10,34,65.069
2017,3,400934517,Akron,Mid-American,Iowa State,Big 12,Home,2017-09-16T16:00:00.000Z,True,False,14,41,L,27,18,106.690
2017,4,400944818,Akron,Mid-American,Troy,Sun Belt,Away,2017-09-23T22:00:00.000Z,True,False,17,22,L,13,70,-10.253
2017,5,400944904,Akron,Mid-American,Bowling Green,Mid-American,Away,2017-09-30T22:00:00.000Z,True,False,34,23,W,113,114,-110.581
2017,6,400944988,Akron,Mid-American,Ball State,Mid-American,Home,2017-10-07T19:30:00.000Z,True,False,31,3,W,129,129,-201.106
2017,7,400944994,Akron,Mid-American,Western Michigan,Mid-American,Away,2017-10-15T17:00:00.000Z,True,False,14,13,W,54,88,-47.892
2017,8,400944999,Akron,Mid-American,Toledo,Mid-American,Away,2017-10-21T16:00:00.000Z,True,False,21,48,L,29,60,10.918
2017,9,400945007,Akron,Mid-American,Buffalo,Mid-American,Home,2017-10-28T15:30:00.000Z,True,False,21,20,W,63,84,-41.310
2017,11,400945013,Akron,Mid-American,Miami (OH),Mid-American,Away,2017-11-08T00:30:00.000Z,True,False,14,24,L,77,95,-61.243
2017,12,400945020,Akron,Mid-American,Ohio,Mid-American,Home,2017-11-15T00:00:00.000Z,True,False,37,34,W,17,50,24.154
2017,13,400945026,Akron,Mid-American,Kent State,Mid-American,Home,2017-11-22T00:00:00.000Z,True,False,24,14,W,125,123,-165.236
2017,14,400955150,Akron,Mid-American,Toledo,Mid-American,Away,2017-12-02T17:00:00.000Z,True,False,28,45,L,29,60,10.918
2017,1,400933827,Alabama,SEC,Florida State,ACC,Home,2017-09-03T00:00:00.000Z,True,False,24,7,W,60,24,93.337
2017,1,400953413,Alabama,SEC,Clemson,ACC,Away,2018-01-02T02:00:00.000Z,True,False,24,6,W,9,4,196.442
2017,1,400953415,Alabama,SEC,Georgia,SEC,Away,2018-01-09T01:00:00.000Z,True,False,26,23,W,8,1,222.132
2017,2,400933841,Alabama,SEC,Fresno State,Mountain West,Home,2017-09-09T19:30:00.000Z,True,False,41,10,W,49,59,11.164
2017,3,400933854,Alabama,SEC,Colorado State,Mountain West,Home,2017-09-16T23:00:00.000Z,True,False,41,23,W,35,73,-12.518
2017,4,400933871,Alabama,SEC,Vanderbilt,SEC,Away,2017-09-23T19:30:00.000Z,True,False,59,0,W,104,71,-11.347
2017,5,400933872,Alabama,SEC,Ole Miss,SEC,Home,2017-10-01T01:00:00.000Z,True,False,66,3,W,89,55,17.688
2017,6,400933884,Alabama,SEC,Texas A&M,SEC,Away,2017-10-07T23:15:00.000Z,True,False,27,19,W,59,41,48.022
2017,7,400933886,Alabama,SEC,Arkansas,SEC,Home,2017-10-14T23:15:00.000Z,True,False,41,9,W,111,85,-41.891
2017,8,400933893,Alabama,SEC,Tennessee,SEC,Home,2017-10-21T19:30:00.000Z,True,False,45,7,W,109,82,-35.784
2017,10,400933904,Alabama,SEC,LSU,SEC,Home,2017-11-05T00:00:00.000Z,True,False,24,10,W,39,23,94.696
2017,11,400933916,Alabama,SEC,Mississippi State,SEC,Away,2017-11-12T00:00:00.000Z,True,False,31,24,W,25,17,113.691
2017,13,400933932,Alabama,SEC,Auburn,SEC,Away,2017-11-25T20:30:00.000Z,True,False,14,26,L,11,6,182.314
2017,1,400933831,App State,Sun Belt,Georgia,SEC,Away,2017-09-02T22:15:00.000Z,True,False,10,31,L,8,1,222.132
2017,1,400953392,App State,Sun Belt,Toledo,Mid-American,Away,2017-12-24T00:00:00.000Z,True,False,34,0,W,29,60,10.918
2017,3,400944836,App State,Sun Belt,Texas State,Sun Belt,Away,2017-09-16T23:00:00.000Z,True,False,20,13,W,121,128,-187.118
2017,4,400937478,App State,Sun Belt,Wake Forest,ACC,Home,2017-09-23T19:30:00.000Z,True,False,19,20,L,53,26,92.230
2017,6,400944850,App State,Sun Belt,New Mexico State,Sun Belt,Home,2017-10-07T19:30:00.000Z,True,False,45,31,W,70,110,-97.602
2017,7,400944853,App State,Sun Belt,Idaho,Sun Belt,Away,2017-10-14T21:00:00.000Z,True,False,23,20,W,95,113,-110.409
2017,8,400944858,App State,Sun Belt,Coastal Carolina,Sun Belt,Home,2017-10-21T19:30:00.000Z,True,False,37,29,W,97,118,-133.510
2017,9,400938893,App State,Sun Belt,Massachusetts,FBS Independents,Away,2017-10-28T19:30:00.000Z,True,False,27,30,L,81,102,-82.581
2017,10,400944867,App State,Sun Belt,UL Monroe,Sun Belt,Away,2017-11-04T19:00:00.000Z,True,False,45,52,L,93,108,-96.845
2017,11,400944871,App State,Sun Belt,Georgia Southern,Sun Belt,Home,2017-11-10T00:30:00.000Z,True,False,27,6,W,106,121,-144.780
2017,13,400944879,App State,Sun Belt,Georgia State,Sun Belt,Away,2017-11-25T19:00:00.000Z,True,False,31,10,W,92,98,-72.755
2017,14,400944884,App State,Sun Belt,Louisiana,Sun Belt,Home,2017-12-02T19:30:00.000Z,True,False,63,14,W,112,122,-148.473
2017,1,400959398,Arizona,Pac-12,Purdue,Big Ten,Away,2017-12-28T01:30:00.000Z,True,False,35,38,L,46,32,70.042
2017,2,400935258,Arizona,Pac-12,Houston,American Athletic,Home,2017-09-10T02:30:00.000Z,True,False,16,19,L,41,47,31.512
2017,3,400935269,Arizona,Pac-12,UTEP,Conference USA,Away,2017-09-16T02:15:00.000Z,True,False,63,16,W,127,130,-219.634
2017,4,400935277,Arizona,Pac-12,Utah,Pac-12,Home,2017-09-23T02:30:00.000Z,True,False,24,30,L,45,45,37.443
2017,6,400935289,Arizona,Pac-12,Colorado,Pac-12,Away,2017-10-08T00:00:00.000Z,True,False,45,42,W,88,81,-33.937
2017,7,400935295,Arizona,Pac-12,UCLA,Pac-12,Home,2017-10-15T01:00:00.000Z,True,False,47,30,W,86,63,6.787
2017,8,400935300,Arizona,Pac-12,California,Pac-12,Away,2017-10-22T00:00:00.000Z,True,False,45,44,W,76,65,6.722
2017,9,400935305,Arizona,Pac-12,Washington State,Pac-12,Home,2017-10-29T01:30:00.000Z,True,False,58,37,W,61,46,32.612
2017,10,400935311,Arizona,Pac-12,USC,Pac-12,Away,2017-11-05T02:45:00.000Z,True,False,35,49,L,33,22,95.030
2017,11,400935317,Arizona,Pac-12,Oregon State,Pac-12,Home,2017-11-12T03:00:00.000Z,True,False,49,28,W,130,120,-140.010
2017,12,400935321,Arizona,Pac-12,Oregon,Pac-12,Away,2017-11-19T00:00:00.000Z,True,False,28,48,L,56,53,18.811
2017,13,400935328,Arizona,Pac-12,Arizona State,Pac-12,Away,2017-11-25T21:30:00.000Z,True,False,30,42,L,74,54,17.972
2017,1,400935247,Arizona State,Pac-12,New Mexico State,Sun Belt,Home,2017-09-01T02:30:00.000Z,True,False,37,31,W,70,110,-97.602
2017,1,400953417,Arizona State,Pac-12,NC State,ACC,Home,2017-12-29T20:25:00.000Z,True,False,31,52,L,38,16,115.649
2017,2,400935259,Arizona State,Pac-12,San Diego State,Mountain West,Home,2017-09-10T03:00:00.000Z,True,False,20,30,L,21,56,16.983
2017,3,400934512,Arizona State,Pac-12,Texas Tech,Big 12,Away,2017-09-17T00:00:00.000Z,True,False,45,52,L,80,49,25.104
2017,4,400935278,Arizona State,Pac-12,Oregon,Pac-12,Home,2017-09-24T02:00:00.000Z,True,False,37,35,W,56,53,18.811
2017,5,400935285,Arizona State,Pac-12,Stanford,Pac-12,Away,2017-09-30T20:00:00.000Z,True,False,24,34,L,19,29,86.615
2017,7,400935296,Arizona State,Pac-12,Washington,Pac-12,Home,2017-10-15T02:45:00.000Z,True,False,13,7,W,6,11,149.949
2017,8,400935301,Arizona State,Pac-12,Utah,Pac-12,Away,2017-10-21T19:30:00.000Z,True,False,30,10,W,45,45,37.443
2017,9,400935306,Arizona State,Pac-12,USC,Pac-12,Home,2017-10-29T02:45:00.000Z,True,False,17,48,L,33,22,95.030
2017,10,400935312,Arizona State,Pac-12,Colorado,Pac-12,Home,2017-11-05T01:00:00.000Z,True,False,41,30,W,88,81,-33.937
2017,11,400935318,Arizona State,Pac-12,UCLA,Pac-12,Away,2017-11-12T02:30:00.000Z,True,False,37,44,L,86,63,6.787
2017,12,400935322,Arizona State,Pac-12,Oregon State,Pac-12,Away,2017-11-18T20:00:00.000Z,True,False,40,24,W,130,120,-140.010
2017,13,400935328,Arizona State,Pac-12,Arizona,Pac-12,Home,2017-11-25T21:30:00.000Z,True,False,42,30,W,43,51,22.474
2017,2,400933842,Arkansas,SEC,TCU,Big 12,Home,2017-09-09T19:30:00.000Z,True,False,7,28,L,20,13,126.671
2017,4,400933864,Arkansas,SEC,Texas A&M,SEC,Home,2017-09-23T16:00:00.000Z,True,False,43,50,L,59,41,48.022
2017,5,400933873,Arkansas,SEC,New Mexico State,Sun Belt,Home,2017-09-30T16:00:00.000Z,True,False,42,24,W,70,110,-97.602
2017,6,400933883,Arkansas,SEC,South Carolina,SEC,Away,2017-10-07T20:00:00.000Z,True,False,22,48,L,62,36,63.564
2017,7,400933886,Arkansas,SEC,Alabama,SEC,Away,2017-10-14T23:15:00.000Z,True,False,9,41,L,1,2,208.113
2017,8,400933894,Arkansas,SEC,Auburn,SEC,Home,2017-10-21T23:30:00.000Z,True,False,20,52,L,11,6,182.314
2017,9,400933900,Arkansas,SEC,Ole Miss,SEC,Away,2017-10-28T16:00:00.000Z,True,False,38,37,W,89,55,17.688
2017,10,400933905,Arkansas,SEC,Coastal Carolina,Sun Belt,Home,2017-11-04T20:00:00.000Z,True,False,39,38,W,97,118,-133.510
2017,11,400933914,Arkansas,SEC,LSU,SEC,Away,2017-11-11T17:00:00.000Z,True,False,10,33,L,39,23,94.696
2017,12,400933922,Arkansas,SEC,Mississippi State,SEC,Home,2017-11-18T17:00:00.000Z,True,False,21,28,L,25,17,113.691
2017,13,400933931,Arkansas,SEC,Missouri,SEC,Home,2017-11-24T19:30:00.000Z,True,False,45,48,L,52,42,46.653
2017,1,400935235,Arkansas State,Sun Belt,Nebraska,Big Ten,Away,2017-09-03T00:00:00.000Z,True,False,36,43,L,105,72,-11.427
2017,1,400953325,Arkansas State,Sun Belt,Middle Tennessee,Conference USA,Home,2017-12-17T01:00:00.000Z,True,False,30,35,L,64,92,-53.465
2017,4,400941806,Arkansas State,Sun Belt,SMU,American Athletic,Away,2017-09-23T23:00:00.000Z,True,False,21,44,L,78,69,-7.727
2017,6,400944846,Arkansas State,Sun Belt,Georgia Southern,Sun Belt,Away,2017-10-05T00:00:00.000Z,True,False,43,25,W,106,121,-144.780
2017,7,400944854,Arkansas State,Sun Belt,Coastal Carolina,Sun Belt,Home,2017-10-14T23:00:00.000Z,True,False,51,17,W,97,118,-133.510
2017,8,400944857,Arkansas State,Sun Belt,Louisiana,Sun Belt,Home,2017-10-19T23:30:00.000Z,True,False,47,3,W,112,122,-148.473
2017,9,400944862,Arkansas State,Sun Belt,New Mexico State,Sun Belt,Away,2017-10-29T00:00:00.000Z,True,False,37,21,W,70,110,-97.602
2017,11,400944872,Arkansas State,Sun Belt,South Alabama,Sun Belt,Away,2017-11-11T22:00:00.000Z,True,False,19,24,L,107,117,-126.587
2017,12,400944875,Arkansas State,Sun Belt,Texas State,Sun Belt,Home,2017-11-18T20:00:00.000Z,True,False,30,12,W,121,128,-187.118
2017,13,400944880,Arkansas State,Sun Belt,UL Monroe,Sun Belt,Away,2017-11-25T20:00:00.000Z,True,False,67,50,W,93,108,-96.845
2017,14,400944885,Arkansas State,Sun Belt,Troy,Sun Belt,Home,2017-12-03T00:30:00.000Z,True,False,25,32,L,13,70,-10.253
2017,1,400953391,Army,FBS Independents,San Diego State,Mountain West,Home,2017-12-23T20:30:00.000Z,True,False,42,35,W,21,56,16.983
2017,2,400934562,Army,FBS Independents,Buffalo,Mid-American,Home,2017-09-09T16:00:00.000Z,True,False,21,17,W,63,84,-41.310
2017,3,400934563,Army,FBS Independents,Ohio State,Big Ten,Away,2017-09-16T20:30:00.000Z,True,False,7,38,L,4,8,171.373
2017,4,400934561,Army,FBS Independents,Tulane,American Athletic,Away,2017-09-23T16:00:00.000Z,True,False,17,21,L,94,80,-30.631
2017,5,400934566,Army,FBS Independents,UTEP,Conference USA,Home,2017-09-30T19:30:00.000Z,True,False,35,21,W,127,130,-219.634
2017,6,400934564,Army,FBS Independents,Rice,Conference USA,Away,2017-10-07T22:30:00.000Z,True,False,49,12,W,123,125,-181.712
2017,7,400934567,Army,FBS Independents,Eastern Michigan,Mid-American,Home,2017-10-14T16:00:00.000Z,True,False,28,27,W,55,83,-36.265
2017,8,400934568,Army,FBS Independents,Temple,American Athletic,Home,2017-10-21T16:00:00.000Z,True,False,31,28,W,75,62,7.672
2017,10,400934569,Army,FBS Independents,Air Force,Mountain West,Away,2017-11-04T19:30:00.000Z,True,False,21,0,W,99,105,-92.345
2017,11,400934565,Army,FBS Independents,Duke,ACC,Home,2017-11-11T17:00:00.000Z,True,False,21,16,W,58,39,58.410
2017,12,400934571,Army,FBS Independents,North Texas,Conference USA,Away,2017-11-18T23:30:00.000Z,True,False,49,52,L,79,93,-54.495
2017,15,400934572,Army,FBS Independents,Navy,American Athletic,Away,2017-12-09T20:00:00.000Z,True,False,14,13,W,44,43,42.231
2017,1,400933829,Auburn,SEC,Georgia Southern,Sun Belt,Home,2017-09-02T23:30:00.000Z,True,False,41,7,W,106,121,-144.780
2017,1,400953411,Auburn,SEC,UCF,American Athletic,Home,2018-01-01T17:30:00.000Z,True,False,27,34,L,5,10,156.259
2017,2,400933843,Auburn,SEC,Clemson,ACC,Away,2017-09-09T23:00:00.000Z,True,False,6,14,L,9,4,196.442
2017,4,400933868,Auburn,SEC,Missouri,SEC,Away,2017-09-23T23:30:00.000Z,True,False,51,14,W,52,42,46.653
2017,5,400933874,Auburn,SEC,Mississippi State,SEC,Home,2017-09-30T22:00:00.000Z,True,False,49,10,W,25,17,113.691
2017,6,400933880,Auburn,SEC,Ole Miss,SEC,Home,2017-10-07T16:00:00.000Z,True,False,44,23,W,89,55,17.688
2017,7,400933889,Auburn,SEC,LSU,SEC,Away,2017-10-14T19:30:00.000Z,True,False,23,27,L,39,23,94.696
2017,8,400933894,Auburn,SEC,Arkansas,SEC,Away,2017-10-21T23:30:00.000Z,True,False,52,20,W,111,85,-41.891
2017,10,400933911,Auburn,SEC,Texas A&M,SEC,Away,2017-11-04T16:00:00.000Z,True,False,42,27,W,59,41,48.022
2017,11,400933913,Auburn,SEC,Georgia,SEC,Home,2017-11-11T20:30:00.000Z,True,False,40,17,W,8,1,222.132
2017,12,400933923,Auburn,SEC,UL Monroe,Sun Belt,Home,2017-11-18T17:00:00.000Z,True,False,42,14,W,93,108,-96.845
2017,13,400933932,Auburn,SEC,Alabama,SEC,Home,2017-11-25T20:30:00.000Z,True,False,26,14,W,1,2,208.113
2017,14,400955153,Auburn,SEC,Georgia,SEC,Home,2017-12-02T21:00:00.000Z,True,False,7,28,L,8,1,222.132
2017,1,400933833,BYU,FBS Independents,LSU,SEC,Away,2017-09-03T01:30:00.000Z,True,False,0,27,L,39,23,94.696
2017,2,400935263,BYU,FBS Independents,Utah,Pac-12,Home,2017-09-10T02:15:00.000Z,True,False,13,19,L,45,45,37.443
2017,3,400935349,BYU,FBS Independents,Wisconsin,Big Ten,Home,2017-09-16T19:30:00.000Z,True,False,6,40,L,3,3,199.590
2017,5,400945262,BYU,FBS Independents,Utah State,Mountain West,Away,2017-09-30T00:00:00.000Z,True,False,24,40,L,69,89,-48.913
2017,6,400945267,BYU,FBS Independents,Boise State,Mountain West,Home,2017-10-07T02:15:00.000Z,True,False,7,24,L,22,37,61.132
2017,7,400933891,BYU,FBS Independents,Mississippi State,SEC,Away,2017-10-14T16:00:00.000Z,True,False,10,35,L,25,17,113.691
2017,8,400941828,BYU,FBS Independents,East Carolina,American Athletic,Away,2017-10-21T23:00:00.000Z,True,False,17,33,L,124,111,-107.142
2017,9,400945288,BYU,FBS Independents,San José State,Mountain West,Home,2017-10-28T19:00:00.000Z,True,False,41,20,W,126,127,-183.709
2017,10,400945292,BYU,FBS Independents,Fresno State,Mountain West,Away,2017-11-05T02:45:00.000Z,True,False,13,20,L,49,59,11.164
2017,11,400945299,BYU,FBS Independents,UNLV,Mountain West,Away,2017-11-11T03:30:00.000Z,True,False,31,21,W,84,99,-74.363
2017,12,400938895,BYU,FBS Independents,Massachusetts,FBS Independents,Home,2017-11-18T20:00:00.000Z,True,False,10,16,L,81,102,-82.581
2017,13,400945310,BYU,FBS Independents,Hawai'i,Mountain West,Away,2017-11-26T02:00:00.000Z,True,False,30,20,W,117,124,-166.336
2017,1,400935232,Ball State,Mid-American,Illinois,Big Ten,Away,2017-09-02T16:00:00.000Z,True,False,21,24,L,116,101,-78.457
2017,2,400938605,Ball State,Mid-American,UAB,Conference USA,Home,2017-09-09T19:00:00.000Z,True,False,51,31,W,68,104,-85.882
2017,4,400938621,Ball State,Mid-American,Western Kentucky,Conference USA,Away,2017-09-23T23:00:00.000Z,True,False,21,33,L,85,116,-116.708
2017,5,400944905,Ball State,Mid-American,Western Michigan,Mid-American,Away,2017-09-30T23:00:00.000Z,True,False,3,55,L,54,88,-47.892
2017,6,400944988,Ball State,Mid-American,Akron,Mid-American,Away,2017-10-07T19:30:00.000Z,True,False,3,31,L,101,97,-71.352
2017,8,400945001,Ball State,Mid-American,Central Michigan,Mid-American,Home,2017-10-21T19:00:00.000Z,True,False,9,56,L,66,87,-47.072
2017,9,400945006,Ball State,Mid-American,Toledo,Mid-American,Home,2017-10-26T23:00:00.000Z,True,False,17,58,L,29,60,10.918
2017,10,400945011,Ball State,Mid-American,Eastern Michigan,Mid-American,Away,2017-11-02T22:00:00.000Z,True,False,14,56,L,55,83,-36.265
2017,11,400945018,Ball State,Mid-American,Northern Illinois,Mid-American,Away,2017-11-10T00:00:00.000Z,True,False,17,63,L,40,68,-7.586
2017,12,400945024,Ball State,Mid-American,Buffalo,Mid-American,Home,2017-11-17T00:00:00.000Z,True,False,24,40,L,63,84,-41.310
2017,13,400945027,Ball State,Mid-American,Miami (OH),Mid-American,Home,2017-11-22T00:00:00.000Z,True,False,7,28,L,77,95,-61.243
2017,2,400934498,Baylor,Big 12,UTSA,Conference USA,Home,2017-09-10T00:00:00.000Z,True,False,10,17,L,48,94,-61.233
2017,3,400934506,Baylor,Big 12,Duke,ACC,Away,2017-09-16T16:30:00.000Z,True,False,20,34,L,58,39,58.410
2017,4,400934515,Baylor,Big 12,Oklahoma,Big 12,Home,2017-09-23T22:30:00.000Z,True,False,41,49,L,7,5,183.886
2017,5,400934519,Baylor,Big 12,Kansas State,Big 12,Away,2017-09-30T19:30:00.000Z,True,False,20,33,L,37,33,66.233
2017,7,400934526,Baylor,Big 12,Oklahoma State,Big 12,Away,2017-10-14T19:30:00.000Z,True,False,16,59,L,12,12,128.744
2017,8,400934533,Baylor,Big 12,West Virginia,Big 12,Home,2017-10-22T00:00:00.000Z,True,False,36,38,L,65,40,52.725
2017,9,400934538,Baylor,Big 12,Texas,Big 12,Home,2017-10-28T16:00:00.000Z,True,False,7,38,L,28,28,88.687
2017,10,400934541,Baylor,Big 12,Kansas,Big 12,Away,2017-11-04T16:00:00.000Z,True,False,38,9,W,128,107,-96.567
2017,11,400934549,Baylor,Big 12,Texas Tech,Big 12,Home,2017-11-11T17:00:00.000Z,True,False,24,38,L,80,49,25.104
2017,12,400934551,Baylor,Big 12,Iowa State,Big 12,Home,2017-11-18T19:30:00.000Z,True,False,13,23,L,27,18,106.690
2017,13,400934556,Baylor,Big 12,TCU,Big 12,Away,2017-11-24T17:00:00.000Z,True,False,22,45,L,20,13,126.671
2017,1,400944830,Boise State,Mountain West,Troy,Sun Belt,Home,2017-09-02T19:45:00.000Z,True,False,24,13,W,13,70,-10.253
2017,1,400953323,Boise State,Mountain West,Oregon,Pac-12,Away,2017-12-16T20:30:00.000Z,True,False,38,28,W,56,53,18.811
2017,2,400935267,Boise State,Mountain West,Washington State,Pac-12,Away,2017-09-10T02:30:00.000Z,True,False,44,47,L,61,46,32.612
2017,3,400945256,Boise State,Mountain West,New Mexico,Mountain West,Home,2017-09-15T00:00:00.000Z,True,False,28,14,W,114,115,-110.763
2017,4,400945258,Boise State,Mountain West,Virginia,ACC,Home,2017-09-23T00:00:00.000Z,True,False,23,42,L,98,67,-2.549
2017,6,400945267,Boise State,Mountain West,BYU,FBS Independents,Away,2017-10-07T02:15:00.000Z,True,False,24,7,W,102,109,-97.193
2017,7,400945273,Boise State,Mountain West,San Diego State,Mountain West,Away,2017-10-15T02:30:00.000Z,True,False,31,14,W,21,56,16.983
2017,8,400945279,Boise State,Mountain West,Wyoming,Mountain West,Home,2017-10-22T02:15:00.000Z,True,False,24,14,W,50,78,-27.380
2017,9,400945284,Boise State,Mountain West,Utah State,Mountain West,Away,2017-10-29T02:00:00.000Z,True,False,41,14,W,69,89,-48.913
2017,10,400945289,Boise State,Mountain West,Nevada,Mountain West,Home,2017-11-04T23:00:00.000Z,True,False,41,14,W,91,100,-74.937
2017,11,400945296,Boise State,Mountain West,Colorado State,Mountain West,Away,2017-11-12T03:30:00.000Z,True,False,59,52,W,35,73,-12.518
2017,12,400945300,Boise State,Mountain West,Air Force,Mountain West,Home,2017-11-19T03:15:00.000Z,True,False,44,19,W,99,105,-92.345
2017,13,400945307,Boise State,Mountain West,Fresno State,Mountain West,Away,2017-11-25T20:30:00.000Z,True,False,17,28,L,49,59,11.164
2017,14,400955154,Boise State,Mountain West,Fresno State,Mountain West,Home,2017-12-03T00:45:00.000Z,True,False,17,14,W,49,59,11.164
2017,1,400937446,Boston College,ACC,Northern Illinois,Mid-American,Away,2017-09-02T01:30:00.000Z,True,False,23,20,W,40,68,-7.586
2017,1,400953398,Boston College,ACC,Iowa,Big Ten,Home,2017-12-27T22:15:00.000Z,True,False,20,27,L,24,15,121.905
2017,2,400937453,Boston College,ACC,Wake Forest,ACC,Home,2017-09-09T17:00:00.000Z,True,False,10,34,L,53,26,92.230
2017,3,400934574,Boston College,ACC,Notre Dame,FBS Independents,Home,2017-09-16T19:30:00.000Z,True,False,20,49,L,14,9,169.688
2017,4,400937470,Boston College,ACC,Clemson,ACC,Away,2017-09-23T19:30:00.000Z,True,False,7,34,L,9,4,196.442
2017,5,400937480,Boston College,ACC,Central Michigan,Mid-American,Home,2017-09-30T17:00:00.000Z,True,False,28,8,W,66,87,-47.072
2017,6,400937488,Boston College,ACC,Virginia Tech,ACC,Home,2017-10-07T23:15:00.000Z,True,False,10,23,L,16,19,103.132
2017,7,400937494,Boston College,ACC,Louisville,ACC,Away,2017-10-14T16:20:00.000Z,True,False,45,42,W,32,25,92.515
2017,8,400937498,Boston College,ACC,Virginia,ACC,Away,2017-10-21T16:30:00.000Z,True,False,41,10,W,98,67,-2.549
2017,9,400937504,Boston College,ACC,Florida State,ACC,Home,2017-10-28T00:00:00.000Z,True,False,35,3,W,60,24,93.337
2017,11,400937515,Boston College,ACC,NC State,ACC,Home,2017-11-11T17:00:00.000Z,True,False,14,17,L,38,16,115.649
2017,12,400937520,Boston College,ACC,UConn,American Athletic,Away,2017-11-19T00:00:00.000Z,True,False,39,16,W,118,106,-93.970
2017,13,400937531,Boston College,ACC,Syracuse,ACC,Away,2017-11-25T17:20:00.000Z,True,False,42,14,W,100,58,15.182
2017,1,400935234,Bowling Green,Mid-American,Michigan State,Big Ten,Away,2017-09-02T16:00:00.000Z,True,False,10,35,L,47,21,97.809
2017,3,400935355,Bowling Green,Mid-American,Northwestern,Big Ten,Away,2017-09-16T23:30:00.000Z,True,False,7,49,L,26,30,79.056
2017,4,400938617,Bowling Green,Mid-American,Middle Tennessee,Conference USA,Away,2017-09-23T23:00:00.000Z,True,False,13,24,L,64,92,-53.465
2017,5,400944904,Bowling Green,Mid-American,Akron,Mid-American,Home,2017-09-30T22:00:00.000Z,True,False,23,34,L,101,97,-71.352
2017,6,400944989,Bowling Green,Mid-American,Miami (OH),Mid-American,Away,2017-10-07T18:30:00.000Z,True,False,37,29,W,77,95,-61.243
2017,7,400944997,Bowling Green,Mid-American,Ohio,Mid-American,Home,2017-10-14T19:30:00.000Z,True,False,30,48,L,17,50,24.154
2017,8,400945003,Bowling Green,Mid-American,Northern Illinois,Mid-American,Home,2017-10-21T18:00:00.000Z,True,False,17,48,L,40,68,-7.586
2017,10,400945008,Bowling Green,Mid-American,Kent State,Mid-American,Away,2017-11-01T00:00:00.000Z,True,False,44,16,W,125,123,-165.236
2017,11,400945014,Bowling Green,Mid-American,Buffalo,Mid-American,Away,2017-11-08T00:30:00.000Z,True,False,28,38,L,63,84,-41.310
2017,12,400945022,Bowling Green,Mid-American,Toledo,Mid-American,Home,2017-11-16T01:00:00.000Z,True,False,37,66,L,29,60,10.918
2017,13,400945025,Bowling Green,Mid-American,Eastern Michigan,Mid-American,Away,2017-11-22T00:00:00.000Z,True,False,31,34,L,55,83,-36.265
2017,1,400935230,Buffalo,Mid-American,Minnesota,Big Ten,Away,2017-08-31T23:00:00.000Z,True,False,7,17,L,72,52,20.891
2017,2,400934562,Buffalo,Mid-American,Army,FBS Independents,Away,2017-09-09T16:00:00.000Z,True,False,17,21,L,42,64,6.771
2017,4,400938616,Buffalo,Mid-American,Florida Atlantic,Conference USA,Home,2017-09-23T23:00:00.000Z,True,False,34,31,W,10,34,65.069
2017,5,400944986,Buffalo,Mid-American,Kent State,Mid-American,Away,2017-09-30T19:30:00.000Z,True,False,27,13,W,125,123,-165.236
2017,6,400944993,Buffalo,Mid-American,Western Michigan,Mid-American,Home,2017-10-07T19:30:00.000Z,True,False,68,71,L,54,88,-47.892
2017,7,400944996,Buffalo,Mid-American,Northern Illinois,Mid-American,Home,2017-10-14T19:30:00.000Z,True,False,13,14,L,40,68,-7.586
2017,8,400945000,Buffalo,Mid-American,Miami (OH),Mid-American,Away,2017-10-21T18:30:00.000Z,True,False,14,24,L,77,95,-61.243
2017,9,400945007,Buffalo,Mid-American,Akron,Mid-American,Away,2017-10-28T15:30:00.000Z,True,False,20,21,L,101,97,-71.352
2017,11,400945014,Buffalo,Mid-American,Bowling Green,Mid-American,Home,2017-11-08T00:30:00.000Z,True,False,38,28,W,113,114,-110.581
2017,12,400945024,Buffalo,Mid-American,Ball State,Mid-American,Away,2017-11-17T00:00:00.000Z,True,False,40,24,W,129,129,-201.106
2017,13,400945029,Buffalo,Mid-American,Ohio,Mid-American,Home,2017-11-24T18:00:00.000Z,True,False,31,24,W,17,50,24.154
2017,1,400935256,California,Pac-12,North Carolina,ACC,Away,2017-09-02T16:20:00.000Z,True,False,35,30,W,103,75,-15.174
2017,3,400933858,California,Pac-12,Ole Miss,SEC,Home,2017-09-17T02:30:00.000Z,True,False,27,16,W,89,55,17.688
2017,4,400935279,California,Pac-12,USC,Pac-12,Home,2017-09-23T19:30:00.000Z,True,False,20,30,L,33,22,95.030
2017,5,400935287,California,Pac-12,Oregon,Pac-12,Away,2017-10-01T02:30:00.000Z,True,False,24,45,L,56,53,18.811
2017,6,400935293,California,Pac-12,Washington,Pac-12,Away,2017-10-08T02:45:00.000Z,True,False,7,38,L,6,11,149.949
2017,7,400935294,California,Pac-12,Washington State,Pac-12,Home,2017-10-14T02:30:00.000Z,True,False,37,3,W,61,46,32.612
2017,8,400935300,California,Pac-12,Arizona,Pac-12,Home,2017-10-22T00:00:00.000Z,True,False,44,45,L,43,51,22.474
2017,9,400935308,California,Pac-12,Colorado,Pac-12,Away,2017-10-28T18:00:00.000Z,True,False,28,44,L,88,81,-33.937
2017,10,400935314,California,Pac-12,Oregon State,Pac-12,Home,2017-11-04T21:00:00.000Z,True,False,37,23,W,130,120,-140.010
2017,12,400935325,California,Pac-12,Stanford,Pac-12,Away,2017-11-19T01:00:00.000Z,True,False,14,17,L,19,29,86.615
2017,13,400935326,California,Pac-12,UCLA,Pac-12,Away,2017-11-25T03:30:00.000Z,True,False,27,30,L,86,63,6.787
2017,1,400953389,Central Michigan,Mid-American,Wyoming,Mountain West,Away,2017-12-22T21:00:00.000Z,True,False,14,37,L,50,78,-27.380
2017,2,400934500,Central Michigan,Mid-American,Kansas,Big 12,Away,2017-09-09T20:00:00.000Z,True,False,45,27,W,128,107,-96.567
2017,3,400937466,Central Michigan,Mid-American,Syracuse,ACC,Away,2017-09-16T19:30:00.000Z,True,False,17,41,L,100,58,15.182
2017,4,400944901,Central Michigan,Mid-American,Miami (OH),Mid-American,Home,2017-09-23T19:30:00.000Z,True,False,14,31,L,77,95,-61.243
2017,5,400937480,Central Michigan,Mid-American,Boston College,ACC,Away,2017-09-30T17:00:00.000Z,True,False,8,28,L,57,27,91.238
2017,6,400944990,Central Michigan,Mid-American,Ohio,Mid-American,Away,2017-10-07T18:00:00.000Z,True,False,26,23,W,17,50,24.154
2017,7,400944998,Central Michigan,Mid-American,Toledo,Mid-American,Home,2017-10-14T19:30:00.000Z,True,False,10,30,L,29,60,10.918
2017,8,400945001,Central Michigan,Mid-American,Ball State,Mid-American,Away,2017-10-21T19:00:00.000Z,True,False,56,9,W,129,129,-201.106
2017,10,400945010,Central Michigan,Mid-American,Western Michigan,Mid-American,Away,2017-11-02T00:00:00.000Z,True,False,35,28,W,54,88,-47.892
2017,11,400945015,Central Michigan,Mid-American,Eastern Michigan,Mid-American,Home,2017-11-09T01:00:00.000Z,True,False,42,30,W,55,83,-36.265
2017,12,400945019,Central Michigan,Mid-American,Kent State,Mid-American,Away,2017-11-15T00:00:00.000Z,True,False,42,23,W,125,123,-165.236
2017,13,400945028,Central Michigan,Mid-American,Northern Illinois,Mid-American,Home,2017-11-24T17:00:00.000Z,True,False,31,24,W,40,68,-7.586
2017,1,400944891,Charlotte,Conference USA,Eastern Michigan,Mid-American,Away,2017-09-01T22:30:00.000Z,True,False,7,24,L,55,83,-36.265
2017,2,400934501,Charlotte,Conference USA,Kansas State,Big 12,Away,2017-09-09T16:00:00.000Z,True,False,7,55,L,37,33,66.233
2017,4,400938614,Charlotte,Conference USA,Georgia State,Sun Belt,Home,2017-09-23T22:00:00.000Z,True,False,0,28,L,92,98,-72.755
2017,5,400938622,Charlotte,Conference USA,Florida International,Conference USA,Away,2017-09-30T23:00:00.000Z,True,False,29,30,L,83,96,-62.012
2017,6,400938627,Charlotte,Conference USA,Marshall,Conference USA,Home,2017-10-07T22:00:00.000Z,True,False,3,14,L,30,74,-12.619
2017,7,400938632,Charlotte,Conference USA,Western Kentucky,Conference USA,Away,2017-10-14T20:30:00.000Z,True,False,14,45,L,85,116,-116.708
2017,8,400938638,Charlotte,Conference USA,UAB,Conference USA,Home,2017-10-21T22:30:00.000Z,True,False,25,24,W,68,104,-85.882
2017,10,400938649,Charlotte,Conference USA,Old Dominion,Conference USA,Away,2017-11-04T19:30:00.000Z,True,False,0,6,L,110,119,-138.011
2017,11,400938654,Charlotte,Conference USA,Middle Tennessee,Conference USA,Home,2017-11-11T19:00:00.000Z,True,False,21,35,L,64,92,-53.465
2017,12,400938661,Charlotte,Conference USA,Southern Miss,Conference USA,Away,2017-11-18T20:00:00.000Z,True,False,21,66,L,67,103,-82.942
2017,13,400938667,Charlotte,Conference USA,Florida Atlantic,Conference USA,Home,2017-11-25T19:00:00.000Z,True,False,12,31,L,10,34,65.069
2017,2,400935243,Cincinnati,American Athletic,Michigan,Big Ten,Away,2017-09-09T16:00:00.000Z,True,False,14,36,L,34,20,99.132
2017,3,400941801,Cincinnati,American Athletic,Miami (OH),Mid-American,Away,2017-09-17T00:00:00.000Z,True,False,21,17,W,77,95,-61.243
2017,4,400941804,Cincinnati,American Athletic,Navy,American Athletic,Away,2017-09-23T19:30:00.000Z,True,False,32,42,L,44,43,42.231
2017,5,400938625,Cincinnati,American Athletic,Marshall,Conference USA,Home,2017-09-30T23:00:00.000Z,True,False,21,38,L,30,74,-12.619
2017,6,400941816,Cincinnati,American Athletic,UCF,American Athletic,Home,2017-10-08T00:00:00.000Z,True,False,23,51,L,5,10,156.259
2017,7,400941832,Cincinnati,American Athletic,South Florida,American Athletic,Away,2017-10-14T23:30:00.000Z,True,False,3,33,L,15,38,60.486
2017,8,400941826,Cincinnati,American Athletic,SMU,American Athletic,Home,2017-10-21T20:00:00.000Z,True,False,28,31,L,78,69,-7.727
2017,10,400941837,Cincinnati,American Athletic,Tulane,American Athletic,Away,2017-11-04T20:00:00.000Z,True,False,17,16,W,94,80,-30.631
2017,11,400941840,Cincinnati,American Athletic,Temple,American Athletic,Home,2017-11-11T00:00:00.000Z,True,False,24,35,L,75,62,7.672
2017,12,400941845,Cincinnati,American Athletic,East Carolina,American Athletic,Away,2017-11-18T17:00:00.000Z,True,False,20,48,L,124,111,-107.142
2017,13,400941851,Cincinnati,American Athletic,UConn,American Athletic,Home,2017-11-25T17:00:00.000Z,True,False,22,21,W,118,106,-93.970
2017,1,400937447,Clemson,ACC,Kent State,Mid-American,Home,2017-09-02T16:00:00.000Z,True,False,56,3,W,125,123,-165.236
2017,1,400953413,Clemson,ACC,Alabama,SEC,Home,2018-01-02T02:00:00.000Z,True,False,6,24,L,1,2,208.113
2017,2,400933843,Clemson,ACC,Auburn,SEC,Home,2017-09-09T23:00:00.000Z,True,False,14,6,W,11,6,182.314
2017,3,400937461,Clemson,ACC,Louisville,ACC,Away,2017-09-17T00:00:00.000Z,True,False,47,21,W,32,25,92.515
2017,4,400937470,Clemson,ACC,Boston College,ACC,Home,2017-09-23T19:30:00.000Z,True,False,34,7,W,57,27,91.238
2017,5,400937481,Clemson,ACC,Virginia Tech,ACC,Away,2017-10-01T00:00:00.000Z,True,False,31,17,W,16,19,103.132
2017,6,400937489,Clemson,ACC,Wake Forest,ACC,Home,2017-10-07T16:00:00.000Z,True,False,28,14,W,53,26,92.230
2017,7,400937493,Clemson,ACC,Syracuse,ACC,Away,2017-10-13T23:00:00.000Z,True,False,24,27,L,100,58,15.182
2017,9,400937505,Clemson,ACC,Georgia Tech,ACC,Home,2017-10-29T00:00:00.000Z,True,False,24,10,W,71,35,63.790
2017,10,400937510,Clemson,ACC,NC State,ACC,Away,2017-11-04T19:30:00.000Z,True,False,38,31,W,38,16,115.649
2017,11,400937516,Clemson,ACC,Florida State,ACC,Home,2017-11-11T20:30:00.000Z,True,False,31,14,W,60,24,93.337
2017,13,400933937,Clemson,ACC,South Carolina,SEC,Away,2017-11-26T00:30:00.000Z,True,False,34,10,W,62,36,63.564
2017,14,400955155,Clemson,ACC,Miami,ACC,Home,2017-12-03T01:00:00.000Z,True,False,38,3,W,36,14,125.827
2017,1,400938888,Coastal Carolina,Sun Belt,Massachusetts,FBS Independents,Home,2017-09-02T23:00:00.000Z,True,False,38,28,W,81,102,-82.581
2017,3,400938612,Coastal Carolina,Sun Belt,UAB,Conference USA,Away,2017-09-16T17:00:00.000Z,True,False,23,30,L,68,104,-85.882
2017,5,400944844,Coastal Carolina,Sun Belt,UL Monroe,Sun Belt,Away,2017-09-30T23:00:00.000Z,True,False,43,51,L,93,108,-96.845
2017,6,400944847,Coastal Carolina,Sun Belt,Georgia State,Sun Belt,Home,2017-10-07T22:30:00.000Z,True,False,21,27,L,92,98,-72.755
2017,7,400944854,Coastal Carolina,Sun Belt,Arkansas State,Sun Belt,Away,2017-10-14T23:00:00.000Z,True,False,17,51,L,31,86,-44.685
2017,8,400944858,Coastal Carolina,Sun Belt,App State,Sun Belt,Away,2017-10-21T19:30:00.000Z,True,False,29,37,L,23,61,7.763
2017,9,400944863,Coastal Carolina,Sun Belt,Texas State,Sun Belt,Home,2017-10-28T22:00:00.000Z,True,False,7,27,L,121,128,-187.118
2017,10,400933905,Coastal Carolina,Sun Belt,Arkansas,SEC,Away,2017-11-04T20:00:00.000Z,True,False,38,39,L,111,85,-41.891
2017,11,400944874,Coastal Carolina,Sun Belt,Troy,Sun Belt,Home,2017-11-11T21:30:00.000Z,True,False,17,42,L,13,70,-10.253
2017,12,400944876,Coastal Carolina,Sun Belt,Idaho,Sun Belt,Away,2017-11-18T22:00:00.000Z,True,False,13,7,W,95,113,-110.409
2017,14,400944886,Coastal Carolina,Sun Belt,Georgia Southern,Sun Belt,Home,2017-12-02T18:00:00.000Z,True,False,28,17,W,106,121,-144.780
2017,1,400935249,Colorado,Pac-12,Colorado State,Mountain West,Home,2017-09-02T00:00:00.000Z,True,False,17,3,W,35,73,-12.518
2017,2,400935262,Colorado,Pac-12,Texas State,Sun Belt,Home,2017-09-09T18:00:00.000Z,True,False,37,3,W,121,128,-187.118
2017,4,400935281,Colorado,Pac-12,Washington,Pac-12,Home,2017-09-24T02:00:00.000Z,True,False,10,37,L,6,11,149.949
2017,5,400935286,Colorado,Pac-12,UCLA,Pac-12,Away,2017-10-01T02:30:00.000Z,True,False,23,27,L,86,63,6.787
2017,6,400935289,Colorado,Pac-12,Arizona,Pac-12,Home,2017-10-08T00:00:00.000Z,True,False,42,45,L,43,51,22.474
2017,7,400935298,Colorado,Pac-12,Oregon State,Pac-12,Away,2017-10-14T20:00:00.000Z,True,False,36,33,W,130,120,-140.010
2017,8,400935303,Colorado,Pac-12,Washington State,Pac-12,Away,2017-10-22T02:45:00.000Z,True,False,0,28,L,61,46,32.612
2017,9,400935308,Colorado,Pac-12,California,Pac-12,Home,2017-10-28T18:00:00.000Z,True,False,44,28,W,76,65,6.722
2017,10,400935312,Colorado,Pac-12,Arizona State,Pac-12,Away,2017-11-05T01:00:00.000Z,True,False,30,41,L,74,54,17.972
2017,11,400935319,Colorado,Pac-12,USC,Pac-12,Home,2017-11-11T21:00:00.000Z,True,False,24,38,L,33,22,95.030
2017,13,400935329,Colorado,Pac-12,Utah,Pac-12,Away,2017-11-26T03:00:00.000Z,True,False,13,34,L,45,45,37.443
2017,1,400935282,Colorado State,Mountain West,Oregon State,Pac-12,Home,2017-08-26T18:30:00.000Z,True,False,58,27,W,130,120,-140.010
2017,1,400935249,Colorado State,Mountain West,Colorado,Pac-12,Away,2017-09-02T00:00:00.000Z,True,False,3,17,L,88,81,-33.937
2017,1,400953324,Colorado State,Mountain West,Marshall,Conference USA,Home,2017-12-16T21:30:00.000Z,True,False,28,31,L,30,74,-12.619
2017,3,400933854,Colorado State,Mountain West,Alabama,SEC,Away,2017-09-16T23:00:00.000Z,True,False,23,41,L,1,2,208.113
2017,5,400945264,Colorado State,Mountain West,Hawai'i,Mountain West,Away,2017-10-01T03:59:00.000Z,True,False,51,21,W,117,124,-166.336
2017,6,400945268,Colorado State,Mountain West,Utah State,Mountain West,Away,2017-10-07T20:30:00.000Z,True,False,27,14,W,69,89,-48.913
2017,7,400945274,Colorado State,Mountain West,Nevada,Mountain West,Home,2017-10-15T02:26:00.000Z,True,False,44,42,W,91,100,-74.937
2017,8,400945280,Colorado State,Mountain West,New Mexico,Mountain West,Away,2017-10-21T02:15:00.000Z,True,False,27,24,W,114,115,-110.763
2017,9,400945283,Colorado State,Mountain West,Air Force,Mountain West,Home,2017-10-28T19:00:00.000Z,True,False,28,45,L,99,105,-92.345
2017,10,400945290,Colorado State,Mountain West,Wyoming,Mountain West,Away,2017-11-04T23:00:00.000Z,True,False,13,16,L,50,78,-27.380
2017,11,400945296,Colorado State,Mountain West,Boise State,Mountain West,Home,2017-11-12T03:30:00.000Z,True,False,52,59,L,22,37,61.132
2017,12,400945301,Colorado State,Mountain West,San José State,Mountain West,Home,2017-11-18T20:30:00.000Z,True,False,42,14,W,126,127,-183.709
2017,1,400953394,Duke,ACC,Northern Illinois,Mid-American,Away,2017-12-26T22:15:00.000Z,True,False,36,14,W,40,68,-7.586
2017,2,400935240,Duke,ACC,Northwestern,Big Ten,Home,2017-09-09T16:00:00.000Z,True,False,41,17,W,26,30,79.056
2017,3,400934506,Duke,ACC,Baylor,Big 12,Home,2017-09-16T16:30:00.000Z,True,False,34,20,W,108,77,-22.438
2017,4,400937471,Duke,ACC,North Carolina,ACC,Away,2017-09-23T19:30:00.000Z,True,False,27,17,W,103,75,-15.174
2017,5,400937479,Duke,ACC,Miami,ACC,Home,2017-09-29T23:00:00.000Z,True,False,6,31,L,36,14,125.827
2017,6,400937490,Duke,ACC,Virginia,ACC,Away,2017-10-07T16:20:00.000Z,True,False,21,28,L,98,67,-2.549
2017,7,400937495,Duke,ACC,Florida State,ACC,Home,2017-10-14T16:00:00.000Z,True,False,10,17,L,60,24,93.337
2017,8,400937499,Duke,ACC,Pittsburgh,ACC,Home,2017-10-21T16:20:00.000Z,True,False,17,24,L,82,44,38.192
2017,9,400937506,Duke,ACC,Virginia Tech,ACC,Away,2017-10-28T23:20:00.000Z,True,False,3,24,L,16,19,103.132
2017,11,400934565,Duke,ACC,Army,FBS Independents,Away,2017-11-11T17:00:00.000Z,True,False,16,21,L,42,64,6.771
2017,12,400937522,Duke,ACC,Georgia Tech,ACC,Home,2017-11-18T20:30:00.000Z,True,False,43,20,W,71,35,63.790
2017,13,400937532,Duke,ACC,Wake Forest,ACC,Away,2017-11-25T17:30:00.000Z,True,False,31,23,W,53,26,92.230
2017,2,400934505,East Carolina,American Athletic,West Virginia,Big 12,Away,2017-09-09T16:00:00.000Z,True,False,20,56,L,65,40,52.725
2017,3,400937468,East Carolina,American Athletic,Virginia Tech,ACC,Home,2017-09-16T19:30:00.000Z,True,False,17,64,L,16,19,103.132
2017,4,400941838,East Carolina,American Athletic,UConn,American Athletic,Away,2017-09-24T16:00:00.000Z,True,False,41,38,W,118,106,-93.970
2017,5,400941810,East Carolina,American Athletic,South Florida,American Athletic,Home,2017-09-30T16:00:00.000Z,True,False,31,61,L,15,38,60.486
2017,6,400941817,East Carolina,American Athletic,Temple,American Athletic,Home,2017-10-07T16:00:00.000Z,True,False,10,34,L,75,62,7.672
2017,7,400941820,East Carolina,American Athletic,UCF,American Athletic,Away,2017-10-14T23:00:00.000Z,True,False,21,63,L,5,10,156.259
2017,8,400941828,East Carolina,American Athletic,BYU,FBS Independents,Home,2017-10-21T23:00:00.000Z,True,False,33,17,W,102,109,-97.193
2017,10,400941833,East Carolina,American Athletic,Houston,American Athletic,Away,2017-11-04T16:00:00.000Z,True,False,27,52,L,41,47,31.512
2017,11,400941843,East Carolina,American Athletic,Tulane,American Athletic,Home,2017-11-12T00:00:00.000Z,True,False,24,31,L,94,80,-30.631
2017,12,400941845,East Carolina,American Athletic,Cincinnati,American Athletic,Home,2017-11-18T17:00:00.000Z,True,False,48,20,W,115,112,-108.600
2017,13,400941852,East Carolina,American Athletic,Memphis,American Athletic,Away,2017-11-25T17:00:00.000Z,True,False,13,70,L,18,31,77.182
2017,1,400944891,Eastern Michigan,Mid-American,Charlotte,Conference USA,Home,2017-09-01T22:30:00.000Z,True,False,24,7,W,122,126,-183.197
2017,2,400935246,Eastern Michigan,Mid-American,Rutgers,Big Ten,Away,2017-09-09T19:30:00.000Z,True,False,16,13,W,119,91,-51.753
2017,4,400944902,Eastern Michigan,Mid-American,Ohio,Mid-American,Home,2017-09-23T18:00:00.000Z,True,False,20,27,L,17,50,24.154
2017,5,400933876,Eastern Michigan,Mid-American,Kentucky,SEC,Away,2017-09-30T20:00:00.000Z,True,False,20,24,L,87,66,4.283
2017,6,400944991,Eastern Michigan,Mid-American,Toledo,Mid-American,Away,2017-10-07T16:00:00.000Z,True,False,15,20,L,29,60,10.918
2017,7,400934567,Eastern Michigan,Mid-American,Army,FBS Independents,Away,2017-10-14T16:00:00.000Z,True,False,27,28,L,42,64,6.771
2017,8,400945004,Eastern Michigan,Mid-American,Western Michigan,Mid-American,Home,2017-10-21T18:00:00.000Z,True,False,17,20,L,54,88,-47.892
2017,9,400945005,Eastern Michigan,Mid-American,Northern Illinois,Mid-American,Away,2017-10-26T23:00:00.000Z,True,False,27,30,L,40,68,-7.586
2017,10,400945011,Eastern Michigan,Mid-American,Ball State,Mid-American,Home,2017-11-02T22:00:00.000Z,True,False,56,14,W,129,129,-201.106
2017,11,400945015,Eastern Michigan,Mid-American,Central Michigan,Mid-American,Away,2017-11-09T01:00:00.000Z,True,False,30,42,L,66,87,-47.072
2017,12,400945021,Eastern Michigan,Mid-American,Miami (OH),Mid-American,Away,2017-11-16T00:00:00.000Z,True,False,27,24,W,77,95,-61.243
2017,13,400945025,Eastern Michigan,Mid-American,Bowling Green,Mid-American,Home,2017-11-22T00:00:00.000Z,True,False,34,31,W,113,114,-110.581
2017,1,400933830,Florida,SEC,Michigan,Big Ten,Home,2017-09-02T19:30:00.000Z,True,False,17,33,L,34,20,99.132
2017,3,400933856,Florida,SEC,Tennessee,SEC,Home,2017-09-16T19:30:00.000Z,True,False,26,20,W,109,82,-35.784
2017,4,400933866,Florida,SEC,Kentucky,SEC,Away,2017-09-23T23:30:00.000Z,True,False,28,27,W,87,66,4.283
2017,5,400933875,Florida,SEC,Vanderbilt,SEC,Home,2017-09-30T16:00:00.000Z,True,False,38,24,W,104,71,-11.347
2017,6,400933882,Florida,SEC,LSU,SEC,Home,2017-10-07T19:30:00.000Z,True,False,16,17,L,39,23,94.696
2017,7,400933887,Florida,SEC,Texas A&M,SEC,Home,2017-10-14T23:00:00.000Z,True,False,17,19,L,59,41,48.022
2017,9,400933898,Florida,SEC,Georgia,SEC,Home,2017-10-28T19:30:00.000Z,True,False,7,42,L,8,1,222.132
2017,10,400933909,Florida,SEC,Missouri,SEC,Away,2017-11-04T16:00:00.000Z,True,False,16,45,L,52,42,46.653
2017,11,400933918,Florida,SEC,South Carolina,SEC,Away,2017-11-11T17:00:00.000Z,True,False,20,28,L,62,36,63.564
2017,12,400933924,Florida,SEC,UAB,Conference USA,Home,2017-11-18T21:00:00.000Z,True,False,36,7,W,68,104,-85.882
2017,13,400933933,Florida,SEC,Florida State,ACC,Home,2017-11-25T17:00:00.000Z,True,False,22,38,L,60,24,93.337
2017,1,400938592,Florida Atlantic,Conference USA,Navy,American Athletic,Home,2017-09-02T00:00:00.000Z,True,False,19,42,L,44,43,42.231
2017,1,400953386,Florida Atlantic,Conference USA,Akron,Mid-American,Home,2017-12-20T00:00:00.000Z,True,False,50,3,W,101,97,-71.352
2017,2,400935348,Florida Atlantic,Conference USA,Wisconsin,Big Ten,Away,2017-09-09T16:00:00.000Z,True,False,14,31,L,3,3,199.590
2017,4,400938616,Florida Atlantic,Conference USA,Buffalo,Mid-American,Away,2017-09-23T23:00:00.000Z,True,False,31,34,L,63,84,-41.310
2017,5,400938623,Florida Atlantic,Conference USA,Middle Tennessee,Conference USA,Home,2017-09-30T23:00:00.000Z,True,False,38,20,W,64,92,-53.465
2017,6,400938629,Florida Atlantic,Conference USA,Old Dominion,Conference USA,Away,2017-10-07T22:00:00.000Z,True,False,58,28,W,110,119,-138.011
2017,8,400938639,Florida Atlantic,Conference USA,North Texas,Conference USA,Home,2017-10-21T21:00:00.000Z,True,False,69,31,W,79,93,-54.495
2017,9,400938644,Florida Atlantic,Conference USA,Western Kentucky,Conference USA,Away,2017-10-28T20:30:00.000Z,True,False,42,28,W,85,116,-116.708
2017,10,400938675,Florida Atlantic,Conference USA,Marshall,Conference USA,Home,2017-11-03T22:00:00.000Z,True,False,30,25,W,30,74,-12.619
2017,11,400938656,Florida Atlantic,Conference USA,Louisiana Tech,Conference USA,Away,2017-11-11T20:30:00.000Z,True,False,48,23,W,51,79,-28.264
2017,12,400938662,Florida Atlantic,Conference USA,Florida International,Conference USA,Home,2017-11-19T00:00:00.000Z,True,False,52,24,W,83,96,-62.012
2017,13,400938667,Florida Atlantic,Conference USA,Charlotte,Conference USA,Away,2017-11-25T19:00:00.000Z,True,False,31,12,W,122,126,-183.197
2017,14,400955152,Florida Atlantic,Conference USA,North Texas,Conference USA,Home,2017-12-02T17:00:00.000Z,True,False,41,17,W,79,93,-54.495
2017,1,400938591,Florida International,Conference USA,UCF,American Athletic,Away,2017-08-31T22:00:00.000Z,True,False,17,61,L,5,10,156.259
2017,1,400953387,Florida International,Conference USA,Temple,American Athletic,Home,2017-12-22T01:00:00.000Z,True,False,3,28,L,75,62,7.672
2017,4,400938615,Florida International,Conference USA,Rice,Conference USA,Away,2017-09-23T23:30:00.000Z,True,False,13,7,W,123,125,-181.712
2017,5,400938622,Florida International,Conference USA,Charlotte,Conference USA,Home,2017-09-30T23:00:00.000Z,True,False,30,29,W,122,126,-183.197
2017,6,400938628,Florida International,Conference USA,Middle Tennessee,Conference USA,Away,2017-10-07T19:00:00.000Z,True,False,17,37,L,64,92,-53.465
2017,7,400938633,Florida International,Conference USA,Tulane,American Athletic,Home,2017-10-14T23:00:00.000Z,True,False,23,10,W,94,80,-30.631
2017,9,400938643,Florida International,Conference USA,Marshall,Conference USA,Away,2017-10-28T18:30:00.000Z,True,False,41,30,W,30,74,-12.619
2017,10,400938650,Florida International,Conference USA,UTSA,Conference USA,Home,2017-11-04T23:00:00.000Z,True,False,14,7,W,48,94,-61.233
2017,11,400938655,Florida International,Conference USA,Old Dominion,Conference USA,Home,2017-11-12T00:00:00.000Z,True,False,30,37,L,110,119,-138.011
2017,12,400938662,Florida International,Conference USA,Florida Atlantic,Conference USA,Away,2017-11-19T00:00:00.000Z,True,False,24,52,L,10,34,65.069
2017,13,400938668,Florida International,Conference USA,Western Kentucky,Conference USA,Home,2017-11-25T00:00:00.000Z,True,False,41,17,W,85,116,-116.708
2017,14,400985387,Florida International,Conference USA,Massachusetts,FBS Independents,Home,2017-12-02T17:00:00.000Z,True,False,63,45,W,81,102,-82.581
2017,1,400933827,Florida State,ACC,Alabama,SEC,Away,2017-09-03T00:00:00.000Z,True,False,7,24,L,1,2,208.113
2017,1,400953397,Florida State,ACC,Southern Miss,Conference USA,Home,2017-12-27T18:30:00.000Z,True,False,42,13,W,67,103,-82.942
2017,4,400937472,Florida State,ACC,NC State,ACC,Home,2017-09-23T16:00:00.000Z,True,False,21,27,L,38,16,115.649
2017,5,400937482,Florida State,ACC,Wake Forest,ACC,Away,2017-09-30T19:30:00.000Z,True,False,26,19,W,53,26,92.230
2017,6,400981507,Florida State,ACC,Miami,ACC,Home,2017-10-07T19:30:00.000Z,True,False,20,24,L,36,14,125.827
2017,7,400937495,Florida State,ACC,Duke,ACC,Away,2017-10-14T16:00:00.000Z,True,False,17,10,W,58,39,58.410
2017,8,400937500,Florida State,ACC,Louisville,ACC,Home,2017-10-21T16:00:00.000Z,True,False,28,31,L,32,25,92.515
2017,9,400937504,Florida State,ACC,Boston College,ACC,Away,2017-10-28T00:00:00.000Z,True,False,3,35,L,57,27,91.238
2017,10,400937511,Florida State,ACC,Syracuse,ACC,Home,2017-11-04T16:20:00.000Z,True,False,27,24,W,100,58,15.182
2017,11,400937516,Florida State,ACC,Clemson,ACC,Away,2017-11-11T20:30:00.000Z,True,False,14,31,L,9,4,196.442
2017,13,400933933,Florida State,ACC,Florida,SEC,Away,2017-11-25T17:00:00.000Z,True,False,38,22,W,90,57,16.267
2017,14,401000149,Florida State,ACC,UL Monroe,Sun Belt,Home,2017-12-02T17:00:00.000Z,True,False,42,10,W,93,108,-96.845
2017,1,400953393,Fresno State,Mountain West,Houston,American Athletic,Away,2017-12-25T01:30:00.000Z,True,False,33,27,W,41,47,31.512
2017,2,400933841,Fresno State,Mountain West,Alabama,SEC,Away,2017-09-09T19:30:00.000Z,True,False,10,41,L,1,2,208.113
2017,3,400935275,Fresno State,Mountain West,Washington,Pac-12,Away,2017-09-17T01:30:00.000Z,True,False,16,48,L,6,11,149.949
2017,5,400945265,Fresno State,Mountain West,Nevada,Mountain West,Home,2017-10-01T02:00:00.000Z,True,False,41,21,W,91,100,-74.937
2017,6,400945269,Fresno State,Mountain West,San José State,Mountain West,Away,2017-10-07T23:30:00.000Z,True,False,27,10,W,126,127,-183.709
2017,7,400945275,Fresno State,Mountain West,New Mexico,Mountain West,Home,2017-10-15T02:00:00.000Z,True,False,38,0,W,114,115,-110.763
2017,8,400945282,Fresno State,Mountain West,San Diego State,Mountain West,Away,2017-10-22T02:30:00.000Z,True,False,27,3,W,21,56,16.983
2017,9,400945286,Fresno State,Mountain West,UNLV,Mountain West,Home,2017-10-29T02:00:00.000Z,True,False,16,26,L,84,99,-74.363
2017,10,400945292,Fresno State,Mountain West,BYU,FBS Independents,Home,2017-11-05T02:45:00.000Z,True,False,20,13,W,102,109,-97.193
2017,11,400945297,Fresno State,Mountain West,Hawai'i,Mountain West,Away,2017-11-12T04:00:00.000Z,True,False,31,21,W,117,124,-166.336
2017,12,400945304,Fresno State,Mountain West,Wyoming,Mountain West,Away,2017-11-18T19:00:00.000Z,True,False,13,7,W,50,78,-27.380
2017,13,400945307,Fresno State,Mountain West,Boise State,Mountain West,Home,2017-11-25T20:30:00.000Z,True,False,28,17,W,22,37,61.132
2017,14,400955154,Fresno State,Mountain West,Boise State,Mountain West,Away,2017-12-03T00:45:00.000Z,True,False,14,17,L,22,37,61.132
2017,1,400933831,Georgia,SEC,App State,Sun Belt,Home,2017-09-02T22:15:00.000Z,True,False,31,10,W,23,61,7.763
2017,1,400953412,Georgia,SEC,Oklahoma,Big 12,Away,2018-01-01T22:00:00.000Z,True,False,54,48,W,7,5,183.886
2017,1,400953415,Georgia,SEC,Alabama,SEC,Home,2018-01-09T01:00:00.000Z,True,False,23,26,L,1,2,208.113
2017,2,400933845,Georgia,SEC,Notre Dame,FBS Independents,Away,2017-09-09T23:30:00.000Z,True,False,20,19,W,14,9,169.688
2017,4,400933865,Georgia,SEC,Mississippi State,SEC,Home,2017-09-23T23:00:00.000Z,True,False,31,3,W,25,17,113.691
2017,5,400933878,Georgia,SEC,Tennessee,SEC,Away,2017-09-30T19:30:00.000Z,True,False,41,0,W,109,82,-35.784
2017,6,400933885,Georgia,SEC,Vanderbilt,SEC,Away,2017-10-07T16:00:00.000Z,True,False,45,14,W,104,71,-11.347
2017,7,400933888,Georgia,SEC,Missouri,SEC,Home,2017-10-14T23:30:00.000Z,True,False,53,28,W,52,42,46.653
2017,9,400933898,Georgia,SEC,Florida,SEC,Away,2017-10-28T19:30:00.000Z,True,False,42,7,W,90,57,16.267
2017,10,400933906,Georgia,SEC,South Carolina,SEC,Home,2017-11-04T19:30:00.000Z,True,False,24,10,W,62,36,63.564
2017,11,400933913,Georgia,SEC,Auburn,SEC,Away,2017-11-11T20:30:00.000Z,True,False,17,40,L,11,6,182.314
2017,12,400933925,Georgia,SEC,Kentucky,SEC,Home,2017-11-18T20:30:00.000Z,True,False,42,13,W,87,66,4.283
2017,13,400933934,Georgia,SEC,Georgia Tech,ACC,Away,2017-11-25T17:00:00.000Z,True,False,38,7,W,71,35,63.790
2017,14,400955153,Georgia,SEC,Auburn,SEC,Away,2017-12-02T21:00:00.000Z,True,False,28,7,W,11,6,182.314
2017,1,400933829,Georgia Southern,Sun Belt,Auburn,SEC,Away,2017-09-02T23:30:00.000Z,True,False,7,41,L,11,6,182.314
2017,4,400935359,Georgia Southern,Sun Belt,Indiana,Big Ten,Away,2017-09-23T19:30:00.000Z,True,False,17,52,L,73,48,31.213
2017,6,400944846,Georgia Southern,Sun Belt,Arkansas State,Sun Belt,Home,2017-10-05T00:00:00.000Z,True,False,25,43,L,31,86,-44.685
2017,7,400944855,Georgia Southern,Sun Belt,New Mexico State,Sun Belt,Home,2017-10-14T22:00:00.000Z,True,False,27,35,L,70,110,-97.602
2017,8,400938892,Georgia Southern,Sun Belt,Massachusetts,FBS Independents,Away,2017-10-21T19:30:00.000Z,True,False,20,55,L,81,102,-82.581
2017,9,400944864,Georgia Southern,Sun Belt,Troy,Sun Belt,Away,2017-10-28T19:30:00.000Z,True,False,16,38,L,13,70,-10.253
2017,10,400944868,Georgia Southern,Sun Belt,Georgia State,Sun Belt,Home,2017-11-04T19:00:00.000Z,True,False,17,21,L,92,98,-72.755
2017,11,400944871,Georgia Southern,Sun Belt,App State,Sun Belt,Away,2017-11-10T00:30:00.000Z,True,False,6,27,L,23,61,7.763
2017,12,400944877,Georgia Southern,Sun Belt,South Alabama,Sun Belt,Home,2017-11-18T20:00:00.000Z,True,False,52,0,W,107,117,-126.587
2017,13,400944881,Georgia Southern,Sun Belt,Louisiana,Sun Belt,Away,2017-11-25T22:00:00.000Z,True,False,34,24,W,112,122,-148.473
2017,14,400944886,Georgia Southern,Sun Belt,Coastal Carolina,Sun Belt,Away,2017-12-02T18:00:00.000Z,True,False,17,28,L,97,118,-133.510
2017,1,400953409,Georgia State,Sun Belt,Western Kentucky,Conference USA,Home,2017-12-16T19:30:00.000Z,True,False,27,17,W,85,116,-116.708
2017,3,400935356,Georgia State,Sun Belt,Penn State,Big Ten,Away,2017-09-16T23:30:00.000Z,True,False,0,56,L,2,7,179.420
2017,4,400938614,Georgia State,Sun Belt,Charlotte,Conference USA,Away,2017-09-23T22:00:00.000Z,True,False,28,0,W,122,126,-183.197
2017,6,400944847,Georgia State,Sun Belt,Coastal Carolina,Sun Belt,Away,2017-10-07T22:30:00.000Z,True,False,27,21,W,97,118,-133.510
2017,7,400944856,Georgia State,Sun Belt,UL Monroe,Sun Belt,Away,2017-10-14T21:00:00.000Z,True,False,47,37,W,93,108,-96.845
2017,8,400944860,Georgia State,Sun Belt,Troy,Sun Belt,Home,2017-10-21T18:00:00.000Z,True,False,10,34,L,13,70,-10.253
2017,9,400944861,Georgia State,Sun Belt,South Alabama,Sun Belt,Home,2017-10-26T23:30:00.000Z,True,False,21,13,W,107,117,-126.587
2017,10,400944868,Georgia State,Sun Belt,Georgia Southern,Sun Belt,Away,2017-11-04T19:00:00.000Z,True,False,21,17,W,106,121,-144.780
2017,11,400944873,Georgia State,Sun Belt,Texas State,Sun Belt,Away,2017-11-11T21:00:00.000Z,True,False,33,30,W,121,128,-187.118
2017,13,400944879,Georgia State,Sun Belt,App State,Sun Belt,Home,2017-11-25T19:00:00.000Z,True,False,10,31,L,23,61,7.763
2017,14,400944887,Georgia State,Sun Belt,Idaho,Sun Belt,Home,2017-12-02T19:00:00.000Z,True,False,10,24,L,95,113,-110.409
2017,1,400933840,Georgia Tech,ACC,Tennessee,SEC,Home,2017-09-05T00:00:00.000Z,True,False,41,42,L,109,82,-35.784
2017,4,400937473,Georgia Tech,ACC,Pittsburgh,ACC,Home,2017-09-23T16:20:00.000Z,True,False,35,17,W,82,44,38.192
2017,5,400937483,Georgia Tech,ACC,North Carolina,ACC,Home,2017-09-30T16:00:00.000Z,True,False,33,7,W,103,75,-15.174
2017,7,400981508,Georgia Tech,ACC,Miami,ACC,Away,2017-10-14T19:30:00.000Z,True,False,24,25,L,36,14,125.827
2017,8,400937501,Georgia Tech,ACC,Wake Forest,ACC,Home,2017-10-21T23:30:00.000Z,True,False,38,24,W,53,26,92.230
2017,9,400937505,Georgia Tech,ACC,Clemson,ACC,Away,2017-10-29T00:00:00.000Z,True,False,10,24,L,9,4,196.442
2017,10,400937512,Georgia Tech,ACC,Virginia,ACC,Away,2017-11-04T19:00:00.000Z,True,False,36,40,L,98,67,-2.549
2017,11,400937517,Georgia Tech,ACC,Virginia Tech,ACC,Home,2017-11-11T17:20:00.000Z,True,False,28,22,W,16,19,103.132
2017,12,400937522,Georgia Tech,ACC,Duke,ACC,Away,2017-11-18T20:30:00.000Z,True,False,20,43,L,58,39,58.410
2017,13,400933934,Georgia Tech,ACC,Georgia,SEC,Home,2017-11-25T17:00:00.000Z,True,False,7,38,L,8,1,222.132
2017,1,400938887,Hawai'i,Mountain West,Massachusetts,FBS Independents,Away,2017-08-26T22:00:00.000Z,True,False,38,35,W,81,102,-82.581
2017,2,400935261,Hawai'i,Mountain West,UCLA,Pac-12,Away,2017-09-09T21:00:00.000Z,True,False,23,56,L,86,63,6.787
2017,4,400945261,Hawai'i,Mountain West,Wyoming,Mountain West,Away,2017-09-24T02:15:00.000Z,True,False,21,28,L,50,78,-27.380
2017,5,400945264,Hawai'i,Mountain West,Colorado State,Mountain West,Home,2017-10-01T03:59:00.000Z,True,False,21,51,L,35,73,-12.518
2017,6,400945270,Hawai'i,Mountain West,Nevada,Mountain West,Away,2017-10-08T02:30:00.000Z,True,False,21,35,L,91,100,-74.937
2017,7,400945277,Hawai'i,Mountain West,San José State,Mountain West,Home,2017-10-15T03:59:00.000Z,True,False,37,26,W,126,127,-183.709
2017,9,400945287,Hawai'i,Mountain West,San Diego State,Mountain West,Home,2017-10-29T03:15:00.000Z,True,False,7,28,L,21,56,16.983
2017,10,400945293,Hawai'i,Mountain West,UNLV,Mountain West,Away,2017-11-04T22:00:00.000Z,True,False,23,31,L,84,99,-74.363
2017,11,400945297,Hawai'i,Mountain West,Fresno State,Mountain West,Home,2017-11-12T04:00:00.000Z,True,False,21,31,L,49,59,11.164
2017,12,400945303,Hawai'i,Mountain West,Utah State,Mountain West,Away,2017-11-18T20:00:00.000Z,True,False,0,38,L,69,89,-48.913
2017,13,400945310,Hawai'i,Mountain West,BYU,FBS Independents,Home,2017-11-26T02:00:00.000Z,True,False,20,30,L,102,109,-97.193
2017,1,400953393,Houston,American Athletic,Fresno State,Mountain West,Home,2017-12-25T01:30:00.000Z,True,False,27,33,L,49,59,11.164
2017,2,400935258,Houston,American Athletic,Arizona,Pac-12,Away,2017-09-10T02:30:00.000Z,True,False,19,16,W,43,51,22.474
2017,3,400938610,Houston,American Athletic,Rice,Conference USA,Home,2017-09-17T00:00:00.000Z,True,False,38,3,W,123,125,-181.712
2017,4,400934518,Houston,American Athletic,Texas Tech,Big 12,Home,2017-09-23T16:00:00.000Z,True,False,24,27,L,80,49,25.104
2017,5,400941811,Houston,American Athletic,Temple,American Athletic,Away,2017-09-30T16:00:00.000Z,True,False,20,13,W,75,62,7.672
2017,6,400941818,Houston,American Athletic,SMU,American Athletic,Home,2017-10-07T23:00:00.000Z,True,False,35,22,W,78,69,-7.727
2017,7,400941822,Houston,American Athletic,Tulsa,American Athletic,Away,2017-10-14T20:00:00.000Z,True,False,17,45,L,96,90,-50.842
2017,8,400941824,Houston,American Athletic,Memphis,American Athletic,Home,2017-10-20T00:00:00.000Z,True,False,38,42,L,18,31,77.182
2017,9,400941839,Houston,American Athletic,South Florida,American Athletic,Away,2017-10-28T19:45:00.000Z,True,False,28,24,W,15,38,60.486
2017,10,400941833,Houston,American Athletic,East Carolina,American Athletic,Home,2017-11-04T16:00:00.000Z,True,False,52,27,W,124,111,-107.142
2017,12,400941846,Houston,American Athletic,Tulane,American Athletic,Away,2017-11-18T21:00:00.000Z,True,False,17,20,L,94,80,-30.631
2017,13,400941850,Houston,American Athletic,Navy,American Athletic,Home,2017-11-24T17:00:00.000Z,True,False,24,14,W,44,43,42.231
2017,2,400944833,Idaho,Sun Belt,UNLV,Mountain West,Home,2017-09-09T23:00:00.000Z,True,False,16,44,L,84,99,-74.363
2017,3,400944839,Idaho,Sun Belt,Western Michigan,Mid-American,Away,2017-09-16T23:00:00.000Z,True,False,28,37,L,54,88,-47.892
2017,4,400944841,Idaho,Sun Belt,South Alabama,Sun Belt,Away,2017-09-23T18:00:00.000Z,True,False,29,23,W,107,117,-126.587
2017,6,400944848,Idaho,Sun Belt,Louisiana,Sun Belt,Home,2017-10-07T21:00:00.000Z,True,False,16,21,L,112,122,-148.473
2017,7,400944853,Idaho,Sun Belt,App State,Sun Belt,Home,2017-10-14T21:00:00.000Z,True,False,20,23,L,23,61,7.763
2017,8,400933897,Idaho,Sun Belt,Missouri,SEC,Away,2017-10-21T16:00:00.000Z,True,False,21,68,L,52,42,46.653
2017,9,400944865,Idaho,Sun Belt,UL Monroe,Sun Belt,Home,2017-10-28T21:00:00.000Z,True,False,31,23,W,93,108,-96.845
2017,10,400944866,Idaho,Sun Belt,Troy,Sun Belt,Away,2017-11-03T01:15:00.000Z,True,False,21,24,L,13,70,-10.253
2017,12,400944876,Idaho,Sun Belt,Coastal Carolina,Sun Belt,Home,2017-11-18T22:00:00.000Z,True,False,7,13,L,97,118,-133.510
2017,13,400944882,Idaho,Sun Belt,New Mexico State,Sun Belt,Away,2017-11-25T21:00:00.000Z,True,False,10,17,L,70,110,-97.602
2017,14,400944887,Idaho,Sun Belt,Georgia State,Sun Belt,Away,2017-12-02T19:00:00.000Z,True,False,24,10,W,92,98,-72.755
2017,1,400935232,Illinois,Big Ten,Ball State,Mid-American,Home,2017-09-02T16:00:00.000Z,True,False,24,21,W,129,129,-201.106
2017,2,400935241,Illinois,Big Ten,Western Kentucky,Conference USA,Home,2017-09-10T00:00:00.000Z,True,False,20,7,W,85,116,-116.708
2017,3,400941799,Illinois,Big Ten,South Florida,American Athletic,Away,2017-09-15T23:00:00.000Z,True,False,23,47,L,15,38,60.486
2017,5,400935365,Illinois,Big Ten,Nebraska,Big Ten,Home,2017-09-30T00:00:00.000Z,True,False,6,28,L,105,72,-11.427
2017,6,400935371,Illinois,Big Ten,Iowa,Big Ten,Away,2017-10-07T16:00:00.000Z,True,False,16,45,L,24,15,121.905
2017,7,400935378,Illinois,Big Ten,Rutgers,Big Ten,Home,2017-10-14T16:00:00.000Z,True,False,24,35,L,119,91,-51.753
2017,8,400935384,Illinois,Big Ten,Minnesota,Big Ten,Away,2017-10-21T19:30:00.000Z,True,False,17,24,L,72,52,20.891
2017,9,400935390,Illinois,Big Ten,Wisconsin,Big Ten,Home,2017-10-28T16:00:00.000Z,True,False,10,24,L,3,3,199.590
2017,10,400935401,Illinois,Big Ten,Purdue,Big Ten,Away,2017-11-04T16:00:00.000Z,True,False,10,29,L,46,32,70.042
2017,11,400935403,Illinois,Big Ten,Indiana,Big Ten,Home,2017-11-11T17:00:00.000Z,True,False,14,24,L,73,48,31.213
2017,12,400935414,Illinois,Big Ten,Ohio State,Big Ten,Away,2017-11-18T20:30:00.000Z,True,False,14,52,L,4,8,171.373
2017,13,400935418,Illinois,Big Ten,Northwestern,Big Ten,Home,2017-11-25T21:00:00.000Z,True,False,7,42,L,26,30,79.056
2017,1,400935229,Indiana,Big Ten,Ohio State,Big Ten,Home,2017-09-01T00:00:00.000Z,True,False,21,49,L,4,8,171.373
2017,2,400935347,Indiana,Big Ten,Virginia,ACC,Away,2017-09-09T19:30:00.000Z,True,False,34,17,W,98,67,-2.549
2017,4,400935359,Indiana,Big Ten,Georgia Southern,Sun Belt,Home,2017-09-23T19:30:00.000Z,True,False,52,17,W,106,121,-144.780
2017,5,400935368,Indiana,Big Ten,Penn State,Big Ten,Away,2017-09-30T19:30:00.000Z,True,False,14,45,L,2,7,179.420
2017,7,400935379,Indiana,Big Ten,Michigan,Big Ten,Home,2017-10-14T16:00:00.000Z,True,False,20,27,L,34,20,99.132
2017,8,400935383,Indiana,Big Ten,Michigan State,Big Ten,Away,2017-10-21T19:30:00.000Z,True,False,9,17,L,47,21,97.809
2017,9,400935392,Indiana,Big Ten,Maryland,Big Ten,Away,2017-10-28T19:30:00.000Z,True,False,39,42,L,120,76,-21.820
2017,10,400935396,Indiana,Big Ten,Wisconsin,Big Ten,Home,2017-11-04T16:00:00.000Z,True,False,17,45,L,3,3,199.590
2017,11,400935403,Indiana,Big Ten,Illinois,Big Ten,Away,2017-11-11T17:00:00.000Z,True,False,24,14,W,116,101,-78.457
2017,12,400935410,Indiana,Big Ten,Rutgers,Big Ten,Home,2017-11-18T17:00:00.000Z,True,False,41,0,W,119,91,-51.753
2017,13,400935422,Indiana,Big Ten,Purdue,Big Ten,Away,2017-11-25T17:00:00.000Z,True,False,24,31,L,46,32,70.042
2017,1,400935233,Iowa,Big Ten,Wyoming,Mountain West,Home,2017-09-02T16:00:00.000Z,True,False,24,3,W,50,78,-27.380
2017,1,400953398,Iowa,Big Ten,Boston College,ACC,Away,2017-12-27T22:15:00.000Z,True,False,27,20,W,57,27,91.238
2017,2,400934499,Iowa,Big Ten,Iowa State,Big 12,Away,2017-09-09T16:00:00.000Z,True,False,44,41,W,27,18,106.690
2017,3,400935351,Iowa,Big Ten,North Texas,Conference USA,Home,2017-09-16T19:30:00.000Z,True,False,31,14,W,79,93,-54.495
2017,4,400935360,Iowa,Big Ten,Penn State,Big Ten,Home,2017-09-23T23:30:00.000Z,True,False,19,21,L,2,7,179.420
2017,5,400935366,Iowa,Big Ten,Michigan State,Big Ten,Away,2017-09-30T20:00:00.000Z,True,False,10,17,L,47,21,97.809
2017,6,400935371,Iowa,Big Ten,Illinois,Big Ten,Home,2017-10-07T16:00:00.000Z,True,False,45,16,W,116,101,-78.457
2017,8,400935385,Iowa,Big Ten,Northwestern,Big Ten,Away,2017-10-21T16:00:00.000Z,True,False,10,17,L,26,30,79.056
2017,9,400935391,Iowa,Big Ten,Minnesota,Big Ten,Home,2017-10-28T22:30:00.000Z,True,False,17,10,W,72,52,20.891
2017,10,400935397,Iowa,Big Ten,Ohio State,Big Ten,Home,2017-11-04T19:30:00.000Z,True,False,55,24,W,4,8,171.373
2017,11,400935409,Iowa,Big Ten,Wisconsin,Big Ten,Away,2017-11-11T20:30:00.000Z,True,False,14,38,L,3,3,199.590
2017,12,400935411,Iowa,Big Ten,Purdue,Big Ten,Home,2017-11-18T20:30:00.000Z,True,False,15,24,L,46,32,70.042
2017,13,400935417,Iowa,Big Ten,Nebraska,Big Ten,Away,2017-11-24T21:00:00.000Z,True,False,56,14,W,105,72,-11.427
2017,1,400953406,Iowa State,Big 12,Memphis,American Athletic,Away,2017-12-30T17:30:00.000Z,True,False,21,20,W,18,31,77.182
2017,2,400934499,Iowa State,Big 12,Iowa,Big Ten,Home,2017-09-09T16:00:00.000Z,True,False,41,44,L,24,15,121.905
2017,3,400934517,Iowa State,Big 12,Akron,Mid-American,Away,2017-09-16T16:00:00.000Z,True,False,41,14,W,101,97,-71.352
2017,5,400934521,Iowa State,Big 12,Texas,Big 12,Home,2017-09-29T00:00:00.000Z,True,False,7,17,L,28,28,88.687
2017,6,400934523,Iowa State,Big 12,Oklahoma,Big 12,Away,2017-10-07T16:00:00.000Z,True,False,38,31,W,7,5,183.886
2017,7,400934527,Iowa State,Big 12,Kansas,Big 12,Home,2017-10-14T16:00:00.000Z,True,False,45,0,W,128,107,-96.567
2017,8,400934531,Iowa State,Big 12,Texas Tech,Big 12,Away,2017-10-21T16:00:00.000Z,True,False,31,13,W,80,49,25.104
2017,9,400934540,Iowa State,Big 12,TCU,Big 12,Home,2017-10-28T19:30:00.000Z,True,False,14,7,W,20,13,126.671
2017,10,400934542,Iowa State,Big 12,West Virginia,Big 12,Away,2017-11-04T19:30:00.000Z,True,False,16,20,L,65,40,52.725
2017,11,400934548,Iowa State,Big 12,Oklahoma State,Big 12,Home,2017-11-11T17:00:00.000Z,True,False,42,49,L,12,12,128.744
2017,12,400934551,Iowa State,Big 12,Baylor,Big 12,Away,2017-11-18T19:30:00.000Z,True,False,23,13,W,108,77,-22.438
2017,13,400934558,Iowa State,Big 12,Kansas State,Big 12,Away,2017-11-25T20:30:00.000Z,True,False,19,20,L,37,33,66.233
2017,2,400934500,Kansas,Big 12,Central Michigan,Mid-American,Home,2017-09-09T20:00:00.000Z,True,False,27,45,L,66,87,-47.072
2017,3,400934507,Kansas,Big 12,Ohio,Mid-American,Away,2017-09-16T16:00:00.000Z,True,False,30,42,L,17,50,24.154
2017,4,400934514,Kansas,Big 12,West Virginia,Big 12,Home,2017-09-23T16:00:00.000Z,True,False,34,56,L,65,40,52.725
2017,6,400934525,Kansas,Big 12,Texas Tech,Big 12,Home,2017-10-07T16:00:00.000Z,True,False,19,65,L,80,49,25.104
2017,7,400934527,Kansas,Big 12,Iowa State,Big 12,Away,2017-10-14T16:00:00.000Z,True,False,0,45,L,27,18,106.690
2017,8,400934532,Kansas,Big 12,TCU,Big 12,Away,2017-10-22T00:00:00.000Z,True,False,0,43,L,20,13,126.671
2017,9,400934536,Kansas,Big 12,Kansas State,Big 12,Home,2017-10-28T19:00:00.000Z,True,False,20,30,L,37,33,66.233
2017,10,400934541,Kansas,Big 12,Baylor,Big 12,Home,2017-11-04T16:00:00.000Z,True,False,9,38,L,108,77,-22.438
2017,11,400934546,Kansas,Big 12,Texas,Big 12,Away,2017-11-11T23:00:00.000Z,True,False,27,42,L,28,28,88.687
2017,12,400934553,Kansas,Big 12,Oklahoma,Big 12,Home,2017-11-18T20:30:00.000Z,True,False,3,41,L,7,5,183.886
2017,13,400934559,Kansas,Big 12,Oklahoma State,Big 12,Away,2017-11-25T17:00:00.000Z,True,False,17,58,L,12,12,128.744
2017,1,400953396,Kansas State,Big 12,UCLA,Pac-12,Away,2017-12-27T02:00:00.000Z,True,False,35,17,W,86,63,6.787
2017,2,400934501,Kansas State,Big 12,Charlotte,Conference USA,Home,2017-09-09T16:00:00.000Z,True,False,55,7,W,122,126,-183.197
2017,3,400933863,Kansas State,Big 12,Vanderbilt,SEC,Away,2017-09-16T23:30:00.000Z,True,False,7,14,L,104,71,-11.347
2017,5,400934519,Kansas State,Big 12,Baylor,Big 12,Home,2017-09-30T19:30:00.000Z,True,False,33,20,W,108,77,-22.438
2017,6,400934524,Kansas State,Big 12,Texas,Big 12,Away,2017-10-07T23:00:00.000Z,True,False,34,40,L,28,28,88.687
2017,7,400934530,Kansas State,Big 12,TCU,Big 12,Home,2017-10-14T19:00:00.000Z,True,False,6,26,L,20,13,126.671
2017,8,400934534,Kansas State,Big 12,Oklahoma,Big 12,Home,2017-10-21T20:35:00.000Z,True,False,35,42,L,7,5,183.886
2017,9,400934536,Kansas State,Big 12,Kansas,Big 12,Away,2017-10-28T19:00:00.000Z,True,False,30,20,W,128,107,-96.567
2017,10,400934543,Kansas State,Big 12,Texas Tech,Big 12,Away,2017-11-04T16:00:00.000Z,True,False,42,35,W,80,49,25.104
2017,11,400934547,Kansas State,Big 12,West Virginia,Big 12,Home,2017-11-11T20:30:00.000Z,True,False,23,28,L,65,40,52.725
2017,12,400934552,Kansas State,Big 12,Oklahoma State,Big 12,Away,2017-11-18T20:30:00.000Z,True,False,45,40,W,12,12,128.744
2017,13,400934558,Kansas State,Big 12,Iowa State,Big 12,Home,2017-11-25T20:30:00.000Z,True,False,20,19,W,27,18,106.690
2017,1,400937447,Kent State,Mid-American,Clemson,ACC,Away,2017-09-02T16:00:00.000Z,True,False,3,56,L,9,4,196.442
2017,3,400938609,Kent State,Mid-American,Marshall,Conference USA,Away,2017-09-16T22:30:00.000Z,True,False,0,21,L,30,74,-12.619
2017,4,400937474,Kent State,Mid-American,Louisville,ACC,Away,2017-09-23T16:00:00.000Z,True,False,3,42,L,32,25,92.515
2017,5,400944986,Kent State,Mid-American,Buffalo,Mid-American,Home,2017-09-30T19:30:00.000Z,True,False,13,27,L,63,84,-41.310
2017,6,400944992,Kent State,Mid-American,Northern Illinois,Mid-American,Away,2017-10-07T19:30:00.000Z,True,False,3,24,L,40,68,-7.586
2017,7,400944995,Kent State,Mid-American,Miami (OH),Mid-American,Home,2017-10-14T19:30:00.000Z,True,False,17,14,W,77,95,-61.243
2017,8,400945002,Kent State,Mid-American,Ohio,Mid-American,Away,2017-10-21T18:00:00.000Z,True,False,3,48,L,17,50,24.154
2017,10,400945008,Kent State,Mid-American,Bowling Green,Mid-American,Home,2017-11-01T00:00:00.000Z,True,False,16,44,L,113,114,-110.581
2017,11,400945016,Kent State,Mid-American,Western Michigan,Mid-American,Away,2017-11-09T00:00:00.000Z,True,False,20,48,L,54,88,-47.892
2017,12,400945019,Kent State,Mid-American,Central Michigan,Mid-American,Home,2017-11-15T00:00:00.000Z,True,False,23,42,L,66,87,-47.072
2017,13,400945026,Kent State,Mid-American,Akron,Mid-American,Away,2017-11-22T00:00:00.000Z,True,False,14,24,L,101,97,-71.352
2017,1,400933832,Kentucky,SEC,Southern Miss,Conference USA,Away,2017-09-02T20:00:00.000Z,True,False,24,17,W,67,103,-82.942
2017,1,400953403,Kentucky,SEC,Northwestern,Big Ten,Away,2017-12-29T21:30:00.000Z,True,False,23,24,L,26,30,79.056
2017,3,400933861,Kentucky,SEC,South Carolina,SEC,Away,2017-09-16T23:30:00.000Z,True,False,23,13,W,62,36,63.564
2017,4,400933866,Kentucky,SEC,Florida,SEC,Home,2017-09-23T23:30:00.000Z,True,False,27,28,L,90,57,16.267
2017,5,400933876,Kentucky,SEC,Eastern Michigan,Mid-American,Home,2017-09-30T20:00:00.000Z,True,False,24,20,W,55,83,-36.265
2017,6,400933881,Kentucky,SEC,Missouri,SEC,Home,2017-10-07T23:30:00.000Z,True,False,40,34,W,52,42,46.653
2017,8,400933896,Kentucky,SEC,Mississippi State,SEC,Away,2017-10-21T20:00:00.000Z,True,False,7,45,L,25,17,113.691
2017,9,400933899,Kentucky,SEC,Tennessee,SEC,Home,2017-10-28T23:30:00.000Z,True,False,29,26,W,109,82,-35.784
2017,10,400933907,Kentucky,SEC,Ole Miss,SEC,Home,2017-11-04T20:00:00.000Z,True,False,34,37,L,89,55,17.688
2017,11,400933920,Kentucky,SEC,Vanderbilt,SEC,Away,2017-11-11T21:00:00.000Z,True,False,44,21,W,104,71,-11.347
2017,12,400933925,Kentucky,SEC,Georgia,SEC,Away,2017-11-18T20:30:00.000Z,True,False,13,42,L,8,1,222.132
2017,13,400933935,Kentucky,SEC,Louisville,ACC,Home,2017-11-25T17:00:00.000Z,True,False,17,44,L,32,25,92.515
2017,1,400933833,LSU,SEC,BYU,FBS Independents,Home,2017-09-03T01:30:00.000Z,True,False,27,0,W,102,109,-97.193
2017,1,400953414,LSU,SEC,Notre Dame,FBS Independents,Home,2018-01-01T18:00:00.000Z,True,False,17,21,L,14,9,169.688
2017,3,400933859,LSU,SEC,Mississippi State,SEC,Away,2017-09-16T23:00:00.000Z,True,False,7,37,L,25,17,113.691
2017,4,400933867,LSU,SEC,Syracuse,ACC,Home,2017-09-23T23:00:00.000Z,True,False,35,26,W,100,58,15.182
2017,5,400933877,LSU,SEC,Troy,Sun Belt,Home,2017-09-30T23:00:00.000Z,True,False,21,24,L,13,70,-10.253
2017,6,400933882,LSU,SEC,Florida,SEC,Away,2017-10-07T19:30:00.000Z,True,False,17,16,W,90,57,16.267
2017,7,400933889,LSU,SEC,Auburn,SEC,Home,2017-10-14T19:30:00.000Z,True,False,27,23,W,11,6,182.314
2017,8,400933895,LSU,SEC,Ole Miss,SEC,Away,2017-10-21T23:15:00.000Z,True,False,40,24,W,89,55,17.688
2017,10,400933904,LSU,SEC,Alabama,SEC,Away,2017-11-05T00:00:00.000Z,True,False,10,24,L,1,2,208.113
2017,11,400933914,LSU,SEC,Arkansas,SEC,Home,2017-11-11T17:00:00.000Z,True,False,33,10,W,111,85,-41.891
2017,12,400933928,LSU,SEC,Tennessee,SEC,Away,2017-11-19T00:00:00.000Z,True,False,30,10,W,109,82,-35.784
2017,13,400933936,LSU,SEC,Texas A&M,SEC,Home,2017-11-26T00:30:00.000Z,True,False,45,21,W,59,41,48.022
2017,2,400941798,Louisiana,Sun Belt,Tulsa,American Athletic,Away,2017-09-09T20:00:00.000Z,True,False,42,66,L,96,90,-50.842
2017,3,400933862,Louisiana,Sun Belt,Texas A&M,SEC,Away,2017-09-16T16:00:00.000Z,True,False,21,45,L,59,41,48.022
2017,4,400944842,Louisiana,Sun Belt,UL Monroe,Sun Belt,Home,2017-09-23T21:00:00.000Z,True,False,50,56,L,93,108,-96.845
2017,6,400944848,Louisiana,Sun Belt,Idaho,Sun Belt,Away,2017-10-07T21:00:00.000Z,True,False,21,16,W,95,113,-110.409
2017,7,400944852,Louisiana,Sun Belt,Texas State,Sun Belt,Home,2017-10-12T23:30:00.000Z,True,False,24,7,W,121,128,-187.118
2017,8,400944857,Louisiana,Sun Belt,Arkansas State,Sun Belt,Away,2017-10-19T23:30:00.000Z,True,False,3,47,L,31,86,-44.685
2017,10,400944869,Louisiana,Sun Belt,South Alabama,Sun Belt,Away,2017-11-04T20:00:00.000Z,True,False,19,14,W,107,117,-126.587
2017,11,400933915,Louisiana,Sun Belt,Ole Miss,SEC,Away,2017-11-11T17:00:00.000Z,True,False,22,50,L,89,55,17.688
2017,12,400944878,Louisiana,Sun Belt,New Mexico State,Sun Belt,Home,2017-11-18T22:00:00.000Z,True,False,47,34,W,70,110,-97.602
2017,13,400944881,Louisiana,Sun Belt,Georgia Southern,Sun Belt,Home,2017-11-25T22:00:00.000Z,True,False,24,34,L,106,121,-144.780
2017,14,400944884,Louisiana,Sun Belt,App State,Sun Belt,Away,2017-12-02T19:30:00.000Z,True,False,14,63,L,23,61,7.763
2017,1,400954523,Louisiana Tech,Conference USA,SMU,American Athletic,Away,2017-12-21T01:00:00.000Z,True,False,51,10,W,78,69,-7.727
2017,2,400933849,Louisiana Tech,Conference USA,Mississippi State,SEC,Home,2017-09-09T23:30:00.000Z,True,False,21,57,L,25,17,113.691
2017,3,400938608,Louisiana Tech,Conference USA,Western Kentucky,Conference USA,Away,2017-09-16T23:00:00.000Z,True,False,23,22,W,85,116,-116.708
2017,4,400933869,Louisiana Tech,Conference USA,South Carolina,SEC,Away,2017-09-23T19:30:00.000Z,True,False,16,17,L,62,36,63.564
2017,5,400938624,Louisiana Tech,Conference USA,South Alabama,Sun Belt,Home,2017-09-30T23:00:00.000Z,True,False,34,16,W,107,117,-126.587
2017,6,400938630,Louisiana Tech,Conference USA,UAB,Conference USA,Away,2017-10-07T20:00:00.000Z,True,False,22,23,L,68,104,-85.882
2017,8,400938640,Louisiana Tech,Conference USA,Southern Miss,Conference USA,Home,2017-10-21T23:00:00.000Z,True,False,27,34,L,67,103,-82.942
2017,9,400938645,Louisiana Tech,Conference USA,Rice,Conference USA,Away,2017-10-28T19:30:00.000Z,True,False,42,28,W,123,125,-181.712
2017,10,400938651,Louisiana Tech,Conference USA,North Texas,Conference USA,Home,2017-11-04T19:30:00.000Z,True,False,23,24,L,79,93,-54.495
2017,11,400938656,Louisiana Tech,Conference USA,Florida Atlantic,Conference USA,Home,2017-11-11T20:30:00.000Z,True,False,23,48,L,10,34,65.069
2017,12,400938663,Louisiana Tech,Conference USA,UTEP,Conference USA,Away,2017-11-18T20:00:00.000Z,True,False,42,21,W,127,130,-219.634
2017,13,400938669,Louisiana Tech,Conference USA,UTSA,Conference USA,Home,2017-11-26T00:30:00.000Z,True,False,20,6,W,48,94,-61.233
2017,1,400935238,Louisville,ACC,Purdue,Big Ten,Away,2017-09-02T23:30:00.000Z,True,False,35,28,W,46,32,70.042
2017,1,400953405,Louisville,ACC,Mississippi State,SEC,Away,2017-12-30T17:00:00.000Z,True,False,27,31,L,25,17,113.691
2017,2,400937456,Louisville,ACC,North Carolina,ACC,Away,2017-09-09T16:00:00.000Z,True,False,47,35,W,103,75,-15.174
2017,3,400937461,Louisville,ACC,Clemson,ACC,Home,2017-09-17T00:00:00.000Z,True,False,21,47,L,9,4,196.442
2017,4,400937474,Louisville,ACC,Kent State,Mid-American,Home,2017-09-23T16:00:00.000Z,True,False,42,3,W,125,123,-165.236
2017,6,400937487,Louisville,ACC,NC State,ACC,Away,2017-10-06T00:00:00.000Z,True,False,25,39,L,38,16,115.649
2017,7,400937494,Louisville,ACC,Boston College,ACC,Home,2017-10-14T16:20:00.000Z,True,False,42,45,L,57,27,91.238
2017,8,400937500,Louisville,ACC,Florida State,ACC,Away,2017-10-21T16:00:00.000Z,True,False,31,28,W,60,24,93.337
2017,9,400937507,Louisville,ACC,Wake Forest,ACC,Away,2017-10-28T16:20:00.000Z,True,False,32,42,L,53,26,92.230
2017,11,400937518,Louisville,ACC,Virginia,ACC,Home,2017-11-11T20:30:00.000Z,True,False,38,21,W,98,67,-2.549
2017,12,400937524,Louisville,ACC,Syracuse,ACC,Home,2017-11-18T20:30:00.000Z,True,False,56,10,W,100,58,15.182
2017,13,400933935,Louisville,ACC,Kentucky,SEC,Away,2017-11-25T17:00:00.000Z,True,False,44,17,W,87,66,4.283
2017,1,400938594,Marshall,Conference USA,Miami (OH),Mid-American,Home,2017-09-02T22:30:00.000Z,True,False,31,26,W,77,95,-61.243
2017,1,400953324,Marshall,Conference USA,Colorado State,Mountain West,Away,2017-12-16T21:30:00.000Z,True,False,31,28,W,35,73,-12.518
2017,2,400937458,Marshall,Conference USA,NC State,ACC,Away,2017-09-09T22:00:00.000Z,True,False,20,37,L,38,16,115.649
2017,3,400938609,Marshall,Conference USA,Kent State,Mid-American,Home,2017-09-16T22:30:00.000Z,True,False,21,0,W,125,123,-165.236
2017,5,400938625,Marshall,Conference USA,Cincinnati,American Athletic,Away,2017-09-30T23:00:00.000Z,True,False,38,21,W,115,112,-108.600
2017,6,400938627,Marshall,Conference USA,Charlotte,Conference USA,Away,2017-10-07T22:00:00.000Z,True,False,14,3,W,122,126,-183.197
2017,7,400938634,Marshall,Conference USA,Old Dominion,Conference USA,Home,2017-10-14T18:30:00.000Z,True,False,35,3,W,110,119,-138.011
2017,8,400938674,Marshall,Conference USA,Middle Tennessee,Conference USA,Away,2017-10-20T23:00:00.000Z,True,False,38,10,W,64,92,-53.465
2017,9,400938643,Marshall,Conference USA,Florida International,Conference USA,Home,2017-10-28T18:30:00.000Z,True,False,30,41,L,83,96,-62.012
2017,10,400938675,Marshall,Conference USA,Florida Atlantic,Conference USA,Away,2017-11-03T22:00:00.000Z,True,False,25,30,L,10,34,65.069
2017,11,400938657,Marshall,Conference USA,Western Kentucky,Conference USA,Home,2017-11-11T23:30:00.000Z,True,False,30,23,W,85,116,-116.708
2017,12,400938664,Marshall,Conference USA,UTSA,Conference USA,Away,2017-11-19T00:00:00.000Z,True,False,7,9,L,48,94,-61.233
2017,13,400938670,Marshall,Conference USA,Southern Miss,Conference USA,Home,2017-11-25T19:30:00.000Z,True,False,27,28,L,67,103,-82.942
2017,1,400934495,Maryland,Big Ten,Texas,Big 12,Away,2017-09-02T16:00:00.000Z,True,False,51,41,W,28,28,88.687
2017,4,400935361,Maryland,Big Ten,UCF,American Athletic,Home,2017-09-23T19:00:00.000Z,True,False,10,38,L,5,10,156.259
2017,5,400935367,Maryland,Big Ten,Minnesota,Big Ten,Away,2017-09-30T16:00:00.000Z,True,False,31,24,W,72,52,20.891
2017,6,400935375,Maryland,Big Ten,Ohio State,Big Ten,Away,2017-10-07T20:00:00.000Z,True,False,14,62,L,4,8,171.373
2017,7,400935377,Maryland,Big Ten,Northwestern,Big Ten,Home,2017-10-14T19:30:00.000Z,True,False,21,37,L,26,30,79.056
2017,8,400935388,Maryland,Big Ten,Wisconsin,Big Ten,Away,2017-10-21T16:00:00.000Z,True,False,13,38,L,3,3,199.590
2017,9,400935392,Maryland,Big Ten,Indiana,Big Ten,Home,2017-10-28T19:30:00.000Z,True,False,42,39,W,73,48,31.213
2017,10,400935402,Maryland,Big Ten,Rutgers,Big Ten,Away,2017-11-04T19:30:00.000Z,True,False,24,31,L,119,91,-51.753
2017,11,400935404,Maryland,Big Ten,Michigan,Big Ten,Home,2017-11-11T20:30:00.000Z,True,False,10,35,L,34,20,99.132
2017,12,400935412,Maryland,Big Ten,Michigan State,Big Ten,Away,2017-11-18T21:00:00.000Z,True,False,7,17,L,47,21,97.809
2017,13,400935419,Maryland,Big Ten,Penn State,Big Ten,Home,2017-11-25T20:30:00.000Z,True,False,3,66,L,2,7,179.420
2017,1,400938887,Massachusetts,FBS Independents,Hawai'i,Mountain West,Home,2017-08-26T22:00:00.000Z,True,False,35,38,L,117,124,-166.336
2017,1,400938888,Massachusetts,FBS Independents,Coastal Carolina,Sun Belt,Away,2017-09-02T23:00:00.000Z,True,False,28,38,L,97,118,-133.510
2017,2,400938602,Massachusetts,FBS Independents,Old Dominion,Conference USA,Home,2017-09-09T19:30:00.000Z,True,False,7,17,L,110,119,-138.011
2017,3,400941800,Massachusetts,FBS Independents,Temple,American Athletic,Away,2017-09-15T23:00:00.000Z,True,False,21,29,L,75,62,7.672
2017,4,400933870,Massachusetts,FBS Independents,Tennessee,SEC,Away,2017-09-23T16:00:00.000Z,True,False,13,17,L,109,82,-35.784
2017,5,400938890,Massachusetts,FBS Independents,Ohio,Mid-American,Home,2017-09-30T19:30:00.000Z,True,False,50,58,L,17,50,24.154
2017,8,400938892,Massachusetts,FBS Independents,Georgia Southern,Sun Belt,Home,2017-10-21T19:30:00.000Z,True,False,55,20,W,106,121,-144.780
2017,9,400938893,Massachusetts,FBS Independents,App State,Sun Belt,Home,2017-10-28T19:30:00.000Z,True,False,30,27,W,23,61,7.763
2017,10,400933908,Massachusetts,FBS Independents,Mississippi State,SEC,Away,2017-11-04T16:00:00.000Z,True,False,23,34,L,25,17,113.691
2017,12,400938895,Massachusetts,FBS Independents,BYU,FBS Independents,Away,2017-11-18T20:00:00.000Z,True,False,16,10,W,102,109,-97.193
2017,14,400985387,Massachusetts,FBS Independents,Florida International,Conference USA,Away,2017-12-02T17:00:00.000Z,True,False,45,63,L,83,96,-62.012
2017,1,400941789,Memphis,American Athletic,UL Monroe,Sun Belt,Home,2017-09-01T01:20:00.000Z,True,False,37,29,W,93,108,-96.845
2017,1,400953406,Memphis,American Athletic,Iowa State,Big 12,Home,2017-12-30T17:30:00.000Z,True,False,20,21,L,27,18,106.690
2017,3,400935270,Memphis,American Athletic,UCLA,Pac-12,Home,2017-09-16T16:00:00.000Z,True,False,48,45,W,86,63,6.787
2017,5,400985406,Memphis,American Athletic,UCF,American Athletic,Away,2017-09-30T23:00:00.000Z,True,False,13,40,L,5,10,156.259
2017,6,400941814,Memphis,American Athletic,UConn,American Athletic,Away,2017-10-06T23:00:00.000Z,True,False,70,31,W,118,106,-93.970
2017,7,400941823,Memphis,American Athletic,Navy,American Athletic,Home,2017-10-14T19:45:00.000Z,True,False,30,27,W,44,43,42.231
2017,8,400941824,Memphis,American Athletic,Houston,American Athletic,Away,2017-10-20T00:00:00.000Z,True,False,42,38,W,41,47,31.512
2017,9,400941830,Memphis,American Athletic,Tulane,American Athletic,Home,2017-10-28T00:00:00.000Z,True,False,56,26,W,94,80,-30.631
2017,10,400941835,Memphis,American Athletic,Tulsa,American Athletic,Away,2017-11-04T00:00:00.000Z,True,False,41,14,W,96,90,-50.842
2017,12,400941847,Memphis,American Athletic,SMU,American Athletic,Home,2017-11-18T17:00:00.000Z,True,False,66,45,W,78,69,-7.727
2017,13,400941852,Memphis,American Athletic,East Carolina,American Athletic,Home,2017-11-25T17:00:00.000Z,True,False,70,13,W,124,111,-107.142
2017,14,400955151,Memphis,American Athletic,UCF,American Athletic,Away,2017-12-02T17:00:00.000Z,True,False,55,62,L,5,10,156.259
2017,1,400953408,Miami,ACC,Wisconsin,Big Ten,Home,2017-12-31T01:00:00.000Z,True,False,24,34,L,3,3,199.590
2017,4,400937475,Miami,ACC,Toledo,Mid-American,Home,2017-09-23T19:30:00.000Z,True,False,52,30,W,29,60,10.918
2017,5,400937479,Miami,ACC,Duke,ACC,Away,2017-09-29T23:00:00.000Z,True,False,31,6,W,58,39,58.410
2017,6,400981507,Miami,ACC,Florida State,ACC,Away,2017-10-07T19:30:00.000Z,True,False,24,20,W,60,24,93.337
2017,7,400981508,Miami,ACC,Georgia Tech,ACC,Home,2017-10-14T19:30:00.000Z,True,False,25,24,W,71,35,63.790
2017,8,400937502,Miami,ACC,Syracuse,ACC,Home,2017-10-21T19:30:00.000Z,True,False,27,19,W,100,58,15.182
2017,9,400937508,Miami,ACC,North Carolina,ACC,Away,2017-10-28T16:00:00.000Z,True,False,24,19,W,103,75,-15.174
2017,10,400937513,Miami,ACC,Virginia Tech,ACC,Home,2017-11-05T00:00:00.000Z,True,False,28,10,W,16,19,103.132
2017,11,400934581,Miami,ACC,Notre Dame,FBS Independents,Home,2017-11-12T01:00:00.000Z,True,False,41,8,W,14,9,169.688
2017,12,400937525,Miami,ACC,Virginia,ACC,Home,2017-11-18T17:00:00.000Z,True,False,44,28,W,98,67,-2.549
2017,13,400937529,Miami,ACC,Pittsburgh,ACC,Away,2017-11-24T17:00:00.000Z,True,False,14,24,L,82,44,38.192
2017,14,400955155,Miami,ACC,Clemson,ACC,Away,2017-12-03T01:00:00.000Z,True,False,3,38,L,9,4,196.442
2017,1,400938594,Miami (OH),Mid-American,Marshall,Conference USA,Away,2017-09-02T22:30:00.000Z,True,False,26,31,L,30,74,-12.619
2017,3,400941801,Miami (OH),Mid-American,Cincinnati,American Athletic,Home,2017-09-17T00:00:00.000Z,True,False,17,21,L,115,112,-108.600
2017,4,400944901,Miami (OH),Mid-American,Central Michigan,Mid-American,Away,2017-09-23T19:30:00.000Z,True,False,31,14,W,66,87,-47.072
2017,5,400934576,Miami (OH),Mid-American,Notre Dame,FBS Independents,Away,2017-09-30T21:00:00.000Z,True,False,17,52,L,14,9,169.688
2017,6,400944989,Miami (OH),Mid-American,Bowling Green,Mid-American,Home,2017-10-07T18:30:00.000Z,True,False,29,37,L,113,114,-110.581
2017,7,400944995,Miami (OH),Mid-American,Kent State,Mid-American,Away,2017-10-14T19:30:00.000Z,True,False,14,17,L,125,123,-165.236
2017,8,400945000,Miami (OH),Mid-American,Buffalo,Mid-American,Home,2017-10-21T18:30:00.000Z,True,False,24,14,W,63,84,-41.310
2017,10,400945009,Miami (OH),Mid-American,Ohio,Mid-American,Away,2017-11-01T00:00:00.000Z,True,False,28,45,L,17,50,24.154
2017,11,400945013,Miami (OH),Mid-American,Akron,Mid-American,Home,2017-11-08T00:30:00.000Z,True,False,24,14,W,101,97,-71.352
2017,12,400945021,Miami (OH),Mid-American,Eastern Michigan,Mid-American,Home,2017-11-16T00:00:00.000Z,True,False,24,27,L,55,83,-36.265
2017,13,400945027,Miami (OH),Mid-American,Ball State,Mid-American,Away,2017-11-22T00:00:00.000Z,True,False,28,7,W,129,129,-201.106
2017,1,400933830,Michigan,Big Ten,Florida,SEC,Away,2017-09-02T19:30:00.000Z,True,False,33,17,W,90,57,16.267
2017,1,400953410,Michigan,Big Ten,South Carolina,SEC,Away,2018-01-01T17:00:00.000Z,True,False,19,26,L,62,36,63.564
2017,2,400935243,Michigan,Big Ten,Cincinnati,American Athletic,Home,2017-09-09T16:00:00.000Z,True,False,36,14,W,115,112,-108.600
2017,3,400935352,Michigan,Big Ten,Air Force,Mountain West,Home,2017-09-16T16:00:00.000Z,True,False,29,13,W,99,105,-92.345
2017,4,400935364,Michigan,Big Ten,Purdue,Big Ten,Away,2017-09-23T20:00:00.000Z,True,False,28,10,W,46,32,70.042
2017,6,400935372,Michigan,Big Ten,Michigan State,Big Ten,Home,2017-10-07T23:30:00.000Z,True,False,10,14,L,47,21,97.809
2017,7,400935379,Michigan,Big Ten,Indiana,Big Ten,Away,2017-10-14T16:00:00.000Z,True,False,27,20,W,73,48,31.213
2017,8,400935386,Michigan,Big Ten,Penn State,Big Ten,Away,2017-10-21T23:30:00.000Z,True,False,13,42,L,2,7,179.420
2017,9,400935393,Michigan,Big Ten,Rutgers,Big Ten,Home,2017-10-28T16:00:00.000Z,True,False,35,14,W,119,91,-51.753
2017,10,400935398,Michigan,Big Ten,Minnesota,Big Ten,Home,2017-11-05T00:30:00.000Z,True,False,33,10,W,72,52,20.891
2017,11,400935404,Michigan,Big Ten,Maryland,Big Ten,Away,2017-11-11T20:30:00.000Z,True,False,35,10,W,120,76,-21.820
2017,12,400935416,Michigan,Big Ten,Wisconsin,Big Ten,Away,2017-11-18T17:00:00.000Z,True,False,10,24,L,3,3,199.590
2017,13,400935420,Michigan,Big Ten,Ohio State,Big Ten,Home,2017-11-25T17:00:00.000Z,True,False,20,31,L,4,8,171.373
2017,1,400935234,Michigan State,Big Ten,Bowling Green,Mid-American,Home,2017-09-02T16:00:00.000Z,True,False,35,10,W,113,114,-110.581
2017,1,400959397,Michigan State,Big Ten,Washington State,Pac-12,Home,2017-12-29T02:00:00.000Z,True,False,42,17,W,61,46,32.612
2017,2,400935244,Michigan State,Big Ten,Western Michigan,Mid-American,Home,2017-09-09T19:30:00.000Z,True,False,28,14,W,54,88,-47.892
2017,4,400934575,Michigan State,Big Ten,Notre Dame,FBS Independents,Home,2017-09-24T00:00:00.000Z,True,False,18,38,L,14,9,169.688
2017,5,400935366,Michigan State,Big Ten,Iowa,Big Ten,Home,2017-09-30T20:00:00.000Z,True,False,17,10,W,24,15,121.905
2017,6,400935372,Michigan State,Big Ten,Michigan,Big Ten,Away,2017-10-07T23:30:00.000Z,True,False,14,10,W,34,20,99.132
2017,7,400935380,Michigan State,Big Ten,Minnesota,Big Ten,Away,2017-10-15T00:00:00.000Z,True,False,30,27,W,72,52,20.891
2017,8,400935383,Michigan State,Big Ten,Indiana,Big Ten,Home,2017-10-21T19:30:00.000Z,True,False,17,9,W,73,48,31.213
2017,9,400935389,Michigan State,Big Ten,Northwestern,Big Ten,Away,2017-10-28T19:30:00.000Z,True,False,31,39,L,26,30,79.056
2017,10,400935399,Michigan State,Big Ten,Penn State,Big Ten,Home,2017-11-04T16:00:00.000Z,True,False,27,24,W,2,7,179.420
2017,11,400935407,Michigan State,Big Ten,Ohio State,Big Ten,Away,2017-11-11T17:00:00.000Z,True,False,3,48,L,4,8,171.373
2017,12,400935412,Michigan State,Big Ten,Maryland,Big Ten,Home,2017-11-18T21:00:00.000Z,True,False,17,7,W,120,76,-21.820
2017,13,400935423,Michigan State,Big Ten,Rutgers,Big Ten,Away,2017-11-25T21:00:00.000Z,True,False,40,7,W,119,91,-51.753
2017,1,400933839,Middle Tennessee,Conference USA,Vanderbilt,SEC,Home,2017-09-03T00:00:00.000Z,True,False,6,28,L,104,71,-11.347
2017,1,400953325,Middle Tennessee,Conference USA,Arkansas State,Sun Belt,Away,2017-12-17T01:00:00.000Z,True,False,35,30,W,31,86,-44.685
2017,2,400937459,Middle Tennessee,Conference USA,Syracuse,ACC,Away,2017-09-09T19:30:00.000Z,True,False,30,23,W,100,58,15.182
2017,3,400935353,Middle Tennessee,Conference USA,Minnesota,Big Ten,Away,2017-09-16T19:30:00.000Z,True,False,3,34,L,72,52,20.891
2017,4,400938617,Middle Tennessee,Conference USA,Bowling Green,Mid-American,Home,2017-09-23T23:00:00.000Z,True,False,24,13,W,113,114,-110.581
2017,5,400938623,Middle Tennessee,Conference USA,Florida Atlantic,Conference USA,Away,2017-09-30T23:00:00.000Z,True,False,20,38,L,10,34,65.069
2017,6,400938628,Middle Tennessee,Conference USA,Florida International,Conference USA,Home,2017-10-07T19:00:00.000Z,True,False,37,17,W,83,96,-62.012
2017,7,400938635,Middle Tennessee,Conference USA,UAB,Conference USA,Away,2017-10-14T22:30:00.000Z,True,False,23,25,L,68,104,-85.882
2017,8,400938674,Middle Tennessee,Conference USA,Marshall,Conference USA,Home,2017-10-20T23:00:00.000Z,True,False,10,38,L,30,74,-12.619
2017,10,400938652,Middle Tennessee,Conference USA,UTEP,Conference USA,Home,2017-11-04T23:30:00.000Z,True,False,30,3,W,127,130,-219.634
2017,11,400938654,Middle Tennessee,Conference USA,Charlotte,Conference USA,Away,2017-11-11T19:00:00.000Z,True,False,35,21,W,122,126,-183.197
2017,12,400938665,Middle Tennessee,Conference USA,Western Kentucky,Conference USA,Away,2017-11-18T01:00:00.000Z,True,False,38,41,L,85,116,-116.708
2017,13,400938671,Middle Tennessee,Conference USA,Old Dominion,Conference USA,Home,2017-11-25T20:00:00.000Z,True,False,41,10,W,110,119,-138.011
2017,1,400935230,Minnesota,Big Ten,Buffalo,Mid-American,Home,2017-08-31T23:00:00.000Z,True,False,17,7,W,63,84,-41.310
2017,2,400935265,Minnesota,Big Ten,Oregon State,Pac-12,Away,2017-09-10T02:00:00.000Z,True,False,48,14,W,130,120,-140.010
2017,3,400935353,Minnesota,Big Ten,Middle Tennessee,Conference USA,Home,2017-09-16T19:30:00.000Z,True,False,34,3,W,64,92,-53.465
2017,5,400935367,Minnesota,Big Ten,Maryland,Big Ten,Home,2017-09-30T16:00:00.000Z,True,False,24,31,L,120,76,-21.820
2017,6,400935376,Minnesota,Big Ten,Purdue,Big Ten,Away,2017-10-07T19:30:00.000Z,True,False,17,31,L,46,32,70.042
2017,7,400935380,Minnesota,Big Ten,Michigan State,Big Ten,Home,2017-10-15T00:00:00.000Z,True,False,27,30,L,47,21,97.809
2017,8,400935384,Minnesota,Big Ten,Illinois,Big Ten,Home,2017-10-21T19:30:00.000Z,True,False,24,17,W,116,101,-78.457
2017,9,400935391,Minnesota,Big Ten,Iowa,Big Ten,Away,2017-10-28T22:30:00.000Z,True,False,10,17,L,24,15,121.905
2017,10,400935398,Minnesota,Big Ten,Michigan,Big Ten,Away,2017-11-05T00:30:00.000Z,True,False,10,33,L,34,20,99.132
2017,11,400935405,Minnesota,Big Ten,Nebraska,Big Ten,Home,2017-11-11T17:00:00.000Z,True,False,54,21,W,105,72,-11.427
2017,12,400935413,Minnesota,Big Ten,Northwestern,Big Ten,Away,2017-11-18T17:00:00.000Z,True,False,0,39,L,26,30,79.056
2017,13,400935421,Minnesota,Big Ten,Wisconsin,Big Ten,Home,2017-11-25T20:30:00.000Z,True,False,0,31,L,3,3,199.590
2017,1,400953405,Mississippi State,SEC,Louisville,ACC,Home,2017-12-30T17:00:00.000Z,True,False,31,27,W,32,25,92.515
2017,2,400933849,Mississippi State,SEC,Louisiana Tech,Conference USA,Away,2017-09-09T23:30:00.000Z,True,False,57,21,W,51,79,-28.264
2017,3,400933859,Mississippi State,SEC,LSU,SEC,Home,2017-09-16T23:00:00.000Z,True,False,37,7,W,39,23,94.696
2017,4,400933865,Mississippi State,SEC,Georgia,SEC,Away,2017-09-23T23:00:00.000Z,True,False,3,31,L,8,1,222.132
2017,5,400933874,Mississippi State,SEC,Auburn,SEC,Away,2017-09-30T22:00:00.000Z,True,False,10,49,L,11,6,182.314
2017,7,400933891,Mississippi State,SEC,BYU,FBS Independents,Home,2017-10-14T16:00:00.000Z,True,False,35,10,W,102,109,-97.193
2017,8,400933896,Mississippi State,SEC,Kentucky,SEC,Home,2017-10-21T20:00:00.000Z,True,False,45,7,W,87,66,4.283
2017,9,400933903,Mississippi State,SEC,Texas A&M,SEC,Away,2017-10-28T23:15:00.000Z,True,False,35,14,W,59,41,48.022
2017,10,400933908,Mississippi State,SEC,Massachusetts,FBS Independents,Home,2017-11-04T16:00:00.000Z,True,False,34,23,W,81,102,-82.581
2017,11,400933916,Mississippi State,SEC,Alabama,SEC,Home,2017-11-12T00:00:00.000Z,True,False,24,31,L,1,2,208.113
2017,12,400933922,Mississippi State,SEC,Arkansas,SEC,Away,2017-11-18T17:00:00.000Z,True,False,28,21,W,111,85,-41.891
2017,13,400933930,Mississippi State,SEC,Ole Miss,SEC,Home,2017-11-24T00:30:00.000Z,True,False,28,31,L,89,55,17.688
2017,1,400953399,Missouri,SEC,Texas,Big 12,Home,2017-12-28T02:00:00.000Z,True,False,16,33,L,28,28,88.687
2017,2,400933850,Missouri,SEC,South Carolina,SEC,Home,2017-09-09T23:00:00.000Z,True,False,13,31,L,62,36,63.564
2017,3,400933860,Missouri,SEC,Purdue,Big Ten,Home,2017-09-16T20:00:00.000Z,True,False,3,35,L,46,32,70.042
2017,4,400933868,Missouri,SEC,Auburn,SEC,Home,2017-09-23T23:30:00.000Z,True,False,14,51,L,11,6,182.314
2017,6,400933881,Missouri,SEC,Kentucky,SEC,Away,2017-10-07T23:30:00.000Z,True,False,34,40,L,87,66,4.283
2017,7,400933888,Missouri,SEC,Georgia,SEC,Away,2017-10-14T23:30:00.000Z,True,False,28,53,L,8,1,222.132
2017,8,400933897,Missouri,SEC,Idaho,Sun Belt,Home,2017-10-21T16:00:00.000Z,True,False,68,21,W,95,113,-110.409
2017,9,400933901,Missouri,SEC,UConn,American Athletic,Away,2017-10-28T22:30:00.000Z,True,False,52,12,W,118,106,-93.970
2017,10,400933909,Missouri,SEC,Florida,SEC,Home,2017-11-04T16:00:00.000Z,True,False,45,16,W,90,57,16.267
2017,11,400933917,Missouri,SEC,Tennessee,SEC,Home,2017-11-12T00:30:00.000Z,True,False,50,17,W,109,82,-35.784
2017,12,400933929,Missouri,SEC,Vanderbilt,SEC,Away,2017-11-19T01:00:00.000Z,True,False,45,17,W,104,71,-11.347
2017,13,400933931,Missouri,SEC,Arkansas,SEC,Away,2017-11-24T19:30:00.000Z,True,False,48,45,W,111,85,-41.891
2017,1,400933837,NC State,ACC,South Carolina,SEC,Away,2017-09-02T19:00:00.000Z,True,False,28,35,L,62,36,63.564
2017,1,400953417,NC State,ACC,Arizona State,Pac-12,Away,2017-12-29T20:25:00.000Z,True,False,52,31,W,74,54,17.972
2017,2,400937458,NC State,ACC,Marshall,Conference USA,Home,2017-09-09T22:00:00.000Z,True,False,37,20,W,30,74,-12.619
2017,4,400937472,NC State,ACC,Florida State,ACC,Away,2017-09-23T16:00:00.000Z,True,False,27,21,W,60,24,93.337
2017,5,400937485,NC State,ACC,Syracuse,ACC,Home,2017-09-30T16:20:00.000Z,True,False,33,25,W,100,58,15.182
2017,6,400937487,NC State,ACC,Louisville,ACC,Home,2017-10-06T00:00:00.000Z,True,False,39,25,W,32,25,92.515
2017,7,400937497,NC State,ACC,Pittsburgh,ACC,Away,2017-10-14T16:00:00.000Z,True,False,35,17,W,82,44,38.192
2017,9,400934579,NC State,ACC,Notre Dame,FBS Independents,Away,2017-10-28T19:30:00.000Z,True,False,14,35,L,14,9,169.688
2017,10,400937510,NC State,ACC,Clemson,ACC,Home,2017-11-04T19:30:00.000Z,True,False,31,38,L,9,4,196.442
2017,11,400937515,NC State,ACC,Boston College,ACC,Away,2017-11-11T17:00:00.000Z,True,False,17,14,W,57,27,91.238
2017,12,400937527,NC State,ACC,Wake Forest,ACC,Away,2017-11-19T00:30:00.000Z,True,False,24,30,L,53,26,92.230
2017,13,400937533,NC State,ACC,North Carolina,ACC,Home,2017-11-25T20:30:00.000Z,True,False,33,21,W,103,75,-15.174
2017,1,400938592,Navy,American Athletic,Florida Atlantic,Conference USA,Away,2017-09-02T00:00:00.000Z,True,False,42,19,W,10,34,65.069
2017,1,400953400,Navy,American Athletic,Virginia,ACC,Home,2017-12-28T18:30:00.000Z,True,False,49,7,W,98,67,-2.549
2017,2,400941794,Navy,American Athletic,Tulane,American Athletic,Home,2017-09-09T19:30:00.000Z,True,False,23,21,W,94,80,-30.631
2017,4,400941804,Navy,American Athletic,Cincinnati,American Athletic,Home,2017-09-23T19:30:00.000Z,True,False,42,32,W,115,112,-108.600
2017,5,400941813,Navy,American Athletic,Tulsa,American Athletic,Away,2017-09-30T19:30:00.000Z,True,False,31,21,W,96,90,-50.842
2017,6,400941815,Navy,American Athletic,Air Force,Mountain West,Home,2017-10-07T19:30:00.000Z,True,False,48,45,W,99,105,-92.345
2017,7,400941823,Navy,American Athletic,Memphis,American Athletic,Away,2017-10-14T19:45:00.000Z,True,False,27,30,L,18,31,77.182
2017,8,400941825,Navy,American Athletic,UCF,American Athletic,Home,2017-10-21T19:30:00.000Z,True,False,21,31,L,5,10,156.259
2017,10,400941834,Navy,American Athletic,Temple,American Athletic,Away,2017-11-03T00:00:00.000Z,True,False,26,34,L,75,62,7.672
2017,11,400941841,Navy,American Athletic,SMU,American Athletic,Home,2017-11-11T20:30:00.000Z,True,False,43,40,W,78,69,-7.727
2017,12,400934582,Navy,American Athletic,Notre Dame,FBS Independents,Away,2017-11-18T20:30:00.000Z,True,False,17,24,L,14,9,169.688
2017,13,400941850,Navy,American Athletic,Houston,American Athletic,Away,2017-11-24T17:00:00.000Z,True,False,14,24,L,41,47,31.512
2017,15,400934572,Navy,American Athletic,Army,FBS Independents,Home,2017-12-09T20:00:00.000Z,True,False,13,14,L,42,64,6.771
2017,1,400935235,Nebraska,Big Ten,Arkansas State,Sun Belt,Home,2017-09-03T00:00:00.000Z,True,False,43,36,W,31,86,-44.685
2017,2,400935264,Nebraska,Big Ten,Oregon,Pac-12,Away,2017-09-09T20:30:00.000Z,True,False,35,42,L,56,53,18.811
2017,3,400935354,Nebraska,Big Ten,Northern Illinois,Mid-American,Home,2017-09-16T16:00:00.000Z,True,False,17,21,L,40,68,-7.586
2017,4,400935362,Nebraska,Big Ten,Rutgers,Big Ten,Home,2017-09-23T19:30:00.000Z,True,False,27,17,W,119,91,-51.753
2017,5,400935365,Nebraska,Big Ten,Illinois,Big Ten,Away,2017-09-30T00:00:00.000Z,True,False,28,6,W,116,101,-78.457
2017,6,400935373,Nebraska,Big Ten,Wisconsin,Big Ten,Home,2017-10-08T00:00:00.000Z,True,False,17,38,L,3,3,199.590
2017,7,400935381,Nebraska,Big Ten,Ohio State,Big Ten,Home,2017-10-14T23:30:00.000Z,True,False,14,56,L,4,8,171.373
2017,9,400935395,Nebraska,Big Ten,Purdue,Big Ten,Away,2017-10-28T23:30:00.000Z,True,False,25,24,W,46,32,70.042
2017,10,400935400,Nebraska,Big Ten,Northwestern,Big Ten,Home,2017-11-04T19:30:00.000Z,True,False,24,31,L,26,30,79.056
2017,11,400935405,Nebraska,Big Ten,Minnesota,Big Ten,Away,2017-11-11T17:00:00.000Z,True,False,21,54,L,72,52,20.891
2017,12,400935415,Nebraska,Big Ten,Penn State,Big Ten,Away,2017-11-18T21:00:00.000Z,True,False,44,56,L,2,7,179.420
2017,13,400935417,Nebraska,Big Ten,Iowa,Big Ten,Home,2017-11-24T21:00:00.000Z,True,False,14,56,L,24,15,121.905
2017,1,400935236,Nevada,Mountain West,Northwestern,Big Ten,Away,2017-09-02T19:30:00.000Z,True,False,20,31,L,26,30,79.056
2017,2,400944898,Nevada,Mountain West,Toledo,Mid-American,Home,2017-09-09T23:00:00.000Z,True,False,24,37,L,29,60,10.918
2017,4,400935283,Nevada,Mountain West,Washington State,Pac-12,Away,2017-09-23T22:00:00.000Z,True,False,7,45,L,61,46,32.612
2017,5,400945265,Nevada,Mountain West,Fresno State,Mountain West,Away,2017-10-01T02:00:00.000Z,True,False,21,41,L,49,59,11.164
2017,6,400945270,Nevada,Mountain West,Hawai'i,Mountain West,Home,2017-10-08T02:30:00.000Z,True,False,35,21,W,117,124,-166.336
2017,7,400945274,Nevada,Mountain West,Colorado State,Mountain West,Away,2017-10-15T02:26:00.000Z,True,False,42,44,L,35,73,-12.518
2017,8,400945278,Nevada,Mountain West,Air Force,Mountain West,Home,2017-10-21T01:30:00.000Z,True,False,42,45,L,99,105,-92.345
2017,10,400945289,Nevada,Mountain West,Boise State,Mountain West,Away,2017-11-04T23:00:00.000Z,True,False,14,41,L,22,37,61.132
2017,11,400945298,Nevada,Mountain West,San José State,Mountain West,Home,2017-11-11T21:00:00.000Z,True,False,59,14,W,126,127,-183.709
2017,12,400945305,Nevada,Mountain West,San Diego State,Mountain West,Away,2017-11-19T03:30:00.000Z,True,False,23,42,L,21,56,16.983
2017,13,400945311,Nevada,Mountain West,UNLV,Mountain West,Home,2017-11-25T20:00:00.000Z,True,False,23,16,W,84,99,-74.363
2017,2,400944834,New Mexico,Mountain West,New Mexico State,Sun Belt,Home,2017-09-10T00:00:00.000Z,True,False,28,30,L,70,110,-97.602
2017,3,400945256,New Mexico,Mountain West,Boise State,Mountain West,Away,2017-09-15T00:00:00.000Z,True,False,14,28,L,22,37,61.132
2017,4,400941807,New Mexico,Mountain West,Tulsa,American Athletic,Away,2017-09-23T17:30:00.000Z,True,False,16,13,W,96,90,-50.842
2017,5,400945263,New Mexico,Mountain West,Air Force,Mountain West,Home,2017-09-30T23:00:00.000Z,True,False,56,38,W,99,105,-92.345
2017,7,400945275,New Mexico,Mountain West,Fresno State,Mountain West,Away,2017-10-15T02:00:00.000Z,True,False,0,38,L,49,59,11.164
2017,8,400945280,New Mexico,Mountain West,Colorado State,Mountain West,Home,2017-10-21T02:15:00.000Z,True,False,24,27,L,35,73,-12.518
2017,9,400945285,New Mexico,Mountain West,Wyoming,Mountain West,Away,2017-10-28T23:30:00.000Z,True,False,3,42,L,50,78,-27.380
2017,10,400945291,New Mexico,Mountain West,Utah State,Mountain West,Home,2017-11-04T21:30:00.000Z,True,False,10,24,L,69,89,-48.913
2017,11,400933919,New Mexico,Mountain West,Texas A&M,SEC,Away,2017-11-12T00:00:00.000Z,True,False,14,55,L,59,41,48.022
2017,12,400945302,New Mexico,Mountain West,UNLV,Mountain West,Home,2017-11-18T02:30:00.000Z,True,False,35,38,L,84,99,-74.363
2017,13,400945308,New Mexico,Mountain West,San Diego State,Mountain West,Away,2017-11-24T20:30:00.000Z,True,False,10,35,L,21,56,16.983
2017,1,400935247,New Mexico State,Sun Belt,Arizona State,Pac-12,Away,2017-09-01T02:30:00.000Z,True,False,31,37,L,74,54,17.972
2017,1,400966332,New Mexico State,Sun Belt,Utah State,Mountain West,Away,2017-12-29T22:30:00.000Z,True,False,26,20,W,69,89,-48.913
2017,2,400944834,New Mexico State,Sun Belt,New Mexico,Mountain West,Away,2017-09-10T00:00:00.000Z,True,False,30,28,W,114,115,-110.763
2017,3,400944837,New Mexico State,Sun Belt,Troy,Sun Belt,Home,2017-09-17T00:00:00.000Z,True,False,24,27,L,13,70,-10.253
2017,4,400938619,New Mexico State,Sun Belt,UTEP,Conference USA,Home,2017-09-24T00:00:00.000Z,True,False,41,14,W,127,130,-219.634
2017,5,400933873,New Mexico State,Sun Belt,Arkansas,SEC,Away,2017-09-30T16:00:00.000Z,True,False,24,42,L,111,85,-41.891
2017,6,400944850,New Mexico State,Sun Belt,App State,Sun Belt,Away,2017-10-07T19:30:00.000Z,True,False,31,45,L,23,61,7.763
2017,7,400944855,New Mexico State,Sun Belt,Georgia Southern,Sun Belt,Away,2017-10-14T22:00:00.000Z,True,False,35,27,W,106,121,-144.780
2017,9,400944862,New Mexico State,Sun Belt,Arkansas State,Sun Belt,Home,2017-10-29T00:00:00.000Z,True,False,21,37,L,31,86,-44.685
2017,10,400944870,New Mexico State,Sun Belt,Texas State,Sun Belt,Away,2017-11-04T19:00:00.000Z,True,False,45,35,W,121,128,-187.118
2017,12,400944878,New Mexico State,Sun Belt,Louisiana,Sun Belt,Away,2017-11-18T22:00:00.000Z,True,False,34,47,L,112,122,-148.473
2017,13,400944882,New Mexico State,Sun Belt,Idaho,Sun Belt,Home,2017-11-25T21:00:00.000Z,True,False,17,10,W,95,113,-110.409
2017,14,400944888,New Mexico State,Sun Belt,South Alabama,Sun Belt,Home,2017-12-02T21:30:00.000Z,True,False,22,17,W,107,117,-126.587
2017,1,400935256,North Carolina,ACC,California,Pac-12,Home,2017-09-02T16:20:00.000Z,True,False,30,35,L,76,65,6.722
2017,2,400937456,North Carolina,ACC,Louisville,ACC,Home,2017-09-09T16:00:00.000Z,True,False,35,47,L,32,25,92.515
2017,3,400937464,North Carolina,ACC,Old Dominion,Conference USA,Away,2017-09-16T19:30:00.000Z,True,False,53,23,W,110,119,-138.011
2017,4,400937471,North Carolina,ACC,Duke,ACC,Home,2017-09-23T19:30:00.000Z,True,False,17,27,L,58,39,58.410
2017,5,400937483,North Carolina,ACC,Georgia Tech,ACC,Away,2017-09-30T16:00:00.000Z,True,False,7,33,L,71,35,63.790
2017,6,400934577,North Carolina,ACC,Notre Dame,FBS Independents,Home,2017-10-07T19:30:00.000Z,True,False,10,33,L,14,9,169.688
2017,7,400937496,North Carolina,ACC,Virginia,ACC,Home,2017-10-14T19:30:00.000Z,True,False,14,20,L,98,67,-2.549
2017,8,400937503,North Carolina,ACC,Virginia Tech,ACC,Away,2017-10-21T19:30:00.000Z,True,False,7,59,L,16,19,103.132
2017,9,400937508,North Carolina,ACC,Miami,ACC,Home,2017-10-28T16:00:00.000Z,True,False,19,24,L,36,14,125.827
2017,11,400937514,North Carolina,ACC,Pittsburgh,ACC,Away,2017-11-10T00:30:00.000Z,True,False,34,31,W,82,44,38.192
2017,13,400937533,North Carolina,ACC,NC State,ACC,Away,2017-11-25T20:30:00.000Z,True,False,21,33,L,38,16,115.649
2017,1,400953322,North Texas,Conference USA,Troy,Sun Belt,Home,2017-12-16T18:00:00.000Z,True,False,30,50,L,13,70,-10.253
2017,2,400938601,North Texas,Conference USA,SMU,American Athletic,Away,2017-09-09T23:00:00.000Z,True,False,32,54,L,78,69,-7.727
2017,3,400935351,North Texas,Conference USA,Iowa,Big Ten,Away,2017-09-16T19:30:00.000Z,True,False,14,31,L,24,15,121.905
2017,4,400938618,North Texas,Conference USA,UAB,Conference USA,Home,2017-09-23T22:30:00.000Z,True,False,46,43,W,68,104,-85.882
2017,5,400938626,North Texas,Conference USA,Southern Miss,Conference USA,Away,2017-09-30T23:00:00.000Z,True,False,43,28,W,67,103,-82.942
2017,7,400938636,North Texas,Conference USA,UTSA,Conference USA,Home,2017-10-14T23:00:00.000Z,True,False,29,26,W,48,94,-61.233
2017,8,400938639,North Texas,Conference USA,Florida Atlantic,Conference USA,Away,2017-10-21T21:00:00.000Z,True,False,31,69,L,10,34,65.069
2017,9,400938646,North Texas,Conference USA,Old Dominion,Conference USA,Home,2017-10-28T22:30:00.000Z,True,False,45,38,W,110,119,-138.011
2017,10,400938651,North Texas,Conference USA,Louisiana Tech,Conference USA,Away,2017-11-04T19:30:00.000Z,True,False,24,23,W,51,79,-28.264
2017,11,400938658,North Texas,Conference USA,UTEP,Conference USA,Home,2017-11-11T22:00:00.000Z,True,False,45,10,W,127,130,-219.634
2017,12,400934571,North Texas,Conference USA,Army,FBS Independents,Home,2017-11-18T23:30:00.000Z,True,False,52,49,W,42,64,6.771
2017,13,400938672,North Texas,Conference USA,Rice,Conference USA,Away,2017-11-25T18:00:00.000Z,True,False,30,14,W,123,125,-181.712
2017,14,400955152,North Texas,Conference USA,Florida Atlantic,Conference USA,Away,2017-12-02T17:00:00.000Z,True,False,17,41,L,10,34,65.069
2017,1,400937446,Northern Illinois,Mid-American,Boston College,ACC,Home,2017-09-02T01:30:00.000Z,True,False,20,23,L,57,27,91.238
2017,1,400953394,Northern Illinois,Mid-American,Duke,ACC,Home,2017-12-26T22:15:00.000Z,True,False,14,36,L,58,39,58.410
2017,3,400935354,Northern Illinois,Mid-American,Nebraska,Big Ten,Away,2017-09-16T16:00:00.000Z,True,False,21,17,W,105,72,-11.427
2017,5,400944987,Northern Illinois,Mid-American,San Diego State,Mountain West,Away,2017-10-01T02:30:00.000Z,True,False,28,34,L,21,56,16.983
2017,6,400944992,Northern Illinois,Mid-American,Kent State,Mid-American,Home,2017-10-07T19:30:00.000Z,True,False,24,3,W,125,123,-165.236
2017,7,400944996,Northern Illinois,Mid-American,Buffalo,Mid-American,Away,2017-10-14T19:30:00.000Z,True,False,14,13,W,63,84,-41.310
2017,8,400945003,Northern Illinois,Mid-American,Bowling Green,Mid-American,Away,2017-10-21T18:00:00.000Z,True,False,48,17,W,113,114,-110.581
2017,9,400945005,Northern Illinois,Mid-American,Eastern Michigan,Mid-American,Home,2017-10-26T23:00:00.000Z,True,False,30,27,W,55,83,-36.265
2017,10,400945012,Northern Illinois,Mid-American,Toledo,Mid-American,Away,2017-11-02T22:00:00.000Z,True,False,17,27,L,29,60,10.918
2017,11,400945018,Northern Illinois,Mid-American,Ball State,Mid-American,Home,2017-11-10T00:00:00.000Z,True,False,63,17,W,129,129,-201.106
2017,12,400945023,Northern Illinois,Mid-American,Western Michigan,Mid-American,Home,2017-11-16T00:00:00.000Z,True,False,35,31,W,54,88,-47.892
2017,13,400945028,Northern Illinois,Mid-American,Central Michigan,Mid-American,Away,2017-11-24T17:00:00.000Z,True,False,24,31,L,66,87,-47.072
2017,1,400935236,Northwestern,Big Ten,Nevada,Mountain West,Home,2017-09-02T19:30:00.000Z,True,False,31,20,W,91,100,-74.937
2017,1,400953403,Northwestern,Big Ten,Kentucky,SEC,Home,2017-12-29T21:30:00.000Z,True,False,24,23,W,87,66,4.283
2017,2,400935240,Northwestern,Big Ten,Duke,ACC,Away,2017-09-09T16:00:00.000Z,True,False,17,41,L,58,39,58.410
2017,3,400935355,Northwestern,Big Ten,Bowling Green,Mid-American,Home,2017-09-16T23:30:00.000Z,True,False,49,7,W,113,114,-110.581
2017,5,400935370,Northwestern,Big Ten,Wisconsin,Big Ten,Away,2017-09-30T16:00:00.000Z,True,False,24,33,L,3,3,199.590
2017,6,400935374,Northwestern,Big Ten,Penn State,Big Ten,Home,2017-10-07T16:00:00.000Z,True,False,7,31,L,2,7,179.420
2017,7,400935377,Northwestern,Big Ten,Maryland,Big Ten,Away,2017-10-14T19:30:00.000Z,True,False,37,21,W,120,76,-21.820
2017,8,400935385,Northwestern,Big Ten,Iowa,Big Ten,Home,2017-10-21T16:00:00.000Z,True,False,17,10,W,24,15,121.905
2017,9,400935389,Northwestern,Big Ten,Michigan State,Big Ten,Home,2017-10-28T19:30:00.000Z,True,False,39,31,W,47,21,97.809
2017,10,400935400,Northwestern,Big Ten,Nebraska,Big Ten,Away,2017-11-04T19:30:00.000Z,True,False,31,24,W,105,72,-11.427
2017,11,400935406,Northwestern,Big Ten,Purdue,Big Ten,Home,2017-11-12T00:00:00.000Z,True,False,23,13,W,46,32,70.042
2017,12,400935413,Northwestern,Big Ten,Minnesota,Big Ten,Home,2017-11-18T17:00:00.000Z,True,False,39,0,W,72,52,20.891
2017,13,400935418,Northwestern,Big Ten,Illinois,Big Ten,Away,2017-11-25T21:00:00.000Z,True,False,42,7,W,116,101,-78.457
2017,1,400934573,Notre Dame,FBS Independents,Temple,American Athletic,Home,2017-09-02T19:30:00.000Z,True,False,49,16,W,75,62,7.672
2017,1,400953414,Notre Dame,FBS Independents,LSU,SEC,Away,2018-01-01T18:00:00.000Z,True,False,21,17,W,39,23,94.696
2017,2,400933845,Notre Dame,FBS Independents,Georgia,SEC,Home,2017-09-09T23:30:00.000Z,True,False,19,20,L,8,1,222.132
2017,3,400934574,Notre Dame,FBS Independents,Boston College,ACC,Away,2017-09-16T19:30:00.000Z,True,False,49,20,W,57,27,91.238
2017,4,400934575,Notre Dame,FBS Independents,Michigan State,Big Ten,Away,2017-09-24T00:00:00.000Z,True,False,38,18,W,47,21,97.809
2017,5,400934576,Notre Dame,FBS Independents,Miami (OH),Mid-American,Home,2017-09-30T21:00:00.000Z,True,False,52,17,W,77,95,-61.243
2017,6,400934577,Notre Dame,FBS Independents,North Carolina,ACC,Away,2017-10-07T19:30:00.000Z,True,False,33,10,W,103,75,-15.174
2017,8,400934578,Notre Dame,FBS Independents,USC,Pac-12,Home,2017-10-21T23:30:00.000Z,True,False,49,14,W,33,22,95.030
2017,9,400934579,Notre Dame,FBS Independents,NC State,ACC,Home,2017-10-28T19:30:00.000Z,True,False,35,14,W,38,16,115.649
2017,10,400934580,Notre Dame,FBS Independents,Wake Forest,ACC,Home,2017-11-04T19:30:00.000Z,True,False,48,37,W,53,26,92.230
2017,11,400934581,Notre Dame,FBS Independents,Miami,ACC,Away,2017-11-12T01:00:00.000Z,True,False,8,41,L,36,14,125.827
2017,12,400934582,Notre Dame,FBS Independents,Navy,American Athletic,Home,2017-11-18T20:30:00.000Z,True,False,24,17,W,44,43,42.231
2017,13,400934583,Notre Dame,FBS Independents,Stanford,Pac-12,Away,2017-11-26T01:00:00.000Z,True,False,20,38,L,19,29,86.615
2017,1,400953388,Ohio,Mid-American,UAB,Conference USA,Home,2017-12-22T17:30:00.000Z,True,False,41,6,W,68,104,-85.882
2017,2,400935239,Ohio,Mid-American,Purdue,Big Ten,Away,2017-09-09T00:00:00.000Z,True,False,21,44,L,46,32,70.042
2017,3,400934507,Ohio,Mid-American,Kansas,Big 12,Home,2017-09-16T16:00:00.000Z,True,False,42,30,W,128,107,-96.567
2017,4,400944902,Ohio,Mid-American,Eastern Michigan,Mid-American,Away,2017-09-23T18:00:00.000Z,True,False,27,20,W,55,83,-36.265
2017,5,400938890,Ohio,Mid-American,Massachusetts,FBS Independents,Away,2017-09-30T19:30:00.000Z,True,False,58,50,W,81,102,-82.581
2017,6,400944990,Ohio,Mid-American,Central Michigan,Mid-American,Home,2017-10-07T18:00:00.000Z,True,False,23,26,L,66,87,-47.072
2017,7,400944997,Ohio,Mid-American,Bowling Green,Mid-American,Away,2017-10-14T19:30:00.000Z,True,False,48,30,W,113,114,-110.581
2017,8,400945002,Ohio,Mid-American,Kent State,Mid-American,Home,2017-10-21T18:00:00.000Z,True,False,48,3,W,125,123,-165.236
2017,10,400945009,Ohio,Mid-American,Miami (OH),Mid-American,Home,2017-11-01T00:00:00.000Z,True,False,45,28,W,77,95,-61.243
2017,11,400945017,Ohio,Mid-American,Toledo,Mid-American,Home,2017-11-09T00:00:00.000Z,True,False,38,10,W,29,60,10.918
2017,12,400945020,Ohio,Mid-American,Akron,Mid-American,Away,2017-11-15T00:00:00.000Z,True,False,34,37,L,101,97,-71.352
2017,13,400945029,Ohio,Mid-American,Buffalo,Mid-American,Away,2017-11-24T18:00:00.000Z,True,False,24,31,L,63,84,-41.310
2017,1,400935229,Ohio State,Big Ten,Indiana,Big Ten,Away,2017-09-01T00:00:00.000Z,True,False,49,21,W,73,48,31.213
2017,1,400953404,Ohio State,Big Ten,USC,Pac-12,Home,2017-12-30T01:30:00.000Z,True,False,24,7,W,33,22,95.030
2017,2,400934502,Ohio State,Big Ten,Oklahoma,Big 12,Home,2017-09-09T23:30:00.000Z,True,False,16,31,L,7,5,183.886
2017,3,400934563,Ohio State,Big Ten,Army,FBS Independents,Home,2017-09-16T20:30:00.000Z,True,False,38,7,W,42,64,6.771
2017,4,400935363,Ohio State,Big Ten,UNLV,Mountain West,Home,2017-09-23T16:00:00.000Z,True,False,54,21,W,84,99,-74.363
2017,5,400935369,Ohio State,Big Ten,Rutgers,Big Ten,Away,2017-09-30T23:30:00.000Z,True,False,56,0,W,119,91,-51.753
2017,6,400935375,Ohio State,Big Ten,Maryland,Big Ten,Home,2017-10-07T20:00:00.000Z,True,False,62,14,W,120,76,-21.820
2017,7,400935381,Ohio State,Big Ten,Nebraska,Big Ten,Away,2017-10-14T23:30:00.000Z,True,False,56,14,W,105,72,-11.427
2017,9,400935394,Ohio State,Big Ten,Penn State,Big Ten,Home,2017-10-28T19:30:00.000Z,True,False,39,38,W,2,7,179.420
2017,10,400935397,Ohio State,Big Ten,Iowa,Big Ten,Away,2017-11-04T19:30:00.000Z,True,False,24,55,L,24,15,121.905
2017,11,400935407,Ohio State,Big Ten,Michigan State,Big Ten,Home,2017-11-11T17:00:00.000Z,True,False,48,3,W,47,21,97.809
2017,12,400935414,Ohio State,Big Ten,Illinois,Big Ten,Home,2017-11-18T20:30:00.000Z,True,False,52,14,W,116,101,-78.457
2017,13,400935420,Ohio State,Big Ten,Michigan,Big Ten,Away,2017-11-25T17:00:00.000Z,True,False,31,20,W,34,20,99.132
2017,14,400955156,Ohio State,Big Ten,Wisconsin,Big Ten,Away,2017-12-03T01:00:00.000Z,True,False,27,21,W,3,3,199.590
2017,1,400934492,Oklahoma,Big 12,UTEP,Conference USA,Home,2017-09-02T19:30:00.000Z,True,False,56,7,W,127,130,-219.634
2017,1,400953412,Oklahoma,Big 12,Georgia,SEC,Home,2018-01-01T22:00:00.000Z,True,False,48,54,L,8,1,222.132
2017,2,400934502,Oklahoma,Big 12,Ohio State,Big Ten,Away,2017-09-09T23:30:00.000Z,True,False,31,16,W,4,8,171.373
2017,3,400934508,Oklahoma,Big 12,Tulane,American Athletic,Home,2017-09-16T22:00:00.000Z,True,False,56,14,W,94,80,-30.631
2017,4,400934515,Oklahoma,Big 12,Baylor,Big 12,Away,2017-09-23T22:30:00.000Z,True,False,49,41,W,108,77,-22.438
2017,6,400934523,Oklahoma,Big 12,Iowa State,Big 12,Home,2017-10-07T16:00:00.000Z,True,False,31,38,L,27,18,106.690
2017,7,400934528,Oklahoma,Big 12,Texas,Big 12,Away,2017-10-14T19:30:00.000Z,True,False,29,24,W,28,28,88.687
2017,8,400934534,Oklahoma,Big 12,Kansas State,Big 12,Away,2017-10-21T20:35:00.000Z,True,False,42,35,W,37,33,66.233
2017,9,400934539,Oklahoma,Big 12,Texas Tech,Big 12,Home,2017-10-29T00:00:00.000Z,True,False,49,27,W,80,49,25.104
2017,10,400934544,Oklahoma,Big 12,Oklahoma State,Big 12,Away,2017-11-04T20:00:00.000Z,True,False,62,52,W,12,12,128.744
2017,11,400934550,Oklahoma,Big 12,TCU,Big 12,Home,2017-11-12T01:00:00.000Z,True,False,38,20,W,20,13,126.671
2017,12,400934553,Oklahoma,Big 12,Kansas,Big 12,Away,2017-11-18T20:30:00.000Z,True,False,41,3,W,128,107,-96.567
2017,13,400934560,Oklahoma,Big 12,West Virginia,Big 12,Home,2017-11-25T20:45:00.000Z,True,False,59,31,W,65,40,52.725
2017,14,400955157,Oklahoma,Big 12,TCU,Big 12,Home,2017-12-02T17:30:00.000Z,True,False,41,17,W,20,13,126.671
2017,1,400934493,Oklahoma State,Big 12,Tulsa,American Athletic,Home,2017-08-31T23:30:00.000Z,True,False,59,24,W,96,90,-50.842
2017,1,400953416,Oklahoma State,Big 12,Virginia Tech,ACC,Home,2017-12-28T22:15:00.000Z,True,False,30,21,W,16,19,103.132
2017,2,400934503,Oklahoma State,Big 12,South Alabama,Sun Belt,Away,2017-09-09T00:00:00.000Z,True,False,44,7,W,107,117,-126.587
2017,3,400934509,Oklahoma State,Big 12,Pittsburgh,ACC,Away,2017-09-16T16:00:00.000Z,True,False,59,21,W,82,44,38.192
2017,4,400934516,Oklahoma State,Big 12,TCU,Big 12,Home,2017-09-23T19:30:00.000Z,True,False,31,44,L,20,13,126.671
2017,5,400934520,Oklahoma State,Big 12,Texas Tech,Big 12,Away,2017-10-01T00:00:00.000Z,True,False,41,34,W,80,49,25.104
2017,7,400934526,Oklahoma State,Big 12,Baylor,Big 12,Home,2017-10-14T19:30:00.000Z,True,False,59,16,W,108,77,-22.438
2017,8,400934535,Oklahoma State,Big 12,Texas,Big 12,Away,2017-10-21T16:00:00.000Z,True,False,13,10,W,28,28,88.687
2017,9,400934537,Oklahoma State,Big 12,West Virginia,Big 12,Away,2017-10-28T16:00:00.000Z,True,False,50,39,W,65,40,52.725
2017,10,400934544,Oklahoma State,Big 12,Oklahoma,Big 12,Home,2017-11-04T20:00:00.000Z,True,False,52,62,L,7,5,183.886
2017,11,400934548,Oklahoma State,Big 12,Iowa State,Big 12,Away,2017-11-11T17:00:00.000Z,True,False,49,42,W,27,18,106.690
2017,12,400934552,Oklahoma State,Big 12,Kansas State,Big 12,Home,2017-11-18T20:30:00.000Z,True,False,40,45,L,37,33,66.233
2017,13,400934559,Oklahoma State,Big 12,Kansas,Big 12,Home,2017-11-25T17:00:00.000Z,True,False,58,17,W,128,107,-96.567
2017,2,400938602,Old Dominion,Conference USA,Massachusetts,FBS Independents,Away,2017-09-09T19:30:00.000Z,True,False,17,7,W,81,102,-82.581
2017,3,400937464,Old Dominion,Conference USA,North Carolina,ACC,Home,2017-09-16T19:30:00.000Z,True,False,23,53,L,103,75,-15.174
2017,4,400937477,Old Dominion,Conference USA,Virginia Tech,ACC,Away,2017-09-23T18:00:00.000Z,True,False,0,38,L,16,19,103.132
2017,6,400938629,Old Dominion,Conference USA,Florida Atlantic,Conference USA,Home,2017-10-07T22:00:00.000Z,True,False,28,58,L,10,34,65.069
2017,7,400938634,Old Dominion,Conference USA,Marshall,Conference USA,Away,2017-10-14T18:30:00.000Z,True,False,3,35,L,30,74,-12.619
2017,8,400938641,Old Dominion,Conference USA,Western Kentucky,Conference USA,Home,2017-10-20T22:00:00.000Z,True,False,31,35,L,85,116,-116.708
2017,9,400938646,Old Dominion,Conference USA,North Texas,Conference USA,Away,2017-10-28T22:30:00.000Z,True,False,38,45,L,79,93,-54.495
2017,10,400938649,Old Dominion,Conference USA,Charlotte,Conference USA,Home,2017-11-04T19:30:00.000Z,True,False,6,0,W,122,126,-183.197
2017,11,400938655,Old Dominion,Conference USA,Florida International,Conference USA,Away,2017-11-12T00:00:00.000Z,True,False,37,30,W,83,96,-62.012
2017,12,400938666,Old Dominion,Conference USA,Rice,Conference USA,Home,2017-11-18T19:00:00.000Z,True,False,24,21,W,123,125,-181.712
2017,13,400938671,Old Dominion,Conference USA,Middle Tennessee,Conference USA,Away,2017-11-25T20:00:00.000Z,True,False,10,41,L,64,92,-53.465
2017,1,400933834,Ole Miss,SEC,South Alabama,Sun Belt,Home,2017-09-02T23:30:00.000Z,True,False,47,27,W,107,117,-126.587
2017,3,400933858,Ole Miss,SEC,California,Pac-12,Away,2017-09-17T02:30:00.000Z,True,False,16,27,L,76,65,6.722
2017,5,400933872,Ole Miss,SEC,Alabama,SEC,Away,2017-10-01T01:00:00.000Z,True,False,3,66,L,1,2,208.113
2017,6,400933880,Ole Miss,SEC,Auburn,SEC,Away,2017-10-07T16:00:00.000Z,True,False,23,44,L,11,6,182.314
2017,7,400933890,Ole Miss,SEC,Vanderbilt,SEC,Home,2017-10-14T19:30:00.000Z,True,False,57,35,W,104,71,-11.347
2017,8,400933895,Ole Miss,SEC,LSU,SEC,Home,2017-10-21T23:15:00.000Z,True,False,24,40,L,39,23,94.696
2017,9,400933900,Ole Miss,SEC,Arkansas,SEC,Home,2017-10-28T16:00:00.000Z,True,False,37,38,L,111,85,-41.891
2017,10,400933907,Ole Miss,SEC,Kentucky,SEC,Away,2017-11-04T20:00:00.000Z,True,False,37,34,W,87,66,4.283
2017,11,400933915,Ole Miss,SEC,Louisiana,Sun Belt,Home,2017-11-11T17:00:00.000Z,True,False,50,22,W,112,122,-148.473
2017,12,400933926,Ole Miss,SEC,Texas A&M,SEC,Home,2017-11-19T00:00:00.000Z,True,False,24,31,L,59,41,48.022
2017,13,400933930,Ole Miss,SEC,Mississippi State,SEC,Away,2017-11-24T00:30:00.000Z,True,False,31,28,W,25,17,113.691
2017,1,400953323,Oregon,Pac-12,Boise State,Mountain West,Home,2017-12-16T20:30:00.000Z,True,False,28,38,L,22,37,61.132
2017,2,400935264,Oregon,Pac-12,Nebraska,Big Ten,Home,2017-09-09T20:30:00.000Z,True,False,42,35,W,105,72,-11.427
2017,3,400935273,Oregon,Pac-12,Wyoming,Mountain West,Away,2017-09-16T23:00:00.000Z,True,False,49,13,W,50,78,-27.380
2017,4,400935278,Oregon,Pac-12,Arizona State,Pac-12,Away,2017-09-24T02:00:00.000Z,True,False,35,37,L,74,54,17.972
2017,5,400935287,Oregon,Pac-12,California,Pac-12,Home,2017-10-01T02:30:00.000Z,True,False,45,24,W,76,65,6.722
2017,6,400935292,Oregon,Pac-12,Washington State,Pac-12,Home,2017-10-08T00:00:00.000Z,True,False,10,33,L,61,46,32.612
2017,7,400935299,Oregon,Pac-12,Stanford,Pac-12,Away,2017-10-15T03:00:00.000Z,True,False,7,49,L,19,29,86.615
2017,8,400935302,Oregon,Pac-12,UCLA,Pac-12,Away,2017-10-21T20:00:00.000Z,True,False,14,31,L,86,63,6.787
2017,9,400935309,Oregon,Pac-12,Utah,Pac-12,Home,2017-10-28T21:45:00.000Z,True,False,41,20,W,45,45,37.443
2017,10,400935313,Oregon,Pac-12,Washington,Pac-12,Away,2017-11-05T02:00:00.000Z,True,False,3,38,L,6,11,149.949
2017,12,400935321,Oregon,Pac-12,Arizona,Pac-12,Home,2017-11-19T00:00:00.000Z,True,False,48,28,W,43,51,22.474
2017,13,400935327,Oregon,Pac-12,Oregon State,Pac-12,Home,2017-11-26T00:00:00.000Z,True,False,69,10,W,130,120,-140.010
2017,1,400935282,Oregon State,Pac-12,Colorado State,Mountain West,Away,2017-08-26T18:30:00.000Z,True,False,27,58,L,35,73,-12.518
2017,2,400935265,Oregon State,Pac-12,Minnesota,Big Ten,Home,2017-09-10T02:00:00.000Z,True,False,14,48,L,72,52,20.891
2017,3,400935274,Oregon State,Pac-12,Washington State,Pac-12,Away,2017-09-16T21:30:00.000Z,True,False,23,52,L,61,46,32.612
2017,5,400935288,Oregon State,Pac-12,Washington,Pac-12,Home,2017-10-01T00:00:00.000Z,True,False,7,42,L,6,11,149.949
2017,6,400935290,Oregon State,Pac-12,USC,Pac-12,Away,2017-10-07T20:00:00.000Z,True,False,10,38,L,33,22,95.030
2017,7,400935298,Oregon State,Pac-12,Colorado,Pac-12,Home,2017-10-14T20:00:00.000Z,True,False,33,36,L,88,81,-33.937
2017,9,400935304,Oregon State,Pac-12,Stanford,Pac-12,Home,2017-10-27T01:00:00.000Z,True,False,14,15,L,19,29,86.615
2017,10,400935314,Oregon State,Pac-12,California,Pac-12,Away,2017-11-04T21:00:00.000Z,True,False,23,37,L,76,65,6.722
2017,11,400935317,Oregon State,Pac-12,Arizona,Pac-12,Away,2017-11-12T03:00:00.000Z,True,False,28,49,L,43,51,22.474
2017,12,400935322,Oregon State,Pac-12,Arizona State,Pac-12,Home,2017-11-18T20:00:00.000Z,True,False,24,40,L,74,54,17.972
2017,13,400935327,Oregon State,Pac-12,Oregon,Pac-12,Away,2017-11-26T00:00:00.000Z,True,False,10,69,L,56,53,18.811
2017,1,400935237,Penn State,Big Ten,Akron,Mid-American,Home,2017-09-02T16:00:00.000Z,True,False,52,0,W,101,97,-71.352
2017,1,400953407,Penn State,Big Ten,Washington,Pac-12,Home,2017-12-30T21:00:00.000Z,True,False,35,28,W,6,11,149.949
2017,2,400935245,Penn State,Big Ten,Pittsburgh,ACC,Home,2017-09-09T19:30:00.000Z,True,False,33,14,W,82,44,38.192
2017,3,400935356,Penn State,Big Ten,Georgia State,Sun Belt,Home,2017-09-16T23:30:00.000Z,True,False,56,0,W,92,98,-72.755
2017,4,400935360,Penn State,Big Ten,Iowa,Big Ten,Away,2017-09-23T23:30:00.000Z,True,False,21,19,W,24,15,121.905
2017,5,400935368,Penn State,Big Ten,Indiana,Big Ten,Home,2017-09-30T19:30:00.000Z,True,False,45,14,W,73,48,31.213
2017,6,400935374,Penn State,Big Ten,Northwestern,Big Ten,Away,2017-10-07T16:00:00.000Z,True,False,31,7,W,26,30,79.056
2017,8,400935386,Penn State,Big Ten,Michigan,Big Ten,Home,2017-10-21T23:30:00.000Z,True,False,42,13,W,34,20,99.132
2017,9,400935394,Penn State,Big Ten,Ohio State,Big Ten,Away,2017-10-28T19:30:00.000Z,True,False,38,39,L,4,8,171.373
2017,10,400935399,Penn State,Big Ten,Michigan State,Big Ten,Away,2017-11-04T16:00:00.000Z,True,False,24,27,L,47,21,97.809
2017,11,400935408,Penn State,Big Ten,Rutgers,Big Ten,Home,2017-11-11T17:00:00.000Z,True,False,35,6,W,119,91,-51.753
2017,12,400935415,Penn State,Big Ten,Nebraska,Big Ten,Home,2017-11-18T21:00:00.000Z,True,False,56,44,W,105,72,-11.427
2017,13,400935419,Penn State,Big Ten,Maryland,Big Ten,Away,2017-11-25T20:30:00.000Z,True,False,66,3,W,120,76,-21.820
2017,2,400935245,Pittsburgh,ACC,Penn State,Big Ten,Away,2017-09-09T19:30:00.000Z,True,False,14,33,L,2,7,179.420
2017,3,400934509,Pittsburgh,ACC,Oklahoma State,Big 12,Home,2017-09-16T16:00:00.000Z,True,False,21,59,L,12,12,128.744
2017,4,400937473,Pittsburgh,ACC,Georgia Tech,ACC,Away,2017-09-23T16:20:00.000Z,True,False,17,35,L,71,35,63.790
2017,5,400937486,Pittsburgh,ACC,Rice,Conference USA,Home,2017-09-30T16:00:00.000Z,True,False,42,10,W,123,125,-181.712
2017,6,400937491,Pittsburgh,ACC,Syracuse,ACC,Away,2017-10-07T16:30:00.000Z,True,False,24,27,L,100,58,15.182
2017,7,400937497,Pittsburgh,ACC,NC State,ACC,Home,2017-10-14T16:00:00.000Z,True,False,17,35,L,38,16,115.649
2017,8,400937499,Pittsburgh,ACC,Duke,ACC,Away,2017-10-21T16:20:00.000Z,True,False,24,17,W,58,39,58.410
2017,9,400937509,Pittsburgh,ACC,Virginia,ACC,Home,2017-10-28T16:30:00.000Z,True,False,31,14,W,98,67,-2.549
2017,11,400937514,Pittsburgh,ACC,North Carolina,ACC,Home,2017-11-10T00:30:00.000Z,True,False,31,34,L,103,75,-15.174
2017,12,400937528,Pittsburgh,ACC,Virginia Tech,ACC,Away,2017-11-18T17:20:00.000Z,True,False,14,20,L,16,19,103.132
2017,13,400937529,Pittsburgh,ACC,Miami,ACC,Home,2017-11-24T17:00:00.000Z,True,False,24,14,W,36,14,125.827
2017,1,400935238,Purdue,Big Ten,Louisville,ACC,Home,2017-09-02T23:30:00.000Z,True,False,28,35,L,32,25,92.515
2017,1,400959398,Purdue,Big Ten,Arizona,Pac-12,Home,2017-12-28T01:30:00.000Z,True,False,38,35,W,43,51,22.474
2017,2,400935239,Purdue,Big Ten,Ohio,Mid-American,Home,2017-09-09T00:00:00.000Z,True,False,44,21,W,17,50,24.154
2017,3,400933860,Purdue,Big Ten,Missouri,SEC,Away,2017-09-16T20:00:00.000Z,True,False,35,3,W,52,42,46.653
2017,4,400935364,Purdue,Big Ten,Michigan,Big Ten,Home,2017-09-23T20:00:00.000Z,True,False,10,28,L,34,20,99.132
2017,6,400935376,Purdue,Big Ten,Minnesota,Big Ten,Home,2017-10-07T19:30:00.000Z,True,False,31,17,W,72,52,20.891
2017,7,400935382,Purdue,Big Ten,Wisconsin,Big Ten,Away,2017-10-14T19:30:00.000Z,True,False,9,17,L,3,3,199.590
2017,8,400935387,Purdue,Big Ten,Rutgers,Big Ten,Away,2017-10-21T16:00:00.000Z,True,False,12,14,L,119,91,-51.753
2017,9,400935395,Purdue,Big Ten,Nebraska,Big Ten,Home,2017-10-28T23:30:00.000Z,True,False,24,25,L,105,72,-11.427
2017,10,400935401,Purdue,Big Ten,Illinois,Big Ten,Home,2017-11-04T16:00:00.000Z,True,False,29,10,W,116,101,-78.457
2017,11,400935406,Purdue,Big Ten,Northwestern,Big Ten,Away,2017-11-12T00:00:00.000Z,True,False,13,23,L,26,30,79.056
2017,12,400935411,Purdue,Big Ten,Iowa,Big Ten,Away,2017-11-18T20:30:00.000Z,True,False,24,15,W,24,15,121.905
2017,13,400935422,Purdue,Big Ten,Indiana,Big Ten,Home,2017-11-25T17:00:00.000Z,True,False,31,24,W,73,48,31.213
2017,1,400935257,Rice,Conference USA,Stanford,Pac-12,Home,2017-08-27T02:00:00.000Z,True,False,7,62,L,19,29,86.615
2017,2,400938603,Rice,Conference USA,UTEP,Conference USA,Away,2017-09-10T00:00:00.000Z,True,False,31,14,W,127,130,-219.634
2017,3,400938610,Rice,Conference USA,Houston,American Athletic,Away,2017-09-17T00:00:00.000Z,True,False,3,38,L,41,47,31.512
2017,4,400938615,Rice,Conference USA,Florida International,Conference USA,Home,2017-09-23T23:30:00.000Z,True,False,7,13,L,83,96,-62.012
2017,5,400937486,Rice,Conference USA,Pittsburgh,ACC,Away,2017-09-30T16:00:00.000Z,True,False,10,42,L,82,44,38.192
2017,6,400934564,Rice,Conference USA,Army,FBS Independents,Home,2017-10-07T22:30:00.000Z,True,False,12,49,L,42,64,6.771
2017,8,400938642,Rice,Conference USA,UTSA,Conference USA,Away,2017-10-21T23:00:00.000Z,True,False,7,20,L,48,94,-61.233
2017,9,400938645,Rice,Conference USA,Louisiana Tech,Conference USA,Home,2017-10-28T19:30:00.000Z,True,False,28,42,L,51,79,-28.264
2017,10,400938653,Rice,Conference USA,UAB,Conference USA,Away,2017-11-04T19:00:00.000Z,True,False,21,52,L,68,104,-85.882
2017,11,400938659,Rice,Conference USA,Southern Miss,Conference USA,Home,2017-11-11T20:30:00.000Z,True,False,34,43,L,67,103,-82.942
2017,12,400938666,Rice,Conference USA,Old Dominion,Conference USA,Away,2017-11-18T19:00:00.000Z,True,False,21,24,L,110,119,-138.011
2017,13,400938672,Rice,Conference USA,North Texas,Conference USA,Home,2017-11-25T18:00:00.000Z,True,False,14,30,L,79,93,-54.495
2017,1,400935250,Rutgers,Big Ten,Washington,Pac-12,Home,2017-09-02T00:00:00.000Z,True,False,14,30,L,6,11,149.949
2017,2,400935246,Rutgers,Big Ten,Eastern Michigan,Mid-American,Home,2017-09-09T19:30:00.000Z,True,False,13,16,L,55,83,-36.265
2017,4,400935362,Rutgers,Big Ten,Nebraska,Big Ten,Away,2017-09-23T19:30:00.000Z,True,False,17,27,L,105,72,-11.427
2017,5,400935369,Rutgers,Big Ten,Ohio State,Big Ten,Home,2017-09-30T23:30:00.000Z,True,False,0,56,L,4,8,171.373
2017,7,400935378,Rutgers,Big Ten,Illinois,Big Ten,Away,2017-10-14T16:00:00.000Z,True,False,35,24,W,116,101,-78.457
2017,8,400935387,Rutgers,Big Ten,Purdue,Big Ten,Home,2017-10-21T16:00:00.000Z,True,False,14,12,W,46,32,70.042
2017,9,400935393,Rutgers,Big Ten,Michigan,Big Ten,Away,2017-10-28T16:00:00.000Z,True,False,14,35,L,34,20,99.132
2017,10,400935402,Rutgers,Big Ten,Maryland,Big Ten,Home,2017-11-04T19:30:00.000Z,True,False,31,24,W,120,76,-21.820
2017,11,400935408,Rutgers,Big Ten,Penn State,Big Ten,Away,2017-11-11T17:00:00.000Z,True,False,6,35,L,2,7,179.420
2017,12,400935410,Rutgers,Big Ten,Indiana,Big Ten,Away,2017-11-18T17:00:00.000Z,True,False,0,41,L,73,48,31.213
2017,13,400935423,Rutgers,Big Ten,Michigan State,Big Ten,Home,2017-11-25T21:00:00.000Z,True,False,7,40,L,47,21,97.809
2017,1,400954523,SMU,American Athletic,Louisiana Tech,Conference USA,Home,2017-12-21T01:00:00.000Z,True,False,10,51,L,51,79,-28.264
2017,2,400938601,SMU,American Athletic,North Texas,Conference USA,Home,2017-09-09T23:00:00.000Z,True,False,54,32,W,79,93,-54.495
2017,3,400934510,SMU,American Athletic,TCU,Big 12,Away,2017-09-16T19:30:00.000Z,True,False,36,56,L,20,13,126.671
2017,4,400941806,SMU,American Athletic,Arkansas State,Sun Belt,Home,2017-09-23T23:00:00.000Z,True,False,44,21,W,31,86,-44.685
2017,5,400941809,SMU,American Athletic,UConn,American Athletic,Home,2017-09-30T20:00:00.000Z,True,False,49,28,W,118,106,-93.970
2017,6,400941818,SMU,American Athletic,Houston,American Athletic,Away,2017-10-07T23:00:00.000Z,True,False,22,35,L,41,47,31.512
2017,8,400941826,SMU,American Athletic,Cincinnati,American Athletic,Away,2017-10-21T20:00:00.000Z,True,False,31,28,W,115,112,-108.600
2017,9,400941831,SMU,American Athletic,Tulsa,American Athletic,Home,2017-10-28T01:00:00.000Z,True,False,38,34,W,96,90,-50.842
2017,10,400941836,SMU,American Athletic,UCF,American Athletic,Home,2017-11-04T23:15:00.000Z,True,False,24,31,L,5,10,156.259
2017,11,400941841,SMU,American Athletic,Navy,American Athletic,Away,2017-11-11T20:30:00.000Z,True,False,40,43,L,44,43,42.231
2017,12,400941847,SMU,American Athletic,Memphis,American Athletic,Away,2017-11-18T17:00:00.000Z,True,False,45,66,L,18,31,77.182
2017,13,400941854,SMU,American Athletic,Tulane,American Athletic,Home,2017-11-25T17:00:00.000Z,True,False,41,38,W,94,80,-30.631
2017,1,400953391,San Diego State,Mountain West,Army,FBS Independents,Away,2017-12-23T20:30:00.000Z,True,False,35,42,L,42,64,6.771
2017,2,400935259,San Diego State,Mountain West,Arizona State,Pac-12,Away,2017-09-10T03:00:00.000Z,True,False,30,20,W,74,54,17.972
2017,3,400935276,San Diego State,Mountain West,Stanford,Pac-12,Home,2017-09-17T02:30:00.000Z,True,False,20,17,W,19,29,86.615
2017,4,400945259,San Diego State,Mountain West,Air Force,Mountain West,Away,2017-09-23T23:00:00.000Z,True,False,28,24,W,99,105,-92.345
2017,5,400944987,San Diego State,Mountain West,Northern Illinois,Mid-American,Home,2017-10-01T02:30:00.000Z,True,False,34,28,W,40,68,-7.586
2017,6,400945271,San Diego State,Mountain West,UNLV,Mountain West,Away,2017-10-08T02:45:00.000Z,True,False,41,10,W,84,99,-74.363
2017,7,400945273,San Diego State,Mountain West,Boise State,Mountain West,Home,2017-10-15T02:30:00.000Z,True,False,14,31,L,22,37,61.132
2017,8,400945282,San Diego State,Mountain West,Fresno State,Mountain West,Home,2017-10-22T02:30:00.000Z,True,False,3,27,L,49,59,11.164
2017,9,400945287,San Diego State,Mountain West,Hawai'i,Mountain West,Away,2017-10-29T03:15:00.000Z,True,False,28,7,W,117,124,-166.336
2017,10,400945294,San Diego State,Mountain West,San José State,Mountain West,Away,2017-11-05T02:30:00.000Z,True,False,52,7,W,126,127,-183.709
2017,12,400945305,San Diego State,Mountain West,Nevada,Mountain West,Home,2017-11-19T03:30:00.000Z,True,False,42,23,W,91,100,-74.937
2017,13,400945308,San Diego State,Mountain West,New Mexico,Mountain West,Home,2017-11-24T20:30:00.000Z,True,False,35,10,W,114,115,-110.763
2017,1,400941786,San José State,Mountain West,South Florida,American Athletic,Home,2017-08-26T23:30:00.000Z,True,False,22,42,L,15,38,60.486
2017,2,400934504,San José State,Mountain West,Texas,Big 12,Away,2017-09-09T19:30:00.000Z,True,False,0,56,L,28,28,88.687
2017,3,400935272,San José State,Mountain West,Utah,Pac-12,Away,2017-09-17T02:00:00.000Z,True,False,16,54,L,45,45,37.443
2017,4,400945260,San José State,Mountain West,Utah State,Mountain West,Home,2017-09-23T23:30:00.000Z,True,False,10,61,L,69,89,-48.913
2017,5,400945266,San José State,Mountain West,UNLV,Mountain West,Away,2017-10-01T02:30:00.000Z,True,False,13,41,L,84,99,-74.363
2017,6,400945269,San José State,Mountain West,Fresno State,Mountain West,Home,2017-10-07T23:30:00.000Z,True,False,10,27,L,49,59,11.164
2017,7,400945277,San José State,Mountain West,Hawai'i,Mountain West,Away,2017-10-15T03:59:00.000Z,True,False,26,37,L,117,124,-166.336
2017,9,400945288,San José State,Mountain West,BYU,FBS Independents,Away,2017-10-28T19:00:00.000Z,True,False,20,41,L,102,109,-97.193
2017,10,400945294,San José State,Mountain West,San Diego State,Mountain West,Home,2017-11-05T02:30:00.000Z,True,False,7,52,L,21,56,16.983
2017,11,400945298,San José State,Mountain West,Nevada,Mountain West,Away,2017-11-11T21:00:00.000Z,True,False,14,59,L,91,100,-74.937
2017,12,400945301,San José State,Mountain West,Colorado State,Mountain West,Away,2017-11-18T20:30:00.000Z,True,False,14,42,L,35,73,-12.518
2017,13,400945309,San José State,Mountain West,Wyoming,Mountain West,Home,2017-11-25T22:00:00.000Z,True,False,20,17,W,50,78,-27.380
2017,1,400933834,South Alabama,Sun Belt,Ole Miss,SEC,Away,2017-09-02T23:30:00.000Z,True,False,27,47,L,89,55,17.688
2017,2,400934503,South Alabama,Sun Belt,Oklahoma State,Big 12,Home,2017-09-09T00:00:00.000Z,True,False,7,44,L,12,12,128.744
2017,4,400944841,South Alabama,Sun Belt,Idaho,Sun Belt,Home,2017-09-23T18:00:00.000Z,True,False,23,29,L,95,113,-110.409
2017,5,400938624,South Alabama,Sun Belt,Louisiana Tech,Conference USA,Away,2017-09-30T23:00:00.000Z,True,False,16,34,L,51,79,-28.264
2017,7,400944851,South Alabama,Sun Belt,Troy,Sun Belt,Away,2017-10-12T00:00:00.000Z,True,False,19,8,W,13,70,-10.253
2017,8,400944859,South Alabama,Sun Belt,UL Monroe,Sun Belt,Home,2017-10-21T21:00:00.000Z,True,False,33,23,W,93,108,-96.845
2017,9,400944861,South Alabama,Sun Belt,Georgia State,Sun Belt,Away,2017-10-26T23:30:00.000Z,True,False,13,21,L,92,98,-72.755
2017,10,400944869,South Alabama,Sun Belt,Louisiana,Sun Belt,Home,2017-11-04T20:00:00.000Z,True,False,14,19,L,112,122,-148.473
2017,11,400944872,South Alabama,Sun Belt,Arkansas State,Sun Belt,Home,2017-11-11T22:00:00.000Z,True,False,24,19,W,31,86,-44.685
2017,12,400944877,South Alabama,Sun Belt,Georgia Southern,Sun Belt,Away,2017-11-18T20:00:00.000Z,True,False,0,52,L,106,121,-144.780
2017,14,400944888,South Alabama,Sun Belt,New Mexico State,Sun Belt,Away,2017-12-02T21:30:00.000Z,True,False,17,22,L,70,110,-97.602
2017,1,400933837,South Carolina,SEC,NC State,ACC,Home,2017-09-02T19:00:00.000Z,True,False,35,28,W,38,16,115.649
2017,1,400953410,South Carolina,SEC,Michigan,Big Ten,Home,2018-01-01T17:00:00.000Z,True,False,26,19,W,34,20,99.132
2017,2,400933850,South Carolina,SEC,Missouri,SEC,Away,2017-09-09T23:00:00.000Z,True,False,31,13,W,52,42,46.653
2017,3,400933861,South Carolina,SEC,Kentucky,SEC,Home,2017-09-16T23:30:00.000Z,True,False,13,23,L,87,66,4.283
2017,4,400933869,South Carolina,SEC,Louisiana Tech,Conference USA,Home,2017-09-23T19:30:00.000Z,True,False,17,16,W,51,79,-28.264
2017,5,400933879,South Carolina,SEC,Texas A&M,SEC,Away,2017-09-30T23:30:00.000Z,True,False,17,24,L,59,41,48.022
2017,6,400933883,South Carolina,SEC,Arkansas,SEC,Home,2017-10-07T20:00:00.000Z,True,False,48,22,W,111,85,-41.891
2017,7,400933892,South Carolina,SEC,Tennessee,SEC,Away,2017-10-14T16:00:00.000Z,True,False,15,9,W,109,82,-35.784
2017,9,400933902,South Carolina,SEC,Vanderbilt,SEC,Home,2017-10-28T20:00:00.000Z,True,False,34,27,W,104,71,-11.347
2017,10,400933906,South Carolina,SEC,Georgia,SEC,Away,2017-11-04T19:30:00.000Z,True,False,10,24,L,8,1,222.132
2017,11,400933918,South Carolina,SEC,Florida,SEC,Home,2017-11-11T17:00:00.000Z,True,False,28,20,W,90,57,16.267
2017,13,400933937,South Carolina,SEC,Clemson,ACC,Home,2017-11-26T00:30:00.000Z,True,False,10,34,L,9,4,196.442
2017,1,400941786,South Florida,American Athletic,San José State,Mountain West,Away,2017-08-26T23:30:00.000Z,True,False,42,22,W,126,127,-183.709
2017,1,400953390,South Florida,American Athletic,Texas Tech,Big 12,Home,2017-12-23T17:00:00.000Z,True,False,38,34,W,80,49,25.104
2017,3,400941799,South Florida,American Athletic,Illinois,Big Ten,Home,2017-09-15T23:00:00.000Z,True,False,47,23,W,116,101,-78.457
2017,4,400941803,South Florida,American Athletic,Temple,American Athletic,Home,2017-09-21T23:30:00.000Z,True,False,43,7,W,75,62,7.672
2017,5,400941810,South Florida,American Athletic,East Carolina,American Athletic,Away,2017-09-30T16:00:00.000Z,True,False,61,31,W,124,111,-107.142
2017,7,400941832,South Florida,American Athletic,Cincinnati,American Athletic,Home,2017-10-14T23:30:00.000Z,True,False,33,3,W,115,112,-108.600
2017,8,400941829,South Florida,American Athletic,Tulane,American Athletic,Away,2017-10-21T23:00:00.000Z,True,False,34,28,W,94,80,-30.631
2017,9,400941839,South Florida,American Athletic,Houston,American Athletic,Home,2017-10-28T19:45:00.000Z,True,False,24,28,L,41,47,31.512
2017,10,400985386,South Florida,American Athletic,UConn,American Athletic,Away,2017-11-04T19:30:00.000Z,True,False,37,20,W,118,106,-93.970
2017,12,400941848,South Florida,American Athletic,Tulsa,American Athletic,Home,2017-11-17T00:30:00.000Z,True,False,27,20,W,96,90,-50.842
2017,13,400941849,South Florida,American Athletic,UCF,American Athletic,Away,2017-11-24T20:30:00.000Z,True,False,42,49,L,5,10,156.259
2017,1,400933832,Southern Miss,Conference USA,Kentucky,SEC,Home,2017-09-02T20:00:00.000Z,True,False,17,24,L,87,66,4.283
2017,1,400953397,Southern Miss,Conference USA,Florida State,ACC,Away,2017-12-27T18:30:00.000Z,True,False,13,42,L,60,24,93.337
2017,3,400938611,Southern Miss,Conference USA,UL Monroe,Sun Belt,Away,2017-09-16T23:00:00.000Z,True,False,28,17,W,93,108,-96.845
2017,5,400938626,Southern Miss,Conference USA,North Texas,Conference USA,Home,2017-09-30T23:00:00.000Z,True,False,28,43,L,79,93,-54.495
2017,6,400938676,Southern Miss,Conference USA,UTSA,Conference USA,Away,2017-10-07T23:00:00.000Z,True,False,31,29,W,48,94,-61.233
2017,7,400938637,Southern Miss,Conference USA,UTEP,Conference USA,Home,2017-10-14T23:00:00.000Z,True,False,24,0,W,127,130,-219.634
2017,8,400938640,Southern Miss,Conference USA,Louisiana Tech,Conference USA,Away,2017-10-21T23:00:00.000Z,True,False,34,27,W,51,79,-28.264
2017,9,400938647,Southern Miss,Conference USA,UAB,Conference USA,Home,2017-10-28T23:00:00.000Z,True,False,12,30,L,68,104,-85.882
2017,10,400933910,Southern Miss,Conference USA,Tennessee,SEC,Away,2017-11-04T23:30:00.000Z,True,False,10,24,L,109,82,-35.784
2017,11,400938659,Southern Miss,Conference USA,Rice,Conference USA,Away,2017-11-11T20:30:00.000Z,True,False,43,34,W,123,125,-181.712
2017,12,400938661,Southern Miss,Conference USA,Charlotte,Conference USA,Home,2017-11-18T20:00:00.000Z,True,False,66,21,W,122,126,-183.197
2017,13,400938670,Southern Miss,Conference USA,Marshall,Conference USA,Away,2017-11-25T19:30:00.000Z,True,False,28,27,W,30,74,-12.619
2017,1,400935257,Stanford,Pac-12,Rice,Conference USA,Away,2017-08-27T02:00:00.000Z,True,False,62,7,W,123,125,-181.712
2017,1,400953401,Stanford,Pac-12,TCU,Big 12,Away,2017-12-29T02:00:00.000Z,True,False,37,39,L,20,13,126.671
2017,2,400935260,Stanford,Pac-12,USC,Pac-12,Away,2017-09-10T00:30:00.000Z,True,False,24,42,L,33,22,95.030
2017,3,400935276,Stanford,Pac-12,San Diego State,Mountain West,Away,2017-09-17T02:30:00.000Z,True,False,17,20,L,21,56,16.983
2017,4,400935280,Stanford,Pac-12,UCLA,Pac-12,Home,2017-09-24T02:30:00.000Z,True,False,58,34,W,86,63,6.787
2017,5,400935285,Stanford,Pac-12,Arizona State,Pac-12,Home,2017-09-30T20:00:00.000Z,True,False,34,24,W,74,54,17.972
2017,6,400935291,Stanford,Pac-12,Utah,Pac-12,Away,2017-10-08T02:15:00.000Z,True,False,23,20,W,45,45,37.443
2017,7,400935299,Stanford,Pac-12,Oregon,Pac-12,Home,2017-10-15T03:00:00.000Z,True,False,49,7,W,56,53,18.811
2017,9,400935304,Stanford,Pac-12,Oregon State,Pac-12,Away,2017-10-27T01:00:00.000Z,True,False,15,14,W,130,120,-140.010
2017,10,400935315,Stanford,Pac-12,Washington State,Pac-12,Away,2017-11-04T19:30:00.000Z,True,False,21,24,L,61,46,32.612
2017,11,400935316,Stanford,Pac-12,Washington,Pac-12,Home,2017-11-11T03:30:00.000Z,True,False,30,22,W,6,11,149.949
2017,12,400935325,Stanford,Pac-12,California,Pac-12,Home,2017-11-19T01:00:00.000Z,True,False,17,14,W,76,65,6.722
2017,13,400934583,Stanford,Pac-12,Notre Dame,FBS Independents,Home,2017-11-26T01:00:00.000Z,True,False,38,20,W,14,9,169.688
2017,14,400955149,Stanford,Pac-12,USC,Pac-12,Away,2017-12-02T01:00:00.000Z,True,False,28,31,L,33,22,95.030
2017,2,400937459,Syracuse,ACC,Middle Tennessee,Conference USA,Home,2017-09-09T19:30:00.000Z,True,False,23,30,L,64,92,-53.465
2017,3,400937466,Syracuse,ACC,Central Michigan,Mid-American,Home,2017-09-16T19:30:00.000Z,True,False,41,17,W,66,87,-47.072
2017,4,400933867,Syracuse,ACC,LSU,SEC,Away,2017-09-23T23:00:00.000Z,True,False,26,35,L,39,23,94.696
2017,5,400937485,Syracuse,ACC,NC State,ACC,Away,2017-09-30T16:20:00.000Z,True,False,25,33,L,38,16,115.649
2017,6,400937491,Syracuse,ACC,Pittsburgh,ACC,Home,2017-10-07T16:30:00.000Z,True,False,27,24,W,82,44,38.192
2017,7,400937493,Syracuse,ACC,Clemson,ACC,Home,2017-10-13T23:00:00.000Z,True,False,27,24,W,9,4,196.442
2017,8,400937502,Syracuse,ACC,Miami,ACC,Away,2017-10-21T19:30:00.000Z,True,False,19,27,L,36,14,125.827
2017,10,400937511,Syracuse,ACC,Florida State,ACC,Away,2017-11-04T16:20:00.000Z,True,False,24,27,L,60,24,93.337
2017,11,400937519,Syracuse,ACC,Wake Forest,ACC,Home,2017-11-11T20:00:00.000Z,True,False,43,64,L,53,26,92.230
2017,12,400937524,Syracuse,ACC,Louisville,ACC,Away,2017-11-18T20:30:00.000Z,True,False,10,56,L,32,25,92.515
2017,13,400937531,Syracuse,ACC,Boston College,ACC,Home,2017-11-25T17:20:00.000Z,True,False,14,42,L,57,27,91.238
2017,1,400953401,TCU,Big 12,Stanford,Pac-12,Home,2017-12-29T02:00:00.000Z,True,False,39,37,W,19,29,86.615
2017,2,400933842,TCU,Big 12,Arkansas,SEC,Away,2017-09-09T19:30:00.000Z,True,False,28,7,W,111,85,-41.891
2017,3,400934510,TCU,Big 12,SMU,American Athletic,Home,2017-09-16T19:30:00.000Z,True,False,56,36,W,78,69,-7.727
2017,4,400934516,TCU,Big 12,Oklahoma State,Big 12,Away,2017-09-23T19:30:00.000Z,True,False,44,31,W,12,12,128.744
2017,6,400934522,TCU,Big 12,West Virginia,Big 12,Home,2017-10-07T19:30:00.000Z,True,False,31,24,W,65,40,52.725
2017,7,400934530,TCU,Big 12,Kansas State,Big 12,Away,2017-10-14T19:00:00.000Z,True,False,26,6,W,37,33,66.233
2017,8,400934532,TCU,Big 12,Kansas,Big 12,Home,2017-10-22T00:00:00.000Z,True,False,43,0,W,128,107,-96.567
2017,9,400934540,TCU,Big 12,Iowa State,Big 12,Away,2017-10-28T19:30:00.000Z,True,False,7,14,L,27,18,106.690
2017,10,400934545,TCU,Big 12,Texas,Big 12,Home,2017-11-04T23:15:00.000Z,True,False,24,7,W,28,28,88.687
2017,11,400934550,TCU,Big 12,Oklahoma,Big 12,Away,2017-11-12T01:00:00.000Z,True,False,20,38,L,7,5,183.886
2017,12,400934555,TCU,Big 12,Texas Tech,Big 12,Away,2017-11-18T17:00:00.000Z,True,False,27,3,W,80,49,25.104
2017,13,400934556,TCU,Big 12,Baylor,Big 12,Home,2017-11-24T17:00:00.000Z,True,False,45,22,W,108,77,-22.438
2017,14,400955157,TCU,Big 12,Oklahoma,Big 12,Away,2017-12-02T17:30:00.000Z,True,False,17,41,L,7,5,183.886
2017,1,400934573,Temple,American Athletic,Notre Dame,FBS Independents,Away,2017-09-02T19:30:00.000Z,True,False,16,49,L,14,9,169.688
2017,1,400953387,Temple,American Athletic,Florida International,Conference USA,Away,2017-12-22T01:00:00.000Z,True,False,28,3,W,83,96,-62.012
2017,3,400941800,Temple,American Athletic,Massachusetts,FBS Independents,Home,2017-09-15T23:00:00.000Z,True,False,29,21,W,81,102,-82.581
2017,4,400941803,Temple,American Athletic,South Florida,American Athletic,Away,2017-09-21T23:30:00.000Z,True,False,7,43,L,15,38,60.486
2017,5,400941811,Temple,American Athletic,Houston,American Athletic,Home,2017-09-30T16:00:00.000Z,True,False,13,20,L,41,47,31.512
2017,6,400941817,Temple,American Athletic,East Carolina,American Athletic,Away,2017-10-07T16:00:00.000Z,True,False,34,10,W,124,111,-107.142
2017,7,400941821,Temple,American Athletic,UConn,American Athletic,Home,2017-10-14T16:00:00.000Z,True,False,24,28,L,118,106,-93.970
2017,8,400934568,Temple,American Athletic,Army,FBS Independents,Away,2017-10-21T16:00:00.000Z,True,False,28,31,L,42,64,6.771
2017,10,400941834,Temple,American Athletic,Navy,American Athletic,Home,2017-11-03T00:00:00.000Z,True,False,34,26,W,44,43,42.231
2017,11,400941840,Temple,American Athletic,Cincinnati,American Athletic,Away,2017-11-11T00:00:00.000Z,True,False,35,24,W,115,112,-108.600
2017,12,400941844,Temple,American Athletic,UCF,American Athletic,Home,2017-11-18T17:00:00.000Z,True,False,19,45,L,5,10,156.259
2017,13,400941853,Temple,American Athletic,Tulsa,American Athletic,Away,2017-11-25T21:00:00.000Z,True,False,43,22,W,96,90,-50.842
2017,1,400933840,Tennessee,SEC,Georgia Tech,ACC,Away,2017-09-05T00:00:00.000Z,True,False,42,41,W,71,35,63.790
2017,3,400933856,Tennessee,SEC,Florida,SEC,Away,2017-09-16T19:30:00.000Z,True,False,20,26,L,90,57,16.267
2017,4,400933870,Tennessee,SEC,Massachusetts,FBS Independents,Home,2017-09-23T16:00:00.000Z,True,False,17,13,W,81,102,-82.581
2017,5,400933878,Tennessee,SEC,Georgia,SEC,Home,2017-09-30T19:30:00.000Z,True,False,0,41,L,8,1,222.132
2017,7,400933892,Tennessee,SEC,South Carolina,SEC,Home,2017-10-14T16:00:00.000Z,True,False,9,15,L,62,36,63.564
2017,8,400933893,Tennessee,SEC,Alabama,SEC,Away,2017-10-21T19:30:00.000Z,True,False,7,45,L,1,2,208.113
2017,9,400933899,Tennessee,SEC,Kentucky,SEC,Away,2017-10-28T23:30:00.000Z,True,False,26,29,L,87,66,4.283
2017,10,400933910,Tennessee,SEC,Southern Miss,Conference USA,Home,2017-11-04T23:30:00.000Z,True,False,24,10,W,67,103,-82.942
2017,11,400933917,Tennessee,SEC,Missouri,SEC,Away,2017-11-12T00:30:00.000Z,True,False,17,50,L,52,42,46.653
2017,12,400933928,Tennessee,SEC,LSU,SEC,Home,2017-11-19T00:00:00.000Z,True,False,10,30,L,39,23,94.696
2017,13,400933938,Tennessee,SEC,Vanderbilt,SEC,Home,2017-11-25T21:00:00.000Z,True,False,24,42,L,104,71,-11.347
2017,1,400934495,Texas,Big 12,Maryland,Big Ten,Home,2017-09-02T16:00:00.000Z,True,False,41,51,L,120,76,-21.820
2017,1,400953399,Texas,Big 12,Missouri,SEC,Away,2017-12-28T02:00:00.000Z,True,False,33,16,W,52,42,46.653
2017,2,400934504,Texas,Big 12,San José State,Mountain West,Home,2017-09-09T19:30:00.000Z,True,False,56,0,W,126,127,-183.709
2017,3,400934511,Texas,Big 12,USC,Pac-12,Away,2017-09-17T00:30:00.000Z,True,False,24,27,L,33,22,95.030
2017,5,400934521,Texas,Big 12,Iowa State,Big 12,Away,2017-09-29T00:00:00.000Z,True,False,17,7,W,27,18,106.690
2017,6,400934524,Texas,Big 12,Kansas State,Big 12,Home,2017-10-07T23:00:00.000Z,True,False,40,34,W,37,33,66.233
2017,7,400934528,Texas,Big 12,Oklahoma,Big 12,Home,2017-10-14T19:30:00.000Z,True,False,24,29,L,7,5,183.886
2017,8,400934535,Texas,Big 12,Oklahoma State,Big 12,Home,2017-10-21T16:00:00.000Z,True,False,10,13,L,12,12,128.744
2017,9,400934538,Texas,Big 12,Baylor,Big 12,Away,2017-10-28T16:00:00.000Z,True,False,38,7,W,108,77,-22.438
2017,10,400934545,Texas,Big 12,TCU,Big 12,Away,2017-11-04T23:15:00.000Z,True,False,7,24,L,20,13,126.671
2017,11,400934546,Texas,Big 12,Kansas,Big 12,Home,2017-11-11T23:00:00.000Z,True,False,42,27,W,128,107,-96.567
2017,12,400934554,Texas,Big 12,West Virginia,Big 12,Away,2017-11-18T17:00:00.000Z,True,False,28,14,W,65,40,52.725
2017,13,400934557,Texas,Big 12,Texas Tech,Big 12,Home,2017-11-25T01:00:00.000Z,True,False,23,27,L,80,49,25.104
2017,1,400933838,Texas A&M,SEC,UCLA,Pac-12,Away,2017-09-03T23:30:00.000Z,True,False,44,45,L,86,63,6.787
2017,1,400953402,Texas A&M,SEC,Wake Forest,ACC,Home,2017-12-29T18:00:00.000Z,True,False,52,55,L,53,26,92.230
2017,3,400933862,Texas A&M,SEC,Louisiana,Sun Belt,Home,2017-09-16T16:00:00.000Z,True,False,45,21,W,112,122,-148.473
2017,4,400933864,Texas A&M,SEC,Arkansas,SEC,Away,2017-09-23T16:00:00.000Z,True,False,50,43,W,111,85,-41.891
2017,5,400933879,Texas A&M,SEC,South Carolina,SEC,Home,2017-09-30T23:30:00.000Z,True,False,24,17,W,62,36,63.564
2017,6,400933884,Texas A&M,SEC,Alabama,SEC,Home,2017-10-07T23:15:00.000Z,True,False,19,27,L,1,2,208.113
2017,7,400933887,Texas A&M,SEC,Florida,SEC,Away,2017-10-14T23:00:00.000Z,True,False,19,17,W,90,57,16.267
2017,9,400933903,Texas A&M,SEC,Mississippi State,SEC,Home,2017-10-28T23:15:00.000Z,True,False,14,35,L,25,17,113.691
2017,10,400933911,Texas A&M,SEC,Auburn,SEC,Home,2017-11-04T16:00:00.000Z,True,False,27,42,L,11,6,182.314
2017,11,400933919,Texas A&M,SEC,New Mexico,Mountain West,Home,2017-11-12T00:00:00.000Z,True,False,55,14,W,114,115,-110.763
2017,12,400933926,Texas A&M,SEC,Ole Miss,SEC,Away,2017-11-19T00:00:00.000Z,True,False,31,24,W,89,55,17.688
2017,13,400933936,Texas A&M,SEC,LSU,SEC,Away,2017-11-26T00:30:00.000Z,True,False,21,45,L,39,23,94.696
2017,2,400935262,Texas State,Sun Belt,Colorado,Pac-12,Away,2017-09-09T18:00:00.000Z,True,False,3,37,L,88,81,-33.937
2017,3,400944836,Texas State,Sun Belt,App State,Sun Belt,Home,2017-09-16T23:00:00.000Z,True,False,13,20,L,23,61,7.763
2017,4,400938620,Texas State,Sun Belt,UTSA,Conference USA,Home,2017-09-23T23:30:00.000Z,True,False,14,44,L,48,94,-61.233
2017,5,400944845,Texas State,Sun Belt,Wyoming,Mountain West,Away,2017-09-30T20:00:00.000Z,True,False,10,45,L,50,78,-27.380
2017,6,400944849,Texas State,Sun Belt,UL Monroe,Sun Belt,Home,2017-10-07T19:00:00.000Z,True,False,27,45,L,93,108,-96.845
2017,7,400944852,Texas State,Sun Belt,Louisiana,Sun Belt,Away,2017-10-12T23:30:00.000Z,True,False,7,24,L,112,122,-148.473
2017,9,400944863,Texas State,Sun Belt,Coastal Carolina,Sun Belt,Away,2017-10-28T22:00:00.000Z,True,False,27,7,W,97,118,-133.510
2017,10,400944870,Texas State,Sun Belt,New Mexico State,Sun Belt,Home,2017-11-04T19:00:00.000Z,True,False,35,45,L,70,110,-97.602
2017,11,400944873,Texas State,Sun Belt,Georgia State,Sun Belt,Home,2017-11-11T21:00:00.000Z,True,False,30,33,L,92,98,-72.755
2017,12,400944875,Texas State,Sun Belt,Arkansas State,Sun Belt,Away,2017-11-18T20:00:00.000Z,True,False,12,30,L,31,86,-44.685
2017,13,400944883,Texas State,Sun Belt,Troy,Sun Belt,Away,2017-11-24T21:00:00.000Z,True,False,9,62,L,13,70,-10.253
2017,1,400953390,Texas Tech,Big 12,South Florida,American Athletic,Away,2017-12-23T17:00:00.000Z,True,False,34,38,L,15,38,60.486
2017,3,400934512,Texas Tech,Big 12,Arizona State,Pac-12,Home,2017-09-17T00:00:00.000Z,True,False,52,45,W,74,54,17.972
2017,4,400934518,Texas Tech,Big 12,Houston,American Athletic,Away,2017-09-23T16:00:00.000Z,True,False,27,24,W,41,47,31.512
2017,5,400934520,Texas Tech,Big 12,Oklahoma State,Big 12,Home,2017-10-01T00:00:00.000Z,True,False,34,41,L,12,12,128.744
2017,6,400934525,Texas Tech,Big 12,Kansas,Big 12,Away,2017-10-07T16:00:00.000Z,True,False,65,19,W,128,107,-96.567
2017,7,400934529,Texas Tech,Big 12,West Virginia,Big 12,Away,2017-10-14T16:00:00.000Z,True,False,35,46,L,65,40,52.725
2017,8,400934531,Texas Tech,Big 12,Iowa State,Big 12,Home,2017-10-21T16:00:00.000Z,True,False,13,31,L,27,18,106.690
2017,9,400934539,Texas Tech,Big 12,Oklahoma,Big 12,Away,2017-10-29T00:00:00.000Z,True,False,27,49,L,7,5,183.886
2017,10,400934543,Texas Tech,Big 12,Kansas State,Big 12,Home,2017-11-04T16:00:00.000Z,True,False,35,42,L,37,33,66.233
2017,11,400934549,Texas Tech,Big 12,Baylor,Big 12,Away,2017-11-11T17:00:00.000Z,True,False,38,24,W,108,77,-22.438
2017,12,400934555,Texas Tech,Big 12,TCU,Big 12,Home,2017-11-18T17:00:00.000Z,True,False,3,27,L,20,13,126.671
2017,13,400934557,Texas Tech,Big 12,Texas,Big 12,Away,2017-11-25T01:00:00.000Z,True,False,27,23,W,28,28,88.687
2017,1,400953392,Toledo,Mid-American,App State,Sun Belt,Home,2017-12-24T00:00:00.000Z,True,False,0,34,L,23,61,7.763
2017,2,400944898,Toledo,Mid-American,Nevada,Mountain West,Away,2017-09-09T23:00:00.000Z,True,False,37,24,W,91,100,-74.937
2017,3,400941802,Toledo,Mid-American,Tulsa,American Athletic,Home,2017-09-16T23:00:00.000Z,True,False,54,51,W,96,90,-50.842
2017,4,400937475,Toledo,Mid-American,Miami,ACC,Away,2017-09-23T19:30:00.000Z,True,False,30,52,L,36,14,125.827
2017,6,400944991,Toledo,Mid-American,Eastern Michigan,Mid-American,Home,2017-10-07T16:00:00.000Z,True,False,20,15,W,55,83,-36.265
2017,7,400944998,Toledo,Mid-American,Central Michigan,Mid-American,Away,2017-10-14T19:30:00.000Z,True,False,30,10,W,66,87,-47.072
2017,8,400944999,Toledo,Mid-American,Akron,Mid-American,Home,2017-10-21T16:00:00.000Z,True,False,48,21,W,101,97,-71.352
2017,9,400945006,Toledo,Mid-American,Ball State,Mid-American,Away,2017-10-26T23:00:00.000Z,True,False,58,17,W,129,129,-201.106
2017,10,400945012,Toledo,Mid-American,Northern Illinois,Mid-American,Home,2017-11-02T22:00:00.000Z,True,False,27,17,W,40,68,-7.586
2017,11,400945017,Toledo,Mid-American,Ohio,Mid-American,Away,2017-11-09T00:00:00.000Z,True,False,10,38,L,17,50,24.154
2017,12,400945022,Toledo,Mid-American,Bowling Green,Mid-American,Away,2017-11-16T01:00:00.000Z,True,False,66,37,W,113,114,-110.581
2017,13,400945030,Toledo,Mid-American,Western Michigan,Mid-American,Home,2017-11-24T16:30:00.000Z,True,False,37,10,W,54,88,-47.892
2017,14,400955150,Toledo,Mid-American,Akron,Mid-American,Home,2017-12-02T17:00:00.000Z,True,False,45,28,W,101,97,-71.352
2017,1,400944830,Troy,Sun Belt,Boise State,Mountain West,Away,2017-09-02T19:45:00.000Z,True,False,13,24,L,22,37,61.132
2017,1,400953322,Troy,Sun Belt,North Texas,Conference USA,Away,2017-12-16T18:00:00.000Z,True,False,50,30,W,79,93,-54.495
2017,3,400944837,Troy,Sun Belt,New Mexico State,Sun Belt,Away,2017-09-17T00:00:00.000Z,True,False,27,24,W,70,110,-97.602
2017,4,400944818,Troy,Sun Belt,Akron,Mid-American,Home,2017-09-23T22:00:00.000Z,True,False,22,17,W,101,97,-71.352
2017,5,400933877,Troy,Sun Belt,LSU,SEC,Away,2017-09-30T23:00:00.000Z,True,False,24,21,W,39,23,94.696
2017,7,400944851,Troy,Sun Belt,South Alabama,Sun Belt,Home,2017-10-12T00:00:00.000Z,True,False,8,19,L,107,117,-126.587
2017,8,400944860,Troy,Sun Belt,Georgia State,Sun Belt,Away,2017-10-21T18:00:00.000Z,True,False,34,10,W,92,98,-72.755
2017,9,400944864,Troy,Sun Belt,Georgia Southern,Sun Belt,Home,2017-10-28T19:30:00.000Z,True,False,38,16,W,106,121,-144.780
2017,10,400944866,Troy,Sun Belt,Idaho,Sun Belt,Home,2017-11-03T01:15:00.000Z,True,False,24,21,W,95,113,-110.409
2017,11,400944874,Troy,Sun Belt,Coastal Carolina,Sun Belt,Away,2017-11-11T21:30:00.000Z,True,False,42,17,W,97,118,-133.510
2017,13,400944883,Troy,Sun Belt,Texas State,Sun Belt,Home,2017-11-24T21:00:00.000Z,True,False,62,9,W,121,128,-187.118
2017,14,400944885,Troy,Sun Belt,Arkansas State,Sun Belt,Away,2017-12-03T00:30:00.000Z,True,False,32,25,W,31,86,-44.685
2017,2,400941794,Tulane,American Athletic,Navy,American Athletic,Away,2017-09-09T19:30:00.000Z,True,False,21,23,L,44,43,42.231
2017,3,400934508,Tulane,American Athletic,Oklahoma,Big 12,Away,2017-09-16T22:00:00.000Z,True,False,14,56,L,7,5,183.886
2017,4,400934561,Tulane,American Athletic,Army,FBS Independents,Home,2017-09-23T16:00:00.000Z,True,False,21,17,W,42,64,6.771
2017,6,400941819,Tulane,American Athletic,Tulsa,American Athletic,Home,2017-10-07T15:00:00.000Z,True,False,62,28,W,96,90,-50.842
2017,7,400938633,Tulane,American Athletic,Florida International,Conference USA,Away,2017-10-14T23:00:00.000Z,True,False,10,23,L,83,96,-62.012
2017,8,400941829,Tulane,American Athletic,South Florida,American Athletic,Home,2017-10-21T23:00:00.000Z,True,False,28,34,L,15,38,60.486
2017,9,400941830,Tulane,American Athletic,Memphis,American Athletic,Away,2017-10-28T00:00:00.000Z,True,False,26,56,L,18,31,77.182
2017,10,400941837,Tulane,American Athletic,Cincinnati,American Athletic,Home,2017-11-04T20:00:00.000Z,True,False,16,17,L,115,112,-108.600
2017,11,400941843,Tulane,American Athletic,East Carolina,American Athletic,Away,2017-11-12T00:00:00.000Z,True,False,31,24,W,124,111,-107.142
2017,12,400941846,Tulane,American Athletic,Houston,American Athletic,Home,2017-11-18T21:00:00.000Z,True,False,20,17,W,41,47,31.512
2017,13,400941854,Tulane,American Athletic,SMU,American Athletic,Away,2017-11-25T17:00:00.000Z,True,False,38,41,L,78,69,-7.727
2017,1,400934493,Tulsa,American Athletic,Oklahoma State,Big 12,Away,2017-08-31T23:30:00.000Z,True,False,24,59,L,12,12,128.744
2017,2,400941798,Tulsa,American Athletic,Louisiana,Sun Belt,Home,2017-09-09T20:00:00.000Z,True,False,66,42,W,112,122,-148.473
2017,3,400941802,Tulsa,American Athletic,Toledo,Mid-American,Away,2017-09-16T23:00:00.000Z,True,False,51,54,L,29,60,10.918
2017,4,400941807,Tulsa,American Athletic,New Mexico,Mountain West,Home,2017-09-23T17:30:00.000Z,True,False,13,16,L,114,115,-110.763
2017,5,400941813,Tulsa,American Athletic,Navy,American Athletic,Home,2017-09-30T19:30:00.000Z,True,False,21,31,L,44,43,42.231
2017,6,400941819,Tulsa,American Athletic,Tulane,American Athletic,Away,2017-10-07T15:00:00.000Z,True,False,28,62,L,94,80,-30.631
2017,7,400941822,Tulsa,American Athletic,Houston,American Athletic,Home,2017-10-14T20:00:00.000Z,True,False,45,17,W,41,47,31.512
2017,8,400941827,Tulsa,American Athletic,UConn,American Athletic,Away,2017-10-21T16:00:00.000Z,True,False,14,20,L,118,106,-93.970
2017,9,400941831,Tulsa,American Athletic,SMU,American Athletic,Away,2017-10-28T01:00:00.000Z,True,False,34,38,L,78,69,-7.727
2017,10,400941835,Tulsa,American Athletic,Memphis,American Athletic,Home,2017-11-04T00:00:00.000Z,True,False,14,41,L,18,31,77.182
2017,12,400941848,Tulsa,American Athletic,South Florida,American Athletic,Away,2017-11-17T00:30:00.000Z,True,False,20,27,L,15,38,60.486
2017,13,400941853,Tulsa,American Athletic,Temple,American Athletic,Home,2017-11-25T21:00:00.000Z,True,False,22,43,L,75,62,7.672
2017,1,400953388,UAB,Conference USA,Ohio,Mid-American,Away,2017-12-22T17:30:00.000Z,True,False,6,41,L,17,50,24.154
2017,2,400938605,UAB,Conference USA,Ball State,Mid-American,Away,2017-09-09T19:00:00.000Z,True,False,31,51,L,129,129,-201.106
2017,3,400938612,UAB,Conference USA,Coastal Carolina,Sun Belt,Home,2017-09-16T17:00:00.000Z,True,False,30,23,W,97,118,-133.510
2017,4,400938618,UAB,Conference USA,North Texas,Conference USA,Away,2017-09-23T22:30:00.000Z,True,False,43,46,L,79,93,-54.495
2017,6,400938630,UAB,Conference USA,Louisiana Tech,Conference USA,Home,2017-10-07T20:00:00.000Z,True,False,23,22,W,51,79,-28.264
2017,7,400938635,UAB,Conference USA,Middle Tennessee,Conference USA,Home,2017-10-14T22:30:00.000Z,True,False,25,23,W,64,92,-53.465
2017,8,400938638,UAB,Conference USA,Charlotte,Conference USA,Away,2017-10-21T22:30:00.000Z,True,False,24,25,L,122,126,-183.197
2017,9,400938647,UAB,Conference USA,Southern Miss,Conference USA,Away,2017-10-28T23:00:00.000Z,True,False,30,12,W,67,103,-82.942
2017,10,400938653,UAB,Conference USA,Rice,Conference USA,Home,2017-11-04T19:00:00.000Z,True,False,52,21,W,123,125,-181.712
2017,11,400938660,UAB,Conference USA,UTSA,Conference USA,Away,2017-11-12T00:00:00.000Z,True,False,24,19,W,48,94,-61.233
2017,12,400933924,UAB,Conference USA,Florida,SEC,Away,2017-11-18T21:00:00.000Z,True,False,7,36,L,90,57,16.267
2017,13,400938673,UAB,Conference USA,UTEP,Conference USA,Home,2017-11-25T18:00:00.000Z,True,False,28,7,W,127,130,-219.634
2017,1,400938591,UCF,American Athletic,Florida International,Conference USA,Home,2017-08-31T22:00:00.000Z,True,False,61,17,W,83,96,-62.012
2017,1,400953411,UCF,American Athletic,Auburn,SEC,Away,2018-01-01T17:30:00.000Z,True,False,34,27,W,11,6,182.314
2017,4,400935361,UCF,American Athletic,Maryland,Big Ten,Away,2017-09-23T19:00:00.000Z,True,False,38,10,W,120,76,-21.820
2017,5,400985406,UCF,American Athletic,Memphis,American Athletic,Home,2017-09-30T23:00:00.000Z,True,False,40,13,W,18,31,77.182
2017,6,400941816,UCF,American Athletic,Cincinnati,American Athletic,Away,2017-10-08T00:00:00.000Z,True,False,51,23,W,115,112,-108.600
2017,7,400941820,UCF,American Athletic,East Carolina,American Athletic,Home,2017-10-14T23:00:00.000Z,True,False,63,21,W,124,111,-107.142
2017,8,400941825,UCF,American Athletic,Navy,American Athletic,Away,2017-10-21T19:30:00.000Z,True,False,31,21,W,44,43,42.231
2017,10,400941836,UCF,American Athletic,SMU,American Athletic,Away,2017-11-04T23:15:00.000Z,True,False,31,24,W,78,69,-7.727
2017,11,400941842,UCF,American Athletic,UConn,American Athletic,Home,2017-11-11T17:00:00.000Z,True,False,49,24,W,118,106,-93.970
2017,12,400941844,UCF,American Athletic,Temple,American Athletic,Away,2017-11-18T17:00:00.000Z,True,False,45,19,W,75,62,7.672
2017,13,400941849,UCF,American Athletic,South Florida,American Athletic,Home,2017-11-24T20:30:00.000Z,True,False,49,42,W,15,38,60.486
2017,14,400955151,UCF,American Athletic,Memphis,American Athletic,Home,2017-12-02T17:00:00.000Z,True,False,62,55,W,18,31,77.182
2017,1,400933838,UCLA,Pac-12,Texas A&M,SEC,Home,2017-09-03T23:30:00.000Z,True,False,45,44,W,59,41,48.022
2017,1,400953396,UCLA,Pac-12,Kansas State,Big 12,Home,2017-12-27T02:00:00.000Z,True,False,17,35,L,37,33,66.233
2017,2,400935261,UCLA,Pac-12,Hawai'i,Mountain West,Home,2017-09-09T21:00:00.000Z,True,False,56,23,W,117,124,-166.336
2017,3,400935270,UCLA,Pac-12,Memphis,American Athletic,Away,2017-09-16T16:00:00.000Z,True,False,45,48,L,18,31,77.182
2017,4,400935280,UCLA,Pac-12,Stanford,Pac-12,Away,2017-09-24T02:30:00.000Z,True,False,34,58,L,19,29,86.615
2017,5,400935286,UCLA,Pac-12,Colorado,Pac-12,Home,2017-10-01T02:30:00.000Z,True,False,27,23,W,88,81,-33.937
2017,7,400935295,UCLA,Pac-12,Arizona,Pac-12,Away,2017-10-15T01:00:00.000Z,True,False,30,47,L,43,51,22.474
2017,8,400935302,UCLA,Pac-12,Oregon,Pac-12,Home,2017-10-21T20:00:00.000Z,True,False,31,14,W,56,53,18.811
2017,9,400935307,UCLA,Pac-12,Washington,Pac-12,Away,2017-10-28T19:30:00.000Z,True,False,23,44,L,6,11,149.949
2017,10,400935310,UCLA,Pac-12,Utah,Pac-12,Away,2017-11-04T01:30:00.000Z,True,False,17,48,L,45,45,37.443
2017,11,400935318,UCLA,Pac-12,Arizona State,Pac-12,Home,2017-11-12T02:30:00.000Z,True,False,44,37,W,74,54,17.972
2017,12,400935323,UCLA,Pac-12,USC,Pac-12,Away,2017-11-19T01:00:00.000Z,True,False,23,28,L,33,22,95.030
2017,13,400935326,UCLA,Pac-12,California,Pac-12,Home,2017-11-25T03:30:00.000Z,True,False,30,27,W,76,65,6.722
2017,3,400937467,UConn,American Athletic,Virginia,ACC,Away,2017-09-16T16:00:00.000Z,True,False,18,38,L,98,67,-2.549
2017,4,400941838,UConn,American Athletic,East Carolina,American Athletic,Home,2017-09-24T16:00:00.000Z,True,False,38,41,L,124,111,-107.142
2017,5,400941809,UConn,American Athletic,SMU,American Athletic,Away,2017-09-30T20:00:00.000Z,True,False,28,49,L,78,69,-7.727
2017,6,400941814,UConn,American Athletic,Memphis,American Athletic,Home,2017-10-06T23:00:00.000Z,True,False,31,70,L,18,31,77.182
2017,7,400941821,UConn,American Athletic,Temple,American Athletic,Away,2017-10-14T16:00:00.000Z,True,False,28,24,W,75,62,7.672
2017,8,400941827,UConn,American Athletic,Tulsa,American Athletic,Home,2017-10-21T16:00:00.000Z,True,False,20,14,W,96,90,-50.842
2017,9,400933901,UConn,American Athletic,Missouri,SEC,Home,2017-10-28T22:30:00.000Z,True,False,12,52,L,52,42,46.653
2017,10,400985386,UConn,American Athletic,South Florida,American Athletic,Home,2017-11-04T19:30:00.000Z,True,False,20,37,L,15,38,60.486
2017,11,400941842,UConn,American Athletic,UCF,American Athletic,Away,2017-11-11T17:00:00.000Z,True,False,24,49,L,5,10,156.259
2017,12,400937520,UConn,American Athletic,Boston College,ACC,Home,2017-11-19T00:00:00.000Z,True,False,16,39,L,57,27,91.238
2017,13,400941851,UConn,American Athletic,Cincinnati,American Athletic,Away,2017-11-25T17:00:00.000Z,True,False,21,22,L,115,112,-108.600
2017,1,400941789,UL Monroe,Sun Belt,Memphis,American Athletic,Away,2017-09-01T01:20:00.000Z,True,False,29,37,L,18,31,77.182
2017,3,400938611,UL Monroe,Sun Belt,Southern Miss,Conference USA,Home,2017-09-16T23:00:00.000Z,True,False,17,28,L,67,103,-82.942
2017,4,400944842,UL Monroe,Sun Belt,Louisiana,Sun Belt,Away,2017-09-23T21:00:00.000Z,True,False,56,50,W,112,122,-148.473
2017,5,400944844,UL Monroe,Sun Belt,Coastal Carolina,Sun Belt,Home,2017-09-30T23:00:00.000Z,True,False,51,43,W,97,118,-133.510
2017,6,400944849,UL Monroe,Sun Belt,Texas State,Sun Belt,Away,2017-10-07T19:00:00.000Z,True,False,45,27,W,121,128,-187.118
2017,7,400944856,UL Monroe,Sun Belt,Georgia State,Sun Belt,Home,2017-10-14T21:00:00.000Z,True,False,37,47,L,92,98,-72.755
2017,8,400944859,UL Monroe,Sun Belt,South Alabama,Sun Belt,Away,2017-10-21T21:00:00.000Z,True,False,23,33,L,107,117,-126.587
2017,9,400944865,UL Monroe,Sun Belt,Idaho,Sun Belt,Away,2017-10-28T21:00:00.000Z,True,False,23,31,L,95,113,-110.409
2017,10,400944867,UL Monroe,Sun Belt,App State,Sun Belt,Home,2017-11-04T19:00:00.000Z,True,False,52,45,W,23,61,7.763
2017,12,400933923,UL Monroe,Sun Belt,Auburn,SEC,Away,2017-11-18T17:00:00.000Z,True,False,14,42,L,11,6,182.314
2017,13,400944880,UL Monroe,Sun Belt,Arkansas State,Sun Belt,Home,2017-11-25T20:00:00.000Z,True,False,50,67,L,31,86,-44.685
2017,14,401000149,UL Monroe,Sun Belt,Florida State,ACC,Away,2017-12-02T17:00:00.000Z,True,False,10,42,L,60,24,93.337
2017,2,400944833,UNLV,Mountain West,Idaho,Sun Belt,Away,2017-09-09T23:00:00.000Z,True,False,44,16,W,95,113,-110.409
2017,4,400935363,UNLV,Mountain West,Ohio State,Big Ten,Away,2017-09-23T16:00:00.000Z,True,False,21,54,L,4,8,171.373
2017,5,400945266,UNLV,Mountain West,San José State,Mountain West,Home,2017-10-01T02:30:00.000Z,True,False,41,13,W,126,127,-183.709
2017,6,400945271,UNLV,Mountain West,San Diego State,Mountain West,Home,2017-10-08T02:45:00.000Z,True,False,10,41,L,21,56,16.983
2017,7,400945272,UNLV,Mountain West,Air Force,Mountain West,Away,2017-10-14T18:00:00.000Z,True,False,30,34,L,99,105,-92.345
2017,8,400945281,UNLV,Mountain West,Utah State,Mountain West,Home,2017-10-21T22:00:00.000Z,True,False,28,52,L,69,89,-48.913
2017,9,400945286,UNLV,Mountain West,Fresno State,Mountain West,Away,2017-10-29T02:00:00.000Z,True,False,26,16,W,49,59,11.164
2017,10,400945293,UNLV,Mountain West,Hawai'i,Mountain West,Home,2017-11-04T22:00:00.000Z,True,False,31,23,W,117,124,-166.336
2017,11,400945299,UNLV,Mountain West,BYU,FBS Independents,Home,2017-11-11T03:30:00.000Z,True,False,21,31,L,102,109,-97.193
2017,12,400945302,UNLV,Mountain West,New Mexico,Mountain West,Away,2017-11-18T02:30:00.000Z,True,False,38,35,W,114,115,-110.763
2017,13,400945311,UNLV,Mountain West,Nevada,Mountain West,Away,2017-11-25T20:00:00.000Z,True,False,16,23,L,91,100,-74.937
2017,1,400935252,USC,Pac-12,Western Michigan,Mid-American,Home,2017-09-02T21:15:00.000Z,True,False,49,31,W,54,88,-47.892
2017,1,400953404,USC,Pac-12,Ohio State,Big Ten,Away,2017-12-30T01:30:00.000Z,True,False,7,24,L,4,8,171.373
2017,2,400935260,USC,Pac-12,Stanford,Pac-12,Home,2017-09-10T00:30:00.000Z,True,False,42,24,W,19,29,86.615
2017,3,400934511,USC,Pac-12,Texas,Big 12,Home,2017-09-17T00:30:00.000Z,True,False,27,24,W,28,28,88.687
2017,4,400935279,USC,Pac-12,California,Pac-12,Away,2017-09-23T19:30:00.000Z,True,False,30,20,W,76,65,6.722
2017,5,400935284,USC,Pac-12,Washington State,Pac-12,Away,2017-09-30T02:30:00.000Z,True,False,27,30,L,61,46,32.612
2017,6,400935290,USC,Pac-12,Oregon State,Pac-12,Home,2017-10-07T20:00:00.000Z,True,False,38,10,W,130,120,-140.010
2017,7,400935297,USC,Pac-12,Utah,Pac-12,Home,2017-10-15T00:00:00.000Z,True,False,28,27,W,45,45,37.443
2017,8,400934578,USC,Pac-12,Notre Dame,FBS Independents,Away,2017-10-21T23:30:00.000Z,True,False,14,49,L,14,9,169.688
2017,9,400935306,USC,Pac-12,Arizona State,Pac-12,Away,2017-10-29T02:45:00.000Z,True,False,48,17,W,74,54,17.972
2017,10,400935311,USC,Pac-12,Arizona,Pac-12,Home,2017-11-05T02:45:00.000Z,True,False,49,35,W,43,51,22.474
2017,11,400935319,USC,Pac-12,Colorado,Pac-12,Away,2017-11-11T21:00:00.000Z,True,False,38,24,W,88,81,-33.937
2017,12,400935323,USC,Pac-12,UCLA,Pac-12,Home,2017-11-19T01:00:00.000Z,True,False,28,23,W,86,63,6.787
2017,14,400955149,USC,Pac-12,Stanford,Pac-12,Home,2017-12-02T01:00:00.000Z,True,False,31,28,W,19,29,86.615
2017,1,400934492,UTEP,Conference USA,Oklahoma,Big 12,Away,2017-09-02T19:30:00.000Z,True,False,7,56,L,7,5,183.886
2017,2,400938603,UTEP,Conference USA,Rice,Conference USA,Home,2017-09-10T00:00:00.000Z,True,False,14,31,L,123,125,-181.712
2017,3,400935269,UTEP,Conference USA,Arizona,Pac-12,Home,2017-09-16T02:15:00.000Z,True,False,16,63,L,43,51,22.474
2017,4,400938619,UTEP,Conference USA,New Mexico State,Sun Belt,Away,2017-09-24T00:00:00.000Z,True,False,14,41,L,70,110,-97.602
2017,5,400934566,UTEP,Conference USA,Army,FBS Independents,Away,2017-09-30T19:30:00.000Z,True,False,21,35,L,42,64,6.771
2017,6,400938631,UTEP,Conference USA,Western Kentucky,Conference USA,Home,2017-10-08T00:00:00.000Z,True,False,14,15,L,85,116,-116.708
2017,7,400938637,UTEP,Conference USA,Southern Miss,Conference USA,Away,2017-10-14T23:00:00.000Z,True,False,0,24,L,67,103,-82.942
2017,9,400938648,UTEP,Conference USA,UTSA,Conference USA,Home,2017-10-29T00:00:00.000Z,True,False,14,31,L,48,94,-61.233
2017,10,400938652,UTEP,Conference USA,Middle Tennessee,Conference USA,Away,2017-11-04T23:30:00.000Z,True,False,3,30,L,64,92,-53.465
2017,11,400938658,UTEP,Conference USA,North Texas,Conference USA,Away,2017-11-11T22:00:00.000Z,True,False,10,45,L,79,93,-54.495
2017,12,400938663,UTEP,Conference USA,Louisiana Tech,Conference USA,Home,2017-11-18T20:00:00.000Z,True,False,21,42,L,51,79,-28.264
2017,13,400938673,UTEP,Conference USA,UAB,Conference USA,Away,2017-11-25T18:00:00.000Z,True,False,7,28,L,68,104,-85.882
2017,2,400934498,UTSA,Conference USA,Baylor,Big 12,Away,2017-09-10T00:00:00.000Z,True,False,17,10,W,108,77,-22.438
2017,4,400938620,UTSA,Conference USA,Texas State,Sun Belt,Away,2017-09-23T23:30:00.000Z,True,False,44,14,W,121,128,-187.118
2017,6,400938676,UTSA,Conference USA,Southern Miss,Conference USA,Home,2017-10-07T23:00:00.000Z,True,False,29,31,L,67,103,-82.942
2017,7,400938636,UTSA,Conference USA,North Texas,Conference USA,Away,2017-10-14T23:00:00.000Z,True,False,26,29,L,79,93,-54.495
2017,8,400938642,UTSA,Conference USA,Rice,Conference USA,Home,2017-10-21T23:00:00.000Z,True,False,20,7,W,123,125,-181.712
2017,9,400938648,UTSA,Conference USA,UTEP,Conference USA,Away,2017-10-29T00:00:00.000Z,True,False,31,14,W,127,130,-219.634
2017,10,400938650,UTSA,Conference USA,Florida International,Conference USA,Away,2017-11-04T23:00:00.000Z,True,False,7,14,L,83,96,-62.012
2017,11,400938660,UTSA,Conference USA,UAB,Conference USA,Home,2017-11-12T00:00:00.000Z,True,False,19,24,L,68,104,-85.882
2017,12,400938664,UTSA,Conference USA,Marshall,Conference USA,Home,2017-11-19T00:00:00.000Z,True,False,9,7,W,30,74,-12.619
2017,13,400938669,UTSA,Conference USA,Louisiana Tech,Conference USA,Away,2017-11-26T00:30:00.000Z,True,False,6,20,L,51,79,-28.264
2017,1,400953395,Utah,Pac-12,West Virginia,Big 12,Away,2017-12-26T18:30:00.000Z,True,False,30,14,W,65,40,52.725
2017,2,400935263,Utah,Pac-12,BYU,FBS Independents,Away,2017-09-10T02:15:00.000Z,True,False,19,13,W,102,109,-97.193
2017,3,400935272,Utah,Pac-12,San José State,Mountain West,Home,2017-09-17T02:00:00.000Z,True,False,54,16,W,126,127,-183.709
2017,4,400935277,Utah,Pac-12,Arizona,Pac-12,Away,2017-09-23T02:30:00.000Z,True,False,30,24,W,43,51,22.474
2017,6,400935291,Utah,Pac-12,Stanford,Pac-12,Home,2017-10-08T02:15:00.000Z,True,False,20,23,L,19,29,86.615
2017,7,400935297,Utah,Pac-12,USC,Pac-12,Away,2017-10-15T00:00:00.000Z,True,False,27,28,L,33,22,95.030
2017,8,400935301,Utah,Pac-12,Arizona State,Pac-12,Home,2017-10-21T19:30:00.000Z,True,False,10,30,L,74,54,17.972
2017,9,400935309,Utah,Pac-12,Oregon,Pac-12,Away,2017-10-28T21:45:00.000Z,True,False,20,41,L,56,53,18.811
2017,10,400935310,Utah,Pac-12,UCLA,Pac-12,Home,2017-11-04T01:30:00.000Z,True,False,48,17,W,86,63,6.787
2017,11,400935320,Utah,Pac-12,Washington State,Pac-12,Home,2017-11-11T22:30:00.000Z,True,False,25,33,L,61,46,32.612
2017,12,400935324,Utah,Pac-12,Washington,Pac-12,Away,2017-11-19T03:30:00.000Z,True,False,30,33,L,6,11,149.949
2017,13,400935329,Utah,Pac-12,Colorado,Pac-12,Home,2017-11-26T03:00:00.000Z,True,False,34,13,W,88,81,-33.937
2017,1,400935231,Utah State,Mountain West,Wisconsin,Big Ten,Away,2017-09-02T01:00:00.000Z,True,False,10,59,L,3,3,199.590
2017,1,400966332,Utah State,Mountain West,New Mexico State,Sun Belt,Home,2017-12-29T22:30:00.000Z,True,False,20,26,L,70,110,-97.602
2017,3,400937469,Utah State,Mountain West,Wake Forest,ACC,Away,2017-09-16T19:00:00.000Z,True,False,10,46,L,53,26,92.230
2017,4,400945260,Utah State,Mountain West,San José State,Mountain West,Away,2017-09-23T23:30:00.000Z,True,False,61,10,W,126,127,-183.709
2017,5,400945262,Utah State,Mountain West,BYU,FBS Independents,Home,2017-09-30T00:00:00.000Z,True,False,40,24,W,102,109,-97.193
2017,6,400945268,Utah State,Mountain West,Colorado State,Mountain West,Home,2017-10-07T20:30:00.000Z,True,False,14,27,L,35,73,-12.518
2017,7,400945276,Utah State,Mountain West,Wyoming,Mountain West,Home,2017-10-14T20:30:00.000Z,True,False,23,28,L,50,78,-27.380
2017,8,400945281,Utah State,Mountain West,UNLV,Mountain West,Away,2017-10-21T22:00:00.000Z,True,False,52,28,W,84,99,-74.363
2017,9,400945284,Utah State,Mountain West,Boise State,Mountain West,Home,2017-10-29T02:00:00.000Z,True,False,14,41,L,22,37,61.132
2017,10,400945291,Utah State,Mountain West,New Mexico,Mountain West,Away,2017-11-04T21:30:00.000Z,True,False,24,10,W,114,115,-110.763
2017,12,400945303,Utah State,Mountain West,Hawai'i,Mountain West,Home,2017-11-18T20:00:00.000Z,True,False,38,0,W,117,124,-166.336
2017,13,400945306,Utah State,Mountain West,Air Force,Mountain West,Away,2017-11-26T03:15:00.000Z,True,False,35,38,L,99,105,-92.345
2017,1,400933839,Vanderbilt,SEC,Middle Tennessee,Conference USA,Away,2017-09-03T00:00:00.000Z,True,False,28,6,W,64,92,-53.465
2017,3,400933863,Vanderbilt,SEC,Kansas State,Big 12,Home,2017-09-16T23:30:00.000Z,True,False,14,7,W,37,33,66.233
2017,4,400933871,Vanderbilt,SEC,Alabama,SEC,Home,2017-09-23T19:30:00.000Z,True,False,0,59,L,1,2,208.113
2017,5,400933875,Vanderbilt,SEC,Florida,SEC,Away,2017-09-30T16:00:00.000Z,True,False,24,38,L,90,57,16.267
2017,6,400933885,Vanderbilt,SEC,Georgia,SEC,Home,2017-10-07T16:00:00.000Z,True,False,14,45,L,8,1,222.132
2017,7,400933890,Vanderbilt,SEC,Ole Miss,SEC,Away,2017-10-14T19:30:00.000Z,True,False,35,57,L,89,55,17.688
2017,9,400933902,Vanderbilt,SEC,South Carolina,SEC,Away,2017-10-28T20:00:00.000Z,True,False,27,34,L,62,36,63.564
2017,10,400933912,Vanderbilt,SEC,Western Kentucky,Conference USA,Home,2017-11-04T16:00:00.000Z,True,False,31,17,W,85,116,-116.708
2017,11,400933920,Vanderbilt,SEC,Kentucky,SEC,Home,2017-11-11T21:00:00.000Z,True,False,21,44,L,87,66,4.283
2017,12,400933929,Vanderbilt,SEC,Missouri,SEC,Home,2017-11-19T01:00:00.000Z,True,False,17,45,L,52,42,46.653
2017,13,400933938,Vanderbilt,SEC,Tennessee,SEC,Away,2017-11-25T21:00:00.000Z,True,False,42,24,W,109,82,-35.784
2017,1,400953400,Virginia,ACC,Navy,American Athletic,Away,2017-12-28T18:30:00.000Z,True,False,7,49,L,44,43,42.231
2017,2,400935347,Virginia,ACC,Indiana,Big Ten,Home,2017-09-09T19:30:00.000Z,True,False,17,34,L,73,48,31.213
2017,3,400937467,Virginia,ACC,UConn,American Athletic,Home,2017-09-16T16:00:00.000Z,True,False,38,18,W,118,106,-93.970
2017,4,400945258,Virginia,ACC,Boise State,Mountain West,Away,2017-09-23T00:00:00.000Z,True,False,42,23,W,22,37,61.132
2017,6,400937490,Virginia,ACC,Duke,ACC,Home,2017-10-07T16:20:00.000Z,True,False,28,21,W,58,39,58.410
2017,7,400937496,Virginia,ACC,North Carolina,ACC,Away,2017-10-14T19:30:00.000Z,True,False,20,14,W,103,75,-15.174
2017,8,400937498,Virginia,ACC,Boston College,ACC,Home,2017-10-21T16:30:00.000Z,True,False,10,41,L,57,27,91.238
2017,9,400937509,Virginia,ACC,Pittsburgh,ACC,Away,2017-10-28T16:30:00.000Z,True,False,14,31,L,82,44,38.192
2017,10,400937512,Virginia,ACC,Georgia Tech,ACC,Home,2017-11-04T19:00:00.000Z,True,False,40,36,W,71,35,63.790
2017,11,400937518,Virginia,ACC,Louisville,ACC,Away,2017-11-11T20:30:00.000Z,True,False,21,38,L,32,25,92.515
2017,12,400937525,Virginia,ACC,Miami,ACC,Away,2017-11-18T17:00:00.000Z,True,False,28,44,L,36,14,125.827
2017,13,400937530,Virginia,ACC,Virginia Tech,ACC,Home,2017-11-25T01:00:00.000Z,True,False,0,10,L,16,19,103.132
2017,1,400934497,Virginia Tech,ACC,West Virginia,Big 12,Home,2017-09-03T23:30:00.000Z,True,False,31,24,W,65,40,52.725
2017,1,400953416,Virginia Tech,ACC,Oklahoma State,Big 12,Away,2017-12-28T22:15:00.000Z,True,False,21,30,L,12,12,128.744
2017,3,400937468,Virginia Tech,ACC,East Carolina,American Athletic,Away,2017-09-16T19:30:00.000Z,True,False,64,17,W,124,111,-107.142
2017,4,400937477,Virginia Tech,ACC,Old Dominion,Conference USA,Home,2017-09-23T18:00:00.000Z,True,False,38,0,W,110,119,-138.011
2017,5,400937481,Virginia Tech,ACC,Clemson,ACC,Home,2017-10-01T00:00:00.000Z,True,False,17,31,L,9,4,196.442
2017,6,400937488,Virginia Tech,ACC,Boston College,ACC,Away,2017-10-07T23:15:00.000Z,True,False,23,10,W,57,27,91.238
2017,8,400937503,Virginia Tech,ACC,North Carolina,ACC,Home,2017-10-21T19:30:00.000Z,True,False,59,7,W,103,75,-15.174
2017,9,400937506,Virginia Tech,ACC,Duke,ACC,Home,2017-10-28T23:20:00.000Z,True,False,24,3,W,58,39,58.410
2017,10,400937513,Virginia Tech,ACC,Miami,ACC,Away,2017-11-05T00:00:00.000Z,True,False,10,28,L,36,14,125.827
2017,11,400937517,Virginia Tech,ACC,Georgia Tech,ACC,Away,2017-11-11T17:20:00.000Z,True,False,22,28,L,71,35,63.790
2017,12,400937528,Virginia Tech,ACC,Pittsburgh,ACC,Home,2017-11-18T17:20:00.000Z,True,False,20,14,W,82,44,38.192
2017,13,400937530,Virginia Tech,ACC,Virginia,ACC,Away,2017-11-25T01:00:00.000Z,True,False,10,0,W,98,67,-2.549
2017,1,400953402,Wake Forest,ACC,Texas A&M,SEC,Away,2017-12-29T18:00:00.000Z,True,False,55,52,W,59,41,48.022
2017,2,400937453,Wake Forest,ACC,Boston College,ACC,Away,2017-09-09T17:00:00.000Z,True,False,34,10,W,57,27,91.238
2017,3,400937469,Wake Forest,ACC,Utah State,Mountain West,Home,2017-09-16T19:00:00.000Z,True,False,46,10,W,69,89,-48.913
2017,4,400937478,Wake Forest,ACC,App State,Sun Belt,Away,2017-09-23T19:30:00.000Z,True,False,20,19,W,23,61,7.763
2017,5,400937482,Wake Forest,ACC,Florida State,ACC,Home,2017-09-30T19:30:00.000Z,True,False,19,26,L,60,24,93.337
2017,6,400937489,Wake Forest,ACC,Clemson,ACC,Away,2017-10-07T16:00:00.000Z,True,False,14,28,L,9,4,196.442
2017,8,400937501,Wake Forest,ACC,Georgia Tech,ACC,Away,2017-10-21T23:30:00.000Z,True,False,24,38,L,71,35,63.790
2017,9,400937507,Wake Forest,ACC,Louisville,ACC,Home,2017-10-28T16:20:00.000Z,True,False,42,32,W,32,25,92.515
2017,10,400934580,Wake Forest,ACC,Notre Dame,FBS Independents,Away,2017-11-04T19:30:00.000Z,True,False,37,48,L,14,9,169.688
2017,11,400937519,Wake Forest,ACC,Syracuse,ACC,Away,2017-11-11T20:00:00.000Z,True,False,64,43,W,100,58,15.182
2017,12,400937527,Wake Forest,ACC,NC State,ACC,Home,2017-11-19T00:30:00.000Z,True,False,30,24,W,38,16,115.649
2017,13,400937532,Wake Forest,ACC,Duke,ACC,Home,2017-11-25T17:30:00.000Z,True,False,23,31,L,58,39,58.410
2017,1,400935250,Washington,Pac-12,Rutgers,Big Ten,Away,2017-09-02T00:00:00.000Z,True,False,30,14,W,119,91,-51.753
2017,1,400953407,Washington,Pac-12,Penn State,Big Ten,Away,2017-12-30T21:00:00.000Z,True,False,28,35,L,2,7,179.420
2017,3,400935275,Washington,Pac-12,Fresno State,Mountain West,Home,2017-09-17T01:30:00.000Z,True,False,48,16,W,49,59,11.164
2017,4,400935281,Washington,Pac-12,Colorado,Pac-12,Away,2017-09-24T02:00:00.000Z,True,False,37,10,W,88,81,-33.937
2017,5,400935288,Washington,Pac-12,Oregon State,Pac-12,Away,2017-10-01T00:00:00.000Z,True,False,42,7,W,130,120,-140.010
2017,6,400935293,Washington,Pac-12,California,Pac-12,Home,2017-10-08T02:45:00.000Z,True,False,38,7,W,76,65,6.722
2017,7,400935296,Washington,Pac-12,Arizona State,Pac-12,Away,2017-10-15T02:45:00.000Z,True,False,7,13,L,74,54,17.972
2017,9,400935307,Washington,Pac-12,UCLA,Pac-12,Home,2017-10-28T19:30:00.000Z,True,False,44,23,W,86,63,6.787
2017,10,400935313,Washington,Pac-12,Oregon,Pac-12,Home,2017-11-05T02:00:00.000Z,True,False,38,3,W,56,53,18.811
2017,11,400935316,Washington,Pac-12,Stanford,Pac-12,Away,2017-11-11T03:30:00.000Z,True,False,22,30,L,19,29,86.615
2017,12,400935324,Washington,Pac-12,Utah,Pac-12,Home,2017-11-19T03:30:00.000Z,True,False,33,30,W,45,45,37.443
2017,13,400935330,Washington,Pac-12,Washington State,Pac-12,Home,2017-11-26T01:00:00.000Z,True,False,41,14,W,61,46,32.612
2017,1,400959397,Washington State,Pac-12,Michigan State,Big Ten,Away,2017-12-29T02:00:00.000Z,True,False,17,42,L,47,21,97.809
2017,2,400935267,Washington State,Pac-12,Boise State,Mountain West,Home,2017-09-10T02:30:00.000Z,True,False,47,44,W,22,37,61.132
2017,3,400935274,Washington State,Pac-12,Oregon State,Pac-12,Home,2017-09-16T21:30:00.000Z,True,False,52,23,W,130,120,-140.010
2017,4,400935283,Washington State,Pac-12,Nevada,Mountain West,Home,2017-09-23T22:00:00.000Z,True,False,45,7,W,91,100,-74.937
2017,5,400935284,Washington State,Pac-12,USC,Pac-12,Home,2017-09-30T02:30:00.000Z,True,False,30,27,W,33,22,95.030
2017,6,400935292,Washington State,Pac-12,Oregon,Pac-12,Away,2017-10-08T00:00:00.000Z,True,False,33,10,W,56,53,18.811
2017,7,400935294,Washington State,Pac-12,California,Pac-12,Away,2017-10-14T02:30:00.000Z,True,False,3,37,L,76,65,6.722
2017,8,400935303,Washington State,Pac-12,Colorado,Pac-12,Home,2017-10-22T02:45:00.000Z,True,False,28,0,W,88,81,-33.937
2017,9,400935305,Washington State,Pac-12,Arizona,Pac-12,Away,2017-10-29T01:30:00.000Z,True,False,37,58,L,43,51,22.474
2017,10,400935315,Washington State,Pac-12,Stanford,Pac-12,Home,2017-11-04T19:30:00.000Z,True,False,24,21,W,19,29,86.615
2017,11,400935320,Washington State,Pac-12,Utah,Pac-12,Away,2017-11-11T22:30:00.000Z,True,False,33,25,W,45,45,37.443
2017,13,400935330,Washington State,Pac-12,Washington,Pac-12,Away,2017-11-26T01:00:00.000Z,True,False,14,41,L,6,11,149.949
2017,1,400934497,West Virginia,Big 12,Virginia Tech,ACC,Away,2017-09-03T23:30:00.000Z,True,False,24,31,L,16,19,103.132
2017,1,400953395,West Virginia,Big 12,Utah,Pac-12,Home,2017-12-26T18:30:00.000Z,True,False,14,30,L,45,45,37.443
2017,2,400934505,West Virginia,Big 12,East Carolina,American Athletic,Home,2017-09-09T16:00:00.000Z,True,False,56,20,W,124,111,-107.142
2017,4,400934514,West Virginia,Big 12,Kansas,Big 12,Away,2017-09-23T16:00:00.000Z,True,False,56,34,W,128,107,-96.567
2017,6,400934522,West Virginia,Big 12,TCU,Big 12,Away,2017-10-07T19:30:00.000Z,True,False,24,31,L,20,13,126.671
2017,7,400934529,West Virginia,Big 12,Texas Tech,Big 12,Home,2017-10-14T16:00:00.000Z,True,False,46,35,W,80,49,25.104
2017,8,400934533,West Virginia,Big 12,Baylor,Big 12,Away,2017-10-22T00:00:00.000Z,True,False,38,36,W,108,77,-22.438
2017,9,400934537,West Virginia,Big 12,Oklahoma State,Big 12,Home,2017-10-28T16:00:00.000Z,True,False,39,50,L,12,12,128.744
2017,10,400934542,West Virginia,Big 12,Iowa State,Big 12,Home,2017-11-04T19:30:00.000Z,True,False,20,16,W,27,18,106.690
2017,11,400934547,West Virginia,Big 12,Kansas State,Big 12,Away,2017-11-11T20:30:00.000Z,True,False,28,23,W,37,33,66.233
2017,12,400934554,West Virginia,Big 12,Texas,Big 12,Home,2017-11-18T17:00:00.000Z,True,False,14,28,L,28,28,88.687
2017,13,400934560,West Virginia,Big 12,Oklahoma,Big 12,Away,2017-11-25T20:45:00.000Z,True,False,31,59,L,7,5,183.886
2017,1,400953409,Western Kentucky,Conference USA,Georgia State,Sun Belt,Away,2017-12-16T19:30:00.000Z,True,False,17,27,L,92,98,-72.755
2017,2,400935241,Western Kentucky,Conference USA,Illinois,Big Ten,Away,2017-09-10T00:00:00.000Z,True,False,7,20,L,116,101,-78.457
2017,3,400938608,Western Kentucky,Conference USA,Louisiana Tech,Conference USA,Home,2017-09-16T23:00:00.000Z,True,False,22,23,L,51,79,-28.264
2017,4,400938621,Western Kentucky,Conference USA,Ball State,Mid-American,Home,2017-09-23T23:00:00.000Z,True,False,33,21,W,129,129,-201.106
2017,6,400938631,Western Kentucky,Conference USA,UTEP,Conference USA,Away,2017-10-08T00:00:00.000Z,True,False,15,14,W,127,130,-219.634
2017,7,400938632,Western Kentucky,Conference USA,Charlotte,Conference USA,Home,2017-10-14T20:30:00.000Z,True,False,45,14,W,122,126,-183.197
2017,8,400938641,Western Kentucky,Conference USA,Old Dominion,Conference USA,Away,2017-10-20T22:00:00.000Z,True,False,35,31,W,110,119,-138.011
2017,9,400938644,Western Kentucky,Conference USA,Florida Atlantic,Conference USA,Home,2017-10-28T20:30:00.000Z,True,False,28,42,L,10,34,65.069
2017,10,400933912,Western Kentucky,Conference USA,Vanderbilt,SEC,Away,2017-11-04T16:00:00.000Z,True,False,17,31,L,104,71,-11.347
2017,11,400938657,Western Kentucky,Conference USA,Marshall,Conference USA,Away,2017-11-11T23:30:00.000Z,True,False,23,30,L,30,74,-12.619
2017,12,400938665,Western Kentucky,Conference USA,Middle Tennessee,Conference USA,Home,2017-11-18T01:00:00.000Z,True,False,41,38,W,64,92,-53.465
2017,13,400938668,Western Kentucky,Conference USA,Florida International,Conference USA,Away,2017-11-25T00:00:00.000Z,True,False,17,41,L,83,96,-62.012
2017,1,400935252,Western Michigan,Mid-American,USC,Pac-12,Away,2017-09-02T21:15:00.000Z,True,False,31,49,L,33,22,95.030
2017,2,400935244,Western Michigan,Mid-American,Michigan State,Big Ten,Away,2017-09-09T19:30:00.000Z,True,False,14,28,L,47,21,97.809
2017,3,400944839,Western Michigan,Mid-American,Idaho,Sun Belt,Home,2017-09-16T23:00:00.000Z,True,False,37,28,W,95,113,-110.409
2017,5,400944905,Western Michigan,Mid-American,Ball State,Mid-American,Home,2017-09-30T23:00:00.000Z,True,False,55,3,W,129,129,-201.106
2017,6,400944993,Western Michigan,Mid-American,Buffalo,Mid-American,Away,2017-10-07T19:30:00.000Z,True,False,71,68,W,63,84,-41.310
2017,7,400944994,Western Michigan,Mid-American,Akron,Mid-American,Home,2017-10-15T17:00:00.000Z,True,False,13,14,L,101,97,-71.352
2017,8,400945004,Western Michigan,Mid-American,Eastern Michigan,Mid-American,Away,2017-10-21T18:00:00.000Z,True,False,20,17,W,55,83,-36.265
2017,10,400945010,Western Michigan,Mid-American,Central Michigan,Mid-American,Home,2017-11-02T00:00:00.000Z,True,False,28,35,L,66,87,-47.072
2017,11,400945016,Western Michigan,Mid-American,Kent State,Mid-American,Home,2017-11-09T00:00:00.000Z,True,False,48,20,W,125,123,-165.236
2017,12,400945023,Western Michigan,Mid-American,Northern Illinois,Mid-American,Away,2017-11-16T00:00:00.000Z,True,False,31,35,L,40,68,-7.586
2017,13,400945030,Western Michigan,Mid-American,Toledo,Mid-American,Away,2017-11-24T16:30:00.000Z,True,False,10,37,L,29,60,10.918
2017,1,400935231,Wisconsin,Big Ten,Utah State,Mountain West,Home,2017-09-02T01:00:00.000Z,True,False,59,10,W,69,89,-48.913
2017,1,400953408,Wisconsin,Big Ten,Miami,ACC,Away,2017-12-31T01:00:00.000Z,True,False,34,24,W,36,14,125.827
2017,2,400935348,Wisconsin,Big Ten,Florida Atlantic,Conference USA,Home,2017-09-09T16:00:00.000Z,True,False,31,14,W,10,34,65.069
2017,3,400935349,Wisconsin,Big Ten,BYU,FBS Independents,Away,2017-09-16T19:30:00.000Z,True,False,40,6,W,102,109,-97.193
2017,5,400935370,Wisconsin,Big Ten,Northwestern,Big Ten,Home,2017-09-30T16:00:00.000Z,True,False,33,24,W,26,30,79.056
2017,6,400935373,Wisconsin,Big Ten,Nebraska,Big Ten,Away,2017-10-08T00:00:00.000Z,True,False,38,17,W,105,72,-11.427
2017,7,400935382,Wisconsin,Big Ten,Purdue,Big Ten,Home,2017-10-14T19:30:00.000Z,True,False,17,9,W,46,32,70.042
2017,8,400935388,Wisconsin,Big Ten,Maryland,Big Ten,Home,2017-10-21T16:00:00.000Z,True,False,38,13,W,120,76,-21.820
2017,9,400935390,Wisconsin,Big Ten,Illinois,Big Ten,Away,2017-10-28T16:00:00.000Z,True,False,24,10,W,116,101,-78.457
2017,10,400935396,Wisconsin,Big Ten,Indiana,Big Ten,Away,2017-11-04T16:00:00.000Z,True,False,45,17,W,73,48,31.213
2017,11,400935409,Wisconsin,Big Ten,Iowa,Big Ten,Home,2017-11-11T20:30:00.000Z,True,False,38,14,W,24,15,121.905
2017,12,400935416,Wisconsin,Big Ten,Michigan,Big Ten,Home,2017-11-18T17:00:00.000Z,True,False,24,10,W,34,20,99.132
2017,13,400935421,Wisconsin,Big Ten,Minnesota,Big Ten,Away,2017-11-25T20:30:00.000Z,True,False,31,0,W,72,52,20.891
2017,14,400955156,Wisconsin,Big Ten,Ohio State,Big Ten,Home,2017-12-03T01:00:00.000Z,True,False,21,27,L,4,8,171.373
2017,1,400935233,Wyoming,Mountain West,Iowa,Big Ten,Away,2017-09-02T16:00:00.000Z,True,False,3,24,L,24,15,121.905
2017,1,400953389,Wyoming,Mountain West,Central Michigan,Mid-American,Home,2017-12-22T21:00:00.000Z,True,False,37,14,W,66,87,-47.072
2017,3,400935273,Wyoming,Mountain West,Oregon,Pac-12,Home,2017-09-16T23:00:00.000Z,True,False,13,49,L,56,53,18.811
2017,4,400945261,Wyoming,Mountain West,Hawai'i,Mountain West,Home,2017-09-24T02:15:00.000Z,True,False,28,21,W,117,124,-166.336
2017,5,400944845,Wyoming,Mountain West,Texas State,Sun Belt,Home,2017-09-30T20:00:00.000Z,True,False,45,10,W,121,128,-187.118
2017,7,400945276,Wyoming,Mountain West,Utah State,Mountain West,Away,2017-10-14T20:30:00.000Z,True,False,28,23,W,69,89,-48.913
2017,8,400945279,Wyoming,Mountain West,Boise State,Mountain West,Away,2017-10-22T02:15:00.000Z,True,False,14,24,L,22,37,61.132
2017,9,400945285,Wyoming,Mountain West,New Mexico,Mountain West,Home,2017-10-28T23:30:00.000Z,True,False,42,3,W,114,115,-110.763
2017,10,400945290,Wyoming,Mountain West,Colorado State,Mountain West,Home,2017-11-04T23:00:00.000Z,True,False,16,13,W,35,73,-12.518
2017,11,400945295,Wyoming,Mountain West,Air Force,Mountain West,Away,2017-11-12T03:15:00.000Z,True,False,28,14,W,99,105,-92.345
2017,12,400945304,Wyoming,Mountain West,Fresno State,Mountain West,Home,2017-11-18T19:00:00.000Z,True,False,7,13,L,49,59,11.164
2017,13,400945309,Wyoming,Mountain West,San José State,Mountain West,Away,2017-11-25T22:00:00.000Z,True,False,17,20,L,126,127,-183.709
