Season,Week,GameId,Team,Conference,Opponent,OpponentConference,Location,StartDate,Completed,Live,TeamPoints,OpponentPoints,Result,OpponentRk,OpponentAdjRk,OpponentAdjRtg
2018,2,401014983,Air Force,Mountain West,Florida Atlantic,Conference USA,Away,2018-09-08T18:00:00.000Z,True,False,26,33,L,74,72,-13.459
2018,4,401022522,Air Force,Mountain West,Utah State,Mountain West,Away,2018-09-23T02:30:00.000Z,True,False,32,42,L,3,32,69.025
2018,5,401022525,Air Force,Mountain West,Nevada,Mountain West,Home,2018-09-29T20:00:00.000Z,True,False,25,28,L,65,86,-33.528
2018,6,401019504,Air Force,Mountain West,Navy,American Athletic,Home,2018-10-06T19:30:00.000Z,True,False,35,7,W,112,103,-92.606
2018,7,401022533,Air Force,Mountain West,San Diego State,Mountain West,Away,2018-10-13T01:00:00.000Z,True,False,17,21,L,76,90,-46.968
2018,8,401022539,Air Force,Mountain West,UNLV,Mountain West,Away,2018-10-20T02:00:00.000Z,True,False,41,35,W,109,109,-120.450
2018,9,401022544,Air Force,Mountain West,Boise State,Mountain West,Home,2018-10-27T23:00:00.000Z,True,False,38,48,L,13,28,80.702
2018,10,401013373,Air Force,Mountain West,Army,FBS Independents,Away,2018-11-03T12:00:00.000Z,True,False,14,17,L,4,27,81.714
2018,11,401022554,Air Force,Mountain West,New Mexico,Mountain West,Home,2018-11-10T20:30:00.000Z,True,False,42,24,W,108,111,-125.203
2018,12,401022559,Air Force,Mountain West,Wyoming,Mountain West,Away,2018-11-17T21:00:00.000Z,True,False,27,35,L,73,83,-26.992
2018,13,401022565,Air Force,Mountain West,Colorado State,Mountain West,Home,2018-11-22T20:30:00.000Z,True,False,27,19,W,117,114,-129.253
2018,3,401013343,Akron,Mid-American,Northwestern,Big Ten,Away,2018-09-15T23:30:00.000Z,True,False,39,34,W,62,37,62.327
2018,4,401013040,Akron,Mid-American,Iowa State,Big 12,Away,2018-09-22T16:00:00.000Z,True,False,13,26,L,49,22,99.642
2018,6,401020812,Akron,Mid-American,Miami (OH),Mid-American,Home,2018-10-06T19:30:00.000Z,True,False,17,41,L,53,75,-17.863
2018,7,401020756,Akron,Mid-American,Buffalo,Mid-American,Away,2018-10-13T16:00:00.000Z,True,False,6,24,L,36,62,0.361
2018,8,401020761,Akron,Mid-American,Kent State,Mid-American,Away,2018-10-20T19:30:00.000Z,True,False,24,23,W,121,120,-145.593
2018,9,401020768,Akron,Mid-American,Central Michigan,Mid-American,Home,2018-10-27T16:00:00.000Z,True,False,17,10,W,110,116,-131.207
2018,10,401020772,Akron,Mid-American,Northern Illinois,Mid-American,Home,2018-11-01T23:00:00.000Z,True,False,26,36,L,77,88,-40.536
2018,11,401020778,Akron,Mid-American,Eastern Michigan,Mid-American,Away,2018-11-10T17:00:00.000Z,True,False,7,27,L,59,87,-39.526
2018,12,401020784,Akron,Mid-American,Bowling Green,Mid-American,Home,2018-11-17T20:30:00.000Z,True,False,6,21,L,125,124,-161.701
2018,13,401020787,Akron,Mid-American,Ohio,Mid-American,Away,2018-11-23T17:00:00.000Z,True,False,28,49,L,7,36,62.643
2018,14,401098253,Akron,Mid-American,South Carolina,SEC,Away,2018-12-01T17:00:00.000Z,True,False,3,28,L,64,34,66.567
2018,1,401012246,Alabama,SEC,Louisville,ACC,Home,2018-09-02T00:00:00.000Z,True,False,51,14,W,129,108,-110.724
2018,1,401032078,Alabama,SEC,Oklahoma,Big 12,Home,2018-12-30T01:00:00.000Z,True,False,45,34,W,12,4,174.364
2018,1,401032087,Alabama,SEC,Clemson,ACC,Home,2019-01-08T01:00:00.000Z,True,False,16,44,L,1,2,233.788
2018,2,401012260,Alabama,SEC,Arkansas State,Sun Belt,Home,2018-09-08T19:30:00.000Z,True,False,57,7,W,50,67,-9.946
2018,3,401012277,Alabama,SEC,Ole Miss,SEC,Away,2018-09-15T23:00:00.000Z,True,False,62,7,W,89,55,28.367
2018,4,401012284,Alabama,SEC,Texas A&M,SEC,Home,2018-09-22T19:30:00.000Z,True,False,45,23,W,39,15,123.816
2018,5,401012292,Alabama,SEC,Louisiana,Sun Belt,Home,2018-09-29T16:00:00.000Z,True,False,56,14,W,91,94,-60.151
2018,6,401012300,Alabama,SEC,Arkansas,SEC,Away,2018-10-06T16:00:00.000Z,True,False,65,31,W,124,89,-42.984
2018,7,401012307,Alabama,SEC,Missouri,SEC,Home,2018-10-13T23:00:00.000Z,True,False,39,10,W,22,8,145.255
2018,8,401012318,Alabama,SEC,Tennessee,SEC,Away,2018-10-20T19:30:00.000Z,True,False,58,21,W,106,61,7.621
2018,10,401012327,Alabama,SEC,LSU,SEC,Away,2018-11-04T00:00:00.000Z,True,False,29,0,W,25,7,146.658
2018,11,401012331,Alabama,SEC,Mississippi State,SEC,Home,2018-11-10T20:30:00.000Z,True,False,24,0,W,18,9,145.105
2018,13,401012350,Alabama,SEC,Auburn,SEC,Home,2018-11-24T20:30:00.000Z,True,False,52,21,W,29,21,100.333
2018,14,401056705,Alabama,SEC,Georgia,SEC,Away,2018-12-01T21:00:00.000Z,True,False,35,28,W,5,3,221.520
2018,1,401013349,App State,Sun Belt,Penn State,Big Ten,Away,2018-09-01T19:30:00.000Z,True,False,38,45,L,19,16,117.492
2018,1,401032057,App State,Sun Belt,Middle Tennessee,Conference USA,Home,2018-12-16T02:00:00.000Z,True,False,45,13,W,68,84,-27.398
2018,2,401014981,App State,Sun Belt,Charlotte,Conference USA,Away,2018-09-08T22:00:00.000Z,True,False,45,9,W,101,113,-125.729
2018,5,401021665,App State,Sun Belt,South Alabama,Sun Belt,Home,2018-09-29T19:30:00.000Z,True,False,52,7,W,127,125,-162.728
2018,7,401021672,App State,Sun Belt,Arkansas State,Sun Belt,Away,2018-10-10T00:00:00.000Z,True,False,35,9,W,50,67,-9.946
2018,8,401021677,App State,Sun Belt,Louisiana,Sun Belt,Home,2018-10-20T19:30:00.000Z,True,False,27,17,W,91,94,-60.151
2018,9,401021680,App State,Sun Belt,Georgia Southern,Sun Belt,Away,2018-10-25T23:30:00.000Z,True,False,14,34,L,37,63,-0.847
2018,10,401021683,App State,Sun Belt,Coastal Carolina,Sun Belt,Away,2018-11-03T21:00:00.000Z,True,False,23,7,W,104,112,-125.257
2018,11,401021702,App State,Sun Belt,Texas State,Sun Belt,Away,2018-11-10T21:00:00.000Z,True,False,38,7,W,103,122,-156.904
2018,12,401021692,App State,Sun Belt,Georgia State,Sun Belt,Home,2018-11-17T19:30:00.000Z,True,False,45,17,W,120,126,-164.412
2018,13,401021697,App State,Sun Belt,Troy,Sun Belt,Home,2018-11-24T19:30:00.000Z,True,False,21,10,W,44,70,-12.899
2018,14,401056701,App State,Sun Belt,Louisiana,Sun Belt,Home,2018-12-01T17:00:00.000Z,True,False,30,19,W,91,94,-60.151
2018,1,401012676,Arizona,Pac-12,BYU,FBS Independents,Home,2018-09-02T02:45:00.000Z,True,False,23,28,L,51,65,-5.413
2018,2,401012726,Arizona,Pac-12,Houston,American Athletic,Away,2018-09-08T16:00:00.000Z,True,False,18,45,L,56,80,-22.819
2018,4,401012750,Arizona,Pac-12,Oregon State,Pac-12,Away,2018-09-22T20:00:00.000Z,True,False,35,14,W,128,118,-134.872
2018,5,401012753,Arizona,Pac-12,USC,Pac-12,Home,2018-09-30T02:30:00.000Z,True,False,20,24,L,67,60,9.603
2018,6,401012759,Arizona,Pac-12,California,Pac-12,Home,2018-10-07T02:00:00.000Z,True,False,24,17,W,69,66,-7.994
2018,7,401012764,Arizona,Pac-12,Utah,Pac-12,Away,2018-10-13T02:00:00.000Z,True,False,10,42,L,35,25,85.664
2018,8,401012769,Arizona,Pac-12,UCLA,Pac-12,Away,2018-10-21T02:30:00.000Z,True,False,30,31,L,99,78,-19.332
2018,9,401012775,Arizona,Pac-12,Oregon,Pac-12,Home,2018-10-28T02:30:00.000Z,True,False,44,15,W,32,48,47.856
2018,10,401012780,Arizona,Pac-12,Colorado,Pac-12,Home,2018-11-03T02:30:00.000Z,True,False,42,34,W,79,73,-14.651
2018,12,401012795,Arizona,Pac-12,Washington State,Pac-12,Away,2018-11-18T03:30:00.000Z,True,False,28,69,L,16,20,103.438
2018,13,401012799,Arizona,Pac-12,Arizona State,Pac-12,Home,2018-11-24T20:30:00.000Z,True,False,40,41,L,47,56,28.252
2018,1,401012677,Arizona State,Pac-12,UTSA,Conference USA,Home,2018-09-02T02:30:00.000Z,True,False,49,7,W,123,127,-164.871
2018,1,401032055,Arizona State,Pac-12,Fresno State,Mountain West,Away,2018-12-15T20:30:00.000Z,True,False,20,31,L,9,23,96.413
2018,2,401012727,Arizona State,Pac-12,Michigan State,Big Ten,Home,2018-09-09T02:45:00.000Z,True,False,16,13,W,57,41,60.158
2018,3,401012738,Arizona State,Pac-12,San Diego State,Mountain West,Away,2018-09-16T02:30:00.000Z,True,False,21,28,L,76,90,-46.968
2018,4,401012751,Arizona State,Pac-12,Washington,Pac-12,Away,2018-09-23T02:30:00.000Z,True,False,20,27,L,28,19,106.321
2018,5,401012754,Arizona State,Pac-12,Oregon State,Pac-12,Home,2018-09-30T02:00:00.000Z,True,False,52,24,W,128,118,-134.872
2018,6,401012761,Arizona State,Pac-12,Colorado,Pac-12,Away,2018-10-06T20:00:00.000Z,True,False,21,28,L,79,73,-14.651
2018,8,401012768,Arizona State,Pac-12,Stanford,Pac-12,Home,2018-10-19T01:00:00.000Z,True,False,13,20,L,45,40,60.358
2018,9,401012776,Arizona State,Pac-12,USC,Pac-12,Away,2018-10-27T19:30:00.000Z,True,False,38,35,W,67,60,9.603
2018,10,401012781,Arizona State,Pac-12,Utah,Pac-12,Home,2018-11-03T20:00:00.000Z,True,False,38,20,W,35,25,85.664
2018,11,401012786,Arizona State,Pac-12,UCLA,Pac-12,Home,2018-11-10T19:00:00.000Z,True,False,31,28,W,99,78,-19.332
2018,12,401012793,Arizona State,Pac-12,Oregon,Pac-12,Away,2018-11-18T03:30:00.000Z,True,False,29,31,L,32,48,47.856
2018,13,401012799,Arizona State,Pac-12,Arizona,Pac-12,Away,2018-11-24T20:30:00.000Z,True,False,41,40,W,80,68,-9.965
2018,2,401012261,Arkansas,SEC,Colorado State,Mountain West,Away,2018-09-08T23:30:00.000Z,True,False,27,34,L,117,114,-129.253
2018,3,401012272,Arkansas,SEC,North Texas,Conference USA,Home,2018-09-15T20:00:00.000Z,True,False,17,44,L,30,79,-22.388
2018,4,401012285,Arkansas,SEC,Auburn,SEC,Away,2018-09-22T23:30:00.000Z,True,False,3,34,L,29,21,100.333
2018,5,401012293,Arkansas,SEC,Texas A&M,SEC,Away,2018-09-29T16:00:00.000Z,True,False,17,24,L,39,15,123.816
2018,6,401012300,Arkansas,SEC,Alabama,SEC,Home,2018-10-06T16:00:00.000Z,True,False,31,65,L,2,1,243.792
2018,7,401012308,Arkansas,SEC,Ole Miss,SEC,Home,2018-10-13T23:30:00.000Z,True,False,33,37,L,89,55,28.367
2018,8,401012313,Arkansas,SEC,Tulsa,American Athletic,Home,2018-10-20T16:00:00.000Z,True,False,23,0,W,95,105,-98.714
2018,9,401012319,Arkansas,SEC,Vanderbilt,SEC,Home,2018-10-27T16:00:00.000Z,True,False,31,45,L,55,24,86.550
2018,11,401012332,Arkansas,SEC,LSU,SEC,Home,2018-11-11T00:30:00.000Z,True,False,17,24,L,25,7,146.658
2018,12,401012344,Arkansas,SEC,Mississippi State,SEC,Away,2018-11-17T17:00:00.000Z,True,False,6,52,L,18,9,145.105
2018,13,401012354,Arkansas,SEC,Missouri,SEC,Away,2018-11-23T19:30:00.000Z,True,False,0,38,L,22,8,145.255
2018,1,401035252,Arkansas State,Sun Belt,Nevada,Mountain West,Away,2018-12-29T18:15:00.000Z,True,False,13,16,L,65,86,-33.528
2018,2,401012260,Arkansas State,Sun Belt,Alabama,SEC,Away,2018-09-08T19:30:00.000Z,True,False,7,57,L,2,1,243.792
2018,3,401019488,Arkansas State,Sun Belt,Tulsa,American Athletic,Away,2018-09-15T23:00:00.000Z,True,False,29,20,W,95,105,-98.714
2018,4,401021662,Arkansas State,Sun Belt,UNLV,Mountain West,Home,2018-09-22T23:00:00.000Z,True,False,27,20,W,109,109,-120.450
2018,5,401021666,Arkansas State,Sun Belt,Georgia Southern,Sun Belt,Away,2018-09-29T22:00:00.000Z,True,False,21,28,L,37,63,-0.847
2018,7,401021672,Arkansas State,Sun Belt,App State,Sun Belt,Home,2018-10-10T00:00:00.000Z,True,False,9,35,L,6,29,75.510
2018,8,401021676,Arkansas State,Sun Belt,Georgia State,Sun Belt,Home,2018-10-18T23:30:00.000Z,True,False,51,35,W,120,126,-164.412
2018,9,401021681,Arkansas State,Sun Belt,Louisiana,Sun Belt,Away,2018-10-27T23:00:00.000Z,True,False,43,47,L,91,94,-60.151
2018,10,401021684,Arkansas State,Sun Belt,South Alabama,Sun Belt,Home,2018-11-03T19:00:00.000Z,True,False,38,14,W,127,125,-162.728
2018,11,401021688,Arkansas State,Sun Belt,Coastal Carolina,Sun Belt,Away,2018-11-10T22:00:00.000Z,True,False,44,16,W,104,112,-125.257
2018,12,401021693,Arkansas State,Sun Belt,UL Monroe,Sun Belt,Home,2018-11-17T20:00:00.000Z,True,False,31,17,W,92,101,-79.365
2018,13,401021698,Arkansas State,Sun Belt,Texas State,Sun Belt,Away,2018-11-24T21:00:00.000Z,True,False,33,7,W,103,122,-156.904
2018,1,401013089,Army,FBS Independents,Duke,ACC,Away,2018-08-31T23:00:00.000Z,True,False,14,34,L,71,44,56.628
2018,1,401032064,Army,FBS Independents,Houston,American Athletic,Home,2018-12-22T20:30:00.000Z,True,False,70,14,W,56,80,-22.819
2018,2,401013367,Army,FBS Independents,Liberty,FBS Independents,Home,2018-09-08T16:00:00.000Z,True,False,38,14,W,96,107,-107.391
2018,3,401013368,Army,FBS Independents,Hawai'i,Mountain West,Home,2018-09-15T16:00:00.000Z,True,False,28,21,W,88,100,-78.652
2018,4,401013066,Army,FBS Independents,Oklahoma,Big 12,Away,2018-09-22T23:00:00.000Z,True,False,21,28,L,12,4,174.364
2018,5,401013369,Army,FBS Independents,Buffalo,Mid-American,Away,2018-09-29T16:00:00.000Z,True,False,42,13,W,36,62,0.361
2018,7,401013370,Army,FBS Independents,San José State,Mountain West,Away,2018-10-13T19:30:00.000Z,True,False,52,3,W,116,106,-103.298
2018,8,401013371,Army,FBS Independents,Miami (OH),Mid-American,Home,2018-10-20T16:00:00.000Z,True,False,31,30,W,53,75,-17.863
2018,9,401013372,Army,FBS Independents,Eastern Michigan,Mid-American,Away,2018-10-27T16:00:00.000Z,True,False,37,22,W,59,87,-39.526
2018,10,401013373,Army,FBS Independents,Air Force,Mountain West,Home,2018-11-03T12:00:00.000Z,True,False,17,14,W,58,77,-18.944
2018,15,401013376,Army,FBS Independents,Navy,American Athletic,Home,2018-12-08T20:00:00.000Z,True,False,17,10,W,112,103,-92.606
2018,1,401012248,Auburn,SEC,Washington,Pac-12,Home,2018-09-01T19:30:00.000Z,True,False,21,16,W,28,19,106.321
2018,1,401032073,Auburn,SEC,Purdue,Big Ten,Home,2018-12-28T18:30:00.000Z,True,False,63,14,W,63,33,68.030
2018,3,401012273,Auburn,SEC,LSU,SEC,Home,2018-09-15T19:30:00.000Z,True,False,21,22,L,25,7,146.658
2018,4,401012285,Auburn,SEC,Arkansas,SEC,Home,2018-09-22T23:30:00.000Z,True,False,34,3,W,124,89,-42.984
2018,5,401012294,Auburn,SEC,Southern Miss,Conference USA,Home,2018-09-29T20:00:00.000Z,True,False,24,13,W,60,97,-69.221
2018,6,401012304,Auburn,SEC,Mississippi State,SEC,Away,2018-10-06T23:30:00.000Z,True,False,9,23,L,18,9,145.105
2018,7,401012309,Auburn,SEC,Tennessee,SEC,Home,2018-10-13T16:00:00.000Z,True,False,24,30,L,106,61,7.621
2018,8,401012316,Auburn,SEC,Ole Miss,SEC,Away,2018-10-20T16:00:00.000Z,True,False,31,16,W,89,55,28.367
2018,10,401012324,Auburn,SEC,Texas A&M,SEC,Home,2018-11-03T16:00:00.000Z,True,False,28,24,W,39,15,123.816
2018,11,401012334,Auburn,SEC,Georgia,SEC,Away,2018-11-11T00:00:00.000Z,True,False,10,27,L,5,3,221.520
2018,12,401012339,Auburn,SEC,Liberty,FBS Independents,Home,2018-11-17T21:00:00.000Z,True,False,53,0,W,96,107,-107.391
2018,13,401012350,Auburn,SEC,Alabama,SEC,Away,2018-11-24T20:30:00.000Z,True,False,21,52,L,2,1,243.792
2018,1,401012676,BYU,FBS Independents,Arizona,Pac-12,Away,2018-09-02T02:45:00.000Z,True,False,28,23,W,80,68,-9.965
2018,1,401032062,BYU,FBS Independents,Western Michigan,Mid-American,Home,2018-12-21T21:00:00.000Z,True,False,49,18,W,97,99,-71.278
2018,2,401012735,BYU,FBS Independents,California,Pac-12,Home,2018-09-09T02:15:00.000Z,True,False,18,21,L,69,66,-7.994
2018,3,401013356,BYU,FBS Independents,Wisconsin,Big Ten,Away,2018-09-15T19:30:00.000Z,True,False,24,21,W,31,30,74.492
2018,5,401012755,BYU,FBS Independents,Washington,Pac-12,Away,2018-09-30T00:30:00.000Z,True,False,7,35,L,28,19,106.321
2018,6,401016407,BYU,FBS Independents,Utah State,Mountain West,Home,2018-10-06T01:00:00.000Z,True,False,20,45,L,3,32,69.025
2018,7,401016408,BYU,FBS Independents,Hawai'i,Mountain West,Home,2018-10-14T02:15:00.000Z,True,False,49,23,W,88,100,-78.652
2018,9,401016409,BYU,FBS Independents,Northern Illinois,Mid-American,Home,2018-10-27T19:30:00.000Z,True,False,6,7,L,77,88,-40.536
2018,10,401016410,BYU,FBS Independents,Boise State,Mountain West,Away,2018-11-04T02:15:00.000Z,True,False,16,21,L,13,28,80.702
2018,11,401013366,BYU,FBS Independents,Massachusetts,FBS Independents,Away,2018-11-10T17:00:00.000Z,True,False,35,16,W,115,119,-135.747
2018,12,401013446,BYU,FBS Independents,New Mexico State,FBS Independents,Home,2018-11-18T03:15:00.000Z,True,False,45,10,W,118,123,-159.784
2018,13,401012802,BYU,FBS Independents,Utah,Pac-12,Away,2018-11-25T03:00:00.000Z,True,False,27,35,L,35,25,85.664
2018,2,401013377,Ball State,Mid-American,Notre Dame,FBS Independents,Away,2018-09-08T19:30:00.000Z,True,False,16,24,L,17,12,138.907
2018,3,401012853,Ball State,Mid-American,Indiana,Big Ten,Away,2018-09-15T16:00:00.000Z,True,False,10,38,L,82,58,18.275
2018,4,401015000,Ball State,Mid-American,Western Kentucky,Conference USA,Home,2018-09-22T19:00:00.000Z,True,False,20,28,L,93,117,-131.767
2018,5,401020687,Ball State,Mid-American,Kent State,Mid-American,Home,2018-09-29T19:00:00.000Z,True,False,52,24,W,121,120,-145.593
2018,6,401020754,Ball State,Mid-American,Northern Illinois,Mid-American,Home,2018-10-06T19:00:00.000Z,True,False,16,24,L,77,88,-40.536
2018,7,401020757,Ball State,Mid-American,Central Michigan,Mid-American,Away,2018-10-13T19:00:00.000Z,True,False,24,23,W,110,116,-131.207
2018,8,401020764,Ball State,Mid-American,Eastern Michigan,Mid-American,Home,2018-10-20T19:00:00.000Z,True,False,20,42,L,59,87,-39.526
2018,9,401020766,Ball State,Mid-American,Ohio,Mid-American,Away,2018-10-25T23:00:00.000Z,True,False,14,52,L,7,36,62.643
2018,10,401020771,Ball State,Mid-American,Toledo,Mid-American,Away,2018-10-31T23:30:00.000Z,True,False,13,45,L,40,76,-18.849
2018,12,401020780,Ball State,Mid-American,Western Michigan,Mid-American,Home,2018-11-13T23:00:00.000Z,True,False,42,41,W,97,99,-71.278
2018,13,401020785,Ball State,Mid-American,Miami (OH),Mid-American,Away,2018-11-21T00:00:00.000Z,True,False,21,42,L,53,75,-17.863
2018,1,401032072,Baylor,Big 12,Vanderbilt,SEC,Away,2018-12-28T02:00:00.000Z,True,False,45,38,W,55,24,86.550
2018,2,401013027,Baylor,Big 12,UTSA,Conference USA,Away,2018-09-08T23:00:00.000Z,True,False,37,20,W,123,127,-164.871
2018,3,401013028,Baylor,Big 12,Duke,ACC,Home,2018-09-15T19:30:00.000Z,True,False,27,40,L,71,44,56.628
2018,4,401013029,Baylor,Big 12,Kansas,Big 12,Home,2018-09-22T19:30:00.000Z,True,False,26,7,W,94,69,-12.473
2018,5,401013030,Baylor,Big 12,Oklahoma,Big 12,Away,2018-09-29T19:30:00.000Z,True,False,33,66,L,12,4,174.364
2018,6,401013031,Baylor,Big 12,Kansas State,Big 12,Home,2018-10-06T19:30:00.000Z,True,False,37,34,W,81,52,36.959
2018,7,401013032,Baylor,Big 12,Texas,Big 12,Away,2018-10-13T19:30:00.000Z,True,False,17,23,L,42,18,113.548
2018,9,401013033,Baylor,Big 12,West Virginia,Big 12,Away,2018-10-25T23:00:00.000Z,True,False,14,58,L,20,13,136.492
2018,10,401013034,Baylor,Big 12,Oklahoma State,Big 12,Home,2018-11-03T16:00:00.000Z,True,False,35,31,W,46,26,83.963
2018,11,401013035,Baylor,Big 12,Iowa State,Big 12,Away,2018-11-10T20:30:00.000Z,True,False,14,28,L,49,22,99.642
2018,12,401013036,Baylor,Big 12,TCU,Big 12,Home,2018-11-17T17:00:00.000Z,True,False,9,16,L,78,47,48.606
2018,13,401013037,Baylor,Big 12,Texas Tech,Big 12,Away,2018-11-24T17:00:00.000Z,True,False,35,24,W,66,42,58.757
2018,1,401021656,Boise State,Mountain West,Troy,Sun Belt,Away,2018-09-01T22:00:00.000Z,True,False,56,20,W,44,70,-12.899
2018,2,401019483,Boise State,Mountain West,UConn,American Athletic,Home,2018-09-09T02:15:00.000Z,True,False,62,7,W,130,128,-185.437
2018,3,401013491,Boise State,Mountain West,Oklahoma State,Big 12,Away,2018-09-15T19:30:00.000Z,True,False,21,44,L,46,26,83.963
2018,5,401022526,Boise State,Mountain West,Wyoming,Mountain West,Away,2018-09-29T23:00:00.000Z,True,False,34,14,W,73,83,-26.992
2018,6,401022528,Boise State,Mountain West,San Diego State,Mountain West,Home,2018-10-06T19:30:00.000Z,True,False,13,19,L,76,90,-46.968
2018,7,401022534,Boise State,Mountain West,Nevada,Mountain West,Away,2018-10-14T02:30:00.000Z,True,False,31,27,W,65,86,-33.528
2018,8,401022538,Boise State,Mountain West,Colorado State,Mountain West,Home,2018-10-20T01:00:00.000Z,True,False,56,28,W,117,114,-129.253
2018,9,401022544,Boise State,Mountain West,Air Force,Mountain West,Away,2018-10-27T23:00:00.000Z,True,False,48,38,W,58,77,-18.944
2018,10,401016410,Boise State,Mountain West,BYU,FBS Independents,Home,2018-11-04T02:15:00.000Z,True,False,21,16,W,51,65,-5.413
2018,11,401022556,Boise State,Mountain West,Fresno State,Mountain West,Home,2018-11-10T03:15:00.000Z,True,False,24,17,W,9,23,96.413
2018,12,401022560,Boise State,Mountain West,New Mexico,Mountain West,Away,2018-11-17T02:00:00.000Z,True,False,45,14,W,108,111,-125.203
2018,13,401022566,Boise State,Mountain West,Utah State,Mountain West,Home,2018-11-25T03:15:00.000Z,True,False,33,24,W,3,32,69.025
2018,14,401056700,Boise State,Mountain West,Fresno State,Mountain West,Home,2018-12-02T00:45:00.000Z,True,False,16,19,L,9,23,96.413
2018,1,401013087,Boston College,ACC,Massachusetts,FBS Independents,Home,2018-09-01T17:00:00.000Z,True,False,55,21,W,115,119,-135.747
2018,3,401013109,Boston College,ACC,Wake Forest,ACC,Away,2018-09-13T21:30:00.000Z,True,False,41,34,W,75,59,12.430
2018,4,401013119,Boston College,ACC,Purdue,Big Ten,Away,2018-09-22T16:00:00.000Z,True,False,13,30,L,63,33,68.030
2018,5,401013130,Boston College,ACC,Temple,American Athletic,Home,2018-09-29T16:00:00.000Z,True,False,45,35,W,21,50,37.557
2018,6,401013139,Boston College,ACC,NC State,ACC,Away,2018-10-06T16:30:00.000Z,True,False,23,28,L,24,35,63.397
2018,7,401013144,Boston College,ACC,Louisville,ACC,Home,2018-10-13T16:30:00.000Z,True,False,38,20,W,129,108,-110.724
2018,9,401013154,Boston College,ACC,Miami,ACC,Home,2018-10-26T23:00:00.000Z,True,False,27,14,W,48,45,54.366
2018,10,401013161,Boston College,ACC,Virginia Tech,ACC,Away,2018-11-03T19:45:00.000Z,True,False,31,21,W,85,74,-17.482
2018,11,401013169,Boston College,ACC,Clemson,ACC,Home,2018-11-11T01:00:00.000Z,True,False,7,27,L,1,2,233.788
2018,12,401013175,Boston College,ACC,Florida State,ACC,Away,2018-11-17T20:30:00.000Z,True,False,21,22,L,100,71,-13.254
2018,13,401013184,Boston College,ACC,Syracuse,ACC,Home,2018-11-24T17:00:00.000Z,True,False,21,42,L,34,31,72.033
2018,1,401012681,Bowling Green,Mid-American,Oregon,Pac-12,Away,2018-09-02T00:00:00.000Z,True,False,24,58,L,32,48,47.856
2018,2,401012873,Bowling Green,Mid-American,Maryland,Big Ten,Home,2018-09-08T22:00:00.000Z,True,False,14,45,L,70,54,28.372
2018,4,401020811,Bowling Green,Mid-American,Miami (OH),Mid-American,Home,2018-09-22T19:00:00.000Z,True,False,23,38,L,53,75,-17.863
2018,5,401013134,Bowling Green,Mid-American,Georgia Tech,ACC,Away,2018-09-29T16:00:00.000Z,True,False,17,63,L,61,57,19.717
2018,6,401020751,Bowling Green,Mid-American,Toledo,Mid-American,Away,2018-10-06T19:30:00.000Z,True,False,36,52,L,40,76,-18.849
2018,7,401020760,Bowling Green,Mid-American,Western Michigan,Mid-American,Home,2018-10-13T19:00:00.000Z,True,False,35,42,L,97,99,-71.278
2018,8,401020762,Bowling Green,Mid-American,Ohio,Mid-American,Away,2018-10-20T18:00:00.000Z,True,False,14,49,L,7,36,62.643
2018,10,401020769,Bowling Green,Mid-American,Kent State,Mid-American,Home,2018-10-31T00:00:00.000Z,True,False,28,35,L,121,120,-145.593
2018,11,401020779,Bowling Green,Mid-American,Central Michigan,Mid-American,Away,2018-11-10T20:00:00.000Z,True,False,24,13,W,110,116,-131.207
2018,12,401020784,Bowling Green,Mid-American,Akron,Mid-American,Away,2018-11-17T20:30:00.000Z,True,False,21,6,W,107,110,-121.996
2018,13,401020788,Bowling Green,Mid-American,Buffalo,Mid-American,Home,2018-11-23T17:00:00.000Z,True,False,14,44,L,36,62,0.361
2018,1,401032065,Buffalo,Mid-American,Troy,Sun Belt,Away,2018-12-23T00:00:00.000Z,True,False,32,42,L,44,70,-12.899
2018,2,401019478,Buffalo,Mid-American,Temple,American Athletic,Away,2018-09-08T19:30:00.000Z,True,False,36,29,W,21,50,37.557
2018,3,401020682,Buffalo,Mid-American,Eastern Michigan,Mid-American,Home,2018-09-15T22:00:00.000Z,True,False,35,28,W,59,87,-39.526
2018,4,401012823,Buffalo,Mid-American,Rutgers,Big Ten,Away,2018-09-22T16:00:00.000Z,True,False,42,13,W,122,96,-68.386
2018,5,401013369,Buffalo,Mid-American,Army,FBS Independents,Home,2018-09-29T16:00:00.000Z,True,False,13,42,L,4,27,81.714
2018,6,401020752,Buffalo,Mid-American,Central Michigan,Mid-American,Away,2018-10-06T16:00:00.000Z,True,False,34,24,W,110,116,-131.207
2018,7,401020756,Buffalo,Mid-American,Akron,Mid-American,Home,2018-10-13T16:00:00.000Z,True,False,24,6,W,107,110,-121.996
2018,8,401020763,Buffalo,Mid-American,Toledo,Mid-American,Away,2018-10-20T16:00:00.000Z,True,False,31,17,W,40,76,-18.849
2018,10,401020770,Buffalo,Mid-American,Miami (OH),Mid-American,Home,2018-10-31T00:00:00.000Z,True,False,51,42,W,53,75,-17.863
2018,11,401020775,Buffalo,Mid-American,Kent State,Mid-American,Home,2018-11-07T00:30:00.000Z,True,False,48,14,W,121,120,-145.593
2018,12,401020781,Buffalo,Mid-American,Ohio,Mid-American,Away,2018-11-15T00:00:00.000Z,True,False,17,52,L,7,36,62.643
2018,13,401020788,Buffalo,Mid-American,Bowling Green,Mid-American,Away,2018-11-23T17:00:00.000Z,True,False,44,14,W,125,124,-161.701
2018,14,401056696,Buffalo,Mid-American,Northern Illinois,Mid-American,Home,2018-12-01T00:00:00.000Z,True,False,29,30,L,77,88,-40.536
2018,1,401012684,California,Pac-12,North Carolina,ACC,Home,2018-09-01T20:00:00.000Z,True,False,24,17,W,102,92,-52.848
2018,1,401032069,California,Pac-12,TCU,Big 12,Away,2018-12-27T02:00:00.000Z,True,False,7,10,L,78,47,48.606
2018,2,401012735,California,Pac-12,BYU,FBS Independents,Away,2018-09-09T02:15:00.000Z,True,False,21,18,W,51,65,-5.413
2018,5,401012757,California,Pac-12,Oregon,Pac-12,Home,2018-09-30T02:30:00.000Z,True,False,24,42,L,32,48,47.856
2018,6,401012759,California,Pac-12,Arizona,Pac-12,Away,2018-10-07T02:00:00.000Z,True,False,17,24,L,80,68,-9.965
2018,7,401012767,California,Pac-12,UCLA,Pac-12,Home,2018-10-13T23:00:00.000Z,True,False,7,37,L,99,78,-19.332
2018,8,401012771,California,Pac-12,Oregon State,Pac-12,Away,2018-10-20T20:00:00.000Z,True,False,49,7,W,128,118,-134.872
2018,9,401012778,California,Pac-12,Washington,Pac-12,Home,2018-10-27T22:30:00.000Z,True,False,12,10,W,28,19,106.321
2018,10,401012785,California,Pac-12,Washington State,Pac-12,Away,2018-11-04T02:45:00.000Z,True,False,13,19,L,16,20,103.438
2018,11,401012787,California,Pac-12,USC,Pac-12,Away,2018-11-11T03:30:00.000Z,True,False,15,14,W,67,60,9.603
2018,13,401012803,California,Pac-12,Colorado,Pac-12,Home,2018-11-25T00:00:00.000Z,True,False,33,21,W,79,73,-14.651
2018,14,401099853,California,Pac-12,Stanford,Pac-12,Home,2018-12-01T20:00:00.000Z,True,False,13,23,L,45,40,60.358
2018,1,401012251,Central Michigan,Mid-American,Kentucky,SEC,Away,2018-09-01T19:30:00.000Z,True,False,20,35,L,27,14,124.578
2018,2,401013049,Central Michigan,Mid-American,Kansas,Big 12,Home,2018-09-08T19:00:00.000Z,True,False,7,31,L,94,69,-12.473
2018,3,401020679,Central Michigan,Mid-American,Northern Illinois,Mid-American,Away,2018-09-15T19:30:00.000Z,True,False,16,24,L,77,88,-40.536
2018,5,401012881,Central Michigan,Mid-American,Michigan State,Big Ten,Away,2018-09-29T16:00:00.000Z,True,False,20,31,L,57,41,60.158
2018,6,401020752,Central Michigan,Mid-American,Buffalo,Mid-American,Home,2018-10-06T16:00:00.000Z,True,False,24,34,L,36,62,0.361
2018,7,401020757,Central Michigan,Mid-American,Ball State,Mid-American,Home,2018-10-13T19:00:00.000Z,True,False,23,24,L,111,115,-130.221
2018,8,401020765,Central Michigan,Mid-American,Western Michigan,Mid-American,Home,2018-10-20T19:00:00.000Z,True,False,10,35,L,97,99,-71.278
2018,9,401020768,Central Michigan,Mid-American,Akron,Mid-American,Away,2018-10-27T16:00:00.000Z,True,False,10,17,L,107,110,-121.996
2018,10,401020774,Central Michigan,Mid-American,Eastern Michigan,Mid-American,Away,2018-11-03T16:00:00.000Z,True,False,7,17,L,59,87,-39.526
2018,11,401020779,Central Michigan,Mid-American,Bowling Green,Mid-American,Home,2018-11-10T20:00:00.000Z,True,False,13,24,L,125,124,-161.701
2018,13,401020789,Central Michigan,Mid-American,Toledo,Mid-American,Away,2018-11-23T17:00:00.000Z,True,False,13,51,L,40,76,-18.849
2018,2,401014981,Charlotte,Conference USA,App State,Sun Belt,Home,2018-09-08T22:00:00.000Z,True,False,9,45,L,6,29,75.510
2018,3,401014993,Charlotte,Conference USA,Old Dominion,Conference USA,Home,2018-09-13T20:00:00.000Z,True,False,28,25,W,105,121,-147.941
2018,4,401013360,Charlotte,Conference USA,Massachusetts,FBS Independents,Away,2018-09-22T19:30:00.000Z,True,False,31,49,L,115,119,-135.747
2018,5,401015001,Charlotte,Conference USA,UAB,Conference USA,Away,2018-09-29T23:00:00.000Z,True,False,7,28,L,23,82,-25.549
2018,7,401015013,Charlotte,Conference USA,Western Kentucky,Conference USA,Home,2018-10-13T19:30:00.000Z,True,False,40,14,W,93,117,-131.767
2018,8,401015019,Charlotte,Conference USA,Middle Tennessee,Conference USA,Away,2018-10-20T19:00:00.000Z,True,False,13,21,L,68,84,-27.398
2018,9,401015026,Charlotte,Conference USA,Southern Miss,Conference USA,Home,2018-10-27T18:00:00.000Z,True,False,20,17,W,60,97,-69.221
2018,10,401012330,Charlotte,Conference USA,Tennessee,SEC,Away,2018-11-03T20:00:00.000Z,True,False,3,14,L,106,61,7.621
2018,11,401015037,Charlotte,Conference USA,Marshall,Conference USA,Away,2018-11-10T19:30:00.000Z,True,False,13,30,L,43,81,-22.862
2018,12,401015044,Charlotte,Conference USA,Florida International,Conference USA,Home,2018-11-17T19:00:00.000Z,True,False,35,42,L,38,85,-30.554
2018,13,401015050,Charlotte,Conference USA,Florida Atlantic,Conference USA,Away,2018-11-24T23:00:00.000Z,True,False,27,24,W,74,72,-13.459
2018,1,401012679,Cincinnati,American Athletic,UCLA,Pac-12,Away,2018-09-01T23:00:00.000Z,True,False,26,17,W,99,78,-19.332
2018,1,401032080,Cincinnati,American Athletic,Virginia Tech,ACC,Away,2018-12-31T17:00:00.000Z,True,False,35,31,W,85,74,-17.482
2018,2,401019482,Cincinnati,American Athletic,Miami (OH),Mid-American,Away,2018-09-09T00:00:00.000Z,True,False,21,0,W,53,75,-17.863
2018,4,401019491,Cincinnati,American Athletic,Ohio,Mid-American,Home,2018-09-22T16:00:00.000Z,True,False,34,30,W,7,36,62.643
2018,5,401019497,Cincinnati,American Athletic,UConn,American Athletic,Away,2018-09-29T19:30:00.000Z,True,False,49,7,W,130,128,-185.437
2018,6,401019501,Cincinnati,American Athletic,Tulane,American Athletic,Home,2018-10-06T16:00:00.000Z,True,False,37,21,W,84,95,-67.916
2018,8,401019510,Cincinnati,American Athletic,Temple,American Athletic,Away,2018-10-20T16:00:00.000Z,True,False,17,24,L,21,50,37.557
2018,9,401019514,Cincinnati,American Athletic,SMU,American Athletic,Away,2018-10-27T19:30:00.000Z,True,False,26,20,W,98,102,-82.428
2018,10,401019518,Cincinnati,American Athletic,Navy,American Athletic,Home,2018-11-03T19:30:00.000Z,True,False,42,0,W,112,103,-92.606
2018,11,401019524,Cincinnati,American Athletic,South Florida,American Athletic,Home,2018-11-11T00:00:00.000Z,True,False,35,23,W,87,93,-57.252
2018,12,401019531,Cincinnati,American Athletic,UCF,American Athletic,Away,2018-11-18T01:00:00.000Z,True,False,13,38,L,8,17,116.690
2018,13,401019536,Cincinnati,American Athletic,East Carolina,American Athletic,Home,2018-11-23T20:30:00.000Z,True,False,56,6,W,113,104,-92.826
2018,1,401032079,Clemson,ACC,Notre Dame,FBS Independents,Home,2018-12-29T21:00:00.000Z,True,False,30,3,W,17,12,138.907
2018,1,401032087,Clemson,ACC,Alabama,SEC,Away,2019-01-08T01:00:00.000Z,True,False,44,16,W,2,1,243.792
2018,2,401012270,Clemson,ACC,Texas A&M,SEC,Away,2018-09-08T23:00:00.000Z,True,False,28,26,W,39,15,123.816
2018,3,401013110,Clemson,ACC,Georgia Southern,Sun Belt,Home,2018-09-15T16:00:00.000Z,True,False,38,7,W,37,63,-0.847
2018,4,401013120,Clemson,ACC,Georgia Tech,ACC,Away,2018-09-22T19:30:00.000Z,True,False,49,21,W,61,57,19.717
2018,5,401013131,Clemson,ACC,Syracuse,ACC,Home,2018-09-29T16:00:00.000Z,True,False,27,23,W,34,31,72.033
2018,6,401013140,Clemson,ACC,Wake Forest,ACC,Away,2018-10-06T19:30:00.000Z,True,False,63,3,W,75,59,12.430
2018,8,401013149,Clemson,ACC,NC State,ACC,Home,2018-10-20T19:30:00.000Z,True,False,41,7,W,24,35,63.397
2018,9,401013155,Clemson,ACC,Florida State,ACC,Away,2018-10-27T16:00:00.000Z,True,False,59,10,W,100,71,-13.254
2018,10,401013162,Clemson,ACC,Louisville,ACC,Home,2018-11-03T16:00:00.000Z,True,False,77,16,W,129,108,-110.724
2018,11,401013169,Clemson,ACC,Boston College,ACC,Away,2018-11-11T01:00:00.000Z,True,False,27,7,W,54,51,37.087
2018,12,401013176,Clemson,ACC,Duke,ACC,Home,2018-11-18T00:00:00.000Z,True,False,35,6,W,71,44,56.628
2018,13,401012355,Clemson,ACC,South Carolina,SEC,Home,2018-11-25T00:00:00.000Z,True,False,56,35,W,64,34,66.567
2018,14,401056697,Clemson,ACC,Pittsburgh,ACC,Away,2018-12-02T01:00:00.000Z,True,False,42,10,W,83,43,57.163
2018,1,401012256,Coastal Carolina,Sun Belt,South Carolina,SEC,Away,2018-09-01T16:00:00.000Z,True,False,15,49,L,64,34,66.567
2018,2,401014990,Coastal Carolina,Sun Belt,UAB,Conference USA,Home,2018-09-08T23:00:00.000Z,True,False,47,24,W,23,82,-25.549
2018,4,401021663,Coastal Carolina,Sun Belt,Louisiana,Sun Belt,Away,2018-09-22T23:00:00.000Z,True,False,30,28,W,91,94,-60.151
2018,5,401021667,Coastal Carolina,Sun Belt,Troy,Sun Belt,Away,2018-09-29T19:30:00.000Z,True,False,21,45,L,44,70,-12.899
2018,7,401021674,Coastal Carolina,Sun Belt,UL Monroe,Sun Belt,Home,2018-10-13T22:00:00.000Z,True,False,20,45,L,92,101,-79.365
2018,8,401013363,Coastal Carolina,Sun Belt,Massachusetts,FBS Independents,Away,2018-10-20T19:30:00.000Z,True,False,24,13,W,115,119,-135.747
2018,9,401021682,Coastal Carolina,Sun Belt,Georgia State,Sun Belt,Away,2018-10-27T18:00:00.000Z,True,False,37,34,W,120,126,-164.412
2018,10,401021683,Coastal Carolina,Sun Belt,App State,Sun Belt,Home,2018-11-03T21:00:00.000Z,True,False,7,23,L,6,29,75.510
2018,11,401021688,Coastal Carolina,Sun Belt,Arkansas State,Sun Belt,Home,2018-11-10T22:00:00.000Z,True,False,16,44,L,50,67,-9.946
2018,12,401021694,Coastal Carolina,Sun Belt,Georgia Southern,Sun Belt,Home,2018-11-17T22:00:00.000Z,True,False,17,41,L,37,63,-0.847
2018,13,401021699,Coastal Carolina,Sun Belt,South Alabama,Sun Belt,Away,2018-11-23T20:00:00.000Z,True,False,28,31,L,127,125,-162.728
2018,1,401012680,Colorado,Pac-12,Colorado State,Mountain West,Away,2018-09-01T01:30:00.000Z,True,False,45,13,W,117,114,-129.253
2018,2,401012729,Colorado,Pac-12,Nebraska,Big Ten,Away,2018-09-08T19:30:00.000Z,True,False,33,28,W,90,53,28.387
2018,5,401012752,Colorado,Pac-12,UCLA,Pac-12,Home,2018-09-29T01:00:00.000Z,True,False,38,16,W,99,78,-19.332
2018,6,401012761,Colorado,Pac-12,Arizona State,Pac-12,Home,2018-10-06T20:00:00.000Z,True,False,28,21,W,47,56,28.252
2018,7,401012765,Colorado,Pac-12,USC,Pac-12,Away,2018-10-14T02:30:00.000Z,True,False,20,31,L,67,60,9.603
2018,8,401012772,Colorado,Pac-12,Washington,Pac-12,Away,2018-10-20T19:30:00.000Z,True,False,13,27,L,28,19,106.321
2018,9,401012777,Colorado,Pac-12,Oregon State,Pac-12,Home,2018-10-27T19:00:00.000Z,True,False,34,41,L,128,118,-134.872
2018,10,401012780,Colorado,Pac-12,Arizona,Pac-12,Away,2018-11-03T02:30:00.000Z,True,False,34,42,L,80,68,-9.965
2018,11,401012788,Colorado,Pac-12,Washington State,Pac-12,Home,2018-11-10T20:30:00.000Z,True,False,7,31,L,16,20,103.438
2018,12,401012792,Colorado,Pac-12,Utah,Pac-12,Home,2018-11-17T18:30:00.000Z,True,False,7,30,L,35,25,85.664
2018,13,401012803,Colorado,Pac-12,California,Pac-12,Away,2018-11-25T00:00:00.000Z,True,False,21,33,L,69,66,-7.994
2018,1,401022510,Colorado State,Mountain West,Hawai'i,Mountain West,Home,2018-08-25T23:30:00.000Z,True,False,34,43,L,88,100,-78.652
2018,1,401012680,Colorado State,Mountain West,Colorado,Pac-12,Home,2018-09-01T01:30:00.000Z,True,False,13,45,L,79,73,-14.651
2018,2,401012261,Colorado State,Mountain West,Arkansas,SEC,Home,2018-09-08T23:30:00.000Z,True,False,34,27,W,124,89,-42.984
2018,3,401012274,Colorado State,Mountain West,Florida,SEC,Away,2018-09-15T20:00:00.000Z,True,False,10,48,L,26,10,141.395
2018,6,401022529,Colorado State,Mountain West,San José State,Mountain West,Away,2018-10-07T02:30:00.000Z,True,False,42,30,W,116,106,-103.298
2018,7,401022535,Colorado State,Mountain West,New Mexico,Mountain West,Home,2018-10-13T20:00:00.000Z,True,False,20,18,W,108,111,-125.203
2018,8,401022538,Colorado State,Mountain West,Boise State,Mountain West,Away,2018-10-20T01:00:00.000Z,True,False,28,56,L,13,28,80.702
2018,9,401022546,Colorado State,Mountain West,Wyoming,Mountain West,Home,2018-10-27T02:00:00.000Z,True,False,21,34,L,73,83,-26.992
2018,11,401022555,Colorado State,Mountain West,Nevada,Mountain West,Away,2018-11-11T03:30:00.000Z,True,False,10,49,L,65,86,-33.528
2018,12,401022561,Colorado State,Mountain West,Utah State,Mountain West,Home,2018-11-17T19:00:00.000Z,True,False,24,29,L,3,32,69.025
2018,13,401022565,Colorado State,Mountain West,Air Force,Mountain West,Away,2018-11-22T20:30:00.000Z,True,False,19,27,L,58,77,-18.944
2018,1,401013089,Duke,ACC,Army,FBS Independents,Home,2018-08-31T23:00:00.000Z,True,False,34,14,W,4,27,81.714
2018,1,401032070,Duke,ACC,Temple,American Athletic,Home,2018-12-27T18:30:00.000Z,True,False,56,27,W,21,50,37.557
2018,2,401013098,Duke,ACC,Northwestern,Big Ten,Away,2018-09-08T16:00:00.000Z,True,False,21,7,W,62,37,62.327
2018,3,401013028,Duke,ACC,Baylor,Big 12,Away,2018-09-15T19:30:00.000Z,True,False,40,27,W,86,49,43.965
2018,5,401013132,Duke,ACC,Virginia Tech,ACC,Home,2018-09-29T23:00:00.000Z,True,False,14,31,L,85,74,-17.482
2018,7,401013145,Duke,ACC,Georgia Tech,ACC,Away,2018-10-13T16:20:00.000Z,True,False,28,14,W,61,57,19.717
2018,8,401013150,Duke,ACC,Virginia,ACC,Home,2018-10-20T16:30:00.000Z,True,False,14,28,L,33,38,62.135
2018,9,401013156,Duke,ACC,Pittsburgh,ACC,Away,2018-10-27T19:30:00.000Z,True,False,45,54,L,83,43,57.163
2018,10,401013163,Duke,ACC,Miami,ACC,Away,2018-11-03T23:00:00.000Z,True,False,20,12,W,48,45,54.366
2018,11,401013170,Duke,ACC,North Carolina,ACC,Home,2018-11-10T17:20:00.000Z,True,False,42,35,W,102,92,-52.848
2018,12,401013176,Duke,ACC,Clemson,ACC,Away,2018-11-18T00:00:00.000Z,True,False,6,35,L,1,2,233.788
2018,13,401013185,Duke,ACC,Wake Forest,ACC,Home,2018-11-24T17:30:00.000Z,True,False,7,59,L,75,59,12.430
2018,2,401013103,East Carolina,American Athletic,North Carolina,ACC,Home,2018-09-08T19:30:00.000Z,True,False,41,19,W,102,92,-52.848
2018,4,401019492,East Carolina,American Athletic,South Florida,American Athletic,Away,2018-09-23T00:00:00.000Z,True,False,13,20,L,87,93,-57.252
2018,5,401015006,East Carolina,American Athletic,Old Dominion,Conference USA,Home,2018-09-29T19:30:00.000Z,True,False,37,35,W,105,121,-147.941
2018,6,401019503,East Carolina,American Athletic,Temple,American Athletic,Away,2018-10-06T16:00:00.000Z,True,False,6,49,L,21,50,37.557
2018,7,401019507,East Carolina,American Athletic,Houston,American Athletic,Home,2018-10-13T23:00:00.000Z,True,False,20,42,L,56,80,-22.819
2018,8,401019509,East Carolina,American Athletic,UCF,American Athletic,Home,2018-10-20T23:00:00.000Z,True,False,10,37,L,8,17,116.690
2018,10,401019520,East Carolina,American Athletic,Memphis,American Athletic,Home,2018-11-03T16:00:00.000Z,True,False,41,59,L,41,64,-5.274
2018,11,401019526,East Carolina,American Athletic,Tulane,American Athletic,Away,2018-11-10T21:00:00.000Z,True,False,18,24,L,84,95,-67.916
2018,12,401019532,East Carolina,American Athletic,UConn,American Athletic,Home,2018-11-18T00:00:00.000Z,True,False,55,21,W,130,128,-185.437
2018,13,401019536,East Carolina,American Athletic,Cincinnati,American Athletic,Away,2018-11-23T20:30:00.000Z,True,False,6,56,L,15,46,49.939
2018,14,401088766,East Carolina,American Athletic,NC State,ACC,Away,2018-12-01T17:00:00.000Z,True,False,3,58,L,24,35,63.397
2018,1,401032056,Eastern Michigan,Mid-American,Georgia Southern,Sun Belt,Home,2018-12-15T22:30:00.000Z,True,False,21,23,L,37,63,-0.847
2018,2,401013352,Eastern Michigan,Mid-American,Purdue,Big Ten,Away,2018-09-08T16:00:00.000Z,True,False,20,19,W,63,33,68.030
2018,3,401020682,Eastern Michigan,Mid-American,Buffalo,Mid-American,Away,2018-09-15T22:00:00.000Z,True,False,28,35,L,36,62,0.361
2018,4,401020683,Eastern Michigan,Mid-American,San Diego State,Mountain West,Away,2018-09-23T02:30:00.000Z,True,False,20,23,L,76,90,-46.968
2018,5,401020688,Eastern Michigan,Mid-American,Northern Illinois,Mid-American,Home,2018-09-29T22:00:00.000Z,True,False,23,26,L,77,88,-40.536
2018,6,401020753,Eastern Michigan,Mid-American,Western Michigan,Mid-American,Away,2018-10-06T16:00:00.000Z,True,False,24,27,L,97,99,-71.278
2018,7,401020759,Eastern Michigan,Mid-American,Toledo,Mid-American,Home,2018-10-13T16:00:00.000Z,True,False,28,26,W,40,76,-18.849
2018,8,401020764,Eastern Michigan,Mid-American,Ball State,Mid-American,Away,2018-10-20T19:00:00.000Z,True,False,42,20,W,111,115,-130.221
2018,9,401013372,Eastern Michigan,Mid-American,Army,FBS Independents,Home,2018-10-27T16:00:00.000Z,True,False,22,37,L,4,27,81.714
2018,10,401020774,Eastern Michigan,Mid-American,Central Michigan,Mid-American,Home,2018-11-03T16:00:00.000Z,True,False,17,7,W,110,116,-131.207
2018,11,401020778,Eastern Michigan,Mid-American,Akron,Mid-American,Home,2018-11-10T17:00:00.000Z,True,False,27,7,W,107,110,-121.996
2018,13,401020790,Eastern Michigan,Mid-American,Kent State,Mid-American,Away,2018-11-23T17:00:00.000Z,True,False,28,20,W,121,120,-145.593
2018,1,401032076,Florida,SEC,Michigan,Big Ten,Away,2018-12-29T17:00:00.000Z,True,False,41,15,W,10,6,148.453
2018,2,401012263,Florida,SEC,Kentucky,SEC,Home,2018-09-08T23:30:00.000Z,True,False,16,27,L,27,14,124.578
2018,3,401012274,Florida,SEC,Colorado State,Mountain West,Home,2018-09-15T20:00:00.000Z,True,False,48,10,W,117,114,-129.253
2018,4,401012290,Florida,SEC,Tennessee,SEC,Away,2018-09-22T23:00:00.000Z,True,False,47,21,W,106,61,7.621
2018,5,401012298,Florida,SEC,Mississippi State,SEC,Away,2018-09-29T22:00:00.000Z,True,False,13,6,W,18,9,145.105
2018,6,401012301,Florida,SEC,LSU,SEC,Home,2018-10-06T19:30:00.000Z,True,False,27,19,W,25,7,146.658
2018,7,401012312,Florida,SEC,Vanderbilt,SEC,Away,2018-10-13T16:00:00.000Z,True,False,37,27,W,55,24,86.550
2018,9,401012320,Florida,SEC,Georgia,SEC,Away,2018-10-27T19:30:00.000Z,True,False,17,36,L,5,3,221.520
2018,10,401012325,Florida,SEC,Missouri,SEC,Home,2018-11-03T20:00:00.000Z,True,False,17,38,L,22,8,145.255
2018,11,401012333,Florida,SEC,South Carolina,SEC,Home,2018-11-10T17:00:00.000Z,True,False,35,31,W,64,34,66.567
2018,13,401012351,Florida,SEC,Florida State,ACC,Away,2018-11-24T17:00:00.000Z,True,False,41,14,W,100,71,-13.254
2018,1,401013065,Florida Atlantic,Conference USA,Oklahoma,Big 12,Away,2018-09-01T16:00:00.000Z,True,False,14,63,L,12,4,174.364
2018,2,401014983,Florida Atlantic,Conference USA,Air Force,Mountain West,Home,2018-09-08T18:00:00.000Z,True,False,33,26,W,58,77,-18.944
2018,4,401019490,Florida Atlantic,Conference USA,UCF,American Athletic,Away,2018-09-21T23:00:00.000Z,True,False,36,56,L,8,17,116.690
2018,5,401015003,Florida Atlantic,Conference USA,Middle Tennessee,Conference USA,Away,2018-09-29T23:00:00.000Z,True,False,24,25,L,68,84,-27.398
2018,6,401015008,Florida Atlantic,Conference USA,Old Dominion,Conference USA,Home,2018-10-06T21:00:00.000Z,True,False,52,33,W,105,121,-147.941
2018,8,401015021,Florida Atlantic,Conference USA,Marshall,Conference USA,Away,2018-10-20T18:30:00.000Z,True,False,7,31,L,43,81,-22.862
2018,9,401015028,Florida Atlantic,Conference USA,Louisiana Tech,Conference USA,Home,2018-10-26T22:30:00.000Z,True,False,13,21,L,72,98,-69.325
2018,10,401015032,Florida Atlantic,Conference USA,Florida International,Conference USA,Away,2018-11-03T23:30:00.000Z,True,False,49,14,W,38,85,-30.554
2018,11,401015039,Florida Atlantic,Conference USA,Western Kentucky,Conference USA,Home,2018-11-10T22:00:00.000Z,True,False,34,15,W,93,117,-131.767
2018,12,401015045,Florida Atlantic,Conference USA,North Texas,Conference USA,Away,2018-11-16T02:30:00.000Z,True,False,38,41,L,30,79,-22.388
2018,13,401015050,Florida Atlantic,Conference USA,Charlotte,Conference USA,Home,2018-11-24T23:00:00.000Z,True,False,24,27,L,101,113,-125.729
2018,1,401012851,Florida International,Conference USA,Indiana,Big Ten,Home,2018-09-01T23:00:00.000Z,True,False,28,38,L,82,58,18.275
2018,1,401032061,Florida International,Conference USA,Toledo,Mid-American,Away,2018-12-21T17:30:00.000Z,True,False,35,32,W,40,76,-18.849
2018,2,401014982,Florida International,Conference USA,Old Dominion,Conference USA,Away,2018-09-08T23:30:00.000Z,True,False,28,20,W,105,121,-147.941
2018,3,401013359,Florida International,Conference USA,Massachusetts,FBS Independents,Home,2018-09-15T23:30:00.000Z,True,False,63,24,W,115,119,-135.747
2018,4,401013124,Florida International,Conference USA,Miami,ACC,Away,2018-09-22T19:30:00.000Z,True,False,17,31,L,48,45,54.366
2018,7,401015014,Florida International,Conference USA,Middle Tennessee,Conference USA,Home,2018-10-13T23:30:00.000Z,True,False,24,21,W,68,84,-27.398
2018,8,401015020,Florida International,Conference USA,Rice,Conference USA,Home,2018-10-20T23:30:00.000Z,True,False,36,17,W,126,129,-197.112
2018,9,401015027,Florida International,Conference USA,Western Kentucky,Conference USA,Away,2018-10-27T23:30:00.000Z,True,False,38,17,W,93,117,-131.767
2018,10,401015032,Florida International,Conference USA,Florida Atlantic,Conference USA,Home,2018-11-03T23:30:00.000Z,True,False,14,49,L,74,72,-13.459
2018,11,401015038,Florida International,Conference USA,UTSA,Conference USA,Away,2018-11-11T00:00:00.000Z,True,False,45,7,W,123,127,-164.871
2018,12,401015044,Florida International,Conference USA,Charlotte,Conference USA,Away,2018-11-17T19:00:00.000Z,True,False,42,35,W,101,113,-125.729
2018,13,401015051,Florida International,Conference USA,Marshall,Conference USA,Home,2018-11-24T17:00:00.000Z,True,False,25,28,L,43,81,-22.862
2018,1,401013096,Florida State,ACC,Virginia Tech,ACC,Home,2018-09-04T00:00:00.000Z,True,False,3,24,L,85,74,-17.482
2018,3,401013111,Florida State,ACC,Syracuse,ACC,Away,2018-09-15T16:00:00.000Z,True,False,7,30,L,34,31,72.033
2018,4,401013122,Florida State,ACC,Northern Illinois,Mid-American,Home,2018-09-22T19:30:00.000Z,True,False,37,19,W,77,88,-40.536
2018,5,401013133,Florida State,ACC,Louisville,ACC,Away,2018-09-29T19:30:00.000Z,True,False,28,24,W,129,108,-110.724
2018,6,401013141,Florida State,ACC,Miami,ACC,Away,2018-10-06T19:30:00.000Z,True,False,27,28,L,48,45,54.366
2018,8,401013151,Florida State,ACC,Wake Forest,ACC,Home,2018-10-20T19:30:00.000Z,True,False,38,17,W,75,59,12.430
2018,9,401013155,Florida State,ACC,Clemson,ACC,Home,2018-10-27T16:00:00.000Z,True,False,10,59,L,1,2,233.788
2018,10,401013164,Florida State,ACC,NC State,ACC,Away,2018-11-03T19:30:00.000Z,True,False,28,47,L,24,35,63.397
2018,11,401013171,Florida State,ACC,Notre Dame,FBS Independents,Away,2018-11-11T00:30:00.000Z,True,False,13,42,L,17,12,138.907
2018,12,401013175,Florida State,ACC,Boston College,ACC,Home,2018-11-17T20:30:00.000Z,True,False,22,21,W,54,51,37.087
2018,13,401012351,Florida State,ACC,Florida,SEC,Home,2018-11-24T17:00:00.000Z,True,False,14,41,L,26,10,141.395
2018,1,401032055,Fresno State,Mountain West,Arizona State,Pac-12,Home,2018-12-15T20:30:00.000Z,True,False,31,20,W,47,56,28.252
2018,2,401013329,Fresno State,Mountain West,Minnesota,Big Ten,Away,2018-09-08T23:30:00.000Z,True,False,14,21,L,52,39,61.295
2018,3,401012740,Fresno State,Mountain West,UCLA,Pac-12,Away,2018-09-16T02:30:00.000Z,True,False,38,14,W,99,78,-19.332
2018,5,401020689,Fresno State,Mountain West,Toledo,Mid-American,Home,2018-09-30T02:30:00.000Z,True,False,49,27,W,40,76,-18.849
2018,6,401022532,Fresno State,Mountain West,Nevada,Mountain West,Away,2018-10-07T02:30:00.000Z,True,False,21,3,W,65,86,-33.528
2018,7,401022537,Fresno State,Mountain West,Wyoming,Mountain West,Home,2018-10-14T02:30:00.000Z,True,False,27,3,W,73,83,-26.992
2018,8,401022541,Fresno State,Mountain West,New Mexico,Mountain West,Away,2018-10-20T23:30:00.000Z,True,False,38,7,W,108,111,-125.203
2018,9,401022547,Fresno State,Mountain West,Hawai'i,Mountain West,Home,2018-10-28T02:30:00.000Z,True,False,50,20,W,88,100,-78.652
2018,10,401022553,Fresno State,Mountain West,UNLV,Mountain West,Away,2018-11-04T02:30:00.000Z,True,False,48,3,W,109,109,-120.450
2018,11,401022556,Fresno State,Mountain West,Boise State,Mountain West,Away,2018-11-10T03:15:00.000Z,True,False,17,24,L,13,28,80.702
2018,12,401022563,Fresno State,Mountain West,San Diego State,Mountain West,Home,2018-11-18T03:30:00.000Z,True,False,23,14,W,76,90,-46.968
2018,13,401022570,Fresno State,Mountain West,San José State,Mountain West,Home,2018-11-25T00:00:00.000Z,True,False,31,13,W,116,106,-103.298
2018,14,401056700,Fresno State,Mountain West,Boise State,Mountain West,Away,2018-12-02T00:45:00.000Z,True,False,19,16,W,13,28,80.702
2018,1,401032086,Georgia,SEC,Texas,Big 12,Home,2019-01-02T01:45:00.000Z,True,False,21,28,L,42,18,113.548
2018,2,401012268,Georgia,SEC,South Carolina,SEC,Away,2018-09-08T19:30:00.000Z,True,False,41,17,W,64,34,66.567
2018,3,401012275,Georgia,SEC,Middle Tennessee,Conference USA,Home,2018-09-15T16:00:00.000Z,True,False,49,7,W,68,84,-27.398
2018,4,401012289,Georgia,SEC,Missouri,SEC,Away,2018-09-22T16:00:00.000Z,True,False,43,29,W,22,8,145.255
2018,5,401012295,Georgia,SEC,Tennessee,SEC,Home,2018-09-29T19:30:00.000Z,True,False,38,12,W,106,61,7.621
2018,6,401012302,Georgia,SEC,Vanderbilt,SEC,Home,2018-10-06T23:30:00.000Z,True,False,41,13,W,55,24,86.550
2018,7,401012310,Georgia,SEC,LSU,SEC,Away,2018-10-13T19:30:00.000Z,True,False,16,36,L,25,7,146.658
2018,9,401012320,Georgia,SEC,Florida,SEC,Home,2018-10-27T19:30:00.000Z,True,False,36,17,W,26,10,141.395
2018,10,401012326,Georgia,SEC,Kentucky,SEC,Away,2018-11-03T19:30:00.000Z,True,False,34,17,W,27,14,124.578
2018,11,401012334,Georgia,SEC,Auburn,SEC,Home,2018-11-11T00:00:00.000Z,True,False,27,10,W,29,21,100.333
2018,12,401012341,Georgia,SEC,Massachusetts,FBS Independents,Home,2018-11-17T21:00:00.000Z,True,False,66,27,W,115,119,-135.747
2018,13,401012352,Georgia,SEC,Georgia Tech,ACC,Home,2018-11-24T17:00:00.000Z,True,False,45,21,W,61,57,19.717
2018,14,401056705,Georgia,SEC,Alabama,SEC,Home,2018-12-01T21:00:00.000Z,True,False,28,35,L,2,1,243.792
2018,1,401032056,Georgia Southern,Sun Belt,Eastern Michigan,Mid-American,Away,2018-12-15T22:30:00.000Z,True,False,23,21,W,59,87,-39.526
2018,2,401013358,Georgia Southern,Sun Belt,Massachusetts,FBS Independents,Home,2018-09-08T22:00:00.000Z,True,False,34,13,W,115,119,-135.747
2018,3,401013110,Georgia Southern,Sun Belt,Clemson,ACC,Away,2018-09-15T16:00:00.000Z,True,False,7,38,L,1,2,233.788
2018,5,401021666,Georgia Southern,Sun Belt,Arkansas State,Sun Belt,Home,2018-09-29T22:00:00.000Z,True,False,28,21,W,50,67,-9.946
2018,6,401021670,Georgia Southern,Sun Belt,South Alabama,Sun Belt,Home,2018-10-06T19:30:00.000Z,True,False,48,13,W,127,125,-162.728
2018,7,401021673,Georgia Southern,Sun Belt,Texas State,Sun Belt,Away,2018-10-11T23:30:00.000Z,True,False,15,13,W,103,122,-156.904
2018,8,401013443,Georgia Southern,Sun Belt,New Mexico State,FBS Independents,Away,2018-10-20T22:00:00.000Z,True,False,48,31,W,118,123,-159.784
2018,9,401021680,Georgia Southern,Sun Belt,App State,Sun Belt,Home,2018-10-25T23:30:00.000Z,True,False,34,14,W,6,29,75.510
2018,10,401021685,Georgia Southern,Sun Belt,UL Monroe,Sun Belt,Away,2018-11-03T19:00:00.000Z,True,False,25,44,L,92,101,-79.365
2018,11,401021689,Georgia Southern,Sun Belt,Troy,Sun Belt,Home,2018-11-10T18:00:00.000Z,True,False,21,35,L,44,70,-12.899
2018,12,401021694,Georgia Southern,Sun Belt,Coastal Carolina,Sun Belt,Away,2018-11-17T22:00:00.000Z,True,False,41,17,W,104,112,-125.257
2018,13,401021700,Georgia Southern,Sun Belt,Georgia State,Sun Belt,Away,2018-11-24T19:00:00.000Z,True,False,35,14,W,120,126,-164.412
2018,2,401013104,Georgia State,Sun Belt,NC State,ACC,Away,2018-09-08T16:30:00.000Z,True,False,7,41,L,24,35,63.397
2018,3,401019484,Georgia State,Sun Belt,Memphis,American Athletic,Away,2018-09-14T23:00:00.000Z,True,False,22,59,L,41,64,-5.274
2018,4,401020686,Georgia State,Sun Belt,Western Michigan,Mid-American,Home,2018-09-22T18:00:00.000Z,True,False,15,34,L,97,99,-71.278
2018,5,401021668,Georgia State,Sun Belt,UL Monroe,Sun Belt,Home,2018-09-29T18:00:00.000Z,True,False,46,14,W,92,101,-79.365
2018,6,401021669,Georgia State,Sun Belt,Troy,Sun Belt,Away,2018-10-04T23:30:00.000Z,True,False,20,37,L,44,70,-12.899
2018,8,401021676,Georgia State,Sun Belt,Arkansas State,Sun Belt,Away,2018-10-18T23:30:00.000Z,True,False,35,51,L,50,67,-9.946
2018,9,401021682,Georgia State,Sun Belt,Coastal Carolina,Sun Belt,Home,2018-10-27T18:00:00.000Z,True,False,34,37,L,104,112,-125.257
2018,10,401021686,Georgia State,Sun Belt,Texas State,Sun Belt,Home,2018-11-03T18:00:00.000Z,True,False,30,40,L,103,122,-156.904
2018,11,401021690,Georgia State,Sun Belt,Louisiana,Sun Belt,Away,2018-11-10T22:00:00.000Z,True,False,22,36,L,91,94,-60.151
2018,12,401021692,Georgia State,Sun Belt,App State,Sun Belt,Away,2018-11-17T19:30:00.000Z,True,False,17,45,L,6,29,75.510
2018,13,401021700,Georgia State,Sun Belt,Georgia Southern,Sun Belt,Home,2018-11-24T19:00:00.000Z,True,False,14,35,L,37,63,-0.847
2018,1,401032068,Georgia Tech,ACC,Minnesota,Big Ten,Home,2018-12-26T22:15:00.000Z,True,False,10,34,L,52,39,61.295
2018,2,401013100,Georgia Tech,ACC,South Florida,American Athletic,Away,2018-09-08T16:00:00.000Z,True,False,38,49,L,87,93,-57.252
2018,3,401013112,Georgia Tech,ACC,Pittsburgh,ACC,Away,2018-09-15T16:30:00.000Z,True,False,19,24,L,83,43,57.163
2018,4,401013120,Georgia Tech,ACC,Clemson,ACC,Home,2018-09-22T19:30:00.000Z,True,False,21,49,L,1,2,233.788
2018,5,401013134,Georgia Tech,ACC,Bowling Green,Mid-American,Home,2018-09-29T16:00:00.000Z,True,False,63,17,W,125,124,-161.701
2018,6,401013138,Georgia Tech,ACC,Louisville,ACC,Away,2018-10-05T23:00:00.000Z,True,False,66,31,W,129,108,-110.724
2018,7,401013145,Georgia Tech,ACC,Duke,ACC,Home,2018-10-13T16:20:00.000Z,True,False,14,28,L,71,44,56.628
2018,9,401013153,Georgia Tech,ACC,Virginia Tech,ACC,Away,2018-10-25T23:30:00.000Z,True,False,49,28,W,85,74,-17.482
2018,10,401013165,Georgia Tech,ACC,North Carolina,ACC,Away,2018-11-03T16:15:00.000Z,True,False,38,28,W,102,92,-52.848
2018,11,401013172,Georgia Tech,ACC,Miami,ACC,Home,2018-11-11T00:00:00.000Z,True,False,27,21,W,48,45,54.366
2018,12,401013177,Georgia Tech,ACC,Virginia,ACC,Home,2018-11-17T20:30:00.000Z,True,False,30,27,W,33,38,62.135
2018,13,401012352,Georgia Tech,ACC,Georgia,SEC,Away,2018-11-24T17:00:00.000Z,True,False,21,45,L,5,3,221.520
2018,1,401022510,Hawai'i,Mountain West,Colorado State,Mountain West,Away,2018-08-25T23:30:00.000Z,True,False,43,34,W,117,114,-129.253
2018,1,401019475,Hawai'i,Mountain West,Navy,American Athletic,Home,2018-09-02T03:00:00.000Z,True,False,59,41,W,112,103,-92.606
2018,1,401032066,Hawai'i,Mountain West,Louisiana Tech,Conference USA,Away,2018-12-23T03:30:00.000Z,True,False,14,31,L,72,98,-69.325
2018,2,401014988,Hawai'i,Mountain West,Rice,Conference USA,Home,2018-09-09T03:59:00.000Z,True,False,43,29,W,126,129,-197.112
2018,3,401013368,Hawai'i,Mountain West,Army,FBS Independents,Away,2018-09-15T16:00:00.000Z,True,False,21,28,L,4,27,81.714
2018,5,401022527,Hawai'i,Mountain West,San José State,Mountain West,Away,2018-09-29T23:00:00.000Z,True,False,44,41,W,116,106,-103.298
2018,6,401022531,Hawai'i,Mountain West,Wyoming,Mountain West,Home,2018-10-07T03:59:00.000Z,True,False,17,13,W,73,83,-26.992
2018,7,401016408,Hawai'i,Mountain West,BYU,FBS Independents,Away,2018-10-14T02:15:00.000Z,True,False,23,49,L,51,65,-5.413
2018,8,401022542,Hawai'i,Mountain West,Nevada,Mountain West,Home,2018-10-21T03:59:00.000Z,True,False,22,40,L,65,86,-33.528
2018,9,401022547,Hawai'i,Mountain West,Fresno State,Mountain West,Away,2018-10-28T02:30:00.000Z,True,False,20,50,L,9,23,96.413
2018,10,401022551,Hawai'i,Mountain West,Utah State,Mountain West,Home,2018-11-04T03:59:00.000Z,True,False,17,56,L,3,32,69.025
2018,12,401022564,Hawai'i,Mountain West,UNLV,Mountain West,Home,2018-11-18T04:00:00.000Z,True,False,35,28,W,109,109,-120.450
2018,13,401022568,Hawai'i,Mountain West,San Diego State,Mountain West,Away,2018-11-25T03:30:00.000Z,True,False,31,30,W,76,90,-46.968
2018,1,401014977,Houston,American Athletic,Rice,Conference USA,Away,2018-09-01T16:00:00.000Z,True,False,45,27,W,126,129,-197.112
2018,1,401032064,Houston,American Athletic,Army,FBS Independents,Away,2018-12-22T20:30:00.000Z,True,False,14,70,L,4,27,81.714
2018,2,401012726,Houston,American Athletic,Arizona,Pac-12,Home,2018-09-08T16:00:00.000Z,True,False,45,18,W,80,68,-9.965
2018,3,401013323,Houston,American Athletic,Texas Tech,Big 12,Away,2018-09-15T20:15:00.000Z,True,False,49,63,L,66,42,58.757
2018,6,401019499,Houston,American Athletic,Tulsa,American Athletic,Home,2018-10-05T00:00:00.000Z,True,False,41,26,W,95,105,-98.714
2018,7,401019507,Houston,American Athletic,East Carolina,American Athletic,Away,2018-10-13T23:00:00.000Z,True,False,42,20,W,113,104,-92.826
2018,8,401019512,Houston,American Athletic,Navy,American Athletic,Away,2018-10-20T19:30:00.000Z,True,False,49,36,W,112,103,-92.606
2018,9,401019515,Houston,American Athletic,South Florida,American Athletic,Home,2018-10-27T19:30:00.000Z,True,False,57,36,W,87,93,-57.252
2018,10,401019522,Houston,American Athletic,SMU,American Athletic,Away,2018-11-03T23:00:00.000Z,True,False,31,45,L,98,102,-82.428
2018,11,401019527,Houston,American Athletic,Temple,American Athletic,Home,2018-11-11T00:00:00.000Z,True,False,49,59,L,21,50,37.557
2018,12,401019529,Houston,American Athletic,Tulane,American Athletic,Home,2018-11-16T01:00:00.000Z,True,False,48,17,W,84,95,-67.916
2018,13,401019537,Houston,American Athletic,Memphis,American Athletic,Away,2018-11-23T17:00:00.000Z,True,False,31,52,L,41,64,-5.274
2018,1,401012804,Illinois,Big Ten,Kent State,Mid-American,Home,2018-09-01T16:00:00.000Z,True,False,31,24,W,121,120,-145.593
2018,3,401012806,Illinois,Big Ten,South Florida,American Athletic,Home,2018-09-15T19:30:00.000Z,True,False,19,25,L,87,93,-57.252
2018,4,401012807,Illinois,Big Ten,Penn State,Big Ten,Home,2018-09-22T01:00:00.000Z,True,False,24,63,L,19,16,117.492
2018,6,401012808,Illinois,Big Ten,Rutgers,Big Ten,Away,2018-10-06T16:00:00.000Z,True,False,38,17,W,122,96,-68.386
2018,7,401012809,Illinois,Big Ten,Purdue,Big Ten,Home,2018-10-13T19:30:00.000Z,True,False,7,46,L,63,33,68.030
2018,8,401012810,Illinois,Big Ten,Wisconsin,Big Ten,Away,2018-10-20T16:00:00.000Z,True,False,20,49,L,31,30,74.492
2018,9,401012811,Illinois,Big Ten,Maryland,Big Ten,Away,2018-10-27T19:30:00.000Z,True,False,33,63,L,70,54,28.372
2018,10,401012812,Illinois,Big Ten,Minnesota,Big Ten,Home,2018-11-03T19:30:00.000Z,True,False,55,31,W,52,39,61.295
2018,11,401012813,Illinois,Big Ten,Nebraska,Big Ten,Away,2018-11-10T17:00:00.000Z,True,False,35,54,L,90,53,28.387
2018,12,401012814,Illinois,Big Ten,Iowa,Big Ten,Home,2018-11-17T20:30:00.000Z,True,False,0,63,L,14,5,148.901
2018,13,401012815,Illinois,Big Ten,Northwestern,Big Ten,Away,2018-11-24T20:30:00.000Z,True,False,16,24,L,62,37,62.327
2018,1,401012851,Indiana,Big Ten,Florida International,Conference USA,Away,2018-09-01T23:00:00.000Z,True,False,38,28,W,38,85,-30.554
2018,2,401012852,Indiana,Big Ten,Virginia,ACC,Home,2018-09-08T23:30:00.000Z,True,False,20,16,W,33,38,62.135
2018,3,401012853,Indiana,Big Ten,Ball State,Mid-American,Home,2018-09-15T16:00:00.000Z,True,False,38,10,W,111,115,-130.221
2018,4,401012854,Indiana,Big Ten,Michigan State,Big Ten,Home,2018-09-22T23:30:00.000Z,True,False,21,35,L,57,41,60.158
2018,5,401012824,Indiana,Big Ten,Rutgers,Big Ten,Away,2018-09-29T16:00:00.000Z,True,False,24,17,W,122,96,-68.386
2018,6,401012855,Indiana,Big Ten,Ohio State,Big Ten,Away,2018-10-06T20:00:00.000Z,True,False,26,49,L,11,11,140.984
2018,7,401012856,Indiana,Big Ten,Iowa,Big Ten,Home,2018-10-13T16:00:00.000Z,True,False,16,42,L,14,5,148.901
2018,8,401012857,Indiana,Big Ten,Penn State,Big Ten,Home,2018-10-20T19:30:00.000Z,True,False,28,33,L,19,16,117.492
2018,9,401012858,Indiana,Big Ten,Minnesota,Big Ten,Away,2018-10-27T00:00:00.000Z,True,False,31,38,L,52,39,61.295
2018,11,401012859,Indiana,Big Ten,Maryland,Big Ten,Home,2018-11-10T17:00:00.000Z,True,False,34,32,W,70,54,28.372
2018,12,401012860,Indiana,Big Ten,Michigan,Big Ten,Away,2018-11-17T21:00:00.000Z,True,False,20,31,L,10,6,148.453
2018,13,401012861,Indiana,Big Ten,Purdue,Big Ten,Home,2018-11-24T17:00:00.000Z,True,False,21,28,L,63,33,68.030
2018,1,401012862,Iowa,Big Ten,Northern Illinois,Mid-American,Home,2018-09-01T19:40:00.000Z,True,False,33,7,W,77,88,-40.536
2018,1,401032083,Iowa,Big Ten,Mississippi State,SEC,Home,2019-01-01T17:00:00.000Z,True,False,27,22,W,18,9,145.105
2018,2,401012863,Iowa,Big Ten,Iowa State,Big 12,Home,2018-09-08T21:00:00.000Z,True,False,13,3,W,49,22,99.642
2018,4,401012865,Iowa,Big Ten,Wisconsin,Big Ten,Home,2018-09-23T00:35:00.000Z,True,False,17,28,L,31,30,74.492
2018,6,401012866,Iowa,Big Ten,Minnesota,Big Ten,Away,2018-10-06T19:30:00.000Z,True,False,48,31,W,52,39,61.295
2018,7,401012856,Iowa,Big Ten,Indiana,Big Ten,Away,2018-10-13T16:00:00.000Z,True,False,42,16,W,82,58,18.275
2018,8,401012867,Iowa,Big Ten,Maryland,Big Ten,Home,2018-10-20T16:00:00.000Z,True,False,23,0,W,70,54,28.372
2018,9,401012868,Iowa,Big Ten,Penn State,Big Ten,Away,2018-10-27T19:30:00.000Z,True,False,24,30,L,19,16,117.492
2018,10,401012869,Iowa,Big Ten,Purdue,Big Ten,Away,2018-11-03T19:30:00.000Z,True,False,36,38,L,63,33,68.030
2018,11,401012870,Iowa,Big Ten,Northwestern,Big Ten,Home,2018-11-10T20:30:00.000Z,True,False,10,14,L,62,37,62.327
2018,12,401012814,Iowa,Big Ten,Illinois,Big Ten,Away,2018-11-17T20:30:00.000Z,True,False,63,0,W,119,91,-50.926
2018,13,401012871,Iowa,Big Ten,Nebraska,Big Ten,Home,2018-11-23T17:00:00.000Z,True,False,31,28,W,90,53,28.387
2018,1,401032075,Iowa State,Big 12,Washington State,Pac-12,Away,2018-12-29T02:00:00.000Z,True,False,26,28,L,16,20,103.438
2018,2,401012863,Iowa State,Big 12,Iowa,Big Ten,Away,2018-09-08T21:00:00.000Z,True,False,3,13,L,14,5,148.901
2018,3,401013039,Iowa State,Big 12,Oklahoma,Big 12,Home,2018-09-15T16:00:00.000Z,True,False,27,37,L,12,4,174.364
2018,4,401013040,Iowa State,Big 12,Akron,Mid-American,Home,2018-09-22T16:00:00.000Z,True,False,26,13,W,107,110,-121.996
2018,5,401013041,Iowa State,Big 12,TCU,Big 12,Away,2018-09-29T23:00:00.000Z,True,False,14,17,L,78,47,48.606
2018,6,401013042,Iowa State,Big 12,Oklahoma State,Big 12,Away,2018-10-06T19:30:00.000Z,True,False,48,42,W,46,26,83.963
2018,7,401013043,Iowa State,Big 12,West Virginia,Big 12,Home,2018-10-13T23:00:00.000Z,True,False,30,14,W,20,13,136.492
2018,9,401013044,Iowa State,Big 12,Texas Tech,Big 12,Home,2018-10-27T16:00:00.000Z,True,False,40,31,W,66,42,58.757
2018,10,401013045,Iowa State,Big 12,Kansas,Big 12,Away,2018-11-03T16:00:00.000Z,True,False,27,3,W,94,69,-12.473
2018,11,401013035,Iowa State,Big 12,Baylor,Big 12,Home,2018-11-10T20:30:00.000Z,True,False,28,14,W,86,49,43.965
2018,12,401013046,Iowa State,Big 12,Texas,Big 12,Away,2018-11-18T01:00:00.000Z,True,False,10,24,L,42,18,113.548
2018,13,401013047,Iowa State,Big 12,Kansas State,Big 12,Home,2018-11-25T00:00:00.000Z,True,False,42,38,W,81,52,36.959
2018,2,401013049,Kansas,Big 12,Central Michigan,Mid-American,Away,2018-09-08T19:00:00.000Z,True,False,31,7,W,110,116,-131.207
2018,3,401012822,Kansas,Big 12,Rutgers,Big Ten,Home,2018-09-15T16:00:00.000Z,True,False,55,14,W,122,96,-68.386
2018,4,401013029,Kansas,Big 12,Baylor,Big 12,Away,2018-09-22T19:30:00.000Z,True,False,7,26,L,86,49,43.965
2018,5,401013050,Kansas,Big 12,Oklahoma State,Big 12,Home,2018-09-29T16:00:00.000Z,True,False,28,48,L,46,26,83.963
2018,6,401013051,Kansas,Big 12,West Virginia,Big 12,Away,2018-10-06T16:00:00.000Z,True,False,22,38,L,20,13,136.492
2018,8,401013052,Kansas,Big 12,Texas Tech,Big 12,Away,2018-10-20T19:30:00.000Z,True,False,16,48,L,66,42,58.757
2018,9,401013053,Kansas,Big 12,TCU,Big 12,Home,2018-10-27T19:00:00.000Z,True,False,27,26,W,78,47,48.606
2018,10,401013045,Kansas,Big 12,Iowa State,Big 12,Home,2018-11-03T16:00:00.000Z,True,False,3,27,L,49,22,99.642
2018,11,401013054,Kansas,Big 12,Kansas State,Big 12,Away,2018-11-10T17:00:00.000Z,True,False,17,21,L,81,52,36.959
2018,12,401013055,Kansas,Big 12,Oklahoma,Big 12,Away,2018-11-18T00:30:00.000Z,True,False,40,55,L,12,4,174.364
2018,13,401013056,Kansas,Big 12,Texas,Big 12,Home,2018-11-23T17:00:00.000Z,True,False,17,24,L,42,18,113.548
2018,2,401012266,Kansas State,Big 12,Mississippi State,SEC,Home,2018-09-08T16:00:00.000Z,True,False,10,31,L,18,9,145.105
2018,3,401013058,Kansas State,Big 12,UTSA,Conference USA,Home,2018-09-15T20:00:00.000Z,True,False,41,17,W,123,127,-164.871
2018,4,401013059,Kansas State,Big 12,West Virginia,Big 12,Away,2018-09-22T19:30:00.000Z,True,False,6,35,L,20,13,136.492
2018,5,401013060,Kansas State,Big 12,Texas,Big 12,Home,2018-09-29T19:30:00.000Z,True,False,14,19,L,42,18,113.548
2018,6,401013031,Kansas State,Big 12,Baylor,Big 12,Away,2018-10-06T19:30:00.000Z,True,False,34,37,L,86,49,43.965
2018,7,401013061,Kansas State,Big 12,Oklahoma State,Big 12,Home,2018-10-13T16:00:00.000Z,True,False,31,12,W,46,26,83.963
2018,9,401013062,Kansas State,Big 12,Oklahoma,Big 12,Away,2018-10-27T19:30:00.000Z,True,False,14,51,L,12,4,174.364
2018,10,401013063,Kansas State,Big 12,TCU,Big 12,Away,2018-11-03T19:30:00.000Z,True,False,13,14,L,78,47,48.606
2018,11,401013054,Kansas State,Big 12,Kansas,Big 12,Home,2018-11-10T17:00:00.000Z,True,False,21,17,W,94,69,-12.473
2018,12,401013064,Kansas State,Big 12,Texas Tech,Big 12,Home,2018-11-17T20:30:00.000Z,True,False,21,6,W,66,42,58.757
2018,13,401013047,Kansas State,Big 12,Iowa State,Big 12,Away,2018-11-25T00:00:00.000Z,True,False,38,42,L,49,22,99.642
2018,1,401012804,Kent State,Mid-American,Illinois,Big Ten,Away,2018-09-01T16:00:00.000Z,True,False,24,31,L,119,91,-50.926
2018,3,401013350,Kent State,Mid-American,Penn State,Big Ten,Away,2018-09-15T16:00:00.000Z,True,False,10,63,L,19,16,117.492
2018,4,401012288,Kent State,Mid-American,Ole Miss,SEC,Away,2018-09-22T16:00:00.000Z,True,False,17,38,L,89,55,28.367
2018,5,401020687,Kent State,Mid-American,Ball State,Mid-American,Away,2018-09-29T19:00:00.000Z,True,False,24,52,L,111,115,-130.221
2018,6,401020755,Kent State,Mid-American,Ohio,Mid-American,Home,2018-10-06T19:30:00.000Z,True,False,26,27,L,7,36,62.643
2018,7,401020810,Kent State,Mid-American,Miami (OH),Mid-American,Away,2018-10-13T18:30:00.000Z,True,False,6,31,L,53,75,-17.863
2018,8,401020761,Kent State,Mid-American,Akron,Mid-American,Home,2018-10-20T19:30:00.000Z,True,False,23,24,L,107,110,-121.996
2018,10,401020769,Kent State,Mid-American,Bowling Green,Mid-American,Away,2018-10-31T00:00:00.000Z,True,False,35,28,W,125,124,-161.701
2018,11,401020775,Kent State,Mid-American,Buffalo,Mid-American,Away,2018-11-07T00:30:00.000Z,True,False,14,48,L,36,62,0.361
2018,12,401020783,Kent State,Mid-American,Toledo,Mid-American,Home,2018-11-15T23:00:00.000Z,True,False,34,56,L,40,76,-18.849
2018,13,401020790,Kent State,Mid-American,Eastern Michigan,Mid-American,Home,2018-11-23T17:00:00.000Z,True,False,20,28,L,59,87,-39.526
2018,1,401012251,Kentucky,SEC,Central Michigan,Mid-American,Home,2018-09-01T19:30:00.000Z,True,False,35,20,W,110,116,-131.207
2018,1,401032088,Kentucky,SEC,Penn State,Big Ten,Away,2019-01-01T18:00:00.000Z,True,False,27,24,W,19,16,117.492
2018,2,401012263,Kentucky,SEC,Florida,SEC,Away,2018-09-08T23:30:00.000Z,True,False,27,16,W,26,10,141.395
2018,4,401012286,Kentucky,SEC,Mississippi State,SEC,Home,2018-09-22T23:00:00.000Z,True,False,28,7,W,18,9,145.105
2018,5,401012296,Kentucky,SEC,South Carolina,SEC,Home,2018-09-29T23:30:00.000Z,True,False,24,10,W,64,34,66.567
2018,6,401012306,Kentucky,SEC,Texas A&M,SEC,Away,2018-10-06T23:00:00.000Z,True,False,14,20,L,39,15,123.816
2018,8,401012314,Kentucky,SEC,Vanderbilt,SEC,Home,2018-10-20T23:30:00.000Z,True,False,14,7,W,55,24,86.550
2018,9,401012322,Kentucky,SEC,Missouri,SEC,Away,2018-10-27T20:00:00.000Z,True,False,15,14,W,22,8,145.255
2018,10,401012326,Kentucky,SEC,Georgia,SEC,Home,2018-11-03T19:30:00.000Z,True,False,17,34,L,5,3,221.520
2018,11,401012336,Kentucky,SEC,Tennessee,SEC,Away,2018-11-10T20:30:00.000Z,True,False,7,24,L,106,61,7.621
2018,12,401012342,Kentucky,SEC,Middle Tennessee,Conference USA,Home,2018-11-17T17:00:00.000Z,True,False,34,23,W,68,84,-27.398
2018,13,401012353,Kentucky,SEC,Louisville,ACC,Away,2018-11-25T00:00:00.000Z,True,False,56,10,W,129,108,-110.724
2018,1,401013095,LSU,SEC,Miami,ACC,Home,2018-09-02T23:30:00.000Z,True,False,33,17,W,48,45,54.366
2018,1,401032084,LSU,SEC,UCF,American Athletic,Away,2019-01-01T18:00:00.000Z,True,False,40,32,W,8,17,116.690
2018,3,401012273,LSU,SEC,Auburn,SEC,Away,2018-09-15T19:30:00.000Z,True,False,22,21,W,29,21,100.333
2018,4,401012287,LSU,SEC,Louisiana Tech,Conference USA,Home,2018-09-22T23:00:00.000Z,True,False,38,21,W,72,98,-69.325
2018,5,401012297,LSU,SEC,Ole Miss,SEC,Home,2018-09-30T01:00:00.000Z,True,False,45,16,W,89,55,28.367
2018,6,401012301,LSU,SEC,Florida,SEC,Away,2018-10-06T19:30:00.000Z,True,False,19,27,L,26,10,141.395
2018,7,401012310,LSU,SEC,Georgia,SEC,Home,2018-10-13T19:30:00.000Z,True,False,36,16,W,5,3,221.520
2018,8,401012315,LSU,SEC,Mississippi State,SEC,Home,2018-10-20T23:00:00.000Z,True,False,19,3,W,18,9,145.105
2018,10,401012327,LSU,SEC,Alabama,SEC,Home,2018-11-04T00:00:00.000Z,True,False,0,29,L,2,1,243.792
2018,11,401012332,LSU,SEC,Arkansas,SEC,Away,2018-11-11T00:30:00.000Z,True,False,24,17,W,124,89,-42.984
2018,12,401012343,LSU,SEC,Rice,Conference USA,Home,2018-11-18T00:30:00.000Z,True,False,42,10,W,126,129,-197.112
2018,13,401012356,LSU,SEC,Texas A&M,SEC,Away,2018-11-25T00:30:00.000Z,True,False,72,74,L,39,15,123.816
2018,1,401013448,Liberty,FBS Independents,Old Dominion,Conference USA,Home,2018-09-01T22:00:00.000Z,True,False,52,10,W,105,121,-147.941
2018,2,401013367,Liberty,FBS Independents,Army,FBS Independents,Away,2018-09-08T16:00:00.000Z,True,False,14,38,L,4,27,81.714
2018,4,401013450,Liberty,FBS Independents,North Texas,Conference USA,Home,2018-09-22T22:00:00.000Z,True,False,7,47,L,30,79,-22.388
2018,5,401013451,Liberty,FBS Independents,New Mexico,Mountain West,Away,2018-09-29T22:00:00.000Z,True,False,52,43,W,108,111,-125.203
2018,6,401013441,Liberty,FBS Independents,New Mexico State,FBS Independents,Away,2018-10-07T00:00:00.000Z,True,False,41,49,L,118,123,-159.784
2018,7,401013452,Liberty,FBS Independents,Troy,Sun Belt,Home,2018-10-13T18:00:00.000Z,True,False,22,16,W,44,70,-12.899
2018,10,401013365,Liberty,FBS Independents,Massachusetts,FBS Independents,Away,2018-11-03T19:30:00.000Z,True,False,59,62,L,115,119,-135.747
2018,11,401013174,Liberty,FBS Independents,Virginia,ACC,Away,2018-11-10T20:00:00.000Z,True,False,24,45,L,33,38,62.135
2018,12,401012339,Liberty,FBS Independents,Auburn,SEC,Away,2018-11-17T21:00:00.000Z,True,False,0,53,L,29,21,100.333
2018,13,401013447,Liberty,FBS Independents,New Mexico State,FBS Independents,Home,2018-11-24T19:00:00.000Z,True,False,28,21,W,118,123,-159.784
2018,1,401035253,Louisiana,Sun Belt,Tulane,American Athletic,Home,2018-12-15T18:30:00.000Z,True,False,24,41,L,84,95,-67.916
2018,3,401012278,Louisiana,Sun Belt,Mississippi State,SEC,Away,2018-09-15T23:30:00.000Z,True,False,10,56,L,18,9,145.105
2018,4,401021663,Louisiana,Sun Belt,Coastal Carolina,Sun Belt,Home,2018-09-22T23:00:00.000Z,True,False,28,30,L,104,112,-125.257
2018,5,401012292,Louisiana,Sun Belt,Alabama,SEC,Away,2018-09-29T16:00:00.000Z,True,False,14,56,L,2,1,243.792
2018,6,401021671,Louisiana,Sun Belt,Texas State,Sun Belt,Away,2018-10-06T23:00:00.000Z,True,False,42,27,W,103,122,-156.904
2018,7,401013442,Louisiana,Sun Belt,New Mexico State,FBS Independents,Home,2018-10-13T21:00:00.000Z,True,False,66,38,W,118,123,-159.784
2018,8,401021677,Louisiana,Sun Belt,App State,Sun Belt,Away,2018-10-20T19:30:00.000Z,True,False,17,27,L,6,29,75.510
2018,9,401021681,Louisiana,Sun Belt,Arkansas State,Sun Belt,Home,2018-10-27T23:00:00.000Z,True,False,47,43,W,50,67,-9.946
2018,10,401021687,Louisiana,Sun Belt,Troy,Sun Belt,Away,2018-11-03T19:30:00.000Z,True,False,16,26,L,44,70,-12.899
2018,11,401021690,Louisiana,Sun Belt,Georgia State,Sun Belt,Home,2018-11-10T22:00:00.000Z,True,False,36,22,W,120,126,-164.412
2018,12,401021695,Louisiana,Sun Belt,South Alabama,Sun Belt,Home,2018-11-17T22:00:00.000Z,True,False,48,38,W,127,125,-162.728
2018,13,401021701,Louisiana,Sun Belt,UL Monroe,Sun Belt,Away,2018-11-24T20:00:00.000Z,True,False,31,28,W,92,101,-79.365
2018,14,401056701,Louisiana,Sun Belt,App State,Sun Belt,Away,2018-12-01T17:00:00.000Z,True,False,19,30,L,6,29,75.510
2018,1,401014974,Louisiana Tech,Conference USA,South Alabama,Sun Belt,Away,2018-09-01T23:00:00.000Z,True,False,30,26,W,127,125,-162.728
2018,1,401032066,Louisiana Tech,Conference USA,Hawai'i,Mountain West,Home,2018-12-23T03:30:00.000Z,True,False,31,14,W,88,100,-78.652
2018,4,401012287,Louisiana Tech,Conference USA,LSU,SEC,Away,2018-09-22T23:00:00.000Z,True,False,21,38,L,25,7,146.658
2018,5,401015004,Louisiana Tech,Conference USA,North Texas,Conference USA,Away,2018-09-29T23:30:00.000Z,True,False,29,27,W,30,79,-22.388
2018,6,401015009,Louisiana Tech,Conference USA,UAB,Conference USA,Home,2018-10-06T23:00:00.000Z,True,False,7,28,L,23,82,-25.549
2018,7,401015015,Louisiana Tech,Conference USA,UTSA,Conference USA,Away,2018-10-13T23:00:00.000Z,True,False,31,3,W,123,127,-164.871
2018,8,401015022,Louisiana Tech,Conference USA,UTEP,Conference USA,Home,2018-10-20T19:30:00.000Z,True,False,31,24,W,114,130,-202.468
2018,9,401015028,Louisiana Tech,Conference USA,Florida Atlantic,Conference USA,Away,2018-10-26T22:30:00.000Z,True,False,21,13,W,74,72,-13.459
2018,10,401012329,Louisiana Tech,Conference USA,Mississippi State,SEC,Away,2018-11-03T23:30:00.000Z,True,False,3,45,L,18,9,145.105
2018,11,401015040,Louisiana Tech,Conference USA,Rice,Conference USA,Home,2018-11-11T00:00:00.000Z,True,False,28,13,W,126,129,-197.112
2018,12,401015046,Louisiana Tech,Conference USA,Southern Miss,Conference USA,Away,2018-11-17T20:30:00.000Z,True,False,20,21,L,60,97,-69.221
2018,13,401015052,Louisiana Tech,Conference USA,Western Kentucky,Conference USA,Home,2018-11-24T17:00:00.000Z,True,False,15,30,L,93,117,-131.767
2018,1,401012246,Louisville,ACC,Alabama,SEC,Away,2018-09-02T00:00:00.000Z,True,False,14,51,L,2,1,243.792
2018,3,401013113,Louisville,ACC,Western Kentucky,Conference USA,Home,2018-09-15T23:30:00.000Z,True,False,20,17,W,93,117,-131.767
2018,4,401013123,Louisville,ACC,Virginia,ACC,Away,2018-09-22T16:30:00.000Z,True,False,3,27,L,33,38,62.135
2018,5,401013133,Louisville,ACC,Florida State,ACC,Home,2018-09-29T19:30:00.000Z,True,False,24,28,L,100,71,-13.254
2018,6,401013138,Louisville,ACC,Georgia Tech,ACC,Home,2018-10-05T23:00:00.000Z,True,False,31,66,L,61,57,19.717
2018,7,401013144,Louisville,ACC,Boston College,ACC,Away,2018-10-13T16:30:00.000Z,True,False,20,38,L,54,51,37.087
2018,9,401013157,Louisville,ACC,Wake Forest,ACC,Home,2018-10-27T16:00:00.000Z,True,False,35,56,L,75,59,12.430
2018,10,401013162,Louisville,ACC,Clemson,ACC,Away,2018-11-03T16:00:00.000Z,True,False,16,77,L,1,2,233.788
2018,11,401013168,Louisville,ACC,Syracuse,ACC,Away,2018-11-10T00:00:00.000Z,True,False,23,54,L,34,31,72.033
2018,12,401013178,Louisville,ACC,NC State,ACC,Home,2018-11-17T17:20:00.000Z,True,False,10,52,L,24,35,63.397
2018,13,401012353,Louisville,ACC,Kentucky,SEC,Home,2018-11-25T00:00:00.000Z,True,False,10,56,L,27,14,124.578
2018,1,401014975,Marshall,Conference USA,Miami (OH),Mid-American,Away,2018-09-01T22:00:00.000Z,True,False,35,28,W,53,75,-17.863
2018,1,401032060,Marshall,Conference USA,South Florida,American Athletic,Away,2018-12-21T01:00:00.000Z,True,False,38,20,W,87,93,-57.252
2018,4,401013126,Marshall,Conference USA,NC State,ACC,Home,2018-09-22T23:00:00.000Z,True,False,20,37,L,24,35,63.397
2018,5,401015005,Marshall,Conference USA,Western Kentucky,Conference USA,Away,2018-09-29T23:30:00.000Z,True,False,20,17,W,93,117,-131.767
2018,6,401015010,Marshall,Conference USA,Middle Tennessee,Conference USA,Home,2018-10-05T23:30:00.000Z,True,False,24,34,L,68,84,-27.398
2018,7,401015016,Marshall,Conference USA,Old Dominion,Conference USA,Away,2018-10-13T19:30:00.000Z,True,False,42,20,W,105,121,-147.941
2018,8,401015021,Marshall,Conference USA,Florida Atlantic,Conference USA,Home,2018-10-20T18:30:00.000Z,True,False,31,7,W,74,72,-13.459
2018,10,401015033,Marshall,Conference USA,Southern Miss,Conference USA,Away,2018-11-03T19:00:00.000Z,True,False,24,26,L,60,97,-69.221
2018,11,401015037,Marshall,Conference USA,Charlotte,Conference USA,Home,2018-11-10T19:30:00.000Z,True,False,30,13,W,101,113,-125.729
2018,12,401015047,Marshall,Conference USA,UTSA,Conference USA,Home,2018-11-17T19:30:00.000Z,True,False,23,0,W,123,127,-164.871
2018,13,401015051,Marshall,Conference USA,Florida International,Conference USA,Away,2018-11-24T17:00:00.000Z,True,False,28,25,W,38,85,-30.554
2018,14,401100159,Marshall,Conference USA,Virginia Tech,ACC,Away,2018-12-01T17:00:00.000Z,True,False,20,41,L,85,74,-17.482
2018,1,401012872,Maryland,Big Ten,Texas,Big 12,Home,2018-09-01T16:00:00.000Z,True,False,34,29,W,42,18,113.548
2018,2,401012873,Maryland,Big Ten,Bowling Green,Mid-American,Away,2018-09-08T22:00:00.000Z,True,False,45,14,W,125,124,-161.701
2018,3,401012874,Maryland,Big Ten,Temple,American Athletic,Home,2018-09-15T16:00:00.000Z,True,False,14,35,L,21,50,37.557
2018,4,401012875,Maryland,Big Ten,Minnesota,Big Ten,Home,2018-09-22T16:00:00.000Z,True,False,42,13,W,52,39,61.295
2018,6,401012876,Maryland,Big Ten,Michigan,Big Ten,Away,2018-10-06T16:00:00.000Z,True,False,21,42,L,10,6,148.453
2018,7,401012825,Maryland,Big Ten,Rutgers,Big Ten,Home,2018-10-13T16:00:00.000Z,True,False,34,7,W,122,96,-68.386
2018,8,401012867,Maryland,Big Ten,Iowa,Big Ten,Away,2018-10-20T16:00:00.000Z,True,False,0,23,L,14,5,148.901
2018,9,401012811,Maryland,Big Ten,Illinois,Big Ten,Home,2018-10-27T19:30:00.000Z,True,False,63,33,W,119,91,-50.926
2018,10,401012877,Maryland,Big Ten,Michigan State,Big Ten,Home,2018-11-03T16:00:00.000Z,True,False,3,24,L,57,41,60.158
2018,11,401012859,Maryland,Big Ten,Indiana,Big Ten,Away,2018-11-10T17:00:00.000Z,True,False,32,34,L,82,58,18.275
2018,12,401012878,Maryland,Big Ten,Ohio State,Big Ten,Home,2018-11-17T17:00:00.000Z,True,False,51,52,L,11,11,140.984
2018,13,401012879,Maryland,Big Ten,Penn State,Big Ten,Away,2018-11-24T20:30:00.000Z,True,False,3,38,L,19,16,117.492
2018,1,401013087,Massachusetts,FBS Independents,Boston College,ACC,Away,2018-09-01T17:00:00.000Z,True,False,21,55,L,54,51,37.087
2018,2,401013358,Massachusetts,FBS Independents,Georgia Southern,Sun Belt,Away,2018-09-08T22:00:00.000Z,True,False,13,34,L,37,63,-0.847
2018,3,401013359,Massachusetts,FBS Independents,Florida International,Conference USA,Away,2018-09-15T23:30:00.000Z,True,False,24,63,L,38,85,-30.554
2018,4,401013360,Massachusetts,FBS Independents,Charlotte,Conference USA,Home,2018-09-22T19:30:00.000Z,True,False,49,31,W,101,113,-125.729
2018,5,401013361,Massachusetts,FBS Independents,Ohio,Mid-American,Away,2018-09-29T18:00:00.000Z,True,False,42,58,L,7,36,62.643
2018,6,401013362,Massachusetts,FBS Independents,South Florida,American Athletic,Home,2018-10-06T19:30:00.000Z,True,False,42,58,L,87,93,-57.252
2018,8,401013363,Massachusetts,FBS Independents,Coastal Carolina,Sun Belt,Home,2018-10-20T19:30:00.000Z,True,False,13,24,L,104,112,-125.257
2018,9,401013364,Massachusetts,FBS Independents,UConn,American Athletic,Away,2018-10-27T16:00:00.000Z,True,False,22,17,W,130,128,-185.437
2018,10,401013365,Massachusetts,FBS Independents,Liberty,FBS Independents,Home,2018-11-03T19:30:00.000Z,True,False,62,59,W,96,107,-107.391
2018,11,401013366,Massachusetts,FBS Independents,BYU,FBS Independents,Home,2018-11-10T17:00:00.000Z,True,False,16,35,L,51,65,-5.413
2018,12,401012341,Massachusetts,FBS Independents,Georgia,SEC,Away,2018-11-17T21:00:00.000Z,True,False,27,66,L,5,3,221.520
2018,1,401032063,Memphis,American Athletic,Wake Forest,ACC,Away,2018-12-22T17:00:00.000Z,True,False,34,37,L,75,59,12.430
2018,2,401019479,Memphis,American Athletic,Navy,American Athletic,Away,2018-09-08T19:30:00.000Z,True,False,21,22,L,112,103,-92.606
2018,3,401019484,Memphis,American Athletic,Georgia State,Sun Belt,Home,2018-09-14T23:00:00.000Z,True,False,59,22,W,120,126,-164.412
2018,4,401019494,Memphis,American Athletic,South Alabama,Sun Belt,Home,2018-09-23T00:00:00.000Z,True,False,52,35,W,127,125,-162.728
2018,5,401019496,Memphis,American Athletic,Tulane,American Athletic,Away,2018-09-29T00:00:00.000Z,True,False,24,40,L,84,95,-67.916
2018,6,401019502,Memphis,American Athletic,UConn,American Athletic,Home,2018-10-06T23:00:00.000Z,True,False,55,14,W,130,128,-185.437
2018,7,401019506,Memphis,American Athletic,UCF,American Athletic,Home,2018-10-13T19:30:00.000Z,True,False,30,31,L,8,17,116.690
2018,8,401012317,Memphis,American Athletic,Missouri,SEC,Away,2018-10-20T20:00:00.000Z,True,False,33,65,L,22,8,145.255
2018,10,401019520,Memphis,American Athletic,East Carolina,American Athletic,Away,2018-11-03T16:00:00.000Z,True,False,59,41,W,113,104,-92.826
2018,11,401019528,Memphis,American Athletic,Tulsa,American Athletic,Home,2018-11-10T17:00:00.000Z,True,False,47,21,W,95,105,-98.714
2018,12,401019530,Memphis,American Athletic,SMU,American Athletic,Away,2018-11-17T02:00:00.000Z,True,False,28,18,W,98,102,-82.428
2018,13,401019537,Memphis,American Athletic,Houston,American Athletic,Home,2018-11-23T17:00:00.000Z,True,False,52,31,W,56,80,-22.819
2018,14,401056699,Memphis,American Athletic,UCF,American Athletic,Away,2018-12-01T20:45:00.000Z,True,False,41,56,L,8,17,116.690
2018,1,401013095,Miami,ACC,LSU,SEC,Away,2018-09-02T23:30:00.000Z,True,False,17,33,L,25,7,146.658
2018,1,401032071,Miami,ACC,Wisconsin,Big Ten,Away,2018-12-27T22:15:00.000Z,True,False,3,35,L,31,30,74.492
2018,3,401013114,Miami,ACC,Toledo,Mid-American,Away,2018-09-15T16:00:00.000Z,True,False,49,24,W,40,76,-18.849
2018,4,401013124,Miami,ACC,Florida International,Conference USA,Home,2018-09-22T19:30:00.000Z,True,False,31,17,W,38,85,-30.554
2018,5,401013466,Miami,ACC,North Carolina,ACC,Home,2018-09-28T00:00:00.000Z,True,False,47,10,W,102,92,-52.848
2018,6,401013141,Miami,ACC,Florida State,ACC,Home,2018-10-06T19:30:00.000Z,True,False,28,27,W,100,71,-13.254
2018,7,401013146,Miami,ACC,Virginia,ACC,Away,2018-10-13T23:00:00.000Z,True,False,13,16,L,33,38,62.135
2018,9,401013154,Miami,ACC,Boston College,ACC,Away,2018-10-26T23:00:00.000Z,True,False,14,27,L,54,51,37.087
2018,10,401013163,Miami,ACC,Duke,ACC,Home,2018-11-03T23:00:00.000Z,True,False,12,20,L,71,44,56.628
2018,11,401013172,Miami,ACC,Georgia Tech,ACC,Away,2018-11-11T00:00:00.000Z,True,False,21,27,L,61,57,19.717
2018,12,401013179,Miami,ACC,Virginia Tech,ACC,Away,2018-11-17T20:30:00.000Z,True,False,38,14,W,85,74,-17.482
2018,13,401013186,Miami,ACC,Pittsburgh,ACC,Home,2018-11-24T20:30:00.000Z,True,False,24,3,W,83,43,57.163
2018,1,401014975,Miami (OH),Mid-American,Marshall,Conference USA,Home,2018-09-01T22:00:00.000Z,True,False,28,35,L,43,81,-22.862
2018,2,401019482,Miami (OH),Mid-American,Cincinnati,American Athletic,Home,2018-09-09T00:00:00.000Z,True,False,0,21,L,15,46,49.939
2018,3,401013330,Miami (OH),Mid-American,Minnesota,Big Ten,Away,2018-09-15T19:30:00.000Z,True,False,3,26,L,52,39,61.295
2018,4,401020811,Miami (OH),Mid-American,Bowling Green,Mid-American,Away,2018-09-22T19:00:00.000Z,True,False,38,23,W,125,124,-161.701
2018,5,401020750,Miami (OH),Mid-American,Western Michigan,Mid-American,Home,2018-09-29T19:30:00.000Z,True,False,39,40,L,97,99,-71.278
2018,6,401020812,Miami (OH),Mid-American,Akron,Mid-American,Away,2018-10-06T19:30:00.000Z,True,False,41,17,W,107,110,-121.996
2018,7,401020810,Miami (OH),Mid-American,Kent State,Mid-American,Home,2018-10-13T18:30:00.000Z,True,False,31,6,W,121,120,-145.593
2018,8,401013371,Miami (OH),Mid-American,Army,FBS Independents,Away,2018-10-20T16:00:00.000Z,True,False,30,31,L,4,27,81.714
2018,10,401020770,Miami (OH),Mid-American,Buffalo,Mid-American,Away,2018-10-31T00:00:00.000Z,True,False,42,51,L,36,62,0.361
2018,11,401020776,Miami (OH),Mid-American,Ohio,Mid-American,Home,2018-11-08T00:00:00.000Z,True,False,30,28,W,7,36,62.643
2018,12,401020782,Miami (OH),Mid-American,Northern Illinois,Mid-American,Away,2018-11-15T01:00:00.000Z,True,False,13,7,W,77,88,-40.536
2018,13,401020785,Miami (OH),Mid-American,Ball State,Mid-American,Home,2018-11-21T00:00:00.000Z,True,False,42,21,W,111,115,-130.221
2018,1,401012888,Michigan,Big Ten,Notre Dame,FBS Independents,Away,2018-09-01T23:30:00.000Z,True,False,17,24,L,17,12,138.907
2018,1,401032076,Michigan,Big Ten,Florida,SEC,Home,2018-12-29T17:00:00.000Z,True,False,15,41,L,26,10,141.395
2018,2,401012889,Michigan,Big Ten,Western Michigan,Mid-American,Home,2018-09-08T16:00:00.000Z,True,False,49,3,W,97,99,-71.278
2018,3,401012890,Michigan,Big Ten,SMU,American Athletic,Home,2018-09-15T19:30:00.000Z,True,False,45,20,W,98,102,-82.428
2018,4,401012891,Michigan,Big Ten,Nebraska,Big Ten,Home,2018-09-22T16:00:00.000Z,True,False,56,10,W,90,53,28.387
2018,5,401012892,Michigan,Big Ten,Northwestern,Big Ten,Away,2018-09-29T20:47:00.000Z,True,False,20,17,W,62,37,62.327
2018,6,401012876,Michigan,Big Ten,Maryland,Big Ten,Home,2018-10-06T16:00:00.000Z,True,False,42,21,W,70,54,28.372
2018,7,401012893,Michigan,Big Ten,Wisconsin,Big Ten,Home,2018-10-13T23:30:00.000Z,True,False,38,13,W,31,30,74.492
2018,8,401012884,Michigan,Big Ten,Michigan State,Big Ten,Away,2018-10-20T16:00:00.000Z,True,False,21,7,W,57,41,60.158
2018,10,401012894,Michigan,Big Ten,Penn State,Big Ten,Home,2018-11-03T19:45:00.000Z,True,False,42,7,W,19,16,117.492
2018,11,401012848,Michigan,Big Ten,Rutgers,Big Ten,Away,2018-11-10T20:30:00.000Z,True,False,42,7,W,122,96,-68.386
2018,12,401012860,Michigan,Big Ten,Indiana,Big Ten,Home,2018-11-17T21:00:00.000Z,True,False,31,20,W,82,58,18.275
2018,13,401012895,Michigan,Big Ten,Ohio State,Big Ten,Away,2018-11-24T17:00:00.000Z,True,False,39,62,L,11,11,140.984
2018,1,401012880,Michigan State,Big Ten,Utah State,Mountain West,Home,2018-08-31T23:00:00.000Z,True,False,38,31,W,3,32,69.025
2018,1,401035254,Michigan State,Big Ten,Oregon,Pac-12,Away,2018-12-31T20:00:00.000Z,True,False,6,7,L,32,48,47.856
2018,2,401012727,Michigan State,Big Ten,Arizona State,Pac-12,Away,2018-09-09T02:45:00.000Z,True,False,13,16,L,47,56,28.252
2018,4,401012854,Michigan State,Big Ten,Indiana,Big Ten,Away,2018-09-22T23:30:00.000Z,True,False,35,21,W,82,58,18.275
2018,5,401012881,Michigan State,Big Ten,Central Michigan,Mid-American,Home,2018-09-29T16:00:00.000Z,True,False,31,20,W,110,116,-131.207
2018,6,401012882,Michigan State,Big Ten,Northwestern,Big Ten,Home,2018-10-06T16:00:00.000Z,True,False,19,29,L,62,37,62.327
2018,7,401012883,Michigan State,Big Ten,Penn State,Big Ten,Away,2018-10-13T19:30:00.000Z,True,False,21,17,W,19,16,117.492
2018,8,401012884,Michigan State,Big Ten,Michigan,Big Ten,Home,2018-10-20T16:00:00.000Z,True,False,7,21,L,10,6,148.453
2018,9,401012885,Michigan State,Big Ten,Purdue,Big Ten,Home,2018-10-27T16:00:00.000Z,True,False,23,13,W,63,33,68.030
2018,10,401012877,Michigan State,Big Ten,Maryland,Big Ten,Away,2018-11-03T16:00:00.000Z,True,False,24,3,W,70,54,28.372
2018,11,401012886,Michigan State,Big Ten,Ohio State,Big Ten,Home,2018-11-10T17:00:00.000Z,True,False,6,26,L,11,11,140.984
2018,12,401012887,Michigan State,Big Ten,Nebraska,Big Ten,Away,2018-11-17T17:00:00.000Z,True,False,6,9,L,90,53,28.387
2018,13,401012850,Michigan State,Big Ten,Rutgers,Big Ten,Home,2018-11-24T21:00:00.000Z,True,False,14,10,W,122,96,-68.386
2018,1,401012259,Middle Tennessee,Conference USA,Vanderbilt,SEC,Away,2018-09-01T23:30:00.000Z,True,False,7,35,L,55,24,86.550
2018,1,401032057,Middle Tennessee,Conference USA,App State,Sun Belt,Away,2018-12-16T02:00:00.000Z,True,False,13,45,L,6,29,75.510
2018,3,401012275,Middle Tennessee,Conference USA,Georgia,SEC,Away,2018-09-15T16:00:00.000Z,True,False,7,49,L,5,3,221.520
2018,5,401015003,Middle Tennessee,Conference USA,Florida Atlantic,Conference USA,Home,2018-09-29T23:00:00.000Z,True,False,25,24,W,74,72,-13.459
2018,6,401015010,Middle Tennessee,Conference USA,Marshall,Conference USA,Away,2018-10-05T23:30:00.000Z,True,False,34,24,W,43,81,-22.862
2018,7,401015014,Middle Tennessee,Conference USA,Florida International,Conference USA,Away,2018-10-13T23:30:00.000Z,True,False,21,24,L,38,85,-30.554
2018,8,401015019,Middle Tennessee,Conference USA,Charlotte,Conference USA,Home,2018-10-20T19:00:00.000Z,True,False,21,13,W,101,113,-125.729
2018,9,401015029,Middle Tennessee,Conference USA,Old Dominion,Conference USA,Away,2018-10-27T19:30:00.000Z,True,False,51,17,W,105,121,-147.941
2018,10,401015034,Middle Tennessee,Conference USA,Western Kentucky,Conference USA,Home,2018-11-03T00:00:00.000Z,True,False,29,10,W,93,117,-131.767
2018,11,401015041,Middle Tennessee,Conference USA,UTEP,Conference USA,Away,2018-11-10T20:00:00.000Z,True,False,48,32,W,114,130,-202.468
2018,12,401012342,Middle Tennessee,Conference USA,Kentucky,SEC,Away,2018-11-17T17:00:00.000Z,True,False,23,34,L,27,14,124.578
2018,13,401015053,Middle Tennessee,Conference USA,UAB,Conference USA,Home,2018-11-24T20:00:00.000Z,True,False,27,3,W,23,82,-25.549
2018,14,401056703,Middle Tennessee,Conference USA,UAB,Conference USA,Home,2018-12-01T18:30:00.000Z,True,False,25,27,L,23,82,-25.549
2018,1,401013328,Minnesota,Big Ten,New Mexico State,FBS Independents,Home,2018-08-30T23:00:00.000Z,True,False,48,10,W,118,123,-159.784
2018,1,401032068,Minnesota,Big Ten,Georgia Tech,ACC,Away,2018-12-26T22:15:00.000Z,True,False,34,10,W,61,57,19.717
2018,2,401013329,Minnesota,Big Ten,Fresno State,Mountain West,Home,2018-09-08T23:30:00.000Z,True,False,21,14,W,9,23,96.413
2018,3,401013330,Minnesota,Big Ten,Miami (OH),Mid-American,Home,2018-09-15T19:30:00.000Z,True,False,26,3,W,53,75,-17.863
2018,4,401012875,Minnesota,Big Ten,Maryland,Big Ten,Away,2018-09-22T16:00:00.000Z,True,False,13,42,L,70,54,28.372
2018,6,401012866,Minnesota,Big Ten,Iowa,Big Ten,Home,2018-10-06T19:30:00.000Z,True,False,31,48,L,14,5,148.901
2018,7,401013331,Minnesota,Big Ten,Ohio State,Big Ten,Away,2018-10-13T16:00:00.000Z,True,False,14,30,L,11,11,140.984
2018,8,401013332,Minnesota,Big Ten,Nebraska,Big Ten,Away,2018-10-20T19:30:00.000Z,True,False,28,53,L,90,53,28.387
2018,9,401012858,Minnesota,Big Ten,Indiana,Big Ten,Home,2018-10-27T00:00:00.000Z,True,False,38,31,W,82,58,18.275
2018,10,401012812,Minnesota,Big Ten,Illinois,Big Ten,Away,2018-11-03T19:30:00.000Z,True,False,31,55,L,119,91,-50.926
2018,11,401013333,Minnesota,Big Ten,Purdue,Big Ten,Home,2018-11-10T20:30:00.000Z,True,False,41,10,W,63,33,68.030
2018,12,401013334,Minnesota,Big Ten,Northwestern,Big Ten,Home,2018-11-17T17:00:00.000Z,True,False,14,24,L,62,37,62.327
2018,13,401013335,Minnesota,Big Ten,Wisconsin,Big Ten,Away,2018-11-24T20:30:00.000Z,True,False,37,15,W,31,30,74.492
2018,1,401032083,Mississippi State,SEC,Iowa,Big Ten,Away,2019-01-01T17:00:00.000Z,True,False,22,27,L,14,5,148.901
2018,2,401012266,Mississippi State,SEC,Kansas State,Big 12,Away,2018-09-08T16:00:00.000Z,True,False,31,10,W,81,52,36.959
2018,3,401012278,Mississippi State,SEC,Louisiana,Sun Belt,Home,2018-09-15T23:30:00.000Z,True,False,56,10,W,91,94,-60.151
2018,4,401012286,Mississippi State,SEC,Kentucky,SEC,Away,2018-09-22T23:00:00.000Z,True,False,7,28,L,27,14,124.578
2018,5,401012298,Mississippi State,SEC,Florida,SEC,Home,2018-09-29T22:00:00.000Z,True,False,6,13,L,26,10,141.395
2018,6,401012304,Mississippi State,SEC,Auburn,SEC,Home,2018-10-06T23:30:00.000Z,True,False,23,9,W,29,21,100.333
2018,8,401012315,Mississippi State,SEC,LSU,SEC,Away,2018-10-20T23:00:00.000Z,True,False,3,19,L,25,7,146.658
2018,9,401012321,Mississippi State,SEC,Texas A&M,SEC,Home,2018-10-27T23:00:00.000Z,True,False,28,13,W,39,15,123.816
2018,10,401012329,Mississippi State,SEC,Louisiana Tech,Conference USA,Home,2018-11-03T23:30:00.000Z,True,False,45,3,W,72,98,-69.325
2018,11,401012331,Mississippi State,SEC,Alabama,SEC,Away,2018-11-10T20:30:00.000Z,True,False,0,24,L,2,1,243.792
2018,12,401012344,Mississippi State,SEC,Arkansas,SEC,Home,2018-11-17T17:00:00.000Z,True,False,52,6,W,124,89,-42.984
2018,13,401012349,Mississippi State,SEC,Ole Miss,SEC,Away,2018-11-23T00:30:00.000Z,True,False,35,3,W,89,55,28.367
2018,1,401032081,Missouri,SEC,Oklahoma State,Big 12,Away,2018-12-31T20:45:00.000Z,True,False,33,38,L,46,26,83.963
2018,2,401012267,Missouri,SEC,Wyoming,Mountain West,Home,2018-09-08T23:00:00.000Z,True,False,40,13,W,73,83,-26.992
2018,3,401012279,Missouri,SEC,Purdue,Big Ten,Away,2018-09-15T23:30:00.000Z,True,False,40,37,W,63,33,68.030
2018,4,401012289,Missouri,SEC,Georgia,SEC,Home,2018-09-22T16:00:00.000Z,True,False,29,43,L,5,3,221.520
2018,6,401012305,Missouri,SEC,South Carolina,SEC,Away,2018-10-06T16:00:00.000Z,True,False,35,37,L,64,34,66.567
2018,7,401012307,Missouri,SEC,Alabama,SEC,Away,2018-10-13T23:00:00.000Z,True,False,10,39,L,2,1,243.792
2018,8,401012317,Missouri,SEC,Memphis,American Athletic,Home,2018-10-20T20:00:00.000Z,True,False,65,33,W,41,64,-5.274
2018,9,401012322,Missouri,SEC,Kentucky,SEC,Home,2018-10-27T20:00:00.000Z,True,False,14,15,L,27,14,124.578
2018,10,401012325,Missouri,SEC,Florida,SEC,Away,2018-11-03T20:00:00.000Z,True,False,38,17,W,26,10,141.395
2018,11,401012335,Missouri,SEC,Vanderbilt,SEC,Home,2018-11-10T17:00:00.000Z,True,False,33,28,W,55,24,86.550
2018,12,401012346,Missouri,SEC,Tennessee,SEC,Away,2018-11-17T20:30:00.000Z,True,False,50,17,W,106,61,7.621
2018,13,401012354,Missouri,SEC,Arkansas,SEC,Home,2018-11-23T19:30:00.000Z,True,False,38,0,W,124,89,-42.984
2018,1,401032082,NC State,ACC,Texas A&M,SEC,Away,2019-01-01T00:30:00.000Z,True,False,13,52,L,39,15,123.816
2018,2,401013104,NC State,ACC,Georgia State,Sun Belt,Home,2018-09-08T16:30:00.000Z,True,False,41,7,W,120,126,-164.412
2018,4,401013126,NC State,ACC,Marshall,Conference USA,Away,2018-09-22T23:00:00.000Z,True,False,37,20,W,43,81,-22.862
2018,5,401013135,NC State,ACC,Virginia,ACC,Home,2018-09-29T16:20:00.000Z,True,False,35,21,W,33,38,62.135
2018,6,401013139,NC State,ACC,Boston College,ACC,Home,2018-10-06T16:30:00.000Z,True,False,28,23,W,54,51,37.087
2018,8,401013149,NC State,ACC,Clemson,ACC,Away,2018-10-20T19:30:00.000Z,True,False,7,41,L,1,2,233.788
2018,9,401013159,NC State,ACC,Syracuse,ACC,Away,2018-10-27T23:00:00.000Z,True,False,41,51,L,34,31,72.033
2018,10,401013164,NC State,ACC,Florida State,ACC,Home,2018-11-03T19:30:00.000Z,True,False,47,28,W,100,71,-13.254
2018,11,401013167,NC State,ACC,Wake Forest,ACC,Home,2018-11-09T00:30:00.000Z,True,False,23,27,L,75,59,12.430
2018,12,401013178,NC State,ACC,Louisville,ACC,Away,2018-11-17T17:20:00.000Z,True,False,52,10,W,129,108,-110.724
2018,13,401013187,NC State,ACC,North Carolina,ACC,Away,2018-11-24T17:20:00.000Z,True,False,34,28,W,102,92,-52.848
2018,14,401088766,NC State,ACC,East Carolina,American Athletic,Home,2018-12-01T17:00:00.000Z,True,False,58,3,W,113,104,-92.826
2018,1,401019475,Navy,American Athletic,Hawai'i,Mountain West,Away,2018-09-02T03:00:00.000Z,True,False,41,59,L,88,100,-78.652
2018,2,401019479,Navy,American Athletic,Memphis,American Athletic,Home,2018-09-08T19:30:00.000Z,True,False,22,21,W,41,64,-5.274
2018,4,401019495,Navy,American Athletic,SMU,American Athletic,Away,2018-09-22T16:00:00.000Z,True,False,30,31,L,98,102,-82.428
2018,6,401019504,Navy,American Athletic,Air Force,Mountain West,Away,2018-10-06T19:30:00.000Z,True,False,7,35,L,58,77,-18.944
2018,7,401019508,Navy,American Athletic,Temple,American Athletic,Home,2018-10-13T19:30:00.000Z,True,False,17,24,L,21,50,37.557
2018,8,401019512,Navy,American Athletic,Houston,American Athletic,Home,2018-10-20T19:30:00.000Z,True,False,36,49,L,56,80,-22.819
2018,9,401013189,Navy,American Athletic,Notre Dame,FBS Independents,Home,2018-10-28T00:00:00.000Z,True,False,22,44,L,17,12,138.907
2018,10,401019518,Navy,American Athletic,Cincinnati,American Athletic,Away,2018-11-03T19:30:00.000Z,True,False,0,42,L,15,46,49.939
2018,11,401019523,Navy,American Athletic,UCF,American Athletic,Away,2018-11-10T17:00:00.000Z,True,False,24,35,L,8,17,116.690
2018,12,401019534,Navy,American Athletic,Tulsa,American Athletic,Home,2018-11-17T20:30:00.000Z,True,False,37,29,W,95,105,-98.714
2018,13,401019539,Navy,American Athletic,Tulane,American Athletic,Away,2018-11-24T17:00:00.000Z,True,False,28,29,L,84,95,-67.916
2018,15,401013376,Navy,American Athletic,Army,FBS Independents,Away,2018-12-08T20:00:00.000Z,True,False,10,17,L,4,27,81.714
2018,2,401012729,Nebraska,Big Ten,Colorado,Pac-12,Home,2018-09-08T19:30:00.000Z,True,False,28,33,L,79,73,-14.651
2018,3,401013337,Nebraska,Big Ten,Troy,Sun Belt,Home,2018-09-15T16:00:00.000Z,True,False,19,24,L,44,70,-12.899
2018,4,401012891,Nebraska,Big Ten,Michigan,Big Ten,Away,2018-09-22T16:00:00.000Z,True,False,10,56,L,10,6,148.453
2018,5,401013338,Nebraska,Big Ten,Purdue,Big Ten,Home,2018-09-29T19:30:00.000Z,True,False,28,42,L,63,33,68.030
2018,6,401013339,Nebraska,Big Ten,Wisconsin,Big Ten,Away,2018-10-06T23:30:00.000Z,True,False,24,41,L,31,30,74.492
2018,7,401013340,Nebraska,Big Ten,Northwestern,Big Ten,Away,2018-10-13T16:00:00.000Z,True,False,31,34,L,62,37,62.327
2018,8,401013332,Nebraska,Big Ten,Minnesota,Big Ten,Home,2018-10-20T19:30:00.000Z,True,False,53,28,W,52,39,61.295
2018,10,401013341,Nebraska,Big Ten,Ohio State,Big Ten,Away,2018-11-03T16:00:00.000Z,True,False,31,36,L,11,11,140.984
2018,11,401012813,Nebraska,Big Ten,Illinois,Big Ten,Home,2018-11-10T17:00:00.000Z,True,False,54,35,W,119,91,-50.926
2018,12,401012887,Nebraska,Big Ten,Michigan State,Big Ten,Home,2018-11-17T17:00:00.000Z,True,False,9,6,W,57,41,60.158
2018,13,401012871,Nebraska,Big Ten,Iowa,Big Ten,Away,2018-11-23T17:00:00.000Z,True,False,28,31,L,14,5,148.901
2018,1,401035252,Nevada,Mountain West,Arkansas State,Sun Belt,Home,2018-12-29T18:15:00.000Z,True,False,16,13,W,50,67,-9.946
2018,2,401012271,Nevada,Mountain West,Vanderbilt,SEC,Away,2018-09-08T16:00:00.000Z,True,False,10,41,L,55,24,86.550
2018,3,401012744,Nevada,Mountain West,Oregon State,Pac-12,Home,2018-09-15T23:00:00.000Z,True,False,37,35,W,128,118,-134.872
2018,4,401020685,Nevada,Mountain West,Toledo,Mid-American,Away,2018-09-22T16:00:00.000Z,True,False,44,63,L,40,76,-18.849
2018,5,401022525,Nevada,Mountain West,Air Force,Mountain West,Away,2018-09-29T20:00:00.000Z,True,False,28,25,W,58,77,-18.944
2018,6,401022532,Nevada,Mountain West,Fresno State,Mountain West,Home,2018-10-07T02:30:00.000Z,True,False,3,21,L,9,23,96.413
2018,7,401022534,Nevada,Mountain West,Boise State,Mountain West,Home,2018-10-14T02:30:00.000Z,True,False,27,31,L,13,28,80.702
2018,8,401022542,Nevada,Mountain West,Hawai'i,Mountain West,Away,2018-10-21T03:59:00.000Z,True,False,40,22,W,88,100,-78.652
2018,9,401022548,Nevada,Mountain West,San Diego State,Mountain West,Home,2018-10-28T02:30:00.000Z,True,False,28,24,W,76,90,-46.968
2018,11,401022555,Nevada,Mountain West,Colorado State,Mountain West,Home,2018-11-11T03:30:00.000Z,True,False,49,10,W,117,114,-129.253
2018,12,401022562,Nevada,Mountain West,San José State,Mountain West,Away,2018-11-17T20:00:00.000Z,True,False,21,12,W,116,106,-103.298
2018,13,401022569,Nevada,Mountain West,UNLV,Mountain West,Away,2018-11-25T02:30:00.000Z,True,False,29,34,L,109,109,-120.450
2018,2,401013355,New Mexico,Mountain West,Wisconsin,Big Ten,Away,2018-09-08T16:00:00.000Z,True,False,14,45,L,31,30,74.492
2018,3,401013439,New Mexico,Mountain West,New Mexico State,FBS Independents,Away,2018-09-16T00:00:00.000Z,True,False,42,25,W,118,123,-159.784
2018,5,401013451,New Mexico,Mountain West,Liberty,FBS Independents,Home,2018-09-29T22:00:00.000Z,True,False,43,52,L,96,107,-107.391
2018,6,401022530,New Mexico,Mountain West,UNLV,Mountain West,Away,2018-10-06T20:00:00.000Z,True,False,50,14,W,109,109,-120.450
2018,7,401022535,New Mexico,Mountain West,Colorado State,Mountain West,Away,2018-10-13T20:00:00.000Z,True,False,18,20,L,117,114,-129.253
2018,8,401022541,New Mexico,Mountain West,Fresno State,Mountain West,Home,2018-10-20T23:30:00.000Z,True,False,7,38,L,9,23,96.413
2018,9,401022545,New Mexico,Mountain West,Utah State,Mountain West,Away,2018-10-27T20:00:00.000Z,True,False,19,61,L,3,32,69.025
2018,10,401022550,New Mexico,Mountain West,San Diego State,Mountain West,Home,2018-11-04T02:15:00.000Z,True,False,23,31,L,76,90,-46.968
2018,11,401022554,New Mexico,Mountain West,Air Force,Mountain West,Away,2018-11-10T20:30:00.000Z,True,False,24,42,L,58,77,-18.944
2018,12,401022560,New Mexico,Mountain West,Boise State,Mountain West,Home,2018-11-17T02:00:00.000Z,True,False,14,45,L,13,28,80.702
2018,13,401022567,New Mexico,Mountain West,Wyoming,Mountain West,Home,2018-11-24T19:30:00.000Z,True,False,3,31,L,73,83,-26.992
2018,1,401013437,New Mexico State,FBS Independents,Wyoming,Mountain West,Home,2018-08-26T02:00:00.000Z,True,False,7,29,L,73,83,-26.992
2018,1,401013328,New Mexico State,FBS Independents,Minnesota,Big Ten,Away,2018-08-30T23:00:00.000Z,True,False,10,48,L,52,39,61.295
2018,2,401013438,New Mexico State,FBS Independents,Utah State,Mountain West,Away,2018-09-09T00:00:00.000Z,True,False,13,60,L,3,32,69.025
2018,3,401013439,New Mexico State,FBS Independents,New Mexico,Mountain West,Home,2018-09-16T00:00:00.000Z,True,False,25,42,L,108,111,-125.203
2018,4,401013440,New Mexico State,FBS Independents,UTEP,Conference USA,Away,2018-09-22T23:30:00.000Z,True,False,27,20,W,114,130,-202.468
2018,6,401013441,New Mexico State,FBS Independents,Liberty,FBS Independents,Home,2018-10-07T00:00:00.000Z,True,False,49,41,W,96,107,-107.391
2018,7,401013442,New Mexico State,FBS Independents,Louisiana,Sun Belt,Away,2018-10-13T21:00:00.000Z,True,False,38,66,L,91,94,-60.151
2018,8,401013443,New Mexico State,FBS Independents,Georgia Southern,Sun Belt,Home,2018-10-20T22:00:00.000Z,True,False,31,48,L,37,63,-0.847
2018,9,401013444,New Mexico State,FBS Independents,Texas State,Sun Belt,Away,2018-10-27T23:00:00.000Z,True,False,20,27,L,103,122,-156.904
2018,12,401013446,New Mexico State,FBS Independents,BYU,FBS Independents,Away,2018-11-18T03:15:00.000Z,True,False,10,45,L,51,65,-5.413
2018,13,401013447,New Mexico State,FBS Independents,Liberty,FBS Independents,Away,2018-11-24T19:00:00.000Z,True,False,21,28,L,96,107,-107.391
2018,1,401012684,North Carolina,ACC,California,Pac-12,Away,2018-09-01T20:00:00.000Z,True,False,17,24,L,69,66,-7.994
2018,2,401013103,North Carolina,ACC,East Carolina,American Athletic,Away,2018-09-08T19:30:00.000Z,True,False,19,41,L,113,104,-92.826
2018,4,401013125,North Carolina,ACC,Pittsburgh,ACC,Home,2018-09-22T16:20:00.000Z,True,False,38,35,W,83,43,57.163
2018,5,401013466,North Carolina,ACC,Miami,ACC,Away,2018-09-28T00:00:00.000Z,True,False,10,47,L,48,45,54.366
2018,7,401013147,North Carolina,ACC,Virginia Tech,ACC,Home,2018-10-13T23:00:00.000Z,True,False,19,22,L,85,74,-17.482
2018,8,401013152,North Carolina,ACC,Syracuse,ACC,Away,2018-10-20T16:20:00.000Z,True,False,37,40,L,34,31,72.033
2018,9,401013158,North Carolina,ACC,Virginia,ACC,Away,2018-10-27T16:20:00.000Z,True,False,21,31,L,33,38,62.135
2018,10,401013165,North Carolina,ACC,Georgia Tech,ACC,Home,2018-11-03T16:15:00.000Z,True,False,28,38,L,61,57,19.717
2018,11,401013170,North Carolina,ACC,Duke,ACC,Away,2018-11-10T17:20:00.000Z,True,False,35,42,L,71,44,56.628
2018,13,401013187,North Carolina,ACC,NC State,ACC,Home,2018-11-24T17:20:00.000Z,True,False,28,34,L,24,35,63.397
2018,1,401014976,North Texas,Conference USA,SMU,American Athletic,Home,2018-09-01T23:30:00.000Z,True,False,46,23,W,98,102,-82.428
2018,1,401032054,North Texas,Conference USA,Utah State,Mountain West,Home,2018-12-15T19:00:00.000Z,True,False,13,52,L,3,32,69.025
2018,3,401012272,North Texas,Conference USA,Arkansas,SEC,Away,2018-09-15T20:00:00.000Z,True,False,44,17,W,124,89,-42.984
2018,4,401013450,North Texas,Conference USA,Liberty,FBS Independents,Away,2018-09-22T22:00:00.000Z,True,False,47,7,W,96,107,-107.391
2018,5,401015004,North Texas,Conference USA,Louisiana Tech,Conference USA,Home,2018-09-29T23:30:00.000Z,True,False,27,29,L,72,98,-69.325
2018,6,401015011,North Texas,Conference USA,UTEP,Conference USA,Away,2018-10-06T23:30:00.000Z,True,False,27,24,W,114,130,-202.468
2018,7,401015017,North Texas,Conference USA,Southern Miss,Conference USA,Home,2018-10-13T18:00:00.000Z,True,False,30,7,W,60,97,-69.221
2018,8,401015023,North Texas,Conference USA,UAB,Conference USA,Away,2018-10-20T23:30:00.000Z,True,False,21,29,L,23,82,-25.549
2018,9,401015030,North Texas,Conference USA,Rice,Conference USA,Home,2018-10-27T20:00:00.000Z,True,False,41,17,W,126,129,-197.112
2018,11,401015042,North Texas,Conference USA,Old Dominion,Conference USA,Away,2018-11-10T20:30:00.000Z,True,False,31,34,L,105,121,-147.941
2018,12,401015045,North Texas,Conference USA,Florida Atlantic,Conference USA,Home,2018-11-16T02:30:00.000Z,True,False,41,38,W,74,72,-13.459
2018,13,401015054,North Texas,Conference USA,UTSA,Conference USA,Away,2018-11-25T00:00:00.000Z,True,False,24,21,W,123,127,-164.871
2018,1,401012862,Northern Illinois,Mid-American,Iowa,Big Ten,Away,2018-09-01T19:40:00.000Z,True,False,7,33,L,14,5,148.901
2018,1,401032058,Northern Illinois,Mid-American,UAB,Conference USA,Home,2018-12-19T00:00:00.000Z,True,False,13,37,L,23,82,-25.549
2018,2,401012730,Northern Illinois,Mid-American,Utah,Pac-12,Home,2018-09-08T23:30:00.000Z,True,False,6,17,L,35,25,85.664
2018,3,401020679,Northern Illinois,Mid-American,Central Michigan,Mid-American,Home,2018-09-15T19:30:00.000Z,True,False,24,16,W,110,116,-131.207
2018,4,401013122,Northern Illinois,Mid-American,Florida State,ACC,Away,2018-09-22T19:30:00.000Z,True,False,19,37,L,100,71,-13.254
2018,5,401020688,Northern Illinois,Mid-American,Eastern Michigan,Mid-American,Away,2018-09-29T22:00:00.000Z,True,False,26,23,W,59,87,-39.526
2018,6,401020754,Northern Illinois,Mid-American,Ball State,Mid-American,Away,2018-10-06T19:00:00.000Z,True,False,24,16,W,111,115,-130.221
2018,7,401020758,Northern Illinois,Mid-American,Ohio,Mid-American,Home,2018-10-13T19:30:00.000Z,True,False,24,21,W,7,36,62.643
2018,9,401016409,Northern Illinois,Mid-American,BYU,FBS Independents,Away,2018-10-27T19:30:00.000Z,True,False,7,6,W,51,65,-5.413
2018,10,401020772,Northern Illinois,Mid-American,Akron,Mid-American,Away,2018-11-01T23:00:00.000Z,True,False,36,26,W,107,110,-121.996
2018,11,401020777,Northern Illinois,Mid-American,Toledo,Mid-American,Home,2018-11-08T01:00:00.000Z,True,False,38,15,W,40,76,-18.849
2018,12,401020782,Northern Illinois,Mid-American,Miami (OH),Mid-American,Home,2018-11-15T01:00:00.000Z,True,False,7,13,L,53,75,-17.863
2018,13,401020786,Northern Illinois,Mid-American,Western Michigan,Mid-American,Away,2018-11-21T00:00:00.000Z,True,False,21,28,L,97,99,-71.278
2018,14,401056696,Northern Illinois,Mid-American,Buffalo,Mid-American,Away,2018-12-01T00:00:00.000Z,True,False,30,29,W,36,62,0.361
2018,1,401013342,Northwestern,Big Ten,Purdue,Big Ten,Away,2018-08-31T00:00:00.000Z,True,False,31,27,W,63,33,68.030
2018,1,401035250,Northwestern,Big Ten,Utah,Pac-12,Away,2019-01-01T00:00:00.000Z,True,False,31,20,W,35,25,85.664
2018,2,401013098,Northwestern,Big Ten,Duke,ACC,Home,2018-09-08T16:00:00.000Z,True,False,7,21,L,71,44,56.628
2018,3,401013343,Northwestern,Big Ten,Akron,Mid-American,Home,2018-09-15T23:30:00.000Z,True,False,34,39,L,107,110,-121.996
2018,5,401012892,Northwestern,Big Ten,Michigan,Big Ten,Home,2018-09-29T20:47:00.000Z,True,False,17,20,L,10,6,148.453
2018,6,401012882,Northwestern,Big Ten,Michigan State,Big Ten,Away,2018-10-06T16:00:00.000Z,True,False,29,19,W,57,41,60.158
2018,7,401013340,Northwestern,Big Ten,Nebraska,Big Ten,Home,2018-10-13T16:00:00.000Z,True,False,34,31,W,90,53,28.387
2018,8,401012846,Northwestern,Big Ten,Rutgers,Big Ten,Away,2018-10-20T16:00:00.000Z,True,False,18,15,W,122,96,-68.386
2018,9,401013344,Northwestern,Big Ten,Wisconsin,Big Ten,Home,2018-10-27T16:00:00.000Z,True,False,31,17,W,31,30,74.492
2018,10,401013345,Northwestern,Big Ten,Notre Dame,FBS Independents,Home,2018-11-03T23:15:00.000Z,True,False,21,31,L,17,12,138.907
2018,11,401012870,Northwestern,Big Ten,Iowa,Big Ten,Away,2018-11-10T20:30:00.000Z,True,False,14,10,W,14,5,148.901
2018,12,401013334,Northwestern,Big Ten,Minnesota,Big Ten,Away,2018-11-17T17:00:00.000Z,True,False,24,14,W,52,39,61.295
2018,13,401012815,Northwestern,Big Ten,Illinois,Big Ten,Home,2018-11-24T20:30:00.000Z,True,False,24,16,W,119,91,-50.926
2018,14,401056702,Northwestern,Big Ten,Ohio State,Big Ten,Away,2018-12-02T01:00:00.000Z,True,False,24,45,L,11,11,140.984
2018,1,401012888,Notre Dame,FBS Independents,Michigan,Big Ten,Home,2018-09-01T23:30:00.000Z,True,False,24,17,W,10,6,148.453
2018,1,401032079,Notre Dame,FBS Independents,Clemson,ACC,Away,2018-12-29T21:00:00.000Z,True,False,3,30,L,1,2,233.788
2018,2,401013377,Notre Dame,FBS Independents,Ball State,Mid-American,Home,2018-09-08T19:30:00.000Z,True,False,24,16,W,111,115,-130.221
2018,3,401012283,Notre Dame,FBS Independents,Vanderbilt,SEC,Home,2018-09-15T18:30:00.000Z,True,False,22,17,W,55,24,86.550
2018,4,401013129,Notre Dame,FBS Independents,Wake Forest,ACC,Away,2018-09-22T16:00:00.000Z,True,False,56,27,W,75,59,12.430
2018,5,401012758,Notre Dame,FBS Independents,Stanford,Pac-12,Home,2018-09-29T23:30:00.000Z,True,False,38,17,W,45,40,60.358
2018,6,401013143,Notre Dame,FBS Independents,Virginia Tech,ACC,Away,2018-10-07T00:00:00.000Z,True,False,45,23,W,85,74,-17.482
2018,7,401013148,Notre Dame,FBS Independents,Pittsburgh,ACC,Home,2018-10-13T18:30:00.000Z,True,False,19,14,W,83,43,57.163
2018,9,401013189,Notre Dame,FBS Independents,Navy,American Athletic,Away,2018-10-28T00:00:00.000Z,True,False,44,22,W,112,103,-92.606
2018,10,401013345,Notre Dame,FBS Independents,Northwestern,Big Ten,Away,2018-11-03T23:15:00.000Z,True,False,31,21,W,62,37,62.327
2018,11,401013171,Notre Dame,FBS Independents,Florida State,ACC,Home,2018-11-11T00:30:00.000Z,True,False,42,13,W,100,71,-13.254
2018,12,401013182,Notre Dame,FBS Independents,Syracuse,ACC,Home,2018-11-17T19:30:00.000Z,True,False,36,3,W,34,31,72.033
2018,13,401012800,Notre Dame,FBS Independents,USC,Pac-12,Away,2018-11-25T01:00:00.000Z,True,False,24,17,W,67,60,9.603
2018,1,401032059,Ohio,Mid-American,San Diego State,Mountain West,Home,2018-12-20T01:00:00.000Z,True,False,27,0,W,76,90,-46.968
2018,3,401013117,Ohio,Mid-American,Virginia,ACC,Away,2018-09-15T20:30:00.000Z,True,False,31,45,L,33,38,62.135
2018,4,401019491,Ohio,Mid-American,Cincinnati,American Athletic,Away,2018-09-22T16:00:00.000Z,True,False,30,34,L,15,46,49.939
2018,5,401013361,Ohio,Mid-American,Massachusetts,FBS Independents,Home,2018-09-29T18:00:00.000Z,True,False,58,42,W,115,119,-135.747
2018,6,401020755,Ohio,Mid-American,Kent State,Mid-American,Away,2018-10-06T19:30:00.000Z,True,False,27,26,W,121,120,-145.593
2018,7,401020758,Ohio,Mid-American,Northern Illinois,Mid-American,Away,2018-10-13T19:30:00.000Z,True,False,21,24,L,77,88,-40.536
2018,8,401020762,Ohio,Mid-American,Bowling Green,Mid-American,Home,2018-10-20T18:00:00.000Z,True,False,49,14,W,125,124,-161.701
2018,9,401020766,Ohio,Mid-American,Ball State,Mid-American,Home,2018-10-25T23:00:00.000Z,True,False,52,14,W,111,115,-130.221
2018,10,401020773,Ohio,Mid-American,Western Michigan,Mid-American,Away,2018-11-01T23:00:00.000Z,True,False,59,14,W,97,99,-71.278
2018,11,401020776,Ohio,Mid-American,Miami (OH),Mid-American,Away,2018-11-08T00:00:00.000Z,True,False,28,30,L,53,75,-17.863
2018,12,401020781,Ohio,Mid-American,Buffalo,Mid-American,Home,2018-11-15T00:00:00.000Z,True,False,52,17,W,36,62,0.361
2018,13,401020787,Ohio,Mid-American,Akron,Mid-American,Home,2018-11-23T17:00:00.000Z,True,False,49,28,W,107,110,-121.996
2018,1,401012682,Ohio State,Big Ten,Oregon State,Pac-12,Home,2018-09-01T16:00:00.000Z,True,False,77,31,W,128,118,-134.872
2018,1,401032085,Ohio State,Big Ten,Washington,Pac-12,Home,2019-01-01T22:00:00.000Z,True,False,28,23,W,28,19,106.321
2018,2,401012821,Ohio State,Big Ten,Rutgers,Big Ten,Home,2018-09-08T19:30:00.000Z,True,False,52,3,W,122,96,-68.386
2018,3,401013074,Ohio State,Big Ten,TCU,Big 12,Away,2018-09-16T00:00:00.000Z,True,False,40,28,W,78,47,48.606
2018,4,401013346,Ohio State,Big Ten,Tulane,American Athletic,Home,2018-09-22T19:30:00.000Z,True,False,49,6,W,84,95,-67.916
2018,5,401013347,Ohio State,Big Ten,Penn State,Big Ten,Away,2018-09-29T23:30:00.000Z,True,False,27,26,W,19,16,117.492
2018,6,401012855,Ohio State,Big Ten,Indiana,Big Ten,Home,2018-10-06T20:00:00.000Z,True,False,49,26,W,82,58,18.275
2018,7,401013331,Ohio State,Big Ten,Minnesota,Big Ten,Home,2018-10-13T16:00:00.000Z,True,False,30,14,W,52,39,61.295
2018,8,401013348,Ohio State,Big Ten,Purdue,Big Ten,Away,2018-10-20T23:30:00.000Z,True,False,20,49,L,63,33,68.030
2018,10,401013341,Ohio State,Big Ten,Nebraska,Big Ten,Home,2018-11-03T16:00:00.000Z,True,False,36,31,W,90,53,28.387
2018,11,401012886,Ohio State,Big Ten,Michigan State,Big Ten,Away,2018-11-10T17:00:00.000Z,True,False,26,6,W,57,41,60.158
2018,12,401012878,Ohio State,Big Ten,Maryland,Big Ten,Away,2018-11-17T17:00:00.000Z,True,False,52,51,W,70,54,28.372
2018,13,401012895,Ohio State,Big Ten,Michigan,Big Ten,Home,2018-11-24T17:00:00.000Z,True,False,62,39,W,10,6,148.453
2018,14,401056702,Ohio State,Big Ten,Northwestern,Big Ten,Home,2018-12-02T01:00:00.000Z,True,False,45,24,W,62,37,62.327
2018,1,401013065,Oklahoma,Big 12,Florida Atlantic,Conference USA,Home,2018-09-01T16:00:00.000Z,True,False,63,14,W,74,72,-13.459
2018,1,401032078,Oklahoma,Big 12,Alabama,SEC,Away,2018-12-30T01:00:00.000Z,True,False,34,45,L,2,1,243.792
2018,2,401012728,Oklahoma,Big 12,UCLA,Pac-12,Home,2018-09-08T17:00:00.000Z,True,False,49,21,W,99,78,-19.332
2018,3,401013039,Oklahoma,Big 12,Iowa State,Big 12,Away,2018-09-15T16:00:00.000Z,True,False,37,27,W,49,22,99.642
2018,4,401013066,Oklahoma,Big 12,Army,FBS Independents,Home,2018-09-22T23:00:00.000Z,True,False,28,21,W,4,27,81.714
2018,5,401013030,Oklahoma,Big 12,Baylor,Big 12,Home,2018-09-29T19:30:00.000Z,True,False,66,33,W,86,49,43.965
2018,6,401013067,Oklahoma,Big 12,Texas,Big 12,Home,2018-10-06T16:00:00.000Z,True,False,45,48,L,42,18,113.548
2018,8,401013068,Oklahoma,Big 12,TCU,Big 12,Away,2018-10-20T16:00:00.000Z,True,False,52,27,W,78,47,48.606
2018,9,401013062,Oklahoma,Big 12,Kansas State,Big 12,Home,2018-10-27T19:30:00.000Z,True,False,51,14,W,81,52,36.959
2018,10,401013069,Oklahoma,Big 12,Texas Tech,Big 12,Away,2018-11-04T00:00:00.000Z,True,False,51,46,W,66,42,58.757
2018,11,401013070,Oklahoma,Big 12,Oklahoma State,Big 12,Home,2018-11-10T20:30:00.000Z,True,False,48,47,W,46,26,83.963
2018,12,401013055,Oklahoma,Big 12,Kansas,Big 12,Home,2018-11-18T00:30:00.000Z,True,False,55,40,W,94,69,-12.473
2018,13,401013071,Oklahoma,Big 12,West Virginia,Big 12,Away,2018-11-24T01:00:00.000Z,True,False,59,56,W,20,13,136.492
2018,14,401056698,Oklahoma,Big 12,Texas,Big 12,Home,2018-12-01T17:00:00.000Z,True,False,39,27,W,42,18,113.548
2018,1,401032081,Oklahoma State,Big 12,Missouri,SEC,Home,2018-12-31T20:45:00.000Z,True,False,38,33,W,22,8,145.255
2018,2,401013490,Oklahoma State,Big 12,South Alabama,Sun Belt,Home,2018-09-09T00:00:00.000Z,True,False,55,13,W,127,125,-162.728
2018,3,401013491,Oklahoma State,Big 12,Boise State,Mountain West,Home,2018-09-15T19:30:00.000Z,True,False,44,21,W,13,28,80.702
2018,4,401013324,Oklahoma State,Big 12,Texas Tech,Big 12,Home,2018-09-22T23:00:00.000Z,True,False,17,41,L,66,42,58.757
2018,5,401013050,Oklahoma State,Big 12,Kansas,Big 12,Away,2018-09-29T16:00:00.000Z,True,False,48,28,W,94,69,-12.473
2018,6,401013042,Oklahoma State,Big 12,Iowa State,Big 12,Home,2018-10-06T19:30:00.000Z,True,False,42,48,L,49,22,99.642
2018,7,401013061,Oklahoma State,Big 12,Kansas State,Big 12,Away,2018-10-13T16:00:00.000Z,True,False,12,31,L,81,52,36.959
2018,9,401013320,Oklahoma State,Big 12,Texas,Big 12,Home,2018-10-28T00:00:00.000Z,True,False,38,35,W,42,18,113.548
2018,10,401013034,Oklahoma State,Big 12,Baylor,Big 12,Away,2018-11-03T16:00:00.000Z,True,False,31,35,L,86,49,43.965
2018,11,401013070,Oklahoma State,Big 12,Oklahoma,Big 12,Away,2018-11-10T20:30:00.000Z,True,False,47,48,L,12,4,174.364
2018,12,401013327,Oklahoma State,Big 12,West Virginia,Big 12,Home,2018-11-17T20:30:00.000Z,True,False,45,41,W,20,13,136.492
2018,13,401013078,Oklahoma State,Big 12,TCU,Big 12,Away,2018-11-25T01:00:00.000Z,True,False,24,31,L,78,47,48.606
2018,1,401013448,Old Dominion,Conference USA,Liberty,FBS Independents,Away,2018-09-01T22:00:00.000Z,True,False,10,52,L,96,107,-107.391
2018,2,401014982,Old Dominion,Conference USA,Florida International,Conference USA,Home,2018-09-08T23:30:00.000Z,True,False,20,28,L,38,85,-30.554
2018,3,401014993,Old Dominion,Conference USA,Charlotte,Conference USA,Away,2018-09-13T20:00:00.000Z,True,False,25,28,L,101,113,-125.729
2018,4,401013128,Old Dominion,Conference USA,Virginia Tech,ACC,Home,2018-09-22T19:30:00.000Z,True,False,49,35,W,85,74,-17.482
2018,5,401015006,Old Dominion,Conference USA,East Carolina,American Athletic,Away,2018-09-29T19:30:00.000Z,True,False,35,37,L,113,104,-92.826
2018,6,401015008,Old Dominion,Conference USA,Florida Atlantic,Conference USA,Away,2018-10-06T21:00:00.000Z,True,False,33,52,L,74,72,-13.459
2018,7,401015016,Old Dominion,Conference USA,Marshall,Conference USA,Home,2018-10-13T19:30:00.000Z,True,False,20,42,L,43,81,-22.862
2018,8,401015024,Old Dominion,Conference USA,Western Kentucky,Conference USA,Away,2018-10-20T23:30:00.000Z,True,False,37,34,W,93,117,-131.767
2018,9,401015029,Old Dominion,Conference USA,Middle Tennessee,Conference USA,Home,2018-10-27T19:30:00.000Z,True,False,17,51,L,68,84,-27.398
2018,11,401015042,Old Dominion,Conference USA,North Texas,Conference USA,Home,2018-11-10T20:30:00.000Z,True,False,34,31,W,30,79,-22.388
2018,13,401015055,Old Dominion,Conference USA,Rice,Conference USA,Away,2018-11-24T18:00:00.000Z,True,False,13,27,L,126,129,-197.112
2018,1,401012253,Ole Miss,SEC,Texas Tech,Big 12,Away,2018-09-01T16:00:00.000Z,True,False,47,27,W,66,42,58.757
2018,3,401012277,Ole Miss,SEC,Alabama,SEC,Home,2018-09-15T23:00:00.000Z,True,False,7,62,L,2,1,243.792
2018,4,401012288,Ole Miss,SEC,Kent State,Mid-American,Home,2018-09-22T16:00:00.000Z,True,False,38,17,W,121,120,-145.593
2018,5,401012297,Ole Miss,SEC,LSU,SEC,Away,2018-09-30T01:00:00.000Z,True,False,16,45,L,25,7,146.658
2018,6,401012303,Ole Miss,SEC,UL Monroe,Sun Belt,Home,2018-10-06T20:00:00.000Z,True,False,70,21,W,92,101,-79.365
2018,7,401012308,Ole Miss,SEC,Arkansas,SEC,Away,2018-10-13T23:30:00.000Z,True,False,37,33,W,124,89,-42.984
2018,8,401012316,Ole Miss,SEC,Auburn,SEC,Home,2018-10-20T16:00:00.000Z,True,False,16,31,L,29,21,100.333
2018,10,401012328,Ole Miss,SEC,South Carolina,SEC,Home,2018-11-03T16:00:00.000Z,True,False,44,48,L,64,34,66.567
2018,11,401012337,Ole Miss,SEC,Texas A&M,SEC,Away,2018-11-10T17:00:00.000Z,True,False,24,38,L,39,15,123.816
2018,12,401012348,Ole Miss,SEC,Vanderbilt,SEC,Away,2018-11-18T00:30:00.000Z,True,False,29,36,L,55,24,86.550
2018,13,401012349,Ole Miss,SEC,Mississippi State,SEC,Home,2018-11-23T00:30:00.000Z,True,False,3,35,L,18,9,145.105
2018,1,401012681,Oregon,Pac-12,Bowling Green,Mid-American,Home,2018-09-02T00:00:00.000Z,True,False,58,24,W,125,124,-161.701
2018,1,401035254,Oregon,Pac-12,Michigan State,Big Ten,Home,2018-12-31T20:00:00.000Z,True,False,7,6,W,57,41,60.158
2018,3,401012743,Oregon,Pac-12,San José State,Mountain West,Home,2018-09-15T21:00:00.000Z,True,False,35,22,W,116,106,-103.298
2018,4,401012749,Oregon,Pac-12,Stanford,Pac-12,Home,2018-09-23T00:00:00.000Z,True,False,31,38,L,45,40,60.358
2018,5,401012757,Oregon,Pac-12,California,Pac-12,Away,2018-09-30T02:30:00.000Z,True,False,42,24,W,69,66,-7.994
2018,7,401012766,Oregon,Pac-12,Washington,Pac-12,Home,2018-10-13T19:30:00.000Z,True,False,30,27,W,28,19,106.321
2018,8,401012773,Oregon,Pac-12,Washington State,Pac-12,Away,2018-10-20T23:30:00.000Z,True,False,20,34,L,16,20,103.438
2018,9,401012775,Oregon,Pac-12,Arizona,Pac-12,Away,2018-10-28T02:30:00.000Z,True,False,15,44,L,80,68,-9.965
2018,10,401012782,Oregon,Pac-12,UCLA,Pac-12,Home,2018-11-03T23:30:00.000Z,True,False,42,21,W,99,78,-19.332
2018,11,401012789,Oregon,Pac-12,Utah,Pac-12,Away,2018-11-10T22:30:00.000Z,True,False,25,32,L,35,25,85.664
2018,12,401012793,Oregon,Pac-12,Arizona State,Pac-12,Home,2018-11-18T03:30:00.000Z,True,False,31,29,W,47,56,28.252
2018,13,401012797,Oregon,Pac-12,Oregon State,Pac-12,Away,2018-11-23T21:00:00.000Z,True,False,55,15,W,128,118,-134.872
2018,1,401012682,Oregon State,Pac-12,Ohio State,Big Ten,Away,2018-09-01T16:00:00.000Z,True,False,31,77,L,11,11,140.984
2018,3,401012744,Oregon State,Pac-12,Nevada,Mountain West,Away,2018-09-15T23:00:00.000Z,True,False,35,37,L,65,86,-33.528
2018,4,401012750,Oregon State,Pac-12,Arizona,Pac-12,Home,2018-09-22T20:00:00.000Z,True,False,14,35,L,80,68,-9.965
2018,5,401012754,Oregon State,Pac-12,Arizona State,Pac-12,Away,2018-09-30T02:00:00.000Z,True,False,24,52,L,47,56,28.252
2018,6,401012762,Oregon State,Pac-12,Washington State,Pac-12,Home,2018-10-07T01:00:00.000Z,True,False,37,56,L,16,20,103.438
2018,8,401012771,Oregon State,Pac-12,California,Pac-12,Home,2018-10-20T20:00:00.000Z,True,False,7,49,L,69,66,-7.994
2018,9,401012777,Oregon State,Pac-12,Colorado,Pac-12,Away,2018-10-27T19:00:00.000Z,True,False,41,34,W,79,73,-14.651
2018,10,401012783,Oregon State,Pac-12,USC,Pac-12,Home,2018-11-04T02:00:00.000Z,True,False,21,38,L,67,60,9.603
2018,11,401012790,Oregon State,Pac-12,Stanford,Pac-12,Away,2018-11-11T02:00:00.000Z,True,False,17,48,L,45,40,60.358
2018,12,401012794,Oregon State,Pac-12,Washington,Pac-12,Away,2018-11-17T21:30:00.000Z,True,False,23,42,L,28,19,106.321
2018,13,401012797,Oregon State,Pac-12,Oregon,Pac-12,Home,2018-11-23T21:00:00.000Z,True,False,15,55,L,32,48,47.856
2018,1,401013349,Penn State,Big Ten,App State,Sun Belt,Home,2018-09-01T19:30:00.000Z,True,False,45,38,W,6,29,75.510
2018,1,401032088,Penn State,Big Ten,Kentucky,SEC,Home,2019-01-01T18:00:00.000Z,True,False,24,27,L,27,14,124.578
2018,2,401013105,Penn State,Big Ten,Pittsburgh,ACC,Away,2018-09-09T00:00:00.000Z,True,False,51,6,W,83,43,57.163
2018,3,401013350,Penn State,Big Ten,Kent State,Mid-American,Home,2018-09-15T16:00:00.000Z,True,False,63,10,W,121,120,-145.593
2018,4,401012807,Penn State,Big Ten,Illinois,Big Ten,Away,2018-09-22T01:00:00.000Z,True,False,63,24,W,119,91,-50.926
2018,5,401013347,Penn State,Big Ten,Ohio State,Big Ten,Home,2018-09-29T23:30:00.000Z,True,False,26,27,L,11,11,140.984
2018,7,401012883,Penn State,Big Ten,Michigan State,Big Ten,Home,2018-10-13T19:30:00.000Z,True,False,17,21,L,57,41,60.158
2018,8,401012857,Penn State,Big Ten,Indiana,Big Ten,Away,2018-10-20T19:30:00.000Z,True,False,33,28,W,82,58,18.275
2018,9,401012868,Penn State,Big Ten,Iowa,Big Ten,Home,2018-10-27T19:30:00.000Z,True,False,30,24,W,14,5,148.901
2018,10,401012894,Penn State,Big Ten,Michigan,Big Ten,Away,2018-11-03T19:45:00.000Z,True,False,7,42,L,10,6,148.453
2018,11,401013351,Penn State,Big Ten,Wisconsin,Big Ten,Home,2018-11-10T17:00:00.000Z,True,False,22,10,W,31,30,74.492
2018,12,401012849,Penn State,Big Ten,Rutgers,Big Ten,Away,2018-11-17T17:00:00.000Z,True,False,20,7,W,122,96,-68.386
2018,13,401012879,Penn State,Big Ten,Maryland,Big Ten,Home,2018-11-24T20:30:00.000Z,True,False,38,3,W,70,54,28.372
2018,1,401035251,Pittsburgh,ACC,Stanford,Pac-12,Home,2018-12-31T19:00:00.000Z,True,False,13,14,L,45,40,60.358
2018,2,401013105,Pittsburgh,ACC,Penn State,Big Ten,Home,2018-09-09T00:00:00.000Z,True,False,6,51,L,19,16,117.492
2018,3,401013112,Pittsburgh,ACC,Georgia Tech,ACC,Home,2018-09-15T16:30:00.000Z,True,False,24,19,W,61,57,19.717
2018,4,401013125,Pittsburgh,ACC,North Carolina,ACC,Away,2018-09-22T16:20:00.000Z,True,False,35,38,L,102,92,-52.848
2018,5,401013136,Pittsburgh,ACC,UCF,American Athletic,Away,2018-09-29T19:30:00.000Z,True,False,14,45,L,8,17,116.690
2018,6,401013142,Pittsburgh,ACC,Syracuse,ACC,Home,2018-10-06T16:20:00.000Z,True,False,44,37,W,34,31,72.033
2018,7,401013148,Pittsburgh,ACC,Notre Dame,FBS Independents,Away,2018-10-13T18:30:00.000Z,True,False,14,19,L,17,12,138.907
2018,9,401013156,Pittsburgh,ACC,Duke,ACC,Home,2018-10-27T19:30:00.000Z,True,False,54,45,W,71,44,56.628
2018,10,401013160,Pittsburgh,ACC,Virginia,ACC,Away,2018-11-02T23:30:00.000Z,True,False,23,13,W,33,38,62.135
2018,11,401013173,Pittsburgh,ACC,Virginia Tech,ACC,Home,2018-11-10T20:30:00.000Z,True,False,52,22,W,85,74,-17.482
2018,12,401013181,Pittsburgh,ACC,Wake Forest,ACC,Away,2018-11-17T17:00:00.000Z,True,False,34,13,W,75,59,12.430
2018,13,401013186,Pittsburgh,ACC,Miami,ACC,Away,2018-11-24T20:30:00.000Z,True,False,3,24,L,48,45,54.366
2018,14,401056697,Pittsburgh,ACC,Clemson,ACC,Home,2018-12-02T01:00:00.000Z,True,False,10,42,L,1,2,233.788
2018,1,401013342,Purdue,Big Ten,Northwestern,Big Ten,Home,2018-08-31T00:00:00.000Z,True,False,27,31,L,62,37,62.327
2018,1,401032073,Purdue,Big Ten,Auburn,SEC,Away,2018-12-28T18:30:00.000Z,True,False,14,63,L,29,21,100.333
2018,2,401013352,Purdue,Big Ten,Eastern Michigan,Mid-American,Home,2018-09-08T16:00:00.000Z,True,False,19,20,L,59,87,-39.526
2018,3,401012279,Purdue,Big Ten,Missouri,SEC,Home,2018-09-15T23:30:00.000Z,True,False,37,40,L,22,8,145.255
2018,4,401013119,Purdue,Big Ten,Boston College,ACC,Home,2018-09-22T16:00:00.000Z,True,False,30,13,W,54,51,37.087
2018,5,401013338,Purdue,Big Ten,Nebraska,Big Ten,Away,2018-09-29T19:30:00.000Z,True,False,42,28,W,90,53,28.387
2018,7,401012809,Purdue,Big Ten,Illinois,Big Ten,Away,2018-10-13T19:30:00.000Z,True,False,46,7,W,119,91,-50.926
2018,8,401013348,Purdue,Big Ten,Ohio State,Big Ten,Home,2018-10-20T23:30:00.000Z,True,False,49,20,W,11,11,140.984
2018,9,401012885,Purdue,Big Ten,Michigan State,Big Ten,Away,2018-10-27T16:00:00.000Z,True,False,13,23,L,57,41,60.158
2018,10,401012869,Purdue,Big Ten,Iowa,Big Ten,Home,2018-11-03T19:30:00.000Z,True,False,38,36,W,14,5,148.901
2018,11,401013333,Purdue,Big Ten,Minnesota,Big Ten,Away,2018-11-10T20:30:00.000Z,True,False,10,41,L,52,39,61.295
2018,12,401013353,Purdue,Big Ten,Wisconsin,Big Ten,Home,2018-11-17T20:30:00.000Z,True,False,44,47,L,31,30,74.492
2018,13,401012861,Purdue,Big Ten,Indiana,Big Ten,Away,2018-11-24T17:00:00.000Z,True,False,28,21,W,82,58,18.275
2018,1,401014977,Rice,Conference USA,Houston,American Athletic,Home,2018-09-01T16:00:00.000Z,True,False,27,45,L,56,80,-22.819
2018,2,401014988,Rice,Conference USA,Hawai'i,Mountain West,Away,2018-09-09T03:59:00.000Z,True,False,29,43,L,88,100,-78.652
2018,4,401014998,Rice,Conference USA,Southern Miss,Conference USA,Away,2018-09-22T23:00:00.000Z,True,False,22,40,L,60,97,-69.221
2018,5,401013137,Rice,Conference USA,Wake Forest,ACC,Away,2018-09-29T19:30:00.000Z,True,False,24,56,L,75,59,12.430
2018,6,401015012,Rice,Conference USA,UTSA,Conference USA,Home,2018-10-06T23:00:00.000Z,True,False,3,20,L,123,127,-164.871
2018,7,401015018,Rice,Conference USA,UAB,Conference USA,Home,2018-10-13T17:00:00.000Z,True,False,0,42,L,23,82,-25.549
2018,8,401015020,Rice,Conference USA,Florida International,Conference USA,Away,2018-10-20T23:30:00.000Z,True,False,17,36,L,38,85,-30.554
2018,9,401015030,Rice,Conference USA,North Texas,Conference USA,Away,2018-10-27T20:00:00.000Z,True,False,17,41,L,30,79,-22.388
2018,10,401015035,Rice,Conference USA,UTEP,Conference USA,Home,2018-11-03T19:30:00.000Z,True,False,26,34,L,114,130,-202.468
2018,11,401015040,Rice,Conference USA,Louisiana Tech,Conference USA,Away,2018-11-11T00:00:00.000Z,True,False,13,28,L,72,98,-69.325
2018,12,401012343,Rice,Conference USA,LSU,SEC,Away,2018-11-18T00:30:00.000Z,True,False,10,42,L,25,7,146.658
2018,13,401015055,Rice,Conference USA,Old Dominion,Conference USA,Home,2018-11-24T18:00:00.000Z,True,False,27,13,W,105,121,-147.941
2018,1,401012820,Rutgers,Big Ten,Texas State,Sun Belt,Home,2018-09-01T16:00:00.000Z,True,False,35,7,W,103,122,-156.904
2018,2,401012821,Rutgers,Big Ten,Ohio State,Big Ten,Away,2018-09-08T19:30:00.000Z,True,False,3,52,L,11,11,140.984
2018,3,401012822,Rutgers,Big Ten,Kansas,Big 12,Away,2018-09-15T16:00:00.000Z,True,False,14,55,L,94,69,-12.473
2018,4,401012823,Rutgers,Big Ten,Buffalo,Mid-American,Home,2018-09-22T16:00:00.000Z,True,False,13,42,L,36,62,0.361
2018,5,401012824,Rutgers,Big Ten,Indiana,Big Ten,Home,2018-09-29T16:00:00.000Z,True,False,17,24,L,82,58,18.275
2018,6,401012808,Rutgers,Big Ten,Illinois,Big Ten,Home,2018-10-06T16:00:00.000Z,True,False,17,38,L,119,91,-50.926
2018,7,401012825,Rutgers,Big Ten,Maryland,Big Ten,Away,2018-10-13T16:00:00.000Z,True,False,7,34,L,70,54,28.372
2018,8,401012846,Rutgers,Big Ten,Northwestern,Big Ten,Home,2018-10-20T16:00:00.000Z,True,False,15,18,L,62,37,62.327
2018,10,401012847,Rutgers,Big Ten,Wisconsin,Big Ten,Away,2018-11-03T16:00:00.000Z,True,False,17,31,L,31,30,74.492
2018,11,401012848,Rutgers,Big Ten,Michigan,Big Ten,Home,2018-11-10T20:30:00.000Z,True,False,7,42,L,10,6,148.453
2018,12,401012849,Rutgers,Big Ten,Penn State,Big Ten,Home,2018-11-17T17:00:00.000Z,True,False,7,20,L,19,16,117.492
2018,13,401012850,Rutgers,Big Ten,Michigan State,Big Ten,Away,2018-11-24T21:00:00.000Z,True,False,10,14,L,57,41,60.158
2018,1,401014976,SMU,American Athletic,North Texas,Conference USA,Away,2018-09-01T23:30:00.000Z,True,False,23,46,L,30,79,-22.388
2018,2,401019477,SMU,American Athletic,TCU,Big 12,Home,2018-09-08T00:00:00.000Z,True,False,12,42,L,78,47,48.606
2018,3,401012890,SMU,American Athletic,Michigan,Big Ten,Away,2018-09-15T19:30:00.000Z,True,False,20,45,L,10,6,148.453
2018,4,401019495,SMU,American Athletic,Navy,American Athletic,Home,2018-09-22T16:00:00.000Z,True,False,31,30,W,112,103,-92.606
2018,6,401019500,SMU,American Athletic,UCF,American Athletic,Away,2018-10-06T23:00:00.000Z,True,False,20,48,L,8,17,116.690
2018,8,401019513,SMU,American Athletic,Tulane,American Athletic,Away,2018-10-20T19:30:00.000Z,True,False,27,23,W,84,95,-67.916
2018,9,401019514,SMU,American Athletic,Cincinnati,American Athletic,Home,2018-10-27T19:30:00.000Z,True,False,20,26,L,15,46,49.939
2018,10,401019522,SMU,American Athletic,Houston,American Athletic,Home,2018-11-03T23:00:00.000Z,True,False,45,31,W,56,80,-22.819
2018,11,401019525,SMU,American Athletic,UConn,American Athletic,Away,2018-11-10T17:00:00.000Z,True,False,62,50,W,130,128,-185.437
2018,12,401019530,SMU,American Athletic,Memphis,American Athletic,Home,2018-11-17T02:00:00.000Z,True,False,18,28,L,41,64,-5.274
2018,13,401019540,SMU,American Athletic,Tulsa,American Athletic,Away,2018-11-24T20:30:00.000Z,True,False,24,27,L,95,105,-98.714
2018,1,401022512,San Diego State,Mountain West,Stanford,Pac-12,Away,2018-09-01T01:00:00.000Z,True,False,10,31,L,45,40,60.358
2018,1,401032059,San Diego State,Mountain West,Ohio,Mid-American,Away,2018-12-20T01:00:00.000Z,True,False,0,27,L,7,36,62.643
2018,3,401012738,San Diego State,Mountain West,Arizona State,Pac-12,Home,2018-09-16T02:30:00.000Z,True,False,28,21,W,47,56,28.252
2018,4,401020683,San Diego State,Mountain West,Eastern Michigan,Mid-American,Home,2018-09-23T02:30:00.000Z,True,False,23,20,W,59,87,-39.526
2018,6,401022528,San Diego State,Mountain West,Boise State,Mountain West,Away,2018-10-06T19:30:00.000Z,True,False,19,13,W,13,28,80.702
2018,7,401022533,San Diego State,Mountain West,Air Force,Mountain West,Home,2018-10-13T01:00:00.000Z,True,False,21,17,W,58,77,-18.944
2018,8,401022543,San Diego State,Mountain West,San José State,Mountain West,Home,2018-10-21T02:30:00.000Z,True,False,16,13,W,116,106,-103.298
2018,9,401022548,San Diego State,Mountain West,Nevada,Mountain West,Away,2018-10-28T02:30:00.000Z,True,False,24,28,L,65,86,-33.528
2018,10,401022550,San Diego State,Mountain West,New Mexico,Mountain West,Away,2018-11-04T02:15:00.000Z,True,False,31,23,W,108,111,-125.203
2018,11,401022558,San Diego State,Mountain West,UNLV,Mountain West,Home,2018-11-11T03:30:00.000Z,True,False,24,27,L,109,109,-120.450
2018,12,401022563,San Diego State,Mountain West,Fresno State,Mountain West,Away,2018-11-18T03:30:00.000Z,True,False,14,23,L,9,23,96.413
2018,13,401022568,San Diego State,Mountain West,Hawai'i,Mountain West,Home,2018-11-25T03:30:00.000Z,True,False,30,31,L,88,100,-78.652
2018,2,401012734,San José State,Mountain West,Washington State,Pac-12,Away,2018-09-09T03:00:00.000Z,True,False,0,31,L,16,20,103.438
2018,3,401012743,San José State,Mountain West,Oregon,Pac-12,Away,2018-09-15T21:00:00.000Z,True,False,22,35,L,32,48,47.856
2018,5,401022527,San José State,Mountain West,Hawai'i,Mountain West,Home,2018-09-29T23:00:00.000Z,True,False,41,44,L,88,100,-78.652
2018,6,401022529,San José State,Mountain West,Colorado State,Mountain West,Home,2018-10-07T02:30:00.000Z,True,False,30,42,L,117,114,-129.253
2018,7,401013370,San José State,Mountain West,Army,FBS Independents,Home,2018-10-13T19:30:00.000Z,True,False,3,52,L,4,27,81.714
2018,8,401022543,San José State,Mountain West,San Diego State,Mountain West,Away,2018-10-21T02:30:00.000Z,True,False,13,16,L,76,90,-46.968
2018,9,401022549,San José State,Mountain West,UNLV,Mountain West,Home,2018-10-27T22:30:00.000Z,True,False,50,37,W,109,109,-120.450
2018,10,401022552,San José State,Mountain West,Wyoming,Mountain West,Away,2018-11-03T18:00:00.000Z,True,False,9,24,L,73,83,-26.992
2018,11,401022557,San José State,Mountain West,Utah State,Mountain West,Away,2018-11-10T21:00:00.000Z,True,False,24,62,L,3,32,69.025
2018,12,401022562,San José State,Mountain West,Nevada,Mountain West,Home,2018-11-17T20:00:00.000Z,True,False,12,21,L,65,86,-33.528
2018,13,401022570,San José State,Mountain West,Fresno State,Mountain West,Away,2018-11-25T00:00:00.000Z,True,False,13,31,L,9,23,96.413
2018,1,401014974,South Alabama,Sun Belt,Louisiana Tech,Conference USA,Home,2018-09-01T23:00:00.000Z,True,False,26,30,L,72,98,-69.325
2018,2,401013490,South Alabama,Sun Belt,Oklahoma State,Big 12,Away,2018-09-09T00:00:00.000Z,True,False,13,55,L,46,26,83.963
2018,3,401021660,South Alabama,Sun Belt,Texas State,Sun Belt,Home,2018-09-15T23:00:00.000Z,True,False,41,31,W,103,122,-156.904
2018,4,401019494,South Alabama,Sun Belt,Memphis,American Athletic,Away,2018-09-23T00:00:00.000Z,True,False,35,52,L,41,64,-5.274
2018,5,401021665,South Alabama,Sun Belt,App State,Sun Belt,Away,2018-09-29T19:30:00.000Z,True,False,7,52,L,6,29,75.510
2018,6,401021670,South Alabama,Sun Belt,Georgia Southern,Sun Belt,Away,2018-10-06T19:30:00.000Z,True,False,13,48,L,37,63,-0.847
2018,9,401021679,South Alabama,Sun Belt,Troy,Sun Belt,Home,2018-10-24T00:00:00.000Z,True,False,17,38,L,44,70,-12.899
2018,10,401021684,South Alabama,Sun Belt,Arkansas State,Sun Belt,Away,2018-11-03T19:00:00.000Z,True,False,14,38,L,50,67,-9.946
2018,11,401021691,South Alabama,Sun Belt,UL Monroe,Sun Belt,Home,2018-11-10T22:00:00.000Z,True,False,10,38,L,92,101,-79.365
2018,12,401021695,South Alabama,Sun Belt,Louisiana,Sun Belt,Away,2018-11-17T22:00:00.000Z,True,False,38,48,L,91,94,-60.151
2018,13,401021699,South Alabama,Sun Belt,Coastal Carolina,Sun Belt,Home,2018-11-23T20:00:00.000Z,True,False,31,28,W,104,112,-125.257
2018,1,401012256,South Carolina,SEC,Coastal Carolina,Sun Belt,Home,2018-09-01T16:00:00.000Z,True,False,49,15,W,104,112,-125.257
2018,1,401032077,South Carolina,SEC,Virginia,ACC,Away,2018-12-29T17:00:00.000Z,True,False,0,28,L,33,38,62.135
2018,2,401012268,South Carolina,SEC,Georgia,SEC,Home,2018-09-08T19:30:00.000Z,True,False,17,41,L,5,3,221.520
2018,4,401012291,South Carolina,SEC,Vanderbilt,SEC,Away,2018-09-22T20:00:00.000Z,True,False,37,14,W,55,24,86.550
2018,5,401012296,South Carolina,SEC,Kentucky,SEC,Away,2018-09-29T23:30:00.000Z,True,False,10,24,L,27,14,124.578
2018,6,401012305,South Carolina,SEC,Missouri,SEC,Home,2018-10-06T16:00:00.000Z,True,False,37,35,W,22,8,145.255
2018,7,401012311,South Carolina,SEC,Texas A&M,SEC,Home,2018-10-13T19:30:00.000Z,True,False,23,26,L,39,15,123.816
2018,9,401012323,South Carolina,SEC,Tennessee,SEC,Home,2018-10-27T23:30:00.000Z,True,False,27,24,W,106,61,7.621
2018,10,401012328,South Carolina,SEC,Ole Miss,SEC,Away,2018-11-03T16:00:00.000Z,True,False,48,44,W,89,55,28.367
2018,11,401012333,South Carolina,SEC,Florida,SEC,Away,2018-11-10T17:00:00.000Z,True,False,31,35,L,26,10,141.395
2018,13,401012355,South Carolina,SEC,Clemson,ACC,Away,2018-11-25T00:00:00.000Z,True,False,35,56,L,1,2,233.788
2018,14,401098253,South Carolina,SEC,Akron,Mid-American,Home,2018-12-01T17:00:00.000Z,True,False,28,3,W,107,110,-121.996
2018,1,401032060,South Florida,American Athletic,Marshall,Conference USA,Home,2018-12-21T01:00:00.000Z,True,False,20,38,L,43,81,-22.862
2018,2,401013100,South Florida,American Athletic,Georgia Tech,ACC,Home,2018-09-08T16:00:00.000Z,True,False,49,38,W,61,57,19.717
2018,3,401012806,South Florida,American Athletic,Illinois,Big Ten,Away,2018-09-15T19:30:00.000Z,True,False,25,19,W,119,91,-50.926
2018,4,401019492,South Florida,American Athletic,East Carolina,American Athletic,Home,2018-09-23T00:00:00.000Z,True,False,20,13,W,113,104,-92.826
2018,6,401013362,South Florida,American Athletic,Massachusetts,FBS Independents,Away,2018-10-06T19:30:00.000Z,True,False,58,42,W,115,119,-135.747
2018,7,401019505,South Florida,American Athletic,Tulsa,American Athletic,Away,2018-10-12T23:00:00.000Z,True,False,25,24,W,95,105,-98.714
2018,8,401019511,South Florida,American Athletic,UConn,American Athletic,Home,2018-10-20T23:00:00.000Z,True,False,38,30,W,130,128,-185.437
2018,9,401019515,South Florida,American Athletic,Houston,American Athletic,Away,2018-10-27T19:30:00.000Z,True,False,36,57,L,56,80,-22.819
2018,10,401019521,South Florida,American Athletic,Tulane,American Athletic,Home,2018-11-03T19:30:00.000Z,True,False,15,41,L,84,95,-67.916
2018,11,401019524,South Florida,American Athletic,Cincinnati,American Athletic,Away,2018-11-11T00:00:00.000Z,True,False,23,35,L,15,46,49.939
2018,12,401019533,South Florida,American Athletic,Temple,American Athletic,Away,2018-11-17T17:00:00.000Z,True,False,17,27,L,21,50,37.557
2018,13,401019535,South Florida,American Athletic,UCF,American Athletic,Home,2018-11-23T21:15:00.000Z,True,False,10,38,L,8,17,116.690
2018,2,401014989,Southern Miss,Conference USA,UL Monroe,Sun Belt,Home,2018-09-08T23:00:00.000Z,True,False,20,21,L,92,101,-79.365
2018,4,401014998,Southern Miss,Conference USA,Rice,Conference USA,Home,2018-09-22T23:00:00.000Z,True,False,40,22,W,126,129,-197.112
2018,5,401012294,Southern Miss,Conference USA,Auburn,SEC,Away,2018-09-29T20:00:00.000Z,True,False,13,24,L,29,21,100.333
2018,7,401015017,Southern Miss,Conference USA,North Texas,Conference USA,Away,2018-10-13T18:00:00.000Z,True,False,7,30,L,30,79,-22.388
2018,8,401015025,Southern Miss,Conference USA,UTSA,Conference USA,Home,2018-10-20T23:00:00.000Z,True,False,27,17,W,123,127,-164.871
2018,9,401015026,Southern Miss,Conference USA,Charlotte,Conference USA,Away,2018-10-27T18:00:00.000Z,True,False,17,20,L,101,113,-125.729
2018,10,401015033,Southern Miss,Conference USA,Marshall,Conference USA,Home,2018-11-03T19:00:00.000Z,True,False,26,24,W,43,81,-22.862
2018,11,401015043,Southern Miss,Conference USA,UAB,Conference USA,Away,2018-11-11T00:30:00.000Z,True,False,23,26,L,23,82,-25.549
2018,12,401015046,Southern Miss,Conference USA,Louisiana Tech,Conference USA,Home,2018-11-17T20:30:00.000Z,True,False,21,20,W,72,98,-69.325
2018,13,401015056,Southern Miss,Conference USA,UTEP,Conference USA,Away,2018-11-24T20:00:00.000Z,True,False,39,7,W,114,130,-202.468
2018,1,401022512,Stanford,Pac-12,San Diego State,Mountain West,Home,2018-09-01T01:00:00.000Z,True,False,31,10,W,76,90,-46.968
2018,1,401035251,Stanford,Pac-12,Pittsburgh,ACC,Away,2018-12-31T19:00:00.000Z,True,False,14,13,W,83,43,57.163
2018,2,401012736,Stanford,Pac-12,USC,Pac-12,Home,2018-09-09T00:30:00.000Z,True,False,17,3,W,67,60,9.603
2018,4,401012749,Stanford,Pac-12,Oregon,Pac-12,Away,2018-09-23T00:00:00.000Z,True,False,38,31,W,32,48,47.856
2018,5,401012758,Stanford,Pac-12,Notre Dame,FBS Independents,Away,2018-09-29T23:30:00.000Z,True,False,17,38,L,17,12,138.907
2018,6,401012763,Stanford,Pac-12,Utah,Pac-12,Home,2018-10-07T02:30:00.000Z,True,False,21,40,L,35,25,85.664
2018,8,401012768,Stanford,Pac-12,Arizona State,Pac-12,Away,2018-10-19T01:00:00.000Z,True,False,20,13,W,47,56,28.252
2018,9,401012779,Stanford,Pac-12,Washington State,Pac-12,Home,2018-10-27T23:00:00.000Z,True,False,38,41,L,16,20,103.438
2018,10,401012784,Stanford,Pac-12,Washington,Pac-12,Away,2018-11-04T01:00:00.000Z,True,False,23,27,L,28,19,106.321
2018,11,401012790,Stanford,Pac-12,Oregon State,Pac-12,Home,2018-11-11T02:00:00.000Z,True,False,48,17,W,128,118,-134.872
2018,13,401012801,Stanford,Pac-12,UCLA,Pac-12,Away,2018-11-24T20:00:00.000Z,True,False,49,42,W,99,78,-19.332
2018,14,401099853,Stanford,Pac-12,California,Pac-12,Away,2018-12-01T20:00:00.000Z,True,False,23,13,W,69,66,-7.994
2018,1,401020673,Syracuse,ACC,Western Michigan,Mid-American,Away,2018-08-31T22:00:00.000Z,True,False,55,42,W,97,99,-71.278
2018,1,401032074,Syracuse,ACC,West Virginia,Big 12,Home,2018-12-28T22:15:00.000Z,True,False,34,18,W,20,13,136.492
2018,3,401013111,Syracuse,ACC,Florida State,ACC,Home,2018-09-15T16:00:00.000Z,True,False,30,7,W,100,71,-13.254
2018,4,401013127,Syracuse,ACC,UConn,American Athletic,Home,2018-09-22T20:00:00.000Z,True,False,51,21,W,130,128,-185.437
2018,5,401013131,Syracuse,ACC,Clemson,ACC,Away,2018-09-29T16:00:00.000Z,True,False,23,27,L,1,2,233.788
2018,6,401013142,Syracuse,ACC,Pittsburgh,ACC,Away,2018-10-06T16:20:00.000Z,True,False,37,44,L,83,43,57.163
2018,8,401013152,Syracuse,ACC,North Carolina,ACC,Home,2018-10-20T16:20:00.000Z,True,False,40,37,W,102,92,-52.848
2018,9,401013159,Syracuse,ACC,NC State,ACC,Home,2018-10-27T23:00:00.000Z,True,False,51,41,W,24,35,63.397
2018,10,401013166,Syracuse,ACC,Wake Forest,ACC,Away,2018-11-03T16:00:00.000Z,True,False,41,24,W,75,59,12.430
2018,11,401013168,Syracuse,ACC,Louisville,ACC,Home,2018-11-10T00:00:00.000Z,True,False,54,23,W,129,108,-110.724
2018,12,401013182,Syracuse,ACC,Notre Dame,FBS Independents,Away,2018-11-17T19:30:00.000Z,True,False,3,36,L,17,12,138.907
2018,13,401013184,Syracuse,ACC,Boston College,ACC,Away,2018-11-24T17:00:00.000Z,True,False,42,21,W,54,51,37.087
2018,1,401032069,TCU,Big 12,California,Pac-12,Home,2018-12-27T02:00:00.000Z,True,False,10,7,W,69,66,-7.994
2018,2,401019477,TCU,Big 12,SMU,American Athletic,Away,2018-09-08T00:00:00.000Z,True,False,42,12,W,98,102,-82.428
2018,3,401013074,TCU,Big 12,Ohio State,Big Ten,Home,2018-09-16T00:00:00.000Z,True,False,28,40,L,11,11,140.984
2018,4,401013075,TCU,Big 12,Texas,Big 12,Away,2018-09-22T20:30:00.000Z,True,False,16,31,L,42,18,113.548
2018,5,401013041,TCU,Big 12,Iowa State,Big 12,Home,2018-09-29T23:00:00.000Z,True,False,17,14,W,49,22,99.642
2018,7,401013076,TCU,Big 12,Texas Tech,Big 12,Home,2018-10-11T23:30:00.000Z,True,False,14,17,L,66,42,58.757
2018,8,401013068,TCU,Big 12,Oklahoma,Big 12,Home,2018-10-20T16:00:00.000Z,True,False,27,52,L,12,4,174.364
2018,9,401013053,TCU,Big 12,Kansas,Big 12,Away,2018-10-27T19:00:00.000Z,True,False,26,27,L,94,69,-12.473
2018,10,401013063,TCU,Big 12,Kansas State,Big 12,Home,2018-11-03T19:30:00.000Z,True,False,14,13,W,81,52,36.959
2018,11,401013077,TCU,Big 12,West Virginia,Big 12,Away,2018-11-10T17:00:00.000Z,True,False,10,47,L,20,13,136.492
2018,12,401013036,TCU,Big 12,Baylor,Big 12,Away,2018-11-17T17:00:00.000Z,True,False,16,9,W,86,49,43.965
2018,13,401013078,TCU,Big 12,Oklahoma State,Big 12,Home,2018-11-25T01:00:00.000Z,True,False,31,24,W,46,26,83.963
2018,1,401032070,Temple,American Athletic,Duke,ACC,Away,2018-12-27T18:30:00.000Z,True,False,27,56,L,71,44,56.628
2018,2,401019478,Temple,American Athletic,Buffalo,Mid-American,Home,2018-09-08T19:30:00.000Z,True,False,29,36,L,36,62,0.361
2018,3,401012874,Temple,American Athletic,Maryland,Big Ten,Away,2018-09-15T16:00:00.000Z,True,False,35,14,W,70,54,28.372
2018,4,401019489,Temple,American Athletic,Tulsa,American Athletic,Home,2018-09-20T23:30:00.000Z,True,False,31,17,W,95,105,-98.714
2018,5,401013130,Temple,American Athletic,Boston College,ACC,Away,2018-09-29T16:00:00.000Z,True,False,35,45,L,54,51,37.087
2018,6,401019503,Temple,American Athletic,East Carolina,American Athletic,Home,2018-10-06T16:00:00.000Z,True,False,49,6,W,113,104,-92.826
2018,7,401019508,Temple,American Athletic,Navy,American Athletic,Away,2018-10-13T19:30:00.000Z,True,False,24,17,W,112,103,-92.606
2018,8,401019510,Temple,American Athletic,Cincinnati,American Athletic,Home,2018-10-20T16:00:00.000Z,True,False,24,17,W,15,46,49.939
2018,10,401019517,Temple,American Athletic,UCF,American Athletic,Away,2018-11-01T23:30:00.000Z,True,False,40,52,L,8,17,116.690
2018,11,401019527,Temple,American Athletic,Houston,American Athletic,Away,2018-11-11T00:00:00.000Z,True,False,59,49,W,56,80,-22.819
2018,12,401019533,Temple,American Athletic,South Florida,American Athletic,Home,2018-11-17T17:00:00.000Z,True,False,27,17,W,87,93,-57.252
2018,13,401019538,Temple,American Athletic,UConn,American Athletic,Away,2018-11-24T20:30:00.000Z,True,False,57,7,W,130,128,-185.437
2018,1,401012257,Tennessee,SEC,West Virginia,Big 12,Home,2018-09-01T19:30:00.000Z,True,False,14,40,L,20,13,136.492
2018,3,401012281,Tennessee,SEC,UTEP,Conference USA,Home,2018-09-15T16:00:00.000Z,True,False,24,0,W,114,130,-202.468
2018,4,401012290,Tennessee,SEC,Florida,SEC,Home,2018-09-22T23:00:00.000Z,True,False,21,47,L,26,10,141.395
2018,5,401012295,Tennessee,SEC,Georgia,SEC,Away,2018-09-29T19:30:00.000Z,True,False,12,38,L,5,3,221.520
2018,7,401012309,Tennessee,SEC,Auburn,SEC,Away,2018-10-13T16:00:00.000Z,True,False,30,24,W,29,21,100.333
2018,8,401012318,Tennessee,SEC,Alabama,SEC,Home,2018-10-20T19:30:00.000Z,True,False,21,58,L,2,1,243.792
2018,9,401012323,Tennessee,SEC,South Carolina,SEC,Away,2018-10-27T23:30:00.000Z,True,False,24,27,L,64,34,66.567
2018,10,401012330,Tennessee,SEC,Charlotte,Conference USA,Home,2018-11-03T20:00:00.000Z,True,False,14,3,W,101,113,-125.729
2018,11,401012336,Tennessee,SEC,Kentucky,SEC,Home,2018-11-10T20:30:00.000Z,True,False,24,7,W,27,14,124.578
2018,12,401012346,Tennessee,SEC,Missouri,SEC,Home,2018-11-17T20:30:00.000Z,True,False,17,50,L,22,8,145.255
2018,13,401012357,Tennessee,SEC,Vanderbilt,SEC,Away,2018-11-24T21:00:00.000Z,True,False,13,38,L,55,24,86.550
2018,1,401012872,Texas,Big 12,Maryland,Big Ten,Away,2018-09-01T16:00:00.000Z,True,False,29,34,L,70,54,28.372
2018,1,401032086,Texas,Big 12,Georgia,SEC,Away,2019-01-02T01:45:00.000Z,True,False,28,21,W,5,3,221.520
2018,2,401013319,Texas,Big 12,Tulsa,American Athletic,Home,2018-09-09T00:00:00.000Z,True,False,28,21,W,95,105,-98.714
2018,3,401012739,Texas,Big 12,USC,Pac-12,Home,2018-09-16T00:00:00.000Z,True,False,37,14,W,67,60,9.603
2018,4,401013075,Texas,Big 12,TCU,Big 12,Home,2018-09-22T20:30:00.000Z,True,False,31,16,W,78,47,48.606
2018,5,401013060,Texas,Big 12,Kansas State,Big 12,Away,2018-09-29T19:30:00.000Z,True,False,19,14,W,81,52,36.959
2018,6,401013067,Texas,Big 12,Oklahoma,Big 12,Away,2018-10-06T16:00:00.000Z,True,False,48,45,W,12,4,174.364
2018,7,401013032,Texas,Big 12,Baylor,Big 12,Home,2018-10-13T19:30:00.000Z,True,False,23,17,W,86,49,43.965
2018,9,401013320,Texas,Big 12,Oklahoma State,Big 12,Away,2018-10-28T00:00:00.000Z,True,False,35,38,L,46,26,83.963
2018,10,401013188,Texas,Big 12,West Virginia,Big 12,Home,2018-11-03T19:30:00.000Z,True,False,41,42,L,20,13,136.492
2018,11,401013321,Texas,Big 12,Texas Tech,Big 12,Away,2018-11-11T00:30:00.000Z,True,False,41,34,W,66,42,58.757
2018,12,401013046,Texas,Big 12,Iowa State,Big 12,Home,2018-11-18T01:00:00.000Z,True,False,24,10,W,49,22,99.642
2018,13,401013056,Texas,Big 12,Kansas,Big 12,Away,2018-11-23T17:00:00.000Z,True,False,24,17,W,94,69,-12.473
2018,14,401056698,Texas,Big 12,Oklahoma,Big 12,Away,2018-12-01T17:00:00.000Z,True,False,27,39,L,12,4,174.364
2018,1,401032082,Texas A&M,SEC,NC State,ACC,Home,2019-01-01T00:30:00.000Z,True,False,52,13,W,24,35,63.397
2018,2,401012270,Texas A&M,SEC,Clemson,ACC,Home,2018-09-08T23:00:00.000Z,True,False,26,28,L,1,2,233.788
2018,3,401012282,Texas A&M,SEC,UL Monroe,Sun Belt,Home,2018-09-15T23:30:00.000Z,True,False,48,10,W,92,101,-79.365
2018,4,401012284,Texas A&M,SEC,Alabama,SEC,Away,2018-09-22T19:30:00.000Z,True,False,23,45,L,2,1,243.792
2018,5,401012293,Texas A&M,SEC,Arkansas,SEC,Home,2018-09-29T16:00:00.000Z,True,False,24,17,W,124,89,-42.984
2018,6,401012306,Texas A&M,SEC,Kentucky,SEC,Home,2018-10-06T23:00:00.000Z,True,False,20,14,W,27,14,124.578
2018,7,401012311,Texas A&M,SEC,South Carolina,SEC,Away,2018-10-13T19:30:00.000Z,True,False,26,23,W,64,34,66.567
2018,9,401012321,Texas A&M,SEC,Mississippi State,SEC,Away,2018-10-27T23:00:00.000Z,True,False,13,28,L,18,9,145.105
2018,10,401012324,Texas A&M,SEC,Auburn,SEC,Away,2018-11-03T16:00:00.000Z,True,False,24,28,L,29,21,100.333
2018,11,401012337,Texas A&M,SEC,Ole Miss,SEC,Home,2018-11-10T17:00:00.000Z,True,False,38,24,W,89,55,28.367
2018,12,401012347,Texas A&M,SEC,UAB,Conference USA,Home,2018-11-18T00:00:00.000Z,True,False,41,20,W,23,82,-25.549
2018,13,401012356,Texas A&M,SEC,LSU,SEC,Home,2018-11-25T00:30:00.000Z,True,False,74,72,W,25,7,146.658
2018,1,401012820,Texas State,Sun Belt,Rutgers,Big Ten,Away,2018-09-01T16:00:00.000Z,True,False,7,35,L,122,96,-68.386
2018,3,401021660,Texas State,Sun Belt,South Alabama,Sun Belt,Away,2018-09-15T23:00:00.000Z,True,False,31,41,L,127,125,-162.728
2018,4,401014999,Texas State,Sun Belt,UTSA,Conference USA,Away,2018-09-22T23:00:00.000Z,True,False,21,25,L,123,127,-164.871
2018,6,401021671,Texas State,Sun Belt,Louisiana,Sun Belt,Home,2018-10-06T23:00:00.000Z,True,False,27,42,L,91,94,-60.151
2018,7,401021673,Texas State,Sun Belt,Georgia Southern,Sun Belt,Home,2018-10-11T23:30:00.000Z,True,False,13,15,L,37,63,-0.847
2018,8,401021678,Texas State,Sun Belt,UL Monroe,Sun Belt,Away,2018-10-20T23:00:00.000Z,True,False,14,20,L,92,101,-79.365
2018,9,401013444,Texas State,Sun Belt,New Mexico State,FBS Independents,Home,2018-10-27T23:00:00.000Z,True,False,27,20,W,118,123,-159.784
2018,10,401021686,Texas State,Sun Belt,Georgia State,Sun Belt,Away,2018-11-03T18:00:00.000Z,True,False,40,30,W,120,126,-164.412
2018,11,401021702,Texas State,Sun Belt,App State,Sun Belt,Home,2018-11-10T21:00:00.000Z,True,False,7,38,L,6,29,75.510
2018,12,401021696,Texas State,Sun Belt,Troy,Sun Belt,Away,2018-11-17T20:30:00.000Z,True,False,7,12,L,44,70,-12.899
2018,13,401021698,Texas State,Sun Belt,Arkansas State,Sun Belt,Home,2018-11-24T21:00:00.000Z,True,False,7,33,L,50,67,-9.946
2018,1,401012253,Texas Tech,Big 12,Ole Miss,SEC,Home,2018-09-01T16:00:00.000Z,True,False,27,47,L,89,55,28.367
2018,3,401013323,Texas Tech,Big 12,Houston,American Athletic,Home,2018-09-15T20:15:00.000Z,True,False,63,49,W,56,80,-22.819
2018,4,401013324,Texas Tech,Big 12,Oklahoma State,Big 12,Away,2018-09-22T23:00:00.000Z,True,False,41,17,W,46,26,83.963
2018,5,401013325,Texas Tech,Big 12,West Virginia,Big 12,Home,2018-09-29T16:00:00.000Z,True,False,34,42,L,20,13,136.492
2018,7,401013076,Texas Tech,Big 12,TCU,Big 12,Away,2018-10-11T23:30:00.000Z,True,False,17,14,W,78,47,48.606
2018,8,401013052,Texas Tech,Big 12,Kansas,Big 12,Home,2018-10-20T19:30:00.000Z,True,False,48,16,W,94,69,-12.473
2018,9,401013044,Texas Tech,Big 12,Iowa State,Big 12,Away,2018-10-27T16:00:00.000Z,True,False,31,40,L,49,22,99.642
2018,10,401013069,Texas Tech,Big 12,Oklahoma,Big 12,Home,2018-11-04T00:00:00.000Z,True,False,46,51,L,12,4,174.364
2018,11,401013321,Texas Tech,Big 12,Texas,Big 12,Home,2018-11-11T00:30:00.000Z,True,False,34,41,L,42,18,113.548
2018,12,401013064,Texas Tech,Big 12,Kansas State,Big 12,Away,2018-11-17T20:30:00.000Z,True,False,6,21,L,81,52,36.959
2018,13,401013037,Texas Tech,Big 12,Baylor,Big 12,Home,2018-11-24T17:00:00.000Z,True,False,24,35,L,86,49,43.965
2018,1,401032061,Toledo,Mid-American,Florida International,Conference USA,Home,2018-12-21T17:30:00.000Z,True,False,32,35,L,38,85,-30.554
2018,3,401013114,Toledo,Mid-American,Miami,ACC,Home,2018-09-15T16:00:00.000Z,True,False,24,49,L,48,45,54.366
2018,4,401020685,Toledo,Mid-American,Nevada,Mountain West,Home,2018-09-22T16:00:00.000Z,True,False,63,44,W,65,86,-33.528
2018,5,401020689,Toledo,Mid-American,Fresno State,Mountain West,Away,2018-09-30T02:30:00.000Z,True,False,27,49,L,9,23,96.413
2018,6,401020751,Toledo,Mid-American,Bowling Green,Mid-American,Home,2018-10-06T19:30:00.000Z,True,False,52,36,W,125,124,-161.701
2018,7,401020759,Toledo,Mid-American,Eastern Michigan,Mid-American,Away,2018-10-13T16:00:00.000Z,True,False,26,28,L,59,87,-39.526
2018,8,401020763,Toledo,Mid-American,Buffalo,Mid-American,Home,2018-10-20T16:00:00.000Z,True,False,17,31,L,36,62,0.361
2018,9,401020767,Toledo,Mid-American,Western Michigan,Mid-American,Away,2018-10-25T23:00:00.000Z,True,False,51,24,W,97,99,-71.278
2018,10,401020771,Toledo,Mid-American,Ball State,Mid-American,Home,2018-10-31T23:30:00.000Z,True,False,45,13,W,111,115,-130.221
2018,11,401020777,Toledo,Mid-American,Northern Illinois,Mid-American,Away,2018-11-08T01:00:00.000Z,True,False,15,38,L,77,88,-40.536
2018,12,401020783,Toledo,Mid-American,Kent State,Mid-American,Away,2018-11-15T23:00:00.000Z,True,False,56,34,W,121,120,-145.593
2018,13,401020789,Toledo,Mid-American,Central Michigan,Mid-American,Home,2018-11-23T17:00:00.000Z,True,False,51,13,W,110,116,-131.207
2018,1,401021656,Troy,Sun Belt,Boise State,Mountain West,Home,2018-09-01T22:00:00.000Z,True,False,20,56,L,13,28,80.702
2018,1,401032065,Troy,Sun Belt,Buffalo,Mid-American,Home,2018-12-23T00:00:00.000Z,True,False,42,32,W,36,62,0.361
2018,3,401013337,Troy,Sun Belt,Nebraska,Big Ten,Away,2018-09-15T16:00:00.000Z,True,False,24,19,W,90,53,28.387
2018,4,401021664,Troy,Sun Belt,UL Monroe,Sun Belt,Away,2018-09-22T23:00:00.000Z,True,False,35,27,W,92,101,-79.365
2018,5,401021667,Troy,Sun Belt,Coastal Carolina,Sun Belt,Home,2018-09-29T19:30:00.000Z,True,False,45,21,W,104,112,-125.257
2018,6,401021669,Troy,Sun Belt,Georgia State,Sun Belt,Home,2018-10-04T23:30:00.000Z,True,False,37,20,W,120,126,-164.412
2018,7,401013452,Troy,Sun Belt,Liberty,FBS Independents,Away,2018-10-13T18:00:00.000Z,True,False,16,22,L,96,107,-107.391
2018,9,401021679,Troy,Sun Belt,South Alabama,Sun Belt,Away,2018-10-24T00:00:00.000Z,True,False,38,17,W,127,125,-162.728
2018,10,401021687,Troy,Sun Belt,Louisiana,Sun Belt,Home,2018-11-03T19:30:00.000Z,True,False,26,16,W,91,94,-60.151
2018,11,401021689,Troy,Sun Belt,Georgia Southern,Sun Belt,Away,2018-11-10T18:00:00.000Z,True,False,35,21,W,37,63,-0.847
2018,12,401021696,Troy,Sun Belt,Texas State,Sun Belt,Home,2018-11-17T20:30:00.000Z,True,False,12,7,W,103,122,-156.904
2018,13,401021697,Troy,Sun Belt,App State,Sun Belt,Away,2018-11-24T19:30:00.000Z,True,False,10,21,L,6,29,75.510
2018,1,401013086,Tulane,American Athletic,Wake Forest,ACC,Home,2018-08-31T00:00:00.000Z,True,False,17,23,L,75,59,12.430
2018,1,401035253,Tulane,American Athletic,Louisiana,Sun Belt,Away,2018-12-15T18:30:00.000Z,True,False,41,24,W,91,94,-60.151
2018,3,401014996,Tulane,American Athletic,UAB,Conference USA,Away,2018-09-15T17:00:00.000Z,True,False,24,31,L,23,82,-25.549
2018,4,401013346,Tulane,American Athletic,Ohio State,Big Ten,Away,2018-09-22T19:30:00.000Z,True,False,6,49,L,11,11,140.984
2018,5,401019496,Tulane,American Athletic,Memphis,American Athletic,Home,2018-09-29T00:00:00.000Z,True,False,40,24,W,41,64,-5.274
2018,6,401019501,Tulane,American Athletic,Cincinnati,American Athletic,Away,2018-10-06T16:00:00.000Z,True,False,21,37,L,15,46,49.939
2018,8,401019513,Tulane,American Athletic,SMU,American Athletic,Home,2018-10-20T19:30:00.000Z,True,False,23,27,L,98,102,-82.428
2018,9,401019516,Tulane,American Athletic,Tulsa,American Athletic,Away,2018-10-27T23:00:00.000Z,True,False,24,17,W,95,105,-98.714
2018,10,401019521,Tulane,American Athletic,South Florida,American Athletic,Away,2018-11-03T19:30:00.000Z,True,False,41,15,W,87,93,-57.252
2018,11,401019526,Tulane,American Athletic,East Carolina,American Athletic,Home,2018-11-10T21:00:00.000Z,True,False,24,18,W,113,104,-92.826
2018,12,401019529,Tulane,American Athletic,Houston,American Athletic,Away,2018-11-16T01:00:00.000Z,True,False,17,48,L,56,80,-22.819
2018,13,401019539,Tulane,American Athletic,Navy,American Athletic,Home,2018-11-24T17:00:00.000Z,True,False,29,28,W,112,103,-92.606
2018,2,401013319,Tulsa,American Athletic,Texas,Big 12,Away,2018-09-09T00:00:00.000Z,True,False,21,28,L,42,18,113.548
2018,3,401019488,Tulsa,American Athletic,Arkansas State,Sun Belt,Home,2018-09-15T23:00:00.000Z,True,False,20,29,L,50,67,-9.946
2018,4,401019489,Tulsa,American Athletic,Temple,American Athletic,Away,2018-09-20T23:30:00.000Z,True,False,17,31,L,21,50,37.557
2018,6,401019499,Tulsa,American Athletic,Houston,American Athletic,Away,2018-10-05T00:00:00.000Z,True,False,26,41,L,56,80,-22.819
2018,7,401019505,Tulsa,American Athletic,South Florida,American Athletic,Home,2018-10-12T23:00:00.000Z,True,False,24,25,L,87,93,-57.252
2018,8,401012313,Tulsa,American Athletic,Arkansas,SEC,Away,2018-10-20T16:00:00.000Z,True,False,0,23,L,124,89,-42.984
2018,9,401019516,Tulsa,American Athletic,Tulane,American Athletic,Home,2018-10-27T23:00:00.000Z,True,False,17,24,L,84,95,-67.916
2018,10,401019519,Tulsa,American Athletic,UConn,American Athletic,Home,2018-11-03T23:00:00.000Z,True,False,49,19,W,130,128,-185.437
2018,11,401019528,Tulsa,American Athletic,Memphis,American Athletic,Away,2018-11-10T17:00:00.000Z,True,False,21,47,L,41,64,-5.274
2018,12,401019534,Tulsa,American Athletic,Navy,American Athletic,Away,2018-11-17T20:30:00.000Z,True,False,29,37,L,112,103,-92.606
2018,13,401019540,Tulsa,American Athletic,SMU,American Athletic,Home,2018-11-24T20:30:00.000Z,True,False,27,24,W,98,102,-82.428
2018,1,401032058,UAB,Conference USA,Northern Illinois,Mid-American,Away,2018-12-19T00:00:00.000Z,True,False,37,13,W,77,88,-40.536
2018,2,401014990,UAB,Conference USA,Coastal Carolina,Sun Belt,Away,2018-09-08T23:00:00.000Z,True,False,24,47,L,104,112,-125.257
2018,3,401014996,UAB,Conference USA,Tulane,American Athletic,Home,2018-09-15T17:00:00.000Z,True,False,31,24,W,84,95,-67.916
2018,5,401015001,UAB,Conference USA,Charlotte,Conference USA,Home,2018-09-29T23:00:00.000Z,True,False,28,7,W,101,113,-125.729
2018,6,401015009,UAB,Conference USA,Louisiana Tech,Conference USA,Away,2018-10-06T23:00:00.000Z,True,False,28,7,W,72,98,-69.325
2018,7,401015018,UAB,Conference USA,Rice,Conference USA,Away,2018-10-13T17:00:00.000Z,True,False,42,0,W,126,129,-197.112
2018,8,401015023,UAB,Conference USA,North Texas,Conference USA,Home,2018-10-20T23:30:00.000Z,True,False,29,21,W,30,79,-22.388
2018,9,401015031,UAB,Conference USA,UTEP,Conference USA,Away,2018-10-27T23:30:00.000Z,True,False,19,0,W,114,130,-202.468
2018,10,401015036,UAB,Conference USA,UTSA,Conference USA,Home,2018-11-03T23:30:00.000Z,True,False,52,3,W,123,127,-164.871
2018,11,401015043,UAB,Conference USA,Southern Miss,Conference USA,Home,2018-11-11T00:30:00.000Z,True,False,26,23,W,60,97,-69.221
2018,12,401012347,UAB,Conference USA,Texas A&M,SEC,Away,2018-11-18T00:00:00.000Z,True,False,20,41,L,39,15,123.816
2018,13,401015053,UAB,Conference USA,Middle Tennessee,Conference USA,Away,2018-11-24T20:00:00.000Z,True,False,3,27,L,68,84,-27.398
2018,14,401056703,UAB,Conference USA,Middle Tennessee,Conference USA,Away,2018-12-01T18:30:00.000Z,True,False,27,25,W,68,84,-27.398
2018,1,401019470,UCF,American Athletic,UConn,American Athletic,Away,2018-08-30T23:00:00.000Z,True,False,56,17,W,130,128,-185.437
2018,1,401032084,UCF,American Athletic,LSU,SEC,Home,2019-01-01T18:00:00.000Z,True,False,32,40,L,25,7,146.658
2018,4,401019490,UCF,American Athletic,Florida Atlantic,Conference USA,Home,2018-09-21T23:00:00.000Z,True,False,56,36,W,74,72,-13.459
2018,5,401013136,UCF,American Athletic,Pittsburgh,ACC,Home,2018-09-29T19:30:00.000Z,True,False,45,14,W,83,43,57.163
2018,6,401019500,UCF,American Athletic,SMU,American Athletic,Home,2018-10-06T23:00:00.000Z,True,False,48,20,W,98,102,-82.428
2018,7,401019506,UCF,American Athletic,Memphis,American Athletic,Away,2018-10-13T19:30:00.000Z,True,False,31,30,W,41,64,-5.274
2018,8,401019509,UCF,American Athletic,East Carolina,American Athletic,Away,2018-10-20T23:00:00.000Z,True,False,37,10,W,113,104,-92.826
2018,10,401019517,UCF,American Athletic,Temple,American Athletic,Home,2018-11-01T23:30:00.000Z,True,False,52,40,W,21,50,37.557
2018,11,401019523,UCF,American Athletic,Navy,American Athletic,Home,2018-11-10T17:00:00.000Z,True,False,35,24,W,112,103,-92.606
2018,12,401019531,UCF,American Athletic,Cincinnati,American Athletic,Home,2018-11-18T01:00:00.000Z,True,False,38,13,W,15,46,49.939
2018,13,401019535,UCF,American Athletic,South Florida,American Athletic,Away,2018-11-23T21:15:00.000Z,True,False,38,10,W,87,93,-57.252
2018,14,401056699,UCF,American Athletic,Memphis,American Athletic,Home,2018-12-01T20:45:00.000Z,True,False,56,41,W,41,64,-5.274
2018,1,401012679,UCLA,Pac-12,Cincinnati,American Athletic,Home,2018-09-01T23:00:00.000Z,True,False,17,26,L,15,46,49.939
2018,2,401012728,UCLA,Pac-12,Oklahoma,Big 12,Away,2018-09-08T17:00:00.000Z,True,False,21,49,L,12,4,174.364
2018,3,401012740,UCLA,Pac-12,Fresno State,Mountain West,Home,2018-09-16T02:30:00.000Z,True,False,14,38,L,9,23,96.413
2018,5,401012752,UCLA,Pac-12,Colorado,Pac-12,Away,2018-09-29T01:00:00.000Z,True,False,16,38,L,79,73,-14.651
2018,6,401012760,UCLA,Pac-12,Washington,Pac-12,Home,2018-10-06T23:30:00.000Z,True,False,24,31,L,28,19,106.321
2018,7,401012767,UCLA,Pac-12,California,Pac-12,Away,2018-10-13T23:00:00.000Z,True,False,37,7,W,69,66,-7.994
2018,8,401012769,UCLA,Pac-12,Arizona,Pac-12,Home,2018-10-21T02:30:00.000Z,True,False,31,30,W,80,68,-9.965
2018,9,401012774,UCLA,Pac-12,Utah,Pac-12,Home,2018-10-27T02:30:00.000Z,True,False,10,41,L,35,25,85.664
2018,10,401012782,UCLA,Pac-12,Oregon,Pac-12,Away,2018-11-03T23:30:00.000Z,True,False,21,42,L,32,48,47.856
2018,11,401012786,UCLA,Pac-12,Arizona State,Pac-12,Away,2018-11-10T19:00:00.000Z,True,False,28,31,L,47,56,28.252
2018,12,401012791,UCLA,Pac-12,USC,Pac-12,Home,2018-11-17T20:30:00.000Z,True,False,34,27,W,67,60,9.603
2018,13,401012801,UCLA,Pac-12,Stanford,Pac-12,Home,2018-11-24T20:00:00.000Z,True,False,42,49,L,45,40,60.358
2018,1,401019470,UConn,American Athletic,UCF,American Athletic,Home,2018-08-30T23:00:00.000Z,True,False,17,56,L,8,17,116.690
2018,2,401019483,UConn,American Athletic,Boise State,Mountain West,Away,2018-09-09T02:15:00.000Z,True,False,7,62,L,13,28,80.702
2018,4,401013127,UConn,American Athletic,Syracuse,ACC,Away,2018-09-22T20:00:00.000Z,True,False,21,51,L,34,31,72.033
2018,5,401019497,UConn,American Athletic,Cincinnati,American Athletic,Home,2018-09-29T19:30:00.000Z,True,False,7,49,L,15,46,49.939
2018,6,401019502,UConn,American Athletic,Memphis,American Athletic,Away,2018-10-06T23:00:00.000Z,True,False,14,55,L,41,64,-5.274
2018,8,401019511,UConn,American Athletic,South Florida,American Athletic,Away,2018-10-20T23:00:00.000Z,True,False,30,38,L,87,93,-57.252
2018,9,401013364,UConn,American Athletic,Massachusetts,FBS Independents,Home,2018-10-27T16:00:00.000Z,True,False,17,22,L,115,119,-135.747
2018,10,401019519,UConn,American Athletic,Tulsa,American Athletic,Away,2018-11-03T23:00:00.000Z,True,False,19,49,L,95,105,-98.714
2018,11,401019525,UConn,American Athletic,SMU,American Athletic,Home,2018-11-10T17:00:00.000Z,True,False,50,62,L,98,102,-82.428
2018,12,401019532,UConn,American Athletic,East Carolina,American Athletic,Away,2018-11-18T00:00:00.000Z,True,False,21,55,L,113,104,-92.826
2018,13,401019538,UConn,American Athletic,Temple,American Athletic,Home,2018-11-24T20:30:00.000Z,True,False,7,57,L,21,50,37.557
2018,2,401014989,UL Monroe,Sun Belt,Southern Miss,Conference USA,Away,2018-09-08T23:00:00.000Z,True,False,21,20,W,60,97,-69.221
2018,3,401012282,UL Monroe,Sun Belt,Texas A&M,SEC,Away,2018-09-15T23:30:00.000Z,True,False,10,48,L,39,15,123.816
2018,4,401021664,UL Monroe,Sun Belt,Troy,Sun Belt,Home,2018-09-22T23:00:00.000Z,True,False,27,35,L,44,70,-12.899
2018,5,401021668,UL Monroe,Sun Belt,Georgia State,Sun Belt,Away,2018-09-29T18:00:00.000Z,True,False,14,46,L,120,126,-164.412
2018,6,401012303,UL Monroe,Sun Belt,Ole Miss,SEC,Away,2018-10-06T20:00:00.000Z,True,False,21,70,L,89,55,28.367
2018,7,401021674,UL Monroe,Sun Belt,Coastal Carolina,Sun Belt,Away,2018-10-13T22:00:00.000Z,True,False,45,20,W,104,112,-125.257
2018,8,401021678,UL Monroe,Sun Belt,Texas State,Sun Belt,Home,2018-10-20T23:00:00.000Z,True,False,20,14,W,103,122,-156.904
2018,10,401021685,UL Monroe,Sun Belt,Georgia Southern,Sun Belt,Home,2018-11-03T19:00:00.000Z,True,False,44,25,W,37,63,-0.847
2018,11,401021691,UL Monroe,Sun Belt,South Alabama,Sun Belt,Away,2018-11-10T22:00:00.000Z,True,False,38,10,W,127,125,-162.728
2018,12,401021693,UL Monroe,Sun Belt,Arkansas State,Sun Belt,Away,2018-11-17T20:00:00.000Z,True,False,17,31,L,50,67,-9.946
2018,13,401021701,UL Monroe,Sun Belt,Louisiana,Sun Belt,Home,2018-11-24T20:00:00.000Z,True,False,28,31,L,91,94,-60.151
2018,1,401012678,UNLV,Mountain West,USC,Pac-12,Away,2018-09-01T20:00:00.000Z,True,False,21,43,L,67,60,9.603
2018,2,401014991,UNLV,Mountain West,UTEP,Conference USA,Home,2018-09-09T01:00:00.000Z,True,False,52,24,W,114,130,-202.468
2018,4,401021662,UNLV,Mountain West,Arkansas State,Sun Belt,Away,2018-09-22T23:00:00.000Z,True,False,20,27,L,50,67,-9.946
2018,6,401022530,UNLV,Mountain West,New Mexico,Mountain West,Home,2018-10-06T20:00:00.000Z,True,False,14,50,L,108,111,-125.203
2018,7,401022536,UNLV,Mountain West,Utah State,Mountain West,Away,2018-10-13T20:00:00.000Z,True,False,28,59,L,3,32,69.025
2018,8,401022539,UNLV,Mountain West,Air Force,Mountain West,Home,2018-10-20T02:00:00.000Z,True,False,35,41,L,58,77,-18.944
2018,9,401022549,UNLV,Mountain West,San José State,Mountain West,Away,2018-10-27T22:30:00.000Z,True,False,37,50,L,116,106,-103.298
2018,10,401022553,UNLV,Mountain West,Fresno State,Mountain West,Home,2018-11-04T02:30:00.000Z,True,False,3,48,L,9,23,96.413
2018,11,401022558,UNLV,Mountain West,San Diego State,Mountain West,Away,2018-11-11T03:30:00.000Z,True,False,27,24,W,76,90,-46.968
2018,12,401022564,UNLV,Mountain West,Hawai'i,Mountain West,Away,2018-11-18T04:00:00.000Z,True,False,28,35,L,88,100,-78.652
2018,13,401022569,UNLV,Mountain West,Nevada,Mountain West,Home,2018-11-25T02:30:00.000Z,True,False,34,29,W,65,86,-33.528
2018,1,401012678,USC,Pac-12,UNLV,Mountain West,Home,2018-09-01T20:00:00.000Z,True,False,43,21,W,109,109,-120.450
2018,2,401012736,USC,Pac-12,Stanford,Pac-12,Away,2018-09-09T00:30:00.000Z,True,False,3,17,L,45,40,60.358
2018,3,401012739,USC,Pac-12,Texas,Big 12,Away,2018-09-16T00:00:00.000Z,True,False,14,37,L,42,18,113.548
2018,4,401012748,USC,Pac-12,Washington State,Pac-12,Home,2018-09-22T02:30:00.000Z,True,False,39,36,W,16,20,103.438
2018,5,401012753,USC,Pac-12,Arizona,Pac-12,Away,2018-09-30T02:30:00.000Z,True,False,24,20,W,80,68,-9.965
2018,7,401012765,USC,Pac-12,Colorado,Pac-12,Home,2018-10-14T02:30:00.000Z,True,False,31,20,W,79,73,-14.651
2018,8,401012770,USC,Pac-12,Utah,Pac-12,Away,2018-10-21T00:00:00.000Z,True,False,28,41,L,35,25,85.664
2018,9,401012776,USC,Pac-12,Arizona State,Pac-12,Home,2018-10-27T19:30:00.000Z,True,False,35,38,L,47,56,28.252
2018,10,401012783,USC,Pac-12,Oregon State,Pac-12,Away,2018-11-04T02:00:00.000Z,True,False,38,21,W,128,118,-134.872
2018,11,401012787,USC,Pac-12,California,Pac-12,Home,2018-11-11T03:30:00.000Z,True,False,14,15,L,69,66,-7.994
2018,12,401012791,USC,Pac-12,UCLA,Pac-12,Away,2018-11-17T20:30:00.000Z,True,False,27,34,L,99,78,-19.332
2018,13,401012800,USC,Pac-12,Notre Dame,FBS Independents,Home,2018-11-25T01:00:00.000Z,True,False,17,24,L,17,12,138.907
2018,2,401014991,UTEP,Conference USA,UNLV,Mountain West,Away,2018-09-09T01:00:00.000Z,True,False,24,52,L,109,109,-120.450
2018,3,401012281,UTEP,Conference USA,Tennessee,SEC,Away,2018-09-15T16:00:00.000Z,True,False,0,24,L,106,61,7.621
2018,4,401013440,UTEP,Conference USA,New Mexico State,FBS Independents,Home,2018-09-22T23:30:00.000Z,True,False,20,27,L,118,123,-159.784
2018,5,401015007,UTEP,Conference USA,UTSA,Conference USA,Away,2018-09-29T23:00:00.000Z,True,False,21,30,L,123,127,-164.871
2018,6,401015011,UTEP,Conference USA,North Texas,Conference USA,Home,2018-10-06T23:30:00.000Z,True,False,24,27,L,30,79,-22.388
2018,8,401015022,UTEP,Conference USA,Louisiana Tech,Conference USA,Away,2018-10-20T19:30:00.000Z,True,False,24,31,L,72,98,-69.325
2018,9,401015031,UTEP,Conference USA,UAB,Conference USA,Home,2018-10-27T23:30:00.000Z,True,False,0,19,L,23,82,-25.549
2018,10,401015035,UTEP,Conference USA,Rice,Conference USA,Away,2018-11-03T19:30:00.000Z,True,False,34,26,W,126,129,-197.112
2018,11,401015041,UTEP,Conference USA,Middle Tennessee,Conference USA,Home,2018-11-10T20:00:00.000Z,True,False,32,48,L,68,84,-27.398
2018,12,401015049,UTEP,Conference USA,Western Kentucky,Conference USA,Away,2018-11-18T00:30:00.000Z,True,False,16,40,L,93,117,-131.767
2018,13,401015056,UTEP,Conference USA,Southern Miss,Conference USA,Home,2018-11-24T20:00:00.000Z,True,False,7,39,L,60,97,-69.221
2018,1,401012677,UTSA,Conference USA,Arizona State,Pac-12,Away,2018-09-02T02:30:00.000Z,True,False,7,49,L,47,56,28.252
2018,2,401013027,UTSA,Conference USA,Baylor,Big 12,Home,2018-09-08T23:00:00.000Z,True,False,20,37,L,86,49,43.965
2018,3,401013058,UTSA,Conference USA,Kansas State,Big 12,Away,2018-09-15T20:00:00.000Z,True,False,17,41,L,81,52,36.959
2018,4,401014999,UTSA,Conference USA,Texas State,Sun Belt,Home,2018-09-22T23:00:00.000Z,True,False,25,21,W,103,122,-156.904
2018,5,401015007,UTSA,Conference USA,UTEP,Conference USA,Home,2018-09-29T23:00:00.000Z,True,False,30,21,W,114,130,-202.468
2018,6,401015012,UTSA,Conference USA,Rice,Conference USA,Away,2018-10-06T23:00:00.000Z,True,False,20,3,W,126,129,-197.112
2018,7,401015015,UTSA,Conference USA,Louisiana Tech,Conference USA,Home,2018-10-13T23:00:00.000Z,True,False,3,31,L,72,98,-69.325
2018,8,401015025,UTSA,Conference USA,Southern Miss,Conference USA,Away,2018-10-20T23:00:00.000Z,True,False,17,27,L,60,97,-69.221
2018,10,401015036,UTSA,Conference USA,UAB,Conference USA,Away,2018-11-03T23:30:00.000Z,True,False,3,52,L,23,82,-25.549
2018,11,401015038,UTSA,Conference USA,Florida International,Conference USA,Home,2018-11-11T00:00:00.000Z,True,False,7,45,L,38,85,-30.554
2018,12,401015047,UTSA,Conference USA,Marshall,Conference USA,Away,2018-11-17T19:30:00.000Z,True,False,0,23,L,43,81,-22.862
2018,13,401015054,UTSA,Conference USA,North Texas,Conference USA,Home,2018-11-25T00:00:00.000Z,True,False,21,24,L,30,79,-22.388
2018,1,401035250,Utah,Pac-12,Northwestern,Big Ten,Home,2019-01-01T00:00:00.000Z,True,False,20,31,L,62,37,62.327
2018,2,401012730,Utah,Pac-12,Northern Illinois,Mid-American,Away,2018-09-08T23:30:00.000Z,True,False,17,6,W,77,88,-40.536
2018,3,401012742,Utah,Pac-12,Washington,Pac-12,Home,2018-09-16T02:10:00.000Z,True,False,7,21,L,28,19,106.321
2018,5,401012756,Utah,Pac-12,Washington State,Pac-12,Away,2018-09-29T22:00:00.000Z,True,False,24,28,L,16,20,103.438
2018,6,401012763,Utah,Pac-12,Stanford,Pac-12,Away,2018-10-07T02:30:00.000Z,True,False,40,21,W,45,40,60.358
2018,7,401012764,Utah,Pac-12,Arizona,Pac-12,Home,2018-10-13T02:00:00.000Z,True,False,42,10,W,80,68,-9.965
2018,8,401012770,Utah,Pac-12,USC,Pac-12,Home,2018-10-21T00:00:00.000Z,True,False,41,28,W,67,60,9.603
2018,9,401012774,Utah,Pac-12,UCLA,Pac-12,Away,2018-10-27T02:30:00.000Z,True,False,41,10,W,99,78,-19.332
2018,10,401012781,Utah,Pac-12,Arizona State,Pac-12,Away,2018-11-03T20:00:00.000Z,True,False,20,38,L,47,56,28.252
2018,11,401012789,Utah,Pac-12,Oregon,Pac-12,Home,2018-11-10T22:30:00.000Z,True,False,32,25,W,32,48,47.856
2018,12,401012792,Utah,Pac-12,Colorado,Pac-12,Away,2018-11-17T18:30:00.000Z,True,False,30,7,W,79,73,-14.651
2018,13,401012802,Utah,Pac-12,BYU,FBS Independents,Home,2018-11-25T03:00:00.000Z,True,False,35,27,W,51,65,-5.413
2018,14,401056704,Utah,Pac-12,Washington,Pac-12,Away,2018-12-01T01:00:00.000Z,True,False,3,10,L,28,19,106.321
2018,1,401012880,Utah State,Mountain West,Michigan State,Big Ten,Away,2018-08-31T23:00:00.000Z,True,False,31,38,L,57,41,60.158
2018,1,401032054,Utah State,Mountain West,North Texas,Conference USA,Away,2018-12-15T19:00:00.000Z,True,False,52,13,W,30,79,-22.388
2018,2,401013438,Utah State,Mountain West,New Mexico State,FBS Independents,Home,2018-09-09T00:00:00.000Z,True,False,60,13,W,118,123,-159.784
2018,4,401022522,Utah State,Mountain West,Air Force,Mountain West,Home,2018-09-23T02:30:00.000Z,True,False,42,32,W,58,77,-18.944
2018,6,401016407,Utah State,Mountain West,BYU,FBS Independents,Away,2018-10-06T01:00:00.000Z,True,False,45,20,W,51,65,-5.413
2018,7,401022536,Utah State,Mountain West,UNLV,Mountain West,Home,2018-10-13T20:00:00.000Z,True,False,59,28,W,109,109,-120.450
2018,8,401022540,Utah State,Mountain West,Wyoming,Mountain West,Away,2018-10-20T18:30:00.000Z,True,False,24,16,W,73,83,-26.992
2018,9,401022545,Utah State,Mountain West,New Mexico,Mountain West,Home,2018-10-27T20:00:00.000Z,True,False,61,19,W,108,111,-125.203
2018,10,401022551,Utah State,Mountain West,Hawai'i,Mountain West,Away,2018-11-04T03:59:00.000Z,True,False,56,17,W,88,100,-78.652
2018,11,401022557,Utah State,Mountain West,San José State,Mountain West,Home,2018-11-10T21:00:00.000Z,True,False,62,24,W,116,106,-103.298
2018,12,401022561,Utah State,Mountain West,Colorado State,Mountain West,Away,2018-11-17T19:00:00.000Z,True,False,29,24,W,117,114,-129.253
2018,13,401022566,Utah State,Mountain West,Boise State,Mountain West,Away,2018-11-25T03:15:00.000Z,True,False,24,33,L,13,28,80.702
2018,1,401012259,Vanderbilt,SEC,Middle Tennessee,Conference USA,Home,2018-09-01T23:30:00.000Z,True,False,35,7,W,68,84,-27.398
2018,1,401032072,Vanderbilt,SEC,Baylor,Big 12,Home,2018-12-28T02:00:00.000Z,True,False,38,45,L,86,49,43.965
2018,2,401012271,Vanderbilt,SEC,Nevada,Mountain West,Home,2018-09-08T16:00:00.000Z,True,False,41,10,W,65,86,-33.528
2018,3,401012283,Vanderbilt,SEC,Notre Dame,FBS Independents,Away,2018-09-15T18:30:00.000Z,True,False,17,22,L,17,12,138.907
2018,4,401012291,Vanderbilt,SEC,South Carolina,SEC,Home,2018-09-22T20:00:00.000Z,True,False,14,37,L,64,34,66.567
2018,6,401012302,Vanderbilt,SEC,Georgia,SEC,Away,2018-10-06T23:30:00.000Z,True,False,13,41,L,5,3,221.520
2018,7,401012312,Vanderbilt,SEC,Florida,SEC,Home,2018-10-13T16:00:00.000Z,True,False,27,37,L,26,10,141.395
2018,8,401012314,Vanderbilt,SEC,Kentucky,SEC,Away,2018-10-20T23:30:00.000Z,True,False,7,14,L,27,14,124.578
2018,9,401012319,Vanderbilt,SEC,Arkansas,SEC,Away,2018-10-27T16:00:00.000Z,True,False,45,31,W,124,89,-42.984
2018,11,401012335,Vanderbilt,SEC,Missouri,SEC,Away,2018-11-10T17:00:00.000Z,True,False,28,33,L,22,8,145.255
2018,12,401012348,Vanderbilt,SEC,Ole Miss,SEC,Home,2018-11-18T00:30:00.000Z,True,False,36,29,W,89,55,28.367
2018,13,401012357,Vanderbilt,SEC,Tennessee,SEC,Home,2018-11-24T21:00:00.000Z,True,False,38,13,W,106,61,7.621
2018,1,401032077,Virginia,ACC,South Carolina,SEC,Home,2018-12-29T17:00:00.000Z,True,False,28,0,W,64,34,66.567
2018,2,401012852,Virginia,ACC,Indiana,Big Ten,Away,2018-09-08T23:30:00.000Z,True,False,16,20,L,82,58,18.275
2018,3,401013117,Virginia,ACC,Ohio,Mid-American,Home,2018-09-15T20:30:00.000Z,True,False,45,31,W,7,36,62.643
2018,4,401013123,Virginia,ACC,Louisville,ACC,Home,2018-09-22T16:30:00.000Z,True,False,27,3,W,129,108,-110.724
2018,5,401013135,Virginia,ACC,NC State,ACC,Away,2018-09-29T16:20:00.000Z,True,False,21,35,L,24,35,63.397
2018,7,401013146,Virginia,ACC,Miami,ACC,Home,2018-10-13T23:00:00.000Z,True,False,16,13,W,48,45,54.366
2018,8,401013150,Virginia,ACC,Duke,ACC,Away,2018-10-20T16:30:00.000Z,True,False,28,14,W,71,44,56.628
2018,9,401013158,Virginia,ACC,North Carolina,ACC,Home,2018-10-27T16:20:00.000Z,True,False,31,21,W,102,92,-52.848
2018,10,401013160,Virginia,ACC,Pittsburgh,ACC,Home,2018-11-02T23:30:00.000Z,True,False,13,23,L,83,43,57.163
2018,11,401013174,Virginia,ACC,Liberty,FBS Independents,Home,2018-11-10T20:00:00.000Z,True,False,45,24,W,96,107,-107.391
2018,12,401013177,Virginia,ACC,Georgia Tech,ACC,Away,2018-11-17T20:30:00.000Z,True,False,27,30,L,61,57,19.717
2018,13,401013183,Virginia,ACC,Virginia Tech,ACC,Away,2018-11-23T20:30:00.000Z,True,False,31,34,L,85,74,-17.482
2018,1,401013096,Virginia Tech,ACC,Florida State,ACC,Away,2018-09-04T00:00:00.000Z,True,False,24,3,W,100,71,-13.254
2018,1,401032080,Virginia Tech,ACC,Cincinnati,American Athletic,Home,2018-12-31T17:00:00.000Z,True,False,31,35,L,15,46,49.939
2018,4,401013128,Virginia Tech,ACC,Old Dominion,Conference USA,Away,2018-09-22T19:30:00.000Z,True,False,35,49,L,105,121,-147.941
2018,5,401013132,Virginia Tech,ACC,Duke,ACC,Away,2018-09-29T23:00:00.000Z,True,False,31,14,W,71,44,56.628
2018,6,401013143,Virginia Tech,ACC,Notre Dame,FBS Independents,Home,2018-10-07T00:00:00.000Z,True,False,23,45,L,17,12,138.907
2018,7,401013147,Virginia Tech,ACC,North Carolina,ACC,Away,2018-10-13T23:00:00.000Z,True,False,22,19,W,102,92,-52.848
2018,9,401013153,Virginia Tech,ACC,Georgia Tech,ACC,Home,2018-10-25T23:30:00.000Z,True,False,28,49,L,61,57,19.717
2018,10,401013161,Virginia Tech,ACC,Boston College,ACC,Home,2018-11-03T19:45:00.000Z,True,False,21,31,L,54,51,37.087
2018,11,401013173,Virginia Tech,ACC,Pittsburgh,ACC,Away,2018-11-10T20:30:00.000Z,True,False,22,52,L,83,43,57.163
2018,12,401013179,Virginia Tech,ACC,Miami,ACC,Home,2018-11-17T20:30:00.000Z,True,False,14,38,L,48,45,54.366
2018,13,401013183,Virginia Tech,ACC,Virginia,ACC,Home,2018-11-23T20:30:00.000Z,True,False,34,31,W,33,38,62.135
2018,14,401100159,Virginia Tech,ACC,Marshall,Conference USA,Home,2018-12-01T17:00:00.000Z,True,False,41,20,W,43,81,-22.862
2018,1,401013086,Wake Forest,ACC,Tulane,American Athletic,Away,2018-08-31T00:00:00.000Z,True,False,23,17,W,84,95,-67.916
2018,1,401032063,Wake Forest,ACC,Memphis,American Athletic,Home,2018-12-22T17:00:00.000Z,True,False,37,34,W,41,64,-5.274
2018,3,401013109,Wake Forest,ACC,Boston College,ACC,Home,2018-09-13T21:30:00.000Z,True,False,34,41,L,54,51,37.087
2018,4,401013129,Wake Forest,ACC,Notre Dame,FBS Independents,Home,2018-09-22T16:00:00.000Z,True,False,27,56,L,17,12,138.907
2018,5,401013137,Wake Forest,ACC,Rice,Conference USA,Home,2018-09-29T19:30:00.000Z,True,False,56,24,W,126,129,-197.112
2018,6,401013140,Wake Forest,ACC,Clemson,ACC,Home,2018-10-06T19:30:00.000Z,True,False,3,63,L,1,2,233.788
2018,8,401013151,Wake Forest,ACC,Florida State,ACC,Away,2018-10-20T19:30:00.000Z,True,False,17,38,L,100,71,-13.254
2018,9,401013157,Wake Forest,ACC,Louisville,ACC,Away,2018-10-27T16:00:00.000Z,True,False,56,35,W,129,108,-110.724
2018,10,401013166,Wake Forest,ACC,Syracuse,ACC,Home,2018-11-03T16:00:00.000Z,True,False,24,41,L,34,31,72.033
2018,11,401013167,Wake Forest,ACC,NC State,ACC,Away,2018-11-09T00:30:00.000Z,True,False,27,23,W,24,35,63.397
2018,12,401013181,Wake Forest,ACC,Pittsburgh,ACC,Home,2018-11-17T17:00:00.000Z,True,False,13,34,L,83,43,57.163
2018,13,401013185,Wake Forest,ACC,Duke,ACC,Away,2018-11-24T17:30:00.000Z,True,False,59,7,W,71,44,56.628
2018,1,401012248,Washington,Pac-12,Auburn,SEC,Away,2018-09-01T19:30:00.000Z,True,False,16,21,L,29,21,100.333
2018,1,401032085,Washington,Pac-12,Ohio State,Big Ten,Away,2019-01-01T22:00:00.000Z,True,False,23,28,L,11,11,140.984
2018,3,401012742,Washington,Pac-12,Utah,Pac-12,Away,2018-09-16T02:10:00.000Z,True,False,21,7,W,35,25,85.664
2018,4,401012751,Washington,Pac-12,Arizona State,Pac-12,Home,2018-09-23T02:30:00.000Z,True,False,27,20,W,47,56,28.252
2018,5,401012755,Washington,Pac-12,BYU,FBS Independents,Home,2018-09-30T00:30:00.000Z,True,False,35,7,W,51,65,-5.413
2018,6,401012760,Washington,Pac-12,UCLA,Pac-12,Away,2018-10-06T23:30:00.000Z,True,False,31,24,W,99,78,-19.332
2018,7,401012766,Washington,Pac-12,Oregon,Pac-12,Away,2018-10-13T19:30:00.000Z,True,False,27,30,L,32,48,47.856
2018,8,401012772,Washington,Pac-12,Colorado,Pac-12,Home,2018-10-20T19:30:00.000Z,True,False,27,13,W,79,73,-14.651
2018,9,401012778,Washington,Pac-12,California,Pac-12,Away,2018-10-27T22:30:00.000Z,True,False,10,12,L,69,66,-7.994
2018,10,401012784,Washington,Pac-12,Stanford,Pac-12,Home,2018-11-04T01:00:00.000Z,True,False,27,23,W,45,40,60.358
2018,12,401012794,Washington,Pac-12,Oregon State,Pac-12,Home,2018-11-17T21:30:00.000Z,True,False,42,23,W,128,118,-134.872
2018,13,401012798,Washington,Pac-12,Washington State,Pac-12,Away,2018-11-24T01:30:00.000Z,True,False,28,15,W,16,20,103.438
2018,14,401056704,Washington,Pac-12,Utah,Pac-12,Home,2018-12-01T01:00:00.000Z,True,False,10,3,W,35,25,85.664
2018,1,401012683,Washington State,Pac-12,Wyoming,Mountain West,Away,2018-09-01T19:30:00.000Z,True,False,41,19,W,73,83,-26.992
2018,1,401032075,Washington State,Pac-12,Iowa State,Big 12,Home,2018-12-29T02:00:00.000Z,True,False,28,26,W,49,22,99.642
2018,2,401012734,Washington State,Pac-12,San José State,Mountain West,Home,2018-09-09T03:00:00.000Z,True,False,31,0,W,116,106,-103.298
2018,4,401012748,Washington State,Pac-12,USC,Pac-12,Away,2018-09-22T02:30:00.000Z,True,False,36,39,L,67,60,9.603
2018,5,401012756,Washington State,Pac-12,Utah,Pac-12,Home,2018-09-29T22:00:00.000Z,True,False,28,24,W,35,25,85.664
2018,6,401012762,Washington State,Pac-12,Oregon State,Pac-12,Away,2018-10-07T01:00:00.000Z,True,False,56,37,W,128,118,-134.872
2018,8,401012773,Washington State,Pac-12,Oregon,Pac-12,Home,2018-10-20T23:30:00.000Z,True,False,34,20,W,32,48,47.856
2018,9,401012779,Washington State,Pac-12,Stanford,Pac-12,Away,2018-10-27T23:00:00.000Z,True,False,41,38,W,45,40,60.358
2018,10,401012785,Washington State,Pac-12,California,Pac-12,Home,2018-11-04T02:45:00.000Z,True,False,19,13,W,69,66,-7.994
2018,11,401012788,Washington State,Pac-12,Colorado,Pac-12,Away,2018-11-10T20:30:00.000Z,True,False,31,7,W,79,73,-14.651
2018,12,401012795,Washington State,Pac-12,Arizona,Pac-12,Home,2018-11-18T03:30:00.000Z,True,False,69,28,W,80,68,-9.965
2018,13,401012798,Washington State,Pac-12,Washington,Pac-12,Home,2018-11-24T01:30:00.000Z,True,False,15,28,L,28,19,106.321
2018,1,401012257,West Virginia,Big 12,Tennessee,SEC,Away,2018-09-01T19:30:00.000Z,True,False,40,14,W,106,61,7.621
2018,1,401032074,West Virginia,Big 12,Syracuse,ACC,Away,2018-12-28T22:15:00.000Z,True,False,18,34,L,34,31,72.033
2018,4,401013059,West Virginia,Big 12,Kansas State,Big 12,Home,2018-09-22T19:30:00.000Z,True,False,35,6,W,81,52,36.959
2018,5,401013325,West Virginia,Big 12,Texas Tech,Big 12,Away,2018-09-29T16:00:00.000Z,True,False,42,34,W,66,42,58.757
2018,6,401013051,West Virginia,Big 12,Kansas,Big 12,Home,2018-10-06T16:00:00.000Z,True,False,38,22,W,94,69,-12.473
2018,7,401013043,West Virginia,Big 12,Iowa State,Big 12,Away,2018-10-13T23:00:00.000Z,True,False,14,30,L,49,22,99.642
2018,9,401013033,West Virginia,Big 12,Baylor,Big 12,Home,2018-10-25T23:00:00.000Z,True,False,58,14,W,86,49,43.965
2018,10,401013188,West Virginia,Big 12,Texas,Big 12,Away,2018-11-03T19:30:00.000Z,True,False,42,41,W,42,18,113.548
2018,11,401013077,West Virginia,Big 12,TCU,Big 12,Home,2018-11-10T17:00:00.000Z,True,False,47,10,W,78,47,48.606
2018,12,401013327,West Virginia,Big 12,Oklahoma State,Big 12,Away,2018-11-17T20:30:00.000Z,True,False,41,45,L,46,26,83.963
2018,13,401013071,West Virginia,Big 12,Oklahoma,Big 12,Home,2018-11-24T01:00:00.000Z,True,False,56,59,L,12,4,174.364
2018,1,401013354,Western Kentucky,Conference USA,Wisconsin,Big Ten,Away,2018-09-01T01:00:00.000Z,True,False,3,34,L,31,30,74.492
2018,3,401013113,Western Kentucky,Conference USA,Louisville,ACC,Away,2018-09-15T23:30:00.000Z,True,False,17,20,L,129,108,-110.724
2018,4,401015000,Western Kentucky,Conference USA,Ball State,Mid-American,Away,2018-09-22T19:00:00.000Z,True,False,28,20,W,111,115,-130.221
2018,5,401015005,Western Kentucky,Conference USA,Marshall,Conference USA,Home,2018-09-29T23:30:00.000Z,True,False,17,20,L,43,81,-22.862
2018,7,401015013,Western Kentucky,Conference USA,Charlotte,Conference USA,Away,2018-10-13T19:30:00.000Z,True,False,14,40,L,101,113,-125.729
2018,8,401015024,Western Kentucky,Conference USA,Old Dominion,Conference USA,Home,2018-10-20T23:30:00.000Z,True,False,34,37,L,105,121,-147.941
2018,9,401015027,Western Kentucky,Conference USA,Florida International,Conference USA,Home,2018-10-27T23:30:00.000Z,True,False,17,38,L,38,85,-30.554
2018,10,401015034,Western Kentucky,Conference USA,Middle Tennessee,Conference USA,Away,2018-11-03T00:00:00.000Z,True,False,10,29,L,68,84,-27.398
2018,11,401015039,Western Kentucky,Conference USA,Florida Atlantic,Conference USA,Away,2018-11-10T22:00:00.000Z,True,False,15,34,L,74,72,-13.459
2018,12,401015049,Western Kentucky,Conference USA,UTEP,Conference USA,Home,2018-11-18T00:30:00.000Z,True,False,40,16,W,114,130,-202.468
2018,13,401015052,Western Kentucky,Conference USA,Louisiana Tech,Conference USA,Away,2018-11-24T17:00:00.000Z,True,False,30,15,W,72,98,-69.325
2018,1,401020673,Western Michigan,Mid-American,Syracuse,ACC,Home,2018-08-31T22:00:00.000Z,True,False,42,55,L,34,31,72.033
2018,1,401032062,Western Michigan,Mid-American,BYU,FBS Independents,Away,2018-12-21T21:00:00.000Z,True,False,18,49,L,51,65,-5.413
2018,2,401012889,Western Michigan,Mid-American,Michigan,Big Ten,Away,2018-09-08T16:00:00.000Z,True,False,3,49,L,10,6,148.453
2018,4,401020686,Western Michigan,Mid-American,Georgia State,Sun Belt,Away,2018-09-22T18:00:00.000Z,True,False,34,15,W,120,126,-164.412
2018,5,401020750,Western Michigan,Mid-American,Miami (OH),Mid-American,Away,2018-09-29T19:30:00.000Z,True,False,40,39,W,53,75,-17.863
2018,6,401020753,Western Michigan,Mid-American,Eastern Michigan,Mid-American,Home,2018-10-06T16:00:00.000Z,True,False,27,24,W,59,87,-39.526
2018,7,401020760,Western Michigan,Mid-American,Bowling Green,Mid-American,Away,2018-10-13T19:00:00.000Z,True,False,42,35,W,125,124,-161.701
2018,8,401020765,Western Michigan,Mid-American,Central Michigan,Mid-American,Away,2018-10-20T19:00:00.000Z,True,False,35,10,W,110,116,-131.207
2018,9,401020767,Western Michigan,Mid-American,Toledo,Mid-American,Home,2018-10-25T23:00:00.000Z,True,False,24,51,L,40,76,-18.849
2018,10,401020773,Western Michigan,Mid-American,Ohio,Mid-American,Home,2018-11-01T23:00:00.000Z,True,False,14,59,L,7,36,62.643
2018,12,401020780,Western Michigan,Mid-American,Ball State,Mid-American,Away,2018-11-13T23:00:00.000Z,True,False,41,42,L,111,115,-130.221
2018,13,401020786,Western Michigan,Mid-American,Northern Illinois,Mid-American,Home,2018-11-21T00:00:00.000Z,True,False,28,21,W,77,88,-40.536
2018,1,401013354,Wisconsin,Big Ten,Western Kentucky,Conference USA,Home,2018-09-01T01:00:00.000Z,True,False,34,3,W,93,117,-131.767
2018,1,401032071,Wisconsin,Big Ten,Miami,ACC,Home,2018-12-27T22:15:00.000Z,True,False,35,3,W,48,45,54.366
2018,2,401013355,Wisconsin,Big Ten,New Mexico,Mountain West,Home,2018-09-08T16:00:00.000Z,True,False,45,14,W,108,111,-125.203
2018,3,401013356,Wisconsin,Big Ten,BYU,FBS Independents,Home,2018-09-15T19:30:00.000Z,True,False,21,24,L,51,65,-5.413
2018,4,401012865,Wisconsin,Big Ten,Iowa,Big Ten,Away,2018-09-23T00:35:00.000Z,True,False,28,17,W,14,5,148.901
2018,6,401013339,Wisconsin,Big Ten,Nebraska,Big Ten,Home,2018-10-06T23:30:00.000Z,True,False,41,24,W,90,53,28.387
2018,7,401012893,Wisconsin,Big Ten,Michigan,Big Ten,Away,2018-10-13T23:30:00.000Z,True,False,13,38,L,10,6,148.453
2018,8,401012810,Wisconsin,Big Ten,Illinois,Big Ten,Home,2018-10-20T16:00:00.000Z,True,False,49,20,W,119,91,-50.926
2018,9,401013344,Wisconsin,Big Ten,Northwestern,Big Ten,Away,2018-10-27T16:00:00.000Z,True,False,17,31,L,62,37,62.327
2018,10,401012847,Wisconsin,Big Ten,Rutgers,Big Ten,Home,2018-11-03T16:00:00.000Z,True,False,31,17,W,122,96,-68.386
2018,11,401013351,Wisconsin,Big Ten,Penn State,Big Ten,Away,2018-11-10T17:00:00.000Z,True,False,10,22,L,19,16,117.492
2018,12,401013353,Wisconsin,Big Ten,Purdue,Big Ten,Away,2018-11-17T20:30:00.000Z,True,False,47,44,W,63,33,68.030
2018,13,401013335,Wisconsin,Big Ten,Minnesota,Big Ten,Home,2018-11-24T20:30:00.000Z,True,False,15,37,L,52,39,61.295
2018,1,401013437,Wyoming,Mountain West,New Mexico State,FBS Independents,Away,2018-08-26T02:00:00.000Z,True,False,29,7,W,118,123,-159.784
2018,1,401012683,Wyoming,Mountain West,Washington State,Pac-12,Home,2018-09-01T19:30:00.000Z,True,False,19,41,L,16,20,103.438
2018,2,401012267,Wyoming,Mountain West,Missouri,SEC,Away,2018-09-08T23:00:00.000Z,True,False,13,40,L,22,8,145.255
2018,5,401022526,Wyoming,Mountain West,Boise State,Mountain West,Home,2018-09-29T23:00:00.000Z,True,False,14,34,L,13,28,80.702
2018,6,401022531,Wyoming,Mountain West,Hawai'i,Mountain West,Away,2018-10-07T03:59:00.000Z,True,False,13,17,L,88,100,-78.652
2018,7,401022537,Wyoming,Mountain West,Fresno State,Mountain West,Away,2018-10-14T02:30:00.000Z,True,False,3,27,L,9,23,96.413
2018,8,401022540,Wyoming,Mountain West,Utah State,Mountain West,Home,2018-10-20T18:30:00.000Z,True,False,16,24,L,3,32,69.025
2018,9,401022546,Wyoming,Mountain West,Colorado State,Mountain West,Away,2018-10-27T02:00:00.000Z,True,False,34,21,W,117,114,-129.253
2018,10,401022552,Wyoming,Mountain West,San José State,Mountain West,Home,2018-11-03T18:00:00.000Z,True,False,24,9,W,116,106,-103.298
2018,12,401022559,Wyoming,Mountain West,Air Force,Mountain West,Home,2018-11-17T21:00:00.000Z,True,False,35,27,W,58,77,-18.944
2018,13,401022567,Wyoming,Mountain West,New Mexico,Mountain West,Away,2018-11-24T19:30:00.000Z,True,False,31,3,W,108,111,-125.203
