Season,Week,GameId,Team,Conference,Opponent,OpponentConference,Location,StartDate,Completed,Live,TeamPoints,OpponentPoints,Result,OpponentRk,OpponentAdjRk,OpponentAdjRtg
2019,1,401135275,Air Force,Mountain West,Washington State,Pac-12,Away,2019-12-28T03:15:00.000Z,True,False,31,21,W,43,46,34.514
2019,3,401114185,Air Force,Mountain West,Colorado,Pac-12,Away,2019-09-14T17:00:00.000Z,True,False,30,23,W,98,64,-0.081
2019,4,401117506,Air Force,Mountain West,Boise State,Mountain West,Away,2019-09-21T01:00:00.000Z,True,False,19,30,L,18,30,69.136
2019,5,401117512,Air Force,Mountain West,San José State,Mountain West,Home,2019-09-28T00:00:00.000Z,True,False,41,24,W,82,105,-77.636
2019,6,401117516,Air Force,Mountain West,Navy,American Athletic,Away,2019-10-05T19:30:00.000Z,True,False,25,34,L,15,21,98.928
2019,7,401117520,Air Force,Mountain West,Fresno State,Mountain West,Home,2019-10-12T23:00:00.000Z,True,False,43,24,W,67,95,-55.610
2019,8,401117525,Air Force,Mountain West,Hawai'i,Mountain West,Away,2019-10-20T03:00:00.000Z,True,False,56,26,W,52,77,-24.078
2019,9,401117530,Air Force,Mountain West,Utah State,Mountain West,Home,2019-10-27T02:15:00.000Z,True,False,31,7,W,88,91,-51.471
2019,10,401114331,Air Force,Mountain West,Army,FBS Independents,Home,2019-11-02T19:30:00.000Z,True,False,17,13,W,58,96,-58.233
2019,12,401117544,Air Force,Mountain West,Colorado State,Mountain West,Away,2019-11-17T00:00:00.000Z,True,False,38,21,W,92,109,-85.041
2019,13,401183793,Air Force,Mountain West,New Mexico,Mountain West,Away,2019-11-23T19:00:00.000Z,True,False,44,22,W,120,122,-149.454
2019,14,401117556,Air Force,Mountain West,Wyoming,Mountain West,Home,2019-11-30T19:00:00.000Z,True,False,20,6,W,31,53,16.344
2019,1,401112145,Akron,Mid-American,Illinois,Big Ten,Away,2019-08-31T16:00:00.000Z,True,False,3,42,L,55,62,2.754
2019,2,401114254,Akron,Mid-American,UAB,Conference USA,Home,2019-09-07T16:00:00.000Z,True,False,20,31,L,57,99,-62.221
2019,3,401119263,Akron,Mid-American,Central Michigan,Mid-American,Away,2019-09-14T19:00:00.000Z,True,False,24,45,L,56,86,-41.234
2019,4,401119269,Akron,Mid-American,Troy,Sun Belt,Home,2019-09-21T19:00:00.000Z,True,False,7,35,L,84,101,-65.538
2019,5,401114356,Akron,Mid-American,Massachusetts,FBS Independents,Away,2019-09-28T19:30:00.000Z,True,False,29,37,L,130,130,-267.810
2019,7,401119277,Akron,Mid-American,Kent State,Mid-American,Home,2019-10-12T19:30:00.000Z,True,False,3,26,L,79,89,-49.330
2019,8,401119281,Akron,Mid-American,Buffalo,Mid-American,Home,2019-10-19T19:30:00.000Z,True,False,0,21,L,27,54,14.424
2019,9,401119287,Akron,Mid-American,Northern Illinois,Mid-American,Away,2019-10-26T19:30:00.000Z,True,False,0,49,L,93,110,-97.877
2019,10,401119293,Akron,Mid-American,Bowling Green,Mid-American,Away,2019-11-02T18:00:00.000Z,True,False,6,35,L,129,127,-171.732
2019,12,401119299,Akron,Mid-American,Eastern Michigan,Mid-American,Home,2019-11-12T23:00:00.000Z,True,False,14,42,L,68,98,-59.752
2019,13,401119307,Akron,Mid-American,Miami (OH),Mid-American,Away,2019-11-21T00:30:00.000Z,True,False,17,20,L,90,87,-42.734
2019,14,401119310,Akron,Mid-American,Ohio,Mid-American,Home,2019-11-26T23:00:00.000Z,True,False,3,52,L,35,82,-34.057
2019,1,401110720,Alabama,SEC,Duke,ACC,Home,2019-08-31T19:30:00.000Z,True,False,42,3,W,96,56,11.749
2019,1,401135286,Alabama,SEC,Michigan,Big Ten,Home,2020-01-01T18:00:00.000Z,True,False,35,16,W,26,15,127.999
2019,2,401110773,Alabama,SEC,New Mexico State,FBS Independents,Home,2019-09-07T20:00:00.000Z,True,False,62,10,W,125,126,-164.259
2019,3,401110794,Alabama,SEC,South Carolina,SEC,Away,2019-09-14T19:30:00.000Z,True,False,47,23,W,104,55,12.957
2019,4,401110797,Alabama,SEC,Southern Miss,Conference USA,Home,2019-09-21T16:00:00.000Z,True,False,49,7,W,72,92,-51.796
2019,5,401110806,Alabama,SEC,Ole Miss,SEC,Home,2019-09-28T19:30:00.000Z,True,False,59,31,W,69,44,35.328
2019,7,401110822,Alabama,SEC,Texas A&M,SEC,Away,2019-10-12T19:30:00.000Z,True,False,47,28,W,47,27,79.896
2019,8,401110824,Alabama,SEC,Tennessee,SEC,Home,2019-10-20T01:00:00.000Z,True,False,35,13,W,74,52,18.270
2019,9,401110831,Alabama,SEC,Arkansas,SEC,Home,2019-10-26T23:00:00.000Z,True,False,48,7,W,121,100,-64.550
2019,11,401110842,Alabama,SEC,LSU,SEC,Home,2019-11-09T20:30:00.000Z,True,False,41,46,L,4,1,229.529
2019,12,401110851,Alabama,SEC,Mississippi State,SEC,Away,2019-11-16T17:00:00.000Z,True,False,38,7,W,85,42,42.109
2019,14,401110865,Alabama,SEC,Auburn,SEC,Away,2019-11-30T20:30:00.000Z,True,False,45,48,L,28,9,157.581
2019,1,401135267,App State,Sun Belt,UAB,Conference USA,Away,2019-12-22T02:00:00.000Z,True,False,31,17,W,57,99,-62.221
2019,2,401114247,App State,Sun Belt,Charlotte,Conference USA,Home,2019-09-07T19:30:00.000Z,True,False,56,41,W,95,113,-101.330
2019,4,401112459,App State,Sun Belt,North Carolina,ACC,Away,2019-09-21T19:30:00.000Z,True,False,34,31,W,40,34,59.526
2019,5,401121943,App State,Sun Belt,Coastal Carolina,Sun Belt,Home,2019-09-28T19:30:00.000Z,True,False,56,37,W,81,107,-78.511
2019,7,401121950,App State,Sun Belt,Louisiana,Sun Belt,Away,2019-10-10T00:00:00.000Z,True,False,17,7,W,13,32,66.006
2019,8,401121955,App State,Sun Belt,UL Monroe,Sun Belt,Home,2019-10-19T19:30:00.000Z,True,False,52,7,W,106,94,-52.896
2019,9,401121957,App State,Sun Belt,South Alabama,Sun Belt,Away,2019-10-26T16:00:00.000Z,True,False,30,3,W,117,120,-135.762
2019,10,401121960,App State,Sun Belt,Georgia Southern,Sun Belt,Home,2019-11-01T00:00:00.000Z,True,False,21,24,L,60,68,-7.400
2019,11,401110848,App State,Sun Belt,South Carolina,SEC,Away,2019-11-10T00:00:00.000Z,True,False,20,15,W,104,55,12.957
2019,12,401121968,App State,Sun Belt,Georgia State,Sun Belt,Away,2019-11-17T00:30:00.000Z,True,False,56,27,W,100,102,-66.369
2019,13,401121973,App State,Sun Belt,Texas State,Sun Belt,Home,2019-11-23T19:30:00.000Z,True,False,35,13,W,122,121,-143.989
2019,14,401121978,App State,Sun Belt,Troy,Sun Belt,Away,2019-11-29T23:00:00.000Z,True,False,48,13,W,84,101,-65.538
2019,15,401132984,App State,Sun Belt,Louisiana,Sun Belt,Home,2019-12-07T17:00:00.000Z,True,False,45,38,W,13,32,66.006
2019,1,401114164,Arizona,Pac-12,Hawai'i,Mountain West,Away,2019-08-25T02:30:00.000Z,True,False,38,45,L,52,77,-24.078
2019,3,401112141,Arizona,Pac-12,Texas Tech,Big 12,Home,2019-09-15T02:30:00.000Z,True,False,28,14,W,73,49,24.463
2019,5,401114166,Arizona,Pac-12,UCLA,Pac-12,Home,2019-09-29T02:30:00.000Z,True,False,20,17,W,103,74,-18.504
2019,6,401114167,Arizona,Pac-12,Colorado,Pac-12,Away,2019-10-05T20:30:00.000Z,True,False,35,30,W,98,64,-0.081
2019,7,401114168,Arizona,Pac-12,Washington,Pac-12,Home,2019-10-13T03:00:00.000Z,True,False,27,51,L,21,18,122.587
2019,8,401114169,Arizona,Pac-12,USC,Pac-12,Away,2019-10-20T01:30:00.000Z,True,False,14,41,L,48,33,64.353
2019,9,401114170,Arizona,Pac-12,Stanford,Pac-12,Away,2019-10-26T19:30:00.000Z,True,False,31,41,L,102,72,-16.213
2019,10,401114171,Arizona,Pac-12,Oregon State,Pac-12,Home,2019-11-02T20:30:00.000Z,True,False,38,56,L,86,50,24.374
2019,12,401114172,Arizona,Pac-12,Oregon,Pac-12,Away,2019-11-17T03:30:00.000Z,True,False,6,34,L,8,8,157.608
2019,13,401114173,Arizona,Pac-12,Utah,Pac-12,Home,2019-11-24T03:00:00.000Z,True,False,7,35,L,6,6,162.788
2019,14,401114163,Arizona,Pac-12,Arizona State,Pac-12,Away,2019-12-01T03:00:00.000Z,True,False,14,24,L,53,41,44.423
2019,1,401114153,Arizona State,Pac-12,Kent State,Mid-American,Home,2019-08-30T02:00:00.000Z,True,False,30,7,W,79,89,-49.330
2019,1,401136255,Arizona State,Pac-12,Florida State,ACC,Home,2019-12-31T19:00:00.000Z,True,False,20,14,W,77,61,3.779
2019,3,401112214,Arizona State,Pac-12,Michigan State,Big Ten,Away,2019-09-14T20:00:00.000Z,True,False,10,7,W,63,40,45.882
2019,4,401114155,Arizona State,Pac-12,Colorado,Pac-12,Home,2019-09-22T02:00:00.000Z,True,False,31,34,L,98,64,-0.081
2019,5,401114156,Arizona State,Pac-12,California,Pac-12,Away,2019-09-28T02:30:00.000Z,True,False,24,17,W,70,47,29.664
2019,7,401114157,Arizona State,Pac-12,Washington State,Pac-12,Home,2019-10-12T19:30:00.000Z,True,False,38,34,W,43,46,34.514
2019,8,401114158,Arizona State,Pac-12,Utah,Pac-12,Away,2019-10-19T22:00:00.000Z,True,False,3,21,L,6,6,162.788
2019,9,401114159,Arizona State,Pac-12,UCLA,Pac-12,Away,2019-10-26T23:30:00.000Z,True,False,32,42,L,103,74,-18.504
2019,11,401114160,Arizona State,Pac-12,USC,Pac-12,Home,2019-11-09T20:30:00.000Z,True,False,26,31,L,48,33,64.353
2019,12,401114161,Arizona State,Pac-12,Oregon State,Pac-12,Away,2019-11-17T00:30:00.000Z,True,False,34,35,L,86,50,24.374
2019,13,401114162,Arizona State,Pac-12,Oregon,Pac-12,Home,2019-11-24T00:30:00.000Z,True,False,31,28,W,8,8,157.608
2019,14,401114163,Arizona State,Pac-12,Arizona,Pac-12,Home,2019-12-01T03:00:00.000Z,True,False,24,14,W,109,93,-52.362
2019,2,401110779,Arkansas,SEC,Ole Miss,SEC,Away,2019-09-07T23:30:00.000Z,True,False,17,31,L,69,44,35.328
2019,3,401110786,Arkansas,SEC,Colorado State,Mountain West,Home,2019-09-14T20:00:00.000Z,True,False,55,34,W,92,109,-85.041
2019,4,401110798,Arkansas,SEC,San José State,Mountain West,Home,2019-09-21T23:30:00.000Z,True,False,24,31,L,82,105,-77.636
2019,5,401110807,Arkansas,SEC,Texas A&M,SEC,Home,2019-09-28T16:00:00.000Z,True,False,27,31,L,47,27,79.896
2019,7,401110818,Arkansas,SEC,Kentucky,SEC,Away,2019-10-12T23:30:00.000Z,True,False,20,24,L,39,35,55.601
2019,8,401110825,Arkansas,SEC,Auburn,SEC,Home,2019-10-19T16:00:00.000Z,True,False,10,51,L,28,9,157.581
2019,9,401110831,Arkansas,SEC,Alabama,SEC,Away,2019-10-26T23:00:00.000Z,True,False,7,48,L,2,3,224.015
2019,10,401110836,Arkansas,SEC,Mississippi State,SEC,Home,2019-11-02T20:00:00.000Z,True,False,24,54,L,85,42,42.109
2019,11,401110843,Arkansas,SEC,Western Kentucky,Conference USA,Home,2019-11-09T17:00:00.000Z,True,False,19,45,L,37,63,1.424
2019,13,401110859,Arkansas,SEC,LSU,SEC,Away,2019-11-24T00:00:00.000Z,True,False,20,56,L,4,1,229.529
2019,14,401110864,Arkansas,SEC,Missouri,SEC,Home,2019-11-29T19:30:00.000Z,True,False,14,24,L,46,45,35.127
2019,1,401117858,Arkansas State,Sun Belt,SMU,American Athletic,Home,2019-08-31T23:00:00.000Z,True,False,30,37,L,33,37,50.017
2019,1,401135265,Arkansas State,Sun Belt,Florida International,Conference USA,Home,2019-12-21T22:30:00.000Z,True,False,34,26,W,64,104,-75.614
2019,2,401117502,Arkansas State,Sun Belt,UNLV,Mountain West,Away,2019-09-08T02:00:00.000Z,True,False,43,17,W,111,119,-130.923
2019,3,401110788,Arkansas State,Sun Belt,Georgia,SEC,Away,2019-09-14T16:00:00.000Z,True,False,0,55,L,10,5,163.572
2019,5,401121944,Arkansas State,Sun Belt,Troy,Sun Belt,Away,2019-09-28T22:00:00.000Z,True,False,50,43,W,84,101,-65.538
2019,6,401121949,Arkansas State,Sun Belt,Georgia State,Sun Belt,Away,2019-10-05T19:30:00.000Z,True,False,38,52,L,100,102,-66.369
2019,8,401121954,Arkansas State,Sun Belt,Louisiana,Sun Belt,Home,2019-10-17T23:30:00.000Z,True,False,20,37,L,13,32,66.006
2019,9,401121958,Arkansas State,Sun Belt,Texas State,Sun Belt,Home,2019-10-26T23:00:00.000Z,True,False,38,14,W,122,121,-143.989
2019,10,401121961,Arkansas State,Sun Belt,UL Monroe,Sun Belt,Away,2019-11-02T19:30:00.000Z,True,False,48,41,W,106,94,-52.896
2019,12,401121969,Arkansas State,Sun Belt,Coastal Carolina,Sun Belt,Home,2019-11-16T20:00:00.000Z,True,False,28,27,W,81,107,-78.511
2019,13,401121974,Arkansas State,Sun Belt,Georgia Southern,Sun Belt,Home,2019-11-23T20:00:00.000Z,True,False,38,33,W,60,68,-7.400
2019,14,401121979,Arkansas State,Sun Belt,South Alabama,Sun Belt,Away,2019-11-29T22:00:00.000Z,True,False,30,34,L,117,120,-135.762
2019,1,401114238,Army,FBS Independents,Rice,Conference USA,Home,2019-08-30T22:00:00.000Z,True,False,14,7,W,101,115,-106.824
2019,2,401112223,Army,FBS Independents,Michigan,Big Ten,Away,2019-09-07T16:00:00.000Z,True,False,21,24,L,26,15,127.999
2019,3,401114261,Army,FBS Independents,UTSA,Conference USA,Away,2019-09-14T19:30:00.000Z,True,False,31,13,W,119,123,-159.788
2019,6,401114328,Army,FBS Independents,Tulane,American Athletic,Home,2019-10-05T16:00:00.000Z,True,False,33,42,L,45,48,28.410
2019,7,401114285,Army,FBS Independents,Western Kentucky,Conference USA,Away,2019-10-12T23:00:00.000Z,True,False,8,17,L,37,63,1.424
2019,8,401114329,Army,FBS Independents,Georgia State,Sun Belt,Away,2019-10-19T23:00:00.000Z,True,False,21,28,L,100,102,-66.369
2019,9,401114330,Army,FBS Independents,San José State,Mountain West,Home,2019-10-26T16:00:00.000Z,True,False,29,34,L,82,105,-77.636
2019,10,401114331,Army,FBS Independents,Air Force,Mountain West,Away,2019-11-02T19:30:00.000Z,True,False,13,17,L,14,23,93.862
2019,11,401114332,Army,FBS Independents,Massachusetts,FBS Independents,Home,2019-11-09T17:00:00.000Z,True,False,63,7,W,130,130,-267.810
2019,14,401114334,Army,FBS Independents,Hawai'i,Mountain West,Away,2019-12-01T04:59:00.000Z,True,False,31,52,L,52,77,-24.078
2019,15,401114335,Army,FBS Independents,Navy,American Athletic,Away,2019-12-14T20:00:00.000Z,True,False,7,31,L,15,21,98.928
2019,1,401110722,Auburn,SEC,Oregon,Pac-12,Home,2019-08-31T23:30:00.000Z,True,False,27,21,W,8,8,157.608
2019,1,401135287,Auburn,SEC,Minnesota,Big Ten,Home,2020-01-01T18:00:00.000Z,True,False,24,31,L,17,17,124.136
2019,2,401110774,Auburn,SEC,Tulane,American Athletic,Home,2019-09-07T23:30:00.000Z,True,False,24,6,W,45,48,28.410
2019,3,401110787,Auburn,SEC,Kent State,Mid-American,Home,2019-09-14T23:00:00.000Z,True,False,55,16,W,79,89,-49.330
2019,4,401110804,Auburn,SEC,Texas A&M,SEC,Away,2019-09-21T19:30:00.000Z,True,False,28,20,W,47,27,79.896
2019,5,401110808,Auburn,SEC,Mississippi State,SEC,Home,2019-09-28T23:00:00.000Z,True,False,56,23,W,85,42,42.109
2019,6,401110812,Auburn,SEC,Florida,SEC,Away,2019-10-05T19:30:00.000Z,True,False,13,24,L,16,13,134.898
2019,8,401110825,Auburn,SEC,Arkansas,SEC,Away,2019-10-19T16:00:00.000Z,True,False,51,10,W,121,100,-64.550
2019,9,401110833,Auburn,SEC,LSU,SEC,Away,2019-10-26T19:30:00.000Z,True,False,20,23,L,4,1,229.529
2019,10,401110837,Auburn,SEC,Ole Miss,SEC,Home,2019-11-02T23:00:00.000Z,True,False,20,14,W,69,44,35.328
2019,12,401110849,Auburn,SEC,Georgia,SEC,Home,2019-11-16T20:30:00.000Z,True,False,14,21,L,10,5,163.572
2019,14,401110865,Auburn,SEC,Alabama,SEC,Home,2019-11-30T20:30:00.000Z,True,False,48,45,W,2,3,224.015
2019,1,401114223,BYU,FBS Independents,Utah,Pac-12,Home,2019-08-30T02:15:00.000Z,True,False,12,30,L,6,6,162.788
2019,1,401135269,BYU,FBS Independents,Hawai'i,Mountain West,Home,2019-12-25T01:00:00.000Z,True,False,34,38,L,52,77,-24.078
2019,2,401110783,BYU,FBS Independents,Tennessee,SEC,Away,2019-09-07T23:00:00.000Z,True,False,29,26,W,74,52,18.270
2019,3,401114219,BYU,FBS Independents,USC,Pac-12,Home,2019-09-14T19:30:00.000Z,True,False,30,27,W,48,33,64.353
2019,4,401114235,BYU,FBS Independents,Washington,Pac-12,Home,2019-09-21T19:30:00.000Z,True,False,19,45,L,21,18,122.587
2019,5,401117213,BYU,FBS Independents,Toledo,Mid-American,Away,2019-09-28T16:00:00.000Z,True,False,21,28,L,105,116,-111.871
2019,7,401117214,BYU,FBS Independents,South Florida,American Athletic,Away,2019-10-12T19:30:00.000Z,True,False,23,27,L,110,90,-50.207
2019,8,401117215,BYU,FBS Independents,Boise State,Mountain West,Home,2019-10-20T02:15:00.000Z,True,False,28,25,W,18,30,69.136
2019,10,401117216,BYU,FBS Independents,Utah State,Mountain West,Away,2019-11-03T02:00:00.000Z,True,False,42,14,W,88,91,-51.471
2019,11,401114353,BYU,FBS Independents,Liberty,FBS Independents,Home,2019-11-10T00:30:00.000Z,True,False,31,24,W,59,108,-78.619
2019,13,401114358,BYU,FBS Independents,Massachusetts,FBS Independents,Away,2019-11-23T17:00:00.000Z,True,False,56,24,W,130,130,-267.810
2019,14,401117218,BYU,FBS Independents,San Diego State,Mountain West,Away,2019-12-01T02:00:00.000Z,True,False,3,13,L,29,65,-3.526
2019,1,401112157,Ball State,Mid-American,Indiana,Big Ten,Home,2019-08-31T16:00:00.000Z,True,False,24,34,L,42,39,48.606
2019,3,401114257,Ball State,Mid-American,Florida Atlantic,Conference USA,Home,2019-09-14T18:00:00.000Z,True,False,31,41,L,25,38,49.077
2019,4,401112460,Ball State,Mid-American,NC State,ACC,Away,2019-09-21T23:00:00.000Z,True,False,23,34,L,108,103,-71.560
2019,6,401119272,Ball State,Mid-American,Northern Illinois,Mid-American,Away,2019-10-05T19:30:00.000Z,True,False,27,20,W,93,110,-97.877
2019,7,401119276,Ball State,Mid-American,Eastern Michigan,Mid-American,Away,2019-10-12T18:00:00.000Z,True,False,29,23,W,68,98,-59.752
2019,8,401119285,Ball State,Mid-American,Toledo,Mid-American,Home,2019-10-19T18:00:00.000Z,True,False,52,14,W,105,116,-111.871
2019,9,401119292,Ball State,Mid-American,Ohio,Mid-American,Home,2019-10-26T18:00:00.000Z,True,False,21,34,L,35,82,-34.057
2019,11,401119296,Ball State,Mid-American,Western Michigan,Mid-American,Away,2019-11-06T01:00:00.000Z,True,False,31,35,L,38,79,-24.912
2019,12,401119304,Ball State,Mid-American,Central Michigan,Mid-American,Home,2019-11-16T20:30:00.000Z,True,False,44,45,L,56,86,-41.234
2019,13,401119309,Ball State,Mid-American,Kent State,Mid-American,Away,2019-11-23T17:00:00.000Z,True,False,38,41,L,79,89,-49.330
2019,14,401119314,Ball State,Mid-American,Miami (OH),Mid-American,Home,2019-11-29T17:00:00.000Z,True,False,41,27,W,90,87,-42.734
2019,1,401135289,Baylor,Big 12,Georgia,SEC,Home,2020-01-02T01:45:00.000Z,True,False,14,26,L,10,5,163.572
2019,2,401112074,Baylor,Big 12,UTSA,Conference USA,Home,2019-09-07T20:00:00.000Z,True,False,63,14,W,119,123,-159.788
2019,4,401112075,Baylor,Big 12,Rice,Conference USA,Away,2019-09-21T23:00:00.000Z,True,False,21,13,W,101,115,-106.824
2019,5,401112076,Baylor,Big 12,Iowa State,Big 12,Home,2019-09-28T19:30:00.000Z,True,False,23,21,W,34,20,108.506
2019,6,401112077,Baylor,Big 12,Kansas State,Big 12,Away,2019-10-05T19:30:00.000Z,True,False,31,12,W,36,25,86.532
2019,7,401112078,Baylor,Big 12,Texas Tech,Big 12,Home,2019-10-12T20:00:00.000Z,True,False,33,30,W,73,49,24.463
2019,8,401112079,Baylor,Big 12,Oklahoma State,Big 12,Away,2019-10-19T20:00:00.000Z,True,False,45,27,W,49,28,73.851
2019,10,401112080,Baylor,Big 12,West Virginia,Big 12,Home,2019-11-01T00:00:00.000Z,True,False,17,14,W,107,70,-7.818
2019,11,401112081,Baylor,Big 12,TCU,Big 12,Away,2019-11-09T17:00:00.000Z,True,False,29,23,W,50,29,72.893
2019,12,401112082,Baylor,Big 12,Oklahoma,Big 12,Home,2019-11-17T00:30:00.000Z,True,False,31,34,L,20,10,153.042
2019,13,401112083,Baylor,Big 12,Texas,Big 12,Home,2019-11-23T20:30:00.000Z,True,False,24,10,W,32,16,125.263
2019,14,401112084,Baylor,Big 12,Kansas,Big 12,Away,2019-11-30T20:30:00.000Z,True,False,61,6,W,112,75,-22.932
2019,15,401132974,Baylor,Big 12,Oklahoma,Big 12,Away,2019-12-07T17:00:00.000Z,True,False,23,30,L,20,10,153.042
2019,1,401112431,Boise State,Mountain West,Florida State,ACC,Away,2019-08-31T16:00:00.000Z,True,False,36,31,W,77,61,3.779
2019,1,401135266,Boise State,Mountain West,Washington,Pac-12,Away,2019-12-22T00:30:00.000Z,True,False,7,38,L,21,18,122.587
2019,2,401114251,Boise State,Mountain West,Marshall,Conference USA,Home,2019-09-07T01:00:00.000Z,True,False,14,7,W,76,85,-40.539
2019,4,401117506,Boise State,Mountain West,Air Force,Mountain West,Home,2019-09-21T01:00:00.000Z,True,False,30,19,W,14,23,93.862
2019,6,401117517,Boise State,Mountain West,UNLV,Mountain West,Away,2019-10-06T02:30:00.000Z,True,False,38,13,W,111,119,-130.923
2019,7,401117521,Boise State,Mountain West,Hawai'i,Mountain West,Home,2019-10-13T02:15:00.000Z,True,False,59,37,W,52,77,-24.078
2019,8,401117215,Boise State,Mountain West,BYU,FBS Independents,Away,2019-10-20T02:15:00.000Z,True,False,25,28,L,62,78,-24.604
2019,10,401117535,Boise State,Mountain West,San José State,Mountain West,Away,2019-11-03T02:30:00.000Z,True,False,52,42,W,82,105,-77.636
2019,11,401117541,Boise State,Mountain West,Wyoming,Mountain West,Home,2019-11-10T03:15:00.000Z,True,False,20,17,W,31,53,16.344
2019,12,401117545,Boise State,Mountain West,New Mexico,Mountain West,Home,2019-11-17T03:15:00.000Z,True,False,42,9,W,120,122,-149.454
2019,13,401117549,Boise State,Mountain West,Utah State,Mountain West,Away,2019-11-24T03:30:00.000Z,True,False,56,21,W,88,91,-51.471
2019,14,401117554,Boise State,Mountain West,Colorado State,Mountain West,Away,2019-11-29T20:30:00.000Z,True,False,31,24,W,92,109,-85.041
2019,15,401132979,Boise State,Mountain West,Hawai'i,Mountain West,Home,2019-12-07T21:00:00.000Z,True,False,31,10,W,52,77,-24.078
2019,1,401112435,Boston College,ACC,Virginia Tech,ACC,Home,2019-08-31T20:00:00.000Z,True,False,35,28,W,41,43,38.722
2019,1,401135290,Boston College,ACC,Cincinnati,American Athletic,Away,2020-01-02T20:00:00.000Z,True,False,6,38,L,30,31,68.423
2019,3,401112098,Boston College,ACC,Kansas,Big 12,Home,2019-09-13T23:30:00.000Z,True,False,24,48,L,112,75,-22.932
2019,4,401112265,Boston College,ACC,Rutgers,Big Ten,Away,2019-09-21T16:00:00.000Z,True,False,30,16,W,127,117,-115.188
2019,5,401112466,Boston College,ACC,Wake Forest,ACC,Home,2019-09-28T19:30:00.000Z,True,False,24,27,L,66,60,6.032
2019,6,401112473,Boston College,ACC,Louisville,ACC,Away,2019-10-05T16:30:00.000Z,True,False,39,41,L,78,58,10.216
2019,8,401112484,Boston College,ACC,NC State,ACC,Home,2019-10-19T16:00:00.000Z,True,False,45,24,W,108,103,-71.560
2019,9,401112490,Boston College,ACC,Clemson,ACC,Away,2019-10-26T23:30:00.000Z,True,False,7,59,L,3,4,181.534
2019,10,401112495,Boston College,ACC,Syracuse,ACC,Away,2019-11-02T16:00:00.000Z,True,False,58,27,W,91,88,-46.132
2019,11,401112502,Boston College,ACC,Florida State,ACC,Home,2019-11-09T17:00:00.000Z,True,False,31,38,L,77,61,3.779
2019,13,401112514,Boston College,ACC,Notre Dame,FBS Independents,Away,2019-11-23T19:30:00.000Z,True,False,7,40,L,5,12,145.660
2019,14,401112522,Boston College,ACC,Pittsburgh,ACC,Away,2019-11-30T20:30:00.000Z,True,False,26,19,W,71,67,-4.502
2019,2,401112107,Bowling Green,Mid-American,Kansas State,Big 12,Away,2019-09-07T16:00:00.000Z,True,False,0,52,L,36,25,86.532
2019,3,401114258,Bowling Green,Mid-American,Louisiana Tech,Conference USA,Home,2019-09-14T21:00:00.000Z,True,False,7,35,L,24,80,-27.882
2019,4,401119266,Bowling Green,Mid-American,Kent State,Mid-American,Away,2019-09-21T19:30:00.000Z,True,False,20,62,L,79,89,-49.330
2019,6,401114337,Bowling Green,Mid-American,Notre Dame,FBS Independents,Away,2019-10-05T19:30:00.000Z,True,False,0,52,L,5,12,145.660
2019,7,401119280,Bowling Green,Mid-American,Toledo,Mid-American,Home,2019-10-12T16:00:00.000Z,True,False,20,7,W,105,116,-111.871
2019,8,401119282,Bowling Green,Mid-American,Central Michigan,Mid-American,Home,2019-10-19T18:00:00.000Z,True,False,20,38,L,56,86,-41.234
2019,9,401119288,Bowling Green,Mid-American,Western Michigan,Mid-American,Away,2019-10-26T16:00:00.000Z,True,False,10,49,L,38,79,-24.912
2019,10,401119293,Bowling Green,Mid-American,Akron,Mid-American,Home,2019-11-02T18:00:00.000Z,True,False,35,6,W,128,129,-246.493
2019,12,401119301,Bowling Green,Mid-American,Miami (OH),Mid-American,Away,2019-11-14T01:00:00.000Z,True,False,3,44,L,90,87,-42.734
2019,13,401119306,Bowling Green,Mid-American,Ohio,Mid-American,Home,2019-11-20T00:30:00.000Z,True,False,24,66,L,35,82,-34.057
2019,14,401119312,Bowling Green,Mid-American,Buffalo,Mid-American,Away,2019-11-29T17:00:00.000Z,True,False,7,49,L,27,54,14.424
2019,1,401135260,Buffalo,Mid-American,Charlotte,Conference USA,Away,2019-12-20T19:00:00.000Z,True,False,31,9,W,95,113,-101.330
2019,2,401112258,Buffalo,Mid-American,Penn State,Big Ten,Away,2019-09-07T23:30:00.000Z,True,False,13,45,L,12,11,150.070
2019,3,401114348,Buffalo,Mid-American,Liberty,FBS Independents,Away,2019-09-14T22:00:00.000Z,True,False,17,35,L,59,108,-78.619
2019,4,401117870,Buffalo,Mid-American,Temple,American Athletic,Home,2019-09-21T19:30:00.000Z,True,False,38,22,W,75,66,-3.643
2019,5,401119270,Buffalo,Mid-American,Miami (OH),Mid-American,Away,2019-09-28T16:00:00.000Z,True,False,20,34,L,90,87,-42.734
2019,6,401119274,Buffalo,Mid-American,Ohio,Mid-American,Home,2019-10-05T19:30:00.000Z,True,False,20,21,L,35,82,-34.057
2019,8,401119281,Buffalo,Mid-American,Akron,Mid-American,Away,2019-10-19T19:30:00.000Z,True,False,21,0,W,128,129,-246.493
2019,9,401119289,Buffalo,Mid-American,Central Michigan,Mid-American,Home,2019-10-26T19:30:00.000Z,True,False,43,20,W,56,86,-41.234
2019,10,401119294,Buffalo,Mid-American,Eastern Michigan,Mid-American,Away,2019-11-02T16:00:00.000Z,True,False,43,14,W,68,98,-59.752
2019,12,401119303,Buffalo,Mid-American,Kent State,Mid-American,Away,2019-11-15T00:00:00.000Z,True,False,27,30,L,79,89,-49.330
2019,13,401119308,Buffalo,Mid-American,Toledo,Mid-American,Home,2019-11-21T00:30:00.000Z,True,False,49,30,W,105,116,-111.871
2019,14,401119312,Buffalo,Mid-American,Bowling Green,Mid-American,Home,2019-11-29T17:00:00.000Z,True,False,49,7,W,129,127,-171.732
2019,1,401136254,California,Pac-12,Illinois,Big Ten,Away,2019-12-30T21:00:00.000Z,True,False,35,20,W,55,62,2.754
2019,2,401114175,California,Pac-12,Washington,Pac-12,Away,2019-09-08T02:30:00.000Z,True,False,20,19,W,21,18,122.587
2019,3,401114176,California,Pac-12,North Texas,Conference USA,Home,2019-09-14T20:15:00.000Z,True,False,23,17,W,83,114,-106.714
2019,4,401110801,California,Pac-12,Ole Miss,SEC,Away,2019-09-21T16:00:00.000Z,True,False,28,20,W,69,44,35.328
2019,5,401114156,California,Pac-12,Arizona State,Pac-12,Home,2019-09-28T02:30:00.000Z,True,False,17,24,L,53,41,44.423
2019,6,401114177,California,Pac-12,Oregon,Pac-12,Away,2019-10-06T00:00:00.000Z,True,False,7,17,L,8,8,157.608
2019,8,401114178,California,Pac-12,Oregon State,Pac-12,Home,2019-10-19T18:30:00.000Z,True,False,17,21,L,86,50,24.374
2019,9,401114179,California,Pac-12,Utah,Pac-12,Away,2019-10-27T02:00:00.000Z,True,False,0,35,L,6,6,162.788
2019,11,401114180,California,Pac-12,Washington State,Pac-12,Home,2019-11-10T00:00:00.000Z,True,False,33,20,W,43,46,34.514
2019,12,401114181,California,Pac-12,USC,Pac-12,Home,2019-11-17T04:00:00.000Z,True,False,17,41,L,48,33,64.353
2019,13,401114182,California,Pac-12,Stanford,Pac-12,Away,2019-11-23T21:00:00.000Z,True,False,24,20,W,102,72,-16.213
2019,14,401114183,California,Pac-12,UCLA,Pac-12,Away,2019-12-01T03:30:00.000Z,True,False,28,18,W,103,74,-18.504
2019,1,401135263,Central Michigan,Mid-American,San Diego State,Mountain West,Away,2019-12-21T19:00:00.000Z,True,False,11,48,L,29,65,-3.526
2019,2,401112268,Central Michigan,Mid-American,Wisconsin,Big Ten,Away,2019-09-07T19:30:00.000Z,True,False,0,61,L,7,7,161.369
2019,3,401119263,Central Michigan,Mid-American,Akron,Mid-American,Home,2019-09-14T19:00:00.000Z,True,False,45,24,W,128,129,-246.493
2019,4,401112458,Central Michigan,Mid-American,Miami,ACC,Away,2019-09-21T20:00:00.000Z,True,False,12,17,L,61,59,7.665
2019,5,401119271,Central Michigan,Mid-American,Western Michigan,Mid-American,Away,2019-09-28T16:00:00.000Z,True,False,15,31,L,38,79,-24.912
2019,6,401119273,Central Michigan,Mid-American,Eastern Michigan,Mid-American,Home,2019-10-05T19:00:00.000Z,True,False,42,16,W,68,98,-59.752
2019,7,401114343,Central Michigan,Mid-American,New Mexico State,FBS Independents,Home,2019-10-12T19:00:00.000Z,True,False,42,28,W,125,126,-164.259
2019,8,401119282,Central Michigan,Mid-American,Bowling Green,Mid-American,Away,2019-10-19T18:00:00.000Z,True,False,38,20,W,129,127,-171.732
2019,9,401119289,Central Michigan,Mid-American,Buffalo,Mid-American,Away,2019-10-26T19:30:00.000Z,True,False,20,43,L,27,54,14.424
2019,10,401119295,Central Michigan,Mid-American,Northern Illinois,Mid-American,Home,2019-11-02T16:00:00.000Z,True,False,48,10,W,93,110,-97.877
2019,12,401119304,Central Michigan,Mid-American,Ball State,Mid-American,Away,2019-11-16T20:30:00.000Z,True,False,45,44,W,51,81,-33.603
2019,14,401119315,Central Michigan,Mid-American,Toledo,Mid-American,Home,2019-11-29T17:00:00.000Z,True,False,49,7,W,105,116,-111.871
2019,15,401132982,Central Michigan,Mid-American,Miami (OH),Mid-American,Home,2019-12-07T17:00:00.000Z,True,False,21,26,L,90,87,-42.734
2019,1,401135260,Charlotte,Conference USA,Buffalo,Mid-American,Home,2019-12-20T19:00:00.000Z,True,False,9,31,L,27,54,14.424
2019,2,401114247,Charlotte,Conference USA,App State,Sun Belt,Away,2019-09-07T19:30:00.000Z,True,False,41,56,L,9,26,85.471
2019,3,401114255,Charlotte,Conference USA,Massachusetts,FBS Independents,Home,2019-09-14T22:00:00.000Z,True,False,52,17,W,130,130,-267.810
2019,4,401112456,Charlotte,Conference USA,Clemson,ACC,Away,2019-09-21T23:30:00.000Z,True,False,10,52,L,3,4,181.534
2019,5,401114267,Charlotte,Conference USA,Florida Atlantic,Conference USA,Home,2019-09-28T19:30:00.000Z,True,False,27,45,L,25,38,49.077
2019,7,401114279,Charlotte,Conference USA,Florida International,Conference USA,Away,2019-10-12T23:00:00.000Z,True,False,23,48,L,64,104,-75.614
2019,8,401114286,Charlotte,Conference USA,Western Kentucky,Conference USA,Away,2019-10-19T20:00:00.000Z,True,False,14,30,L,37,63,1.424
2019,9,401114293,Charlotte,Conference USA,North Texas,Conference USA,Home,2019-10-26T19:30:00.000Z,True,False,39,38,W,83,114,-106.714
2019,10,401114299,Charlotte,Conference USA,Middle Tennessee,Conference USA,Home,2019-11-02T19:30:00.000Z,True,False,34,20,W,94,106,-77.720
2019,11,401114304,Charlotte,Conference USA,UTEP,Conference USA,Away,2019-11-09T20:00:00.000Z,True,False,28,21,W,123,128,-232.477
2019,13,401114313,Charlotte,Conference USA,Marshall,Conference USA,Home,2019-11-23T20:30:00.000Z,True,False,24,13,W,76,85,-40.539
2019,14,401114320,Charlotte,Conference USA,Old Dominion,Conference USA,Away,2019-11-30T19:00:00.000Z,True,False,38,22,W,115,125,-161.639
2019,1,401117854,Cincinnati,American Athletic,UCLA,Pac-12,Home,2019-08-29T23:00:00.000Z,True,False,24,14,W,103,74,-18.504
2019,1,401135290,Cincinnati,American Athletic,Boston College,ACC,Home,2020-01-02T20:00:00.000Z,True,False,38,6,W,97,73,-16.650
2019,2,401112252,Cincinnati,American Athletic,Ohio State,Big Ten,Away,2019-09-07T16:00:00.000Z,True,False,0,42,L,1,2,228.487
2019,3,401117863,Cincinnati,American Athletic,Miami (OH),Mid-American,Home,2019-09-14T16:00:00.000Z,True,False,35,13,W,90,87,-42.734
2019,5,401114269,Cincinnati,American Athletic,Marshall,Conference USA,Away,2019-09-28T21:00:00.000Z,True,False,52,14,W,76,85,-40.539
2019,6,401117875,Cincinnati,American Athletic,UCF,American Athletic,Home,2019-10-05T00:00:00.000Z,True,False,27,24,W,11,24,87.049
2019,7,401117879,Cincinnati,American Athletic,Houston,American Athletic,Away,2019-10-12T19:30:00.000Z,True,False,38,23,W,89,71,-9.410
2019,8,401117885,Cincinnati,American Athletic,Tulsa,American Athletic,Home,2019-10-19T19:30:00.000Z,True,False,24,13,W,87,69,-7.796
2019,10,401117896,Cincinnati,American Athletic,East Carolina,American Athletic,Away,2019-11-02T23:00:00.000Z,True,False,46,43,W,114,118,-122.827
2019,11,401117901,Cincinnati,American Athletic,UConn,American Athletic,Home,2019-11-09T20:30:00.000Z,True,False,48,3,W,126,124,-160.471
2019,12,401117903,Cincinnati,American Athletic,South Florida,American Athletic,Away,2019-11-17T00:00:00.000Z,True,False,20,17,W,110,90,-50.207
2019,13,401117907,Cincinnati,American Athletic,Temple,American Athletic,Home,2019-11-24T00:00:00.000Z,True,False,15,13,W,75,66,-3.643
2019,14,401117913,Cincinnati,American Athletic,Memphis,American Athletic,Away,2019-11-29T20:30:00.000Z,True,False,24,34,L,22,22,98.074
2019,15,401132976,Cincinnati,American Athletic,Memphis,American Athletic,Away,2019-12-07T20:30:00.000Z,True,False,24,29,L,22,22,98.074
2019,1,401111653,Clemson,ACC,Georgia Tech,ACC,Home,2019-08-30T00:00:00.000Z,True,False,52,14,W,118,97,-58.551
2019,1,401135279,Clemson,ACC,Ohio State,Big Ten,Away,2019-12-29T01:20:00.000Z,True,False,29,23,W,1,2,228.487
2019,1,401135295,Clemson,ACC,LSU,SEC,Away,2020-01-14T01:00:00.000Z,True,False,25,42,L,4,1,229.529
2019,2,401110784,Clemson,ACC,Texas A&M,SEC,Home,2019-09-07T19:30:00.000Z,True,False,24,10,W,47,27,79.896
2019,3,401112449,Clemson,ACC,Syracuse,ACC,Away,2019-09-14T23:30:00.000Z,True,False,41,6,W,91,88,-46.132
2019,4,401112456,Clemson,ACC,Charlotte,Conference USA,Home,2019-09-21T23:30:00.000Z,True,False,52,10,W,95,113,-101.330
2019,5,401112467,Clemson,ACC,North Carolina,ACC,Away,2019-09-28T19:30:00.000Z,True,False,21,20,W,40,34,59.526
2019,7,401112479,Clemson,ACC,Florida State,ACC,Home,2019-10-12T19:30:00.000Z,True,False,45,14,W,77,61,3.779
2019,8,401112485,Clemson,ACC,Louisville,ACC,Away,2019-10-19T16:00:00.000Z,True,False,45,10,W,78,58,10.216
2019,9,401112490,Clemson,ACC,Boston College,ACC,Home,2019-10-26T23:30:00.000Z,True,False,59,7,W,97,73,-16.650
2019,11,401112503,Clemson,ACC,NC State,ACC,Away,2019-11-10T00:30:00.000Z,True,False,55,10,W,108,103,-71.560
2019,12,401112508,Clemson,ACC,Wake Forest,ACC,Home,2019-11-16T20:30:00.000Z,True,False,52,3,W,66,60,6.032
2019,14,401110870,Clemson,ACC,South Carolina,SEC,Away,2019-11-30T17:00:00.000Z,True,False,38,3,W,104,55,12.957
2019,15,401132975,Clemson,ACC,Virginia,ACC,Home,2019-12-08T00:30:00.000Z,True,False,62,17,W,44,36,51.528
2019,1,401119256,Coastal Carolina,Sun Belt,Eastern Michigan,Mid-American,Home,2019-08-31T19:30:00.000Z,True,False,23,30,L,68,98,-59.752
2019,2,401112097,Coastal Carolina,Sun Belt,Kansas,Big 12,Away,2019-09-07T23:00:00.000Z,True,False,12,7,W,112,75,-22.932
2019,4,401114355,Coastal Carolina,Sun Belt,Massachusetts,FBS Independents,Away,2019-09-21T17:00:00.000Z,True,False,62,28,W,130,130,-267.810
2019,5,401121943,Coastal Carolina,Sun Belt,App State,Sun Belt,Away,2019-09-28T19:30:00.000Z,True,False,37,56,L,9,26,85.471
2019,7,401121952,Coastal Carolina,Sun Belt,Georgia State,Sun Belt,Home,2019-10-12T21:00:00.000Z,True,False,21,31,L,100,102,-66.369
2019,8,401121956,Coastal Carolina,Sun Belt,Georgia Southern,Sun Belt,Away,2019-10-19T19:00:00.000Z,True,False,27,30,L,60,68,-7.400
2019,10,401121962,Coastal Carolina,Sun Belt,Troy,Sun Belt,Home,2019-11-02T19:00:00.000Z,True,False,36,35,W,84,101,-65.538
2019,11,401121964,Coastal Carolina,Sun Belt,Louisiana,Sun Belt,Home,2019-11-08T00:30:00.000Z,True,False,7,48,L,13,32,66.006
2019,12,401121969,Coastal Carolina,Sun Belt,Arkansas State,Sun Belt,Away,2019-11-16T20:00:00.000Z,True,False,27,28,L,65,83,-34.786
2019,13,401121975,Coastal Carolina,Sun Belt,UL Monroe,Sun Belt,Away,2019-11-23T22:00:00.000Z,True,False,42,45,L,106,94,-52.896
2019,14,401121980,Coastal Carolina,Sun Belt,Texas State,Sun Belt,Home,2019-11-30T17:00:00.000Z,True,False,24,21,W,122,121,-143.989
2019,1,401114184,Colorado,Pac-12,Colorado State,Mountain West,Home,2019-08-31T02:00:00.000Z,True,False,52,31,W,92,109,-85.041
2019,2,401112239,Colorado,Pac-12,Nebraska,Big Ten,Home,2019-09-07T19:30:00.000Z,True,False,34,31,W,54,51,21.572
2019,3,401114185,Colorado,Pac-12,Air Force,Mountain West,Home,2019-09-14T17:00:00.000Z,True,False,23,30,L,14,23,93.862
2019,4,401114155,Colorado,Pac-12,Arizona State,Pac-12,Away,2019-09-22T02:00:00.000Z,True,False,34,31,W,53,41,44.423
2019,6,401114167,Colorado,Pac-12,Arizona,Pac-12,Home,2019-10-05T20:30:00.000Z,True,False,30,35,L,109,93,-52.362
2019,7,401114186,Colorado,Pac-12,Oregon,Pac-12,Away,2019-10-12T02:00:00.000Z,True,False,3,45,L,8,8,157.608
2019,8,401114187,Colorado,Pac-12,Washington State,Pac-12,Away,2019-10-19T23:00:00.000Z,True,False,10,41,L,43,46,34.514
2019,9,401114188,Colorado,Pac-12,USC,Pac-12,Home,2019-10-26T01:00:00.000Z,True,False,31,35,L,48,33,64.353
2019,10,401114189,Colorado,Pac-12,UCLA,Pac-12,Away,2019-11-03T01:00:00.000Z,True,False,14,31,L,103,74,-18.504
2019,11,401114190,Colorado,Pac-12,Stanford,Pac-12,Home,2019-11-09T20:00:00.000Z,True,False,16,13,W,102,72,-16.213
2019,13,401114191,Colorado,Pac-12,Washington,Pac-12,Home,2019-11-24T03:00:00.000Z,True,False,20,14,W,21,18,122.587
2019,14,401114192,Colorado,Pac-12,Utah,Pac-12,Away,2019-12-01T00:30:00.000Z,True,False,15,45,L,6,6,162.788
2019,1,401114184,Colorado State,Mountain West,Colorado,Pac-12,Away,2019-08-31T02:00:00.000Z,True,False,31,52,L,98,64,-0.081
2019,3,401110786,Colorado State,Mountain West,Arkansas,SEC,Away,2019-09-14T20:00:00.000Z,True,False,34,55,L,121,100,-64.550
2019,4,401117507,Colorado State,Mountain West,Toledo,Mid-American,Home,2019-09-22T02:15:00.000Z,True,False,35,41,L,105,116,-111.871
2019,5,401117513,Colorado State,Mountain West,Utah State,Mountain West,Away,2019-09-28T23:30:00.000Z,True,False,24,34,L,88,91,-51.471
2019,6,401117518,Colorado State,Mountain West,San Diego State,Mountain West,Home,2019-10-06T02:00:00.000Z,True,False,10,24,L,29,65,-3.526
2019,7,401117522,Colorado State,Mountain West,New Mexico,Mountain West,Away,2019-10-12T00:00:00.000Z,True,False,35,21,W,120,122,-149.454
2019,9,401117531,Colorado State,Mountain West,Fresno State,Mountain West,Away,2019-10-26T23:30:00.000Z,True,False,41,31,W,67,95,-55.610
2019,10,401117538,Colorado State,Mountain West,UNLV,Mountain West,Home,2019-11-02T19:30:00.000Z,True,False,37,17,W,111,119,-130.923
2019,12,401117544,Colorado State,Mountain West,Air Force,Mountain West,Home,2019-11-17T00:00:00.000Z,True,False,21,38,L,14,23,93.862
2019,13,401117550,Colorado State,Mountain West,Wyoming,Mountain West,Away,2019-11-23T02:30:00.000Z,True,False,7,17,L,31,53,16.344
2019,14,401117554,Colorado State,Mountain West,Boise State,Mountain West,Home,2019-11-29T20:30:00.000Z,True,False,24,31,L,18,30,69.136
2019,1,401110720,Duke,ACC,Alabama,SEC,Away,2019-08-31T19:30:00.000Z,True,False,3,42,L,2,3,224.015
2019,3,401112450,Duke,ACC,Middle Tennessee,Conference USA,Away,2019-09-14T23:00:00.000Z,True,False,41,18,W,94,106,-77.720
2019,5,401112465,Duke,ACC,Virginia Tech,ACC,Away,2019-09-27T23:00:00.000Z,True,False,45,10,W,41,43,38.722
2019,6,401112474,Duke,ACC,Pittsburgh,ACC,Home,2019-10-06T00:00:00.000Z,True,False,30,33,L,71,67,-4.502
2019,7,401112480,Duke,ACC,Georgia Tech,ACC,Home,2019-10-12T16:30:00.000Z,True,False,41,23,W,118,97,-58.551
2019,8,401112486,Duke,ACC,Virginia,ACC,Away,2019-10-19T19:30:00.000Z,True,False,14,48,L,44,36,51.528
2019,9,401112491,Duke,ACC,North Carolina,ACC,Away,2019-10-26T20:00:00.000Z,True,False,17,20,L,40,34,59.526
2019,11,401111654,Duke,ACC,Notre Dame,FBS Independents,Home,2019-11-10T00:30:00.000Z,True,False,7,38,L,5,12,145.660
2019,12,401112509,Duke,ACC,Syracuse,ACC,Home,2019-11-16T21:00:00.000Z,True,False,6,49,L,91,88,-46.132
2019,13,401112515,Duke,ACC,Wake Forest,ACC,Away,2019-11-24T00:30:00.000Z,True,False,27,39,L,66,60,6.032
2019,14,401112523,Duke,ACC,Miami,ACC,Home,2019-11-30T20:30:00.000Z,True,False,27,17,W,61,59,7.665
2019,1,401112432,East Carolina,American Athletic,NC State,ACC,Away,2019-08-31T16:00:00.000Z,True,False,6,34,L,108,103,-71.560
2019,3,401117864,East Carolina,American Athletic,Navy,American Athletic,Away,2019-09-14T19:30:00.000Z,True,False,10,42,L,15,21,98.928
2019,5,401114271,East Carolina,American Athletic,Old Dominion,Conference USA,Away,2019-09-28T22:00:00.000Z,True,False,24,21,W,115,125,-161.639
2019,6,401117874,East Carolina,American Athletic,Temple,American Athletic,Home,2019-10-04T00:00:00.000Z,True,False,17,27,L,75,66,-3.643
2019,8,401117884,East Carolina,American Athletic,UCF,American Athletic,Away,2019-10-19T23:00:00.000Z,True,False,28,41,L,11,24,87.049
2019,9,401117892,East Carolina,American Athletic,South Florida,American Athletic,Home,2019-10-26T19:45:00.000Z,True,False,20,45,L,110,90,-50.207
2019,10,401117896,East Carolina,American Athletic,Cincinnati,American Athletic,Home,2019-11-02T23:00:00.000Z,True,False,43,46,L,30,31,68.423
2019,11,401117902,East Carolina,American Athletic,SMU,American Athletic,Away,2019-11-09T17:00:00.000Z,True,False,51,59,L,33,37,50.017
2019,13,401117908,East Carolina,American Athletic,UConn,American Athletic,Away,2019-11-23T17:00:00.000Z,True,False,31,24,W,126,124,-160.471
2019,14,401117915,East Carolina,American Athletic,Tulsa,American Athletic,Home,2019-11-30T17:00:00.000Z,True,False,24,49,L,87,69,-7.796
2019,1,401119256,Eastern Michigan,Mid-American,Coastal Carolina,Sun Belt,Away,2019-08-31T19:30:00.000Z,True,False,30,23,W,81,107,-78.511
2019,1,401135271,Eastern Michigan,Mid-American,Pittsburgh,ACC,Home,2019-12-27T01:00:00.000Z,True,False,30,34,L,71,67,-4.502
2019,2,401110777,Eastern Michigan,Mid-American,Kentucky,SEC,Away,2019-09-07T23:30:00.000Z,True,False,17,38,L,39,35,55.601
2019,3,401112147,Eastern Michigan,Mid-American,Illinois,Big Ten,Away,2019-09-14T16:00:00.000Z,True,False,34,31,W,55,62,2.754
2019,6,401119273,Eastern Michigan,Mid-American,Central Michigan,Mid-American,Away,2019-10-05T19:00:00.000Z,True,False,16,42,L,56,86,-41.234
2019,7,401119276,Eastern Michigan,Mid-American,Ball State,Mid-American,Home,2019-10-12T18:00:00.000Z,True,False,23,29,L,51,81,-33.603
2019,8,401119286,Eastern Michigan,Mid-American,Western Michigan,Mid-American,Home,2019-10-19T23:00:00.000Z,True,False,34,27,W,38,79,-24.912
2019,9,401119290,Eastern Michigan,Mid-American,Toledo,Mid-American,Away,2019-10-26T19:30:00.000Z,True,False,34,37,L,105,116,-111.871
2019,10,401119294,Eastern Michigan,Mid-American,Buffalo,Mid-American,Home,2019-11-02T16:00:00.000Z,True,False,14,43,L,27,54,14.424
2019,12,401119299,Eastern Michigan,Mid-American,Akron,Mid-American,Away,2019-11-12T23:00:00.000Z,True,False,42,14,W,128,129,-246.493
2019,13,401119305,Eastern Michigan,Mid-American,Northern Illinois,Mid-American,Away,2019-11-20T00:30:00.000Z,True,False,45,17,W,93,110,-97.877
2019,14,401119313,Eastern Michigan,Mid-American,Kent State,Mid-American,Home,2019-11-29T17:00:00.000Z,True,False,26,34,L,79,89,-49.330
2019,1,401110723,Florida,SEC,Miami,ACC,Home,2019-08-24T23:00:00.000Z,True,False,24,20,W,61,59,7.665
2019,1,401135282,Florida,SEC,Virginia,ACC,Away,2019-12-31T01:00:00.000Z,True,False,36,28,W,44,36,51.528
2019,3,401110789,Florida,SEC,Kentucky,SEC,Away,2019-09-14T23:00:00.000Z,True,False,29,21,W,39,35,55.601
2019,4,401110799,Florida,SEC,Tennessee,SEC,Home,2019-09-21T16:00:00.000Z,True,False,34,3,W,74,52,18.270
2019,6,401110812,Florida,SEC,Auburn,SEC,Home,2019-10-05T19:30:00.000Z,True,False,24,13,W,28,9,157.581
2019,7,401110819,Florida,SEC,LSU,SEC,Away,2019-10-13T00:00:00.000Z,True,False,28,42,L,4,1,229.529
2019,8,401110829,Florida,SEC,South Carolina,SEC,Away,2019-10-19T16:00:00.000Z,True,False,38,27,W,104,55,12.957
2019,10,401110838,Florida,SEC,Georgia,SEC,Home,2019-11-02T19:30:00.000Z,True,False,17,24,L,10,5,163.572
2019,11,401110844,Florida,SEC,Vanderbilt,SEC,Home,2019-11-09T17:00:00.000Z,True,False,56,0,W,124,111,-97.974
2019,12,401110852,Florida,SEC,Missouri,SEC,Away,2019-11-16T17:00:00.000Z,True,False,23,6,W,46,45,35.127
2019,14,401110866,Florida,SEC,Florida State,ACC,Home,2019-12-01T00:30:00.000Z,True,False,40,17,W,77,61,3.779
2019,1,401112251,Florida Atlantic,Conference USA,Ohio State,Big Ten,Away,2019-08-31T16:00:00.000Z,True,False,21,45,L,1,2,228.487
2019,1,401135264,Florida Atlantic,Conference USA,SMU,American Athletic,Home,2019-12-21T20:30:00.000Z,True,False,52,28,W,33,37,50.017
2019,2,401114249,Florida Atlantic,Conference USA,UCF,American Athletic,Home,2019-09-07T23:00:00.000Z,True,False,14,48,L,11,24,87.049
2019,3,401114257,Florida Atlantic,Conference USA,Ball State,Mid-American,Away,2019-09-14T18:00:00.000Z,True,False,41,31,W,51,81,-33.603
2019,5,401114267,Florida Atlantic,Conference USA,Charlotte,Conference USA,Away,2019-09-28T19:30:00.000Z,True,False,45,27,W,95,113,-101.330
2019,7,401114280,Florida Atlantic,Conference USA,Middle Tennessee,Conference USA,Home,2019-10-12T20:00:00.000Z,True,False,28,13,W,94,106,-77.720
2019,8,401114288,Florida Atlantic,Conference USA,Marshall,Conference USA,Home,2019-10-18T22:30:00.000Z,True,False,31,36,L,76,85,-40.539
2019,9,401114295,Florida Atlantic,Conference USA,Old Dominion,Conference USA,Away,2019-10-26T19:30:00.000Z,True,False,41,3,W,115,125,-161.639
2019,10,401114301,Florida Atlantic,Conference USA,Western Kentucky,Conference USA,Away,2019-11-02T20:00:00.000Z,True,False,35,24,W,37,63,1.424
2019,11,401114305,Florida Atlantic,Conference USA,Florida International,Conference USA,Home,2019-11-09T23:00:00.000Z,True,False,37,7,W,64,104,-75.614
2019,13,401114314,Florida Atlantic,Conference USA,UTSA,Conference USA,Away,2019-11-23T23:00:00.000Z,True,False,40,26,W,119,123,-159.788
2019,14,401114322,Florida Atlantic,Conference USA,Southern Miss,Conference USA,Home,2019-11-30T20:30:00.000Z,True,False,34,17,W,72,92,-51.796
2019,15,401132980,Florida Atlantic,Conference USA,UAB,Conference USA,Home,2019-12-07T18:30:00.000Z,True,False,49,6,W,57,99,-62.221
2019,1,401114236,Florida International,Conference USA,Tulane,American Athletic,Away,2019-08-30T00:00:00.000Z,True,False,14,42,L,45,48,28.410
2019,1,401135265,Florida International,Conference USA,Arkansas State,Sun Belt,Away,2019-12-21T22:30:00.000Z,True,False,26,34,L,65,83,-34.786
2019,2,401114248,Florida International,Conference USA,Western Kentucky,Conference USA,Home,2019-09-07T23:00:00.000Z,True,False,14,20,L,37,63,1.424
2019,4,401114262,Florida International,Conference USA,Louisiana Tech,Conference USA,Away,2019-09-21T00:00:00.000Z,True,False,31,43,L,24,80,-27.882
2019,6,401114274,Florida International,Conference USA,Massachusetts,FBS Independents,Home,2019-10-05T23:00:00.000Z,True,False,44,0,W,130,130,-267.810
2019,7,401114279,Florida International,Conference USA,Charlotte,Conference USA,Home,2019-10-12T23:00:00.000Z,True,False,48,23,W,95,113,-101.330
2019,8,401114287,Florida International,Conference USA,UTEP,Conference USA,Home,2019-10-19T23:00:00.000Z,True,False,32,17,W,123,128,-232.477
2019,9,401114294,Florida International,Conference USA,Middle Tennessee,Conference USA,Away,2019-10-26T19:30:00.000Z,True,False,17,50,L,94,106,-77.720
2019,10,401114300,Florida International,Conference USA,Old Dominion,Conference USA,Home,2019-11-02T16:00:00.000Z,True,False,24,17,W,115,125,-161.639
2019,11,401114305,Florida International,Conference USA,Florida Atlantic,Conference USA,Away,2019-11-09T23:00:00.000Z,True,False,7,37,L,25,38,49.077
2019,13,401112517,Florida International,Conference USA,Miami,ACC,Home,2019-11-24T00:00:00.000Z,True,False,30,24,W,61,59,7.665
2019,14,401114321,Florida International,Conference USA,Marshall,Conference USA,Away,2019-11-30T17:00:00.000Z,True,False,27,30,L,76,85,-40.539
2019,1,401112431,Florida State,ACC,Boise State,Mountain West,Home,2019-08-31T16:00:00.000Z,True,False,31,36,L,18,30,69.136
2019,1,401136255,Florida State,ACC,Arizona State,Pac-12,Away,2019-12-31T19:00:00.000Z,True,False,14,20,L,53,41,44.423
2019,2,401112440,Florida State,ACC,UL Monroe,Sun Belt,Home,2019-09-07T21:00:00.000Z,True,False,45,44,W,106,94,-52.896
2019,3,401112451,Florida State,ACC,Virginia,ACC,Away,2019-09-14T23:30:00.000Z,True,False,24,31,L,44,36,51.528
2019,4,401112457,Florida State,ACC,Louisville,ACC,Home,2019-09-21T19:30:00.000Z,True,False,35,24,W,78,58,10.216
2019,5,401112468,Florida State,ACC,NC State,ACC,Home,2019-09-28T23:30:00.000Z,True,False,31,13,W,108,103,-71.560
2019,7,401112479,Florida State,ACC,Clemson,ACC,Away,2019-10-12T19:30:00.000Z,True,False,14,45,L,3,4,181.534
2019,8,401112487,Florida State,ACC,Wake Forest,ACC,Away,2019-10-19T23:30:00.000Z,True,False,20,22,L,66,60,6.032
2019,9,401112492,Florida State,ACC,Syracuse,ACC,Home,2019-10-26T19:30:00.000Z,True,False,35,17,W,91,88,-46.132
2019,10,401112497,Florida State,ACC,Miami,ACC,Home,2019-11-02T19:30:00.000Z,True,False,10,27,L,61,59,7.665
2019,11,401112502,Florida State,ACC,Boston College,ACC,Away,2019-11-09T17:00:00.000Z,True,False,38,31,W,97,73,-16.650
2019,14,401110866,Florida State,ACC,Florida,SEC,Away,2019-12-01T00:30:00.000Z,True,False,17,40,L,16,13,134.898
2019,1,401114218,Fresno State,Mountain West,USC,Pac-12,Away,2019-09-01T02:30:00.000Z,True,False,23,31,L,48,33,64.353
2019,2,401112230,Fresno State,Mountain West,Minnesota,Big Ten,Home,2019-09-08T02:30:00.000Z,True,False,35,38,L,17,17,124.136
2019,5,401114341,Fresno State,Mountain West,New Mexico State,FBS Independents,Away,2019-09-29T00:00:00.000Z,True,False,30,17,W,125,126,-164.259
2019,7,401117520,Fresno State,Mountain West,Air Force,Mountain West,Away,2019-10-12T23:00:00.000Z,True,False,24,43,L,14,23,93.862
2019,8,401117528,Fresno State,Mountain West,UNLV,Mountain West,Home,2019-10-19T02:00:00.000Z,True,False,56,27,W,111,119,-130.923
2019,9,401117531,Fresno State,Mountain West,Colorado State,Mountain West,Home,2019-10-26T23:30:00.000Z,True,False,31,41,L,92,109,-85.041
2019,10,401117537,Fresno State,Mountain West,Hawai'i,Mountain West,Away,2019-11-03T03:59:00.000Z,True,False,41,38,W,52,77,-24.078
2019,11,401117540,Fresno State,Mountain West,Utah State,Mountain West,Home,2019-11-10T00:00:00.000Z,True,False,35,37,L,88,91,-51.471
2019,12,401117547,Fresno State,Mountain West,San Diego State,Mountain West,Away,2019-11-16T02:30:00.000Z,True,False,7,17,L,29,65,-3.526
2019,13,401117551,Fresno State,Mountain West,Nevada,Mountain West,Home,2019-11-24T03:30:00.000Z,True,False,28,35,L,113,112,-101.145
2019,14,401117557,Fresno State,Mountain West,San José State,Mountain West,Away,2019-12-01T03:30:00.000Z,True,False,16,17,L,82,105,-77.636
2019,1,401110732,Georgia,SEC,Vanderbilt,SEC,Away,2019-08-31T23:30:00.000Z,True,False,30,6,W,124,111,-97.974
2019,1,401135289,Georgia,SEC,Baylor,Big 12,Away,2020-01-02T01:45:00.000Z,True,False,26,14,W,23,19,115.306
2019,3,401110788,Georgia,SEC,Arkansas State,Sun Belt,Home,2019-09-14T16:00:00.000Z,True,False,55,0,W,65,83,-34.786
2019,4,401110800,Georgia,SEC,Notre Dame,FBS Independents,Home,2019-09-22T00:00:00.000Z,True,False,23,17,W,5,12,145.660
2019,6,401110816,Georgia,SEC,Tennessee,SEC,Away,2019-10-05T23:00:00.000Z,True,False,43,14,W,74,52,18.270
2019,7,401110817,Georgia,SEC,South Carolina,SEC,Home,2019-10-12T16:00:00.000Z,True,False,17,20,L,104,55,12.957
2019,8,401110826,Georgia,SEC,Kentucky,SEC,Home,2019-10-19T22:00:00.000Z,True,False,21,0,W,39,35,55.601
2019,10,401110838,Georgia,SEC,Florida,SEC,Away,2019-11-02T19:30:00.000Z,True,False,24,17,W,16,13,134.898
2019,11,401110845,Georgia,SEC,Missouri,SEC,Home,2019-11-10T00:00:00.000Z,True,False,27,0,W,46,45,35.127
2019,12,401110849,Georgia,SEC,Auburn,SEC,Away,2019-11-16T20:30:00.000Z,True,False,21,14,W,28,9,157.581
2019,13,401110857,Georgia,SEC,Texas A&M,SEC,Home,2019-11-23T20:30:00.000Z,True,False,19,13,W,47,27,79.896
2019,14,401110867,Georgia,SEC,Georgia Tech,ACC,Away,2019-11-30T17:00:00.000Z,True,False,52,7,W,118,97,-58.551
2019,15,401132981,Georgia,SEC,LSU,SEC,Away,2019-12-07T21:00:00.000Z,True,False,10,37,L,4,1,229.529
2019,1,401110725,Georgia Southern,Sun Belt,LSU,SEC,Away,2019-08-31T23:30:00.000Z,True,False,3,55,L,4,1,229.529
2019,1,401147693,Georgia Southern,Sun Belt,Liberty,FBS Independents,Home,2019-12-21T19:30:00.000Z,True,False,16,23,L,59,108,-78.619
2019,3,401112231,Georgia Southern,Sun Belt,Minnesota,Big Ten,Away,2019-09-14T19:30:00.000Z,True,False,32,35,L,17,17,124.136
2019,5,401121945,Georgia Southern,Sun Belt,Louisiana,Sun Belt,Home,2019-09-28T22:00:00.000Z,True,False,24,37,L,13,32,66.006
2019,6,401121948,Georgia Southern,Sun Belt,South Alabama,Sun Belt,Away,2019-10-03T23:30:00.000Z,True,False,20,17,W,117,120,-135.762
2019,8,401121956,Georgia Southern,Sun Belt,Coastal Carolina,Sun Belt,Home,2019-10-19T19:00:00.000Z,True,False,30,27,W,81,107,-78.511
2019,9,401114344,Georgia Southern,Sun Belt,New Mexico State,FBS Independents,Home,2019-10-26T19:00:00.000Z,True,False,41,7,W,125,126,-164.259
2019,10,401121960,Georgia Southern,Sun Belt,App State,Sun Belt,Away,2019-11-01T00:00:00.000Z,True,False,24,21,W,9,26,85.471
2019,11,401121965,Georgia Southern,Sun Belt,Troy,Sun Belt,Away,2019-11-09T20:30:00.000Z,True,False,28,49,L,84,101,-65.538
2019,12,401121970,Georgia Southern,Sun Belt,UL Monroe,Sun Belt,Home,2019-11-16T20:00:00.000Z,True,False,51,29,W,106,94,-52.896
2019,13,401121974,Georgia Southern,Sun Belt,Arkansas State,Sun Belt,Away,2019-11-23T20:00:00.000Z,True,False,33,38,L,65,83,-34.786
2019,14,401121981,Georgia Southern,Sun Belt,Georgia State,Sun Belt,Home,2019-11-30T23:00:00.000Z,True,False,38,10,W,100,102,-66.369
2019,1,401110730,Georgia State,Sun Belt,Tennessee,SEC,Away,2019-08-31T19:30:00.000Z,True,False,38,30,W,74,52,18.270
2019,1,401147695,Georgia State,Sun Belt,Wyoming,Mountain West,Home,2019-12-31T21:30:00.000Z,True,False,17,38,L,31,53,16.344
2019,3,401119264,Georgia State,Sun Belt,Western Michigan,Mid-American,Away,2019-09-14T23:00:00.000Z,True,False,10,57,L,38,79,-24.912
2019,4,401121942,Georgia State,Sun Belt,Texas State,Sun Belt,Away,2019-09-21T23:00:00.000Z,True,False,34,37,L,122,121,-143.989
2019,6,401121949,Georgia State,Sun Belt,Arkansas State,Sun Belt,Home,2019-10-05T19:30:00.000Z,True,False,52,38,W,65,83,-34.786
2019,7,401121952,Georgia State,Sun Belt,Coastal Carolina,Sun Belt,Away,2019-10-12T21:00:00.000Z,True,False,31,21,W,81,107,-78.511
2019,8,401114329,Georgia State,Sun Belt,Army,FBS Independents,Home,2019-10-19T23:00:00.000Z,True,False,28,21,W,58,96,-58.233
2019,9,401121959,Georgia State,Sun Belt,Troy,Sun Belt,Home,2019-10-26T23:00:00.000Z,True,False,52,33,W,84,101,-65.538
2019,11,401121966,Georgia State,Sun Belt,UL Monroe,Sun Belt,Away,2019-11-09T22:00:00.000Z,True,False,31,45,L,106,94,-52.896
2019,12,401121968,Georgia State,Sun Belt,App State,Sun Belt,Home,2019-11-17T00:30:00.000Z,True,False,27,56,L,9,26,85.471
2019,13,401121976,Georgia State,Sun Belt,South Alabama,Sun Belt,Home,2019-11-23T19:00:00.000Z,True,False,28,15,W,117,120,-135.762
2019,14,401121981,Georgia State,Sun Belt,Georgia Southern,Sun Belt,Away,2019-11-30T23:00:00.000Z,True,False,10,38,L,60,68,-7.400
2019,1,401111653,Georgia Tech,ACC,Clemson,ACC,Away,2019-08-30T00:00:00.000Z,True,False,14,52,L,3,4,181.534
2019,2,401112441,Georgia Tech,ACC,South Florida,American Athletic,Home,2019-09-07T18:00:00.000Z,True,False,14,10,W,110,90,-50.207
2019,5,401112469,Georgia Tech,ACC,Temple,American Athletic,Away,2019-09-28T19:30:00.000Z,True,False,2,24,L,75,66,-3.643
2019,6,401112475,Georgia Tech,ACC,North Carolina,ACC,Home,2019-10-05T20:00:00.000Z,True,False,22,38,L,40,34,59.526
2019,7,401112480,Georgia Tech,ACC,Duke,ACC,Away,2019-10-12T16:30:00.000Z,True,False,23,41,L,96,56,11.749
2019,8,401112488,Georgia Tech,ACC,Miami,ACC,Away,2019-10-19T16:00:00.000Z,True,False,28,21,W,61,59,7.665
2019,10,401112498,Georgia Tech,ACC,Pittsburgh,ACC,Home,2019-11-02T20:00:00.000Z,True,False,10,20,L,71,67,-4.502
2019,11,401112504,Georgia Tech,ACC,Virginia,ACC,Away,2019-11-09T17:30:00.000Z,True,False,28,33,L,44,36,51.528
2019,12,401112511,Georgia Tech,ACC,Virginia Tech,ACC,Home,2019-11-16T20:30:00.000Z,True,False,0,45,L,41,43,38.722
2019,13,401112513,Georgia Tech,ACC,NC State,ACC,Home,2019-11-22T01:00:00.000Z,True,False,28,26,W,108,103,-71.560
2019,14,401110867,Georgia Tech,ACC,Georgia,SEC,Home,2019-11-30T17:00:00.000Z,True,False,7,52,L,10,5,163.572
2019,1,401114164,Hawai'i,Mountain West,Arizona,Pac-12,Home,2019-08-25T02:30:00.000Z,True,False,45,38,W,109,93,-52.362
2019,1,401135269,Hawai'i,Mountain West,BYU,FBS Independents,Away,2019-12-25T01:00:00.000Z,True,False,38,34,W,62,78,-24.604
2019,2,401114200,Hawai'i,Mountain West,Oregon State,Pac-12,Home,2019-09-08T03:59:00.000Z,True,False,31,28,W,86,50,24.374
2019,3,401114234,Hawai'i,Mountain West,Washington,Pac-12,Away,2019-09-14T23:30:00.000Z,True,False,20,52,L,21,18,122.587
2019,5,401117515,Hawai'i,Mountain West,Nevada,Mountain West,Away,2019-09-29T02:30:00.000Z,True,False,54,3,W,113,112,-101.145
2019,7,401117521,Hawai'i,Mountain West,Boise State,Mountain West,Away,2019-10-13T02:15:00.000Z,True,False,37,59,L,18,30,69.136
2019,8,401117525,Hawai'i,Mountain West,Air Force,Mountain West,Home,2019-10-20T03:00:00.000Z,True,False,26,56,L,14,23,93.862
2019,9,401117532,Hawai'i,Mountain West,New Mexico,Mountain West,Away,2019-10-26T20:00:00.000Z,True,False,45,31,W,120,122,-149.454
2019,10,401117537,Hawai'i,Mountain West,Fresno State,Mountain West,Home,2019-11-03T03:59:00.000Z,True,False,38,41,L,67,95,-55.610
2019,11,401117543,Hawai'i,Mountain West,San José State,Mountain West,Home,2019-11-10T04:00:00.000Z,True,False,42,40,W,82,105,-77.636
2019,12,401117548,Hawai'i,Mountain West,UNLV,Mountain West,Away,2019-11-16T21:00:00.000Z,True,False,21,7,W,111,119,-130.923
2019,13,401117552,Hawai'i,Mountain West,San Diego State,Mountain West,Home,2019-11-24T04:00:00.000Z,True,False,14,11,W,29,65,-3.526
2019,14,401114334,Hawai'i,Mountain West,Army,FBS Independents,Home,2019-12-01T04:59:00.000Z,True,False,52,31,W,58,96,-58.233
2019,15,401132979,Hawai'i,Mountain West,Boise State,Mountain West,Away,2019-12-07T21:00:00.000Z,True,False,10,31,L,18,30,69.136
2019,1,401112114,Houston,American Athletic,Oklahoma,Big 12,Away,2019-09-01T23:30:00.000Z,True,False,31,49,L,20,10,153.042
2019,3,401114230,Houston,American Athletic,Washington State,Pac-12,Home,2019-09-14T01:15:00.000Z,True,False,24,31,L,43,46,34.514
2019,4,401117869,Houston,American Athletic,Tulane,American Athletic,Away,2019-09-20T00:00:00.000Z,True,False,31,38,L,45,48,28.410
2019,5,401114270,Houston,American Athletic,North Texas,Conference USA,Away,2019-09-29T00:00:00.000Z,True,False,46,25,W,83,114,-106.714
2019,7,401117879,Houston,American Athletic,Cincinnati,American Athletic,Home,2019-10-12T19:30:00.000Z,True,False,23,38,L,30,31,68.423
2019,8,401117886,Houston,American Athletic,UConn,American Athletic,Away,2019-10-19T16:00:00.000Z,True,False,24,17,W,126,124,-160.471
2019,9,401117889,Houston,American Athletic,SMU,American Athletic,Home,2019-10-24T23:30:00.000Z,True,False,31,34,L,33,37,50.017
2019,10,401117895,Houston,American Athletic,UCF,American Athletic,Away,2019-11-02T16:00:00.000Z,True,False,29,44,L,11,24,87.049
2019,12,401117904,Houston,American Athletic,Memphis,American Athletic,Home,2019-11-16T20:30:00.000Z,True,False,27,45,L,22,22,98.074
2019,13,401117910,Houston,American Athletic,Tulsa,American Athletic,Away,2019-11-24T00:30:00.000Z,True,False,24,14,W,87,69,-7.796
2019,14,401117916,Houston,American Athletic,Navy,American Athletic,Home,2019-12-01T00:00:00.000Z,True,False,41,56,L,15,21,98.928
2019,1,401112145,Illinois,Big Ten,Akron,Mid-American,Home,2019-08-31T16:00:00.000Z,True,False,42,3,W,128,129,-246.493
2019,1,401136254,Illinois,Big Ten,California,Pac-12,Home,2019-12-30T21:00:00.000Z,True,False,20,35,L,70,47,29.664
2019,2,401112146,Illinois,Big Ten,UConn,American Athletic,Away,2019-09-07T19:30:00.000Z,True,False,31,23,W,126,124,-160.471
2019,3,401112147,Illinois,Big Ten,Eastern Michigan,Mid-American,Home,2019-09-14T16:00:00.000Z,True,False,31,34,L,68,98,-59.752
2019,4,401112148,Illinois,Big Ten,Nebraska,Big Ten,Home,2019-09-22T00:00:00.000Z,True,False,38,42,L,54,51,21.572
2019,6,401112149,Illinois,Big Ten,Minnesota,Big Ten,Away,2019-10-05T19:30:00.000Z,True,False,17,40,L,17,17,124.136
2019,7,401112150,Illinois,Big Ten,Michigan,Big Ten,Home,2019-10-12T16:00:00.000Z,True,False,25,42,L,26,15,127.999
2019,8,401112151,Illinois,Big Ten,Wisconsin,Big Ten,Home,2019-10-19T16:00:00.000Z,True,False,24,23,W,7,7,161.369
2019,9,401112152,Illinois,Big Ten,Purdue,Big Ten,Away,2019-10-26T16:00:00.000Z,True,False,24,6,W,80,57,10.624
2019,10,401112153,Illinois,Big Ten,Rutgers,Big Ten,Home,2019-11-02T19:30:00.000Z,True,False,38,10,W,127,117,-115.188
2019,11,401112154,Illinois,Big Ten,Michigan State,Big Ten,Away,2019-11-09T20:30:00.000Z,True,False,37,34,W,63,40,45.882
2019,13,401112155,Illinois,Big Ten,Iowa,Big Ten,Away,2019-11-23T17:00:00.000Z,True,False,10,19,L,19,14,129.745
2019,14,401112156,Illinois,Big Ten,Northwestern,Big Ten,Home,2019-11-30T17:00:00.000Z,True,False,10,29,L,99,76,-23.767
2019,1,401112157,Indiana,Big Ten,Ball State,Mid-American,Away,2019-08-31T16:00:00.000Z,True,False,34,24,W,51,81,-33.603
2019,1,401135291,Indiana,Big Ten,Tennessee,SEC,Away,2020-01-03T00:00:00.000Z,True,False,22,23,L,74,52,18.270
2019,3,401112159,Indiana,Big Ten,Ohio State,Big Ten,Home,2019-09-14T16:00:00.000Z,True,False,10,51,L,1,2,228.487
2019,4,401112160,Indiana,Big Ten,UConn,American Athletic,Home,2019-09-21T16:00:00.000Z,True,False,38,3,W,126,124,-160.471
2019,5,401112161,Indiana,Big Ten,Michigan State,Big Ten,Away,2019-09-28T19:30:00.000Z,True,False,31,40,L,63,40,45.882
2019,7,401112162,Indiana,Big Ten,Rutgers,Big Ten,Home,2019-10-12T16:00:00.000Z,True,False,35,0,W,127,117,-115.188
2019,8,401112163,Indiana,Big Ten,Maryland,Big Ten,Away,2019-10-19T19:30:00.000Z,True,False,34,28,W,116,84,-36.417
2019,9,401112164,Indiana,Big Ten,Nebraska,Big Ten,Away,2019-10-26T19:30:00.000Z,True,False,38,31,W,54,51,21.572
2019,10,401112165,Indiana,Big Ten,Northwestern,Big Ten,Home,2019-11-02T23:00:00.000Z,True,False,34,3,W,99,76,-23.767
2019,12,401112166,Indiana,Big Ten,Penn State,Big Ten,Away,2019-11-16T17:00:00.000Z,True,False,27,34,L,12,11,150.070
2019,13,401112167,Indiana,Big Ten,Michigan,Big Ten,Home,2019-11-23T20:30:00.000Z,True,False,14,39,L,26,15,127.999
2019,14,401112168,Indiana,Big Ten,Purdue,Big Ten,Away,2019-11-30T17:00:00.000Z,True,False,44,41,W,80,57,10.624
2019,1,401112191,Iowa,Big Ten,Miami (OH),Mid-American,Home,2019-08-31T23:30:00.000Z,True,False,38,14,W,90,87,-42.734
2019,1,401136253,Iowa,Big Ten,USC,Pac-12,Home,2019-12-28T01:00:00.000Z,True,False,49,24,W,48,33,64.353
2019,2,401112192,Iowa,Big Ten,Rutgers,Big Ten,Home,2019-09-07T16:00:00.000Z,True,False,30,0,W,127,117,-115.188
2019,3,401112086,Iowa,Big Ten,Iowa State,Big 12,Away,2019-09-14T20:00:00.000Z,True,False,18,17,W,34,20,108.506
2019,5,401112193,Iowa,Big Ten,Middle Tennessee,Conference USA,Home,2019-09-28T16:00:00.000Z,True,False,48,3,W,94,106,-77.720
2019,6,401112194,Iowa,Big Ten,Michigan,Big Ten,Away,2019-10-05T16:00:00.000Z,True,False,3,10,L,26,15,127.999
2019,7,401112195,Iowa,Big Ten,Penn State,Big Ten,Home,2019-10-12T23:30:00.000Z,True,False,12,17,L,12,11,150.070
2019,8,401112196,Iowa,Big Ten,Purdue,Big Ten,Home,2019-10-19T16:00:00.000Z,True,False,26,20,W,80,57,10.624
2019,9,401112197,Iowa,Big Ten,Northwestern,Big Ten,Away,2019-10-26T16:00:00.000Z,True,False,20,0,W,99,76,-23.767
2019,11,401112198,Iowa,Big Ten,Wisconsin,Big Ten,Away,2019-11-09T21:00:00.000Z,True,False,22,24,L,7,7,161.369
2019,12,401112199,Iowa,Big Ten,Minnesota,Big Ten,Home,2019-11-16T21:00:00.000Z,True,False,23,19,W,17,17,124.136
2019,13,401112155,Iowa,Big Ten,Illinois,Big Ten,Home,2019-11-23T17:00:00.000Z,True,False,19,10,W,55,62,2.754
2019,14,401112200,Iowa,Big Ten,Nebraska,Big Ten,Away,2019-11-29T19:30:00.000Z,True,False,27,24,W,54,51,21.572
2019,1,401135276,Iowa State,Big 12,Notre Dame,FBS Independents,Home,2019-12-28T17:00:00.000Z,True,False,9,33,L,5,12,145.660
2019,3,401112086,Iowa State,Big 12,Iowa,Big Ten,Home,2019-09-14T20:00:00.000Z,True,False,17,18,L,19,14,129.745
2019,4,401112087,Iowa State,Big 12,UL Monroe,Sun Belt,Home,2019-09-21T16:00:00.000Z,True,False,72,20,W,106,94,-52.896
2019,5,401112076,Iowa State,Big 12,Baylor,Big 12,Away,2019-09-28T19:30:00.000Z,True,False,21,23,L,23,19,115.306
2019,6,401112088,Iowa State,Big 12,TCU,Big 12,Home,2019-10-05T18:00:00.000Z,True,False,49,24,W,50,29,72.893
2019,7,401112089,Iowa State,Big 12,West Virginia,Big 12,Away,2019-10-12T20:00:00.000Z,True,False,38,14,W,107,70,-7.818
2019,8,401112090,Iowa State,Big 12,Texas Tech,Big 12,Away,2019-10-19T16:00:00.000Z,True,False,34,24,W,73,49,24.463
2019,9,401112091,Iowa State,Big 12,Oklahoma State,Big 12,Home,2019-10-26T19:30:00.000Z,True,False,27,34,L,49,28,73.851
2019,11,401112092,Iowa State,Big 12,Oklahoma,Big 12,Away,2019-11-10T01:00:00.000Z,True,False,41,42,L,20,10,153.042
2019,12,401112093,Iowa State,Big 12,Texas,Big 12,Home,2019-11-16T20:30:00.000Z,True,False,23,21,W,32,16,125.263
2019,13,401112094,Iowa State,Big 12,Kansas,Big 12,Home,2019-11-23T17:00:00.000Z,True,False,41,31,W,112,75,-22.932
2019,14,401112095,Iowa State,Big 12,Kansas State,Big 12,Away,2019-12-01T00:00:00.000Z,True,False,17,27,L,36,25,86.532
2019,2,401112097,Kansas,Big 12,Coastal Carolina,Sun Belt,Home,2019-09-07T23:00:00.000Z,True,False,7,12,L,81,107,-78.511
2019,3,401112098,Kansas,Big 12,Boston College,ACC,Away,2019-09-13T23:30:00.000Z,True,False,48,24,W,97,73,-16.650
2019,4,401112099,Kansas,Big 12,West Virginia,Big 12,Home,2019-09-21T20:30:00.000Z,True,False,24,29,L,107,70,-7.818
2019,5,401112100,Kansas,Big 12,TCU,Big 12,Away,2019-09-28T16:00:00.000Z,True,False,14,51,L,50,29,72.893
2019,6,401112101,Kansas,Big 12,Oklahoma,Big 12,Home,2019-10-05T16:00:00.000Z,True,False,20,45,L,20,10,153.042
2019,8,401112102,Kansas,Big 12,Texas,Big 12,Away,2019-10-19T23:00:00.000Z,True,False,48,50,L,32,16,125.263
2019,9,401112103,Kansas,Big 12,Texas Tech,Big 12,Home,2019-10-26T23:00:00.000Z,True,False,37,34,W,73,49,24.463
2019,10,401112104,Kansas,Big 12,Kansas State,Big 12,Home,2019-11-02T19:30:00.000Z,True,False,10,38,L,36,25,86.532
2019,12,401112105,Kansas,Big 12,Oklahoma State,Big 12,Away,2019-11-16T17:00:00.000Z,True,False,13,31,L,49,28,73.851
2019,13,401112094,Kansas,Big 12,Iowa State,Big 12,Away,2019-11-23T17:00:00.000Z,True,False,31,41,L,34,20,108.506
2019,14,401112084,Kansas,Big 12,Baylor,Big 12,Home,2019-11-30T20:30:00.000Z,True,False,6,61,L,23,19,115.306
2019,1,401135284,Kansas State,Big 12,Navy,American Athletic,Home,2019-12-31T20:45:00.000Z,True,False,17,20,L,15,21,98.928
2019,2,401112107,Kansas State,Big 12,Bowling Green,Mid-American,Home,2019-09-07T16:00:00.000Z,True,False,52,0,W,129,127,-171.732
2019,3,401110792,Kansas State,Big 12,Mississippi State,SEC,Away,2019-09-14T16:00:00.000Z,True,False,31,24,W,85,42,42.109
2019,5,401112108,Kansas State,Big 12,Oklahoma State,Big 12,Away,2019-09-28T23:00:00.000Z,True,False,13,26,L,49,28,73.851
2019,6,401112077,Kansas State,Big 12,Baylor,Big 12,Home,2019-10-05T19:30:00.000Z,True,False,12,31,L,23,19,115.306
2019,8,401112109,Kansas State,Big 12,TCU,Big 12,Home,2019-10-19T18:30:00.000Z,True,False,24,17,W,50,29,72.893
2019,9,401112110,Kansas State,Big 12,Oklahoma,Big 12,Home,2019-10-26T16:00:00.000Z,True,False,48,41,W,20,10,153.042
2019,10,401112104,Kansas State,Big 12,Kansas,Big 12,Away,2019-11-02T19:30:00.000Z,True,False,38,10,W,112,75,-22.932
2019,11,401112111,Kansas State,Big 12,Texas,Big 12,Away,2019-11-09T20:30:00.000Z,True,False,24,27,L,32,16,125.263
2019,12,401112112,Kansas State,Big 12,West Virginia,Big 12,Home,2019-11-16T20:30:00.000Z,True,False,20,24,L,107,70,-7.818
2019,13,401112113,Kansas State,Big 12,Texas Tech,Big 12,Away,2019-11-24T00:00:00.000Z,True,False,30,27,W,73,49,24.463
2019,14,401112095,Kansas State,Big 12,Iowa State,Big 12,Home,2019-12-01T00:00:00.000Z,True,False,27,17,W,34,20,108.506
2019,1,401114153,Kent State,Mid-American,Arizona State,Pac-12,Away,2019-08-30T02:00:00.000Z,True,False,7,30,L,53,41,44.423
2019,1,401135261,Kent State,Mid-American,Utah State,Mountain West,Home,2019-12-21T00:30:00.000Z,True,False,51,41,W,88,91,-51.471
2019,3,401110787,Kent State,Mid-American,Auburn,SEC,Away,2019-09-14T23:00:00.000Z,True,False,16,55,L,28,9,157.581
2019,4,401119266,Kent State,Mid-American,Bowling Green,Mid-American,Home,2019-09-21T19:30:00.000Z,True,False,62,20,W,129,127,-171.732
2019,6,401112269,Kent State,Mid-American,Wisconsin,Big Ten,Away,2019-10-05T16:00:00.000Z,True,False,0,48,L,7,7,161.369
2019,7,401119277,Kent State,Mid-American,Akron,Mid-American,Away,2019-10-12T19:30:00.000Z,True,False,26,3,W,128,129,-246.493
2019,8,401119283,Kent State,Mid-American,Ohio,Mid-American,Away,2019-10-19T16:00:00.000Z,True,False,38,45,L,35,82,-34.057
2019,9,401119291,Kent State,Mid-American,Miami (OH),Mid-American,Home,2019-10-26T19:30:00.000Z,True,False,16,23,L,90,87,-42.734
2019,11,401119297,Kent State,Mid-American,Toledo,Mid-American,Away,2019-11-06T00:00:00.000Z,True,False,33,35,L,105,116,-111.871
2019,12,401119303,Kent State,Mid-American,Buffalo,Mid-American,Home,2019-11-15T00:00:00.000Z,True,False,30,27,W,27,54,14.424
2019,13,401119309,Kent State,Mid-American,Ball State,Mid-American,Home,2019-11-23T17:00:00.000Z,True,False,41,38,W,51,81,-33.603
2019,14,401119313,Kent State,Mid-American,Eastern Michigan,Mid-American,Away,2019-11-29T17:00:00.000Z,True,False,34,26,W,68,98,-59.752
2019,1,401110724,Kentucky,SEC,Toledo,Mid-American,Home,2019-08-31T16:00:00.000Z,True,False,38,24,W,105,116,-111.871
2019,1,401135283,Kentucky,SEC,Virginia Tech,ACC,Home,2019-12-31T17:00:00.000Z,True,False,37,30,W,41,43,38.722
2019,2,401110777,Kentucky,SEC,Eastern Michigan,Mid-American,Home,2019-09-07T23:30:00.000Z,True,False,38,17,W,68,98,-59.752
2019,3,401110789,Kentucky,SEC,Florida,SEC,Home,2019-09-14T23:00:00.000Z,True,False,21,29,L,16,13,134.898
2019,4,401110802,Kentucky,SEC,Mississippi State,SEC,Away,2019-09-21T20:00:00.000Z,True,False,13,28,L,85,42,42.109
2019,5,401110810,Kentucky,SEC,South Carolina,SEC,Away,2019-09-28T23:30:00.000Z,True,False,7,24,L,104,55,12.957
2019,7,401110818,Kentucky,SEC,Arkansas,SEC,Home,2019-10-12T23:30:00.000Z,True,False,24,20,W,121,100,-64.550
2019,8,401110826,Kentucky,SEC,Georgia,SEC,Away,2019-10-19T22:00:00.000Z,True,False,0,21,L,10,5,163.572
2019,9,401110832,Kentucky,SEC,Missouri,SEC,Home,2019-10-26T23:30:00.000Z,True,False,29,7,W,46,45,35.127
2019,11,401110846,Kentucky,SEC,Tennessee,SEC,Home,2019-11-10T00:30:00.000Z,True,False,13,17,L,74,52,18.270
2019,12,401110854,Kentucky,SEC,Vanderbilt,SEC,Away,2019-11-16T20:30:00.000Z,True,False,38,14,W,124,111,-97.974
2019,14,401110868,Kentucky,SEC,Louisville,ACC,Home,2019-11-30T17:00:00.000Z,True,False,45,13,W,78,58,10.216
2019,1,401110725,LSU,SEC,Georgia Southern,Sun Belt,Home,2019-08-31T23:30:00.000Z,True,False,55,3,W,60,68,-7.400
2019,1,401135278,LSU,SEC,Oklahoma,Big 12,Home,2019-12-28T21:20:00.000Z,True,False,63,28,W,20,10,153.042
2019,1,401135295,LSU,SEC,Clemson,ACC,Home,2020-01-14T01:00:00.000Z,True,False,42,25,W,3,4,181.534
2019,2,401110778,LSU,SEC,Texas,Big 12,Away,2019-09-07T23:30:00.000Z,True,False,45,38,W,32,16,125.263
2019,4,401110805,LSU,SEC,Vanderbilt,SEC,Away,2019-09-21T16:00:00.000Z,True,False,66,38,W,124,111,-97.974
2019,6,401110813,LSU,SEC,Utah State,Mountain West,Home,2019-10-05T16:00:00.000Z,True,False,42,6,W,88,91,-51.471
2019,7,401110819,LSU,SEC,Florida,SEC,Home,2019-10-13T00:00:00.000Z,True,False,42,28,W,16,13,134.898
2019,8,401110828,LSU,SEC,Mississippi State,SEC,Away,2019-10-19T19:30:00.000Z,True,False,36,13,W,85,42,42.109
2019,9,401110833,LSU,SEC,Auburn,SEC,Home,2019-10-26T19:30:00.000Z,True,False,23,20,W,28,9,157.581
2019,11,401110842,LSU,SEC,Alabama,SEC,Away,2019-11-09T20:30:00.000Z,True,False,46,41,W,2,3,224.015
2019,12,401110850,LSU,SEC,Ole Miss,SEC,Away,2019-11-17T00:00:00.000Z,True,False,58,37,W,69,44,35.328
2019,13,401110859,LSU,SEC,Arkansas,SEC,Home,2019-11-24T00:00:00.000Z,True,False,56,20,W,121,100,-64.550
2019,14,401110869,LSU,SEC,Texas A&M,SEC,Home,2019-12-01T00:00:00.000Z,True,False,50,7,W,47,27,79.896
2019,15,401132981,LSU,SEC,Georgia,SEC,Home,2019-12-07T21:00:00.000Z,True,False,37,10,W,10,5,163.572
2019,1,401112434,Liberty,FBS Independents,Syracuse,ACC,Home,2019-08-31T22:00:00.000Z,True,False,0,24,L,91,88,-46.132
2019,1,401147693,Liberty,FBS Independents,Georgia Southern,Sun Belt,Away,2019-12-21T19:30:00.000Z,True,False,23,16,W,60,68,-7.400
2019,2,401114347,Liberty,FBS Independents,Louisiana,Sun Belt,Away,2019-09-07T23:30:00.000Z,True,False,14,35,L,13,32,66.006
2019,3,401114348,Liberty,FBS Independents,Buffalo,Mid-American,Home,2019-09-14T22:00:00.000Z,True,False,35,17,W,27,54,14.424
2019,5,401114350,Liberty,FBS Independents,New Mexico,Mountain West,Home,2019-09-28T22:00:00.000Z,True,False,17,10,W,120,122,-149.454
2019,6,401114342,Liberty,FBS Independents,New Mexico State,FBS Independents,Away,2019-10-06T00:00:00.000Z,True,False,20,13,W,125,126,-164.259
2019,9,401112266,Liberty,FBS Independents,Rutgers,Big Ten,Away,2019-10-26T16:00:00.000Z,True,False,34,44,L,127,117,-115.188
2019,10,401114352,Liberty,FBS Independents,Massachusetts,FBS Independents,Away,2019-11-02T16:00:00.000Z,True,False,63,21,W,130,130,-267.810
2019,11,401114353,Liberty,FBS Independents,BYU,FBS Independents,Away,2019-11-10T00:30:00.000Z,True,False,24,31,L,62,78,-24.604
2019,13,401112520,Liberty,FBS Independents,Virginia,ACC,Away,2019-11-23T17:00:00.000Z,True,False,27,55,L,44,36,51.528
2019,14,401114346,Liberty,FBS Independents,New Mexico State,FBS Independents,Home,2019-11-30T19:00:00.000Z,True,False,49,28,W,125,126,-164.259
2019,1,401110727,Louisiana,Sun Belt,Mississippi State,SEC,Home,2019-08-31T16:00:00.000Z,True,False,28,38,L,85,42,42.109
2019,1,401135294,Louisiana,Sun Belt,Miami (OH),Mid-American,Away,2020-01-07T00:30:00.000Z,True,False,27,17,W,90,87,-42.734
2019,2,401114347,Louisiana,Sun Belt,Liberty,FBS Independents,Home,2019-09-07T23:30:00.000Z,True,False,35,14,W,59,108,-78.619
2019,4,401119268,Louisiana,Sun Belt,Ohio,Mid-American,Away,2019-09-21T18:00:00.000Z,True,False,45,25,W,35,82,-34.057
2019,5,401121945,Louisiana,Sun Belt,Georgia Southern,Sun Belt,Away,2019-09-28T22:00:00.000Z,True,False,37,24,W,60,68,-7.400
2019,7,401121950,Louisiana,Sun Belt,App State,Sun Belt,Home,2019-10-10T00:00:00.000Z,True,False,7,17,L,9,26,85.471
2019,8,401121954,Louisiana,Sun Belt,Arkansas State,Sun Belt,Away,2019-10-17T23:30:00.000Z,True,False,37,20,W,65,83,-34.786
2019,10,401121963,Louisiana,Sun Belt,Texas State,Sun Belt,Home,2019-11-02T21:00:00.000Z,True,False,31,3,W,122,121,-143.989
2019,11,401121964,Louisiana,Sun Belt,Coastal Carolina,Sun Belt,Away,2019-11-08T00:30:00.000Z,True,False,48,7,W,81,107,-78.511
2019,12,401121971,Louisiana,Sun Belt,South Alabama,Sun Belt,Away,2019-11-16T22:00:00.000Z,True,False,37,27,W,117,120,-135.762
2019,13,401121977,Louisiana,Sun Belt,Troy,Sun Belt,Home,2019-11-23T22:00:00.000Z,True,False,53,3,W,84,101,-65.538
2019,14,401121982,Louisiana,Sun Belt,UL Monroe,Sun Belt,Home,2019-12-01T00:30:00.000Z,True,False,31,30,W,106,94,-52.896
2019,15,401132984,Louisiana,Sun Belt,App State,Sun Belt,Away,2019-12-07T17:00:00.000Z,True,False,38,45,L,9,26,85.471
2019,1,401112135,Louisiana Tech,Conference USA,Texas,Big 12,Away,2019-09-01T00:00:00.000Z,True,False,14,45,L,32,16,125.263
2019,1,401135270,Louisiana Tech,Conference USA,Miami,ACC,Away,2019-12-26T21:00:00.000Z,True,False,14,0,W,61,59,7.665
2019,3,401114258,Louisiana Tech,Conference USA,Bowling Green,Mid-American,Away,2019-09-14T21:00:00.000Z,True,False,35,7,W,129,127,-171.732
2019,4,401114262,Louisiana Tech,Conference USA,Florida International,Conference USA,Home,2019-09-21T00:00:00.000Z,True,False,43,31,W,64,104,-75.614
2019,5,401114268,Louisiana Tech,Conference USA,Rice,Conference USA,Away,2019-09-28T23:00:00.000Z,True,False,23,20,W,101,115,-106.824
2019,7,401114281,Louisiana Tech,Conference USA,Massachusetts,FBS Independents,Home,2019-10-12T23:00:00.000Z,True,False,69,21,W,130,130,-267.810
2019,8,401114289,Louisiana Tech,Conference USA,Southern Miss,Conference USA,Home,2019-10-19T19:30:00.000Z,True,False,45,30,W,72,92,-51.796
2019,9,401114296,Louisiana Tech,Conference USA,UTEP,Conference USA,Away,2019-10-27T00:00:00.000Z,True,False,42,21,W,123,128,-232.477
2019,11,401114306,Louisiana Tech,Conference USA,North Texas,Conference USA,Home,2019-11-09T21:00:00.000Z,True,False,52,17,W,83,114,-106.714
2019,12,401114309,Louisiana Tech,Conference USA,Marshall,Conference USA,Away,2019-11-16T00:00:00.000Z,True,False,10,31,L,76,85,-40.539
2019,13,401114315,Louisiana Tech,Conference USA,UAB,Conference USA,Away,2019-11-23T20:30:00.000Z,True,False,14,20,L,57,99,-62.221
2019,14,401114323,Louisiana Tech,Conference USA,UTSA,Conference USA,Home,2019-11-30T20:30:00.000Z,True,False,41,27,W,119,123,-159.788
2019,1,401112436,Louisville,ACC,Notre Dame,FBS Independents,Home,2019-09-03T00:00:00.000Z,True,False,17,35,L,5,12,145.660
2019,1,401135281,Louisville,ACC,Mississippi State,SEC,Home,2019-12-30T21:00:00.000Z,True,False,38,28,W,85,42,42.109
2019,3,401112453,Louisville,ACC,Western Kentucky,Conference USA,Away,2019-09-14T20:00:00.000Z,True,False,38,21,W,37,63,1.424
2019,4,401112457,Louisville,ACC,Florida State,ACC,Away,2019-09-21T19:30:00.000Z,True,False,24,35,L,77,61,3.779
2019,6,401112473,Louisville,ACC,Boston College,ACC,Home,2019-10-05T16:30:00.000Z,True,False,41,39,W,97,73,-16.650
2019,7,401112481,Louisville,ACC,Wake Forest,ACC,Away,2019-10-12T23:30:00.000Z,True,False,62,59,W,66,60,6.032
2019,8,401112485,Louisville,ACC,Clemson,ACC,Home,2019-10-19T16:00:00.000Z,True,False,10,45,L,3,4,181.534
2019,9,401112493,Louisville,ACC,Virginia,ACC,Home,2019-10-26T19:30:00.000Z,True,False,28,21,W,44,36,51.528
2019,11,401112505,Louisville,ACC,Miami,ACC,Away,2019-11-09T20:30:00.000Z,True,False,27,52,L,61,59,7.665
2019,12,401112512,Louisville,ACC,NC State,ACC,Away,2019-11-17T00:30:00.000Z,True,False,34,20,W,108,103,-71.560
2019,13,401112516,Louisville,ACC,Syracuse,ACC,Home,2019-11-23T21:00:00.000Z,True,False,56,34,W,91,88,-46.132
2019,14,401110868,Louisville,ACC,Kentucky,SEC,Away,2019-11-30T17:00:00.000Z,True,False,13,45,L,39,35,55.601
2019,1,401135268,Marshall,Conference USA,UCF,American Athletic,Home,2019-12-23T19:30:00.000Z,True,False,25,48,L,11,24,87.049
2019,2,401114251,Marshall,Conference USA,Boise State,Mountain West,Away,2019-09-07T01:00:00.000Z,True,False,7,14,L,18,30,69.136
2019,3,401114259,Marshall,Conference USA,Ohio,Mid-American,Home,2019-09-14T22:30:00.000Z,True,False,33,31,W,35,82,-34.057
2019,5,401114269,Marshall,Conference USA,Cincinnati,American Athletic,Home,2019-09-28T21:00:00.000Z,True,False,14,52,L,30,31,68.423
2019,6,401114275,Marshall,Conference USA,Middle Tennessee,Conference USA,Away,2019-10-05T19:30:00.000Z,True,False,13,24,L,94,106,-77.720
2019,7,401114283,Marshall,Conference USA,Old Dominion,Conference USA,Home,2019-10-12T18:30:00.000Z,True,False,31,17,W,115,125,-161.639
2019,8,401114288,Marshall,Conference USA,Florida Atlantic,Conference USA,Away,2019-10-18T22:30:00.000Z,True,False,36,31,W,25,38,49.077
2019,9,401114297,Marshall,Conference USA,Western Kentucky,Conference USA,Home,2019-10-26T18:30:00.000Z,True,False,26,23,W,37,63,1.424
2019,10,401114302,Marshall,Conference USA,Rice,Conference USA,Away,2019-11-02T19:30:00.000Z,True,False,20,7,W,101,115,-106.824
2019,12,401114309,Marshall,Conference USA,Louisiana Tech,Conference USA,Home,2019-11-16T00:00:00.000Z,True,False,31,10,W,24,80,-27.882
2019,13,401114313,Marshall,Conference USA,Charlotte,Conference USA,Away,2019-11-23T20:30:00.000Z,True,False,13,24,L,95,113,-101.330
2019,14,401114321,Marshall,Conference USA,Florida International,Conference USA,Home,2019-11-30T17:00:00.000Z,True,False,30,27,W,64,104,-75.614
2019,2,401112202,Maryland,Big Ten,Syracuse,ACC,Home,2019-09-07T16:00:00.000Z,True,False,63,20,W,91,88,-46.132
2019,3,401112203,Maryland,Big Ten,Temple,American Athletic,Away,2019-09-14T16:00:00.000Z,True,False,17,20,L,75,66,-3.643
2019,5,401112204,Maryland,Big Ten,Penn State,Big Ten,Home,2019-09-28T00:00:00.000Z,True,False,0,59,L,12,11,150.070
2019,6,401112205,Maryland,Big Ten,Rutgers,Big Ten,Away,2019-10-05T16:00:00.000Z,True,False,48,7,W,127,117,-115.188
2019,7,401112206,Maryland,Big Ten,Purdue,Big Ten,Away,2019-10-12T16:00:00.000Z,True,False,14,40,L,80,57,10.624
2019,8,401112163,Maryland,Big Ten,Indiana,Big Ten,Home,2019-10-19T19:30:00.000Z,True,False,28,34,L,42,39,48.606
2019,9,401112207,Maryland,Big Ten,Minnesota,Big Ten,Away,2019-10-26T19:30:00.000Z,True,False,10,52,L,17,17,124.136
2019,10,401112208,Maryland,Big Ten,Michigan,Big Ten,Home,2019-11-02T16:00:00.000Z,True,False,7,38,L,26,15,127.999
2019,11,401112209,Maryland,Big Ten,Ohio State,Big Ten,Away,2019-11-09T17:00:00.000Z,True,False,14,73,L,1,2,228.487
2019,13,401112210,Maryland,Big Ten,Nebraska,Big Ten,Home,2019-11-23T20:30:00.000Z,True,False,7,54,L,54,51,21.572
2019,14,401112221,Maryland,Big Ten,Michigan State,Big Ten,Away,2019-11-30T20:30:00.000Z,True,False,16,19,L,63,40,45.882
2019,1,401112264,Massachusetts,FBS Independents,Rutgers,Big Ten,Away,2019-08-30T23:15:00.000Z,True,False,21,48,L,127,117,-115.188
2019,3,401114255,Massachusetts,FBS Independents,Charlotte,Conference USA,Away,2019-09-14T22:00:00.000Z,True,False,17,52,L,95,113,-101.330
2019,4,401114355,Massachusetts,FBS Independents,Coastal Carolina,Sun Belt,Home,2019-09-21T17:00:00.000Z,True,False,28,62,L,81,107,-78.511
2019,5,401114356,Massachusetts,FBS Independents,Akron,Mid-American,Home,2019-09-28T19:30:00.000Z,True,False,37,29,W,128,129,-246.493
2019,6,401114274,Massachusetts,FBS Independents,Florida International,Conference USA,Away,2019-10-05T23:00:00.000Z,True,False,0,44,L,64,104,-75.614
2019,7,401114281,Massachusetts,FBS Independents,Louisiana Tech,Conference USA,Away,2019-10-12T23:00:00.000Z,True,False,21,69,L,24,80,-27.882
2019,9,401114357,Massachusetts,FBS Independents,UConn,American Athletic,Home,2019-10-26T19:30:00.000Z,True,False,35,56,L,126,124,-160.471
2019,10,401114352,Massachusetts,FBS Independents,Liberty,FBS Independents,Home,2019-11-02T16:00:00.000Z,True,False,21,63,L,59,108,-78.619
2019,11,401114332,Massachusetts,FBS Independents,Army,FBS Independents,Away,2019-11-09T17:00:00.000Z,True,False,7,63,L,58,96,-58.233
2019,12,401112250,Massachusetts,FBS Independents,Northwestern,Big Ten,Away,2019-11-16T17:00:00.000Z,True,False,6,45,L,99,76,-23.767
2019,13,401114358,Massachusetts,FBS Independents,BYU,FBS Independents,Home,2019-11-23T17:00:00.000Z,True,False,24,56,L,62,78,-24.604
2019,1,401110726,Memphis,American Athletic,Ole Miss,SEC,Home,2019-08-31T16:00:00.000Z,True,False,15,10,W,69,44,35.328
2019,1,401135277,Memphis,American Athletic,Penn State,Big Ten,Away,2019-12-28T17:00:00.000Z,True,False,39,53,L,12,11,150.070
2019,3,401117865,Memphis,American Athletic,South Alabama,Sun Belt,Away,2019-09-14T19:30:00.000Z,True,False,42,6,W,117,120,-135.762
2019,5,401117871,Memphis,American Athletic,Navy,American Athletic,Home,2019-09-27T00:00:00.000Z,True,False,35,23,W,15,21,98.928
2019,6,401117877,Memphis,American Athletic,UL Monroe,Sun Belt,Away,2019-10-05T19:45:00.000Z,True,False,52,33,W,106,94,-52.896
2019,7,401117881,Memphis,American Athletic,Temple,American Athletic,Away,2019-10-12T16:00:00.000Z,True,False,28,30,L,75,66,-3.643
2019,8,401117888,Memphis,American Athletic,Tulane,American Athletic,Home,2019-10-19T23:00:00.000Z,True,False,47,17,W,45,48,28.410
2019,9,401117893,Memphis,American Athletic,Tulsa,American Athletic,Away,2019-10-26T23:00:00.000Z,True,False,42,41,W,87,69,-7.796
2019,10,401117897,Memphis,American Athletic,SMU,American Athletic,Home,2019-11-02T23:30:00.000Z,True,False,54,48,W,33,37,50.017
2019,12,401117904,Memphis,American Athletic,Houston,American Athletic,Away,2019-11-16T20:30:00.000Z,True,False,45,27,W,89,71,-9.410
2019,13,401117909,Memphis,American Athletic,South Florida,American Athletic,Away,2019-11-23T21:00:00.000Z,True,False,49,10,W,110,90,-50.207
2019,14,401117913,Memphis,American Athletic,Cincinnati,American Athletic,Home,2019-11-29T20:30:00.000Z,True,False,34,24,W,30,31,68.423
2019,15,401132976,Memphis,American Athletic,Cincinnati,American Athletic,Home,2019-12-07T20:30:00.000Z,True,False,29,24,W,30,31,68.423
2019,1,401110723,Miami,ACC,Florida,SEC,Away,2019-08-24T23:00:00.000Z,True,False,20,24,L,16,13,134.898
2019,1,401135270,Miami,ACC,Louisiana Tech,Conference USA,Home,2019-12-26T21:00:00.000Z,True,False,0,14,L,24,80,-27.882
2019,2,401112443,Miami,ACC,North Carolina,ACC,Away,2019-09-08T00:00:00.000Z,True,False,25,28,L,40,34,59.526
2019,4,401112458,Miami,ACC,Central Michigan,Mid-American,Home,2019-09-21T20:00:00.000Z,True,False,17,12,W,56,86,-41.234
2019,6,401112476,Miami,ACC,Virginia Tech,ACC,Home,2019-10-05T19:30:00.000Z,True,False,35,42,L,41,43,38.722
2019,7,401112478,Miami,ACC,Virginia,ACC,Home,2019-10-12T00:00:00.000Z,True,False,17,9,W,44,36,51.528
2019,8,401112488,Miami,ACC,Georgia Tech,ACC,Home,2019-10-19T16:00:00.000Z,True,False,21,28,L,118,97,-58.551
2019,9,401112494,Miami,ACC,Pittsburgh,ACC,Away,2019-10-26T16:00:00.000Z,True,False,16,12,W,71,67,-4.502
2019,10,401112497,Miami,ACC,Florida State,ACC,Away,2019-11-02T19:30:00.000Z,True,False,27,10,W,77,61,3.779
2019,11,401112505,Miami,ACC,Louisville,ACC,Home,2019-11-09T20:30:00.000Z,True,False,52,27,W,78,58,10.216
2019,13,401112517,Miami,ACC,Florida International,Conference USA,Away,2019-11-24T00:00:00.000Z,True,False,24,30,L,64,104,-75.614
2019,14,401112523,Miami,ACC,Duke,ACC,Away,2019-11-30T20:30:00.000Z,True,False,17,27,L,96,56,11.749
2019,1,401112191,Miami (OH),Mid-American,Iowa,Big Ten,Away,2019-08-31T23:30:00.000Z,True,False,14,38,L,19,14,129.745
2019,1,401135294,Miami (OH),Mid-American,Louisiana,Sun Belt,Home,2020-01-07T00:30:00.000Z,True,False,17,27,L,13,32,66.006
2019,3,401117863,Miami (OH),Mid-American,Cincinnati,American Athletic,Away,2019-09-14T16:00:00.000Z,True,False,13,35,L,30,31,68.423
2019,4,401112253,Miami (OH),Mid-American,Ohio State,Big Ten,Away,2019-09-21T19:30:00.000Z,True,False,5,76,L,1,2,228.487
2019,5,401119270,Miami (OH),Mid-American,Buffalo,Mid-American,Home,2019-09-28T16:00:00.000Z,True,False,34,20,W,27,54,14.424
2019,7,401119278,Miami (OH),Mid-American,Western Michigan,Mid-American,Away,2019-10-12T16:00:00.000Z,True,False,16,38,L,38,79,-24.912
2019,8,401119284,Miami (OH),Mid-American,Northern Illinois,Mid-American,Home,2019-10-19T18:30:00.000Z,True,False,27,24,W,93,110,-97.877
2019,9,401119291,Miami (OH),Mid-American,Kent State,Mid-American,Away,2019-10-26T19:30:00.000Z,True,False,23,16,W,79,89,-49.330
2019,11,401119298,Miami (OH),Mid-American,Ohio,Mid-American,Away,2019-11-07T01:00:00.000Z,True,False,24,21,W,35,82,-34.057
2019,12,401119301,Miami (OH),Mid-American,Bowling Green,Mid-American,Home,2019-11-14T01:00:00.000Z,True,False,44,3,W,129,127,-171.732
2019,13,401119307,Miami (OH),Mid-American,Akron,Mid-American,Home,2019-11-21T00:30:00.000Z,True,False,20,17,W,128,129,-246.493
2019,14,401119314,Miami (OH),Mid-American,Ball State,Mid-American,Away,2019-11-29T17:00:00.000Z,True,False,27,41,L,51,81,-33.603
2019,15,401132982,Miami (OH),Mid-American,Central Michigan,Mid-American,Away,2019-12-07T17:00:00.000Z,True,False,26,21,W,56,86,-41.234
2019,1,401112222,Michigan,Big Ten,Middle Tennessee,Conference USA,Home,2019-08-31T23:30:00.000Z,True,False,40,21,W,94,106,-77.720
2019,1,401135286,Michigan,Big Ten,Alabama,SEC,Away,2020-01-01T18:00:00.000Z,True,False,16,35,L,2,3,224.015
2019,2,401112223,Michigan,Big Ten,Army,FBS Independents,Home,2019-09-07T16:00:00.000Z,True,False,24,21,W,58,96,-58.233
2019,4,401112224,Michigan,Big Ten,Wisconsin,Big Ten,Away,2019-09-21T16:00:00.000Z,True,False,14,35,L,7,7,161.369
2019,5,401112225,Michigan,Big Ten,Rutgers,Big Ten,Home,2019-09-28T16:00:00.000Z,True,False,52,0,W,127,117,-115.188
2019,6,401112194,Michigan,Big Ten,Iowa,Big Ten,Home,2019-10-05T16:00:00.000Z,True,False,10,3,W,19,14,129.745
2019,7,401112150,Michigan,Big Ten,Illinois,Big Ten,Away,2019-10-12T16:00:00.000Z,True,False,42,25,W,55,62,2.754
2019,8,401112226,Michigan,Big Ten,Penn State,Big Ten,Away,2019-10-19T23:30:00.000Z,True,False,21,28,L,12,11,150.070
2019,9,401112227,Michigan,Big Ten,Notre Dame,FBS Independents,Home,2019-10-26T23:30:00.000Z,True,False,45,14,W,5,12,145.660
2019,10,401112208,Michigan,Big Ten,Maryland,Big Ten,Away,2019-11-02T16:00:00.000Z,True,False,38,7,W,116,84,-36.417
2019,12,401112219,Michigan,Big Ten,Michigan State,Big Ten,Home,2019-11-16T17:00:00.000Z,True,False,44,10,W,63,40,45.882
2019,13,401112167,Michigan,Big Ten,Indiana,Big Ten,Away,2019-11-23T20:30:00.000Z,True,False,39,14,W,42,39,48.606
2019,14,401112228,Michigan,Big Ten,Ohio State,Big Ten,Home,2019-11-30T17:00:00.000Z,True,False,27,56,L,1,2,228.487
2019,1,401112212,Michigan State,Big Ten,Tulsa,American Athletic,Home,2019-08-30T23:00:00.000Z,True,False,28,7,W,87,69,-7.796
2019,1,401135273,Michigan State,Big Ten,Wake Forest,ACC,Away,2019-12-27T20:20:00.000Z,True,False,27,21,W,66,60,6.032
2019,2,401112213,Michigan State,Big Ten,Western Michigan,Mid-American,Home,2019-09-07T23:30:00.000Z,True,False,51,17,W,38,79,-24.912
2019,3,401112214,Michigan State,Big Ten,Arizona State,Pac-12,Home,2019-09-14T20:00:00.000Z,True,False,7,10,L,53,41,44.423
2019,4,401112215,Michigan State,Big Ten,Northwestern,Big Ten,Away,2019-09-21T16:00:00.000Z,True,False,31,10,W,99,76,-23.767
2019,5,401112161,Michigan State,Big Ten,Indiana,Big Ten,Home,2019-09-28T19:30:00.000Z,True,False,40,31,W,42,39,48.606
2019,6,401112216,Michigan State,Big Ten,Ohio State,Big Ten,Away,2019-10-05T23:30:00.000Z,True,False,10,34,L,1,2,228.487
2019,7,401112217,Michigan State,Big Ten,Wisconsin,Big Ten,Away,2019-10-12T19:30:00.000Z,True,False,0,38,L,7,7,161.369
2019,9,401112218,Michigan State,Big Ten,Penn State,Big Ten,Home,2019-10-26T19:30:00.000Z,True,False,7,28,L,12,11,150.070
2019,11,401112154,Michigan State,Big Ten,Illinois,Big Ten,Home,2019-11-09T20:30:00.000Z,True,False,34,37,L,55,62,2.754
2019,12,401112219,Michigan State,Big Ten,Michigan,Big Ten,Away,2019-11-16T17:00:00.000Z,True,False,10,44,L,26,15,127.999
2019,13,401112220,Michigan State,Big Ten,Rutgers,Big Ten,Away,2019-11-23T17:00:00.000Z,True,False,27,0,W,127,117,-115.188
2019,14,401112221,Michigan State,Big Ten,Maryland,Big Ten,Home,2019-11-30T20:30:00.000Z,True,False,19,16,W,116,84,-36.417
2019,1,401112222,Middle Tennessee,Conference USA,Michigan,Big Ten,Away,2019-08-31T23:30:00.000Z,True,False,21,40,L,26,15,127.999
2019,3,401112450,Middle Tennessee,Conference USA,Duke,ACC,Home,2019-09-14T23:00:00.000Z,True,False,18,41,L,96,56,11.749
2019,5,401112193,Middle Tennessee,Conference USA,Iowa,Big Ten,Away,2019-09-28T16:00:00.000Z,True,False,3,48,L,19,14,129.745
2019,6,401114275,Middle Tennessee,Conference USA,Marshall,Conference USA,Home,2019-10-05T19:30:00.000Z,True,False,24,13,W,76,85,-40.539
2019,7,401114280,Middle Tennessee,Conference USA,Florida Atlantic,Conference USA,Away,2019-10-12T20:00:00.000Z,True,False,13,28,L,25,38,49.077
2019,8,401114290,Middle Tennessee,Conference USA,North Texas,Conference USA,Away,2019-10-19T20:00:00.000Z,True,False,30,33,L,83,114,-106.714
2019,9,401114294,Middle Tennessee,Conference USA,Florida International,Conference USA,Home,2019-10-26T19:30:00.000Z,True,False,50,17,W,64,104,-75.614
2019,10,401114299,Middle Tennessee,Conference USA,Charlotte,Conference USA,Away,2019-11-02T19:30:00.000Z,True,False,20,34,L,95,113,-101.330
2019,12,401114310,Middle Tennessee,Conference USA,Rice,Conference USA,Home,2019-11-16T21:30:00.000Z,True,False,28,31,L,101,115,-106.824
2019,13,401114316,Middle Tennessee,Conference USA,Old Dominion,Conference USA,Home,2019-11-23T21:30:00.000Z,True,False,38,17,W,115,125,-161.639
2019,14,401114324,Middle Tennessee,Conference USA,Western Kentucky,Conference USA,Away,2019-11-30T19:00:00.000Z,True,False,26,31,L,37,63,1.424
2019,1,401135287,Minnesota,Big Ten,Auburn,SEC,Away,2020-01-01T18:00:00.000Z,True,False,31,24,W,28,9,157.581
2019,2,401112230,Minnesota,Big Ten,Fresno State,Mountain West,Away,2019-09-08T02:30:00.000Z,True,False,38,35,W,67,95,-55.610
2019,3,401112231,Minnesota,Big Ten,Georgia Southern,Sun Belt,Home,2019-09-14T19:30:00.000Z,True,False,35,32,W,60,68,-7.400
2019,5,401112232,Minnesota,Big Ten,Purdue,Big Ten,Away,2019-09-28T19:30:00.000Z,True,False,38,31,W,80,57,10.624
2019,6,401112149,Minnesota,Big Ten,Illinois,Big Ten,Home,2019-10-05T19:30:00.000Z,True,False,40,17,W,55,62,2.754
2019,7,401112233,Minnesota,Big Ten,Nebraska,Big Ten,Home,2019-10-12T23:30:00.000Z,True,False,34,7,W,54,51,21.572
2019,8,401112234,Minnesota,Big Ten,Rutgers,Big Ten,Away,2019-10-19T19:30:00.000Z,True,False,42,7,W,127,117,-115.188
2019,9,401112207,Minnesota,Big Ten,Maryland,Big Ten,Home,2019-10-26T19:30:00.000Z,True,False,52,10,W,116,84,-36.417
2019,11,401112235,Minnesota,Big Ten,Penn State,Big Ten,Home,2019-11-09T17:00:00.000Z,True,False,31,26,W,12,11,150.070
2019,12,401112199,Minnesota,Big Ten,Iowa,Big Ten,Away,2019-11-16T21:00:00.000Z,True,False,19,23,L,19,14,129.745
2019,13,401112236,Minnesota,Big Ten,Northwestern,Big Ten,Away,2019-11-23T17:00:00.000Z,True,False,38,22,W,99,76,-23.767
2019,14,401112237,Minnesota,Big Ten,Wisconsin,Big Ten,Home,2019-11-30T20:30:00.000Z,True,False,17,38,L,7,7,161.369
2019,1,401110727,Mississippi State,SEC,Louisiana,Sun Belt,Away,2019-08-31T16:00:00.000Z,True,False,38,28,W,13,32,66.006
2019,1,401135281,Mississippi State,SEC,Louisville,ACC,Away,2019-12-30T21:00:00.000Z,True,False,28,38,L,78,58,10.216
2019,2,401110780,Mississippi State,SEC,Southern Miss,Conference USA,Home,2019-09-07T19:30:00.000Z,True,False,38,15,W,72,92,-51.796
2019,3,401110792,Mississippi State,SEC,Kansas State,Big 12,Home,2019-09-14T16:00:00.000Z,True,False,24,31,L,36,25,86.532
2019,4,401110802,Mississippi State,SEC,Kentucky,SEC,Home,2019-09-21T20:00:00.000Z,True,False,28,13,W,39,35,55.601
2019,5,401110808,Mississippi State,SEC,Auburn,SEC,Away,2019-09-28T23:00:00.000Z,True,False,23,56,L,28,9,157.581
2019,7,401110821,Mississippi State,SEC,Tennessee,SEC,Away,2019-10-12T16:00:00.000Z,True,False,10,20,L,74,52,18.270
2019,8,401110828,Mississippi State,SEC,LSU,SEC,Home,2019-10-19T19:30:00.000Z,True,False,13,36,L,4,1,229.529
2019,9,401110835,Mississippi State,SEC,Texas A&M,SEC,Away,2019-10-26T16:00:00.000Z,True,False,30,49,L,47,27,79.896
2019,10,401110836,Mississippi State,SEC,Arkansas,SEC,Away,2019-11-02T20:00:00.000Z,True,False,54,24,W,121,100,-64.550
2019,12,401110851,Mississippi State,SEC,Alabama,SEC,Home,2019-11-16T17:00:00.000Z,True,False,7,38,L,2,3,224.015
2019,14,401110863,Mississippi State,SEC,Ole Miss,SEC,Home,2019-11-29T00:30:00.000Z,True,False,21,20,W,69,44,35.328
2019,1,401110728,Missouri,SEC,Wyoming,Mountain West,Away,2019-08-31T23:30:00.000Z,True,False,31,37,L,31,53,16.344
2019,2,401110781,Missouri,SEC,West Virginia,Big 12,Home,2019-09-07T16:00:00.000Z,True,False,38,7,W,107,70,-7.818
2019,4,401110803,Missouri,SEC,South Carolina,SEC,Home,2019-09-21T20:00:00.000Z,True,False,34,14,W,104,55,12.957
2019,6,401110815,Missouri,SEC,Troy,Sun Belt,Home,2019-10-05T20:00:00.000Z,True,False,42,10,W,84,101,-65.538
2019,7,401110820,Missouri,SEC,Ole Miss,SEC,Home,2019-10-12T23:00:00.000Z,True,False,38,27,W,69,44,35.328
2019,8,401110830,Missouri,SEC,Vanderbilt,SEC,Away,2019-10-19T20:00:00.000Z,True,False,14,21,L,124,111,-97.974
2019,9,401110832,Missouri,SEC,Kentucky,SEC,Away,2019-10-26T23:30:00.000Z,True,False,7,29,L,39,35,55.601
2019,11,401110845,Missouri,SEC,Georgia,SEC,Away,2019-11-10T00:00:00.000Z,True,False,0,27,L,10,5,163.572
2019,12,401110852,Missouri,SEC,Florida,SEC,Home,2019-11-16T17:00:00.000Z,True,False,6,23,L,16,13,134.898
2019,13,401110861,Missouri,SEC,Tennessee,SEC,Home,2019-11-24T00:30:00.000Z,True,False,20,24,L,74,52,18.270
2019,14,401110864,Missouri,SEC,Arkansas,SEC,Away,2019-11-29T19:30:00.000Z,True,False,24,14,W,121,100,-64.550
2019,1,401112432,NC State,ACC,East Carolina,American Athletic,Home,2019-08-31T16:00:00.000Z,True,False,34,6,W,114,118,-122.827
2019,3,401112144,NC State,ACC,West Virginia,Big 12,Away,2019-09-14T16:00:00.000Z,True,False,27,44,L,107,70,-7.818
2019,4,401112460,NC State,ACC,Ball State,Mid-American,Home,2019-09-21T23:00:00.000Z,True,False,34,23,W,51,81,-33.603
2019,5,401112468,NC State,ACC,Florida State,ACC,Away,2019-09-28T23:30:00.000Z,True,False,13,31,L,77,61,3.779
2019,7,401112477,NC State,ACC,Syracuse,ACC,Home,2019-10-11T00:00:00.000Z,True,False,16,10,W,91,88,-46.132
2019,8,401112484,NC State,ACC,Boston College,ACC,Away,2019-10-19T16:00:00.000Z,True,False,24,45,L,97,73,-16.650
2019,10,401112500,NC State,ACC,Wake Forest,ACC,Away,2019-11-02T16:00:00.000Z,True,False,10,44,L,66,60,6.032
2019,11,401112503,NC State,ACC,Clemson,ACC,Home,2019-11-10T00:30:00.000Z,True,False,10,55,L,3,4,181.534
2019,12,401112512,NC State,ACC,Louisville,ACC,Home,2019-11-17T00:30:00.000Z,True,False,20,34,L,78,58,10.216
2019,13,401112513,NC State,ACC,Georgia Tech,ACC,Away,2019-11-22T01:00:00.000Z,True,False,26,28,L,118,97,-58.551
2019,14,401112524,NC State,ACC,North Carolina,ACC,Home,2019-12-01T00:00:00.000Z,True,False,10,41,L,40,34,59.526
2019,1,401135284,Navy,American Athletic,Kansas State,Big 12,Away,2019-12-31T20:45:00.000Z,True,False,20,17,W,36,25,86.532
2019,3,401117864,Navy,American Athletic,East Carolina,American Athletic,Home,2019-09-14T19:30:00.000Z,True,False,42,10,W,114,118,-122.827
2019,5,401117871,Navy,American Athletic,Memphis,American Athletic,Away,2019-09-27T00:00:00.000Z,True,False,23,35,L,22,22,98.074
2019,6,401117516,Navy,American Athletic,Air Force,Mountain West,Home,2019-10-05T19:30:00.000Z,True,False,34,25,W,14,23,93.862
2019,7,401117882,Navy,American Athletic,Tulsa,American Athletic,Away,2019-10-12T23:30:00.000Z,True,False,45,17,W,87,69,-7.796
2019,8,401117883,Navy,American Athletic,South Florida,American Athletic,Home,2019-10-19T19:30:00.000Z,True,False,35,3,W,110,90,-50.207
2019,9,401117890,Navy,American Athletic,Tulane,American Athletic,Home,2019-10-26T19:30:00.000Z,True,False,41,38,W,45,48,28.410
2019,10,401117894,Navy,American Athletic,UConn,American Athletic,Away,2019-11-02T00:00:00.000Z,True,False,56,10,W,126,124,-160.471
2019,12,401114338,Navy,American Athletic,Notre Dame,FBS Independents,Away,2019-11-16T19:30:00.000Z,True,False,20,52,L,5,12,145.660
2019,13,401117911,Navy,American Athletic,SMU,American Athletic,Home,2019-11-23T20:30:00.000Z,True,False,35,28,W,33,37,50.017
2019,14,401117916,Navy,American Athletic,Houston,American Athletic,Away,2019-12-01T00:00:00.000Z,True,False,56,41,W,89,71,-9.410
2019,15,401114335,Navy,American Athletic,Army,FBS Independents,Home,2019-12-14T20:00:00.000Z,True,False,31,7,W,58,96,-58.233
2019,1,401112238,Nebraska,Big Ten,South Alabama,Sun Belt,Home,2019-08-31T16:00:00.000Z,True,False,35,21,W,117,120,-135.762
2019,2,401112239,Nebraska,Big Ten,Colorado,Pac-12,Away,2019-09-07T19:30:00.000Z,True,False,31,34,L,98,64,-0.081
2019,3,401112240,Nebraska,Big Ten,Northern Illinois,Mid-American,Home,2019-09-15T00:00:00.000Z,True,False,44,8,W,93,110,-97.877
2019,4,401112148,Nebraska,Big Ten,Illinois,Big Ten,Away,2019-09-22T00:00:00.000Z,True,False,42,38,W,55,62,2.754
2019,5,401112241,Nebraska,Big Ten,Ohio State,Big Ten,Home,2019-09-28T23:30:00.000Z,True,False,7,48,L,1,2,228.487
2019,6,401112242,Nebraska,Big Ten,Northwestern,Big Ten,Home,2019-10-05T20:00:00.000Z,True,False,13,10,W,99,76,-23.767
2019,7,401112233,Nebraska,Big Ten,Minnesota,Big Ten,Away,2019-10-12T23:30:00.000Z,True,False,7,34,L,17,17,124.136
2019,9,401112164,Nebraska,Big Ten,Indiana,Big Ten,Home,2019-10-26T19:30:00.000Z,True,False,31,38,L,42,39,48.606
2019,10,401112243,Nebraska,Big Ten,Purdue,Big Ten,Away,2019-11-02T16:00:00.000Z,True,False,27,31,L,80,57,10.624
2019,12,401112244,Nebraska,Big Ten,Wisconsin,Big Ten,Home,2019-11-16T17:00:00.000Z,True,False,21,37,L,7,7,161.369
2019,13,401112210,Nebraska,Big Ten,Maryland,Big Ten,Away,2019-11-23T20:30:00.000Z,True,False,54,7,W,116,84,-36.417
2019,14,401112200,Nebraska,Big Ten,Iowa,Big Ten,Home,2019-11-29T19:30:00.000Z,True,False,24,27,L,19,14,129.745
2019,1,401112262,Nevada,Mountain West,Purdue,Big Ten,Home,2019-08-31T01:30:00.000Z,True,False,34,31,W,80,57,10.624
2019,1,401135292,Nevada,Mountain West,Ohio,Mid-American,Home,2020-01-03T20:30:00.000Z,True,False,21,30,L,35,82,-34.057
2019,2,401114193,Nevada,Mountain West,Oregon,Pac-12,Away,2019-09-07T23:30:00.000Z,True,False,6,77,L,8,8,157.608
2019,4,401114266,Nevada,Mountain West,UTEP,Conference USA,Away,2019-09-22T00:00:00.000Z,True,False,37,21,W,123,128,-232.477
2019,5,401117515,Nevada,Mountain West,Hawai'i,Mountain West,Home,2019-09-29T02:30:00.000Z,True,False,3,54,L,52,77,-24.078
2019,7,401117524,Nevada,Mountain West,San José State,Mountain West,Home,2019-10-12T20:00:00.000Z,True,False,41,38,W,82,105,-77.636
2019,8,401117527,Nevada,Mountain West,Utah State,Mountain West,Away,2019-10-20T02:15:00.000Z,True,False,10,36,L,88,91,-51.471
2019,9,401117533,Nevada,Mountain West,Wyoming,Mountain West,Away,2019-10-26T18:00:00.000Z,True,False,3,31,L,31,53,16.344
2019,10,401117536,Nevada,Mountain West,New Mexico,Mountain West,Home,2019-11-03T02:30:00.000Z,True,False,21,10,W,120,122,-149.454
2019,11,401117542,Nevada,Mountain West,San Diego State,Mountain West,Away,2019-11-10T03:30:00.000Z,True,False,17,13,W,29,65,-3.526
2019,13,401117551,Nevada,Mountain West,Fresno State,Mountain West,Away,2019-11-24T03:30:00.000Z,True,False,35,28,W,67,95,-55.610
2019,14,401117558,Nevada,Mountain West,UNLV,Mountain West,Home,2019-11-30T20:00:00.000Z,True,False,30,33,L,111,119,-130.923
2019,3,401114336,New Mexico,Mountain West,Notre Dame,FBS Independents,Away,2019-09-14T18:30:00.000Z,True,False,14,66,L,5,12,145.660
2019,4,401114340,New Mexico,Mountain West,New Mexico State,FBS Independents,Home,2019-09-21T20:30:00.000Z,True,False,55,52,W,125,126,-164.259
2019,5,401114350,New Mexico,Mountain West,Liberty,FBS Independents,Away,2019-09-28T22:00:00.000Z,True,False,10,17,L,59,108,-78.619
2019,6,401117519,New Mexico,Mountain West,San José State,Mountain West,Away,2019-10-05T02:00:00.000Z,True,False,21,32,L,82,105,-77.636
2019,7,401117522,New Mexico,Mountain West,Colorado State,Mountain West,Home,2019-10-12T00:00:00.000Z,True,False,21,35,L,92,109,-85.041
2019,8,401117526,New Mexico,Mountain West,Wyoming,Mountain West,Away,2019-10-19T19:00:00.000Z,True,False,10,23,L,31,53,16.344
2019,9,401117532,New Mexico,Mountain West,Hawai'i,Mountain West,Home,2019-10-26T20:00:00.000Z,True,False,31,45,L,52,77,-24.078
2019,10,401117536,New Mexico,Mountain West,Nevada,Mountain West,Away,2019-11-03T02:30:00.000Z,True,False,10,21,L,113,112,-101.145
2019,12,401117545,New Mexico,Mountain West,Boise State,Mountain West,Away,2019-11-17T03:15:00.000Z,True,False,9,42,L,18,30,69.136
2019,13,401183793,New Mexico,Mountain West,Air Force,Mountain West,Home,2019-11-23T19:00:00.000Z,True,False,22,44,L,14,23,93.862
2019,14,401117555,New Mexico,Mountain West,Utah State,Mountain West,Home,2019-11-30T21:00:00.000Z,True,False,25,38,L,88,91,-51.471
2019,1,401114228,New Mexico State,FBS Independents,Washington State,Pac-12,Away,2019-09-01T02:00:00.000Z,True,False,7,58,L,43,46,34.514
2019,2,401110773,New Mexico State,FBS Independents,Alabama,SEC,Away,2019-09-07T20:00:00.000Z,True,False,10,62,L,2,3,224.015
2019,3,401114339,New Mexico State,FBS Independents,San Diego State,Mountain West,Home,2019-09-15T00:00:00.000Z,True,False,10,31,L,29,65,-3.526
2019,4,401114340,New Mexico State,FBS Independents,New Mexico,Mountain West,Away,2019-09-21T20:30:00.000Z,True,False,52,55,L,120,122,-149.454
2019,5,401114341,New Mexico State,FBS Independents,Fresno State,Mountain West,Home,2019-09-29T00:00:00.000Z,True,False,17,30,L,67,95,-55.610
2019,6,401114342,New Mexico State,FBS Independents,Liberty,FBS Independents,Home,2019-10-06T00:00:00.000Z,True,False,13,20,L,59,108,-78.619
2019,7,401114343,New Mexico State,FBS Independents,Central Michigan,Mid-American,Away,2019-10-12T19:00:00.000Z,True,False,28,42,L,56,86,-41.234
2019,9,401114344,New Mexico State,FBS Independents,Georgia Southern,Sun Belt,Away,2019-10-26T19:00:00.000Z,True,False,7,41,L,60,68,-7.400
2019,11,401110847,New Mexico State,FBS Independents,Ole Miss,SEC,Away,2019-11-09T21:00:00.000Z,True,False,3,41,L,69,44,35.328
2019,13,401114319,New Mexico State,FBS Independents,UTEP,Conference USA,Home,2019-11-23T21:00:00.000Z,True,False,44,35,W,123,128,-232.477
2019,14,401114346,New Mexico State,FBS Independents,Liberty,FBS Independents,Away,2019-11-30T19:00:00.000Z,True,False,28,49,L,59,108,-78.619
2019,1,401110729,North Carolina,ACC,South Carolina,SEC,Home,2019-08-31T19:30:00.000Z,True,False,24,20,W,104,55,12.957
2019,1,401135272,North Carolina,ACC,Temple,American Athletic,Away,2019-12-27T17:00:00.000Z,True,False,55,13,W,75,66,-3.643
2019,2,401112443,North Carolina,ACC,Miami,ACC,Home,2019-09-08T00:00:00.000Z,True,False,28,25,W,61,59,7.665
2019,3,401112448,North Carolina,ACC,Wake Forest,ACC,Away,2019-09-13T22:00:00.000Z,True,False,18,24,L,66,60,6.032
2019,4,401112459,North Carolina,ACC,App State,Sun Belt,Home,2019-09-21T19:30:00.000Z,True,False,31,34,L,9,26,85.471
2019,5,401112467,North Carolina,ACC,Clemson,ACC,Home,2019-09-28T19:30:00.000Z,True,False,20,21,L,3,4,181.534
2019,6,401112475,North Carolina,ACC,Georgia Tech,ACC,Away,2019-10-05T20:00:00.000Z,True,False,38,22,W,118,97,-58.551
2019,8,401112489,North Carolina,ACC,Virginia Tech,ACC,Away,2019-10-19T19:30:00.000Z,True,False,41,43,L,41,43,38.722
2019,9,401112491,North Carolina,ACC,Duke,ACC,Home,2019-10-26T20:00:00.000Z,True,False,20,17,W,96,56,11.749
2019,10,401112499,North Carolina,ACC,Virginia,ACC,Home,2019-11-02T23:30:00.000Z,True,False,31,38,L,44,36,51.528
2019,12,401112507,North Carolina,ACC,Pittsburgh,ACC,Away,2019-11-15T01:00:00.000Z,True,False,27,34,L,71,67,-4.502
2019,14,401112524,North Carolina,ACC,NC State,ACC,Away,2019-12-01T00:00:00.000Z,True,False,41,10,W,108,103,-71.560
2019,2,401114253,North Texas,Conference USA,SMU,American Athletic,Away,2019-09-07T23:00:00.000Z,True,False,27,49,L,33,37,50.017
2019,3,401114176,North Texas,Conference USA,California,Pac-12,Away,2019-09-14T20:15:00.000Z,True,False,17,23,L,70,47,29.664
2019,4,401114264,North Texas,Conference USA,UTSA,Conference USA,Home,2019-09-21T23:30:00.000Z,True,False,45,3,W,119,123,-159.788
2019,5,401114270,North Texas,Conference USA,Houston,American Athletic,Home,2019-09-29T00:00:00.000Z,True,False,25,46,L,89,71,-9.410
2019,7,401114282,North Texas,Conference USA,Southern Miss,Conference USA,Away,2019-10-12T23:00:00.000Z,True,False,27,45,L,72,92,-51.796
2019,8,401114290,North Texas,Conference USA,Middle Tennessee,Conference USA,Home,2019-10-19T20:00:00.000Z,True,False,33,30,W,94,106,-77.720
2019,9,401114293,North Texas,Conference USA,Charlotte,Conference USA,Away,2019-10-26T19:30:00.000Z,True,False,38,39,L,95,113,-101.330
2019,10,401114303,North Texas,Conference USA,UTEP,Conference USA,Home,2019-11-02T19:30:00.000Z,True,False,52,26,W,123,128,-232.477
2019,11,401114306,North Texas,Conference USA,Louisiana Tech,Conference USA,Away,2019-11-09T21:00:00.000Z,True,False,17,52,L,24,80,-27.882
2019,13,401114317,North Texas,Conference USA,Rice,Conference USA,Away,2019-11-23T20:30:00.000Z,True,False,14,20,L,101,115,-106.824
2019,14,401114325,North Texas,Conference USA,UAB,Conference USA,Home,2019-11-30T21:00:00.000Z,True,False,21,26,L,57,99,-62.221
2019,2,401114224,Northern Illinois,Mid-American,Utah,Pac-12,Away,2019-09-07T17:00:00.000Z,True,False,17,35,L,6,6,162.788
2019,3,401112240,Northern Illinois,Mid-American,Nebraska,Big Ten,Away,2019-09-15T00:00:00.000Z,True,False,8,44,L,54,51,21.572
2019,5,401110811,Northern Illinois,Mid-American,Vanderbilt,SEC,Away,2019-09-28T16:00:00.000Z,True,False,18,24,L,124,111,-97.974
2019,6,401119272,Northern Illinois,Mid-American,Ball State,Mid-American,Home,2019-10-05T19:30:00.000Z,True,False,20,27,L,51,81,-33.603
2019,7,401119279,Northern Illinois,Mid-American,Ohio,Mid-American,Away,2019-10-12T19:30:00.000Z,True,False,39,36,W,35,82,-34.057
2019,8,401119284,Northern Illinois,Mid-American,Miami (OH),Mid-American,Away,2019-10-19T18:30:00.000Z,True,False,24,27,L,90,87,-42.734
2019,9,401119287,Northern Illinois,Mid-American,Akron,Mid-American,Home,2019-10-26T19:30:00.000Z,True,False,49,0,W,128,129,-246.493
2019,10,401119295,Northern Illinois,Mid-American,Central Michigan,Mid-American,Away,2019-11-02T16:00:00.000Z,True,False,10,48,L,56,86,-41.234
2019,12,401119302,Northern Illinois,Mid-American,Toledo,Mid-American,Away,2019-11-14T01:00:00.000Z,True,False,31,28,W,105,116,-111.871
2019,13,401119305,Northern Illinois,Mid-American,Eastern Michigan,Mid-American,Home,2019-11-20T00:30:00.000Z,True,False,17,45,L,68,98,-59.752
2019,14,401119311,Northern Illinois,Mid-American,Western Michigan,Mid-American,Home,2019-11-27T00:00:00.000Z,True,False,17,14,W,38,79,-24.912
2019,1,401112245,Northwestern,Big Ten,Stanford,Pac-12,Away,2019-08-31T20:00:00.000Z,True,False,7,17,L,102,72,-16.213
2019,3,401112246,Northwestern,Big Ten,UNLV,Mountain West,Home,2019-09-14T19:30:00.000Z,True,False,30,14,W,111,119,-130.923
2019,4,401112215,Northwestern,Big Ten,Michigan State,Big Ten,Home,2019-09-21T16:00:00.000Z,True,False,10,31,L,63,40,45.882
2019,5,401112247,Northwestern,Big Ten,Wisconsin,Big Ten,Away,2019-09-28T16:00:00.000Z,True,False,15,24,L,7,7,161.369
2019,6,401112242,Northwestern,Big Ten,Nebraska,Big Ten,Away,2019-10-05T20:00:00.000Z,True,False,10,13,L,54,51,21.572
2019,8,401112248,Northwestern,Big Ten,Ohio State,Big Ten,Home,2019-10-19T00:30:00.000Z,True,False,3,52,L,1,2,228.487
2019,9,401112197,Northwestern,Big Ten,Iowa,Big Ten,Home,2019-10-26T16:00:00.000Z,True,False,0,20,L,19,14,129.745
2019,10,401112165,Northwestern,Big Ten,Indiana,Big Ten,Away,2019-11-02T23:00:00.000Z,True,False,3,34,L,42,39,48.606
2019,11,401112249,Northwestern,Big Ten,Purdue,Big Ten,Home,2019-11-09T17:00:00.000Z,True,False,22,24,L,80,57,10.624
2019,12,401112250,Northwestern,Big Ten,Massachusetts,FBS Independents,Home,2019-11-16T17:00:00.000Z,True,False,45,6,W,130,130,-267.810
2019,13,401112236,Northwestern,Big Ten,Minnesota,Big Ten,Home,2019-11-23T17:00:00.000Z,True,False,22,38,L,17,17,124.136
2019,14,401112156,Northwestern,Big Ten,Illinois,Big Ten,Away,2019-11-30T17:00:00.000Z,True,False,29,10,W,55,62,2.754
2019,1,401112436,Notre Dame,FBS Independents,Louisville,ACC,Away,2019-09-03T00:00:00.000Z,True,False,35,17,W,78,58,10.216
2019,1,401135276,Notre Dame,FBS Independents,Iowa State,Big 12,Away,2019-12-28T17:00:00.000Z,True,False,33,9,W,34,20,108.506
2019,3,401114336,Notre Dame,FBS Independents,New Mexico,Mountain West,Home,2019-09-14T18:30:00.000Z,True,False,66,14,W,120,122,-149.454
2019,4,401110800,Notre Dame,FBS Independents,Georgia,SEC,Away,2019-09-22T00:00:00.000Z,True,False,17,23,L,10,5,163.572
2019,5,401112472,Notre Dame,FBS Independents,Virginia,ACC,Home,2019-09-28T19:30:00.000Z,True,False,35,20,W,44,36,51.528
2019,6,401114337,Notre Dame,FBS Independents,Bowling Green,Mid-American,Home,2019-10-05T19:30:00.000Z,True,False,52,0,W,129,127,-171.732
2019,7,401114222,Notre Dame,FBS Independents,USC,Pac-12,Home,2019-10-12T23:30:00.000Z,True,False,30,27,W,48,33,64.353
2019,9,401112227,Notre Dame,FBS Independents,Michigan,Big Ten,Away,2019-10-26T23:30:00.000Z,True,False,14,45,L,26,15,127.999
2019,10,401112501,Notre Dame,FBS Independents,Virginia Tech,ACC,Home,2019-11-02T18:30:00.000Z,True,False,21,20,W,41,43,38.722
2019,11,401111654,Notre Dame,FBS Independents,Duke,ACC,Away,2019-11-10T00:30:00.000Z,True,False,38,7,W,96,56,11.749
2019,12,401114338,Notre Dame,FBS Independents,Navy,American Athletic,Home,2019-11-16T19:30:00.000Z,True,False,52,20,W,15,21,98.928
2019,13,401112514,Notre Dame,FBS Independents,Boston College,ACC,Home,2019-11-23T19:30:00.000Z,True,False,40,7,W,97,73,-16.650
2019,14,401114212,Notre Dame,FBS Independents,Stanford,Pac-12,Away,2019-11-30T21:00:00.000Z,True,False,45,24,W,102,72,-16.213
2019,1,401135292,Ohio,Mid-American,Nevada,Mountain West,Away,2020-01-03T20:30:00.000Z,True,False,30,21,W,113,112,-101.145
2019,2,401112445,Ohio,Mid-American,Pittsburgh,ACC,Away,2019-09-07T15:00:00.000Z,True,False,10,20,L,71,67,-4.502
2019,3,401114259,Ohio,Mid-American,Marshall,Conference USA,Away,2019-09-14T22:30:00.000Z,True,False,31,33,L,76,85,-40.539
2019,4,401119268,Ohio,Mid-American,Louisiana,Sun Belt,Home,2019-09-21T18:00:00.000Z,True,False,25,45,L,13,32,66.006
2019,6,401119274,Ohio,Mid-American,Buffalo,Mid-American,Away,2019-10-05T19:30:00.000Z,True,False,21,20,W,27,54,14.424
2019,7,401119279,Ohio,Mid-American,Northern Illinois,Mid-American,Home,2019-10-12T19:30:00.000Z,True,False,36,39,L,93,110,-97.877
2019,8,401119283,Ohio,Mid-American,Kent State,Mid-American,Home,2019-10-19T16:00:00.000Z,True,False,45,38,W,79,89,-49.330
2019,9,401119292,Ohio,Mid-American,Ball State,Mid-American,Away,2019-10-26T18:00:00.000Z,True,False,34,21,W,51,81,-33.603
2019,11,401119298,Ohio,Mid-American,Miami (OH),Mid-American,Home,2019-11-07T01:00:00.000Z,True,False,21,24,L,90,87,-42.734
2019,12,401119300,Ohio,Mid-American,Western Michigan,Mid-American,Home,2019-11-12T23:30:00.000Z,True,False,34,37,L,38,79,-24.912
2019,13,401119306,Ohio,Mid-American,Bowling Green,Mid-American,Away,2019-11-20T00:30:00.000Z,True,False,66,24,W,129,127,-171.732
2019,14,401119310,Ohio,Mid-American,Akron,Mid-American,Away,2019-11-26T23:00:00.000Z,True,False,52,3,W,128,129,-246.493
2019,1,401112251,Ohio State,Big Ten,Florida Atlantic,Conference USA,Home,2019-08-31T16:00:00.000Z,True,False,45,21,W,25,38,49.077
2019,1,401135279,Ohio State,Big Ten,Clemson,ACC,Home,2019-12-29T01:20:00.000Z,True,False,23,29,L,3,4,181.534
2019,2,401112252,Ohio State,Big Ten,Cincinnati,American Athletic,Home,2019-09-07T16:00:00.000Z,True,False,42,0,W,30,31,68.423
2019,3,401112159,Ohio State,Big Ten,Indiana,Big Ten,Away,2019-09-14T16:00:00.000Z,True,False,51,10,W,42,39,48.606
2019,4,401112253,Ohio State,Big Ten,Miami (OH),Mid-American,Home,2019-09-21T19:30:00.000Z,True,False,76,5,W,90,87,-42.734
2019,5,401112241,Ohio State,Big Ten,Nebraska,Big Ten,Away,2019-09-28T23:30:00.000Z,True,False,48,7,W,54,51,21.572
2019,6,401112216,Ohio State,Big Ten,Michigan State,Big Ten,Home,2019-10-05T23:30:00.000Z,True,False,34,10,W,63,40,45.882
2019,8,401112248,Ohio State,Big Ten,Northwestern,Big Ten,Away,2019-10-19T00:30:00.000Z,True,False,52,3,W,99,76,-23.767
2019,9,401112254,Ohio State,Big Ten,Wisconsin,Big Ten,Home,2019-10-26T16:00:00.000Z,True,False,38,7,W,7,7,161.369
2019,11,401112209,Ohio State,Big Ten,Maryland,Big Ten,Home,2019-11-09T17:00:00.000Z,True,False,73,14,W,116,84,-36.417
2019,12,401112255,Ohio State,Big Ten,Rutgers,Big Ten,Away,2019-11-16T20:30:00.000Z,True,False,56,21,W,127,117,-115.188
2019,13,401112256,Ohio State,Big Ten,Penn State,Big Ten,Home,2019-11-23T17:00:00.000Z,True,False,28,17,W,12,11,150.070
2019,14,401112228,Ohio State,Big Ten,Michigan,Big Ten,Away,2019-11-30T17:00:00.000Z,True,False,56,27,W,26,15,127.999
2019,15,401132983,Ohio State,Big Ten,Wisconsin,Big Ten,Away,2019-12-08T01:00:00.000Z,True,False,34,21,W,7,7,161.369
2019,1,401112114,Oklahoma,Big 12,Houston,American Athletic,Home,2019-09-01T23:30:00.000Z,True,False,49,31,W,89,71,-9.410
2019,1,401135278,Oklahoma,Big 12,LSU,SEC,Away,2019-12-28T21:20:00.000Z,True,False,28,63,L,4,1,229.529
2019,3,401112116,Oklahoma,Big 12,UCLA,Pac-12,Away,2019-09-15T00:00:00.000Z,True,False,48,14,W,103,74,-18.504
2019,5,401112117,Oklahoma,Big 12,Texas Tech,Big 12,Home,2019-09-28T16:00:00.000Z,True,False,55,16,W,73,49,24.463
2019,6,401112101,Oklahoma,Big 12,Kansas,Big 12,Away,2019-10-05T16:00:00.000Z,True,False,45,20,W,112,75,-22.932
2019,7,401112118,Oklahoma,Big 12,Texas,Big 12,Away,2019-10-12T16:00:00.000Z,True,False,34,27,W,32,16,125.263
2019,8,401112119,Oklahoma,Big 12,West Virginia,Big 12,Home,2019-10-19T16:00:00.000Z,True,False,52,14,W,107,70,-7.818
2019,9,401112110,Oklahoma,Big 12,Kansas State,Big 12,Away,2019-10-26T16:00:00.000Z,True,False,41,48,L,36,25,86.532
2019,11,401112092,Oklahoma,Big 12,Iowa State,Big 12,Home,2019-11-10T01:00:00.000Z,True,False,42,41,W,34,20,108.506
2019,12,401112082,Oklahoma,Big 12,Baylor,Big 12,Away,2019-11-17T00:30:00.000Z,True,False,34,31,W,23,19,115.306
2019,13,401112120,Oklahoma,Big 12,TCU,Big 12,Home,2019-11-24T01:00:00.000Z,True,False,28,24,W,50,29,72.893
2019,14,401112121,Oklahoma,Big 12,Oklahoma State,Big 12,Away,2019-12-01T01:00:00.000Z,True,False,34,16,W,49,28,73.851
2019,15,401132974,Oklahoma,Big 12,Baylor,Big 12,Home,2019-12-07T17:00:00.000Z,True,False,30,23,W,23,19,115.306
2019,1,401112122,Oklahoma State,Big 12,Oregon State,Pac-12,Away,2019-08-31T02:30:00.000Z,True,False,52,36,W,86,50,24.374
2019,1,401135274,Oklahoma State,Big 12,Texas A&M,SEC,Away,2019-12-27T23:45:00.000Z,True,False,21,24,L,47,27,79.896
2019,3,401112124,Oklahoma State,Big 12,Tulsa,American Athletic,Away,2019-09-14T19:30:00.000Z,True,False,40,21,W,87,69,-7.796
2019,4,401112125,Oklahoma State,Big 12,Texas,Big 12,Away,2019-09-21T23:30:00.000Z,True,False,30,36,L,32,16,125.263
2019,5,401112108,Oklahoma State,Big 12,Kansas State,Big 12,Home,2019-09-28T23:00:00.000Z,True,False,26,13,W,36,25,86.532
2019,6,401112126,Oklahoma State,Big 12,Texas Tech,Big 12,Away,2019-10-05T16:00:00.000Z,True,False,35,45,L,73,49,24.463
2019,8,401112079,Oklahoma State,Big 12,Baylor,Big 12,Home,2019-10-19T20:00:00.000Z,True,False,27,45,L,23,19,115.306
2019,9,401112091,Oklahoma State,Big 12,Iowa State,Big 12,Away,2019-10-26T19:30:00.000Z,True,False,34,27,W,34,20,108.506
2019,10,401112127,Oklahoma State,Big 12,TCU,Big 12,Home,2019-11-02T19:30:00.000Z,True,False,34,27,W,50,29,72.893
2019,12,401112105,Oklahoma State,Big 12,Kansas,Big 12,Home,2019-11-16T17:00:00.000Z,True,False,31,13,W,112,75,-22.932
2019,13,401112128,Oklahoma State,Big 12,West Virginia,Big 12,Away,2019-11-23T17:00:00.000Z,True,False,20,13,W,107,70,-7.818
2019,14,401112121,Oklahoma State,Big 12,Oklahoma,Big 12,Home,2019-12-01T01:00:00.000Z,True,False,16,34,L,20,10,153.042
2019,2,401112446,Old Dominion,Conference USA,Virginia Tech,ACC,Away,2019-09-07T16:00:00.000Z,True,False,17,31,L,41,43,38.722
2019,4,401112463,Old Dominion,Conference USA,Virginia,ACC,Away,2019-09-21T23:00:00.000Z,True,False,17,28,L,44,36,51.528
2019,5,401114271,Old Dominion,Conference USA,East Carolina,American Athletic,Home,2019-09-28T22:00:00.000Z,True,False,21,24,L,114,118,-122.827
2019,6,401114276,Old Dominion,Conference USA,Western Kentucky,Conference USA,Home,2019-10-05T22:00:00.000Z,True,False,3,20,L,37,63,1.424
2019,7,401114283,Old Dominion,Conference USA,Marshall,Conference USA,Away,2019-10-12T18:30:00.000Z,True,False,17,31,L,76,85,-40.539
2019,8,401114291,Old Dominion,Conference USA,UAB,Conference USA,Away,2019-10-19T20:00:00.000Z,True,False,14,38,L,57,99,-62.221
2019,9,401114295,Old Dominion,Conference USA,Florida Atlantic,Conference USA,Home,2019-10-26T19:30:00.000Z,True,False,3,41,L,25,38,49.077
2019,10,401114300,Old Dominion,Conference USA,Florida International,Conference USA,Away,2019-11-02T16:00:00.000Z,True,False,17,24,L,64,104,-75.614
2019,11,401114307,Old Dominion,Conference USA,UTSA,Conference USA,Home,2019-11-09T19:00:00.000Z,True,False,23,24,L,119,123,-159.788
2019,13,401114316,Old Dominion,Conference USA,Middle Tennessee,Conference USA,Away,2019-11-23T21:30:00.000Z,True,False,17,38,L,94,106,-77.720
2019,14,401114320,Old Dominion,Conference USA,Charlotte,Conference USA,Home,2019-11-30T19:00:00.000Z,True,False,22,38,L,95,113,-101.330
2019,1,401110726,Ole Miss,SEC,Memphis,American Athletic,Away,2019-08-31T16:00:00.000Z,True,False,10,15,L,22,22,98.074
2019,2,401110779,Ole Miss,SEC,Arkansas,SEC,Home,2019-09-07T23:30:00.000Z,True,False,31,17,W,121,100,-64.550
2019,4,401110801,Ole Miss,SEC,California,Pac-12,Home,2019-09-21T16:00:00.000Z,True,False,20,28,L,70,47,29.664
2019,5,401110806,Ole Miss,SEC,Alabama,SEC,Away,2019-09-28T19:30:00.000Z,True,False,31,59,L,2,3,224.015
2019,6,401110814,Ole Miss,SEC,Vanderbilt,SEC,Home,2019-10-05T23:30:00.000Z,True,False,31,6,W,124,111,-97.974
2019,7,401110820,Ole Miss,SEC,Missouri,SEC,Away,2019-10-12T23:00:00.000Z,True,False,27,38,L,46,45,35.127
2019,8,401110827,Ole Miss,SEC,Texas A&M,SEC,Home,2019-10-19T23:30:00.000Z,True,False,17,24,L,47,27,79.896
2019,10,401110837,Ole Miss,SEC,Auburn,SEC,Away,2019-11-02T23:00:00.000Z,True,False,14,20,L,28,9,157.581
2019,11,401110847,Ole Miss,SEC,New Mexico State,FBS Independents,Home,2019-11-09T21:00:00.000Z,True,False,41,3,W,125,126,-164.259
2019,12,401110850,Ole Miss,SEC,LSU,SEC,Home,2019-11-17T00:00:00.000Z,True,False,37,58,L,4,1,229.529
2019,14,401110863,Ole Miss,SEC,Mississippi State,SEC,Away,2019-11-29T00:30:00.000Z,True,False,20,21,L,85,42,42.109
2019,1,401110722,Oregon,Pac-12,Auburn,SEC,Away,2019-08-31T23:30:00.000Z,True,False,21,27,L,28,9,157.581
2019,1,401135288,Oregon,Pac-12,Wisconsin,Big Ten,Away,2020-01-01T22:10:00.000Z,True,False,28,27,W,7,7,161.369
2019,2,401114193,Oregon,Pac-12,Nevada,Mountain West,Home,2019-09-07T23:30:00.000Z,True,False,77,6,W,113,112,-101.145
2019,4,401114195,Oregon,Pac-12,Stanford,Pac-12,Away,2019-09-21T23:00:00.000Z,True,False,21,6,W,102,72,-16.213
2019,6,401114177,Oregon,Pac-12,California,Pac-12,Home,2019-10-06T00:00:00.000Z,True,False,17,7,W,70,47,29.664
2019,7,401114186,Oregon,Pac-12,Colorado,Pac-12,Home,2019-10-12T02:00:00.000Z,True,False,45,3,W,98,64,-0.081
2019,8,401114196,Oregon,Pac-12,Washington,Pac-12,Away,2019-10-19T19:30:00.000Z,True,False,35,31,W,21,18,122.587
2019,9,401114197,Oregon,Pac-12,Washington State,Pac-12,Home,2019-10-27T02:30:00.000Z,True,False,37,35,W,43,46,34.514
2019,10,401114198,Oregon,Pac-12,USC,Pac-12,Away,2019-11-03T00:00:00.000Z,True,False,56,24,W,48,33,64.353
2019,12,401114172,Oregon,Pac-12,Arizona,Pac-12,Home,2019-11-17T03:30:00.000Z,True,False,34,6,W,109,93,-52.362
2019,13,401114162,Oregon,Pac-12,Arizona State,Pac-12,Away,2019-11-24T00:30:00.000Z,True,False,28,31,L,53,41,44.423
2019,14,401114199,Oregon,Pac-12,Oregon State,Pac-12,Home,2019-11-30T21:00:00.000Z,True,False,24,10,W,86,50,24.374
2019,15,401132973,Oregon,Pac-12,Utah,Pac-12,Home,2019-12-07T01:00:00.000Z,True,False,37,15,W,6,6,162.788
2019,1,401112122,Oregon State,Pac-12,Oklahoma State,Big 12,Home,2019-08-31T02:30:00.000Z,True,False,36,52,L,49,28,73.851
2019,2,401114200,Oregon State,Pac-12,Hawai'i,Mountain West,Away,2019-09-08T03:59:00.000Z,True,False,28,31,L,52,77,-24.078
2019,5,401114202,Oregon State,Pac-12,Stanford,Pac-12,Home,2019-09-28T23:00:00.000Z,True,False,28,31,L,102,72,-16.213
2019,6,401114203,Oregon State,Pac-12,UCLA,Pac-12,Away,2019-10-06T01:00:00.000Z,True,False,48,31,W,103,74,-18.504
2019,7,401114204,Oregon State,Pac-12,Utah,Pac-12,Home,2019-10-13T00:00:00.000Z,True,False,7,52,L,6,6,162.788
2019,8,401114178,Oregon State,Pac-12,California,Pac-12,Away,2019-10-19T18:30:00.000Z,True,False,21,17,W,70,47,29.664
2019,10,401114171,Oregon State,Pac-12,Arizona,Pac-12,Away,2019-11-02T20:30:00.000Z,True,False,56,38,W,109,93,-52.362
2019,11,401114205,Oregon State,Pac-12,Washington,Pac-12,Home,2019-11-09T03:30:00.000Z,True,False,7,19,L,21,18,122.587
2019,12,401114161,Oregon State,Pac-12,Arizona State,Pac-12,Home,2019-11-17T00:30:00.000Z,True,False,35,34,W,53,41,44.423
2019,13,401114206,Oregon State,Pac-12,Washington State,Pac-12,Away,2019-11-24T02:00:00.000Z,True,False,53,54,L,43,46,34.514
2019,14,401114199,Oregon State,Pac-12,Oregon,Pac-12,Away,2019-11-30T21:00:00.000Z,True,False,10,24,L,8,8,157.608
2019,1,401135277,Penn State,Big Ten,Memphis,American Athletic,Home,2019-12-28T17:00:00.000Z,True,False,53,39,W,22,22,98.074
2019,2,401112258,Penn State,Big Ten,Buffalo,Mid-American,Home,2019-09-07T23:30:00.000Z,True,False,45,13,W,27,54,14.424
2019,3,401112259,Penn State,Big Ten,Pittsburgh,ACC,Home,2019-09-14T16:00:00.000Z,True,False,17,10,W,71,67,-4.502
2019,5,401112204,Penn State,Big Ten,Maryland,Big Ten,Away,2019-09-28T00:00:00.000Z,True,False,59,0,W,116,84,-36.417
2019,6,401112260,Penn State,Big Ten,Purdue,Big Ten,Home,2019-10-05T16:00:00.000Z,True,False,35,7,W,80,57,10.624
2019,7,401112195,Penn State,Big Ten,Iowa,Big Ten,Away,2019-10-12T23:30:00.000Z,True,False,17,12,W,19,14,129.745
2019,8,401112226,Penn State,Big Ten,Michigan,Big Ten,Home,2019-10-19T23:30:00.000Z,True,False,28,21,W,26,15,127.999
2019,9,401112218,Penn State,Big Ten,Michigan State,Big Ten,Away,2019-10-26T19:30:00.000Z,True,False,28,7,W,63,40,45.882
2019,11,401112235,Penn State,Big Ten,Minnesota,Big Ten,Away,2019-11-09T17:00:00.000Z,True,False,26,31,L,17,17,124.136
2019,12,401112166,Penn State,Big Ten,Indiana,Big Ten,Home,2019-11-16T17:00:00.000Z,True,False,34,27,W,42,39,48.606
2019,13,401112256,Penn State,Big Ten,Ohio State,Big Ten,Away,2019-11-23T17:00:00.000Z,True,False,17,28,L,1,2,228.487
2019,14,401112261,Penn State,Big Ten,Rutgers,Big Ten,Home,2019-11-30T20:30:00.000Z,True,False,27,6,W,127,117,-115.188
2019,1,401112433,Pittsburgh,ACC,Virginia,ACC,Home,2019-08-31T23:30:00.000Z,True,False,14,30,L,44,36,51.528
2019,1,401135271,Pittsburgh,ACC,Eastern Michigan,Mid-American,Away,2019-12-27T01:00:00.000Z,True,False,34,30,W,68,98,-59.752
2019,2,401112445,Pittsburgh,ACC,Ohio,Mid-American,Home,2019-09-07T15:00:00.000Z,True,False,20,10,W,35,82,-34.057
2019,3,401112259,Pittsburgh,ACC,Penn State,Big Ten,Away,2019-09-14T16:00:00.000Z,True,False,10,17,L,12,11,150.070
2019,4,401112461,Pittsburgh,ACC,UCF,American Athletic,Home,2019-09-21T19:30:00.000Z,True,False,35,34,W,11,24,87.049
2019,6,401112474,Pittsburgh,ACC,Duke,ACC,Away,2019-10-06T00:00:00.000Z,True,False,33,30,W,96,56,11.749
2019,8,401112483,Pittsburgh,ACC,Syracuse,ACC,Away,2019-10-18T23:00:00.000Z,True,False,27,20,W,91,88,-46.132
2019,9,401112494,Pittsburgh,ACC,Miami,ACC,Home,2019-10-26T16:00:00.000Z,True,False,12,16,L,61,59,7.665
2019,10,401112498,Pittsburgh,ACC,Georgia Tech,ACC,Away,2019-11-02T20:00:00.000Z,True,False,20,10,W,118,97,-58.551
2019,12,401112507,Pittsburgh,ACC,North Carolina,ACC,Home,2019-11-15T01:00:00.000Z,True,False,34,27,W,40,34,59.526
2019,13,401112519,Pittsburgh,ACC,Virginia Tech,ACC,Away,2019-11-23T20:30:00.000Z,True,False,0,28,L,41,43,38.722
2019,14,401112522,Pittsburgh,ACC,Boston College,ACC,Home,2019-11-30T20:30:00.000Z,True,False,19,26,L,97,73,-16.650
2019,1,401112262,Purdue,Big Ten,Nevada,Mountain West,Away,2019-08-31T01:30:00.000Z,True,False,31,34,L,113,112,-101.145
2019,2,401110785,Purdue,Big Ten,Vanderbilt,SEC,Home,2019-09-07T16:00:00.000Z,True,False,42,24,W,124,111,-97.974
2019,3,401112130,Purdue,Big Ten,TCU,Big 12,Home,2019-09-14T23:30:00.000Z,True,False,13,34,L,50,29,72.893
2019,5,401112232,Purdue,Big Ten,Minnesota,Big Ten,Home,2019-09-28T19:30:00.000Z,True,False,31,38,L,17,17,124.136
2019,6,401112260,Purdue,Big Ten,Penn State,Big Ten,Away,2019-10-05T16:00:00.000Z,True,False,7,35,L,12,11,150.070
2019,7,401112206,Purdue,Big Ten,Maryland,Big Ten,Home,2019-10-12T16:00:00.000Z,True,False,40,14,W,116,84,-36.417
2019,8,401112196,Purdue,Big Ten,Iowa,Big Ten,Away,2019-10-19T16:00:00.000Z,True,False,20,26,L,19,14,129.745
2019,9,401112152,Purdue,Big Ten,Illinois,Big Ten,Home,2019-10-26T16:00:00.000Z,True,False,6,24,L,55,62,2.754
2019,10,401112243,Purdue,Big Ten,Nebraska,Big Ten,Home,2019-11-02T16:00:00.000Z,True,False,31,27,W,54,51,21.572
2019,11,401112249,Purdue,Big Ten,Northwestern,Big Ten,Away,2019-11-09T17:00:00.000Z,True,False,24,22,W,99,76,-23.767
2019,13,401112263,Purdue,Big Ten,Wisconsin,Big Ten,Away,2019-11-23T21:00:00.000Z,True,False,24,45,L,7,7,161.369
2019,14,401112168,Purdue,Big Ten,Indiana,Big Ten,Home,2019-11-30T17:00:00.000Z,True,False,41,44,L,42,39,48.606
2019,1,401114238,Rice,Conference USA,Army,FBS Independents,Away,2019-08-30T22:00:00.000Z,True,False,7,14,L,58,96,-58.233
2019,2,401112447,Rice,Conference USA,Wake Forest,ACC,Home,2019-09-07T00:00:00.000Z,True,False,21,41,L,66,60,6.032
2019,3,401112136,Rice,Conference USA,Texas,Big 12,Home,2019-09-15T00:00:00.000Z,True,False,13,48,L,32,16,125.263
2019,4,401112075,Rice,Conference USA,Baylor,Big 12,Home,2019-09-21T23:00:00.000Z,True,False,13,21,L,23,19,115.306
2019,5,401114268,Rice,Conference USA,Louisiana Tech,Conference USA,Home,2019-09-28T23:00:00.000Z,True,False,20,23,L,24,80,-27.882
2019,6,401114277,Rice,Conference USA,UAB,Conference USA,Away,2019-10-05T23:00:00.000Z,True,False,20,35,L,57,99,-62.221
2019,8,401114292,Rice,Conference USA,UTSA,Conference USA,Away,2019-10-19T22:00:00.000Z,True,False,27,31,L,119,123,-159.788
2019,9,401114298,Rice,Conference USA,Southern Miss,Conference USA,Home,2019-10-26T17:00:00.000Z,True,False,6,20,L,72,92,-51.796
2019,10,401114302,Rice,Conference USA,Marshall,Conference USA,Home,2019-11-02T19:30:00.000Z,True,False,7,20,L,76,85,-40.539
2019,12,401114310,Rice,Conference USA,Middle Tennessee,Conference USA,Away,2019-11-16T21:30:00.000Z,True,False,31,28,W,94,106,-77.720
2019,13,401114317,Rice,Conference USA,North Texas,Conference USA,Home,2019-11-23T20:30:00.000Z,True,False,20,14,W,83,114,-106.714
2019,14,401114326,Rice,Conference USA,UTEP,Conference USA,Away,2019-11-30T20:00:00.000Z,True,False,30,16,W,123,128,-232.477
2019,1,401112264,Rutgers,Big Ten,Massachusetts,FBS Independents,Home,2019-08-30T23:15:00.000Z,True,False,48,21,W,130,130,-267.810
2019,2,401112192,Rutgers,Big Ten,Iowa,Big Ten,Away,2019-09-07T16:00:00.000Z,True,False,0,30,L,19,14,129.745
2019,4,401112265,Rutgers,Big Ten,Boston College,ACC,Home,2019-09-21T16:00:00.000Z,True,False,16,30,L,97,73,-16.650
2019,5,401112225,Rutgers,Big Ten,Michigan,Big Ten,Away,2019-09-28T16:00:00.000Z,True,False,0,52,L,26,15,127.999
2019,6,401112205,Rutgers,Big Ten,Maryland,Big Ten,Home,2019-10-05T16:00:00.000Z,True,False,7,48,L,116,84,-36.417
2019,7,401112162,Rutgers,Big Ten,Indiana,Big Ten,Away,2019-10-12T16:00:00.000Z,True,False,0,35,L,42,39,48.606
2019,8,401112234,Rutgers,Big Ten,Minnesota,Big Ten,Home,2019-10-19T19:30:00.000Z,True,False,7,42,L,17,17,124.136
2019,9,401112266,Rutgers,Big Ten,Liberty,FBS Independents,Home,2019-10-26T16:00:00.000Z,True,False,44,34,W,59,108,-78.619
2019,10,401112153,Rutgers,Big Ten,Illinois,Big Ten,Away,2019-11-02T19:30:00.000Z,True,False,10,38,L,55,62,2.754
2019,12,401112255,Rutgers,Big Ten,Ohio State,Big Ten,Home,2019-11-16T20:30:00.000Z,True,False,21,56,L,1,2,228.487
2019,13,401112220,Rutgers,Big Ten,Michigan State,Big Ten,Home,2019-11-23T17:00:00.000Z,True,False,0,27,L,63,40,45.882
2019,14,401112261,Rutgers,Big Ten,Penn State,Big Ten,Away,2019-11-30T20:30:00.000Z,True,False,6,27,L,12,11,150.070
2019,1,401117858,SMU,American Athletic,Arkansas State,Sun Belt,Away,2019-08-31T23:00:00.000Z,True,False,37,30,W,65,83,-34.786
2019,1,401135264,SMU,American Athletic,Florida Atlantic,Conference USA,Away,2019-12-21T20:30:00.000Z,True,False,28,52,L,25,38,49.077
2019,2,401114253,SMU,American Athletic,North Texas,Conference USA,Home,2019-09-07T23:00:00.000Z,True,False,49,27,W,83,114,-106.714
2019,3,401117867,SMU,American Athletic,Texas State,Sun Belt,Home,2019-09-14T23:00:00.000Z,True,False,47,17,W,122,121,-143.989
2019,4,401112131,SMU,American Athletic,TCU,Big 12,Away,2019-09-21T19:30:00.000Z,True,False,41,38,W,50,29,72.893
2019,5,401117873,SMU,American Athletic,South Florida,American Athletic,Away,2019-09-28T20:00:00.000Z,True,False,48,21,W,110,90,-50.207
2019,6,401117878,SMU,American Athletic,Tulsa,American Athletic,Home,2019-10-05T23:30:00.000Z,True,False,43,37,W,87,69,-7.796
2019,8,401117887,SMU,American Athletic,Temple,American Athletic,Home,2019-10-19T19:30:00.000Z,True,False,45,21,W,75,66,-3.643
2019,9,401117889,SMU,American Athletic,Houston,American Athletic,Away,2019-10-24T23:30:00.000Z,True,False,34,31,W,89,71,-9.410
2019,10,401117897,SMU,American Athletic,Memphis,American Athletic,Away,2019-11-02T23:30:00.000Z,True,False,48,54,L,22,22,98.074
2019,11,401117902,SMU,American Athletic,East Carolina,American Athletic,Home,2019-11-09T17:00:00.000Z,True,False,59,51,W,114,118,-122.827
2019,13,401117911,SMU,American Athletic,Navy,American Athletic,Away,2019-11-23T20:30:00.000Z,True,False,28,35,L,15,21,98.928
2019,14,401117917,SMU,American Athletic,Tulane,American Athletic,Home,2019-11-30T21:00:00.000Z,True,False,37,20,W,45,48,28.410
2019,1,401135263,San Diego State,Mountain West,Central Michigan,Mid-American,Home,2019-12-21T19:00:00.000Z,True,False,48,11,W,56,86,-41.234
2019,2,401114214,San Diego State,Mountain West,UCLA,Pac-12,Away,2019-09-07T20:15:00.000Z,True,False,23,14,W,103,74,-18.504
2019,3,401114339,San Diego State,Mountain West,New Mexico State,FBS Independents,Away,2019-09-15T00:00:00.000Z,True,False,31,10,W,125,126,-164.259
2019,4,401117508,San Diego State,Mountain West,Utah State,Mountain West,Home,2019-09-22T02:30:00.000Z,True,False,17,23,L,88,91,-51.471
2019,6,401117518,San Diego State,Mountain West,Colorado State,Mountain West,Away,2019-10-06T02:00:00.000Z,True,False,24,10,W,92,109,-85.041
2019,7,401117523,San Diego State,Mountain West,Wyoming,Mountain West,Home,2019-10-13T02:30:00.000Z,True,False,26,22,W,31,53,16.344
2019,8,401117529,San Diego State,Mountain West,San José State,Mountain West,Away,2019-10-19T23:00:00.000Z,True,False,27,17,W,82,105,-77.636
2019,9,401117534,San Diego State,Mountain West,UNLV,Mountain West,Away,2019-10-27T02:30:00.000Z,True,False,20,17,W,111,119,-130.923
2019,11,401117542,San Diego State,Mountain West,Nevada,Mountain West,Home,2019-11-10T03:30:00.000Z,True,False,13,17,L,113,112,-101.145
2019,12,401117547,San Diego State,Mountain West,Fresno State,Mountain West,Home,2019-11-16T02:30:00.000Z,True,False,17,7,W,67,95,-55.610
2019,13,401117552,San Diego State,Mountain West,Hawai'i,Mountain West,Away,2019-11-24T04:00:00.000Z,True,False,11,14,L,52,77,-24.078
2019,14,401117218,San Diego State,Mountain West,BYU,FBS Independents,Home,2019-12-01T02:00:00.000Z,True,False,13,3,W,62,78,-24.604
2019,2,401117501,San José State,Mountain West,Tulsa,American Athletic,Home,2019-09-08T01:00:00.000Z,True,False,16,34,L,87,69,-7.796
2019,4,401110798,San José State,Mountain West,Arkansas,SEC,Away,2019-09-21T23:30:00.000Z,True,False,31,24,W,121,100,-64.550
2019,5,401117512,San José State,Mountain West,Air Force,Mountain West,Away,2019-09-28T00:00:00.000Z,True,False,24,41,L,14,23,93.862
2019,6,401117519,San José State,Mountain West,New Mexico,Mountain West,Home,2019-10-05T02:00:00.000Z,True,False,32,21,W,120,122,-149.454
2019,7,401117524,San José State,Mountain West,Nevada,Mountain West,Away,2019-10-12T20:00:00.000Z,True,False,38,41,L,113,112,-101.145
2019,8,401117529,San José State,Mountain West,San Diego State,Mountain West,Home,2019-10-19T23:00:00.000Z,True,False,17,27,L,29,65,-3.526
2019,9,401114330,San José State,Mountain West,Army,FBS Independents,Away,2019-10-26T16:00:00.000Z,True,False,34,29,W,58,96,-58.233
2019,10,401117535,San José State,Mountain West,Boise State,Mountain West,Home,2019-11-03T02:30:00.000Z,True,False,42,52,L,18,30,69.136
2019,11,401117543,San José State,Mountain West,Hawai'i,Mountain West,Away,2019-11-10T04:00:00.000Z,True,False,40,42,L,52,77,-24.078
2019,13,401117553,San José State,Mountain West,UNLV,Mountain West,Away,2019-11-23T21:00:00.000Z,True,False,35,38,L,111,119,-130.923
2019,14,401117557,San José State,Mountain West,Fresno State,Mountain West,Home,2019-12-01T03:30:00.000Z,True,False,17,16,W,67,95,-55.610
2019,1,401112238,South Alabama,Sun Belt,Nebraska,Big Ten,Away,2019-08-31T16:00:00.000Z,True,False,21,35,L,54,51,21.572
2019,3,401117865,South Alabama,Sun Belt,Memphis,American Athletic,Home,2019-09-14T19:30:00.000Z,True,False,6,42,L,22,22,98.074
2019,4,401114265,South Alabama,Sun Belt,UAB,Conference USA,Away,2019-09-21T19:30:00.000Z,True,False,3,35,L,57,99,-62.221
2019,5,401121946,South Alabama,Sun Belt,UL Monroe,Sun Belt,Away,2019-09-28T23:00:00.000Z,True,False,17,30,L,106,94,-52.896
2019,6,401121948,South Alabama,Sun Belt,Georgia Southern,Sun Belt,Home,2019-10-03T23:30:00.000Z,True,False,17,20,L,60,68,-7.400
2019,8,401121953,South Alabama,Sun Belt,Troy,Sun Belt,Away,2019-10-17T00:00:00.000Z,True,False,13,37,L,84,101,-65.538
2019,9,401121957,South Alabama,Sun Belt,App State,Sun Belt,Home,2019-10-26T16:00:00.000Z,True,False,3,30,L,9,26,85.471
2019,11,401121967,South Alabama,Sun Belt,Texas State,Sun Belt,Away,2019-11-09T20:00:00.000Z,True,False,28,30,L,122,121,-143.989
2019,12,401121971,South Alabama,Sun Belt,Louisiana,Sun Belt,Home,2019-11-16T22:00:00.000Z,True,False,27,37,L,13,32,66.006
2019,13,401121976,South Alabama,Sun Belt,Georgia State,Sun Belt,Away,2019-11-23T19:00:00.000Z,True,False,15,28,L,100,102,-66.369
2019,14,401121979,South Alabama,Sun Belt,Arkansas State,Sun Belt,Home,2019-11-29T22:00:00.000Z,True,False,34,30,W,65,83,-34.786
2019,1,401110729,South Carolina,SEC,North Carolina,ACC,Away,2019-08-31T19:30:00.000Z,True,False,20,24,L,40,34,59.526
2019,3,401110794,South Carolina,SEC,Alabama,SEC,Home,2019-09-14T19:30:00.000Z,True,False,23,47,L,2,3,224.015
2019,4,401110803,South Carolina,SEC,Missouri,SEC,Away,2019-09-21T20:00:00.000Z,True,False,14,34,L,46,45,35.127
2019,5,401110810,South Carolina,SEC,Kentucky,SEC,Home,2019-09-28T23:30:00.000Z,True,False,24,7,W,39,35,55.601
2019,7,401110817,South Carolina,SEC,Georgia,SEC,Away,2019-10-12T16:00:00.000Z,True,False,20,17,W,10,5,163.572
2019,8,401110829,South Carolina,SEC,Florida,SEC,Home,2019-10-19T16:00:00.000Z,True,False,27,38,L,16,13,134.898
2019,9,401110834,South Carolina,SEC,Tennessee,SEC,Away,2019-10-26T20:00:00.000Z,True,False,21,41,L,74,52,18.270
2019,10,401110839,South Carolina,SEC,Vanderbilt,SEC,Home,2019-11-02T23:30:00.000Z,True,False,24,7,W,124,111,-97.974
2019,11,401110848,South Carolina,SEC,App State,Sun Belt,Home,2019-11-10T00:00:00.000Z,True,False,15,20,L,9,26,85.471
2019,12,401110853,South Carolina,SEC,Texas A&M,SEC,Away,2019-11-17T00:30:00.000Z,True,False,6,30,L,47,27,79.896
2019,14,401110870,South Carolina,SEC,Clemson,ACC,Home,2019-11-30T17:00:00.000Z,True,False,3,38,L,3,4,181.534
2019,1,401117856,South Florida,American Athletic,Wisconsin,Big Ten,Home,2019-08-30T23:55:00.000Z,True,False,0,49,L,7,7,161.369
2019,2,401112441,South Florida,American Athletic,Georgia Tech,ACC,Away,2019-09-07T18:00:00.000Z,True,False,10,14,L,118,97,-58.551
2019,5,401117873,South Florida,American Athletic,SMU,American Athletic,Home,2019-09-28T20:00:00.000Z,True,False,21,48,L,33,37,50.017
2019,6,401117876,South Florida,American Athletic,UConn,American Athletic,Away,2019-10-05T16:00:00.000Z,True,False,48,22,W,126,124,-160.471
2019,7,401117214,South Florida,American Athletic,BYU,FBS Independents,Home,2019-10-12T19:30:00.000Z,True,False,27,23,W,62,78,-24.604
2019,8,401117883,South Florida,American Athletic,Navy,American Athletic,Away,2019-10-19T19:30:00.000Z,True,False,3,35,L,15,21,98.928
2019,9,401117892,South Florida,American Athletic,East Carolina,American Athletic,Away,2019-10-26T19:45:00.000Z,True,False,45,20,W,114,118,-122.827
2019,11,401117899,South Florida,American Athletic,Temple,American Athletic,Home,2019-11-08T01:00:00.000Z,True,False,7,17,L,75,66,-3.643
2019,12,401117903,South Florida,American Athletic,Cincinnati,American Athletic,Home,2019-11-17T00:00:00.000Z,True,False,17,20,L,30,31,68.423
2019,13,401117909,South Florida,American Athletic,Memphis,American Athletic,Home,2019-11-23T21:00:00.000Z,True,False,10,49,L,22,22,98.074
2019,14,401117912,South Florida,American Athletic,UCF,American Athletic,Away,2019-11-30T01:00:00.000Z,True,False,7,34,L,11,24,87.049
2019,1,401135293,Southern Miss,Conference USA,Tulane,American Athletic,Away,2020-01-04T16:30:00.000Z,True,False,13,30,L,45,48,28.410
2019,2,401110780,Southern Miss,Conference USA,Mississippi State,SEC,Away,2019-09-07T19:30:00.000Z,True,False,15,38,L,85,42,42.109
2019,3,401114260,Southern Miss,Conference USA,Troy,Sun Belt,Away,2019-09-14T22:00:00.000Z,True,False,47,42,W,84,101,-65.538
2019,4,401110797,Southern Miss,Conference USA,Alabama,SEC,Away,2019-09-21T16:00:00.000Z,True,False,7,49,L,2,3,224.015
2019,5,401114272,Southern Miss,Conference USA,UTEP,Conference USA,Home,2019-09-28T23:00:00.000Z,True,False,31,13,W,123,128,-232.477
2019,7,401114282,Southern Miss,Conference USA,North Texas,Conference USA,Home,2019-10-12T23:00:00.000Z,True,False,45,27,W,83,114,-106.714
2019,8,401114289,Southern Miss,Conference USA,Louisiana Tech,Conference USA,Away,2019-10-19T19:30:00.000Z,True,False,30,45,L,24,80,-27.882
2019,9,401114298,Southern Miss,Conference USA,Rice,Conference USA,Away,2019-10-26T17:00:00.000Z,True,False,20,6,W,101,115,-106.824
2019,11,401114308,Southern Miss,Conference USA,UAB,Conference USA,Home,2019-11-09T20:30:00.000Z,True,False,37,2,W,57,99,-62.221
2019,12,401114311,Southern Miss,Conference USA,UTSA,Conference USA,Away,2019-11-16T23:00:00.000Z,True,False,36,17,W,119,123,-159.788
2019,13,401114318,Southern Miss,Conference USA,Western Kentucky,Conference USA,Home,2019-11-23T20:30:00.000Z,True,False,10,28,L,37,63,1.424
2019,14,401114322,Southern Miss,Conference USA,Florida Atlantic,Conference USA,Away,2019-11-30T20:30:00.000Z,True,False,17,34,L,25,38,49.077
2019,1,401112245,Stanford,Pac-12,Northwestern,Big Ten,Home,2019-08-31T20:00:00.000Z,True,False,17,7,W,99,76,-23.767
2019,2,401114207,Stanford,Pac-12,USC,Pac-12,Away,2019-09-08T02:30:00.000Z,True,False,20,45,L,48,33,64.353
2019,3,401114208,Stanford,Pac-12,UCF,American Athletic,Away,2019-09-14T19:30:00.000Z,True,False,27,45,L,11,24,87.049
2019,4,401114195,Stanford,Pac-12,Oregon,Pac-12,Home,2019-09-21T23:00:00.000Z,True,False,6,21,L,8,8,157.608
2019,5,401114202,Stanford,Pac-12,Oregon State,Pac-12,Away,2019-09-28T23:00:00.000Z,True,False,31,28,W,86,50,24.374
2019,6,401114209,Stanford,Pac-12,Washington,Pac-12,Home,2019-10-06T02:30:00.000Z,True,False,23,13,W,21,18,122.587
2019,8,401114210,Stanford,Pac-12,UCLA,Pac-12,Home,2019-10-18T01:00:00.000Z,True,False,16,34,L,103,74,-18.504
2019,9,401114170,Stanford,Pac-12,Arizona,Pac-12,Home,2019-10-26T19:30:00.000Z,True,False,41,31,W,109,93,-52.362
2019,11,401114190,Stanford,Pac-12,Colorado,Pac-12,Away,2019-11-09T20:00:00.000Z,True,False,13,16,L,98,64,-0.081
2019,12,401114231,Stanford,Pac-12,Washington State,Pac-12,Away,2019-11-16T21:30:00.000Z,True,False,22,49,L,43,46,34.514
2019,13,401114182,Stanford,Pac-12,California,Pac-12,Home,2019-11-23T21:00:00.000Z,True,False,20,24,L,70,47,29.664
2019,14,401114212,Stanford,Pac-12,Notre Dame,FBS Independents,Home,2019-11-30T21:00:00.000Z,True,False,24,45,L,5,12,145.660
2019,1,401112434,Syracuse,ACC,Liberty,FBS Independents,Away,2019-08-31T22:00:00.000Z,True,False,24,0,W,59,108,-78.619
2019,2,401112202,Syracuse,ACC,Maryland,Big Ten,Away,2019-09-07T16:00:00.000Z,True,False,20,63,L,116,84,-36.417
2019,3,401112449,Syracuse,ACC,Clemson,ACC,Home,2019-09-14T23:30:00.000Z,True,False,6,41,L,3,4,181.534
2019,4,401112462,Syracuse,ACC,Western Michigan,Mid-American,Home,2019-09-21T16:00:00.000Z,True,False,52,33,W,38,79,-24.912
2019,7,401112477,Syracuse,ACC,NC State,ACC,Away,2019-10-11T00:00:00.000Z,True,False,10,16,L,108,103,-71.560
2019,8,401112483,Syracuse,ACC,Pittsburgh,ACC,Home,2019-10-18T23:00:00.000Z,True,False,20,27,L,71,67,-4.502
2019,9,401112492,Syracuse,ACC,Florida State,ACC,Away,2019-10-26T19:30:00.000Z,True,False,17,35,L,77,61,3.779
2019,10,401112495,Syracuse,ACC,Boston College,ACC,Home,2019-11-02T16:00:00.000Z,True,False,27,58,L,97,73,-16.650
2019,12,401112509,Syracuse,ACC,Duke,ACC,Away,2019-11-16T21:00:00.000Z,True,False,49,6,W,96,56,11.749
2019,13,401112516,Syracuse,ACC,Louisville,ACC,Away,2019-11-23T21:00:00.000Z,True,False,34,56,L,78,58,10.216
2019,14,401112525,Syracuse,ACC,Wake Forest,ACC,Home,2019-11-30T17:30:00.000Z,True,False,39,30,W,66,60,6.032
2019,3,401112130,TCU,Big 12,Purdue,Big Ten,Away,2019-09-14T23:30:00.000Z,True,False,34,13,W,80,57,10.624
2019,4,401112131,TCU,Big 12,SMU,American Athletic,Home,2019-09-21T19:30:00.000Z,True,False,38,41,L,33,37,50.017
2019,5,401112100,TCU,Big 12,Kansas,Big 12,Home,2019-09-28T16:00:00.000Z,True,False,51,14,W,112,75,-22.932
2019,6,401112088,TCU,Big 12,Iowa State,Big 12,Away,2019-10-05T18:00:00.000Z,True,False,24,49,L,34,20,108.506
2019,8,401112109,TCU,Big 12,Kansas State,Big 12,Away,2019-10-19T18:30:00.000Z,True,False,17,24,L,36,25,86.532
2019,9,401112132,TCU,Big 12,Texas,Big 12,Home,2019-10-26T19:30:00.000Z,True,False,37,27,W,32,16,125.263
2019,10,401112127,TCU,Big 12,Oklahoma State,Big 12,Away,2019-11-02T19:30:00.000Z,True,False,27,34,L,49,28,73.851
2019,11,401112081,TCU,Big 12,Baylor,Big 12,Home,2019-11-09T17:00:00.000Z,True,False,23,29,L,23,19,115.306
2019,12,401112133,TCU,Big 12,Texas Tech,Big 12,Away,2019-11-16T17:00:00.000Z,True,False,33,31,W,73,49,24.463
2019,13,401112120,TCU,Big 12,Oklahoma,Big 12,Away,2019-11-24T01:00:00.000Z,True,False,24,28,L,20,10,153.042
2019,14,401112134,TCU,Big 12,West Virginia,Big 12,Home,2019-11-29T21:15:00.000Z,True,False,17,20,L,107,70,-7.818
2019,1,401135272,Temple,American Athletic,North Carolina,ACC,Home,2019-12-27T17:00:00.000Z,True,False,13,55,L,40,34,59.526
2019,3,401112203,Temple,American Athletic,Maryland,Big Ten,Home,2019-09-14T16:00:00.000Z,True,False,20,17,W,116,84,-36.417
2019,4,401117870,Temple,American Athletic,Buffalo,Mid-American,Away,2019-09-21T19:30:00.000Z,True,False,22,38,L,27,54,14.424
2019,5,401112469,Temple,American Athletic,Georgia Tech,ACC,Home,2019-09-28T19:30:00.000Z,True,False,24,2,W,118,97,-58.551
2019,6,401117874,Temple,American Athletic,East Carolina,American Athletic,Away,2019-10-04T00:00:00.000Z,True,False,27,17,W,114,118,-122.827
2019,7,401117881,Temple,American Athletic,Memphis,American Athletic,Home,2019-10-12T16:00:00.000Z,True,False,30,28,W,22,22,98.074
2019,8,401117887,Temple,American Athletic,SMU,American Athletic,Away,2019-10-19T19:30:00.000Z,True,False,21,45,L,33,37,50.017
2019,9,401117891,Temple,American Athletic,UCF,American Athletic,Home,2019-10-26T23:00:00.000Z,True,False,21,63,L,11,24,87.049
2019,11,401117899,Temple,American Athletic,South Florida,American Athletic,Away,2019-11-08T01:00:00.000Z,True,False,17,7,W,110,90,-50.207
2019,12,401117905,Temple,American Athletic,Tulane,American Athletic,Home,2019-11-16T17:00:00.000Z,True,False,29,21,W,45,48,28.410
2019,13,401117907,Temple,American Athletic,Cincinnati,American Athletic,Away,2019-11-24T00:00:00.000Z,True,False,13,15,L,30,31,68.423
2019,14,401117914,Temple,American Athletic,UConn,American Athletic,Home,2019-11-30T20:30:00.000Z,True,False,49,17,W,126,124,-160.471
2019,1,401110730,Tennessee,SEC,Georgia State,Sun Belt,Home,2019-08-31T19:30:00.000Z,True,False,30,38,L,100,102,-66.369
2019,1,401135291,Tennessee,SEC,Indiana,Big Ten,Home,2020-01-03T00:00:00.000Z,True,False,23,22,W,42,39,48.606
2019,2,401110783,Tennessee,SEC,BYU,FBS Independents,Home,2019-09-07T23:00:00.000Z,True,False,26,29,L,62,78,-24.604
2019,4,401110799,Tennessee,SEC,Florida,SEC,Away,2019-09-21T16:00:00.000Z,True,False,3,34,L,16,13,134.898
2019,6,401110816,Tennessee,SEC,Georgia,SEC,Home,2019-10-05T23:00:00.000Z,True,False,14,43,L,10,5,163.572
2019,7,401110821,Tennessee,SEC,Mississippi State,SEC,Home,2019-10-12T16:00:00.000Z,True,False,20,10,W,85,42,42.109
2019,8,401110824,Tennessee,SEC,Alabama,SEC,Away,2019-10-20T01:00:00.000Z,True,False,13,35,L,2,3,224.015
2019,9,401110834,Tennessee,SEC,South Carolina,SEC,Home,2019-10-26T20:00:00.000Z,True,False,41,21,W,104,55,12.957
2019,10,401110840,Tennessee,SEC,UAB,Conference USA,Home,2019-11-02T23:00:00.000Z,True,False,30,7,W,57,99,-62.221
2019,11,401110846,Tennessee,SEC,Kentucky,SEC,Away,2019-11-10T00:30:00.000Z,True,False,17,13,W,39,35,55.601
2019,13,401110861,Tennessee,SEC,Missouri,SEC,Away,2019-11-24T00:30:00.000Z,True,False,24,20,W,46,45,35.127
2019,14,401110871,Tennessee,SEC,Vanderbilt,SEC,Home,2019-11-30T21:00:00.000Z,True,False,28,10,W,124,111,-97.974
2019,1,401112135,Texas,Big 12,Louisiana Tech,Conference USA,Home,2019-09-01T00:00:00.000Z,True,False,45,14,W,24,80,-27.882
2019,1,401135285,Texas,Big 12,Utah,Pac-12,Home,2020-01-01T00:30:00.000Z,True,False,38,10,W,6,6,162.788
2019,2,401110778,Texas,Big 12,LSU,SEC,Home,2019-09-07T23:30:00.000Z,True,False,38,45,L,4,1,229.529
2019,3,401112136,Texas,Big 12,Rice,Conference USA,Away,2019-09-15T00:00:00.000Z,True,False,48,13,W,101,115,-106.824
2019,4,401112125,Texas,Big 12,Oklahoma State,Big 12,Home,2019-09-21T23:30:00.000Z,True,False,36,30,W,49,28,73.851
2019,6,401112137,Texas,Big 12,West Virginia,Big 12,Away,2019-10-05T19:30:00.000Z,True,False,42,31,W,107,70,-7.818
2019,7,401112118,Texas,Big 12,Oklahoma,Big 12,Home,2019-10-12T16:00:00.000Z,True,False,27,34,L,20,10,153.042
2019,8,401112102,Texas,Big 12,Kansas,Big 12,Home,2019-10-19T23:00:00.000Z,True,False,50,48,W,112,75,-22.932
2019,9,401112132,Texas,Big 12,TCU,Big 12,Away,2019-10-26T19:30:00.000Z,True,False,27,37,L,50,29,72.893
2019,11,401112111,Texas,Big 12,Kansas State,Big 12,Home,2019-11-09T20:30:00.000Z,True,False,27,24,W,36,25,86.532
2019,12,401112093,Texas,Big 12,Iowa State,Big 12,Away,2019-11-16T20:30:00.000Z,True,False,21,23,L,34,20,108.506
2019,13,401112083,Texas,Big 12,Baylor,Big 12,Away,2019-11-23T20:30:00.000Z,True,False,10,24,L,23,19,115.306
2019,14,401112138,Texas,Big 12,Texas Tech,Big 12,Home,2019-11-29T17:00:00.000Z,True,False,49,24,W,73,49,24.463
2019,1,401110731,Texas A&M,SEC,Texas State,Sun Belt,Home,2019-08-30T00:30:00.000Z,True,False,41,7,W,122,121,-143.989
2019,1,401135274,Texas A&M,SEC,Oklahoma State,Big 12,Home,2019-12-27T23:45:00.000Z,True,False,24,21,W,49,28,73.851
2019,2,401110784,Texas A&M,SEC,Clemson,ACC,Away,2019-09-07T19:30:00.000Z,True,False,10,24,L,3,4,181.534
2019,4,401110804,Texas A&M,SEC,Auburn,SEC,Home,2019-09-21T19:30:00.000Z,True,False,20,28,L,28,9,157.581
2019,5,401110807,Texas A&M,SEC,Arkansas,SEC,Away,2019-09-28T16:00:00.000Z,True,False,31,27,W,121,100,-64.550
2019,7,401110822,Texas A&M,SEC,Alabama,SEC,Home,2019-10-12T19:30:00.000Z,True,False,28,47,L,2,3,224.015
2019,8,401110827,Texas A&M,SEC,Ole Miss,SEC,Away,2019-10-19T23:30:00.000Z,True,False,24,17,W,69,44,35.328
2019,9,401110835,Texas A&M,SEC,Mississippi State,SEC,Home,2019-10-26T16:00:00.000Z,True,False,49,30,W,85,42,42.109
2019,10,401110841,Texas A&M,SEC,UTSA,Conference USA,Home,2019-11-02T16:00:00.000Z,True,False,45,14,W,119,123,-159.788
2019,12,401110853,Texas A&M,SEC,South Carolina,SEC,Home,2019-11-17T00:30:00.000Z,True,False,30,6,W,104,55,12.957
2019,13,401110857,Texas A&M,SEC,Georgia,SEC,Away,2019-11-23T20:30:00.000Z,True,False,13,19,L,10,5,163.572
2019,14,401110869,Texas A&M,SEC,LSU,SEC,Away,2019-12-01T00:00:00.000Z,True,False,7,50,L,4,1,229.529
2019,1,401110731,Texas State,Sun Belt,Texas A&M,SEC,Away,2019-08-30T00:30:00.000Z,True,False,7,41,L,47,27,79.896
2019,2,401117500,Texas State,Sun Belt,Wyoming,Mountain West,Home,2019-09-07T23:00:00.000Z,True,False,14,23,L,31,53,16.344
2019,3,401117867,Texas State,Sun Belt,SMU,American Athletic,Away,2019-09-14T23:00:00.000Z,True,False,17,47,L,33,37,50.017
2019,4,401121942,Texas State,Sun Belt,Georgia State,Sun Belt,Home,2019-09-21T23:00:00.000Z,True,False,37,34,W,100,102,-66.369
2019,7,401121951,Texas State,Sun Belt,UL Monroe,Sun Belt,Home,2019-10-11T01:15:00.000Z,True,False,14,24,L,106,94,-52.896
2019,9,401121958,Texas State,Sun Belt,Arkansas State,Sun Belt,Away,2019-10-26T23:00:00.000Z,True,False,14,38,L,65,83,-34.786
2019,10,401121963,Texas State,Sun Belt,Louisiana,Sun Belt,Away,2019-11-02T21:00:00.000Z,True,False,3,31,L,13,32,66.006
2019,11,401121967,Texas State,Sun Belt,South Alabama,Sun Belt,Home,2019-11-09T20:00:00.000Z,True,False,30,28,W,117,120,-135.762
2019,12,401121972,Texas State,Sun Belt,Troy,Sun Belt,Home,2019-11-16T20:00:00.000Z,True,False,27,63,L,84,101,-65.538
2019,13,401121973,Texas State,Sun Belt,App State,Sun Belt,Away,2019-11-23T19:30:00.000Z,True,False,13,35,L,9,26,85.471
2019,14,401121980,Texas State,Sun Belt,Coastal Carolina,Sun Belt,Away,2019-11-30T17:00:00.000Z,True,False,21,24,L,81,107,-78.511
2019,2,401112140,Texas Tech,Big 12,UTEP,Conference USA,Home,2019-09-08T00:00:00.000Z,True,False,38,3,W,123,128,-232.477
2019,3,401112141,Texas Tech,Big 12,Arizona,Pac-12,Away,2019-09-15T02:30:00.000Z,True,False,14,28,L,109,93,-52.362
2019,5,401112117,Texas Tech,Big 12,Oklahoma,Big 12,Away,2019-09-28T16:00:00.000Z,True,False,16,55,L,20,10,153.042
2019,6,401112126,Texas Tech,Big 12,Oklahoma State,Big 12,Home,2019-10-05T16:00:00.000Z,True,False,45,35,W,49,28,73.851
2019,7,401112078,Texas Tech,Big 12,Baylor,Big 12,Away,2019-10-12T20:00:00.000Z,True,False,30,33,L,23,19,115.306
2019,8,401112090,Texas Tech,Big 12,Iowa State,Big 12,Home,2019-10-19T16:00:00.000Z,True,False,24,34,L,34,20,108.506
2019,9,401112103,Texas Tech,Big 12,Kansas,Big 12,Away,2019-10-26T23:00:00.000Z,True,False,34,37,L,112,75,-22.932
2019,11,401112142,Texas Tech,Big 12,West Virginia,Big 12,Away,2019-11-09T17:00:00.000Z,True,False,38,17,W,107,70,-7.818
2019,12,401112133,Texas Tech,Big 12,TCU,Big 12,Home,2019-11-16T17:00:00.000Z,True,False,31,33,L,50,29,72.893
2019,13,401112113,Texas Tech,Big 12,Kansas State,Big 12,Home,2019-11-24T00:00:00.000Z,True,False,27,30,L,36,25,86.532
2019,14,401112138,Texas Tech,Big 12,Texas,Big 12,Away,2019-11-29T17:00:00.000Z,True,False,24,49,L,32,16,125.263
2019,1,401110724,Toledo,Mid-American,Kentucky,SEC,Away,2019-08-31T16:00:00.000Z,True,False,24,38,L,39,35,55.601
2019,4,401117507,Toledo,Mid-American,Colorado State,Mountain West,Away,2019-09-22T02:15:00.000Z,True,False,41,35,W,92,109,-85.041
2019,5,401117213,Toledo,Mid-American,BYU,FBS Independents,Home,2019-09-28T16:00:00.000Z,True,False,28,21,W,62,78,-24.604
2019,6,401119275,Toledo,Mid-American,Western Michigan,Mid-American,Home,2019-10-05T19:30:00.000Z,True,False,31,24,W,38,79,-24.912
2019,7,401119280,Toledo,Mid-American,Bowling Green,Mid-American,Away,2019-10-12T16:00:00.000Z,True,False,7,20,L,129,127,-171.732
2019,8,401119285,Toledo,Mid-American,Ball State,Mid-American,Away,2019-10-19T18:00:00.000Z,True,False,14,52,L,51,81,-33.603
2019,9,401119290,Toledo,Mid-American,Eastern Michigan,Mid-American,Home,2019-10-26T19:30:00.000Z,True,False,37,34,W,68,98,-59.752
2019,11,401119297,Toledo,Mid-American,Kent State,Mid-American,Home,2019-11-06T00:00:00.000Z,True,False,35,33,W,79,89,-49.330
2019,12,401119302,Toledo,Mid-American,Northern Illinois,Mid-American,Home,2019-11-14T01:00:00.000Z,True,False,28,31,L,93,110,-97.877
2019,13,401119308,Toledo,Mid-American,Buffalo,Mid-American,Away,2019-11-21T00:30:00.000Z,True,False,30,49,L,27,54,14.424
2019,14,401119315,Toledo,Mid-American,Central Michigan,Mid-American,Away,2019-11-29T17:00:00.000Z,True,False,7,49,L,56,86,-41.234
2019,3,401114260,Troy,Sun Belt,Southern Miss,Conference USA,Home,2019-09-14T22:00:00.000Z,True,False,42,47,L,72,92,-51.796
2019,4,401119269,Troy,Sun Belt,Akron,Mid-American,Away,2019-09-21T19:00:00.000Z,True,False,35,7,W,128,129,-246.493
2019,5,401121944,Troy,Sun Belt,Arkansas State,Sun Belt,Home,2019-09-28T22:00:00.000Z,True,False,43,50,L,65,83,-34.786
2019,6,401110815,Troy,Sun Belt,Missouri,SEC,Away,2019-10-05T20:00:00.000Z,True,False,10,42,L,46,45,35.127
2019,8,401121953,Troy,Sun Belt,South Alabama,Sun Belt,Home,2019-10-17T00:00:00.000Z,True,False,37,13,W,117,120,-135.762
2019,9,401121959,Troy,Sun Belt,Georgia State,Sun Belt,Away,2019-10-26T23:00:00.000Z,True,False,33,52,L,100,102,-66.369
2019,10,401121962,Troy,Sun Belt,Coastal Carolina,Sun Belt,Away,2019-11-02T19:00:00.000Z,True,False,35,36,L,81,107,-78.511
2019,11,401121965,Troy,Sun Belt,Georgia Southern,Sun Belt,Home,2019-11-09T20:30:00.000Z,True,False,49,28,W,60,68,-7.400
2019,12,401121972,Troy,Sun Belt,Texas State,Sun Belt,Away,2019-11-16T20:00:00.000Z,True,False,63,27,W,122,121,-143.989
2019,13,401121977,Troy,Sun Belt,Louisiana,Sun Belt,Away,2019-11-23T22:00:00.000Z,True,False,3,53,L,13,32,66.006
2019,14,401121978,Troy,Sun Belt,App State,Sun Belt,Home,2019-11-29T23:00:00.000Z,True,False,13,48,L,9,26,85.471
2019,1,401114236,Tulane,American Athletic,Florida International,Conference USA,Home,2019-08-30T00:00:00.000Z,True,False,42,14,W,64,104,-75.614
2019,1,401135293,Tulane,American Athletic,Southern Miss,Conference USA,Home,2020-01-04T16:30:00.000Z,True,False,30,13,W,72,92,-51.796
2019,2,401110774,Tulane,American Athletic,Auburn,SEC,Away,2019-09-07T23:30:00.000Z,True,False,6,24,L,28,9,157.581
2019,4,401117869,Tulane,American Athletic,Houston,American Athletic,Home,2019-09-20T00:00:00.000Z,True,False,38,31,W,89,71,-9.410
2019,6,401114328,Tulane,American Athletic,Army,FBS Independents,Away,2019-10-05T16:00:00.000Z,True,False,42,33,W,58,96,-58.233
2019,7,401117880,Tulane,American Athletic,UConn,American Athletic,Home,2019-10-12T19:45:00.000Z,True,False,49,7,W,126,124,-160.471
2019,8,401117888,Tulane,American Athletic,Memphis,American Athletic,Away,2019-10-19T23:00:00.000Z,True,False,17,47,L,22,22,98.074
2019,9,401117890,Tulane,American Athletic,Navy,American Athletic,Away,2019-10-26T19:30:00.000Z,True,False,38,41,L,15,21,98.928
2019,10,401117898,Tulane,American Athletic,Tulsa,American Athletic,Home,2019-11-02T20:00:00.000Z,True,False,38,26,W,87,69,-7.796
2019,12,401117905,Tulane,American Athletic,Temple,American Athletic,Away,2019-11-16T17:00:00.000Z,True,False,21,29,L,75,66,-3.643
2019,13,401117906,Tulane,American Athletic,UCF,American Athletic,Home,2019-11-23T17:00:00.000Z,True,False,31,34,L,11,24,87.049
2019,14,401117917,Tulane,American Athletic,SMU,American Athletic,Away,2019-11-30T21:00:00.000Z,True,False,20,37,L,33,37,50.017
2019,1,401112212,Tulsa,American Athletic,Michigan State,Big Ten,Away,2019-08-30T23:00:00.000Z,True,False,7,28,L,63,40,45.882
2019,2,401117501,Tulsa,American Athletic,San José State,Mountain West,Away,2019-09-08T01:00:00.000Z,True,False,34,16,W,82,105,-77.636
2019,3,401112124,Tulsa,American Athletic,Oklahoma State,Big 12,Home,2019-09-14T19:30:00.000Z,True,False,21,40,L,49,28,73.851
2019,4,401117509,Tulsa,American Athletic,Wyoming,Mountain West,Home,2019-09-21T19:30:00.000Z,True,False,24,21,W,31,53,16.344
2019,6,401117878,Tulsa,American Athletic,SMU,American Athletic,Away,2019-10-05T23:30:00.000Z,True,False,37,43,L,33,37,50.017
2019,7,401117882,Tulsa,American Athletic,Navy,American Athletic,Home,2019-10-12T23:30:00.000Z,True,False,17,45,L,15,21,98.928
2019,8,401117885,Tulsa,American Athletic,Cincinnati,American Athletic,Away,2019-10-19T19:30:00.000Z,True,False,13,24,L,30,31,68.423
2019,9,401117893,Tulsa,American Athletic,Memphis,American Athletic,Home,2019-10-26T23:00:00.000Z,True,False,41,42,L,22,22,98.074
2019,10,401117898,Tulsa,American Athletic,Tulane,American Athletic,Away,2019-11-02T20:00:00.000Z,True,False,26,38,L,45,48,28.410
2019,11,401117900,Tulsa,American Athletic,UCF,American Athletic,Home,2019-11-09T00:00:00.000Z,True,False,34,31,W,11,24,87.049
2019,13,401117910,Tulsa,American Athletic,Houston,American Athletic,Home,2019-11-24T00:30:00.000Z,True,False,14,24,L,89,71,-9.410
2019,14,401117915,Tulsa,American Athletic,East Carolina,American Athletic,Away,2019-11-30T17:00:00.000Z,True,False,49,24,W,114,118,-122.827
2019,1,401135267,UAB,Conference USA,App State,Sun Belt,Home,2019-12-22T02:00:00.000Z,True,False,17,31,L,9,26,85.471
2019,2,401114254,UAB,Conference USA,Akron,Mid-American,Away,2019-09-07T16:00:00.000Z,True,False,31,20,W,128,129,-246.493
2019,4,401114265,UAB,Conference USA,South Alabama,Sun Belt,Home,2019-09-21T19:30:00.000Z,True,False,35,3,W,117,120,-135.762
2019,5,401114273,UAB,Conference USA,Western Kentucky,Conference USA,Away,2019-09-28T23:00:00.000Z,True,False,13,20,L,37,63,1.424
2019,6,401114277,UAB,Conference USA,Rice,Conference USA,Home,2019-10-05T23:00:00.000Z,True,False,35,20,W,101,115,-106.824
2019,7,401114284,UAB,Conference USA,UTSA,Conference USA,Away,2019-10-12T22:00:00.000Z,True,False,33,14,W,119,123,-159.788
2019,8,401114291,UAB,Conference USA,Old Dominion,Conference USA,Home,2019-10-19T20:00:00.000Z,True,False,38,14,W,115,125,-161.639
2019,10,401110840,UAB,Conference USA,Tennessee,SEC,Away,2019-11-02T23:00:00.000Z,True,False,7,30,L,74,52,18.270
2019,11,401114308,UAB,Conference USA,Southern Miss,Conference USA,Away,2019-11-09T20:30:00.000Z,True,False,2,37,L,72,92,-51.796
2019,12,401114312,UAB,Conference USA,UTEP,Conference USA,Home,2019-11-16T18:00:00.000Z,True,False,37,10,W,123,128,-232.477
2019,13,401114315,UAB,Conference USA,Louisiana Tech,Conference USA,Home,2019-11-23T20:30:00.000Z,True,False,20,14,W,24,80,-27.882
2019,14,401114325,UAB,Conference USA,North Texas,Conference USA,Away,2019-11-30T21:00:00.000Z,True,False,26,21,W,83,114,-106.714
2019,15,401132980,UAB,Conference USA,Florida Atlantic,Conference USA,Away,2019-12-07T18:30:00.000Z,True,False,6,49,L,25,38,49.077
2019,1,401135268,UCF,American Athletic,Marshall,Conference USA,Away,2019-12-23T19:30:00.000Z,True,False,48,25,W,76,85,-40.539
2019,2,401114249,UCF,American Athletic,Florida Atlantic,Conference USA,Away,2019-09-07T23:00:00.000Z,True,False,48,14,W,25,38,49.077
2019,3,401114208,UCF,American Athletic,Stanford,Pac-12,Home,2019-09-14T19:30:00.000Z,True,False,45,27,W,102,72,-16.213
2019,4,401112461,UCF,American Athletic,Pittsburgh,ACC,Away,2019-09-21T19:30:00.000Z,True,False,34,35,L,71,67,-4.502
2019,5,401117872,UCF,American Athletic,UConn,American Athletic,Home,2019-09-28T23:00:00.000Z,True,False,56,21,W,126,124,-160.471
2019,6,401117875,UCF,American Athletic,Cincinnati,American Athletic,Away,2019-10-05T00:00:00.000Z,True,False,24,27,L,30,31,68.423
2019,8,401117884,UCF,American Athletic,East Carolina,American Athletic,Home,2019-10-19T23:00:00.000Z,True,False,41,28,W,114,118,-122.827
2019,9,401117891,UCF,American Athletic,Temple,American Athletic,Away,2019-10-26T23:00:00.000Z,True,False,63,21,W,75,66,-3.643
2019,10,401117895,UCF,American Athletic,Houston,American Athletic,Home,2019-11-02T16:00:00.000Z,True,False,44,29,W,89,71,-9.410
2019,11,401117900,UCF,American Athletic,Tulsa,American Athletic,Away,2019-11-09T00:00:00.000Z,True,False,31,34,L,87,69,-7.796
2019,13,401117906,UCF,American Athletic,Tulane,American Athletic,Away,2019-11-23T17:00:00.000Z,True,False,34,31,W,45,48,28.410
2019,14,401117912,UCF,American Athletic,South Florida,American Athletic,Home,2019-11-30T01:00:00.000Z,True,False,34,7,W,110,90,-50.207
2019,1,401117854,UCLA,Pac-12,Cincinnati,American Athletic,Away,2019-08-29T23:00:00.000Z,True,False,14,24,L,30,31,68.423
2019,2,401114214,UCLA,Pac-12,San Diego State,Mountain West,Home,2019-09-07T20:15:00.000Z,True,False,14,23,L,29,65,-3.526
2019,3,401112116,UCLA,Pac-12,Oklahoma,Big 12,Home,2019-09-15T00:00:00.000Z,True,False,14,48,L,20,10,153.042
2019,4,401114215,UCLA,Pac-12,Washington State,Pac-12,Away,2019-09-22T02:30:00.000Z,True,False,67,63,W,43,46,34.514
2019,5,401114166,UCLA,Pac-12,Arizona,Pac-12,Away,2019-09-29T02:30:00.000Z,True,False,17,20,L,109,93,-52.362
2019,6,401114203,UCLA,Pac-12,Oregon State,Pac-12,Home,2019-10-06T01:00:00.000Z,True,False,31,48,L,86,50,24.374
2019,8,401114210,UCLA,Pac-12,Stanford,Pac-12,Away,2019-10-18T01:00:00.000Z,True,False,34,16,W,102,72,-16.213
2019,9,401114159,UCLA,Pac-12,Arizona State,Pac-12,Home,2019-10-26T23:30:00.000Z,True,False,42,32,W,53,41,44.423
2019,10,401114189,UCLA,Pac-12,Colorado,Pac-12,Home,2019-11-03T01:00:00.000Z,True,False,31,14,W,98,64,-0.081
2019,12,401114216,UCLA,Pac-12,Utah,Pac-12,Away,2019-11-17T01:00:00.000Z,True,False,3,49,L,6,6,162.788
2019,13,401114217,UCLA,Pac-12,USC,Pac-12,Away,2019-11-23T20:30:00.000Z,True,False,35,52,L,48,33,64.353
2019,14,401114183,UCLA,Pac-12,California,Pac-12,Home,2019-12-01T03:30:00.000Z,True,False,18,28,L,70,47,29.664
2019,2,401112146,UConn,American Athletic,Illinois,Big Ten,Home,2019-09-07T19:30:00.000Z,True,False,23,31,L,55,62,2.754
2019,4,401112160,UConn,American Athletic,Indiana,Big Ten,Away,2019-09-21T16:00:00.000Z,True,False,3,38,L,42,39,48.606
2019,5,401117872,UConn,American Athletic,UCF,American Athletic,Away,2019-09-28T23:00:00.000Z,True,False,21,56,L,11,24,87.049
2019,6,401117876,UConn,American Athletic,South Florida,American Athletic,Home,2019-10-05T16:00:00.000Z,True,False,22,48,L,110,90,-50.207
2019,7,401117880,UConn,American Athletic,Tulane,American Athletic,Away,2019-10-12T19:45:00.000Z,True,False,7,49,L,45,48,28.410
2019,8,401117886,UConn,American Athletic,Houston,American Athletic,Home,2019-10-19T16:00:00.000Z,True,False,17,24,L,89,71,-9.410
2019,9,401114357,UConn,American Athletic,Massachusetts,FBS Independents,Away,2019-10-26T19:30:00.000Z,True,False,56,35,W,130,130,-267.810
2019,10,401117894,UConn,American Athletic,Navy,American Athletic,Home,2019-11-02T00:00:00.000Z,True,False,10,56,L,15,21,98.928
2019,11,401117901,UConn,American Athletic,Cincinnati,American Athletic,Away,2019-11-09T20:30:00.000Z,True,False,3,48,L,30,31,68.423
2019,13,401117908,UConn,American Athletic,East Carolina,American Athletic,Home,2019-11-23T17:00:00.000Z,True,False,24,31,L,114,118,-122.827
2019,14,401117914,UConn,American Athletic,Temple,American Athletic,Away,2019-11-30T20:30:00.000Z,True,False,17,49,L,75,66,-3.643
2019,2,401112440,UL Monroe,Sun Belt,Florida State,ACC,Away,2019-09-07T21:00:00.000Z,True,False,44,45,L,77,61,3.779
2019,4,401112087,UL Monroe,Sun Belt,Iowa State,Big 12,Away,2019-09-21T16:00:00.000Z,True,False,20,72,L,34,20,108.506
2019,5,401121946,UL Monroe,Sun Belt,South Alabama,Sun Belt,Home,2019-09-28T23:00:00.000Z,True,False,30,17,W,117,120,-135.762
2019,6,401117877,UL Monroe,Sun Belt,Memphis,American Athletic,Home,2019-10-05T19:45:00.000Z,True,False,33,52,L,22,22,98.074
2019,7,401121951,UL Monroe,Sun Belt,Texas State,Sun Belt,Away,2019-10-11T01:15:00.000Z,True,False,24,14,W,122,121,-143.989
2019,8,401121955,UL Monroe,Sun Belt,App State,Sun Belt,Away,2019-10-19T19:30:00.000Z,True,False,7,52,L,9,26,85.471
2019,10,401121961,UL Monroe,Sun Belt,Arkansas State,Sun Belt,Home,2019-11-02T19:30:00.000Z,True,False,41,48,L,65,83,-34.786
2019,11,401121966,UL Monroe,Sun Belt,Georgia State,Sun Belt,Home,2019-11-09T22:00:00.000Z,True,False,45,31,W,100,102,-66.369
2019,12,401121970,UL Monroe,Sun Belt,Georgia Southern,Sun Belt,Away,2019-11-16T20:00:00.000Z,True,False,29,51,L,60,68,-7.400
2019,13,401121975,UL Monroe,Sun Belt,Coastal Carolina,Sun Belt,Home,2019-11-23T22:00:00.000Z,True,False,45,42,W,81,107,-78.511
2019,14,401121982,UL Monroe,Sun Belt,Louisiana,Sun Belt,Away,2019-12-01T00:30:00.000Z,True,False,30,31,L,13,32,66.006
2019,2,401117502,UNLV,Mountain West,Arkansas State,Sun Belt,Home,2019-09-08T02:00:00.000Z,True,False,17,43,L,65,83,-34.786
2019,3,401112246,UNLV,Mountain West,Northwestern,Big Ten,Away,2019-09-14T19:30:00.000Z,True,False,14,30,L,99,76,-23.767
2019,5,401117514,UNLV,Mountain West,Wyoming,Mountain West,Away,2019-09-29T00:00:00.000Z,True,False,17,53,L,31,53,16.344
2019,6,401117517,UNLV,Mountain West,Boise State,Mountain West,Home,2019-10-06T02:30:00.000Z,True,False,13,38,L,18,30,69.136
2019,7,401110823,UNLV,Mountain West,Vanderbilt,SEC,Away,2019-10-12T20:00:00.000Z,True,False,34,10,W,124,111,-97.974
2019,8,401117528,UNLV,Mountain West,Fresno State,Mountain West,Away,2019-10-19T02:00:00.000Z,True,False,27,56,L,67,95,-55.610
2019,9,401117534,UNLV,Mountain West,San Diego State,Mountain West,Home,2019-10-27T02:30:00.000Z,True,False,17,20,L,29,65,-3.526
2019,10,401117538,UNLV,Mountain West,Colorado State,Mountain West,Away,2019-11-02T19:30:00.000Z,True,False,17,37,L,92,109,-85.041
2019,12,401117548,UNLV,Mountain West,Hawai'i,Mountain West,Home,2019-11-16T21:00:00.000Z,True,False,7,21,L,52,77,-24.078
2019,13,401117553,UNLV,Mountain West,San José State,Mountain West,Home,2019-11-23T21:00:00.000Z,True,False,38,35,W,82,105,-77.636
2019,14,401117558,UNLV,Mountain West,Nevada,Mountain West,Away,2019-11-30T20:00:00.000Z,True,False,33,30,W,113,112,-101.145
2019,1,401114218,USC,Pac-12,Fresno State,Mountain West,Home,2019-09-01T02:30:00.000Z,True,False,31,23,W,67,95,-55.610
2019,1,401136253,USC,Pac-12,Iowa,Big Ten,Away,2019-12-28T01:00:00.000Z,True,False,24,49,L,19,14,129.745
2019,2,401114207,USC,Pac-12,Stanford,Pac-12,Home,2019-09-08T02:30:00.000Z,True,False,45,20,W,102,72,-16.213
2019,3,401114219,USC,Pac-12,BYU,FBS Independents,Away,2019-09-14T19:30:00.000Z,True,False,27,30,L,62,78,-24.604
2019,4,401114220,USC,Pac-12,Utah,Pac-12,Home,2019-09-21T01:00:00.000Z,True,False,30,23,W,6,6,162.788
2019,5,401114221,USC,Pac-12,Washington,Pac-12,Away,2019-09-28T19:30:00.000Z,True,False,14,28,L,21,18,122.587
2019,7,401114222,USC,Pac-12,Notre Dame,FBS Independents,Away,2019-10-12T23:30:00.000Z,True,False,27,30,L,5,12,145.660
2019,8,401114169,USC,Pac-12,Arizona,Pac-12,Home,2019-10-20T01:30:00.000Z,True,False,41,14,W,109,93,-52.362
2019,9,401114188,USC,Pac-12,Colorado,Pac-12,Away,2019-10-26T01:00:00.000Z,True,False,35,31,W,98,64,-0.081
2019,10,401114198,USC,Pac-12,Oregon,Pac-12,Home,2019-11-03T00:00:00.000Z,True,False,24,56,L,8,8,157.608
2019,11,401114160,USC,Pac-12,Arizona State,Pac-12,Away,2019-11-09T20:30:00.000Z,True,False,31,26,W,53,41,44.423
2019,12,401114181,USC,Pac-12,California,Pac-12,Away,2019-11-17T04:00:00.000Z,True,False,41,17,W,70,47,29.664
2019,13,401114217,USC,Pac-12,UCLA,Pac-12,Home,2019-11-23T20:30:00.000Z,True,False,52,35,W,103,74,-18.504
2019,2,401112140,UTEP,Conference USA,Texas Tech,Big 12,Away,2019-09-08T00:00:00.000Z,True,False,3,38,L,73,49,24.463
2019,4,401114266,UTEP,Conference USA,Nevada,Mountain West,Home,2019-09-22T00:00:00.000Z,True,False,21,37,L,113,112,-101.145
2019,5,401114272,UTEP,Conference USA,Southern Miss,Conference USA,Away,2019-09-28T23:00:00.000Z,True,False,13,31,L,72,92,-51.796
2019,6,401114278,UTEP,Conference USA,UTSA,Conference USA,Home,2019-10-06T00:00:00.000Z,True,False,16,26,L,119,123,-159.788
2019,8,401114287,UTEP,Conference USA,Florida International,Conference USA,Away,2019-10-19T23:00:00.000Z,True,False,17,32,L,64,104,-75.614
2019,9,401114296,UTEP,Conference USA,Louisiana Tech,Conference USA,Home,2019-10-27T00:00:00.000Z,True,False,21,42,L,24,80,-27.882
2019,10,401114303,UTEP,Conference USA,North Texas,Conference USA,Away,2019-11-02T19:30:00.000Z,True,False,26,52,L,83,114,-106.714
2019,11,401114304,UTEP,Conference USA,Charlotte,Conference USA,Home,2019-11-09T20:00:00.000Z,True,False,21,28,L,95,113,-101.330
2019,12,401114312,UTEP,Conference USA,UAB,Conference USA,Away,2019-11-16T18:00:00.000Z,True,False,10,37,L,57,99,-62.221
2019,13,401114319,UTEP,Conference USA,New Mexico State,FBS Independents,Away,2019-11-23T21:00:00.000Z,True,False,35,44,L,125,126,-164.259
2019,14,401114326,UTEP,Conference USA,Rice,Conference USA,Home,2019-11-30T20:00:00.000Z,True,False,16,30,L,101,115,-106.824
2019,2,401112074,UTSA,Conference USA,Baylor,Big 12,Away,2019-09-07T20:00:00.000Z,True,False,14,63,L,23,19,115.306
2019,3,401114261,UTSA,Conference USA,Army,FBS Independents,Home,2019-09-14T19:30:00.000Z,True,False,13,31,L,58,96,-58.233
2019,4,401114264,UTSA,Conference USA,North Texas,Conference USA,Away,2019-09-21T23:30:00.000Z,True,False,3,45,L,83,114,-106.714
2019,6,401114278,UTSA,Conference USA,UTEP,Conference USA,Away,2019-10-06T00:00:00.000Z,True,False,26,16,W,123,128,-232.477
2019,7,401114284,UTSA,Conference USA,UAB,Conference USA,Home,2019-10-12T22:00:00.000Z,True,False,14,33,L,57,99,-62.221
2019,8,401114292,UTSA,Conference USA,Rice,Conference USA,Home,2019-10-19T22:00:00.000Z,True,False,31,27,W,101,115,-106.824
2019,10,401110841,UTSA,Conference USA,Texas A&M,SEC,Away,2019-11-02T16:00:00.000Z,True,False,14,45,L,47,27,79.896
2019,11,401114307,UTSA,Conference USA,Old Dominion,Conference USA,Away,2019-11-09T19:00:00.000Z,True,False,24,23,W,115,125,-161.639
2019,12,401114311,UTSA,Conference USA,Southern Miss,Conference USA,Home,2019-11-16T23:00:00.000Z,True,False,17,36,L,72,92,-51.796
2019,13,401114314,UTSA,Conference USA,Florida Atlantic,Conference USA,Home,2019-11-23T23:00:00.000Z,True,False,26,40,L,25,38,49.077
2019,14,401114323,UTSA,Conference USA,Louisiana Tech,Conference USA,Away,2019-11-30T20:30:00.000Z,True,False,27,41,L,24,80,-27.882
2019,1,401114223,Utah,Pac-12,BYU,FBS Independents,Away,2019-08-30T02:15:00.000Z,True,False,30,12,W,62,78,-24.604
2019,1,401135285,Utah,Pac-12,Texas,Big 12,Away,2020-01-01T00:30:00.000Z,True,False,10,38,L,32,16,125.263
2019,2,401114224,Utah,Pac-12,Northern Illinois,Mid-American,Home,2019-09-07T17:00:00.000Z,True,False,35,17,W,93,110,-97.877
2019,4,401114220,Utah,Pac-12,USC,Pac-12,Away,2019-09-21T01:00:00.000Z,True,False,23,30,L,48,33,64.353
2019,5,401114226,Utah,Pac-12,Washington State,Pac-12,Home,2019-09-29T02:00:00.000Z,True,False,38,13,W,43,46,34.514
2019,7,401114204,Utah,Pac-12,Oregon State,Pac-12,Away,2019-10-13T00:00:00.000Z,True,False,52,7,W,86,50,24.374
2019,8,401114158,Utah,Pac-12,Arizona State,Pac-12,Home,2019-10-19T22:00:00.000Z,True,False,21,3,W,53,41,44.423
2019,9,401114179,Utah,Pac-12,California,Pac-12,Home,2019-10-27T02:00:00.000Z,True,False,35,0,W,70,47,29.664
2019,10,401114227,Utah,Pac-12,Washington,Pac-12,Away,2019-11-02T20:00:00.000Z,True,False,33,28,W,21,18,122.587
2019,12,401114216,Utah,Pac-12,UCLA,Pac-12,Home,2019-11-17T01:00:00.000Z,True,False,49,3,W,103,74,-18.504
2019,13,401114173,Utah,Pac-12,Arizona,Pac-12,Away,2019-11-24T03:00:00.000Z,True,False,35,7,W,109,93,-52.362
2019,14,401114192,Utah,Pac-12,Colorado,Pac-12,Home,2019-12-01T00:30:00.000Z,True,False,45,15,W,98,64,-0.081
2019,15,401132973,Utah,Pac-12,Oregon,Pac-12,Away,2019-12-07T01:00:00.000Z,True,False,15,37,L,8,8,157.608
2019,1,401112430,Utah State,Mountain West,Wake Forest,ACC,Away,2019-08-31T00:00:00.000Z,True,False,35,38,L,66,60,6.032
2019,1,401135261,Utah State,Mountain West,Kent State,Mid-American,Away,2019-12-21T00:30:00.000Z,True,False,41,51,L,79,89,-49.330
2019,4,401117508,Utah State,Mountain West,San Diego State,Mountain West,Away,2019-09-22T02:30:00.000Z,True,False,23,17,W,29,65,-3.526
2019,5,401117513,Utah State,Mountain West,Colorado State,Mountain West,Home,2019-09-28T23:30:00.000Z,True,False,34,24,W,92,109,-85.041
2019,6,401110813,Utah State,Mountain West,LSU,SEC,Away,2019-10-05T16:00:00.000Z,True,False,6,42,L,4,1,229.529
2019,8,401117527,Utah State,Mountain West,Nevada,Mountain West,Home,2019-10-20T02:15:00.000Z,True,False,36,10,W,113,112,-101.145
2019,9,401117530,Utah State,Mountain West,Air Force,Mountain West,Away,2019-10-27T02:15:00.000Z,True,False,7,31,L,14,23,93.862
2019,10,401117216,Utah State,Mountain West,BYU,FBS Independents,Home,2019-11-03T02:00:00.000Z,True,False,14,42,L,62,78,-24.604
2019,11,401117540,Utah State,Mountain West,Fresno State,Mountain West,Away,2019-11-10T00:00:00.000Z,True,False,37,35,W,67,95,-55.610
2019,12,401117546,Utah State,Mountain West,Wyoming,Mountain West,Home,2019-11-16T21:00:00.000Z,True,False,26,21,W,31,53,16.344
2019,13,401117549,Utah State,Mountain West,Boise State,Mountain West,Home,2019-11-24T03:30:00.000Z,True,False,21,56,L,18,30,69.136
2019,14,401117555,Utah State,Mountain West,New Mexico,Mountain West,Away,2019-11-30T21:00:00.000Z,True,False,38,25,W,120,122,-149.454
2019,1,401110732,Vanderbilt,SEC,Georgia,SEC,Home,2019-08-31T23:30:00.000Z,True,False,6,30,L,10,5,163.572
2019,2,401110785,Vanderbilt,SEC,Purdue,Big Ten,Away,2019-09-07T16:00:00.000Z,True,False,24,42,L,80,57,10.624
2019,4,401110805,Vanderbilt,SEC,LSU,SEC,Home,2019-09-21T16:00:00.000Z,True,False,38,66,L,4,1,229.529
2019,5,401110811,Vanderbilt,SEC,Northern Illinois,Mid-American,Home,2019-09-28T16:00:00.000Z,True,False,24,18,W,93,110,-97.877
2019,6,401110814,Vanderbilt,SEC,Ole Miss,SEC,Away,2019-10-05T23:30:00.000Z,True,False,6,31,L,69,44,35.328
2019,7,401110823,Vanderbilt,SEC,UNLV,Mountain West,Home,2019-10-12T20:00:00.000Z,True,False,10,34,L,111,119,-130.923
2019,8,401110830,Vanderbilt,SEC,Missouri,SEC,Home,2019-10-19T20:00:00.000Z,True,False,21,14,W,46,45,35.127
2019,10,401110839,Vanderbilt,SEC,South Carolina,SEC,Away,2019-11-02T23:30:00.000Z,True,False,7,24,L,104,55,12.957
2019,11,401110844,Vanderbilt,SEC,Florida,SEC,Away,2019-11-09T17:00:00.000Z,True,False,0,56,L,16,13,134.898
2019,12,401110854,Vanderbilt,SEC,Kentucky,SEC,Home,2019-11-16T20:30:00.000Z,True,False,14,38,L,39,35,55.601
2019,14,401110871,Vanderbilt,SEC,Tennessee,SEC,Away,2019-11-30T21:00:00.000Z,True,False,10,28,L,74,52,18.270
2019,1,401112433,Virginia,ACC,Pittsburgh,ACC,Away,2019-08-31T23:30:00.000Z,True,False,30,14,W,71,67,-4.502
2019,1,401135282,Virginia,ACC,Florida,SEC,Home,2019-12-31T01:00:00.000Z,True,False,28,36,L,16,13,134.898
2019,3,401112451,Virginia,ACC,Florida State,ACC,Home,2019-09-14T23:30:00.000Z,True,False,31,24,W,77,61,3.779
2019,4,401112463,Virginia,ACC,Old Dominion,Conference USA,Home,2019-09-21T23:00:00.000Z,True,False,28,17,W,115,125,-161.639
2019,5,401112472,Virginia,ACC,Notre Dame,FBS Independents,Away,2019-09-28T19:30:00.000Z,True,False,20,35,L,5,12,145.660
2019,7,401112478,Virginia,ACC,Miami,ACC,Away,2019-10-12T00:00:00.000Z,True,False,9,17,L,61,59,7.665
2019,8,401112486,Virginia,ACC,Duke,ACC,Home,2019-10-19T19:30:00.000Z,True,False,48,14,W,96,56,11.749
2019,9,401112493,Virginia,ACC,Louisville,ACC,Away,2019-10-26T19:30:00.000Z,True,False,21,28,L,78,58,10.216
2019,10,401112499,Virginia,ACC,North Carolina,ACC,Away,2019-11-02T23:30:00.000Z,True,False,38,31,W,40,34,59.526
2019,11,401112504,Virginia,ACC,Georgia Tech,ACC,Home,2019-11-09T17:30:00.000Z,True,False,33,28,W,118,97,-58.551
2019,13,401112520,Virginia,ACC,Liberty,FBS Independents,Home,2019-11-23T17:00:00.000Z,True,False,55,27,W,59,108,-78.619
2019,14,401112521,Virginia,ACC,Virginia Tech,ACC,Home,2019-11-29T17:00:00.000Z,True,False,39,30,W,41,43,38.722
2019,15,401132975,Virginia,ACC,Clemson,ACC,Away,2019-12-08T00:30:00.000Z,True,False,17,62,L,3,4,181.534
2019,1,401112435,Virginia Tech,ACC,Boston College,ACC,Away,2019-08-31T20:00:00.000Z,True,False,28,35,L,97,73,-16.650
2019,1,401135283,Virginia Tech,ACC,Kentucky,SEC,Away,2019-12-31T17:00:00.000Z,True,False,30,37,L,39,35,55.601
2019,2,401112446,Virginia Tech,ACC,Old Dominion,Conference USA,Home,2019-09-07T16:00:00.000Z,True,False,31,17,W,115,125,-161.639
2019,5,401112465,Virginia Tech,ACC,Duke,ACC,Home,2019-09-27T23:00:00.000Z,True,False,10,45,L,96,56,11.749
2019,6,401112476,Virginia Tech,ACC,Miami,ACC,Away,2019-10-05T19:30:00.000Z,True,False,42,35,W,61,59,7.665
2019,8,401112489,Virginia Tech,ACC,North Carolina,ACC,Home,2019-10-19T19:30:00.000Z,True,False,43,41,W,40,34,59.526
2019,10,401112501,Virginia Tech,ACC,Notre Dame,FBS Independents,Away,2019-11-02T18:30:00.000Z,True,False,20,21,L,5,12,145.660
2019,11,401112506,Virginia Tech,ACC,Wake Forest,ACC,Home,2019-11-09T20:30:00.000Z,True,False,36,17,W,66,60,6.032
2019,12,401112511,Virginia Tech,ACC,Georgia Tech,ACC,Away,2019-11-16T20:30:00.000Z,True,False,45,0,W,118,97,-58.551
2019,13,401112519,Virginia Tech,ACC,Pittsburgh,ACC,Home,2019-11-23T20:30:00.000Z,True,False,28,0,W,71,67,-4.502
2019,14,401112521,Virginia Tech,ACC,Virginia,ACC,Away,2019-11-29T17:00:00.000Z,True,False,30,39,L,44,36,51.528
2019,1,401112430,Wake Forest,ACC,Utah State,Mountain West,Home,2019-08-31T00:00:00.000Z,True,False,38,35,W,88,91,-51.471
2019,1,401135273,Wake Forest,ACC,Michigan State,Big Ten,Home,2019-12-27T20:20:00.000Z,True,False,21,27,L,63,40,45.882
2019,2,401112447,Wake Forest,ACC,Rice,Conference USA,Away,2019-09-07T00:00:00.000Z,True,False,41,21,W,101,115,-106.824
2019,3,401112448,Wake Forest,ACC,North Carolina,ACC,Home,2019-09-13T22:00:00.000Z,True,False,24,18,W,40,34,59.526
2019,5,401112466,Wake Forest,ACC,Boston College,ACC,Away,2019-09-28T19:30:00.000Z,True,False,27,24,W,97,73,-16.650
2019,7,401112481,Wake Forest,ACC,Louisville,ACC,Home,2019-10-12T23:30:00.000Z,True,False,59,62,L,78,58,10.216
2019,8,401112487,Wake Forest,ACC,Florida State,ACC,Home,2019-10-19T23:30:00.000Z,True,False,22,20,W,77,61,3.779
2019,10,401112500,Wake Forest,ACC,NC State,ACC,Home,2019-11-02T16:00:00.000Z,True,False,44,10,W,108,103,-71.560
2019,11,401112506,Wake Forest,ACC,Virginia Tech,ACC,Away,2019-11-09T20:30:00.000Z,True,False,17,36,L,41,43,38.722
2019,12,401112508,Wake Forest,ACC,Clemson,ACC,Away,2019-11-16T20:30:00.000Z,True,False,3,52,L,3,4,181.534
2019,13,401112515,Wake Forest,ACC,Duke,ACC,Home,2019-11-24T00:30:00.000Z,True,False,39,27,W,96,56,11.749
2019,14,401112525,Wake Forest,ACC,Syracuse,ACC,Away,2019-11-30T17:30:00.000Z,True,False,30,39,L,91,88,-46.132
2019,1,401135266,Washington,Pac-12,Boise State,Mountain West,Home,2019-12-22T00:30:00.000Z,True,False,38,7,W,18,30,69.136
2019,2,401114175,Washington,Pac-12,California,Pac-12,Home,2019-09-08T02:30:00.000Z,True,False,19,20,L,70,47,29.664
2019,3,401114234,Washington,Pac-12,Hawai'i,Mountain West,Home,2019-09-14T23:30:00.000Z,True,False,52,20,W,52,77,-24.078
2019,4,401114235,Washington,Pac-12,BYU,FBS Independents,Away,2019-09-21T19:30:00.000Z,True,False,45,19,W,62,78,-24.604
2019,5,401114221,Washington,Pac-12,USC,Pac-12,Home,2019-09-28T19:30:00.000Z,True,False,28,14,W,48,33,64.353
2019,6,401114209,Washington,Pac-12,Stanford,Pac-12,Away,2019-10-06T02:30:00.000Z,True,False,13,23,L,102,72,-16.213
2019,7,401114168,Washington,Pac-12,Arizona,Pac-12,Away,2019-10-13T03:00:00.000Z,True,False,51,27,W,109,93,-52.362
2019,8,401114196,Washington,Pac-12,Oregon,Pac-12,Home,2019-10-19T19:30:00.000Z,True,False,31,35,L,8,8,157.608
2019,10,401114227,Washington,Pac-12,Utah,Pac-12,Home,2019-11-02T20:00:00.000Z,True,False,28,33,L,6,6,162.788
2019,11,401114205,Washington,Pac-12,Oregon State,Pac-12,Away,2019-11-09T03:30:00.000Z,True,False,19,7,W,86,50,24.374
2019,13,401114191,Washington,Pac-12,Colorado,Pac-12,Away,2019-11-24T03:00:00.000Z,True,False,14,20,L,98,64,-0.081
2019,14,401114232,Washington,Pac-12,Washington State,Pac-12,Home,2019-11-29T21:00:00.000Z,True,False,31,13,W,43,46,34.514
2019,1,401114228,Washington State,Pac-12,New Mexico State,FBS Independents,Home,2019-09-01T02:00:00.000Z,True,False,58,7,W,125,126,-164.259
2019,1,401135275,Washington State,Pac-12,Air Force,Mountain West,Home,2019-12-28T03:15:00.000Z,True,False,21,31,L,14,23,93.862
2019,3,401114230,Washington State,Pac-12,Houston,American Athletic,Away,2019-09-14T01:15:00.000Z,True,False,31,24,W,89,71,-9.410
2019,4,401114215,Washington State,Pac-12,UCLA,Pac-12,Home,2019-09-22T02:30:00.000Z,True,False,63,67,L,103,74,-18.504
2019,5,401114226,Washington State,Pac-12,Utah,Pac-12,Away,2019-09-29T02:00:00.000Z,True,False,13,38,L,6,6,162.788
2019,7,401114157,Washington State,Pac-12,Arizona State,Pac-12,Away,2019-10-12T19:30:00.000Z,True,False,34,38,L,53,41,44.423
2019,8,401114187,Washington State,Pac-12,Colorado,Pac-12,Home,2019-10-19T23:00:00.000Z,True,False,41,10,W,98,64,-0.081
2019,9,401114197,Washington State,Pac-12,Oregon,Pac-12,Away,2019-10-27T02:30:00.000Z,True,False,35,37,L,8,8,157.608
2019,11,401114180,Washington State,Pac-12,California,Pac-12,Away,2019-11-10T00:00:00.000Z,True,False,20,33,L,70,47,29.664
2019,12,401114231,Washington State,Pac-12,Stanford,Pac-12,Home,2019-11-16T21:30:00.000Z,True,False,49,22,W,102,72,-16.213
2019,13,401114206,Washington State,Pac-12,Oregon State,Pac-12,Home,2019-11-24T02:00:00.000Z,True,False,54,53,W,86,50,24.374
2019,14,401114232,Washington State,Pac-12,Washington,Pac-12,Away,2019-11-29T21:00:00.000Z,True,False,13,31,L,21,18,122.587
2019,2,401110781,West Virginia,Big 12,Missouri,SEC,Away,2019-09-07T16:00:00.000Z,True,False,7,38,L,46,45,35.127
2019,3,401112144,West Virginia,Big 12,NC State,ACC,Home,2019-09-14T16:00:00.000Z,True,False,44,27,W,108,103,-71.560
2019,4,401112099,West Virginia,Big 12,Kansas,Big 12,Away,2019-09-21T20:30:00.000Z,True,False,29,24,W,112,75,-22.932
2019,6,401112137,West Virginia,Big 12,Texas,Big 12,Home,2019-10-05T19:30:00.000Z,True,False,31,42,L,32,16,125.263
2019,7,401112089,West Virginia,Big 12,Iowa State,Big 12,Home,2019-10-12T20:00:00.000Z,True,False,14,38,L,34,20,108.506
2019,8,401112119,West Virginia,Big 12,Oklahoma,Big 12,Away,2019-10-19T16:00:00.000Z,True,False,14,52,L,20,10,153.042
2019,10,401112080,West Virginia,Big 12,Baylor,Big 12,Away,2019-11-01T00:00:00.000Z,True,False,14,17,L,23,19,115.306
2019,11,401112142,West Virginia,Big 12,Texas Tech,Big 12,Home,2019-11-09T17:00:00.000Z,True,False,17,38,L,73,49,24.463
2019,12,401112112,West Virginia,Big 12,Kansas State,Big 12,Away,2019-11-16T20:30:00.000Z,True,False,24,20,W,36,25,86.532
2019,13,401112128,West Virginia,Big 12,Oklahoma State,Big 12,Home,2019-11-23T17:00:00.000Z,True,False,13,20,L,49,28,73.851
2019,14,401112134,West Virginia,Big 12,TCU,Big 12,Away,2019-11-29T21:15:00.000Z,True,False,20,17,W,50,29,72.893
2019,1,401135280,Western Kentucky,Conference USA,Western Michigan,Mid-American,Away,2019-12-30T17:30:00.000Z,True,False,23,20,W,38,79,-24.912
2019,2,401114248,Western Kentucky,Conference USA,Florida International,Conference USA,Away,2019-09-07T23:00:00.000Z,True,False,20,14,W,64,104,-75.614
2019,3,401112453,Western Kentucky,Conference USA,Louisville,ACC,Home,2019-09-14T20:00:00.000Z,True,False,21,38,L,78,58,10.216
2019,5,401114273,Western Kentucky,Conference USA,UAB,Conference USA,Home,2019-09-28T23:00:00.000Z,True,False,20,13,W,57,99,-62.221
2019,6,401114276,Western Kentucky,Conference USA,Old Dominion,Conference USA,Away,2019-10-05T22:00:00.000Z,True,False,20,3,W,115,125,-161.639
2019,7,401114285,Western Kentucky,Conference USA,Army,FBS Independents,Home,2019-10-12T23:00:00.000Z,True,False,17,8,W,58,96,-58.233
2019,8,401114286,Western Kentucky,Conference USA,Charlotte,Conference USA,Home,2019-10-19T20:00:00.000Z,True,False,30,14,W,95,113,-101.330
2019,9,401114297,Western Kentucky,Conference USA,Marshall,Conference USA,Away,2019-10-26T18:30:00.000Z,True,False,23,26,L,76,85,-40.539
2019,10,401114301,Western Kentucky,Conference USA,Florida Atlantic,Conference USA,Home,2019-11-02T20:00:00.000Z,True,False,24,35,L,25,38,49.077
2019,11,401110843,Western Kentucky,Conference USA,Arkansas,SEC,Away,2019-11-09T17:00:00.000Z,True,False,45,19,W,121,100,-64.550
2019,13,401114318,Western Kentucky,Conference USA,Southern Miss,Conference USA,Away,2019-11-23T20:30:00.000Z,True,False,28,10,W,72,92,-51.796
2019,14,401114324,Western Kentucky,Conference USA,Middle Tennessee,Conference USA,Home,2019-11-30T19:00:00.000Z,True,False,31,26,W,94,106,-77.720
2019,1,401135280,Western Michigan,Mid-American,Western Kentucky,Conference USA,Home,2019-12-30T17:30:00.000Z,True,False,20,23,L,37,63,1.424
2019,2,401112213,Western Michigan,Mid-American,Michigan State,Big Ten,Away,2019-09-07T23:30:00.000Z,True,False,17,51,L,63,40,45.882
2019,3,401119264,Western Michigan,Mid-American,Georgia State,Sun Belt,Home,2019-09-14T23:00:00.000Z,True,False,57,10,W,100,102,-66.369
2019,4,401112462,Western Michigan,Mid-American,Syracuse,ACC,Away,2019-09-21T16:00:00.000Z,True,False,33,52,L,91,88,-46.132
2019,5,401119271,Western Michigan,Mid-American,Central Michigan,Mid-American,Home,2019-09-28T16:00:00.000Z,True,False,31,15,W,56,86,-41.234
2019,6,401119275,Western Michigan,Mid-American,Toledo,Mid-American,Away,2019-10-05T19:30:00.000Z,True,False,24,31,L,105,116,-111.871
2019,7,401119278,Western Michigan,Mid-American,Miami (OH),Mid-American,Home,2019-10-12T16:00:00.000Z,True,False,38,16,W,90,87,-42.734
2019,8,401119286,Western Michigan,Mid-American,Eastern Michigan,Mid-American,Away,2019-10-19T23:00:00.000Z,True,False,27,34,L,68,98,-59.752
2019,9,401119288,Western Michigan,Mid-American,Bowling Green,Mid-American,Home,2019-10-26T16:00:00.000Z,True,False,49,10,W,129,127,-171.732
2019,11,401119296,Western Michigan,Mid-American,Ball State,Mid-American,Home,2019-11-06T01:00:00.000Z,True,False,35,31,W,51,81,-33.603
2019,12,401119300,Western Michigan,Mid-American,Ohio,Mid-American,Away,2019-11-12T23:30:00.000Z,True,False,37,34,W,35,82,-34.057
2019,14,401119311,Western Michigan,Mid-American,Northern Illinois,Mid-American,Away,2019-11-27T00:00:00.000Z,True,False,14,17,L,93,110,-97.877
2019,1,401117856,Wisconsin,Big Ten,South Florida,American Athletic,Away,2019-08-30T23:55:00.000Z,True,False,49,0,W,110,90,-50.207
2019,1,401135288,Wisconsin,Big Ten,Oregon,Pac-12,Home,2020-01-01T22:10:00.000Z,True,False,27,28,L,8,8,157.608
2019,2,401112268,Wisconsin,Big Ten,Central Michigan,Mid-American,Home,2019-09-07T19:30:00.000Z,True,False,61,0,W,56,86,-41.234
2019,4,401112224,Wisconsin,Big Ten,Michigan,Big Ten,Home,2019-09-21T16:00:00.000Z,True,False,35,14,W,26,15,127.999
2019,5,401112247,Wisconsin,Big Ten,Northwestern,Big Ten,Home,2019-09-28T16:00:00.000Z,True,False,24,15,W,99,76,-23.767
2019,6,401112269,Wisconsin,Big Ten,Kent State,Mid-American,Home,2019-10-05T16:00:00.000Z,True,False,48,0,W,79,89,-49.330
2019,7,401112217,Wisconsin,Big Ten,Michigan State,Big Ten,Home,2019-10-12T19:30:00.000Z,True,False,38,0,W,63,40,45.882
2019,8,401112151,Wisconsin,Big Ten,Illinois,Big Ten,Away,2019-10-19T16:00:00.000Z,True,False,23,24,L,55,62,2.754
2019,9,401112254,Wisconsin,Big Ten,Ohio State,Big Ten,Away,2019-10-26T16:00:00.000Z,True,False,7,38,L,1,2,228.487
2019,11,401112198,Wisconsin,Big Ten,Iowa,Big Ten,Home,2019-11-09T21:00:00.000Z,True,False,24,22,W,19,14,129.745
2019,12,401112244,Wisconsin,Big Ten,Nebraska,Big Ten,Away,2019-11-16T17:00:00.000Z,True,False,37,21,W,54,51,21.572
2019,13,401112263,Wisconsin,Big Ten,Purdue,Big Ten,Home,2019-11-23T21:00:00.000Z,True,False,45,24,W,80,57,10.624
2019,14,401112237,Wisconsin,Big Ten,Minnesota,Big Ten,Away,2019-11-30T20:30:00.000Z,True,False,38,17,W,17,17,124.136
2019,15,401132983,Wisconsin,Big Ten,Ohio State,Big Ten,Home,2019-12-08T01:00:00.000Z,True,False,21,34,L,1,2,228.487
2019,1,401110728,Wyoming,Mountain West,Missouri,SEC,Home,2019-08-31T23:30:00.000Z,True,False,37,31,W,46,45,35.127
2019,1,401147695,Wyoming,Mountain West,Georgia State,Sun Belt,Away,2019-12-31T21:30:00.000Z,True,False,38,17,W,100,102,-66.369
2019,2,401117500,Wyoming,Mountain West,Texas State,Sun Belt,Away,2019-09-07T23:00:00.000Z,True,False,23,14,W,122,121,-143.989
2019,4,401117509,Wyoming,Mountain West,Tulsa,American Athletic,Away,2019-09-21T19:30:00.000Z,True,False,21,24,L,87,69,-7.796
2019,5,401117514,Wyoming,Mountain West,UNLV,Mountain West,Home,2019-09-29T00:00:00.000Z,True,False,53,17,W,111,119,-130.923
2019,7,401117523,Wyoming,Mountain West,San Diego State,Mountain West,Away,2019-10-13T02:30:00.000Z,True,False,22,26,L,29,65,-3.526
2019,8,401117526,Wyoming,Mountain West,New Mexico,Mountain West,Home,2019-10-19T19:00:00.000Z,True,False,23,10,W,120,122,-149.454
2019,9,401117533,Wyoming,Mountain West,Nevada,Mountain West,Home,2019-10-26T18:00:00.000Z,True,False,31,3,W,113,112,-101.145
2019,11,401117541,Wyoming,Mountain West,Boise State,Mountain West,Away,2019-11-10T03:15:00.000Z,True,False,17,20,L,18,30,69.136
2019,12,401117546,Wyoming,Mountain West,Utah State,Mountain West,Away,2019-11-16T21:00:00.000Z,True,False,21,26,L,88,91,-51.471
2019,13,401117550,Wyoming,Mountain West,Colorado State,Mountain West,Home,2019-11-23T02:30:00.000Z,True,False,17,7,W,92,109,-85.041
2019,14,401117556,Wyoming,Mountain West,Air Force,Mountain West,Away,2019-11-30T19:00:00.000Z,True,False,6,20,L,14,23,93.862
