Season,Week,GameId,Team,Conference,Opponent,OpponentConference,Location,StartDate,Completed,Live,TeamPoints,OpponentPoints,Result,OpponentRk,OpponentAdjRk,OpponentAdjRtg
2020,5,401212557,Air Force,Mountain West,Navy,American Athletic,Home,2020-10-03T22:00:00.000Z,True,False,40,7,W,115,107,-97.121
2020,8,401248993,Air Force,Mountain West,San José State,Mountain West,Away,2020-10-25T02:30:00.000Z,True,False,6,17,L,32,31,60.508
2020,9,401248999,Air Force,Mountain West,Boise State,Mountain West,Home,2020-10-31T22:00:00.000Z,True,False,30,49,L,25,29,61.319
2020,12,401249018,Air Force,Mountain West,New Mexico,Mountain West,Home,2020-11-21T02:30:00.000Z,True,False,28,0,W,97,109,-109.586
2020,14,401249029,Air Force,Mountain West,Utah State,Mountain West,Away,2020-12-04T02:30:00.000Z,True,False,35,7,W,120,125,-191.781
2020,16,401265699,Air Force,Mountain West,Army,FBS Independents,Away,2020-12-19T20:00:00.000Z,True,False,7,10,L,30,45,39.383
2020,10,401249857,Akron,Mid-American,Western Michigan,Mid-American,Home,2020-11-04T23:00:00.000Z,True,False,13,58,L,31,21,94.107
2020,11,401249861,Akron,Mid-American,Ohio,Mid-American,Away,2020-11-11T00:00:00.000Z,True,False,10,24,L,9,47,36.001
2020,12,401249867,Akron,Mid-American,Kent State,Mid-American,Away,2020-11-18T01:00:00.000Z,True,False,35,69,L,20,39,48.949
2020,13,401249892,Akron,Mid-American,Miami (OH),Mid-American,Home,2020-11-28T18:00:00.000Z,True,False,7,38,L,50,14,114.677
2020,14,401249881,Akron,Mid-American,Bowling Green,Mid-American,Home,2020-12-05T19:00:00.000Z,True,False,31,3,W,126,123,-174.660
2020,15,401249886,Akron,Mid-American,Buffalo,Mid-American,Away,2020-12-12T19:30:00.000Z,True,False,7,56,L,3,6,153.223
2020,1,401240152,Alabama,SEC,Notre Dame,ACC,Home,2021-01-01T21:00:00.000Z,True,False,31,14,W,12,18,107.178
2020,1,401240174,Alabama,SEC,Ohio State,Big Ten,Home,2021-01-12T01:00:00.000Z,True,False,52,24,W,11,2,187.626
2020,4,401236951,Alabama,SEC,Missouri,SEC,Away,2020-09-26T23:00:00.000Z,True,False,38,19,W,87,62,6.666
2020,5,401237093,Alabama,SEC,Texas A&M,SEC,Home,2020-10-03T19:30:00.000Z,True,False,52,24,W,21,9,143.149
2020,6,401237100,Alabama,SEC,Ole Miss,SEC,Away,2020-10-10T23:30:00.000Z,True,False,63,48,W,70,43,43.635
2020,7,401237107,Alabama,SEC,Georgia,SEC,Home,2020-10-18T00:00:00.000Z,True,False,41,24,W,16,3,180.189
2020,8,401237114,Alabama,SEC,Tennessee,SEC,Away,2020-10-24T19:30:00.000Z,True,False,48,17,W,101,80,-14.560
2020,9,401237119,Alabama,SEC,Mississippi State,SEC,Home,2020-10-31T23:00:00.000Z,True,False,41,0,W,89,51,30.082
2020,12,401237135,Alabama,SEC,Kentucky,SEC,Home,2020-11-21T21:00:00.000Z,True,False,63,3,W,79,49,33.539
2020,13,401237142,Alabama,SEC,Auburn,SEC,Home,2020-11-28T20:30:00.000Z,True,False,42,13,W,61,25,75.778
2020,14,401265817,Alabama,SEC,LSU,SEC,Away,2020-12-06T01:00:00.000Z,True,False,55,17,W,73,30,60.569
2020,15,401267164,Alabama,SEC,Arkansas,SEC,Away,2020-12-12T17:00:00.000Z,True,False,52,3,W,96,44,41.796
2020,16,401237074,Alabama,SEC,Florida,SEC,Away,2020-12-20T01:00:00.000Z,True,False,52,46,W,28,10,142.779
2020,1,401256135,App State,Sun Belt,North Texas,Conference USA,Away,2020-12-21T19:30:00.000Z,True,False,56,28,W,103,122,-167.565
2020,2,401236081,App State,Sun Belt,Charlotte,Conference USA,Home,2020-09-12T16:00:00.000Z,True,False,35,20,W,85,115,-137.604
2020,3,401236939,App State,Sun Belt,Marshall,Conference USA,Away,2020-09-19T19:30:00.000Z,True,False,7,17,L,19,55,15.938
2020,8,401240642,App State,Sun Belt,Arkansas State,Sun Belt,Home,2020-10-22T23:30:00.000Z,True,False,45,17,W,92,104,-92.750
2020,9,401215319,App State,Sun Belt,UL Monroe,Sun Belt,Away,2020-10-31T20:00:00.000Z,True,False,31,13,W,125,126,-240.872
2020,10,401215324,App State,Sun Belt,Texas State,Sun Belt,Away,2020-11-07T20:00:00.000Z,True,False,38,17,W,100,100,-88.302
2020,11,401215328,App State,Sun Belt,Georgia State,Sun Belt,Home,2020-11-14T19:30:00.000Z,True,False,17,13,W,56,79,-12.077
2020,12,401215333,App State,Sun Belt,Coastal Carolina,Sun Belt,Away,2020-11-21T17:00:00.000Z,True,False,23,34,L,7,16,110.171
2020,13,401215336,App State,Sun Belt,Troy,Sun Belt,Home,2020-11-28T20:30:00.000Z,True,False,47,10,W,53,75,-6.222
2020,14,401252117,App State,Sun Belt,Louisiana,Sun Belt,Home,2020-12-05T01:30:00.000Z,True,False,21,24,L,18,37,50.615
2020,15,401215309,App State,Sun Belt,Georgia Southern,Sun Belt,Away,2020-12-12T23:00:00.000Z,True,False,34,26,W,33,63,4.256
2020,11,401249403,Arizona,Pac-12,USC,Pac-12,Home,2020-11-14T20:30:00.000Z,True,False,30,34,L,46,32,59.652
2020,12,401249413,Arizona,Pac-12,Washington,Pac-12,Away,2020-11-22T01:00:00.000Z,True,False,27,44,L,48,61,9.913
2020,13,401249421,Arizona,Pac-12,UCLA,Pac-12,Away,2020-11-29T01:00:00.000Z,True,False,10,27,L,42,35,55.886
2020,14,401249426,Arizona,Pac-12,Colorado,Pac-12,Home,2020-12-06T00:00:00.000Z,True,False,13,24,L,76,65,1.455
2020,15,401249429,Arizona,Pac-12,Arizona State,Pac-12,Home,2020-12-12T00:00:00.000Z,True,False,7,70,L,8,27,66.076
2020,10,401249400,Arizona State,Pac-12,USC,Pac-12,Away,2020-11-07T17:00:00.000Z,True,False,27,28,L,46,32,59.652
2020,14,401249425,Arizona State,Pac-12,UCLA,Pac-12,Home,2020-12-06T03:30:00.000Z,True,False,18,25,L,42,35,55.886
2020,15,401249429,Arizona State,Pac-12,Arizona,Pac-12,Away,2020-12-12T00:00:00.000Z,True,False,70,7,W,118,98,-71.260
2020,16,401269378,Arizona State,Pac-12,Oregon State,Pac-12,Away,2020-12-20T03:30:00.000Z,True,False,46,33,W,80,88,-36.547
2020,4,401237033,Arkansas,SEC,Georgia,SEC,Home,2020-09-26T20:00:00.000Z,True,False,10,37,L,16,3,180.189
2020,5,401237094,Arkansas,SEC,Mississippi State,SEC,Away,2020-10-03T23:30:00.000Z,True,False,21,14,W,89,51,30.082
2020,6,401237101,Arkansas,SEC,Auburn,SEC,Away,2020-10-10T20:00:00.000Z,True,False,28,30,L,61,25,75.778
2020,7,401237108,Arkansas,SEC,Ole Miss,SEC,Home,2020-10-17T19:30:00.000Z,True,False,33,21,W,70,43,43.635
2020,9,401237120,Arkansas,SEC,Texas A&M,SEC,Away,2020-10-31T23:30:00.000Z,True,False,31,42,L,21,9,143.149
2020,10,401237124,Arkansas,SEC,Tennessee,SEC,Home,2020-11-08T00:30:00.000Z,True,False,24,13,W,101,80,-14.560
2020,11,401237129,Arkansas,SEC,Florida,SEC,Away,2020-11-15T00:00:00.000Z,True,False,35,63,L,28,10,142.779
2020,12,401237136,Arkansas,SEC,LSU,SEC,Home,2020-11-21T17:00:00.000Z,True,False,24,27,L,73,30,60.569
2020,14,401265818,Arkansas,SEC,Missouri,SEC,Away,2020-12-05T17:00:00.000Z,True,False,48,50,L,87,62,6.666
2020,15,401267164,Arkansas,SEC,Alabama,SEC,Home,2020-12-12T17:00:00.000Z,True,False,3,52,L,1,1,283.159
2020,1,401212553,Arkansas State,Sun Belt,Memphis,American Athletic,Away,2020-09-06T00:00:00.000Z,True,False,24,37,L,66,89,-41.151
2020,2,401236053,Arkansas State,Sun Belt,Kansas State,Big 12,Away,2020-09-12T16:00:00.000Z,True,False,35,31,W,86,76,-6.790
2020,5,401215304,Arkansas State,Sun Belt,Coastal Carolina,Sun Belt,Away,2020-10-03T16:00:00.000Z,True,False,23,52,L,7,16,110.171
2020,7,401215310,Arkansas State,Sun Belt,Georgia State,Sun Belt,Home,2020-10-15T23:30:00.000Z,True,False,59,52,W,56,79,-12.077
2020,8,401240642,Arkansas State,Sun Belt,App State,Sun Belt,Away,2020-10-22T23:30:00.000Z,True,False,17,45,L,15,38,49.184
2020,9,401215320,Arkansas State,Sun Belt,Troy,Sun Belt,Home,2020-10-31T19:00:00.000Z,True,False,10,38,L,53,75,-6.222
2020,10,401253924,Arkansas State,Sun Belt,Louisiana,Sun Belt,Away,2020-11-07T17:00:00.000Z,True,False,20,27,L,18,37,50.615
2020,12,401215334,Arkansas State,Sun Belt,Texas State,Sun Belt,Away,2020-11-21T17:00:00.000Z,True,False,45,47,L,100,100,-88.302
2020,13,401215337,Arkansas State,Sun Belt,South Alabama,Sun Belt,Home,2020-11-28T20:00:00.000Z,True,False,31,38,L,94,101,-89.941
2020,14,401262493,Arkansas State,Sun Belt,UL Monroe,Sun Belt,Home,2020-12-05T20:00:00.000Z,True,False,48,15,W,125,126,-240.872
2020,1,401235700,Army,FBS Independents,Middle Tennessee,Conference USA,Home,2020-09-05T17:30:00.000Z,True,False,42,0,W,107,119,-153.523
2020,1,401256197,Army,FBS Independents,West Virginia,Big 12,Home,2020-12-31T21:00:00.000Z,True,False,21,24,L,62,46,36.615
2020,2,401240113,Army,FBS Independents,UL Monroe,Sun Belt,Home,2020-09-12T17:30:00.000Z,True,False,37,7,W,125,126,-240.872
2020,4,401240996,Army,FBS Independents,Cincinnati,American Athletic,Away,2020-09-26T19:30:00.000Z,True,False,10,24,L,5,11,136.685
2020,7,401240115,Army,FBS Independents,UTSA,Conference USA,Away,2020-10-17T17:30:00.000Z,True,False,28,16,W,57,94,-59.153
2020,11,401207200,Army,FBS Independents,Tulane,American Athletic,Away,2020-11-14T17:00:00.000Z,True,False,12,38,L,40,68,-1.474
2020,12,401235975,Army,FBS Independents,Georgia Southern,Sun Belt,Home,2020-11-21T17:00:00.000Z,True,False,28,27,W,33,63,4.256
2020,15,401207203,Army,FBS Independents,Navy,American Athletic,Home,2020-12-12T20:00:00.000Z,True,False,15,0,W,115,107,-97.121
2020,16,401265699,Army,FBS Independents,Air Force,Mountain West,Home,2020-12-19T20:00:00.000Z,True,False,10,7,W,17,36,52.276
2020,1,401256199,Auburn,SEC,Northwestern,Big Ten,Away,2021-01-01T18:00:00.000Z,True,False,19,35,L,27,20,104.269
2020,4,401237034,Auburn,SEC,Kentucky,SEC,Home,2020-09-26T16:00:00.000Z,True,False,29,13,W,79,49,33.539
2020,5,401237095,Auburn,SEC,Georgia,SEC,Away,2020-10-03T23:30:00.000Z,True,False,6,27,L,16,3,180.189
2020,6,401237101,Auburn,SEC,Arkansas,SEC,Home,2020-10-10T20:00:00.000Z,True,False,30,28,W,96,44,41.796
2020,7,401237109,Auburn,SEC,South Carolina,SEC,Away,2020-10-17T16:00:00.000Z,True,False,22,30,L,108,90,-44.022
2020,8,401237115,Auburn,SEC,Ole Miss,SEC,Away,2020-10-24T16:00:00.000Z,True,False,35,28,W,70,43,43.635
2020,9,401237121,Auburn,SEC,LSU,SEC,Home,2020-10-31T19:30:00.000Z,True,False,48,11,W,73,30,60.569
2020,12,401237137,Auburn,SEC,Tennessee,SEC,Home,2020-11-22T00:00:00.000Z,True,False,30,17,W,101,80,-14.560
2020,13,401237142,Auburn,SEC,Alabama,SEC,Away,2020-11-28T20:30:00.000Z,True,False,13,42,L,1,1,283.159
2020,14,401237150,Auburn,SEC,Texas A&M,SEC,Home,2020-12-05T17:00:00.000Z,True,False,20,31,L,21,9,143.149
2020,15,401260157,Auburn,SEC,Mississippi State,SEC,Away,2020-12-13T00:30:00.000Z,True,False,24,10,W,89,51,30.082
2020,1,401234576,BYU,FBS Independents,Navy,American Athletic,Away,2020-09-08T00:00:00.000Z,True,False,55,3,W,115,107,-97.121
2020,1,401256137,BYU,FBS Independents,UCF,American Athletic,Home,2020-12-23T00:00:00.000Z,True,False,49,23,W,34,41,48.295
2020,4,401236223,BYU,FBS Independents,Troy,Sun Belt,Home,2020-09-27T02:15:00.000Z,True,False,48,7,W,53,75,-6.222
2020,5,401246275,BYU,FBS Independents,Louisiana Tech,Conference USA,Home,2020-10-03T01:00:00.000Z,True,False,45,14,W,106,110,-109.766
2020,6,401240997,BYU,FBS Independents,UTSA,Conference USA,Home,2020-10-10T19:30:00.000Z,True,False,27,20,W,57,94,-59.153
2020,7,401212551,BYU,FBS Independents,Houston,American Athletic,Away,2020-10-17T01:30:00.000Z,True,False,43,26,W,69,85,-26.475
2020,8,401240998,BYU,FBS Independents,Texas State,Sun Belt,Home,2020-10-25T02:15:00.000Z,True,False,52,14,W,100,100,-88.302
2020,9,401239887,BYU,FBS Independents,Western Kentucky,Conference USA,Home,2020-11-01T02:15:00.000Z,True,False,41,10,W,93,111,-110.945
2020,10,401249005,BYU,FBS Independents,Boise State,Mountain West,Away,2020-11-07T02:45:00.000Z,True,False,51,17,W,25,29,61.319
2020,14,401237514,BYU,FBS Independents,Coastal Carolina,Sun Belt,Away,2020-12-05T22:30:00.000Z,True,False,17,22,L,7,16,110.171
2020,15,401249435,BYU,FBS Independents,San Diego State,Mountain West,Home,2020-12-13T03:00:00.000Z,True,False,28,14,W,37,56,13.423
2020,1,401268773,Ball State,Mid-American,San José State,Mountain West,Away,2020-12-31T19:00:00.000Z,True,False,34,13,W,32,31,60.508
2020,10,401249889,Ball State,Mid-American,Miami (OH),Mid-American,Away,2020-11-05T00:00:00.000Z,True,False,31,38,L,50,14,114.677
2020,11,401249865,Ball State,Mid-American,Eastern Michigan,Mid-American,Home,2020-11-12T00:00:00.000Z,True,False,38,31,W,74,33,57.117
2020,12,401249870,Ball State,Mid-American,Northern Illinois,Mid-American,Home,2020-11-19T00:00:00.000Z,True,False,31,25,W,113,67,-0.738
2020,13,401249873,Ball State,Mid-American,Toledo,Mid-American,Away,2020-11-28T17:00:00.000Z,True,False,27,24,W,23,15,114.673
2020,14,401249878,Ball State,Mid-American,Central Michigan,Mid-American,Away,2020-12-05T19:00:00.000Z,True,False,45,20,W,58,22,87.950
2020,15,401249885,Ball State,Mid-American,Western Michigan,Mid-American,Home,2020-12-12T17:00:00.000Z,True,False,30,27,W,31,21,94.107
2020,16,401249854,Ball State,Mid-American,Buffalo,Mid-American,Away,2020-12-19T00:30:00.000Z,True,False,38,28,W,3,6,153.223
2020,4,401235993,Baylor,Big 12,Kansas,Big 12,Home,2020-09-26T23:30:00.000Z,True,False,47,14,W,123,113,-112.890
2020,5,401235998,Baylor,Big 12,West Virginia,Big 12,Away,2020-10-03T16:00:00.000Z,True,False,21,27,L,62,46,36.615
2020,8,401236008,Baylor,Big 12,Texas,Big 12,Away,2020-10-24T19:30:00.000Z,True,False,16,27,L,14,17,107.667
2020,9,401236013,Baylor,Big 12,TCU,Big 12,Home,2020-10-31T19:30:00.000Z,True,False,23,33,L,38,34,56.320
2020,10,401236018,Baylor,Big 12,Iowa State,Big 12,Away,2020-11-08T00:00:00.000Z,True,False,31,38,L,22,12,125.008
2020,11,401236023,Baylor,Big 12,Texas Tech,Big 12,Away,2020-11-14T21:00:00.000Z,True,False,23,24,L,95,77,-9.902
2020,13,401236028,Baylor,Big 12,Kansas State,Big 12,Home,2020-11-29T00:00:00.000Z,True,False,32,31,W,86,76,-6.790
2020,14,401236033,Baylor,Big 12,Oklahoma,Big 12,Away,2020-12-06T01:00:00.000Z,True,False,14,27,L,6,4,168.240
2020,15,401250713,Baylor,Big 12,Oklahoma State,Big 12,Home,2020-12-12T20:30:00.000Z,True,False,3,42,L,45,26,73.228
2020,8,401248997,Boise State,Mountain West,Utah State,Mountain West,Home,2020-10-24T23:00:00.000Z,True,False,42,13,W,120,125,-191.781
2020,9,401248999,Boise State,Mountain West,Air Force,Mountain West,Away,2020-10-31T22:00:00.000Z,True,False,49,30,W,17,36,52.276
2020,10,401249005,Boise State,Mountain West,BYU,FBS Independents,Home,2020-11-07T02:45:00.000Z,True,False,17,51,L,2,5,157.602
2020,11,401249012,Boise State,Mountain West,Colorado State,Mountain West,Home,2020-11-13T01:00:00.000Z,True,False,52,21,W,112,114,-121.663
2020,12,401249017,Boise State,Mountain West,Hawai'i,Mountain West,Away,2020-11-22T04:00:00.000Z,True,False,40,32,W,68,92,-45.816
2020,15,401249035,Boise State,Mountain West,Wyoming,Mountain West,Away,2020-12-12T23:00:00.000Z,True,False,17,9,W,51,86,-31.992
2020,16,401249043,Boise State,Mountain West,San José State,Mountain West,Away,2020-12-19T21:40:00.000Z,True,False,20,34,L,32,31,60.508
2020,3,401234567,Boston College,ACC,Duke,ACC,Away,2020-09-19T16:00:00.000Z,True,False,26,6,W,105,105,-94.496
2020,4,401241303,Boston College,ACC,Texas State,Sun Belt,Home,2020-09-26T22:00:00.000Z,True,False,24,21,W,100,100,-88.302
2020,5,401234597,Boston College,ACC,North Carolina,ACC,Home,2020-10-03T19:30:00.000Z,True,False,22,26,L,24,24,76.391
2020,6,401234603,Boston College,ACC,Pittsburgh,ACC,Home,2020-10-10T20:00:00.000Z,True,False,31,30,W,65,53,23.969
2020,7,401234609,Boston College,ACC,Virginia Tech,ACC,Away,2020-10-18T00:00:00.000Z,True,False,14,40,L,67,52,26.586
2020,8,401234617,Boston College,ACC,Georgia Tech,ACC,Home,2020-10-24T20:00:00.000Z,True,False,48,27,W,104,95,-60.750
2020,9,401234624,Boston College,ACC,Clemson,ACC,Away,2020-10-31T16:00:00.000Z,True,False,28,34,L,4,8,149.449
2020,10,401234631,Boston College,ACC,Syracuse,ACC,Away,2020-11-07T19:00:00.000Z,True,False,16,13,W,111,103,-92.175
2020,11,401234637,Boston College,ACC,Notre Dame,ACC,Home,2020-11-14T20:30:00.000Z,True,False,31,45,L,12,18,107.178
2020,13,401234649,Boston College,ACC,Louisville,ACC,Home,2020-11-28T21:00:00.000Z,True,False,34,27,W,54,69,-3.774
2020,14,401234656,Boston College,ACC,Virginia,ACC,Away,2020-12-05T20:30:00.000Z,True,False,32,43,L,75,72,-5.133
2020,10,401249858,Bowling Green,Mid-American,Toledo,Mid-American,Away,2020-11-05T01:00:00.000Z,True,False,3,38,L,23,15,114.673
2020,11,401249862,Bowling Green,Mid-American,Kent State,Mid-American,Home,2020-11-11T00:30:00.000Z,True,False,24,62,L,20,39,48.949
2020,12,401249868,Bowling Green,Mid-American,Buffalo,Mid-American,Home,2020-11-18T00:00:00.000Z,True,False,17,42,L,3,6,153.223
2020,13,401249876,Bowling Green,Mid-American,Ohio,Mid-American,Away,2020-11-28T17:00:00.000Z,True,False,10,52,L,9,47,36.001
2020,14,401249881,Bowling Green,Mid-American,Akron,Mid-American,Away,2020-12-05T19:00:00.000Z,True,False,3,31,L,124,112,-111.199
2020,1,401256141,Buffalo,Mid-American,Marshall,Conference USA,Home,2020-12-25T19:30:00.000Z,True,False,17,10,W,19,55,15.938
2020,10,401249859,Buffalo,Mid-American,Northern Illinois,Mid-American,Away,2020-11-05T00:00:00.000Z,True,False,49,30,W,113,67,-0.738
2020,11,401249890,Buffalo,Mid-American,Miami (OH),Mid-American,Home,2020-11-11T01:00:00.000Z,True,False,42,10,W,50,14,114.677
2020,12,401249868,Buffalo,Mid-American,Bowling Green,Mid-American,Away,2020-11-18T00:00:00.000Z,True,False,42,17,W,126,123,-174.660
2020,13,401249877,Buffalo,Mid-American,Kent State,Mid-American,Home,2020-11-28T17:00:00.000Z,True,False,70,41,W,20,39,48.949
2020,15,401249886,Buffalo,Mid-American,Akron,Mid-American,Home,2020-12-12T19:30:00.000Z,True,False,56,7,W,124,112,-111.199
2020,16,401249854,Buffalo,Mid-American,Ball State,Mid-American,Home,2020-12-19T00:30:00.000Z,True,False,28,38,L,26,7,150.794
2020,11,401261454,California,Pac-12,UCLA,Pac-12,Away,2020-11-15T17:00:00.000Z,True,False,10,34,L,42,35,55.886
2020,12,401249411,California,Pac-12,Oregon State,Pac-12,Away,2020-11-21T20:30:00.000Z,True,False,27,31,L,80,88,-36.547
2020,13,401249417,California,Pac-12,Stanford,Pac-12,Home,2020-11-27T21:30:00.000Z,True,False,23,24,L,78,87,-32.073
2020,14,401249423,California,Pac-12,Oregon,Pac-12,Home,2020-12-06T00:00:00.000Z,True,False,21,17,W,49,40,48.905
2020,10,401249860,Central Michigan,Mid-American,Ohio,Mid-American,Home,2020-11-05T00:00:00.000Z,True,False,30,27,W,9,47,36.001
2020,11,401249864,Central Michigan,Mid-American,Northern Illinois,Mid-American,Away,2020-11-12T01:00:00.000Z,True,False,40,10,W,113,67,-0.738
2020,12,401249872,Central Michigan,Mid-American,Western Michigan,Mid-American,Home,2020-11-19T00:00:00.000Z,True,False,44,52,L,31,21,94.107
2020,13,401249874,Central Michigan,Mid-American,Eastern Michigan,Mid-American,Away,2020-11-27T21:00:00.000Z,True,False,31,23,W,74,33,57.117
2020,14,401249878,Central Michigan,Mid-American,Ball State,Mid-American,Home,2020-12-05T19:00:00.000Z,True,False,20,45,L,26,7,150.794
2020,15,401249883,Central Michigan,Mid-American,Toledo,Mid-American,Away,2020-12-12T20:00:00.000Z,True,False,23,24,L,23,15,114.673
2020,2,401236081,Charlotte,Conference USA,App State,Sun Belt,Away,2020-09-12T16:00:00.000Z,True,False,20,35,L,15,38,49.184
2020,5,401207136,Charlotte,Conference USA,Florida Atlantic,Conference USA,Away,2020-10-03T20:00:00.000Z,True,False,17,21,L,60,102,-90.700
2020,6,401207142,Charlotte,Conference USA,North Texas,Conference USA,Away,2020-10-11T00:00:00.000Z,True,False,49,21,W,103,122,-167.565
2020,8,401207154,Charlotte,Conference USA,UTEP,Conference USA,Home,2020-10-24T16:00:00.000Z,True,False,38,28,W,109,120,-162.386
2020,9,401234625,Charlotte,Conference USA,Duke,ACC,Away,2020-10-31T23:00:00.000Z,True,False,19,53,L,105,105,-94.496
2020,14,401266789,Charlotte,Conference USA,Western Kentucky,Conference USA,Home,2020-12-06T17:00:00.000Z,True,False,19,37,L,93,111,-110.945
2020,1,401256108,Cincinnati,American Athletic,Georgia,SEC,Away,2021-01-01T17:00:00.000Z,True,False,21,24,L,16,3,180.189
2020,4,401240996,Cincinnati,American Athletic,Army,FBS Independents,Home,2020-09-26T19:30:00.000Z,True,False,24,10,W,30,45,39.383
2020,5,401212476,Cincinnati,American Athletic,South Florida,American Athletic,Home,2020-10-03T19:30:00.000Z,True,False,28,7,W,121,116,-139.449
2020,8,401212488,Cincinnati,American Athletic,SMU,American Athletic,Away,2020-10-25T01:00:00.000Z,True,False,42,13,W,52,84,-24.448
2020,9,401212543,Cincinnati,American Athletic,Memphis,American Athletic,Home,2020-10-31T16:00:00.000Z,True,False,49,10,W,66,89,-41.151
2020,10,401212544,Cincinnati,American Athletic,Houston,American Athletic,Home,2020-11-07T20:30:00.000Z,True,False,38,10,W,69,85,-26.475
2020,11,401212545,Cincinnati,American Athletic,East Carolina,American Athletic,Home,2020-11-14T00:30:00.000Z,True,False,55,17,W,82,93,-57.914
2020,12,401212540,Cincinnati,American Athletic,UCF,American Athletic,Away,2020-11-21T20:30:00.000Z,True,False,36,33,W,34,41,48.295
2020,16,401264085,Cincinnati,American Athletic,Tulsa,American Athletic,Home,2020-12-20T01:00:00.000Z,True,False,27,24,W,43,42,44.479
2020,1,401240173,Clemson,ACC,Ohio State,Big Ten,Home,2021-01-02T01:00:00.000Z,True,False,28,49,L,11,2,187.626
2020,2,401234562,Clemson,ACC,Wake Forest,ACC,Away,2020-09-12T23:30:00.000Z,True,False,37,13,W,72,54,16.683
2020,5,401234598,Clemson,ACC,Virginia,ACC,Home,2020-10-04T00:00:00.000Z,True,False,41,23,W,75,72,-5.133
2020,6,401234604,Clemson,ACC,Miami,ACC,Home,2020-10-10T23:30:00.000Z,True,False,42,17,W,36,28,61.373
2020,7,401234610,Clemson,ACC,Georgia Tech,ACC,Away,2020-10-17T16:00:00.000Z,True,False,73,7,W,104,95,-60.750
2020,8,401234618,Clemson,ACC,Syracuse,ACC,Home,2020-10-24T16:00:00.000Z,True,False,47,21,W,111,103,-92.175
2020,9,401234624,Clemson,ACC,Boston College,ACC,Home,2020-10-31T16:00:00.000Z,True,False,34,28,W,63,57,12.073
2020,10,401234632,Clemson,ACC,Notre Dame,ACC,Away,2020-11-08T00:30:00.000Z,True,False,40,47,L,12,18,107.178
2020,13,401234651,Clemson,ACC,Pittsburgh,ACC,Home,2020-11-28T20:30:00.000Z,True,False,52,17,W,65,53,23.969
2020,14,401234657,Clemson,ACC,Virginia Tech,ACC,Away,2020-12-06T00:30:00.000Z,True,False,45,10,W,67,52,26.586
2020,16,401256001,Clemson,ACC,Notre Dame,ACC,Away,2020-12-19T21:00:00.000Z,True,False,34,10,W,12,18,107.178
2020,1,401256143,Coastal Carolina,Sun Belt,Liberty,FBS Independents,Home,2020-12-27T00:30:00.000Z,True,False,34,37,L,10,60,10.095
2020,2,401236658,Coastal Carolina,Sun Belt,Kansas,Big 12,Away,2020-09-13T02:00:00.000Z,True,False,38,23,W,123,113,-112.890
2020,5,401215304,Coastal Carolina,Sun Belt,Arkansas State,Sun Belt,Home,2020-10-03T16:00:00.000Z,True,False,52,23,W,92,104,-92.750
2020,7,401215311,Coastal Carolina,Sun Belt,Louisiana,Sun Belt,Away,2020-10-14T23:30:00.000Z,True,False,30,27,W,18,37,50.615
2020,8,401215316,Coastal Carolina,Sun Belt,Georgia Southern,Sun Belt,Home,2020-10-24T16:00:00.000Z,True,False,28,14,W,33,63,4.256
2020,9,401215318,Coastal Carolina,Sun Belt,Georgia State,Sun Belt,Away,2020-10-31T16:00:00.000Z,True,False,51,0,W,56,79,-12.077
2020,10,401215325,Coastal Carolina,Sun Belt,South Alabama,Sun Belt,Home,2020-11-08T01:00:00.000Z,True,False,23,6,W,94,101,-89.941
2020,12,401215333,Coastal Carolina,Sun Belt,App State,Sun Belt,Home,2020-11-21T17:00:00.000Z,True,False,34,23,W,15,38,49.184
2020,13,401215338,Coastal Carolina,Sun Belt,Texas State,Sun Belt,Away,2020-11-28T20:00:00.000Z,True,False,49,14,W,100,100,-88.302
2020,14,401237514,Coastal Carolina,Sun Belt,BYU,FBS Independents,Home,2020-12-05T22:30:00.000Z,True,False,22,17,W,2,5,157.602
2020,15,401259671,Coastal Carolina,Sun Belt,Troy,Sun Belt,Away,2020-12-12T20:00:00.000Z,True,False,42,38,W,53,75,-6.222
2020,1,401256151,Colorado,Pac-12,Texas,Big 12,Home,2020-12-30T02:00:00.000Z,True,False,23,55,L,14,17,107.667
2020,10,401249402,Colorado,Pac-12,UCLA,Pac-12,Home,2020-11-08T00:00:00.000Z,True,False,48,42,W,42,35,55.886
2020,11,401249406,Colorado,Pac-12,Stanford,Pac-12,Away,2020-11-14T20:30:00.000Z,True,False,35,32,W,78,87,-32.073
2020,13,401265734,Colorado,Pac-12,San Diego State,Mountain West,Home,2020-11-28T22:37:00.000Z,True,False,20,10,W,37,56,13.423
2020,14,401249426,Colorado,Pac-12,Arizona,Pac-12,Away,2020-12-06T00:00:00.000Z,True,False,24,13,W,118,98,-71.260
2020,15,401249428,Colorado,Pac-12,Utah,Pac-12,Home,2020-12-12T17:00:00.000Z,True,False,21,38,L,47,50,32.725
2020,9,401249000,Colorado State,Mountain West,Fresno State,Mountain West,Away,2020-10-30T02:00:00.000Z,True,False,17,38,L,55,106,-96.983
2020,10,401249010,Colorado State,Mountain West,Wyoming,Mountain West,Home,2020-11-06T02:00:00.000Z,True,False,34,24,W,51,86,-31.992
2020,11,401249012,Colorado State,Mountain West,Boise State,Mountain West,Away,2020-11-13T01:00:00.000Z,True,False,21,52,L,25,29,61.319
2020,14,401249031,Colorado State,Mountain West,San Diego State,Mountain West,Away,2020-12-06T00:00:00.000Z,True,False,17,29,L,37,56,13.423
2020,2,401234574,Duke,ACC,Notre Dame,ACC,Away,2020-09-12T18:30:00.000Z,True,False,13,27,L,12,18,107.178
2020,3,401234567,Duke,ACC,Boston College,ACC,Home,2020-09-19T16:00:00.000Z,True,False,6,26,L,63,57,12.073
2020,4,401234638,Duke,ACC,Virginia,ACC,Away,2020-09-26T20:00:00.000Z,True,False,20,38,L,75,72,-5.133
2020,5,401234599,Duke,ACC,Virginia Tech,ACC,Home,2020-10-03T20:00:00.000Z,True,False,31,38,L,67,52,26.586
2020,6,401234605,Duke,ACC,Syracuse,ACC,Away,2020-10-10T16:30:00.000Z,True,False,38,24,W,111,103,-92.175
2020,7,401234611,Duke,ACC,NC State,ACC,Away,2020-10-17T19:30:00.000Z,True,False,20,31,L,64,73,-5.585
2020,9,401234625,Duke,ACC,Charlotte,Conference USA,Home,2020-10-31T23:00:00.000Z,True,False,53,19,W,85,115,-137.604
2020,10,401234633,Duke,ACC,North Carolina,ACC,Home,2020-11-07T17:00:00.000Z,True,False,24,56,L,24,24,76.391
2020,13,401234652,Duke,ACC,Georgia Tech,ACC,Away,2020-11-29T00:00:00.000Z,True,False,33,56,L,104,95,-60.750
2020,14,401266134,Duke,ACC,Miami,ACC,Home,2020-12-06T01:00:00.000Z,True,False,0,48,L,36,28,61.373
2020,15,401266694,Duke,ACC,Florida State,ACC,Away,2020-12-12T21:00:00.000Z,True,False,35,56,L,110,99,-83.668
2020,4,401212536,East Carolina,American Athletic,UCF,American Athletic,Home,2020-09-26T16:00:00.000Z,True,False,28,51,L,34,41,48.295
2020,5,401212547,East Carolina,American Athletic,Georgia State,Sun Belt,Away,2020-10-03T16:00:00.000Z,True,False,29,49,L,56,79,-12.077
2020,6,401212477,East Carolina,American Athletic,South Florida,American Athletic,Away,2020-10-10T23:00:00.000Z,True,False,44,24,W,121,116,-139.449
2020,7,401212548,East Carolina,American Athletic,Navy,American Athletic,Home,2020-10-17T16:00:00.000Z,True,False,23,27,L,115,107,-97.121
2020,9,401212533,East Carolina,American Athletic,Tulsa,American Athletic,Away,2020-10-31T01:00:00.000Z,True,False,30,34,L,43,42,44.479
2020,10,401212525,East Carolina,American Athletic,Tulane,American Athletic,Home,2020-11-07T17:00:00.000Z,True,False,21,38,L,40,68,-1.474
2020,11,401212545,East Carolina,American Athletic,Cincinnati,American Athletic,Away,2020-11-14T00:30:00.000Z,True,False,17,55,L,5,11,136.685
2020,12,401212519,East Carolina,American Athletic,Temple,American Athletic,Away,2020-11-21T17:00:00.000Z,True,False,28,3,W,116,118,-148.091
2020,13,401212513,East Carolina,American Athletic,SMU,American Athletic,Home,2020-11-28T17:00:00.000Z,True,False,52,38,W,52,84,-24.448
2020,10,401249856,Eastern Michigan,Mid-American,Kent State,Mid-American,Away,2020-11-04T23:00:00.000Z,True,False,23,27,L,20,39,48.949
2020,11,401249865,Eastern Michigan,Mid-American,Ball State,Mid-American,Away,2020-11-12T00:00:00.000Z,True,False,31,38,L,26,7,150.794
2020,12,401249871,Eastern Michigan,Mid-American,Toledo,Mid-American,Home,2020-11-19T00:00:00.000Z,True,False,28,45,L,23,15,114.673
2020,13,401249874,Eastern Michigan,Mid-American,Central Michigan,Mid-American,Home,2020-11-27T21:00:00.000Z,True,False,23,31,L,58,22,87.950
2020,14,401249879,Eastern Michigan,Mid-American,Western Michigan,Mid-American,Away,2020-12-05T19:00:00.000Z,True,False,53,42,W,31,21,94.107
2020,15,401249884,Eastern Michigan,Mid-American,Northern Illinois,Mid-American,Home,2020-12-12T17:00:00.000Z,True,False,41,33,W,113,67,-0.738
2020,1,401256194,Florida,SEC,Oklahoma,Big 12,Away,2020-12-31T01:00:00.000Z,True,False,20,55,L,6,4,168.240
2020,4,401236952,Florida,SEC,Ole Miss,SEC,Away,2020-09-26T16:00:00.000Z,True,False,51,35,W,70,43,43.635
2020,5,401237096,Florida,SEC,South Carolina,SEC,Home,2020-10-03T16:00:00.000Z,True,False,38,24,W,108,90,-44.022
2020,6,401237102,Florida,SEC,Texas A&M,SEC,Away,2020-10-10T16:00:00.000Z,True,False,38,41,L,21,9,143.149
2020,9,401237116,Florida,SEC,Missouri,SEC,Home,2020-10-31T23:30:00.000Z,True,False,41,17,W,87,62,6.666
2020,10,401237125,Florida,SEC,Georgia,SEC,Away,2020-11-07T20:30:00.000Z,True,False,44,28,W,16,3,180.189
2020,11,401237129,Florida,SEC,Arkansas,SEC,Home,2020-11-15T00:00:00.000Z,True,False,63,35,W,96,44,41.796
2020,12,401237138,Florida,SEC,Vanderbilt,SEC,Away,2020-11-21T17:00:00.000Z,True,False,38,17,W,122,108,-107.932
2020,13,401237144,Florida,SEC,Kentucky,SEC,Home,2020-11-28T17:00:00.000Z,True,False,34,10,W,79,49,33.539
2020,14,401237151,Florida,SEC,Tennessee,SEC,Away,2020-12-05T20:30:00.000Z,True,False,31,19,W,101,80,-14.560
2020,15,401251100,Florida,SEC,LSU,SEC,Home,2020-12-13T00:00:00.000Z,True,False,34,37,L,73,30,60.569
2020,16,401237074,Florida,SEC,Alabama,SEC,Home,2020-12-20T01:00:00.000Z,True,False,46,52,L,1,1,283.159
2020,1,401256139,Florida Atlantic,Conference USA,Memphis,American Athletic,Home,2020-12-24T00:00:00.000Z,True,False,10,25,L,66,89,-41.151
2020,5,401207136,Florida Atlantic,Conference USA,Charlotte,Conference USA,Home,2020-10-03T20:00:00.000Z,True,False,21,17,W,85,115,-137.604
2020,8,401207156,Florida Atlantic,Conference USA,Marshall,Conference USA,Away,2020-10-24T18:30:00.000Z,True,False,9,20,L,19,55,15.938
2020,9,401207162,Florida Atlantic,Conference USA,UTSA,Conference USA,Home,2020-10-31T16:00:00.000Z,True,False,24,3,W,57,94,-59.153
2020,10,401207169,Florida Atlantic,Conference USA,Western Kentucky,Conference USA,Home,2020-11-07T23:00:00.000Z,True,False,10,6,W,93,111,-110.945
2020,11,401207174,Florida Atlantic,Conference USA,Florida International,Conference USA,Away,2020-11-14T00:00:00.000Z,True,False,38,19,W,98,121,-165.918
2020,12,401261674,Florida Atlantic,Conference USA,Massachusetts,FBS Independents,Home,2020-11-21T01:00:00.000Z,True,False,24,2,W,127,127,-243.501
2020,14,401261675,Florida Atlantic,Conference USA,Georgia Southern,Sun Belt,Away,2020-12-05T23:00:00.000Z,True,False,3,20,L,33,63,4.256
2020,15,401257813,Florida Atlantic,Conference USA,Southern Miss,Conference USA,Away,2020-12-10T23:30:00.000Z,True,False,31,45,L,99,117,-143.241
2020,4,401207126,Florida International,Conference USA,Liberty,FBS Independents,Away,2020-09-26T17:00:00.000Z,True,False,34,36,L,10,60,10.095
2020,6,401207143,Florida International,Conference USA,Middle Tennessee,Conference USA,Home,2020-10-10T20:00:00.000Z,True,False,28,31,L,107,119,-153.523
2020,11,401207174,Florida International,Conference USA,Florida Atlantic,Conference USA,Home,2020-11-14T00:00:00.000Z,True,False,19,38,L,60,102,-90.700
2020,12,401207181,Florida International,Conference USA,Western Kentucky,Conference USA,Away,2020-11-21T19:00:00.000Z,True,False,21,38,L,93,111,-110.945
2020,2,401234563,Florida State,ACC,Georgia Tech,ACC,Home,2020-09-12T20:00:00.000Z,True,False,13,16,L,104,95,-60.750
2020,4,401234593,Florida State,ACC,Miami,ACC,Away,2020-09-26T23:30:00.000Z,True,False,10,52,L,36,28,61.373
2020,6,401234606,Florida State,ACC,Notre Dame,ACC,Away,2020-10-10T23:30:00.000Z,True,False,26,42,L,12,18,107.178
2020,7,401234612,Florida State,ACC,North Carolina,ACC,Home,2020-10-17T23:30:00.000Z,True,False,31,28,W,24,24,76.391
2020,8,401234619,Florida State,ACC,Louisville,ACC,Away,2020-10-24T16:00:00.000Z,True,False,16,48,L,54,69,-3.774
2020,10,401234634,Florida State,ACC,Pittsburgh,ACC,Home,2020-11-07T21:00:00.000Z,True,False,17,41,L,65,53,23.969
2020,11,401234639,Florida State,ACC,NC State,ACC,Away,2020-11-15T00:30:00.000Z,True,False,22,38,L,64,73,-5.585
2020,15,401266694,Florida State,ACC,Duke,ACC,Home,2020-12-12T21:00:00.000Z,True,False,56,35,W,105,105,-94.496
2020,8,401248994,Fresno State,Mountain West,Hawai'i,Mountain West,Home,2020-10-24T23:30:00.000Z,True,False,19,34,L,68,92,-45.816
2020,9,401249000,Fresno State,Mountain West,Colorado State,Mountain West,Home,2020-10-30T02:00:00.000Z,True,False,38,17,W,112,114,-121.663
2020,10,401249006,Fresno State,Mountain West,UNLV,Mountain West,Away,2020-11-07T20:30:00.000Z,True,False,40,27,W,119,124,-185.418
2020,11,401249013,Fresno State,Mountain West,Utah State,Mountain West,Away,2020-11-14T19:30:00.000Z,True,False,35,16,W,120,125,-191.781
2020,14,401249032,Fresno State,Mountain West,Nevada,Mountain West,Away,2020-12-06T02:00:00.000Z,True,False,26,37,L,35,74,-5.656
2020,15,401249036,Fresno State,Mountain West,New Mexico,Mountain West,Away,2020-12-13T03:30:00.000Z,True,False,39,49,L,97,109,-109.586
2020,1,401256108,Georgia,SEC,Cincinnati,American Athletic,Home,2021-01-01T17:00:00.000Z,True,False,24,21,W,5,11,136.685
2020,4,401237033,Georgia,SEC,Arkansas,SEC,Away,2020-09-26T20:00:00.000Z,True,False,37,10,W,96,44,41.796
2020,5,401237095,Georgia,SEC,Auburn,SEC,Home,2020-10-03T23:30:00.000Z,True,False,27,6,W,61,25,75.778
2020,6,401237103,Georgia,SEC,Tennessee,SEC,Home,2020-10-10T19:30:00.000Z,True,False,44,21,W,101,80,-14.560
2020,7,401237107,Georgia,SEC,Alabama,SEC,Away,2020-10-18T00:00:00.000Z,True,False,24,41,L,1,1,283.159
2020,9,401237117,Georgia,SEC,Kentucky,SEC,Away,2020-10-31T16:00:00.000Z,True,False,14,3,W,79,49,33.539
2020,10,401237125,Georgia,SEC,Florida,SEC,Home,2020-11-07T20:30:00.000Z,True,False,28,44,L,28,10,142.779
2020,12,401237139,Georgia,SEC,Mississippi State,SEC,Home,2020-11-22T00:30:00.000Z,True,False,31,24,W,89,51,30.082
2020,13,401237145,Georgia,SEC,South Carolina,SEC,Away,2020-11-29T00:30:00.000Z,True,False,45,16,W,108,90,-44.022
2020,15,401267161,Georgia,SEC,Missouri,SEC,Away,2020-12-12T17:00:00.000Z,True,False,49,14,W,87,62,6.666
2020,1,401256138,Georgia Southern,Sun Belt,Louisiana Tech,Conference USA,Home,2020-12-23T20:00:00.000Z,True,False,38,3,W,106,110,-109.766
2020,4,401215303,Georgia Southern,Sun Belt,Louisiana,Sun Belt,Away,2020-09-26T16:00:00.000Z,True,False,18,20,L,18,37,50.615
2020,5,401215305,Georgia Southern,Sun Belt,UL Monroe,Sun Belt,Away,2020-10-03T23:00:00.000Z,True,False,35,30,W,125,126,-240.872
2020,7,401250215,Georgia Southern,Sun Belt,Massachusetts,FBS Independents,Home,2020-10-17T20:00:00.000Z,True,False,41,0,W,127,127,-243.501
2020,8,401215316,Georgia Southern,Sun Belt,Coastal Carolina,Sun Belt,Away,2020-10-24T16:00:00.000Z,True,False,14,28,L,7,16,110.171
2020,9,401215321,Georgia Southern,Sun Belt,South Alabama,Sun Belt,Home,2020-10-29T23:30:00.000Z,True,False,24,17,W,94,101,-89.941
2020,10,401215326,Georgia Southern,Sun Belt,Troy,Sun Belt,Home,2020-11-07T18:00:00.000Z,True,False,20,13,W,53,75,-6.222
2020,11,401215331,Georgia Southern,Sun Belt,Texas State,Sun Belt,Home,2020-11-14T20:30:00.000Z,True,False,40,38,W,100,100,-88.302
2020,12,401235975,Georgia Southern,Sun Belt,Army,FBS Independents,Away,2020-11-21T17:00:00.000Z,True,False,27,28,L,30,45,39.383
2020,13,401215339,Georgia Southern,Sun Belt,Georgia State,Sun Belt,Away,2020-11-28T17:00:00.000Z,True,False,24,30,L,56,79,-12.077
2020,14,401261675,Georgia Southern,Sun Belt,Florida Atlantic,Conference USA,Home,2020-12-05T23:00:00.000Z,True,False,20,3,W,60,102,-90.700
2020,15,401215309,Georgia Southern,Sun Belt,App State,Sun Belt,Home,2020-12-12T23:00:00.000Z,True,False,26,34,L,15,38,49.184
2020,1,401256145,Georgia State,Sun Belt,Western Kentucky,Conference USA,Home,2020-12-26T20:30:00.000Z,True,False,39,21,W,93,111,-110.945
2020,3,401215301,Georgia State,Sun Belt,Louisiana,Sun Belt,Home,2020-09-19T16:00:00.000Z,True,False,31,34,L,18,37,50.615
2020,5,401212547,Georgia State,Sun Belt,East Carolina,American Athletic,Home,2020-10-03T16:00:00.000Z,True,False,49,29,W,82,93,-57.914
2020,7,401215310,Georgia State,Sun Belt,Arkansas State,Sun Belt,Away,2020-10-15T23:30:00.000Z,True,False,52,59,L,92,104,-92.750
2020,8,401215317,Georgia State,Sun Belt,Troy,Sun Belt,Away,2020-10-24T20:00:00.000Z,True,False,36,34,W,53,75,-6.222
2020,9,401215318,Georgia State,Sun Belt,Coastal Carolina,Sun Belt,Home,2020-10-31T16:00:00.000Z,True,False,0,51,L,7,16,110.171
2020,10,401215327,Georgia State,Sun Belt,UL Monroe,Sun Belt,Home,2020-11-07T17:00:00.000Z,True,False,52,34,W,125,126,-240.872
2020,11,401215328,Georgia State,Sun Belt,App State,Sun Belt,Away,2020-11-14T19:30:00.000Z,True,False,13,17,L,15,38,49.184
2020,12,401215335,Georgia State,Sun Belt,South Alabama,Sun Belt,Away,2020-11-21T20:30:00.000Z,True,False,31,14,W,94,101,-89.941
2020,13,401215339,Georgia State,Sun Belt,Georgia Southern,Sun Belt,Home,2020-11-28T17:00:00.000Z,True,False,30,24,W,33,63,4.256
2020,2,401234563,Georgia Tech,ACC,Florida State,ACC,Away,2020-09-12T20:00:00.000Z,True,False,16,13,W,110,99,-83.668
2020,3,401234568,Georgia Tech,ACC,UCF,American Athletic,Home,2020-09-19T19:30:00.000Z,True,False,21,49,L,34,41,48.295
2020,4,401234594,Georgia Tech,ACC,Syracuse,ACC,Away,2020-09-26T16:00:00.000Z,True,False,20,37,L,111,103,-92.175
2020,6,401234601,Georgia Tech,ACC,Louisville,ACC,Home,2020-10-09T23:00:00.000Z,True,False,46,27,W,54,69,-3.774
2020,7,401234610,Georgia Tech,ACC,Clemson,ACC,Home,2020-10-17T16:00:00.000Z,True,False,7,73,L,4,8,149.449
2020,8,401234617,Georgia Tech,ACC,Boston College,ACC,Away,2020-10-24T20:00:00.000Z,True,False,27,48,L,63,57,12.073
2020,9,401234626,Georgia Tech,ACC,Notre Dame,ACC,Home,2020-10-31T19:30:00.000Z,True,False,13,31,L,12,18,107.178
2020,13,401234652,Georgia Tech,ACC,Duke,ACC,Home,2020-11-29T00:00:00.000Z,True,False,56,33,W,105,105,-94.496
2020,14,401234659,Georgia Tech,ACC,NC State,ACC,Away,2020-12-05T21:00:00.000Z,True,False,13,23,L,64,73,-5.585
2020,15,401261245,Georgia Tech,ACC,Pittsburgh,ACC,Home,2020-12-11T00:00:00.000Z,True,False,20,34,L,65,53,23.969
2020,1,401256140,Hawai'i,Mountain West,Houston,American Athletic,Away,2020-12-24T20:30:00.000Z,True,False,28,14,W,69,85,-26.475
2020,8,401248994,Hawai'i,Mountain West,Fresno State,Mountain West,Away,2020-10-24T23:30:00.000Z,True,False,34,19,W,55,106,-96.983
2020,9,401249001,Hawai'i,Mountain West,Wyoming,Mountain West,Away,2020-10-31T01:45:00.000Z,True,False,7,31,L,51,86,-31.992
2020,10,401249007,Hawai'i,Mountain West,New Mexico,Mountain West,Home,2020-11-08T04:00:00.000Z,True,False,39,33,W,97,109,-109.586
2020,11,401249014,Hawai'i,Mountain West,San Diego State,Mountain West,Away,2020-11-14T21:00:00.000Z,True,False,10,34,L,37,56,13.423
2020,12,401249017,Hawai'i,Mountain West,Boise State,Mountain West,Home,2020-11-22T04:00:00.000Z,True,False,32,40,L,25,29,61.319
2020,13,401249024,Hawai'i,Mountain West,Nevada,Mountain West,Home,2020-11-29T04:00:00.000Z,True,False,24,21,W,35,74,-5.656
2020,14,401249033,Hawai'i,Mountain West,San José State,Mountain West,Away,2020-12-05T23:00:00.000Z,True,False,24,35,L,32,31,60.508
2020,15,401249038,Hawai'i,Mountain West,UNLV,Mountain West,Home,2020-12-13T04:00:00.000Z,True,False,38,21,W,119,124,-185.418
2020,1,401256140,Houston,American Athletic,Hawai'i,Mountain West,Home,2020-12-24T20:30:00.000Z,True,False,14,28,L,68,92,-45.816
2020,6,401212523,Houston,American Athletic,Tulane,American Athletic,Home,2020-10-08T23:30:00.000Z,True,False,49,31,W,40,68,-1.474
2020,7,401212551,Houston,American Athletic,BYU,FBS Independents,Home,2020-10-17T01:30:00.000Z,True,False,26,43,L,2,5,157.602
2020,8,401212552,Houston,American Athletic,Navy,American Athletic,Away,2020-10-24T19:30:00.000Z,True,False,37,21,W,115,107,-97.121
2020,9,401212538,Houston,American Athletic,UCF,American Athletic,Home,2020-10-31T18:00:00.000Z,True,False,21,44,L,34,41,48.295
2020,10,401212544,Houston,American Athletic,Cincinnati,American Athletic,Away,2020-11-07T20:30:00.000Z,True,False,10,38,L,5,11,136.685
2020,11,401212481,Houston,American Athletic,South Florida,American Athletic,Home,2020-11-14T20:30:00.000Z,True,False,56,21,W,121,116,-139.449
2020,15,401264084,Houston,American Athletic,Memphis,American Athletic,Away,2020-12-12T20:30:00.000Z,True,False,27,30,L,66,89,-41.151
2020,8,401247297,Illinois,Big Ten,Wisconsin,Big Ten,Away,2020-10-24T00:00:00.000Z,True,False,7,45,L,39,23,78.373
2020,9,401247301,Illinois,Big Ten,Purdue,Big Ten,Home,2020-10-31T16:00:00.000Z,True,False,24,31,L,71,66,0.470
2020,10,401247308,Illinois,Big Ten,Minnesota,Big Ten,Home,2020-11-07T20:30:00.000Z,True,False,14,41,L,77,78,-10.721
2020,11,401247314,Illinois,Big Ten,Rutgers,Big Ten,Away,2020-11-14T18:00:00.000Z,True,False,23,20,W,83,81,-18.495
2020,12,401247321,Illinois,Big Ten,Nebraska,Big Ten,Away,2020-11-21T17:00:00.000Z,True,False,41,23,W,91,71,-4.951
2020,14,401247337,Illinois,Big Ten,Iowa,Big Ten,Home,2020-12-05T20:30:00.000Z,True,False,21,35,L,13,13,119.833
2020,15,401247344,Illinois,Big Ten,Northwestern,Big Ten,Away,2020-12-12T17:00:00.000Z,True,False,10,28,L,27,20,104.269
2020,16,401269381,Illinois,Big Ten,Penn State,Big Ten,Away,2020-12-19T22:30:00.000Z,True,False,21,56,L,59,48,34.949
2020,1,401256110,Indiana,Big Ten,Ole Miss,SEC,Home,2021-01-02T17:30:00.000Z,True,False,20,26,L,70,43,43.635
2020,8,401247295,Indiana,Big Ten,Penn State,Big Ten,Home,2020-10-24T19:30:00.000Z,True,False,36,35,W,59,48,34.949
2020,9,401247300,Indiana,Big Ten,Rutgers,Big Ten,Away,2020-10-31T19:30:00.000Z,True,False,37,21,W,83,81,-18.495
2020,10,401247309,Indiana,Big Ten,Michigan,Big Ten,Home,2020-11-07T17:00:00.000Z,True,False,38,21,W,81,70,-4.660
2020,11,401247316,Indiana,Big Ten,Michigan State,Big Ten,Away,2020-11-14T17:00:00.000Z,True,False,24,0,W,117,82,-21.827
2020,12,401247326,Indiana,Big Ten,Ohio State,Big Ten,Away,2020-11-21T17:00:00.000Z,True,False,35,42,L,11,2,187.626
2020,13,401247329,Indiana,Big Ten,Maryland,Big Ten,Home,2020-11-28T17:00:00.000Z,True,False,27,11,W,88,64,3.402
2020,14,401247338,Indiana,Big Ten,Wisconsin,Big Ten,Away,2020-12-05T20:30:00.000Z,True,False,14,6,W,39,23,78.373
2020,8,401247296,Iowa,Big Ten,Purdue,Big Ten,Away,2020-10-24T19:30:00.000Z,True,False,20,24,L,71,66,0.470
2020,9,401247303,Iowa,Big Ten,Northwestern,Big Ten,Home,2020-10-31T19:30:00.000Z,True,False,20,21,L,27,20,104.269
2020,10,401247313,Iowa,Big Ten,Michigan State,Big Ten,Home,2020-11-07T17:00:00.000Z,True,False,49,7,W,117,82,-21.827
2020,11,401247317,Iowa,Big Ten,Minnesota,Big Ten,Away,2020-11-14T00:00:00.000Z,True,False,35,7,W,77,78,-10.721
2020,12,401247327,Iowa,Big Ten,Penn State,Big Ten,Away,2020-11-21T20:30:00.000Z,True,False,41,21,W,59,48,34.949
2020,13,401247332,Iowa,Big Ten,Nebraska,Big Ten,Home,2020-11-27T18:00:00.000Z,True,False,26,20,W,91,71,-4.951
2020,14,401247337,Iowa,Big Ten,Illinois,Big Ten,Away,2020-12-05T20:30:00.000Z,True,False,35,21,W,114,97,-65.740
2020,15,401247347,Iowa,Big Ten,Wisconsin,Big Ten,Home,2020-12-12T20:30:00.000Z,True,False,28,7,W,39,23,78.373
2020,1,401256111,Iowa State,Big 12,Oregon,Pac-12,Home,2021-01-02T21:00:00.000Z,True,False,34,17,W,49,40,48.905
2020,2,401236221,Iowa State,Big 12,Louisiana,Sun Belt,Home,2020-09-12T16:00:00.000Z,True,False,14,31,L,18,37,50.615
2020,4,401235994,Iowa State,Big 12,TCU,Big 12,Away,2020-09-26T17:30:00.000Z,True,False,37,34,W,38,34,56.320
2020,5,401235999,Iowa State,Big 12,Oklahoma,Big 12,Home,2020-10-03T23:30:00.000Z,True,False,37,30,W,6,4,168.240
2020,6,401236003,Iowa State,Big 12,Texas Tech,Big 12,Home,2020-10-10T19:30:00.000Z,True,False,31,15,W,95,77,-9.902
2020,8,401236009,Iowa State,Big 12,Oklahoma State,Big 12,Away,2020-10-24T19:30:00.000Z,True,False,21,24,L,45,26,73.228
2020,9,401236014,Iowa State,Big 12,Kansas,Big 12,Away,2020-10-31T16:00:00.000Z,True,False,52,22,W,123,113,-112.890
2020,10,401236018,Iowa State,Big 12,Baylor,Big 12,Home,2020-11-08T00:00:00.000Z,True,False,38,31,W,84,59,11.528
2020,12,401236025,Iowa State,Big 12,Kansas State,Big 12,Home,2020-11-21T21:00:00.000Z,True,False,45,0,W,86,76,-6.790
2020,13,401236029,Iowa State,Big 12,Texas,Big 12,Away,2020-11-27T17:00:00.000Z,True,False,23,20,W,14,17,107.667
2020,14,401236034,Iowa State,Big 12,West Virginia,Big 12,Home,2020-12-05T20:30:00.000Z,True,False,42,6,W,62,46,36.615
2020,16,401262060,Iowa State,Big 12,Oklahoma,Big 12,Home,2020-12-19T17:00:00.000Z,True,False,21,27,L,6,4,168.240
2020,2,401236658,Kansas,Big 12,Coastal Carolina,Sun Belt,Home,2020-09-13T02:00:00.000Z,True,False,23,38,L,7,16,110.171
2020,4,401235993,Kansas,Big 12,Baylor,Big 12,Away,2020-09-26T23:30:00.000Z,True,False,14,47,L,84,59,11.528
2020,5,401236000,Kansas,Big 12,Oklahoma State,Big 12,Home,2020-10-03T19:30:00.000Z,True,False,7,47,L,45,26,73.228
2020,7,401236007,Kansas,Big 12,West Virginia,Big 12,Away,2020-10-17T16:00:00.000Z,True,False,17,38,L,62,46,36.615
2020,8,401236010,Kansas,Big 12,Kansas State,Big 12,Away,2020-10-24T16:00:00.000Z,True,False,14,55,L,86,76,-6.790
2020,9,401236014,Kansas,Big 12,Iowa State,Big 12,Home,2020-10-31T16:00:00.000Z,True,False,22,52,L,22,12,125.008
2020,10,401236019,Kansas,Big 12,Oklahoma,Big 12,Away,2020-11-07T20:30:00.000Z,True,False,9,62,L,6,4,168.240
2020,13,401236030,Kansas,Big 12,TCU,Big 12,Home,2020-11-29T01:00:00.000Z,True,False,23,59,L,38,34,56.320
2020,14,401236035,Kansas,Big 12,Texas Tech,Big 12,Away,2020-12-05T17:00:00.000Z,True,False,13,16,L,95,77,-9.902
2020,2,401236053,Kansas State,Big 12,Arkansas State,Sun Belt,Home,2020-09-12T16:00:00.000Z,True,False,31,35,L,92,104,-92.750
2020,4,401235996,Kansas State,Big 12,Oklahoma,Big 12,Away,2020-09-26T16:00:00.000Z,True,False,38,35,W,6,4,168.240
2020,5,401236001,Kansas State,Big 12,Texas Tech,Big 12,Home,2020-10-03T19:30:00.000Z,True,False,31,21,W,95,77,-9.902
2020,6,401236004,Kansas State,Big 12,TCU,Big 12,Away,2020-10-10T20:00:00.000Z,True,False,21,14,W,38,34,56.320
2020,8,401236010,Kansas State,Big 12,Kansas,Big 12,Home,2020-10-24T16:00:00.000Z,True,False,55,14,W,123,113,-112.890
2020,9,401236015,Kansas State,Big 12,West Virginia,Big 12,Away,2020-10-31T16:00:00.000Z,True,False,10,37,L,62,46,36.615
2020,10,401236020,Kansas State,Big 12,Oklahoma State,Big 12,Home,2020-11-07T21:00:00.000Z,True,False,18,20,L,45,26,73.228
2020,12,401236025,Kansas State,Big 12,Iowa State,Big 12,Away,2020-11-21T21:00:00.000Z,True,False,0,45,L,22,12,125.008
2020,13,401236028,Kansas State,Big 12,Baylor,Big 12,Away,2020-11-29T00:00:00.000Z,True,False,31,32,L,84,59,11.528
2020,14,401236036,Kansas State,Big 12,Texas,Big 12,Home,2020-12-05T17:00:00.000Z,True,False,31,69,L,14,17,107.667
2020,10,401249856,Kent State,Mid-American,Eastern Michigan,Mid-American,Home,2020-11-04T23:00:00.000Z,True,False,27,23,W,74,33,57.117
2020,11,401249862,Kent State,Mid-American,Bowling Green,Mid-American,Away,2020-11-11T00:30:00.000Z,True,False,62,24,W,126,123,-174.660
2020,12,401249867,Kent State,Mid-American,Akron,Mid-American,Home,2020-11-18T01:00:00.000Z,True,False,69,35,W,124,112,-111.199
2020,13,401249877,Kent State,Mid-American,Buffalo,Mid-American,Away,2020-11-28T17:00:00.000Z,True,False,41,70,L,3,6,153.223
2020,1,401256109,Kentucky,SEC,NC State,ACC,Home,2021-01-02T17:00:00.000Z,True,False,23,21,W,64,73,-5.585
2020,4,401237034,Kentucky,SEC,Auburn,SEC,Away,2020-09-26T16:00:00.000Z,True,False,13,29,L,61,25,75.778
2020,5,401237097,Kentucky,SEC,Ole Miss,SEC,Home,2020-10-03T20:00:00.000Z,True,False,41,42,L,70,43,43.635
2020,6,401237104,Kentucky,SEC,Mississippi State,SEC,Home,2020-10-10T23:30:00.000Z,True,False,24,2,W,89,51,30.082
2020,7,401237111,Kentucky,SEC,Tennessee,SEC,Away,2020-10-17T16:00:00.000Z,True,False,34,7,W,101,80,-14.560
2020,8,401237122,Kentucky,SEC,Missouri,SEC,Away,2020-10-24T20:00:00.000Z,True,False,10,20,L,87,62,6.666
2020,9,401237117,Kentucky,SEC,Georgia,SEC,Home,2020-10-31T16:00:00.000Z,True,False,3,14,L,16,3,180.189
2020,11,401237132,Kentucky,SEC,Vanderbilt,SEC,Home,2020-11-14T17:00:00.000Z,True,False,38,35,W,122,108,-107.932
2020,12,401237135,Kentucky,SEC,Alabama,SEC,Away,2020-11-21T21:00:00.000Z,True,False,3,63,L,1,1,283.159
2020,13,401237144,Kentucky,SEC,Florida,SEC,Away,2020-11-28T17:00:00.000Z,True,False,10,34,L,28,10,142.779
2020,14,401237153,Kentucky,SEC,South Carolina,SEC,Home,2020-12-06T00:30:00.000Z,True,False,41,18,W,108,90,-44.022
2020,4,401237035,LSU,SEC,Mississippi State,SEC,Home,2020-09-26T19:30:00.000Z,True,False,34,44,L,89,51,30.082
2020,5,401237098,LSU,SEC,Vanderbilt,SEC,Away,2020-10-03T23:30:00.000Z,True,False,41,7,W,122,108,-107.932
2020,6,401237105,LSU,SEC,Missouri,SEC,Home,2020-10-10T16:00:00.000Z,True,False,41,45,L,87,62,6.666
2020,8,401237118,LSU,SEC,South Carolina,SEC,Home,2020-10-24T23:00:00.000Z,True,False,52,24,W,108,90,-44.022
2020,9,401237121,LSU,SEC,Auburn,SEC,Away,2020-10-31T19:30:00.000Z,True,False,11,48,L,61,25,75.778
2020,12,401237136,LSU,SEC,Arkansas,SEC,Away,2020-11-21T17:00:00.000Z,True,False,27,24,W,96,44,41.796
2020,13,401237146,LSU,SEC,Texas A&M,SEC,Away,2020-11-29T00:00:00.000Z,True,False,7,20,L,21,9,143.149
2020,14,401265817,LSU,SEC,Alabama,SEC,Home,2020-12-06T01:00:00.000Z,True,False,17,55,L,1,1,283.159
2020,15,401251100,LSU,SEC,Florida,SEC,Away,2020-12-13T00:00:00.000Z,True,False,37,34,W,28,10,142.779
2020,16,401267165,LSU,SEC,Ole Miss,SEC,Home,2020-12-19T20:30:00.000Z,True,False,53,48,W,70,43,43.635
2020,1,401256143,Liberty,FBS Independents,Coastal Carolina,Sun Belt,Away,2020-12-27T00:30:00.000Z,True,False,37,34,W,7,16,110.171
2020,3,401207124,Liberty,FBS Independents,Western Kentucky,Conference USA,Away,2020-09-19T16:00:00.000Z,True,False,30,24,W,93,111,-110.945
2020,4,401207126,Liberty,FBS Independents,Florida International,Conference USA,Home,2020-09-26T17:00:00.000Z,True,False,36,34,W,98,121,-165.918
2020,6,401207215,Liberty,FBS Independents,UL Monroe,Sun Belt,Home,2020-10-10T16:00:00.000Z,True,False,40,7,W,125,126,-240.872
2020,7,401234615,Liberty,FBS Independents,Syracuse,ACC,Away,2020-10-17T16:00:00.000Z,True,False,38,21,W,111,103,-92.175
2020,8,401207160,Liberty,FBS Independents,Southern Miss,Conference USA,Home,2020-10-24T17:00:00.000Z,True,False,56,35,W,99,117,-143.241
2020,10,401234636,Liberty,FBS Independents,Virginia Tech,ACC,Away,2020-11-07T17:00:00.000Z,True,False,38,35,W,67,52,26.586
2020,12,401234647,Liberty,FBS Independents,NC State,ACC,Away,2020-11-22T00:30:00.000Z,True,False,14,15,L,64,73,-5.585
2020,13,401251926,Liberty,FBS Independents,Massachusetts,FBS Independents,Home,2020-11-27T17:00:00.000Z,True,False,45,0,W,127,127,-243.501
2020,1,401256144,Louisiana,Sun Belt,UTSA,Conference USA,Away,2020-12-26T20:30:00.000Z,True,False,31,24,W,57,94,-59.153
2020,2,401236221,Louisiana,Sun Belt,Iowa State,Big 12,Away,2020-09-12T16:00:00.000Z,True,False,31,14,W,22,12,125.008
2020,3,401215301,Louisiana,Sun Belt,Georgia State,Sun Belt,Away,2020-09-19T16:00:00.000Z,True,False,34,31,W,56,79,-12.077
2020,4,401215303,Louisiana,Sun Belt,Georgia Southern,Sun Belt,Home,2020-09-26T16:00:00.000Z,True,False,20,18,W,33,63,4.256
2020,7,401215311,Louisiana,Sun Belt,Coastal Carolina,Sun Belt,Home,2020-10-14T23:30:00.000Z,True,False,27,30,L,7,16,110.171
2020,8,401238036,Louisiana,Sun Belt,UAB,Conference USA,Away,2020-10-24T00:00:00.000Z,True,False,24,20,W,44,58,11.685
2020,9,401215322,Louisiana,Sun Belt,Texas State,Sun Belt,Away,2020-11-01T00:00:00.000Z,True,False,44,34,W,100,100,-88.302
2020,10,401253924,Louisiana,Sun Belt,Arkansas State,Sun Belt,Home,2020-11-07T17:00:00.000Z,True,False,27,20,W,92,104,-92.750
2020,11,401215332,Louisiana,Sun Belt,South Alabama,Sun Belt,Home,2020-11-14T19:00:00.000Z,True,False,38,10,W,94,101,-89.941
2020,13,401215340,Louisiana,Sun Belt,UL Monroe,Sun Belt,Away,2020-11-28T20:00:00.000Z,True,False,70,20,W,125,126,-240.872
2020,14,401252117,Louisiana,Sun Belt,App State,Sun Belt,Away,2020-12-05T01:30:00.000Z,True,False,24,21,W,15,38,49.184
2020,1,401256138,Louisiana Tech,Conference USA,Georgia Southern,Sun Belt,Away,2020-12-23T20:00:00.000Z,True,False,3,38,L,33,63,4.256
2020,3,401207106,Louisiana Tech,Conference USA,Southern Miss,Conference USA,Away,2020-09-19T23:30:00.000Z,True,False,31,30,W,99,117,-143.241
2020,5,401246275,Louisiana Tech,Conference USA,BYU,FBS Independents,Away,2020-10-03T01:00:00.000Z,True,False,14,45,L,2,5,157.602
2020,6,401207145,Louisiana Tech,Conference USA,UTEP,Conference USA,Home,2020-10-10T23:30:00.000Z,True,False,21,17,W,109,120,-162.386
2020,7,401207149,Louisiana Tech,Conference USA,Marshall,Conference USA,Home,2020-10-17T22:00:00.000Z,True,False,17,35,L,19,55,15.938
2020,8,401207157,Louisiana Tech,Conference USA,UTSA,Conference USA,Away,2020-10-25T00:00:00.000Z,True,False,26,27,L,57,94,-59.153
2020,9,401207163,Louisiana Tech,Conference USA,UAB,Conference USA,Home,2020-10-31T19:30:00.000Z,True,False,37,34,W,44,58,11.685
2020,14,401265703,Louisiana Tech,Conference USA,North Texas,Conference USA,Away,2020-12-03T23:00:00.000Z,True,False,42,31,W,103,122,-167.565
2020,15,401266711,Louisiana Tech,Conference USA,TCU,Big 12,Away,2020-12-13T00:00:00.000Z,True,False,10,52,L,38,34,56.320
2020,2,401234564,Louisville,ACC,Western Kentucky,Conference USA,Home,2020-09-13T00:00:00.000Z,True,False,35,21,W,93,111,-110.945
2020,3,401234569,Louisville,ACC,Miami,ACC,Home,2020-09-19T23:30:00.000Z,True,False,34,47,L,36,28,61.373
2020,4,401234595,Louisville,ACC,Pittsburgh,ACC,Away,2020-09-26T16:00:00.000Z,True,False,20,23,L,65,53,23.969
2020,6,401234601,Louisville,ACC,Georgia Tech,ACC,Away,2020-10-09T23:00:00.000Z,True,False,27,46,L,104,95,-60.750
2020,7,401234613,Louisville,ACC,Notre Dame,ACC,Away,2020-10-17T18:30:00.000Z,True,False,7,12,L,12,18,107.178
2020,8,401234619,Louisville,ACC,Florida State,ACC,Home,2020-10-24T16:00:00.000Z,True,False,48,16,W,110,99,-83.668
2020,9,401234627,Louisville,ACC,Virginia Tech,ACC,Home,2020-10-31T20:00:00.000Z,True,False,35,42,L,67,52,26.586
2020,11,401257934,Louisville,ACC,Virginia,ACC,Away,2020-11-14T20:30:00.000Z,True,False,17,31,L,75,72,-5.133
2020,12,401234643,Louisville,ACC,Syracuse,ACC,Home,2020-11-21T00:00:00.000Z,True,False,30,0,W,111,103,-92.175
2020,13,401234649,Louisville,ACC,Boston College,ACC,Away,2020-11-28T21:00:00.000Z,True,False,27,34,L,63,57,12.073
2020,15,401266696,Louisville,ACC,Wake Forest,ACC,Home,2020-12-12T17:00:00.000Z,True,False,45,21,W,72,54,16.683
2020,1,401256141,Marshall,Conference USA,Buffalo,Mid-American,Away,2020-12-25T19:30:00.000Z,True,False,10,17,L,3,6,153.223
2020,3,401236939,Marshall,Conference USA,App State,Sun Belt,Home,2020-09-19T19:30:00.000Z,True,False,17,7,W,15,38,49.184
2020,6,401207146,Marshall,Conference USA,Western Kentucky,Conference USA,Away,2020-10-10T23:30:00.000Z,True,False,38,14,W,93,111,-110.945
2020,7,401207149,Marshall,Conference USA,Louisiana Tech,Conference USA,Away,2020-10-17T22:00:00.000Z,True,False,35,17,W,106,110,-109.766
2020,8,401207156,Marshall,Conference USA,Florida Atlantic,Conference USA,Home,2020-10-24T18:30:00.000Z,True,False,20,9,W,60,102,-90.700
2020,10,401251931,Marshall,Conference USA,Massachusetts,FBS Independents,Home,2020-11-07T19:30:00.000Z,True,False,51,10,W,127,127,-243.501
2020,11,401207176,Marshall,Conference USA,Middle Tennessee,Conference USA,Home,2020-11-14T17:00:00.000Z,True,False,42,14,W,107,119,-153.523
2020,14,401257812,Marshall,Conference USA,Rice,Conference USA,Home,2020-12-05T17:00:00.000Z,True,False,0,20,L,41,83,-24.129
2020,16,401240101,Marshall,Conference USA,UAB,Conference USA,Home,2020-12-19T00:00:00.000Z,True,False,13,22,L,44,58,11.685
2020,8,401247298,Maryland,Big Ten,Northwestern,Big Ten,Away,2020-10-24T23:30:00.000Z,True,False,3,43,L,27,20,104.269
2020,9,401247302,Maryland,Big Ten,Minnesota,Big Ten,Home,2020-10-30T23:30:00.000Z,True,False,45,44,W,77,78,-10.721
2020,10,401247312,Maryland,Big Ten,Penn State,Big Ten,Away,2020-11-07T20:30:00.000Z,True,False,35,19,W,59,48,34.949
2020,13,401247329,Maryland,Big Ten,Indiana,Big Ten,Away,2020-11-28T17:00:00.000Z,True,False,11,27,L,29,19,106.883
2020,15,401247342,Maryland,Big Ten,Rutgers,Big Ten,Home,2020-12-12T17:00:00.000Z,True,False,24,27,L,83,81,-18.495
2020,7,401250215,Massachusetts,FBS Independents,Georgia Southern,Sun Belt,Away,2020-10-17T20:00:00.000Z,True,False,0,41,L,33,63,4.256
2020,10,401251931,Massachusetts,FBS Independents,Marshall,Conference USA,Away,2020-11-07T19:30:00.000Z,True,False,10,51,L,19,55,15.938
2020,12,401261674,Massachusetts,FBS Independents,Florida Atlantic,Conference USA,Away,2020-11-21T01:00:00.000Z,True,False,2,24,L,60,102,-90.700
2020,13,401251926,Massachusetts,FBS Independents,Liberty,FBS Independents,Away,2020-11-27T17:00:00.000Z,True,False,0,45,L,10,60,10.095
2020,1,401212553,Memphis,American Athletic,Arkansas State,Sun Belt,Home,2020-09-06T00:00:00.000Z,True,False,37,24,W,92,104,-92.750
2020,1,401256139,Memphis,American Athletic,Florida Atlantic,Conference USA,Away,2020-12-24T00:00:00.000Z,True,False,25,10,W,60,102,-90.700
2020,5,401212486,Memphis,American Athletic,SMU,American Athletic,Away,2020-10-03T19:30:00.000Z,True,False,27,30,L,52,84,-24.448
2020,7,401212537,Memphis,American Athletic,UCF,American Athletic,Home,2020-10-17T19:30:00.000Z,True,False,50,49,W,34,41,48.295
2020,8,401212516,Memphis,American Athletic,Temple,American Athletic,Home,2020-10-24T16:00:00.000Z,True,False,41,29,W,116,118,-148.091
2020,9,401212543,Memphis,American Athletic,Cincinnati,American Athletic,Away,2020-10-31T16:00:00.000Z,True,False,10,49,L,5,11,136.685
2020,10,401212480,Memphis,American Athletic,South Florida,American Athletic,Home,2020-11-07T17:00:00.000Z,True,False,34,33,W,121,116,-139.449
2020,13,401264080,Memphis,American Athletic,Navy,American Athletic,Away,2020-11-29T00:00:00.000Z,True,False,10,7,W,115,107,-97.121
2020,14,401264082,Memphis,American Athletic,Tulane,American Athletic,Away,2020-12-05T17:00:00.000Z,True,False,21,35,L,40,68,-1.474
2020,15,401264084,Memphis,American Athletic,Houston,American Athletic,Home,2020-12-12T20:30:00.000Z,True,False,30,27,W,69,85,-26.475
2020,1,401256150,Miami,ACC,Oklahoma State,Big 12,Home,2020-12-29T22:30:00.000Z,True,False,34,37,L,45,26,73.228
2020,2,401234559,Miami,ACC,UAB,Conference USA,Home,2020-09-11T00:00:00.000Z,True,False,31,14,W,44,58,11.685
2020,3,401234569,Miami,ACC,Louisville,ACC,Away,2020-09-19T23:30:00.000Z,True,False,47,34,W,54,69,-3.774
2020,4,401234593,Miami,ACC,Florida State,ACC,Home,2020-09-26T23:30:00.000Z,True,False,52,10,W,110,99,-83.668
2020,6,401234604,Miami,ACC,Clemson,ACC,Away,2020-10-10T23:30:00.000Z,True,False,17,42,L,4,8,149.449
2020,7,401234614,Miami,ACC,Pittsburgh,ACC,Home,2020-10-17T16:00:00.000Z,True,False,31,19,W,65,53,23.969
2020,8,401234620,Miami,ACC,Virginia,ACC,Home,2020-10-25T00:00:00.000Z,True,False,19,14,W,75,72,-5.133
2020,10,401234630,Miami,ACC,NC State,ACC,Away,2020-11-07T00:30:00.000Z,True,False,44,41,W,64,73,-5.585
2020,11,401234641,Miami,ACC,Virginia Tech,ACC,Away,2020-11-14T17:00:00.000Z,True,False,25,24,W,67,52,26.586
2020,14,401266134,Miami,ACC,Duke,ACC,Away,2020-12-06T01:00:00.000Z,True,False,48,0,W,105,105,-94.496
2020,15,401234661,Miami,ACC,North Carolina,ACC,Home,2020-12-12T20:30:00.000Z,True,False,26,62,L,24,24,76.391
2020,10,401249889,Miami (OH),Mid-American,Ball State,Mid-American,Home,2020-11-05T00:00:00.000Z,True,False,38,31,W,26,7,150.794
2020,11,401249890,Miami (OH),Mid-American,Buffalo,Mid-American,Away,2020-11-11T01:00:00.000Z,True,False,10,42,L,3,6,153.223
2020,13,401249892,Miami (OH),Mid-American,Akron,Mid-American,Away,2020-11-28T18:00:00.000Z,True,False,38,7,W,124,112,-111.199
2020,8,401247294,Michigan,Big Ten,Minnesota,Big Ten,Away,2020-10-24T23:30:00.000Z,True,False,49,24,W,77,78,-10.721
2020,9,401247305,Michigan,Big Ten,Michigan State,Big Ten,Home,2020-10-31T16:00:00.000Z,True,False,24,27,L,117,82,-21.827
2020,10,401247309,Michigan,Big Ten,Indiana,Big Ten,Away,2020-11-07T17:00:00.000Z,True,False,21,38,L,29,19,106.883
2020,11,401247319,Michigan,Big Ten,Wisconsin,Big Ten,Home,2020-11-15T00:30:00.000Z,True,False,11,49,L,39,23,78.373
2020,12,401247324,Michigan,Big Ten,Rutgers,Big Ten,Away,2020-11-22T00:30:00.000Z,True,False,48,42,W,83,81,-18.495
2020,13,401247333,Michigan,Big Ten,Penn State,Big Ten,Home,2020-11-28T17:00:00.000Z,True,False,17,27,L,59,48,34.949
2020,8,401247299,Michigan State,Big Ten,Rutgers,Big Ten,Home,2020-10-24T16:00:00.000Z,True,False,27,38,L,83,81,-18.495
2020,9,401247305,Michigan State,Big Ten,Michigan,Big Ten,Away,2020-10-31T16:00:00.000Z,True,False,27,24,W,81,70,-4.660
2020,10,401247313,Michigan State,Big Ten,Iowa,Big Ten,Away,2020-11-07T17:00:00.000Z,True,False,7,49,L,13,13,119.833
2020,11,401247316,Michigan State,Big Ten,Indiana,Big Ten,Home,2020-11-14T17:00:00.000Z,True,False,0,24,L,29,19,106.883
2020,13,401247330,Michigan State,Big Ten,Northwestern,Big Ten,Home,2020-11-28T20:30:00.000Z,True,False,29,20,W,27,20,104.269
2020,14,401247340,Michigan State,Big Ten,Ohio State,Big Ten,Home,2020-12-05T17:00:00.000Z,True,False,12,52,L,11,2,187.626
2020,15,401247346,Michigan State,Big Ten,Penn State,Big Ten,Away,2020-12-12T17:00:00.000Z,True,False,24,39,L,59,48,34.949
2020,1,401235700,Middle Tennessee,Conference USA,Army,FBS Independents,Away,2020-09-05T17:30:00.000Z,True,False,0,42,L,30,45,39.383
2020,3,401240640,Middle Tennessee,Conference USA,Troy,Sun Belt,Home,2020-09-19T19:30:00.000Z,True,False,14,47,L,53,75,-6.222
2020,4,401207134,Middle Tennessee,Conference USA,UTSA,Conference USA,Away,2020-09-26T00:00:00.000Z,True,False,35,37,L,57,94,-59.153
2020,5,401207138,Middle Tennessee,Conference USA,Western Kentucky,Conference USA,Home,2020-10-03T21:00:00.000Z,True,False,17,20,L,93,111,-110.945
2020,6,401207143,Middle Tennessee,Conference USA,Florida International,Conference USA,Away,2020-10-10T20:00:00.000Z,True,False,31,28,W,98,121,-165.918
2020,7,401207150,Middle Tennessee,Conference USA,North Texas,Conference USA,Home,2020-10-17T21:00:00.000Z,True,False,35,52,L,103,122,-167.565
2020,8,401207158,Middle Tennessee,Conference USA,Rice,Conference USA,Away,2020-10-24T19:30:00.000Z,True,False,40,34,W,41,83,-24.129
2020,11,401207176,Middle Tennessee,Conference USA,Marshall,Conference USA,Away,2020-11-14T17:00:00.000Z,True,False,14,42,L,19,55,15.938
2020,12,401240641,Middle Tennessee,Conference USA,Troy,Sun Belt,Away,2020-11-21T20:30:00.000Z,True,False,20,17,W,53,75,-6.222
2020,8,401247294,Minnesota,Big Ten,Michigan,Big Ten,Home,2020-10-24T23:30:00.000Z,True,False,24,49,L,81,70,-4.660
2020,9,401247302,Minnesota,Big Ten,Maryland,Big Ten,Away,2020-10-30T23:30:00.000Z,True,False,44,45,L,88,64,3.402
2020,10,401247308,Minnesota,Big Ten,Illinois,Big Ten,Away,2020-11-07T20:30:00.000Z,True,False,41,14,W,114,97,-65.740
2020,11,401247317,Minnesota,Big Ten,Iowa,Big Ten,Home,2020-11-14T00:00:00.000Z,True,False,7,35,L,13,13,119.833
2020,12,401247325,Minnesota,Big Ten,Purdue,Big Ten,Home,2020-11-21T00:30:00.000Z,True,False,34,31,W,71,66,0.470
2020,15,401247345,Minnesota,Big Ten,Nebraska,Big Ten,Away,2020-12-12T17:00:00.000Z,True,False,24,17,W,91,71,-4.951
2020,16,401269384,Minnesota,Big Ten,Wisconsin,Big Ten,Away,2020-12-19T21:00:00.000Z,True,False,17,20,L,39,23,78.373
2020,1,401256196,Mississippi State,SEC,Tulsa,American Athletic,Home,2020-12-31T17:00:00.000Z,True,False,28,26,W,43,42,44.479
2020,4,401237035,Mississippi State,SEC,LSU,SEC,Away,2020-09-26T19:30:00.000Z,True,False,44,34,W,73,30,60.569
2020,5,401237094,Mississippi State,SEC,Arkansas,SEC,Home,2020-10-03T23:30:00.000Z,True,False,14,21,L,96,44,41.796
2020,6,401237104,Mississippi State,SEC,Kentucky,SEC,Away,2020-10-10T23:30:00.000Z,True,False,2,24,L,79,49,33.539
2020,7,401237112,Mississippi State,SEC,Texas A&M,SEC,Home,2020-10-17T20:00:00.000Z,True,False,14,28,L,21,9,143.149
2020,9,401237119,Mississippi State,SEC,Alabama,SEC,Away,2020-10-31T23:00:00.000Z,True,False,0,41,L,1,1,283.159
2020,10,401237126,Mississippi State,SEC,Vanderbilt,SEC,Home,2020-11-07T20:30:00.000Z,True,False,24,17,W,122,108,-107.932
2020,12,401237139,Mississippi State,SEC,Georgia,SEC,Away,2020-11-22T00:30:00.000Z,True,False,24,31,L,16,3,180.189
2020,13,401237147,Mississippi State,SEC,Ole Miss,SEC,Away,2020-11-28T21:00:00.000Z,True,False,24,31,L,70,43,43.635
2020,15,401260157,Mississippi State,SEC,Auburn,SEC,Home,2020-12-13T00:30:00.000Z,True,False,10,24,L,61,25,75.778
2020,16,401267166,Mississippi State,SEC,Missouri,SEC,Home,2020-12-19T20:30:00.000Z,True,False,51,32,W,87,62,6.666
2020,4,401236951,Missouri,SEC,Alabama,SEC,Home,2020-09-26T23:00:00.000Z,True,False,19,38,L,1,1,283.159
2020,5,401237099,Missouri,SEC,Tennessee,SEC,Away,2020-10-03T16:00:00.000Z,True,False,12,35,L,101,80,-14.560
2020,6,401237105,Missouri,SEC,LSU,SEC,Away,2020-10-10T16:00:00.000Z,True,False,45,41,W,73,30,60.569
2020,8,401237122,Missouri,SEC,Kentucky,SEC,Home,2020-10-24T20:00:00.000Z,True,False,20,10,W,79,49,33.539
2020,9,401237116,Missouri,SEC,Florida,SEC,Away,2020-10-31T23:30:00.000Z,True,False,17,41,L,28,10,142.779
2020,12,401237141,Missouri,SEC,South Carolina,SEC,Away,2020-11-22T00:30:00.000Z,True,False,17,10,W,108,90,-44.022
2020,13,401237143,Missouri,SEC,Vanderbilt,SEC,Home,2020-11-28T17:00:00.000Z,True,False,41,0,W,122,108,-107.932
2020,14,401265818,Missouri,SEC,Arkansas,SEC,Home,2020-12-05T17:00:00.000Z,True,False,50,48,W,96,44,41.796
2020,15,401267161,Missouri,SEC,Georgia,SEC,Home,2020-12-12T17:00:00.000Z,True,False,14,49,L,16,3,180.189
2020,16,401267166,Missouri,SEC,Mississippi State,SEC,Away,2020-12-19T20:30:00.000Z,True,False,32,51,L,89,51,30.082
2020,1,401256109,NC State,ACC,Kentucky,SEC,Away,2021-01-02T17:00:00.000Z,True,False,21,23,L,79,49,33.539
2020,3,401234570,NC State,ACC,Wake Forest,ACC,Home,2020-09-20T00:00:00.000Z,True,False,45,42,W,72,54,16.683
2020,4,401234566,NC State,ACC,Virginia Tech,ACC,Away,2020-09-27T00:00:00.000Z,True,False,24,45,L,67,52,26.586
2020,5,401234600,NC State,ACC,Pittsburgh,ACC,Away,2020-10-03T16:00:00.000Z,True,False,30,29,W,65,53,23.969
2020,6,401234608,NC State,ACC,Virginia,ACC,Away,2020-10-10T16:00:00.000Z,True,False,38,21,W,75,72,-5.133
2020,7,401234611,NC State,ACC,Duke,ACC,Home,2020-10-17T19:30:00.000Z,True,False,31,20,W,105,105,-94.496
2020,8,401234621,NC State,ACC,North Carolina,ACC,Away,2020-10-24T16:00:00.000Z,True,False,21,48,L,24,24,76.391
2020,10,401234630,NC State,ACC,Miami,ACC,Home,2020-11-07T00:30:00.000Z,True,False,41,44,L,36,28,61.373
2020,11,401234639,NC State,ACC,Florida State,ACC,Home,2020-11-15T00:30:00.000Z,True,False,38,22,W,110,99,-83.668
2020,12,401234647,NC State,ACC,Liberty,FBS Independents,Home,2020-11-22T00:30:00.000Z,True,False,15,14,W,10,60,10.095
2020,13,401234655,NC State,ACC,Syracuse,ACC,Away,2020-11-28T17:00:00.000Z,True,False,36,29,W,111,103,-92.175
2020,14,401234659,NC State,ACC,Georgia Tech,ACC,Home,2020-12-05T21:00:00.000Z,True,False,23,13,W,104,95,-60.750
2020,1,401234576,Navy,American Athletic,BYU,FBS Independents,Home,2020-09-08T00:00:00.000Z,True,False,3,55,L,2,5,157.602
2020,3,401212522,Navy,American Athletic,Tulane,American Athletic,Away,2020-09-19T16:00:00.000Z,True,False,27,24,W,40,68,-1.474
2020,5,401212557,Navy,American Athletic,Air Force,Mountain West,Away,2020-10-03T22:00:00.000Z,True,False,7,40,L,17,36,52.276
2020,6,401212515,Navy,American Athletic,Temple,American Athletic,Home,2020-10-10T22:00:00.000Z,True,False,31,29,W,116,118,-148.091
2020,7,401212548,Navy,American Athletic,East Carolina,American Athletic,Away,2020-10-17T16:00:00.000Z,True,False,27,23,W,82,93,-57.914
2020,8,401212552,Navy,American Athletic,Houston,American Athletic,Home,2020-10-24T19:30:00.000Z,True,False,21,37,L,69,85,-26.475
2020,9,401212489,Navy,American Athletic,SMU,American Athletic,Away,2020-10-31T23:30:00.000Z,True,False,37,51,L,52,84,-24.448
2020,13,401264080,Navy,American Athletic,Memphis,American Athletic,Home,2020-11-29T00:00:00.000Z,True,False,7,10,L,66,89,-41.151
2020,14,401264083,Navy,American Athletic,Tulsa,American Athletic,Home,2020-12-05T20:30:00.000Z,True,False,6,19,L,43,42,44.479
2020,15,401207203,Navy,American Athletic,Army,FBS Independents,Away,2020-12-12T20:00:00.000Z,True,False,0,15,L,30,45,39.383
2020,8,401247293,Nebraska,Big Ten,Ohio State,Big Ten,Away,2020-10-24T16:00:00.000Z,True,False,17,52,L,11,2,187.626
2020,10,401247307,Nebraska,Big Ten,Northwestern,Big Ten,Away,2020-11-07T17:00:00.000Z,True,False,13,21,L,27,20,104.269
2020,11,401247320,Nebraska,Big Ten,Penn State,Big Ten,Home,2020-11-14T17:00:00.000Z,True,False,30,23,W,59,48,34.949
2020,12,401247321,Nebraska,Big Ten,Illinois,Big Ten,Home,2020-11-21T17:00:00.000Z,True,False,23,41,L,114,97,-65.740
2020,13,401247332,Nebraska,Big Ten,Iowa,Big Ten,Away,2020-11-27T18:00:00.000Z,True,False,20,26,L,13,13,119.833
2020,14,401247335,Nebraska,Big Ten,Purdue,Big Ten,Away,2020-12-05T17:00:00.000Z,True,False,37,27,W,71,66,0.470
2020,15,401247345,Nebraska,Big Ten,Minnesota,Big Ten,Home,2020-12-12T17:00:00.000Z,True,False,17,24,L,77,78,-10.721
2020,16,401269382,Nebraska,Big Ten,Rutgers,Big Ten,Away,2020-12-19T00:30:00.000Z,True,False,28,21,W,83,81,-18.495
2020,1,401256136,Nevada,Mountain West,Tulane,American Athletic,Home,2020-12-22T20:30:00.000Z,True,False,38,27,W,40,68,-1.474
2020,8,401248998,Nevada,Mountain West,Wyoming,Mountain West,Home,2020-10-24T23:00:00.000Z,True,False,37,34,W,51,86,-31.992
2020,9,401249002,Nevada,Mountain West,UNLV,Mountain West,Away,2020-11-01T02:30:00.000Z,True,False,37,19,W,119,124,-185.418
2020,10,401249009,Nevada,Mountain West,Utah State,Mountain West,Home,2020-11-06T00:00:00.000Z,True,False,34,9,W,120,125,-191.781
2020,11,401249015,Nevada,Mountain West,New Mexico,Mountain West,Away,2020-11-14T23:30:00.000Z,True,False,27,20,W,97,109,-109.586
2020,12,401249019,Nevada,Mountain West,San Diego State,Mountain West,Home,2020-11-21T20:30:00.000Z,True,False,26,21,W,37,56,13.423
2020,13,401249024,Nevada,Mountain West,Hawai'i,Mountain West,Away,2020-11-29T04:00:00.000Z,True,False,21,24,L,68,92,-45.816
2020,14,401249032,Nevada,Mountain West,Fresno State,Mountain West,Home,2020-12-06T02:00:00.000Z,True,False,37,26,W,55,106,-96.983
2020,15,401249037,Nevada,Mountain West,San José State,Mountain West,Away,2020-12-12T03:00:00.000Z,True,False,20,30,L,32,31,60.508
2020,9,401249003,New Mexico,Mountain West,San José State,Mountain West,Home,2020-10-31T23:00:00.000Z,True,False,21,38,L,32,31,60.508
2020,10,401249007,New Mexico,Mountain West,Hawai'i,Mountain West,Away,2020-11-08T04:00:00.000Z,True,False,33,39,L,68,92,-45.816
2020,11,401249015,New Mexico,Mountain West,Nevada,Mountain West,Home,2020-11-14T23:30:00.000Z,True,False,20,27,L,35,74,-5.656
2020,12,401249018,New Mexico,Mountain West,Air Force,Mountain West,Away,2020-11-21T02:30:00.000Z,True,False,0,28,L,17,36,52.276
2020,13,401249025,New Mexico,Mountain West,Utah State,Mountain West,Away,2020-11-27T00:00:00.000Z,True,False,27,41,L,120,125,-191.781
2020,14,401249034,New Mexico,Mountain West,Wyoming,Mountain West,Home,2020-12-06T03:30:00.000Z,True,False,17,16,W,51,86,-31.992
2020,15,401249036,New Mexico,Mountain West,Fresno State,Mountain West,Home,2020-12-13T03:30:00.000Z,True,False,49,39,W,55,106,-96.983
2020,1,401256112,North Carolina,ACC,Texas A&M,SEC,Home,2021-01-03T01:00:00.000Z,True,False,27,41,L,21,9,143.149
2020,2,401234565,North Carolina,ACC,Syracuse,ACC,Home,2020-09-12T16:00:00.000Z,True,False,31,6,W,111,103,-92.175
2020,5,401234597,North Carolina,ACC,Boston College,ACC,Away,2020-10-03T19:30:00.000Z,True,False,26,22,W,63,57,12.073
2020,6,401234607,North Carolina,ACC,Virginia Tech,ACC,Home,2020-10-10T16:00:00.000Z,True,False,56,45,W,67,52,26.586
2020,7,401234612,North Carolina,ACC,Florida State,ACC,Away,2020-10-17T23:30:00.000Z,True,False,28,31,L,110,99,-83.668
2020,8,401234621,North Carolina,ACC,NC State,ACC,Home,2020-10-24T16:00:00.000Z,True,False,48,21,W,64,73,-5.585
2020,9,401234628,North Carolina,ACC,Virginia,ACC,Away,2020-11-01T00:00:00.000Z,True,False,41,44,L,75,72,-5.133
2020,10,401234633,North Carolina,ACC,Duke,ACC,Away,2020-11-07T17:00:00.000Z,True,False,56,24,W,105,105,-94.496
2020,11,401234642,North Carolina,ACC,Wake Forest,ACC,Home,2020-11-14T17:00:00.000Z,True,False,59,53,W,72,54,16.683
2020,13,401234650,North Carolina,ACC,Notre Dame,ACC,Home,2020-11-27T20:30:00.000Z,True,False,17,31,L,12,18,107.178
2020,15,401234661,North Carolina,ACC,Miami,ACC,Away,2020-12-12T20:30:00.000Z,True,False,62,26,W,36,28,61.373
2020,1,401256135,North Texas,Conference USA,App State,Sun Belt,Home,2020-12-21T19:30:00.000Z,True,False,28,56,L,15,38,49.184
2020,3,401207120,North Texas,Conference USA,SMU,American Athletic,Home,2020-09-19T22:00:00.000Z,True,False,35,65,L,52,84,-24.448
2020,5,401207139,North Texas,Conference USA,Southern Miss,Conference USA,Home,2020-10-03T23:30:00.000Z,True,False,31,41,L,99,117,-143.241
2020,6,401207142,North Texas,Conference USA,Charlotte,Conference USA,Home,2020-10-11T00:00:00.000Z,True,False,21,49,L,85,115,-137.604
2020,7,401207150,North Texas,Conference USA,Middle Tennessee,Conference USA,Away,2020-10-17T21:00:00.000Z,True,False,52,35,W,107,119,-153.523
2020,12,401207184,North Texas,Conference USA,Rice,Conference USA,Home,2020-11-21T19:00:00.000Z,True,False,27,17,W,41,83,-24.129
2020,13,401207191,North Texas,Conference USA,UTSA,Conference USA,Away,2020-11-28T20:00:00.000Z,True,False,17,49,L,57,94,-59.153
2020,14,401265703,North Texas,Conference USA,Louisiana Tech,Conference USA,Home,2020-12-03T23:00:00.000Z,True,False,31,42,L,106,110,-109.766
2020,15,401257816,North Texas,Conference USA,UTEP,Conference USA,Away,2020-12-11T23:00:00.000Z,True,False,45,43,W,109,120,-162.386
2020,10,401249859,Northern Illinois,Mid-American,Buffalo,Mid-American,Home,2020-11-05T00:00:00.000Z,True,False,30,49,L,3,6,153.223
2020,11,401249864,Northern Illinois,Mid-American,Central Michigan,Mid-American,Home,2020-11-12T01:00:00.000Z,True,False,10,40,L,58,22,87.950
2020,12,401249870,Northern Illinois,Mid-American,Ball State,Mid-American,Away,2020-11-19T00:00:00.000Z,True,False,25,31,L,26,7,150.794
2020,13,401249875,Northern Illinois,Mid-American,Western Michigan,Mid-American,Away,2020-11-28T17:00:00.000Z,True,False,27,30,L,31,21,94.107
2020,14,401249880,Northern Illinois,Mid-American,Toledo,Mid-American,Home,2020-12-05T17:00:00.000Z,True,False,24,41,L,23,15,114.673
2020,15,401249884,Northern Illinois,Mid-American,Eastern Michigan,Mid-American,Away,2020-12-12T17:00:00.000Z,True,False,33,41,L,74,33,57.117
2020,1,401256199,Northwestern,Big Ten,Auburn,SEC,Home,2021-01-01T18:00:00.000Z,True,False,35,19,W,61,25,75.778
2020,8,401247298,Northwestern,Big Ten,Maryland,Big Ten,Home,2020-10-24T23:30:00.000Z,True,False,43,3,W,88,64,3.402
2020,9,401247303,Northwestern,Big Ten,Iowa,Big Ten,Away,2020-10-31T19:30:00.000Z,True,False,21,20,W,13,13,119.833
2020,10,401247307,Northwestern,Big Ten,Nebraska,Big Ten,Home,2020-11-07T17:00:00.000Z,True,False,21,13,W,91,71,-4.951
2020,11,401247315,Northwestern,Big Ten,Purdue,Big Ten,Away,2020-11-14T22:00:00.000Z,True,False,27,20,W,71,66,0.470
2020,12,401247323,Northwestern,Big Ten,Wisconsin,Big Ten,Home,2020-11-21T20:30:00.000Z,True,False,17,7,W,39,23,78.373
2020,13,401247330,Northwestern,Big Ten,Michigan State,Big Ten,Away,2020-11-28T20:30:00.000Z,True,False,20,29,L,117,82,-21.827
2020,15,401247344,Northwestern,Big Ten,Illinois,Big Ten,Home,2020-12-12T17:00:00.000Z,True,False,28,10,W,114,97,-65.740
2020,16,401247349,Northwestern,Big Ten,Ohio State,Big Ten,Away,2020-12-19T17:00:00.000Z,True,False,10,22,L,11,2,187.626
2020,1,401240152,Notre Dame,ACC,Alabama,SEC,Away,2021-01-01T21:00:00.000Z,True,False,14,31,L,1,1,283.159
2020,2,401234574,Notre Dame,ACC,Duke,ACC,Home,2020-09-12T18:30:00.000Z,True,False,27,13,W,105,105,-94.496
2020,3,401241282,Notre Dame,ACC,South Florida,American Athletic,Home,2020-09-19T18:30:00.000Z,True,False,52,0,W,121,116,-139.449
2020,6,401234606,Notre Dame,ACC,Florida State,ACC,Home,2020-10-10T23:30:00.000Z,True,False,42,26,W,110,99,-83.668
2020,7,401234613,Notre Dame,ACC,Louisville,ACC,Home,2020-10-17T18:30:00.000Z,True,False,12,7,W,54,69,-3.774
2020,8,401234622,Notre Dame,ACC,Pittsburgh,ACC,Away,2020-10-24T19:41:00.000Z,True,False,45,3,W,65,53,23.969
2020,9,401234626,Notre Dame,ACC,Georgia Tech,ACC,Away,2020-10-31T19:30:00.000Z,True,False,31,13,W,104,95,-60.750
2020,10,401234632,Notre Dame,ACC,Clemson,ACC,Home,2020-11-08T00:30:00.000Z,True,False,47,40,W,4,8,149.449
2020,11,401234637,Notre Dame,ACC,Boston College,ACC,Away,2020-11-14T20:30:00.000Z,True,False,45,31,W,63,57,12.073
2020,13,401234650,Notre Dame,ACC,North Carolina,ACC,Away,2020-11-27T20:30:00.000Z,True,False,31,17,W,24,24,76.391
2020,14,401234662,Notre Dame,ACC,Syracuse,ACC,Home,2020-12-05T19:30:00.000Z,True,False,45,21,W,111,103,-92.175
2020,16,401256001,Notre Dame,ACC,Clemson,ACC,Home,2020-12-19T21:00:00.000Z,True,False,10,34,L,4,8,149.449
2020,10,401249860,Ohio,Mid-American,Central Michigan,Mid-American,Away,2020-11-05T00:00:00.000Z,True,False,27,30,L,58,22,87.950
2020,11,401249861,Ohio,Mid-American,Akron,Mid-American,Home,2020-11-11T00:00:00.000Z,True,False,24,10,W,124,112,-111.199
2020,13,401249876,Ohio,Mid-American,Bowling Green,Mid-American,Home,2020-11-28T17:00:00.000Z,True,False,52,10,W,126,123,-174.660
2020,1,401240173,Ohio State,Big Ten,Clemson,ACC,Away,2021-01-02T01:00:00.000Z,True,False,49,28,W,4,8,149.449
2020,1,401240174,Ohio State,Big Ten,Alabama,SEC,Away,2021-01-12T01:00:00.000Z,True,False,24,52,L,1,1,283.159
2020,8,401247293,Ohio State,Big Ten,Nebraska,Big Ten,Home,2020-10-24T16:00:00.000Z,True,False,52,17,W,91,71,-4.951
2020,9,401247306,Ohio State,Big Ten,Penn State,Big Ten,Away,2020-10-31T23:30:00.000Z,True,False,38,25,W,59,48,34.949
2020,10,401247310,Ohio State,Big Ten,Rutgers,Big Ten,Home,2020-11-08T00:30:00.000Z,True,False,49,27,W,83,81,-18.495
2020,12,401247326,Ohio State,Big Ten,Indiana,Big Ten,Home,2020-11-21T17:00:00.000Z,True,False,42,35,W,29,19,106.883
2020,14,401247340,Ohio State,Big Ten,Michigan State,Big Ten,Away,2020-12-05T17:00:00.000Z,True,False,52,12,W,117,82,-21.827
2020,16,401247349,Ohio State,Big Ten,Northwestern,Big Ten,Home,2020-12-19T17:00:00.000Z,True,False,22,10,W,27,20,104.269
2020,1,401256194,Oklahoma,Big 12,Florida,SEC,Home,2020-12-31T01:00:00.000Z,True,False,55,20,W,28,10,142.779
2020,4,401235996,Oklahoma,Big 12,Kansas State,Big 12,Home,2020-09-26T16:00:00.000Z,True,False,35,38,L,86,76,-6.790
2020,5,401235999,Oklahoma,Big 12,Iowa State,Big 12,Away,2020-10-03T23:30:00.000Z,True,False,30,37,L,22,12,125.008
2020,6,401236005,Oklahoma,Big 12,Texas,Big 12,Home,2020-10-10T16:00:00.000Z,True,False,53,45,W,14,17,107.667
2020,8,401236011,Oklahoma,Big 12,TCU,Big 12,Away,2020-10-24T16:00:00.000Z,True,False,33,14,W,38,34,56.320
2020,9,401236016,Oklahoma,Big 12,Texas Tech,Big 12,Away,2020-11-01T00:00:00.000Z,True,False,62,28,W,95,77,-9.902
2020,10,401236019,Oklahoma,Big 12,Kansas,Big 12,Home,2020-11-07T20:30:00.000Z,True,False,62,9,W,123,113,-112.890
2020,12,401236027,Oklahoma,Big 12,Oklahoma State,Big 12,Home,2020-11-22T00:30:00.000Z,True,False,41,13,W,45,26,73.228
2020,14,401236033,Oklahoma,Big 12,Baylor,Big 12,Home,2020-12-06T01:00:00.000Z,True,False,27,14,W,84,59,11.528
2020,16,401262060,Oklahoma,Big 12,Iowa State,Big 12,Away,2020-12-19T17:00:00.000Z,True,False,27,21,W,22,12,125.008
2020,1,401256150,Oklahoma State,Big 12,Miami,ACC,Away,2020-12-29T22:30:00.000Z,True,False,37,34,W,36,28,61.373
2020,3,401236041,Oklahoma State,Big 12,Tulsa,American Athletic,Home,2020-09-19T16:00:00.000Z,True,False,16,7,W,43,42,44.479
2020,4,401235997,Oklahoma State,Big 12,West Virginia,Big 12,Home,2020-09-26T19:30:00.000Z,True,False,27,13,W,62,46,36.615
2020,5,401236000,Oklahoma State,Big 12,Kansas,Big 12,Away,2020-10-03T19:30:00.000Z,True,False,47,7,W,123,113,-112.890
2020,8,401236009,Oklahoma State,Big 12,Iowa State,Big 12,Home,2020-10-24T19:30:00.000Z,True,False,24,21,W,22,12,125.008
2020,9,401236017,Oklahoma State,Big 12,Texas,Big 12,Home,2020-10-31T20:00:00.000Z,True,False,34,41,L,14,17,107.667
2020,10,401236020,Oklahoma State,Big 12,Kansas State,Big 12,Away,2020-11-07T21:00:00.000Z,True,False,20,18,W,86,76,-6.790
2020,12,401236027,Oklahoma State,Big 12,Oklahoma,Big 12,Away,2020-11-22T00:30:00.000Z,True,False,13,41,L,6,4,168.240
2020,13,401236032,Oklahoma State,Big 12,Texas Tech,Big 12,Home,2020-11-28T17:00:00.000Z,True,False,50,44,W,95,77,-9.902
2020,14,401236037,Oklahoma State,Big 12,TCU,Big 12,Away,2020-12-05T17:00:00.000Z,True,False,22,29,L,38,34,56.320
2020,15,401250713,Oklahoma State,Big 12,Baylor,Big 12,Away,2020-12-12T20:30:00.000Z,True,False,42,3,W,84,59,11.528
2020,1,401256110,Ole Miss,SEC,Indiana,Big Ten,Away,2021-01-02T17:30:00.000Z,True,False,26,20,W,29,19,106.883
2020,4,401236952,Ole Miss,SEC,Florida,SEC,Home,2020-09-26T16:00:00.000Z,True,False,35,51,L,28,10,142.779
2020,5,401237097,Ole Miss,SEC,Kentucky,SEC,Away,2020-10-03T20:00:00.000Z,True,False,42,41,W,79,49,33.539
2020,6,401237100,Ole Miss,SEC,Alabama,SEC,Home,2020-10-10T23:30:00.000Z,True,False,48,63,L,1,1,283.159
2020,7,401237108,Ole Miss,SEC,Arkansas,SEC,Away,2020-10-17T19:30:00.000Z,True,False,21,33,L,96,44,41.796
2020,8,401237115,Ole Miss,SEC,Auburn,SEC,Home,2020-10-24T16:00:00.000Z,True,False,28,35,L,61,25,75.778
2020,9,401237123,Ole Miss,SEC,Vanderbilt,SEC,Away,2020-10-31T20:00:00.000Z,True,False,54,21,W,122,108,-107.932
2020,11,401237133,Ole Miss,SEC,South Carolina,SEC,Home,2020-11-15T00:30:00.000Z,True,False,59,42,W,108,90,-44.022
2020,13,401237147,Ole Miss,SEC,Mississippi State,SEC,Home,2020-11-28T21:00:00.000Z,True,False,31,24,W,89,51,30.082
2020,16,401267165,Ole Miss,SEC,LSU,SEC,Away,2020-12-19T20:30:00.000Z,True,False,48,53,L,73,30,60.569
2020,1,401256111,Oregon,Pac-12,Iowa State,Big 12,Away,2021-01-02T21:00:00.000Z,True,False,17,34,L,22,12,125.008
2020,10,401249399,Oregon,Pac-12,Stanford,Pac-12,Home,2020-11-08T00:30:00.000Z,True,False,35,14,W,78,87,-32.073
2020,11,401249405,Oregon,Pac-12,Washington State,Pac-12,Away,2020-11-15T00:00:00.000Z,True,False,43,29,W,102,96,-65.149
2020,12,401249415,Oregon,Pac-12,UCLA,Pac-12,Home,2020-11-21T20:30:00.000Z,True,False,38,35,W,42,35,55.886
2020,13,401249418,Oregon,Pac-12,Oregon State,Pac-12,Away,2020-11-28T00:30:00.000Z,True,False,38,41,L,80,88,-36.547
2020,14,401249423,Oregon,Pac-12,California,Pac-12,Away,2020-12-06T00:00:00.000Z,True,False,17,21,L,90,91,-44.162
2020,16,401249434,Oregon,Pac-12,USC,Pac-12,Away,2020-12-19T01:00:00.000Z,True,False,31,24,W,46,32,59.652
2020,10,401249397,Oregon State,Pac-12,Washington State,Pac-12,Home,2020-11-08T03:30:00.000Z,True,False,28,38,L,102,96,-65.149
2020,11,401249404,Oregon State,Pac-12,Washington,Pac-12,Away,2020-11-15T04:00:00.000Z,True,False,21,27,L,48,61,9.913
2020,12,401249411,Oregon State,Pac-12,California,Pac-12,Home,2020-11-21T20:30:00.000Z,True,False,31,27,W,90,91,-44.162
2020,13,401249418,Oregon State,Pac-12,Oregon,Pac-12,Home,2020-11-28T00:30:00.000Z,True,False,41,38,W,49,40,48.905
2020,14,401249422,Oregon State,Pac-12,Utah,Pac-12,Away,2020-12-06T03:30:00.000Z,True,False,24,30,L,47,50,32.725
2020,15,401249432,Oregon State,Pac-12,Stanford,Pac-12,Home,2020-12-13T03:00:00.000Z,True,False,24,27,L,78,87,-32.073
2020,16,401269378,Oregon State,Pac-12,Arizona State,Pac-12,Home,2020-12-20T03:30:00.000Z,True,False,33,46,L,8,27,66.076
2020,8,401247295,Penn State,Big Ten,Indiana,Big Ten,Away,2020-10-24T19:30:00.000Z,True,False,35,36,L,29,19,106.883
2020,9,401247306,Penn State,Big Ten,Ohio State,Big Ten,Home,2020-10-31T23:30:00.000Z,True,False,25,38,L,11,2,187.626
2020,10,401247312,Penn State,Big Ten,Maryland,Big Ten,Home,2020-11-07T20:30:00.000Z,True,False,19,35,L,88,64,3.402
2020,11,401247320,Penn State,Big Ten,Nebraska,Big Ten,Away,2020-11-14T17:00:00.000Z,True,False,23,30,L,91,71,-4.951
2020,12,401247327,Penn State,Big Ten,Iowa,Big Ten,Home,2020-11-21T20:30:00.000Z,True,False,21,41,L,13,13,119.833
2020,13,401247333,Penn State,Big Ten,Michigan,Big Ten,Away,2020-11-28T17:00:00.000Z,True,False,27,17,W,81,70,-4.660
2020,14,401247336,Penn State,Big Ten,Rutgers,Big Ten,Away,2020-12-05T17:00:00.000Z,True,False,23,7,W,83,81,-18.495
2020,15,401247346,Penn State,Big Ten,Michigan State,Big Ten,Home,2020-12-12T17:00:00.000Z,True,False,39,24,W,117,82,-21.827
2020,16,401269381,Penn State,Big Ten,Illinois,Big Ten,Home,2020-12-19T22:30:00.000Z,True,False,56,21,W,114,97,-65.740
2020,3,401234571,Pittsburgh,ACC,Syracuse,ACC,Home,2020-09-19T16:00:00.000Z,True,False,21,10,W,111,103,-92.175
2020,4,401234595,Pittsburgh,ACC,Louisville,ACC,Home,2020-09-26T16:00:00.000Z,True,False,23,20,W,54,69,-3.774
2020,5,401234600,Pittsburgh,ACC,NC State,ACC,Home,2020-10-03T16:00:00.000Z,True,False,29,30,L,64,73,-5.585
2020,6,401234603,Pittsburgh,ACC,Boston College,ACC,Away,2020-10-10T20:00:00.000Z,True,False,30,31,L,63,57,12.073
2020,7,401234614,Pittsburgh,ACC,Miami,ACC,Away,2020-10-17T16:00:00.000Z,True,False,19,31,L,36,28,61.373
2020,8,401234622,Pittsburgh,ACC,Notre Dame,ACC,Home,2020-10-24T19:41:00.000Z,True,False,3,45,L,12,18,107.178
2020,10,401234634,Pittsburgh,ACC,Florida State,ACC,Away,2020-11-07T21:00:00.000Z,True,False,41,17,W,110,99,-83.668
2020,12,401234648,Pittsburgh,ACC,Virginia Tech,ACC,Home,2020-11-21T21:00:00.000Z,True,False,47,14,W,67,52,26.586
2020,13,401234651,Pittsburgh,ACC,Clemson,ACC,Away,2020-11-28T20:30:00.000Z,True,False,17,52,L,4,8,149.449
2020,15,401261245,Pittsburgh,ACC,Georgia Tech,ACC,Away,2020-12-11T00:00:00.000Z,True,False,34,20,W,104,95,-60.750
2020,8,401247296,Purdue,Big Ten,Iowa,Big Ten,Home,2020-10-24T19:30:00.000Z,True,False,24,20,W,13,13,119.833
2020,9,401247301,Purdue,Big Ten,Illinois,Big Ten,Away,2020-10-31T16:00:00.000Z,True,False,31,24,W,114,97,-65.740
2020,11,401247315,Purdue,Big Ten,Northwestern,Big Ten,Home,2020-11-14T22:00:00.000Z,True,False,20,27,L,27,20,104.269
2020,12,401247325,Purdue,Big Ten,Minnesota,Big Ten,Away,2020-11-21T00:30:00.000Z,True,False,31,34,L,77,78,-10.721
2020,13,401247328,Purdue,Big Ten,Rutgers,Big Ten,Home,2020-11-28T21:00:00.000Z,True,False,30,37,L,83,81,-18.495
2020,14,401247335,Purdue,Big Ten,Nebraska,Big Ten,Home,2020-12-05T17:00:00.000Z,True,False,27,37,L,91,71,-4.951
2020,8,401207158,Rice,Conference USA,Middle Tennessee,Conference USA,Home,2020-10-24T19:30:00.000Z,True,False,34,40,L,107,119,-153.523
2020,9,401207166,Rice,Conference USA,Southern Miss,Conference USA,Away,2020-10-31T19:00:00.000Z,True,False,30,6,W,99,117,-143.241
2020,12,401207184,Rice,Conference USA,North Texas,Conference USA,Away,2020-11-21T19:00:00.000Z,True,False,17,27,L,103,122,-167.565
2020,14,401257812,Rice,Conference USA,Marshall,Conference USA,Away,2020-12-05T17:00:00.000Z,True,False,20,0,W,19,55,15.938
2020,15,401257815,Rice,Conference USA,UAB,Conference USA,Home,2020-12-12T18:00:00.000Z,True,False,16,21,L,44,58,11.685
2020,8,401247299,Rutgers,Big Ten,Michigan State,Big Ten,Away,2020-10-24T16:00:00.000Z,True,False,38,27,W,117,82,-21.827
2020,9,401247300,Rutgers,Big Ten,Indiana,Big Ten,Home,2020-10-31T19:30:00.000Z,True,False,21,37,L,29,19,106.883
2020,10,401247310,Rutgers,Big Ten,Ohio State,Big Ten,Away,2020-11-08T00:30:00.000Z,True,False,27,49,L,11,2,187.626
2020,11,401247314,Rutgers,Big Ten,Illinois,Big Ten,Home,2020-11-14T18:00:00.000Z,True,False,20,23,L,114,97,-65.740
2020,12,401247324,Rutgers,Big Ten,Michigan,Big Ten,Home,2020-11-22T00:30:00.000Z,True,False,42,48,L,81,70,-4.660
2020,13,401247328,Rutgers,Big Ten,Purdue,Big Ten,Away,2020-11-28T21:00:00.000Z,True,False,37,30,W,71,66,0.470
2020,14,401247336,Rutgers,Big Ten,Penn State,Big Ten,Home,2020-12-05T17:00:00.000Z,True,False,7,23,L,59,48,34.949
2020,15,401247342,Rutgers,Big Ten,Maryland,Big Ten,Away,2020-12-12T17:00:00.000Z,True,False,27,24,W,88,64,3.402
2020,16,401269382,Rutgers,Big Ten,Nebraska,Big Ten,Home,2020-12-19T00:30:00.000Z,True,False,21,28,L,91,71,-4.951
2020,1,401212484,SMU,American Athletic,Texas State,Sun Belt,Away,2020-09-05T20:30:00.000Z,True,False,31,24,W,100,100,-88.302
2020,3,401207120,SMU,American Athletic,North Texas,Conference USA,Away,2020-09-19T22:00:00.000Z,True,False,65,35,W,103,122,-167.565
2020,5,401212486,SMU,American Athletic,Memphis,American Athletic,Home,2020-10-03T19:30:00.000Z,True,False,30,27,W,66,89,-41.151
2020,7,401212487,SMU,American Athletic,Tulane,American Athletic,Away,2020-10-16T22:00:00.000Z,True,False,37,34,W,40,68,-1.474
2020,8,401212488,SMU,American Athletic,Cincinnati,American Athletic,Home,2020-10-25T01:00:00.000Z,True,False,13,42,L,5,11,136.685
2020,9,401212489,SMU,American Athletic,Navy,American Athletic,Home,2020-10-31T23:30:00.000Z,True,False,51,37,W,115,107,-97.121
2020,10,401212490,SMU,American Athletic,Temple,American Athletic,Away,2020-11-07T17:00:00.000Z,True,False,47,23,W,116,118,-148.091
2020,11,401212491,SMU,American Athletic,Tulsa,American Athletic,Away,2020-11-15T00:00:00.000Z,True,False,24,28,L,43,42,44.479
2020,13,401212513,SMU,American Athletic,East Carolina,American Athletic,Away,2020-11-28T17:00:00.000Z,True,False,38,52,L,82,93,-57.914
2020,8,401248996,San Diego State,Mountain West,UNLV,Mountain West,Home,2020-10-25T02:30:00.000Z,True,False,34,6,W,119,124,-185.418
2020,9,401249004,San Diego State,Mountain West,Utah State,Mountain West,Away,2020-11-01T01:30:00.000Z,True,False,38,7,W,120,125,-191.781
2020,10,401249008,San Diego State,Mountain West,San José State,Mountain West,Home,2020-11-07T02:00:00.000Z,True,False,17,28,L,32,31,60.508
2020,11,401249014,San Diego State,Mountain West,Hawai'i,Mountain West,Home,2020-11-14T21:00:00.000Z,True,False,34,10,W,68,92,-45.816
2020,12,401249019,San Diego State,Mountain West,Nevada,Mountain West,Away,2020-11-21T20:30:00.000Z,True,False,21,26,L,35,74,-5.656
2020,13,401265734,San Diego State,Mountain West,Colorado,Pac-12,Away,2020-11-28T22:37:00.000Z,True,False,10,20,L,76,65,1.455
2020,14,401249031,San Diego State,Mountain West,Colorado State,Mountain West,Home,2020-12-06T00:00:00.000Z,True,False,29,17,W,112,114,-121.663
2020,15,401249435,San Diego State,Mountain West,BYU,FBS Independents,Away,2020-12-13T03:00:00.000Z,True,False,14,28,L,2,5,157.602
2020,1,401268773,San José State,Mountain West,Ball State,Mid-American,Home,2020-12-31T19:00:00.000Z,True,False,13,34,L,26,7,150.794
2020,8,401248993,San José State,Mountain West,Air Force,Mountain West,Home,2020-10-25T02:30:00.000Z,True,False,17,6,W,17,36,52.276
2020,9,401249003,San José State,Mountain West,New Mexico,Mountain West,Away,2020-10-31T23:00:00.000Z,True,False,38,21,W,97,109,-109.586
2020,10,401249008,San José State,Mountain West,San Diego State,Mountain West,Away,2020-11-07T02:00:00.000Z,True,False,28,17,W,37,56,13.423
2020,11,401249016,San José State,Mountain West,UNLV,Mountain West,Home,2020-11-15T03:30:00.000Z,True,False,34,17,W,119,124,-185.418
2020,14,401249033,San José State,Mountain West,Hawai'i,Mountain West,Home,2020-12-05T23:00:00.000Z,True,False,35,24,W,68,92,-45.816
2020,15,401249037,San José State,Mountain West,Nevada,Mountain West,Home,2020-12-12T03:00:00.000Z,True,False,30,20,W,35,74,-5.656
2020,16,401249043,San José State,Mountain West,Boise State,Mountain West,Home,2020-12-19T21:40:00.000Z,True,False,34,20,W,25,29,61.319
2020,1,401207101,South Alabama,Sun Belt,Southern Miss,Conference USA,Away,2020-09-04T01:00:00.000Z,True,False,32,21,W,99,117,-143.241
2020,2,401239973,South Alabama,Sun Belt,Tulane,American Athletic,Home,2020-09-12T23:30:00.000Z,True,False,24,27,L,40,68,-1.474
2020,4,401207132,South Alabama,Sun Belt,UAB,Conference USA,Home,2020-09-24T23:30:00.000Z,True,False,10,42,L,44,58,11.685
2020,7,401215313,South Alabama,Sun Belt,Texas State,Sun Belt,Home,2020-10-17T16:00:00.000Z,True,False,30,20,W,100,100,-88.302
2020,8,401250784,South Alabama,Sun Belt,UL Monroe,Sun Belt,Home,2020-10-24T23:00:00.000Z,True,False,38,14,W,125,126,-240.872
2020,9,401215321,South Alabama,Sun Belt,Georgia Southern,Sun Belt,Away,2020-10-29T23:30:00.000Z,True,False,17,24,L,33,63,4.256
2020,10,401215325,South Alabama,Sun Belt,Coastal Carolina,Sun Belt,Away,2020-11-08T01:00:00.000Z,True,False,6,23,L,7,16,110.171
2020,11,401215332,South Alabama,Sun Belt,Louisiana,Sun Belt,Away,2020-11-14T19:00:00.000Z,True,False,10,38,L,18,37,50.615
2020,12,401215335,South Alabama,Sun Belt,Georgia State,Sun Belt,Home,2020-11-21T20:30:00.000Z,True,False,14,31,L,56,79,-12.077
2020,13,401215337,South Alabama,Sun Belt,Arkansas State,Sun Belt,Away,2020-11-28T20:00:00.000Z,True,False,38,31,W,92,104,-92.750
2020,14,401262494,South Alabama,Sun Belt,Troy,Sun Belt,Home,2020-12-05T19:00:00.000Z,True,False,0,29,L,53,75,-6.222
2020,4,401237036,South Carolina,SEC,Tennessee,SEC,Home,2020-09-26T23:30:00.000Z,True,False,27,31,L,101,80,-14.560
2020,5,401237096,South Carolina,SEC,Florida,SEC,Away,2020-10-03T16:00:00.000Z,True,False,24,38,L,28,10,142.779
2020,6,401237106,South Carolina,SEC,Vanderbilt,SEC,Away,2020-10-10T16:00:00.000Z,True,False,41,7,W,122,108,-107.932
2020,7,401237109,South Carolina,SEC,Auburn,SEC,Home,2020-10-17T16:00:00.000Z,True,False,30,22,W,61,25,75.778
2020,8,401237118,South Carolina,SEC,LSU,SEC,Away,2020-10-24T23:00:00.000Z,True,False,24,52,L,73,30,60.569
2020,10,401237127,South Carolina,SEC,Texas A&M,SEC,Home,2020-11-08T00:00:00.000Z,True,False,3,48,L,21,9,143.149
2020,11,401237133,South Carolina,SEC,Ole Miss,SEC,Away,2020-11-15T00:30:00.000Z,True,False,42,59,L,70,43,43.635
2020,12,401237141,South Carolina,SEC,Missouri,SEC,Home,2020-11-22T00:30:00.000Z,True,False,10,17,L,87,62,6.666
2020,13,401237145,South Carolina,SEC,Georgia,SEC,Home,2020-11-29T00:30:00.000Z,True,False,16,45,L,16,3,180.189
2020,14,401237153,South Carolina,SEC,Kentucky,SEC,Away,2020-12-06T00:30:00.000Z,True,False,18,41,L,79,49,33.539
2020,3,401241282,South Florida,American Athletic,Notre Dame,ACC,Away,2020-09-19T18:30:00.000Z,True,False,0,52,L,12,18,107.178
2020,5,401212476,South Florida,American Athletic,Cincinnati,American Athletic,Away,2020-10-03T19:30:00.000Z,True,False,7,28,L,5,11,136.685
2020,6,401212477,South Florida,American Athletic,East Carolina,American Athletic,Home,2020-10-10T23:00:00.000Z,True,False,24,44,L,82,93,-57.914
2020,7,401212478,South Florida,American Athletic,Temple,American Athletic,Away,2020-10-17T16:00:00.000Z,True,False,37,39,L,116,118,-148.091
2020,8,401212479,South Florida,American Athletic,Tulsa,American Athletic,Home,2020-10-23T23:30:00.000Z,True,False,13,42,L,43,42,44.479
2020,10,401212480,South Florida,American Athletic,Memphis,American Athletic,Away,2020-11-07T17:00:00.000Z,True,False,33,34,L,66,89,-41.151
2020,11,401212481,South Florida,American Athletic,Houston,American Athletic,Away,2020-11-14T20:30:00.000Z,True,False,21,56,L,69,85,-26.475
2020,13,401212483,South Florida,American Athletic,UCF,American Athletic,Home,2020-11-27T20:30:00.000Z,True,False,46,58,L,34,41,48.295
2020,1,401207101,Southern Miss,Conference USA,South Alabama,Sun Belt,Home,2020-09-04T01:00:00.000Z,True,False,21,32,L,94,101,-89.941
2020,3,401207106,Southern Miss,Conference USA,Louisiana Tech,Conference USA,Home,2020-09-19T23:30:00.000Z,True,False,30,31,L,106,110,-109.766
2020,4,401234734,Southern Miss,Conference USA,Tulane,American Athletic,Home,2020-09-26T23:00:00.000Z,True,False,24,66,L,40,68,-1.474
2020,5,401207139,Southern Miss,Conference USA,North Texas,Conference USA,Away,2020-10-03T23:30:00.000Z,True,False,41,31,W,103,122,-167.565
2020,8,401207160,Southern Miss,Conference USA,Liberty,FBS Independents,Away,2020-10-24T17:00:00.000Z,True,False,35,56,L,10,60,10.095
2020,9,401207166,Southern Miss,Conference USA,Rice,Conference USA,Home,2020-10-31T19:00:00.000Z,True,False,6,30,L,41,83,-24.129
2020,11,401207178,Southern Miss,Conference USA,Western Kentucky,Conference USA,Away,2020-11-14T20:30:00.000Z,True,False,7,10,L,93,111,-110.945
2020,12,401207185,Southern Miss,Conference USA,UTSA,Conference USA,Home,2020-11-21T20:00:00.000Z,True,False,20,23,L,57,94,-59.153
2020,15,401257813,Southern Miss,Conference USA,Florida Atlantic,Conference USA,Home,2020-12-10T23:30:00.000Z,True,False,45,31,W,60,102,-90.700
2020,10,401249399,Stanford,Pac-12,Oregon,Pac-12,Away,2020-11-08T00:30:00.000Z,True,False,14,35,L,49,40,48.905
2020,11,401249406,Stanford,Pac-12,Colorado,Pac-12,Home,2020-11-14T20:30:00.000Z,True,False,32,35,L,76,65,1.455
2020,13,401249417,Stanford,Pac-12,California,Pac-12,Away,2020-11-27T21:30:00.000Z,True,False,24,23,W,90,91,-44.162
2020,14,401249424,Stanford,Pac-12,Washington,Pac-12,Away,2020-12-05T21:00:00.000Z,True,False,31,26,W,48,61,9.913
2020,15,401249432,Stanford,Pac-12,Oregon State,Pac-12,Away,2020-12-13T03:00:00.000Z,True,False,27,24,W,80,88,-36.547
2020,16,401269376,Stanford,Pac-12,UCLA,Pac-12,Away,2020-12-20T00:00:00.000Z,True,False,48,47,W,42,35,55.886
2020,2,401234565,Syracuse,ACC,North Carolina,ACC,Away,2020-09-12T16:00:00.000Z,True,False,6,31,L,24,24,76.391
2020,3,401234571,Syracuse,ACC,Pittsburgh,ACC,Away,2020-09-19T16:00:00.000Z,True,False,10,21,L,65,53,23.969
2020,4,401234594,Syracuse,ACC,Georgia Tech,ACC,Home,2020-09-26T16:00:00.000Z,True,False,37,20,W,104,95,-60.750
2020,6,401234605,Syracuse,ACC,Duke,ACC,Home,2020-10-10T16:30:00.000Z,True,False,24,38,L,105,105,-94.496
2020,7,401234615,Syracuse,ACC,Liberty,FBS Independents,Home,2020-10-17T16:00:00.000Z,True,False,21,38,L,10,60,10.095
2020,8,401234618,Syracuse,ACC,Clemson,ACC,Away,2020-10-24T16:00:00.000Z,True,False,21,47,L,4,8,149.449
2020,9,401234629,Syracuse,ACC,Wake Forest,ACC,Home,2020-10-31T16:00:00.000Z,True,False,14,38,L,72,54,16.683
2020,10,401234631,Syracuse,ACC,Boston College,ACC,Home,2020-11-07T19:00:00.000Z,True,False,13,16,L,63,57,12.073
2020,12,401234643,Syracuse,ACC,Louisville,ACC,Away,2020-11-21T00:00:00.000Z,True,False,0,30,L,54,69,-3.774
2020,13,401234655,Syracuse,ACC,NC State,ACC,Home,2020-11-28T17:00:00.000Z,True,False,29,36,L,64,73,-5.585
2020,14,401234662,Syracuse,ACC,Notre Dame,ACC,Away,2020-12-05T19:30:00.000Z,True,False,21,45,L,12,18,107.178
2020,4,401235994,TCU,Big 12,Iowa State,Big 12,Home,2020-09-26T17:30:00.000Z,True,False,34,37,L,22,12,125.008
2020,5,401236002,TCU,Big 12,Texas,Big 12,Away,2020-10-03T16:00:00.000Z,True,False,33,31,W,14,17,107.667
2020,6,401236004,TCU,Big 12,Kansas State,Big 12,Home,2020-10-10T20:00:00.000Z,True,False,14,21,L,86,76,-6.790
2020,8,401236011,TCU,Big 12,Oklahoma,Big 12,Home,2020-10-24T16:00:00.000Z,True,False,14,33,L,6,4,168.240
2020,9,401236013,TCU,Big 12,Baylor,Big 12,Away,2020-10-31T19:30:00.000Z,True,False,33,23,W,84,59,11.528
2020,10,401236021,TCU,Big 12,Texas Tech,Big 12,Home,2020-11-07T20:30:00.000Z,True,False,34,18,W,95,77,-9.902
2020,11,401236024,TCU,Big 12,West Virginia,Big 12,Away,2020-11-14T17:00:00.000Z,True,False,6,24,L,62,46,36.615
2020,13,401236030,TCU,Big 12,Kansas,Big 12,Away,2020-11-29T01:00:00.000Z,True,False,59,23,W,123,113,-112.890
2020,14,401236037,TCU,Big 12,Oklahoma State,Big 12,Home,2020-12-05T17:00:00.000Z,True,False,29,22,W,45,26,73.228
2020,15,401266711,TCU,Big 12,Louisiana Tech,Conference USA,Home,2020-12-13T00:00:00.000Z,True,False,52,10,W,106,110,-109.766
2020,6,401212515,Temple,American Athletic,Navy,American Athletic,Away,2020-10-10T22:00:00.000Z,True,False,29,31,L,115,107,-97.121
2020,7,401212478,Temple,American Athletic,South Florida,American Athletic,Home,2020-10-17T16:00:00.000Z,True,False,39,37,W,121,116,-139.449
2020,8,401212516,Temple,American Athletic,Memphis,American Athletic,Away,2020-10-24T16:00:00.000Z,True,False,29,41,L,66,89,-41.151
2020,9,401212517,Temple,American Athletic,Tulane,American Athletic,Away,2020-10-31T16:00:00.000Z,True,False,3,38,L,40,68,-1.474
2020,10,401212490,Temple,American Athletic,SMU,American Athletic,Home,2020-11-07T17:00:00.000Z,True,False,23,47,L,52,84,-24.448
2020,11,401212518,Temple,American Athletic,UCF,American Athletic,Away,2020-11-15T00:30:00.000Z,True,False,13,38,L,34,41,48.295
2020,12,401212519,Temple,American Athletic,East Carolina,American Athletic,Home,2020-11-21T17:00:00.000Z,True,False,3,28,L,82,93,-57.914
2020,4,401237036,Tennessee,SEC,South Carolina,SEC,Away,2020-09-26T23:30:00.000Z,True,False,31,27,W,108,90,-44.022
2020,5,401237099,Tennessee,SEC,Missouri,SEC,Home,2020-10-03T16:00:00.000Z,True,False,35,12,W,87,62,6.666
2020,6,401237103,Tennessee,SEC,Georgia,SEC,Away,2020-10-10T19:30:00.000Z,True,False,21,44,L,16,3,180.189
2020,7,401237111,Tennessee,SEC,Kentucky,SEC,Home,2020-10-17T16:00:00.000Z,True,False,7,34,L,79,49,33.539
2020,8,401237114,Tennessee,SEC,Alabama,SEC,Home,2020-10-24T19:30:00.000Z,True,False,17,48,L,1,1,283.159
2020,10,401237124,Tennessee,SEC,Arkansas,SEC,Away,2020-11-08T00:30:00.000Z,True,False,13,24,L,96,44,41.796
2020,12,401237137,Tennessee,SEC,Auburn,SEC,Away,2020-11-22T00:00:00.000Z,True,False,17,30,L,61,25,75.778
2020,14,401237151,Tennessee,SEC,Florida,SEC,Home,2020-12-05T20:30:00.000Z,True,False,19,31,L,28,10,142.779
2020,15,401267163,Tennessee,SEC,Vanderbilt,SEC,Away,2020-12-12T21:00:00.000Z,True,False,42,17,W,122,108,-107.932
2020,16,401260158,Tennessee,SEC,Texas A&M,SEC,Home,2020-12-19T17:00:00.000Z,True,False,13,34,L,21,9,143.149
2020,1,401256151,Texas,Big 12,Colorado,Pac-12,Away,2020-12-30T02:00:00.000Z,True,False,55,23,W,76,65,1.455
2020,2,401236222,Texas,Big 12,UTEP,Conference USA,Home,2020-09-13T00:00:00.000Z,True,False,59,3,W,109,120,-162.386
2020,4,401235995,Texas,Big 12,Texas Tech,Big 12,Away,2020-09-26T19:30:00.000Z,True,False,63,56,W,95,77,-9.902
2020,5,401236002,Texas,Big 12,TCU,Big 12,Home,2020-10-03T16:00:00.000Z,True,False,31,33,L,38,34,56.320
2020,6,401236005,Texas,Big 12,Oklahoma,Big 12,Away,2020-10-10T16:00:00.000Z,True,False,45,53,L,6,4,168.240
2020,8,401236008,Texas,Big 12,Baylor,Big 12,Home,2020-10-24T19:30:00.000Z,True,False,27,16,W,84,59,11.528
2020,9,401236017,Texas,Big 12,Oklahoma State,Big 12,Away,2020-10-31T20:00:00.000Z,True,False,41,34,W,45,26,73.228
2020,10,401236022,Texas,Big 12,West Virginia,Big 12,Home,2020-11-07T17:00:00.000Z,True,False,17,13,W,62,46,36.615
2020,13,401236029,Texas,Big 12,Iowa State,Big 12,Home,2020-11-27T17:00:00.000Z,True,False,20,23,L,22,12,125.008
2020,14,401236036,Texas,Big 12,Kansas State,Big 12,Away,2020-12-05T17:00:00.000Z,True,False,69,31,W,86,76,-6.790
2020,1,401256112,Texas A&M,SEC,North Carolina,ACC,Away,2021-01-03T01:00:00.000Z,True,False,41,27,W,24,24,76.391
2020,4,401237037,Texas A&M,SEC,Vanderbilt,SEC,Home,2020-09-26T23:30:00.000Z,True,False,17,12,W,122,108,-107.932
2020,5,401237093,Texas A&M,SEC,Alabama,SEC,Away,2020-10-03T19:30:00.000Z,True,False,24,52,L,1,1,283.159
2020,6,401237102,Texas A&M,SEC,Florida,SEC,Home,2020-10-10T16:00:00.000Z,True,False,41,38,W,28,10,142.779
2020,7,401237112,Texas A&M,SEC,Mississippi State,SEC,Away,2020-10-17T20:00:00.000Z,True,False,28,14,W,89,51,30.082
2020,9,401237120,Texas A&M,SEC,Arkansas,SEC,Home,2020-10-31T23:30:00.000Z,True,False,42,31,W,96,44,41.796
2020,10,401237127,Texas A&M,SEC,South Carolina,SEC,Away,2020-11-08T00:00:00.000Z,True,False,48,3,W,108,90,-44.022
2020,13,401237146,Texas A&M,SEC,LSU,SEC,Home,2020-11-29T00:00:00.000Z,True,False,20,7,W,73,30,60.569
2020,14,401237150,Texas A&M,SEC,Auburn,SEC,Away,2020-12-05T17:00:00.000Z,True,False,31,20,W,61,25,75.778
2020,16,401260158,Texas A&M,SEC,Tennessee,SEC,Away,2020-12-19T17:00:00.000Z,True,False,34,13,W,101,80,-14.560
2020,1,401212484,Texas State,Sun Belt,SMU,American Athletic,Home,2020-09-05T20:30:00.000Z,True,False,24,31,L,52,84,-24.448
2020,2,401207113,Texas State,Sun Belt,UTSA,Conference USA,Home,2020-09-12T19:30:00.000Z,True,False,48,51,L,57,94,-59.153
2020,3,401215302,Texas State,Sun Belt,UL Monroe,Sun Belt,Away,2020-09-19T23:30:00.000Z,True,False,38,17,W,125,126,-240.872
2020,4,401241303,Texas State,Sun Belt,Boston College,ACC,Away,2020-09-26T22:00:00.000Z,True,False,21,24,L,63,57,12.073
2020,6,401215308,Texas State,Sun Belt,Troy,Sun Belt,Away,2020-10-10T19:30:00.000Z,True,False,17,37,L,53,75,-6.222
2020,7,401215313,Texas State,Sun Belt,South Alabama,Sun Belt,Away,2020-10-17T16:00:00.000Z,True,False,20,30,L,94,101,-89.941
2020,8,401240998,Texas State,Sun Belt,BYU,FBS Independents,Away,2020-10-25T02:15:00.000Z,True,False,14,52,L,2,5,157.602
2020,9,401215322,Texas State,Sun Belt,Louisiana,Sun Belt,Home,2020-11-01T00:00:00.000Z,True,False,34,44,L,18,37,50.615
2020,10,401215324,Texas State,Sun Belt,App State,Sun Belt,Home,2020-11-07T20:00:00.000Z,True,False,17,38,L,15,38,49.184
2020,11,401215331,Texas State,Sun Belt,Georgia Southern,Sun Belt,Away,2020-11-14T20:30:00.000Z,True,False,38,40,L,33,63,4.256
2020,12,401215334,Texas State,Sun Belt,Arkansas State,Sun Belt,Home,2020-11-21T17:00:00.000Z,True,False,47,45,W,92,104,-92.750
2020,13,401215338,Texas State,Sun Belt,Coastal Carolina,Sun Belt,Home,2020-11-28T20:00:00.000Z,True,False,14,49,L,7,16,110.171
2020,4,401235995,Texas Tech,Big 12,Texas,Big 12,Home,2020-09-26T19:30:00.000Z,True,False,56,63,L,14,17,107.667
2020,5,401236001,Texas Tech,Big 12,Kansas State,Big 12,Away,2020-10-03T19:30:00.000Z,True,False,21,31,L,86,76,-6.790
2020,6,401236003,Texas Tech,Big 12,Iowa State,Big 12,Away,2020-10-10T19:30:00.000Z,True,False,15,31,L,22,12,125.008
2020,8,401236012,Texas Tech,Big 12,West Virginia,Big 12,Home,2020-10-24T21:30:00.000Z,True,False,34,27,W,62,46,36.615
2020,9,401236016,Texas Tech,Big 12,Oklahoma,Big 12,Home,2020-11-01T00:00:00.000Z,True,False,28,62,L,6,4,168.240
2020,10,401236021,Texas Tech,Big 12,TCU,Big 12,Away,2020-11-07T20:30:00.000Z,True,False,18,34,L,38,34,56.320
2020,11,401236023,Texas Tech,Big 12,Baylor,Big 12,Home,2020-11-14T21:00:00.000Z,True,False,24,23,W,84,59,11.528
2020,13,401236032,Texas Tech,Big 12,Oklahoma State,Big 12,Away,2020-11-28T17:00:00.000Z,True,False,44,50,L,45,26,73.228
2020,14,401236035,Texas Tech,Big 12,Kansas,Big 12,Home,2020-12-05T17:00:00.000Z,True,False,16,13,W,123,113,-112.890
2020,10,401249858,Toledo,Mid-American,Bowling Green,Mid-American,Home,2020-11-05T01:00:00.000Z,True,False,38,3,W,126,123,-174.660
2020,11,401249866,Toledo,Mid-American,Western Michigan,Mid-American,Away,2020-11-12T01:00:00.000Z,True,False,38,41,L,31,21,94.107
2020,12,401249871,Toledo,Mid-American,Eastern Michigan,Mid-American,Away,2020-11-19T00:00:00.000Z,True,False,45,28,W,74,33,57.117
2020,13,401249873,Toledo,Mid-American,Ball State,Mid-American,Home,2020-11-28T17:00:00.000Z,True,False,24,27,L,26,7,150.794
2020,14,401249880,Toledo,Mid-American,Northern Illinois,Mid-American,Away,2020-12-05T17:00:00.000Z,True,False,41,24,W,113,67,-0.738
2020,15,401249883,Toledo,Mid-American,Central Michigan,Mid-American,Home,2020-12-12T20:00:00.000Z,True,False,24,23,W,58,22,87.950
2020,3,401240640,Troy,Sun Belt,Middle Tennessee,Conference USA,Away,2020-09-19T19:30:00.000Z,True,False,47,14,W,107,119,-153.523
2020,4,401236223,Troy,Sun Belt,BYU,FBS Independents,Away,2020-09-27T02:15:00.000Z,True,False,7,48,L,2,5,157.602
2020,6,401215308,Troy,Sun Belt,Texas State,Sun Belt,Home,2020-10-10T19:30:00.000Z,True,False,37,17,W,100,100,-88.302
2020,8,401215317,Troy,Sun Belt,Georgia State,Sun Belt,Home,2020-10-24T20:00:00.000Z,True,False,34,36,L,56,79,-12.077
2020,9,401215320,Troy,Sun Belt,Arkansas State,Sun Belt,Away,2020-10-31T19:00:00.000Z,True,False,38,10,W,92,104,-92.750
2020,10,401215326,Troy,Sun Belt,Georgia Southern,Sun Belt,Away,2020-11-07T18:00:00.000Z,True,False,13,20,L,33,63,4.256
2020,12,401240641,Troy,Sun Belt,Middle Tennessee,Conference USA,Home,2020-11-21T20:30:00.000Z,True,False,17,20,L,107,119,-153.523
2020,13,401215336,Troy,Sun Belt,App State,Sun Belt,Away,2020-11-28T20:30:00.000Z,True,False,10,47,L,15,38,49.184
2020,14,401262494,Troy,Sun Belt,South Alabama,Sun Belt,Away,2020-12-05T19:00:00.000Z,True,False,29,0,W,94,101,-89.941
2020,15,401259671,Troy,Sun Belt,Coastal Carolina,Sun Belt,Home,2020-12-12T20:00:00.000Z,True,False,38,42,L,7,16,110.171
2020,1,401256136,Tulane,American Athletic,Nevada,Mountain West,Away,2020-12-22T20:30:00.000Z,True,False,27,38,L,35,74,-5.656
2020,2,401239973,Tulane,American Athletic,South Alabama,Sun Belt,Away,2020-09-12T23:30:00.000Z,True,False,27,24,W,94,101,-89.941
2020,3,401212522,Tulane,American Athletic,Navy,American Athletic,Home,2020-09-19T16:00:00.000Z,True,False,24,27,L,115,107,-97.121
2020,4,401234734,Tulane,American Athletic,Southern Miss,Conference USA,Away,2020-09-26T23:00:00.000Z,True,False,66,24,W,99,117,-143.241
2020,6,401212523,Tulane,American Athletic,Houston,American Athletic,Away,2020-10-08T23:30:00.000Z,True,False,31,49,L,69,85,-26.475
2020,7,401212487,Tulane,American Athletic,SMU,American Athletic,Home,2020-10-16T22:00:00.000Z,True,False,34,37,L,52,84,-24.448
2020,8,401212524,Tulane,American Athletic,UCF,American Athletic,Away,2020-10-24T18:00:00.000Z,True,False,34,51,L,34,41,48.295
2020,9,401212517,Tulane,American Athletic,Temple,American Athletic,Home,2020-10-31T16:00:00.000Z,True,False,38,3,W,116,118,-148.091
2020,10,401212525,Tulane,American Athletic,East Carolina,American Athletic,Away,2020-11-07T17:00:00.000Z,True,False,38,21,W,82,93,-57.914
2020,11,401207200,Tulane,American Athletic,Army,FBS Independents,Home,2020-11-14T17:00:00.000Z,True,False,38,12,W,30,45,39.383
2020,12,401212526,Tulane,American Athletic,Tulsa,American Athletic,Away,2020-11-20T00:30:00.000Z,True,False,24,30,L,43,42,44.479
2020,14,401264082,Tulane,American Athletic,Memphis,American Athletic,Home,2020-12-05T17:00:00.000Z,True,False,35,21,W,66,89,-41.151
2020,1,401256196,Tulsa,American Athletic,Mississippi State,SEC,Away,2020-12-31T17:00:00.000Z,True,False,26,28,L,89,51,30.082
2020,3,401236041,Tulsa,American Athletic,Oklahoma State,Big 12,Away,2020-09-19T16:00:00.000Z,True,False,7,16,L,45,26,73.228
2020,5,401212531,Tulsa,American Athletic,UCF,American Athletic,Away,2020-10-03T23:30:00.000Z,True,False,34,26,W,34,41,48.295
2020,8,401212479,Tulsa,American Athletic,South Florida,American Athletic,Away,2020-10-23T23:30:00.000Z,True,False,42,13,W,121,116,-139.449
2020,9,401212533,Tulsa,American Athletic,East Carolina,American Athletic,Home,2020-10-31T01:00:00.000Z,True,False,34,30,W,82,93,-57.914
2020,11,401212491,Tulsa,American Athletic,SMU,American Athletic,Home,2020-11-15T00:00:00.000Z,True,False,28,24,W,52,84,-24.448
2020,12,401212526,Tulsa,American Athletic,Tulane,American Athletic,Home,2020-11-20T00:30:00.000Z,True,False,30,24,W,40,68,-1.474
2020,14,401264083,Tulsa,American Athletic,Navy,American Athletic,Away,2020-12-05T20:30:00.000Z,True,False,19,6,W,115,107,-97.121
2020,16,401264085,Tulsa,American Athletic,Cincinnati,American Athletic,Away,2020-12-20T01:00:00.000Z,True,False,24,27,L,5,11,136.685
2020,2,401234559,UAB,Conference USA,Miami,ACC,Away,2020-09-11T00:00:00.000Z,True,False,14,31,L,36,28,61.373
2020,4,401207132,UAB,Conference USA,South Alabama,Sun Belt,Away,2020-09-24T23:30:00.000Z,True,False,42,10,W,94,101,-89.941
2020,5,401207141,UAB,Conference USA,UTSA,Conference USA,Home,2020-10-03T16:30:00.000Z,True,False,21,13,W,57,94,-59.153
2020,7,401207153,UAB,Conference USA,Western Kentucky,Conference USA,Home,2020-10-17T17:30:00.000Z,True,False,37,14,W,93,111,-110.945
2020,8,401238036,UAB,Conference USA,Louisiana,Sun Belt,Home,2020-10-24T00:00:00.000Z,True,False,20,24,L,18,37,50.615
2020,9,401207163,UAB,Conference USA,Louisiana Tech,Conference USA,Away,2020-10-31T19:30:00.000Z,True,False,34,37,L,106,110,-109.766
2020,15,401257815,UAB,Conference USA,Rice,Conference USA,Away,2020-12-12T18:00:00.000Z,True,False,21,16,W,41,83,-24.129
2020,16,401240101,UAB,Conference USA,Marshall,Conference USA,Away,2020-12-19T00:00:00.000Z,True,False,22,13,W,19,55,15.938
2020,1,401256137,UCF,American Athletic,BYU,FBS Independents,Away,2020-12-23T00:00:00.000Z,True,False,23,49,L,2,5,157.602
2020,3,401234568,UCF,American Athletic,Georgia Tech,ACC,Away,2020-09-19T19:30:00.000Z,True,False,49,21,W,104,95,-60.750
2020,4,401212536,UCF,American Athletic,East Carolina,American Athletic,Away,2020-09-26T16:00:00.000Z,True,False,51,28,W,82,93,-57.914
2020,5,401212531,UCF,American Athletic,Tulsa,American Athletic,Home,2020-10-03T23:30:00.000Z,True,False,26,34,L,43,42,44.479
2020,7,401212537,UCF,American Athletic,Memphis,American Athletic,Away,2020-10-17T19:30:00.000Z,True,False,49,50,L,66,89,-41.151
2020,8,401212524,UCF,American Athletic,Tulane,American Athletic,Home,2020-10-24T18:00:00.000Z,True,False,51,34,W,40,68,-1.474
2020,9,401212538,UCF,American Athletic,Houston,American Athletic,Away,2020-10-31T18:00:00.000Z,True,False,44,21,W,69,85,-26.475
2020,11,401212518,UCF,American Athletic,Temple,American Athletic,Home,2020-11-15T00:30:00.000Z,True,False,38,13,W,116,118,-148.091
2020,12,401212540,UCF,American Athletic,Cincinnati,American Athletic,Home,2020-11-21T20:30:00.000Z,True,False,33,36,L,5,11,136.685
2020,13,401212483,UCF,American Athletic,South Florida,American Athletic,Away,2020-11-27T20:30:00.000Z,True,False,58,46,W,121,116,-139.449
2020,10,401249402,UCLA,Pac-12,Colorado,Pac-12,Away,2020-11-08T00:00:00.000Z,True,False,42,48,L,76,65,1.455
2020,11,401261454,UCLA,Pac-12,California,Pac-12,Home,2020-11-15T17:00:00.000Z,True,False,34,10,W,90,91,-44.162
2020,12,401249415,UCLA,Pac-12,Oregon,Pac-12,Away,2020-11-21T20:30:00.000Z,True,False,35,38,L,49,40,48.905
2020,13,401249421,UCLA,Pac-12,Arizona,Pac-12,Home,2020-11-29T01:00:00.000Z,True,False,27,10,W,118,98,-71.260
2020,14,401249425,UCLA,Pac-12,Arizona State,Pac-12,Away,2020-12-06T03:30:00.000Z,True,False,25,18,W,8,27,66.076
2020,15,401249431,UCLA,Pac-12,USC,Pac-12,Home,2020-12-13T00:30:00.000Z,True,False,38,43,L,46,32,59.652
2020,16,401269376,UCLA,Pac-12,Stanford,Pac-12,Home,2020-12-20T00:00:00.000Z,True,False,47,48,L,78,87,-32.073
2020,2,401240113,UL Monroe,Sun Belt,Army,FBS Independents,Away,2020-09-12T17:30:00.000Z,True,False,7,37,L,30,45,39.383
2020,3,401215302,UL Monroe,Sun Belt,Texas State,Sun Belt,Home,2020-09-19T23:30:00.000Z,True,False,17,38,L,100,100,-88.302
2020,4,401240194,UL Monroe,Sun Belt,UTEP,Conference USA,Home,2020-09-26T19:30:00.000Z,True,False,6,31,L,109,120,-162.386
2020,5,401215305,UL Monroe,Sun Belt,Georgia Southern,Sun Belt,Home,2020-10-03T23:00:00.000Z,True,False,30,35,L,33,63,4.256
2020,6,401207215,UL Monroe,Sun Belt,Liberty,FBS Independents,Away,2020-10-10T16:00:00.000Z,True,False,7,40,L,10,60,10.095
2020,8,401250784,UL Monroe,Sun Belt,South Alabama,Sun Belt,Away,2020-10-24T23:00:00.000Z,True,False,14,38,L,94,101,-89.941
2020,9,401215319,UL Monroe,Sun Belt,App State,Sun Belt,Home,2020-10-31T20:00:00.000Z,True,False,13,31,L,15,38,49.184
2020,10,401215327,UL Monroe,Sun Belt,Georgia State,Sun Belt,Away,2020-11-07T17:00:00.000Z,True,False,34,52,L,56,79,-12.077
2020,13,401215340,UL Monroe,Sun Belt,Louisiana,Sun Belt,Home,2020-11-28T20:00:00.000Z,True,False,20,70,L,18,37,50.615
2020,14,401262493,UL Monroe,Sun Belt,Arkansas State,Sun Belt,Away,2020-12-05T20:00:00.000Z,True,False,15,48,L,92,104,-92.750
2020,8,401248996,UNLV,Mountain West,San Diego State,Mountain West,Away,2020-10-25T02:30:00.000Z,True,False,6,34,L,37,56,13.423
2020,9,401249002,UNLV,Mountain West,Nevada,Mountain West,Home,2020-11-01T02:30:00.000Z,True,False,19,37,L,35,74,-5.656
2020,10,401249006,UNLV,Mountain West,Fresno State,Mountain West,Home,2020-11-07T20:30:00.000Z,True,False,27,40,L,55,106,-96.983
2020,11,401249016,UNLV,Mountain West,San José State,Mountain West,Away,2020-11-15T03:30:00.000Z,True,False,17,34,L,32,31,60.508
2020,13,401249028,UNLV,Mountain West,Wyoming,Mountain West,Home,2020-11-27T21:00:00.000Z,True,False,14,45,L,51,86,-31.992
2020,15,401249038,UNLV,Mountain West,Hawai'i,Mountain West,Away,2020-12-13T04:00:00.000Z,True,False,21,38,L,68,92,-45.816
2020,10,401249400,USC,Pac-12,Arizona State,Pac-12,Home,2020-11-07T17:00:00.000Z,True,False,28,27,W,8,27,66.076
2020,11,401249403,USC,Pac-12,Arizona,Pac-12,Away,2020-11-14T20:30:00.000Z,True,False,34,30,W,118,98,-71.260
2020,12,401249410,USC,Pac-12,Utah,Pac-12,Away,2020-11-22T03:30:00.000Z,True,False,33,17,W,47,50,32.725
2020,14,401249427,USC,Pac-12,Washington State,Pac-12,Home,2020-12-07T00:30:00.000Z,True,False,38,13,W,102,96,-65.149
2020,15,401249431,USC,Pac-12,UCLA,Pac-12,Away,2020-12-13T00:30:00.000Z,True,False,43,38,W,42,35,55.886
2020,16,401249434,USC,Pac-12,Oregon,Pac-12,Home,2020-12-19T01:00:00.000Z,True,False,24,31,L,49,40,48.905
2020,2,401236222,UTEP,Conference USA,Texas,Big 12,Away,2020-09-13T00:00:00.000Z,True,False,3,59,L,14,17,107.667
2020,4,401240194,UTEP,Conference USA,UL Monroe,Sun Belt,Away,2020-09-26T19:30:00.000Z,True,False,31,6,W,125,126,-240.872
2020,6,401207145,UTEP,Conference USA,Louisiana Tech,Conference USA,Away,2020-10-10T23:30:00.000Z,True,False,17,21,L,106,110,-109.766
2020,8,401207154,UTEP,Conference USA,Charlotte,Conference USA,Away,2020-10-24T16:00:00.000Z,True,False,28,38,L,85,115,-137.604
2020,11,401207179,UTEP,Conference USA,UTSA,Conference USA,Away,2020-11-14T20:00:00.000Z,True,False,21,52,L,57,94,-59.153
2020,15,401257816,UTEP,Conference USA,North Texas,Conference USA,Home,2020-12-11T23:00:00.000Z,True,False,43,45,L,103,122,-167.565
2020,1,401256144,UTSA,Conference USA,Louisiana,Sun Belt,Home,2020-12-26T20:30:00.000Z,True,False,24,31,L,18,37,50.615
2020,2,401207113,UTSA,Conference USA,Texas State,Sun Belt,Away,2020-09-12T19:30:00.000Z,True,False,51,48,W,100,100,-88.302
2020,4,401207134,UTSA,Conference USA,Middle Tennessee,Conference USA,Home,2020-09-26T00:00:00.000Z,True,False,37,35,W,107,119,-153.523
2020,5,401207141,UTSA,Conference USA,UAB,Conference USA,Away,2020-10-03T16:30:00.000Z,True,False,13,21,L,44,58,11.685
2020,6,401240997,UTSA,Conference USA,BYU,FBS Independents,Away,2020-10-10T19:30:00.000Z,True,False,20,27,L,2,5,157.602
2020,7,401240115,UTSA,Conference USA,Army,FBS Independents,Home,2020-10-17T17:30:00.000Z,True,False,16,28,L,30,45,39.383
2020,8,401207157,UTSA,Conference USA,Louisiana Tech,Conference USA,Home,2020-10-25T00:00:00.000Z,True,False,27,26,W,106,110,-109.766
2020,9,401207162,UTSA,Conference USA,Florida Atlantic,Conference USA,Away,2020-10-31T16:00:00.000Z,True,False,3,24,L,60,102,-90.700
2020,11,401207179,UTSA,Conference USA,UTEP,Conference USA,Home,2020-11-14T20:00:00.000Z,True,False,52,21,W,109,120,-162.386
2020,12,401207185,UTSA,Conference USA,Southern Miss,Conference USA,Away,2020-11-21T20:00:00.000Z,True,False,23,20,W,99,117,-143.241
2020,13,401207191,UTSA,Conference USA,North Texas,Conference USA,Home,2020-11-28T20:00:00.000Z,True,False,49,17,W,103,122,-167.565
2020,12,401249410,Utah,Pac-12,USC,Pac-12,Home,2020-11-22T03:30:00.000Z,True,False,17,33,L,46,32,59.652
2020,13,401265458,Utah,Pac-12,Washington,Pac-12,Away,2020-11-29T00:30:00.000Z,True,False,21,24,L,48,61,9.913
2020,14,401249422,Utah,Pac-12,Oregon State,Pac-12,Home,2020-12-06T03:30:00.000Z,True,False,30,24,W,80,88,-36.547
2020,15,401249428,Utah,Pac-12,Colorado,Pac-12,Away,2020-12-12T17:00:00.000Z,True,False,38,21,W,76,65,1.455
2020,16,401269375,Utah,Pac-12,Washington State,Pac-12,Home,2020-12-19T18:30:00.000Z,True,False,45,28,W,102,96,-65.149
2020,8,401248997,Utah State,Mountain West,Boise State,Mountain West,Away,2020-10-24T23:00:00.000Z,True,False,13,42,L,25,29,61.319
2020,9,401249004,Utah State,Mountain West,San Diego State,Mountain West,Home,2020-11-01T01:30:00.000Z,True,False,7,38,L,37,56,13.423
2020,10,401249009,Utah State,Mountain West,Nevada,Mountain West,Away,2020-11-06T00:00:00.000Z,True,False,9,34,L,35,74,-5.656
2020,11,401249013,Utah State,Mountain West,Fresno State,Mountain West,Home,2020-11-14T19:30:00.000Z,True,False,16,35,L,55,106,-96.983
2020,13,401249025,Utah State,Mountain West,New Mexico,Mountain West,Home,2020-11-27T00:00:00.000Z,True,False,41,27,W,97,109,-109.586
2020,14,401249029,Utah State,Mountain West,Air Force,Mountain West,Home,2020-12-04T02:30:00.000Z,True,False,7,35,L,17,36,52.276
2020,4,401237037,Vanderbilt,SEC,Texas A&M,SEC,Away,2020-09-26T23:30:00.000Z,True,False,12,17,L,21,9,143.149
2020,5,401237098,Vanderbilt,SEC,LSU,SEC,Home,2020-10-03T23:30:00.000Z,True,False,7,41,L,73,30,60.569
2020,6,401237106,Vanderbilt,SEC,South Carolina,SEC,Home,2020-10-10T16:00:00.000Z,True,False,7,41,L,108,90,-44.022
2020,9,401237123,Vanderbilt,SEC,Ole Miss,SEC,Home,2020-10-31T20:00:00.000Z,True,False,21,54,L,70,43,43.635
2020,10,401237126,Vanderbilt,SEC,Mississippi State,SEC,Away,2020-11-07T20:30:00.000Z,True,False,17,24,L,89,51,30.082
2020,11,401237132,Vanderbilt,SEC,Kentucky,SEC,Away,2020-11-14T17:00:00.000Z,True,False,35,38,L,79,49,33.539
2020,12,401237138,Vanderbilt,SEC,Florida,SEC,Home,2020-11-21T17:00:00.000Z,True,False,17,38,L,28,10,142.779
2020,13,401237143,Vanderbilt,SEC,Missouri,SEC,Away,2020-11-28T17:00:00.000Z,True,False,0,41,L,87,62,6.666
2020,15,401267163,Vanderbilt,SEC,Tennessee,SEC,Home,2020-12-12T21:00:00.000Z,True,False,17,42,L,101,80,-14.560
2020,4,401234638,Virginia,ACC,Duke,ACC,Home,2020-09-26T20:00:00.000Z,True,False,38,20,W,105,105,-94.496
2020,5,401234598,Virginia,ACC,Clemson,ACC,Away,2020-10-04T00:00:00.000Z,True,False,23,41,L,4,8,149.449
2020,6,401234608,Virginia,ACC,NC State,ACC,Home,2020-10-10T16:00:00.000Z,True,False,21,38,L,64,73,-5.585
2020,7,401234616,Virginia,ACC,Wake Forest,ACC,Away,2020-10-17T20:00:00.000Z,True,False,23,40,L,72,54,16.683
2020,8,401234620,Virginia,ACC,Miami,ACC,Away,2020-10-25T00:00:00.000Z,True,False,14,19,L,36,28,61.373
2020,9,401234628,Virginia,ACC,North Carolina,ACC,Home,2020-11-01T00:00:00.000Z,True,False,44,41,W,24,24,76.391
2020,11,401257934,Virginia,ACC,Louisville,ACC,Home,2020-11-14T20:30:00.000Z,True,False,31,17,W,54,69,-3.774
2020,14,401234656,Virginia,ACC,Boston College,ACC,Home,2020-12-05T20:30:00.000Z,True,False,43,32,W,63,57,12.073
2020,15,401234572,Virginia,ACC,Virginia Tech,ACC,Away,2020-12-13T01:00:00.000Z,True,False,15,33,L,67,52,26.586
2020,4,401234566,Virginia Tech,ACC,NC State,ACC,Home,2020-09-27T00:00:00.000Z,True,False,45,24,W,64,73,-5.585
2020,5,401234599,Virginia Tech,ACC,Duke,ACC,Away,2020-10-03T20:00:00.000Z,True,False,38,31,W,105,105,-94.496
2020,6,401234607,Virginia Tech,ACC,North Carolina,ACC,Away,2020-10-10T16:00:00.000Z,True,False,45,56,L,24,24,76.391
2020,7,401234609,Virginia Tech,ACC,Boston College,ACC,Home,2020-10-18T00:00:00.000Z,True,False,40,14,W,63,57,12.073
2020,8,401234623,Virginia Tech,ACC,Wake Forest,ACC,Away,2020-10-24T19:30:00.000Z,True,False,16,23,L,72,54,16.683
2020,9,401234627,Virginia Tech,ACC,Louisville,ACC,Away,2020-10-31T20:00:00.000Z,True,False,42,35,W,54,69,-3.774
2020,10,401234636,Virginia Tech,ACC,Liberty,FBS Independents,Home,2020-11-07T17:00:00.000Z,True,False,35,38,L,10,60,10.095
2020,11,401234641,Virginia Tech,ACC,Miami,ACC,Home,2020-11-14T17:00:00.000Z,True,False,24,25,L,36,28,61.373
2020,12,401234648,Virginia Tech,ACC,Pittsburgh,ACC,Away,2020-11-21T21:00:00.000Z,True,False,14,47,L,65,53,23.969
2020,14,401234657,Virginia Tech,ACC,Clemson,ACC,Home,2020-12-06T00:30:00.000Z,True,False,10,45,L,4,8,149.449
2020,15,401234572,Virginia Tech,ACC,Virginia,ACC,Home,2020-12-13T01:00:00.000Z,True,False,33,15,W,75,72,-5.133
2020,1,401256152,Wake Forest,ACC,Wisconsin,Big Ten,Away,2020-12-30T17:00:00.000Z,True,False,28,42,L,39,23,78.373
2020,2,401234562,Wake Forest,ACC,Clemson,ACC,Home,2020-09-12T23:30:00.000Z,True,False,13,37,L,4,8,149.449
2020,3,401234570,Wake Forest,ACC,NC State,ACC,Away,2020-09-20T00:00:00.000Z,True,False,42,45,L,64,73,-5.585
2020,7,401234616,Wake Forest,ACC,Virginia,ACC,Home,2020-10-17T20:00:00.000Z,True,False,40,23,W,75,72,-5.133
2020,8,401234623,Wake Forest,ACC,Virginia Tech,ACC,Home,2020-10-24T19:30:00.000Z,True,False,23,16,W,67,52,26.586
2020,9,401234629,Wake Forest,ACC,Syracuse,ACC,Away,2020-10-31T16:00:00.000Z,True,False,38,14,W,111,103,-92.175
2020,11,401234642,Wake Forest,ACC,North Carolina,ACC,Away,2020-11-14T17:00:00.000Z,True,False,53,59,L,24,24,76.391
2020,15,401266696,Wake Forest,ACC,Louisville,ACC,Away,2020-12-12T17:00:00.000Z,True,False,21,45,L,54,69,-3.774
2020,11,401249404,Washington,Pac-12,Oregon State,Pac-12,Home,2020-11-15T04:00:00.000Z,True,False,27,21,W,80,88,-36.547
2020,12,401249413,Washington,Pac-12,Arizona,Pac-12,Home,2020-11-22T01:00:00.000Z,True,False,44,27,W,118,98,-71.260
2020,13,401265458,Washington,Pac-12,Utah,Pac-12,Home,2020-11-29T00:30:00.000Z,True,False,24,21,W,47,50,32.725
2020,14,401249424,Washington,Pac-12,Stanford,Pac-12,Home,2020-12-05T21:00:00.000Z,True,False,26,31,L,78,87,-32.073
2020,10,401249397,Washington State,Pac-12,Oregon State,Pac-12,Away,2020-11-08T03:30:00.000Z,True,False,38,28,W,80,88,-36.547
2020,11,401249405,Washington State,Pac-12,Oregon,Pac-12,Home,2020-11-15T00:00:00.000Z,True,False,29,43,L,49,40,48.905
2020,14,401249427,Washington State,Pac-12,USC,Pac-12,Away,2020-12-07T00:30:00.000Z,True,False,13,38,L,46,32,59.652
2020,16,401269375,Washington State,Pac-12,Utah,Pac-12,Away,2020-12-19T18:30:00.000Z,True,False,28,45,L,47,50,32.725
2020,1,401256197,West Virginia,Big 12,Army,FBS Independents,Away,2020-12-31T21:00:00.000Z,True,False,24,21,W,30,45,39.383
2020,4,401235997,West Virginia,Big 12,Oklahoma State,Big 12,Away,2020-09-26T19:30:00.000Z,True,False,13,27,L,45,26,73.228
2020,5,401235998,West Virginia,Big 12,Baylor,Big 12,Home,2020-10-03T16:00:00.000Z,True,False,27,21,W,84,59,11.528
2020,7,401236007,West Virginia,Big 12,Kansas,Big 12,Home,2020-10-17T16:00:00.000Z,True,False,38,17,W,123,113,-112.890
2020,8,401236012,West Virginia,Big 12,Texas Tech,Big 12,Away,2020-10-24T21:30:00.000Z,True,False,27,34,L,95,77,-9.902
2020,9,401236015,West Virginia,Big 12,Kansas State,Big 12,Home,2020-10-31T16:00:00.000Z,True,False,37,10,W,86,76,-6.790
2020,10,401236022,West Virginia,Big 12,Texas,Big 12,Away,2020-11-07T17:00:00.000Z,True,False,13,17,L,14,17,107.667
2020,11,401236024,West Virginia,Big 12,TCU,Big 12,Home,2020-11-14T17:00:00.000Z,True,False,24,6,W,38,34,56.320
2020,14,401236034,West Virginia,Big 12,Iowa State,Big 12,Away,2020-12-05T20:30:00.000Z,True,False,6,42,L,22,12,125.008
2020,1,401256145,Western Kentucky,Conference USA,Georgia State,Sun Belt,Away,2020-12-26T20:30:00.000Z,True,False,21,39,L,56,79,-12.077
2020,2,401234564,Western Kentucky,Conference USA,Louisville,ACC,Away,2020-09-13T00:00:00.000Z,True,False,21,35,L,54,69,-3.774
2020,3,401207124,Western Kentucky,Conference USA,Liberty,FBS Independents,Home,2020-09-19T16:00:00.000Z,True,False,24,30,L,10,60,10.095
2020,5,401207138,Western Kentucky,Conference USA,Middle Tennessee,Conference USA,Away,2020-10-03T21:00:00.000Z,True,False,20,17,W,107,119,-153.523
2020,6,401207146,Western Kentucky,Conference USA,Marshall,Conference USA,Home,2020-10-10T23:30:00.000Z,True,False,14,38,L,19,55,15.938
2020,7,401207153,Western Kentucky,Conference USA,UAB,Conference USA,Away,2020-10-17T17:30:00.000Z,True,False,14,37,L,44,58,11.685
2020,9,401239887,Western Kentucky,Conference USA,BYU,FBS Independents,Away,2020-11-01T02:15:00.000Z,True,False,10,41,L,2,5,157.602
2020,10,401207169,Western Kentucky,Conference USA,Florida Atlantic,Conference USA,Away,2020-11-07T23:00:00.000Z,True,False,6,10,L,60,102,-90.700
2020,11,401207178,Western Kentucky,Conference USA,Southern Miss,Conference USA,Home,2020-11-14T20:30:00.000Z,True,False,10,7,W,99,117,-143.241
2020,12,401207181,Western Kentucky,Conference USA,Florida International,Conference USA,Home,2020-11-21T19:00:00.000Z,True,False,38,21,W,98,121,-165.918
2020,14,401266789,Western Kentucky,Conference USA,Charlotte,Conference USA,Away,2020-12-06T17:00:00.000Z,True,False,37,19,W,85,115,-137.604
2020,10,401249857,Western Michigan,Mid-American,Akron,Mid-American,Away,2020-11-04T23:00:00.000Z,True,False,58,13,W,124,112,-111.199
2020,11,401249866,Western Michigan,Mid-American,Toledo,Mid-American,Home,2020-11-12T01:00:00.000Z,True,False,41,38,W,23,15,114.673
2020,12,401249872,Western Michigan,Mid-American,Central Michigan,Mid-American,Away,2020-11-19T00:00:00.000Z,True,False,52,44,W,58,22,87.950
2020,13,401249875,Western Michigan,Mid-American,Northern Illinois,Mid-American,Home,2020-11-28T17:00:00.000Z,True,False,30,27,W,113,67,-0.738
2020,14,401249879,Western Michigan,Mid-American,Eastern Michigan,Mid-American,Home,2020-12-05T19:00:00.000Z,True,False,42,53,L,74,33,57.117
2020,15,401249885,Western Michigan,Mid-American,Ball State,Mid-American,Away,2020-12-12T17:00:00.000Z,True,False,27,30,L,26,7,150.794
2020,1,401256152,Wisconsin,Big Ten,Wake Forest,ACC,Home,2020-12-30T17:00:00.000Z,True,False,42,28,W,72,54,16.683
2020,8,401247297,Wisconsin,Big Ten,Illinois,Big Ten,Home,2020-10-24T00:00:00.000Z,True,False,45,7,W,114,97,-65.740
2020,11,401247319,Wisconsin,Big Ten,Michigan,Big Ten,Away,2020-11-15T00:30:00.000Z,True,False,49,11,W,81,70,-4.660
2020,12,401247323,Wisconsin,Big Ten,Northwestern,Big Ten,Away,2020-11-21T20:30:00.000Z,True,False,7,17,L,27,20,104.269
2020,14,401247338,Wisconsin,Big Ten,Indiana,Big Ten,Home,2020-12-05T20:30:00.000Z,True,False,6,14,L,29,19,106.883
2020,15,401247347,Wisconsin,Big Ten,Iowa,Big Ten,Away,2020-12-12T20:30:00.000Z,True,False,7,28,L,13,13,119.833
2020,16,401269384,Wisconsin,Big Ten,Minnesota,Big Ten,Home,2020-12-19T21:00:00.000Z,True,False,20,17,W,77,78,-10.721
2020,8,401248998,Wyoming,Mountain West,Nevada,Mountain West,Away,2020-10-24T23:00:00.000Z,True,False,34,37,L,35,74,-5.656
2020,9,401249001,Wyoming,Mountain West,Hawai'i,Mountain West,Home,2020-10-31T01:45:00.000Z,True,False,31,7,W,68,92,-45.816
2020,10,401249010,Wyoming,Mountain West,Colorado State,Mountain West,Away,2020-11-06T02:00:00.000Z,True,False,24,34,L,112,114,-121.663
2020,13,401249028,Wyoming,Mountain West,UNLV,Mountain West,Away,2020-11-27T21:00:00.000Z,True,False,45,14,W,119,124,-185.418
2020,14,401249034,Wyoming,Mountain West,New Mexico,Mountain West,Away,2020-12-06T03:30:00.000Z,True,False,16,17,L,97,109,-109.586
2020,15,401249035,Wyoming,Mountain West,Boise State,Mountain West,Home,2020-12-12T23:00:00.000Z,True,False,9,17,L,25,29,61.319
