Season,Week,Rk,Team,Conference,W,L,NetRtg,AdjRtg,AdjRk,Win %,PyW %,Luck,Luck Z,Ortg,DRtg,PF,PA,ODrives,DDrives,SOS,SOS rank
2021,1,1,Auburn,SEC,1,0,454.545,127.273,4,1.000,0.824,0.176,0.556,545.455,90.909,60,10,11,11,-127.273,92
2021,1,2,Pittsburgh,ACC,1,0,440.000,140.000,1,1.000,0.852,0.148,0.468,510.000,70.000,51,7,10,10,-140.000,96
2021,1,3,NC State,ACC,1,0,346.154,107.692,12,1.000,0.856,0.144,0.454,346.154,0.000,45,0,13,12,-107.692,81
2021,1,4,Cincinnati,American Athletic,1,0,337.762,137.063,2,1.000,0.827,0.173,0.546,445.455,107.692,49,14,11,13,-137.063,95
2021,1,5,Marshall,Conference USA,1,0,326.923,109.615,11,1.000,0.824,0.176,0.557,376.923,50.000,49,7,13,14,-109.615,84
2021,1,6,Army,FBS Independents,1,0,318.889,134.444,3,1.000,0.822,0.178,0.562,430.000,111.111,43,10,10,9,-134.444,94
2021,1,7,Rutgers,Big Ten,1,0,313.333,93.333,20,1.000,0.770,0.230,0.728,406.667,93.333,61,14,15,15,-93.333,77
2021,1,8,Michigan,Big Ten,1,0,300.000,127.273,5,1.000,0.805,0.195,0.618,427.273,127.273,47,14,11,11,-127.273,93
2021,1,9,Texas A&M,SEC,1,0,270.238,122.619,6,1.000,0.829,0.171,0.540,341.667,71.429,41,10,12,14,-122.619,91
2021,1,10,Kentucky,SEC,1,0,269.231,107.692,14,1.000,0.804,0.196,0.620,346.154,76.923,45,10,13,13,-107.692,83
2021,1,11,Alabama,SEC,1,0,266.667,120.833,8,1.000,0.810,0.190,0.600,366.667,100.000,44,13,12,13,-120.833,89
2021,1,12,Tennessee,SEC,1,0,246.154,107.692,13,1.000,0.823,0.177,0.558,292.308,46.154,38,6,13,13,-107.692,82
2021,1,13,Texas,Big 12,1,0,242.222,121.111,7,1.000,0.771,0.229,0.724,422.222,180.000,38,18,9,10,-121.111,90
2021,1,14,Iowa,Big Ten,1,0,240.476,120.238,9,1.000,0.844,0.156,0.493,283.333,42.857,34,6,12,14,-120.238,88
2021,1,15,Syracuse,ACC,1,0,233.929,116.964,10,1.000,0.790,0.210,0.666,362.500,128.571,29,9,8,7,-116.964,87
2021,1,16,UTEP,Conference USA,1,0,222.727,107.096,15,1.000,0.916,0.084,0.264,250.000,27.273,30,3,12,11,-115.631,85
2021,1,17,Wake Forest,ACC,1,0,216.667,94.048,19,1.000,0.777,0.223,0.705,300.000,83.333,42,10,14,12,-94.048,78
2021,1,18,South Alabama,Sun Belt,1,0,211.818,105.909,16,1.000,0.805,0.195,0.615,281.818,70.000,31,7,11,10,-105.909,80
2021,1,19,USC,Pac-12,1,0,196.154,98.077,17,1.000,0.803,0.197,0.624,250.000,53.846,30,7,12,13,-98.077,79
2021,1,20,UCLA,Pac-12,2,0,173.077,96.062,18,1.000,0.701,0.299,0.946,315.385,142.308,82,37,26,26,-48.031,67
2021,1,21,Ohio State,Big Ten,1,0,168.182,84.091,22,1.000,0.677,0.323,1.025,450.000,281.818,45,31,10,11,-84.091,76
2021,1,22,Texas Tech,Big 12,1,0,166.667,83.333,23,1.000,0.723,0.277,0.879,316.667,150.000,38,21,12,14,-83.333,75
2021,1,23,Florida,SEC,1,0,164.394,82.197,24,1.000,0.731,0.269,0.852,291.667,127.273,35,14,12,11,-82.197,74
2021,1,24,Kansas State,Big 12,1,0,162.222,81.111,25,1.000,0.755,0.245,0.775,240.000,77.778,24,7,10,9,-81.111,73
2021,1,25,Fresno State,Mountain West,1,1,144.841,54.396,30,0.500,0.640,-0.140,-0.448,255.556,110.714,69,31,27,28,-27.198,60
2021,1,26,Michigan State,Big Ten,1,0,141.667,70.833,26,1.000,0.688,0.312,0.990,316.667,175.000,38,21,12,12,-70.833,72
2021,1,27,Arkansas,SEC,1,0,140.000,70.000,27,1.000,0.712,0.288,0.912,253.333,113.333,38,17,15,15,-70.000,71
2021,1,28,San Diego State,Mountain West,1,0,124.167,8.535,48,1.000,0.550,0.450,1.429,186.667,62.500,28,10,15,16,-115.631,85
2021,1,29,Ole Miss,SEC,1,0,118.333,59.167,28,1.000,0.643,0.357,1.133,358.333,240.000,43,24,12,10,-59.167,70
2021,1,30,App State,Sun Belt,1,0,102.273,51.136,31,1.000,0.645,0.355,1.126,275.000,172.727,33,19,12,11,-51.136,69
2021,1,31,Baylor,Big 12,1,0,96.970,48.485,32,1.000,0.640,0.360,1.141,263.636,166.667,29,20,11,12,-48.485,68
2021,1,32,Missouri,SEC,1,0,90.110,45.055,33,1.000,0.630,0.370,1.172,261.538,171.429,34,24,13,14,-45.055,66
2021,1,33,Georgia,SEC,1,0,72.727,36.364,34,1.000,0.663,0.337,1.069,100.000,27.273,10,3,10,11,-36.364,65
2021,1,34,Purdue,Big Ten,1,0,69.231,34.615,35,1.000,0.606,0.394,1.250,230.769,161.538,30,21,13,13,-34.615,64
2021,1,35,Virginia Tech,ACC,1,0,63.636,31.818,36,1.000,0.619,0.381,1.210,154.545,90.909,17,10,11,11,-31.818,63
2021,1,36,Penn State,Big Ten,1,0,56.410,28.205,38,1.000,0.611,0.389,1.233,133.333,76.923,16,10,12,13,-28.205,62
2021,1,37,BYU,FBS Independents,1,0,54.545,27.273,39,1.000,0.589,0.411,1.304,200.000,145.455,24,16,12,11,-27.273,61
2021,1,38,UTSA,Conference USA,1,0,53.846,58.120,29,1.000,0.704,0.296,0.938,284.615,230.769,37,30,13,13,4.274,47
2021,1,39,Charlotte,Conference USA,1,0,42.949,21.474,40,1.000,0.560,0.440,1.396,258.333,215.385,31,28,12,13,-21.474,59
2021,1,40,Northern Illinois,Mid-American,1,0,38.462,19.231,41,1.000,0.562,0.438,1.391,200.000,161.538,22,21,11,13,-19.231,57
2021,1,40,Oklahoma,Big 12,1,0,38.462,19.231,42,1.000,0.548,0.452,1.433,307.692,269.231,40,35,13,13,-19.231,58
2021,1,42,Oregon,Pac-12,1,0,36.813,91.209,21,1.000,0.796,0.204,0.646,221.429,184.615,31,24,14,13,54.396,29
2021,1,43,UCF,American Athletic,1,0,35.714,17.857,43,1.000,0.550,0.450,1.429,257.143,221.429,36,31,14,14,-17.857,56
2021,1,44,Maryland,Big Ten,1,0,29.670,14.835,44,1.000,0.546,0.454,1.443,214.286,184.615,30,24,14,13,-14.835,55
2021,1,45,Nevada,Mountain West,1,0,28.788,14.394,45,1.000,0.548,0.452,1.435,183.333,154.545,22,17,12,11,-14.394,54
2021,1,46,Utah State,Mountain West,1,0,27.273,13.636,46,1.000,0.540,0.460,1.461,236.364,209.091,26,23,11,11,-13.636,53
2021,1,47,Notre Dame,FBS Independents,1,0,20.000,10.000,47,1.000,0.527,0.473,1.503,273.333,253.333,41,38,15,15,-10.000,52
2021,1,48,Louisiana Tech,Conference USA,0,1,7.917,3.958,50,0.000,0.512,-0.512,-1.632,226.667,218.750,34,35,15,16,-3.958,51
2021,1,49,Illinois,Big Ten,1,1,4.000,4.274,49,0.500,0.509,-0.009,-0.033,240.000,236.000,60,59,25,25,-2.137,50
2021,1,50,Mississippi State,SEC,1,0,-7.917,-3.958,51,1.000,0.488,0.512,1.624,218.750,226.667,35,34,16,15,3.958,49
2021,1,51,Florida State,ACC,0,1,-20.000,-10.000,52,0.000,0.473,-0.473,-1.511,253.333,273.333,38,41,15,15,10.000,46
2021,1,52,Washington State,Pac-12,0,1,-27.273,-13.636,53,0.000,0.460,-0.460,-1.469,209.091,236.364,23,26,11,11,13.636,45
2021,1,53,California,Pac-12,0,1,-28.788,-14.394,54,0.000,0.452,-0.452,-1.443,154.545,183.333,17,22,11,12,14.394,44
2021,1,54,West Virginia,Big 12,0,1,-29.670,-14.835,55,0.000,0.454,-0.454,-1.450,184.615,214.286,24,30,13,14,14.835,43
2021,1,55,Boise State,Mountain West,0,1,-35.714,-17.857,56,0.000,0.450,-0.450,-1.437,221.429,257.143,31,36,14,14,17.857,42
2021,1,56,Georgia Tech,ACC,0,1,-38.462,-19.231,57,0.000,0.438,-0.438,-1.399,161.538,200.000,21,22,13,11,19.231,40
2021,1,56,Tulane,American Athletic,0,1,-38.462,-19.231,58,0.000,0.452,-0.452,-1.441,269.231,307.692,35,40,13,13,19.231,41
2021,1,58,Duke,ACC,0,1,-42.949,-21.474,59,0.000,0.440,-0.440,-1.404,215.385,258.333,28,31,13,12,21.474,39
2021,1,59,Arizona,Pac-12,0,1,-54.545,-27.273,60,0.000,0.411,-0.411,-1.312,145.455,200.000,16,24,11,12,27.273,38
2021,1,60,Wisconsin,Big Ten,0,1,-56.410,-28.205,61,0.000,0.389,-0.389,-1.241,76.923,133.333,10,16,13,12,28.205,37
2021,1,61,North Carolina,ACC,0,1,-63.636,-31.818,62,0.000,0.381,-0.381,-1.217,90.909,154.545,10,17,11,11,31.818,36
2021,1,62,Nebraska,Big Ten,0,1,-66.667,-62.393,69,0.000,0.224,-0.224,-0.718,183.333,250.000,22,30,12,12,4.274,47
2021,1,63,LSU,SEC,0,1,-67.308,28.755,37,0.000,0.598,-0.598,-1.907,225.000,292.308,27,38,12,13,96.062,17
2021,1,64,Oregon State,Pac-12,0,1,-69.231,-34.615,63,0.000,0.394,-0.394,-1.258,161.538,230.769,21,30,13,13,34.615,35
2021,1,65,Clemson,ACC,0,1,-72.727,-36.364,64,0.000,0.337,-0.337,-1.077,27.273,100.000,3,10,11,10,36.364,34
2021,1,66,Central Michigan,Mid-American,0,1,-90.110,-45.055,65,0.000,0.370,-0.370,-1.180,171.429,261.538,24,34,14,13,45.055,33
2021,1,67,Texas State,Sun Belt,0,1,-96.970,-48.485,66,0.000,0.360,-0.360,-1.149,166.667,263.636,20,29,12,11,48.485,32
2021,1,68,East Carolina,American Athletic,0,1,-102.273,-51.136,67,0.000,0.355,-0.355,-1.134,172.727,275.000,19,33,11,12,51.136,31
2021,1,69,Louisville,ACC,0,1,-118.333,-59.167,68,0.000,0.357,-0.357,-1.141,240.000,358.333,24,43,10,12,59.167,27
2021,1,70,Rice,Conference USA,0,1,-140.000,-70.000,70,0.000,0.288,-0.288,-0.920,113.333,253.333,17,38,15,15,70.000,26
2021,1,71,Northwestern,Big Ten,0,1,-141.667,-70.833,71,0.000,0.312,-0.312,-0.998,175.000,316.667,21,38,12,12,70.833,25
2021,1,72,Stanford,Pac-12,0,1,-162.222,-81.111,72,0.000,0.245,-0.245,-0.783,77.778,240.000,7,24,9,10,81.111,24
2021,1,73,Florida Atlantic,Conference USA,0,1,-164.394,-82.197,73,0.000,0.269,-0.269,-0.860,127.273,291.667,14,35,11,12,82.197,23
2021,1,74,New Mexico State,FBS Independents,0,2,-166.667,-115.631,84,0.000,0.212,-0.212,-0.678,48.148,214.815,13,58,27,27,57.816,28
2021,1,75,Houston,American Athletic,0,1,-166.667,-83.333,74,0.000,0.277,-0.277,-0.886,150.000,316.667,21,38,14,12,83.333,22
2021,1,76,Minnesota,Big Ten,0,1,-168.182,-84.091,75,0.000,0.323,-0.323,-1.032,281.818,450.000,31,45,11,10,84.091,21
2021,1,77,San José State,Mountain West,0,1,-196.154,-98.077,78,0.000,0.197,-0.197,-0.632,53.846,250.000,7,30,13,12,98.077,16
2021,1,78,Southern Miss,Conference USA,0,1,-211.818,-105.909,79,0.000,0.195,-0.195,-0.623,70.000,281.818,7,31,10,11,105.909,15
2021,1,79,Old Dominion,Conference USA,0,1,-216.667,-94.048,77,0.000,0.223,-0.223,-0.713,83.333,300.000,10,42,12,14,94.048,19
2021,1,80,Ohio,Mid-American,0,1,-233.929,-116.964,85,0.000,0.210,-0.210,-0.674,128.571,362.500,9,29,7,8,116.964,10
2021,1,81,Indiana,Big Ten,0,1,-240.476,-120.238,86,0.000,0.156,-0.156,-0.501,42.857,283.333,6,34,14,12,120.238,9
2021,1,82,Louisiana,Sun Belt,0,1,-242.222,-121.111,88,0.000,0.229,-0.229,-0.732,180.000,422.222,18,38,10,9,121.111,7
2021,1,83,Bowling Green,Mid-American,0,1,-246.154,-107.692,81,0.000,0.177,-0.177,-0.566,46.154,292.308,6,38,13,13,107.692,13
2021,1,84,Miami,ACC,0,1,-266.667,-120.833,87,0.000,0.190,-0.190,-0.608,100.000,366.667,13,44,13,12,120.833,8
2021,1,85,Hawai'i,Mountain West,0,1,-267.033,-124.817,90,0.000,0.031,-0.031,-0.104,71.429,338.462,10,44,14,13,96.062,17
2021,1,86,UL Monroe,Sun Belt,0,1,-269.231,-107.692,82,0.000,0.196,-0.196,-0.628,76.923,346.154,10,45,13,13,107.692,14
2021,1,87,Kent State,Mid-American,0,1,-270.238,-122.619,89,0.000,0.171,-0.171,-0.548,71.429,341.667,10,41,14,12,122.619,6
2021,1,88,Western Michigan,Mid-American,0,1,-300.000,-127.273,92,0.000,0.195,-0.195,-0.626,127.273,427.273,14,47,11,11,127.273,5
2021,1,89,Temple,American Athletic,0,1,-313.333,-93.333,76,0.000,0.230,-0.230,-0.736,93.333,406.667,14,61,15,15,93.333,20
2021,1,90,Georgia State,Sun Belt,0,1,-318.889,-134.444,93,0.000,0.178,-0.178,-0.570,111.111,430.000,10,43,9,10,134.444,3
2021,1,91,UConn,FBS Independents,0,1,-321.429,-145.604,96,0.000,0.000,-0.000,-0.004,0.000,321.429,0,45,14,14,54.396,29
2021,1,92,Navy,American Athletic,0,1,-326.923,-109.615,83,0.000,0.176,-0.176,-0.565,50.000,376.923,7,49,14,13,109.615,11
2021,1,93,Miami (OH),Mid-American,0,1,-337.762,-137.063,94,0.000,0.173,-0.173,-0.554,107.692,445.455,14,49,13,11,137.063,2
2021,1,94,South Florida,American Athletic,0,1,-346.154,-107.692,80,0.000,0.144,-0.144,-0.462,0.000,346.154,0,45,12,13,107.692,12
2021,1,95,Massachusetts,FBS Independents,0,1,-440.000,-140.000,95,0.000,0.148,-0.148,-0.476,70.000,510.000,7,51,10,10,140.000,1
2021,1,96,Akron,Mid-American,0,1,-454.545,-127.273,91,0.000,0.176,-0.176,-0.564,90.909,545.455,10,60,11,11,127.273,4
2021,2,1,Auburn,SEC,1,0,454.545,3.380,67,1.000,0.512,0.488,1.453,545.455,90.909,60,10,11,11,-251.165,130
2021,2,2,Cincinnati,American Athletic,1,0,337.762,93.446,29,1.000,0.664,0.336,1.018,445.455,107.692,49,14,11,13,-180.680,128
2021,2,3,Marshall,Conference USA,1,0,326.923,96.270,25,1.000,0.850,0.150,0.486,376.923,50.000,49,7,13,14,-122.960,119
2021,2,4,Coastal Carolina,Sun Belt,1,0,290.000,145.000,15,1.000,0.791,0.209,0.655,490.000,200.000,49,22,10,11,-145.000,123
2021,2,5,Alabama,SEC,1,0,266.667,239.473,5,1.000,0.957,0.043,0.179,366.667,100.000,44,13,12,13,-2.193,68
2021,2,6,Georgia,SEC,2,0,246.957,97.319,24,1.000,0.759,0.241,0.745,286.957,40.000,66,10,23,25,-48.660,94
2021,2,7,Arizona State,Pac-12,1,0,245.455,122.727,17,1.000,0.815,0.185,0.587,336.364,90.909,37,10,11,11,-122.727,118
2021,2,7,Michigan,Big Ten,2,0,245.455,148.485,14,1.000,0.789,0.211,0.661,354.545,109.091,78,24,22,22,-74.242,108
2021,2,9,Purdue,Big Ten,2,0,232.000,105.759,20,1.000,0.812,0.188,0.594,316.000,84.000,79,21,25,25,-45.523,92
2021,2,10,Pittsburgh,ACC,2,0,219.333,215.173,8,1.000,0.949,0.051,0.204,383.333,164.000,92,41,24,25,42.078,49
2021,2,11,Wake Forest,ACC,1,0,216.667,94.048,27,1.000,0.774,0.226,0.704,300.000,83.333,42,10,14,12,-94.048,112
2021,2,12,Rutgers,Big Ten,2,0,193.966,200.886,10,1.000,0.998,0.002,0.063,268.966,75.000,78,21,29,28,73.762,35
2021,2,13,Virginia,ACC,1,0,192.308,212.125,9,1.000,0.995,0.005,0.072,300.000,107.692,42,14,14,13,19.817,53
2021,2,14,UCLA,Pac-12,2,0,173.077,93.771,28,1.000,0.970,0.030,0.144,315.385,142.308,82,37,26,26,-50.323,96
2021,2,15,Penn State,Big Ten,2,0,172.408,156.160,12,1.000,0.922,0.078,0.280,260.870,88.462,60,23,23,26,-8.409,71
2021,2,16,Texas Tech,Big 12,1,0,166.667,323.187,2,1.000,0.985,0.015,0.099,316.667,150.000,38,21,12,14,156.520,5
2021,2,17,Kansas State,Big 12,1,0,162.222,253.432,4,1.000,1.000,0.000,0.057,240.000,77.778,24,7,10,9,91.210,25
2021,2,18,Kentucky,SEC,2,0,161.667,94.934,26,1.000,0.736,0.264,0.813,320.000,158.333,80,38,25,24,-31.319,87
2021,2,19,Army,FBS Independents,2,0,155.000,91.566,30,1.000,0.738,0.262,0.805,405.000,250.000,81,45,20,18,-38.434,88
2021,2,20,Boston College,ACC,1,0,154.545,89.718,32,1.000,0.666,0.334,1.012,409.091,254.545,45,28,11,11,-64.827,103
2021,2,21,Air Force,Mountain West,1,0,149.650,26.690,52,1.000,0.684,0.316,0.959,176.923,27.273,23,3,13,11,-122.960,119
2021,2,22,Florida,SEC,2,0,149.185,35.144,50,1.000,0.606,0.394,1.183,285.185,136.000,77,34,27,25,-115.625,114
2021,2,23,Iowa,Big Ten,2,0,146.616,102.381,21,1.000,0.743,0.257,0.791,225.926,79.310,61,23,27,29,-51.190,98
2021,2,24,Fresno State,Mountain West,1,1,144.841,72.425,38,0.500,0.748,-0.248,-0.652,255.556,110.714,69,31,27,28,-9.168,72
2021,2,25,San Diego State,Mountain West,2,0,142.581,-14.369,72,1.000,0.441,0.559,1.654,220.000,77.419,66,24,30,31,-156.453,125
2021,2,26,Michigan State,Big Ten,1,0,141.667,70.833,39,1.000,0.685,0.315,0.957,316.667,175.000,38,21,12,12,-70.833,106
2021,2,27,Texas A&M,SEC,2,0,141.037,89.438,33,1.000,0.730,0.270,0.828,204.000,62.963,51,17,25,27,-44.719,90
2021,2,28,North Carolina,ACC,1,1,140.000,22.677,55,0.500,0.571,-0.071,-0.145,276.000,136.000,69,34,25,25,-45.505,91
2021,2,29,Arkansas,SEC,2,0,137.831,41.975,47,1.000,0.626,0.374,1.125,278.571,140.741,78,38,28,27,-94.371,113
2021,2,30,SMU,American Athletic,1,0,135.294,67.647,41,1.000,0.726,0.274,0.840,205.882,70.588,35,12,17,17,-67.647,105
2021,2,31,Boise State,Mountain West,1,1,134.606,290.382,3,0.500,0.973,-0.473,-1.295,303.571,168.966,85,49,28,29,205.144,3
2021,2,32,Virginia Tech,ACC,2,0,133.333,86.313,34,1.000,0.837,0.163,0.522,247.619,114.286,52,24,21,21,-50.505,97
2021,2,33,Ole Miss,SEC,1,0,118.333,59.167,43,1.000,0.641,0.359,1.083,358.333,240.000,43,24,12,10,-59.167,101
2021,2,34,NC State,ACC,1,1,107.704,113.385,18,0.500,0.960,-0.460,-1.258,203.704,96.000,55,24,27,25,62.287,39
2021,2,35,South Alabama,Sun Belt,2,0,98.957,-55.413,90,1.000,0.372,0.628,1.852,212.000,113.043,53,26,25,23,-166.817,126
2021,2,36,Memphis,American Athletic,1,0,98.739,49.370,45,1.000,0.609,0.391,1.174,392.857,294.118,55,50,14,17,-49.370,95
2021,2,37,Baylor,Big 12,1,0,96.970,75.281,36,1.000,0.756,0.244,0.756,263.636,166.667,29,20,11,12,-21.688,84
2021,2,38,Liberty,FBS Independents,1,0,88.889,44.444,46,1.000,0.635,0.365,1.100,233.333,144.444,21,13,9,9,-44.444,89
2021,2,39,New Mexico,Mountain West,1,0,86.607,-51.929,87,1.000,0.361,0.639,1.885,242.857,156.250,34,25,14,16,-138.536,122
2021,2,40,Wyoming,Mountain West,1,0,85.897,70.085,40,1.000,0.663,0.337,1.021,416.667,330.769,50,43,12,13,-15.812,78
2021,2,41,Tennessee,SEC,1,1,83.069,148.982,13,0.500,0.807,-0.307,-0.820,257.143,174.074,72,47,28,27,74.385,33
2021,2,42,Nebraska,Big Ten,1,1,81.410,-46.850,85,0.500,0.312,0.188,0.596,208.333,126.923,50,33,24,26,-119.469,115
2021,2,43,Wisconsin,Big Ten,1,1,78.788,99.749,23,0.500,0.853,-0.353,-0.953,183.333,104.545,44,23,24,22,8.409,61
2021,2,44,BYU,FBS Independents,2,0,67.391,-119.824,105,1.000,0.111,0.889,2.599,217.391,150.000,50,33,23,22,-188.006,129
2021,2,45,Houston,American Athletic,1,1,64.348,156.520,11,0.500,0.875,-0.375,-1.015,260.000,195.652,65,45,25,23,112.581,13
2021,2,46,UTSA,Conference USA,1,0,53.846,73.663,37,1.000,0.727,0.273,0.836,284.615,230.769,37,30,13,13,19.817,53
2021,2,47,Oregon,Pac-12,2,0,53.846,109.239,19,1.000,0.755,0.245,0.758,253.846,200.000,66,52,26,26,52.691,44
2021,2,48,Mississippi State,SEC,2,0,51.724,226.572,7,1.000,0.928,0.072,0.262,203.448,151.724,59,44,29,29,173.937,4
2021,2,49,Florida Atlantic,Conference USA,1,1,50.000,-129.250,114,0.500,0.178,0.322,0.977,236.364,186.364,52,41,22,22,-171.599,127
2021,2,50,Syracuse,ACC,1,1,47.619,133.304,16,0.500,0.872,-0.372,-1.007,171.429,123.810,36,26,21,21,50.131,45
2021,2,51,Charlotte,Conference USA,1,0,42.949,21.474,56,1.000,0.559,0.441,1.316,258.333,215.385,31,28,12,13,-21.474,83
2021,2,52,Oklahoma State,Big 12,1,0,41.667,20.833,58,1.000,0.561,0.439,1.312,233.333,191.667,28,23,12,12,-20.833,81
2021,2,53,App State,Sun Belt,1,1,40.667,-17.578,77,0.500,0.439,0.061,0.230,224.000,183.333,56,44,25,24,-61.022,102
2021,2,54,USC,Pac-12,1,1,39.130,-74.244,96,0.500,0.336,0.164,0.527,252.174,213.043,58,49,23,23,-89.594,110
2021,2,55,Oklahoma,Big 12,1,0,38.462,19.231,60,1.000,0.548,0.452,1.350,307.692,269.231,40,35,13,13,-19.231,80
2021,2,56,Oregon State,Pac-12,1,1,37.500,36.528,48,0.500,0.601,-0.101,-0.232,275.000,237.500,66,57,24,24,-10.675,73
2021,2,57,UCF,American Athletic,1,0,35.714,326.096,1,1.000,0.993,0.007,0.078,257.143,221.429,36,31,14,14,290.382,1
2021,2,58,Vanderbilt,SEC,1,0,31.429,15.714,61,1.000,0.553,0.447,1.335,171.429,140.000,24,21,14,15,-15.714,77
2021,2,59,Missouri,SEC,1,1,31.410,57.813,44,0.500,0.641,-0.141,-0.345,258.333,226.923,62,59,24,26,31.319,50
2021,2,60,Ohio State,Big Ten,1,1,30.435,32.957,51,0.500,0.593,-0.093,-0.209,317.391,286.957,73,66,23,23,-12.993,74
2021,2,61,Maryland,Big Ten,1,0,29.670,14.835,62,1.000,0.545,0.455,1.358,214.286,184.615,30,24,14,13,-14.835,76
2021,2,62,Nevada,Mountain West,1,0,28.788,20.901,57,1.000,0.633,0.367,1.107,183.333,154.545,22,17,12,11,-7.887,69
2021,2,63,Texas,Big 12,1,1,28.778,-90.717,97,0.500,0.286,0.214,0.669,280.952,252.174,59,58,21,23,-145.482,124
2021,2,64,Utah State,Mountain West,1,0,27.273,13.636,64,1.000,0.539,0.461,1.375,236.364,209.091,26,23,11,11,-13.636,75
2021,2,65,South Carolina,SEC,1,0,20.000,-99.851,100,1.000,0.025,0.975,2.845,133.333,113.333,20,17,15,15,-119.851,117
2021,2,66,Stanford,Pac-12,1,1,10.276,91.210,31,0.500,0.697,-0.197,-0.505,257.895,247.619,49,52,19,21,89.594,26
2021,2,67,Toledo,Mid-American,0,1,9.744,13.162,65,0.000,0.563,-0.563,-1.553,223.077,213.333,29,32,13,15,3.419,65
2021,2,68,Western Kentucky,Conference USA,0,1,8.889,100.455,22,0.000,0.663,-0.663,-1.838,388.889,380.000,35,38,9,10,91.566,24
2021,2,69,Louisiana Tech,Conference USA,0,1,7.917,234.489,6,0.000,0.970,-0.970,-2.715,226.667,218.750,34,35,15,16,226.572,2
2021,2,70,Notre Dame,FBS Independents,2,0,4.048,3.419,66,1.000,0.507,0.493,1.466,243.333,239.286,73,67,30,28,-1.709,67
2021,2,71,TCU,Big 12,1,0,-5.128,-13.015,70,1.000,0.458,0.542,1.607,261.538,266.667,34,32,13,12,-7.887,69
2021,2,72,California,Pac-12,0,2,-10.957,-7.887,69,0.000,0.483,-0.483,-1.323,213.043,224.000,49,56,23,25,3.943,64
2021,2,73,Northern Illinois,Mid-American,1,1,-13.167,-15.812,75,0.500,0.470,0.030,0.144,270.833,284.000,65,71,24,25,7.906,62
2021,2,74,Florida State,ACC,0,1,-20.000,-16.581,76,0.000,0.441,-0.441,-1.204,253.333,273.333,38,41,15,15,3.419,65
2021,2,75,Colorado,Pac-12,0,1,-23.077,66.361,42,0.000,0.980,-0.980,-2.745,53.846,76.923,7,10,13,13,89.438,27
2021,2,76,Texas State,Sun Belt,1,1,-24.741,-21.688,81,0.500,0.448,0.052,0.206,159.259,184.000,43,46,27,25,10.844,59
2021,2,77,Washington State,Pac-12,0,1,-27.273,-13.636,71,0.000,0.461,-0.461,-1.261,209.091,236.364,23,26,11,11,13.636,58
2021,2,78,West Virginia,Big 12,0,1,-29.670,-14.835,73,0.000,0.455,-0.455,-1.244,184.615,214.286,24,30,13,14,14.835,57
2021,2,79,Colorado State,Mountain West,0,1,-31.429,-15.714,74,0.000,0.447,-0.447,-1.221,140.000,171.429,21,24,15,14,15.714,56
2021,2,80,Florida International,Conference USA,0,1,-31.905,-53.593,88,0.000,0.182,-0.182,-0.464,121.429,153.333,17,23,14,15,-21.688,84
2021,2,81,Georgia Tech,ACC,0,1,-38.462,-54.274,89,0.000,0.108,-0.108,-0.251,161.538,200.000,21,22,13,11,-15.812,78
2021,2,81,Tulane,American Athletic,0,1,-38.462,-19.231,78,0.000,0.452,-0.452,-1.236,269.231,307.692,35,40,13,13,19.231,55
2021,2,83,Tulsa,American Athletic,0,1,-41.667,-20.833,79,0.000,0.439,-0.439,-1.198,191.667,233.333,23,28,12,12,20.833,52
2021,2,84,Duke,ACC,0,1,-42.949,-21.474,80,0.000,0.441,-0.441,-1.203,215.385,258.333,28,31,13,12,21.474,51
2021,2,85,Minnesota,Big Ten,1,1,-56.277,-135.225,115,0.500,0.279,0.221,0.690,281.818,338.095,62,71,22,21,-73.862,107
2021,2,86,East Carolina,American Athletic,0,2,-57.835,-119.851,106,0.000,0.233,-0.233,-0.610,138.462,196.296,36,53,26,27,-58.714,100
2021,2,87,Illinois,Big Ten,1,2,-64.238,19.817,59,0.333,0.544,-0.211,-0.545,194.737,258.974,74,101,38,39,79.646,31
2021,2,88,Iowa State,Big 12,0,1,-66.667,35.714,49,0.000,0.686,-0.686,-1.903,113.333,180.000,17,27,15,15,102.381,15
2021,2,89,LSU,SEC,0,1,-67.308,26.463,53,0.000,0.542,-0.542,-1.492,225.000,292.308,27,38,12,13,93.771,23
2021,2,90,Temple,American Athletic,1,1,-67.571,14.220,63,0.500,0.532,-0.032,-0.033,236.000,303.571,59,85,25,28,-25.139,86
2021,2,91,UTEP,Conference USA,1,1,-68.741,84.191,35,0.500,0.784,-0.284,-0.756,159.259,228.000,43,57,27,25,75.923,32
2021,2,92,Clemson,ACC,0,1,-72.727,24.592,54,0.000,0.735,-0.735,-2.043,27.273,100.000,3,10,11,10,97.319,19
2021,2,93,Utah,Pac-12,0,1,-81.818,-201.642,124,0.000,0.111,-0.111,-0.262,154.545,236.364,17,26,11,11,-119.824,116
2021,2,94,Troy,Sun Belt,0,1,-88.889,-44.444,84,0.000,0.365,-0.365,-0.986,144.444,233.333,13,21,9,9,44.444,48
2021,2,95,Central Michigan,Mid-American,0,1,-90.110,-32.297,82,0.000,0.389,-0.389,-1.054,171.429,261.538,24,34,14,13,57.813,42
2021,2,96,Arkansas State,Sun Belt,0,1,-98.739,-49.370,86,0.000,0.391,-0.391,-1.060,294.118,392.857,50,55,17,14,49.370,46
2021,2,97,Arizona,Pac-12,0,2,-114.245,-174.369,121,0.000,0.124,-0.124,-0.297,115.385,229.630,30,62,26,27,-67.097,104
2021,2,98,Louisville,ACC,0,1,-118.333,-59.167,91,0.000,0.359,-0.359,-0.969,240.000,358.333,24,43,10,12,59.167,41
2021,2,99,Miami,ACC,1,1,-121.846,-2.193,68,0.500,0.494,0.006,0.075,146.154,268.000,38,67,26,25,110.948,14
2021,2,100,Bowling Green,Mid-American,0,2,-126.068,-66.402,93,0.000,0.149,-0.149,-0.369,96.154,222.222,25,60,26,27,46.785,47
2021,2,101,North Texas,Conference USA,0,1,-135.294,-67.647,94,0.000,0.274,-0.274,-0.726,70.588,205.882,12,35,17,17,67.647,37
2021,2,102,New Mexico State,FBS Independents,0,3,-136.018,-138.536,117,0.000,0.123,-0.123,-0.294,88.372,224.390,38,92,43,41,5.964,63
2021,2,103,Northwestern,Big Ten,0,1,-141.667,-70.833,95,0.000,0.315,-0.315,-0.843,175.000,316.667,21,38,12,12,70.833,36
2021,2,104,Washington,Pac-12,0,1,-190.909,-42.424,83,0.000,0.276,-0.276,-0.732,90.909,281.818,10,31,11,11,148.485,8
2021,2,105,San José State,Mountain West,0,1,-196.154,-270.398,128,0.000,0.000,-0.000,0.057,53.846,250.000,7,30,13,12,-74.244,109
2021,2,106,Miami (OH),Mid-American,0,2,-196.970,-180.680,123,0.000,0.004,-0.004,0.045,166.667,363.636,40,80,24,22,-20.890,82
2021,2,107,Middle Tennessee,Conference USA,0,1,-210.000,-123.687,111,0.000,0.274,-0.274,-0.727,140.000,350.000,14,35,10,10,86.313,30
2021,2,108,Southern Miss,Conference USA,0,1,-211.818,-267.231,127,0.000,0.000,-0.000,0.057,70.000,281.818,7,31,10,11,-55.413,99
2021,2,109,Buffalo,Mid-American,0,1,-211.905,-258.755,126,0.000,0.016,-0.016,0.011,21.429,233.333,3,28,14,12,-46.850,93
2021,2,110,Old Dominion,Conference USA,0,1,-216.667,-94.048,98,0.000,0.226,-0.226,-0.591,83.333,300.000,10,42,12,14,94.048,22
2021,2,111,Hawai'i,Mountain West,0,2,-222.833,-127.108,112,0.000,0.266,-0.266,-0.703,148.000,370.833,37,89,25,24,65.149,38
2021,2,112,Rice,Conference USA,0,2,-223.077,-98.025,99,0.000,0.214,-0.214,-0.555,92.308,315.385,24,82,26,26,99.248,18
2021,2,113,South Florida,American Athletic,0,2,-233.791,-101.999,102,0.000,0.235,-0.235,-0.614,76.923,310.714,20,87,26,28,74.265,34
2021,2,114,Ohio,Mid-American,0,1,-233.929,-100.625,101,0.000,0.285,-0.285,-0.758,128.571,362.500,9,29,7,8,133.304,11
2021,2,115,Navy,American Athletic,0,2,-236.923,-122.960,110,0.000,0.201,-0.201,-0.518,40.000,276.923,10,72,25,26,61.480,40
2021,2,116,Eastern Michigan,Mid-American,0,1,-239.091,-139.341,118,0.000,0.198,-0.198,-0.508,70.000,309.091,7,34,10,11,99.749,17
2021,2,117,Indiana,Big Ten,0,1,-240.476,-138.095,116,0.000,0.052,-0.052,-0.091,42.857,283.333,6,34,14,12,102.381,15
2021,2,118,Louisiana,Sun Belt,0,1,-242.222,-332.940,129,0.000,0.024,-0.024,-0.011,180.000,422.222,18,38,10,9,-90.717,111
2021,2,119,UNLV,Mountain West,0,1,-245.455,-122.727,109,0.000,0.185,-0.185,-0.473,90.909,336.364,10,37,11,11,122.727,12
2021,2,120,UL Monroe,Sun Belt,0,1,-269.231,-120.450,107,0.000,0.125,-0.125,-0.301,76.923,346.154,10,45,13,13,94.934,21
2021,2,121,Kent State,Mid-American,0,1,-270.238,-155.800,120,0.000,0.089,-0.089,-0.198,71.429,341.667,10,41,14,12,89.438,27
2021,2,122,Georgia Southern,Sun Belt,0,1,-285.455,-378.341,130,0.000,0.000,-0.000,0.057,60.000,345.455,6,38,10,11,-129.250,121
2021,2,123,Kansas,Big 12,0,1,-290.000,-145.000,119,0.000,0.209,-0.209,-0.541,200.000,490.000,22,49,11,10,145.000,10
2021,2,124,Massachusetts,FBS Independents,0,2,-290.476,-64.827,92,0.000,0.321,-0.321,-0.861,166.667,457.143,35,96,21,21,152.446,7
2021,2,125,Ball State,Mid-American,0,1,-300.000,-116.568,104,0.000,0.257,-0.257,-0.678,100.000,400.000,13,44,13,11,156.160,6
2021,2,125,Western Michigan,Mid-American,0,1,-300.000,-106.061,103,0.000,0.179,-0.179,-0.455,127.273,427.273,14,47,11,11,148.485,8
2021,2,127,Georgia State,Sun Belt,0,2,-307.609,-177.323,122,0.000,0.121,-0.121,-0.288,117.391,425.000,27,102,23,24,57.121,43
2021,2,128,Akron,Mid-American,0,2,-358.333,-251.165,125,0.000,0.059,-0.059,-0.112,141.667,500.000,34,105,24,21,8.800,60
2021,2,129,UConn,FBS Independents,0,2,-361.538,-127.575,113,0.000,0.085,-0.085,-0.186,0.000,361.538,0,94,26,26,89.092,29
2021,2,130,UAB,Conference USA,0,1,-380.769,-121.911,108,0.000,0.114,-0.114,-0.270,50.000,430.769,7,56,14,13,97.319,19
2021,3,1,Michigan,Big Ten,3,0,327.273,434.545,2,1.000,1.000,0.000,0.033,427.273,100.000,141,34,33,34,198.686,13
2021,3,2,Texas Tech,Big 12,2,0,233.333,116.781,38,1.000,0.786,0.214,0.592,383.333,150.000,92,42,24,28,-95.719,98
2021,3,3,Georgia,SEC,3,0,232.282,242.773,12,1.000,0.995,0.005,0.047,294.444,62.162,106,23,36,37,79.001,44
2021,3,4,Baylor,Big 12,2,0,209.239,-104.513,96,1.000,0.274,0.726,1.931,321.739,112.500,74,27,23,24,-269.664,123
2021,3,5,Army,FBS Independents,3,0,207.619,244.790,11,1.000,0.859,0.141,0.402,443.333,235.714,133,66,30,28,64.790,48
2021,3,6,Wyoming,Mountain West,2,0,201.505,206.906,16,1.000,0.834,0.166,0.468,413.043,211.538,95,55,23,26,28.293,58
2021,3,7,Texas,Big 12,2,1,199.911,-43.064,76,0.667,0.383,0.284,0.775,365.625,165.714,117,58,32,35,-164.422,108
2021,3,8,Rutgers,Big Ten,2,0,193.966,-3.424,67,1.000,0.488,0.512,1.371,268.966,75.000,78,21,29,28,-130.548,106
2021,3,9,Cincinnati,American Athletic,2,0,193.875,-53.543,79,1.000,0.366,0.634,1.691,334.615,140.741,87,38,26,27,-231.558,118
2021,3,10,Boston College,ACC,2,0,190.909,69.848,52,1.000,0.679,0.321,0.872,331.818,140.909,73,31,22,22,-121.061,104
2021,3,11,Ole Miss,SEC,2,0,189.533,229.875,13,1.000,0.966,0.034,0.123,385.185,195.652,104,45,27,23,88.144,40
2021,3,12,Wake Forest,ACC,2,0,189.185,175.588,24,1.000,0.948,0.052,0.170,285.185,96.000,77,24,27,25,0.772,71
2021,3,13,Kansas State,Big 12,2,0,183.684,497.242,1,1.000,1.000,0.000,0.033,310.000,126.316,62,24,20,19,311.131,3
2021,3,14,Texas A&M,SEC,3,0,181.184,-144.649,105,1.000,0.128,0.872,2.312,223.684,42.500,85,17,38,40,-305.882,128
2021,3,15,Arkansas,SEC,3,0,180.000,-18.194,69,1.000,0.450,0.550,1.470,300.000,120.000,123,48,41,40,-180.887,113
2021,3,16,Liberty,FBS Independents,2,0,177.922,144.543,31,1.000,0.831,0.169,0.475,314.286,136.364,66,30,21,22,-22.017,76
2021,3,17,Auburn,SEC,1,1,175.099,0.844,65,0.500,0.505,-0.005,0.020,347.826,172.727,80,38,23,22,-82.489,95
2021,3,18,Michigan State,Big Ten,2,0,164.667,111.236,41,1.000,0.709,0.291,0.794,316.667,152.000,76,38,24,25,-52.546,86
2021,3,19,Iowa,Big Ten,3,0,161.905,-80.540,89,1.000,0.224,0.776,2.061,233.333,71.429,91,30,39,42,-248.305,121
2021,3,20,Kentucky,SEC,2,0,161.667,-38.508,75,1.000,0.429,0.571,1.525,320.000,158.333,80,38,25,24,-164.761,109
2021,3,21,Alabama,SEC,2,0,158.300,161.113,28,1.000,0.798,0.202,0.562,340.909,182.609,75,42,22,23,30.280,57
2021,3,22,Coastal Carolina,Sun Belt,2,0,150.000,-109.070,99,1.000,0.335,0.665,1.772,385.000,235.000,77,47,20,20,-255.181,122
2021,3,23,North Carolina,ACC,2,1,148.649,251.563,9,0.667,0.903,-0.237,-0.586,345.946,197.297,128,73,37,37,150.553,26
2021,3,24,Marshall,Conference USA,1,1,147.381,-60.216,83,0.500,0.396,0.104,0.305,310.714,163.333,87,49,28,30,-165.248,110
2021,3,25,Penn State,Big Ten,3,0,145.666,162.900,27,1.000,0.801,0.199,0.554,258.824,113.158,88,43,34,38,23.894,62
2021,3,26,Pittsburgh,ACC,2,1,137.500,205.266,18,0.667,0.948,-0.281,-0.702,350.000,212.500,133,85,38,40,90.028,39
2021,3,27,Iowa State,Big 12,1,1,125.000,-183.394,109,0.500,0.074,0.426,1.146,250.000,125.000,65,30,26,24,-274.303,125
2021,3,28,Washington,Pac-12,1,1,117.231,259.477,5,0.500,0.993,-0.493,-1.255,248.000,130.769,62,34,25,26,254.217,8
2021,3,29,Purdue,Big Ten,2,1,112.821,91.475,47,0.667,0.920,-0.253,-0.629,235.897,123.077,92,48,39,39,23.953,61
2021,3,30,USC,Pac-12,2,1,111.111,142.912,33,0.667,0.813,-0.147,-0.350,286.111,175.000,103,63,36,36,60.884,49
2021,3,31,NC State,ACC,1,1,107.704,84.829,48,0.500,0.781,-0.281,-0.700,203.704,96.000,55,24,27,25,33.730,56
2021,3,32,UCLA,Pac-12,2,1,105.000,103.492,44,0.667,0.730,-0.064,-0.133,297.500,192.500,119,77,40,40,14.573,68
2021,3,33,Fresno State,Mountain West,2,1,103.949,122.330,35,0.667,0.862,-0.195,-0.476,265.854,161.905,109,68,41,42,60.792,50
2021,3,34,Ohio State,Big Ten,2,1,102.862,92.167,46,0.667,0.720,-0.054,-0.107,335.294,232.432,114,86,34,37,-15.089,74
2021,3,35,Florida,SEC,2,1,100.772,111.478,40,0.667,0.784,-0.118,-0.274,286.486,185.714,106,65,37,35,17.632,66
2021,3,36,South Alabama,Sun Belt,2,0,98.957,65.451,54,1.000,0.657,0.343,0.930,212.000,113.043,53,26,25,23,-45.952,85
2021,3,37,San Diego State,Mountain West,3,0,91.073,-255.175,118,1.000,0.000,1.000,2.646,210.638,119.565,99,55,47,46,-345.715,129
2021,3,38,Boise State,Mountain West,1,2,89.431,-27.875,71,0.333,0.429,-0.096,-0.217,256.098,166.667,105,70,41,42,-82.136,94
2021,3,39,Arizona State,Pac-12,1,1,84.585,-258.799,120,0.500,0.070,0.430,1.158,245.455,160.870,54,37,22,23,-346.299,130
2021,3,40,Tennessee,SEC,1,1,83.069,182.666,21,0.500,0.858,-0.358,-0.902,257.143,174.074,72,47,28,27,108.069,35
2021,3,41,Memphis,American Athletic,2,0,80.667,188.470,20,1.000,0.802,0.198,0.551,344.000,263.333,86,79,25,30,109.730,33
2021,3,42,Wisconsin,Big Ten,1,1,78.788,157.963,29,0.500,1.000,-0.500,-1.273,183.333,104.545,44,23,24,22,66.623,46
2021,3,43,SMU,American Athletic,2,0,77.701,71.946,51,1.000,0.702,0.298,0.812,246.667,168.966,74,49,30,29,8.465,70
2021,3,44,UTSA,Conference USA,2,0,75.000,132.875,34,1.000,0.908,0.092,0.274,228.571,153.571,64,43,28,28,59.285,51
2021,3,45,Virginia Tech,ACC,2,1,71.212,247.404,10,0.667,1.000,-0.333,-0.838,221.212,150.000,73,51,33,34,167.089,18
2021,3,46,BYU,FBS Independents,3,0,68.485,-224.532,111,1.000,0.000,1.000,2.646,220.000,151.515,77,50,35,33,-293.471,127
2021,3,47,LSU,SEC,1,1,68.000,36.184,59,0.500,0.611,-0.111,-0.256,304.000,236.000,76,59,25,25,-31.123,81
2021,3,48,Houston,American Athletic,1,1,64.348,-19.274,70,0.500,0.448,0.052,0.169,260.000,195.652,65,45,25,23,-63.213,88
2021,3,49,Stanford,Pac-12,2,1,63.050,335.020,3,0.667,0.967,-0.300,-0.751,290.323,227.273,90,75,31,33,283.943,4
2021,3,50,Louisiana,Sun Belt,1,1,56.926,-231.865,113,0.500,0.064,0.436,1.172,304.545,247.619,67,52,22,21,-227.420,117
2021,3,51,Oklahoma,Big 12,2,0,54.545,112.514,39,1.000,0.782,0.218,0.603,286.364,231.818,63,51,22,22,54.395,52
2021,3,52,Oregon,Pac-12,2,0,53.846,163.796,26,1.000,0.872,0.128,0.367,253.846,200.000,66,52,26,26,107.249,36
2021,3,53,Colorado State,Mountain West,1,1,50.123,206.898,17,0.500,0.982,-0.482,-1.226,153.571,103.448,43,30,28,29,157.997,23
2021,3,54,Florida Atlantic,Conference USA,1,1,50.000,-30.107,73,0.500,0.409,0.091,0.270,236.364,186.364,52,41,22,22,-72.455,92
2021,3,55,Syracuse,ACC,1,1,47.619,-124.427,102,0.500,0.114,0.386,1.041,171.429,123.810,36,26,21,21,-207.600,114
2021,3,56,Air Force,Mountain West,1,1,44.872,-108.265,98,0.500,0.289,0.211,0.584,261.538,216.667,68,52,26,24,-167.706,111
2021,3,57,Minnesota,Big Ten,2,1,40.982,-96.646,93,0.667,0.300,0.367,0.993,262.857,221.875,92,71,35,32,-127.532,105
2021,3,58,App State,Sun Belt,1,1,40.667,-12.922,68,0.500,0.473,0.027,0.103,224.000,183.333,56,44,25,24,-56.366,87
2021,3,59,Nebraska,Big Ten,1,2,40.000,39.389,57,0.333,0.618,-0.284,-0.710,200.000,160.000,66,56,33,35,16.903,67
2021,3,60,Oregon State,Pac-12,1,1,37.500,35.542,60,0.500,0.566,-0.066,-0.140,275.000,237.500,66,57,24,24,-11.661,72
2021,3,61,Notre Dame,FBS Independents,3,0,36.797,121.231,36,1.000,0.773,0.227,0.626,227.273,190.476,100,80,44,42,84.479,42
2021,3,62,Missouri,SEC,1,1,31.410,-75.629,87,0.500,0.203,0.297,0.808,258.333,226.923,62,59,24,26,-102.123,100
2021,3,63,Utah State,Mountain West,2,0,29.167,-66.731,85,1.000,0.345,0.655,1.746,312.500,283.333,75,68,24,24,-95.752,99
2021,3,64,Maryland,Big Ten,2,0,27.493,172.038,25,1.000,0.990,0.010,0.059,185.185,157.692,50,41,27,26,145.665,28
2021,3,65,Oklahoma State,Big 12,2,0,24.000,-45.467,77,1.000,0.314,0.686,1.826,196.000,172.000,49,43,25,25,-70.147,91
2021,3,66,Mississippi State,SEC,2,1,22.024,145.570,30,0.667,0.952,-0.285,-0.711,209.524,187.500,88,75,42,40,130.061,30
2021,3,67,Virginia,ACC,1,1,19.538,178.651,22,0.500,0.869,-0.369,-0.930,311.538,292.000,81,73,26,25,165.830,19
2021,3,68,Troy,Sun Belt,1,1,11.000,12.064,63,0.500,0.546,-0.046,-0.086,136.000,125.000,34,30,25,24,20.883,65
2021,3,69,Western Kentucky,Conference USA,0,1,8.889,253.679,7,0.000,0.952,-0.952,-2.455,388.889,380.000,35,38,9,10,244.790,10
2021,3,70,Louisiana Tech,Conference USA,0,2,7.791,116.883,37,0.000,0.732,-0.732,-1.879,262.963,255.172,71,74,27,29,108.758,34
2021,3,71,West Virginia,Big 12,1,1,0.000,211.232,15,0.500,0.873,-0.373,-0.940,196.154,196.154,51,51,26,26,209.721,12
2021,3,72,Clemson,ACC,1,1,-0.714,176.056,23,0.500,0.984,-0.484,-1.232,85.000,85.714,17,18,20,21,171.006,17
2021,3,73,Louisville,ACC,1,1,-1.932,106.889,42,0.500,0.711,-0.211,-0.518,286.957,288.889,66,78,23,27,121.184,32
2021,3,74,TCU,Big 12,1,0,-5.128,253.326,8,1.000,0.787,0.213,0.590,261.538,266.667,34,32,13,12,258.454,7
2021,3,75,Duke,ACC,1,1,-7.692,-54.705,81,0.500,0.359,0.141,0.402,200.000,207.692,58,54,29,26,-44.837,84
2021,3,76,California,Pac-12,0,2,-10.957,258.454,6,0.000,1.000,-1.000,-2.580,213.043,224.000,49,56,23,25,270.284,6
2021,3,77,Charlotte,Conference USA,1,1,-18.087,-35.500,74,0.500,0.396,0.104,0.305,173.913,192.000,40,48,23,25,-14.550,73
2021,3,78,Texas State,Sun Belt,1,1,-24.741,-170.871,107,0.500,0.018,0.482,1.292,159.259,184.000,43,46,27,25,-138.338,107
2021,3,79,UCF,American Athletic,1,1,-25.543,12.492,62,0.500,0.541,-0.041,-0.073,244.828,270.370,71,73,29,27,39.507,53
2021,3,80,Utah,Pac-12,0,2,-26.099,-274.488,122,0.000,0.073,-0.073,-0.157,184.615,210.714,48,59,26,28,-239.853,119
2021,3,81,East Carolina,American Athletic,1,2,-30.952,-61.815,84,0.333,0.186,0.147,0.417,185.714,216.667,78,91,42,42,-24.113,77
2021,3,82,Eastern Michigan,Mid-American,1,1,-48.485,-29.654,72,0.500,0.441,0.059,0.186,233.333,281.818,49,62,21,22,26.255,60
2021,3,83,Vanderbilt,SEC,1,1,-48.860,211.673,14,0.500,0.953,-0.453,-1.150,180.769,229.630,47,62,26,27,270.959,5
2021,3,84,Illinois,Big Ten,1,3,-54.261,80.097,49,0.250,0.707,-0.457,-1.162,178.431,232.692,91,121,51,52,130.738,29
2021,3,85,Georgia Tech,ACC,0,2,-59.167,99.239,45,0.000,0.812,-0.812,-2.088,120.833,180.000,29,36,24,20,159.884,22
2021,3,86,San José State,Mountain West,1,1,-65.517,-69.130,86,0.500,0.183,0.317,0.862,82.759,148.276,24,43,29,29,14.058,69
2021,3,87,Toledo,Mid-American,0,2,-67.857,104.321,43,0.000,0.840,-0.840,-2.161,125.000,192.857,35,54,28,28,164.065,20
2021,3,88,UTEP,Conference USA,1,1,-68.741,-213.434,110,0.500,0.004,0.496,1.330,159.259,228.000,43,57,27,25,-221.702,116
2021,3,89,UAB,Conference USA,1,1,-70.604,60.147,55,0.500,0.671,-0.171,-0.413,167.857,238.462,47,62,28,26,71.410,45
2021,3,90,Northwestern,Big Ten,0,2,-73.626,-54.175,80,0.000,0.274,-0.274,-0.683,169.231,242.857,44,68,26,28,28.266,59
2021,3,91,New Mexico,Mountain West,1,1,-77.522,-344.478,125,0.500,0.000,0.500,1.340,125.926,203.448,34,59,27,29,-280.089,126
2021,3,92,South Carolina,SEC,1,1,-81.349,0.800,66,0.500,0.502,-0.002,0.028,122.222,203.571,33,57,27,28,90.479,38
2021,3,93,Nevada,Mountain West,1,1,-84.632,287.242,4,0.500,0.867,-0.367,-0.926,177.273,261.905,39,55,22,21,377.848,1
2021,3,94,Florida State,ACC,0,2,-85.714,57.640,56,0.000,0.658,-0.658,-1.686,185.714,271.429,52,76,28,28,148.410,27
2021,3,95,Arizona,Pac-12,0,2,-114.245,-347.126,126,0.000,0.021,-0.021,-0.021,115.385,229.630,30,62,26,27,-239.853,119
2021,3,96,Temple,American Athletic,1,2,-117.521,-136.669,103,0.333,0.108,0.226,0.623,172.222,289.744,62,113,36,39,-87.151,97
2021,3,97,Colorado,Pac-12,0,2,-124.679,-239.878,115,0.000,0.000,-0.000,0.033,29.167,153.846,7,40,24,26,-120.648,103
2021,3,98,Bowling Green,Mid-American,0,2,-126.068,10.872,64,0.000,0.568,-0.568,-1.451,96.154,222.222,25,60,26,27,124.059,31
2021,3,99,Southern Miss,Conference USA,0,2,-128.593,-102.776,95,0.000,0.114,-0.114,-0.266,64.000,192.593,16,52,25,27,38.758,54
2021,3,100,Western Michigan,Mid-American,1,1,-128.923,192.871,19,0.500,0.855,-0.355,-0.894,223.077,352.000,58,88,26,25,319.906,2
2021,3,101,Buffalo,Mid-American,0,2,-132.806,-141.904,104,0.000,0.018,-0.018,-0.013,121.739,254.545,28,56,23,22,-34.840,82
2021,3,102,Tulsa,American Athletic,0,2,-134.615,-112.418,100,0.000,0.237,-0.237,-0.586,165.385,300.000,43,69,26,23,23.350,63
2021,3,103,New Mexico State,FBS Independents,0,3,-136.018,-415.529,129,0.000,0.001,-0.001,0.031,88.372,224.390,38,92,43,41,-271.029,124
2021,3,104,Middle Tennessee,Conference USA,0,2,-140.000,38.473,58,0.000,0.591,-0.591,-1.510,108.000,248.000,27,62,25,25,190.139,14
2021,3,105,Washington State,Pac-12,0,2,-141.667,-83.238,90,0.000,0.222,-0.222,-0.547,154.167,295.833,37,71,24,24,38.091,55
2021,3,106,Miami,ACC,1,2,-142.758,-50.917,78,0.333,0.235,0.099,0.291,141.026,283.784,55,105,39,37,86.476,41
2021,3,107,Tulane,American Athletic,0,2,-145.330,69.400,53,0.000,0.661,-0.661,-1.694,215.385,360.714,56,101,26,28,171.195,16
2021,3,108,Hawai'i,Mountain West,0,3,-145.952,-114.797,101,0.000,0.144,-0.144,-0.342,119.048,265.000,50,106,42,40,23.301,64
2021,3,109,Central Michigan,Mid-American,0,2,-146.154,-165.739,106,0.000,0.179,-0.179,-0.435,173.077,319.231,45,83,26,26,-19.722,75
2021,3,110,Florida International,Conference USA,0,2,-149.471,-172.164,108,0.000,0.128,-0.128,-0.301,135.714,285.185,38,77,28,27,-27.045,80
2021,3,111,Indiana,Big Ten,0,2,-159.524,-228.232,112,0.000,0.029,-0.029,-0.044,107.143,266.667,30,72,28,27,-67.041,89
2021,3,112,Northern Illinois,Mid-American,1,2,-163.889,143.711,32,0.333,0.837,-0.503,-1.282,208.333,372.222,75,134,36,36,246.896,9
2021,3,113,North Texas,Conference USA,0,2,-181.935,-99.953,94,0.000,0.125,-0.125,-0.293,60.000,241.935,18,75,30,31,66.046,47
2021,3,114,Georgia State,Sun Belt,1,2,-182.857,25.604,61,0.333,0.636,-0.303,-0.758,134.286,317.143,47,111,35,35,153.618,24
2021,3,115,Miami (OH),Mid-American,0,2,-196.970,-234.885,114,0.000,0.028,-0.028,-0.040,166.667,363.636,40,80,24,22,-75.095,93
2021,3,116,Arkansas State,Sun Belt,0,2,-216.518,73.890,50,0.000,0.740,-0.740,-1.900,165.625,382.143,53,107,32,28,223.974,11
2021,3,117,Old Dominion,Conference USA,0,2,-226.615,-56.097,82,0.000,0.345,-0.345,-0.868,108.000,334.615,27,87,25,26,160.066,21
2021,3,118,Kent State,Mid-American,0,2,-232.870,-333.290,124,0.000,0.002,-0.002,0.028,62.963,295.833,17,71,27,24,-112.594,102
2021,3,119,South Florida,American Athletic,0,2,-233.791,-78.111,88,0.000,0.237,-0.237,-0.585,76.923,310.714,20,87,26,28,98.153,37
2021,3,120,Massachusetts,FBS Independents,0,3,-234.375,-105.452,97,0.000,0.250,-0.250,-0.620,196.875,431.250,63,138,32,32,81.820,43
2021,3,121,Navy,American Athletic,0,2,-236.923,-268.681,121,0.000,0.000,-0.000,0.033,40.000,276.923,10,72,25,26,-84.241,96
2021,3,122,Ohio,Mid-American,0,2,-268.947,-411.777,128,0.000,0.002,-0.002,0.027,121.053,390.000,23,78,19,20,-178.146,112
2021,3,123,UL Monroe,Sun Belt,0,1,-269.231,-253.892,117,0.000,0.000,-0.000,0.033,76.923,346.154,10,45,13,13,-38.508,83
2021,3,124,Georgia Southern,Sun Belt,0,2,-276.268,-256.388,119,0.000,0.009,-0.009,0.010,69.565,345.833,16,83,23,24,-24.151,78
2021,3,125,Kansas,Big 12,0,2,-301.186,-368.458,127,0.000,0.000,-0.000,0.033,126.087,427.273,29,94,23,22,-106.791,101
2021,3,126,Ball State,Mid-American,0,2,-308.392,-87.125,92,0.000,0.134,-0.134,-0.316,96.154,404.545,25,89,26,22,184.903,15
2021,3,127,Rice,Conference USA,0,3,-315.220,-243.208,116,0.000,0.002,-0.002,0.027,63.158,378.378,24,140,38,37,-26.844,79
2021,3,128,UNLV,Mountain West,0,2,-321.364,-468.066,130,0.000,0.000,-0.000,0.033,65.000,386.364,13,85,20,22,-221.096,115
2021,3,129,UConn,FBS Independents,0,3,-347.222,-84.913,91,0.000,0.237,-0.237,-0.587,58.333,405.556,21,146,36,36,152.865,25
2021,3,130,Akron,Mid-American,0,2,-358.333,-327.877,123,0.000,0.066,-0.066,-0.139,141.667,500.000,34,105,24,21,-67.912,90
2021,4,1,Georgia,SEC,4,0,284.314,241.530,3,1.000,1.000,0.000,0.018,329.412,45.098,168,23,51,51,72.034,23
2021,4,2,Coastal Carolina,Sun Belt,3,0,275.862,22.099,64,1.000,0.555,0.445,1.715,448.276,172.414,130,50,29,29,-179.012,130
2021,4,3,Michigan,Big Ten,4,0,261.465,268.508,1,1.000,0.991,0.009,0.050,365.909,104.444,161,47,44,45,75.705,21
2021,4,4,Texas,Big 12,3,1,241.134,108.900,18,0.750,0.734,0.016,0.078,434.884,193.750,187,93,43,48,-57.993,105
2021,4,5,Alabama,SEC,3,0,238.730,134.758,12,1.000,0.762,0.238,0.925,394.286,155.556,138,56,35,36,-24.259,86
2021,4,6,Wake Forest,ACC,3,0,194.219,181.952,4,1.000,0.936,0.064,0.260,308.108,113.889,114,41,37,36,-6.410,73
2021,4,7,Cincinnati,American Athletic,2,0,193.875,149.437,7,1.000,0.816,0.184,0.719,334.615,140.741,87,38,26,27,-28.578,88
2021,4,8,Ohio State,Big Ten,3,1,193.734,107.277,22,0.750,0.773,-0.023,-0.073,376.087,182.353,173,93,46,51,-33.582,93
2021,4,9,Ole Miss,SEC,2,0,189.533,243.206,2,1.000,0.922,0.078,0.312,385.185,195.652,104,45,27,23,101.475,9
2021,4,10,Army,FBS Independents,4,0,180.488,107.557,21,1.000,0.721,0.279,1.082,380.488,200.000,156,76,41,38,-54.716,102
2021,4,11,Boston College,ACC,3,0,159.280,70.520,36,1.000,0.679,0.321,1.243,356.250,196.970,114,65,32,33,-90.389,115
2021,4,12,Auburn,SEC,2,1,158.147,19.009,65,0.667,0.552,0.114,0.453,325.714,167.568,114,62,35,37,-77.657,111
2021,4,13,Arkansas,SEC,4,0,153.276,74.702,33,1.000,0.716,0.284,1.101,264.815,111.538,143,58,54,52,-64.945,108
2021,4,14,Baylor,Big 12,3,0,148.824,-30.560,85,1.000,0.412,0.588,2.261,308.824,160.000,105,56,34,35,-146.721,128
2021,4,15,Penn State,Big Ten,3,0,145.666,107.591,20,1.000,0.786,0.214,0.835,258.824,113.158,88,43,34,38,-31.415,92
2021,4,16,Pittsburgh,ACC,2,1,137.500,63.609,42,0.667,0.687,-0.021,-0.063,350.000,212.500,133,85,38,40,-51.629,99
2021,4,17,Wyoming,Mountain West,3,0,137.368,42.071,53,1.000,0.603,0.397,1.533,340.000,202.632,119,77,35,38,-82.560,112
2021,4,18,Iowa,Big Ten,4,0,135.770,141.852,9,1.000,0.931,0.069,0.281,212.963,77.193,115,44,54,57,-0.639,66
2021,4,19,Florida,SEC,3,1,134.644,141.642,10,0.750,0.868,-0.118,-0.432,306.383,171.739,144,79,47,46,8.076,62
2021,4,20,Kentucky,SEC,3,0,125.490,79.231,31,1.000,0.781,0.219,0.851,266.667,141.176,96,48,36,34,-20.089,82
2021,4,21,Rutgers,Big Ten,2,1,122.372,146.608,8,0.667,0.925,-0.258,-0.968,227.500,105.128,91,41,40,39,83.071,15
2021,4,22,Texas A&M,SEC,3,1,120.189,17.033,66,0.750,0.573,0.177,0.691,190.000,69.811,95,37,50,53,-86.263,114
2021,4,23,Michigan State,Big Ten,3,0,118.850,83.566,29,1.000,0.688,0.312,1.205,267.568,148.718,99,58,37,39,-36.978,95
2021,4,24,Arizona State,Pac-12,2,1,118.182,46.616,50,0.667,0.615,0.052,0.215,269.697,151.515,89,50,33,33,-74.445,110
2021,4,25,Washington,Pac-12,2,1,108.958,96.856,24,0.667,0.779,-0.113,-0.413,265.714,156.757,93,58,35,37,62.744,29
2021,4,26,Boise State,Mountain West,2,2,107.273,118.481,17,0.500,0.889,-0.389,-1.467,240.000,132.727,132,73,55,55,35.340,46
2021,4,27,Liberty,FBS Independents,2,1,104.813,45.086,51,0.667,0.621,0.046,0.192,263.636,158.824,87,54,33,34,-57.621,103
2021,4,28,Oregon,Pac-12,3,0,102.347,130.668,13,1.000,0.814,0.186,0.725,289.189,186.842,107,71,37,38,21.505,51
2021,4,29,Air Force,Mountain West,2,1,98.996,26.423,62,0.667,0.575,0.092,0.368,267.568,168.571,99,59,37,35,-85.932,113
2021,4,30,South Alabama,Sun Belt,2,0,98.957,-0.978,73,1.000,0.498,0.502,1.933,212.000,113.043,53,26,25,23,-112.381,121
2021,4,31,Eastern Michigan,Mid-American,2,1,96.717,-74.674,100,0.667,0.349,0.318,1.229,327.273,230.556,108,83,33,36,-123.512,125
2021,4,32,Fresno State,Mountain West,3,1,92.273,54.226,44,0.750,0.649,0.101,0.402,267.273,175.000,147,98,55,56,-6.214,72
2021,4,33,Purdue,Big Ten,3,1,91.882,77.033,32,0.750,0.856,-0.106,-0.390,205.882,114.000,105,57,51,50,19.763,53
2021,4,34,San Diego State,Mountain West,3,0,91.073,-32.725,86,1.000,0.377,0.623,2.392,210.638,119.565,99,55,47,46,-123.264,124
2021,4,35,Marshall,Conference USA,1,2,90.244,-5.811,76,0.333,0.485,-0.152,-0.563,285.366,195.122,117,80,41,41,-58.816,106
2021,4,36,NC State,ACC,2,1,84.615,94.480,25,0.667,0.847,-0.181,-0.673,200.000,115.385,82,45,41,39,46.128,41
2021,4,37,Notre Dame,FBS Independents,4,0,81.356,128.733,14,1.000,0.777,0.223,0.869,238.983,157.627,141,93,59,59,51.953,36
2021,4,38,Iowa State,Big 12,1,2,79.768,46.818,49,0.333,0.632,-0.299,-1.123,254.054,174.286,94,61,37,35,-7.727,74
2021,4,39,Kansas State,Big 12,2,1,76.610,181.134,5,0.667,0.906,-0.239,-0.896,248.485,171.875,82,55,33,32,85.266,13
2021,4,40,Oregon State,Pac-12,2,1,75.000,68.248,38,0.667,0.657,0.009,0.053,308.333,233.333,111,84,36,36,-13.221,76
2021,4,41,Maryland,Big Ten,3,0,71.346,48.069,48,1.000,0.676,0.324,1.254,217.500,146.154,87,57,40,39,-23.360,85
2021,4,42,Virginia Tech,ACC,2,1,71.212,83.831,28,0.667,0.833,-0.166,-0.618,221.212,150.000,73,51,33,34,3.516,64
2021,4,43,BYU,FBS Independents,4,0,71.212,40.033,55,1.000,0.624,0.376,1.451,254.545,183.333,112,77,44,42,-33.894,94
2021,4,44,Houston,American Athletic,2,1,68.745,-66.106,94,0.667,0.337,0.330,1.276,265.714,196.970,93,65,35,33,-122.065,123
2021,4,45,SMU,American Athletic,3,0,68.690,40.866,54,1.000,0.601,0.399,1.537,276.190,207.500,116,83,42,40,-15.090,78
2021,4,46,North Carolina,ACC,2,2,68.627,54.347,43,0.500,0.619,-0.119,-0.439,300.000,231.373,150,118,50,51,16.639,54
2021,4,47,Louisiana,Sun Belt,2,1,65.714,-105.269,104,0.667,0.219,0.448,1.724,271.429,205.714,95,72,35,35,-126.482,126
2021,4,48,Memphis,American Athletic,2,1,58.108,64.327,41,0.667,0.628,0.039,0.165,308.108,250.000,114,110,37,44,7.865,63
2021,4,49,Texas Tech,Big 12,2,1,56.064,-24.206,82,0.667,0.446,0.221,0.859,343.243,287.179,127,112,37,39,-64.707,107
2021,4,50,LSU,SEC,2,1,55.556,52.711,45,0.667,0.610,0.057,0.235,288.889,233.333,104,84,36,36,-1.252,67
2021,4,51,Stanford,Pac-12,2,2,53.397,120.498,16,0.500,0.819,-0.319,-1.202,228.000,174.603,114,110,50,63,79.778,16
2021,4,52,UCLA,Pac-12,3,1,48.814,91.229,27,0.750,0.795,-0.045,-0.154,220.000,171.186,154,101,70,59,26.951,48
2021,4,53,UTSA,Conference USA,3,0,48.690,27.531,60,1.000,0.620,0.380,1.468,226.190,177.500,95,71,42,40,-17.561,81
2021,4,54,Oklahoma,Big 12,3,0,48.387,101.098,23,1.000,0.747,0.253,0.981,254.839,206.452,79,64,31,31,51.241,37
2021,4,55,USC,Pac-12,2,2,45.833,2.934,72,0.500,0.506,-0.006,-0.007,270.833,225.000,130,108,48,48,-21.087,84
2021,4,56,Oklahoma State,Big 12,3,0,44.737,140.648,11,1.000,0.879,0.121,0.480,210.526,165.789,80,63,38,38,95.990,11
2021,4,57,Duke,ACC,2,1,43.619,-112.176,108,0.667,0.234,0.433,1.667,255.814,212.195,110,87,43,41,-156.074,129
2021,4,58,App State,Sun Belt,2,1,41.667,15.232,67,0.667,0.540,0.126,0.498,241.667,200.000,87,74,36,37,-30.747,91
2021,4,59,Syracuse,ACC,2,1,39.394,34.403,57,0.667,0.624,0.043,0.180,181.818,142.424,60,47,33,33,-29.379,89
2021,4,60,Minnesota,Big Ten,2,2,23.611,-23.683,81,0.500,0.446,0.054,0.222,212.500,188.889,102,85,48,45,-39.155,96
2021,4,61,Northwestern,Big Ten,1,2,22.076,-85.979,101,0.333,0.185,0.148,0.583,202.564,180.488,79,74,39,41,-102.813,119
2021,4,62,Georgia Tech,ACC,1,2,18.979,80.006,30,0.333,0.810,-0.477,-1.803,194.737,175.758,74,58,38,33,69.703,25
2021,4,63,Nebraska,Big Ten,1,3,18.395,34.587,56,0.250,0.640,-0.390,-1.470,182.979,164.583,86,79,47,48,26.238,49
2021,4,64,Louisville,ACC,2,1,15.821,151.378,6,0.667,0.865,-0.198,-0.738,262.162,246.341,97,101,37,41,141.861,4
2021,4,65,Louisiana Tech,Conference USA,1,2,15.549,32.103,59,0.333,0.576,-0.243,-0.909,237.500,221.951,95,91,40,41,12.370,59
2021,4,66,Utah,Pac-12,1,2,14.595,-30.117,84,0.333,0.416,-0.083,-0.299,194.595,180.000,72,72,37,40,-43.643,98
2021,4,67,Western Kentucky,Conference USA,0,2,11.667,69.427,37,0.000,0.632,-0.632,-2.393,366.667,355.000,66,71,18,20,57.760,32
2021,4,68,Mississippi State,SEC,2,2,11.247,65.719,40,0.500,0.733,-0.233,-0.874,213.208,201.961,113,103,53,51,60.905,30
2021,4,69,Colorado State,Mountain West,1,2,9.831,74.656,34,0.333,0.761,-0.427,-1.613,132.558,122.727,57,54,43,44,64.277,28
2021,4,70,Charlotte,Conference USA,2,1,-0.849,-117.109,110,0.667,0.195,0.472,1.816,234.286,235.135,82,87,35,37,-111.476,120
2021,4,71,Missouri,SEC,1,2,-3.492,-19.624,80,0.333,0.459,-0.126,-0.464,274.286,277.778,96,100,35,36,-3.651,69
2021,4,72,West Virginia,Big 12,1,2,-8.571,67.562,39,0.333,0.691,-0.358,-1.349,182.857,191.429,64,67,35,35,77.666,19
2021,4,73,Tennessee,SEC,1,2,-9.217,10.611,69,0.333,0.524,-0.191,-0.712,220.513,229.730,86,85,39,37,45.122,43
2021,4,74,Clemson,ACC,1,2,-16.807,127.753,15,0.333,0.860,-0.526,-1.991,111.765,128.571,38,45,34,35,138.672,5
2021,4,75,Toledo,Mid-American,1,2,-18.846,7.164,71,0.333,0.529,-0.196,-0.731,146.154,165.000,57,66,39,40,13.660,57
2021,4,76,TCU,Big 12,1,1,-25.000,-7.897,77,0.500,0.482,0.018,0.085,283.333,308.333,68,74,24,24,15.122,56
2021,4,77,UCF,American Athletic,1,1,-25.543,107.915,19,0.500,0.724,-0.224,-0.839,244.828,270.370,71,73,29,27,134.929,6
2021,4,78,UTEP,Conference USA,2,1,-25.829,-72.181,98,0.667,0.269,0.397,1.532,153.659,179.487,63,70,41,39,-94.360,116
2021,4,79,UAB,Conference USA,2,1,-26.113,93.548,26,0.667,0.738,-0.072,-0.256,192.308,218.421,75,83,39,38,74.542,22
2021,4,80,East Carolina,American Athletic,1,2,-30.952,-26.888,83,0.333,0.408,-0.074,-0.267,185.714,216.667,78,91,42,42,10.814,61
2021,4,81,Troy,Sun Belt,1,2,-31.254,-99.961,103,0.333,0.175,0.158,0.620,128.205,159.459,50,59,39,37,-57.818,104
2021,4,82,Western Michigan,Mid-American,2,1,-31.781,32.346,58,0.667,0.572,0.094,0.376,207.692,239.474,81,91,39,38,65.753,27
2021,4,83,California,Pac-12,0,3,-33.866,-10.623,78,0.000,0.468,-0.468,-1.770,214.706,248.571,73,87,34,35,27.870,47
2021,4,84,Wisconsin,Big Ten,1,2,-33.949,49.156,47,0.333,0.769,-0.436,-1.647,139.024,172.973,57,64,41,37,53.883,34
2021,4,85,Utah State,Mountain West,2,1,-39.189,-35.024,87,0.667,0.418,0.249,0.966,210.811,250.000,78,95,37,38,2.222,65
2021,4,86,Florida Atlantic,Conference USA,1,2,-39.394,-57.979,90,0.333,0.320,0.013,0.066,178.788,218.182,59,72,33,33,-13.484,77
2021,4,87,Illinois,Big Ten,1,4,-48.085,-5.649,75,0.200,0.484,-0.284,-1.067,161.290,209.375,100,134,62,64,40.166,44
2021,4,88,Virginia,ACC,1,2,-49.421,13.612,68,0.333,0.532,-0.198,-0.740,264.865,314.286,98,110,37,35,76.883,20
2021,4,89,Buffalo,Mid-American,1,2,-68.243,-74.060,99,0.333,0.296,0.037,0.157,175.000,243.243,63,90,36,37,-16.873,80
2021,4,90,New Mexico,Mountain West,1,2,-69.087,-158.871,118,0.333,0.080,0.253,0.982,114.634,183.721,47,79,41,43,-99.279,118
2021,4,91,South Carolina,SEC,1,2,-70.963,23.020,63,0.333,0.571,-0.238,-0.891,116.216,187.179,43,73,37,39,97.958,10
2021,4,92,Tulsa,American Athletic,1,2,-73.233,-11.644,79,0.333,0.472,-0.139,-0.513,221.053,294.286,84,103,38,35,59.424,31
2021,4,93,Hawai'i,Mountain West,1,3,-74.168,-119.629,111,0.250,0.226,0.024,0.110,165.455,239.623,91,127,55,53,-54.517,101
2021,4,94,Bowling Green,Mid-American,1,2,-75.000,-69.885,97,0.333,0.045,0.288,1.116,100.000,175.000,39,70,39,40,-4.683,71
2021,4,95,UL Monroe,Sun Belt,1,1,-75.926,-63.662,92,0.500,0.326,0.174,0.682,150.000,225.926,39,61,26,27,-10.365,75
2021,4,96,Florida State,ACC,0,3,-76.190,74.461,35,0.000,0.719,-0.719,-2.727,178.571,254.762,75,107,42,42,154.021,1
2021,4,97,Nevada,Mountain West,1,1,-84.632,-5.350,74,0.500,0.485,0.015,0.076,177.273,261.905,39,55,22,21,85.256,14
2021,4,98,Central Michigan,Mid-American,1,2,-87.340,-160.704,119,0.333,0.067,0.266,1.031,180.952,268.293,76,110,42,41,-67.943,109
2021,4,99,San José State,Mountain West,1,2,-92.857,-134.857,115,0.333,0.000,0.333,1.288,64.286,157.143,27,66,42,42,-28.117,87
2021,4,100,Florida International,Conference USA,0,3,-100.000,-236.916,127,0.000,0.032,-0.032,-0.104,151.163,251.163,65,108,43,43,-135.586,127
2021,4,101,Middle Tennessee,Conference USA,0,3,-102.703,-111.360,107,0.000,0.269,-0.269,-1.009,178.378,281.081,66,104,37,37,-1.916,68
2021,4,102,Temple,American Athletic,1,2,-117.521,-53.699,88,0.333,0.349,-0.015,-0.042,172.222,289.744,62,113,36,39,-4.180,70
2021,4,103,Indiana,Big Ten,1,2,-120.322,7.963,70,0.333,0.525,-0.191,-0.714,165.789,286.111,63,103,38,36,120.239,8
2021,4,104,Texas State,Sun Belt,1,2,-127.686,-221.849,125,0.333,0.026,0.308,1.190,156.098,283.784,64,105,41,37,-114.050,122
2021,4,105,Tulane,American Athletic,0,3,-128.138,51.572,46,0.000,0.648,-0.648,-2.457,202.632,330.769,77,129,38,39,145.951,2
2021,4,106,Washington State,Pac-12,0,3,-132.540,-138.238,116,0.000,0.073,-0.073,-0.260,138.889,271.429,50,95,36,35,-20.736,83
2021,4,107,New Mexico State,FBS Independents,0,4,-140.939,-242.688,128,0.000,0.022,-0.022,-0.066,105.357,246.296,59,133,56,54,-95.852,117
2021,4,108,North Texas,Conference USA,0,3,-141.667,-69.476,95,0.000,0.159,-0.159,-0.590,83.333,225.000,35,99,42,44,55.506,33
2021,4,109,Arizona,Pac-12,0,3,-142.105,-96.988,102,0.000,0.239,-0.239,-0.897,128.947,271.053,49,103,38,38,45.992,42
2021,4,110,Miami,ACC,1,2,-142.758,-59.541,91,0.333,0.269,0.064,0.263,141.026,283.784,55,105,39,37,77.852,17
2021,4,111,Colorado,Pac-12,0,3,-143.879,-128.892,112,0.000,0.042,-0.042,-0.142,58.824,202.703,20,75,34,37,13.322,58
2021,4,112,Old Dominion,Conference USA,0,3,-160.321,-107.304,105,0.000,0.226,-0.226,-0.844,152.500,312.821,61,122,40,39,50.993,38
2021,4,113,Northern Illinois,Mid-American,1,2,-163.889,27.009,61,0.333,0.562,-0.229,-0.856,208.333,372.222,75,134,36,36,130.195,7
2021,4,114,Miami (OH),Mid-American,0,3,-165.062,-65.120,93,0.000,0.253,-0.253,-0.949,147.059,312.121,50,103,34,33,77.770,18
2021,4,115,Georgia State,Sun Belt,1,3,-166.511,-110.892,106,0.250,0.138,0.112,0.443,142.000,308.511,71,145,50,47,15.951,55
2021,4,116,Arkansas State,Sun Belt,0,3,-172.273,-69.654,96,0.000,0.302,-0.302,-1.136,197.727,370.000,87,148,44,40,49.846,39
2021,4,117,Vanderbilt,SEC,1,2,-177.738,43.815,52,0.333,0.627,-0.294,-1.105,117.500,295.238,47,124,40,42,145.561,3
2021,4,118,Navy,American Athletic,0,3,-192.063,-164.792,121,0.000,0.029,-0.029,-0.094,85.714,277.778,30,100,35,36,-15.165,79
2021,4,119,South Florida,American Athletic,0,3,-195.444,-55.087,89,0.000,0.364,-0.364,-1.372,134.286,329.730,47,122,35,37,92.051,12
2021,4,120,Georgia Southern,Sun Belt,0,3,-202.703,-208.516,124,0.000,0.040,-0.040,-0.136,97.297,300.000,36,111,37,37,-29.515,90
2021,4,121,Southern Miss,Conference USA,0,3,-208.553,-154.878,117,0.000,0.024,-0.024,-0.073,78.947,287.500,30,115,38,40,11.273,60
2021,4,122,Kent State,Mid-American,0,3,-209.392,-131.992,113,0.000,0.193,-0.193,-0.719,82.500,291.892,33,108,40,37,68.985,26
2021,4,123,UNLV,Mountain West,0,3,-215.196,-134.474,114,0.000,0.125,-0.125,-0.459,126.471,341.667,43,123,34,36,49.220,40
2021,4,124,Ball State,Mid-American,0,3,-238.995,-162.410,120,0.000,0.110,-0.110,-0.402,97.368,336.364,37,111,38,33,52.275,35
2021,4,125,Kansas,Big 12,0,3,-242.398,-265.133,129,0.000,0.045,-0.045,-0.153,163.158,405.556,62,146,38,36,-40.212,97
2021,4,126,Ohio,Mid-American,0,3,-251.799,-279.830,130,0.000,0.034,-0.034,-0.115,90.625,342.424,29,113,32,33,-52.282,100
2021,4,127,UConn,FBS Independents,0,4,-264.583,-112.278,109,0.000,0.162,-0.162,-0.603,89.583,354.167,43,170,48,48,70.222,24
2021,4,128,Massachusetts,FBS Independents,0,4,-304.878,-197.844,123,0.000,0.082,-0.082,-0.295,160.976,465.854,66,191,41,41,20.388,52
2021,4,129,Rice,Conference USA,0,3,-315.220,-177.198,122,0.000,0.017,-0.017,-0.050,63.158,378.378,24,140,38,37,39.166,45
2021,4,130,Akron,Mid-American,0,3,-389.075,-229.670,126,0.000,0.052,-0.052,-0.183,107.895,496.970,41,164,38,33,24.196,50
2021,5,1,Coastal Carolina,Sun Belt,4,0,332.500,92.971,23,1.000,0.724,0.276,1.353,472.500,140.000,189,56,40,40,-121.499,130
2021,5,2,Georgia,SEC,5,0,303.962,250.965,1,1.000,0.997,0.003,0.049,341.667,37.705,205,23,60,61,53.146,23
2021,5,3,Alabama,SEC,4,0,232.609,193.894,3,1.000,0.858,0.142,0.710,400.000,167.391,180,77,45,46,22.131,49
2021,5,4,Michigan,Big Ten,5,0,226.943,222.484,2,1.000,0.927,0.073,0.382,337.288,110.345,199,64,59,58,43.729,30
2021,5,5,Ohio State,Big Ten,4,1,222.306,122.708,12,0.800,0.774,0.026,0.160,387.931,165.625,225,106,58,64,-38.313,101
2021,5,6,Texas,Big 12,4,1,194.792,134.697,11,0.800,0.799,0.001,0.040,398.182,203.390,219,120,55,59,-3.060,75
2021,5,7,Iowa State,Big 12,2,2,167.564,56.488,42,0.500,0.680,-0.180,-0.822,312.245,144.681,153,68,49,47,-42.754,103
2021,5,8,Pittsburgh,ACC,3,1,162.745,139.236,9,0.750,0.808,-0.058,-0.240,362.745,200.000,185,106,51,53,-1.039,72
2021,5,9,Iowa,Big Ten,5,0,162.428,162.222,4,1.000,0.922,0.078,0.408,244.118,81.690,166,58,68,71,8.229,63
2021,5,10,Penn State,Big Ten,4,0,153.984,157.955,5,1.000,0.901,0.099,0.508,238.298,84.314,112,43,47,51,7.547,65
2021,5,11,Cincinnati,American Athletic,3,0,146.731,144.984,7,1.000,0.863,0.137,0.688,277.500,130.769,111,51,40,39,5.275,68
2021,5,12,Wake Forest,ACC,4,0,145.750,144.307,8,1.000,0.878,0.122,0.615,302.000,156.250,151,75,50,48,2.715,69
2021,5,13,Auburn,SEC,3,1,138.000,31.942,55,0.750,0.594,0.156,0.779,300.000,162.000,138,81,46,50,-58.565,111
2021,5,14,Wyoming,Mountain West,3,0,137.368,64.543,38,1.000,0.641,0.359,1.747,340.000,202.632,119,77,35,38,-60.088,112
2021,5,15,Liberty,FBS Independents,3,1,136.067,95.948,21,0.750,0.762,-0.012,-0.022,279.545,143.478,123,66,44,46,-37.900,99
2021,5,16,Arizona State,Pac-12,3,1,135.505,107.527,16,0.750,0.745,0.005,0.057,297.727,162.222,131,73,44,45,-30.806,95
2021,5,17,Michigan State,Big Ten,4,0,135.096,135.269,10,1.000,0.814,0.186,0.920,306.250,171.154,147,89,48,52,-4.614,77
2021,5,18,Air Force,Mountain West,3,1,134.671,87.227,25,0.750,0.727,0.023,0.142,291.489,156.818,137,69,47,44,-64.261,115
2021,5,19,Houston,American Athletic,3,1,127.926,34.772,53,0.750,0.608,0.142,0.713,287.500,159.574,138,75,48,47,-62.418,114
2021,5,20,Army,FBS Independents,4,1,116.528,27.844,58,0.800,0.568,0.232,1.140,324.528,208.000,172,104,53,50,-81.974,119
2021,5,21,Kentucky,SEC,4,0,114.200,112.353,15,1.000,0.848,0.152,0.758,246.809,132.609,116,61,47,46,19.492,52
2021,5,22,North Carolina,ACC,3,2,106.105,48.736,43,0.600,0.630,-0.030,-0.107,298.413,192.308,188,125,63,65,-25.276,91
2021,5,23,SMU,American Athletic,4,0,103.919,64.622,37,1.000,0.657,0.343,1.671,296.226,192.308,157,100,53,52,-35.110,97
2021,5,24,Boston College,ACC,3,1,103.499,66.160,34,0.750,0.677,0.073,0.383,282.222,178.723,127,84,45,47,-45.593,104
2021,5,25,Nebraska,Big Ten,2,3,99.065,78.914,30,0.400,0.761,-0.361,-1.686,244.828,145.763,142,86,58,59,21.326,51
2021,5,26,Texas A&M,SEC,3,2,96.562,25.709,59,0.600,0.596,0.004,0.055,195.000,98.438,117,63,60,64,-53.655,107
2021,5,27,Florida,SEC,3,2,92.417,152.074,6,0.600,0.873,-0.273,-1.268,266.102,173.684,157,99,59,57,59.919,20
2021,5,28,San Diego State,Mountain West,3,0,91.073,-15.121,80,1.000,0.430,0.570,2.750,210.638,119.565,99,55,47,46,-105.661,128
2021,5,29,Baylor,Big 12,3,1,89.926,-2.893,74,0.750,0.491,0.259,1.267,253.191,163.265,119,80,47,49,-74.080,118
2021,5,30,App State,Sun Belt,3,1,87.529,67.294,32,0.750,0.672,0.078,0.408,264.000,176.471,132,90,50,51,-17.191,85
2021,5,31,BYU,FBS Independents,5,0,77.695,61.476,41,1.000,0.689,0.311,1.516,260.714,183.019,146,97,56,53,-17.968,88
2021,5,32,NC State,ACC,3,1,76.353,65.108,36,0.750,0.737,0.013,0.097,214.815,138.462,116,72,54,52,15.382,55
2021,5,33,Boise State,Mountain West,2,3,75.637,37.865,50,0.400,0.625,-0.225,-1.040,243.284,167.647,163,114,67,68,-17.237,86
2021,5,34,Washington,Pac-12,2,2,75.467,28.298,56,0.500,0.611,-0.111,-0.493,248.936,173.469,117,85,47,49,8.964,61
2021,5,35,Ole Miss,SEC,2,1,74.201,93.204,22,0.667,0.728,-0.061,-0.256,337.838,263.636,125,87,37,33,68.717,14
2021,5,36,Fresno State,Mountain West,3,2,72.899,8.599,67,0.600,0.526,0.074,0.388,251.471,178.571,171,125,68,70,-38.104,100
2021,5,37,Virginia Tech,ACC,2,1,71.212,87.576,24,0.667,0.770,-0.103,-0.456,221.212,150.000,73,51,33,34,7.262,66
2021,5,38,USC,Pac-12,3,2,70.437,22.273,63,0.600,0.551,0.049,0.269,273.770,203.333,167,122,61,60,-30.534,94
2021,5,39,Tennessee,SEC,2,2,68.917,78.942,29,0.500,0.695,-0.195,-0.896,296.000,227.083,148,109,50,48,41.189,33
2021,5,40,Arkansas,SEC,4,1,67.700,82.071,26,0.800,0.741,0.059,0.318,223.438,155.738,143,95,64,61,32.575,38
2021,5,41,Oregon,Pac-12,3,1,67.347,106.797,17,0.750,0.771,-0.021,-0.063,267.347,200.000,131,102,49,51,34.540,37
2021,5,42,Purdue,Big Ten,3,2,66.129,45.788,45,0.600,0.721,-0.121,-0.543,190.323,124.194,118,77,62,62,9.669,60
2021,5,43,South Alabama,Sun Belt,2,1,63.463,-17.195,82,0.667,0.449,0.217,1.070,202.857,139.394,71,46,35,33,-84.798,121
2021,5,44,Oregon State,Pac-12,3,1,62.500,66.452,33,0.750,0.643,0.107,0.544,287.500,225.000,138,108,48,48,-0.899,71
2021,5,45,Eastern Michigan,Mid-American,2,2,56.867,-45.664,89,0.500,0.396,0.104,0.532,290.909,234.043,128,110,44,47,-66.384,117
2021,5,46,Notre Dame,FBS Independents,4,1,56.627,118.312,13,0.800,0.791,0.009,0.077,216.901,160.274,154,117,71,73,69.507,12
2021,5,47,Florida Atlantic,Conference USA,2,2,56.475,-3.296,75,0.500,0.490,0.010,0.082,254.348,197.872,117,93,46,47,-26.656,92
2021,5,48,Louisiana,Sun Belt,3,1,55.556,-36.099,88,0.750,0.397,0.353,1.716,255.556,200.000,115,90,45,45,-57.009,110
2021,5,49,Marshall,Conference USA,1,3,54.386,23.350,62,0.250,0.570,-0.320,-1.491,254.386,200.000,145,114,57,57,-7.029,79
2021,5,50,Toledo,Mid-American,2,2,53.704,35.921,52,0.500,0.630,-0.130,-0.585,188.889,135.185,102,73,54,54,-5.041,78
2021,5,51,Oklahoma,Big 12,4,0,52.500,100.571,19,1.000,0.725,0.275,1.344,290.000,237.500,116,95,40,40,46.511,28
2021,5,52,UTSA,Conference USA,4,0,51.979,-5.927,76,1.000,0.480,0.520,2.513,224.528,172.549,119,88,53,51,-55.655,109
2021,5,53,Stanford,Pac-12,3,2,51.492,98.782,20,0.600,0.786,-0.186,-0.852,230.159,178.667,145,134,63,75,58.513,21
2021,5,54,Texas Tech,Big 12,3,1,51.087,38.070,49,0.750,0.579,0.171,0.848,326.087,275.000,150,132,46,48,-0.639,70
2021,5,55,Oklahoma State,Big 12,4,0,49.020,62.527,40,1.000,0.719,0.281,1.376,200.000,150.980,104,77,52,51,13.099,59
2021,5,56,Memphis,American Athletic,2,2,44.940,-19.108,84,0.500,0.455,0.045,0.249,302.083,257.143,145,144,48,56,-61.076,113
2021,5,57,Kansas State,Big 12,2,2,44.657,117.901,14,0.500,0.772,-0.272,-1.261,269.048,224.390,113,92,42,41,62.666,18
2021,5,58,Minnesota,Big Ten,3,2,28.333,2.834,71,0.600,0.507,0.093,0.476,203.333,175.000,122,98,60,56,-19.241,89
2021,5,59,LSU,SEC,2,2,21.233,-0.061,72,0.500,0.500,0.000,0.036,251.020,229.787,123,108,49,47,-22.526,90
2021,5,60,East Carolina,American Athletic,2,2,18.519,44.213,46,0.500,0.620,-0.120,-0.539,240.741,222.222,130,120,54,54,24.573,47
2021,5,61,Syracuse,ACC,2,2,17.576,33.487,54,0.500,0.602,-0.102,-0.450,191.489,173.913,90,80,47,46,-4.460,76
2021,5,62,Utah,Pac-12,1,2,14.595,3.008,70,0.333,0.508,-0.175,-0.797,194.595,180.000,72,72,37,40,-10.518,83
2021,5,63,Rutgers,Big Ten,2,2,13.873,63.112,39,0.500,0.758,-0.258,-1.196,196.226,182.353,104,93,53,51,75.876,9
2021,5,64,Mississippi State,SEC,3,2,12.269,24.625,61,0.600,0.574,0.026,0.158,217.188,204.918,139,125,64,61,17.501,54
2021,5,65,Louisville,ACC,2,2,11.791,70.049,31,0.500,0.674,-0.174,-0.796,267.347,255.556,131,138,49,54,63.231,16
2021,5,66,UCLA,Pac-12,3,2,11.568,36.370,51,0.600,0.604,-0.004,0.017,215.854,204.286,177,143,82,70,22.979,48
2021,5,67,Colorado State,Mountain West,1,2,9.831,79.501,27,0.333,0.797,-0.464,-2.178,132.558,122.727,57,54,43,44,69.123,13
2021,5,68,Louisiana Tech,Conference USA,1,3,-1.293,15.859,65,0.250,0.538,-0.288,-1.340,230.189,231.481,122,125,53,54,14.521,56
2021,5,69,Clemson,ACC,2,2,-2.083,103.344,18,0.500,0.872,-0.372,-1.737,118.750,120.833,57,58,48,48,102.605,3
2021,5,70,UTEP,Conference USA,3,1,-10.714,-85.001,102,0.750,0.211,0.539,2.603,175.000,185.714,91,91,52,49,-112.772,129
2021,5,70,Western Michigan,Mid-American,3,1,-10.714,42.243,47,0.750,0.621,0.129,0.648,214.286,225.000,105,108,49,48,49.799,25
2021,5,72,West Virginia,Big 12,1,3,-13.636,47.020,44,0.250,0.666,-0.416,-1.947,190.909,204.545,84,90,44,44,62.931,17
2021,5,73,Maryland,Big Ten,3,1,-16.737,25.508,60,0.750,0.578,0.172,0.854,187.037,203.774,101,108,54,53,21.937,50
2021,5,74,Charlotte,Conference USA,2,2,-18.049,-110.052,112,0.500,0.234,0.266,1.302,223.256,241.304,96,111,43,46,-82.911,120
2021,5,75,TCU,Big 12,1,2,-23.016,22.271,64,0.333,0.554,-0.221,-1.018,271.429,294.444,95,106,35,36,44.687,29
2021,5,76,South Carolina,SEC,2,2,-23.922,65.440,35,0.500,0.703,-0.203,-0.935,146.667,170.588,66,87,45,51,78.935,7
2021,5,77,Duke,ACC,2,2,-26.218,-111.818,113,0.500,0.193,0.307,1.499,205.263,231.481,117,125,57,54,-89.934,125
2021,5,78,Virginia,ACC,2,2,-30.652,-2.005,73,0.500,0.496,0.004,0.056,250.980,281.633,128,138,51,49,41.877,31
2021,5,79,Illinois,Big Ten,2,4,-30.908,-17.531,83,0.333,0.445,-0.112,-0.498,174.648,205.556,124,148,71,72,5.371,67
2021,5,80,Nevada,Mountain West,2,1,-32.035,-11.217,79,0.667,0.471,0.196,0.969,228.571,260.606,80,86,35,33,30.170,41
2021,5,81,UCF,American Athletic,1,2,-36.689,-26.347,86,0.333,0.442,-0.108,-0.482,252.500,289.189,101,107,40,37,14.087,57
2021,5,82,Florida State,ACC,1,3,-48.279,41.758,48,0.250,0.620,-0.370,-1.729,196.364,244.643,108,137,55,56,91.539,5
2021,5,83,California,Pac-12,0,4,-49.444,-65.257,93,0.000,0.316,-0.316,-1.472,175.556,225.000,79,108,45,48,-9.639,81
2021,5,84,Georgia Tech,ACC,1,3,-52.856,28.187,57,0.250,0.585,-0.335,-1.562,186.275,239.130,95,110,51,46,74.306,10
2021,5,85,Utah State,Mountain West,2,2,-53.833,-26.149,85,0.500,0.436,0.064,0.339,204.167,258.000,98,129,48,50,27.165,45
2021,5,86,Troy,Sun Belt,1,3,-56.732,-91.790,104,0.250,0.221,0.029,0.174,125.490,182.222,64,82,51,45,-17.475,87
2021,5,87,Hawai'i,Mountain West,2,3,-57.773,-99.955,108,0.400,0.212,0.188,0.933,171.014,228.788,118,151,69,66,-49.514,105
2021,5,88,Wisconsin,Big Ten,1,3,-59.117,79.085,28,0.250,0.802,-0.552,-2.599,137.037,196.154,74,102,54,52,113.272,2
2021,5,89,Middle Tennessee,Conference USA,1,3,-60.377,-73.972,96,0.250,0.311,-0.061,-0.255,188.679,249.057,100,132,53,53,-1.263,73
2021,5,90,San José State,Mountain West,2,2,-63.462,-130.930,119,0.500,0.084,0.416,2.017,123.077,186.538,64,97,52,52,-65.875,116
2021,5,91,Bowling Green,Mid-American,1,3,-68.538,-69.542,95,0.250,0.204,0.046,0.253,118.000,186.538,59,97,50,52,-9.846,82
2021,5,92,Buffalo,Mid-American,1,3,-68.640,-31.595,87,0.250,0.405,-0.155,-0.706,173.913,242.553,80,114,46,47,28.796,43
2021,5,93,Western Kentucky,Conference USA,0,3,-70.968,-9.282,78,0.000,0.483,-0.483,-2.268,312.903,383.871,97,119,31,31,48.907,26
2021,5,94,UAB,Conference USA,2,2,-72.269,5.649,69,0.500,0.517,-0.017,-0.045,170.588,242.857,87,119,51,49,48.213,27
2021,5,95,Washington State,Pac-12,1,3,-74.667,-77.909,98,0.250,0.198,0.052,0.281,144.898,219.565,71,101,49,46,-16.531,84
2021,5,96,Northwestern,Big Ten,1,3,-78.000,-80.083,99,0.250,0.261,-0.011,-0.019,172.000,250.000,86,130,50,52,-29.073,93
2021,5,97,Missouri,SEC,1,3,-83.811,-57.013,90,0.250,0.384,-0.134,-0.605,260.870,344.681,120,162,46,47,18.603,53
2021,5,98,Georgia Southern,Sun Belt,1,3,-87.421,-126.880,117,0.250,0.157,0.093,0.477,179.245,266.667,95,144,53,54,-36.287,98
2021,5,99,Temple,American Athletic,2,2,-88.000,-75.177,97,0.500,0.305,0.195,0.963,200.000,288.000,96,144,48,50,-38.417,102
2021,5,100,Central Michigan,Mid-American,1,3,-88.155,-183.041,123,0.250,0.066,0.184,0.910,172.222,260.377,93,138,54,53,-90.554,126
2021,5,101,Miami (OH),Mid-American,1,3,-97.101,-86.096,103,0.250,0.252,-0.002,0.027,169.565,266.667,78,120,46,45,-1.845,74
2021,5,102,New Mexico,Mountain West,1,3,-106.755,-161.948,122,0.250,0.076,0.174,0.863,114.000,220.755,57,117,50,53,-50.031,106
2021,5,103,Miami,ACC,1,3,-108.102,-8.003,77,0.250,0.469,-0.219,-1.009,156.604,264.706,83,135,53,51,98.613,4
2021,5,104,Northern Illinois,Mid-American,2,2,-110.638,5.907,68,0.500,0.518,-0.018,-0.050,217.021,327.660,102,154,47,47,67.387,15
2021,5,105,Tulsa,American Athletic,1,3,-127.564,-100.475,109,0.250,0.248,0.002,0.042,180.769,308.333,94,148,52,48,8.046,64
2021,5,106,Texas State,Sun Belt,1,2,-127.686,-197.000,125,0.333,0.055,0.278,1.360,156.098,283.784,64,105,41,37,-89.201,124
2021,5,107,Vanderbilt,SEC,2,2,-128.287,9.225,66,0.500,0.525,-0.025,-0.087,148.077,276.364,77,152,52,55,76.881,8
2021,5,108,New Mexico State,FBS Independents,0,5,-129.261,-228.061,129,0.000,0.083,-0.083,-0.361,136.364,265.625,90,170,66,64,-98.591,127
2021,5,109,Navy,American Athletic,1,3,-134.374,-65.652,94,0.250,0.289,-0.039,-0.153,142.222,276.596,64,130,45,47,29.750,42
2021,5,110,Indiana,Big Ten,1,3,-135.654,-16.391,81,0.250,0.444,-0.194,-0.892,123.529,259.184,63,127,51,49,113.969,1
2021,5,111,Old Dominion,Conference USA,0,4,-136.000,-98.944,107,0.000,0.264,-0.264,-1.225,164.000,300.000,82,150,50,50,30.915,40
2021,5,112,North Texas,Conference USA,0,3,-141.667,-96.272,106,0.000,0.106,-0.106,-0.470,83.333,225.000,35,99,42,44,28.710,44
2021,5,113,Arizona,Pac-12,0,3,-142.105,-91.929,105,0.000,0.266,-0.266,-1.235,128.947,271.053,49,103,38,38,51.051,24
2021,5,114,Tulane,American Athletic,0,4,-142.902,-57.791,91,0.000,0.357,-0.357,-1.668,212.000,354.902,106,181,50,51,60.909,19
2021,5,115,Florida International,Conference USA,0,4,-145.551,-219.045,128,0.000,0.049,-0.049,-0.197,150.877,296.429,86,166,57,56,-86.317,122
2021,5,116,Ohio,Mid-American,1,3,-148.943,-218.657,127,0.250,0.060,0.190,0.940,146.512,295.455,63,130,43,44,-86.632,123
2021,5,117,Colorado,Pac-12,0,4,-150.087,-109.062,111,0.000,0.093,-0.093,-0.407,73.913,224.000,34,112,46,50,39.586,34
2021,5,118,Kent State,Mid-American,1,3,-151.282,-103.963,110,0.250,0.240,0.010,0.081,115.385,266.667,60,128,52,48,35.974,36
2021,5,119,Ball State,Mid-American,1,3,-152.222,-64.448,92,0.250,0.295,-0.045,-0.179,130.000,282.222,65,127,50,45,71.566,11
2021,5,120,Arkansas State,Sun Belt,0,4,-172.922,-187.825,124,0.000,0.134,-0.134,-0.602,196.721,369.643,120,207,61,56,-54.541,108
2021,5,121,Southern Miss,Conference USA,0,4,-174.549,-148.752,120,0.000,0.081,-0.081,-0.351,98.000,272.549,49,139,50,51,-9.176,80
2021,5,122,Georgia State,Sun Belt,1,4,-175.538,-128.322,118,0.200,0.138,0.062,0.332,135.938,311.475,87,190,64,61,13.153,58
2021,5,123,UNLV,Mountain West,0,4,-179.433,-112.008,114,0.000,0.194,-0.194,-0.888,133.333,312.766,60,147,45,47,41.672,32
2021,5,124,UL Monroe,Sun Belt,1,2,-194.168,-82.535,101,0.333,0.248,0.085,0.441,121.622,315.789,45,120,37,38,37.845,35
2021,5,125,South Florida,American Athletic,0,4,-203.413,-82.299,100,0.000,0.295,-0.295,-1.370,136.170,339.583,64,163,47,48,85.820,6
2021,5,126,UConn,FBS Independents,0,5,-216.940,-121.723,116,0.000,0.161,-0.161,-0.734,116.393,333.333,71,200,61,60,31.200,39
2021,5,127,Rice,Conference USA,1,3,-226.531,-121.614,115,0.250,0.147,0.103,0.526,97.959,324.490,48,159,49,49,25.697,46
2021,5,128,Massachusetts,FBS Independents,0,5,-288.701,-153.528,121,0.000,0.136,-0.136,-0.614,132.727,421.429,73,236,55,56,57.725,22
2021,5,129,Kansas,Big 12,0,4,-289.083,-218.337,126,0.000,0.085,-0.085,-0.371,138.000,427.083,69,205,50,48,8.687,62
2021,5,130,Akron,Mid-American,0,4,-331.633,-263.832,130,0.000,0.028,-0.028,-0.101,118.367,450.000,58,198,49,44,-34.796,96
2021,6,1,Coastal Carolina,Sun Belt,5,0,311.321,64.002,38,1.000,0.672,0.328,1.705,454.717,143.396,241,76,53,53,-150.651,130
2021,6,2,Georgia,SEC,6,0,286.739,236.100,1,1.000,0.990,0.010,0.089,331.944,45.205,239,33,72,73,37.917,31
2021,6,3,Ohio State,Big Ten,5,1,259.897,166.815,4,0.833,0.843,-0.010,-0.013,421.739,161.842,291,123,69,76,-11.939,86
2021,6,4,Cincinnati,American Athletic,4,0,193.852,149.693,8,1.000,0.891,0.109,0.594,301.852,108.000,163,54,54,50,-3.627,75
2021,6,5,Michigan,Big Ten,6,0,189.847,196.619,2,1.000,0.898,0.102,0.555,320.833,130.986,231,93,72,71,43.810,28
2021,6,6,Alabama,SEC,4,1,189.014,159.558,6,0.800,0.806,-0.006,0.010,382.456,193.443,218,118,57,61,13.481,58
2021,6,7,Iowa State,Big 12,2,2,167.564,81.505,26,0.500,0.747,-0.247,-1.218,312.245,144.681,153,68,49,47,-17.738,93
2021,6,8,Pittsburgh,ACC,3,1,162.745,118.315,14,0.750,0.769,-0.019,-0.058,362.745,200.000,185,106,51,53,-21.959,96
2021,6,9,Liberty,FBS Independents,4,1,148.860,100.349,19,0.800,0.764,0.036,0.224,282.759,133.898,164,79,58,59,-45.301,107
2021,6,10,Texas,Big 12,4,2,142.723,109.294,17,0.667,0.750,-0.084,-0.387,376.056,233.333,267,175,71,75,1.788,71
2021,6,11,Arizona State,Pac-12,4,1,140.877,143.010,10,0.800,0.823,-0.023,-0.080,289.091,148.214,159,83,55,56,-0.384,72
2021,6,12,Iowa,Big Ten,6,0,135.345,160.899,5,1.000,0.932,0.068,0.384,225.000,89.655,189,78,84,87,29.447,39
2021,6,13,Houston,American Athletic,4,1,132.787,43.277,50,0.800,0.631,0.169,0.895,291.803,159.016,178,97,61,61,-64.584,116
2021,6,14,Florida,SEC,4,2,131.174,143.847,9,0.667,0.882,-0.215,-1.055,272.603,141.429,199,99,73,70,33.717,36
2021,6,15,Michigan State,Big Ten,5,0,130.174,152.334,7,1.000,0.846,0.154,0.819,287.097,156.923,178,102,62,65,16.141,56
2021,6,16,Air Force,Mountain West,4,1,126.677,110.414,16,0.800,0.799,0.001,0.045,277.586,150.909,161,83,58,55,-28.958,100
2021,6,17,Kentucky,SEC,5,0,125.985,99.138,20,1.000,0.803,0.197,1.041,272.414,146.429,158,82,58,56,-9.515,85
2021,6,18,Army,FBS Independents,4,1,116.528,44.225,49,0.800,0.609,0.191,1.007,324.528,208.000,172,104,53,50,-65.593,117
2021,6,19,Wake Forest,ACC,5,0,113.201,132.388,11,1.000,0.824,0.176,0.930,293.846,180.645,191,112,65,62,18.638,47
2021,6,20,Baylor,Big 12,4,1,112.043,60.283,41,0.800,0.665,0.135,0.724,273.333,161.290,164,100,60,62,-35.128,104
2021,6,21,Penn State,Big Ten,4,1,111.016,178.093,3,0.800,0.935,-0.135,-0.649,209.524,98.507,132,66,63,67,61.517,12
2021,6,22,San Diego State,Mountain West,4,0,106.218,12.222,62,1.000,0.550,0.450,2.326,213.115,106.897,130,62,61,58,-96.456,125
2021,6,23,Boston College,ACC,3,1,103.499,75.913,28,0.750,0.697,0.053,0.308,282.222,178.723,127,84,45,47,-35.841,105
2021,6,24,Tennessee,SEC,3,2,91.349,84.899,25,0.600,0.703,-0.103,-0.486,306.349,215.000,193,129,63,60,18.799,46
2021,6,25,SMU,American Athletic,5,0,88.023,48.865,46,1.000,0.624,0.376,1.949,284.848,196.825,188,124,66,63,-34.977,103
2021,6,26,App State,Sun Belt,3,1,87.529,65.410,34,0.750,0.662,0.088,0.484,264.000,176.471,132,90,50,51,-19.075,94
2021,6,27,Wyoming,Mountain West,3,1,83.008,62.120,39,0.750,0.656,0.094,0.518,289.130,206.122,133,101,46,49,-8.626,83
2021,6,28,North Carolina,ACC,3,3,79.617,37.571,52,0.500,0.593,-0.093,-0.433,295.833,216.216,213,160,72,74,-5.587,78
2021,6,29,Texas A&M,SEC,4,2,77.772,41.538,51,0.667,0.651,0.016,0.120,210.667,132.895,158,101,75,76,-17.377,92
2021,6,30,Nebraska,Big Ten,2,4,76.956,89.095,24,0.333,0.782,-0.449,-2.241,240.845,163.889,171,118,71,72,44.952,26
2021,6,31,NC State,ACC,3,1,76.353,57.238,45,0.750,0.709,0.041,0.248,214.815,138.462,116,72,54,52,7.513,64
2021,6,32,Washington,Pac-12,2,2,75.467,18.889,58,0.500,0.575,-0.075,-0.344,248.936,173.469,117,85,47,49,-0.445,73
2021,6,33,Fresno State,Mountain West,3,2,72.899,9.487,63,0.600,0.529,0.071,0.401,251.471,178.571,171,125,68,70,-37.216,106
2021,6,34,Boise State,Mountain West,3,3,72.178,71.530,31,0.500,0.712,-0.212,-1.039,242.308,170.130,189,131,78,77,17.699,50
2021,6,35,Auburn,SEC,3,2,69.689,59.244,43,0.600,0.671,-0.071,-0.322,255.172,185.484,148,115,58,62,26.839,40
2021,6,36,Oregon,Pac-12,3,1,67.347,111.076,15,0.750,0.774,-0.024,-0.085,267.347,200.000,131,102,49,51,38.819,30
2021,6,37,Purdue,Big Ten,3,2,66.129,27.741,54,0.600,0.642,-0.042,-0.172,190.323,124.194,118,77,62,62,-8.378,82
2021,6,38,Ole Miss,SEC,3,1,61.224,80.856,27,0.750,0.670,0.080,0.443,361.224,300.000,177,138,49,46,52.235,19
2021,6,39,Marshall,Conference USA,2,3,61.218,13.064,61,0.400,0.541,-0.141,-0.677,242.647,181.429,165,127,68,70,-27.603,99
2021,6,40,BYU,FBS Independents,5,1,58.582,74.558,29,0.833,0.713,0.121,0.652,250.769,192.188,163,123,65,64,16.267,55
2021,6,41,Louisiana,Sun Belt,3,1,55.556,-57.486,94,0.750,0.338,0.412,2.129,255.556,200.000,115,90,45,45,-78.395,122
2021,6,42,Notre Dame,FBS Independents,5,1,51.661,119.518,13,0.833,0.783,0.050,0.295,221.429,169.767,186,146,84,86,75.001,8
2021,6,43,Arkansas,SEC,4,2,50.578,65.250,35,0.667,0.675,-0.009,-0.005,251.948,201.370,194,147,77,73,30.841,37
2021,6,44,Oklahoma,Big 12,5,0,50.000,98.724,21,1.000,0.720,0.280,1.460,305.357,255.357,171,143,56,56,46.726,24
2021,6,45,UTSA,Conference USA,5,0,49.716,-1.820,72,1.000,0.494,0.506,2.606,259.091,209.375,171,134,66,64,-50.833,109
2021,6,46,Oklahoma State,Big 12,4,0,49.020,98.653,22,1.000,0.821,0.179,0.949,200.000,150.980,104,77,52,51,49.225,22
2021,6,47,Virginia Tech,ACC,2,2,45.143,70.775,33,0.500,0.721,-0.221,-1.082,221.739,176.596,102,83,46,47,16.309,54
2021,6,48,Eastern Michigan,Mid-American,3,2,45.006,-31.077,85,0.600,0.417,0.183,0.966,251.786,206.780,141,122,56,59,-49.319,108
2021,6,49,Kansas State,Big 12,2,2,44.657,120.928,12,0.500,0.771,-0.271,-1.339,269.048,224.390,113,92,42,41,65.692,11
2021,6,50,Utah,Pac-12,2,2,44.192,60.085,42,0.500,0.659,-0.159,-0.771,232.653,188.462,114,98,49,52,16.607,53
2021,6,51,South Alabama,Sun Belt,2,2,42.194,-86.834,102,0.500,0.276,0.224,1.175,221.739,179.545,102,79,46,44,-132.991,129
2021,6,52,Oregon State,Pac-12,3,2,39.655,24.676,55,0.600,0.552,0.048,0.285,279.310,239.655,162,139,58,58,-15.205,89
2021,6,53,Toledo,Mid-American,2,3,38.695,31.185,53,0.400,0.624,-0.224,-1.098,184.848,146.154,122,95,66,65,5.082,67
2021,6,54,USC,Pac-12,3,3,36.606,4.730,67,0.500,0.511,-0.011,-0.018,264.384,227.778,193,164,73,72,-17.053,91
2021,6,55,Colorado State,Mountain West,2,2,35.292,46.195,48,0.500,0.651,-0.151,-0.730,158.929,123.636,89,68,56,55,8.691,63
2021,6,56,TCU,Big 12,2,2,34.149,61.095,40,0.500,0.640,-0.140,-0.671,319.565,285.417,147,137,46,48,24.309,42
2021,6,57,UCLA,Pac-12,4,2,33.052,47.335,47,0.667,0.630,0.036,0.224,229.348,196.296,211,159,92,81,3.751,69
2021,6,58,Nevada,Mountain West,3,1,31.188,-8.155,75,0.750,0.478,0.272,1.422,254.717,223.529,135,114,53,51,-14.615,87
2021,6,59,Minnesota,Big Ten,3,2,28.333,-1.589,71,0.600,0.496,0.104,0.568,203.333,175.000,122,98,60,56,-23.664,98
2021,6,60,Stanford,Pac-12,3,3,21.087,73.548,30,0.500,0.725,-0.225,-1.102,209.459,188.372,155,162,74,86,67.264,10
2021,6,61,Memphis,American Athletic,2,3,20.476,-31.381,86,0.400,0.424,-0.024,-0.085,276.190,255.714,174,179,63,70,-53.621,112
2021,6,62,UTEP,Conference USA,4,1,15.071,-68.167,96,0.800,0.276,0.524,2.699,182.812,167.742,117,104,64,62,-113.717,128
2021,6,63,Charlotte,Conference USA,3,2,12.835,-99.159,107,0.600,0.278,0.322,1.673,261.111,248.276,141,144,54,58,-104.264,126
2021,6,64,Mississippi State,SEC,3,2,12.269,20.023,56,0.600,0.560,0.040,0.243,217.188,204.918,139,125,64,61,12.899,59
2021,6,65,Florida Atlantic,Conference USA,2,3,11.864,-30.801,84,0.400,0.412,-0.012,-0.022,222.034,210.169,131,124,59,59,-19.360,95
2021,6,66,Syracuse,ACC,2,3,11.475,65.060,36,0.400,0.685,-0.285,-1.408,208.197,196.721,127,120,61,61,35.179,33
2021,6,67,East Carolina,American Athletic,2,3,9.091,13.729,60,0.400,0.542,-0.142,-0.682,221.212,212.121,146,140,66,66,4.684,68
2021,6,68,Louisville,ACC,2,3,3.601,58.056,44,0.400,0.657,-0.257,-1.268,260.317,256.716,164,172,63,67,57.767,17
2021,6,69,Texas Tech,Big 12,3,2,0.205,-16.993,81,0.600,0.464,0.136,0.728,312.069,311.864,181,184,58,59,-5.082,77
2021,6,70,Louisiana Tech,Conference USA,1,3,-1.293,3.758,69,0.250,0.509,-0.259,-1.278,230.189,231.481,122,125,53,54,2.420,70
2021,6,71,Clemson,ACC,2,2,-2.083,93.263,23,0.500,0.846,-0.346,-1.719,118.750,120.833,57,58,48,48,92.523,4
2021,6,72,Rutgers,Big Ten,2,3,-13.497,71.404,32,0.400,0.778,-0.378,-1.879,177.273,190.769,117,124,66,65,105.900,2
2021,6,73,Wisconsin,Big Ten,2,3,-14.088,105.693,18,0.400,0.858,-0.458,-2.285,153.125,167.213,98,102,64,61,85.043,5
2021,6,74,LSU,SEC,2,3,-14.553,-6.660,73,0.400,0.484,-0.084,-0.388,244.068,258.621,144,150,59,58,9.732,62
2021,6,75,Virginia,ACC,3,2,-18.304,5.912,65,0.600,0.514,0.086,0.477,253.125,271.429,162,171,64,63,35.853,32
2021,6,76,UCF,American Athletic,2,2,-18.328,4.761,66,0.500,0.512,-0.012,-0.022,232.692,251.020,121,123,52,49,26.754,41
2021,6,77,Duke,ACC,2,3,-23.270,-83.692,101,0.400,0.251,0.149,0.796,202.817,226.087,144,156,71,69,-63.422,115
2021,6,78,Florida State,ACC,2,3,-25.793,64.917,37,0.400,0.672,-0.272,-1.341,223.438,249.231,143,162,64,65,82.519,6
2021,6,79,UAB,Conference USA,3,2,-27.215,19.132,57,0.600,0.560,0.040,0.242,187.302,214.516,118,133,63,62,23.055,43
2021,6,80,Georgia Tech,ACC,2,3,-37.424,0.842,70,0.400,0.503,-0.103,-0.482,190.909,228.333,126,137,66,60,34.976,35
2021,6,81,Missouri,SEC,2,3,-38.205,-43.363,90,0.400,0.414,-0.014,-0.034,284.746,322.951,168,197,59,61,-6.716,80
2021,6,82,Troy,Sun Belt,2,3,-38.788,-129.843,113,0.400,0.128,0.272,1.418,137.879,176.667,91,106,66,60,-74.391,121
2021,6,83,California,Pac-12,0,4,-49.444,-43.931,91,0.000,0.374,-0.374,-1.859,175.556,225.000,79,108,45,48,11.686,60
2021,6,84,Washington State,Pac-12,2,3,-50.333,-25.082,83,0.400,0.403,-0.003,0.024,172.881,223.214,102,125,59,56,10.020,61
2021,6,85,Western Michigan,Mid-American,3,2,-53.387,-31.642,87,0.600,0.409,0.191,1.009,201.613,255.000,125,153,62,60,18.633,48
2021,6,86,Utah State,Mountain West,2,2,-53.833,4.542,68,0.500,0.511,-0.011,-0.018,204.167,258.000,98,129,48,50,57.855,16
2021,6,87,West Virginia,Big 12,1,4,-54.386,-11.758,79,0.200,0.461,-0.261,-1.285,182.456,236.842,104,135,57,57,39.432,29
2021,6,88,Illinois,Big Ten,2,5,-54.756,-37.940,89,0.286,0.380,-0.094,-0.441,155.000,209.756,124,172,80,82,15.976,57
2021,6,89,South Carolina,SEC,2,3,-55.373,14.111,59,0.400,0.544,-0.144,-0.690,150.877,206.250,86,132,57,64,60.804,14
2021,6,90,Hawai'i,Mountain West,2,3,-57.773,-102.304,110,0.400,0.204,0.196,1.034,171.014,228.788,118,151,69,66,-51.862,110
2021,6,91,Western Kentucky,Conference USA,0,4,-63.636,-9.113,76,0.000,0.484,-0.484,-2.419,325.000,388.636,143,171,44,44,46.068,25
2021,6,92,Central Michigan,Mid-American,2,3,-68.582,-177.082,123,0.400,0.085,0.315,1.639,189.231,257.812,123,165,65,64,-108.547,127
2021,6,93,Buffalo,Mid-American,1,4,-70.000,-80.161,100,0.200,0.299,-0.099,-0.462,200.000,270.000,118,162,59,60,-16.464,90
2021,6,94,Georgia Southern,Sun Belt,1,4,-72.826,-142.879,118,0.200,0.127,0.073,0.411,175.000,247.826,119,171,68,69,-66.405,118
2021,6,95,San José State,Mountain West,2,3,-74.652,-133.822,114,0.400,0.109,0.291,1.516,123.810,198.462,78,129,63,65,-58.001,114
2021,6,96,Ball State,Mid-American,2,3,-76.029,-7.784,74,0.400,0.478,-0.078,-0.356,177.419,253.448,110,147,62,58,56.796,18
2021,6,97,Northwestern,Big Ten,1,3,-78.000,-59.866,95,0.250,0.319,-0.069,-0.312,172.000,250.000,86,130,50,52,-8.856,84
2021,6,98,Miami (OH),Mid-American,1,4,-78.161,-72.233,97,0.200,0.268,-0.068,-0.308,155.172,233.333,90,133,58,57,-3.166,74
2021,6,99,Northern Illinois,Mid-American,3,2,-81.122,9.420,64,0.600,0.525,0.075,0.419,213.793,294.915,124,174,58,59,51.938,20
2021,6,100,Bowling Green,Mid-American,1,4,-83.395,-138.914,115,0.200,0.071,0.129,0.696,129.508,212.903,79,132,61,62,-57.521,113
2021,6,101,Tulsa,American Athletic,2,3,-85.498,-55.839,93,0.400,0.347,0.053,0.309,195.455,280.952,129,177,66,63,19.644,44
2021,6,102,Middle Tennessee,Conference USA,1,4,-86.997,-80.096,99,0.200,0.286,-0.086,-0.397,171.212,258.209,113,173,66,67,16.642,52
2021,6,103,Maryland,Big Ten,3,2,-93.087,-15.628,80,0.600,0.453,0.147,0.784,178.788,271.875,118,174,66,64,35.000,34
2021,6,104,Texas State,Sun Belt,2,2,-96.795,-147.540,121,0.500,0.149,0.351,1.820,186.538,283.333,97,136,52,48,-71.236,119
2021,6,105,Georgia State,Sun Belt,2,4,-104.626,-92.278,104,0.333,0.227,0.107,0.580,184.416,289.041,142,211,77,73,-8.037,81
2021,6,106,Kent State,Mid-American,2,3,-105.977,-103.018,111,0.400,0.257,0.143,0.766,166.154,272.131,108,166,65,61,-6.453,79
2021,6,107,Miami,ACC,1,3,-108.102,-10.813,78,0.250,0.459,-0.209,-1.024,156.604,264.706,83,135,53,51,95.803,3
2021,6,108,Navy,American Athletic,1,4,-111.190,-36.301,88,0.200,0.389,-0.189,-0.923,157.143,268.333,88,161,56,60,44.076,27
2021,6,109,New Mexico,Mountain West,1,4,-117.670,-144.348,119,0.200,0.116,0.084,0.466,103.226,220.896,64,148,62,67,-22.196,97
2021,6,110,Ohio,Mid-American,1,4,-124.242,-193.162,127,0.200,0.092,0.108,0.589,166.667,290.909,90,160,54,55,-82.087,123
2021,6,111,Old Dominion,Conference USA,0,5,-127.895,-100.756,108,0.000,0.232,-0.232,-1.138,150.794,278.689,95,170,63,61,19.495,45
2021,6,112,North Texas,Conference USA,0,4,-132.895,-116.446,112,0.000,0.116,-0.116,-0.552,125.000,257.895,70,147,56,57,7.098,66
2021,6,113,New Mexico State,FBS Independents,0,6,-133.914,-206.987,129,0.000,0.092,-0.092,-0.429,140.476,274.390,118,225,84,82,-74.096,120
2021,6,114,Indiana,Big Ten,1,3,-135.654,-10.467,77,0.250,0.466,-0.216,-1.059,123.529,259.184,63,127,51,49,119.893,1
2021,6,115,Temple,American Athletic,2,3,-138.453,-51.325,92,0.400,0.352,0.048,0.282,167.797,306.250,99,196,59,64,16.914,51
2021,6,116,Florida International,Conference USA,0,5,-142.462,-227.315,130,0.000,0.052,-0.052,-0.224,172.464,314.925,119,211,69,67,-94.315,124
2021,6,117,Tulane,American Athletic,0,5,-145.312,-73.926,98,0.000,0.320,-0.320,-1.586,200.000,345.312,128,221,64,64,51.144,21
2021,6,118,Colorado,Pac-12,0,4,-150.087,-101.726,109,0.000,0.123,-0.123,-0.585,73.913,224.000,34,112,46,50,46.922,23
2021,6,119,Arizona,Pac-12,0,4,-152.764,-94.573,105,0.000,0.256,-0.256,-1.261,132.653,285.417,65,137,49,48,61.298,13
2021,6,120,Vanderbilt,SEC,2,3,-162.698,-23.498,82,0.400,0.427,-0.027,-0.097,118.462,281.159,77,194,65,69,70.627,9
2021,6,121,Southern Miss,Conference USA,0,5,-163.492,-188.023,126,0.000,0.044,-0.044,-0.186,98.413,261.905,62,165,63,63,-53.030,111
2021,6,122,UNLV,Mountain West,0,4,-179.433,-95.634,106,0.000,0.233,-0.233,-1.143,133.333,312.766,60,147,45,47,58.045,15
2021,6,123,Arkansas State,Sun Belt,0,5,-186.173,-179.145,124,0.000,0.149,-0.149,-0.720,189.189,375.362,140,259,74,69,-29.442,101
2021,6,124,UConn,FBS Independents,0,6,-193.243,-146.556,120,0.000,0.125,-0.125,-0.595,113.514,306.757,84,227,74,74,-3.644,76
2021,6,125,South Florida,American Athletic,0,4,-203.413,-86.992,103,0.000,0.289,-0.289,-1.431,136.170,339.583,64,163,47,48,81.127,7
2021,6,126,UL Monroe,Sun Belt,1,3,-208.443,-155.511,122,0.250,0.140,0.110,0.597,134.694,343.137,66,175,49,51,-14.746,88
2021,6,127,Massachusetts,FBS Independents,1,5,-215.942,-141.937,117,0.167,0.161,0.006,0.069,144.928,360.870,100,249,69,69,18.630,49
2021,6,128,Rice,Conference USA,1,3,-226.531,-139.861,116,0.250,0.107,0.143,0.765,97.959,324.490,48,159,49,49,7.450,65
2021,6,129,Akron,Mid-American,1,4,-238.737,-181.060,125,0.200,0.126,0.074,0.413,157.627,396.364,93,218,59,55,-31.468,102
2021,6,130,Kansas,Big 12,0,4,-289.083,-196.499,128,0.000,0.116,-0.116,-0.548,138.000,427.083,69,205,50,48,30.525,38
2021,7,1,Coastal Carolina,Sun Belt,5,0,311.321,66.184,32,1.000,0.674,0.326,1.761,454.717,143.396,241,76,53,53,-148.469,130
2021,7,2,Georgia,SEC,7,0,268.675,235.181,1,1.000,0.983,0.017,0.129,324.096,55.422,269,46,83,83,44.920,19
2021,7,3,Ohio State,Big Ten,5,1,259.897,163.655,5,0.833,0.839,-0.006,0.007,421.739,161.842,291,123,69,76,-15.100,87
2021,7,4,Alabama,SEC,5,1,216.258,177.391,4,0.833,0.845,-0.012,-0.025,392.647,176.389,267,127,68,72,13.236,60
2021,7,5,Cincinnati,American Athletic,5,0,200.204,158.056,6,1.000,0.898,0.102,0.577,317.391,117.188,219,75,69,64,0.066,75
2021,7,6,Michigan,Big Ten,6,0,189.847,189.080,2,1.000,0.899,0.101,0.570,320.833,130.986,231,93,72,71,36.271,30
2021,7,7,Pittsburgh,ACC,4,1,164.156,134.143,8,0.800,0.810,-0.010,-0.015,332.812,168.657,213,113,64,67,-11.154,82
2021,7,8,Iowa State,Big 12,3,2,163.547,111.461,15,0.600,0.809,-0.209,-1.065,320.690,157.143,186,88,58,56,3.178,70
2021,7,9,Houston,American Athletic,4,1,132.787,25.997,52,0.800,0.579,0.221,1.204,291.803,159.016,178,97,61,61,-81.865,123
2021,7,10,Liberty,FBS Independents,4,2,119.738,57.270,37,0.667,0.657,0.010,0.088,270.423,150.685,192,110,71,73,-63.097,117
2021,7,11,Air Force,Mountain West,5,1,118.213,98.098,21,0.833,0.758,0.075,0.435,272.059,153.846,185,100,68,65,-29.712,101
2021,7,12,Michigan State,Big Ten,6,0,115.899,137.592,7,1.000,0.839,0.161,0.887,264.000,148.101,198,117,75,79,16.315,57
2021,7,13,Wake Forest,ACC,5,0,113.201,128.421,9,1.000,0.806,0.194,1.062,293.846,180.645,191,112,65,62,14.671,58
2021,7,14,Penn State,Big Ten,4,1,111.016,180.919,3,0.800,0.943,-0.143,-0.719,209.524,98.507,132,66,63,67,64.343,9
2021,7,15,UTSA,Conference USA,6,0,108.725,23.787,55,1.000,0.574,0.426,2.285,280.519,171.795,216,134,77,78,-59.481,116
2021,7,16,Baylor,Big 12,5,1,108.333,79.246,30,0.833,0.706,0.127,0.707,280.556,172.222,202,124,72,72,-13.041,85
2021,7,17,Texas,Big 12,4,3,105.788,100.835,20,0.571,0.733,-0.162,-0.817,338.372,232.584,291,207,86,89,18.483,54
2021,7,18,NC State,ACC,4,1,103.834,87.951,26,0.800,0.785,0.015,0.115,229.231,125.397,149,79,65,63,0.898,74
2021,7,19,Iowa,Big Ten,6,1,101.161,126.779,10,0.857,0.865,-0.008,-0.006,206.316,105.155,196,102,95,97,39.301,26
2021,7,20,Florida,SEC,4,3,98.698,119.358,13,0.571,0.814,-0.242,-1.242,277.011,178.313,241,148,87,83,35.950,32
2021,7,21,San Diego State,Mountain West,5,0,97.185,1.152,68,1.000,0.505,0.495,2.653,201.351,104.167,149,75,74,72,-96.450,126
2021,7,22,Arizona State,Pac-12,4,2,93.939,119.723,11,0.667,0.786,-0.119,-0.591,272.727,178.788,180,118,66,66,26.744,45
2021,7,23,Louisiana,Sun Belt,4,1,91.299,17.171,62,0.800,0.549,0.251,1.362,278.571,187.273,156,103,56,55,-48.102,111
2021,7,24,Texas A&M,SEC,5,2,91.157,56.214,38,0.714,0.706,0.009,0.082,221.839,130.682,193,115,87,88,-19.285,90
2021,7,25,Army,FBS Independents,4,2,88.571,51.774,43,0.667,0.631,0.035,0.223,295.238,206.667,186,124,63,60,-29.741,102
2021,7,26,SMU,American Athletic,5,0,88.023,17.370,61,1.000,0.545,0.455,2.441,284.848,196.825,188,124,66,63,-66.472,119
2021,7,27,Marshall,Conference USA,3,3,84.785,-10.687,77,0.500,0.469,0.031,0.198,260.976,176.190,214,148,82,84,-77.909,122
2021,7,28,Kentucky,SEC,5,1,84.306,104.389,19,0.833,0.803,0.030,0.197,251.471,167.164,171,112,68,67,37.633,27
2021,7,29,Purdue,Big Ten,4,2,82.154,89.371,23,0.667,0.858,-0.191,-0.973,197.222,115.068,142,84,72,73,29.878,40
2021,7,30,Fresno State,Mountain West,4,2,81.496,38.465,48,0.667,0.630,0.037,0.230,232.099,150.602,188,125,81,83,-22.250,95
2021,7,31,South Alabama,Sun Belt,3,2,80.480,-34.932,89,0.600,0.404,0.196,1.071,246.552,166.071,143,93,58,56,-116.857,129
2021,7,32,Oklahoma,Big 12,6,0,79.370,113.163,14,1.000,0.752,0.248,1.344,327.941,248.571,223,174,68,70,34.514,35
2021,7,33,Auburn,SEC,4,2,79.228,88.777,24,0.667,0.746,-0.079,-0.380,265.714,186.486,186,138,70,74,40.939,24
2021,7,34,Tennessee,SEC,3,3,68.980,75.158,31,0.500,0.692,-0.192,-0.975,288.158,219.178,219,160,76,73,26.485,46
2021,7,35,Oregon,Pac-12,4,1,67.630,88.491,25,0.800,0.724,0.076,0.438,262.712,195.082,155,119,59,61,16.685,56
2021,7,36,Colorado State,Mountain West,3,2,67.361,34.877,49,0.600,0.617,-0.017,-0.051,176.056,108.696,125,75,71,69,-31.793,104
2021,7,37,North Carolina,ACC,4,3,64.368,20.951,58,0.571,0.548,0.024,0.162,296.552,232.184,258,202,87,87,-12.746,84
2021,7,38,Utah,Pac-12,3,2,63.653,111.352,16,0.600,0.781,-0.181,-0.917,252.542,188.889,149,119,59,63,44.751,20
2021,7,39,Nebraska,Big Ten,2,5,59.617,81.138,29,0.286,0.755,-0.470,-2.443,233.735,174.118,194,148,83,85,48.887,17
2021,7,40,Ole Miss,SEC,4,1,57.518,85.732,27,0.800,0.692,0.108,0.607,335.484,277.966,208,164,62,59,55.142,12
2021,7,41,Boise State,Mountain West,3,4,55.930,63.418,33,0.429,0.686,-0.257,-1.320,234.091,178.161,206,155,88,87,27.277,43
2021,7,42,Washington,Pac-12,2,3,55.705,21.982,57,0.400,0.577,-0.177,-0.897,243.636,187.931,134,109,55,58,17.348,55
2021,7,43,Oklahoma State,Big 12,5,0,53.030,107.137,17,1.000,0.853,0.147,0.815,206.061,153.030,136,101,66,66,53.881,13
2021,7,44,Notre Dame,FBS Independents,5,1,51.661,119.475,12,0.833,0.780,0.054,0.321,221.429,169.767,186,146,84,86,74.958,7
2021,7,45,Virginia,ACC,4,2,47.727,22.224,56,0.667,0.559,0.108,0.607,272.727,225.000,210,171,77,76,11.278,62
2021,7,46,Memphis,American Athletic,3,3,45.278,-2.503,70,0.500,0.494,0.006,0.068,290.278,245.000,209,196,72,80,-57.518,115
2021,7,47,Nevada,Mountain West,4,1,43.389,-8.796,74,0.800,0.475,0.325,1.754,244.928,201.538,169,131,69,65,-32.178,105
2021,7,48,Oregon State,Pac-12,3,2,39.655,53.518,41,0.600,0.615,-0.015,-0.041,279.310,239.655,162,139,58,58,13.637,59
2021,7,49,Texas Tech,Big 12,4,2,39.514,-12.237,81,0.667,0.473,0.193,1.059,326.471,286.957,222,198,68,69,-47.311,110
2021,7,50,Boston College,ACC,3,2,37.562,20.751,59,0.600,0.555,0.045,0.274,239.286,201.724,134,117,56,58,-21.379,92
2021,7,51,BYU,FBS Independents,5,2,37.491,60.090,34,0.714,0.664,0.050,0.300,249.333,211.842,187,161,75,76,21.079,50
2021,7,52,USC,Pac-12,3,3,36.606,34.311,50,0.500,0.582,-0.082,-0.394,264.384,227.778,193,164,73,72,12.528,61
2021,7,53,Wyoming,Mountain West,3,2,35.101,25.443,53,0.600,0.580,0.020,0.145,225.424,190.323,133,118,59,62,-5.000,79
2021,7,54,UCLA,Pac-12,5,2,34.920,52.027,42,0.714,0.637,0.077,0.446,232.673,197.753,235,176,101,89,6.931,64
2021,7,55,UTEP,Conference USA,5,1,31.692,-46.964,94,0.833,0.326,0.508,2.718,174.359,142.667,136,107,78,75,-103.695,127
2021,7,56,App State,Sun Belt,3,2,30.376,-2.590,71,0.600,0.493,0.107,0.601,241.667,211.290,145,131,60,62,-21.632,94
2021,7,57,Minnesota,Big Ten,4,2,30.278,44.449,45,0.667,0.616,0.050,0.302,208.219,177.941,152,121,73,68,19.536,52
2021,7,58,Eastern Michigan,Mid-American,3,3,28.722,-39.849,92,0.500,0.398,0.102,0.575,260.606,231.884,172,160,66,69,-43.384,109
2021,7,59,UAB,Conference USA,4,2,28.489,14.970,63,0.667,0.550,0.117,0.653,208.219,179.730,152,133,73,74,-28.428,99
2021,7,60,Toledo,Mid-American,2,4,28.085,-6.987,72,0.333,0.471,-0.138,-0.691,181.250,153.165,145,121,80,79,-25.168,96
2021,7,61,Arkansas,SEC,4,3,26.173,46.802,44,0.571,0.624,-0.053,-0.242,243.820,217.647,217,185,89,85,35.166,33
2021,7,62,Stanford,Pac-12,3,4,18.299,57.304,36,0.429,0.669,-0.240,-1.231,216.279,197.980,186,196,86,99,52.375,15
2021,7,63,Charlotte,Conference USA,3,2,12.835,-101.266,107,0.600,0.276,0.324,1.745,261.111,248.276,141,144,54,58,-106.371,128
2021,7,64,Florida Atlantic,Conference USA,2,3,11.864,-38.998,91,0.400,0.386,0.014,0.109,222.034,210.169,131,124,59,59,-27.558,98
2021,7,65,Kansas State,Big 12,2,3,10.784,91.353,22,0.400,0.704,-0.304,-1.567,260.784,250.000,133,125,51,50,76.054,6
2021,7,66,East Carolina,American Athletic,2,3,9.091,-12.156,80,0.400,0.463,-0.063,-0.293,221.212,212.121,146,140,66,66,-21.202,91
2021,7,67,Syracuse,ACC,2,4,5.479,55.732,40,0.333,0.661,-0.328,-1.695,193.151,187.671,141,137,73,73,34.998,34
2021,7,68,Louisville,ACC,2,3,3.601,55.890,39,0.400,0.646,-0.246,-1.260,260.317,256.716,164,172,63,67,55.601,11
2021,7,69,Clemson,ACC,3,2,3.333,83.601,28,0.600,0.833,-0.233,-1.194,123.333,120.000,74,72,60,60,78.009,3
2021,7,70,LSU,SEC,3,3,1.389,41.446,47,0.500,0.594,-0.094,-0.462,268.056,266.667,193,192,72,72,42.285,22
2021,7,71,Western Michigan,Mid-American,4,2,0.036,-10.981,78,0.667,0.470,0.197,1.078,248.684,248.649,189,184,76,74,-2.418,77
2021,7,72,Virginia Tech,ACC,2,3,-3.333,44.345,46,0.400,0.662,-0.262,-1.349,181.667,185.000,109,111,60,60,33.848,36
2021,7,73,Wisconsin,Big Ten,3,3,-3.921,106.475,18,0.500,0.863,-0.363,-1.881,159.459,163.380,118,116,74,71,79.266,2
2021,7,74,Western Kentucky,Conference USA,1,4,-14.398,7.038,66,0.200,0.513,-0.313,-1.615,320.690,335.088,186,191,58,57,20.524,51
2021,7,75,TCU,Big 12,2,3,-18.333,24.564,54,0.400,0.556,-0.156,-0.785,296.667,315.000,178,189,60,60,37.516,28
2021,7,76,Louisiana Tech,Conference USA,1,4,-22.371,-37.265,90,0.200,0.397,-0.197,-1.002,189.394,211.765,125,144,66,68,-15.808,88
2021,7,77,Florida State,ACC,2,3,-25.793,58.492,35,0.400,0.662,-0.262,-1.349,223.438,249.231,143,162,64,65,76.094,5
2021,7,78,Rutgers,Big Ten,2,4,-26.582,32.664,51,0.333,0.637,-0.304,-1.567,156.962,183.544,124,145,79,79,77.436,4
2021,7,79,Troy,Sun Belt,3,3,-27.670,-126.528,114,0.500,0.149,0.351,1.891,158.442,186.111,122,134,77,72,-88.398,125
2021,7,80,Utah State,Mountain West,3,2,-32.857,-1.761,69,0.600,0.495,0.105,0.590,210.000,242.857,126,153,60,63,31.147,39
2021,7,81,Georgia Tech,ACC,2,3,-37.424,-9.570,76,0.400,0.470,-0.070,-0.334,190.909,228.333,126,137,66,60,24.563,48
2021,7,82,Washington State,Pac-12,3,3,-40.523,8.478,64,0.500,0.528,-0.028,-0.113,188.889,229.412,136,156,72,68,37.196,29
2021,7,83,Northwestern,Big Ten,2,3,-43.582,-21.836,84,0.400,0.432,-0.032,-0.131,167.188,210.769,107,137,64,65,-0.258,76
2021,7,84,South Carolina,SEC,3,3,-44.168,3.660,67,0.500,0.512,-0.012,-0.025,150.704,194.872,107,152,71,78,41.381,23
2021,7,85,Mississippi State,SEC,3,3,-44.333,17.385,60,0.500,0.554,-0.054,-0.250,197.333,241.667,148,174,75,72,53.872,14
2021,7,86,Miami (OH),Mid-American,2,4,-46.760,-51.124,95,0.333,0.334,-0.001,0.034,179.710,226.471,124,154,69,68,-13.265,86
2021,7,87,Central Michigan,Mid-American,3,3,-52.418,-128.224,115,0.500,0.167,0.333,1.796,188.608,241.026,149,188,79,78,-74.683,121
2021,7,88,Northern Illinois,Mid-American,4,2,-52.705,-13.652,82,0.667,0.467,0.200,1.093,228.986,281.690,158,200,69,71,6.376,66
2021,7,89,California,Pac-12,0,5,-53.041,-31.550,88,0.000,0.402,-0.402,-2.083,174.545,227.586,96,132,55,58,26.944,44
2021,7,90,West Virginia,Big 12,1,4,-54.386,-11.279,79,0.200,0.464,-0.264,-1.356,182.456,236.842,104,135,57,57,39.911,25
2021,7,91,Illinois,Big Ten,2,5,-54.756,-25.806,86,0.286,0.419,-0.134,-0.668,155.000,209.756,124,172,80,82,28.110,42
2021,7,92,Ball State,Mid-American,3,3,-56.209,-8.764,73,0.500,0.477,0.023,0.156,205.556,261.765,148,178,72,68,33.386,37
2021,7,93,Buffalo,Mid-American,2,4,-58.427,-94.433,106,0.333,0.268,0.065,0.382,210.145,268.571,145,188,69,70,-43.019,108
2021,7,94,Colorado,Pac-12,1,4,-61.347,-45.959,93,0.200,0.301,-0.101,-0.495,119.298,180.645,68,112,57,62,22.050,49
2021,7,95,Missouri,SEC,2,4,-61.470,-64.122,97,0.333,0.368,-0.034,-0.145,256.338,317.808,182,232,71,73,-4.416,78
2021,7,96,Hawai'i,Mountain West,2,4,-62.959,-85.957,103,0.333,0.241,0.092,0.522,162.651,225.610,135,185,83,82,-28.744,100
2021,7,97,UCF,American Athletic,2,3,-64.536,-16.864,83,0.400,0.458,-0.058,-0.268,215.152,279.688,142,179,66,64,36.063,31
2021,7,98,San José State,Mountain West,2,4,-71.562,-109.525,109,0.333,0.156,0.178,0.975,118.182,189.744,91,148,77,78,-37.459,107
2021,7,99,Duke,ACC,2,4,-77.352,-102.227,108,0.333,0.179,0.154,0.850,171.429,248.780,144,204,84,82,-49.438,112
2021,7,100,Tulsa,American Athletic,3,3,-79.831,-65.449,98,0.500,0.324,0.176,0.966,201.250,281.081,161,208,80,74,6.328,67
2021,7,101,Miami,ACC,1,4,-83.333,-9.564,75,0.200,0.470,-0.270,-1.387,189.394,272.727,125,180,66,66,71.114,8
2021,7,102,Bowling Green,Mid-American,1,5,-83.562,-119.862,112,0.167,0.123,0.044,0.268,143.836,227.397,105,166,73,73,-36.630,106
2021,7,103,Middle Tennessee,Conference USA,1,4,-86.997,-94.048,105,0.200,0.253,-0.053,-0.245,171.212,258.209,113,173,66,67,2.690,71
2021,7,104,Texas State,Sun Belt,2,3,-87.738,-138.523,116,0.400,0.175,0.225,1.227,195.312,283.051,125,167,64,59,-67.783,120
2021,7,105,Maryland,Big Ten,3,2,-93.087,-24.960,85,0.600,0.423,0.177,0.970,178.788,271.875,118,174,66,64,25.667,47
2021,7,106,Georgia Southern,Sun Belt,1,5,-95.478,-153.365,121,0.167,0.113,0.054,0.320,166.250,261.728,133,212,80,81,-52.137,113
2021,7,107,Georgia State,Sun Belt,2,4,-104.626,-92.922,104,0.333,0.224,0.109,0.614,184.416,289.041,142,211,77,73,-8.680,80
2021,7,108,Ohio,Mid-American,1,5,-106.442,-150.460,120,0.167,0.150,0.017,0.125,181.250,287.692,116,187,64,65,-56.231,114
2021,7,109,Indiana,Big Ten,1,4,-117.097,8.448,65,0.200,0.529,-0.329,-1.702,120.000,237.097,78,147,65,62,122.077,1
2021,7,110,Navy,American Athletic,1,5,-124.967,-84.894,102,0.167,0.254,-0.087,-0.423,159.091,284.058,105,196,66,69,18.569,53
2021,7,111,Kent State,Mid-American,2,4,-130.717,-125.012,113,0.333,0.221,0.112,0.627,175.949,306.667,139,230,79,75,-11.207,83
2021,7,112,New Mexico,Mountain West,1,5,-130.969,-141.478,118,0.167,0.117,0.050,0.301,93.421,224.390,71,184,76,82,-9.129,81
2021,7,113,Old Dominion,Conference USA,0,6,-132.684,-118.984,111,0.000,0.168,-0.168,-0.849,151.316,284.000,115,213,76,75,6.774,65
2021,7,114,New Mexico State,FBS Independents,0,6,-133.914,-198.153,128,0.000,0.105,-0.105,-0.519,140.476,274.390,118,225,84,82,-65.261,118
2021,7,115,Vanderbilt,SEC,2,4,-136.251,-27.756,87,0.333,0.406,-0.073,-0.348,122.785,259.036,97,215,79,83,51.872,16
2021,7,116,Temple,American Athletic,2,3,-138.453,-59.604,96,0.400,0.326,0.074,0.428,167.797,306.250,99,196,59,64,8.635,63
2021,7,117,Florida International,Conference USA,0,5,-142.462,-216.850,130,0.000,0.059,-0.059,-0.277,172.464,314.925,119,211,69,67,-83.850,124
2021,7,118,Tulane,American Athletic,0,5,-145.312,-79.529,100,0.000,0.312,-0.312,-1.611,200.000,345.312,128,221,64,64,45.541,18
2021,7,119,North Texas,Conference USA,0,5,-146.056,-154.782,123,0.000,0.093,-0.093,-0.455,130.000,276.056,91,196,70,71,-15.947,89
2021,7,120,South Florida,American Athletic,0,5,-150.723,-79.982,101,0.000,0.298,-0.298,-1.535,163.793,314.516,95,195,58,62,43.864,21
2021,7,121,UNLV,Mountain West,0,5,-151.783,-74.352,99,0.000,0.287,-0.287,-1.478,144.828,296.610,84,175,58,59,58.335,10
2021,7,122,UL Monroe,Sun Belt,2,3,-163.219,-109.725,110,0.400,0.214,0.186,1.019,153.968,317.188,97,203,63,64,1.679,72
2021,7,123,Arizona,Pac-12,0,5,-183.273,-144.446,119,0.000,0.147,-0.147,-0.740,106.557,289.831,65,171,61,59,31.160,38
2021,7,124,Arkansas State,Sun Belt,0,5,-186.173,-176.334,126,0.000,0.145,-0.145,-0.729,189.189,375.362,140,259,74,69,-26.630,97
2021,7,125,Southern Miss,Conference USA,0,6,-189.936,-189.708,127,0.000,0.047,-0.047,-0.213,82.667,272.603,62,199,75,73,-30.546,103
2021,7,126,UConn,FBS Independents,0,6,-193.243,-139.149,117,0.000,0.153,-0.153,-0.772,113.514,306.757,84,227,74,74,3.763,69
2021,7,127,Massachusetts,FBS Independents,1,5,-215.942,-154.719,122,0.167,0.136,0.030,0.197,144.928,360.870,100,249,69,69,5.849,68
2021,7,128,Akron,Mid-American,1,5,-218.961,-165.793,124,0.167,0.150,0.016,0.123,162.857,381.818,114,252,70,66,-21.436,93
2021,7,129,Rice,Conference USA,1,4,-263.810,-167.215,125,0.200,0.057,0.143,0.790,76.190,340.000,48,204,63,60,1.543,73
2021,7,130,Kansas,Big 12,0,5,-285.805,-207.134,129,0.000,0.094,-0.094,-0.460,138.333,424.138,83,246,60,58,28.485,41
2021,8,1,Ohio State,Big Ten,6,1,287.284,171.780,4,0.857,0.852,0.005,0.057,436.709,149.425,345,130,79,87,-22.347,90
2021,8,2,Georgia,SEC,7,0,268.675,214.817,1,1.000,0.974,0.026,0.174,324.096,55.422,269,46,83,83,24.556,48
2021,8,3,Coastal Carolina,Sun Belt,5,1,259.772,68.927,35,0.833,0.677,0.156,0.913,425.397,165.625,268,106,63,64,-109.496,129
2021,8,4,Alabama,SEC,6,1,213.443,202.590,2,0.857,0.879,-0.022,-0.094,389.024,175.581,319,151,82,86,33.315,38
2021,8,5,Michigan,Big Ten,7,0,195.238,181.652,3,1.000,0.897,0.103,0.612,314.286,119.048,264,100,84,84,19.080,56
2021,8,6,Cincinnati,American Athletic,6,0,180.833,124.587,10,1.000,0.829,0.171,0.999,307.500,126.667,246,95,80,75,-17.677,86
2021,8,7,Pittsburgh,ACC,5,1,157.658,130.312,7,0.833,0.801,0.033,0.213,324.324,166.667,240,130,74,78,-10.011,78
2021,8,8,Iowa State,Big 12,4,2,139.706,112.580,13,0.667,0.801,-0.134,-0.733,300.000,160.294,210,109,70,68,18.178,58
2021,8,9,UTSA,Conference USA,7,0,126.592,55.195,40,1.000,0.657,0.343,1.970,293.258,166.667,261,150,89,90,-49.512,111
2021,8,10,SMU,American Athletic,6,0,116.733,53.843,42,1.000,0.634,0.366,2.105,311.538,194.805,243,150,78,77,-60.073,117
2021,8,11,Wake Forest,ACC,6,0,116.394,154.036,5,1.000,0.808,0.192,1.115,343.421,227.027,261,168,76,74,30.961,40
2021,8,12,Michigan State,Big Ten,6,0,115.899,128.425,9,1.000,0.817,0.183,1.067,264.000,148.101,198,117,75,79,7.148,65
2021,8,13,Liberty,FBS Independents,5,2,115.354,45.974,47,0.714,0.624,0.090,0.538,273.494,158.140,227,136,83,86,-70.294,121
2021,8,14,Houston,American Athletic,5,1,110.806,40.369,50,0.833,0.627,0.207,1.201,267.949,157.143,209,121,78,77,-54.907,115
2021,8,15,Texas A&M,SEC,6,2,109.277,82.441,25,0.750,0.769,-0.019,-0.081,237.000,127.723,237,129,100,101,-10.544,80
2021,8,16,Baylor,Big 12,5,1,108.333,86.492,24,0.833,0.723,0.110,0.651,280.556,172.222,202,124,72,72,-5.795,77
2021,8,17,Texas,Big 12,4,3,105.788,103.157,17,0.571,0.739,-0.168,-0.921,338.372,232.584,291,207,86,89,20.806,54
2021,8,18,Iowa,Big Ten,6,1,101.161,109.856,14,0.857,0.834,0.023,0.161,206.316,105.155,196,102,95,97,22.378,51
2021,8,19,Florida,SEC,4,3,98.698,121.422,11,0.571,0.809,-0.238,-1.318,277.011,178.313,241,148,87,83,38.014,27
2021,8,20,Air Force,Mountain West,5,2,95.128,88.535,23,0.714,0.729,-0.015,-0.058,255.128,160.000,199,120,78,75,-12.446,82
2021,8,21,Arizona State,Pac-12,4,2,93.939,108.912,15,0.667,0.769,-0.102,-0.549,272.727,178.788,180,118,66,66,15.932,59
2021,8,22,San Diego State,Mountain West,6,0,92.654,40.141,51,1.000,0.655,0.345,1.986,201.190,108.537,169,89,84,82,-51.194,112
2021,8,23,Penn State,Big Ten,4,2,91.196,132.989,6,0.667,0.878,-0.211,-1.168,197.368,106.173,150,86,76,81,36.574,28
2021,8,24,Oklahoma,Big 12,7,0,90.107,94.335,21,1.000,0.706,0.294,1.696,339.474,249.367,258,197,76,79,0.930,70
2021,8,25,NC State,ACC,4,2,86.630,79.952,29,0.667,0.748,-0.081,-0.433,229.487,142.857,179,110,78,77,5.851,67
2021,8,26,Marshall,Conference USA,3,3,84.785,7.193,66,0.500,0.521,-0.021,-0.089,260.976,176.190,214,148,82,84,-60.029,116
2021,8,27,Kentucky,SEC,5,1,84.306,97.936,19,0.833,0.786,0.047,0.298,251.471,167.164,171,112,68,67,31.180,39
2021,8,28,Auburn,SEC,4,2,79.228,71.714,33,0.667,0.694,-0.028,-0.129,265.714,186.486,186,138,70,74,23.876,49
2021,8,29,Louisiana,Sun Belt,5,1,77.657,-14.448,78,0.833,0.458,0.375,2.155,274.627,196.970,184,130,67,66,-70.357,122
2021,8,30,Fresno State,Mountain West,5,2,74.315,23.811,57,0.714,0.578,0.136,0.798,236.170,161.856,222,157,94,97,-32.939,99
2021,8,31,Ole Miss,SEC,5,1,68.826,100.759,18,0.833,0.729,0.105,0.621,327.397,258.571,239,181,73,70,54.056,11
2021,8,32,Eastern Michigan,Mid-American,4,3,67.645,-28.781,82,0.571,0.432,0.139,0.816,294.805,227.160,227,184,77,81,-70.772,123
2021,8,33,Oregon,Pac-12,5,1,64.521,97.547,20,0.833,0.738,0.095,0.566,270.000,205.479,189,150,70,73,29.250,43
2021,8,34,North Carolina,ACC,4,3,64.368,29.556,54,0.571,0.568,0.003,0.047,296.552,232.184,258,202,87,87,-4.141,76
2021,8,35,Notre Dame,FBS Independents,6,1,62.807,128.903,8,0.857,0.805,0.052,0.323,233.333,170.526,217,162,93,95,66.936,7
2021,8,36,Nebraska,Big Ten,2,5,59.617,80.553,28,0.286,0.749,-0.463,-2.595,233.735,174.118,194,148,83,85,48.302,15
2021,8,37,Washington,Pac-12,3,3,56.277,20.505,59,0.500,0.572,-0.072,-0.381,234.848,178.571,155,125,66,70,7.048,66
2021,8,38,Virginia,ACC,5,2,56.103,49.277,45,0.714,0.619,0.095,0.566,293.182,237.079,258,211,88,89,21.512,53
2021,8,39,Boise State,Mountain West,3,4,55.930,70.064,34,0.429,0.701,-0.272,-1.515,234.091,178.161,206,155,88,87,33.923,37
2021,8,40,Colorado State,Mountain West,3,3,55.694,32.717,53,0.500,0.609,-0.109,-0.589,177.381,121.687,149,101,84,83,-22.659,91
2021,8,41,Florida State,ACC,3,3,55.048,76.672,31,0.500,0.719,-0.219,-1.215,269.333,214.286,202,165,75,77,48.537,14
2021,8,42,Florida Atlantic,Conference USA,3,3,51.429,-12.765,76,0.500,0.460,0.040,0.253,241.429,190.000,169,133,70,70,-45.655,108
2021,8,43,Purdue,Big Ten,4,3,51.318,76.149,32,0.571,0.791,-0.219,-1.214,182.353,131.034,155,114,85,87,41.481,25
2021,8,44,South Alabama,Sun Belt,3,3,50.868,-71.369,101,0.500,0.315,0.185,1.076,245.070,194.203,174,134,71,69,-126.820,130
2021,8,45,Army,FBS Independents,4,3,49.427,29.424,55,0.571,0.564,0.008,0.072,322.667,273.239,242,194,75,71,-16.204,84
2021,8,46,Oregon State,Pac-12,4,2,49.275,79.378,30,0.667,0.663,0.004,0.050,300.000,250.725,204,173,68,69,27.659,44
2021,8,47,Minnesota,Big Ten,5,2,46.174,45.900,48,0.714,0.619,0.095,0.566,224.096,177.922,186,137,83,77,1.372,69
2021,8,48,Toledo,Mid-American,3,4,45.115,4.840,68,0.429,0.519,-0.091,-0.484,194.565,149.451,179,136,92,91,-33.363,100
2021,8,49,Oklahoma State,Big 12,5,1,41.026,107.200,16,0.833,0.837,-0.004,0.007,201.282,160.256,157,125,78,78,66.986,6
2021,8,50,Utah,Pac-12,3,3,40.881,92.794,22,0.500,0.729,-0.229,-1.270,261.429,220.548,183,161,70,73,55.778,10
2021,8,51,BYU,FBS Independents,6,2,35.854,63.569,36,0.750,0.669,0.081,0.486,247.619,211.765,208,180,84,85,26.656,45
2021,8,52,UTEP,Conference USA,5,1,31.692,-36.491,88,0.833,0.364,0.469,2.686,174.359,142.667,136,107,78,75,-93.222,127
2021,8,53,Nevada,Mountain West,4,2,30.630,1.680,70,0.667,0.505,0.162,0.947,242.169,211.538,201,165,83,78,-12.311,81
2021,8,54,Texas Tech,Big 12,4,3,29.487,6.626,67,0.571,0.515,0.057,0.351,315.385,285.897,246,223,78,78,-18.041,87
2021,8,55,App State,Sun Belt,4,2,27.034,12.757,63,0.667,0.533,0.134,0.786,246.479,219.444,175,158,71,72,-3.566,75
2021,8,56,Tennessee,SEC,3,4,26.322,56.194,39,0.429,0.649,-0.220,-1.219,270.000,243.678,243,212,90,87,43.046,23
2021,8,57,Arkansas,SEC,4,3,26.173,54.058,41,0.571,0.643,-0.072,-0.379,243.820,217.647,217,185,89,85,42.422,24
2021,8,58,UCLA,Pac-12,5,3,25.398,51.478,43,0.625,0.631,-0.006,-0.008,235.398,210.000,266,210,113,100,18.364,57
2021,8,59,Memphis,American Athletic,3,4,20.075,-5.224,74,0.429,0.486,-0.058,-0.298,254.118,234.043,216,220,85,94,-35.582,101
2021,8,60,Stanford,Pac-12,3,4,18.299,49.513,44,0.429,0.644,-0.215,-1.192,216.279,197.980,186,196,86,99,44.584,21
2021,8,61,Louisville,ACC,3,3,16.851,81.050,26,0.500,0.716,-0.216,-1.198,249.351,232.500,192,186,77,80,65.425,8
2021,8,62,UAB,Conference USA,4,3,15.294,-15.795,79,0.571,0.451,0.120,0.711,207.059,191.765,176,163,85,85,-42.603,106
2021,8,63,Kansas State,Big 12,3,3,15.000,81.034,27,0.500,0.694,-0.194,-1.073,263.333,248.333,158,149,60,60,61.989,9
2021,8,64,Wisconsin,Big Ten,4,3,14.610,113.696,12,0.571,0.867,-0.296,-1.649,168.182,153.571,148,129,88,84,74.047,4
2021,8,65,USC,Pac-12,3,4,14.137,25.610,56,0.429,0.562,-0.134,-0.730,254.878,240.741,209,195,82,81,30.748,41
2021,8,66,Boston College,ACC,3,3,13.104,1.272,71,0.500,0.504,-0.004,0.008,214.493,201.389,148,145,69,72,-18.451,88
2021,8,67,Syracuse,ACC,3,4,12.955,62.298,37,0.429,0.669,-0.240,-1.331,214.118,201.163,182,173,85,86,35.277,32
2021,8,68,Wyoming,Mountain West,3,3,10.952,-35.893,87,0.500,0.383,0.117,0.693,194.286,183.333,136,132,70,72,-42.474,105
2021,8,69,Mississippi State,SEC,4,3,10.133,45.546,49,0.571,0.634,-0.063,-0.328,224.419,214.286,193,180,86,84,39.808,26
2021,8,70,Western Kentucky,Conference USA,2,4,5.408,-13.037,77,0.333,0.475,-0.141,-0.772,318.841,313.433,220,210,69,67,-21.648,89
2021,8,71,East Carolina,American Athletic,2,4,1.293,-8.159,75,0.333,0.475,-0.142,-0.774,207.317,206.024,170,171,82,83,-10.305,79
2021,8,72,Buffalo,Mid-American,3,4,-6.896,-80.840,102,0.429,0.292,0.137,0.802,234.568,241.463,190,198,81,82,-70.104,120
2021,8,73,California,Pac-12,1,5,-10.804,0.625,72,0.167,0.502,-0.335,-1.872,184.848,195.652,122,135,66,69,14.522,60
2021,8,74,Virginia Tech,ACC,2,4,-12.481,47.000,46,0.333,0.647,-0.313,-1.746,198.630,211.111,145,152,73,72,49.043,13
2021,8,75,Clemson,ACC,3,3,-13.260,62.160,38,0.500,0.754,-0.254,-1.411,128.169,141.429,91,99,71,70,76.743,3
2021,8,76,LSU,SEC,3,4,-15.663,34.489,52,0.429,0.585,-0.156,-0.856,253.012,268.675,210,223,83,83,53.390,12
2021,8,77,Western Michigan,Mid-American,4,3,-21.670,-32.603,84,0.571,0.414,0.157,0.918,231.818,253.488,204,218,88,86,-2.645,73
2021,8,78,Rutgers,Big Ten,2,4,-26.582,23.075,58,0.333,0.598,-0.265,-1.474,156.962,183.544,124,145,79,79,67.848,5
2021,8,79,Utah State,Mountain West,4,2,-27.489,2.440,69,0.667,0.507,0.160,0.935,205.405,232.895,152,177,74,76,29.679,42
2021,8,80,Troy,Sun Belt,3,3,-27.670,-132.385,117,0.500,0.136,0.364,2.091,158.442,186.111,122,134,77,72,-94.256,128
2021,8,81,TCU,Big 12,2,4,-28.471,18.236,60,0.333,0.542,-0.209,-1.154,278.571,307.042,195,218,70,71,44.636,19
2021,8,82,West Virginia,Big 12,2,4,-31.277,9.227,65,0.333,0.532,-0.198,-1.095,195.588,226.866,133,152,68,67,36.280,30
2021,8,83,Charlotte,Conference USA,3,3,-32.999,-115.866,113,0.500,0.250,0.250,1.444,230.769,263.768,150,182,65,69,-77.696,126
2021,8,84,UCF,American Athletic,3,3,-34.058,10.531,64,0.500,0.529,-0.029,-0.138,207.500,241.558,166,186,80,77,35.039,33
2021,8,85,Middle Tennessee,Conference USA,2,4,-34.161,-66.037,97,0.333,0.318,0.016,0.118,201.282,235.443,157,186,78,79,-24.311,93
2021,8,86,Miami (OH),Mid-American,3,4,-34.231,-52.383,95,0.429,0.320,0.109,0.645,185.000,219.231,148,171,80,78,-26.815,95
2021,8,87,Hawai'i,Mountain West,3,4,-35.845,-66.158,98,0.429,0.304,0.125,0.734,194.681,230.526,183,219,94,95,-42.094,104
2021,8,88,Washington State,Pac-12,3,4,-38.512,17.057,61,0.429,0.556,-0.127,-0.692,191.358,229.870,155,177,81,77,44.847,18
2021,8,89,Northern Illinois,Mid-American,5,2,-43.994,-42.310,90,0.714,0.400,0.314,1.810,246.250,290.244,197,238,80,82,-26.442,94
2021,8,90,Illinois,Big Ten,3,5,-46.809,-2.004,73,0.375,0.493,-0.118,-0.642,153.191,200.000,144,190,94,95,44.623,20
2021,8,91,Central Michigan,Mid-American,3,4,-47.278,-115.125,112,0.429,0.216,0.213,1.234,207.778,255.056,187,227,90,89,-67.934,119
2021,8,92,Georgia Tech,ACC,2,4,-50.437,-28.195,80,0.333,0.422,-0.089,-0.475,210.127,260.563,166,185,79,71,21.695,52
2021,8,93,San José State,Mountain West,3,4,-51.555,-84.517,103,0.429,0.228,0.201,1.168,137.209,188.764,118,168,86,89,-39.629,102
2021,8,94,Ball State,Mid-American,3,4,-54.477,-40.499,89,0.429,0.393,0.036,0.230,201.220,255.696,165,202,82,79,2.513,68
2021,8,95,Louisiana Tech,Conference USA,1,5,-55.481,-46.046,92,0.167,0.374,-0.208,-1.148,180.769,236.250,141,189,78,80,10.724,62
2021,8,96,Missouri,SEC,2,4,-61.470,-61.537,96,0.333,0.373,-0.039,-0.194,256.338,317.808,182,232,71,73,-1.831,72
2021,8,97,Miami,ACC,2,4,-70.823,14.971,62,0.333,0.545,-0.212,-1.173,195.000,265.823,156,210,80,79,83.759,2
2021,8,98,South Carolina,SEC,3,4,-71.337,-28.631,81,0.429,0.414,0.014,0.109,144.048,215.385,121,196,84,91,34.471,34
2021,8,99,Northwestern,Big Ten,2,4,-72.727,-29.357,83,0.333,0.406,-0.073,-0.386,148.052,220.779,114,170,77,77,25.483,47
2021,8,100,Duke,ACC,2,4,-77.352,-98.828,107,0.333,0.182,0.152,0.887,171.429,248.780,144,204,84,82,-46.039,109
2021,8,101,Georgia State,Sun Belt,3,4,-79.227,-89.880,104,0.429,0.221,0.208,1.207,191.011,270.238,170,227,89,84,-30.227,98
2021,8,102,Tulsa,American Athletic,3,3,-79.831,-51.412,93,0.500,0.364,0.136,0.800,201.250,281.081,161,208,80,74,20.365,55
2021,8,103,Colorado,Pac-12,1,5,-84.629,-67.893,99,0.167,0.228,-0.062,-0.321,104.412,189.041,71,138,68,73,23.630,50
2021,8,104,Texas State,Sun Belt,2,4,-86.648,-145.694,119,0.333,0.162,0.172,1.002,188.000,274.648,141,195,75,71,-72.097,124
2021,8,105,Georgia Southern,Sun Belt,1,5,-95.478,-155.570,121,0.167,0.114,0.052,0.325,166.250,261.728,133,212,80,81,-54.341,114
2021,8,106,Ohio,Mid-American,1,6,-98.855,-161.979,122,0.143,0.134,0.009,0.081,188.158,287.013,143,221,76,77,-72.878,125
2021,8,107,New Mexico,Mountain West,2,5,-102.238,-99.023,108,0.286,0.184,0.102,0.605,98.837,201.075,85,187,86,93,-1.685,71
2021,8,108,Maryland,Big Ten,3,3,-102.414,-35.010,86,0.500,0.400,0.100,0.596,178.667,281.081,134,208,75,74,34.216,36
2021,8,109,Kent State,Mid-American,3,4,-105.292,-129.460,116,0.429,0.208,0.220,1.276,190.110,295.402,173,257,91,87,-40.247,103
2021,8,110,South Florida,American Athletic,1,5,-106.034,-42.799,91,0.167,0.389,-0.222,-1.230,192.537,298.571,129,209,67,70,26.610,46
2021,8,111,Bowling Green,Mid-American,1,6,-111.331,-163.594,123,0.143,0.082,0.061,0.372,151.765,263.095,129,221,85,84,-53.291,113
2021,8,112,Navy,American Athletic,1,6,-116.412,-52.083,94,0.143,0.352,-0.209,-1.156,162.338,278.750,125,223,77,80,45.690,16
2021,8,113,UL Monroe,Sun Belt,3,3,-122.317,-93.482,105,0.500,0.259,0.241,1.392,181.579,303.896,138,234,76,77,-13.466,83
2021,8,114,Old Dominion,Conference USA,0,6,-132.684,-112.953,111,0.000,0.180,-0.180,-0.992,151.316,284.000,115,213,76,75,12.806,61
2021,8,115,New Mexico State,FBS Independents,0,7,-136.847,-183.243,126,0.000,0.140,-0.140,-0.763,156.701,293.548,152,273,97,93,-44.361,107
2021,8,116,North Texas,Conference USA,0,6,-137.349,-133.702,118,0.000,0.138,-0.138,-0.752,140.964,278.313,117,231,83,83,-2.728,74
2021,8,117,Florida International,Conference USA,0,6,-139.419,-196.659,129,0.000,0.069,-0.069,-0.361,174.684,314.103,138,245,79,78,-65.977,118
2021,8,118,UNLV,Mountain West,0,6,-146.334,-93.866,106,0.000,0.251,-0.251,-1.396,150.725,297.059,104,202,69,68,36.403,29
2021,8,119,Temple,American Athletic,2,4,-146.412,-107.712,110,0.333,0.228,0.105,0.623,168.657,315.068,113,230,67,73,-17.050,85
2021,8,120,Arkansas State,Sun Belt,0,6,-162.279,-149.138,120,0.000,0.189,-0.189,-1.042,196.471,358.750,167,287,85,80,-22.870,92
2021,8,121,Arizona,Pac-12,0,6,-163.327,-121.710,115,0.000,0.185,-0.185,-1.019,110.959,274.286,81,192,73,70,34.224,35
2021,8,122,Vanderbilt,SEC,2,5,-163.409,-69.548,100,0.286,0.278,0.008,0.074,113.187,276.596,103,260,91,94,35.718,31
2021,8,123,Tulane,American Athletic,0,6,-165.722,-104.047,109,0.000,0.267,-0.267,-1.482,197.436,363.158,154,276,78,76,44.225,22
2021,8,124,Indiana,Big Ten,1,5,-167.325,-33.318,85,0.167,0.387,-0.221,-1.222,111.842,279.167,85,201,76,72,109.100,1
2021,8,125,Southern Miss,Conference USA,0,6,-189.936,-188.131,128,0.000,0.046,-0.046,-0.232,82.667,272.603,62,199,75,73,-28.970,96
2021,8,126,UConn,FBS Independents,0,7,-202.326,-185.360,127,0.000,0.084,-0.084,-0.448,112.791,315.116,97,271,86,86,-29.531,97
2021,8,127,Rice,Conference USA,2,4,-211.261,-120.368,114,0.333,0.152,0.181,1.055,105.405,316.667,78,228,74,72,8.142,64
2021,8,128,Akron,Mid-American,1,6,-229.550,-203.213,130,0.143,0.092,0.051,0.318,151.220,380.769,124,297,82,78,-46.145,110
2021,8,129,Massachusetts,FBS Independents,1,6,-257.840,-164.620,124,0.143,0.114,0.029,0.194,127.160,385.000,103,308,81,80,9.698,63
2021,8,130,Kansas,Big 12,0,6,-272.134,-181.651,125,0.000,0.133,-0.133,-0.727,153.623,425.758,106,281,69,66,45.022,17
2021,9,1,Georgia,SEC,8,0,267.132,232.478,1,1.000,0.982,0.018,0.145,322.340,55.208,303,53,94,96,34.095,34
2021,9,2,Ohio State,Big Ten,7,1,261.385,185.714,3,0.875,0.876,-0.001,0.034,415.385,154.000,378,154,91,100,4.554,67
2021,9,3,Coastal Carolina,Sun Belt,6,1,219.481,43.240,46,0.857,0.612,0.245,1.519,393.506,174.026,303,134,77,77,-114.639,129
2021,9,4,Alabama,SEC,6,1,213.443,197.433,2,0.857,0.871,-0.014,-0.047,389.024,175.581,319,151,82,86,28.157,47
2021,9,5,Cincinnati,American Athletic,7,0,183.359,123.029,10,1.000,0.830,0.170,1.068,307.778,124.419,277,107,90,86,-27.613,93
2021,9,6,Michigan,Big Ten,7,1,166.390,169.426,4,0.875,0.879,-0.004,0.015,306.186,139.796,297,137,97,98,28.480,46
2021,9,7,Liberty,FBS Independents,6,2,146.453,50.408,42,0.750,0.638,0.112,0.718,297.938,151.485,289,153,97,101,-77.338,123
2021,9,8,Wake Forest,ACC,7,0,142.671,143.164,5,1.000,0.800,0.200,1.249,343.820,201.149,306,175,89,87,6.903,65
2021,9,9,Pittsburgh,ACC,5,2,132.334,112.934,13,0.714,0.762,-0.047,-0.248,314.943,182.609,274,168,87,92,-5.930,75
2021,9,10,UTSA,Conference USA,7,0,126.592,51.484,41,1.000,0.648,0.352,2.169,293.258,166.667,261,150,89,90,-53.222,114
2021,9,11,Louisiana,Sun Belt,6,1,124.759,2.706,72,0.857,0.508,0.349,2.150,293.590,168.831,229,130,78,77,-81.580,126
2021,9,12,Oklahoma,Big 12,8,0,115.521,118.873,12,1.000,0.747,0.253,1.568,360.465,244.944,310,218,86,89,2.143,70
2021,9,13,Marshall,Conference USA,4,3,113.918,23.384,65,0.571,0.572,-0.001,0.034,268.085,154.167,252,148,94,96,-67.568,121
2021,9,14,Iowa State,Big 12,4,3,112.421,91.736,22,0.571,0.737,-0.165,-0.961,293.902,181.481,241,147,82,81,15.673,58
2021,9,15,Texas A&M,SEC,6,2,109.277,83.095,28,0.750,0.776,-0.026,-0.121,237.000,127.723,237,129,100,101,-9.889,79
2021,9,16,Houston,American Athletic,6,1,103.583,49.877,44,0.857,0.645,0.212,1.323,281.111,177.528,253,158,90,89,-40.122,103
2021,9,17,Michigan State,Big Ten,7,0,101.001,133.484,6,1.000,0.823,0.177,1.109,264.045,163.043,235,150,89,92,28.041,48
2021,9,18,Baylor,Big 12,6,1,97.927,92.133,21,0.857,0.743,0.114,0.727,274.118,176.190,233,148,85,84,7.536,64
2021,9,19,Air Force,Mountain West,5,2,95.128,89.564,24,0.714,0.736,-0.021,-0.091,255.128,160.000,199,120,78,75,-11.416,82
2021,9,20,SMU,American Athletic,6,1,93.134,42.245,48,0.857,0.598,0.259,1.604,311.111,217.978,280,194,90,89,-47.064,109
2021,9,21,Oklahoma State,Big 12,6,1,92.308,97.658,16,0.857,0.823,0.034,0.244,232.967,140.659,212,128,91,91,32.420,39
2021,9,22,NC State,ACC,5,2,91.798,94.182,19,0.714,0.784,-0.070,-0.385,230.000,138.202,207,123,90,89,12.810,61
2021,9,23,Texas,Big 12,4,4,88.095,95.869,17,0.500,0.727,-0.227,-1.333,321.429,233.333,315,238,98,102,28.619,45
2021,9,24,Oregon,Pac-12,6,1,86.771,119.150,11,0.857,0.747,0.110,0.703,305.063,218.293,241,179,79,82,24.101,51
2021,9,25,Auburn,SEC,5,2,84.180,90.698,23,0.714,0.744,-0.029,-0.139,267.901,183.721,217,158,81,86,33.244,37
2021,9,26,Minnesota,Big Ten,6,2,75.887,84.340,27,0.750,0.709,0.041,0.288,249.451,173.563,227,151,91,87,-1.185,72
2021,9,27,Iowa,Big Ten,6,2,72.784,94.145,20,0.750,0.805,-0.055,-0.296,187.963,115.179,203,129,108,112,33.370,36
2021,9,28,Fresno State,Mountain West,6,2,72.424,33.882,55,0.750,0.614,0.136,0.865,233.333,160.909,252,177,108,110,-23.329,91
2021,9,29,San Diego State,Mountain West,6,1,70.887,36.038,54,0.857,0.630,0.227,1.411,194.845,123.958,189,119,97,96,-33.615,99
2021,9,30,Eastern Michigan,Mid-American,4,3,67.645,-25.550,81,0.571,0.440,0.131,0.833,294.805,227.160,227,184,77,81,-67.541,120
2021,9,31,Penn State,Big Ten,4,3,67.549,129.210,7,0.571,0.866,-0.294,-1.743,195.506,127.957,174,119,89,93,59.482,8
2021,9,32,Notre Dame,FBS Independents,7,1,66.056,126.083,8,0.875,0.793,0.082,0.534,250.962,184.906,261,196,104,106,60.498,6
2021,9,33,Nevada,Mountain West,5,2,65.412,39.936,51,0.714,0.600,0.114,0.727,270.968,205.556,252,185,93,90,-16.818,87
2021,9,34,Arizona State,Pac-12,4,3,64.430,84.425,25,0.571,0.723,-0.152,-0.881,254.430,190.000,201,152,79,80,16.345,56
2021,9,35,South Alabama,Sun Belt,4,3,62.566,-63.707,97,0.571,0.324,0.247,1.534,244.048,181.481,205,147,84,81,-129.825,130
2021,9,36,Kentucky,SEC,5,2,60.823,75.507,31,0.714,0.723,-0.009,-0.015,244.156,183.333,188,143,77,78,31.563,42
2021,9,37,Utah,Pac-12,4,3,60.009,108.468,14,0.571,0.757,-0.186,-1.086,280.247,220.238,227,185,81,84,50.767,15
2021,9,38,App State,Sun Belt,5,2,59.015,32.445,59,0.714,0.580,0.134,0.852,275.294,216.279,234,186,85,86,-10.118,80
2021,9,39,Boise State,Mountain West,4,4,58.242,81.497,29,0.500,0.732,-0.232,-1.365,234.000,175.758,234,174,100,99,40.499,26
2021,9,40,Washington,Pac-12,4,3,54.773,32.588,58,0.571,0.611,-0.040,-0.203,227.273,172.500,175,138,77,80,13.650,60
2021,9,41,Florida,SEC,4,4,54.383,94.553,18,0.500,0.753,-0.253,-1.490,248.000,193.617,248,182,100,94,53.476,13
2021,9,42,Purdue,Big Ten,5,3,51.660,84.342,26,0.625,0.796,-0.171,-0.995,188.660,137.000,183,137,97,100,46.956,17
2021,9,43,Florida Atlantic,Conference USA,4,3,51.188,-15.600,79,0.571,0.456,0.116,0.739,246.250,195.062,197,158,80,81,-51.324,113
2021,9,44,Army,FBS Independents,4,3,49.427,33.456,56,0.571,0.571,0.001,0.042,322.667,273.239,242,194,75,71,-12.172,84
2021,9,45,North Carolina,ACC,4,4,46.939,28.415,60,0.500,0.564,-0.064,-0.347,297.959,251.020,292,246,98,98,10.294,62
2021,9,46,BYU,FBS Independents,7,2,45.455,75.072,32,0.778,0.686,0.092,0.595,276.768,231.313,274,229,99,99,32.261,40
2021,9,47,Toledo,Mid-American,3,4,45.115,0.349,73,0.429,0.501,-0.073,-0.402,194.565,149.451,179,136,92,91,-37.853,102
2021,9,48,Nebraska,Big Ten,2,6,44.598,71.990,34,0.250,0.721,-0.471,-2.810,226.042,181.443,217,176,96,97,50.822,14
2021,9,49,Kansas State,Big 12,4,3,43.239,100.319,15,0.571,0.748,-0.177,-1.033,270.000,226.761,189,161,70,71,55.293,10
2021,9,50,Ole Miss,SEC,5,2,42.977,77.655,30,0.714,0.682,0.032,0.233,304.706,261.728,259,212,85,81,54.074,12
2021,9,51,Western Kentucky,Conference USA,3,4,41.263,4.206,71,0.429,0.509,-0.080,-0.447,327.160,285.897,265,223,81,78,-35.101,100
2021,9,52,Colorado State,Mountain West,3,4,39.211,26.458,63,0.429,0.587,-0.158,-0.918,175.000,135.789,168,129,96,95,-10.292,81
2021,9,53,Florida State,ACC,3,4,35.152,59.554,37,0.429,0.669,-0.240,-1.414,249.438,214.286,222,195,89,91,45.642,21
2021,9,54,Virginia,ACC,5,3,34.634,37.357,53,0.625,0.585,0.040,0.278,300.980,266.346,307,277,102,104,24.313,50
2021,9,55,Wisconsin,Big Ten,5,3,29.697,125.992,9,0.625,0.894,-0.269,-1.592,169.903,140.206,175,136,103,97,75.531,3
2021,9,56,Syracuse,ACC,4,4,26.625,65.731,35,0.500,0.686,-0.186,-1.088,209.278,182.653,203,179,97,98,26.463,49
2021,9,57,Tennessee,SEC,3,4,26.322,50.170,43,0.429,0.635,-0.206,-1.210,270.000,243.678,243,212,90,87,37.022,30
2021,9,58,Arkansas,SEC,4,3,26.173,53.503,40,0.571,0.642,-0.070,-0.388,243.820,217.647,217,185,89,85,41.866,25
2021,9,59,Oregon State,Pac-12,4,3,24.522,63.594,36,0.571,0.634,-0.062,-0.339,286.250,261.728,229,212,80,81,35.930,32
2021,9,60,UTEP,Conference USA,5,2,22.075,-40.757,85,0.714,0.363,0.352,2.166,180.899,158.824,161,135,89,85,-81.851,127
2021,9,61,East Carolina,American Athletic,3,4,21.568,18.759,67,0.429,0.558,-0.129,-0.742,216.304,194.737,199,185,92,95,-7.842,76
2021,9,62,Memphis,American Athletic,3,4,20.075,-4.955,74,0.429,0.487,-0.059,-0.317,254.118,234.043,216,220,85,94,-35.313,101
2021,9,63,Mississippi State,SEC,5,3,19.100,59.085,38,0.625,0.666,-0.041,-0.209,230.928,211.828,224,197,97,93,42.448,24
2021,9,64,USC,Pac-12,4,4,17.044,15.445,68,0.500,0.537,-0.037,-0.185,265.957,248.913,250,229,94,92,15.869,57
2021,9,65,UAB,Conference USA,4,3,15.294,-14.049,78,0.571,0.455,0.116,0.742,207.059,191.765,176,163,85,85,-40.857,104
2021,9,66,UCF,American Athletic,4,3,14.329,24.074,64,0.571,0.569,0.002,0.053,231.183,216.854,215,193,93,89,14.953,59
2021,9,67,Stanford,Pac-12,3,5,10.928,42.515,47,0.375,0.627,-0.252,-1.485,207.292,196.364,199,216,96,110,44.679,23
2021,9,68,California,Pac-12,2,5,8.879,38.271,52,0.286,0.625,-0.340,-2.017,206.410,197.531,161,160,78,81,33.516,35
2021,9,69,Middle Tennessee,Conference USA,3,4,7.018,-52.063,92,0.429,0.360,0.069,0.456,213.333,206.316,192,196,90,95,-49.036,112
2021,9,70,UCLA,Pac-12,5,4,5.042,39.972,50,0.556,0.602,-0.046,-0.242,233.871,228.829,290,254,124,111,30.740,43
2021,9,71,Wyoming,Mountain West,3,4,4.405,-46.197,90,0.429,0.358,0.071,0.467,191.463,187.059,157,159,82,85,-47.167,110
2021,9,72,Clemson,ACC,4,3,0.686,72.555,33,0.571,0.773,-0.201,-1.179,142.353,141.667,121,119,85,84,74.850,4
2021,9,73,Louisville,ACC,3,4,-2.272,56.276,39,0.429,0.655,-0.227,-1.332,230.337,232.609,205,214,89,92,60.740,5
2021,9,74,Virginia Tech,ACC,3,4,-2.438,46.861,45,0.429,0.650,-0.222,-1.302,201.176,203.614,171,169,85,83,39.738,28
2021,9,75,Utah State,Mountain West,5,2,-3.026,11.985,69,0.714,0.532,0.183,1.144,230.682,233.708,203,208,88,89,17.358,55
2021,9,76,Boston College,ACC,3,4,-7.496,-10.809,76,0.429,0.467,-0.038,-0.194,190.123,197.619,154,166,81,84,-9.858,78
2021,9,77,Texas Tech,Big 12,4,4,-9.091,-11.140,77,0.500,0.476,0.024,0.185,303.409,312.500,267,275,88,88,2.277,69
2021,9,78,LSU,SEC,3,4,-15.663,26.747,62,0.429,0.566,-0.137,-0.793,253.012,268.675,210,223,83,83,45.648,20
2021,9,79,Rutgers,Big Ten,3,4,-16.484,19.099,66,0.429,0.579,-0.151,-0.873,158.242,174.725,144,159,91,91,50.332,16
2021,9,80,West Virginia,Big 12,3,4,-20.534,27.187,61,0.429,0.586,-0.157,-0.912,211.111,231.646,171,183,81,79,45.522,22
2021,9,81,Buffalo,Mid-American,3,5,-20.833,-106.010,109,0.375,0.252,0.123,0.781,243.750,264.583,234,254,96,96,-83.282,128
2021,9,82,Washington State,Pac-12,4,4,-21.053,40.821,49,0.500,0.631,-0.131,-0.754,198.947,220.000,189,198,95,90,54.972,11
2021,9,83,Western Michigan,Mid-American,4,3,-21.670,-41.596,86,0.571,0.391,0.181,1.133,231.818,253.488,204,218,88,86,-11.638,83
2021,9,84,Troy,Sun Belt,3,4,-29.845,-116.086,111,0.429,0.175,0.254,1.575,166.667,196.512,150,169,90,86,-78.458,124
2021,9,85,Miami (OH),Mid-American,3,4,-34.231,-46.447,91,0.429,0.339,0.089,0.579,185.000,219.231,148,171,80,78,-20.880,89
2021,9,86,San José State,Mountain West,4,4,-40.664,-82.884,102,0.500,0.234,0.266,1.651,146.465,187.129,145,189,99,101,-47.694,111
2021,9,87,Northern Illinois,Mid-American,5,2,-43.994,-42.703,88,0.714,0.398,0.316,1.953,246.250,290.244,197,238,80,82,-26.835,92
2021,9,88,Missouri,SEC,3,4,-45.168,-60.876,95,0.429,0.374,0.055,0.371,260.714,305.882,219,260,84,85,-17.025,88
2021,9,89,Illinois,Big Ten,3,6,-47.205,-6.865,75,0.333,0.477,-0.144,-0.833,149.057,196.262,158,210,106,107,40.137,27
2021,9,90,Central Michigan,Mid-American,3,4,-47.278,-117.934,112,0.429,0.213,0.216,1.343,207.778,255.056,187,227,90,89,-70.743,122
2021,9,91,Hawai'i,Mountain West,3,5,-47.706,-68.422,98,0.375,0.308,0.067,0.443,200.000,247.706,214,270,107,109,-31.637,97
2021,9,92,Georgia Tech,ACC,2,5,-50.884,-30.118,83,0.286,0.415,-0.129,-0.744,203.333,254.217,183,211,90,83,21.519,53
2021,9,93,TCU,Big 12,2,5,-51.852,7.474,70,0.286,0.518,-0.232,-1.368,255.556,307.407,207,249,81,81,58.804,9
2021,9,94,Louisiana Tech,Conference USA,1,6,-54.078,-57.142,94,0.143,0.339,-0.196,-1.147,178.889,232.967,161,212,90,91,-2.422,73
2021,9,95,Ball State,Mid-American,3,4,-54.477,-42.551,87,0.429,0.387,0.042,0.290,201.220,255.696,165,202,82,79,0.461,71
2021,9,96,Georgia State,Sun Belt,4,4,-58.112,-85.939,103,0.500,0.231,0.269,1.664,192.929,251.042,191,241,99,96,-45.409,108
2021,9,97,Miami,ACC,3,4,-58.834,33.344,57,0.429,0.600,-0.172,-1.000,206.383,265.217,194,244,94,92,90.893,2
2021,9,98,Charlotte,Conference USA,3,4,-65.773,-130.957,116,0.429,0.207,0.221,1.377,214.474,280.247,163,227,76,81,-66.313,119
2021,9,99,South Carolina,SEC,3,4,-71.337,-24.724,80,0.429,0.426,0.003,0.054,144.048,215.385,121,196,84,91,38.377,29
2021,9,100,Tulsa,American Athletic,3,4,-72.631,-56.372,93,0.429,0.348,0.080,0.525,195.604,268.235,178,228,91,85,9.048,63
2021,9,101,Bowling Green,Mid-American,2,6,-80.808,-137.823,119,0.250,0.146,0.104,0.668,186.869,267.677,185,265,99,99,-54.642,116
2021,9,102,Maryland,Big Ten,4,3,-85.025,-27.285,82,0.571,0.425,0.147,0.927,191.111,276.136,172,243,90,88,31.576,41
2021,9,103,Georgia Southern,Sun Belt,1,6,-96.261,-154.480,120,0.143,0.119,0.024,0.184,159.783,256.044,147,233,92,91,-54.379,115
2021,9,104,Ohio,Mid-American,1,6,-98.855,-169.129,123,0.143,0.123,0.019,0.156,188.158,287.013,143,221,76,77,-80.028,125
2021,9,105,Navy,American Athletic,2,6,-98.964,-45.787,89,0.250,0.365,-0.115,-0.658,164.773,263.736,145,240,88,91,36.356,31
2021,9,106,Northwestern,Big Ten,2,5,-101.109,-71.017,100,0.286,0.299,-0.013,-0.040,147.126,248.235,128,211,87,85,29.203,44
2021,9,107,Colorado,Pac-12,1,6,-101.837,-68.952,99,0.143,0.277,-0.134,-0.771,129.870,231.707,100,190,77,82,46.004,19
2021,9,108,New Mexico,Mountain West,2,5,-102.238,-101.851,106,0.286,0.174,0.112,0.716,98.837,201.075,85,187,86,93,-4.513,74
2021,9,109,Kent State,Mid-American,3,4,-105.292,-132.728,118,0.429,0.199,0.229,1.427,190.110,295.402,173,257,91,87,-43.515,106
2021,9,110,Duke,ACC,2,5,-106.435,-104.788,108,0.286,0.157,0.129,0.819,155.670,262.105,151,249,97,95,-28.772,96
2021,9,111,Old Dominion,Conference USA,1,6,-109.195,-99.267,105,0.143,0.214,-0.071,-0.391,158.621,267.816,138,233,87,87,2.465,68
2021,9,112,South Florida,American Athletic,1,6,-116.487,-63.642,96,0.143,0.334,-0.191,-1.120,181.013,297.500,143,238,79,80,20.613,54
2021,9,113,North Texas,Conference USA,1,6,-117.391,-123.923,114,0.143,0.182,-0.039,-0.196,159.783,277.174,147,255,92,92,-21.183,90
2021,9,114,Texas State,Sun Belt,2,5,-128.729,-156.530,122,0.286,0.135,0.151,0.950,163.953,292.683,141,240,86,82,-57.083,117
2021,9,115,New Mexico State,FBS Independents,0,7,-136.847,-179.791,126,0.000,0.136,-0.136,-0.786,156.701,293.548,152,273,97,93,-40.909,105
2021,9,116,UL Monroe,Sun Belt,3,4,-137.534,-106.318,110,0.429,0.238,0.190,1.189,184.444,321.978,166,293,90,91,-9.162,77
2021,9,117,Indiana,Big Ten,1,6,-141.379,-30.763,84,0.143,0.403,-0.260,-1.536,133.333,274.713,120,239,90,87,91.786,1
2021,9,118,Arizona,Pac-12,0,7,-147.242,-102.696,107,0.000,0.219,-0.219,-1.286,136.905,284.146,115,233,84,82,35.616,33
2021,9,119,Vanderbilt,SEC,2,6,-150.386,-75.285,101,0.250,0.262,-0.012,-0.032,127.184,277.570,131,297,103,107,23.232,52
2021,9,120,Arkansas State,Sun Belt,0,7,-156.368,-155.531,121,0.000,0.168,-0.168,-0.978,185.567,341.935,180,318,97,93,-28.711,95
2021,9,121,Florida International,Conference USA,0,7,-162.796,-203.142,130,0.000,0.057,-0.057,-0.303,151.648,314.444,138,283,91,90,-57.796,118
2021,9,122,Tulane,American Athletic,0,7,-170.460,-96.308,104,0.000,0.276,-0.276,-1.630,186.517,356.977,166,307,89,86,59.484,7
2021,9,123,UNLV,Mountain West,0,7,-171.273,-123.484,113,0.000,0.200,-0.200,-1.172,153.086,324.359,124,253,81,78,32.938,38
2021,9,124,Temple,American Athletic,2,5,-172.520,-124.146,115,0.286,0.190,0.096,0.618,151.899,324.419,120,279,79,86,-16.307,86
2021,9,125,Rice,Conference USA,2,5,-195.627,-132.253,117,0.286,0.153,0.133,0.842,122.892,318.519,102,258,83,81,-12.577,85
2021,9,126,Southern Miss,Conference USA,0,7,-196.173,-200.802,128,0.000,0.033,-0.033,-0.161,79.121,275.294,72,234,91,85,-31.640,98
2021,9,127,UConn,FBS Independents,0,7,-202.326,-183.628,127,0.000,0.082,-0.082,-0.460,112.791,315.116,97,271,86,86,-27.799,94
2021,9,128,Akron,Mid-American,1,6,-229.550,-200.946,129,0.143,0.092,0.050,0.344,151.220,380.769,124,297,82,78,-43.878,107
2021,9,129,Massachusetts,FBS Independents,1,7,-268.617,-172.728,124,0.125,0.104,0.021,0.166,125.000,393.617,120,370,96,94,5.812,66
2021,9,130,Kansas,Big 12,0,7,-292.390,-178.245,125,0.000,0.127,-0.127,-0.731,132.927,425.316,109,336,82,79,46.816,18
2021,10,1,Georgia,SEC,9,0,277.032,233.525,1,1.000,0.990,0.010,0.100,332.692,55.660,346,59,104,106,26.073,46
2021,10,2,Ohio State,Big Ten,8,1,226.243,176.697,3,0.889,0.871,0.018,0.149,377.570,151.327,404,171,107,113,12.141,64
2021,10,3,Coastal Carolina,Sun Belt,7,1,208.227,39.185,50,0.875,0.606,0.269,1.701,367.778,159.551,331,142,90,89,-117.549,129
2021,10,4,Alabama,SEC,7,1,193.972,180.618,2,0.875,0.871,0.004,0.066,360.638,166.667,339,165,94,99,25.130,49
2021,10,5,Michigan,Big Ten,8,1,168.173,164.318,4,0.889,0.881,0.008,0.088,299.083,130.909,326,144,109,110,18.663,58
2021,10,6,Cincinnati,American Athletic,8,0,166.525,104.803,16,1.000,0.788,0.212,1.353,296.117,129.592,305,127,103,98,-33.098,94
2021,10,7,UTSA,Conference USA,8,0,136.477,70.378,33,1.000,0.676,0.324,2.042,311.224,174.747,305,173,98,99,-50.406,114
2021,10,8,Pittsburgh,ACC,6,2,132.598,99.491,19,0.750,0.731,0.019,0.155,318.447,185.849,328,197,103,106,-20.809,82
2021,10,9,Liberty,FBS Independents,6,3,121.264,45.900,44,0.667,0.634,0.033,0.241,280.556,159.292,303,180,108,113,-56.793,118
2021,10,10,Wake Forest,ACC,7,1,120.902,136.538,6,0.875,0.787,0.088,0.585,347.115,226.214,361,233,104,103,16.788,61
2021,10,11,Iowa State,Big 12,5,3,118.965,109.806,13,0.625,0.790,-0.165,-0.980,279.381,160.417,271,154,97,96,24.084,51
2021,10,12,Marshall,Conference USA,5,3,117.787,37.335,51,0.625,0.618,0.007,0.081,264.151,146.364,280,161,106,110,-59.808,119
2021,10,13,Oklahoma,Big 12,8,0,115.521,118.063,11,1.000,0.742,0.258,1.637,360.465,244.944,310,218,86,89,1.333,69
2021,10,14,Louisiana,Sun Belt,7,1,115.125,-1.578,76,0.875,0.495,0.380,2.389,284.091,168.966,250,147,88,87,-80.328,128
2021,10,15,Texas A&M,SEC,7,2,112.650,105.372,15,0.778,0.846,-0.069,-0.386,229.464,116.814,257,132,112,113,6.979,66
2021,10,16,Utah,Pac-12,5,3,104.488,130.351,8,0.625,0.802,-0.177,-1.056,306.593,202.105,279,192,91,95,44.066,27
2021,10,17,Houston,American Athletic,7,1,100.073,46.907,43,0.875,0.627,0.248,1.573,292.381,192.308,307,200,105,104,-41.842,103
2021,10,18,Oklahoma State,Big 12,7,1,99.739,109.101,14,0.875,0.851,0.024,0.186,226.923,127.184,236,131,104,103,32.065,38
2021,10,19,NC State,ACC,6,2,92.952,104.700,17,0.750,0.822,-0.072,-0.404,225.962,133.010,235,137,104,103,21.000,55
2021,10,20,App State,Sun Belt,6,2,90.657,45.481,45,0.750,0.611,0.139,0.896,296.842,206.186,282,200,95,97,-28.352,91
2021,10,21,Baylor,Big 12,6,2,86.458,85.856,23,0.750,0.725,0.025,0.191,271.875,185.417,261,178,96,96,11.264,65
2021,10,22,Notre Dame,FBS Independents,8,1,86.122,136.404,7,0.889,0.819,0.070,0.471,258.772,172.650,295,202,114,117,46.389,24
2021,10,23,Oregon,Pac-12,7,1,84.954,113.292,12,0.875,0.743,0.132,0.856,290.217,205.263,267,195,92,95,20.509,56
2021,10,24,SMU,American Athletic,6,2,81.373,37.068,52,0.750,0.591,0.159,1.020,299.020,217.647,305,222,102,102,-40.196,100
2021,10,25,Michigan State,Big Ten,7,1,78.694,120.171,10,0.875,0.782,0.093,0.617,261.386,182.692,264,190,101,104,39.366,31
2021,10,26,Penn State,Big Ten,5,3,75.509,125.445,9,0.625,0.856,-0.231,-1.394,200.980,125.472,205,133,102,106,48.086,19
2021,10,27,Air Force,Mountain West,5,3,75.372,69.541,34,0.625,0.701,-0.076,-0.433,239.326,163.953,213,141,89,86,-10.862,77
2021,10,28,Boise State,Mountain West,5,4,73.979,85.665,24,0.556,0.739,-0.184,-1.099,240.351,166.372,274,188,114,113,28.587,41
2021,10,29,San Diego State,Mountain West,7,1,70.180,26.388,56,0.875,0.597,0.278,1.761,190.741,120.561,206,129,108,107,-42.513,104
2021,10,30,Wisconsin,Big Ten,6,3,69.868,144.057,5,0.667,0.915,-0.248,-1.497,197.391,127.523,227,139,115,109,73.277,4
2021,10,31,Arizona State,Pac-12,5,3,69.565,93.789,21,0.625,0.757,-0.132,-0.780,252.174,182.609,232,168,92,92,21.078,54
2021,10,32,Iowa,Big Ten,7,2,67.528,85.052,25,0.778,0.794,-0.016,-0.061,180.328,112.800,220,141,122,125,27.795,42
2021,10,33,Kansas State,Big 12,5,3,66.250,94.609,20,0.625,0.739,-0.114,-0.667,280.000,213.750,224,171,80,80,25.350,48
2021,10,34,Nevada,Mountain West,6,2,63.578,24.086,60,0.750,0.562,0.188,1.205,260.748,197.170,279,209,107,106,-30.930,93
2021,10,35,Western Kentucky,Conference USA,4,4,63.106,21.592,62,0.500,0.548,-0.048,-0.256,322.680,259.574,313,244,97,94,-33.895,96
2021,10,36,Minnesota,Big Ten,6,3,62.326,75.005,31,0.667,0.697,-0.031,-0.152,230.693,168.367,233,165,101,98,6.457,67
2021,10,37,Eastern Michigan,Mid-American,5,3,59.794,-21.811,80,0.625,0.451,0.174,1.115,300.000,240.206,279,233,93,97,-60.897,120
2021,10,38,East Carolina,American Athletic,4,4,58.307,35.927,55,0.500,0.613,-0.113,-0.664,232.381,174.074,244,188,105,108,-14.272,80
2021,10,39,Purdue,Big Ten,6,3,56.373,100.984,18,0.667,0.816,-0.150,-0.887,204.587,148.214,223,166,109,112,57.567,9
2021,10,40,Texas,Big 12,4,5,55.896,79.589,30,0.444,0.704,-0.260,-1.570,284.956,229.060,322,268,113,117,36.849,35
2021,10,41,Auburn,SEC,5,3,54.926,79.829,29,0.625,0.724,-0.099,-0.577,236.559,181.633,220,178,93,98,47.265,22
2021,10,42,Army,FBS Independents,5,3,52.155,47.728,42,0.625,0.606,0.019,0.154,305.814,253.659,263,208,86,82,-0.151,72
2021,10,43,Kentucky,SEC,5,3,50.128,72.379,32,0.625,0.693,-0.068,-0.385,261.364,211.236,230,188,88,89,37.337,34
2021,10,44,Ole Miss,SEC,6,2,49.193,86.145,22,0.750,0.706,0.044,0.313,294.845,245.652,286,226,97,92,53.295,14
2021,10,45,South Alabama,Sun Belt,4,4,47.574,-81.169,102,0.500,0.288,0.212,1.348,241.053,193.478,229,178,95,92,-131.068,130
2021,10,46,BYU,FBS Independents,7,2,45.455,80.984,28,0.778,0.699,0.079,0.524,276.768,231.313,274,229,99,99,38.172,32
2021,10,47,Fresno State,Mountain West,6,3,43.033,17.883,64,0.667,0.560,0.107,0.698,218.033,175.000,266,217,122,124,-12.336,78
2021,10,48,North Carolina,ACC,5,4,40.646,42.001,47,0.556,0.592,-0.037,-0.189,307.018,266.372,350,301,114,113,26.356,45
2021,10,49,Nebraska,Big Ten,2,7,35.918,83.657,26,0.222,0.761,-0.538,-3.294,214.679,178.761,234,202,109,113,68.366,5
2021,10,50,Washington,Pac-12,4,4,35.878,24.475,59,0.500,0.587,-0.087,-0.502,212.222,176.344,191,164,90,93,17.520,60
2021,10,51,Toledo,Mid-American,3,5,35.410,-10.277,78,0.375,0.462,-0.087,-0.500,211.111,175.701,228,188,108,107,-41.361,102
2021,10,52,Virginia,ACC,5,3,34.634,43.729,46,0.625,0.600,0.025,0.191,300.980,266.346,307,277,102,104,30.685,40
2021,10,53,UAB,Conference USA,5,3,27.551,-10.043,77,0.625,0.471,0.154,0.989,232.653,205.102,228,201,98,98,-46.962,111
2021,10,54,Syracuse,ACC,4,4,26.625,66.629,35,0.500,0.688,-0.188,-1.125,209.278,182.653,203,179,97,98,27.360,44
2021,10,55,Arkansas,SEC,5,3,26.295,57.621,38,0.625,0.643,-0.018,-0.072,250.505,224.211,248,213,99,95,43.689,28
2021,10,56,Tennessee,SEC,4,4,25.965,56.632,39,0.500,0.638,-0.138,-0.814,285.149,259.184,288,254,101,98,41.718,30
2021,10,57,Florida Atlantic,Conference USA,4,4,23.404,-34.340,84,0.500,0.399,0.101,0.664,223.404,200.000,210,186,94,93,-48.039,112
2021,10,58,Florida,SEC,4,5,23.085,58.214,36,0.444,0.660,-0.216,-1.299,234.513,211.429,265,222,113,105,47.575,21
2021,10,59,Colorado State,Mountain West,3,5,21.764,-1.536,75,0.375,0.495,-0.120,-0.704,171.296,149.533,185,160,108,107,-19.109,81
2021,10,60,Utah State,Mountain West,6,2,19.625,9.640,71,0.750,0.526,0.224,1.426,242.857,223.232,238,221,98,99,-13.159,79
2021,10,61,Wyoming,Mountain West,4,4,18.557,-36.325,85,0.500,0.390,0.110,0.722,200.000,181.443,188,176,94,97,-51.757,115
2021,10,62,Memphis,American Athletic,4,4,17.848,-1.053,74,0.500,0.497,0.003,0.056,248.980,231.132,244,245,98,106,-28.498,92
2021,10,63,UCF,American Athletic,5,3,17.105,12.483,70,0.625,0.539,0.086,0.572,218.095,200.990,229,203,105,101,0.336,70
2021,10,64,Florida State,ACC,3,5,16.745,55.870,40,0.375,0.663,-0.288,-1.746,229.126,212.381,236,223,103,105,56.197,11
2021,10,65,Mississippi State,SEC,5,4,14.155,57.699,37,0.556,0.656,-0.101,-0.584,235.514,221.359,252,228,107,103,46.244,25
2021,10,66,Oregon State,Pac-12,4,4,12.045,41.111,48,0.500,0.587,-0.087,-0.499,279.787,267.742,263,249,94,93,25.090,50
2021,10,67,Clemson,ACC,5,3,8.163,81.357,27,0.625,0.787,-0.162,-0.965,154.082,145.918,151,143,98,98,75.948,3
2021,10,68,Boston College,ACC,4,4,6.192,13.891,68,0.500,0.544,-0.044,-0.235,187.912,181.720,171,169,91,93,-2.360,74
2021,10,69,UCLA,Pac-12,5,4,5.042,40.257,49,0.556,0.600,-0.044,-0.236,233.871,228.829,290,254,124,111,31.024,39
2021,10,70,USC,Pac-12,4,5,3.324,15.362,66,0.444,0.538,-0.093,-0.539,250.943,247.619,266,260,106,105,27.420,43
2021,10,71,California,Pac-12,2,6,1.272,13.184,69,0.250,0.548,-0.298,-1.806,180.220,178.947,164,170,91,95,15.067,62
2021,10,72,UTEP,Conference USA,5,3,-2.670,-64.903,97,0.625,0.306,0.319,2.013,187.755,190.426,184,179,98,94,-71.693,125
2021,10,73,Texas Tech,Big 12,4,4,-9.091,-14.832,79,0.500,0.468,0.032,0.240,303.409,312.500,267,275,88,88,-1.415,73
2021,10,74,Louisville,ACC,3,5,-10.051,55.516,41,0.375,0.647,-0.272,-1.646,222.330,232.381,229,244,103,105,66.839,6
2021,10,75,Virginia Tech,ACC,3,5,-14.894,25.157,58,0.375,0.585,-0.210,-1.263,185.106,200.000,174,186,94,93,36.008,36
2021,10,76,Middle Tennessee,Conference USA,3,5,-18.876,-64.378,96,0.375,0.320,0.055,0.382,200.943,219.820,213,244,106,111,-40.635,101
2021,10,77,Troy,Sun Belt,4,4,-19.761,-101.668,110,0.500,0.219,0.281,1.775,179.208,198.969,181,193,101,97,-76.699,126
2021,10,78,Buffalo,Mid-American,3,5,-20.833,-101.265,109,0.375,0.260,0.115,0.748,243.750,264.583,234,254,96,96,-78.538,127
2021,10,79,Washington State,Pac-12,4,4,-21.053,36.205,54,0.500,0.615,-0.115,-0.671,198.947,220.000,189,198,95,90,50.357,18
2021,10,80,LSU,SEC,3,5,-22.456,36.811,53,0.375,0.600,-0.225,-1.353,233.333,255.789,224,243,96,95,60.721,8
2021,10,81,Central Michigan,Mid-American,4,4,-22.782,-89.369,108,0.500,0.277,0.223,1.420,226.733,249.515,229,257,101,103,-69.019,123
2021,10,82,Miami (OH),Mid-American,3,5,-28.623,-57.010,91,0.375,0.310,0.065,0.443,190.526,219.149,181,206,95,94,-34.795,98
2021,10,83,Stanford,Pac-12,3,6,-30.810,18.432,63,0.333,0.556,-0.223,-1.339,192.523,223.333,206,268,107,120,52.174,15
2021,10,84,South Carolina,SEC,4,4,-35.334,21.595,61,0.500,0.565,-0.065,-0.363,169.474,204.808,161,213,95,104,47.701,20
2021,10,85,Illinois,Big Ten,4,6,-37.607,15.112,67,0.400,0.555,-0.155,-0.919,147.009,184.615,172,216,117,117,50.686,17
2021,10,86,West Virginia,Big 12,3,5,-37.903,16.062,65,0.375,0.552,-0.177,-1.058,187.097,225.000,174,207,93,92,52.057,16
2021,10,87,Western Michigan,Mid-American,4,4,-38.629,-71.380,98,0.500,0.319,0.181,1.156,229.412,268.041,234,260,102,97,-24.225,85
2021,10,88,San José State,Mountain West,4,5,-40.870,-82.657,104,0.444,0.229,0.215,1.371,146.957,187.826,169,216,115,115,-46.615,109
2021,10,89,Ball State,Mid-American,4,4,-41.470,-57.643,92,0.500,0.347,0.153,0.988,210.753,252.222,196,227,93,90,-26.826,90
2021,10,90,Georgia Tech,ACC,2,6,-41.657,-22.038,81,0.250,0.437,-0.187,-1.116,204.808,246.465,213,244,104,99,22.140,53
2021,10,91,Northern Illinois,Mid-American,5,3,-42.509,-51.983,89,0.625,0.378,0.247,1.565,259.574,302.083,244,290,94,96,-33.634,95
2021,10,92,TCU,Big 12,3,5,-46.248,8.219,72,0.375,0.520,-0.145,-0.857,254.839,301.087,237,277,93,92,53.700,13
2021,10,93,Charlotte,Conference USA,4,4,-46.904,-117.735,114,0.500,0.235,0.265,1.676,222.989,269.892,194,251,87,93,-71.399,124
2021,10,94,Hawai'i,Mountain West,3,6,-49.336,-74.401,99,0.333,0.289,0.045,0.316,189.831,239.167,224,287,118,120,-34.633,97
2021,10,95,Miami,ACC,4,4,-52.127,25.410,57,0.500,0.576,-0.076,-0.435,206.364,258.491,227,274,110,106,76.769,2
2021,10,96,Georgia State,Sun Belt,4,5,-56.344,-75.819,100,0.444,0.265,0.179,1.149,190.826,247.170,208,262,109,106,-35.348,99
2021,10,97,Louisiana Tech,Conference USA,1,7,-60.642,-61.479,95,0.125,0.333,-0.208,-1.251,193.204,253.846,199,264,103,104,-0.137,71
2021,10,98,Rutgers,Big Ten,3,5,-62.136,6.259,73,0.375,0.525,-0.150,-0.888,142.718,204.854,147,211,103,103,62.756,7
2021,10,99,Tulsa,American Athletic,3,5,-68.991,-44.992,86,0.375,0.375,0.000,0.042,192.233,261.224,198,256,103,98,18.340,59
2021,10,100,Old Dominion,Conference USA,2,6,-69.455,-89.124,107,0.250,0.248,0.002,0.049,185.000,254.455,185,257,100,101,-23.872,84
2021,10,101,North Texas,Conference USA,2,6,-79.042,-106.874,111,0.250,0.226,0.024,0.186,179.612,258.654,185,269,103,104,-45.575,107
2021,10,102,Colorado,Pac-12,2,6,-79.401,-45.440,87,0.250,0.356,-0.106,-0.618,153.933,233.333,137,224,89,96,46.962,23
2021,10,103,Missouri,SEC,3,5,-79.586,-47.522,88,0.375,0.397,-0.022,-0.095,239.362,318.947,225,303,94,95,25.848,47
2021,10,104,Bowling Green,Mid-American,2,6,-80.808,-137.177,118,0.250,0.138,0.112,0.731,186.869,267.677,185,265,99,99,-53.996,117
2021,10,105,Ohio,Mid-American,2,6,-82.609,-146.090,121,0.250,0.159,0.091,0.600,193.478,276.087,178,254,92,92,-67.970,122
2021,10,106,Kent State,Mid-American,4,4,-86.704,-116.395,113,0.500,0.237,0.263,1.665,214.286,300.990,225,304,105,101,-42.798,105
2021,10,107,Northwestern,Big Ten,2,6,-90.303,-53.792,90,0.250,0.339,-0.089,-0.510,140.000,230.303,140,228,100,99,37.541,33
2021,10,108,Maryland,Big Ten,4,4,-90.705,-24.915,82,0.500,0.432,0.068,0.460,180.583,271.287,186,274,103,101,42.935,29
2021,10,109,Georgia Southern,Sun Belt,1,7,-101.923,-152.026,122,0.125,0.105,0.020,0.165,149.038,250.962,155,261,104,104,-45.848,108
2021,10,110,New Mexico,Mountain West,2,6,-103.660,-125.199,116,0.250,0.124,0.126,0.818,102.000,205.660,102,218,100,106,-25.399,87
2021,10,111,Texas State,Sun Belt,3,5,-104.103,-143.575,120,0.375,0.141,0.234,1.489,171.429,275.532,168,259,98,94,-64.893,121
2021,10,112,South Florida,American Athletic,1,7,-110.560,-60.266,93,0.125,0.351,-0.226,-1.359,196.809,307.368,185,292,94,95,23.457,52
2021,10,113,Duke,ACC,2,6,-110.811,-88.044,106,0.250,0.211,0.039,0.283,162.162,272.973,180,303,111,111,-5.235,75
2021,10,114,Navy,American Athletic,2,7,-118.762,-60.455,94,0.222,0.325,-0.103,-0.600,152.525,271.287,151,274,99,101,44.277,26
2021,10,115,Arizona,Pac-12,1,7,-120.870,-81.416,103,0.125,0.253,-0.128,-0.756,127.551,248.421,125,236,98,95,33.563,37
2021,10,116,UNLV,Mountain West,1,7,-128.585,-107.524,112,0.125,0.231,-0.106,-0.617,164.894,293.478,155,270,94,92,14.716,63
2021,10,117,UL Monroe,Sun Belt,3,5,-129.307,-118.256,115,0.375,0.206,0.169,1.085,181.373,310.680,185,320,102,103,-24.911,86
2021,10,118,New Mexico State,FBS Independents,0,8,-144.824,-194.202,128,0.000,0.113,-0.113,-0.662,154.206,299.029,165,308,107,103,-45.181,106
2021,10,119,Indiana,Big Ten,1,7,-146.197,-33.501,83,0.125,0.391,-0.266,-1.610,124.510,270.707,127,268,102,99,96.645,1
2021,10,120,Vanderbilt,SEC,2,6,-150.386,-78.775,101,0.250,0.252,-0.002,0.026,127.184,277.570,131,297,103,107,19.743,57
2021,10,121,Tulane,American Athletic,0,8,-153.294,-86.566,105,0.000,0.280,-0.280,-1.692,174.257,327.551,176,321,101,98,53.919,12
2021,10,122,Florida International,Conference USA,0,8,-166.103,-204.698,129,0.000,0.068,-0.068,-0.382,154.286,320.388,162,330,105,103,-53.756,116
2021,10,123,Arkansas State,Sun Belt,0,8,-175.710,-169.018,123,0.000,0.150,-0.150,-0.887,179.630,355.340,194,366,108,103,-21.459,83
2021,10,124,Rice,Conference USA,2,6,-181.499,-140.618,119,0.250,0.125,0.125,0.814,132.632,314.130,126,289,95,92,-25.675,88
2021,10,125,Temple,American Athletic,2,6,-193.577,-131.149,117,0.250,0.167,0.083,0.553,133.696,327.273,123,324,92,99,-9.867,76
2021,10,126,Southern Miss,Conference USA,0,8,-199.838,-225.245,130,0.000,0.021,-0.021,-0.090,83.495,283.333,86,272,103,96,-48.629,113
2021,10,127,UConn,FBS Independents,0,7,-202.326,-182.465,126,0.000,0.083,-0.083,-0.476,112.791,315.116,97,271,86,86,-26.636,89
2021,10,128,Akron,Mid-American,1,7,-208.324,-190.979,127,0.125,0.107,0.018,0.152,160.215,368.539,149,328,93,89,-46.726,110
2021,10,129,Massachusetts,FBS Independents,1,7,-268.617,-173.567,125,0.125,0.103,0.022,0.176,125.000,393.617,120,370,96,94,4.973,68
2021,10,130,Kansas,Big 12,0,8,-286.085,-170.071,124,0.000,0.135,-0.135,-0.796,130.769,416.854,119,371,91,89,56.718,10
2021,11,1,Georgia,SEC,10,0,269.755,235.139,1,1.000,0.988,0.012,0.114,333.621,63.866,387,76,116,119,27.342,42
2021,11,2,Ohio State,Big Ten,9,1,228.145,189.885,2,0.900,0.866,0.034,0.253,392.373,164.228,463,202,118,123,19.148,59
2021,11,3,Alabama,SEC,8,1,221.963,166.227,3,0.889,0.867,0.022,0.180,371.963,150.000,398,168,107,112,4.083,70
2021,11,4,Coastal Carolina,Sun Belt,7,2,183.333,28.788,58,0.778,0.573,0.204,1.337,363.725,180.392,371,184,102,102,-111.670,130
2021,11,5,Cincinnati,American Athletic,9,0,162.146,102.658,16,1.000,0.766,0.234,1.523,304.348,142.202,350,155,115,109,-33.305,95
2021,11,6,Michigan,Big Ten,9,1,153.719,157.197,4,0.900,0.872,0.028,0.214,286.777,133.058,347,161,121,121,24.062,51
2021,11,7,UTSA,Conference USA,9,0,127.928,50.356,44,1.000,0.629,0.371,2.394,299.099,171.171,332,190,111,111,-64.344,119
2021,11,8,Oklahoma State,Big 12,8,1,126.860,121.853,9,0.889,0.871,0.018,0.151,255.556,128.696,299,148,117,115,30.657,39
2021,11,9,Pittsburgh,ACC,7,2,122.650,91.879,21,0.778,0.731,0.046,0.333,305.983,183.333,358,220,117,120,-20.610,87
2021,11,10,Liberty,FBS Independents,6,3,121.264,48.978,47,0.667,0.639,0.027,0.212,280.556,159.292,303,180,108,113,-53.715,113
2021,11,11,Houston,American Athletic,8,1,113.748,58.256,37,0.889,0.658,0.231,1.505,291.525,177.778,344,208,118,117,-44.563,106
2021,11,12,Louisiana,Sun Belt,8,1,112.481,-2.580,75,0.889,0.492,0.396,2.558,282.178,169.697,285,168,101,99,-83.050,128
2021,11,13,Iowa State,Big 12,5,4,105.556,102.140,17,0.556,0.767,-0.211,-1.304,286.111,180.556,309,195,108,108,25.522,48
2021,11,14,App State,Sun Belt,7,2,104.993,50.329,45,0.778,0.630,0.148,0.980,289.815,184.821,313,207,108,112,-36.611,100
2021,11,15,Wake Forest,ACC,8,1,103.620,132.302,7,0.889,0.773,0.116,0.776,332.787,229.167,406,275,122,120,25.531,47
2021,11,16,Marshall,Conference USA,5,4,102.102,30.636,56,0.556,0.599,-0.043,-0.235,251.282,149.180,294,182,117,122,-50.410,109
2021,11,17,Utah,Pac-12,6,3,98.284,114.349,11,0.667,0.760,-0.093,-0.552,310.784,212.500,317,221,102,104,35.070,37
2021,11,18,Notre Dame,FBS Independents,9,1,96.983,147.698,5,0.900,0.856,0.044,0.318,258.400,161.417,323,205,125,127,44.231,27
2021,11,19,SMU,American Athletic,7,2,96.670,60.337,35,0.778,0.644,0.134,0.891,310.345,213.675,360,250,116,117,-31.252,93
2021,11,20,Oklahoma,Big 12,8,1,92.500,104.243,14,0.889,0.725,0.164,1.083,337.500,245.000,324,245,96,100,12.200,64
2021,11,21,Texas A&M,SEC,7,3,90.551,90.419,22,0.700,0.811,-0.111,-0.666,217.323,126.772,276,161,127,127,9.912,67
2021,11,22,Baylor,Big 12,7,2,88.027,98.434,18,0.778,0.768,0.009,0.099,269.159,181.132,288,192,107,106,20.414,55
2021,11,23,Oregon,Pac-12,8,1,85.803,119.656,10,0.889,0.759,0.130,0.867,290.476,204.673,305,219,105,107,26.926,43
2021,11,24,Michigan State,Big Ten,8,1,84.770,112.444,13,0.889,0.768,0.120,0.804,266.667,181.897,304,211,114,116,25.874,46
2021,11,25,Wisconsin,Big Ten,7,3,84.026,141.682,6,0.700,0.908,-0.208,-1.284,204.688,120.661,262,146,128,121,56.890,13
2021,11,26,Air Force,Mountain West,6,3,79.250,73.930,31,0.667,0.703,-0.036,-0.193,248.000,168.750,248,162,100,96,-9.560,78
2021,11,27,NC State,ACC,6,3,78.512,112.603,12,0.667,0.845,-0.179,-1.097,228.926,150.413,277,182,121,121,38.529,33
2021,11,28,Kansas State,Big 12,6,3,76.923,103.208,15,0.667,0.756,-0.089,-0.528,283.516,206.593,258,188,91,91,24.473,50
2021,11,29,Boise State,Mountain West,6,4,74.185,85.431,24,0.600,0.743,-0.143,-0.872,237.600,163.415,297,201,125,123,26.152,45
2021,11,30,Western Kentucky,Conference USA,5,4,73.845,15.359,66,0.556,0.534,0.021,0.174,316.964,243.119,355,265,112,109,-49.519,108
2021,11,31,Arizona State,Pac-12,6,3,72.431,96.384,19,0.667,0.752,-0.086,-0.506,259.223,186.792,267,198,103,106,20.208,56
2021,11,32,Iowa,Big Ten,8,2,66.736,81.411,27,0.800,0.781,0.019,0.162,185.714,118.978,247,163,133,137,23.667,53
2021,11,33,Penn State,Big Ten,5,4,65.952,123.539,8,0.556,0.857,-0.301,-1.875,196.460,130.508,222,154,113,118,57.048,12
2021,11,34,San Diego State,Mountain West,8,1,63.715,30.456,57,0.889,0.614,0.275,1.788,190.833,127.119,229,150,120,118,-30.873,91
2021,11,35,Kentucky,SEC,6,3,62.981,75.097,29,0.667,0.690,-0.023,-0.111,272.165,209.184,264,205,97,98,22.961,54
2021,11,36,Fresno State,Mountain West,7,3,59.638,33.779,53,0.700,0.608,0.092,0.626,225.564,165.926,300,224,133,135,-17.965,83
2021,11,37,Toledo,Mid-American,4,5,58.092,-4.684,79,0.444,0.484,-0.039,-0.211,228.926,170.833,277,205,121,120,-56.246,115
2021,11,38,East Carolina,American Athletic,5,4,57.998,38.789,51,0.556,0.614,-0.059,-0.334,240.351,182.353,274,217,114,119,-13.577,80
2021,11,39,Nevada,Mountain West,6,3,57.627,30.838,55,0.667,0.577,0.089,0.606,254.237,196.610,300,232,118,118,-17.982,84
2021,11,40,Ole Miss,SEC,7,2,54.812,96.079,20,0.778,0.723,0.055,0.385,283.784,228.972,315,245,111,107,57.937,11
2021,11,41,Army,FBS Independents,5,3,52.155,51.761,43,0.625,0.615,0.010,0.100,305.814,253.659,263,208,86,82,3.882,71
2021,11,42,Texas,Big 12,4,6,49.546,57.029,38,0.400,0.640,-0.240,-1.485,297.638,248.092,378,325,127,131,19.277,58
2021,11,43,Minnesota,Big Ten,6,4,49.517,66.006,33,0.600,0.676,-0.076,-0.443,225.664,176.147,255,192,113,109,10.526,65
2021,11,44,Eastern Michigan,Mid-American,5,4,47.133,-44.706,86,0.556,0.402,0.153,1.014,299.020,251.887,305,267,102,106,-69.573,121
2021,11,45,BYU,FBS Independents,7,2,45.455,83.960,25,0.778,0.706,0.072,0.495,276.768,231.313,274,229,99,99,41.149,31
2021,11,46,Auburn,SEC,5,4,43.322,73.944,30,0.556,0.698,-0.142,-0.867,244.231,200.909,254,221,104,110,50.470,18
2021,11,47,Utah State,Mountain West,7,2,40.258,20.482,63,0.778,0.554,0.224,1.463,250.877,210.619,286,238,114,113,-17.541,82
2021,11,48,Clemson,ACC,6,3,37.986,71.400,32,0.667,0.760,-0.093,-0.555,169.565,131.579,195,150,115,114,48.577,19
2021,11,49,Nebraska,Big Ten,2,7,35.918,75.691,28,0.222,0.742,-0.519,-3.263,214.679,178.761,234,202,109,113,60.400,7
2021,11,50,Oregon State,Pac-12,5,4,31.477,58.676,36,0.556,0.625,-0.069,-0.401,289.320,257.843,298,263,103,102,18.508,60
2021,11,51,North Carolina,ACC,5,5,30.776,39.405,50,0.500,0.591,-0.091,-0.542,291.406,260.630,373,331,128,127,30.325,40
2021,11,52,Purdue,Big Ten,6,4,30.519,87.721,23,0.600,0.754,-0.154,-0.942,213.445,182.927,254,225,119,123,71.283,2
2021,11,53,UAB,Conference USA,6,3,29.116,4.577,71,0.667,0.513,0.153,1.014,226.364,197.248,249,215,110,109,-33.543,96
2021,11,54,Louisville,ACC,4,5,26.007,83.256,26,0.444,0.720,-0.275,-1.710,238.938,212.931,270,247,113,116,61.907,6
2021,11,55,UCLA,Pac-12,6,4,24.620,53.557,42,0.600,0.631,-0.031,-0.157,245.588,220.968,334,274,136,124,23.965,52
2021,11,56,Arkansas,SEC,6,3,24.239,54.558,40,0.667,0.647,0.019,0.162,231.579,207.339,264,226,114,109,40.640,32
2021,11,57,Florida,SEC,4,5,23.085,54.150,41,0.444,0.649,-0.204,-1.261,234.513,211.429,265,222,113,105,43.511,28
2021,11,58,Washington,Pac-12,4,5,21.154,25.759,60,0.444,0.586,-0.141,-0.858,212.500,191.346,221,199,104,104,31.121,38
2021,11,59,Mississippi State,SEC,6,4,18.075,62.757,34,0.600,0.660,-0.060,-0.343,247.899,229.825,295,262,119,114,47.523,22
2021,11,60,Florida State,ACC,4,5,17.461,54.830,39,0.444,0.654,-0.209,-1.292,230.172,212.712,267,251,116,118,52.557,16
2021,11,61,Boston College,ACC,5,4,16.697,22.519,61,0.556,0.565,-0.009,-0.018,209.901,193.204,212,199,101,103,-4.149,74
2021,11,62,Virginia Tech,ACC,4,5,15.967,32.512,54,0.444,0.602,-0.158,-0.965,207.477,191.509,222,203,107,106,18.226,61
2021,11,63,South Alabama,Sun Belt,4,5,15.498,-88.379,107,0.444,0.261,0.183,1.202,214.545,199.048,236,209,110,105,-111.423,129
2021,11,64,Middle Tennessee,Conference USA,4,5,15.057,-50.472,89,0.444,0.359,0.086,0.585,226.724,211.667,263,254,116,120,-59.244,117
2021,11,65,Virginia,ACC,5,4,11.568,28.676,59,0.556,0.570,-0.015,-0.055,276.786,265.217,310,305,112,115,42.030,30
2021,11,66,Memphis,American Athletic,4,5,11.328,-2.982,76,0.444,0.492,-0.048,-0.266,250.459,239.130,273,275,109,115,-19.634,86
2021,11,67,Florida Atlantic,Conference USA,4,5,9.346,-51.169,90,0.444,0.349,0.095,0.645,211.215,201.869,226,216,107,107,-53.212,111
2021,11,68,Colorado State,Mountain West,3,6,9.322,-4.616,78,0.333,0.485,-0.152,-0.928,174.576,165.254,206,195,118,118,-8.216,77
2021,11,69,Wyoming,Mountain West,4,5,9.010,-29.858,80,0.444,0.408,0.036,0.270,193.269,184.259,201,199,104,108,-34.788,98
2021,11,70,USC,Pac-12,4,5,3.324,16.089,65,0.444,0.540,-0.095,-0.566,250.943,247.619,266,260,106,105,28.146,41
2021,11,71,California,Pac-12,2,6,1.272,17.649,64,0.250,0.565,-0.315,-1.962,180.220,178.947,164,170,91,95,19.532,57
2021,11,72,Central Michigan,Mid-American,5,4,0.877,-70.399,100,0.556,0.326,0.229,1.496,250.442,249.565,283,287,113,115,-74.531,125
2021,11,73,Miami (OH),Mid-American,4,5,-0.106,-37.405,85,0.444,0.374,0.070,0.484,211.215,211.321,226,224,107,106,-42.658,105
2021,11,74,Tennessee,SEC,4,5,-0.638,49.371,46,0.444,0.617,-0.173,-1.058,267.544,268.182,305,295,114,110,59.547,8
2021,11,75,UTEP,Conference USA,5,4,-3.178,-67.188,98,0.556,0.295,0.260,1.692,181.081,184.259,201,199,111,108,-71.881,123
2021,11,76,Texas Tech,Big 12,5,4,-8.162,-4.340,77,0.556,0.491,0.065,0.451,308.000,316.162,308,313,100,99,8.007,68
2021,11,77,UCF,American Athletic,5,4,-10.181,-1.660,74,0.556,0.495,0.061,0.423,214.167,224.348,257,258,120,115,10.453,66
2021,11,78,Syracuse,ACC,4,5,-12.963,40.413,48,0.444,0.623,-0.178,-1.095,190.741,203.704,206,220,108,108,36.922,35
2021,11,79,LSU,SEC,3,6,-20.000,40.098,49,0.333,0.617,-0.284,-1.767,215.455,235.455,237,259,110,110,62.886,5
2021,11,80,Rutgers,Big Ten,4,5,-25.894,14.643,67,0.444,0.558,-0.113,-0.681,155.462,181.356,185,214,119,118,45.556,24
2021,11,81,Troy,Sun Belt,4,5,-28.512,-102.812,111,0.444,0.220,0.224,1.465,178.761,207.273,202,228,113,110,-70.147,122
2021,11,82,Washington State,Pac-12,4,5,-30.061,35.783,52,0.444,0.613,-0.169,-1.034,199.065,229.126,213,236,107,103,58.619,9
2021,11,83,South Carolina,SEC,4,5,-33.709,9.663,68,0.444,0.530,-0.086,-0.506,176.636,210.345,189,244,107,116,35.646,36
2021,11,84,Western Michigan,Mid-American,5,4,-33.912,-87.281,106,0.556,0.299,0.256,1.668,249.107,283.019,279,300,112,106,-45.983,107
2021,11,85,Northern Illinois,Mid-American,6,3,-36.586,-57.991,95,0.667,0.360,0.306,1.985,256.075,292.661,274,319,107,109,-42.537,104
2021,11,86,Ball State,Mid-American,4,5,-37.250,-57.843,94,0.444,0.341,0.104,0.698,212.264,249.515,225,257,106,103,-29.595,89
2021,11,87,Illinois,Big Ten,4,6,-37.607,7.672,70,0.400,0.528,-0.128,-0.773,147.009,184.615,172,216,117,117,43.246,29
2021,11,88,Buffalo,Mid-American,3,6,-43.519,-123.530,112,0.333,0.217,0.116,0.777,233.333,276.852,252,299,108,108,-78.328,127
2021,11,89,Stanford,Pac-12,3,7,-45.229,0.323,72,0.300,0.501,-0.201,-1.239,189.655,234.884,220,303,116,129,54.024,15
2021,11,90,Louisiana Tech,Conference USA,2,7,-46.375,-51.512,91,0.222,0.367,-0.145,-0.880,213.274,259.649,241,296,113,114,-8.097,76
2021,11,91,Tulsa,American Athletic,4,5,-48.034,-35.527,83,0.444,0.393,0.052,0.367,187.931,235.965,218,269,116,114,12.702,63
2021,11,92,Georgia Tech,ACC,2,7,-48.310,-35.104,82,0.222,0.408,-0.186,-1.142,213.158,261.468,243,285,114,109,16.387,62
2021,11,93,Miami,ACC,4,5,-48.985,20.815,62,0.444,0.560,-0.115,-0.693,207.317,256.303,255,305,123,119,69.032,3
2021,11,94,West Virginia,Big 12,3,6,-50.327,9.423,69,0.333,0.530,-0.197,-1.212,183.654,233.981,191,241,104,103,58.590,10
2021,11,95,Old Dominion,Conference USA,3,6,-50.877,-79.438,102,0.333,0.269,0.064,0.447,188.596,239.474,215,273,114,114,-31.571,94
2021,11,96,Georgia State,Sun Belt,5,5,-51.014,-68.629,99,0.500,0.297,0.203,1.328,204.918,255.932,250,302,122,118,-31.180,92
2021,11,97,Charlotte,Conference USA,4,5,-51.476,-125.166,113,0.444,0.231,0.214,1.398,232.990,284.466,226,293,97,103,-72.867,124
2021,11,98,Hawai'i,Mountain West,3,7,-53.783,-76.297,101,0.300,0.282,0.018,0.153,182.308,236.090,237,314,130,133,-30.569,90
2021,11,99,San José State,Mountain West,4,6,-57.341,-85.496,105,0.400,0.225,0.175,1.152,144.186,201.527,186,264,129,131,-37.075,101
2021,11,100,Ohio,Mid-American,3,6,-67.327,-128.143,115,0.333,0.193,0.140,0.928,209.901,277.228,212,280,101,101,-68.580,120
2021,11,101,Missouri,SEC,4,5,-67.836,-36.120,84,0.444,0.419,0.025,0.200,241.509,309.346,256,331,106,107,26.320,44
2021,11,102,North Texas,Conference USA,3,6,-69.231,-91.714,108,0.333,0.253,0.080,0.549,175.214,244.444,205,286,117,117,-38.569,102
2021,11,103,TCU,Big 12,3,6,-81.905,-0.056,73,0.333,0.500,-0.167,-1.020,241.905,323.810,254,340,105,105,63.093,4
2021,11,104,Georgia Southern,Sun Belt,2,7,-86.533,-152.393,122,0.222,0.115,0.107,0.720,162.185,248.718,193,291,119,117,-60.520,118
2021,11,105,Texas State,Sun Belt,3,6,-94.099,-150.698,121,0.333,0.140,0.194,1.270,178.378,272.477,198,297,111,109,-78.251,126
2021,11,106,Colorado,Pac-12,2,7,-94.227,-54.800,92,0.222,0.332,-0.110,-0.658,153.922,248.148,157,268,102,108,50.982,17
2021,11,107,Maryland,Big Ten,4,5,-95.439,-30.687,81,0.444,0.415,0.029,0.223,180.000,275.439,207,314,115,114,44.368,26
2021,11,108,Kent State,Mid-American,4,5,-98.865,-141.241,119,0.444,0.200,0.245,1.595,217.949,316.814,255,358,117,113,-53.599,112
2021,11,109,Bowling Green,Mid-American,2,7,-100.000,-156.191,123,0.222,0.118,0.104,0.700,180.357,280.357,202,314,112,112,-58.320,116
2021,11,110,UNLV,Mountain West,2,7,-102.022,-93.146,109,0.222,0.253,-0.031,-0.157,170.093,272.115,182,283,107,104,4.471,69
2021,11,111,Northwestern,Big Ten,2,7,-103.571,-58.040,96,0.222,0.328,-0.106,-0.637,131.250,234.821,147,263,112,112,46.578,23
2021,11,112,UL Monroe,Sun Belt,3,6,-112.048,-125.185,114,0.333,0.179,0.154,1.020,177.119,289.167,209,347,118,120,-41.231,103
2021,11,113,South Florida,American Athletic,1,8,-112.096,-49.603,87,0.111,0.381,-0.270,-1.679,202.857,314.953,213,337,105,107,38.201,34
2021,11,114,Arizona,Pac-12,1,8,-114.565,-59.599,97,0.111,0.324,-0.213,-1.314,143.925,258.491,154,274,107,106,45.186,25
2021,11,115,New Mexico,Mountain West,2,7,-117.186,-131.944,117,0.222,0.123,0.099,0.668,98.198,215.385,109,252,111,117,-15.960,81
2021,11,116,Navy,American Athletic,2,7,-118.762,-56.583,93,0.222,0.336,-0.114,-0.686,152.525,271.287,151,274,99,101,48.150,20
2021,11,117,Duke,ACC,2,7,-124.194,-101.729,110,0.222,0.192,0.031,0.233,158.871,283.065,197,351,124,124,-4.190,75
2021,11,118,Tulane,American Athletic,0,9,-145.669,-85.414,104,0.000,0.271,-0.271,-1.685,161.538,307.207,189,341,117,111,47.528,21
2021,11,119,Arkansas State,Sun Belt,1,8,-150.931,-163.757,124,0.111,0.148,-0.037,-0.193,176.800,327.731,221,390,125,119,-33.574,97
2021,11,120,Vanderbilt,SEC,2,7,-153.202,-83.219,103,0.222,0.252,-0.030,-0.151,132.143,285.345,148,331,112,116,25.339,49
2021,11,121,Indiana,Big Ten,1,8,-154.976,-49.830,88,0.111,0.338,-0.227,-1.402,111.111,266.087,130,306,117,115,85.161,1
2021,11,122,Rice,Conference USA,2,7,-175.709,-137.312,118,0.222,0.127,0.095,0.642,133.636,309.346,147,331,110,107,-19.585,85
2021,11,123,New Mexico State,FBS Independents,0,9,-176.379,-177.419,127,0.000,0.121,-0.121,-0.730,140.000,316.379,168,367,120,116,-21.024,88
2021,11,124,Southern Miss,Conference USA,0,9,-184.747,-199.518,129,0.000,0.040,-0.040,-0.217,89.565,274.312,103,299,115,109,-35.191,99
2021,11,125,Florida International,Conference USA,0,9,-185.406,-218.013,130,0.000,0.059,-0.059,-0.334,150.877,336.283,172,380,114,113,-53.965,114
2021,11,126,Akron,Mid-American,1,8,-191.474,-179.728,128,0.111,0.137,-0.026,-0.127,185.294,376.768,189,373,102,99,-50.887,110
2021,11,127,Temple,American Athletic,2,7,-197.560,-131.416,116,0.222,0.150,0.073,0.500,124.762,322.321,131,361,105,112,0.321,73
2021,11,128,UConn,FBS Independents,0,8,-203.864,-168.338,125,0.000,0.094,-0.094,-0.562,101.961,305.825,104,315,102,103,-11.721,79
2021,11,129,Kansas,Big 12,1,8,-246.944,-144.172,120,0.111,0.188,-0.077,-0.452,167.619,414.563,176,427,105,103,56.625,14
2021,11,130,Massachusetts,FBS Independents,1,7,-268.617,-174.882,126,0.125,0.097,0.028,0.214,125.000,393.617,120,370,96,94,3.658,72
2021,12,1,Georgia,SEC,10,0,269.755,240.618,1,1.000,0.989,0.011,0.103,333.621,63.866,387,76,116,119,32.822,41
2021,12,2,Ohio State,Big Ten,10,1,241.368,196.327,2,0.909,0.884,0.025,0.198,396.183,154.815,519,209,131,135,21.939,56
2021,12,3,Alabama,SEC,9,1,202.957,163.494,3,0.900,0.855,0.045,0.331,366.667,163.710,440,203,120,124,14.424,62
2021,12,4,Coastal Carolina,Sun Belt,8,2,177.876,29.260,56,0.800,0.574,0.226,1.535,359.292,181.416,406,205,113,113,-109.880,130
2021,12,5,Cincinnati,American Athletic,10,0,173.716,121.110,11,1.000,0.807,0.193,1.315,313.386,139.669,398,169,127,121,-24.590,89
2021,12,6,Michigan,Big Ten,10,1,171.367,157.622,4,0.909,0.872,0.037,0.276,302.985,131.618,406,179,134,136,15.330,61
2021,12,7,Oklahoma State,Big 12,9,1,132.067,129.435,9,0.900,0.903,-0.003,0.014,247.692,115.625,322,148,130,128,29.666,45
2021,12,8,Notre Dame,FBS Independents,10,1,131.513,151.649,5,0.909,0.878,0.031,0.236,277.941,146.429,378,205,136,140,34.447,38
2021,12,9,App State,Sun Belt,8,2,125.753,62.260,39,0.800,0.664,0.136,0.934,298.333,172.581,358,214,120,124,-39.319,99
2021,12,10,Louisiana,Sun Belt,9,1,121.848,22.964,60,0.900,0.567,0.333,2.242,284.348,162.500,327,182,115,112,-68.690,123
2021,12,11,Utah,Pac-12,7,3,119.156,143.270,6,0.700,0.814,-0.114,-0.728,322.727,203.571,355,228,110,112,36.919,34
2021,12,12,UTSA,Conference USA,10,0,118.852,46.378,43,1.000,0.617,0.383,2.572,300.000,181.148,366,221,122,122,-59.579,116
2021,12,13,Pittsburgh,ACC,8,2,117.386,92.704,19,0.800,0.730,0.070,0.495,309.924,192.537,406,258,131,134,-15.680,83
2021,12,14,Houston,American Athletic,9,1,114.942,62.677,38,0.900,0.676,0.224,1.518,286.260,171.318,375,221,131,129,-42.874,102
2021,12,15,Marshall,Conference USA,6,4,110.988,33.368,54,0.600,0.600,-0.000,0.028,270.079,159.091,343,210,127,132,-60.573,118
2021,12,16,Boise State,Mountain West,7,4,98.519,89.700,23,0.636,0.757,-0.121,-0.770,247.407,148.889,334,201,135,135,10.355,65
2021,12,17,NC State,ACC,7,3,93.124,124.334,10,0.700,0.856,-0.156,-1.008,242.748,149.624,318,199,131,133,30.835,43
2021,12,18,Texas A&M,SEC,7,3,90.551,96.051,18,0.700,0.821,-0.121,-0.775,217.323,126.772,276,161,127,127,15.545,60
2021,12,19,Oklahoma,Big 12,9,1,90.528,114.462,12,0.900,0.748,0.152,1.039,325.926,235.398,352,266,108,113,24.444,53
2021,12,20,Kentucky,SEC,7,3,90.139,73.338,31,0.700,0.687,0.013,0.117,285.714,195.575,320,221,112,113,7.749,66
2021,12,21,Western Kentucky,Conference USA,6,4,88.016,17.389,64,0.600,0.539,0.061,0.436,323.016,235.000,407,282,126,120,-57.689,112
2021,12,22,Liberty,FBS Independents,6,4,87.180,24.153,58,0.600,0.569,0.031,0.235,261.983,174.803,317,222,121,127,-49.041,108
2021,12,23,Iowa State,Big 12,5,5,86.894,98.633,15,0.500,0.764,-0.264,-1.720,272.727,185.833,330,223,121,120,36.856,35
2021,12,24,Baylor,Big 12,8,2,85.365,107.539,13,0.800,0.795,0.005,0.068,261.017,175.652,308,202,118,115,30.250,44
2021,12,25,Wisconsin,Big Ten,8,3,81.851,139.696,7,0.727,0.885,-0.157,-1.013,213.669,131.818,297,174,139,132,56.827,7
2021,12,26,Penn State,Big Ten,6,4,81.746,129.938,8,0.600,0.872,-0.272,-1.776,198.413,116.667,250,154,126,132,48.558,13
2021,12,27,Wake Forest,ACC,8,2,77.884,106.854,14,0.800,0.725,0.075,0.532,320.741,242.857,433,323,135,133,26.914,49
2021,12,28,Air Force,Mountain West,7,3,70.185,66.347,34,0.700,0.677,0.023,0.181,258.036,187.850,289,201,112,107,-7.505,78
2021,12,29,Iowa,Big Ten,9,2,68.108,84.110,26,0.818,0.780,0.038,0.283,190.476,122.368,280,186,147,152,24.126,54
2021,12,30,San Diego State,Mountain West,9,1,65.414,31.369,55,0.900,0.614,0.286,1.930,196.183,130.769,257,170,131,130,-32.615,95
2021,12,31,Kansas State,Big 12,6,4,64.078,97.822,17,0.600,0.749,-0.149,-0.959,268.000,203.922,268,208,100,102,34.031,40
2021,12,32,Army,FBS Independents,6,3,63.768,40.056,48,0.667,0.591,0.076,0.533,308.333,244.565,296,225,96,92,-20.280,87
2021,12,33,Toledo,Mid-American,5,5,62.318,-5.587,75,0.500,0.482,0.018,0.154,236.364,174.046,312,228,132,131,-62.902,119
2021,12,34,Minnesota,Big Ten,7,4,62.204,74.111,30,0.636,0.695,-0.059,-0.359,233.871,171.667,290,206,124,120,6.319,67
2021,12,35,SMU,American Athletic,7,3,61.180,40.984,46,0.700,0.599,0.101,0.703,292.188,231.008,374,298,128,129,-18.113,86
2021,12,36,Ole Miss,SEC,8,2,61.133,92.130,20,0.800,0.718,0.082,0.574,281.301,220.168,346,262,123,119,46.136,19
2021,12,37,Fresno State,Mountain West,7,3,59.638,36.853,51,0.700,0.618,0.082,0.575,225.564,165.926,300,224,133,135,-14.891,82
2021,12,38,East Carolina,American Athletic,6,4,56.784,34.235,52,0.600,0.592,0.008,0.086,253.659,196.875,312,252,123,128,-16.228,84
2021,12,39,Louisville,ACC,5,5,55.931,85.919,25,0.500,0.716,-0.216,-1.404,267.742,211.811,332,269,124,127,41.250,30
2021,12,40,Arizona State,Pac-12,6,4,55.389,82.193,27,0.600,0.734,-0.134,-0.856,245.133,189.744,277,222,113,117,25.453,50
2021,12,41,BYU,FBS Independents,8,2,54.312,72.453,32,0.800,0.677,0.123,0.850,280.000,225.688,308,246,110,109,20.013,58
2021,12,42,Nevada,Mountain West,6,4,52.791,40.496,47,0.600,0.597,0.003,0.049,262.791,210.000,339,273,129,130,-4.730,74
2021,12,43,Oregon,Pac-12,8,2,52.628,89.002,24,0.800,0.703,0.097,0.678,276.106,223.478,312,257,113,115,40.545,31
2021,12,44,Clemson,ACC,7,3,50.474,89.942,22,0.700,0.805,-0.105,-0.664,189.844,139.370,243,177,128,127,53.248,9
2021,12,45,UCLA,Pac-12,7,4,43.308,67.091,33,0.636,0.658,-0.022,-0.114,265.772,222.464,396,307,149,138,18.961,59
2021,12,46,Eastern Michigan,Mid-American,6,4,43.227,-47.583,87,0.600,0.390,0.210,1.424,289.381,246.154,327,288,113,117,-70.872,126
2021,12,47,Tennessee,SEC,5,5,40.780,63.914,36,0.500,0.649,-0.149,-0.961,292.000,251.220,365,309,125,123,45.661,22
2021,12,48,Purdue,Big Ten,7,4,40.645,91.173,21,0.636,0.755,-0.119,-0.760,221.705,181.061,286,239,129,132,61.280,4
2021,12,49,Michigan State,Big Ten,8,2,39.849,98.594,16,0.800,0.753,0.047,0.341,246.825,206.977,311,267,126,129,41.771,27
2021,12,50,Texas,Big 12,4,7,39.538,53.074,41,0.364,0.629,-0.265,-1.732,288.489,248.951,401,356,139,143,24.814,51
2021,12,51,Oregon State,Pac-12,6,4,38.706,76.149,29,0.600,0.668,-0.068,-0.423,282.456,243.750,322,273,114,112,28.181,47
2021,12,52,Auburn,SEC,5,5,37.719,65.318,35,0.500,0.677,-0.177,-1.143,237.719,200.000,271,242,114,121,46.282,18
2021,12,53,California,Pac-12,3,6,31.822,41.204,45,0.333,0.642,-0.309,-2.019,200.980,169.159,205,181,102,107,13.670,64
2021,12,54,Wyoming,Mountain West,5,5,30.889,-9.168,77,0.500,0.472,0.028,0.219,209.402,178.512,245,216,117,121,-34.375,97
2021,12,55,North Carolina,ACC,5,5,30.776,33.560,53,0.500,0.578,-0.078,-0.486,291.406,260.630,373,331,128,127,24.480,52
2021,12,56,Nebraska,Big Ten,2,8,27.204,77.038,28,0.200,0.727,-0.527,-3.468,218.333,191.129,262,237,120,124,69.640,2
2021,12,57,UAB,Conference USA,6,4,23.905,6.160,68,0.600,0.517,0.083,0.580,231.405,207.500,280,249,121,120,-25.420,90
2021,12,58,Miami (OH),Mid-American,5,5,22.206,-31.928,84,0.500,0.392,0.108,0.749,213.115,190.909,260,231,122,121,-54.656,111
2021,12,59,Florida,SEC,4,6,20.049,45.290,44,0.400,0.630,-0.230,-1.499,226.772,206.723,288,246,127,119,36.430,36
2021,12,60,Mississippi State,SEC,6,4,18.075,60.492,40,0.600,0.655,-0.055,-0.333,247.899,229.825,295,262,119,114,45.258,24
2021,12,61,Arkansas,SEC,6,4,17.629,62.932,37,0.600,0.664,-0.064,-0.397,237.302,219.672,299,268,126,122,53.547,8
2021,12,62,Florida State,ACC,5,5,16.646,51.593,42,0.500,0.646,-0.146,-0.935,230.709,214.062,293,274,127,128,48.911,12
2021,12,63,Central Michigan,Mid-American,6,4,16.630,-48.975,88,0.600,0.377,0.223,1.513,256.000,239.370,320,304,125,127,-69.361,124
2021,12,64,Utah State,Mountain West,7,3,14.773,-3.360,74,0.700,0.491,0.209,1.419,238.583,223.810,303,282,127,126,-16.811,85
2021,12,65,Washington,Pac-12,4,6,14.738,13.708,67,0.400,0.545,-0.145,-0.935,205.172,190.435,238,219,116,115,22.548,55
2021,12,66,Boston College,ACC,5,5,14.343,23.597,59,0.500,0.567,-0.067,-0.416,211.712,197.368,235,225,111,114,0.233,71
2021,12,67,UCF,American Athletic,6,4,13.488,0.694,70,0.600,0.502,0.098,0.682,226.667,213.178,306,275,135,129,-6.262,75
2021,12,68,Middle Tennessee,Conference USA,4,6,6.536,-64.331,96,0.400,0.318,0.082,0.575,218.750,212.214,280,278,128,131,-64.574,121
2021,12,69,Virginia Tech,ACC,4,6,4.166,17.239,65,0.400,0.553,-0.153,-0.983,208.403,204.237,248,241,119,118,14.381,63
2021,12,70,UTEP,Conference USA,6,4,3.575,-68.720,99,0.600,0.302,0.298,2.010,192.742,189.167,239,227,124,120,-78.842,128
2021,12,71,Colorado State,Mountain West,3,7,3.077,-15.229,79,0.300,0.454,-0.154,-0.990,184.559,181.481,251,245,136,135,-14.057,81
2021,12,72,Virginia,ACC,5,5,2.547,22.717,61,0.500,0.555,-0.055,-0.335,276.190,273.643,348,353,126,129,41.879,26
2021,12,73,Memphis,American Athletic,4,6,-2.699,-10.903,78,0.400,0.471,-0.071,-0.439,236.364,239.062,286,306,121,128,-12.876,80
2021,12,74,LSU,SEC,4,6,-5.589,38.289,50,0.400,0.613,-0.213,-1.384,218.182,223.770,264,273,121,122,45.919,20
2021,12,75,Washington State,Pac-12,5,5,-6.569,38.377,49,0.500,0.618,-0.118,-0.750,212.397,218.966,257,254,121,116,41.347,29
2021,12,76,Florida Atlantic,Conference USA,4,6,-15.555,-63.373,94,0.400,0.311,0.089,0.624,205.932,221.488,243,268,118,121,-48.524,107
2021,12,77,Tulsa,American Athletic,5,5,-16.584,-20.710,81,0.500,0.438,0.062,0.441,203.101,219.685,262,279,129,127,1.157,70
2021,12,78,USC,Pac-12,4,6,-23.715,0.045,71,0.400,0.500,-0.100,-0.634,249.167,272.881,299,322,120,118,34.248,39
2021,12,79,Texas Tech,Big 12,5,5,-27.434,-8.046,76,0.500,0.482,0.018,0.151,272.566,300.000,308,336,113,112,20.758,57
2021,12,80,South Alabama,Sun Belt,4,6,-28.645,-91.461,108,0.400,0.254,0.146,1.002,203.252,231.897,250,269,123,116,-84.789,129
2021,12,81,South Carolina,SEC,5,5,-29.177,20.310,62,0.500,0.563,-0.063,-0.390,177.966,207.143,210,261,118,126,41.603,28
2021,12,82,North Texas,Conference USA,4,6,-30.000,-86.342,107,0.400,0.258,0.142,0.975,195.385,225.385,254,293,130,130,-60.051,117
2021,12,83,Northern Illinois,Mid-American,7,3,-30.350,-56.697,91,0.700,0.364,0.336,2.262,257.983,288.333,307,346,119,120,-45.743,106
2021,12,84,Western Michigan,Mid-American,5,5,-31.311,-82.843,105,0.500,0.302,0.198,1.348,243.902,275.214,300,322,123,117,-44.765,105
2021,12,85,Syracuse,ACC,4,6,-35.353,16.119,66,0.400,0.548,-0.148,-0.950,185.833,221.186,223,261,120,118,39.810,32
2021,12,86,Miami,ACC,5,5,-35.635,28.956,57,0.500,0.579,-0.079,-0.496,217.037,252.672,293,331,135,131,62.352,3
2021,12,87,West Virginia,Big 12,4,6,-38.186,20.017,63,0.400,0.562,-0.162,-1.048,191.379,229.565,222,264,116,115,57.601,6
2021,12,88,Old Dominion,Conference USA,4,6,-38.959,-79.622,103,0.400,0.266,0.134,0.923,191.200,230.159,239,290,125,126,-44.193,104
2021,12,89,Georgia State,Sun Belt,6,5,-40.230,-68.457,98,0.545,0.295,0.250,1.692,207.463,247.692,278,322,134,130,-40.473,100
2021,12,90,Buffalo,Mid-American,3,7,-42.213,-118.273,113,0.300,0.226,0.074,0.523,234.454,276.667,279,332,119,120,-74.637,127
2021,12,91,Illinois,Big Ten,4,7,-42.349,5.155,69,0.364,0.518,-0.155,-0.997,147.727,190.076,195,249,132,131,44.985,25
2021,12,92,Hawai'i,Mountain West,4,7,-42.510,-63.408,95,0.364,0.323,0.041,0.301,195.238,237.748,287,359,147,151,-25.849,91
2021,12,93,Rutgers,Big Ten,4,6,-45.635,-1.600,72,0.400,0.494,-0.094,-0.591,139.098,184.733,185,242,133,131,47.761,16
2021,12,94,Ball State,Mid-American,4,6,-50.567,-74.317,101,0.400,0.300,0.100,0.692,205.085,255.652,242,294,118,115,-32.227,93
2021,12,95,Louisiana Tech,Conference USA,2,8,-55.553,-81.827,104,0.200,0.298,-0.098,-0.620,211.382,266.935,260,331,123,124,-26.753,92
2021,12,96,Troy,Sun Belt,4,6,-56.570,-103.745,110,0.400,0.212,0.188,1.278,167.200,223.770,209,273,125,122,-51.013,109
2021,12,97,San José State,Mountain West,4,6,-57.341,-84.862,106,0.400,0.224,0.176,1.200,144.186,201.527,186,264,129,131,-36.442,98
2021,12,98,Kent State,Mid-American,5,5,-59.043,-108.892,111,0.500,0.248,0.252,1.708,234.400,293.443,293,358,125,122,-65.014,122
2021,12,99,Missouri,SEC,5,5,-59.229,-20.545,80,0.500,0.452,0.048,0.349,233.333,292.562,280,354,120,121,34.936,37
2021,12,100,Stanford,Pac-12,3,8,-65.246,-20.861,82,0.273,0.438,-0.166,-1.069,180.469,245.714,231,344,128,140,51.856,10
2021,12,101,Charlotte,Conference USA,4,6,-65.272,-137.903,118,0.400,0.220,0.180,1.226,237.383,302.655,254,342,107,113,-69.834,125
2021,12,102,TCU,Big 12,4,6,-66.704,-3.323,73,0.400,0.492,-0.092,-0.581,247.826,314.530,285,368,115,117,45.845,21
2021,12,103,Ohio,Mid-American,3,7,-71.429,-123.927,115,0.300,0.211,0.089,0.621,209.821,281.250,235,315,112,112,-59.411,115
2021,12,104,Colorado,Pac-12,3,7,-80.863,-43.896,86,0.300,0.364,-0.064,-0.396,156.637,237.500,177,285,113,120,47.293,17
2021,12,105,Georgia Southern,Sun Belt,2,8,-91.116,-140.380,120,0.200,0.137,0.063,0.449,162.791,253.906,210,325,129,128,-43.785,103
2021,12,106,Georgia Tech,ACC,2,8,-91.995,-42.978,85,0.200,0.382,-0.182,-1.176,191.339,283.333,243,340,127,120,28.819,46
2021,12,107,Texas State,Sun Belt,3,7,-97.158,-142.024,121,0.300,0.159,0.141,0.966,179.508,276.667,219,332,122,120,-64.095,120
2021,12,108,UNLV,Mountain West,2,8,-100.687,-91.804,109,0.200,0.261,-0.061,-0.375,169.748,270.435,202,311,119,115,4.839,68
2021,12,109,Tulane,American Athletic,1,9,-106.290,-60.265,92,0.100,0.331,-0.231,-1.502,180.000,286.290,234,355,130,124,37.844,33
2021,12,110,Northwestern,Big Ten,2,8,-108.745,-62.467,93,0.200,0.317,-0.117,-0.747,133.058,241.803,161,295,121,122,48.134,14
2021,12,111,Bowling Green,Mid-American,2,8,-109.449,-159.272,124,0.200,0.114,0.086,0.603,164.567,274.016,209,348,127,127,-53.188,110
2021,12,112,Navy,American Athletic,2,8,-111.414,-49.648,89,0.200,0.368,-0.168,-1.083,172.222,283.636,186,312,108,110,47.945,15
2021,12,113,UL Monroe,Sun Belt,3,7,-113.958,-121.915,114,0.300,0.185,0.115,0.796,171.538,285.496,223,374,130,131,-33.478,96
2021,12,114,Maryland,Big Ten,4,6,-120.624,-30.826,83,0.400,0.417,-0.017,-0.080,173.077,293.701,225,373,130,127,60.108,5
2021,12,115,Arizona,Pac-12,1,9,-121.667,-66.626,97,0.100,0.307,-0.207,-1.343,143.333,265.000,172,318,120,120,45.262,23
2021,12,116,South Florida,American Athletic,1,9,-125.960,-73.299,100,0.100,0.325,-0.225,-1.461,192.373,318.333,227,382,118,120,27.264,48
2021,12,117,New Mexico,Mountain West,2,8,-138.941,-135.898,117,0.200,0.111,0.089,0.622,88.618,227.559,109,289,123,127,-3.512,73
2021,12,118,Arkansas State,Sun Belt,1,9,-143.172,-156.394,123,0.100,0.158,-0.058,-0.355,175.912,319.084,241,418,137,131,-32.563,94
2021,12,119,Duke,ACC,2,8,-143.704,-115.480,112,0.200,0.177,0.023,0.187,162.222,305.926,219,413,135,135,-2.240,72
2021,12,120,Vanderbilt,SEC,2,8,-149.748,-78.443,102,0.200,0.263,-0.063,-0.386,133.065,282.812,165,362,124,128,30.926,42
2021,12,121,Southern Miss,Conference USA,1,9,-156.827,-173.296,128,0.100,0.072,0.028,0.217,110.400,267.227,138,318,125,119,-41.401,101
2021,12,122,Indiana,Big Ten,1,9,-158.135,-55.906,90,0.100,0.325,-0.225,-1.461,112.500,270.635,144,341,128,126,84.677,1
2021,12,123,Rice,Conference USA,2,8,-164.057,-133.617,116,0.200,0.143,0.057,0.407,143.443,307.500,175,369,122,120,-21.765,88
2021,12,124,New Mexico State,FBS Independents,0,10,-186.604,-170.518,126,0.000,0.121,-0.121,-0.775,136.296,322.901,184,423,135,131,-11.096,79
2021,12,125,Florida International,Conference USA,0,10,-199.531,-227.167,130,0.000,0.048,-0.048,-0.287,140.945,340.476,179,429,127,126,-57.986,113
2021,12,126,UConn,FBS Independents,0,9,-204.164,-166.284,125,0.000,0.101,-0.101,-0.642,104.310,308.475,121,364,116,118,-7.228,76
2021,12,127,Temple,American Athletic,2,8,-204.508,-147.471,122,0.200,0.125,0.075,0.529,119.492,324.000,141,405,118,125,-7.369,77
2021,12,128,Akron,Mid-American,1,9,-213.842,-209.485,129,0.100,0.093,0.007,0.076,170.270,384.112,189,411,111,107,-58.528,114
2021,12,129,Kansas,Big 12,1,9,-230.951,-138.046,119,0.100,0.199,-0.099,-0.627,174.359,405.310,204,458,117,113,50.338,11
2021,12,130,Massachusetts,FBS Independents,1,8,-258.255,-171.823,127,0.111,0.100,0.011,0.105,129.245,387.500,137,403,106,104,4.656,69
2021,13,1,Georgia,SEC,11,0,283.482,244.016,1,1.000,0.991,0.009,0.084,342.857,59.375,432,76,126,128,29.655,48
2021,13,2,Ohio State,Big Ten,10,2,215.316,185.387,2,0.833,0.867,-0.034,-0.197,387.234,171.918,546,251,141,146,34.850,41
2021,13,3,Alabama,SEC,10,1,177.781,163.015,4,0.909,0.866,0.043,0.310,336.232,158.451,464,225,138,142,26.487,53
2021,13,4,Cincinnati,American Athletic,11,0,176.696,125.684,10,1.000,0.820,0.180,1.222,311.511,134.815,433,182,139,135,-24.844,91
2021,13,5,Coastal Carolina,Sun Belt,9,2,168.394,22.238,56,0.818,0.556,0.262,1.761,349.194,180.800,433,226,124,125,-110.657,130
2021,13,6,Michigan,Big Ten,11,1,167.870,164.170,3,0.917,0.879,0.038,0.277,308.966,141.096,448,206,145,146,24.419,56
2021,13,7,Notre Dame,FBS Independents,11,1,142.602,157.514,5,0.917,0.885,0.032,0.236,283.893,141.290,423,219,149,155,30.934,45
2021,13,8,App State,Sun Belt,9,2,135.499,58.825,39,0.818,0.659,0.159,1.080,293.893,158.394,385,217,131,137,-53.736,105
2021,13,9,Houston,American Athletic,10,1,124.061,57.487,42,0.909,0.660,0.249,1.678,291.667,167.606,420,238,144,142,-58.049,114
2021,13,10,Pittsburgh,ACC,9,2,119.293,99.929,18,0.818,0.751,0.067,0.470,305.594,186.301,437,272,143,146,-11.480,77
2021,13,11,Utah,Pac-12,8,3,118.988,147.389,6,0.727,0.826,-0.099,-0.626,316.529,197.541,383,241,121,122,39.384,33
2021,13,12,Oklahoma State,Big 12,10,1,118.426,125.765,9,0.909,0.891,0.019,0.150,245.890,127.465,359,181,146,142,35.472,39
2021,13,13,Louisiana,Sun Belt,10,1,114.338,10.678,62,0.909,0.532,0.378,2.528,274.016,159.677,348,198,127,124,-76.431,127
2021,13,14,Western Kentucky,Conference USA,7,4,108.141,36.333,51,0.636,0.582,0.055,0.390,330.935,222.794,460,303,139,136,-54.254,108
2021,13,15,Kentucky,SEC,8,3,105.691,97.730,20,0.727,0.737,-0.010,-0.040,302.439,196.748,372,242,123,123,16.699,66
2021,13,16,Iowa State,Big 12,6,5,105.448,110.547,14,0.545,0.790,-0.245,-1.596,286.364,180.916,378,237,132,131,31.246,44
2021,13,17,UTSA,Conference USA,10,1,94.710,26.512,54,0.909,0.567,0.342,2.290,290.299,195.588,389,266,134,136,-58.016,113
2021,13,18,Wake Forest,ACC,9,2,92.188,114.687,12,0.818,0.746,0.073,0.508,320.270,228.082,474,333,148,146,22.434,59
2021,13,19,Air Force,Mountain West,8,3,90.885,77.737,30,0.727,0.699,0.029,0.216,276.230,185.345,337,215,122,116,-13.442,79
2021,13,20,NC State,ACC,8,3,89.305,116.584,11,0.727,0.835,-0.107,-0.685,246.154,156.849,352,229,143,146,26.806,52
2021,13,21,Toledo,Mid-American,6,5,82.639,-3.790,72,0.545,0.488,0.058,0.409,250.694,168.056,361,242,144,144,-77.922,129
2021,13,22,Baylor,Big 12,9,2,82.354,100.235,17,0.818,0.780,0.039,0.282,261.719,179.365,335,226,128,126,25.261,55
2021,13,23,Boise State,Mountain West,7,5,81.333,81.574,29,0.583,0.736,-0.153,-0.984,233.333,152.000,350,228,150,150,14.953,67
2021,13,24,Oklahoma,Big 12,9,2,80.690,113.696,13,0.818,0.745,0.073,0.512,315.574,234.884,385,303,122,129,31.456,43
2021,13,25,Texas A&M,SEC,7,4,78.480,90.816,26,0.636,0.798,-0.162,-1.045,212.766,134.286,300,188,141,140,20.925,62
2021,13,26,Penn State,Big Ten,6,5,77.407,131.898,7,0.545,0.864,-0.319,-2.085,205.185,127.778,277,184,135,144,53.370,9
2021,13,27,Nevada,Mountain West,7,4,75.000,57.839,41,0.636,0.642,-0.006,-0.010,271.528,196.528,391,283,144,144,0.188,71
2021,13,28,Fresno State,Mountain West,8,3,74.373,52.499,46,0.727,0.664,0.063,0.448,232.877,158.503,340,233,146,147,-13.596,80
2021,13,29,Marshall,Conference USA,6,5,73.166,9.278,65,0.545,0.528,0.017,0.140,254.545,181.379,364,263,143,145,-53.790,106
2021,13,30,Wisconsin,Big Ten,8,4,71.697,128.831,8,0.667,0.868,-0.201,-1.306,209.459,137.762,310,197,148,143,58.255,7
2021,13,31,Arizona State,Pac-12,7,4,70.941,95.136,23,0.636,0.760,-0.124,-0.791,256.098,185.156,315,237,123,128,21.405,60
2021,13,32,Liberty,FBS Independents,6,5,70.865,13.343,60,0.545,0.539,0.006,0.067,254.198,183.333,333,253,131,138,-42.122,98
2021,13,33,Army,FBS Independents,7,3,69.333,52.774,45,0.700,0.622,0.078,0.544,305.607,236.275,327,241,107,102,-13.711,81
2021,13,34,Iowa,Big Ten,10,2,69.184,92.742,24,0.833,0.795,0.038,0.281,196.178,126.994,308,207,157,163,30.333,46
2021,13,35,Clemson,ACC,8,3,68.571,99.024,19,0.727,0.828,-0.101,-0.639,195.000,126.429,273,177,140,140,44.454,23
2021,13,36,San Diego State,Mountain West,10,1,66.245,52.113,47,0.909,0.687,0.222,1.497,194.521,128.276,284,186,146,145,-12.721,78
2021,13,37,Purdue,Big Ten,8,4,65.382,100.571,16,0.667,0.777,-0.111,-0.706,237.410,172.028,330,246,139,143,49.305,14
2021,13,38,Ole Miss,SEC,9,2,63.651,96.770,21,0.818,0.731,0.087,0.604,281.343,217.692,377,283,134,130,46.693,18
2021,13,39,Minnesota,Big Ten,8,4,62.084,85.424,28,0.667,0.724,-0.057,-0.353,231.852,169.767,313,219,135,129,17.894,65
2021,13,40,Oregon,Pac-12,9,2,58.611,103.879,15,0.818,0.728,0.090,0.624,289.256,230.645,350,286,121,124,45.938,19
2021,13,41,UCLA,Pac-12,8,4,58.314,92.609,25,0.667,0.712,-0.045,-0.271,273.750,215.436,438,321,160,149,27.277,51
2021,13,42,Tennessee,SEC,6,5,57.435,77.638,31,0.545,0.672,-0.127,-0.813,303.704,246.269,410,330,135,134,37.490,34
2021,13,43,Kansas State,Big 12,6,5,53.217,90.058,27,0.545,0.738,-0.193,-1.248,256.757,203.540,285,230,111,113,36.198,37
2021,13,44,SMU,American Athletic,7,4,53.043,31.040,53,0.636,0.575,0.061,0.432,285.211,232.168,405,332,142,143,-20.736,88
2021,13,45,BYU,FBS Independents,9,2,52.638,72.225,33,0.818,0.675,0.143,0.975,283.471,230.833,343,277,121,120,21.247,61
2021,13,46,Texas,Big 12,5,7,39.792,58.587,40,0.417,0.645,-0.229,-1.488,282.000,242.208,423,373,150,154,28.894,50
2021,13,47,Michigan State,Big Ten,9,2,34.058,96.495,22,0.818,0.743,0.075,0.523,247.101,213.043,341,294,138,138,49.383,13
2021,13,48,East Carolina,American Athletic,6,5,32.226,16.776,59,0.545,0.546,-0.000,0.026,237.226,205.000,325,287,137,140,-11.025,76
2021,13,49,Louisville,ACC,5,6,30.824,61.729,37,0.455,0.653,-0.199,-1.291,263.433,232.609,353,321,134,138,42.526,25
2021,13,50,Auburn,SEC,5,6,30.603,75.218,32,0.455,0.710,-0.255,-1.665,221.970,191.367,293,266,132,139,58.923,5
2021,13,51,Central Michigan,Mid-American,7,4,30.305,-33.928,85,0.636,0.410,0.227,1.529,256.204,225.899,351,314,137,139,-68.370,119
2021,13,52,Utah State,Mountain West,8,3,29.834,6.510,66,0.727,0.517,0.210,1.417,241.429,211.594,338,292,140,138,-22.619,89
2021,13,53,UAB,Conference USA,7,4,29.189,2.933,69,0.636,0.508,0.128,0.876,236.765,207.576,322,274,136,132,-32.291,94
2021,13,54,Arkansas,SEC,7,4,26.746,68.610,36,0.636,0.682,-0.045,-0.274,237.857,211.111,333,285,140,135,49.888,12
2021,13,55,Oregon State,Pac-12,6,5,26.199,70.585,34,0.545,0.653,-0.108,-0.688,285.366,259.167,351,311,123,120,40.866,29
2021,13,56,North Carolina,ACC,5,6,23.226,38.705,50,0.455,0.589,-0.134,-0.861,285.816,262.590,403,365,141,139,35.229,40
2021,13,57,Eastern Michigan,Mid-American,6,5,22.313,-65.033,95,0.545,0.346,0.199,1.348,269.600,247.287,337,319,125,129,-70.296,122
2021,13,58,Miami (OH),Mid-American,5,6,19.069,-37.604,87,0.455,0.384,0.070,0.492,225.735,206.667,307,279,136,135,-57.616,112
2021,13,59,Florida,SEC,5,6,19.040,48.614,48,0.455,0.640,-0.186,-1.205,222.857,203.817,312,267,140,131,39.685,31
2021,13,60,Nebraska,Big Ten,2,9,18.269,69.013,35,0.182,0.699,-0.517,-3.396,216.031,197.761,283,265,131,134,70.387,2
2021,13,61,UCF,American Athletic,7,4,17.044,-8.887,74,0.636,0.472,0.165,1.117,222.759,205.714,323,288,145,140,-19.921,87
2021,13,62,Washington State,Pac-12,6,5,14.813,61.523,38,0.545,0.678,-0.133,-0.852,226.718,211.905,297,267,131,126,39.677,32
2021,13,63,Florida State,ACC,5,6,14.552,46.414,49,0.455,0.634,-0.179,-1.160,225.899,211.348,314,298,139,141,44.850,20
2021,13,64,Middle Tennessee,Conference USA,5,6,12.749,-62.036,92,0.455,0.320,0.134,0.916,216.197,203.448,307,295,142,145,-68.751,120
2021,13,65,Wyoming,Mountain West,5,6,9.920,-29.807,83,0.455,0.411,0.044,0.318,202.344,192.424,259,254,128,132,-32.887,95
2021,13,66,Mississippi State,SEC,6,5,8.677,57.140,43,0.545,0.648,-0.103,-0.655,243.077,234.400,316,293,130,125,51.555,11
2021,13,67,Virginia Tech,ACC,5,6,6.046,17.409,58,0.455,0.553,-0.098,-0.623,213.077,207.031,277,265,130,128,12.662,68
2021,13,68,California,Pac-12,3,7,4.822,23.190,55,0.300,0.580,-0.280,-1.828,193.805,188.983,219,223,113,118,23.863,58
2021,13,69,Virginia,ACC,5,6,0.672,20.551,57,0.455,0.550,-0.095,-0.603,273.529,272.857,372,382,136,140,40.120,30
2021,13,70,Memphis,American Athletic,5,6,-0.438,-20.903,79,0.455,0.445,0.009,0.089,239.850,240.288,319,334,133,139,-24.557,90
2021,13,71,LSU,SEC,5,6,-1.218,54.885,44,0.455,0.655,-0.200,-1.299,217.164,218.382,291,297,134,136,58.525,6
2021,13,72,UTEP,Conference USA,6,5,-5.142,-67.018,97,0.545,0.308,0.238,1.603,194.118,199.259,264,269,136,135,-69.704,121
2021,13,73,Washington,Pac-12,4,7,-7.994,-2.863,71,0.364,0.491,-0.127,-0.816,199.206,207.200,251,259,126,125,29.720,47
2021,13,74,Miami,ACC,6,5,-10.551,33.950,52,0.545,0.592,-0.046,-0.281,231.293,241.844,340,341,147,141,44.612,21
2021,13,75,Boston College,ACC,5,6,-11.868,5.846,68,0.455,0.517,-0.063,-0.390,197.581,209.449,245,266,124,127,4.186,69
2021,13,76,Western Michigan,Mid-American,6,5,-12.745,-63.059,93,0.545,0.348,0.197,1.335,255.224,267.969,342,343,134,128,-45.799,101
2021,13,77,Tulsa,American Athletic,6,5,-12.865,-18.289,76,0.545,0.445,0.100,0.693,206.993,219.858,296,310,143,141,-0.358,72
2021,13,78,North Texas,Conference USA,5,6,-14.896,-68.465,99,0.455,0.305,0.149,1.015,207.639,222.535,299,316,144,142,-56.360,110
2021,13,79,Georgia State,Sun Belt,7,5,-14.926,-52.324,90,0.583,0.344,0.240,1.614,217.241,232.168,315,332,145,143,-48.292,103
2021,13,80,Illinois,Big Ten,5,7,-16.885,12.367,61,0.417,0.544,-0.127,-0.816,165.753,182.639,242,263,146,144,32.852,42
2021,13,81,Old Dominion,Conference USA,5,6,-19.325,-73.918,101,0.455,0.291,0.164,1.110,213.768,233.094,295,324,138,139,-57.094,111
2021,13,82,Florida Atlantic,Conference USA,4,7,-21.549,-70.668,100,0.364,0.286,0.077,0.538,196.970,218.519,260,295,132,135,-50.675,104
2021,13,83,Colorado State,Mountain West,3,8,-24.000,-22.582,81,0.273,0.428,-0.156,-1.005,174.000,198.000,261,297,150,150,-4.980,75
2021,13,84,Hawai'i,Mountain West,5,7,-24.551,-31.942,84,0.417,0.409,0.008,0.078,205.696,230.247,325,373,158,162,-15.694,84
2021,13,85,USC,Pac-12,4,7,-24.836,10.154,63,0.364,0.524,-0.160,-1.036,251.908,276.744,330,357,131,129,44.554,22
2021,13,86,Texas Tech,Big 12,5,6,-29.799,-5.488,73,0.455,0.488,-0.033,-0.192,267.742,297.541,332,363,124,122,25.409,54
2021,13,87,Ball State,Mid-American,5,6,-30.757,-66.318,96,0.455,0.310,0.144,0.984,203.101,233.858,262,297,129,127,-42.310,99
2021,13,88,West Virginia,Big 12,5,6,-31.746,9.326,64,0.455,0.529,-0.074,-0.464,200.000,231.746,256,292,128,126,40.876,28
2021,13,89,South Alabama,Sun Belt,4,7,-32.330,-88.364,107,0.364,0.260,0.104,0.715,200.741,233.071,271,296,135,127,-75.893,126
2021,13,90,Northern Illinois,Mid-American,7,4,-43.876,-74.575,102,0.636,0.326,0.310,2.081,252.308,296.183,328,388,130,131,-47.261,102
2021,13,91,Syracuse,ACC,4,7,-45.070,2.690,70,0.364,0.508,-0.144,-0.930,179.545,224.615,237,292,132,130,37.107,35
2021,13,92,South Carolina,SEC,5,6,-50.564,6.467,67,0.455,0.521,-0.066,-0.411,160.305,210.870,210,291,131,138,47.037,17
2021,13,93,Louisiana Tech,Conference USA,2,9,-50.901,-88.824,108,0.182,0.281,-0.099,-0.631,212.409,263.309,291,366,137,139,-37.675,97
2021,13,94,Kent State,Mid-American,6,5,-52.470,-100.062,110,0.545,0.275,0.271,1.820,245.324,297.794,341,405,139,136,-60.822,115
2021,13,95,Buffalo,Mid-American,3,8,-53.435,-129.149,115,0.273,0.191,0.082,0.569,215.267,268.702,282,352,131,131,-75.223,125
2021,13,96,Rutgers,Big Ten,4,7,-58.582,-26.095,82,0.364,0.400,-0.036,-0.212,138.621,197.203,201,282,145,143,36.960,36
2021,13,97,Missouri,SEC,5,6,-64.099,-19.668,77,0.455,0.453,0.002,0.039,223.308,287.407,297,388,133,135,40.959,27
2021,13,98,San José State,Mountain West,4,7,-72.813,-81.889,105,0.364,0.236,0.128,0.874,138.298,211.111,195,304,141,144,-18.815,86
2021,13,99,Troy,Sun Belt,4,7,-74.387,-125.967,113,0.364,0.172,0.192,1.296,158.696,233.083,219,310,138,133,-54.443,109
2021,13,100,Ohio,Mid-American,3,8,-75.590,-140.699,118,0.273,0.175,0.098,0.677,197.581,273.171,245,336,124,123,-72.268,124
2021,13,101,Charlotte,Conference USA,4,7,-75.873,-147.830,122,0.364,0.211,0.153,1.041,240.000,315.873,288,398,120,126,-70.565,123
2021,13,102,Navy,American Athletic,3,8,-82.755,-47.487,89,0.273,0.374,-0.101,-0.643,186.667,269.421,224,326,120,121,24.016,57
2021,13,103,Stanford,Pac-12,3,9,-82.920,-22.271,80,0.250,0.434,-0.184,-1.191,171.329,254.248,245,389,143,153,63.532,3
2021,13,104,Colorado,Pac-12,3,8,-84.460,-35.237,86,0.273,0.387,-0.114,-0.731,154.472,238.931,190,313,123,131,58.984,4
2021,13,105,Texas State,Sun Belt,4,7,-86.839,-146.788,120,0.364,0.148,0.216,1.455,181.343,268.182,243,354,134,132,-77.459,128
2021,13,106,TCU,Big 12,4,7,-87.698,-19.943,78,0.364,0.453,-0.090,-0.567,237.302,325.000,299,416,126,128,47.895,15
2021,13,107,Bowling Green,Mid-American,3,8,-90.887,-149.329,123,0.273,0.118,0.154,1.050,166.667,257.554,230,358,138,139,-62.669,117
2021,13,108,Maryland,Big Ten,5,6,-93.236,-11.117,75,0.455,0.470,-0.016,-0.076,186.620,279.856,265,389,142,139,53.368,10
2021,13,109,Tulane,American Athletic,1,10,-99.479,-61.976,91,0.091,0.330,-0.239,-1.557,185.816,285.294,262,388,141,136,29.074,49
2021,13,110,Georgia Southern,Sun Belt,2,9,-103.237,-145.367,119,0.182,0.123,0.059,0.418,150.000,253.237,213,352,142,139,-37.337,96
2021,13,111,UL Monroe,Sun Belt,3,8,-107.914,-112.815,111,0.273,0.198,0.074,0.519,168.310,276.224,239,395,142,143,-28.629,93
2021,13,112,Georgia Tech,ACC,2,9,-117.477,-43.566,88,0.182,0.379,-0.197,-1.280,178.676,296.154,243,385,136,130,47.158,16
2021,13,113,UNLV,Mountain West,2,9,-118.450,-91.162,109,0.182,0.268,-0.086,-0.541,168.750,287.200,216,359,128,125,20.736,63
2021,13,114,Northwestern,Big Ten,2,9,-120.874,-76.283,103,0.182,0.284,-0.102,-0.648,130.597,251.471,175,342,134,136,41.745,26
2021,13,115,South Florida,American Athletic,1,10,-120.877,-76.495,104,0.091,0.312,-0.221,-1.437,186.047,306.923,240,399,129,130,19.636,64
2021,13,116,Southern Miss,Conference USA,2,9,-126.051,-164.763,126,0.182,0.087,0.094,0.652,127.737,253.788,175,335,137,132,-61.000,116
2021,13,117,Arizona,Pac-12,1,10,-131.098,-67.491,98,0.091,0.309,-0.218,-1.416,142.748,273.846,187,356,131,130,56.374,8
2021,13,118,Arkansas State,Sun Belt,1,10,-132.581,-159.177,124,0.091,0.150,-0.059,-0.366,176.510,309.091,263,442,149,143,-45.088,100
2021,13,119,New Mexico,Mountain West,2,9,-143.280,-136.963,117,0.182,0.105,0.077,0.537,88.148,231.429,119,324,135,140,0.287,70
2021,13,120,Rice,Conference USA,3,8,-145.223,-126.641,114,0.273,0.157,0.116,0.795,153.285,298.507,210,400,137,134,-26.040,92
2021,13,121,Duke,ACC,2,9,-154.994,-123.627,112,0.182,0.160,0.022,0.173,157.931,312.925,229,460,145,147,-0.985,73
2021,13,122,Vanderbilt,SEC,2,9,-157.150,-86.794,106,0.182,0.252,-0.070,-0.435,137.778,294.928,186,407,135,138,36.186,38
2021,13,123,New Mexico State,FBS Independents,1,10,-162.985,-147.524,121,0.091,0.168,-0.077,-0.482,156.164,319.149,228,450,146,141,-14.413,83
2021,13,124,Indiana,Big Ten,1,10,-174.455,-64.609,94,0.091,0.300,-0.209,-1.361,108.633,283.088,151,385,139,136,89.227,1
2021,13,125,Florida International,Conference USA,0,11,-197.681,-236.150,130,0.000,0.045,-0.045,-0.271,140.000,337.681,196,466,140,138,-66.207,118
2021,13,126,Temple,American Athletic,2,9,-203.203,-163.266,125,0.182,0.105,0.077,0.534,120.155,323.358,155,443,129,137,-18.682,85
2021,13,127,UConn,FBS Independents,0,10,-205.237,-165.805,127,0.000,0.105,-0.105,-0.671,106.977,312.214,138,409,129,131,-1.116,74
2021,13,128,Kansas,Big 12,1,10,-212.350,-130.112,116,0.091,0.217,-0.126,-0.806,181.250,393.600,232,492,128,125,43.763,24
2021,13,129,Akron,Mid-American,1,10,-222.845,-213.141,129,0.091,0.092,-0.001,0.022,163.710,386.555,203,460,124,119,-53.879,107
2021,13,130,Massachusetts,FBS Independents,1,9,-247.316,-185.993,128,0.100,0.098,0.002,0.043,141.379,388.696,164,447,116,115,-14.161,82
2021,14,1,Georgia,SEC,11,1,244.486,224.695,1,0.917,0.980,-0.063,-0.374,328.058,83.571,456,117,139,140,41.286,29
2021,14,2,Ohio State,Big Ten,10,2,215.316,184.261,2,0.833,0.865,-0.032,-0.160,387.234,171.918,546,251,141,146,33.723,44
2021,14,3,Michigan,Big Ten,12,1,178.680,175.783,4,0.923,0.898,0.025,0.222,310.127,131.447,490,209,158,159,30.214,50
2021,14,4,Alabama,SEC,11,1,176.022,182.215,3,0.917,0.885,0.032,0.271,336.667,160.645,505,249,150,155,43.976,22
2021,14,5,Cincinnati,American Athletic,12,0,173.447,130.370,8,1.000,0.827,0.173,1.227,309.934,136.486,468,202,151,148,-19.099,87
2021,14,6,Coastal Carolina,Sun Belt,9,2,168.394,22.009,57,0.818,0.556,0.262,1.834,349.194,180.800,433,226,124,125,-110.887,130
2021,14,7,Notre Dame,FBS Independents,11,1,142.602,157.602,6,0.917,0.885,0.031,0.268,283.893,141.290,423,219,149,155,31.021,48
2021,14,8,Utah,Pac-12,9,3,131.223,163.379,5,0.750,0.854,-0.104,-0.653,321.374,190.152,421,251,131,132,41.041,31
2021,14,9,Pittsburgh,ACC,10,2,122.280,113.041,13,0.833,0.784,0.049,0.387,303.145,180.864,482,293,159,162,-1.584,74
2021,14,10,App State,Sun Belt,9,3,119.753,51.779,43,0.750,0.644,0.106,0.776,280.420,160.667,401,241,143,150,-47.128,103
2021,14,11,Louisiana,Sun Belt,11,1,108.361,18.040,60,0.917,0.554,0.362,2.513,265.714,157.353,372,214,140,136,-66.084,118
2021,14,12,Kentucky,SEC,8,3,105.691,95.616,22,0.727,0.733,-0.006,0.015,302.439,196.748,372,242,123,123,14.584,67
2021,14,13,Oklahoma State,Big 12,10,2,105.526,121.105,10,0.833,0.882,-0.048,-0.272,235.849,130.323,375,202,159,155,41.541,28
2021,14,14,Iowa State,Big 12,6,5,105.448,109.486,14,0.545,0.788,-0.242,-1.588,286.364,180.916,378,237,132,131,30.185,51
2021,14,15,Houston,American Athletic,10,2,102.982,51.365,44,0.833,0.643,0.190,1.346,280.255,177.273,440,273,157,154,-43.057,101
2021,14,16,Western Kentucky,Conference USA,7,5,95.546,32.211,52,0.583,0.571,0.012,0.136,331.788,236.242,501,352,151,149,-47.889,104
2021,14,17,Air Force,Mountain West,8,3,90.885,78.517,30,0.727,0.701,0.027,0.236,276.230,185.345,337,215,122,116,-12.662,80
2021,14,18,UTSA,Conference USA,11,1,90.527,29.348,55,0.917,0.573,0.343,2.385,297.959,207.432,438,307,147,148,-51.074,106
2021,14,19,NC State,ACC,8,3,89.305,114.694,11,0.727,0.830,-0.103,-0.644,246.154,156.849,352,229,143,146,24.915,57
2021,14,20,Toledo,Mid-American,6,5,82.639,-0.857,71,0.545,0.497,0.048,0.382,250.694,168.056,361,242,144,144,-74.989,126
2021,14,21,Boise State,Mountain West,7,5,81.333,82.233,28,0.583,0.738,-0.154,-0.992,233.333,152.000,350,228,150,150,15.611,66
2021,14,22,Oklahoma,Big 12,9,2,80.690,113.497,12,0.818,0.745,0.074,0.554,315.574,234.884,385,303,122,129,31.257,47
2021,14,23,Texas A&M,SEC,7,4,78.480,90.994,24,0.636,0.800,-0.164,-1.054,212.766,134.286,300,188,141,140,21.103,63
2021,14,24,Baylor,Big 12,10,2,78.382,105.104,15,0.833,0.790,0.043,0.347,252.482,174.101,356,242,141,139,33.173,45
2021,14,25,Penn State,Big Ten,6,5,77.407,131.610,7,0.545,0.863,-0.317,-2.097,205.185,127.778,277,184,135,144,53.083,10
2021,14,26,Nevada,Mountain West,7,4,75.000,57.561,41,0.636,0.641,-0.005,0.022,271.528,196.528,391,283,144,144,-0.090,71
2021,14,27,Fresno State,Mountain West,8,3,74.373,50.243,46,0.727,0.657,0.070,0.533,232.877,158.503,340,233,146,147,-15.852,84
2021,14,28,Marshall,Conference USA,6,5,73.166,7.383,65,0.545,0.523,0.023,0.210,254.545,181.379,364,263,143,145,-55.685,111
2021,14,29,Wisconsin,Big Ten,8,4,71.697,128.372,9,0.667,0.866,-0.200,-1.299,209.459,137.762,310,197,148,143,57.795,8
2021,14,30,Arizona State,Pac-12,7,4,70.941,96.971,19,0.636,0.764,-0.127,-0.810,256.098,185.156,315,237,123,128,23.241,60
2021,14,31,Liberty,FBS Independents,6,5,70.865,13.696,62,0.545,0.540,0.005,0.090,254.198,183.333,333,253,131,138,-41.769,99
2021,14,32,Army,FBS Independents,7,3,69.333,51.241,45,0.700,0.618,0.082,0.608,305.607,236.275,327,241,107,102,-15.244,83
2021,14,33,Clemson,ACC,8,3,68.571,96.129,21,0.727,0.820,-0.093,-0.575,195.000,126.429,273,177,140,140,41.558,26
2021,14,34,Wake Forest,ACC,9,3,68.496,100.792,16,0.750,0.724,0.026,0.232,301.829,233.333,495,378,164,162,28.726,53
2021,14,35,Purdue,Big Ten,8,4,65.382,98.963,17,0.667,0.773,-0.107,-0.669,237.410,172.028,330,246,139,143,47.697,18
2021,14,36,Ole Miss,SEC,9,2,63.651,98.522,18,0.818,0.735,0.083,0.620,281.343,217.692,377,283,134,130,48.444,15
2021,14,37,Minnesota,Big Ten,8,4,62.084,83.619,27,0.667,0.720,-0.053,-0.304,231.852,169.767,313,219,135,129,16.089,65
2021,14,38,UCLA,Pac-12,8,4,58.314,93.090,23,0.667,0.712,-0.045,-0.253,273.750,215.436,438,321,160,149,27.759,55
2021,14,39,Tennessee,SEC,6,5,57.435,78.100,31,0.545,0.674,-0.128,-0.814,303.704,246.269,410,330,135,134,37.952,38
2021,14,40,Kansas State,Big 12,6,5,53.217,89.980,25,0.545,0.738,-0.192,-1.250,256.757,203.540,285,230,111,113,36.121,41
2021,14,41,SMU,American Athletic,7,4,53.043,30.595,54,0.636,0.574,0.062,0.477,285.211,232.168,405,332,142,143,-21.181,90
2021,14,42,BYU,FBS Independents,9,2,52.638,75.932,32,0.818,0.683,0.135,0.970,283.471,230.833,343,277,121,120,24.954,56
2021,14,43,Utah State,Mountain West,9,3,47.364,26.677,56,0.750,0.571,0.179,1.272,249.351,201.987,384,305,154,151,-16.096,85
2021,14,44,Iowa,Big Ten,10,3,41.464,80.383,29,0.769,0.767,0.002,0.069,182.941,141.477,311,249,170,176,39.343,35
2021,14,45,San Diego State,Mountain West,10,2,40.881,35.661,51,0.833,0.630,0.204,1.437,186.792,145.912,297,232,159,159,-7.699,77
2021,14,46,Texas,Big 12,5,7,39.792,59.029,39,0.417,0.646,-0.229,-1.501,282.000,242.208,423,373,150,154,29.336,52
2021,14,47,Michigan State,Big Ten,9,2,34.058,96.752,20,0.818,0.744,0.074,0.557,247.101,213.043,341,294,138,138,49.640,14
2021,14,48,Oregon,Pac-12,9,3,33.018,87.592,26,0.750,0.698,0.052,0.406,274.809,241.791,360,324,131,134,57.813,7
2021,14,49,East Carolina,American Athletic,6,5,32.226,15.278,61,0.545,0.541,0.004,0.082,237.226,205.000,325,287,137,140,-12.523,79
2021,14,50,Louisville,ACC,5,6,30.824,59.555,38,0.455,0.648,-0.194,-1.258,263.433,232.609,353,321,134,138,40.352,34
2021,14,51,Auburn,SEC,5,6,30.603,75.338,33,0.455,0.711,-0.257,-1.686,221.970,191.367,293,266,132,139,59.042,6
2021,14,52,Central Michigan,Mid-American,7,4,30.305,-32.969,85,0.636,0.412,0.225,1.578,256.204,225.899,351,314,137,139,-67.411,120
2021,14,53,UAB,Conference USA,7,4,29.189,1.219,70,0.636,0.503,0.133,0.957,236.765,207.576,322,274,136,132,-34.006,95
2021,14,54,Arkansas,SEC,7,4,26.746,68.889,35,0.636,0.683,-0.047,-0.263,237.857,211.111,333,285,140,135,50.167,13
2021,14,55,Oregon State,Pac-12,6,5,26.199,71.271,34,0.545,0.654,-0.109,-0.684,285.366,259.167,351,311,123,120,41.552,27
2021,14,56,North Carolina,ACC,5,6,23.226,38.758,49,0.455,0.588,-0.134,-0.853,285.816,262.590,403,365,141,139,35.282,42
2021,14,57,Eastern Michigan,Mid-American,6,5,22.313,-62.151,93,0.545,0.352,0.193,1.365,269.600,247.287,337,319,125,129,-67.414,121
2021,14,58,Miami (OH),Mid-American,5,6,19.069,-38.730,87,0.455,0.381,0.074,0.554,225.735,206.667,307,279,136,135,-58.742,113
2021,14,59,Florida,SEC,5,6,19.040,47.647,47,0.455,0.638,-0.184,-1.193,222.857,203.817,312,267,140,131,38.718,36
2021,14,60,Nebraska,Big Ten,2,9,18.269,68.322,36,0.182,0.696,-0.514,-3.433,216.031,197.761,283,265,131,134,69.695,2
2021,14,61,UCF,American Athletic,7,4,17.044,-9.159,74,0.636,0.471,0.165,1.177,222.759,205.714,323,288,145,140,-20.193,89
2021,14,62,Washington State,Pac-12,6,5,14.813,64.166,37,0.545,0.685,-0.139,-0.890,226.718,211.905,297,267,131,126,42.320,25
2021,14,63,Florida State,ACC,5,6,14.552,44.501,48,0.455,0.628,-0.174,-1.123,225.899,211.348,314,298,139,141,42.937,24
2021,14,64,Middle Tennessee,Conference USA,5,6,12.749,-62.588,95,0.455,0.318,0.136,0.980,216.197,203.448,307,295,142,145,-69.303,122
2021,14,65,California,Pac-12,4,7,12.566,30.616,53,0.364,0.606,-0.242,-1.586,199.180,186.614,243,237,122,127,21.127,62
2021,14,66,Wyoming,Mountain West,5,6,9.920,-25.573,82,0.455,0.423,0.032,0.269,202.344,192.424,259,254,128,132,-28.653,94
2021,14,67,Mississippi State,SEC,6,5,8.677,58.648,40,0.545,0.652,-0.107,-0.669,243.077,234.400,316,293,130,125,53.064,11
2021,14,68,Virginia Tech,ACC,5,6,6.046,18.619,59,0.455,0.556,-0.102,-0.634,213.077,207.031,277,265,130,128,13.872,68
2021,14,69,Virginia,ACC,5,6,0.672,20.925,58,0.455,0.550,-0.096,-0.595,273.529,272.857,372,382,136,140,40.494,33
2021,14,70,Memphis,American Athletic,5,6,-0.438,-21.518,79,0.455,0.443,0.011,0.130,239.850,240.288,319,334,133,139,-25.171,91
2021,14,71,LSU,SEC,5,6,-1.218,56.852,42,0.455,0.660,-0.205,-1.338,217.164,218.382,291,297,134,136,60.492,4
2021,14,72,UTEP,Conference USA,6,5,-5.142,-66.772,98,0.545,0.308,0.237,1.664,194.118,199.259,264,269,136,135,-69.458,123
2021,14,73,Washington,Pac-12,4,7,-7.994,-2.047,72,0.364,0.493,-0.130,-0.825,199.206,207.200,251,259,126,125,30.535,49
2021,14,74,Miami,ACC,6,5,-10.551,36.187,50,0.545,0.598,-0.052,-0.300,231.293,241.844,340,341,147,141,46.850,19
2021,14,75,Boston College,ACC,5,6,-11.868,3.741,67,0.455,0.511,-0.057,-0.329,197.581,209.449,245,266,124,127,2.081,69
2021,14,76,Western Michigan,Mid-American,6,5,-12.745,-59.790,92,0.545,0.356,0.190,1.343,255.224,267.969,342,343,134,128,-42.530,100
2021,14,77,Tulsa,American Athletic,6,5,-12.865,-19.249,76,0.545,0.442,0.103,0.756,206.993,219.858,296,310,143,141,-1.317,73
2021,14,78,North Texas,Conference USA,5,6,-14.896,-68.742,100,0.455,0.305,0.150,1.072,207.639,222.535,299,316,144,142,-56.637,112
2021,14,79,Georgia State,Sun Belt,7,5,-14.926,-52.319,90,0.583,0.344,0.239,1.677,217.241,232.168,315,332,145,143,-48.287,105
2021,14,80,Illinois,Big Ten,5,7,-16.885,10.888,63,0.417,0.539,-0.122,-0.773,165.753,182.639,242,263,146,144,31.373,46
2021,14,81,Old Dominion,Conference USA,5,6,-19.325,-75.988,102,0.455,0.286,0.168,1.197,213.768,233.094,295,324,138,139,-59.164,114
2021,14,82,Florida Atlantic,Conference USA,4,7,-21.549,-71.730,101,0.364,0.284,0.080,0.599,196.970,218.519,260,295,132,135,-51.736,107
2021,14,83,Colorado State,Mountain West,3,8,-24.000,-21.016,78,0.273,0.434,-0.161,-1.036,174.000,198.000,261,297,150,150,-3.414,76
2021,14,84,Northern Illinois,Mid-American,8,4,-24.098,-53.785,91,0.667,0.375,0.291,2.031,267.391,291.489,369,411,138,141,-52.288,108
2021,14,85,Hawai'i,Mountain West,5,7,-24.551,-30.722,84,0.417,0.412,0.004,0.084,205.696,230.247,325,373,158,162,-14.474,82
2021,14,86,Texas Tech,Big 12,5,6,-29.799,-6.154,73,0.455,0.486,-0.032,-0.159,267.742,297.541,332,363,124,122,24.743,58
2021,14,87,USC,Pac-12,4,8,-30.373,4.823,66,0.333,0.511,-0.178,-1.153,245.714,276.087,344,381,140,138,45.616,20
2021,14,88,Ball State,Mid-American,5,6,-30.757,-63.488,96,0.455,0.317,0.137,0.985,203.101,233.858,262,297,129,127,-39.481,98
2021,14,89,West Virginia,Big 12,5,6,-31.746,9.143,64,0.455,0.528,-0.074,-0.444,200.000,231.746,256,292,128,126,40.693,32
2021,14,90,South Alabama,Sun Belt,4,7,-32.330,-87.901,106,0.364,0.262,0.102,0.747,200.741,233.071,271,296,135,127,-75.430,128
2021,14,91,Syracuse,ACC,4,7,-45.070,1.722,69,0.364,0.505,-0.141,-0.905,179.545,224.615,237,292,132,130,36.138,40
2021,14,92,South Carolina,SEC,5,6,-50.564,3.697,68,0.455,0.512,-0.057,-0.333,160.305,210.870,210,291,131,138,44.266,21
2021,14,93,Louisiana Tech,Conference USA,2,9,-50.901,-89.005,108,0.182,0.281,-0.099,-0.616,212.409,263.309,291,366,137,139,-37.856,97
2021,14,94,Buffalo,Mid-American,3,8,-53.435,-128.952,115,0.273,0.190,0.082,0.614,215.267,268.702,282,352,131,131,-75.026,127
2021,14,95,Rutgers,Big Ten,4,7,-58.582,-25.799,83,0.364,0.401,-0.037,-0.198,138.621,197.203,201,282,145,143,37.256,39
2021,14,96,Missouri,SEC,5,6,-64.099,-22.193,81,0.455,0.447,0.008,0.108,223.308,287.407,297,388,133,135,38.434,37
2021,14,97,Kent State,Mid-American,6,6,-65.427,-119.075,111,0.500,0.243,0.257,1.797,244.295,309.722,364,446,149,144,-59.563,116
2021,14,98,San José State,Mountain West,4,7,-72.813,-81.038,105,0.364,0.238,0.126,0.907,138.298,211.111,195,304,141,144,-17.964,86
2021,14,99,Troy,Sun Belt,4,7,-74.387,-125.786,113,0.364,0.173,0.190,1.346,158.696,233.083,219,310,138,133,-54.263,109
2021,14,100,Ohio,Mid-American,3,8,-75.590,-141.449,118,0.273,0.174,0.099,0.728,197.581,273.171,245,336,124,123,-73.018,125
2021,14,101,Charlotte,Conference USA,4,7,-75.873,-148.991,123,0.364,0.209,0.155,1.107,240.000,315.873,288,398,120,126,-71.725,124
2021,14,102,Navy,American Athletic,3,8,-82.755,-48.129,89,0.273,0.372,-0.100,-0.620,186.667,269.421,224,326,120,121,23.374,59
2021,14,103,Stanford,Pac-12,3,9,-82.920,-21.757,80,0.250,0.436,-0.186,-1.204,171.329,254.248,245,389,143,153,64.046,3
2021,14,104,Colorado,Pac-12,3,8,-84.460,-34.914,86,0.273,0.389,-0.116,-0.731,154.472,238.931,190,313,123,131,59.307,5
2021,14,105,Texas State,Sun Belt,4,7,-86.839,-145.360,121,0.364,0.151,0.213,1.500,181.343,268.182,243,354,134,132,-76.030,129
2021,14,106,TCU,Big 12,4,7,-87.698,-19.458,77,0.364,0.454,-0.091,-0.561,237.302,325.000,299,416,126,128,48.380,17
2021,14,107,Bowling Green,Mid-American,3,8,-90.887,-148.980,122,0.273,0.118,0.155,1.105,166.667,257.554,230,358,138,139,-62.320,117
2021,14,108,Maryland,Big Ten,5,6,-93.236,-13.363,75,0.455,0.464,-0.010,-0.010,186.620,279.856,265,389,142,139,51.122,12
2021,14,109,Tulane,American Athletic,1,10,-99.479,-62.508,94,0.091,0.329,-0.238,-1.558,185.816,285.294,262,388,141,136,28.542,54
2021,14,110,Georgia Southern,Sun Belt,2,9,-103.237,-144.889,119,0.182,0.124,0.057,0.444,150.000,253.237,213,352,142,139,-36.859,96
2021,14,111,UL Monroe,Sun Belt,3,8,-107.914,-112.583,110,0.273,0.200,0.073,0.550,168.310,276.224,239,395,142,143,-28.398,93
2021,14,112,Georgia Tech,ACC,2,9,-117.477,-42.333,88,0.182,0.382,-0.200,-1.302,178.676,296.154,243,385,136,130,48.392,16
2021,14,113,UNLV,Mountain West,2,9,-118.450,-90.365,109,0.182,0.269,-0.087,-0.535,168.750,287.200,216,359,128,125,21.533,61
2021,14,114,Northwestern,Big Ten,2,9,-120.874,-76.917,103,0.182,0.283,-0.101,-0.629,130.597,251.471,175,342,134,136,41.112,30
2021,14,115,South Florida,American Athletic,1,10,-120.877,-76.959,104,0.091,0.311,-0.220,-1.437,186.047,306.923,240,399,129,130,19.172,64
2021,14,116,Southern Miss,Conference USA,2,9,-126.051,-163.057,125,0.182,0.089,0.093,0.687,127.737,253.788,175,335,137,132,-59.294,115
2021,14,117,Arizona,Pac-12,1,10,-131.098,-67.932,99,0.091,0.308,-0.217,-1.418,142.748,273.846,187,356,131,130,55.934,9
2021,14,118,Arkansas State,Sun Belt,1,10,-132.581,-159.001,124,0.091,0.151,-0.060,-0.354,176.510,309.091,263,442,149,143,-44.912,102
2021,14,119,New Mexico,Mountain West,2,9,-143.280,-135.841,117,0.182,0.107,0.075,0.564,88.148,231.429,119,324,135,140,1.409,70
2021,14,120,Rice,Conference USA,3,8,-145.223,-127.375,114,0.273,0.155,0.118,0.855,153.285,298.507,210,400,137,134,-26.773,92
2021,14,121,Duke,ACC,2,9,-154.994,-123.605,112,0.182,0.161,0.021,0.196,157.931,312.925,229,460,145,147,-0.963,72
2021,14,122,Vanderbilt,SEC,2,9,-157.150,-88.890,107,0.182,0.246,-0.064,-0.381,137.778,294.928,186,407,135,138,34.090,43
2021,14,123,New Mexico State,FBS Independents,1,10,-162.985,-145.101,120,0.091,0.171,-0.080,-0.487,156.164,319.149,228,450,146,141,-11.989,78
2021,14,124,Indiana,Big Ten,1,10,-174.455,-65.219,97,0.091,0.299,-0.208,-1.355,108.633,283.088,151,385,139,136,88.617,1
2021,14,125,Florida International,Conference USA,0,11,-197.681,-236.851,130,0.000,0.045,-0.045,-0.247,140.000,337.681,196,466,140,138,-66.908,119
2021,14,126,Temple,American Athletic,2,9,-203.203,-164.074,126,0.182,0.104,0.078,0.583,120.155,323.358,155,443,129,137,-19.490,88
2021,14,127,UConn,FBS Independents,0,10,-205.237,-166.968,127,0.000,0.104,-0.104,-0.649,106.977,312.214,138,409,129,131,-2.279,75
2021,14,128,Kansas,Big 12,1,10,-212.350,-130.226,116,0.091,0.216,-0.125,-0.796,181.250,393.600,232,492,128,125,43.649,23
2021,14,129,Akron,Mid-American,1,10,-222.845,-214.335,129,0.091,0.090,0.001,0.059,163.710,386.555,203,460,124,119,-55.072,110
2021,14,130,Massachusetts,FBS Independents,1,9,-247.316,-184.517,128,0.100,0.100,-0.000,0.054,141.379,388.696,164,447,116,115,-12.685,81
2021,15,1,Georgia,SEC,11,1,244.486,224.631,1,0.917,0.980,-0.063,-0.374,328.058,83.571,456,117,139,140,41.222,28
2021,15,2,Ohio State,Big Ten,10,2,215.316,184.175,2,0.833,0.865,-0.032,-0.159,387.234,171.918,546,251,141,146,33.637,44
2021,15,3,Michigan,Big Ten,12,1,178.680,175.360,4,0.923,0.898,0.025,0.226,310.127,131.447,490,209,158,159,29.790,52
2021,15,4,Alabama,SEC,11,1,176.022,182.152,3,0.917,0.885,0.032,0.273,336.667,160.645,505,249,150,155,43.913,22
2021,15,5,Cincinnati,American Athletic,12,0,173.447,132.829,7,1.000,0.831,0.169,1.202,309.934,136.486,468,202,151,148,-16.640,85
2021,15,6,Coastal Carolina,Sun Belt,9,2,168.394,21.573,57,0.818,0.555,0.263,1.845,349.194,180.800,433,226,124,125,-111.323,130
2021,15,7,Notre Dame,FBS Independents,11,1,142.602,158.479,6,0.917,0.886,0.031,0.266,283.893,141.290,423,219,149,155,31.899,46
2021,15,8,Utah,Pac-12,9,3,131.223,163.416,5,0.750,0.854,-0.104,-0.654,321.374,190.152,421,251,131,132,41.078,30
2021,15,9,Pittsburgh,ACC,10,2,122.280,112.547,13,0.833,0.784,0.050,0.394,303.145,180.864,482,293,159,162,-2.078,74
2021,15,10,App State,Sun Belt,9,3,119.753,51.790,44,0.750,0.644,0.106,0.777,280.420,160.667,401,241,143,150,-47.118,103
2021,15,11,Louisiana,Sun Belt,11,1,108.361,17.678,61,0.917,0.553,0.363,2.525,265.714,157.353,372,214,140,136,-66.446,118
2021,15,12,Kentucky,SEC,8,3,105.691,95.545,22,0.727,0.733,-0.006,0.017,302.439,196.748,372,242,123,123,14.514,67
2021,15,13,Oklahoma State,Big 12,10,2,105.526,121.617,10,0.833,0.883,-0.049,-0.279,235.849,130.323,375,202,159,155,42.053,26
2021,15,14,Iowa State,Big 12,6,5,105.448,109.750,14,0.545,0.788,-0.243,-1.594,286.364,180.916,378,237,132,131,30.449,50
2021,15,15,Houston,American Athletic,10,2,102.982,53.876,43,0.833,0.649,0.184,1.306,280.255,177.273,440,273,157,154,-40.547,98
2021,15,16,Western Kentucky,Conference USA,7,5,95.546,31.289,53,0.583,0.569,0.014,0.152,331.788,236.242,501,352,151,149,-48.811,104
2021,15,17,Air Force,Mountain West,8,3,90.885,78.446,30,0.727,0.699,0.028,0.249,276.230,185.345,337,215,122,116,-12.734,80
2021,15,18,UTSA,Conference USA,11,1,90.527,29.456,55,0.917,0.574,0.343,2.387,297.959,207.432,438,307,147,148,-50.966,106
2021,15,19,NC State,ACC,8,3,89.305,114.616,11,0.727,0.830,-0.103,-0.643,246.154,156.849,352,229,143,146,24.837,59
2021,15,20,Toledo,Mid-American,6,5,82.639,-1.545,71,0.545,0.495,0.050,0.398,250.694,168.056,361,242,144,144,-75.677,126
2021,15,21,Boise State,Mountain West,7,5,81.333,82.414,28,0.583,0.738,-0.155,-0.998,233.333,152.000,350,228,150,150,15.792,65
2021,15,22,Oklahoma,Big 12,9,2,80.690,113.917,12,0.818,0.745,0.073,0.551,315.574,234.884,385,303,122,129,31.677,47
2021,15,23,Texas A&M,SEC,7,4,78.480,90.912,24,0.636,0.800,-0.163,-1.054,212.766,134.286,300,188,141,140,21.021,63
2021,15,24,Baylor,Big 12,10,2,78.382,105.409,15,0.833,0.791,0.042,0.343,252.482,174.101,356,242,141,139,33.478,45
2021,15,25,Penn State,Big Ten,6,5,77.407,131.116,8,0.545,0.862,-0.317,-2.096,205.185,127.778,277,184,135,144,52.589,11
2021,15,26,Nevada,Mountain West,7,4,75.000,57.519,41,0.636,0.641,-0.005,0.023,271.528,196.528,391,283,144,144,-0.132,72
2021,15,27,Fresno State,Mountain West,8,3,74.373,50.091,45,0.727,0.656,0.071,0.537,232.877,158.503,340,233,146,147,-16.005,83
2021,15,28,Marshall,Conference USA,6,5,73.166,8.544,65,0.545,0.526,0.019,0.187,254.545,181.379,364,263,143,145,-54.523,109
2021,15,29,Wisconsin,Big Ten,8,4,71.697,127.114,9,0.667,0.863,-0.196,-1.277,209.459,137.762,310,197,148,143,56.538,8
2021,15,30,Arizona State,Pac-12,7,4,70.941,97.012,19,0.636,0.764,-0.128,-0.811,256.098,185.156,315,237,123,128,23.282,60
2021,15,31,Liberty,FBS Independents,6,5,70.865,12.358,62,0.545,0.536,0.009,0.118,254.198,183.333,333,253,131,138,-43.107,100
2021,15,32,Clemson,ACC,8,3,68.571,95.770,21,0.727,0.819,-0.092,-0.571,195.000,126.429,273,177,140,140,41.199,29
2021,15,33,Wake Forest,ACC,9,3,68.496,99.585,16,0.750,0.721,0.029,0.254,301.829,233.333,495,378,164,162,27.520,55
2021,15,34,Purdue,Big Ten,8,4,65.382,98.620,17,0.667,0.773,-0.106,-0.666,237.410,172.028,330,246,139,143,47.353,18
2021,15,35,Ole Miss,SEC,9,2,63.651,98.516,18,0.818,0.735,0.083,0.622,281.343,217.692,377,283,134,130,48.439,16
2021,15,36,Army,FBS Independents,7,4,62.746,39.842,48,0.636,0.597,0.040,0.326,293.103,230.357,340,258,116,112,-18.276,89
2021,15,37,Minnesota,Big Ten,8,4,62.084,83.123,27,0.667,0.719,-0.052,-0.297,231.852,169.767,313,219,135,129,15.593,66
2021,15,38,UCLA,Pac-12,8,4,58.314,93.089,23,0.667,0.712,-0.045,-0.253,273.750,215.436,438,321,160,149,27.757,54
2021,15,39,Tennessee,SEC,6,5,57.435,77.956,31,0.545,0.673,-0.128,-0.813,303.704,246.269,410,330,135,134,37.808,38
2021,15,40,Kansas State,Big 12,6,5,53.217,90.287,25,0.545,0.739,-0.193,-1.256,256.757,203.540,285,230,111,113,36.428,40
2021,15,41,SMU,American Athletic,7,4,53.043,33.204,52,0.636,0.580,0.056,0.437,285.211,232.168,405,332,142,143,-18.573,90
2021,15,42,BYU,FBS Independents,9,2,52.638,76.116,32,0.818,0.684,0.134,0.970,283.471,230.833,343,277,121,120,25.138,58
2021,15,43,Utah State,Mountain West,9,3,47.364,26.601,56,0.750,0.570,0.180,1.276,249.351,201.987,384,305,154,151,-16.172,84
2021,15,44,Iowa,Big Ten,10,3,41.464,79.977,29,0.769,0.766,0.003,0.077,182.941,141.477,311,249,170,176,38.937,35
2021,15,45,San Diego State,Mountain West,10,2,40.881,35.599,51,0.833,0.629,0.204,1.441,186.792,145.912,297,232,159,159,-7.760,77
2021,15,46,Texas,Big 12,5,7,39.792,59.297,39,0.417,0.647,-0.230,-1.507,282.000,242.208,423,373,150,154,29.604,53
2021,15,47,Michigan State,Big Ten,9,2,34.058,96.389,20,0.818,0.743,0.075,0.564,247.101,213.043,341,294,138,138,49.277,14
2021,15,48,Oregon,Pac-12,9,3,33.018,87.598,26,0.750,0.698,0.052,0.407,274.809,241.791,360,324,131,134,57.819,7
2021,15,49,East Carolina,American Athletic,6,5,32.226,17.896,60,0.545,0.548,-0.003,0.036,237.226,205.000,325,287,137,140,-9.906,78
2021,15,50,Louisville,ACC,5,6,30.824,59.487,38,0.455,0.648,-0.193,-1.259,263.433,232.609,353,321,134,138,40.284,34
2021,15,51,Auburn,SEC,5,6,30.603,75.143,33,0.455,0.711,-0.256,-1.686,221.970,191.367,293,266,132,139,58.847,6
2021,15,52,Central Michigan,Mid-American,7,4,30.305,-33.676,85,0.636,0.410,0.226,1.594,256.204,225.899,351,314,137,139,-68.117,120
2021,15,53,UAB,Conference USA,7,4,29.189,1.455,69,0.636,0.504,0.132,0.955,236.765,207.576,322,274,136,132,-33.769,95
2021,15,54,Arkansas,SEC,7,4,26.746,68.877,35,0.636,0.683,-0.047,-0.262,237.857,211.111,333,285,140,135,50.156,13
2021,15,55,Oregon State,Pac-12,6,5,26.199,71.263,34,0.545,0.654,-0.109,-0.685,285.366,259.167,351,311,123,120,41.544,27
2021,15,56,North Carolina,ACC,5,6,23.226,38.445,49,0.455,0.588,-0.133,-0.850,285.816,262.590,403,365,141,139,34.969,42
2021,15,57,Eastern Michigan,Mid-American,6,5,22.313,-63.114,95,0.545,0.350,0.195,1.384,269.600,247.287,337,319,125,129,-68.377,121
2021,15,58,Miami (OH),Mid-American,5,6,19.069,-40.183,88,0.455,0.377,0.077,0.581,225.735,206.667,307,279,136,135,-60.195,115
2021,15,59,Florida,SEC,5,6,19.040,47.730,46,0.455,0.639,-0.184,-1.195,222.857,203.817,312,267,140,131,38.801,36
2021,15,60,Nebraska,Big Ten,2,9,18.269,67.908,36,0.182,0.695,-0.513,-3.432,216.031,197.761,283,265,131,134,69.281,2
2021,15,61,UCF,American Athletic,7,4,17.044,-6.712,74,0.636,0.479,0.158,1.126,222.759,205.714,323,288,145,140,-17.746,87
2021,15,62,Washington State,Pac-12,6,5,14.813,64.212,37,0.545,0.685,-0.139,-0.892,226.718,211.905,297,267,131,126,42.366,25
2021,15,63,Florida State,ACC,5,6,14.552,44.170,47,0.455,0.627,-0.173,-1.119,225.899,211.348,314,298,139,141,42.606,24
2021,15,64,Middle Tennessee,Conference USA,5,6,12.749,-62.826,94,0.455,0.317,0.137,0.988,216.197,203.448,307,295,142,145,-69.540,123
2021,15,65,California,Pac-12,4,7,12.566,30.684,54,0.364,0.606,-0.242,-1.590,199.180,186.614,243,237,122,127,21.195,62
2021,15,66,Wyoming,Mountain West,5,6,9.920,-25.942,82,0.455,0.422,0.033,0.279,202.344,192.424,259,254,128,132,-29.022,94
2021,15,67,Mississippi State,SEC,6,5,8.677,58.850,40,0.545,0.653,-0.107,-0.673,243.077,234.400,316,293,130,125,53.266,10
2021,15,68,Virginia Tech,ACC,5,6,6.046,18.486,59,0.455,0.556,-0.101,-0.632,213.077,207.031,277,265,130,128,13.739,68
2021,15,69,Virginia,ACC,5,6,0.672,20.721,58,0.455,0.550,-0.095,-0.592,273.529,272.857,372,382,136,140,40.290,33
2021,15,70,Memphis,American Athletic,5,6,-0.438,-18.889,77,0.455,0.450,0.004,0.084,239.850,240.288,319,334,133,139,-22.543,91
2021,15,71,LSU,SEC,5,6,-1.218,56.739,42,0.455,0.660,-0.205,-1.338,217.164,218.382,291,297,134,136,60.379,4
2021,15,72,UTEP,Conference USA,6,5,-5.142,-66.704,98,0.545,0.309,0.237,1.666,194.118,199.259,264,269,136,135,-69.390,122
2021,15,73,Washington,Pac-12,4,7,-7.994,-2.044,72,0.364,0.493,-0.130,-0.827,199.206,207.200,251,259,126,125,30.538,49
2021,15,74,Miami,ACC,6,5,-10.551,35.964,50,0.545,0.597,-0.052,-0.296,231.293,241.844,340,341,147,141,46.627,19
2021,15,75,Boston College,ACC,5,6,-11.868,3.550,68,0.455,0.511,-0.056,-0.325,197.581,209.449,245,266,124,127,1.890,69
2021,15,76,Western Michigan,Mid-American,6,5,-12.745,-60.487,92,0.545,0.354,0.191,1.357,255.224,267.969,342,343,134,128,-43.227,101
2021,15,77,Tulsa,American Athletic,6,5,-12.865,-16.678,76,0.545,0.450,0.096,0.705,206.993,219.858,296,310,143,141,1.253,71
2021,15,78,North Texas,Conference USA,5,6,-14.896,-68.445,100,0.455,0.305,0.149,1.071,207.639,222.535,299,316,144,142,-56.340,112
2021,15,79,Georgia State,Sun Belt,7,5,-14.926,-53.489,90,0.583,0.342,0.242,1.698,217.241,232.168,315,332,145,143,-49.457,105
2021,15,80,Illinois,Big Ten,5,7,-16.885,10.504,63,0.417,0.537,-0.121,-0.765,165.753,182.639,242,263,146,144,30.988,48
2021,15,81,Old Dominion,Conference USA,5,6,-19.325,-76.276,103,0.455,0.285,0.169,1.206,213.768,233.094,295,324,138,139,-59.453,114
2021,15,82,Florida Atlantic,Conference USA,4,7,-21.549,-71.769,101,0.364,0.283,0.081,0.603,196.970,218.519,260,295,132,135,-51.775,107
2021,15,83,Colorado State,Mountain West,3,8,-24.000,-21.193,79,0.273,0.433,-0.160,-1.033,174.000,198.000,261,297,150,150,-3.591,76
2021,15,84,Northern Illinois,Mid-American,8,4,-24.098,-54.484,91,0.667,0.374,0.293,2.046,267.391,291.489,369,411,138,141,-52.988,108
2021,15,85,Hawai'i,Mountain West,5,7,-24.551,-30.850,84,0.417,0.412,0.005,0.087,205.696,230.247,325,373,158,162,-14.602,82
2021,15,86,Texas Tech,Big 12,5,6,-29.799,-5.649,73,0.455,0.487,-0.033,-0.167,267.742,297.541,332,363,124,122,25.248,57
2021,15,87,USC,Pac-12,4,8,-30.373,4.923,66,0.333,0.512,-0.178,-1.157,245.714,276.087,344,381,140,138,45.716,20
2021,15,88,Ball State,Mid-American,5,6,-30.757,-65.185,96,0.455,0.314,0.141,1.012,203.101,233.858,262,297,129,127,-41.178,99
2021,15,89,West Virginia,Big 12,5,6,-31.746,9.407,64,0.455,0.529,-0.074,-0.450,200.000,231.746,256,292,128,126,40.957,31
2021,15,90,South Alabama,Sun Belt,4,7,-32.330,-88.151,106,0.364,0.261,0.102,0.752,200.741,233.071,271,296,135,127,-75.680,127
2021,15,91,Syracuse,ACC,4,7,-45.070,1.262,70,0.364,0.504,-0.140,-0.897,179.545,224.615,237,292,132,130,35.678,41
2021,15,92,South Carolina,SEC,5,6,-50.564,3.807,67,0.455,0.512,-0.058,-0.336,160.305,210.870,210,291,131,138,44.377,21
2021,15,93,Louisiana Tech,Conference USA,2,9,-50.901,-88.708,107,0.182,0.281,-0.100,-0.621,212.409,263.309,291,366,137,139,-37.559,97
2021,15,94,Buffalo,Mid-American,3,8,-53.435,-129.690,115,0.273,0.189,0.084,0.626,215.267,268.702,282,352,131,131,-75.764,128
2021,15,95,Rutgers,Big Ten,4,7,-58.582,-25.970,83,0.364,0.400,-0.037,-0.193,138.621,197.203,201,282,145,143,37.085,39
2021,15,96,Missouri,SEC,5,6,-64.099,-22.272,81,0.455,0.447,0.008,0.110,223.308,287.407,297,388,133,135,38.355,37
2021,15,97,Kent State,Mid-American,6,6,-65.427,-119.707,111,0.500,0.242,0.258,1.809,244.295,309.722,364,446,149,144,-60.195,116
2021,15,98,San José State,Mountain West,4,7,-72.813,-81.207,105,0.364,0.238,0.126,0.911,138.298,211.111,195,304,141,144,-18.133,88
2021,15,99,Troy,Sun Belt,4,7,-74.387,-126.185,113,0.364,0.172,0.191,1.356,158.696,233.083,219,310,138,133,-54.661,110
2021,15,100,Navy,American Athletic,4,8,-75.385,-36.809,87,0.333,0.397,-0.064,-0.379,185.385,260.769,241,339,130,130,26.605,56
2021,15,101,Ohio,Mid-American,3,8,-75.590,-142.139,118,0.273,0.172,0.100,0.737,197.581,273.171,245,336,124,123,-73.709,125
2021,15,102,Charlotte,Conference USA,4,7,-75.873,-149.145,122,0.364,0.208,0.155,1.112,240.000,315.873,288,398,120,126,-71.879,124
2021,15,103,Stanford,Pac-12,3,9,-82.920,-21.641,80,0.250,0.436,-0.186,-1.208,171.329,254.248,245,389,143,153,64.162,3
2021,15,104,Colorado,Pac-12,3,8,-84.460,-34.941,86,0.273,0.389,-0.116,-0.731,154.472,238.931,190,313,123,131,59.280,5
2021,15,105,Texas State,Sun Belt,4,7,-86.839,-145.704,121,0.364,0.150,0.214,1.507,181.343,268.182,243,354,134,132,-76.374,129
2021,15,106,TCU,Big 12,4,7,-87.698,-18.935,78,0.364,0.456,-0.092,-0.570,237.302,325.000,299,416,126,128,48.903,15
2021,15,107,Bowling Green,Mid-American,3,8,-90.887,-149.635,123,0.273,0.117,0.156,1.114,166.667,257.554,230,358,138,139,-62.975,117
2021,15,108,Maryland,Big Ten,5,6,-93.236,-13.666,75,0.455,0.463,-0.009,-0.004,186.620,279.856,265,389,142,139,50.819,12
2021,15,109,Tulane,American Athletic,1,10,-99.479,-60.663,93,0.091,0.333,-0.242,-1.590,185.816,285.294,262,388,141,136,30.386,51
2021,15,110,Georgia Southern,Sun Belt,2,9,-103.237,-145.128,119,0.182,0.124,0.058,0.448,150.000,253.237,213,352,142,139,-37.098,96
2021,15,111,UL Monroe,Sun Belt,3,8,-107.914,-112.973,110,0.273,0.199,0.074,0.558,168.310,276.224,239,395,142,143,-28.788,93
2021,15,112,Georgia Tech,ACC,2,9,-117.477,-42.524,89,0.182,0.381,-0.200,-1.301,178.676,296.154,243,385,136,130,48.201,17
2021,15,113,UNLV,Mountain West,2,9,-118.450,-90.400,109,0.182,0.269,-0.087,-0.534,168.750,287.200,216,359,128,125,21.499,61
2021,15,114,Northwestern,Big Ten,2,9,-120.874,-77.393,104,0.182,0.281,-0.100,-0.621,130.597,251.471,175,342,134,136,40.635,32
2021,15,115,South Florida,American Athletic,1,10,-120.877,-75.164,102,0.091,0.315,-0.224,-1.465,186.047,306.923,240,399,129,130,20.967,64
2021,15,116,Southern Miss,Conference USA,2,9,-126.051,-163.035,126,0.182,0.089,0.093,0.688,127.737,253.788,175,335,137,132,-59.273,113
2021,15,117,Arizona,Pac-12,1,10,-131.098,-67.896,99,0.091,0.308,-0.217,-1.421,142.748,273.846,187,356,131,130,55.970,9
2021,15,118,Arkansas State,Sun Belt,1,10,-132.581,-158.817,124,0.091,0.151,-0.060,-0.355,176.510,309.091,263,442,149,143,-44.729,102
2021,15,119,New Mexico,Mountain West,2,9,-143.280,-135.932,117,0.182,0.107,0.075,0.567,88.148,231.429,119,324,135,140,1.318,70
2021,15,120,Rice,Conference USA,3,8,-145.223,-127.127,114,0.273,0.155,0.118,0.855,153.285,298.507,210,400,137,134,-26.526,92
2021,15,121,Duke,ACC,2,9,-154.994,-123.898,112,0.182,0.160,0.021,0.201,157.931,312.925,229,460,145,147,-1.256,73
2021,15,122,Vanderbilt,SEC,2,9,-157.150,-88.981,108,0.182,0.246,-0.064,-0.379,137.778,294.928,186,407,135,138,33.999,43
2021,15,123,New Mexico State,FBS Independents,1,10,-162.985,-145.325,120,0.091,0.170,-0.079,-0.484,156.164,319.149,228,450,146,141,-12.214,79
2021,15,124,Indiana,Big Ten,1,10,-174.455,-65.360,97,0.091,0.298,-0.207,-1.354,108.633,283.088,151,385,139,136,88.477,1
2021,15,125,Florida International,Conference USA,0,11,-197.681,-236.915,130,0.000,0.044,-0.044,-0.246,140.000,337.681,196,466,140,138,-66.972,119
2021,15,126,Temple,American Athletic,2,9,-203.203,-161.571,125,0.182,0.108,0.074,0.555,120.155,323.358,155,443,129,137,-16.988,86
2021,15,127,UConn,FBS Independents,0,10,-205.237,-167.938,127,0.000,0.104,-0.104,-0.649,106.977,312.214,138,409,129,131,-3.248,75
2021,15,128,Kansas,Big 12,1,10,-212.350,-129.986,116,0.091,0.217,-0.126,-0.800,181.250,393.600,232,492,128,125,43.889,23
2021,15,129,Akron,Mid-American,1,10,-222.845,-214.792,129,0.091,0.090,0.001,0.064,163.710,386.555,203,460,124,119,-55.529,111
2021,15,130,Massachusetts,FBS Independents,1,9,-247.316,-186.220,128,0.100,0.099,0.001,0.062,141.379,388.696,164,447,116,115,-14.388,81
2021,16,1,Georgia,SEC,13,1,233.269,245.571,1,0.929,0.985,-0.057,-0.299,322.840,89.571,523,146,162,163,64.389,5
2021,16,2,Ohio State,Big Ten,11,2,199.551,182.291,3,0.846,0.857,-0.011,0.025,385.714,186.164,594,296,154,159,41.558,37
2021,16,3,Coastal Carolina,Sun Belt,10,2,161.885,29.477,54,0.833,0.571,0.262,1.927,358.209,196.324,480,267,134,136,-100.450,130
2021,16,4,Michigan,Big Ten,12,2,155.273,166.327,4,0.857,0.884,-0.027,-0.088,298.214,142.941,501,243,168,170,45.376,29
2021,16,5,Alabama,SEC,12,2,155.207,185.828,2,0.857,0.891,-0.034,-0.141,317.919,162.712,550,288,173,177,62.090,7
2021,16,6,Cincinnati,American Athletic,12,1,149.473,123.072,11,0.923,0.818,0.105,0.829,294.410,144.937,474,229,161,158,1.254,70
2021,16,7,Notre Dame,FBS Independents,11,2,127.066,146.938,6,0.846,0.862,-0.016,-0.010,275.904,148.837,458,256,166,172,30.999,49
2021,16,8,Utah,Pac-12,9,4,117.404,149.855,5,0.692,0.828,-0.135,-0.846,323.611,206.207,466,299,144,145,38.703,41
2021,16,9,Pittsburgh,ACC,10,3,110.739,103.978,18,0.769,0.767,0.002,0.115,295.882,185.143,503,324,170,175,1.828,69
2021,16,10,Louisiana,Sun Belt,12,1,107.217,31.058,52,0.923,0.592,0.331,2.408,264.935,157.718,408,235,154,149,-53.950,113
2021,16,11,Kentucky,SEC,9,3,99.254,96.932,21,0.750,0.738,0.012,0.179,292.537,193.284,392,259,134,134,20.381,56
2021,16,12,Western Kentucky,Conference USA,8,5,97.524,43.205,42,0.615,0.594,0.021,0.246,335.329,237.805,560,390,167,164,-39.612,100
2021,16,13,App State,Sun Belt,9,4,97.125,48.520,39,0.692,0.634,0.058,0.505,277.848,180.723,439,300,158,166,-33.901,97
2021,16,14,Houston,American Athletic,11,2,97.081,61.710,37,0.846,0.673,0.173,1.307,270.414,173.333,457,286,169,165,-27.256,94
2021,16,15,Oklahoma State,Big 12,11,2,96.300,141.454,7,0.846,0.907,-0.061,-0.325,234.091,137.791,412,237,176,172,67.105,3
2021,16,16,Iowa State,Big 12,6,6,92.441,120.288,12,0.500,0.809,-0.309,-2.057,273.427,180.986,391,257,143,142,52.899,18
2021,16,17,Liberty,FBS Independents,7,5,90.534,26.518,57,0.583,0.576,0.007,0.146,270.139,179.605,389,273,144,152,-43.190,105
2021,16,18,NC State,ACC,8,3,89.305,110.049,15,0.727,0.820,-0.093,-0.548,246.154,156.849,352,229,143,146,20.271,57
2021,16,19,Air Force,Mountain West,9,3,86.516,75.426,32,0.750,0.687,0.063,0.535,280.916,194.400,368,243,131,125,-10.933,79
2021,16,20,Oklahoma,Big 12,10,2,85.526,137.719,8,0.833,0.783,0.050,0.449,324.812,239.286,432,335,133,140,50.968,20
2021,16,21,Boise State,Mountain West,7,5,81.333,79.805,29,0.583,0.734,-0.150,-0.950,233.333,152.000,350,228,150,150,13.183,66
2021,16,22,Baylor,Big 12,11,2,80.989,128.606,9,0.846,0.849,-0.003,0.077,244.805,163.816,377,249,154,152,53.924,13
2021,16,23,Wake Forest,ACC,10,3,79.421,105.459,16,0.769,0.729,0.040,0.376,306.322,226.901,533,388,174,171,18.253,61
2021,16,24,Texas A&M,SEC,7,4,78.480,89.752,23,0.636,0.795,-0.159,-1.011,212.766,134.286,300,188,141,140,19.861,58
2021,16,25,UTSA,Conference USA,11,2,77.286,25.656,58,0.846,0.562,0.284,2.079,294.268,216.981,462,345,157,159,-40.469,101
2021,16,26,Fresno State,Mountain West,9,3,73.175,37.836,46,0.750,0.618,0.132,1.022,234.810,161.635,371,257,158,159,-27.612,95
2021,16,27,Wisconsin,Big Ten,9,4,72.033,124.911,10,0.692,0.856,-0.163,-1.042,210.191,138.158,330,210,157,152,53.780,14
2021,16,28,Toledo,Mid-American,6,6,71.973,-11.484,75,0.500,0.463,0.037,0.357,243.671,171.698,385,273,158,159,-76.502,129
2021,16,29,Clemson,ACC,9,3,68.212,104.296,17,0.750,0.842,-0.092,-0.540,194.040,125.828,293,190,151,151,48.970,22
2021,16,30,Kansas State,Big 12,7,5,67.582,118.470,13,0.583,0.787,-0.204,-1.323,272.500,204.918,327,250,120,122,48.729,23
2021,16,31,Minnesota,Big Ten,9,4,65.998,87.694,24,0.692,0.736,-0.044,-0.206,226.712,160.714,331,225,146,140,16.967,63
2021,16,32,Penn State,Big Ten,6,6,61.905,115.914,14,0.500,0.839,-0.339,-2.265,195.238,133.333,287,208,147,156,53.653,15
2021,16,33,Purdue,Big Ten,9,4,61.135,97.146,20,0.692,0.769,-0.076,-0.434,240.764,179.630,378,291,157,162,47.529,25
2021,16,34,Arizona State,Pac-12,7,5,60.894,80.342,26,0.583,0.722,-0.139,-0.873,248.485,187.591,328,257,132,137,19.237,60
2021,16,35,Marshall,Conference USA,6,6,58.745,6.158,68,0.500,0.519,-0.019,-0.032,246.795,188.050,385,299,156,159,-43.687,106
2021,16,36,UCLA,Pac-12,8,4,58.314,79.342,30,0.667,0.685,-0.018,-0.027,273.750,215.436,438,321,160,149,14.011,65
2021,16,37,Army,FBS Independents,8,4,57.867,37.254,47,0.667,0.592,0.075,0.621,291.200,233.333,364,280,125,120,-15.326,83
2021,16,38,SMU,American Athletic,7,4,53.043,36.703,48,0.636,0.588,0.048,0.436,285.211,232.168,405,332,142,143,-15.073,82
2021,16,39,Nevada,Mountain West,7,5,52.998,28.564,55,0.583,0.571,0.013,0.186,267.742,214.744,415,335,155,156,-6.353,75
2021,16,40,Utah State,Mountain West,10,3,50.691,29.505,53,0.769,0.582,0.188,1.408,245.783,195.092,408,318,166,163,-17.029,87
2021,16,41,Ole Miss,SEC,9,3,48.637,91.562,22,0.750,0.728,0.022,0.253,261.224,212.587,384,304,147,143,54.632,12
2021,16,42,BYU,FBS Independents,9,3,48.462,66.179,36,0.750,0.657,0.093,0.749,285.385,236.923,371,308,130,130,19.357,59
2021,16,43,Tennessee,SEC,6,6,46.770,80.257,27,0.500,0.677,-0.177,-1.140,295.455,248.684,455,378,154,152,45.940,28
2021,16,44,San Diego State,Mountain West,11,2,45.580,35.336,50,0.846,0.623,0.223,1.655,197.059,151.479,335,256,170,169,-12.800,80
2021,16,45,Texas,Big 12,5,7,39.792,78.322,31,0.417,0.689,-0.273,-1.805,282.000,242.208,423,373,150,154,48.629,24
2021,16,46,Iowa,Big Ten,10,4,37.365,79.993,28,0.714,0.767,-0.053,-0.272,181.215,143.850,328,269,181,187,43.832,31
2021,16,47,Michigan State,Big Ten,10,2,34.948,100.181,19,0.833,0.753,0.080,0.657,246.358,211.409,372,315,151,149,53.033,17
2021,16,48,Arkansas,SEC,8,4,34.188,83.922,25,0.667,0.721,-0.055,-0.283,234.868,200.680,357,295,152,147,57.038,11
2021,16,49,East Carolina,American Athletic,6,5,32.226,20.579,61,0.545,0.555,-0.010,0.029,237.226,205.000,325,287,137,140,-7.223,77
2021,16,50,UAB,Conference USA,8,4,27.596,11.057,66,0.667,0.530,0.136,1.050,241.781,214.184,353,302,146,141,-21.140,90
2021,16,51,Louisville,ACC,5,7,26.978,57.129,38,0.417,0.638,-0.222,-1.450,266.434,239.456,381,352,143,147,42.304,35
2021,16,52,Auburn,SEC,5,7,26.569,73.350,33,0.417,0.712,-0.295,-1.961,213.986,187.417,306,283,143,151,60.369,10
2021,16,53,Central Michigan,Mid-American,8,4,25.806,-28.448,81,0.667,0.420,0.246,1.818,241.935,216.129,375,335,155,155,-60.194,119
2021,16,54,Miami (OH),Mid-American,6,6,25.142,-36.455,86,0.500,0.389,0.111,0.870,227.211,202.069,334,293,147,145,-63.587,122
2021,16,55,UCF,American Athletic,8,4,22.037,3.646,69,0.667,0.512,0.155,1.181,221.384,199.346,352,305,159,153,-12.834,81
2021,16,56,Oregon,Pac-12,9,4,20.194,68.525,35,0.692,0.656,0.036,0.353,276.056,255.862,392,371,142,145,51.527,19
2021,16,57,Nebraska,Big Ten,2,9,18.269,69.377,34,0.182,0.698,-0.517,-3.507,216.031,197.761,283,265,131,134,70.750,2
2021,16,58,Wyoming,Mountain West,6,6,17.790,-31.644,82,0.500,0.408,0.092,0.739,220.567,202.778,311,292,141,144,-41.411,102
2021,16,59,Oregon State,Pac-12,6,6,15.842,48.169,40,0.500,0.610,-0.110,-0.670,269.630,253.788,364,335,135,132,28.565,52
2021,16,60,Middle Tennessee,Conference USA,6,6,14.658,-54.819,92,0.500,0.339,0.161,1.221,215.287,200.629,338,319,157,159,-63.910,123
2021,16,61,Florida State,ACC,5,6,14.552,39.804,44,0.455,0.615,-0.161,-1.025,225.899,211.348,314,298,139,141,38.240,43
2021,16,62,Washington State,Pac-12,6,6,14.243,44.286,41,0.500,0.634,-0.134,-0.834,216.327,202.083,318,291,147,144,24.434,54
2021,16,63,California,Pac-12,4,7,12.566,16.906,63,0.364,0.558,-0.195,-1.260,199.180,186.614,243,237,122,127,7.417,68
2021,16,64,Florida,SEC,5,7,10.895,41.063,43,0.417,0.621,-0.205,-1.330,215.033,204.138,329,296,153,145,39.243,39
2021,16,65,North Carolina,ACC,5,7,10.325,17.611,62,0.417,0.540,-0.123,-0.763,280.795,270.470,424,403,151,149,28.591,51
2021,16,66,Georgia State,Sun Belt,8,5,7.519,-32.648,84,0.615,0.405,0.210,1.564,234.615,227.097,366,352,156,155,-49.672,110
2021,16,67,Western Michigan,Mid-American,7,5,5.834,-40.078,89,0.583,0.403,0.180,1.356,269.863,264.029,394,367,146,139,-42.185,104
2021,16,68,Virginia,ACC,5,6,0.672,11.535,65,0.455,0.528,-0.073,-0.414,273.529,272.857,372,382,136,140,31.104,48
2021,16,69,Memphis,American Athletic,5,6,-0.438,-17.425,79,0.455,0.454,0.000,0.099,239.850,240.288,319,334,133,139,-21.079,89
2021,16,70,Tulsa,American Athletic,7,5,-3.443,-9.005,74,0.583,0.473,0.110,0.868,211.688,215.132,326,327,154,152,-2.417,74
2021,16,71,Texas Tech,Big 12,6,6,-7.084,33.917,51,0.500,0.578,-0.078,-0.447,271.111,278.195,366,370,135,133,41.784,36
2021,16,72,Eastern Michigan,Mid-American,6,6,-7.250,-74.602,100,0.500,0.324,0.176,1.324,256.835,264.085,357,375,139,142,-60.562,120
2021,16,73,Washington,Pac-12,4,7,-7.994,-15.342,78,0.364,0.452,-0.088,-0.515,199.206,207.200,251,259,126,125,17.240,62
2021,16,74,UTEP,Conference USA,6,6,-9.487,-62.011,95,0.500,0.324,0.176,1.327,194.595,204.082,288,300,148,147,-59.612,118
2021,16,75,Miami,ACC,6,5,-10.551,27.939,56,0.545,0.576,-0.030,-0.111,231.293,241.844,340,341,147,141,38.601,42
2021,16,76,Mississippi State,SEC,6,6,-11.363,35.501,49,0.500,0.596,-0.096,-0.575,229.078,240.441,323,327,141,136,50.836,21
2021,16,77,Boston College,ACC,5,6,-11.868,0.706,70,0.455,0.502,-0.048,-0.233,197.581,209.449,245,266,124,127,-0.954,71
2021,16,78,LSU,SEC,5,7,-16.311,39.656,45,0.417,0.606,-0.190,-1.225,217.483,233.793,311,339,143,145,63.363,6
2021,16,79,Illinois,Big Ten,5,7,-16.885,9.806,67,0.417,0.535,-0.118,-0.726,165.753,182.639,242,263,146,144,30.290,50
2021,16,80,North Texas,Conference USA,5,7,-20.936,-70.030,98,0.417,0.300,0.116,0.910,203.247,224.183,313,343,154,153,-50.146,111
2021,16,81,Florida Atlantic,Conference USA,4,7,-21.549,-67.947,97,0.364,0.293,0.071,0.591,196.970,218.519,260,295,132,135,-47.954,108
2021,16,82,Colorado State,Mountain West,3,8,-24.000,-27.095,80,0.273,0.415,-0.142,-0.893,174.000,198.000,261,297,150,150,-9.493,78
2021,16,83,Hawai'i,Mountain West,5,7,-24.551,-39.788,88,0.417,0.388,0.029,0.300,205.696,230.247,325,373,158,162,-23.540,92
2021,16,84,Old Dominion,Conference USA,5,7,-26.604,-75.560,101,0.417,0.288,0.129,0.996,209.396,236.000,312,354,149,150,-50.290,112
2021,16,85,Northern Illinois,Mid-American,8,5,-28.143,-57.772,94,0.615,0.370,0.245,1.808,275.168,303.311,410,458,149,151,-48.908,109
2021,16,86,Virginia Tech,ACC,5,7,-29.301,-14.202,77,0.417,0.458,-0.041,-0.190,203.546,232.847,287,319,141,137,9.056,67
2021,16,87,USC,Pac-12,4,8,-30.373,-8.790,73,0.333,0.479,-0.146,-0.919,245.714,276.087,344,381,140,138,32.002,47
2021,16,88,South Alabama,Sun Belt,4,7,-32.330,-82.579,104,0.364,0.275,0.089,0.720,200.741,233.071,271,296,135,127,-70.108,126
2021,16,89,South Carolina,SEC,6,6,-34.924,22.936,59,0.500,0.571,-0.071,-0.397,175.887,210.811,248,312,141,148,45.958,27
2021,16,90,West Virginia,Big 12,5,7,-37.788,22.897,60,0.417,0.573,-0.156,-0.992,188.489,226.277,262,310,139,137,60.909,9
2021,16,91,Syracuse,ACC,4,7,-45.070,-2.248,72,0.364,0.493,-0.130,-0.806,179.545,224.615,237,292,132,130,32.168,46
2021,16,92,Louisiana Tech,Conference USA,2,9,-50.901,-88.627,107,0.182,0.282,-0.100,-0.599,212.409,263.309,291,366,137,139,-37.478,98
2021,16,93,Ball State,Mid-American,5,7,-52.174,-86.460,105,0.417,0.269,0.148,1.128,200.000,252.174,282,348,141,138,-41.979,103
2021,16,94,Buffalo,Mid-American,3,8,-53.435,-128.514,115,0.273,0.188,0.085,0.691,215.267,268.702,282,352,131,131,-74.589,128
2021,16,95,Maryland,Big Ten,6,6,-54.742,12.829,64,0.500,0.534,-0.034,-0.138,211.258,266.000,319,399,151,150,44.331,30
2021,16,96,Missouri,SEC,5,7,-59.870,-12.294,76,0.417,0.470,-0.054,-0.276,226.241,286.111,319,412,141,144,42.586,33
2021,16,97,Kent State,Mid-American,6,7,-67.508,-115.613,112,0.462,0.255,0.206,1.538,249.689,317.197,402,498,161,157,-54.269,114
2021,16,98,Rutgers,Big Ten,4,8,-72.137,-37.742,87,0.333,0.359,-0.026,-0.083,137.013,209.150,211,320,154,153,42.465,34
2021,16,99,San José State,Mountain West,4,7,-72.813,-86.919,106,0.364,0.222,0.142,1.087,138.298,211.111,195,304,141,144,-23.844,93
2021,16,100,Troy,Sun Belt,4,7,-74.387,-116.735,113,0.364,0.189,0.174,1.316,158.696,233.083,219,310,138,133,-45.211,107
2021,16,101,Navy,American Athletic,4,8,-75.385,-36.412,85,0.333,0.399,-0.065,-0.358,185.385,260.769,241,339,130,130,27.003,53
2021,16,102,Ohio,Mid-American,3,8,-75.590,-142.144,120,0.273,0.174,0.099,0.790,197.581,273.171,245,336,124,123,-73.714,127
2021,16,103,Charlotte,Conference USA,4,7,-75.873,-144.529,121,0.364,0.215,0.149,1.136,240.000,315.873,288,398,120,126,-67.264,124
2021,16,104,Stanford,Pac-12,3,9,-82.920,-32.485,83,0.250,0.404,-0.154,-0.978,171.329,254.248,245,389,143,153,53.318,16
2021,16,105,Colorado,Pac-12,3,8,-84.460,-47.380,90,0.273,0.352,-0.079,-0.452,154.472,238.931,190,313,123,131,46.841,26
2021,16,106,Texas State,Sun Belt,4,7,-86.839,-137.058,117,0.364,0.165,0.199,1.485,181.343,268.182,243,354,134,132,-67.728,125
2021,16,107,TCU,Big 12,4,7,-87.698,-2.094,71,0.364,0.495,-0.131,-0.819,237.302,325.000,299,416,126,128,65.744,4
2021,16,108,Bowling Green,Mid-American,3,8,-90.887,-149.977,123,0.273,0.117,0.156,1.188,166.667,257.554,230,358,138,139,-63.317,121
2021,16,109,Tulane,American Athletic,1,10,-99.479,-56.047,93,0.091,0.346,-0.255,-1.683,185.816,285.294,262,388,141,136,35.002,44
2021,16,110,Georgia Southern,Sun Belt,2,9,-103.237,-138.120,118,0.182,0.134,0.048,0.430,150.000,253.237,213,352,142,139,-30.090,96
2021,16,111,UL Monroe,Sun Belt,3,8,-107.914,-106.916,110,0.273,0.209,0.064,0.542,168.310,276.224,239,395,142,143,-22.731,91
2021,16,112,Georgia Tech,ACC,2,9,-117.477,-49.172,91,0.182,0.363,-0.181,-1.166,178.676,296.154,243,385,136,130,41.553,38
2021,16,113,UNLV,Mountain West,2,9,-118.450,-96.694,109,0.182,0.254,-0.072,-0.407,168.750,287.200,216,359,128,125,15.204,64
2021,16,114,Northwestern,Big Ten,2,9,-120.874,-79.299,102,0.182,0.278,-0.096,-0.570,130.597,251.471,175,342,134,136,38.730,40
2021,16,115,South Florida,American Athletic,1,10,-120.877,-74.592,99,0.091,0.317,-0.226,-1.477,186.047,306.923,240,399,129,130,21.539,55
2021,16,116,Southern Miss,Conference USA,2,9,-126.051,-158.509,125,0.182,0.095,0.087,0.705,127.737,253.788,175,335,137,132,-54.746,115
2021,16,117,Arizona,Pac-12,1,10,-131.098,-81.206,103,0.091,0.273,-0.183,-1.176,142.748,273.846,187,356,131,130,42.660,32
2021,16,118,Arkansas State,Sun Belt,1,10,-132.581,-153.183,124,0.091,0.159,-0.068,-0.375,176.510,309.091,263,442,149,143,-39.094,99
2021,16,119,New Mexico,Mountain West,2,9,-143.280,-138.998,119,0.182,0.101,0.081,0.665,88.148,231.429,119,324,135,140,-1.748,72
2021,16,120,Rice,Conference USA,3,8,-145.223,-120.586,114,0.273,0.168,0.105,0.829,153.285,298.507,210,400,137,134,-19.985,88
2021,16,121,Duke,ACC,2,9,-154.994,-129.520,116,0.182,0.149,0.032,0.325,157.931,312.925,229,460,145,147,-6.877,76
2021,16,122,Vanderbilt,SEC,2,9,-157.150,-88.882,108,0.182,0.248,-0.066,-0.363,137.778,294.928,186,407,135,138,34.099,45
2021,16,123,New Mexico State,FBS Independents,1,10,-162.985,-149.442,122,0.091,0.165,-0.074,-0.417,156.164,319.149,228,450,146,141,-16.331,84
2021,16,124,Indiana,Big Ten,1,10,-174.455,-65.572,96,0.091,0.299,-0.208,-1.353,108.633,283.088,151,385,139,136,88.265,1
2021,16,125,Florida International,Conference USA,0,11,-197.681,-229.363,130,0.000,0.052,-0.052,-0.263,140.000,337.681,196,466,140,138,-59.420,117
2021,16,126,Temple,American Athletic,2,9,-203.203,-161.014,126,0.182,0.111,0.071,0.595,120.155,323.358,155,443,129,137,-16.430,85
2021,16,127,UConn,FBS Independents,0,10,-205.237,-166.865,127,0.000,0.106,-0.106,-0.641,106.977,312.214,138,409,129,131,-2.175,73
2021,16,128,Kansas,Big 12,1,10,-212.350,-112.099,111,0.091,0.249,-0.159,-1.008,181.250,393.600,232,492,128,125,61.776,8
2021,16,129,Akron,Mid-American,1,10,-222.845,-215.271,129,0.091,0.088,0.003,0.117,163.710,386.555,203,460,124,119,-56.009,116
2021,16,130,Massachusetts,FBS Independents,1,9,-247.316,-188.298,128,0.100,0.097,0.003,0.122,141.379,388.696,164,447,116,115,-16.466,86
