Season,Week,GameId,Team,Conference,Opponent,OpponentConference,Location,StartDate,Completed,Live,TeamPoints,OpponentPoints,Result,OpponentRk,OpponentAdjRk,OpponentAdjRtg
2021,1,401331222,Air Force,Mountain West,Louisville,ACC,Away,2021-12-28T20:15:00.000Z,True,False,31,28,W,51,38,57.129
2021,2,401301004,Air Force,Mountain West,Navy,American Athletic,Away,2021-09-11T19:30:00.000Z,True,False,23,3,W,101,85,-36.412
2021,3,401310704,Air Force,Mountain West,Utah State,Mountain West,Home,2021-09-18T23:30:00.000Z,True,False,45,49,L,40,53,29.505
2021,4,401282207,Air Force,Mountain West,Florida Atlantic,Conference USA,Home,2021-09-26T00:00:00.000Z,True,False,31,7,W,81,97,-67.947
2021,5,401310710,Air Force,Mountain West,New Mexico,Mountain West,Away,2021-10-02T22:30:00.000Z,True,False,38,10,W,119,119,-138.998
2021,6,401310714,Air Force,Mountain West,Wyoming,Mountain West,Home,2021-10-09T23:00:00.000Z,True,False,24,14,W,58,82,-31.644
2021,7,401310718,Air Force,Mountain West,Boise State,Mountain West,Away,2021-10-17T01:00:00.000Z,True,False,24,17,W,21,29,79.805
2021,8,401310724,Air Force,Mountain West,San Diego State,Mountain West,Home,2021-10-23T23:00:00.000Z,True,False,14,20,L,44,50,35.336
2021,10,401310253,Air Force,Mountain West,Army,FBS Independents,Home,2021-11-06T15:30:00.000Z,True,False,14,21,L,37,47,37.254
2021,11,401310741,Air Force,Mountain West,Colorado State,Mountain West,Away,2021-11-14T00:00:00.000Z,True,False,35,21,W,82,80,-27.095
2021,12,401310747,Air Force,Mountain West,Nevada,Mountain West,Away,2021-11-20T02:00:00.000Z,True,False,41,39,W,39,55,28.564
2021,13,401310752,Air Force,Mountain West,UNLV,Mountain West,Home,2021-11-26T20:30:00.000Z,True,False,48,14,W,113,109,-96.694
2021,1,401281944,Akron,Mid-American,Auburn,SEC,Away,2021-09-04T23:00:00.000Z,True,False,10,60,L,52,33,73.350
2021,2,401300999,Akron,Mid-American,Temple,American Athletic,Home,2021-09-11T19:30:00.000Z,True,False,24,45,L,126,126,-161.014
2021,4,401282811,Akron,Mid-American,Ohio State,Big Ten,Away,2021-09-25T23:30:00.000Z,True,False,7,59,L,2,3,182.291
2021,5,401309560,Akron,Mid-American,Ohio,Mid-American,Home,2021-10-02T19:30:00.000Z,True,False,17,34,L,102,120,-142.144
2021,6,401309566,Akron,Mid-American,Bowling Green,Mid-American,Away,2021-10-09T16:00:00.000Z,True,False,35,20,W,108,123,-149.977
2021,7,401308837,Akron,Mid-American,Miami (OH),Mid-American,Away,2021-10-16T18:30:00.000Z,True,False,21,34,L,54,86,-36.455
2021,8,401309575,Akron,Mid-American,Buffalo,Mid-American,Home,2021-10-23T19:30:00.000Z,True,False,10,45,L,94,115,-128.514
2021,10,401309579,Akron,Mid-American,Ball State,Mid-American,Home,2021-11-02T23:00:00.000Z,True,False,25,31,L,93,105,-86.460
2021,11,401309584,Akron,Mid-American,Western Michigan,Mid-American,Away,2021-11-10T00:00:00.000Z,True,False,40,45,L,67,89,-40.078
2021,12,401309592,Akron,Mid-American,Kent State,Mid-American,Home,2021-11-20T17:00:00.000Z,True,False,0,38,L,97,112,-115.613
2021,13,401309597,Akron,Mid-American,Toledo,Mid-American,Away,2021-11-27T17:00:00.000Z,True,False,14,49,L,28,75,-11.484
2021,1,401281942,Alabama,SEC,Miami,ACC,Away,2021-09-04T19:30:00.000Z,True,False,44,13,W,75,56,27.939
2021,1,401331235,Alabama,SEC,Cincinnati,American Athletic,Home,2021-12-31T20:30:00.000Z,True,False,27,6,W,6,11,123.072
2021,1,401331242,Alabama,SEC,Georgia,SEC,Home,2022-01-11T01:00:00.000Z,True,False,18,33,L,1,1,245.571
2021,3,401282071,Alabama,SEC,Florida,SEC,Away,2021-09-18T19:30:00.000Z,True,False,31,29,W,64,43,41.063
2021,4,401282081,Alabama,SEC,Southern Miss,Conference USA,Home,2021-09-25T23:30:00.000Z,True,False,63,14,W,116,125,-158.509
2021,5,401282089,Alabama,SEC,Ole Miss,SEC,Home,2021-10-02T19:30:00.000Z,True,False,42,21,W,41,22,91.562
2021,6,401282103,Alabama,SEC,Texas A&M,SEC,Away,2021-10-10T00:00:00.000Z,True,False,38,41,L,24,23,89.752
2021,7,401282107,Alabama,SEC,Mississippi State,SEC,Away,2021-10-16T23:00:00.000Z,True,False,49,9,W,76,49,35.501
2021,8,401282111,Alabama,SEC,Tennessee,SEC,Home,2021-10-23T23:00:00.000Z,True,False,52,24,W,43,27,80.257
2021,10,401282120,Alabama,SEC,LSU,SEC,Home,2021-11-06T23:00:00.000Z,True,False,20,14,W,78,45,39.656
2021,11,401282127,Alabama,SEC,New Mexico State,FBS Independents,Home,2021-11-13T17:00:00.000Z,True,False,59,3,W,123,122,-149.442
2021,12,401282135,Alabama,SEC,Arkansas,SEC,Home,2021-11-20T20:30:00.000Z,True,False,42,35,W,48,25,83.922
2021,13,401282146,Alabama,SEC,Auburn,SEC,Away,2021-11-27T20:30:00.000Z,True,False,24,22,W,52,33,73.350
2021,14,401282154,Alabama,SEC,Georgia,SEC,Home,2021-12-04T21:00:00.000Z,True,False,41,24,W,1,1,245.571
2021,1,401300993,App State,Sun Belt,East Carolina,American Athletic,Home,2021-09-02T23:30:00.000Z,True,False,33,19,W,49,61,20.579
2021,1,401331166,App State,Sun Belt,Western Kentucky,Conference USA,Home,2021-12-18T16:00:00.000Z,True,False,38,59,L,12,42,43.205
2021,2,401282620,App State,Sun Belt,Miami,ACC,Away,2021-09-11T23:00:00.000Z,True,False,23,25,L,75,56,27.939
2021,4,401282208,App State,Sun Belt,Marshall,Conference USA,Home,2021-09-23T23:30:00.000Z,True,False,31,30,W,35,68,6.158
2021,5,401309612,App State,Sun Belt,Georgia State,Sun Belt,Away,2021-10-02T18:00:00.000Z,True,False,45,16,W,66,84,-32.648
2021,7,401309620,App State,Sun Belt,Louisiana,Sun Belt,Away,2021-10-12T23:30:00.000Z,True,False,13,41,L,10,52,31.058
2021,8,401309623,App State,Sun Belt,Coastal Carolina,Sun Belt,Home,2021-10-20T23:30:00.000Z,True,False,30,27,W,3,54,29.477
2021,9,401309628,App State,Sun Belt,UL Monroe,Sun Belt,Home,2021-10-30T19:30:00.000Z,True,False,59,28,W,111,110,-106.916
2021,10,401309633,App State,Sun Belt,Arkansas State,Sun Belt,Away,2021-11-06T18:00:00.000Z,True,False,48,14,W,118,124,-153.183
2021,11,401309637,App State,Sun Belt,South Alabama,Sun Belt,Home,2021-11-13T19:30:00.000Z,True,False,31,7,W,88,104,-82.579
2021,12,401309642,App State,Sun Belt,Troy,Sun Belt,Away,2021-11-20T20:30:00.000Z,True,False,45,7,W,100,113,-116.735
2021,13,401309646,App State,Sun Belt,Georgia Southern,Sun Belt,Home,2021-11-27T19:30:00.000Z,True,False,27,3,W,110,118,-138.120
2021,14,401331161,App State,Sun Belt,Louisiana,Sun Belt,Away,2021-12-04T20:30:00.000Z,True,False,16,24,L,10,52,31.058
2021,1,401309841,Arizona,Pac-12,BYU,FBS Independents,Home,2021-09-05T02:30:00.000Z,True,False,16,24,L,42,36,66.179
2021,2,401309846,Arizona,Pac-12,San Diego State,Mountain West,Home,2021-09-12T02:00:00.000Z,True,False,14,38,L,44,50,35.336
2021,4,401309859,Arizona,Pac-12,Oregon,Pac-12,Away,2021-09-26T02:30:00.000Z,True,False,19,41,L,56,35,68.525
2021,6,401309870,Arizona,Pac-12,UCLA,Pac-12,Home,2021-10-10T02:30:00.000Z,True,False,16,34,L,36,30,79.342
2021,7,401309875,Arizona,Pac-12,Colorado,Pac-12,Away,2021-10-16T19:30:00.000Z,True,False,0,34,L,105,90,-47.380
2021,8,401309877,Arizona,Pac-12,Washington,Pac-12,Home,2021-10-23T02:30:00.000Z,True,False,16,21,L,73,78,-15.342
2021,9,401309886,Arizona,Pac-12,USC,Pac-12,Away,2021-10-30T23:00:00.000Z,True,False,34,41,L,87,73,-8.790
2021,10,401309889,Arizona,Pac-12,California,Pac-12,Home,2021-11-06T19:00:00.000Z,True,False,10,3,W,63,63,16.906
2021,11,401309896,Arizona,Pac-12,Utah,Pac-12,Home,2021-11-13T19:00:00.000Z,True,False,29,38,L,8,5,149.855
2021,12,401309899,Arizona,Pac-12,Washington State,Pac-12,Away,2021-11-20T02:00:00.000Z,True,False,18,44,L,62,41,44.286
2021,13,401309909,Arizona,Pac-12,Arizona State,Pac-12,Away,2021-11-27T21:00:00.000Z,True,False,15,38,L,34,26,80.342
2021,1,401331232,Arizona State,Pac-12,Wisconsin,Big Ten,Home,2021-12-31T03:30:00.000Z,True,False,13,20,L,27,10,124.911
2021,2,401309847,Arizona State,Pac-12,UNLV,Mountain West,Home,2021-09-12T02:30:00.000Z,True,False,37,10,W,113,109,-96.694
2021,3,401309854,Arizona State,Pac-12,BYU,FBS Independents,Away,2021-09-19T02:15:00.000Z,True,False,17,27,L,42,36,66.179
2021,4,401309862,Arizona State,Pac-12,Colorado,Pac-12,Home,2021-09-26T02:30:00.000Z,True,False,35,13,W,105,90,-47.380
2021,5,401309866,Arizona State,Pac-12,UCLA,Pac-12,Away,2021-10-03T02:30:00.000Z,True,False,42,23,W,36,30,79.342
2021,6,401309868,Arizona State,Pac-12,Stanford,Pac-12,Home,2021-10-09T02:30:00.000Z,True,False,28,10,W,104,83,-32.485
2021,7,401309876,Arizona State,Pac-12,Utah,Pac-12,Away,2021-10-17T02:00:00.000Z,True,False,21,35,L,8,5,149.855
2021,9,401309885,Arizona State,Pac-12,Washington State,Pac-12,Home,2021-10-30T19:00:00.000Z,True,False,21,34,L,62,41,44.286
2021,10,401309892,Arizona State,Pac-12,USC,Pac-12,Home,2021-11-07T02:30:00.000Z,True,False,31,16,W,87,73,-8.790
2021,11,401309897,Arizona State,Pac-12,Washington,Pac-12,Away,2021-11-14T00:00:00.000Z,True,False,35,30,W,73,78,-15.342
2021,12,401309902,Arizona State,Pac-12,Oregon State,Pac-12,Away,2021-11-21T03:30:00.000Z,True,False,10,24,L,59,40,48.169
2021,13,401309909,Arizona State,Pac-12,Arizona,Pac-12,Home,2021-11-27T21:00:00.000Z,True,False,38,15,W,117,103,-81.206
2021,1,401281943,Arkansas,SEC,Rice,Conference USA,Home,2021-09-04T18:00:00.000Z,True,False,38,17,W,120,114,-120.586
2021,1,401331236,Arkansas,SEC,Penn State,Big Ten,Home,2022-01-01T17:00:00.000Z,True,False,24,10,W,32,14,115.914
2021,2,401282057,Arkansas,SEC,Texas,Big 12,Home,2021-09-11T23:00:00.000Z,True,False,40,21,W,45,31,78.322
2021,3,401282069,Arkansas,SEC,Georgia Southern,Sun Belt,Home,2021-09-18T20:00:00.000Z,True,False,45,10,W,110,118,-138.120
2021,4,401282082,Arkansas,SEC,Texas A&M,SEC,Home,2021-09-25T19:30:00.000Z,True,False,20,10,W,24,23,89.752
2021,5,401282090,Arkansas,SEC,Georgia,SEC,Away,2021-10-02T16:00:00.000Z,True,False,0,37,L,1,1,245.571
2021,6,401282100,Arkansas,SEC,Ole Miss,SEC,Away,2021-10-09T16:00:00.000Z,True,False,51,52,L,41,22,91.562
2021,7,401282104,Arkansas,SEC,Auburn,SEC,Home,2021-10-16T16:00:00.000Z,True,False,23,38,L,52,33,73.350
2021,10,401282121,Arkansas,SEC,Mississippi State,SEC,Home,2021-11-06T20:00:00.000Z,True,False,31,28,W,76,49,35.501
2021,11,401282130,Arkansas,SEC,LSU,SEC,Away,2021-11-14T00:30:00.000Z,True,False,16,13,W,78,45,39.656
2021,12,401282135,Arkansas,SEC,Alabama,SEC,Away,2021-11-20T20:30:00.000Z,True,False,35,42,L,5,2,185.828
2021,13,401282145,Arkansas,SEC,Missouri,SEC,Home,2021-11-26T20:30:00.000Z,True,False,34,17,W,96,76,-12.294
2021,2,401301003,Arkansas State,Sun Belt,Memphis,American Athletic,Home,2021-09-11T23:00:00.000Z,True,False,50,55,L,69,79,-17.425
2021,3,401309605,Arkansas State,Sun Belt,Washington,Pac-12,Away,2021-09-18T20:15:00.000Z,True,False,3,52,L,73,78,-15.342
2021,4,401301011,Arkansas State,Sun Belt,Tulsa,American Athletic,Away,2021-09-25T21:00:00.000Z,True,False,34,41,L,70,74,-9.005
2021,5,401309613,Arkansas State,Sun Belt,Georgia Southern,Sun Belt,Away,2021-10-02T20:00:00.000Z,True,False,33,59,L,110,118,-138.120
2021,6,401309616,Arkansas State,Sun Belt,Coastal Carolina,Sun Belt,Home,2021-10-07T23:30:00.000Z,True,False,20,52,L,3,54,29.477
2021,8,401309624,Arkansas State,Sun Belt,Louisiana,Sun Belt,Home,2021-10-21T23:30:00.000Z,True,False,27,28,L,10,52,31.058
2021,9,401309629,Arkansas State,Sun Belt,South Alabama,Sun Belt,Away,2021-10-30T21:00:00.000Z,True,False,13,31,L,88,104,-82.579
2021,10,401309633,Arkansas State,Sun Belt,App State,Sun Belt,Home,2021-11-06T18:00:00.000Z,True,False,14,48,L,13,39,48.520
2021,11,401309638,Arkansas State,Sun Belt,UL Monroe,Sun Belt,Away,2021-11-13T22:00:00.000Z,True,False,27,24,W,111,110,-106.916
2021,12,401309643,Arkansas State,Sun Belt,Georgia State,Sun Belt,Away,2021-11-20T19:00:00.000Z,True,False,20,28,L,66,84,-32.648
2021,13,401309647,Arkansas State,Sun Belt,Texas State,Sun Belt,Home,2021-11-27T19:00:00.000Z,True,False,22,24,L,106,117,-137.058
2021,1,401309601,Army,FBS Independents,Georgia State,Sun Belt,Away,2021-09-04T16:00:00.000Z,True,False,43,10,W,66,84,-32.648
2021,1,401331215,Army,FBS Independents,Missouri,SEC,Home,2021-12-23T01:00:00.000Z,True,False,24,22,W,96,76,-12.294
2021,2,401282193,Army,FBS Independents,Western Kentucky,Conference USA,Home,2021-09-11T15:30:00.000Z,True,False,38,35,W,12,42,43.205
2021,3,401286189,Army,FBS Independents,UConn,FBS Independents,Home,2021-09-18T16:00:00.000Z,True,False,52,21,W,127,127,-166.865
2021,4,401308834,Army,FBS Independents,Miami (OH),Mid-American,Home,2021-09-25T16:00:00.000Z,True,False,23,10,W,54,86,-36.455
2021,5,401309559,Army,FBS Independents,Ball State,Mid-American,Away,2021-10-02T21:00:00.000Z,True,False,16,28,L,93,105,-86.460
2021,7,401282826,Army,FBS Independents,Wisconsin,Big Ten,Away,2021-10-17T00:00:00.000Z,True,False,14,20,L,27,10,124.911
2021,8,401282662,Army,FBS Independents,Wake Forest,ACC,Home,2021-10-23T16:00:00.000Z,True,False,56,70,L,23,16,105.459
2021,10,401310253,Army,FBS Independents,Air Force,Mountain West,Away,2021-11-06T15:30:00.000Z,True,False,21,14,W,19,32,75.426
2021,12,401286305,Army,FBS Independents,Massachusetts,FBS Independents,Home,2021-11-20T17:00:00.000Z,True,False,33,17,W,130,128,-188.298
2021,13,401286299,Army,FBS Independents,Liberty,FBS Independents,Away,2021-11-27T17:00:00.000Z,True,False,31,16,W,17,57,26.518
2021,15,401301056,Army,FBS Independents,Navy,American Athletic,Home,2021-12-11T20:00:00.000Z,True,False,13,17,L,101,85,-36.412
2021,1,401281944,Auburn,SEC,Akron,Mid-American,Home,2021-09-04T23:00:00.000Z,True,False,60,10,W,129,129,-215.271
2021,1,401331221,Auburn,SEC,Houston,American Athletic,Home,2021-12-28T17:00:00.000Z,True,False,13,17,L,14,37,61.710
2021,3,401282070,Auburn,SEC,Penn State,Big Ten,Away,2021-09-18T23:30:00.000Z,True,False,20,28,L,32,14,115.914
2021,4,401282083,Auburn,SEC,Georgia State,Sun Belt,Home,2021-09-25T20:00:00.000Z,True,False,34,24,W,66,84,-32.648
2021,5,401282092,Auburn,SEC,LSU,SEC,Away,2021-10-03T01:00:00.000Z,True,False,24,19,W,78,45,39.656
2021,6,401282097,Auburn,SEC,Georgia,SEC,Home,2021-10-09T19:30:00.000Z,True,False,10,34,L,1,1,245.571
2021,7,401282104,Auburn,SEC,Arkansas,SEC,Away,2021-10-16T16:00:00.000Z,True,False,38,23,W,48,25,83.922
2021,9,401282116,Auburn,SEC,Ole Miss,SEC,Home,2021-10-30T23:00:00.000Z,True,False,31,20,W,41,22,91.562
2021,10,401282126,Auburn,SEC,Texas A&M,SEC,Away,2021-11-06T19:30:00.000Z,True,False,3,20,L,24,23,89.752
2021,11,401282128,Auburn,SEC,Mississippi State,SEC,Home,2021-11-13T17:00:00.000Z,True,False,34,43,L,76,49,35.501
2021,12,401282142,Auburn,SEC,South Carolina,SEC,Away,2021-11-21T00:00:00.000Z,True,False,17,21,L,89,59,22.936
2021,13,401282146,Auburn,SEC,Alabama,SEC,Home,2021-11-27T20:30:00.000Z,True,False,22,24,L,5,2,185.828
2021,1,401309841,BYU,FBS Independents,Arizona,Pac-12,Away,2021-09-05T02:30:00.000Z,True,False,24,16,W,117,103,-81.206
2021,1,401331168,BYU,FBS Independents,UAB,Conference USA,Home,2021-12-18T20:30:00.000Z,True,False,28,31,L,50,66,11.057
2021,2,401309848,BYU,FBS Independents,Utah,Pac-12,Home,2021-09-12T02:15:00.000Z,True,False,26,17,W,8,5,149.855
2021,3,401309854,BYU,FBS Independents,Arizona State,Pac-12,Home,2021-09-19T02:15:00.000Z,True,False,27,17,W,34,26,80.342
2021,4,401301009,BYU,FBS Independents,South Florida,American Athletic,Home,2021-09-26T02:15:00.000Z,True,False,35,27,W,115,99,-74.592
2021,5,401309912,BYU,FBS Independents,Utah State,Mountain West,Away,2021-10-02T01:00:00.000Z,True,False,34,20,W,40,53,29.505
2021,6,401309913,BYU,FBS Independents,Boise State,Mountain West,Home,2021-10-09T19:30:00.000Z,True,False,17,26,L,21,29,79.805
2021,7,401287920,BYU,FBS Independents,Baylor,Big 12,Away,2021-10-16T19:30:00.000Z,True,False,24,38,L,22,9,128.606
2021,8,401309881,BYU,FBS Independents,Washington State,Pac-12,Away,2021-10-23T19:30:00.000Z,True,False,21,19,W,62,41,44.286
2021,9,401282669,BYU,FBS Independents,Virginia,ACC,Home,2021-10-31T02:15:00.000Z,True,False,66,49,W,68,65,11.535
2021,12,401309645,BYU,FBS Independents,Georgia Southern,Sun Belt,Away,2021-11-20T21:00:00.000Z,True,False,34,17,W,110,118,-138.120
2021,13,401309910,BYU,FBS Independents,USC,Pac-12,Away,2021-11-28T03:30:00.000Z,True,False,35,31,W,87,73,-8.790
2021,1,401331218,Ball State,Mid-American,Georgia State,Sun Belt,Home,2021-12-25T19:30:00.000Z,True,False,20,51,L,66,84,-32.648
2021,2,401282816,Ball State,Mid-American,Penn State,Big Ten,Away,2021-09-11T19:30:00.000Z,True,False,13,44,L,32,14,115.914
2021,3,401309549,Ball State,Mid-American,Wyoming,Mountain West,Away,2021-09-18T20:00:00.000Z,True,False,12,45,L,58,82,-31.644
2021,4,401309555,Ball State,Mid-American,Toledo,Mid-American,Home,2021-09-25T18:00:00.000Z,True,False,12,22,L,28,75,-11.484
2021,5,401309559,Ball State,Mid-American,Army,FBS Independents,Home,2021-10-02T21:00:00.000Z,True,False,28,16,W,37,47,37.254
2021,6,401309563,Ball State,Mid-American,Western Michigan,Mid-American,Away,2021-10-09T19:30:00.000Z,True,False,45,20,W,67,89,-40.078
2021,7,401309568,Ball State,Mid-American,Eastern Michigan,Mid-American,Away,2021-10-16T18:00:00.000Z,True,False,38,31,W,72,100,-74.602
2021,8,401308838,Ball State,Mid-American,Miami (OH),Mid-American,Home,2021-10-23T19:30:00.000Z,True,False,17,24,L,54,86,-36.455
2021,10,401309579,Ball State,Mid-American,Akron,Mid-American,Away,2021-11-02T23:00:00.000Z,True,False,31,25,W,129,129,-215.271
2021,11,401309587,Ball State,Mid-American,Northern Illinois,Mid-American,Away,2021-11-11T00:00:00.000Z,True,False,29,30,L,85,94,-57.772
2021,12,401309591,Ball State,Mid-American,Central Michigan,Mid-American,Home,2021-11-18T00:00:00.000Z,True,False,17,37,L,53,81,-28.448
2021,13,401309593,Ball State,Mid-American,Buffalo,Mid-American,Home,2021-11-24T00:00:00.000Z,True,False,20,3,W,94,115,-128.514
2021,1,401287893,Baylor,Big 12,Texas State,Sun Belt,Away,2021-09-04T23:00:00.000Z,True,False,29,20,W,106,117,-137.058
2021,1,401331240,Baylor,Big 12,Ole Miss,SEC,Away,2022-01-02T01:45:00.000Z,True,False,21,7,W,41,22,91.562
2021,3,401287904,Baylor,Big 12,Kansas,Big 12,Away,2021-09-18T19:30:00.000Z,True,False,45,7,W,128,111,-112.099
2021,4,401287907,Baylor,Big 12,Iowa State,Big 12,Home,2021-09-25T19:30:00.000Z,True,False,31,29,W,16,12,120.288
2021,5,401287914,Baylor,Big 12,Oklahoma State,Big 12,Away,2021-10-02T23:00:00.000Z,True,False,14,24,L,15,7,141.454
2021,6,401287917,Baylor,Big 12,West Virginia,Big 12,Home,2021-10-09T16:00:00.000Z,True,False,45,20,W,90,60,22.897
2021,7,401287920,Baylor,Big 12,BYU,FBS Independents,Home,2021-10-16T19:30:00.000Z,True,False,38,24,W,42,36,66.179
2021,9,401287929,Baylor,Big 12,Texas,Big 12,Home,2021-10-30T16:00:00.000Z,True,False,31,24,W,45,31,78.322
2021,10,401287936,Baylor,Big 12,TCU,Big 12,Away,2021-11-06T19:30:00.000Z,True,False,28,30,L,107,71,-2.094
2021,11,401287938,Baylor,Big 12,Oklahoma,Big 12,Home,2021-11-13T17:00:00.000Z,True,False,27,14,W,20,8,137.719
2021,12,401287943,Baylor,Big 12,Kansas State,Big 12,Away,2021-11-20T22:30:00.000Z,True,False,20,10,W,30,13,118.470
2021,13,401287948,Baylor,Big 12,Texas Tech,Big 12,Home,2021-11-27T17:00:00.000Z,True,False,27,24,W,71,51,33.917
2021,14,401287953,Baylor,Big 12,Oklahoma State,Big 12,Away,2021-12-04T17:00:00.000Z,True,False,21,16,W,15,7,141.454
2021,1,401300995,Boise State,Mountain West,UCF,American Athletic,Away,2021-09-02T23:00:00.000Z,True,False,31,36,L,55,69,3.646
2021,2,401282191,Boise State,Mountain West,UTEP,Conference USA,Home,2021-09-11T01:30:00.000Z,True,False,54,13,W,74,95,-62.011
2021,3,401287903,Boise State,Mountain West,Oklahoma State,Big 12,Home,2021-09-19T01:00:00.000Z,True,False,20,21,L,15,7,141.454
2021,4,401310706,Boise State,Mountain West,Utah State,Mountain West,Away,2021-09-25T16:00:00.000Z,True,False,27,3,W,40,53,29.505
2021,5,401310711,Boise State,Mountain West,Nevada,Mountain West,Home,2021-10-02T19:30:00.000Z,True,False,31,41,L,39,55,28.564
2021,6,401309913,Boise State,Mountain West,BYU,FBS Independents,Away,2021-10-09T19:30:00.000Z,True,False,26,17,W,42,36,66.179
2021,7,401310718,Boise State,Mountain West,Air Force,Mountain West,Home,2021-10-17T01:00:00.000Z,True,False,17,24,L,19,32,75.426
2021,9,401310730,Boise State,Mountain West,Colorado State,Mountain West,Away,2021-10-30T23:00:00.000Z,True,False,28,19,W,82,80,-27.095
2021,10,401310735,Boise State,Mountain West,Fresno State,Mountain West,Away,2021-11-06T23:00:00.000Z,True,False,40,14,W,26,46,37.836
2021,11,401310742,Boise State,Mountain West,Wyoming,Mountain West,Home,2021-11-13T02:00:00.000Z,True,False,23,13,W,58,82,-31.644
2021,12,401310748,Boise State,Mountain West,New Mexico,Mountain West,Home,2021-11-21T02:00:00.000Z,True,False,37,0,W,119,119,-138.998
2021,13,401310753,Boise State,Mountain West,San Diego State,Mountain West,Away,2021-11-26T17:00:00.000Z,True,False,16,27,L,44,50,35.336
2021,2,401282623,Boston College,ACC,Massachusetts,FBS Independents,Away,2021-09-11T19:30:00.000Z,True,False,45,28,W,130,128,-188.298
2021,3,401282634,Boston College,ACC,Temple,American Athletic,Away,2021-09-18T16:00:00.000Z,True,False,28,3,W,126,126,-161.014
2021,4,401282086,Boston College,ACC,Missouri,SEC,Home,2021-09-25T16:00:00.000Z,True,False,41,34,W,96,76,-12.294
2021,5,401282647,Boston College,ACC,Clemson,ACC,Away,2021-10-02T23:30:00.000Z,True,False,13,19,L,29,17,104.296
2021,7,401282658,Boston College,ACC,NC State,ACC,Home,2021-10-16T23:30:00.000Z,True,False,7,33,L,18,15,110.049
2021,8,401282664,Boston College,ACC,Louisville,ACC,Away,2021-10-23T20:00:00.000Z,True,False,14,28,L,51,38,57.129
2021,9,401282675,Boston College,ACC,Syracuse,ACC,Away,2021-10-30T19:30:00.000Z,True,False,6,21,L,91,72,-2.248
2021,10,401282677,Boston College,ACC,Virginia Tech,ACC,Home,2021-11-05T23:30:00.000Z,True,False,17,3,W,86,77,-14.202
2021,11,401282686,Boston College,ACC,Georgia Tech,ACC,Away,2021-11-13T20:30:00.000Z,True,False,41,30,W,112,91,-49.172
2021,12,401282692,Boston College,ACC,Florida State,ACC,Home,2021-11-20T17:00:00.000Z,True,False,23,26,L,61,44,39.804
2021,13,401282700,Boston College,ACC,Wake Forest,ACC,Home,2021-11-27T17:00:00.000Z,True,False,10,41,L,23,16,105.459
2021,1,401281952,Bowling Green,Mid-American,Tennessee,SEC,Away,2021-09-03T00:00:00.000Z,True,False,6,38,L,43,27,80.257
2021,2,401309546,Bowling Green,Mid-American,South Alabama,Sun Belt,Home,2021-09-11T20:00:00.000Z,True,False,19,22,L,88,104,-82.579
2021,4,401282792,Bowling Green,Mid-American,Minnesota,Big Ten,Away,2021-09-25T16:00:00.000Z,True,False,14,10,W,31,24,87.694
2021,5,401309562,Bowling Green,Mid-American,Kent State,Mid-American,Away,2021-10-02T19:30:00.000Z,True,False,20,27,L,97,112,-115.613
2021,6,401309566,Bowling Green,Mid-American,Akron,Mid-American,Home,2021-10-09T16:00:00.000Z,True,False,20,35,L,129,129,-215.271
2021,7,401309570,Bowling Green,Mid-American,Northern Illinois,Mid-American,Away,2021-10-16T19:30:00.000Z,True,False,26,34,L,85,94,-57.772
2021,8,401309574,Bowling Green,Mid-American,Eastern Michigan,Mid-American,Home,2021-10-23T16:00:00.000Z,True,False,24,55,L,72,100,-74.602
2021,9,401309578,Bowling Green,Mid-American,Buffalo,Mid-American,Away,2021-10-30T16:00:00.000Z,True,False,56,44,W,94,115,-128.514
2021,11,401309585,Bowling Green,Mid-American,Toledo,Mid-American,Home,2021-11-11T00:00:00.000Z,True,False,17,49,L,28,75,-11.484
2021,12,401308841,Bowling Green,Mid-American,Miami (OH),Mid-American,Away,2021-11-17T01:00:00.000Z,True,False,7,34,L,54,86,-36.455
2021,13,401309596,Bowling Green,Mid-American,Ohio,Mid-American,Home,2021-11-26T17:00:00.000Z,True,False,21,10,W,102,120,-142.144
2021,2,401282797,Buffalo,Mid-American,Nebraska,Big Ten,Away,2021-09-11T19:30:00.000Z,True,False,3,28,L,57,34,69.377
2021,3,401309552,Buffalo,Mid-American,Coastal Carolina,Sun Belt,Home,2021-09-18T16:00:00.000Z,True,False,25,28,L,3,54,29.477
2021,4,401282209,Buffalo,Mid-American,Old Dominion,Conference USA,Away,2021-09-25T22:00:00.000Z,True,False,35,34,W,84,101,-75.560
2021,5,401309561,Buffalo,Mid-American,Western Michigan,Mid-American,Home,2021-10-02T16:00:00.000Z,True,False,17,24,L,67,89,-40.078
2021,6,401309565,Buffalo,Mid-American,Kent State,Mid-American,Away,2021-10-09T23:00:00.000Z,True,False,38,48,L,97,112,-115.613
2021,7,401309571,Buffalo,Mid-American,Ohio,Mid-American,Home,2021-10-16T16:00:00.000Z,True,False,27,26,W,102,120,-142.144
2021,8,401309575,Buffalo,Mid-American,Akron,Mid-American,Away,2021-10-23T19:30:00.000Z,True,False,45,10,W,129,129,-215.271
2021,9,401309578,Buffalo,Mid-American,Bowling Green,Mid-American,Home,2021-10-30T16:00:00.000Z,True,False,44,56,L,108,123,-149.977
2021,11,401308840,Buffalo,Mid-American,Miami (OH),Mid-American,Away,2021-11-10T00:00:00.000Z,True,False,18,45,L,54,86,-36.455
2021,12,401309590,Buffalo,Mid-American,Northern Illinois,Mid-American,Home,2021-11-18T00:00:00.000Z,True,False,27,33,L,85,94,-57.772
2021,13,401309593,Buffalo,Mid-American,Ball State,Mid-American,Away,2021-11-24T00:00:00.000Z,True,False,3,20,L,93,105,-86.460
2021,1,401309837,California,Pac-12,Nevada,Mountain West,Home,2021-09-05T02:30:00.000Z,True,False,17,22,L,39,55,28.564
2021,2,401287900,California,Pac-12,TCU,Big 12,Away,2021-09-11T19:30:00.000Z,True,False,32,34,L,107,71,-2.094
2021,4,401309857,California,Pac-12,Washington,Pac-12,Away,2021-09-26T01:30:00.000Z,True,False,24,31,L,73,78,-15.342
2021,5,401309863,California,Pac-12,Washington State,Pac-12,Home,2021-10-02T21:30:00.000Z,True,False,6,21,L,62,41,44.286
2021,7,401309872,California,Pac-12,Oregon,Pac-12,Away,2021-10-16T02:30:00.000Z,True,False,17,24,L,56,35,68.525
2021,8,401309878,California,Pac-12,Colorado,Pac-12,Home,2021-10-23T19:30:00.000Z,True,False,26,3,W,105,90,-47.380
2021,9,401309882,California,Pac-12,Oregon State,Pac-12,Home,2021-10-30T23:00:00.000Z,True,False,39,25,W,59,40,48.169
2021,10,401309889,California,Pac-12,Arizona,Pac-12,Away,2021-11-06T19:00:00.000Z,True,False,3,10,L,117,103,-81.206
2021,12,401309900,California,Pac-12,Stanford,Pac-12,Away,2021-11-21T00:00:00.000Z,True,False,41,11,W,104,83,-32.485
2021,13,401309907,California,Pac-12,UCLA,Pac-12,Away,2021-11-28T03:30:00.000Z,True,False,14,42,L,36,30,79.342
2021,14,401387250,California,Pac-12,USC,Pac-12,Home,2021-12-05T04:00:00.000Z,True,False,24,14,W,87,73,-8.790
2021,1,401281950,Central Michigan,Mid-American,Missouri,SEC,Away,2021-09-04T20:00:00.000Z,True,False,24,34,L,96,76,-12.294
2021,1,401331654,Central Michigan,Mid-American,Washington State,Pac-12,Home,2021-12-31T17:00:00.000Z,True,False,24,21,W,62,41,44.286
2021,3,401282074,Central Michigan,Mid-American,LSU,SEC,Away,2021-09-18T23:30:00.000Z,True,False,21,49,L,78,45,39.656
2021,4,401282206,Central Michigan,Mid-American,Florida International,Conference USA,Home,2021-09-25T16:00:00.000Z,True,False,31,27,W,125,130,-229.363
2021,5,401308835,Central Michigan,Mid-American,Miami (OH),Mid-American,Away,2021-10-02T19:30:00.000Z,True,False,17,28,L,54,86,-36.455
2021,6,401309567,Central Michigan,Mid-American,Ohio,Mid-American,Away,2021-10-09T19:30:00.000Z,True,False,30,27,W,102,120,-142.144
2021,7,401309569,Central Michigan,Mid-American,Toledo,Mid-American,Home,2021-10-16T19:30:00.000Z,True,False,26,23,W,28,75,-11.484
2021,8,401309577,Central Michigan,Mid-American,Northern Illinois,Mid-American,Home,2021-10-23T16:00:00.000Z,True,False,38,39,L,85,94,-57.772
2021,10,401309581,Central Michigan,Mid-American,Western Michigan,Mid-American,Away,2021-11-03T23:00:00.000Z,True,False,42,30,W,67,89,-40.078
2021,11,401309586,Central Michigan,Mid-American,Kent State,Mid-American,Home,2021-11-11T01:00:00.000Z,True,False,54,30,W,97,112,-115.613
2021,12,401309591,Central Michigan,Mid-American,Ball State,Mid-American,Away,2021-11-18T00:00:00.000Z,True,False,37,17,W,93,105,-86.460
2021,13,401309595,Central Michigan,Mid-American,Eastern Michigan,Mid-American,Home,2021-11-26T17:00:00.000Z,True,False,31,10,W,72,100,-74.602
2021,1,401282052,Charlotte,Conference USA,Duke,ACC,Home,2021-09-03T23:00:00.000Z,True,False,31,28,W,121,116,-129.520
2021,3,401282196,Charlotte,Conference USA,Georgia State,Sun Belt,Away,2021-09-18T23:00:00.000Z,True,False,9,20,L,66,84,-32.648
2021,4,401282204,Charlotte,Conference USA,Middle Tennessee,Conference USA,Home,2021-09-24T22:30:00.000Z,True,False,42,39,W,60,92,-54.819
2021,5,401282219,Charlotte,Conference USA,Illinois,Big Ten,Away,2021-10-02T16:00:00.000Z,True,False,14,24,L,79,67,9.806
2021,6,401282224,Charlotte,Conference USA,Florida International,Conference USA,Away,2021-10-08T23:00:00.000Z,True,False,45,33,W,125,130,-229.363
2021,8,401282235,Charlotte,Conference USA,Florida Atlantic,Conference USA,Home,2021-10-21T23:30:00.000Z,True,False,9,38,L,81,97,-67.947
2021,9,401282241,Charlotte,Conference USA,Western Kentucky,Conference USA,Away,2021-10-30T20:00:00.000Z,True,False,13,45,L,12,42,43.205
2021,10,401282247,Charlotte,Conference USA,Rice,Conference USA,Home,2021-11-06T19:30:00.000Z,True,False,31,24,W,120,114,-120.586
2021,11,401282254,Charlotte,Conference USA,Louisiana Tech,Conference USA,Away,2021-11-13T20:30:00.000Z,True,False,32,42,L,92,107,-88.627
2021,12,401282261,Charlotte,Conference USA,Marshall,Conference USA,Home,2021-11-20T20:30:00.000Z,True,False,28,49,L,35,68,6.158
2021,13,401282268,Charlotte,Conference USA,Old Dominion,Conference USA,Away,2021-11-27T19:00:00.000Z,True,False,34,56,L,84,101,-75.560
2021,1,401300996,Cincinnati,American Athletic,Miami (OH),Mid-American,Home,2021-09-04T19:30:00.000Z,True,False,49,14,W,54,86,-36.455
2021,1,401331235,Cincinnati,American Athletic,Alabama,SEC,Away,2021-12-31T20:30:00.000Z,True,False,6,27,L,5,2,185.828
2021,3,401282725,Cincinnati,American Athletic,Indiana,Big Ten,Away,2021-09-18T16:00:00.000Z,True,False,38,24,W,124,96,-65.572
2021,5,401282708,Cincinnati,American Athletic,Notre Dame,FBS Independents,Away,2021-10-02T18:30:00.000Z,True,False,24,13,W,7,6,146.938
2021,6,401301018,Cincinnati,American Athletic,Temple,American Athletic,Home,2021-10-08T23:00:00.000Z,True,False,52,3,W,126,126,-161.014
2021,7,401301023,Cincinnati,American Athletic,UCF,American Athletic,Home,2021-10-16T16:00:00.000Z,True,False,56,21,W,55,69,3.646
2021,8,401301027,Cincinnati,American Athletic,Navy,American Athletic,Away,2021-10-23T16:00:00.000Z,True,False,27,20,W,101,85,-36.412
2021,9,401301032,Cincinnati,American Athletic,Tulane,American Athletic,Away,2021-10-30T16:00:00.000Z,True,False,31,12,W,109,93,-56.047
2021,10,401301037,Cincinnati,American Athletic,Tulsa,American Athletic,Home,2021-11-06T19:30:00.000Z,True,False,28,20,W,70,74,-9.005
2021,11,401301040,Cincinnati,American Athletic,South Florida,American Athletic,Away,2021-11-12T23:00:00.000Z,True,False,45,28,W,115,99,-74.592
2021,12,401301046,Cincinnati,American Athletic,SMU,American Athletic,Home,2021-11-20T20:30:00.000Z,True,False,48,14,W,38,48,36.703
2021,13,401301051,Cincinnati,American Athletic,East Carolina,American Athletic,Away,2021-11-26T20:30:00.000Z,True,False,35,13,W,49,61,20.579
2021,14,401331162,Cincinnati,American Athletic,Houston,American Athletic,Home,2021-12-04T21:00:00.000Z,True,False,35,20,W,14,37,61.710
2021,1,401281946,Clemson,ACC,Georgia,SEC,Home,2021-09-04T23:30:00.000Z,True,False,3,10,L,1,1,245.571
2021,1,401331227,Clemson,ACC,Iowa State,Big 12,Away,2021-12-29T22:45:00.000Z,True,False,20,13,W,16,12,120.288
2021,3,401282627,Clemson,ACC,Georgia Tech,ACC,Home,2021-09-18T19:30:00.000Z,True,False,14,8,W,112,91,-49.172
2021,4,401282643,Clemson,ACC,NC State,ACC,Away,2021-09-25T19:30:00.000Z,True,False,21,27,L,18,15,110.049
2021,5,401282647,Clemson,ACC,Boston College,ACC,Home,2021-10-02T23:30:00.000Z,True,False,19,13,W,77,70,0.706
2021,7,401282657,Clemson,ACC,Syracuse,ACC,Away,2021-10-15T23:00:00.000Z,True,False,17,14,W,91,72,-2.248
2021,8,401282666,Clemson,ACC,Pittsburgh,ACC,Away,2021-10-23T19:30:00.000Z,True,False,17,27,L,9,18,103.978
2021,9,401282670,Clemson,ACC,Florida State,ACC,Home,2021-10-30T19:30:00.000Z,True,False,30,20,W,61,44,39.804
2021,10,401282680,Clemson,ACC,Louisville,ACC,Away,2021-11-06T23:30:00.000Z,True,False,30,24,W,51,38,57.129
2021,11,401282684,Clemson,ACC,UConn,FBS Independents,Home,2021-11-13T17:00:00.000Z,True,False,44,7,W,127,127,-166.865
2021,12,401282693,Clemson,ACC,Wake Forest,ACC,Home,2021-11-20T17:00:00.000Z,True,False,48,27,W,23,16,105.459
2021,13,401282152,Clemson,ACC,South Carolina,SEC,Away,2021-11-28T00:30:00.000Z,True,False,30,0,W,89,59,22.936
2021,1,401331165,Coastal Carolina,Sun Belt,Northern Illinois,Mid-American,Home,2021-12-17T23:00:00.000Z,True,False,47,41,W,85,94,-57.772
2021,2,401287896,Coastal Carolina,Sun Belt,Kansas,Big 12,Home,2021-09-10T23:30:00.000Z,True,False,49,22,W,128,111,-112.099
2021,3,401309552,Coastal Carolina,Sun Belt,Buffalo,Mid-American,Away,2021-09-18T16:00:00.000Z,True,False,28,25,W,94,115,-128.514
2021,4,401286301,Coastal Carolina,Sun Belt,Massachusetts,FBS Independents,Home,2021-09-25T17:00:00.000Z,True,False,53,3,W,130,128,-188.298
2021,5,401309614,Coastal Carolina,Sun Belt,UL Monroe,Sun Belt,Home,2021-10-02T18:30:00.000Z,True,False,59,6,W,111,110,-106.916
2021,6,401309616,Coastal Carolina,Sun Belt,Arkansas State,Sun Belt,Away,2021-10-07T23:30:00.000Z,True,False,52,20,W,118,124,-153.183
2021,8,401309623,Coastal Carolina,Sun Belt,App State,Sun Belt,Away,2021-10-20T23:30:00.000Z,True,False,27,30,L,13,39,48.520
2021,9,401309627,Coastal Carolina,Sun Belt,Troy,Sun Belt,Home,2021-10-28T23:30:00.000Z,True,False,35,28,W,100,113,-116.735
2021,10,401309634,Coastal Carolina,Sun Belt,Georgia Southern,Sun Belt,Away,2021-11-06T22:00:00.000Z,True,False,28,8,W,110,118,-138.120
2021,11,401309639,Coastal Carolina,Sun Belt,Georgia State,Sun Belt,Home,2021-11-13T19:00:00.000Z,True,False,40,42,L,66,84,-32.648
2021,12,401309644,Coastal Carolina,Sun Belt,Texas State,Sun Belt,Home,2021-11-20T18:00:00.000Z,True,False,35,21,W,106,117,-137.058
2021,13,401309648,Coastal Carolina,Sun Belt,South Alabama,Sun Belt,Away,2021-11-26T20:30:00.000Z,True,False,27,21,W,88,104,-82.579
2021,2,401282067,Colorado,Pac-12,Texas A&M,SEC,Home,2021-09-11T19:30:00.000Z,True,False,7,10,L,24,23,89.752
2021,3,401282791,Colorado,Pac-12,Minnesota,Big Ten,Home,2021-09-18T17:00:00.000Z,True,False,0,30,L,31,24,87.694
2021,4,401309862,Colorado,Pac-12,Arizona State,Pac-12,Away,2021-09-26T02:30:00.000Z,True,False,13,35,L,34,26,80.342
2021,5,401309867,Colorado,Pac-12,USC,Pac-12,Home,2021-10-02T18:00:00.000Z,True,False,14,37,L,87,73,-8.790
2021,7,401309875,Colorado,Pac-12,Arizona,Pac-12,Home,2021-10-16T19:30:00.000Z,True,False,34,0,W,117,103,-81.206
2021,8,401309878,Colorado,Pac-12,California,Pac-12,Away,2021-10-23T19:30:00.000Z,True,False,3,26,L,63,63,16.906
2021,9,401309884,Colorado,Pac-12,Oregon,Pac-12,Away,2021-10-30T19:30:00.000Z,True,False,29,52,L,56,35,68.525
2021,10,401309891,Colorado,Pac-12,Oregon State,Pac-12,Home,2021-11-06T23:00:00.000Z,True,False,37,34,W,59,40,48.169
2021,11,401309898,Colorado,Pac-12,UCLA,Pac-12,Away,2021-11-14T02:00:00.000Z,True,False,20,44,L,36,30,79.342
2021,12,401309903,Colorado,Pac-12,Washington,Pac-12,Home,2021-11-20T20:00:00.000Z,True,False,20,17,W,73,78,-15.342
2021,13,401309906,Colorado,Pac-12,Utah,Pac-12,Away,2021-11-26T21:00:00.000Z,True,False,13,28,L,8,5,149.855
2021,2,401282068,Colorado State,Mountain West,Vanderbilt,SEC,Home,2021-09-12T02:00:00.000Z,True,False,21,24,L,122,108,-88.882
2021,3,401309553,Colorado State,Mountain West,Toledo,Mid-American,Away,2021-09-18T20:00:00.000Z,True,False,22,6,W,28,75,-11.484
2021,4,401282756,Colorado State,Mountain West,Iowa,Big Ten,Away,2021-09-25T19:30:00.000Z,True,False,14,24,L,46,28,79.993
2021,6,401310715,Colorado State,Mountain West,San José State,Mountain West,Home,2021-10-09T19:30:00.000Z,True,False,32,14,W,99,106,-86.919
2021,7,401310719,Colorado State,Mountain West,New Mexico,Mountain West,Away,2021-10-16T23:00:00.000Z,True,False,36,7,W,119,119,-138.998
2021,8,401310725,Colorado State,Mountain West,Utah State,Mountain West,Away,2021-10-23T01:30:00.000Z,True,False,24,26,L,40,53,29.505
2021,9,401310730,Colorado State,Mountain West,Boise State,Mountain West,Home,2021-10-30T23:00:00.000Z,True,False,19,28,L,21,29,79.805
2021,10,401310736,Colorado State,Mountain West,Wyoming,Mountain West,Away,2021-11-06T19:30:00.000Z,True,False,17,31,L,58,82,-31.644
2021,11,401310741,Colorado State,Mountain West,Air Force,Mountain West,Home,2021-11-14T00:00:00.000Z,True,False,21,35,L,19,32,75.426
2021,12,401310749,Colorado State,Mountain West,Hawai'i,Mountain West,Away,2021-11-21T04:00:00.000Z,True,False,45,50,L,83,88,-39.788
2021,13,401310754,Colorado State,Mountain West,Nevada,Mountain West,Home,2021-11-28T02:00:00.000Z,True,False,10,52,L,39,55,28.564
2021,1,401282052,Duke,ACC,Charlotte,Conference USA,Away,2021-09-03T23:00:00.000Z,True,False,28,31,L,103,121,-144.529
2021,3,401282628,Duke,ACC,Northwestern,Big Ten,Home,2021-09-18T20:00:00.000Z,True,False,30,23,W,114,102,-79.299
2021,4,401282639,Duke,ACC,Kansas,Big 12,Home,2021-09-25T20:00:00.000Z,True,False,52,33,W,128,111,-112.099
2021,5,401282650,Duke,ACC,North Carolina,ACC,Away,2021-10-02T16:00:00.000Z,True,False,7,38,L,65,62,17.611
2021,6,401282652,Duke,ACC,Georgia Tech,ACC,Home,2021-10-09T16:30:00.000Z,True,False,27,31,L,112,91,-49.172
2021,7,401282660,Duke,ACC,Virginia,ACC,Away,2021-10-16T16:30:00.000Z,True,False,0,48,L,68,65,11.535
2021,9,401282676,Duke,ACC,Wake Forest,ACC,Away,2021-10-30T20:00:00.000Z,True,False,7,45,L,23,16,105.459
2021,10,401282678,Duke,ACC,Pittsburgh,ACC,Home,2021-11-06T16:00:00.000Z,True,False,29,54,L,9,18,103.978
2021,11,401282689,Duke,ACC,Virginia Tech,ACC,Away,2021-11-13T20:30:00.000Z,True,False,17,48,L,86,77,-14.202
2021,12,401282691,Duke,ACC,Louisville,ACC,Home,2021-11-19T00:30:00.000Z,True,False,22,62,L,51,38,57.129
2021,13,401282701,Duke,ACC,Miami,ACC,Home,2021-11-27T17:30:00.000Z,True,False,10,47,L,75,56,27.939
2021,1,401300993,East Carolina,American Athletic,App State,Sun Belt,Away,2021-09-02T23:30:00.000Z,True,False,19,33,L,13,39,48.520
2021,2,401282065,East Carolina,American Athletic,South Carolina,SEC,Home,2021-09-11T16:00:00.000Z,True,False,17,20,L,89,59,22.936
2021,3,401282200,East Carolina,American Athletic,Marshall,Conference USA,Away,2021-09-18T22:00:00.000Z,True,False,42,38,W,35,68,6.158
2021,5,401301014,East Carolina,American Athletic,Tulane,American Athletic,Home,2021-10-02T19:30:00.000Z,True,False,52,29,W,109,93,-56.047
2021,6,401301019,East Carolina,American Athletic,UCF,American Athletic,Away,2021-10-09T22:00:00.000Z,True,False,16,20,L,55,69,3.646
2021,8,401301028,East Carolina,American Athletic,Houston,American Athletic,Away,2021-10-23T20:00:00.000Z,True,False,24,31,L,14,37,61.710
2021,9,401301033,East Carolina,American Athletic,South Florida,American Athletic,Home,2021-10-28T23:30:00.000Z,True,False,29,14,W,115,99,-74.592
2021,10,401301035,East Carolina,American Athletic,Temple,American Athletic,Home,2021-11-06T19:00:00.000Z,True,False,45,3,W,126,126,-161.014
2021,11,401301042,East Carolina,American Athletic,Memphis,American Athletic,Away,2021-11-13T17:00:00.000Z,True,False,30,29,W,69,79,-17.425
2021,12,401301047,East Carolina,American Athletic,Navy,American Athletic,Away,2021-11-20T20:30:00.000Z,True,False,38,35,W,101,85,-36.412
2021,13,401301051,East Carolina,American Athletic,Cincinnati,American Athletic,Home,2021-11-26T20:30:00.000Z,True,False,13,35,L,6,11,123.072
2021,1,401331169,Eastern Michigan,Mid-American,Liberty,FBS Independents,Away,2021-12-18T22:45:00.000Z,True,False,20,56,L,17,57,26.518
2021,2,401282825,Eastern Michigan,Mid-American,Wisconsin,Big Ten,Away,2021-09-11T23:00:00.000Z,True,False,7,34,L,27,10,124.911
2021,3,401286300,Eastern Michigan,Mid-American,Massachusetts,FBS Independents,Away,2021-09-18T19:30:00.000Z,True,False,42,28,W,130,128,-188.298
2021,4,401309557,Eastern Michigan,Mid-American,Texas State,Sun Belt,Home,2021-09-25T18:00:00.000Z,True,False,59,21,W,106,117,-137.058
2021,5,401309558,Eastern Michigan,Mid-American,Northern Illinois,Mid-American,Away,2021-10-02T18:30:00.000Z,True,False,20,27,L,85,94,-57.772
2021,6,401308836,Eastern Michigan,Mid-American,Miami (OH),Mid-American,Home,2021-10-09T19:30:00.000Z,True,False,13,12,W,54,86,-36.455
2021,7,401309568,Eastern Michigan,Mid-American,Ball State,Mid-American,Home,2021-10-16T18:00:00.000Z,True,False,31,38,L,93,105,-86.460
2021,8,401309574,Eastern Michigan,Mid-American,Bowling Green,Mid-American,Away,2021-10-23T16:00:00.000Z,True,False,55,24,W,108,123,-149.977
2021,10,401309580,Eastern Michigan,Mid-American,Toledo,Mid-American,Away,2021-11-02T23:30:00.000Z,True,False,52,49,W,28,75,-11.484
2021,11,401309583,Eastern Michigan,Mid-American,Ohio,Mid-American,Home,2021-11-10T01:00:00.000Z,True,False,26,34,L,102,120,-142.144
2021,12,401309588,Eastern Michigan,Mid-American,Western Michigan,Mid-American,Home,2021-11-17T00:30:00.000Z,True,False,22,21,W,67,89,-40.078
2021,13,401309595,Eastern Michigan,Mid-American,Central Michigan,Mid-American,Away,2021-11-26T17:00:00.000Z,True,False,10,31,L,53,81,-28.448
2021,1,401281945,Florida,SEC,Florida Atlantic,Conference USA,Home,2021-09-04T23:30:00.000Z,True,False,35,14,W,81,97,-67.947
2021,1,401331216,Florida,SEC,UCF,American Athletic,Home,2021-12-24T00:00:00.000Z,True,False,17,29,L,55,69,3.646
2021,2,401282059,Florida,SEC,South Florida,American Athletic,Away,2021-09-11T17:00:00.000Z,True,False,42,20,W,115,99,-74.592
2021,3,401282071,Florida,SEC,Alabama,SEC,Home,2021-09-18T19:30:00.000Z,True,False,29,31,L,5,2,185.828
2021,4,401282084,Florida,SEC,Tennessee,SEC,Home,2021-09-25T23:00:00.000Z,True,False,38,14,W,43,27,80.257
2021,5,401282091,Florida,SEC,Kentucky,SEC,Away,2021-10-02T22:00:00.000Z,True,False,13,20,L,11,21,96.932
2021,6,401282098,Florida,SEC,Vanderbilt,SEC,Home,2021-10-09T16:00:00.000Z,True,False,42,0,W,122,108,-88.882
2021,7,401282106,Florida,SEC,LSU,SEC,Away,2021-10-16T16:00:00.000Z,True,False,42,49,L,78,45,39.656
2021,9,401282117,Florida,SEC,Georgia,SEC,Home,2021-10-30T19:30:00.000Z,True,False,7,34,L,1,1,245.571
2021,10,401282125,Florida,SEC,South Carolina,SEC,Away,2021-11-06T23:30:00.000Z,True,False,17,40,L,89,59,22.936
2021,12,401282141,Florida,SEC,Missouri,SEC,Away,2021-11-20T21:00:00.000Z,True,False,23,24,L,96,76,-12.294
2021,13,401282147,Florida,SEC,Florida State,ACC,Home,2021-11-27T17:00:00.000Z,True,False,24,21,W,61,44,39.804
2021,1,401281945,Florida Atlantic,Conference USA,Florida,SEC,Away,2021-09-04T23:30:00.000Z,True,False,14,35,L,64,43,41.063
2021,2,401282183,Florida Atlantic,Conference USA,Georgia Southern,Sun Belt,Home,2021-09-11T19:30:00.000Z,True,False,38,6,W,110,118,-138.120
2021,4,401282207,Florida Atlantic,Conference USA,Air Force,Mountain West,Away,2021-09-26T00:00:00.000Z,True,False,7,31,L,19,32,75.426
2021,5,401282215,Florida Atlantic,Conference USA,Florida International,Conference USA,Home,2021-10-02T19:30:00.000Z,True,False,58,21,W,125,130,-229.363
2021,6,401282225,Florida Atlantic,Conference USA,UAB,Conference USA,Away,2021-10-09T19:30:00.000Z,True,False,14,31,L,50,66,11.057
2021,8,401282235,Florida Atlantic,Conference USA,Charlotte,Conference USA,Away,2021-10-21T23:30:00.000Z,True,False,38,9,W,103,121,-144.529
2021,9,401282243,Florida Atlantic,Conference USA,UTEP,Conference USA,Home,2021-10-30T22:00:00.000Z,True,False,28,25,W,74,95,-62.011
2021,10,401282249,Florida Atlantic,Conference USA,Marshall,Conference USA,Home,2021-11-06T22:00:00.000Z,True,False,13,28,L,35,68,6.158
2021,11,401282256,Florida Atlantic,Conference USA,Old Dominion,Conference USA,Away,2021-11-13T20:30:00.000Z,True,False,16,30,L,84,101,-75.560
2021,12,401282263,Florida Atlantic,Conference USA,Western Kentucky,Conference USA,Away,2021-11-20T17:00:00.000Z,True,False,17,52,L,12,42,43.205
2021,13,401282270,Florida Atlantic,Conference USA,Middle Tennessee,Conference USA,Home,2021-11-28T00:00:00.000Z,True,False,17,27,L,60,92,-54.819
2021,2,401282182,Florida International,Conference USA,Texas State,Sun Belt,Home,2021-09-11T23:00:00.000Z,True,False,17,23,L,106,117,-137.058
2021,3,401282197,Florida International,Conference USA,Texas Tech,Big 12,Away,2021-09-18T23:00:00.000Z,True,False,21,54,L,71,51,33.917
2021,4,401282206,Florida International,Conference USA,Central Michigan,Mid-American,Away,2021-09-25T16:00:00.000Z,True,False,27,31,L,53,81,-28.448
2021,5,401282215,Florida International,Conference USA,Florida Atlantic,Conference USA,Away,2021-10-02T19:30:00.000Z,True,False,21,58,L,81,97,-67.947
2021,6,401282224,Florida International,Conference USA,Charlotte,Conference USA,Home,2021-10-08T23:00:00.000Z,True,False,33,45,L,103,121,-144.529
2021,8,401282236,Florida International,Conference USA,Western Kentucky,Conference USA,Home,2021-10-23T23:00:00.000Z,True,False,19,34,L,12,42,43.205
2021,9,401282242,Florida International,Conference USA,Marshall,Conference USA,Away,2021-10-30T19:30:00.000Z,True,False,0,38,L,35,68,6.158
2021,10,401282248,Florida International,Conference USA,Old Dominion,Conference USA,Home,2021-11-06T23:00:00.000Z,True,False,24,47,L,84,101,-75.560
2021,11,401282255,Florida International,Conference USA,Middle Tennessee,Conference USA,Away,2021-11-13T20:30:00.000Z,True,False,10,50,L,60,92,-54.819
2021,12,401282262,Florida International,Conference USA,North Texas,Conference USA,Home,2021-11-21T00:00:00.000Z,True,False,7,49,L,80,98,-70.030
2021,13,401282269,Florida International,Conference USA,Southern Miss,Conference USA,Away,2021-11-27T20:00:00.000Z,True,False,17,37,L,116,125,-158.509
2021,1,401282614,Florida State,ACC,Notre Dame,FBS Independents,Home,2021-09-05T23:30:00.000Z,True,False,38,41,L,7,6,146.938
2021,3,401282635,Florida State,ACC,Wake Forest,ACC,Away,2021-09-18T19:30:00.000Z,True,False,14,35,L,23,16,105.459
2021,4,401282640,Florida State,ACC,Louisville,ACC,Home,2021-09-25T19:30:00.000Z,True,False,23,31,L,51,38,57.129
2021,5,401282648,Florida State,ACC,Syracuse,ACC,Home,2021-10-02T19:30:00.000Z,True,False,33,30,W,91,72,-2.248
2021,6,401282654,Florida State,ACC,North Carolina,ACC,Away,2021-10-09T19:30:00.000Z,True,False,35,25,W,65,62,17.611
2021,8,401282663,Florida State,ACC,Massachusetts,FBS Independents,Home,2021-10-23T16:00:00.000Z,True,False,59,3,W,130,128,-188.298
2021,9,401282670,Florida State,ACC,Clemson,ACC,Away,2021-10-30T19:30:00.000Z,True,False,20,30,L,29,17,104.296
2021,10,401282679,Florida State,ACC,NC State,ACC,Home,2021-11-06T20:00:00.000Z,True,False,14,28,L,18,15,110.049
2021,11,401282685,Florida State,ACC,Miami,ACC,Home,2021-11-13T20:30:00.000Z,True,False,31,28,W,75,56,27.939
2021,12,401282692,Florida State,ACC,Boston College,ACC,Away,2021-11-20T17:00:00.000Z,True,False,26,23,W,77,70,0.706
2021,13,401282147,Florida State,ACC,Florida,SEC,Away,2021-11-27T17:00:00.000Z,True,False,21,24,L,64,43,41.063
2021,1,401286187,Fresno State,Mountain West,UConn,FBS Independents,Home,2021-08-28T18:00:00.000Z,True,False,45,0,W,127,127,-166.865
2021,1,401309838,Fresno State,Mountain West,Oregon,Pac-12,Away,2021-09-04T18:00:00.000Z,True,False,24,31,L,56,35,68.525
2021,1,401331167,Fresno State,Mountain West,UTEP,Conference USA,Home,2021-12-18T19:15:00.000Z,True,False,31,24,W,74,95,-62.011
2021,3,401309855,Fresno State,Mountain West,UCLA,Pac-12,Away,2021-09-19T02:45:00.000Z,True,False,40,37,W,36,30,79.342
2021,4,401310707,Fresno State,Mountain West,UNLV,Mountain West,Home,2021-09-25T02:00:00.000Z,True,False,38,30,W,113,109,-96.694
2021,5,401310712,Fresno State,Mountain West,Hawai'i,Mountain West,Away,2021-10-03T03:00:00.000Z,True,False,24,27,L,83,88,-39.788
2021,7,401310721,Fresno State,Mountain West,Wyoming,Mountain West,Away,2021-10-16T19:30:00.000Z,True,False,17,0,W,58,82,-31.644
2021,8,401310727,Fresno State,Mountain West,Nevada,Mountain West,Home,2021-10-23T23:00:00.000Z,True,False,34,32,W,39,55,28.564
2021,9,401310733,Fresno State,Mountain West,San Diego State,Mountain West,Away,2021-10-31T02:30:00.000Z,True,False,30,20,W,44,50,35.336
2021,10,401310735,Fresno State,Mountain West,Boise State,Mountain West,Home,2021-11-06T23:00:00.000Z,True,False,14,40,L,21,29,79.805
2021,11,401310743,Fresno State,Mountain West,New Mexico,Mountain West,Home,2021-11-14T00:00:00.000Z,True,False,34,7,W,119,119,-138.998
2021,13,401310757,Fresno State,Mountain West,San José State,Mountain West,Away,2021-11-25T20:30:00.000Z,True,False,40,9,W,99,106,-86.919
2021,1,401281946,Georgia,SEC,Clemson,ACC,Away,2021-09-04T23:30:00.000Z,True,False,10,3,W,29,17,104.296
2021,1,401331234,Georgia,SEC,Michigan,Big Ten,Away,2022-01-01T00:30:00.000Z,True,False,34,11,W,4,4,166.327
2021,1,401331242,Georgia,SEC,Alabama,SEC,Away,2022-01-11T01:00:00.000Z,True,False,33,18,W,5,2,185.828
2021,2,401282060,Georgia,SEC,UAB,Conference USA,Home,2021-09-11T19:30:00.000Z,True,False,56,7,W,50,66,11.057
2021,3,401282072,Georgia,SEC,South Carolina,SEC,Home,2021-09-18T23:00:00.000Z,True,False,40,13,W,89,59,22.936
2021,4,401282088,Georgia,SEC,Vanderbilt,SEC,Away,2021-09-25T16:00:00.000Z,True,False,62,0,W,122,108,-88.882
2021,5,401282090,Georgia,SEC,Arkansas,SEC,Home,2021-10-02T16:00:00.000Z,True,False,37,0,W,48,25,83.922
2021,6,401282097,Georgia,SEC,Auburn,SEC,Away,2021-10-09T19:30:00.000Z,True,False,34,10,W,52,33,73.350
2021,7,401282105,Georgia,SEC,Kentucky,SEC,Home,2021-10-16T19:30:00.000Z,True,False,30,13,W,11,21,96.932
2021,9,401282117,Georgia,SEC,Florida,SEC,Away,2021-10-30T19:30:00.000Z,True,False,34,7,W,64,43,41.063
2021,10,401282122,Georgia,SEC,Missouri,SEC,Home,2021-11-06T16:00:00.000Z,True,False,43,6,W,96,76,-12.294
2021,11,401282133,Georgia,SEC,Tennessee,SEC,Away,2021-11-13T20:30:00.000Z,True,False,41,17,W,43,27,80.257
2021,13,401282148,Georgia,SEC,Georgia Tech,ACC,Away,2021-11-27T17:00:00.000Z,True,False,45,0,W,112,91,-49.172
2021,14,401282154,Georgia,SEC,Alabama,SEC,Away,2021-12-04T21:00:00.000Z,True,False,24,41,L,5,2,185.828
2021,2,401282183,Georgia Southern,Sun Belt,Florida Atlantic,Conference USA,Away,2021-09-11T19:30:00.000Z,True,False,6,38,L,81,97,-67.947
2021,3,401282069,Georgia Southern,Sun Belt,Arkansas,SEC,Away,2021-09-18T20:00:00.000Z,True,False,10,45,L,48,25,83.922
2021,4,401309610,Georgia Southern,Sun Belt,Louisiana,Sun Belt,Home,2021-09-25T22:00:00.000Z,True,False,20,28,L,10,52,31.058
2021,5,401309613,Georgia Southern,Sun Belt,Arkansas State,Sun Belt,Home,2021-10-02T20:00:00.000Z,True,False,59,33,W,118,124,-153.183
2021,6,401309617,Georgia Southern,Sun Belt,Troy,Sun Belt,Away,2021-10-09T23:00:00.000Z,True,False,24,27,L,100,113,-116.735
2021,7,401309621,Georgia Southern,Sun Belt,South Alabama,Sun Belt,Away,2021-10-14T23:30:00.000Z,True,False,14,41,L,88,104,-82.579
2021,9,401309630,Georgia Southern,Sun Belt,Georgia State,Sun Belt,Home,2021-10-30T22:00:00.000Z,True,False,14,21,L,66,84,-32.648
2021,10,401309634,Georgia Southern,Sun Belt,Coastal Carolina,Sun Belt,Home,2021-11-06T22:00:00.000Z,True,False,8,28,L,3,54,29.477
2021,11,401309640,Georgia Southern,Sun Belt,Texas State,Sun Belt,Away,2021-11-13T20:00:00.000Z,True,False,38,30,W,106,117,-137.058
2021,12,401309645,Georgia Southern,Sun Belt,BYU,FBS Independents,Home,2021-11-20T21:00:00.000Z,True,False,17,34,L,42,36,66.179
2021,13,401309646,Georgia Southern,Sun Belt,App State,Sun Belt,Away,2021-11-27T19:30:00.000Z,True,False,3,27,L,13,39,48.520
2021,1,401309601,Georgia State,Sun Belt,Army,FBS Independents,Home,2021-09-04T16:00:00.000Z,True,False,10,43,L,37,47,37.254
2021,1,401331218,Georgia State,Sun Belt,Ball State,Mid-American,Away,2021-12-25T19:30:00.000Z,True,False,51,20,W,93,105,-86.460
2021,2,401282621,Georgia State,Sun Belt,North Carolina,ACC,Away,2021-09-11T23:30:00.000Z,True,False,17,59,L,65,62,17.611
2021,3,401282196,Georgia State,Sun Belt,Charlotte,Conference USA,Home,2021-09-18T23:00:00.000Z,True,False,20,9,W,103,121,-144.529
2021,4,401282083,Georgia State,Sun Belt,Auburn,SEC,Away,2021-09-25T20:00:00.000Z,True,False,24,34,L,52,33,73.350
2021,5,401309612,Georgia State,Sun Belt,App State,Sun Belt,Home,2021-10-02T18:00:00.000Z,True,False,16,45,L,13,39,48.520
2021,6,401309618,Georgia State,Sun Belt,UL Monroe,Sun Belt,Away,2021-10-10T00:00:00.000Z,True,False,55,21,W,111,110,-106.916
2021,8,401309625,Georgia State,Sun Belt,Texas State,Sun Belt,Home,2021-10-23T18:00:00.000Z,True,False,28,16,W,106,117,-137.058
2021,9,401309630,Georgia State,Sun Belt,Georgia Southern,Sun Belt,Away,2021-10-30T22:00:00.000Z,True,False,21,14,W,110,118,-138.120
2021,10,401309632,Georgia State,Sun Belt,Louisiana,Sun Belt,Away,2021-11-04T23:30:00.000Z,True,False,17,21,L,10,52,31.058
2021,11,401309639,Georgia State,Sun Belt,Coastal Carolina,Sun Belt,Away,2021-11-13T19:00:00.000Z,True,False,42,40,W,3,54,29.477
2021,12,401309643,Georgia State,Sun Belt,Arkansas State,Sun Belt,Home,2021-11-20T19:00:00.000Z,True,False,28,20,W,118,124,-153.183
2021,13,401309649,Georgia State,Sun Belt,Troy,Sun Belt,Home,2021-11-27T19:00:00.000Z,True,False,37,10,W,100,113,-116.735
2021,1,401282610,Georgia Tech,ACC,Northern Illinois,Mid-American,Home,2021-09-04T23:30:00.000Z,True,False,21,22,L,85,94,-57.772
2021,3,401282627,Georgia Tech,ACC,Clemson,ACC,Away,2021-09-18T19:30:00.000Z,True,False,8,14,L,29,17,104.296
2021,4,401282641,Georgia Tech,ACC,North Carolina,ACC,Home,2021-09-25T23:30:00.000Z,True,False,45,22,W,65,62,17.611
2021,5,401282649,Georgia Tech,ACC,Pittsburgh,ACC,Home,2021-10-02T16:00:00.000Z,True,False,21,52,L,9,18,103.978
2021,6,401282652,Georgia Tech,ACC,Duke,ACC,Away,2021-10-09T16:30:00.000Z,True,False,31,27,W,121,116,-129.520
2021,8,401282667,Georgia Tech,ACC,Virginia,ACC,Away,2021-10-23T23:30:00.000Z,True,False,40,48,L,68,65,11.535
2021,9,401282671,Georgia Tech,ACC,Virginia Tech,ACC,Home,2021-10-30T16:00:00.000Z,True,False,17,26,L,86,77,-14.202
2021,10,401282681,Georgia Tech,ACC,Miami,ACC,Away,2021-11-06T16:30:00.000Z,True,False,30,33,L,75,56,27.939
2021,11,401282686,Georgia Tech,ACC,Boston College,ACC,Home,2021-11-13T20:30:00.000Z,True,False,30,41,L,77,70,0.706
2021,12,401282697,Georgia Tech,ACC,Notre Dame,FBS Independents,Away,2021-11-20T19:30:00.000Z,True,False,0,55,L,7,6,146.938
2021,13,401282148,Georgia Tech,ACC,Georgia,SEC,Home,2021-11-27T17:00:00.000Z,True,False,0,45,L,1,1,245.571
2021,1,401309833,Hawai'i,Mountain West,UCLA,Pac-12,Away,2021-08-28T19:30:00.000Z,True,False,10,44,L,36,30,79.342
2021,2,401309844,Hawai'i,Mountain West,Oregon State,Pac-12,Away,2021-09-12T03:00:00.000Z,True,False,27,45,L,59,40,48.169
2021,3,401310705,Hawai'i,Mountain West,San José State,Mountain West,Home,2021-09-19T04:30:00.000Z,True,False,13,17,L,99,106,-86.919
2021,4,401310708,Hawai'i,Mountain West,New Mexico State,FBS Independents,Away,2021-09-26T00:00:00.000Z,True,False,41,21,W,123,122,-149.442
2021,5,401310712,Hawai'i,Mountain West,Fresno State,Mountain West,Home,2021-10-03T03:00:00.000Z,True,False,27,24,W,26,46,37.836
2021,7,401310722,Hawai'i,Mountain West,Nevada,Mountain West,Away,2021-10-17T02:30:00.000Z,True,False,17,34,L,39,55,28.564
2021,8,401310728,Hawai'i,Mountain West,New Mexico State,FBS Independents,Home,2021-10-24T03:59:00.000Z,True,False,48,34,W,123,122,-149.442
2021,9,401310731,Hawai'i,Mountain West,Utah State,Mountain West,Away,2021-10-30T19:00:00.000Z,True,False,31,51,L,40,53,29.505
2021,10,401310739,Hawai'i,Mountain West,San Diego State,Mountain West,Home,2021-11-07T03:00:00.000Z,True,False,10,17,L,44,50,35.336
2021,11,401310745,Hawai'i,Mountain West,UNLV,Mountain West,Away,2021-11-13T21:00:00.000Z,True,False,13,27,L,113,109,-96.694
2021,12,401310749,Hawai'i,Mountain West,Colorado State,Mountain West,Home,2021-11-21T04:00:00.000Z,True,False,50,45,W,82,80,-27.095
2021,13,401310756,Hawai'i,Mountain West,Wyoming,Mountain West,Away,2021-11-27T20:00:00.000Z,True,False,38,14,W,58,82,-31.644
2021,1,401287886,Houston,American Athletic,Texas Tech,Big 12,Home,2021-09-04T23:00:00.000Z,True,False,21,38,L,71,51,33.917
2021,1,401331221,Houston,American Athletic,Auburn,SEC,Away,2021-12-28T17:00:00.000Z,True,False,17,13,W,52,33,73.350
2021,2,401282189,Houston,American Athletic,Rice,Conference USA,Away,2021-09-11T22:30:00.000Z,True,False,44,7,W,120,114,-120.586
2021,4,401301008,Houston,American Athletic,Navy,American Athletic,Home,2021-09-25T23:00:00.000Z,True,False,28,20,W,101,85,-36.412
2021,5,401301012,Houston,American Athletic,Tulsa,American Athletic,Away,2021-10-01T23:30:00.000Z,True,False,45,10,W,70,74,-9.005
2021,6,401301017,Houston,American Athletic,Tulane,American Athletic,Away,2021-10-07T23:30:00.000Z,True,False,40,22,W,109,93,-56.047
2021,8,401301028,Houston,American Athletic,East Carolina,American Athletic,Home,2021-10-23T20:00:00.000Z,True,False,31,24,W,49,61,20.579
2021,9,401301034,Houston,American Athletic,SMU,American Athletic,Home,2021-10-30T23:00:00.000Z,True,False,44,37,W,38,48,36.703
2021,10,401301038,Houston,American Athletic,South Florida,American Athletic,Away,2021-11-06T23:30:00.000Z,True,False,54,42,W,115,99,-74.592
2021,11,401301043,Houston,American Athletic,Temple,American Athletic,Away,2021-11-13T17:00:00.000Z,True,False,37,8,W,126,126,-161.014
2021,12,401301045,Houston,American Athletic,Memphis,American Athletic,Home,2021-11-20T02:00:00.000Z,True,False,31,13,W,69,79,-17.425
2021,13,401301052,Houston,American Athletic,UConn,FBS Independents,Away,2021-11-27T17:00:00.000Z,True,False,45,17,W,127,127,-166.865
2021,14,401331162,Houston,American Athletic,Cincinnati,American Athletic,Away,2021-12-04T21:00:00.000Z,True,False,20,35,L,6,11,123.072
2021,1,401282714,Illinois,Big Ten,Nebraska,Big Ten,Home,2021-08-28T17:20:00.000Z,True,False,30,22,W,57,34,69.377
2021,1,401282179,Illinois,Big Ten,UTSA,Conference USA,Home,2021-09-04T23:30:00.000Z,True,False,30,37,L,25,58,25.656
2021,2,401282624,Illinois,Big Ten,Virginia,ACC,Away,2021-09-11T15:00:00.000Z,True,False,14,42,L,68,65,11.535
2021,3,401282715,Illinois,Big Ten,Maryland,Big Ten,Home,2021-09-18T01:00:00.000Z,True,False,17,20,L,95,64,12.829
2021,4,401282716,Illinois,Big Ten,Purdue,Big Ten,Away,2021-09-25T19:30:00.000Z,True,False,9,13,L,33,20,97.146
2021,5,401282219,Illinois,Big Ten,Charlotte,Conference USA,Home,2021-10-02T16:00:00.000Z,True,False,24,14,W,103,121,-144.529
2021,6,401282718,Illinois,Big Ten,Wisconsin,Big Ten,Home,2021-10-09T19:30:00.000Z,True,False,0,24,L,27,10,124.911
2021,8,401282717,Illinois,Big Ten,Penn State,Big Ten,Away,2021-10-23T16:00:00.000Z,True,False,20,18,W,32,14,115.914
2021,9,401282719,Illinois,Big Ten,Rutgers,Big Ten,Home,2021-10-30T16:00:00.000Z,True,False,14,20,L,98,87,-37.742
2021,10,401282720,Illinois,Big Ten,Minnesota,Big Ten,Away,2021-11-06T16:00:00.000Z,True,False,14,6,W,31,24,87.694
2021,12,401282721,Illinois,Big Ten,Iowa,Big Ten,Away,2021-11-20T19:00:00.000Z,True,False,23,33,L,46,28,79.993
2021,13,401282722,Illinois,Big Ten,Northwestern,Big Ten,Home,2021-11-27T20:30:00.000Z,True,False,47,14,W,114,102,-79.299
2021,1,401282723,Indiana,Big Ten,Iowa,Big Ten,Away,2021-09-04T19:30:00.000Z,True,False,6,34,L,46,28,79.993
2021,3,401282725,Indiana,Big Ten,Cincinnati,American Athletic,Home,2021-09-18T16:00:00.000Z,True,False,24,38,L,6,11,123.072
2021,4,401282214,Indiana,Big Ten,Western Kentucky,Conference USA,Away,2021-09-26T00:00:00.000Z,True,False,33,31,W,12,42,43.205
2021,5,401282729,Indiana,Big Ten,Penn State,Big Ten,Away,2021-10-02T23:30:00.000Z,True,False,0,24,L,32,14,115.914
2021,7,401282731,Indiana,Big Ten,Michigan State,Big Ten,Home,2021-10-16T16:00:00.000Z,True,False,15,20,L,47,19,100.181
2021,8,401282730,Indiana,Big Ten,Ohio State,Big Ten,Home,2021-10-23T23:30:00.000Z,True,False,7,54,L,2,3,182.291
2021,9,401282726,Indiana,Big Ten,Maryland,Big Ten,Away,2021-10-30T16:00:00.000Z,True,False,35,38,L,95,64,12.829
2021,10,401282727,Indiana,Big Ten,Michigan,Big Ten,Away,2021-11-06T23:30:00.000Z,True,False,7,29,L,4,4,166.327
2021,11,401282728,Indiana,Big Ten,Rutgers,Big Ten,Home,2021-11-13T17:00:00.000Z,True,False,3,38,L,98,87,-37.742
2021,12,401282732,Indiana,Big Ten,Minnesota,Big Ten,Home,2021-11-20T20:30:00.000Z,True,False,14,35,L,31,24,87.694
2021,13,401282753,Indiana,Big Ten,Purdue,Big Ten,Away,2021-11-27T20:30:00.000Z,True,False,7,44,L,33,20,97.146
2021,1,401282723,Iowa,Big Ten,Indiana,Big Ten,Home,2021-09-04T19:30:00.000Z,True,False,34,6,W,124,96,-65.572
2021,1,401331237,Iowa,Big Ten,Kentucky,SEC,Away,2022-01-01T18:00:00.000Z,True,False,17,20,L,11,21,96.932
2021,2,401282754,Iowa,Big Ten,Iowa State,Big 12,Away,2021-09-11T20:30:00.000Z,True,False,27,17,W,16,12,120.288
2021,3,401282755,Iowa,Big Ten,Kent State,Mid-American,Home,2021-09-18T19:30:00.000Z,True,False,30,7,W,97,112,-115.613
2021,4,401282756,Iowa,Big Ten,Colorado State,Mountain West,Home,2021-09-25T19:30:00.000Z,True,False,24,14,W,82,80,-27.095
2021,5,401282759,Iowa,Big Ten,Maryland,Big Ten,Away,2021-10-02T00:00:00.000Z,True,False,51,14,W,95,64,12.829
2021,6,401282758,Iowa,Big Ten,Penn State,Big Ten,Home,2021-10-09T20:00:00.000Z,True,False,23,20,W,32,14,115.914
2021,7,401282760,Iowa,Big Ten,Purdue,Big Ten,Home,2021-10-16T19:30:00.000Z,True,False,7,24,L,33,20,97.146
2021,9,401282763,Iowa,Big Ten,Wisconsin,Big Ten,Away,2021-10-30T16:00:00.000Z,True,False,7,27,L,27,10,124.911
2021,10,401282757,Iowa,Big Ten,Northwestern,Big Ten,Away,2021-11-06T23:00:00.000Z,True,False,17,12,W,114,102,-79.299
2021,11,401282762,Iowa,Big Ten,Minnesota,Big Ten,Home,2021-11-13T20:30:00.000Z,True,False,27,22,W,31,24,87.694
2021,12,401282721,Iowa,Big Ten,Illinois,Big Ten,Home,2021-11-20T19:00:00.000Z,True,False,33,23,W,79,67,9.806
2021,13,401282761,Iowa,Big Ten,Nebraska,Big Ten,Away,2021-11-26T18:30:00.000Z,True,False,28,21,W,57,34,69.377
2021,14,401331447,Iowa,Big Ten,Michigan,Big Ten,Home,2021-12-05T01:00:00.000Z,True,False,3,42,L,4,4,166.327
2021,1,401331227,Iowa State,Big 12,Clemson,ACC,Home,2021-12-29T22:45:00.000Z,True,False,13,20,L,29,17,104.296
2021,2,401282754,Iowa State,Big 12,Iowa,Big Ten,Home,2021-09-11T20:30:00.000Z,True,False,17,27,L,46,28,79.993
2021,3,401287906,Iowa State,Big 12,UNLV,Mountain West,Away,2021-09-19T02:30:00.000Z,True,False,48,3,W,113,109,-96.694
2021,4,401287907,Iowa State,Big 12,Baylor,Big 12,Away,2021-09-25T19:30:00.000Z,True,False,29,31,L,22,9,128.606
2021,5,401287912,Iowa State,Big 12,Kansas,Big 12,Home,2021-10-02T23:00:00.000Z,True,False,59,7,W,128,111,-112.099
2021,7,401287922,Iowa State,Big 12,Kansas State,Big 12,Away,2021-10-16T23:30:00.000Z,True,False,33,20,W,30,13,118.470
2021,8,401287925,Iowa State,Big 12,Oklahoma State,Big 12,Home,2021-10-23T19:30:00.000Z,True,False,24,21,W,15,7,141.454
2021,9,401287933,Iowa State,Big 12,West Virginia,Big 12,Away,2021-10-30T18:00:00.000Z,True,False,31,38,L,90,60,22.897
2021,10,401287934,Iowa State,Big 12,Texas,Big 12,Home,2021-11-06T23:30:00.000Z,True,False,30,7,W,45,31,78.322
2021,11,401287942,Iowa State,Big 12,Texas Tech,Big 12,Away,2021-11-13T20:30:00.000Z,True,False,38,41,L,71,51,33.917
2021,12,401287944,Iowa State,Big 12,Oklahoma,Big 12,Away,2021-11-20T17:00:00.000Z,True,False,21,28,L,20,8,137.719
2021,13,401287949,Iowa State,Big 12,TCU,Big 12,Home,2021-11-26T21:30:00.000Z,True,False,48,14,W,107,71,-2.094
2021,2,401287896,Kansas,Big 12,Coastal Carolina,Sun Belt,Away,2021-09-10T23:30:00.000Z,True,False,22,49,L,3,54,29.477
2021,3,401287904,Kansas,Big 12,Baylor,Big 12,Home,2021-09-18T19:30:00.000Z,True,False,7,45,L,22,9,128.606
2021,4,401282639,Kansas,Big 12,Duke,ACC,Away,2021-09-25T20:00:00.000Z,True,False,33,52,L,121,116,-129.520
2021,5,401287912,Kansas,Big 12,Iowa State,Big 12,Away,2021-10-02T23:00:00.000Z,True,False,7,59,L,16,12,120.288
2021,7,401287921,Kansas,Big 12,Texas Tech,Big 12,Home,2021-10-16T20:00:00.000Z,True,False,14,41,L,71,51,33.917
2021,8,401287926,Kansas,Big 12,Oklahoma,Big 12,Home,2021-10-23T16:00:00.000Z,True,False,23,35,L,20,8,137.719
2021,9,401287932,Kansas,Big 12,Oklahoma State,Big 12,Away,2021-10-30T23:00:00.000Z,True,False,3,55,L,15,7,141.454
2021,10,401287935,Kansas,Big 12,Kansas State,Big 12,Home,2021-11-06T16:00:00.000Z,True,False,10,35,L,30,13,118.470
2021,11,401287941,Kansas,Big 12,Texas,Big 12,Away,2021-11-14T00:30:00.000Z,True,False,57,56,W,45,31,78.322
2021,12,401287945,Kansas,Big 12,TCU,Big 12,Away,2021-11-20T21:00:00.000Z,True,False,28,31,L,107,71,-2.094
2021,13,401287950,Kansas,Big 12,West Virginia,Big 12,Home,2021-11-28T00:00:00.000Z,True,False,28,34,L,90,60,22.897
2021,1,401287889,Kansas State,Big 12,Stanford,Pac-12,Home,2021-09-04T16:00:00.000Z,True,False,24,7,W,104,83,-32.485
2021,1,401331241,Kansas State,Big 12,LSU,SEC,Home,2022-01-05T02:00:00.000Z,True,False,42,20,W,78,45,39.656
2021,3,401287905,Kansas State,Big 12,Nevada,Mountain West,Home,2021-09-18T18:00:00.000Z,True,False,38,17,W,39,55,28.564
2021,4,401287909,Kansas State,Big 12,Oklahoma State,Big 12,Away,2021-09-25T23:00:00.000Z,True,False,20,31,L,15,7,141.454
2021,5,401287913,Kansas State,Big 12,Oklahoma,Big 12,Home,2021-10-02T19:30:00.000Z,True,False,31,37,L,20,8,137.719
2021,7,401287922,Kansas State,Big 12,Iowa State,Big 12,Home,2021-10-16T23:30:00.000Z,True,False,20,33,L,16,12,120.288
2021,8,401287928,Kansas State,Big 12,Texas Tech,Big 12,Away,2021-10-23T16:00:00.000Z,True,False,25,24,W,71,51,33.917
2021,9,401287930,Kansas State,Big 12,TCU,Big 12,Home,2021-10-30T19:30:00.000Z,True,False,31,12,W,107,71,-2.094
2021,10,401287935,Kansas State,Big 12,Kansas,Big 12,Away,2021-11-06T16:00:00.000Z,True,False,35,10,W,128,111,-112.099
2021,11,401287939,Kansas State,Big 12,West Virginia,Big 12,Home,2021-11-13T17:00:00.000Z,True,False,34,17,W,90,60,22.897
2021,12,401287943,Kansas State,Big 12,Baylor,Big 12,Home,2021-11-20T22:30:00.000Z,True,False,10,20,L,22,9,128.606
2021,13,401287952,Kansas State,Big 12,Texas,Big 12,Away,2021-11-26T17:00:00.000Z,True,False,17,22,L,45,31,78.322
2021,1,401282053,Kent State,Mid-American,Texas A&M,SEC,Away,2021-09-05T00:00:00.000Z,True,False,10,41,L,24,23,89.752
2021,1,401331213,Kent State,Mid-American,Wyoming,Mountain West,Away,2021-12-21T20:30:00.000Z,True,False,38,52,L,58,82,-31.644
2021,3,401282755,Kent State,Mid-American,Iowa,Big Ten,Away,2021-09-18T19:30:00.000Z,True,False,7,30,L,46,28,79.993
2021,4,401282765,Kent State,Mid-American,Maryland,Big Ten,Away,2021-09-25T19:30:00.000Z,True,False,16,37,L,95,64,12.829
2021,5,401309562,Kent State,Mid-American,Bowling Green,Mid-American,Home,2021-10-02T19:30:00.000Z,True,False,27,20,W,108,123,-149.977
2021,6,401309565,Kent State,Mid-American,Buffalo,Mid-American,Home,2021-10-09T23:00:00.000Z,True,False,48,38,W,94,115,-128.514
2021,7,401309572,Kent State,Mid-American,Western Michigan,Mid-American,Away,2021-10-16T19:30:00.000Z,True,False,31,64,L,67,89,-40.078
2021,8,401309576,Kent State,Mid-American,Ohio,Mid-American,Away,2021-10-23T17:00:00.000Z,True,False,34,27,W,102,120,-142.144
2021,10,401309582,Kent State,Mid-American,Northern Illinois,Mid-American,Home,2021-11-03T23:00:00.000Z,True,False,52,47,W,85,94,-57.772
2021,11,401309586,Kent State,Mid-American,Central Michigan,Mid-American,Away,2021-11-11T01:00:00.000Z,True,False,30,54,L,53,81,-28.448
2021,12,401309592,Kent State,Mid-American,Akron,Mid-American,Away,2021-11-20T17:00:00.000Z,True,False,38,0,W,129,129,-215.271
2021,13,401308842,Kent State,Mid-American,Miami (OH),Mid-American,Home,2021-11-27T17:00:00.000Z,True,False,48,47,W,54,86,-36.455
2021,14,401331160,Kent State,Mid-American,Northern Illinois,Mid-American,Away,2021-12-04T17:00:00.000Z,True,False,23,41,L,85,94,-57.772
2021,1,401281947,Kentucky,SEC,UL Monroe,Sun Belt,Home,2021-09-04T16:00:00.000Z,True,False,45,10,W,111,110,-106.916
2021,1,401331237,Kentucky,SEC,Iowa,Big Ten,Home,2022-01-01T18:00:00.000Z,True,False,20,17,W,46,28,79.993
2021,2,401282061,Kentucky,SEC,Missouri,SEC,Home,2021-09-11T23:30:00.000Z,True,False,35,28,W,96,76,-12.294
2021,4,401282087,Kentucky,SEC,South Carolina,SEC,Away,2021-09-25T23:00:00.000Z,True,False,16,10,W,89,59,22.936
2021,5,401282091,Kentucky,SEC,Florida,SEC,Home,2021-10-02T22:00:00.000Z,True,False,20,13,W,64,43,41.063
2021,6,401282099,Kentucky,SEC,LSU,SEC,Home,2021-10-09T23:30:00.000Z,True,False,42,21,W,78,45,39.656
2021,7,401282105,Kentucky,SEC,Georgia,SEC,Away,2021-10-16T19:30:00.000Z,True,False,13,30,L,1,1,245.571
2021,9,401282118,Kentucky,SEC,Mississippi State,SEC,Away,2021-10-30T23:00:00.000Z,True,False,17,31,L,76,49,35.501
2021,10,401282123,Kentucky,SEC,Tennessee,SEC,Home,2021-11-06T23:00:00.000Z,True,False,42,45,L,43,27,80.257
2021,11,401282134,Kentucky,SEC,Vanderbilt,SEC,Away,2021-11-14T00:00:00.000Z,True,False,34,17,W,122,108,-88.882
2021,12,401282137,Kentucky,SEC,New Mexico State,FBS Independents,Home,2021-11-20T17:00:00.000Z,True,False,56,16,W,123,122,-149.442
2021,13,401282149,Kentucky,SEC,Louisville,ACC,Away,2021-11-28T00:30:00.000Z,True,False,52,21,W,51,38,57.129
2021,1,401281948,LSU,SEC,UCLA,Pac-12,Away,2021-09-05T00:30:00.000Z,True,False,27,38,L,36,30,79.342
2021,1,401331241,LSU,SEC,Kansas State,Big 12,Away,2022-01-05T02:00:00.000Z,True,False,20,42,L,30,13,118.470
2021,3,401282074,LSU,SEC,Central Michigan,Mid-American,Home,2021-09-18T23:30:00.000Z,True,False,49,21,W,53,81,-28.448
2021,4,401282085,LSU,SEC,Mississippi State,SEC,Away,2021-09-25T16:00:00.000Z,True,False,28,25,W,76,49,35.501
2021,5,401282092,LSU,SEC,Auburn,SEC,Home,2021-10-03T01:00:00.000Z,True,False,19,24,L,52,33,73.350
2021,6,401282099,LSU,SEC,Kentucky,SEC,Away,2021-10-09T23:30:00.000Z,True,False,21,42,L,11,21,96.932
2021,7,401282106,LSU,SEC,Florida,SEC,Home,2021-10-16T16:00:00.000Z,True,False,49,42,W,64,43,41.063
2021,8,401282113,LSU,SEC,Ole Miss,SEC,Away,2021-10-23T19:30:00.000Z,True,False,17,31,L,41,22,91.562
2021,10,401282120,LSU,SEC,Alabama,SEC,Away,2021-11-06T23:00:00.000Z,True,False,14,20,L,5,2,185.828
2021,11,401282130,LSU,SEC,Arkansas,SEC,Home,2021-11-14T00:30:00.000Z,True,False,13,16,L,48,25,83.922
2021,12,401282138,LSU,SEC,UL Monroe,Sun Belt,Home,2021-11-21T02:00:00.000Z,True,False,27,14,W,111,110,-106.916
2021,13,401282150,LSU,SEC,Texas A&M,SEC,Home,2021-11-28T00:00:00.000Z,True,False,27,24,W,24,23,89.752
2021,1,401331169,Liberty,FBS Independents,Eastern Michigan,Mid-American,Home,2021-12-18T22:45:00.000Z,True,False,56,20,W,72,100,-74.602
2021,2,401286295,Liberty,FBS Independents,Troy,Sun Belt,Away,2021-09-11T23:00:00.000Z,True,False,21,13,W,100,113,-116.735
2021,3,401282201,Liberty,FBS Independents,Old Dominion,Conference USA,Home,2021-09-18T22:00:00.000Z,True,False,45,17,W,84,101,-75.560
2021,4,401282637,Liberty,FBS Independents,Syracuse,ACC,Away,2021-09-25T00:00:00.000Z,True,False,21,24,L,91,72,-2.248
2021,5,401282221,Liberty,FBS Independents,UAB,Conference USA,Away,2021-10-02T23:00:00.000Z,True,False,36,12,W,50,66,11.057
2021,6,401282229,Liberty,FBS Independents,Middle Tennessee,Conference USA,Home,2021-10-09T19:30:00.000Z,True,False,41,13,W,60,92,-54.819
2021,7,401286296,Liberty,FBS Independents,UL Monroe,Sun Belt,Away,2021-10-16T23:00:00.000Z,True,False,28,31,L,111,110,-106.916
2021,8,401282240,Liberty,FBS Independents,North Texas,Conference USA,Away,2021-10-23T20:00:00.000Z,True,False,35,26,W,80,98,-70.030
2021,9,401286297,Liberty,FBS Independents,Massachusetts,FBS Independents,Home,2021-10-30T16:00:00.000Z,True,False,62,17,W,130,128,-188.298
2021,10,401282124,Liberty,FBS Independents,Ole Miss,SEC,Away,2021-11-06T16:00:00.000Z,True,False,14,27,L,41,22,91.562
2021,12,401286298,Liberty,FBS Independents,Louisiana,Sun Belt,Home,2021-11-20T21:00:00.000Z,True,False,14,42,L,10,52,31.058
2021,13,401286299,Liberty,FBS Independents,Army,FBS Independents,Home,2021-11-27T17:00:00.000Z,True,False,16,31,L,37,47,37.254
2021,1,401287892,Louisiana,Sun Belt,Texas,Big 12,Away,2021-09-04T20:30:00.000Z,True,False,18,38,L,45,31,78.322
2021,1,401331171,Louisiana,Sun Belt,Marshall,Conference USA,Away,2021-12-19T02:15:00.000Z,True,False,36,21,W,35,68,6.158
2021,3,401309606,Louisiana,Sun Belt,Ohio,Mid-American,Home,2021-09-17T00:00:00.000Z,True,False,49,14,W,102,120,-142.144
2021,4,401309610,Louisiana,Sun Belt,Georgia Southern,Sun Belt,Away,2021-09-25T22:00:00.000Z,True,False,28,20,W,110,118,-138.120
2021,5,401309615,Louisiana,Sun Belt,South Alabama,Sun Belt,Away,2021-10-03T00:00:00.000Z,True,False,20,18,W,88,104,-82.579
2021,7,401309620,Louisiana,Sun Belt,App State,Sun Belt,Home,2021-10-12T23:30:00.000Z,True,False,41,13,W,13,39,48.520
2021,8,401309624,Louisiana,Sun Belt,Arkansas State,Sun Belt,Away,2021-10-21T23:30:00.000Z,True,False,28,27,W,118,124,-153.183
2021,9,401309631,Louisiana,Sun Belt,Texas State,Sun Belt,Home,2021-10-30T16:00:00.000Z,True,False,45,0,W,106,117,-137.058
2021,10,401309632,Louisiana,Sun Belt,Georgia State,Sun Belt,Home,2021-11-04T23:30:00.000Z,True,False,21,17,W,66,84,-32.648
2021,11,401309641,Louisiana,Sun Belt,Troy,Sun Belt,Away,2021-11-13T20:30:00.000Z,True,False,35,21,W,100,113,-116.735
2021,12,401286298,Louisiana,Sun Belt,Liberty,FBS Independents,Away,2021-11-20T21:00:00.000Z,True,False,42,14,W,17,57,26.518
2021,13,401309650,Louisiana,Sun Belt,UL Monroe,Sun Belt,Home,2021-11-27T21:00:00.000Z,True,False,21,16,W,111,110,-106.916
2021,14,401331161,Louisiana,Sun Belt,App State,Sun Belt,Home,2021-12-04T20:30:00.000Z,True,False,24,16,W,13,39,48.520
2021,1,401281949,Louisiana Tech,Conference USA,Mississippi State,SEC,Away,2021-09-04T20:00:00.000Z,True,False,34,35,L,76,49,35.501
2021,3,401282199,Louisiana Tech,Conference USA,SMU,American Athletic,Home,2021-09-18T19:30:00.000Z,True,False,37,39,L,38,48,36.703
2021,4,401282205,Louisiana Tech,Conference USA,North Texas,Conference USA,Home,2021-09-25T23:00:00.000Z,True,False,24,17,W,80,98,-70.030
2021,5,401282220,Louisiana Tech,Conference USA,NC State,ACC,Away,2021-10-02T22:00:00.000Z,True,False,27,34,L,18,15,110.049
2021,7,401282230,Louisiana Tech,Conference USA,UTEP,Conference USA,Away,2021-10-17T01:00:00.000Z,True,False,3,19,L,74,95,-62.011
2021,8,401282237,Louisiana Tech,Conference USA,UTSA,Conference USA,Home,2021-10-23T23:00:00.000Z,True,False,16,45,L,25,58,25.656
2021,9,401282244,Louisiana Tech,Conference USA,Old Dominion,Conference USA,Away,2021-10-30T19:30:00.000Z,True,False,20,23,L,84,101,-75.560
2021,10,401282250,Louisiana Tech,Conference USA,UAB,Conference USA,Away,2021-11-06T16:00:00.000Z,True,False,38,52,L,50,66,11.057
2021,11,401282254,Louisiana Tech,Conference USA,Charlotte,Conference USA,Home,2021-11-13T20:30:00.000Z,True,False,42,32,W,103,121,-144.529
2021,12,401282264,Louisiana Tech,Conference USA,Southern Miss,Conference USA,Home,2021-11-20T01:00:00.000Z,True,False,19,35,L,116,125,-158.509
2021,13,401282271,Louisiana Tech,Conference USA,Rice,Conference USA,Away,2021-11-27T18:00:00.000Z,True,False,31,35,L,120,114,-120.586
2021,1,401282055,Louisville,ACC,Ole Miss,SEC,Away,2021-09-07T00:00:00.000Z,True,False,24,43,L,41,22,91.562
2021,1,401331222,Louisville,ACC,Air Force,Mountain West,Home,2021-12-28T20:15:00.000Z,True,False,28,31,L,19,32,75.426
2021,3,401282626,Louisville,ACC,UCF,American Athletic,Home,2021-09-17T23:30:00.000Z,True,False,42,35,W,55,69,3.646
2021,4,401282640,Louisville,ACC,Florida State,ACC,Away,2021-09-25T19:30:00.000Z,True,False,31,23,W,61,44,39.804
2021,5,401282651,Louisville,ACC,Wake Forest,ACC,Away,2021-10-02T16:30:00.000Z,True,False,34,37,L,23,16,105.459
2021,6,401282653,Louisville,ACC,Virginia,ACC,Home,2021-10-09T19:00:00.000Z,True,False,33,34,L,68,65,11.535
2021,8,401282664,Louisville,ACC,Boston College,ACC,Home,2021-10-23T20:00:00.000Z,True,False,28,14,W,77,70,0.706
2021,9,401282672,Louisville,ACC,NC State,ACC,Away,2021-10-30T23:30:00.000Z,True,False,13,28,L,18,15,110.049
2021,10,401282680,Louisville,ACC,Clemson,ACC,Home,2021-11-06T23:30:00.000Z,True,False,24,30,L,29,17,104.296
2021,11,401282687,Louisville,ACC,Syracuse,ACC,Home,2021-11-13T17:00:00.000Z,True,False,41,3,W,91,72,-2.248
2021,12,401282691,Louisville,ACC,Duke,ACC,Away,2021-11-19T00:30:00.000Z,True,False,62,22,W,121,116,-129.520
2021,13,401282149,Louisville,ACC,Kentucky,SEC,Home,2021-11-28T00:30:00.000Z,True,False,21,52,L,11,21,96.932
2021,1,401282174,Marshall,Conference USA,Navy,American Athletic,Away,2021-09-04T19:30:00.000Z,True,False,49,7,W,101,85,-36.412
2021,1,401331171,Marshall,Conference USA,Louisiana,Sun Belt,Home,2021-12-19T02:15:00.000Z,True,False,21,36,L,10,52,31.058
2021,3,401282200,Marshall,Conference USA,East Carolina,American Athletic,Home,2021-09-18T22:00:00.000Z,True,False,38,42,L,49,61,20.579
2021,4,401282208,Marshall,Conference USA,App State,Sun Belt,Away,2021-09-23T23:30:00.000Z,True,False,30,31,L,13,39,48.520
2021,5,401282216,Marshall,Conference USA,Middle Tennessee,Conference USA,Away,2021-10-02T23:00:00.000Z,True,False,28,34,L,60,92,-54.819
2021,6,401282226,Marshall,Conference USA,Old Dominion,Conference USA,Home,2021-10-09T18:00:00.000Z,True,False,20,13,W,84,101,-75.560
2021,7,401282231,Marshall,Conference USA,North Texas,Conference USA,Away,2021-10-15T23:00:00.000Z,True,False,49,21,W,80,98,-70.030
2021,9,401282242,Marshall,Conference USA,Florida International,Conference USA,Home,2021-10-30T19:30:00.000Z,True,False,38,0,W,125,130,-229.363
2021,10,401282249,Marshall,Conference USA,Florida Atlantic,Conference USA,Away,2021-11-06T22:00:00.000Z,True,False,28,13,W,81,97,-67.947
2021,11,401282257,Marshall,Conference USA,UAB,Conference USA,Home,2021-11-13T20:30:00.000Z,True,False,14,21,L,50,66,11.057
2021,12,401282261,Marshall,Conference USA,Charlotte,Conference USA,Away,2021-11-20T20:30:00.000Z,True,False,49,28,W,103,121,-144.529
2021,13,401282272,Marshall,Conference USA,Western Kentucky,Conference USA,Home,2021-11-27T20:30:00.000Z,True,False,21,53,L,12,42,43.205
2021,1,401282764,Maryland,Big Ten,West Virginia,Big 12,Home,2021-09-04T19:30:00.000Z,True,False,30,24,W,90,60,22.897
2021,1,401331226,Maryland,Big Ten,Virginia Tech,ACC,Away,2021-12-29T19:15:00.000Z,True,False,54,10,W,86,77,-14.202
2021,3,401282715,Maryland,Big Ten,Illinois,Big Ten,Away,2021-09-18T01:00:00.000Z,True,False,20,17,W,79,67,9.806
2021,4,401282765,Maryland,Big Ten,Kent State,Mid-American,Home,2021-09-25T19:30:00.000Z,True,False,37,16,W,97,112,-115.613
2021,5,401282759,Maryland,Big Ten,Iowa,Big Ten,Home,2021-10-02T00:00:00.000Z,True,False,14,51,L,46,28,79.993
2021,6,401282769,Maryland,Big Ten,Ohio State,Big Ten,Away,2021-10-09T16:00:00.000Z,True,False,17,66,L,2,3,182.291
2021,8,401282767,Maryland,Big Ten,Minnesota,Big Ten,Away,2021-10-23T19:30:00.000Z,True,False,16,34,L,31,24,87.694
2021,9,401282726,Maryland,Big Ten,Indiana,Big Ten,Home,2021-10-30T16:00:00.000Z,True,False,38,35,W,124,96,-65.572
2021,10,401282768,Maryland,Big Ten,Penn State,Big Ten,Home,2021-11-06T19:30:00.000Z,True,False,14,31,L,32,14,115.914
2021,11,401282771,Maryland,Big Ten,Michigan State,Big Ten,Away,2021-11-13T21:00:00.000Z,True,False,21,40,L,47,19,100.181
2021,12,401282770,Maryland,Big Ten,Michigan,Big Ten,Home,2021-11-20T20:30:00.000Z,True,False,18,59,L,4,4,166.327
2021,13,401282766,Maryland,Big Ten,Rutgers,Big Ten,Away,2021-11-27T17:00:00.000Z,True,False,40,16,W,98,87,-37.742
2021,1,401282612,Massachusetts,FBS Independents,Pittsburgh,ACC,Away,2021-09-04T20:00:00.000Z,True,False,7,51,L,9,18,103.978
2021,2,401282623,Massachusetts,FBS Independents,Boston College,ACC,Home,2021-09-11T19:30:00.000Z,True,False,28,45,L,77,70,0.706
2021,3,401286300,Massachusetts,FBS Independents,Eastern Michigan,Mid-American,Home,2021-09-18T19:30:00.000Z,True,False,28,42,L,72,100,-74.602
2021,4,401286301,Massachusetts,FBS Independents,Coastal Carolina,Sun Belt,Away,2021-09-25T17:00:00.000Z,True,False,3,53,L,3,54,29.477
2021,5,401286302,Massachusetts,FBS Independents,Toledo,Mid-American,Home,2021-10-02T16:00:00.000Z,True,False,7,45,L,28,75,-11.484
2021,6,401286191,Massachusetts,FBS Independents,UConn,FBS Independents,Home,2021-10-09T19:30:00.000Z,True,False,27,13,W,127,127,-166.865
2021,8,401282663,Massachusetts,FBS Independents,Florida State,ACC,Away,2021-10-23T16:00:00.000Z,True,False,3,59,L,61,44,39.804
2021,9,401286297,Massachusetts,FBS Independents,Liberty,FBS Independents,Away,2021-10-30T16:00:00.000Z,True,False,17,62,L,17,57,26.518
2021,12,401286305,Massachusetts,FBS Independents,Army,FBS Independents,Away,2021-11-20T17:00:00.000Z,True,False,17,33,L,37,47,37.254
2021,13,401286306,Massachusetts,FBS Independents,New Mexico State,FBS Independents,Away,2021-11-27T20:00:00.000Z,True,False,27,44,L,123,122,-149.442
2021,2,401301003,Memphis,American Athletic,Arkansas State,Sun Belt,Away,2021-09-11T23:00:00.000Z,True,False,55,50,W,118,124,-153.183
2021,3,401282076,Memphis,American Athletic,Mississippi State,SEC,Home,2021-09-18T20:00:00.000Z,True,False,31,29,W,76,49,35.501
2021,4,401282213,Memphis,American Athletic,UTSA,Conference USA,Home,2021-09-25T19:30:00.000Z,True,False,28,31,L,25,58,25.656
2021,5,401301015,Memphis,American Athletic,Temple,American Athletic,Away,2021-10-02T16:00:00.000Z,True,False,31,34,L,126,126,-161.014
2021,6,401301020,Memphis,American Athletic,Tulsa,American Athletic,Away,2021-10-10T01:00:00.000Z,True,False,29,35,L,70,74,-9.005
2021,7,401301022,Memphis,American Athletic,Navy,American Athletic,Home,2021-10-14T23:30:00.000Z,True,False,35,17,W,101,85,-36.412
2021,8,401301026,Memphis,American Athletic,UCF,American Athletic,Away,2021-10-22T23:00:00.000Z,True,False,7,24,L,55,69,3.646
2021,10,401301039,Memphis,American Athletic,SMU,American Athletic,Home,2021-11-06T16:00:00.000Z,True,False,28,25,W,38,48,36.703
2021,11,401301042,Memphis,American Athletic,East Carolina,American Athletic,Home,2021-11-13T17:00:00.000Z,True,False,29,30,L,49,61,20.579
2021,12,401301045,Memphis,American Athletic,Houston,American Athletic,Away,2021-11-20T02:00:00.000Z,True,False,13,31,L,14,37,61.710
2021,13,401301053,Memphis,American Athletic,Tulane,American Athletic,Home,2021-11-28T00:30:00.000Z,True,False,33,28,W,109,93,-56.047
2021,1,401281942,Miami,ACC,Alabama,SEC,Home,2021-09-04T19:30:00.000Z,True,False,13,44,L,5,2,185.828
2021,2,401282620,Miami,ACC,App State,Sun Belt,Home,2021-09-11T23:00:00.000Z,True,False,25,23,W,13,39,48.520
2021,3,401282629,Miami,ACC,Michigan State,Big Ten,Home,2021-09-18T16:00:00.000Z,True,False,17,38,L,47,19,100.181
2021,5,401282646,Miami,ACC,Virginia,ACC,Home,2021-09-30T23:30:00.000Z,True,False,28,30,L,68,65,11.535
2021,7,401282659,Miami,ACC,North Carolina,ACC,Away,2021-10-16T19:30:00.000Z,True,False,42,45,L,65,62,17.611
2021,8,401282665,Miami,ACC,NC State,ACC,Home,2021-10-23T23:30:00.000Z,True,False,31,30,W,18,15,110.049
2021,9,401282674,Miami,ACC,Pittsburgh,ACC,Away,2021-10-30T16:00:00.000Z,True,False,38,34,W,9,18,103.978
2021,10,401282681,Miami,ACC,Georgia Tech,ACC,Home,2021-11-06T16:30:00.000Z,True,False,33,30,W,112,91,-49.172
2021,11,401282685,Miami,ACC,Florida State,ACC,Away,2021-11-13T20:30:00.000Z,True,False,28,31,L,61,44,39.804
2021,12,401282694,Miami,ACC,Virginia Tech,ACC,Home,2021-11-21T00:30:00.000Z,True,False,38,26,W,86,77,-14.202
2021,13,401282701,Miami,ACC,Duke,ACC,Away,2021-11-27T17:30:00.000Z,True,False,47,10,W,121,116,-129.520
2021,1,401300996,Miami (OH),Mid-American,Cincinnati,American Athletic,Away,2021-09-04T19:30:00.000Z,True,False,14,49,L,6,11,123.072
2021,1,401391158,Miami (OH),Mid-American,North Texas,Conference USA,Home,2021-12-23T20:30:00.000Z,True,False,27,14,W,80,98,-70.030
2021,2,401282790,Miami (OH),Mid-American,Minnesota,Big Ten,Away,2021-09-11T16:00:00.000Z,True,False,26,31,L,31,24,87.694
2021,4,401308834,Miami (OH),Mid-American,Army,FBS Independents,Away,2021-09-25T16:00:00.000Z,True,False,10,23,L,37,47,37.254
2021,5,401308835,Miami (OH),Mid-American,Central Michigan,Mid-American,Home,2021-10-02T19:30:00.000Z,True,False,28,17,W,53,81,-28.448
2021,6,401308836,Miami (OH),Mid-American,Eastern Michigan,Mid-American,Away,2021-10-09T19:30:00.000Z,True,False,12,13,L,72,100,-74.602
2021,7,401308837,Miami (OH),Mid-American,Akron,Mid-American,Home,2021-10-16T18:30:00.000Z,True,False,34,21,W,129,129,-215.271
2021,8,401308838,Miami (OH),Mid-American,Ball State,Mid-American,Away,2021-10-23T19:30:00.000Z,True,False,24,17,W,93,105,-86.460
2021,10,401308839,Miami (OH),Mid-American,Ohio,Mid-American,Away,2021-11-02T23:30:00.000Z,True,False,33,35,L,102,120,-142.144
2021,11,401308840,Miami (OH),Mid-American,Buffalo,Mid-American,Home,2021-11-10T00:00:00.000Z,True,False,45,18,W,94,115,-128.514
2021,12,401308841,Miami (OH),Mid-American,Bowling Green,Mid-American,Home,2021-11-17T01:00:00.000Z,True,False,34,7,W,108,123,-149.977
2021,13,401308842,Miami (OH),Mid-American,Kent State,Mid-American,Away,2021-11-27T17:00:00.000Z,True,False,47,48,L,97,112,-115.613
2021,1,401282772,Michigan,Big Ten,Western Michigan,Mid-American,Home,2021-09-04T16:00:00.000Z,True,False,47,14,W,67,89,-40.078
2021,1,401331234,Michigan,Big Ten,Georgia,SEC,Home,2022-01-01T00:30:00.000Z,True,False,11,34,L,1,1,245.571
2021,2,401282773,Michigan,Big Ten,Washington,Pac-12,Home,2021-09-12T00:00:00.000Z,True,False,31,10,W,73,78,-15.342
2021,3,401282774,Michigan,Big Ten,Northern Illinois,Mid-American,Home,2021-09-18T16:00:00.000Z,True,False,63,10,W,85,94,-57.772
2021,4,401282775,Michigan,Big Ten,Rutgers,Big Ten,Home,2021-09-25T19:30:00.000Z,True,False,20,13,W,98,87,-37.742
2021,5,401282776,Michigan,Big Ten,Wisconsin,Big Ten,Away,2021-10-02T16:00:00.000Z,True,False,38,17,W,27,10,124.911
2021,6,401282778,Michigan,Big Ten,Nebraska,Big Ten,Away,2021-10-09T23:30:00.000Z,True,False,32,29,W,57,34,69.377
2021,8,401282779,Michigan,Big Ten,Northwestern,Big Ten,Home,2021-10-23T16:00:00.000Z,True,False,33,7,W,114,102,-79.299
2021,9,401282777,Michigan,Big Ten,Michigan State,Big Ten,Away,2021-10-30T16:00:00.000Z,True,False,33,37,L,47,19,100.181
2021,10,401282727,Michigan,Big Ten,Indiana,Big Ten,Home,2021-11-06T23:30:00.000Z,True,False,29,7,W,124,96,-65.572
2021,11,401282780,Michigan,Big Ten,Penn State,Big Ten,Away,2021-11-13T17:00:00.000Z,True,False,21,17,W,32,14,115.914
2021,12,401282770,Michigan,Big Ten,Maryland,Big Ten,Away,2021-11-20T20:30:00.000Z,True,False,59,18,W,95,64,12.829
2021,13,401282781,Michigan,Big Ten,Ohio State,Big Ten,Home,2021-11-27T17:00:00.000Z,True,False,42,27,W,2,3,182.291
2021,14,401331447,Michigan,Big Ten,Iowa,Big Ten,Away,2021-12-05T01:00:00.000Z,True,False,42,3,W,46,28,79.993
2021,1,401282782,Michigan State,Big Ten,Northwestern,Big Ten,Away,2021-09-04T01:00:00.000Z,True,False,38,21,W,114,102,-79.299
2021,1,401331231,Michigan State,Big Ten,Pittsburgh,ACC,Home,2021-12-31T00:00:00.000Z,True,False,31,21,W,9,18,103.978
2021,3,401282629,Michigan State,Big Ten,Miami,ACC,Away,2021-09-18T16:00:00.000Z,True,False,38,17,W,75,56,27.939
2021,4,401282784,Michigan State,Big Ten,Nebraska,Big Ten,Home,2021-09-25T23:00:00.000Z,True,False,23,20,W,57,34,69.377
2021,5,401282223,Michigan State,Big Ten,Western Kentucky,Conference USA,Home,2021-10-02T23:30:00.000Z,True,False,48,31,W,12,42,43.205
2021,6,401282788,Michigan State,Big Ten,Rutgers,Big Ten,Away,2021-10-09T16:00:00.000Z,True,False,31,13,W,98,87,-37.742
2021,7,401282731,Michigan State,Big Ten,Indiana,Big Ten,Away,2021-10-16T16:00:00.000Z,True,False,20,15,W,124,96,-65.572
2021,9,401282777,Michigan State,Big Ten,Michigan,Big Ten,Home,2021-10-30T16:00:00.000Z,True,False,37,33,W,4,4,166.327
2021,10,401282787,Michigan State,Big Ten,Purdue,Big Ten,Away,2021-11-06T19:30:00.000Z,True,False,29,40,L,33,20,97.146
2021,11,401282771,Michigan State,Big Ten,Maryland,Big Ten,Home,2021-11-13T21:00:00.000Z,True,False,40,21,W,95,64,12.829
2021,12,401282786,Michigan State,Big Ten,Ohio State,Big Ten,Away,2021-11-20T17:00:00.000Z,True,False,7,56,L,2,3,182.291
2021,13,401282785,Michigan State,Big Ten,Penn State,Big Ten,Home,2021-11-27T20:30:00.000Z,True,False,30,27,W,32,14,115.914
2021,1,401331164,Middle Tennessee,Conference USA,Toledo,Mid-American,Away,2021-12-17T17:00:00.000Z,True,False,31,24,W,28,75,-11.484
2021,2,401282186,Middle Tennessee,Conference USA,Virginia Tech,ACC,Away,2021-09-11T18:00:00.000Z,True,False,14,35,L,86,77,-14.202
2021,3,401282194,Middle Tennessee,Conference USA,UTSA,Conference USA,Away,2021-09-18T22:00:00.000Z,True,False,13,27,L,25,58,25.656
2021,4,401282204,Middle Tennessee,Conference USA,Charlotte,Conference USA,Away,2021-09-24T22:30:00.000Z,True,False,39,42,L,103,121,-144.529
2021,5,401282216,Middle Tennessee,Conference USA,Marshall,Conference USA,Home,2021-10-02T23:00:00.000Z,True,False,34,28,W,35,68,6.158
2021,6,401282229,Middle Tennessee,Conference USA,Liberty,FBS Independents,Away,2021-10-09T19:30:00.000Z,True,False,13,41,L,17,57,26.518
2021,8,401282239,Middle Tennessee,Conference USA,UConn,FBS Independents,Away,2021-10-22T22:00:00.000Z,True,False,44,13,W,127,127,-166.865
2021,9,401282245,Middle Tennessee,Conference USA,Southern Miss,Conference USA,Home,2021-10-30T19:30:00.000Z,True,False,35,10,W,116,125,-158.509
2021,10,401282251,Middle Tennessee,Conference USA,Western Kentucky,Conference USA,Away,2021-11-06T19:30:00.000Z,True,False,21,48,L,12,42,43.205
2021,11,401282255,Middle Tennessee,Conference USA,Florida International,Conference USA,Home,2021-11-13T20:30:00.000Z,True,False,50,10,W,125,130,-229.363
2021,12,401282265,Middle Tennessee,Conference USA,Old Dominion,Conference USA,Home,2021-11-20T20:30:00.000Z,True,False,17,24,L,84,101,-75.560
2021,13,401282270,Middle Tennessee,Conference USA,Florida Atlantic,Conference USA,Away,2021-11-28T00:00:00.000Z,True,False,27,17,W,81,97,-67.947
2021,1,401282789,Minnesota,Big Ten,Ohio State,Big Ten,Home,2021-09-03T00:00:00.000Z,True,False,31,45,L,2,3,182.291
2021,1,401331224,Minnesota,Big Ten,West Virginia,Big 12,Home,2021-12-29T03:15:00.000Z,True,False,18,6,W,90,60,22.897
2021,2,401282790,Minnesota,Big Ten,Miami (OH),Mid-American,Home,2021-09-11T16:00:00.000Z,True,False,31,26,W,54,86,-36.455
2021,3,401282791,Minnesota,Big Ten,Colorado,Pac-12,Away,2021-09-18T17:00:00.000Z,True,False,30,0,W,105,90,-47.380
2021,4,401282792,Minnesota,Big Ten,Bowling Green,Mid-American,Home,2021-09-25T16:00:00.000Z,True,False,10,14,L,108,123,-149.977
2021,5,401282793,Minnesota,Big Ten,Purdue,Big Ten,Away,2021-10-02T16:00:00.000Z,True,False,20,13,W,33,20,97.146
2021,7,401282796,Minnesota,Big Ten,Nebraska,Big Ten,Home,2021-10-16T16:00:00.000Z,True,False,30,23,W,57,34,69.377
2021,8,401282767,Minnesota,Big Ten,Maryland,Big Ten,Home,2021-10-23T19:30:00.000Z,True,False,34,16,W,95,64,12.829
2021,9,401282795,Minnesota,Big Ten,Northwestern,Big Ten,Away,2021-10-30T19:30:00.000Z,True,False,41,14,W,114,102,-79.299
2021,10,401282720,Minnesota,Big Ten,Illinois,Big Ten,Home,2021-11-06T16:00:00.000Z,True,False,6,14,L,79,67,9.806
2021,11,401282762,Minnesota,Big Ten,Iowa,Big Ten,Away,2021-11-13T20:30:00.000Z,True,False,22,27,L,46,28,79.993
2021,12,401282732,Minnesota,Big Ten,Indiana,Big Ten,Away,2021-11-20T20:30:00.000Z,True,False,35,14,W,124,96,-65.572
2021,13,401282794,Minnesota,Big Ten,Wisconsin,Big Ten,Home,2021-11-27T21:00:00.000Z,True,False,23,13,W,27,10,124.911
2021,1,401281949,Mississippi State,SEC,Louisiana Tech,Conference USA,Home,2021-09-04T20:00:00.000Z,True,False,35,34,W,92,107,-88.627
2021,1,401331223,Mississippi State,SEC,Texas Tech,Big 12,Away,2021-12-28T23:45:00.000Z,True,False,7,34,L,71,51,33.917
2021,2,401282064,Mississippi State,SEC,NC State,ACC,Home,2021-09-11T23:00:00.000Z,True,False,24,10,W,18,15,110.049
2021,3,401282076,Mississippi State,SEC,Memphis,American Athletic,Away,2021-09-18T20:00:00.000Z,True,False,29,31,L,69,79,-17.425
2021,4,401282085,Mississippi State,SEC,LSU,SEC,Home,2021-09-25T16:00:00.000Z,True,False,25,28,L,78,45,39.656
2021,5,401282095,Mississippi State,SEC,Texas A&M,SEC,Away,2021-10-02T23:00:00.000Z,True,False,26,22,W,24,23,89.752
2021,7,401282107,Mississippi State,SEC,Alabama,SEC,Home,2021-10-16T23:00:00.000Z,True,False,9,49,L,5,2,185.828
2021,8,401282115,Mississippi State,SEC,Vanderbilt,SEC,Away,2021-10-23T20:00:00.000Z,True,False,45,6,W,122,108,-88.882
2021,9,401282118,Mississippi State,SEC,Kentucky,SEC,Home,2021-10-30T23:00:00.000Z,True,False,31,17,W,11,21,96.932
2021,10,401282121,Mississippi State,SEC,Arkansas,SEC,Away,2021-11-06T20:00:00.000Z,True,False,28,31,L,48,25,83.922
2021,11,401282128,Mississippi State,SEC,Auburn,SEC,Away,2021-11-13T17:00:00.000Z,True,False,43,34,W,52,33,73.350
2021,13,401282151,Mississippi State,SEC,Ole Miss,SEC,Home,2021-11-26T00:30:00.000Z,True,False,21,31,L,41,22,91.562
2021,1,401281950,Missouri,SEC,Central Michigan,Mid-American,Home,2021-09-04T20:00:00.000Z,True,False,34,24,W,53,81,-28.448
2021,1,401331215,Missouri,SEC,Army,FBS Independents,Away,2021-12-23T01:00:00.000Z,True,False,22,24,L,37,47,37.254
2021,2,401282061,Missouri,SEC,Kentucky,SEC,Away,2021-09-11T23:30:00.000Z,True,False,28,35,L,11,21,96.932
2021,4,401282086,Missouri,SEC,Boston College,ACC,Away,2021-09-25T16:00:00.000Z,True,False,34,41,L,77,70,0.706
2021,5,401282093,Missouri,SEC,Tennessee,SEC,Home,2021-10-02T16:00:00.000Z,True,False,24,62,L,43,27,80.257
2021,6,401282101,Missouri,SEC,North Texas,Conference USA,Home,2021-10-09T20:00:00.000Z,True,False,48,35,W,80,98,-70.030
2021,7,401282108,Missouri,SEC,Texas A&M,SEC,Home,2021-10-16T16:00:00.000Z,True,False,14,35,L,24,23,89.752
2021,9,401282119,Missouri,SEC,Vanderbilt,SEC,Away,2021-10-30T19:00:00.000Z,True,False,37,28,W,122,108,-88.882
2021,10,401282122,Missouri,SEC,Georgia,SEC,Away,2021-11-06T16:00:00.000Z,True,False,6,43,L,1,1,245.571
2021,11,401282132,Missouri,SEC,South Carolina,SEC,Home,2021-11-13T21:00:00.000Z,True,False,31,28,W,89,59,22.936
2021,12,401282141,Missouri,SEC,Florida,SEC,Home,2021-11-20T21:00:00.000Z,True,False,24,23,W,64,43,41.063
2021,13,401282145,Missouri,SEC,Arkansas,SEC,Away,2021-11-26T20:30:00.000Z,True,False,17,34,L,48,25,83.922
2021,1,401282607,NC State,ACC,South Florida,American Athletic,Home,2021-09-02T23:30:00.000Z,True,False,45,0,W,115,99,-74.592
2021,2,401282064,NC State,ACC,Mississippi State,SEC,Away,2021-09-11T23:00:00.000Z,True,False,10,24,L,76,49,35.501
2021,4,401282643,NC State,ACC,Clemson,ACC,Home,2021-09-25T19:30:00.000Z,True,False,27,21,W,29,17,104.296
2021,5,401282220,NC State,ACC,Louisiana Tech,Conference USA,Home,2021-10-02T22:00:00.000Z,True,False,34,27,W,92,107,-88.627
2021,7,401282658,NC State,ACC,Boston College,ACC,Away,2021-10-16T23:30:00.000Z,True,False,33,7,W,77,70,0.706
2021,8,401282665,NC State,ACC,Miami,ACC,Away,2021-10-23T23:30:00.000Z,True,False,30,31,L,75,56,27.939
2021,9,401282672,NC State,ACC,Louisville,ACC,Home,2021-10-30T23:30:00.000Z,True,False,28,13,W,51,38,57.129
2021,10,401282679,NC State,ACC,Florida State,ACC,Away,2021-11-06T20:00:00.000Z,True,False,28,14,W,61,44,39.804
2021,11,401282690,NC State,ACC,Wake Forest,ACC,Away,2021-11-14T00:30:00.000Z,True,False,42,45,L,23,16,105.459
2021,12,401282695,NC State,ACC,Syracuse,ACC,Home,2021-11-20T21:00:00.000Z,True,False,41,17,W,91,72,-2.248
2021,13,401282699,NC State,ACC,North Carolina,ACC,Home,2021-11-27T00:00:00.000Z,True,False,34,30,W,65,62,17.611
2021,1,401282174,Navy,American Athletic,Marshall,Conference USA,Home,2021-09-04T19:30:00.000Z,True,False,7,49,L,35,68,6.158
2021,2,401301004,Navy,American Athletic,Air Force,Mountain West,Home,2021-09-11T19:30:00.000Z,True,False,3,23,L,19,32,75.426
2021,4,401301008,Navy,American Athletic,Houston,American Athletic,Away,2021-09-25T23:00:00.000Z,True,False,20,28,L,14,37,61.710
2021,5,401301013,Navy,American Athletic,UCF,American Athletic,Home,2021-10-02T19:30:00.000Z,True,False,34,30,W,55,69,3.646
2021,6,401301021,Navy,American Athletic,SMU,American Athletic,Home,2021-10-09T19:30:00.000Z,True,False,24,31,L,38,48,36.703
2021,7,401301022,Navy,American Athletic,Memphis,American Athletic,Away,2021-10-14T23:30:00.000Z,True,False,17,35,L,69,79,-17.425
2021,8,401301027,Navy,American Athletic,Cincinnati,American Athletic,Home,2021-10-23T16:00:00.000Z,True,False,20,27,L,6,11,123.072
2021,9,401301030,Navy,American Athletic,Tulsa,American Athletic,Away,2021-10-29T23:30:00.000Z,True,False,20,17,W,70,74,-9.005
2021,10,401282710,Navy,American Athletic,Notre Dame,FBS Independents,Away,2021-11-06T19:30:00.000Z,True,False,6,34,L,7,6,146.938
2021,12,401301047,Navy,American Athletic,East Carolina,American Athletic,Home,2021-11-20T20:30:00.000Z,True,False,35,38,L,49,61,20.579
2021,13,401301054,Navy,American Athletic,Temple,American Athletic,Away,2021-11-27T17:00:00.000Z,True,False,38,14,W,126,126,-161.014
2021,15,401301056,Navy,American Athletic,Army,FBS Independents,Away,2021-12-11T20:00:00.000Z,True,False,17,13,W,37,47,37.254
2021,1,401282714,Nebraska,Big Ten,Illinois,Big Ten,Away,2021-08-28T17:20:00.000Z,True,False,22,30,L,79,67,9.806
2021,2,401282797,Nebraska,Big Ten,Buffalo,Mid-American,Home,2021-09-11T19:30:00.000Z,True,False,28,3,W,94,115,-128.514
2021,3,401282798,Nebraska,Big Ten,Oklahoma,Big 12,Away,2021-09-18T16:00:00.000Z,True,False,16,23,L,20,8,137.719
2021,4,401282784,Nebraska,Big Ten,Michigan State,Big Ten,Away,2021-09-25T23:00:00.000Z,True,False,20,23,L,47,19,100.181
2021,5,401282800,Nebraska,Big Ten,Northwestern,Big Ten,Home,2021-10-02T23:30:00.000Z,True,False,56,7,W,114,102,-79.299
2021,6,401282778,Nebraska,Big Ten,Michigan,Big Ten,Home,2021-10-09T23:30:00.000Z,True,False,29,32,L,4,4,166.327
2021,7,401282796,Nebraska,Big Ten,Minnesota,Big Ten,Away,2021-10-16T16:00:00.000Z,True,False,23,30,L,31,24,87.694
2021,9,401282801,Nebraska,Big Ten,Purdue,Big Ten,Home,2021-10-30T19:30:00.000Z,True,False,23,28,L,33,20,97.146
2021,10,401282799,Nebraska,Big Ten,Ohio State,Big Ten,Home,2021-11-06T16:00:00.000Z,True,False,17,26,L,2,3,182.291
2021,12,401282803,Nebraska,Big Ten,Wisconsin,Big Ten,Away,2021-11-20T20:30:00.000Z,True,False,28,35,L,27,10,124.911
2021,13,401282761,Nebraska,Big Ten,Iowa,Big Ten,Home,2021-11-26T18:30:00.000Z,True,False,21,28,L,46,28,79.993
2021,1,401309837,Nevada,Mountain West,California,Pac-12,Away,2021-09-05T02:30:00.000Z,True,False,22,17,W,63,63,16.906
2021,1,401331219,Nevada,Mountain West,Western Michigan,Mid-American,Home,2021-12-27T16:00:00.000Z,True,False,24,52,L,67,89,-40.078
2021,3,401287905,Nevada,Mountain West,Kansas State,Big 12,Away,2021-09-18T18:00:00.000Z,True,False,17,38,L,30,13,118.470
2021,5,401310711,Nevada,Mountain West,Boise State,Mountain West,Away,2021-10-02T19:30:00.000Z,True,False,41,31,W,21,29,79.805
2021,6,401310717,Nevada,Mountain West,New Mexico State,FBS Independents,Home,2021-10-10T02:30:00.000Z,True,False,55,28,W,123,122,-149.442
2021,7,401310722,Nevada,Mountain West,Hawai'i,Mountain West,Home,2021-10-17T02:30:00.000Z,True,False,34,17,W,83,88,-39.788
2021,8,401310727,Nevada,Mountain West,Fresno State,Mountain West,Away,2021-10-23T23:00:00.000Z,True,False,32,34,L,26,46,37.836
2021,9,401310734,Nevada,Mountain West,UNLV,Mountain West,Home,2021-10-30T02:00:00.000Z,True,False,51,20,W,113,109,-96.694
2021,10,401310740,Nevada,Mountain West,San José State,Mountain West,Home,2021-11-07T02:00:00.000Z,True,False,27,24,W,99,106,-86.919
2021,11,401310746,Nevada,Mountain West,San Diego State,Mountain West,Away,2021-11-14T03:30:00.000Z,True,False,21,23,L,44,50,35.336
2021,12,401310747,Nevada,Mountain West,Air Force,Mountain West,Home,2021-11-20T02:00:00.000Z,True,False,39,41,L,19,32,75.426
2021,13,401310754,Nevada,Mountain West,Colorado State,Mountain West,Away,2021-11-28T02:00:00.000Z,True,False,52,10,W,82,80,-27.095
2021,2,401310700,New Mexico,Mountain West,New Mexico State,FBS Independents,Home,2021-09-11T23:00:00.000Z,True,False,34,25,W,123,122,-149.442
2021,3,401282079,New Mexico,Mountain West,Texas A&M,SEC,Away,2021-09-18T16:00:00.000Z,True,False,0,34,L,24,23,89.752
2021,4,401282212,New Mexico,Mountain West,UTEP,Conference USA,Away,2021-09-26T01:00:00.000Z,True,False,13,20,L,74,95,-62.011
2021,5,401310710,New Mexico,Mountain West,Air Force,Mountain West,Home,2021-10-02T22:30:00.000Z,True,False,10,38,L,19,32,75.426
2021,6,401310716,New Mexico,Mountain West,San Diego State,Mountain West,Away,2021-10-10T01:00:00.000Z,True,False,7,31,L,44,50,35.336
2021,7,401310719,New Mexico,Mountain West,Colorado State,Mountain West,Home,2021-10-16T23:00:00.000Z,True,False,7,36,L,82,80,-27.095
2021,8,401310726,New Mexico,Mountain West,Wyoming,Mountain West,Away,2021-10-23T19:30:00.000Z,True,False,14,3,W,58,82,-31.644
2021,10,401310737,New Mexico,Mountain West,UNLV,Mountain West,Home,2021-11-06T23:00:00.000Z,True,False,17,31,L,113,109,-96.694
2021,11,401310743,New Mexico,Mountain West,Fresno State,Mountain West,Away,2021-11-14T00:00:00.000Z,True,False,7,34,L,26,46,37.836
2021,12,401310748,New Mexico,Mountain West,Boise State,Mountain West,Away,2021-11-21T02:00:00.000Z,True,False,0,37,L,21,29,79.805
2021,13,401310755,New Mexico,Mountain West,Utah State,Mountain West,Home,2021-11-26T18:00:00.000Z,True,False,10,35,L,40,53,29.505
2021,1,401282049,New Mexico State,FBS Independents,UTEP,Conference USA,Home,2021-08-29T01:30:00.000Z,True,False,3,30,L,74,95,-62.011
2021,1,401310699,New Mexico State,FBS Independents,San Diego State,Mountain West,Away,2021-09-05T02:30:00.000Z,True,False,10,28,L,44,50,35.336
2021,2,401310700,New Mexico State,FBS Independents,New Mexico,Mountain West,Away,2021-09-11T23:00:00.000Z,True,False,25,34,L,119,119,-138.998
2021,4,401310708,New Mexico State,FBS Independents,Hawai'i,Mountain West,Home,2021-09-26T00:00:00.000Z,True,False,21,41,L,83,88,-39.788
2021,5,401310713,New Mexico State,FBS Independents,San José State,Mountain West,Away,2021-10-03T02:30:00.000Z,True,False,31,37,L,99,106,-86.919
2021,6,401310717,New Mexico State,FBS Independents,Nevada,Mountain West,Away,2021-10-10T02:30:00.000Z,True,False,28,55,L,39,55,28.564
2021,8,401310728,New Mexico State,FBS Independents,Hawai'i,Mountain West,Away,2021-10-24T03:59:00.000Z,True,False,34,48,L,83,88,-39.788
2021,10,401310738,New Mexico State,FBS Independents,Utah State,Mountain West,Home,2021-11-06T20:00:00.000Z,True,False,13,35,L,40,53,29.505
2021,11,401282127,New Mexico State,FBS Independents,Alabama,SEC,Away,2021-11-13T17:00:00.000Z,True,False,3,59,L,5,2,185.828
2021,12,401282137,New Mexico State,FBS Independents,Kentucky,SEC,Away,2021-11-20T17:00:00.000Z,True,False,16,56,L,11,21,96.932
2021,13,401286306,New Mexico State,FBS Independents,Massachusetts,FBS Independents,Home,2021-11-27T20:00:00.000Z,True,False,44,27,W,130,128,-188.298
2021,1,401309937,North Carolina,ACC,Virginia Tech,ACC,Away,2021-09-03T22:00:00.000Z,True,False,10,17,L,86,77,-14.202
2021,1,401331229,North Carolina,ACC,South Carolina,SEC,Away,2021-12-30T16:30:00.000Z,True,False,21,38,L,89,59,22.936
2021,2,401282621,North Carolina,ACC,Georgia State,Sun Belt,Home,2021-09-11T23:30:00.000Z,True,False,59,17,W,66,84,-32.648
2021,3,401282631,North Carolina,ACC,Virginia,ACC,Home,2021-09-18T23:30:00.000Z,True,False,59,39,W,68,65,11.535
2021,4,401282641,North Carolina,ACC,Georgia Tech,ACC,Away,2021-09-25T23:30:00.000Z,True,False,22,45,L,112,91,-49.172
2021,5,401282650,North Carolina,ACC,Duke,ACC,Home,2021-10-02T16:00:00.000Z,True,False,38,7,W,121,116,-129.520
2021,6,401282654,North Carolina,ACC,Florida State,ACC,Home,2021-10-09T19:30:00.000Z,True,False,25,35,L,61,44,39.804
2021,7,401282659,North Carolina,ACC,Miami,ACC,Home,2021-10-16T19:30:00.000Z,True,False,45,42,W,75,56,27.939
2021,9,401282673,North Carolina,ACC,Notre Dame,FBS Independents,Away,2021-10-30T23:30:00.000Z,True,False,34,44,L,7,6,146.938
2021,10,401282682,North Carolina,ACC,Wake Forest,ACC,Home,2021-11-06T16:00:00.000Z,True,False,58,55,W,23,16,105.459
2021,11,401282683,North Carolina,ACC,Pittsburgh,ACC,Away,2021-11-12T00:30:00.000Z,True,False,23,30,L,9,18,103.978
2021,13,401282699,North Carolina,ACC,NC State,ACC,Away,2021-11-27T00:00:00.000Z,True,False,30,34,L,18,15,110.049
2021,1,401391158,North Texas,Conference USA,Miami (OH),Mid-American,Away,2021-12-23T20:30:00.000Z,True,False,14,27,L,54,86,-36.455
2021,2,401282187,North Texas,Conference USA,SMU,American Athletic,Away,2021-09-11T23:00:00.000Z,True,False,12,35,L,38,48,36.703
2021,3,401282195,North Texas,Conference USA,UAB,Conference USA,Home,2021-09-18T23:30:00.000Z,True,False,6,40,L,50,66,11.057
2021,4,401282205,North Texas,Conference USA,Louisiana Tech,Conference USA,Away,2021-09-25T23:00:00.000Z,True,False,17,24,L,92,107,-88.627
2021,6,401282101,North Texas,Conference USA,Missouri,SEC,Away,2021-10-09T20:00:00.000Z,True,False,35,48,L,96,76,-12.294
2021,7,401282231,North Texas,Conference USA,Marshall,Conference USA,Home,2021-10-15T23:00:00.000Z,True,False,21,49,L,35,68,6.158
2021,8,401282240,North Texas,Conference USA,Liberty,FBS Independents,Home,2021-10-23T20:00:00.000Z,True,False,26,35,L,17,57,26.518
2021,9,401282246,North Texas,Conference USA,Rice,Conference USA,Away,2021-10-30T18:00:00.000Z,True,False,30,24,W,120,114,-120.586
2021,10,401282252,North Texas,Conference USA,Southern Miss,Conference USA,Away,2021-11-06T19:00:00.000Z,True,False,38,14,W,116,125,-158.509
2021,11,401282258,North Texas,Conference USA,UTEP,Conference USA,Home,2021-11-13T21:00:00.000Z,True,False,20,17,W,74,95,-62.011
2021,12,401282262,North Texas,Conference USA,Florida International,Conference USA,Away,2021-11-21T00:00:00.000Z,True,False,49,7,W,125,130,-229.363
2021,13,401282273,North Texas,Conference USA,UTSA,Conference USA,Home,2021-11-27T19:00:00.000Z,True,False,45,23,W,25,58,25.656
2021,1,401282610,Northern Illinois,Mid-American,Georgia Tech,ACC,Away,2021-09-04T23:30:00.000Z,True,False,22,21,W,112,91,-49.172
2021,1,401331165,Northern Illinois,Mid-American,Coastal Carolina,Sun Belt,Away,2021-12-17T23:00:00.000Z,True,False,41,47,L,3,54,29.477
2021,2,401309547,Northern Illinois,Mid-American,Wyoming,Mountain West,Home,2021-09-11T17:30:00.000Z,True,False,43,50,L,58,82,-31.644
2021,3,401282774,Northern Illinois,Mid-American,Michigan,Big Ten,Away,2021-09-18T16:00:00.000Z,True,False,10,63,L,4,4,166.327
2021,5,401309558,Northern Illinois,Mid-American,Eastern Michigan,Mid-American,Home,2021-10-02T18:30:00.000Z,True,False,27,20,W,72,100,-74.602
2021,6,401309564,Northern Illinois,Mid-American,Toledo,Mid-American,Away,2021-10-09T16:00:00.000Z,True,False,22,20,W,28,75,-11.484
2021,7,401309570,Northern Illinois,Mid-American,Bowling Green,Mid-American,Home,2021-10-16T19:30:00.000Z,True,False,34,26,W,108,123,-149.977
2021,8,401309577,Northern Illinois,Mid-American,Central Michigan,Mid-American,Away,2021-10-23T16:00:00.000Z,True,False,39,38,W,53,81,-28.448
2021,10,401309582,Northern Illinois,Mid-American,Kent State,Mid-American,Away,2021-11-03T23:00:00.000Z,True,False,47,52,L,97,112,-115.613
2021,11,401309587,Northern Illinois,Mid-American,Ball State,Mid-American,Home,2021-11-11T00:00:00.000Z,True,False,30,29,W,93,105,-86.460
2021,12,401309590,Northern Illinois,Mid-American,Buffalo,Mid-American,Away,2021-11-18T00:00:00.000Z,True,False,33,27,W,94,115,-128.514
2021,13,401309594,Northern Illinois,Mid-American,Western Michigan,Mid-American,Home,2021-11-24T00:00:00.000Z,True,False,21,42,L,67,89,-40.078
2021,14,401331160,Northern Illinois,Mid-American,Kent State,Mid-American,Home,2021-12-04T17:00:00.000Z,True,False,41,23,W,97,112,-115.613
2021,1,401282782,Northwestern,Big Ten,Michigan State,Big Ten,Home,2021-09-04T01:00:00.000Z,True,False,21,38,L,47,19,100.181
2021,3,401282628,Northwestern,Big Ten,Duke,ACC,Away,2021-09-18T20:00:00.000Z,True,False,23,30,L,121,116,-129.520
2021,4,401282805,Northwestern,Big Ten,Ohio,Mid-American,Home,2021-09-25T16:00:00.000Z,True,False,35,6,W,102,120,-142.144
2021,5,401282800,Northwestern,Big Ten,Nebraska,Big Ten,Away,2021-10-02T23:30:00.000Z,True,False,7,56,L,57,34,69.377
2021,7,401282807,Northwestern,Big Ten,Rutgers,Big Ten,Home,2021-10-16T16:00:00.000Z,True,False,21,7,W,98,87,-37.742
2021,8,401282779,Northwestern,Big Ten,Michigan,Big Ten,Away,2021-10-23T16:00:00.000Z,True,False,7,33,L,4,4,166.327
2021,9,401282795,Northwestern,Big Ten,Minnesota,Big Ten,Home,2021-10-30T19:30:00.000Z,True,False,14,41,L,31,24,87.694
2021,10,401282757,Northwestern,Big Ten,Iowa,Big Ten,Home,2021-11-06T23:00:00.000Z,True,False,12,17,L,46,28,79.993
2021,11,401282806,Northwestern,Big Ten,Wisconsin,Big Ten,Away,2021-11-13T17:00:00.000Z,True,False,7,35,L,27,10,124.911
2021,12,401282808,Northwestern,Big Ten,Purdue,Big Ten,Home,2021-11-20T17:00:00.000Z,True,False,14,32,L,33,20,97.146
2021,13,401282722,Northwestern,Big Ten,Illinois,Big Ten,Away,2021-11-27T20:30:00.000Z,True,False,14,47,L,79,67,9.806
2021,1,401282614,Notre Dame,FBS Independents,Florida State,ACC,Away,2021-09-05T23:30:00.000Z,True,False,41,38,W,61,44,39.804
2021,1,401331238,Notre Dame,FBS Independents,Oklahoma State,Big 12,Home,2022-01-01T18:00:00.000Z,True,False,35,37,L,15,7,141.454
2021,2,401282705,Notre Dame,FBS Independents,Toledo,Mid-American,Home,2021-09-11T18:30:00.000Z,True,False,32,29,W,28,75,-11.484
2021,3,401282706,Notre Dame,FBS Independents,Purdue,Big Ten,Home,2021-09-18T18:30:00.000Z,True,False,27,13,W,33,20,97.146
2021,4,401282707,Notre Dame,FBS Independents,Wisconsin,Big Ten,Away,2021-09-25T16:00:00.000Z,True,False,41,13,W,27,10,124.911
2021,5,401282708,Notre Dame,FBS Independents,Cincinnati,American Athletic,Home,2021-10-02T18:30:00.000Z,True,False,13,24,L,6,11,123.072
2021,6,401282656,Notre Dame,FBS Independents,Virginia Tech,ACC,Away,2021-10-09T23:30:00.000Z,True,False,32,29,W,86,77,-14.202
2021,8,401282709,Notre Dame,FBS Independents,USC,Pac-12,Home,2021-10-23T23:30:00.000Z,True,False,31,16,W,87,73,-8.790
2021,9,401282673,Notre Dame,FBS Independents,North Carolina,ACC,Home,2021-10-30T23:30:00.000Z,True,False,44,34,W,65,62,17.611
2021,10,401282710,Notre Dame,FBS Independents,Navy,American Athletic,Home,2021-11-06T19:30:00.000Z,True,False,34,6,W,101,85,-36.412
2021,11,401282688,Notre Dame,FBS Independents,Virginia,ACC,Away,2021-11-14T00:30:00.000Z,True,False,28,3,W,68,65,11.535
2021,12,401282697,Notre Dame,FBS Independents,Georgia Tech,ACC,Home,2021-11-20T19:30:00.000Z,True,False,55,0,W,112,91,-49.172
2021,13,401282711,Notre Dame,FBS Independents,Stanford,Pac-12,Away,2021-11-28T01:00:00.000Z,True,False,45,14,W,104,83,-32.485
2021,1,401282611,Ohio,Mid-American,Syracuse,ACC,Home,2021-09-04T23:00:00.000Z,True,False,9,29,L,91,72,-2.248
2021,3,401309606,Ohio,Mid-American,Louisiana,Sun Belt,Away,2021-09-17T00:00:00.000Z,True,False,14,49,L,10,52,31.058
2021,4,401282805,Ohio,Mid-American,Northwestern,Big Ten,Away,2021-09-25T16:00:00.000Z,True,False,6,35,L,114,102,-79.299
2021,5,401309560,Ohio,Mid-American,Akron,Mid-American,Away,2021-10-02T19:30:00.000Z,True,False,34,17,W,129,129,-215.271
2021,6,401309567,Ohio,Mid-American,Central Michigan,Mid-American,Home,2021-10-09T19:30:00.000Z,True,False,27,30,L,53,81,-28.448
2021,7,401309571,Ohio,Mid-American,Buffalo,Mid-American,Away,2021-10-16T16:00:00.000Z,True,False,26,27,L,94,115,-128.514
2021,8,401309576,Ohio,Mid-American,Kent State,Mid-American,Home,2021-10-23T17:00:00.000Z,True,False,27,34,L,97,112,-115.613
2021,10,401308839,Ohio,Mid-American,Miami (OH),Mid-American,Home,2021-11-02T23:30:00.000Z,True,False,35,33,W,54,86,-36.455
2021,11,401309583,Ohio,Mid-American,Eastern Michigan,Mid-American,Away,2021-11-10T01:00:00.000Z,True,False,34,26,W,72,100,-74.602
2021,12,401309589,Ohio,Mid-American,Toledo,Mid-American,Home,2021-11-17T00:00:00.000Z,True,False,23,35,L,28,75,-11.484
2021,13,401309596,Ohio,Mid-American,Bowling Green,Mid-American,Away,2021-11-26T17:00:00.000Z,True,False,10,21,L,108,123,-149.977
2021,1,401282789,Ohio State,Big Ten,Minnesota,Big Ten,Away,2021-09-03T00:00:00.000Z,True,False,45,31,W,31,24,87.694
2021,1,401331239,Ohio State,Big Ten,Utah,Pac-12,Home,2022-01-01T22:00:00.000Z,True,False,48,45,W,8,5,149.855
2021,2,401282809,Ohio State,Big Ten,Oregon,Pac-12,Home,2021-09-11T16:00:00.000Z,True,False,28,35,L,56,35,68.525
2021,3,401282810,Ohio State,Big Ten,Tulsa,American Athletic,Home,2021-09-18T19:30:00.000Z,True,False,41,20,W,70,74,-9.005
2021,4,401282811,Ohio State,Big Ten,Akron,Mid-American,Home,2021-09-25T23:30:00.000Z,True,False,59,7,W,129,129,-215.271
2021,5,401282813,Ohio State,Big Ten,Rutgers,Big Ten,Away,2021-10-02T19:30:00.000Z,True,False,52,13,W,98,87,-37.742
2021,6,401282769,Ohio State,Big Ten,Maryland,Big Ten,Home,2021-10-09T16:00:00.000Z,True,False,66,17,W,95,64,12.829
2021,8,401282730,Ohio State,Big Ten,Indiana,Big Ten,Away,2021-10-23T23:30:00.000Z,True,False,54,7,W,124,96,-65.572
2021,9,401282814,Ohio State,Big Ten,Penn State,Big Ten,Home,2021-10-30T23:30:00.000Z,True,False,33,24,W,32,14,115.914
2021,10,401282799,Ohio State,Big Ten,Nebraska,Big Ten,Away,2021-11-06T16:00:00.000Z,True,False,26,17,W,57,34,69.377
2021,11,401282812,Ohio State,Big Ten,Purdue,Big Ten,Home,2021-11-13T20:30:00.000Z,True,False,59,31,W,33,20,97.146
2021,12,401282786,Ohio State,Big Ten,Michigan State,Big Ten,Home,2021-11-20T17:00:00.000Z,True,False,56,7,W,47,19,100.181
2021,13,401282781,Ohio State,Big Ten,Michigan,Big Ten,Away,2021-11-27T17:00:00.000Z,True,False,27,42,L,4,4,166.327
2021,1,401287894,Oklahoma,Big 12,Tulane,American Athletic,Home,2021-09-04T16:00:00.000Z,True,False,40,35,W,109,93,-56.047
2021,1,401331228,Oklahoma,Big 12,Oregon,Pac-12,Home,2021-12-30T02:15:00.000Z,True,False,47,32,W,56,35,68.525
2021,3,401282798,Oklahoma,Big 12,Nebraska,Big Ten,Home,2021-09-18T16:00:00.000Z,True,False,23,16,W,57,34,69.377
2021,4,401287908,Oklahoma,Big 12,West Virginia,Big 12,Home,2021-09-25T23:30:00.000Z,True,False,16,13,W,90,60,22.897
2021,5,401287913,Oklahoma,Big 12,Kansas State,Big 12,Away,2021-10-02T19:30:00.000Z,True,False,37,31,W,30,13,118.470
2021,6,401287918,Oklahoma,Big 12,Texas,Big 12,Away,2021-10-09T16:00:00.000Z,True,False,55,48,W,45,31,78.322
2021,7,401287923,Oklahoma,Big 12,TCU,Big 12,Home,2021-10-16T23:30:00.000Z,True,False,52,31,W,107,71,-2.094
2021,8,401287926,Oklahoma,Big 12,Kansas,Big 12,Away,2021-10-23T16:00:00.000Z,True,False,35,23,W,128,111,-112.099
2021,9,401287931,Oklahoma,Big 12,Texas Tech,Big 12,Home,2021-10-30T19:30:00.000Z,True,False,52,21,W,71,51,33.917
2021,11,401287938,Oklahoma,Big 12,Baylor,Big 12,Away,2021-11-13T17:00:00.000Z,True,False,14,27,L,22,9,128.606
2021,12,401287944,Oklahoma,Big 12,Iowa State,Big 12,Home,2021-11-20T17:00:00.000Z,True,False,28,21,W,16,12,120.288
2021,13,401287951,Oklahoma,Big 12,Oklahoma State,Big 12,Away,2021-11-28T00:30:00.000Z,True,False,33,37,L,15,7,141.454
2021,1,401331238,Oklahoma State,Big 12,Notre Dame,FBS Independents,Away,2022-01-01T18:00:00.000Z,True,False,37,35,W,7,6,146.938
2021,2,401287899,Oklahoma State,Big 12,Tulsa,American Athletic,Home,2021-09-11T16:00:00.000Z,True,False,28,23,W,70,74,-9.005
2021,3,401287903,Oklahoma State,Big 12,Boise State,Mountain West,Away,2021-09-19T01:00:00.000Z,True,False,21,20,W,21,29,79.805
2021,4,401287909,Oklahoma State,Big 12,Kansas State,Big 12,Home,2021-09-25T23:00:00.000Z,True,False,31,20,W,30,13,118.470
2021,5,401287914,Oklahoma State,Big 12,Baylor,Big 12,Home,2021-10-02T23:00:00.000Z,True,False,24,14,W,22,9,128.606
2021,7,401287924,Oklahoma State,Big 12,Texas,Big 12,Away,2021-10-16T16:00:00.000Z,True,False,32,24,W,45,31,78.322
2021,8,401287925,Oklahoma State,Big 12,Iowa State,Big 12,Away,2021-10-23T19:30:00.000Z,True,False,21,24,L,16,12,120.288
2021,9,401287932,Oklahoma State,Big 12,Kansas,Big 12,Home,2021-10-30T23:00:00.000Z,True,False,55,3,W,128,111,-112.099
2021,10,401287937,Oklahoma State,Big 12,West Virginia,Big 12,Away,2021-11-06T19:30:00.000Z,True,False,24,3,W,90,60,22.897
2021,11,401287940,Oklahoma State,Big 12,TCU,Big 12,Home,2021-11-14T01:00:00.000Z,True,False,63,17,W,107,71,-2.094
2021,12,401287946,Oklahoma State,Big 12,Texas Tech,Big 12,Away,2021-11-21T01:00:00.000Z,True,False,23,0,W,71,51,33.917
2021,13,401287951,Oklahoma State,Big 12,Oklahoma,Big 12,Home,2021-11-28T00:30:00.000Z,True,False,37,33,W,20,8,137.719
2021,14,401287953,Oklahoma State,Big 12,Baylor,Big 12,Home,2021-12-04T17:00:00.000Z,True,False,16,21,L,22,9,128.606
2021,1,401282608,Old Dominion,Conference USA,Wake Forest,ACC,Away,2021-09-03T23:00:00.000Z,True,False,10,42,L,23,16,105.459
2021,1,401331172,Old Dominion,Conference USA,Tulsa,American Athletic,Away,2021-12-20T19:30:00.000Z,True,False,17,30,L,70,74,-9.005
2021,3,401282201,Old Dominion,Conference USA,Liberty,FBS Independents,Away,2021-09-18T22:00:00.000Z,True,False,17,45,L,17,57,26.518
2021,4,401282209,Old Dominion,Conference USA,Buffalo,Mid-American,Home,2021-09-25T22:00:00.000Z,True,False,34,35,L,94,115,-128.514
2021,5,401282217,Old Dominion,Conference USA,UTEP,Conference USA,Away,2021-10-03T01:00:00.000Z,True,False,21,28,L,74,95,-62.011
2021,6,401282226,Old Dominion,Conference USA,Marshall,Conference USA,Away,2021-10-09T18:00:00.000Z,True,False,13,20,L,35,68,6.158
2021,7,401282232,Old Dominion,Conference USA,Western Kentucky,Conference USA,Home,2021-10-16T19:30:00.000Z,True,False,20,43,L,12,42,43.205
2021,9,401282244,Old Dominion,Conference USA,Louisiana Tech,Conference USA,Home,2021-10-30T19:30:00.000Z,True,False,23,20,W,92,107,-88.627
2021,10,401282248,Old Dominion,Conference USA,Florida International,Conference USA,Away,2021-11-06T23:00:00.000Z,True,False,47,24,W,125,130,-229.363
2021,11,401282256,Old Dominion,Conference USA,Florida Atlantic,Conference USA,Home,2021-11-13T20:30:00.000Z,True,False,30,16,W,81,97,-67.947
2021,12,401282265,Old Dominion,Conference USA,Middle Tennessee,Conference USA,Away,2021-11-20T20:30:00.000Z,True,False,24,17,W,60,92,-54.819
2021,13,401282268,Old Dominion,Conference USA,Charlotte,Conference USA,Home,2021-11-27T19:00:00.000Z,True,False,56,34,W,103,121,-144.529
2021,1,401282055,Ole Miss,SEC,Louisville,ACC,Home,2021-09-07T00:00:00.000Z,True,False,43,24,W,51,38,57.129
2021,1,401331240,Ole Miss,SEC,Baylor,Big 12,Home,2022-01-02T01:45:00.000Z,True,False,7,21,L,22,9,128.606
2021,3,401282075,Ole Miss,SEC,Tulane,American Athletic,Home,2021-09-19T00:00:00.000Z,True,False,61,21,W,109,93,-56.047
2021,5,401282089,Ole Miss,SEC,Alabama,SEC,Away,2021-10-02T19:30:00.000Z,True,False,21,42,L,5,2,185.828
2021,6,401282100,Ole Miss,SEC,Arkansas,SEC,Home,2021-10-09T16:00:00.000Z,True,False,52,51,W,48,25,83.922
2021,7,401282110,Ole Miss,SEC,Tennessee,SEC,Away,2021-10-16T23:30:00.000Z,True,False,31,26,W,43,27,80.257
2021,8,401282113,Ole Miss,SEC,LSU,SEC,Home,2021-10-23T19:30:00.000Z,True,False,31,17,W,78,45,39.656
2021,9,401282116,Ole Miss,SEC,Auburn,SEC,Away,2021-10-30T23:00:00.000Z,True,False,20,31,L,52,33,73.350
2021,10,401282124,Ole Miss,SEC,Liberty,FBS Independents,Home,2021-11-06T16:00:00.000Z,True,False,27,14,W,17,57,26.518
2021,11,401282131,Ole Miss,SEC,Texas A&M,SEC,Home,2021-11-14T00:00:00.000Z,True,False,29,19,W,24,23,89.752
2021,12,401282139,Ole Miss,SEC,Vanderbilt,SEC,Home,2021-11-21T00:30:00.000Z,True,False,31,17,W,122,108,-88.882
2021,13,401282151,Ole Miss,SEC,Mississippi State,SEC,Away,2021-11-26T00:30:00.000Z,True,False,31,21,W,76,49,35.501
2021,1,401309838,Oregon,Pac-12,Fresno State,Mountain West,Home,2021-09-04T18:00:00.000Z,True,False,31,24,W,26,46,37.836
2021,1,401331228,Oregon,Pac-12,Oklahoma,Big 12,Away,2021-12-30T02:15:00.000Z,True,False,32,47,L,20,8,137.719
2021,2,401282809,Oregon,Pac-12,Ohio State,Big Ten,Away,2021-09-11T16:00:00.000Z,True,False,35,28,W,2,3,182.291
2021,4,401309859,Oregon,Pac-12,Arizona,Pac-12,Home,2021-09-26T02:30:00.000Z,True,False,41,19,W,117,103,-81.206
2021,5,401309864,Oregon,Pac-12,Stanford,Pac-12,Away,2021-10-02T19:30:00.000Z,True,False,24,31,L,104,83,-32.485
2021,7,401309872,Oregon,Pac-12,California,Pac-12,Home,2021-10-16T02:30:00.000Z,True,False,24,17,W,63,63,16.906
2021,8,401309879,Oregon,Pac-12,UCLA,Pac-12,Away,2021-10-23T19:30:00.000Z,True,False,34,31,W,36,30,79.342
2021,9,401309884,Oregon,Pac-12,Colorado,Pac-12,Home,2021-10-30T19:30:00.000Z,True,False,52,29,W,105,90,-47.380
2021,10,401309890,Oregon,Pac-12,Washington,Pac-12,Away,2021-11-06T23:30:00.000Z,True,False,26,16,W,73,78,-15.342
2021,11,401309895,Oregon,Pac-12,Washington State,Pac-12,Home,2021-11-14T03:30:00.000Z,True,False,38,24,W,62,41,44.286
2021,12,401309901,Oregon,Pac-12,Utah,Pac-12,Away,2021-11-21T00:30:00.000Z,True,False,7,38,L,8,5,149.855
2021,13,401309908,Oregon,Pac-12,Oregon State,Pac-12,Home,2021-11-27T20:30:00.000Z,True,False,38,29,W,59,40,48.169
2021,14,401331159,Oregon,Pac-12,Utah,Pac-12,Away,2021-12-04T01:00:00.000Z,True,False,10,38,L,8,5,149.855
2021,1,401282819,Oregon State,Pac-12,Purdue,Big Ten,Away,2021-09-04T23:00:00.000Z,True,False,21,30,L,33,20,97.146
2021,1,401331170,Oregon State,Pac-12,Utah State,Mountain West,Home,2021-12-19T00:30:00.000Z,True,False,13,24,L,40,53,29.505
2021,2,401309844,Oregon State,Pac-12,Hawai'i,Mountain West,Home,2021-09-12T03:00:00.000Z,True,False,45,27,W,83,88,-39.788
2021,4,401309860,Oregon State,Pac-12,USC,Pac-12,Away,2021-09-26T02:30:00.000Z,True,False,45,27,W,87,73,-8.790
2021,5,401309865,Oregon State,Pac-12,Washington,Pac-12,Home,2021-10-03T01:00:00.000Z,True,False,27,24,W,73,78,-15.342
2021,6,401309869,Oregon State,Pac-12,Washington State,Pac-12,Away,2021-10-09T20:00:00.000Z,True,False,24,31,L,62,41,44.286
2021,8,401309880,Oregon State,Pac-12,Utah,Pac-12,Home,2021-10-23T23:30:00.000Z,True,False,42,34,W,8,5,149.855
2021,9,401309882,Oregon State,Pac-12,California,Pac-12,Away,2021-10-30T23:00:00.000Z,True,False,25,39,L,63,63,16.906
2021,10,401309891,Oregon State,Pac-12,Colorado,Pac-12,Away,2021-11-06T23:00:00.000Z,True,False,34,37,L,105,90,-47.380
2021,11,401309894,Oregon State,Pac-12,Stanford,Pac-12,Home,2021-11-13T22:30:00.000Z,True,False,35,14,W,104,83,-32.485
2021,12,401309902,Oregon State,Pac-12,Arizona State,Pac-12,Home,2021-11-21T03:30:00.000Z,True,False,24,10,W,34,26,80.342
2021,13,401309908,Oregon State,Pac-12,Oregon,Pac-12,Away,2021-11-27T20:30:00.000Z,True,False,29,38,L,56,35,68.525
2021,1,401282815,Penn State,Big Ten,Wisconsin,Big Ten,Away,2021-09-04T16:00:00.000Z,True,False,16,10,W,27,10,124.911
2021,1,401331236,Penn State,Big Ten,Arkansas,SEC,Away,2022-01-01T17:00:00.000Z,True,False,10,24,L,48,25,83.922
2021,2,401282816,Penn State,Big Ten,Ball State,Mid-American,Home,2021-09-11T19:30:00.000Z,True,False,44,13,W,93,105,-86.460
2021,3,401282070,Penn State,Big Ten,Auburn,SEC,Home,2021-09-18T23:30:00.000Z,True,False,28,20,W,52,33,73.350
2021,5,401282729,Penn State,Big Ten,Indiana,Big Ten,Home,2021-10-02T23:30:00.000Z,True,False,24,0,W,124,96,-65.572
2021,6,401282758,Penn State,Big Ten,Iowa,Big Ten,Away,2021-10-09T20:00:00.000Z,True,False,20,23,L,46,28,79.993
2021,8,401282717,Penn State,Big Ten,Illinois,Big Ten,Home,2021-10-23T16:00:00.000Z,True,False,18,20,L,79,67,9.806
2021,9,401282814,Penn State,Big Ten,Ohio State,Big Ten,Away,2021-10-30T23:30:00.000Z,True,False,24,33,L,2,3,182.291
2021,10,401282768,Penn State,Big Ten,Maryland,Big Ten,Away,2021-11-06T19:30:00.000Z,True,False,31,14,W,95,64,12.829
2021,11,401282780,Penn State,Big Ten,Michigan,Big Ten,Home,2021-11-13T17:00:00.000Z,True,False,17,21,L,4,4,166.327
2021,12,401282818,Penn State,Big Ten,Rutgers,Big Ten,Home,2021-11-20T17:00:00.000Z,True,False,28,0,W,98,87,-37.742
2021,13,401282785,Penn State,Big Ten,Michigan State,Big Ten,Away,2021-11-27T20:30:00.000Z,True,False,27,30,L,47,19,100.181
2021,1,401282612,Pittsburgh,ACC,Massachusetts,FBS Independents,Home,2021-09-04T20:00:00.000Z,True,False,51,7,W,130,128,-188.298
2021,1,401331231,Pittsburgh,ACC,Michigan State,Big Ten,Away,2021-12-31T00:00:00.000Z,True,False,21,31,L,47,19,100.181
2021,2,401282066,Pittsburgh,ACC,Tennessee,SEC,Away,2021-09-11T16:00:00.000Z,True,False,41,34,W,43,27,80.257
2021,3,401282632,Pittsburgh,ACC,Western Michigan,Mid-American,Home,2021-09-18T16:00:00.000Z,True,False,41,44,L,67,89,-40.078
2021,5,401282649,Pittsburgh,ACC,Georgia Tech,ACC,Away,2021-10-02T16:00:00.000Z,True,False,52,21,W,112,91,-49.172
2021,7,401282661,Pittsburgh,ACC,Virginia Tech,ACC,Away,2021-10-16T19:30:00.000Z,True,False,28,7,W,86,77,-14.202
2021,8,401282666,Pittsburgh,ACC,Clemson,ACC,Home,2021-10-23T19:30:00.000Z,True,False,27,17,W,29,17,104.296
2021,9,401282674,Pittsburgh,ACC,Miami,ACC,Home,2021-10-30T16:00:00.000Z,True,False,34,38,L,75,56,27.939
2021,10,401282678,Pittsburgh,ACC,Duke,ACC,Away,2021-11-06T16:00:00.000Z,True,False,54,29,W,121,116,-129.520
2021,11,401282683,Pittsburgh,ACC,North Carolina,ACC,Home,2021-11-12T00:30:00.000Z,True,False,30,23,W,65,62,17.611
2021,12,401282698,Pittsburgh,ACC,Virginia,ACC,Home,2021-11-20T20:30:00.000Z,True,False,48,38,W,68,65,11.535
2021,13,401282702,Pittsburgh,ACC,Syracuse,ACC,Away,2021-11-28T00:30:00.000Z,True,False,31,14,W,91,72,-2.248
2021,14,401331163,Pittsburgh,ACC,Wake Forest,ACC,Away,2021-12-05T01:00:00.000Z,True,False,45,21,W,23,16,105.459
2021,1,401282819,Purdue,Big Ten,Oregon State,Pac-12,Home,2021-09-04T23:00:00.000Z,True,False,30,21,W,59,40,48.169
2021,1,401331230,Purdue,Big Ten,Tennessee,SEC,Home,2021-12-30T20:00:00.000Z,True,False,48,45,W,43,27,80.257
2021,2,401282820,Purdue,Big Ten,UConn,FBS Independents,Away,2021-09-11T19:00:00.000Z,True,False,49,0,W,127,127,-166.865
2021,3,401282706,Purdue,Big Ten,Notre Dame,FBS Independents,Away,2021-09-18T18:30:00.000Z,True,False,13,27,L,7,6,146.938
2021,4,401282716,Purdue,Big Ten,Illinois,Big Ten,Home,2021-09-25T19:30:00.000Z,True,False,13,9,W,79,67,9.806
2021,5,401282793,Purdue,Big Ten,Minnesota,Big Ten,Home,2021-10-02T16:00:00.000Z,True,False,13,20,L,31,24,87.694
2021,7,401282760,Purdue,Big Ten,Iowa,Big Ten,Away,2021-10-16T19:30:00.000Z,True,False,24,7,W,46,28,79.993
2021,8,401282821,Purdue,Big Ten,Wisconsin,Big Ten,Home,2021-10-23T19:00:00.000Z,True,False,13,30,L,27,10,124.911
2021,9,401282801,Purdue,Big Ten,Nebraska,Big Ten,Away,2021-10-30T19:30:00.000Z,True,False,28,23,W,57,34,69.377
2021,10,401282787,Purdue,Big Ten,Michigan State,Big Ten,Home,2021-11-06T19:30:00.000Z,True,False,40,29,W,47,19,100.181
2021,11,401282812,Purdue,Big Ten,Ohio State,Big Ten,Away,2021-11-13T20:30:00.000Z,True,False,31,59,L,2,3,182.291
2021,12,401282808,Purdue,Big Ten,Northwestern,Big Ten,Away,2021-11-20T17:00:00.000Z,True,False,32,14,W,114,102,-79.299
2021,13,401282753,Purdue,Big Ten,Indiana,Big Ten,Home,2021-11-27T20:30:00.000Z,True,False,44,7,W,124,96,-65.572
2021,1,401281943,Rice,Conference USA,Arkansas,SEC,Away,2021-09-04T18:00:00.000Z,True,False,17,38,L,48,25,83.922
2021,2,401282189,Rice,Conference USA,Houston,American Athletic,Home,2021-09-11T22:30:00.000Z,True,False,7,44,L,14,37,61.710
2021,3,401282202,Rice,Conference USA,Texas,Big 12,Away,2021-09-19T00:00:00.000Z,True,False,0,58,L,45,31,78.322
2021,5,401282218,Rice,Conference USA,Southern Miss,Conference USA,Home,2021-10-02T22:30:00.000Z,True,False,24,19,W,116,125,-158.509
2021,7,401282233,Rice,Conference USA,UTSA,Conference USA,Away,2021-10-16T22:00:00.000Z,True,False,0,45,L,25,58,25.656
2021,8,401282238,Rice,Conference USA,UAB,Conference USA,Away,2021-10-23T19:30:00.000Z,True,False,30,24,W,50,66,11.057
2021,9,401282246,Rice,Conference USA,North Texas,Conference USA,Home,2021-10-30T18:00:00.000Z,True,False,24,30,L,80,98,-70.030
2021,10,401282247,Rice,Conference USA,Charlotte,Conference USA,Away,2021-11-06T19:30:00.000Z,True,False,24,31,L,103,121,-144.529
2021,11,401282259,Rice,Conference USA,Western Kentucky,Conference USA,Home,2021-11-13T19:00:00.000Z,True,False,21,42,L,12,42,43.205
2021,12,401282266,Rice,Conference USA,UTEP,Conference USA,Away,2021-11-20T21:00:00.000Z,True,False,28,38,L,74,95,-62.011
2021,13,401282271,Rice,Conference USA,Louisiana Tech,Conference USA,Home,2021-11-27T18:00:00.000Z,True,False,35,31,W,92,107,-88.627
2021,1,401282822,Rutgers,Big Ten,Temple,American Athletic,Home,2021-09-04T16:00:00.000Z,True,False,61,14,W,126,126,-161.014
2021,1,401331233,Rutgers,Big Ten,Wake Forest,ACC,Home,2021-12-31T16:00:00.000Z,True,False,10,38,L,23,16,105.459
2021,2,401282622,Rutgers,Big Ten,Syracuse,ACC,Away,2021-09-11T18:00:00.000Z,True,False,17,7,W,91,72,-2.248
2021,4,401282775,Rutgers,Big Ten,Michigan,Big Ten,Away,2021-09-25T19:30:00.000Z,True,False,13,20,L,4,4,166.327
2021,5,401282813,Rutgers,Big Ten,Ohio State,Big Ten,Home,2021-10-02T19:30:00.000Z,True,False,13,52,L,2,3,182.291
2021,6,401282788,Rutgers,Big Ten,Michigan State,Big Ten,Home,2021-10-09T16:00:00.000Z,True,False,13,31,L,47,19,100.181
2021,7,401282807,Rutgers,Big Ten,Northwestern,Big Ten,Away,2021-10-16T16:00:00.000Z,True,False,7,21,L,114,102,-79.299
2021,9,401282719,Rutgers,Big Ten,Illinois,Big Ten,Away,2021-10-30T16:00:00.000Z,True,False,20,14,W,79,67,9.806
2021,10,401282824,Rutgers,Big Ten,Wisconsin,Big Ten,Home,2021-11-06T19:30:00.000Z,True,False,3,52,L,27,10,124.911
2021,11,401282728,Rutgers,Big Ten,Indiana,Big Ten,Away,2021-11-13T17:00:00.000Z,True,False,38,3,W,124,96,-65.572
2021,12,401282818,Rutgers,Big Ten,Penn State,Big Ten,Away,2021-11-20T17:00:00.000Z,True,False,0,28,L,32,14,115.914
2021,13,401282766,Rutgers,Big Ten,Maryland,Big Ten,Home,2021-11-27T17:00:00.000Z,True,False,16,40,L,95,64,12.829
2021,2,401282187,SMU,American Athletic,North Texas,Conference USA,Home,2021-09-11T23:00:00.000Z,True,False,35,12,W,80,98,-70.030
2021,3,401282199,SMU,American Athletic,Louisiana Tech,Conference USA,Away,2021-09-18T19:30:00.000Z,True,False,39,37,W,92,107,-88.627
2021,4,401287910,SMU,American Athletic,TCU,Big 12,Away,2021-09-25T16:00:00.000Z,True,False,42,34,W,107,71,-2.094
2021,5,401301016,SMU,American Athletic,South Florida,American Athletic,Home,2021-10-02T20:00:00.000Z,True,False,41,17,W,115,99,-74.592
2021,6,401301021,SMU,American Athletic,Navy,American Athletic,Away,2021-10-09T19:30:00.000Z,True,False,31,24,W,101,85,-36.412
2021,8,401301025,SMU,American Athletic,Tulane,American Athletic,Home,2021-10-21T23:30:00.000Z,True,False,55,26,W,109,93,-56.047
2021,9,401301034,SMU,American Athletic,Houston,American Athletic,Away,2021-10-30T23:00:00.000Z,True,False,37,44,L,14,37,61.710
2021,10,401301039,SMU,American Athletic,Memphis,American Athletic,Away,2021-11-06T16:00:00.000Z,True,False,25,28,L,69,79,-17.425
2021,11,401301041,SMU,American Athletic,UCF,American Athletic,Home,2021-11-13T17:00:00.000Z,True,False,55,28,W,55,69,3.646
2021,12,401301046,SMU,American Athletic,Cincinnati,American Athletic,Away,2021-11-20T20:30:00.000Z,True,False,14,48,L,6,11,123.072
2021,13,401301055,SMU,American Athletic,Tulsa,American Athletic,Home,2021-11-27T21:00:00.000Z,True,False,31,34,L,70,74,-9.005
2021,1,401310699,San Diego State,Mountain West,New Mexico State,FBS Independents,Home,2021-09-05T02:30:00.000Z,True,False,28,10,W,123,122,-149.442
2021,1,401331214,San Diego State,Mountain West,UTSA,Conference USA,Home,2021-12-22T00:30:00.000Z,True,False,38,24,W,25,58,25.656
2021,2,401309846,San Diego State,Mountain West,Arizona,Pac-12,Away,2021-09-12T02:00:00.000Z,True,False,38,14,W,117,103,-81.206
2021,3,401309856,San Diego State,Mountain West,Utah,Pac-12,Home,2021-09-18T23:00:00.000Z,True,False,33,31,W,8,5,149.855
2021,6,401310716,San Diego State,Mountain West,New Mexico,Mountain West,Home,2021-10-10T01:00:00.000Z,True,False,31,7,W,119,119,-138.998
2021,7,401310723,San Diego State,Mountain West,San José State,Mountain West,Away,2021-10-16T02:30:00.000Z,True,False,19,13,W,99,106,-86.919
2021,8,401310724,San Diego State,Mountain West,Air Force,Mountain West,Away,2021-10-23T23:00:00.000Z,True,False,20,14,W,19,32,75.426
2021,9,401310733,San Diego State,Mountain West,Fresno State,Mountain West,Home,2021-10-31T02:30:00.000Z,True,False,20,30,L,26,46,37.836
2021,10,401310739,San Diego State,Mountain West,Hawai'i,Mountain West,Away,2021-11-07T03:00:00.000Z,True,False,17,10,W,83,88,-39.788
2021,11,401310746,San Diego State,Mountain West,Nevada,Mountain West,Home,2021-11-14T03:30:00.000Z,True,False,23,21,W,39,55,28.564
2021,12,401310751,San Diego State,Mountain West,UNLV,Mountain West,Away,2021-11-20T04:30:00.000Z,True,False,28,20,W,113,109,-96.694
2021,13,401310753,San Diego State,Mountain West,Boise State,Mountain West,Home,2021-11-26T17:00:00.000Z,True,False,27,16,W,21,29,79.805
2021,14,401310676,San Diego State,Mountain West,Utah State,Mountain West,Home,2021-12-04T20:00:00.000Z,True,False,13,46,L,40,53,29.505
2021,1,401309842,San José State,Mountain West,USC,Pac-12,Away,2021-09-04T21:00:00.000Z,True,False,7,30,L,87,73,-8.790
2021,3,401310705,San José State,Mountain West,Hawai'i,Mountain West,Away,2021-09-19T04:30:00.000Z,True,False,17,13,W,83,88,-39.788
2021,4,401309554,San José State,Mountain West,Western Michigan,Mid-American,Away,2021-09-25T18:00:00.000Z,True,False,3,23,L,67,89,-40.078
2021,5,401310713,San José State,Mountain West,New Mexico State,FBS Independents,Home,2021-10-03T02:30:00.000Z,True,False,37,31,W,123,122,-149.442
2021,6,401310715,San José State,Mountain West,Colorado State,Mountain West,Away,2021-10-09T19:30:00.000Z,True,False,14,32,L,82,80,-27.095
2021,7,401310723,San José State,Mountain West,San Diego State,Mountain West,Home,2021-10-16T02:30:00.000Z,True,False,13,19,L,44,50,35.336
2021,8,401310729,San José State,Mountain West,UNLV,Mountain West,Away,2021-10-22T03:00:00.000Z,True,False,27,20,W,113,109,-96.694
2021,9,401310732,San José State,Mountain West,Wyoming,Mountain West,Home,2021-10-30T20:00:00.000Z,True,False,27,21,W,58,82,-31.644
2021,10,401310740,San José State,Mountain West,Nevada,Mountain West,Away,2021-11-07T02:00:00.000Z,True,False,24,27,L,39,55,28.564
2021,11,401310744,San José State,Mountain West,Utah State,Mountain West,Home,2021-11-14T03:30:00.000Z,True,False,17,48,L,40,53,29.505
2021,13,401310757,San José State,Mountain West,Fresno State,Mountain West,Home,2021-11-25T20:30:00.000Z,True,False,9,40,L,26,46,37.836
2021,1,401282177,South Alabama,Sun Belt,Southern Miss,Conference USA,Home,2021-09-05T00:00:00.000Z,True,False,31,7,W,116,125,-158.509
2021,2,401309546,South Alabama,Sun Belt,Bowling Green,Mid-American,Away,2021-09-11T20:00:00.000Z,True,False,22,19,W,108,123,-149.977
2021,5,401309615,South Alabama,Sun Belt,Louisiana,Sun Belt,Home,2021-10-03T00:00:00.000Z,True,False,18,20,L,10,52,31.058
2021,6,401309619,South Alabama,Sun Belt,Texas State,Sun Belt,Away,2021-10-09T23:00:00.000Z,True,False,31,33,L,106,117,-137.058
2021,7,401309621,South Alabama,Sun Belt,Georgia Southern,Sun Belt,Home,2021-10-14T23:30:00.000Z,True,False,41,14,W,110,118,-138.120
2021,8,401309626,South Alabama,Sun Belt,UL Monroe,Sun Belt,Away,2021-10-23T23:00:00.000Z,True,False,31,41,L,111,110,-106.916
2021,9,401309629,South Alabama,Sun Belt,Arkansas State,Sun Belt,Home,2021-10-30T21:00:00.000Z,True,False,31,13,W,118,124,-153.183
2021,10,401309636,South Alabama,Sun Belt,Troy,Sun Belt,Away,2021-11-06T19:30:00.000Z,True,False,24,31,L,100,113,-116.735
2021,11,401309637,South Alabama,Sun Belt,App State,Sun Belt,Away,2021-11-13T19:30:00.000Z,True,False,7,31,L,13,39,48.520
2021,12,401282143,South Alabama,Sun Belt,Tennessee,SEC,Away,2021-11-21T00:30:00.000Z,True,False,14,60,L,43,27,80.257
2021,13,401309648,South Alabama,Sun Belt,Coastal Carolina,Sun Belt,Home,2021-11-26T20:30:00.000Z,True,False,21,27,L,3,54,29.477
2021,1,401331229,South Carolina,SEC,North Carolina,ACC,Home,2021-12-30T16:30:00.000Z,True,False,38,21,W,65,62,17.611
2021,2,401282065,South Carolina,SEC,East Carolina,American Athletic,Away,2021-09-11T16:00:00.000Z,True,False,20,17,W,49,61,20.579
2021,3,401282072,South Carolina,SEC,Georgia,SEC,Away,2021-09-18T23:00:00.000Z,True,False,13,40,L,1,1,245.571
2021,4,401282087,South Carolina,SEC,Kentucky,SEC,Home,2021-09-25T23:00:00.000Z,True,False,10,16,L,11,21,96.932
2021,5,401282094,South Carolina,SEC,Troy,Sun Belt,Home,2021-10-02T19:30:00.000Z,True,False,23,14,W,100,113,-116.735
2021,6,401282102,South Carolina,SEC,Tennessee,SEC,Away,2021-10-09T16:00:00.000Z,True,False,20,45,L,43,27,80.257
2021,7,401282109,South Carolina,SEC,Vanderbilt,SEC,Home,2021-10-16T20:00:00.000Z,True,False,21,20,W,122,108,-88.882
2021,8,401282114,South Carolina,SEC,Texas A&M,SEC,Away,2021-10-23T23:30:00.000Z,True,False,14,44,L,24,23,89.752
2021,10,401282125,South Carolina,SEC,Florida,SEC,Home,2021-11-06T23:30:00.000Z,True,False,40,17,W,64,43,41.063
2021,11,401282132,South Carolina,SEC,Missouri,SEC,Away,2021-11-13T21:00:00.000Z,True,False,28,31,L,96,76,-12.294
2021,12,401282142,South Carolina,SEC,Auburn,SEC,Home,2021-11-21T00:00:00.000Z,True,False,21,17,W,52,33,73.350
2021,13,401282152,South Carolina,SEC,Clemson,ACC,Home,2021-11-28T00:30:00.000Z,True,False,0,30,L,29,17,104.296
2021,1,401282607,South Florida,American Athletic,NC State,ACC,Away,2021-09-02T23:30:00.000Z,True,False,0,45,L,18,15,110.049
2021,2,401282059,South Florida,American Athletic,Florida,SEC,Home,2021-09-11T17:00:00.000Z,True,False,20,42,L,64,43,41.063
2021,4,401301009,South Florida,American Athletic,BYU,FBS Independents,Away,2021-09-26T02:15:00.000Z,True,False,27,35,L,42,36,66.179
2021,5,401301016,South Florida,American Athletic,SMU,American Athletic,Away,2021-10-02T20:00:00.000Z,True,False,17,41,L,38,48,36.703
2021,7,401301024,South Florida,American Athletic,Tulsa,American Athletic,Home,2021-10-16T16:00:00.000Z,True,False,31,32,L,70,74,-9.005
2021,8,401301029,South Florida,American Athletic,Temple,American Athletic,Home,2021-10-23T23:00:00.000Z,True,False,34,14,W,126,126,-161.014
2021,9,401301033,South Florida,American Athletic,East Carolina,American Athletic,Away,2021-10-28T23:30:00.000Z,True,False,14,29,L,49,61,20.579
2021,10,401301038,South Florida,American Athletic,Houston,American Athletic,Home,2021-11-06T23:30:00.000Z,True,False,42,54,L,14,37,61.710
2021,11,401301040,South Florida,American Athletic,Cincinnati,American Athletic,Home,2021-11-12T23:00:00.000Z,True,False,28,45,L,6,11,123.072
2021,12,401301048,South Florida,American Athletic,Tulane,American Athletic,Away,2021-11-20T17:00:00.000Z,True,False,14,45,L,109,93,-56.047
2021,13,401301050,South Florida,American Athletic,UCF,American Athletic,Away,2021-11-26T20:30:00.000Z,True,False,13,17,L,55,69,3.646
2021,1,401282177,Southern Miss,Conference USA,South Alabama,Sun Belt,Away,2021-09-05T00:00:00.000Z,True,False,7,31,L,88,104,-82.579
2021,3,401282203,Southern Miss,Conference USA,Troy,Sun Belt,Home,2021-09-18T23:00:00.000Z,True,False,9,21,L,100,113,-116.735
2021,4,401282081,Southern Miss,Conference USA,Alabama,SEC,Away,2021-09-25T23:30:00.000Z,True,False,14,63,L,5,2,185.828
2021,5,401282218,Southern Miss,Conference USA,Rice,Conference USA,Away,2021-10-02T22:30:00.000Z,True,False,19,24,L,120,114,-120.586
2021,6,401282227,Southern Miss,Conference USA,UTEP,Conference USA,Home,2021-10-09T23:00:00.000Z,True,False,13,26,L,74,95,-62.011
2021,7,401282234,Southern Miss,Conference USA,UAB,Conference USA,Home,2021-10-16T19:30:00.000Z,True,False,0,34,L,50,66,11.057
2021,9,401282245,Southern Miss,Conference USA,Middle Tennessee,Conference USA,Away,2021-10-30T19:30:00.000Z,True,False,10,35,L,60,92,-54.819
2021,10,401282252,Southern Miss,Conference USA,North Texas,Conference USA,Home,2021-11-06T19:00:00.000Z,True,False,14,38,L,80,98,-70.030
2021,11,401282260,Southern Miss,Conference USA,UTSA,Conference USA,Away,2021-11-13T20:30:00.000Z,True,False,17,27,L,25,58,25.656
2021,12,401282264,Southern Miss,Conference USA,Louisiana Tech,Conference USA,Away,2021-11-20T01:00:00.000Z,True,False,35,19,W,92,107,-88.627
2021,13,401282269,Southern Miss,Conference USA,Florida International,Conference USA,Home,2021-11-27T20:00:00.000Z,True,False,37,17,W,125,130,-229.363
2021,1,401287889,Stanford,Pac-12,Kansas State,Big 12,Away,2021-09-04T16:00:00.000Z,True,False,7,24,L,30,13,118.470
2021,2,401309843,Stanford,Pac-12,USC,Pac-12,Away,2021-09-12T02:30:00.000Z,True,False,42,28,W,87,73,-8.790
2021,3,401282080,Stanford,Pac-12,Vanderbilt,SEC,Away,2021-09-19T00:00:00.000Z,True,False,41,23,W,122,108,-88.882
2021,4,401309858,Stanford,Pac-12,UCLA,Pac-12,Home,2021-09-25T22:00:00.000Z,True,False,24,35,L,36,30,79.342
2021,5,401309864,Stanford,Pac-12,Oregon,Pac-12,Home,2021-10-02T19:30:00.000Z,True,False,31,24,W,56,35,68.525
2021,6,401309868,Stanford,Pac-12,Arizona State,Pac-12,Away,2021-10-09T02:30:00.000Z,True,False,10,28,L,34,26,80.342
2021,7,401309873,Stanford,Pac-12,Washington State,Pac-12,Away,2021-10-16T23:30:00.000Z,True,False,31,34,L,62,41,44.286
2021,9,401309883,Stanford,Pac-12,Washington,Pac-12,Home,2021-10-31T02:30:00.000Z,True,False,13,20,L,73,78,-15.342
2021,10,401309888,Stanford,Pac-12,Utah,Pac-12,Home,2021-11-06T02:30:00.000Z,True,False,7,52,L,8,5,149.855
2021,11,401309894,Stanford,Pac-12,Oregon State,Pac-12,Away,2021-11-13T22:30:00.000Z,True,False,14,35,L,59,40,48.169
2021,12,401309900,Stanford,Pac-12,California,Pac-12,Home,2021-11-21T00:00:00.000Z,True,False,11,41,L,63,63,16.906
2021,13,401282711,Stanford,Pac-12,Notre Dame,FBS Independents,Home,2021-11-28T01:00:00.000Z,True,False,14,45,L,7,6,146.938
2021,1,401282611,Syracuse,ACC,Ohio,Mid-American,Away,2021-09-04T23:00:00.000Z,True,False,29,9,W,102,120,-142.144
2021,2,401282622,Syracuse,ACC,Rutgers,Big Ten,Home,2021-09-11T18:00:00.000Z,True,False,7,17,L,98,87,-37.742
2021,4,401282637,Syracuse,ACC,Liberty,FBS Independents,Home,2021-09-25T00:00:00.000Z,True,False,24,21,W,17,57,26.518
2021,5,401282648,Syracuse,ACC,Florida State,ACC,Away,2021-10-02T19:30:00.000Z,True,False,30,33,L,61,44,39.804
2021,6,401282655,Syracuse,ACC,Wake Forest,ACC,Home,2021-10-09T19:30:00.000Z,True,False,37,40,L,23,16,105.459
2021,7,401282657,Syracuse,ACC,Clemson,ACC,Home,2021-10-15T23:00:00.000Z,True,False,14,17,L,29,17,104.296
2021,8,401282668,Syracuse,ACC,Virginia Tech,ACC,Away,2021-10-23T16:30:00.000Z,True,False,41,36,W,86,77,-14.202
2021,9,401282675,Syracuse,ACC,Boston College,ACC,Home,2021-10-30T19:30:00.000Z,True,False,21,6,W,77,70,0.706
2021,11,401282687,Syracuse,ACC,Louisville,ACC,Away,2021-11-13T17:00:00.000Z,True,False,3,41,L,51,38,57.129
2021,12,401282695,Syracuse,ACC,NC State,ACC,Away,2021-11-20T21:00:00.000Z,True,False,17,41,L,18,15,110.049
2021,13,401282702,Syracuse,ACC,Pittsburgh,ACC,Home,2021-11-28T00:30:00.000Z,True,False,14,31,L,9,18,103.978
2021,2,401287900,TCU,Big 12,California,Pac-12,Home,2021-09-11T19:30:00.000Z,True,False,34,32,W,63,63,16.906
2021,4,401287910,TCU,Big 12,SMU,American Athletic,Home,2021-09-25T16:00:00.000Z,True,False,34,42,L,38,48,36.703
2021,5,401287915,TCU,Big 12,Texas,Big 12,Home,2021-10-02T16:00:00.000Z,True,False,27,32,L,45,31,78.322
2021,6,401287919,TCU,Big 12,Texas Tech,Big 12,Away,2021-10-09T23:00:00.000Z,True,False,52,31,W,71,51,33.917
2021,7,401287923,TCU,Big 12,Oklahoma,Big 12,Away,2021-10-16T23:30:00.000Z,True,False,31,52,L,20,8,137.719
2021,8,401287927,TCU,Big 12,West Virginia,Big 12,Home,2021-10-23T23:30:00.000Z,True,False,17,29,L,90,60,22.897
2021,9,401287930,TCU,Big 12,Kansas State,Big 12,Away,2021-10-30T19:30:00.000Z,True,False,12,31,L,30,13,118.470
2021,10,401287936,TCU,Big 12,Baylor,Big 12,Home,2021-11-06T19:30:00.000Z,True,False,30,28,W,22,9,128.606
2021,11,401287940,TCU,Big 12,Oklahoma State,Big 12,Away,2021-11-14T01:00:00.000Z,True,False,17,63,L,15,7,141.454
2021,12,401287945,TCU,Big 12,Kansas,Big 12,Home,2021-11-20T21:00:00.000Z,True,False,31,28,W,128,111,-112.099
2021,13,401287949,TCU,Big 12,Iowa State,Big 12,Away,2021-11-26T21:30:00.000Z,True,False,14,48,L,16,12,120.288
2021,1,401282822,Temple,American Athletic,Rutgers,Big Ten,Away,2021-09-04T16:00:00.000Z,True,False,14,61,L,98,87,-37.742
2021,2,401300999,Temple,American Athletic,Akron,Mid-American,Away,2021-09-11T19:30:00.000Z,True,False,45,24,W,129,129,-215.271
2021,3,401282634,Temple,American Athletic,Boston College,ACC,Home,2021-09-18T16:00:00.000Z,True,False,3,28,L,77,70,0.706
2021,5,401301015,Temple,American Athletic,Memphis,American Athletic,Home,2021-10-02T16:00:00.000Z,True,False,34,31,W,69,79,-17.425
2021,6,401301018,Temple,American Athletic,Cincinnati,American Athletic,Away,2021-10-08T23:00:00.000Z,True,False,3,52,L,6,11,123.072
2021,8,401301029,Temple,American Athletic,South Florida,American Athletic,Away,2021-10-23T23:00:00.000Z,True,False,14,34,L,115,99,-74.592
2021,9,401301031,Temple,American Athletic,UCF,American Athletic,Home,2021-10-30T16:00:00.000Z,True,False,7,49,L,55,69,3.646
2021,10,401301035,Temple,American Athletic,East Carolina,American Athletic,Away,2021-11-06T19:00:00.000Z,True,False,3,45,L,49,61,20.579
2021,11,401301043,Temple,American Athletic,Houston,American Athletic,Home,2021-11-13T17:00:00.000Z,True,False,8,37,L,14,37,61.710
2021,12,401301049,Temple,American Athletic,Tulsa,American Athletic,Away,2021-11-20T21:00:00.000Z,True,False,10,44,L,70,74,-9.005
2021,13,401301054,Temple,American Athletic,Navy,American Athletic,Home,2021-11-27T17:00:00.000Z,True,False,14,38,L,101,85,-36.412
2021,1,401281952,Tennessee,SEC,Bowling Green,Mid-American,Home,2021-09-03T00:00:00.000Z,True,False,38,6,W,108,123,-149.977
2021,1,401331230,Tennessee,SEC,Purdue,Big Ten,Away,2021-12-30T20:00:00.000Z,True,False,45,48,L,33,20,97.146
2021,2,401282066,Tennessee,SEC,Pittsburgh,ACC,Home,2021-09-11T16:00:00.000Z,True,False,34,41,L,9,18,103.978
2021,4,401282084,Tennessee,SEC,Florida,SEC,Away,2021-09-25T23:00:00.000Z,True,False,14,38,L,64,43,41.063
2021,5,401282093,Tennessee,SEC,Missouri,SEC,Away,2021-10-02T16:00:00.000Z,True,False,62,24,W,96,76,-12.294
2021,6,401282102,Tennessee,SEC,South Carolina,SEC,Home,2021-10-09T16:00:00.000Z,True,False,45,20,W,89,59,22.936
2021,7,401282110,Tennessee,SEC,Ole Miss,SEC,Home,2021-10-16T23:30:00.000Z,True,False,26,31,L,41,22,91.562
2021,8,401282111,Tennessee,SEC,Alabama,SEC,Away,2021-10-23T23:00:00.000Z,True,False,24,52,L,5,2,185.828
2021,10,401282123,Tennessee,SEC,Kentucky,SEC,Away,2021-11-06T23:00:00.000Z,True,False,45,42,W,11,21,96.932
2021,11,401282133,Tennessee,SEC,Georgia,SEC,Home,2021-11-13T20:30:00.000Z,True,False,17,41,L,1,1,245.571
2021,12,401282143,Tennessee,SEC,South Alabama,Sun Belt,Home,2021-11-21T00:30:00.000Z,True,False,60,14,W,88,104,-82.579
2021,13,401282153,Tennessee,SEC,Vanderbilt,SEC,Home,2021-11-27T20:45:00.000Z,True,False,45,21,W,122,108,-88.882
2021,1,401287892,Texas,Big 12,Louisiana,Sun Belt,Home,2021-09-04T20:30:00.000Z,True,False,38,18,W,10,52,31.058
2021,2,401282057,Texas,Big 12,Arkansas,SEC,Away,2021-09-11T23:00:00.000Z,True,False,21,40,L,48,25,83.922
2021,3,401282202,Texas,Big 12,Rice,Conference USA,Home,2021-09-19T00:00:00.000Z,True,False,58,0,W,120,114,-120.586
2021,4,401287911,Texas,Big 12,Texas Tech,Big 12,Home,2021-09-25T16:00:00.000Z,True,False,70,35,W,71,51,33.917
2021,5,401287915,Texas,Big 12,TCU,Big 12,Away,2021-10-02T16:00:00.000Z,True,False,32,27,W,107,71,-2.094
2021,6,401287918,Texas,Big 12,Oklahoma,Big 12,Home,2021-10-09T16:00:00.000Z,True,False,48,55,L,20,8,137.719
2021,7,401287924,Texas,Big 12,Oklahoma State,Big 12,Home,2021-10-16T16:00:00.000Z,True,False,24,32,L,15,7,141.454
2021,9,401287929,Texas,Big 12,Baylor,Big 12,Away,2021-10-30T16:00:00.000Z,True,False,24,31,L,22,9,128.606
2021,10,401287934,Texas,Big 12,Iowa State,Big 12,Away,2021-11-06T23:30:00.000Z,True,False,7,30,L,16,12,120.288
2021,11,401287941,Texas,Big 12,Kansas,Big 12,Home,2021-11-14T00:30:00.000Z,True,False,56,57,L,128,111,-112.099
2021,12,401287947,Texas,Big 12,West Virginia,Big 12,Away,2021-11-20T17:00:00.000Z,True,False,23,31,L,90,60,22.897
2021,13,401287952,Texas,Big 12,Kansas State,Big 12,Home,2021-11-26T17:00:00.000Z,True,False,22,17,W,30,13,118.470
2021,1,401282053,Texas A&M,SEC,Kent State,Mid-American,Home,2021-09-05T00:00:00.000Z,True,False,41,10,W,97,112,-115.613
2021,2,401282067,Texas A&M,SEC,Colorado,Pac-12,Away,2021-09-11T19:30:00.000Z,True,False,10,7,W,105,90,-47.380
2021,3,401282079,Texas A&M,SEC,New Mexico,Mountain West,Home,2021-09-18T16:00:00.000Z,True,False,34,0,W,119,119,-138.998
2021,4,401282082,Texas A&M,SEC,Arkansas,SEC,Away,2021-09-25T19:30:00.000Z,True,False,10,20,L,48,25,83.922
2021,5,401282095,Texas A&M,SEC,Mississippi State,SEC,Home,2021-10-02T23:00:00.000Z,True,False,22,26,L,76,49,35.501
2021,6,401282103,Texas A&M,SEC,Alabama,SEC,Home,2021-10-10T00:00:00.000Z,True,False,41,38,W,5,2,185.828
2021,7,401282108,Texas A&M,SEC,Missouri,SEC,Away,2021-10-16T16:00:00.000Z,True,False,35,14,W,96,76,-12.294
2021,8,401282114,Texas A&M,SEC,South Carolina,SEC,Home,2021-10-23T23:30:00.000Z,True,False,44,14,W,89,59,22.936
2021,10,401282126,Texas A&M,SEC,Auburn,SEC,Home,2021-11-06T19:30:00.000Z,True,False,20,3,W,52,33,73.350
2021,11,401282131,Texas A&M,SEC,Ole Miss,SEC,Away,2021-11-14T00:00:00.000Z,True,False,19,29,L,41,22,91.562
2021,13,401282150,Texas A&M,SEC,LSU,SEC,Away,2021-11-28T00:00:00.000Z,True,False,24,27,L,78,45,39.656
2021,1,401287893,Texas State,Sun Belt,Baylor,Big 12,Home,2021-09-04T23:00:00.000Z,True,False,20,29,L,22,9,128.606
2021,2,401282182,Texas State,Sun Belt,Florida International,Conference USA,Away,2021-09-11T23:00:00.000Z,True,False,23,17,W,125,130,-229.363
2021,4,401309557,Texas State,Sun Belt,Eastern Michigan,Mid-American,Away,2021-09-25T18:00:00.000Z,True,False,21,59,L,72,100,-74.602
2021,6,401309619,Texas State,Sun Belt,South Alabama,Sun Belt,Home,2021-10-09T23:00:00.000Z,True,False,33,31,W,88,104,-82.579
2021,7,401309622,Texas State,Sun Belt,Troy,Sun Belt,Home,2021-10-16T19:00:00.000Z,True,False,28,31,L,100,113,-116.735
2021,8,401309625,Texas State,Sun Belt,Georgia State,Sun Belt,Away,2021-10-23T18:00:00.000Z,True,False,16,28,L,66,84,-32.648
2021,9,401309631,Texas State,Sun Belt,Louisiana,Sun Belt,Away,2021-10-30T16:00:00.000Z,True,False,0,45,L,10,52,31.058
2021,10,401309635,Texas State,Sun Belt,UL Monroe,Sun Belt,Home,2021-11-06T19:00:00.000Z,True,False,27,19,W,111,110,-106.916
2021,11,401309640,Texas State,Sun Belt,Georgia Southern,Sun Belt,Home,2021-11-13T20:00:00.000Z,True,False,30,38,L,110,118,-138.120
2021,12,401309644,Texas State,Sun Belt,Coastal Carolina,Sun Belt,Away,2021-11-20T18:00:00.000Z,True,False,21,35,L,3,54,29.477
2021,13,401309647,Texas State,Sun Belt,Arkansas State,Sun Belt,Away,2021-11-27T19:00:00.000Z,True,False,24,22,W,118,124,-153.183
2021,1,401287886,Texas Tech,Big 12,Houston,American Athletic,Away,2021-09-04T23:00:00.000Z,True,False,38,21,W,14,37,61.710
2021,1,401331223,Texas Tech,Big 12,Mississippi State,SEC,Home,2021-12-28T23:45:00.000Z,True,False,34,7,W,76,49,35.501
2021,3,401282197,Texas Tech,Big 12,Florida International,Conference USA,Home,2021-09-18T23:00:00.000Z,True,False,54,21,W,125,130,-229.363
2021,4,401287911,Texas Tech,Big 12,Texas,Big 12,Away,2021-09-25T16:00:00.000Z,True,False,35,70,L,45,31,78.322
2021,5,401287916,Texas Tech,Big 12,West Virginia,Big 12,Away,2021-10-02T19:30:00.000Z,True,False,23,20,W,90,60,22.897
2021,6,401287919,Texas Tech,Big 12,TCU,Big 12,Home,2021-10-09T23:00:00.000Z,True,False,31,52,L,107,71,-2.094
2021,7,401287921,Texas Tech,Big 12,Kansas,Big 12,Away,2021-10-16T20:00:00.000Z,True,False,41,14,W,128,111,-112.099
2021,8,401287928,Texas Tech,Big 12,Kansas State,Big 12,Home,2021-10-23T16:00:00.000Z,True,False,24,25,L,30,13,118.470
2021,9,401287931,Texas Tech,Big 12,Oklahoma,Big 12,Away,2021-10-30T19:30:00.000Z,True,False,21,52,L,20,8,137.719
2021,11,401287942,Texas Tech,Big 12,Iowa State,Big 12,Home,2021-11-13T20:30:00.000Z,True,False,41,38,W,16,12,120.288
2021,12,401287946,Texas Tech,Big 12,Oklahoma State,Big 12,Home,2021-11-21T01:00:00.000Z,True,False,0,23,L,15,7,141.454
2021,13,401287948,Texas Tech,Big 12,Baylor,Big 12,Away,2021-11-27T17:00:00.000Z,True,False,24,27,L,22,9,128.606
2021,1,401331164,Toledo,Mid-American,Middle Tennessee,Conference USA,Home,2021-12-17T17:00:00.000Z,True,False,24,31,L,60,92,-54.819
2021,2,401282705,Toledo,Mid-American,Notre Dame,FBS Independents,Away,2021-09-11T18:30:00.000Z,True,False,29,32,L,7,6,146.938
2021,3,401309553,Toledo,Mid-American,Colorado State,Mountain West,Home,2021-09-18T20:00:00.000Z,True,False,6,22,L,82,80,-27.095
2021,4,401309555,Toledo,Mid-American,Ball State,Mid-American,Away,2021-09-25T18:00:00.000Z,True,False,22,12,W,93,105,-86.460
2021,5,401286302,Toledo,Mid-American,Massachusetts,FBS Independents,Away,2021-10-02T16:00:00.000Z,True,False,45,7,W,130,128,-188.298
2021,6,401309564,Toledo,Mid-American,Northern Illinois,Mid-American,Home,2021-10-09T16:00:00.000Z,True,False,20,22,L,85,94,-57.772
2021,7,401309569,Toledo,Mid-American,Central Michigan,Mid-American,Away,2021-10-16T19:30:00.000Z,True,False,23,26,L,53,81,-28.448
2021,8,401309573,Toledo,Mid-American,Western Michigan,Mid-American,Home,2021-10-23T19:30:00.000Z,True,False,34,15,W,67,89,-40.078
2021,10,401309580,Toledo,Mid-American,Eastern Michigan,Mid-American,Home,2021-11-02T23:30:00.000Z,True,False,49,52,L,72,100,-74.602
2021,11,401309585,Toledo,Mid-American,Bowling Green,Mid-American,Away,2021-11-11T00:00:00.000Z,True,False,49,17,W,108,123,-149.977
2021,12,401309589,Toledo,Mid-American,Ohio,Mid-American,Away,2021-11-17T00:00:00.000Z,True,False,35,23,W,102,120,-142.144
2021,13,401309597,Toledo,Mid-American,Akron,Mid-American,Home,2021-11-27T17:00:00.000Z,True,False,49,14,W,129,129,-215.271
2021,2,401286295,Troy,Sun Belt,Liberty,FBS Independents,Home,2021-09-11T23:00:00.000Z,True,False,13,21,L,17,57,26.518
2021,3,401282203,Troy,Sun Belt,Southern Miss,Conference USA,Away,2021-09-18T23:00:00.000Z,True,False,21,9,W,116,125,-158.509
2021,4,401309611,Troy,Sun Belt,UL Monroe,Sun Belt,Away,2021-09-26T00:00:00.000Z,True,False,16,29,L,111,110,-106.916
2021,5,401282094,Troy,Sun Belt,South Carolina,SEC,Away,2021-10-02T19:30:00.000Z,True,False,14,23,L,89,59,22.936
2021,6,401309617,Troy,Sun Belt,Georgia Southern,Sun Belt,Home,2021-10-09T23:00:00.000Z,True,False,27,24,W,110,118,-138.120
2021,7,401309622,Troy,Sun Belt,Texas State,Sun Belt,Away,2021-10-16T19:00:00.000Z,True,False,31,28,W,106,117,-137.058
2021,9,401309627,Troy,Sun Belt,Coastal Carolina,Sun Belt,Away,2021-10-28T23:30:00.000Z,True,False,28,35,L,3,54,29.477
2021,10,401309636,Troy,Sun Belt,South Alabama,Sun Belt,Home,2021-11-06T19:30:00.000Z,True,False,31,24,W,88,104,-82.579
2021,11,401309641,Troy,Sun Belt,Louisiana,Sun Belt,Home,2021-11-13T20:30:00.000Z,True,False,21,35,L,10,52,31.058
2021,12,401309642,Troy,Sun Belt,App State,Sun Belt,Home,2021-11-20T20:30:00.000Z,True,False,7,45,L,13,39,48.520
2021,13,401309649,Troy,Sun Belt,Georgia State,Sun Belt,Away,2021-11-27T19:00:00.000Z,True,False,10,37,L,66,84,-32.648
2021,1,401287894,Tulane,American Athletic,Oklahoma,Big 12,Away,2021-09-04T16:00:00.000Z,True,False,35,40,L,20,8,137.719
2021,3,401282075,Tulane,American Athletic,Ole Miss,SEC,Away,2021-09-19T00:00:00.000Z,True,False,21,61,L,41,22,91.562
2021,4,401282211,Tulane,American Athletic,UAB,Conference USA,Home,2021-09-26T00:00:00.000Z,True,False,21,28,L,50,66,11.057
2021,5,401301014,Tulane,American Athletic,East Carolina,American Athletic,Away,2021-10-02T19:30:00.000Z,True,False,29,52,L,49,61,20.579
2021,6,401301017,Tulane,American Athletic,Houston,American Athletic,Home,2021-10-07T23:30:00.000Z,True,False,22,40,L,14,37,61.710
2021,8,401301025,Tulane,American Athletic,SMU,American Athletic,Away,2021-10-21T23:30:00.000Z,True,False,26,55,L,38,48,36.703
2021,9,401301032,Tulane,American Athletic,Cincinnati,American Athletic,Home,2021-10-30T16:00:00.000Z,True,False,12,31,L,6,11,123.072
2021,10,401301036,Tulane,American Athletic,UCF,American Athletic,Away,2021-11-06T20:00:00.000Z,True,False,10,14,L,55,69,3.646
2021,11,401301044,Tulane,American Athletic,Tulsa,American Athletic,Home,2021-11-13T21:00:00.000Z,True,False,13,20,L,70,74,-9.005
2021,12,401301048,Tulane,American Athletic,South Florida,American Athletic,Home,2021-11-20T17:00:00.000Z,True,False,45,14,W,115,99,-74.592
2021,13,401301053,Tulane,American Athletic,Memphis,American Athletic,Away,2021-11-28T00:30:00.000Z,True,False,28,33,L,69,79,-17.425
2021,1,401331172,Tulsa,American Athletic,Old Dominion,Conference USA,Home,2021-12-20T19:30:00.000Z,True,False,30,17,W,84,101,-75.560
2021,2,401287899,Tulsa,American Athletic,Oklahoma State,Big 12,Away,2021-09-11T16:00:00.000Z,True,False,23,28,L,15,7,141.454
2021,3,401282810,Tulsa,American Athletic,Ohio State,Big Ten,Away,2021-09-18T19:30:00.000Z,True,False,20,41,L,2,3,182.291
2021,4,401301011,Tulsa,American Athletic,Arkansas State,Sun Belt,Home,2021-09-25T21:00:00.000Z,True,False,41,34,W,118,124,-153.183
2021,5,401301012,Tulsa,American Athletic,Houston,American Athletic,Home,2021-10-01T23:30:00.000Z,True,False,10,45,L,14,37,61.710
2021,6,401301020,Tulsa,American Athletic,Memphis,American Athletic,Home,2021-10-10T01:00:00.000Z,True,False,35,29,W,69,79,-17.425
2021,7,401301024,Tulsa,American Athletic,South Florida,American Athletic,Away,2021-10-16T16:00:00.000Z,True,False,32,31,W,115,99,-74.592
2021,9,401301030,Tulsa,American Athletic,Navy,American Athletic,Home,2021-10-29T23:30:00.000Z,True,False,17,20,L,101,85,-36.412
2021,10,401301037,Tulsa,American Athletic,Cincinnati,American Athletic,Away,2021-11-06T19:30:00.000Z,True,False,20,28,L,6,11,123.072
2021,11,401301044,Tulsa,American Athletic,Tulane,American Athletic,Away,2021-11-13T21:00:00.000Z,True,False,20,13,W,109,93,-56.047
2021,12,401301049,Tulsa,American Athletic,Temple,American Athletic,Home,2021-11-20T21:00:00.000Z,True,False,44,10,W,126,126,-161.014
2021,13,401301055,Tulsa,American Athletic,SMU,American Athletic,Away,2021-11-27T21:00:00.000Z,True,False,34,31,W,38,48,36.703
2021,1,401331168,UAB,Conference USA,BYU,FBS Independents,Away,2021-12-18T20:30:00.000Z,True,False,31,28,W,42,36,66.179
2021,2,401282060,UAB,Conference USA,Georgia,SEC,Away,2021-09-11T19:30:00.000Z,True,False,7,56,L,1,1,245.571
2021,3,401282195,UAB,Conference USA,North Texas,Conference USA,Away,2021-09-18T23:30:00.000Z,True,False,40,6,W,80,98,-70.030
2021,4,401282211,UAB,Conference USA,Tulane,American Athletic,Away,2021-09-26T00:00:00.000Z,True,False,28,21,W,109,93,-56.047
2021,5,401282221,UAB,Conference USA,Liberty,FBS Independents,Home,2021-10-02T23:00:00.000Z,True,False,12,36,L,17,57,26.518
2021,6,401282225,UAB,Conference USA,Florida Atlantic,Conference USA,Home,2021-10-09T19:30:00.000Z,True,False,31,14,W,81,97,-67.947
2021,7,401282234,UAB,Conference USA,Southern Miss,Conference USA,Away,2021-10-16T19:30:00.000Z,True,False,34,0,W,116,125,-158.509
2021,8,401282238,UAB,Conference USA,Rice,Conference USA,Home,2021-10-23T19:30:00.000Z,True,False,24,30,L,120,114,-120.586
2021,10,401282250,UAB,Conference USA,Louisiana Tech,Conference USA,Home,2021-11-06T16:00:00.000Z,True,False,52,38,W,92,107,-88.627
2021,11,401282257,UAB,Conference USA,Marshall,Conference USA,Away,2021-11-13T20:30:00.000Z,True,False,21,14,W,35,68,6.158
2021,12,401282267,UAB,Conference USA,UTSA,Conference USA,Away,2021-11-20T20:30:00.000Z,True,False,31,34,L,25,58,25.656
2021,13,401282274,UAB,Conference USA,UTEP,Conference USA,Home,2021-11-26T19:00:00.000Z,True,False,42,25,W,74,95,-62.011
2021,1,401300995,UCF,American Athletic,Boise State,Mountain West,Home,2021-09-02T23:00:00.000Z,True,False,36,31,W,21,29,79.805
2021,1,401331216,UCF,American Athletic,Florida,SEC,Away,2021-12-24T00:00:00.000Z,True,False,29,17,W,64,43,41.063
2021,3,401282626,UCF,American Athletic,Louisville,ACC,Away,2021-09-17T23:30:00.000Z,True,False,35,42,L,51,38,57.129
2021,5,401301013,UCF,American Athletic,Navy,American Athletic,Away,2021-10-02T19:30:00.000Z,True,False,30,34,L,101,85,-36.412
2021,6,401301019,UCF,American Athletic,East Carolina,American Athletic,Home,2021-10-09T22:00:00.000Z,True,False,20,16,W,49,61,20.579
2021,7,401301023,UCF,American Athletic,Cincinnati,American Athletic,Away,2021-10-16T16:00:00.000Z,True,False,21,56,L,6,11,123.072
2021,8,401301026,UCF,American Athletic,Memphis,American Athletic,Home,2021-10-22T23:00:00.000Z,True,False,24,7,W,69,79,-17.425
2021,9,401301031,UCF,American Athletic,Temple,American Athletic,Away,2021-10-30T16:00:00.000Z,True,False,49,7,W,126,126,-161.014
2021,10,401301036,UCF,American Athletic,Tulane,American Athletic,Home,2021-11-06T20:00:00.000Z,True,False,14,10,W,109,93,-56.047
2021,11,401301041,UCF,American Athletic,SMU,American Athletic,Away,2021-11-13T17:00:00.000Z,True,False,28,55,L,38,48,36.703
2021,12,401286293,UCF,American Athletic,UConn,FBS Independents,Home,2021-11-20T21:00:00.000Z,True,False,49,17,W,127,127,-166.865
2021,13,401301050,UCF,American Athletic,South Florida,American Athletic,Home,2021-11-26T20:30:00.000Z,True,False,17,13,W,115,99,-74.592
2021,1,401309833,UCLA,Pac-12,Hawai'i,Mountain West,Home,2021-08-28T19:30:00.000Z,True,False,44,10,W,83,88,-39.788
2021,1,401281948,UCLA,Pac-12,LSU,SEC,Home,2021-09-05T00:30:00.000Z,True,False,38,27,W,78,45,39.656
2021,3,401309855,UCLA,Pac-12,Fresno State,Mountain West,Home,2021-09-19T02:45:00.000Z,True,False,37,40,L,26,46,37.836
2021,4,401309858,UCLA,Pac-12,Stanford,Pac-12,Away,2021-09-25T22:00:00.000Z,True,False,35,24,W,104,83,-32.485
2021,5,401309866,UCLA,Pac-12,Arizona State,Pac-12,Home,2021-10-03T02:30:00.000Z,True,False,23,42,L,34,26,80.342
2021,6,401309870,UCLA,Pac-12,Arizona,Pac-12,Away,2021-10-10T02:30:00.000Z,True,False,34,16,W,117,103,-81.206
2021,7,401309874,UCLA,Pac-12,Washington,Pac-12,Away,2021-10-17T00:30:00.000Z,True,False,24,17,W,73,78,-15.342
2021,8,401309879,UCLA,Pac-12,Oregon,Pac-12,Home,2021-10-23T19:30:00.000Z,True,False,31,34,L,56,35,68.525
2021,9,401309887,UCLA,Pac-12,Utah,Pac-12,Away,2021-10-31T02:00:00.000Z,True,False,24,44,L,8,5,149.855
2021,11,401309898,UCLA,Pac-12,Colorado,Pac-12,Home,2021-11-14T02:00:00.000Z,True,False,44,20,W,105,90,-47.380
2021,12,401309904,UCLA,Pac-12,USC,Pac-12,Away,2021-11-20T21:00:00.000Z,True,False,62,33,W,87,73,-8.790
2021,13,401309907,UCLA,Pac-12,California,Pac-12,Home,2021-11-28T03:30:00.000Z,True,False,42,14,W,63,63,16.906
2021,1,401286187,UConn,FBS Independents,Fresno State,Mountain West,Away,2021-08-28T18:00:00.000Z,True,False,0,45,L,26,46,37.836
2021,2,401282820,UConn,FBS Independents,Purdue,Big Ten,Home,2021-09-11T19:00:00.000Z,True,False,0,49,L,33,20,97.146
2021,3,401286189,UConn,FBS Independents,Army,FBS Independents,Away,2021-09-18T16:00:00.000Z,True,False,21,52,L,37,47,37.254
2021,4,401286190,UConn,FBS Independents,Wyoming,Mountain West,Home,2021-09-25T19:30:00.000Z,True,False,22,24,L,58,82,-31.644
2021,5,401282096,UConn,FBS Independents,Vanderbilt,SEC,Away,2021-10-02T23:30:00.000Z,True,False,28,30,L,122,108,-88.882
2021,6,401286191,UConn,FBS Independents,Massachusetts,FBS Independents,Away,2021-10-09T19:30:00.000Z,True,False,13,27,L,130,128,-188.298
2021,8,401282239,UConn,FBS Independents,Middle Tennessee,Conference USA,Home,2021-10-22T22:00:00.000Z,True,False,13,44,L,60,92,-54.819
2021,11,401282684,UConn,FBS Independents,Clemson,ACC,Away,2021-11-13T17:00:00.000Z,True,False,7,44,L,29,17,104.296
2021,12,401286293,UConn,FBS Independents,UCF,American Athletic,Away,2021-11-20T21:00:00.000Z,True,False,17,49,L,55,69,3.646
2021,13,401301052,UConn,FBS Independents,Houston,American Athletic,Home,2021-11-27T17:00:00.000Z,True,False,17,45,L,14,37,61.710
2021,1,401281947,UL Monroe,Sun Belt,Kentucky,SEC,Away,2021-09-04T16:00:00.000Z,True,False,10,45,L,11,21,96.932
2021,4,401309611,UL Monroe,Sun Belt,Troy,Sun Belt,Home,2021-09-26T00:00:00.000Z,True,False,29,16,W,100,113,-116.735
2021,5,401309614,UL Monroe,Sun Belt,Coastal Carolina,Sun Belt,Away,2021-10-02T18:30:00.000Z,True,False,6,59,L,3,54,29.477
2021,6,401309618,UL Monroe,Sun Belt,Georgia State,Sun Belt,Home,2021-10-10T00:00:00.000Z,True,False,21,55,L,66,84,-32.648
2021,7,401286296,UL Monroe,Sun Belt,Liberty,FBS Independents,Home,2021-10-16T23:00:00.000Z,True,False,31,28,W,17,57,26.518
2021,8,401309626,UL Monroe,Sun Belt,South Alabama,Sun Belt,Home,2021-10-23T23:00:00.000Z,True,False,41,31,W,88,104,-82.579
2021,9,401309628,UL Monroe,Sun Belt,App State,Sun Belt,Away,2021-10-30T19:30:00.000Z,True,False,28,59,L,13,39,48.520
2021,10,401309635,UL Monroe,Sun Belt,Texas State,Sun Belt,Away,2021-11-06T19:00:00.000Z,True,False,19,27,L,106,117,-137.058
2021,11,401309638,UL Monroe,Sun Belt,Arkansas State,Sun Belt,Home,2021-11-13T22:00:00.000Z,True,False,24,27,L,118,124,-153.183
2021,12,401282138,UL Monroe,Sun Belt,LSU,SEC,Away,2021-11-21T02:00:00.000Z,True,False,14,27,L,78,45,39.656
2021,13,401309650,UL Monroe,Sun Belt,Louisiana,Sun Belt,Away,2021-11-27T21:00:00.000Z,True,False,16,21,L,10,52,31.058
2021,2,401309847,UNLV,Mountain West,Arizona State,Pac-12,Away,2021-09-12T02:30:00.000Z,True,False,10,37,L,34,26,80.342
2021,3,401287906,UNLV,Mountain West,Iowa State,Big 12,Home,2021-09-19T02:30:00.000Z,True,False,3,48,L,16,12,120.288
2021,4,401310707,UNLV,Mountain West,Fresno State,Mountain West,Away,2021-09-25T02:00:00.000Z,True,False,30,38,L,26,46,37.836
2021,5,401282222,UNLV,Mountain West,UTSA,Conference USA,Away,2021-10-02T22:00:00.000Z,True,False,17,24,L,25,58,25.656
2021,7,401310720,UNLV,Mountain West,Utah State,Mountain West,Home,2021-10-16T23:00:00.000Z,True,False,24,28,L,40,53,29.505
2021,8,401310729,UNLV,Mountain West,San José State,Mountain West,Home,2021-10-22T03:00:00.000Z,True,False,20,27,L,99,106,-86.919
2021,9,401310734,UNLV,Mountain West,Nevada,Mountain West,Away,2021-10-30T02:00:00.000Z,True,False,20,51,L,39,55,28.564
2021,10,401310737,UNLV,Mountain West,New Mexico,Mountain West,Away,2021-11-06T23:00:00.000Z,True,False,31,17,W,119,119,-138.998
2021,11,401310745,UNLV,Mountain West,Hawai'i,Mountain West,Home,2021-11-13T21:00:00.000Z,True,False,27,13,W,83,88,-39.788
2021,12,401310751,UNLV,Mountain West,San Diego State,Mountain West,Home,2021-11-20T04:30:00.000Z,True,False,20,28,L,44,50,35.336
2021,13,401310752,UNLV,Mountain West,Air Force,Mountain West,Away,2021-11-26T20:30:00.000Z,True,False,14,48,L,19,32,75.426
2021,1,401309842,USC,Pac-12,San José State,Mountain West,Home,2021-09-04T21:00:00.000Z,True,False,30,7,W,99,106,-86.919
2021,2,401309843,USC,Pac-12,Stanford,Pac-12,Home,2021-09-12T02:30:00.000Z,True,False,28,42,L,104,83,-32.485
2021,3,401309852,USC,Pac-12,Washington State,Pac-12,Away,2021-09-18T19:30:00.000Z,True,False,45,14,W,62,41,44.286
2021,4,401309860,USC,Pac-12,Oregon State,Pac-12,Home,2021-09-26T02:30:00.000Z,True,False,27,45,L,59,40,48.169
2021,5,401309867,USC,Pac-12,Colorado,Pac-12,Away,2021-10-02T18:00:00.000Z,True,False,37,14,W,105,90,-47.380
2021,6,401309871,USC,Pac-12,Utah,Pac-12,Home,2021-10-10T00:00:00.000Z,True,False,26,42,L,8,5,149.855
2021,8,401282709,USC,Pac-12,Notre Dame,FBS Independents,Away,2021-10-23T23:30:00.000Z,True,False,16,31,L,7,6,146.938
2021,9,401309886,USC,Pac-12,Arizona,Pac-12,Home,2021-10-30T23:00:00.000Z,True,False,41,34,W,117,103,-81.206
2021,10,401309892,USC,Pac-12,Arizona State,Pac-12,Away,2021-11-07T02:30:00.000Z,True,False,16,31,L,34,26,80.342
2021,12,401309904,USC,Pac-12,UCLA,Pac-12,Home,2021-11-20T21:00:00.000Z,True,False,33,62,L,36,30,79.342
2021,13,401309910,USC,Pac-12,BYU,FBS Independents,Home,2021-11-28T03:30:00.000Z,True,False,31,35,L,42,36,66.179
2021,14,401387250,USC,Pac-12,California,Pac-12,Away,2021-12-05T04:00:00.000Z,True,False,14,24,L,63,63,16.906
2021,1,401282049,UTEP,Conference USA,New Mexico State,FBS Independents,Away,2021-08-29T01:30:00.000Z,True,False,30,3,W,123,122,-149.442
2021,1,401331167,UTEP,Conference USA,Fresno State,Mountain West,Away,2021-12-18T19:15:00.000Z,True,False,24,31,L,26,46,37.836
2021,2,401282191,UTEP,Conference USA,Boise State,Mountain West,Away,2021-09-11T01:30:00.000Z,True,False,13,54,L,21,29,79.805
2021,4,401282212,UTEP,Conference USA,New Mexico,Mountain West,Home,2021-09-26T01:00:00.000Z,True,False,20,13,W,119,119,-138.998
2021,5,401282217,UTEP,Conference USA,Old Dominion,Conference USA,Home,2021-10-03T01:00:00.000Z,True,False,28,21,W,84,101,-75.560
2021,6,401282227,UTEP,Conference USA,Southern Miss,Conference USA,Away,2021-10-09T23:00:00.000Z,True,False,26,13,W,116,125,-158.509
2021,7,401282230,UTEP,Conference USA,Louisiana Tech,Conference USA,Home,2021-10-17T01:00:00.000Z,True,False,19,3,W,92,107,-88.627
2021,9,401282243,UTEP,Conference USA,Florida Atlantic,Conference USA,Away,2021-10-30T22:00:00.000Z,True,False,25,28,L,81,97,-67.947
2021,10,401282253,UTEP,Conference USA,UTSA,Conference USA,Home,2021-11-07T02:15:00.000Z,True,False,23,44,L,25,58,25.656
2021,11,401282258,UTEP,Conference USA,North Texas,Conference USA,Away,2021-11-13T21:00:00.000Z,True,False,17,20,L,80,98,-70.030
2021,12,401282266,UTEP,Conference USA,Rice,Conference USA,Home,2021-11-20T21:00:00.000Z,True,False,38,28,W,120,114,-120.586
2021,13,401282274,UTEP,Conference USA,UAB,Conference USA,Away,2021-11-26T19:00:00.000Z,True,False,25,42,L,50,66,11.057
2021,1,401282179,UTSA,Conference USA,Illinois,Big Ten,Away,2021-09-04T23:30:00.000Z,True,False,37,30,W,79,67,9.806
2021,1,401331214,UTSA,Conference USA,San Diego State,Mountain West,Away,2021-12-22T00:30:00.000Z,True,False,24,38,L,44,50,35.336
2021,3,401282194,UTSA,Conference USA,Middle Tennessee,Conference USA,Home,2021-09-18T22:00:00.000Z,True,False,27,13,W,60,92,-54.819
2021,4,401282213,UTSA,Conference USA,Memphis,American Athletic,Away,2021-09-25T19:30:00.000Z,True,False,31,28,W,69,79,-17.425
2021,5,401282222,UTSA,Conference USA,UNLV,Mountain West,Home,2021-10-02T22:00:00.000Z,True,False,24,17,W,113,109,-96.694
2021,6,401282228,UTSA,Conference USA,Western Kentucky,Conference USA,Away,2021-10-09T23:00:00.000Z,True,False,52,46,W,12,42,43.205
2021,7,401282233,UTSA,Conference USA,Rice,Conference USA,Home,2021-10-16T22:00:00.000Z,True,False,45,0,W,120,114,-120.586
2021,8,401282237,UTSA,Conference USA,Louisiana Tech,Conference USA,Away,2021-10-23T23:00:00.000Z,True,False,45,16,W,92,107,-88.627
2021,10,401282253,UTSA,Conference USA,UTEP,Conference USA,Away,2021-11-07T02:15:00.000Z,True,False,44,23,W,74,95,-62.011
2021,11,401282260,UTSA,Conference USA,Southern Miss,Conference USA,Home,2021-11-13T20:30:00.000Z,True,False,27,17,W,116,125,-158.509
2021,12,401282267,UTSA,Conference USA,UAB,Conference USA,Home,2021-11-20T20:30:00.000Z,True,False,34,31,W,50,66,11.057
2021,13,401282273,UTSA,Conference USA,North Texas,Conference USA,Away,2021-11-27T19:00:00.000Z,True,False,23,45,L,80,98,-70.030
2021,14,401282156,UTSA,Conference USA,Western Kentucky,Conference USA,Home,2021-12-04T00:00:00.000Z,True,False,49,41,W,12,42,43.205
2021,1,401331239,Utah,Pac-12,Ohio State,Big Ten,Away,2022-01-01T22:00:00.000Z,True,False,45,48,L,2,3,182.291
2021,2,401309848,Utah,Pac-12,BYU,FBS Independents,Away,2021-09-12T02:15:00.000Z,True,False,17,26,L,42,36,66.179
2021,3,401309856,Utah,Pac-12,San Diego State,Mountain West,Away,2021-09-18T23:00:00.000Z,True,False,31,33,L,44,50,35.336
2021,4,401309861,Utah,Pac-12,Washington State,Pac-12,Home,2021-09-25T18:30:00.000Z,True,False,24,13,W,62,41,44.286
2021,6,401309871,Utah,Pac-12,USC,Pac-12,Away,2021-10-10T00:00:00.000Z,True,False,42,26,W,87,73,-8.790
2021,7,401309876,Utah,Pac-12,Arizona State,Pac-12,Home,2021-10-17T02:00:00.000Z,True,False,35,21,W,34,26,80.342
2021,8,401309880,Utah,Pac-12,Oregon State,Pac-12,Away,2021-10-23T23:30:00.000Z,True,False,34,42,L,59,40,48.169
2021,9,401309887,Utah,Pac-12,UCLA,Pac-12,Home,2021-10-31T02:00:00.000Z,True,False,44,24,W,36,30,79.342
2021,10,401309888,Utah,Pac-12,Stanford,Pac-12,Away,2021-11-06T02:30:00.000Z,True,False,52,7,W,104,83,-32.485
2021,11,401309896,Utah,Pac-12,Arizona,Pac-12,Away,2021-11-13T19:00:00.000Z,True,False,38,29,W,117,103,-81.206
2021,12,401309901,Utah,Pac-12,Oregon,Pac-12,Home,2021-11-21T00:30:00.000Z,True,False,38,7,W,56,35,68.525
2021,13,401309906,Utah,Pac-12,Colorado,Pac-12,Home,2021-11-26T21:00:00.000Z,True,False,28,13,W,105,90,-47.380
2021,14,401331159,Utah,Pac-12,Oregon,Pac-12,Home,2021-12-04T01:00:00.000Z,True,False,38,10,W,56,35,68.525
2021,1,401309840,Utah State,Mountain West,Washington State,Pac-12,Away,2021-09-05T03:00:00.000Z,True,False,26,23,W,62,41,44.286
2021,1,401331170,Utah State,Mountain West,Oregon State,Pac-12,Away,2021-12-19T00:30:00.000Z,True,False,24,13,W,59,40,48.169
2021,3,401310704,Utah State,Mountain West,Air Force,Mountain West,Away,2021-09-18T23:30:00.000Z,True,False,49,45,W,19,32,75.426
2021,4,401310706,Utah State,Mountain West,Boise State,Mountain West,Home,2021-09-25T16:00:00.000Z,True,False,3,27,L,21,29,79.805
2021,5,401309912,Utah State,Mountain West,BYU,FBS Independents,Home,2021-10-02T01:00:00.000Z,True,False,20,34,L,42,36,66.179
2021,7,401310720,Utah State,Mountain West,UNLV,Mountain West,Away,2021-10-16T23:00:00.000Z,True,False,28,24,W,113,109,-96.694
2021,8,401310725,Utah State,Mountain West,Colorado State,Mountain West,Home,2021-10-23T01:30:00.000Z,True,False,26,24,W,82,80,-27.095
2021,9,401310731,Utah State,Mountain West,Hawai'i,Mountain West,Home,2021-10-30T19:00:00.000Z,True,False,51,31,W,83,88,-39.788
2021,10,401310738,Utah State,Mountain West,New Mexico State,FBS Independents,Away,2021-11-06T20:00:00.000Z,True,False,35,13,W,123,122,-149.442
2021,11,401310744,Utah State,Mountain West,San José State,Mountain West,Away,2021-11-14T03:30:00.000Z,True,False,48,17,W,99,106,-86.919
2021,12,401310750,Utah State,Mountain West,Wyoming,Mountain West,Home,2021-11-21T01:00:00.000Z,True,False,17,44,L,58,82,-31.644
2021,13,401310755,Utah State,Mountain West,New Mexico,Mountain West,Away,2021-11-26T18:00:00.000Z,True,False,35,10,W,119,119,-138.998
2021,14,401310676,Utah State,Mountain West,San Diego State,Mountain West,Away,2021-12-04T20:00:00.000Z,True,False,46,13,W,44,50,35.336
2021,2,401282068,Vanderbilt,SEC,Colorado State,Mountain West,Away,2021-09-12T02:00:00.000Z,True,False,24,21,W,82,80,-27.095
2021,3,401282080,Vanderbilt,SEC,Stanford,Pac-12,Home,2021-09-19T00:00:00.000Z,True,False,23,41,L,104,83,-32.485
2021,4,401282088,Vanderbilt,SEC,Georgia,SEC,Home,2021-09-25T16:00:00.000Z,True,False,0,62,L,1,1,245.571
2021,5,401282096,Vanderbilt,SEC,UConn,FBS Independents,Home,2021-10-02T23:30:00.000Z,True,False,30,28,W,127,127,-166.865
2021,6,401282098,Vanderbilt,SEC,Florida,SEC,Away,2021-10-09T16:00:00.000Z,True,False,0,42,L,64,43,41.063
2021,7,401282109,Vanderbilt,SEC,South Carolina,SEC,Away,2021-10-16T20:00:00.000Z,True,False,20,21,L,89,59,22.936
2021,8,401282115,Vanderbilt,SEC,Mississippi State,SEC,Home,2021-10-23T20:00:00.000Z,True,False,6,45,L,76,49,35.501
2021,9,401282119,Vanderbilt,SEC,Missouri,SEC,Home,2021-10-30T19:00:00.000Z,True,False,28,37,L,96,76,-12.294
2021,11,401282134,Vanderbilt,SEC,Kentucky,SEC,Home,2021-11-14T00:00:00.000Z,True,False,17,34,L,11,21,96.932
2021,12,401282139,Vanderbilt,SEC,Ole Miss,SEC,Away,2021-11-21T00:30:00.000Z,True,False,17,31,L,41,22,91.562
2021,13,401282153,Vanderbilt,SEC,Tennessee,SEC,Away,2021-11-27T20:45:00.000Z,True,False,21,45,L,43,27,80.257
2021,2,401282624,Virginia,ACC,Illinois,Big Ten,Home,2021-09-11T15:00:00.000Z,True,False,42,14,W,79,67,9.806
2021,3,401282631,Virginia,ACC,North Carolina,ACC,Away,2021-09-18T23:30:00.000Z,True,False,39,59,L,65,62,17.611
2021,4,401282638,Virginia,ACC,Wake Forest,ACC,Home,2021-09-24T23:00:00.000Z,True,False,17,37,L,23,16,105.459
2021,5,401282646,Virginia,ACC,Miami,ACC,Away,2021-09-30T23:30:00.000Z,True,False,30,28,W,75,56,27.939
2021,6,401282653,Virginia,ACC,Louisville,ACC,Away,2021-10-09T19:00:00.000Z,True,False,34,33,W,51,38,57.129
2021,7,401282660,Virginia,ACC,Duke,ACC,Home,2021-10-16T16:30:00.000Z,True,False,48,0,W,121,116,-129.520
2021,8,401282667,Virginia,ACC,Georgia Tech,ACC,Home,2021-10-23T23:30:00.000Z,True,False,48,40,W,112,91,-49.172
2021,9,401282669,Virginia,ACC,BYU,FBS Independents,Away,2021-10-31T02:15:00.000Z,True,False,49,66,L,42,36,66.179
2021,11,401282688,Virginia,ACC,Notre Dame,FBS Independents,Home,2021-11-14T00:30:00.000Z,True,False,3,28,L,7,6,146.938
2021,12,401282698,Virginia,ACC,Pittsburgh,ACC,Away,2021-11-20T20:30:00.000Z,True,False,38,48,L,9,18,103.978
2021,13,401282703,Virginia,ACC,Virginia Tech,ACC,Home,2021-11-27T20:45:00.000Z,True,False,24,29,L,86,77,-14.202
2021,1,401309937,Virginia Tech,ACC,North Carolina,ACC,Home,2021-09-03T22:00:00.000Z,True,False,17,10,W,65,62,17.611
2021,1,401331226,Virginia Tech,ACC,Maryland,Big Ten,Home,2021-12-29T19:15:00.000Z,True,False,10,54,L,95,64,12.829
2021,2,401282186,Virginia Tech,ACC,Middle Tennessee,Conference USA,Home,2021-09-11T18:00:00.000Z,True,False,35,14,W,60,92,-54.819
2021,3,401282636,Virginia Tech,ACC,West Virginia,Big 12,Away,2021-09-18T16:00:00.000Z,True,False,21,27,L,90,60,22.897
2021,6,401282656,Virginia Tech,ACC,Notre Dame,FBS Independents,Home,2021-10-09T23:30:00.000Z,True,False,29,32,L,7,6,146.938
2021,7,401282661,Virginia Tech,ACC,Pittsburgh,ACC,Home,2021-10-16T19:30:00.000Z,True,False,7,28,L,9,18,103.978
2021,8,401282668,Virginia Tech,ACC,Syracuse,ACC,Home,2021-10-23T16:30:00.000Z,True,False,36,41,L,91,72,-2.248
2021,9,401282671,Virginia Tech,ACC,Georgia Tech,ACC,Away,2021-10-30T16:00:00.000Z,True,False,26,17,W,112,91,-49.172
2021,10,401282677,Virginia Tech,ACC,Boston College,ACC,Away,2021-11-05T23:30:00.000Z,True,False,3,17,L,77,70,0.706
2021,11,401282689,Virginia Tech,ACC,Duke,ACC,Home,2021-11-13T20:30:00.000Z,True,False,48,17,W,121,116,-129.520
2021,12,401282694,Virginia Tech,ACC,Miami,ACC,Away,2021-11-21T00:30:00.000Z,True,False,26,38,L,75,56,27.939
2021,13,401282703,Virginia Tech,ACC,Virginia,ACC,Away,2021-11-27T20:45:00.000Z,True,False,29,24,W,68,65,11.535
2021,1,401282608,Wake Forest,ACC,Old Dominion,Conference USA,Home,2021-09-03T23:00:00.000Z,True,False,42,10,W,84,101,-75.560
2021,1,401331233,Wake Forest,ACC,Rutgers,Big Ten,Away,2021-12-31T16:00:00.000Z,True,False,38,10,W,98,87,-37.742
2021,3,401282635,Wake Forest,ACC,Florida State,ACC,Home,2021-09-18T19:30:00.000Z,True,False,35,14,W,61,44,39.804
2021,4,401282638,Wake Forest,ACC,Virginia,ACC,Away,2021-09-24T23:00:00.000Z,True,False,37,17,W,68,65,11.535
2021,5,401282651,Wake Forest,ACC,Louisville,ACC,Home,2021-10-02T16:30:00.000Z,True,False,37,34,W,51,38,57.129
2021,6,401282655,Wake Forest,ACC,Syracuse,ACC,Away,2021-10-09T19:30:00.000Z,True,False,40,37,W,91,72,-2.248
2021,8,401282662,Wake Forest,ACC,Army,FBS Independents,Away,2021-10-23T16:00:00.000Z,True,False,70,56,W,37,47,37.254
2021,9,401282676,Wake Forest,ACC,Duke,ACC,Home,2021-10-30T20:00:00.000Z,True,False,45,7,W,121,116,-129.520
2021,10,401282682,Wake Forest,ACC,North Carolina,ACC,Away,2021-11-06T16:00:00.000Z,True,False,55,58,L,65,62,17.611
2021,11,401282690,Wake Forest,ACC,NC State,ACC,Home,2021-11-14T00:30:00.000Z,True,False,45,42,W,18,15,110.049
2021,12,401282693,Wake Forest,ACC,Clemson,ACC,Away,2021-11-20T17:00:00.000Z,True,False,27,48,L,29,17,104.296
2021,13,401282700,Wake Forest,ACC,Boston College,ACC,Away,2021-11-27T17:00:00.000Z,True,False,41,10,W,77,70,0.706
2021,14,401331163,Wake Forest,ACC,Pittsburgh,ACC,Home,2021-12-05T01:00:00.000Z,True,False,21,45,L,9,18,103.978
2021,2,401282773,Washington,Pac-12,Michigan,Big Ten,Away,2021-09-12T00:00:00.000Z,True,False,10,31,L,4,4,166.327
2021,3,401309605,Washington,Pac-12,Arkansas State,Sun Belt,Home,2021-09-18T20:15:00.000Z,True,False,52,3,W,118,124,-153.183
2021,4,401309857,Washington,Pac-12,California,Pac-12,Home,2021-09-26T01:30:00.000Z,True,False,31,24,W,63,63,16.906
2021,5,401309865,Washington,Pac-12,Oregon State,Pac-12,Away,2021-10-03T01:00:00.000Z,True,False,24,27,L,59,40,48.169
2021,7,401309874,Washington,Pac-12,UCLA,Pac-12,Home,2021-10-17T00:30:00.000Z,True,False,17,24,L,36,30,79.342
2021,8,401309877,Washington,Pac-12,Arizona,Pac-12,Away,2021-10-23T02:30:00.000Z,True,False,21,16,W,117,103,-81.206
2021,9,401309883,Washington,Pac-12,Stanford,Pac-12,Away,2021-10-31T02:30:00.000Z,True,False,20,13,W,104,83,-32.485
2021,10,401309890,Washington,Pac-12,Oregon,Pac-12,Home,2021-11-06T23:30:00.000Z,True,False,16,26,L,56,35,68.525
2021,11,401309897,Washington,Pac-12,Arizona State,Pac-12,Home,2021-11-14T00:00:00.000Z,True,False,30,35,L,34,26,80.342
2021,12,401309903,Washington,Pac-12,Colorado,Pac-12,Away,2021-11-20T20:00:00.000Z,True,False,17,20,L,105,90,-47.380
2021,13,401309905,Washington,Pac-12,Washington State,Pac-12,Home,2021-11-27T01:00:00.000Z,True,False,13,40,L,62,41,44.286
2021,1,401309840,Washington State,Pac-12,Utah State,Mountain West,Home,2021-09-05T03:00:00.000Z,True,False,23,26,L,40,53,29.505
2021,1,401331654,Washington State,Pac-12,Central Michigan,Mid-American,Away,2021-12-31T17:00:00.000Z,True,False,21,24,L,53,81,-28.448
2021,3,401309852,Washington State,Pac-12,USC,Pac-12,Home,2021-09-18T19:30:00.000Z,True,False,14,45,L,87,73,-8.790
2021,4,401309861,Washington State,Pac-12,Utah,Pac-12,Away,2021-09-25T18:30:00.000Z,True,False,13,24,L,8,5,149.855
2021,5,401309863,Washington State,Pac-12,California,Pac-12,Away,2021-10-02T21:30:00.000Z,True,False,21,6,W,63,63,16.906
2021,6,401309869,Washington State,Pac-12,Oregon State,Pac-12,Home,2021-10-09T20:00:00.000Z,True,False,31,24,W,59,40,48.169
2021,7,401309873,Washington State,Pac-12,Stanford,Pac-12,Home,2021-10-16T23:30:00.000Z,True,False,34,31,W,104,83,-32.485
2021,8,401309881,Washington State,Pac-12,BYU,FBS Independents,Home,2021-10-23T19:30:00.000Z,True,False,19,21,L,42,36,66.179
2021,9,401309885,Washington State,Pac-12,Arizona State,Pac-12,Away,2021-10-30T19:00:00.000Z,True,False,34,21,W,34,26,80.342
2021,11,401309895,Washington State,Pac-12,Oregon,Pac-12,Away,2021-11-14T03:30:00.000Z,True,False,24,38,L,56,35,68.525
2021,12,401309899,Washington State,Pac-12,Arizona,Pac-12,Home,2021-11-20T02:00:00.000Z,True,False,44,18,W,117,103,-81.206
2021,13,401309905,Washington State,Pac-12,Washington,Pac-12,Away,2021-11-27T01:00:00.000Z,True,False,40,13,W,73,78,-15.342
2021,1,401282764,West Virginia,Big 12,Maryland,Big Ten,Away,2021-09-04T19:30:00.000Z,True,False,24,30,L,95,64,12.829
2021,1,401331224,West Virginia,Big 12,Minnesota,Big Ten,Away,2021-12-29T03:15:00.000Z,True,False,6,18,L,31,24,87.694
2021,3,401282636,West Virginia,Big 12,Virginia Tech,ACC,Home,2021-09-18T16:00:00.000Z,True,False,27,21,W,86,77,-14.202
2021,4,401287908,West Virginia,Big 12,Oklahoma,Big 12,Away,2021-09-25T23:30:00.000Z,True,False,13,16,L,20,8,137.719
2021,5,401287916,West Virginia,Big 12,Texas Tech,Big 12,Home,2021-10-02T19:30:00.000Z,True,False,20,23,L,71,51,33.917
2021,6,401287917,West Virginia,Big 12,Baylor,Big 12,Away,2021-10-09T16:00:00.000Z,True,False,20,45,L,22,9,128.606
2021,8,401287927,West Virginia,Big 12,TCU,Big 12,Away,2021-10-23T23:30:00.000Z,True,False,29,17,W,107,71,-2.094
2021,9,401287933,West Virginia,Big 12,Iowa State,Big 12,Home,2021-10-30T18:00:00.000Z,True,False,38,31,W,16,12,120.288
2021,10,401287937,West Virginia,Big 12,Oklahoma State,Big 12,Home,2021-11-06T19:30:00.000Z,True,False,3,24,L,15,7,141.454
2021,11,401287939,West Virginia,Big 12,Kansas State,Big 12,Away,2021-11-13T17:00:00.000Z,True,False,17,34,L,30,13,118.470
2021,12,401287947,West Virginia,Big 12,Texas,Big 12,Home,2021-11-20T17:00:00.000Z,True,False,31,23,W,45,31,78.322
2021,13,401287950,West Virginia,Big 12,Kansas,Big 12,Away,2021-11-28T00:00:00.000Z,True,False,34,28,W,128,111,-112.099
2021,1,401331166,Western Kentucky,Conference USA,App State,Sun Belt,Away,2021-12-18T16:00:00.000Z,True,False,59,38,W,13,39,48.520
2021,2,401282193,Western Kentucky,Conference USA,Army,FBS Independents,Away,2021-09-11T15:30:00.000Z,True,False,35,38,L,37,47,37.254
2021,4,401282214,Western Kentucky,Conference USA,Indiana,Big Ten,Home,2021-09-26T00:00:00.000Z,True,False,31,33,L,124,96,-65.572
2021,5,401282223,Western Kentucky,Conference USA,Michigan State,Big Ten,Away,2021-10-02T23:30:00.000Z,True,False,31,48,L,47,19,100.181
2021,6,401282228,Western Kentucky,Conference USA,UTSA,Conference USA,Home,2021-10-09T23:00:00.000Z,True,False,46,52,L,25,58,25.656
2021,7,401282232,Western Kentucky,Conference USA,Old Dominion,Conference USA,Away,2021-10-16T19:30:00.000Z,True,False,43,20,W,84,101,-75.560
2021,8,401282236,Western Kentucky,Conference USA,Florida International,Conference USA,Away,2021-10-23T23:00:00.000Z,True,False,34,19,W,125,130,-229.363
2021,9,401282241,Western Kentucky,Conference USA,Charlotte,Conference USA,Home,2021-10-30T20:00:00.000Z,True,False,45,13,W,103,121,-144.529
2021,10,401282251,Western Kentucky,Conference USA,Middle Tennessee,Conference USA,Home,2021-11-06T19:30:00.000Z,True,False,48,21,W,60,92,-54.819
2021,11,401282259,Western Kentucky,Conference USA,Rice,Conference USA,Away,2021-11-13T19:00:00.000Z,True,False,42,21,W,120,114,-120.586
2021,12,401282263,Western Kentucky,Conference USA,Florida Atlantic,Conference USA,Home,2021-11-20T17:00:00.000Z,True,False,52,17,W,81,97,-67.947
2021,13,401282272,Western Kentucky,Conference USA,Marshall,Conference USA,Away,2021-11-27T20:30:00.000Z,True,False,53,21,W,35,68,6.158
2021,14,401282156,Western Kentucky,Conference USA,UTSA,Conference USA,Away,2021-12-04T00:00:00.000Z,True,False,41,49,L,25,58,25.656
2021,1,401282772,Western Michigan,Mid-American,Michigan,Big Ten,Away,2021-09-04T16:00:00.000Z,True,False,14,47,L,4,4,166.327
2021,1,401331219,Western Michigan,Mid-American,Nevada,Mountain West,Away,2021-12-27T16:00:00.000Z,True,False,52,24,W,39,55,28.564
2021,3,401282632,Western Michigan,Mid-American,Pittsburgh,ACC,Away,2021-09-18T16:00:00.000Z,True,False,44,41,W,9,18,103.978
2021,4,401309554,Western Michigan,Mid-American,San José State,Mountain West,Home,2021-09-25T18:00:00.000Z,True,False,23,3,W,99,106,-86.919
2021,5,401309561,Western Michigan,Mid-American,Buffalo,Mid-American,Away,2021-10-02T16:00:00.000Z,True,False,24,17,W,94,115,-128.514
2021,6,401309563,Western Michigan,Mid-American,Ball State,Mid-American,Home,2021-10-09T19:30:00.000Z,True,False,20,45,L,93,105,-86.460
2021,7,401309572,Western Michigan,Mid-American,Kent State,Mid-American,Home,2021-10-16T19:30:00.000Z,True,False,64,31,W,97,112,-115.613
2021,8,401309573,Western Michigan,Mid-American,Toledo,Mid-American,Away,2021-10-23T19:30:00.000Z,True,False,15,34,L,28,75,-11.484
2021,10,401309581,Western Michigan,Mid-American,Central Michigan,Mid-American,Home,2021-11-03T23:00:00.000Z,True,False,30,42,L,53,81,-28.448
2021,11,401309584,Western Michigan,Mid-American,Akron,Mid-American,Home,2021-11-10T00:00:00.000Z,True,False,45,40,W,129,129,-215.271
2021,12,401309588,Western Michigan,Mid-American,Eastern Michigan,Mid-American,Away,2021-11-17T00:30:00.000Z,True,False,21,22,L,72,100,-74.602
2021,13,401309594,Western Michigan,Mid-American,Northern Illinois,Mid-American,Away,2021-11-24T00:00:00.000Z,True,False,42,21,W,85,94,-57.772
2021,1,401282815,Wisconsin,Big Ten,Penn State,Big Ten,Home,2021-09-04T16:00:00.000Z,True,False,10,16,L,32,14,115.914
2021,1,401331232,Wisconsin,Big Ten,Arizona State,Pac-12,Away,2021-12-31T03:30:00.000Z,True,False,20,13,W,34,26,80.342
2021,2,401282825,Wisconsin,Big Ten,Eastern Michigan,Mid-American,Home,2021-09-11T23:00:00.000Z,True,False,34,7,W,72,100,-74.602
2021,4,401282707,Wisconsin,Big Ten,Notre Dame,FBS Independents,Home,2021-09-25T16:00:00.000Z,True,False,13,41,L,7,6,146.938
2021,5,401282776,Wisconsin,Big Ten,Michigan,Big Ten,Home,2021-10-02T16:00:00.000Z,True,False,17,38,L,4,4,166.327
2021,6,401282718,Wisconsin,Big Ten,Illinois,Big Ten,Away,2021-10-09T19:30:00.000Z,True,False,24,0,W,79,67,9.806
2021,7,401282826,Wisconsin,Big Ten,Army,FBS Independents,Home,2021-10-17T00:00:00.000Z,True,False,20,14,W,37,47,37.254
2021,8,401282821,Wisconsin,Big Ten,Purdue,Big Ten,Away,2021-10-23T19:00:00.000Z,True,False,30,13,W,33,20,97.146
2021,9,401282763,Wisconsin,Big Ten,Iowa,Big Ten,Home,2021-10-30T16:00:00.000Z,True,False,27,7,W,46,28,79.993
2021,10,401282824,Wisconsin,Big Ten,Rutgers,Big Ten,Away,2021-11-06T19:30:00.000Z,True,False,52,3,W,98,87,-37.742
2021,11,401282806,Wisconsin,Big Ten,Northwestern,Big Ten,Home,2021-11-13T17:00:00.000Z,True,False,35,7,W,114,102,-79.299
2021,12,401282803,Wisconsin,Big Ten,Nebraska,Big Ten,Home,2021-11-20T20:30:00.000Z,True,False,35,28,W,57,34,69.377
2021,13,401282794,Wisconsin,Big Ten,Minnesota,Big Ten,Away,2021-11-27T21:00:00.000Z,True,False,13,23,L,31,24,87.694
2021,1,401331213,Wyoming,Mountain West,Kent State,Mid-American,Home,2021-12-21T20:30:00.000Z,True,False,52,38,W,97,112,-115.613
2021,2,401309547,Wyoming,Mountain West,Northern Illinois,Mid-American,Away,2021-09-11T17:30:00.000Z,True,False,50,43,W,85,94,-57.772
2021,3,401309549,Wyoming,Mountain West,Ball State,Mid-American,Home,2021-09-18T20:00:00.000Z,True,False,45,12,W,93,105,-86.460
2021,4,401286190,Wyoming,Mountain West,UConn,FBS Independents,Away,2021-09-25T19:30:00.000Z,True,False,24,22,W,127,127,-166.865
2021,6,401310714,Wyoming,Mountain West,Air Force,Mountain West,Away,2021-10-09T23:00:00.000Z,True,False,14,24,L,19,32,75.426
2021,7,401310721,Wyoming,Mountain West,Fresno State,Mountain West,Home,2021-10-16T19:30:00.000Z,True,False,0,17,L,26,46,37.836
2021,8,401310726,Wyoming,Mountain West,New Mexico,Mountain West,Home,2021-10-23T19:30:00.000Z,True,False,3,14,L,119,119,-138.998
2021,9,401310732,Wyoming,Mountain West,San José State,Mountain West,Away,2021-10-30T20:00:00.000Z,True,False,21,27,L,99,106,-86.919
2021,10,401310736,Wyoming,Mountain West,Colorado State,Mountain West,Home,2021-11-06T19:30:00.000Z,True,False,31,17,W,82,80,-27.095
2021,11,401310742,Wyoming,Mountain West,Boise State,Mountain West,Away,2021-11-13T02:00:00.000Z,True,False,13,23,L,21,29,79.805
2021,12,401310750,Wyoming,Mountain West,Utah State,Mountain West,Away,2021-11-21T01:00:00.000Z,True,False,44,17,W,40,53,29.505
2021,13,401310756,Wyoming,Mountain West,Hawai'i,Mountain West,Home,2021-11-27T20:00:00.000Z,True,False,14,38,L,83,88,-39.788
