Season,Week,Rk,Team,Conference,W,L,NetRtg,AdjRtg,AdjRk,Win %,PyW %,Luck,Luck Z,Ortg,DRtg,PF,PA,ODrives,DDrives,SOS,SOS rank
2022,1,1,USC,Pac-12,1,0,606.061,169.697,4,1.000,0.846,0.154,0.465,733.333,127.273,66,14,9,11,-169.697,96
2022,1,2,Georgia,SEC,1,0,511.111,155.556,5,1.000,0.881,0.119,0.353,544.444,33.333,49,3,9,9,-155.556,95
2022,1,3,Minnesota,Big Ten,1,0,475.000,244.015,1,1.000,0.966,0.034,0.082,475.000,0.000,38,0,8,8,-105.985,82
2022,1,4,Michigan,Big Ten,1,0,451.667,145.833,7,1.000,0.857,0.143,0.430,510.000,58.333,51,7,10,12,-145.833,91
2022,1,5,Alabama,SEC,1,0,423.077,169.780,3,1.000,1.000,0.000,-0.028,423.077,0.000,55,0,13,13,-45.604,65
2022,1,6,Vanderbilt,SEC,1,0,417.949,75.519,27,1.000,0.846,0.154,0.466,484.615,66.667,63,10,13,15,-150.122,93
2022,1,7,Texas,Big 12,1,0,395.804,134.266,11,1.000,0.834,0.166,0.506,472.727,76.923,52,10,11,13,-134.266,88
2022,1,8,Tennessee,SEC,1,0,344.505,97.253,21,1.000,0.779,0.221,0.680,421.429,76.923,59,10,14,13,-97.253,77
2022,1,9,SMU,American Athletic,1,0,302.564,181.503,2,1.000,0.917,0.083,0.237,369.231,66.667,48,10,13,15,-44.138,63
2022,1,10,TCU,Big 12,1,0,292.222,146.111,6,1.000,0.820,0.180,0.548,422.222,130.000,38,13,9,10,-146.111,92
2022,1,11,Oklahoma,Big 12,1,0,290.909,58.590,32,1.000,0.651,0.349,1.091,409.091,118.182,45,13,11,11,-195.956,97
2022,1,12,Washington,Pac-12,1,0,283.333,141.667,8,1.000,0.798,0.202,0.619,450.000,166.667,45,20,10,12,-141.667,90
2022,1,13,Tulane,American Athletic,1,0,281.818,122.727,12,1.000,0.806,0.194,0.594,381.818,100.000,42,10,11,10,-122.727,87
2022,1,14,BYU,FBS Independents,1,0,279.545,135.227,10,1.000,0.787,0.213,0.657,454.545,175.000,50,21,11,12,-135.227,89
2022,1,15,James Madison,Sun Belt,1,0,267.619,101.667,17,1.000,0.805,0.195,0.597,314.286,46.667,44,7,14,15,-101.667,81
2022,1,16,Western Kentucky,Conference USA,1,0,255.495,74.603,30,1.000,0.754,0.246,0.762,376.923,121.429,49,17,13,14,-150.122,93
2022,1,17,Duke,ACC,1,0,250.000,116.667,14,1.000,0.859,0.141,0.423,250.000,0.000,30,0,12,12,-116.667,84
2022,1,18,Kentucky,SEC,1,0,240.000,120.000,13,1.000,0.787,0.213,0.656,370.000,130.000,37,13,10,10,-120.000,86
2022,1,19,Syracuse,ACC,1,0,232.222,116.111,15,1.000,0.809,0.191,0.585,310.000,77.778,31,7,10,9,-116.111,83
2022,1,20,Clemson,ACC,1,0,221.429,100.000,18,1.000,0.787,0.213,0.655,292.857,71.429,41,10,14,14,-100.000,80
2022,1,21,UCLA,Pac-12,1,0,200.000,100.000,18,1.000,0.760,0.240,0.741,321.429,121.429,45,17,14,14,-100.000,79
2022,1,22,Missouri,SEC,1,0,196.667,98.333,20,1.000,0.744,0.256,0.794,346.667,150.000,52,24,15,16,-98.333,78
2022,1,23,Mississippi State,SEC,1,0,185.256,92.628,23,1.000,0.717,0.283,0.880,376.923,191.667,49,23,13,12,-92.628,75
2022,1,24,South Carolina,SEC,1,0,175.897,87.949,24,1.000,0.753,0.247,0.764,269.231,93.333,35,14,13,15,-87.949,74
2022,1,25,Michigan State,Big Ten,1,0,169.231,84.615,25,1.000,0.743,0.257,0.796,269.231,100.000,35,13,13,13,-84.615,73
2022,1,26,Maryland,Big Ten,1,0,161.538,80.769,26,1.000,0.748,0.252,0.781,238.462,76.923,31,10,13,13,-80.769,72
2022,1,27,Arizona,Pac-12,1,0,150.000,75.000,28,1.000,0.694,0.306,0.953,316.667,166.667,38,20,12,12,-75.000,71
2022,1,28,Ole Miss,SEC,1,0,150.000,75.000,29,1.000,0.732,0.268,0.831,233.333,83.333,28,10,12,12,-75.000,70
2022,1,29,Florida Atlantic,Conference USA,1,1,136.174,92.785,22,0.500,0.670,-0.170,-0.574,352.174,216.000,81,54,23,25,-46.392,67
2022,1,30,Nevada,Mountain West,2,0,116.434,-5.985,52,1.000,0.481,0.519,1.639,234.615,118.182,61,26,26,22,-119.015,85
2022,1,31,Oregon State,Pac-12,1,0,113.333,56.667,33,1.000,0.675,0.325,1.014,226.667,113.333,34,17,15,15,-56.667,69
2022,1,32,Coastal Carolina,Sun Belt,1,0,111.111,55.556,34,1.000,0.617,0.383,1.202,422.222,311.111,38,28,9,9,-55.556,68
2022,1,33,Illinois,Big Ten,1,1,95.604,103.451,16,0.500,0.846,-0.346,-1.140,207.143,111.538,58,29,28,26,22.133,37
2022,1,34,Ohio State,Big Ten,1,0,90.909,45.455,35,1.000,0.652,0.348,1.090,190.909,100.000,21,10,11,10,-45.455,64
2022,1,35,Oklahoma State,Big 12,1,0,82.353,41.176,36,1.000,0.598,0.402,1.262,341.176,258.824,58,44,17,17,-41.176,62
2022,1,36,Pittsburgh,ACC,1,0,70.879,35.440,37,1.000,0.592,0.408,1.281,292.308,221.429,38,31,13,14,-35.440,61
2022,1,37,Arkansas,SEC,1,0,53.846,26.923,38,1.000,0.578,0.422,1.328,238.462,184.615,31,24,13,13,-26.923,60
2022,1,38,North Carolina,ACC,1,0,48.901,24.451,39,1.000,0.545,0.455,1.433,484.615,435.714,63,61,13,14,-24.451,59
2022,1,39,Houston,American Athletic,1,0,44.697,22.348,40,1.000,0.552,0.448,1.409,336.364,291.667,37,35,11,12,-22.348,58
2022,1,40,Indiana,Big Ten,1,0,34.066,137.517,9,1.000,0.832,0.168,0.511,176.923,142.857,23,20,13,14,103.451,13
2022,1,41,Penn State,Big Ten,1,0,28.571,14.286,41,1.000,0.539,0.461,1.451,250.000,221.429,35,31,14,14,-14.286,56
2022,1,42,Old Dominion,Sun Belt,1,0,27.083,13.542,42,1.000,0.550,0.450,1.417,133.333,106.250,20,17,15,16,-13.542,55
2022,1,43,Northwestern,Big Ten,1,0,21.429,10.714,43,1.000,0.531,0.469,1.477,221.429,200.000,31,28,14,14,-10.714,54
2022,1,44,LSU,SEC,0,1,20.833,10.417,44,0.000,0.526,-0.526,-1.716,287.500,266.667,23,24,8,9,-10.417,53
2022,1,45,Liberty,FBS Independents,1,0,12.500,6.250,45,1.000,0.520,0.480,1.513,181.250,168.750,29,27,16,16,-6.250,51
2022,1,46,NC State,ACC,1,0,7.692,3.846,46,1.000,0.513,0.487,1.536,161.538,153.846,21,20,13,13,-3.846,49
2022,1,47,Boston College,ACC,0,1,4.396,2.198,47,0.000,0.507,-0.507,-1.656,161.538,157.143,21,22,13,14,-2.198,48
2022,1,48,Florida,SEC,1,0,1.111,0.556,48,1.000,0.501,0.499,1.572,290.000,288.889,29,26,10,9,-0.556,47
2022,1,49,Utah,Pac-12,0,1,-1.111,-0.556,49,0.000,0.499,-0.499,-1.628,288.889,290.000,26,29,9,10,0.556,46
2022,1,50,Rutgers,Big Ten,1,0,-4.396,-2.198,50,1.000,0.493,0.507,1.600,157.143,161.538,22,21,14,13,2.198,45
2022,1,51,East Carolina,American Athletic,0,1,-7.692,-3.846,51,0.000,0.487,-0.487,-1.591,153.846,161.538,20,21,13,13,3.846,44
2022,1,52,Southern Miss,Sun Belt,0,1,-12.500,-6.250,53,0.000,0.480,-0.480,-1.569,168.750,181.250,27,29,16,16,6.250,43
2022,1,53,Florida State,ACC,1,0,-20.833,-10.417,54,1.000,0.474,0.526,1.661,266.667,287.500,24,23,9,8,10.417,41
2022,1,54,Nebraska,Big Ten,0,1,-21.429,-10.714,55,0.000,0.469,-0.469,-1.532,200.000,221.429,28,31,14,14,10.714,40
2022,1,55,Ohio,Mid-American,1,0,-23.810,68.975,31,1.000,0.710,0.290,0.903,292.857,316.667,41,38,14,12,92.785,19
2022,1,56,Virginia Tech,ACC,0,1,-27.083,-13.542,56,0.000,0.450,-0.450,-1.473,106.250,133.333,17,20,16,15,13.542,39
2022,1,57,Purdue,Big Ten,0,1,-28.571,-14.286,57,0.000,0.461,-0.461,-1.507,221.429,250.000,31,35,14,14,14.286,38
2022,1,58,UTSA,Conference USA,0,1,-44.697,-22.348,58,0.000,0.448,-0.448,-1.465,291.667,336.364,35,37,12,11,22.348,36
2022,1,59,App State,Sun Belt,0,1,-48.901,-24.451,59,0.000,0.455,-0.455,-1.488,435.714,484.615,61,63,14,13,24.451,34
2022,1,60,Cincinnati,American Athletic,0,1,-53.846,-26.923,60,0.000,0.422,-0.422,-1.383,184.615,238.462,24,31,13,13,26.923,33
2022,1,61,Tulsa,American Athletic,0,1,-54.464,-147.716,92,0.000,0.198,-0.198,-0.664,231.250,285.714,37,40,16,14,-93.252,76
2022,1,62,West Virginia,Big 12,0,1,-70.879,-35.440,61,0.000,0.408,-0.408,-1.337,221.429,292.308,31,38,14,13,35.440,32
2022,1,63,UConn,FBS Independents,0,1,-78.571,-124.176,85,0.000,0.113,-0.113,-0.389,142.857,221.429,20,31,14,14,-45.604,65
2022,1,64,Wyoming,Mountain West,1,1,-79.630,-93.252,74,0.500,0.241,0.259,0.804,170.370,250.000,46,75,27,30,-22.133,57
2022,1,65,Central Michigan,Mid-American,0,1,-82.353,-41.176,62,0.000,0.402,-0.402,-1.318,258.824,341.176,44,58,17,17,41.176,31
2022,1,66,Notre Dame,FBS Independents,0,1,-90.909,-45.455,64,0.000,0.348,-0.348,-1.146,100.000,190.909,10,21,10,11,45.455,30
2022,1,67,North Texas,Conference USA,1,1,-107.525,-44.138,63,0.500,0.362,0.138,0.414,157.692,265.217,41,61,26,23,-7.226,52
2022,1,68,Army,FBS Independents,0,1,-111.111,-55.556,66,0.000,0.383,-0.383,-1.258,311.111,422.222,28,38,9,9,55.556,29
2022,1,69,Boise State,Mountain West,0,1,-113.333,-56.667,67,0.000,0.325,-0.325,-1.069,113.333,226.667,17,34,15,15,56.667,28
2022,1,70,Texas State,Sun Belt,0,1,-126.061,-132.045,86,0.000,0.172,-0.172,-0.579,127.273,253.333,14,38,11,15,-5.985,50
2022,1,71,Troy,Sun Belt,0,1,-150.000,-75.000,68,0.000,0.268,-0.268,-0.887,83.333,233.333,10,28,12,12,75.000,27
2022,1,72,San Diego State,Mountain West,0,1,-150.000,-75.000,69,0.000,0.306,-0.306,-1.009,166.667,316.667,20,38,12,12,75.000,26
2022,1,73,Buffalo,Mid-American,0,1,-161.538,-80.769,70,0.000,0.252,-0.252,-0.837,76.923,238.462,10,31,13,13,80.769,24
2022,1,74,Utah State,Mountain West,1,1,-162.963,-45.604,65,0.500,0.384,0.116,0.343,114.815,277.778,31,75,27,27,22.802,35
2022,1,75,Western Michigan,Mid-American,0,1,-169.231,-84.615,71,0.000,0.257,-0.257,-0.852,100.000,269.231,13,35,13,13,84.615,23
2022,1,76,Georgia State,Sun Belt,0,1,-175.897,-87.949,72,0.000,0.247,-0.247,-0.820,93.333,269.231,14,35,15,13,87.949,22
2022,1,77,Memphis,American Athletic,0,1,-185.256,-92.628,73,0.000,0.283,-0.283,-0.936,191.667,376.923,23,49,12,13,92.628,21
2022,1,78,Louisiana Tech,Conference USA,0,1,-196.667,-98.333,76,0.000,0.256,-0.256,-0.849,150.000,346.667,24,52,16,15,98.333,17
2022,1,79,Bowling Green,Mid-American,0,1,-200.000,-100.000,77,0.000,0.240,-0.240,-0.797,121.429,321.429,17,45,14,14,100.000,15
2022,1,80,Georgia Tech,ACC,0,1,-221.429,-100.000,78,0.000,0.213,-0.213,-0.711,71.429,292.857,10,41,14,14,100.000,15
2022,1,81,UTEP,Conference USA,0,2,-221.645,-195.956,97,0.000,0.092,-0.092,-0.324,123.810,345.455,26,76,21,22,7.226,42
2022,1,82,Louisville,ACC,0,1,-232.222,-116.111,81,0.000,0.191,-0.191,-0.641,77.778,310.000,7,31,9,10,116.111,12
2022,1,83,Miami (OH),Mid-American,0,1,-240.000,-120.000,83,0.000,0.213,-0.213,-0.711,130.000,370.000,13,37,10,10,120.000,9
2022,1,84,Temple,American Athletic,0,1,-250.000,-116.667,82,0.000,0.141,-0.141,-0.479,0.000,250.000,0,30,12,12,116.667,11
2022,1,85,New Mexico State,FBS Independents,0,2,-257.895,-105.985,80,0.000,0.187,-0.187,-0.628,63.158,321.053,12,61,19,19,119.015,10
2022,1,86,Middle Tennessee,Conference USA,0,1,-267.619,-101.667,79,0.000,0.195,-0.195,-0.653,46.667,314.286,7,44,15,14,101.667,14
2022,1,87,Charlotte,Conference USA,0,1,-272.727,-161.760,95,0.000,0.031,-0.031,-0.127,118.182,390.909,13,43,11,11,92.785,19
2022,1,88,South Florida,American Athletic,0,1,-279.545,-135.227,88,0.000,0.213,-0.213,-0.712,175.000,454.545,21,50,12,11,135.227,6
2022,1,89,Massachusetts,FBS Independents,0,1,-281.818,-122.727,84,0.000,0.194,-0.194,-0.650,100.000,381.818,10,42,10,11,122.727,8
2022,1,90,Kent State,Mid-American,0,1,-283.333,-141.667,89,0.000,0.202,-0.202,-0.675,166.667,450.000,20,45,12,10,141.667,5
2022,1,91,Colorado,Pac-12,0,1,-292.222,-146.111,91,0.000,0.180,-0.180,-0.604,130.000,422.222,13,38,10,9,146.111,3
2022,1,92,Hawai'i,Mountain West,0,2,-337.666,-150.122,93,0.000,0.205,-0.205,-0.686,93.103,430.769,27,112,29,26,75.061,25
2022,1,93,Ball State,Mid-American,0,1,-344.505,-97.253,75,0.000,0.221,-0.221,-0.736,76.923,421.429,10,59,13,14,97.253,18
2022,1,94,UL Monroe,Sun Belt,0,1,-395.804,-134.266,87,0.000,0.166,-0.166,-0.561,76.923,472.727,10,52,13,11,134.266,7
2022,1,95,Colorado State,Mountain West,0,1,-451.667,-145.833,90,0.000,0.143,-0.143,-0.485,58.333,510.000,7,51,12,10,145.833,4
2022,1,96,Oregon,Pac-12,0,1,-511.111,-155.556,94,0.000,0.119,-0.119,-0.408,33.333,544.444,3,49,9,9,155.556,2
2022,1,97,Rice,Conference USA,0,1,-606.061,-169.697,96,0.000,0.154,-0.154,-0.521,127.273,733.333,14,66,11,9,169.697,1
2022,2,1,Georgia,SEC,1,0,511.111,155.556,14,1.000,0.878,0.122,0.386,544.444,33.333,49,3,9,9,-155.556,123
2022,2,2,Minnesota,Big Ten,1,0,475.000,192.033,9,1.000,0.878,0.122,0.387,475.000,0.000,38,0,8,8,-157.967,124
2022,2,3,Michigan,Big Ten,2,0,380.449,51.065,49,1.000,0.653,0.347,1.092,445.833,65.385,107,17,24,26,-194.769,130
2022,2,4,Toledo,Mid-American,1,0,339.744,57.498,43,1.000,0.759,0.241,0.759,423.077,83.333,55,10,13,12,-151.476,121
2022,2,5,USC,Pac-12,2,0,318.615,142.172,17,1.000,0.739,0.261,0.822,509.524,190.909,107,42,21,22,-71.086,101
2022,2,6,SMU,American Athletic,1,0,302.564,286.158,1,1.000,0.993,0.007,0.026,369.231,66.667,48,10,13,15,60.517,33
2022,2,7,TCU,Big 12,1,0,292.222,119.562,23,1.000,0.833,0.167,0.529,422.222,130.000,38,13,9,10,-172.660,126
2022,2,8,Washington,Pac-12,1,0,283.333,231.193,3,1.000,0.797,0.203,0.641,450.000,166.667,45,20,10,12,-52.140,94
2022,2,9,Tulane,American Athletic,1,0,281.818,93.978,29,1.000,0.816,0.184,0.581,381.818,100.000,42,10,11,10,-151.476,121
2022,2,10,James Madison,Sun Belt,1,0,267.619,78.922,35,1.000,0.742,0.258,0.811,314.286,46.667,44,7,14,15,-124.412,117
2022,2,11,Michigan State,Big Ten,2,0,262.566,128.251,20,1.000,0.950,0.050,0.161,310.714,48.148,87,13,28,27,-49.698,92
2022,2,12,Oklahoma,Big 12,2,0,258.333,163.245,13,1.000,0.839,0.161,0.509,325.000,66.667,78,16,24,24,-71.720,102
2022,2,13,Western Kentucky,Conference USA,1,0,255.495,75.790,37,1.000,0.672,0.328,1.031,376.923,121.429,49,17,13,14,-148.935,120
2022,2,14,Syracuse,ACC,2,0,254.091,121.038,22,1.000,0.796,0.204,0.643,359.091,105.000,79,21,22,20,-106.436,112
2022,2,15,Air Force,Mountain West,1,0,250.758,53.098,46,1.000,0.754,0.246,0.774,341.667,90.909,41,10,12,11,-172.660,126
2022,2,16,Maryland,Big Ten,2,0,249.094,42.436,52,1.000,0.572,0.428,1.344,378.261,129.167,87,31,23,24,-187.879,129
2022,2,17,Kansas State,Big 12,1,0,241.026,226.239,4,1.000,0.998,0.002,0.013,333.333,92.308,40,12,12,13,-14.786,77
2022,2,18,Alabama,SEC,2,0,236.500,192.267,8,1.000,0.969,0.031,0.103,312.500,76.000,75,19,24,25,72.832,28
2022,2,19,Clemson,ACC,1,0,221.429,100.000,27,1.000,0.784,0.216,0.681,292.857,71.429,41,10,14,14,-100.000,107
2022,2,20,Louisiana,Sun Belt,1,0,201.923,100.962,26,1.000,0.735,0.265,0.833,376.923,175.000,49,21,13,12,-100.962,109
2022,2,21,Tennessee,SEC,2,0,200.000,83.196,34,1.000,0.729,0.271,0.853,332.143,132.143,93,37,28,28,-45.485,91
2022,2,22,UCLA,Pac-12,1,0,200.000,100.000,28,1.000,0.758,0.242,0.764,321.429,121.429,45,17,14,14,-100.000,108
2022,2,23,Ohio State,Big Ten,2,0,195.290,93.577,30,1.000,0.778,0.222,0.699,286.957,91.667,66,22,23,24,-75.687,105
2022,2,24,Miami,ACC,1,0,186.364,141.856,18,1.000,0.894,0.106,0.335,250.000,63.636,30,7,12,11,-44.508,90
2022,2,25,Texas,Big 12,1,1,183.696,168.782,11,0.500,0.869,-0.369,-1.150,308.696,125.000,71,30,23,24,46.259,44
2022,2,26,Mississippi State,SEC,2,0,172.080,208.232,5,1.000,0.956,0.044,0.142,325.926,153.846,88,40,27,26,37.033,51
2022,2,27,BYU,FBS Independents,2,0,166.435,111.092,25,1.000,0.710,0.290,0.913,330.435,164.000,76,41,23,25,-55.546,97
2022,2,28,Kentucky,SEC,2,0,165.530,111.468,24,1.000,0.825,0.175,0.552,286.364,120.833,63,29,22,24,-59.722,99
2022,2,29,Wake Forest,ACC,1,0,154.762,231.467,2,1.000,0.918,0.082,0.260,321.429,166.667,45,25,14,15,76.706,24
2022,2,30,Penn State,Big Ten,2,0,153.571,194.960,7,1.000,0.981,0.019,0.063,300.000,146.429,81,41,27,28,70.235,30
2022,2,31,Ole Miss,SEC,1,0,150.000,75.000,38,1.000,0.729,0.271,0.852,233.333,83.333,28,10,12,12,-75.000,104
2022,2,32,Duke,ACC,2,0,144.000,67.406,40,1.000,0.644,0.356,1.120,244.000,100.000,61,23,25,23,-63.946,100
2022,2,33,Florida Atlantic,Conference USA,1,1,136.174,-2.109,69,0.500,0.495,0.005,0.020,352.174,216.000,81,54,23,25,-141.287,119
2022,2,34,Vanderbilt,SEC,1,1,124.631,76.706,36,0.500,0.714,-0.214,-0.666,314.286,189.655,88,55,28,29,41.266,49
2022,2,35,Nevada,Mountain West,2,0,116.434,-57.967,90,1.000,0.353,0.647,2.030,234.615,118.182,61,26,26,22,-170.998,125
2022,2,36,Coastal Carolina,Sun Belt,1,0,111.111,85.474,33,1.000,0.806,0.194,0.611,422.222,311.111,38,28,9,9,-25.637,83
2022,2,37,Illinois,Big Ten,2,1,108.315,145.199,16,0.667,0.840,-0.174,-0.539,186.364,78.049,82,32,44,41,47.654,43
2022,2,38,Oklahoma State,Big 12,2,0,106.149,51.854,47,1.000,0.627,0.373,1.171,296.774,190.625,92,61,31,32,-54.084,95
2022,2,39,Arkansas,SEC,2,0,92.308,207.560,6,1.000,0.904,0.096,0.305,300.000,207.692,75,54,25,26,112.688,12
2022,2,40,South Alabama,Sun Belt,1,0,86.813,56.314,44,1.000,0.689,0.311,0.977,271.429,184.615,38,24,14,13,-30.499,85
2022,2,41,California,Pac-12,1,0,83.333,41.667,53,1.000,0.633,0.367,1.153,200.000,116.667,20,14,10,12,-41.667,89
2022,2,42,Kansas,Big 12,1,0,80.000,29.460,55,1.000,0.543,0.457,1.435,500.000,420.000,55,42,11,10,-50.540,93
2022,2,43,Oregon State,Pac-12,2,0,67.094,88.880,31,1.000,0.726,0.274,0.863,255.556,188.462,69,49,27,26,31.834,52
2022,2,44,Auburn,SEC,1,0,58.182,29.091,56,1.000,0.587,0.413,1.297,218.182,160.000,24,16,11,10,-29.091,84
2022,2,45,East Carolina,American Athletic,1,1,56.980,127.205,21,0.500,0.794,-0.294,-0.917,218.519,161.538,59,42,27,26,72.534,29
2022,2,46,Marshall,Sun Belt,1,0,55.128,57.796,42,1.000,0.650,0.350,1.099,216.667,161.538,26,21,12,13,2.668,71
2022,2,47,Texas State,Sun Belt,1,1,53.333,-184.028,126,0.500,0.051,0.449,1.409,220.000,166.667,55,50,25,30,-223.855,131
2022,2,48,Virginia Tech,ACC,1,1,38.487,-16.912,75,0.500,0.425,0.075,0.239,141.935,103.448,44,30,31,29,-57.656,98
2022,2,49,South Carolina,SEC,1,1,35.185,71.663,39,0.500,0.657,-0.157,-0.486,250.000,214.815,65,58,26,27,51.663,40
2022,2,50,Indiana,Big Ten,1,0,34.066,179.265,10,1.000,0.961,0.039,0.126,176.923,142.857,23,20,13,14,145.199,6
2022,2,51,Washington State,Pac-12,1,0,33.333,16.667,59,1.000,0.552,0.448,1.406,188.889,155.556,17,14,9,9,-16.667,79
2022,2,52,North Carolina,ACC,2,0,31.034,-72.152,93,1.000,0.353,0.647,2.031,337.931,306.897,98,89,29,29,-112.644,114
2022,2,53,Iowa State,Big 12,1,0,29.487,14.744,62,1.000,0.563,0.437,1.374,83.333,53.846,10,7,12,13,-14.744,76
2022,2,54,Georgia Southern,Sun Belt,1,0,27.273,43.879,51,1.000,0.578,0.422,1.324,409.091,381.818,45,42,11,11,16.607,61
2022,2,55,LSU,SEC,0,1,20.833,10.417,63,0.000,0.526,-0.526,-1.641,287.500,266.667,23,24,8,9,-10.417,73
2022,2,56,Liberty,FBS Independents,2,0,20.238,-32.008,82,1.000,0.398,0.602,1.888,166.667,146.429,50,41,30,28,-54.924,96
2022,2,57,Texas Tech,Big 12,1,0,18.750,7.453,67,1.000,0.524,0.476,1.496,206.250,187.500,33,30,16,16,-11.297,74
2022,2,58,NC State,ACC,1,0,7.692,134.897,19,1.000,0.930,0.070,0.224,161.538,153.846,21,20,13,13,127.205,11
2022,2,59,Boise State,Mountain West,1,1,5.517,-24.453,77,0.500,0.408,0.092,0.294,165.517,160.000,48,48,29,30,-31.834,86
2022,2,60,Houston,American Athletic,1,1,5.291,-11.297,71,0.500,0.469,0.031,0.103,248.148,242.857,67,68,27,28,-24.270,81
2022,2,61,Missouri,SEC,1,1,0.000,-14.786,73,0.500,0.469,0.031,0.101,228.571,228.571,64,64,28,28,7.393,70
2022,2,61,Pittsburgh,ACC,1,1,0.000,20.339,58,0.500,0.557,-0.057,-0.173,232.143,232.143,65,65,28,28,16.328,62
2022,2,61,Tulsa,American Athletic,1,1,0.000,-105.968,104,0.500,0.313,0.187,0.589,277.778,277.778,75,75,27,27,-116.848,115
2022,2,64,Fresno State,Mountain West,0,1,-0.758,88.122,32,0.000,0.685,-0.685,-2.140,290.909,291.667,32,35,11,12,88.880,22
2022,2,65,Utah,Pac-12,0,1,-1.111,7.976,66,0.000,0.516,-0.516,-1.610,288.889,290.000,26,29,9,10,9.087,68
2022,2,66,Northwestern,Big Ten,1,1,-2.519,38.035,54,0.500,0.643,-0.143,-0.443,216.000,218.519,54,59,25,27,42.006,47
2022,2,67,Rutgers,Big Ten,1,0,-4.396,-129.879,112,1.000,0.124,0.876,2.747,157.143,161.538,22,21,14,13,-125.483,118
2022,2,68,Memphis,American Athletic,1,1,-8.696,22.976,57,0.500,0.545,-0.045,-0.135,260.870,269.565,60,62,23,23,12.422,66
2022,2,69,Texas A&M,SEC,0,1,-14.444,-135.497,113,0.000,0.000,-0.000,0.005,155.556,170.000,14,17,9,10,-121.053,116
2022,2,70,Arizona,Pac-12,1,1,-15.385,51.090,48,0.500,0.633,-0.133,-0.411,211.538,226.923,55,59,26,26,54.661,37
2022,2,71,Florida State,ACC,1,0,-20.833,-10.417,70,1.000,0.474,0.526,1.651,266.667,287.500,24,23,9,8,10.417,67
2022,2,72,Nebraska,Big Ten,0,2,-24.000,16.607,60,0.000,0.538,-0.538,-1.678,280.000,304.000,70,76,25,25,40.957,50
2022,2,73,App State,Sun Belt,1,1,-25.000,-121.053,108,0.500,0.312,0.188,0.592,325.000,350.000,78,77,24,22,-103.824,110
2022,2,74,Purdue,Big Ten,0,1,-28.571,166.389,12,0.000,0.796,-0.796,-2.486,221.429,250.000,31,35,14,14,194.960,3
2022,2,75,Iowa,Big Ten,0,1,-29.487,-14.744,72,0.000,0.437,-0.437,-1.364,53.846,83.333,7,10,13,12,14.744,63
2022,2,76,UAB,Conference USA,0,1,-33.333,-65.341,92,0.000,0.267,-0.267,-0.831,116.667,150.000,14,21,12,14,-32.008,87
2022,2,77,Wisconsin,Big Ten,0,1,-33.333,-16.667,74,0.000,0.448,-0.448,-1.396,155.556,188.889,14,17,9,9,16.667,60
2022,2,78,UCF,American Athletic,0,1,-35.165,-146.349,114,0.000,0.077,-0.077,-0.235,107.692,142.857,14,20,13,14,-111.184,113
2022,2,79,UTSA,Conference USA,1,1,-36.667,-55.994,89,0.500,0.390,0.110,0.348,380.000,416.667,76,75,20,18,-18.467,80
2022,2,80,Old Dominion,Sun Belt,1,1,-40.238,10.172,64,0.500,0.531,-0.031,-0.092,146.429,186.667,41,56,28,30,55.147,35
2022,2,81,Western Michigan,Mid-American,1,1,-48.433,-40.980,83,0.500,0.412,0.088,0.281,192.308,240.741,50,65,26,27,8.471,69
2022,2,82,Army,FBS Independents,0,2,-52.206,-25.637,78,0.000,0.463,-0.463,-1.445,412.500,464.706,66,79,16,17,14.740,64
2022,2,83,Cincinnati,American Athletic,0,1,-53.846,153.714,15,0.000,0.895,-0.895,-2.797,184.615,238.462,24,31,13,13,207.560,1
2022,2,84,Boston College,ACC,0,2,-54.151,-125.483,110,0.000,0.176,-0.176,-0.547,114.815,168.966,31,49,27,29,-73.395,103
2022,2,85,San José State,Mountain West,0,1,-58.182,-29.091,80,0.000,0.413,-0.413,-1.287,160.000,218.182,16,24,10,11,29.091,53
2022,2,86,Florida,SEC,1,1,-60.119,9.087,65,0.500,0.528,-0.028,-0.082,187.500,247.619,45,52,24,21,59.722,34
2022,2,87,Baylor,Big 12,0,1,-62.821,48.271,50,0.000,0.782,-0.782,-2.441,153.846,216.667,20,26,13,12,111.092,14
2022,2,88,Notre Dame,FBS Independents,0,2,-69.565,2.668,68,0.000,0.509,-0.509,-1.589,134.783,204.348,31,47,23,23,75.687,26
2022,2,89,Middle Tennessee,Conference USA,1,1,-75.862,-124.412,109,0.500,0.147,0.353,1.110,141.379,217.241,41,63,29,29,-80.840,106
2022,2,90,Northern Illinois,Mid-American,0,1,-76.224,-182.192,124,0.000,0.070,-0.070,-0.215,269.231,345.455,35,38,13,11,-105.968,111
2022,2,91,Louisville,ACC,1,1,-78.261,-111.184,105,0.500,0.183,0.317,0.997,117.391,195.652,27,45,23,23,-12.655,75
2022,2,92,Wyoming,Mountain West,1,1,-79.630,-51.504,87,0.500,0.287,0.213,0.672,170.370,250.000,46,75,27,30,19.616,59
2022,2,93,Central Michigan,Mid-American,0,2,-83.011,-30.499,81,0.000,0.431,-0.431,-1.344,226.667,309.677,68,96,30,31,54.084,38
2022,2,94,West Virginia,Big 12,0,2,-83.333,-50.540,86,0.000,0.380,-0.380,-1.184,304.167,387.500,73,93,24,24,24.899,54
2022,2,95,UNLV,Mountain West,0,1,-83.333,-41.667,84,0.000,0.367,-0.367,-1.143,116.667,200.000,14,20,12,10,41.667,48
2022,2,96,Southern Miss,Sun Belt,0,2,-84.788,-44.508,85,0.000,0.368,-0.368,-1.145,125.926,210.714,34,59,27,28,54.924,36
2022,2,97,Stanford,Pac-12,0,1,-87.121,55.051,45,0.000,0.687,-0.687,-2.146,254.545,341.667,28,41,11,12,142.172,8
2022,2,98,Georgia State,Sun Belt,0,2,-101.379,-104.235,103,0.000,0.105,-0.105,-0.324,140.000,241.379,42,70,30,29,-0.245,72
2022,2,99,North Texas,Conference USA,1,1,-107.525,60.517,41,0.500,0.669,-0.169,-0.524,157.692,265.217,41,61,26,23,97.429,19
2022,2,100,UTEP,Conference USA,1,2,-114.892,-91.301,96,0.333,0.253,0.080,0.256,139.394,254.286,46,89,33,35,21.932,56
2022,2,101,New Mexico,Mountain West,0,1,-128.095,-152.549,117,0.000,0.139,-0.139,-0.430,93.333,221.429,14,31,15,14,-24.453,82
2022,2,102,Arizona State,Pac-12,0,1,-129.524,-77.670,95,0.000,0.215,-0.215,-0.667,113.333,242.857,17,34,15,14,51.854,39
2022,2,103,Virginia,ACC,0,1,-130.000,15.199,61,0.000,0.612,-0.612,-1.911,20.000,150.000,3,24,15,16,145.199,6
2022,2,104,Troy,Sun Belt,0,1,-150.000,-75.000,94,0.000,0.271,-0.271,-0.842,83.333,233.333,10,28,12,12,75.000,27
2022,2,105,San Diego State,Mountain West,0,1,-150.000,-98.910,97,0.000,0.252,-0.252,-0.785,166.667,316.667,20,38,12,12,51.090,41
2022,2,106,Ohio,Mid-American,1,1,-153.857,-25.919,79,0.500,0.438,0.062,0.200,182.143,336.000,51,84,28,25,96.425,20
2022,2,107,Buffalo,Mid-American,0,1,-161.538,-119.102,107,0.000,0.000,-0.000,0.005,76.923,238.462,10,31,13,13,42.436,46
2022,2,108,Utah State,Mountain West,1,1,-162.963,-23.117,76,0.500,0.416,0.084,0.267,114.815,277.778,31,75,27,27,45.289,45
2022,2,109,UConn,FBS Independents,0,2,-167.846,-101.689,102,0.000,0.251,-0.251,-0.780,136.000,303.846,34,79,25,26,48.960,42
2022,2,110,New Mexico State,FBS Independents,0,3,-183.165,-157.967,120,0.000,0.044,-0.044,-0.132,78.125,261.290,25,81,32,31,14.255,65
2022,2,111,Louisiana Tech,Conference USA,0,1,-196.667,-211.453,128,0.000,0.026,-0.026,-0.078,150.000,346.667,24,52,16,15,-14.786,77
2022,2,112,Bowling Green,Mid-American,0,1,-200.000,-100.000,100,0.000,0.242,-0.242,-0.754,121.429,321.429,17,45,14,14,100.000,18
2022,2,113,Eastern Michigan,Mid-American,0,1,-201.923,-100.962,101,0.000,0.265,-0.265,-0.823,175.000,376.923,21,49,12,13,100.962,16
2022,2,114,Navy,American Athletic,0,1,-206.364,-183.388,125,0.000,0.018,-0.018,-0.052,130.000,336.364,13,37,10,11,22.976,55
2022,2,115,Ball State,Mid-American,0,2,-207.407,-111.310,106,0.000,0.176,-0.176,-0.546,148.148,355.556,40,96,27,27,21.108,57
2022,2,116,Florida International,Conference USA,0,1,-212.857,-389.742,131,0.000,0.002,-0.002,-0.002,80.000,292.857,12,41,15,14,-184.028,128
2022,2,117,Georgia Tech,ACC,0,1,-221.429,-100.000,99,0.000,0.216,-0.216,-0.671,71.429,292.857,10,41,14,14,100.000,17
2022,2,118,Miami (OH),Mid-American,0,1,-240.000,-128.532,111,0.000,0.244,-0.244,-0.760,130.000,370.000,13,37,10,10,111.468,13
2022,2,119,Kent State,Mid-American,0,2,-247.130,-52.140,88,0.000,0.208,-0.208,-0.644,92.000,339.130,23,78,25,23,197.219,2
2022,2,120,Temple,American Athletic,0,1,-250.000,-165.927,122,0.000,0.000,-0.000,0.005,0.000,250.000,0,30,12,12,67.406,32
2022,2,121,Colorado State,Mountain West,0,2,-257.870,-240.602,129,0.000,0.049,-0.049,-0.147,96.296,354.167,26,85,27,24,-36.674,88
2022,2,122,Colorado,Pac-12,0,2,-266.667,-172.660,123,0.000,0.192,-0.192,-0.595,109.524,376.190,23,79,21,21,86.330,23
2022,2,123,South Florida,American Athletic,0,1,-279.545,-159.363,121,0.000,0.132,-0.132,-0.409,175.000,454.545,21,50,12,11,111.092,14
2022,2,124,Arkansas State,Sun Belt,0,1,-289.286,-154.042,118,0.000,0.163,-0.163,-0.506,85.714,375.000,12,45,14,12,93.577,21
2022,2,125,Massachusetts,FBS Independents,0,2,-313.258,-151.476,116,0.000,0.204,-0.204,-0.634,90.909,404.167,20,97,22,24,75.738,25
2022,2,126,Charlotte,Conference USA,0,2,-316.883,-256.655,130,0.000,0.022,-0.022,-0.063,154.545,471.429,34,99,22,21,20.163,58
2022,2,127,Hawai'i,Mountain West,0,3,-333.953,-148.935,115,0.000,0.115,-0.115,-0.356,86.047,420.000,37,168,43,40,67.853,31
2022,2,128,Akron,Mid-American,0,1,-346.667,-58.416,91,0.000,0.322,-0.322,-1.001,0.000,346.667,0,52,14,15,128.251,10
2022,2,129,UL Monroe,Sun Belt,0,1,-395.804,-99.749,98,0.000,0.222,-0.222,-0.688,76.923,472.727,10,52,13,11,168.782,4
2022,2,130,Oregon,Pac-12,0,1,-511.111,-155.556,119,0.000,0.122,-0.122,-0.376,33.333,544.444,3,49,9,9,155.556,5
2022,2,131,Rice,Conference USA,0,1,-606.061,-197.222,127,0.000,0.040,-0.040,-0.119,127.273,733.333,14,66,11,9,142.172,8
2022,3,1,Minnesota,Big Ten,2,0,446.491,57.467,50,1.000,0.663,0.337,1.030,483.333,36.842,87,7,18,19,-260.714,129
2022,3,2,Georgia,SEC,2,0,435.000,391.538,3,1.000,0.999,0.001,0.009,485.000,50.000,97,10,20,20,108.710,22
2022,3,3,Michigan,Big Ten,3,0,405.059,78.296,43,1.000,0.745,0.255,0.783,448.649,43.590,166,17,37,39,-157.388,121
2022,3,4,Alabama,SEC,3,0,318.333,212.207,11,1.000,0.981,0.019,0.063,383.333,65.000,138,26,36,40,50.917,37
2022,3,5,USC,Pac-12,3,0,305.948,590.196,1,1.000,1.000,0.000,0.005,490.323,184.375,152,59,31,32,354.691,4
2022,3,6,TCU,Big 12,1,0,292.222,41.005,56,1.000,0.591,0.409,1.250,422.222,130.000,38,13,9,10,-251.218,128
2022,3,7,Tennessee,SEC,3,0,285.122,90.591,36,1.000,0.745,0.255,0.783,390.000,104.878,156,43,40,41,-74.256,98
2022,3,8,Ohio State,Big Ten,3,0,281.006,172.914,14,1.000,0.966,0.034,0.107,397.222,116.216,143,43,36,37,-11.723,65
2022,3,9,James Madison,Sun Belt,1,0,267.619,88.610,37,1.000,0.769,0.231,0.708,314.286,46.667,44,7,14,15,-114.724,110
2022,3,10,Oklahoma,Big 12,3,0,255.263,47.490,53,1.000,0.615,0.385,1.177,334.211,78.947,127,30,38,38,-175.820,123
2022,3,11,Ole Miss,SEC,2,0,250.000,-18.952,68,1.000,0.462,0.538,1.643,291.667,41.667,70,10,24,24,-210.619,125
2022,3,12,Wisconsin,Big Ten,1,1,233.333,-66.001,87,0.500,0.298,0.202,0.619,333.333,100.000,80,24,24,24,-142.668,114
2022,3,13,Clemson,ACC,2,0,214.409,-104.667,96,1.000,0.338,0.662,2.021,317.857,103.448,89,30,28,29,-309.429,131
2022,3,14,Texas,Big 12,2,1,202.941,197.835,12,0.667,0.938,-0.271,-0.820,350.000,147.059,112,50,32,34,30.968,44
2022,3,15,Syracuse,ACC,3,0,195.360,245.507,9,1.000,0.932,0.068,0.212,346.875,151.515,111,50,32,33,61.550,35
2022,3,16,Maryland,Big Ten,3,0,183.480,139.897,21,1.000,0.791,0.209,0.642,336.111,152.632,121,58,36,38,-36.540,81
2022,3,17,Washington,Pac-12,2,0,181.818,128.220,25,1.000,0.695,0.305,0.935,381.818,200.000,84,48,22,24,-59.280,88
2022,3,18,Penn State,Big Ten,3,0,180.321,169.438,16,1.000,0.946,0.054,0.169,312.821,132.500,122,53,39,40,8.510,54
2022,3,19,Kentucky,SEC,2,0,165.530,78.416,42,1.000,0.916,0.084,0.262,286.364,120.833,63,29,22,24,-92.774,104
2022,3,20,Washington State,Pac-12,2,0,161.905,-15.124,66,1.000,0.448,0.552,1.685,261.905,100.000,55,21,21,21,-148.458,118
2022,3,21,Tulane,American Athletic,2,0,158.877,72.583,46,1.000,0.631,0.369,1.129,245.833,86.957,59,20,24,23,-77.067,100
2022,3,22,Michigan State,Big Ten,2,1,154.167,42.944,55,0.667,0.707,-0.040,-0.117,287.500,133.333,115,52,40,39,-45.133,82
2022,3,23,Iowa State,Big 12,2,0,149.037,139.901,20,1.000,0.942,0.058,0.181,212.000,62.963,53,17,25,27,14.718,53
2022,3,24,Duke,ACC,2,0,144.000,-61.897,84,1.000,0.285,0.715,2.181,244.000,100.000,61,23,25,23,-193.249,124
2022,3,25,Air Force,Mountain West,1,1,126.905,-47.782,81,0.500,0.356,0.144,0.443,261.905,135.000,55,27,21,20,-143.994,115
2022,3,26,Utah,Pac-12,1,1,126.840,-47.717,80,0.500,0.351,0.149,0.459,290.476,163.636,61,36,21,22,-163.828,122
2022,3,27,SMU,American Athletic,1,1,120.635,81.883,41,0.500,0.787,-0.287,-0.870,277.778,157.143,75,44,27,28,3.403,56
2022,3,28,Baylor,Big 12,1,1,116.000,-45.069,79,0.500,0.278,0.222,0.680,248.000,132.000,62,33,25,25,-132.569,112
2022,3,29,Western Kentucky,Conference USA,1,1,114.021,73.437,45,0.500,0.667,-0.167,-0.504,292.593,178.571,79,50,27,28,-28.211,73
2022,3,30,Vanderbilt,SEC,2,1,110.256,-38.895,75,0.667,0.410,0.257,0.788,323.077,212.821,126,83,39,39,-84.340,103
2022,3,31,Illinois,Big Ten,2,1,108.315,116.576,28,0.667,0.849,-0.183,-0.551,186.364,78.049,82,32,44,41,19.030,50
2022,3,32,UCLA,Pac-12,2,0,108.000,274.563,6,1.000,0.990,0.010,0.034,308.000,200.000,77,48,25,24,184.109,13
2022,3,33,Oklahoma State,Big 12,2,0,106.149,185.772,13,1.000,0.783,0.217,0.666,296.774,190.625,92,61,31,32,79.834,30
2022,3,34,Kansas,Big 12,2,0,104.969,90.642,35,1.000,0.640,0.360,1.102,447.826,342.857,103,72,23,21,-12.994,66
2022,3,35,Coastal Carolina,Sun Belt,2,0,95.652,68.992,47,1.000,0.652,0.348,1.066,330.435,234.783,76,54,23,23,-29.421,75
2022,3,36,Arkansas,SEC,2,0,92.308,142.562,19,1.000,0.735,0.265,0.812,300.000,207.692,75,54,25,26,47.690,38
2022,3,37,Iowa,Big Ten,1,1,90.769,84.737,40,0.500,0.815,-0.315,-0.956,130.769,40.000,34,10,26,25,-4.365,59
2022,3,38,UNLV,Mountain West,1,1,89.234,67.557,49,0.500,0.637,-0.137,-0.414,313.043,223.810,72,47,23,21,-18.049,70
2022,3,39,Kansas State,Big 12,1,1,88.462,44.928,54,0.500,1.000,-0.500,-1.518,200.000,111.538,50,29,25,26,-48.662,84
2022,3,40,Mississippi State,SEC,2,1,86.829,107.041,30,0.667,0.807,-0.141,-0.423,260.000,173.171,104,71,40,41,20.771,49
2022,3,41,UCF,American Athletic,1,1,85.231,136.913,23,0.500,0.848,-0.348,-1.056,216.000,130.769,54,34,25,26,46.162,39
2022,3,42,Wake Forest,ACC,2,0,79.425,51.542,52,1.000,0.692,0.308,0.943,282.759,203.333,82,61,29,30,-29.172,74
2022,3,43,Louisiana,Sun Belt,1,1,79.348,254.750,8,0.500,1.000,-0.500,-1.518,304.348,225.000,70,54,23,24,186.288,11
2022,3,44,Miami,ACC,1,1,76.623,6.650,61,0.500,0.511,-0.011,-0.029,185.714,109.091,39,24,21,22,-59.259,87
2022,3,45,Oregon State,Pac-12,2,0,67.094,242.005,10,1.000,1.000,0.000,0.006,255.556,188.462,69,49,27,26,184.960,12
2022,3,46,Pittsburgh,ACC,2,1,60.526,68.740,48,0.667,0.709,-0.042,-0.123,260.526,200.000,99,78,38,39,-7.873,62
2022,3,47,East Carolina,American Athletic,1,1,56.980,77.854,44,0.500,0.691,-0.191,-0.576,218.519,161.538,59,42,27,26,23.184,48
2022,3,48,South Alabama,Sun Belt,1,1,54.167,259.180,7,0.500,0.896,-0.396,-1.200,287.500,233.333,69,56,24,24,206.228,7
2022,3,49,NC State,ACC,2,0,53.846,86.534,39,1.000,0.852,0.148,0.455,184.615,130.769,48,34,26,26,32.688,43
2022,3,50,LSU,SEC,1,1,52.964,171.999,15,0.500,0.917,-0.417,-1.264,234.783,181.818,54,40,23,22,119.788,20
2022,3,51,BYU,FBS Independents,2,1,48.067,13.654,59,0.667,0.528,0.139,0.427,282.353,234.286,96,82,34,35,-21.377,71
2022,3,52,Virginia Tech,ACC,1,1,38.487,-83.707,95,0.500,0.184,0.316,0.967,141.935,103.448,44,30,31,29,-124.451,111
2022,3,53,Memphis,American Athletic,2,1,37.311,-32.601,73,0.667,0.432,0.235,0.720,305.882,268.571,104,94,34,35,-84.081,102
2022,3,54,UAB,Conference USA,1,1,34.462,-43.224,78,0.500,0.000,0.500,1.528,196.000,161.538,49,42,25,26,-73.673,97
2022,3,55,North Carolina,ACC,2,0,31.034,-70.916,91,1.000,0.288,0.712,2.175,337.931,306.897,98,89,29,29,-111.408,109
2022,3,56,Indiana,Big Ten,2,0,28.836,122.754,26,1.000,0.842,0.158,0.488,207.407,178.571,56,50,27,28,95.007,26
2022,3,57,Cincinnati,American Athletic,1,1,20.934,39.092,57,0.500,0.806,-0.306,-0.928,229.630,208.696,62,48,27,23,15.301,52
2022,3,58,Texas A&M,SEC,1,1,18.158,-12.687,65,0.500,0.500,0.000,0.005,155.000,136.842,31,26,20,19,-32.738,80
2022,3,59,Florida Atlantic,Conference USA,1,2,17.375,-9.673,63,0.333,0.474,-0.140,-0.422,271.429,254.054,95,94,35,37,-30.236,77
2022,3,60,Marshall,Sun Belt,1,1,15.527,122.083,27,0.500,0.858,-0.358,-1.085,219.231,203.704,57,55,26,27,105.233,23
2022,3,61,Rutgers,Big Ten,2,0,12.500,-229.589,121,1.000,0.028,0.972,2.966,158.333,145.833,38,35,24,24,-243.755,127
2022,3,62,California,Pac-12,1,1,9.848,96.993,33,0.500,0.910,-0.410,-1.244,168.182,158.333,37,38,22,24,84.493,29
2022,3,63,Liberty,FBS Independents,2,1,9.716,-19.449,70,0.667,0.464,0.203,0.623,191.111,181.395,86,78,45,43,-32.504,78
2022,3,64,Boise State,Mountain West,1,1,5.517,94.198,34,0.500,0.725,-0.225,-0.679,165.517,160.000,48,48,29,30,86.817,28
2022,3,65,Nevada,Mountain West,2,1,4.982,-148.632,111,0.667,0.098,0.569,1.738,156.410,151.429,61,53,39,35,-154.755,119
2022,3,66,Florida State,ACC,2,0,0.379,132.534,24,1.000,0.754,0.246,0.755,245.833,245.455,59,54,24,22,136.998,16
2022,3,67,Missouri,SEC,1,1,0.000,-169.907,114,0.500,0.267,0.233,0.716,228.571,228.571,64,64,28,28,-147.727,117
2022,3,67,New Mexico,Mountain West,1,1,0.000,-68.371,89,0.500,0.224,0.276,0.846,136.667,136.667,41,41,30,30,-63.073,93
2022,3,67,Tulsa,American Athletic,1,1,0.000,-70.198,90,0.500,0.346,0.154,0.474,277.778,277.778,75,75,27,27,-81.078,101
2022,3,70,Northwestern,Big Ten,1,1,-2.519,-107.725,98,0.500,0.264,0.236,0.722,216.000,218.519,54,59,25,27,-103.754,107
2022,3,71,App State,Sun Belt,2,1,-5.376,-72.125,92,0.667,0.404,0.263,0.805,333.333,338.710,110,105,33,31,-75.455,99
2022,3,72,Arizona,Pac-12,1,1,-15.385,-77.084,94,0.500,0.307,0.193,0.594,211.538,226.923,55,59,26,26,-73.513,96
2022,3,73,Notre Dame,FBS Independents,1,2,-25.714,101.429,32,0.333,0.744,-0.411,-1.246,157.143,182.857,55,64,35,35,130.663,18
2022,3,74,Old Dominion,Sun Belt,1,2,-26.416,-40.167,77,0.333,0.376,-0.042,-0.124,141.026,167.442,55,72,39,43,-11.582,64
2022,3,75,Georgia Southern,Sun Belt,1,1,-33.877,-127.896,105,0.500,0.325,0.175,0.539,286.957,320.833,66,77,23,24,-94.417,106
2022,3,76,Texas Tech,Big 12,1,1,-34.483,-12.478,64,0.500,0.469,0.031,0.099,162.069,196.552,47,57,29,29,28.147,46
2022,3,77,Florida,SEC,2,1,-34.535,-73.588,93,0.667,0.351,0.315,0.966,223.529,258.065,76,80,34,31,-49.832,85
2022,3,78,Houston,American Athletic,1,2,-34.737,-30.240,72,0.333,0.384,-0.050,-0.149,255.263,290.000,97,116,38,40,3.536,55
2022,3,79,Army,FBS Independents,0,2,-52.206,-39.660,76,0.000,0.427,-0.427,-1.297,412.500,464.706,66,79,16,17,0.717,57
2022,3,80,Wyoming,Mountain West,2,1,-53.205,-36.770,74,0.667,0.382,0.285,0.872,175.000,228.205,63,89,36,39,-0.468,58
2022,3,81,Louisville,ACC,1,2,-53.770,101.997,31,0.333,0.860,-0.527,-1.601,156.757,210.526,58,80,37,38,171.651,14
2022,3,82,Boston College,ACC,0,2,-54.151,-208.736,119,0.000,0.048,-0.048,-0.140,114.815,168.966,31,49,27,29,-156.648,120
2022,3,83,Toledo,Mid-American,1,1,-55.692,-16.279,67,0.500,0.469,0.031,0.099,292.308,348.000,76,87,26,25,-13.074,67
2022,3,84,Texas State,Sun Belt,1,2,-55.890,-278.791,129,0.333,0.042,0.291,0.892,163.158,219.048,62,92,38,42,-226.069,126
2022,3,85,Purdue,Big Ten,0,2,-56.944,144.725,18,0.000,0.805,-0.805,-2.446,222.222,279.167,60,67,27,24,207.472,6
2022,3,86,San José State,Mountain West,0,1,-58.182,-122.078,103,0.000,0.082,-0.082,-0.245,160.000,218.182,16,24,10,11,-63.896,94
2022,3,87,Northern Illinois,Mid-American,0,2,-71.542,-125.386,104,0.000,0.223,-0.223,-0.675,273.913,345.455,63,76,23,22,-54.547,86
2022,3,88,Virginia,ACC,1,1,-72.884,-28.893,71,0.500,0.371,0.129,0.399,67.857,140.741,19,38,28,27,38.205,41
2022,3,89,Eastern Michigan,Mid-American,1,1,-75.325,87.301,38,0.500,0.618,-0.118,-0.356,242.857,318.182,51,70,21,22,138.262,15
2022,3,90,Middle Tennessee,Conference USA,1,1,-75.862,-114.724,100,0.500,0.160,0.340,1.040,141.379,217.241,41,63,29,29,-71.152,95
2022,3,91,Central Michigan,Mid-American,0,2,-83.011,137.893,22,0.000,0.940,-0.940,-2.859,226.667,309.677,68,96,30,31,222.476,5
2022,3,92,West Virginia,Big 12,0,2,-83.333,4.252,62,0.000,0.509,-0.509,-1.547,304.167,387.500,73,93,24,24,79.691,31
2022,3,93,South Carolina,SEC,1,2,-84.353,56.288,51,0.333,0.699,-0.365,-1.108,194.595,278.947,72,106,37,38,127.803,19
2022,3,94,Georgia State,Sun Belt,0,3,-84.534,-150.690,112,0.000,0.164,-0.164,-0.496,188.636,273.171,83,112,44,41,-62.316,90
2022,3,95,Southern Miss,Sun Belt,0,2,-84.788,-105.831,97,0.000,0.000,-0.000,0.005,125.926,210.714,34,59,27,28,-6.399,60
2022,3,96,Stanford,Pac-12,0,1,-87.121,503.075,2,0.000,0.979,-0.979,-2.978,254.545,341.667,28,41,11,12,590.196,1
2022,3,97,Bowling Green,Mid-American,1,1,-89.286,109.037,29,0.500,0.741,-0.241,-0.730,182.143,271.429,51,76,28,28,198.323,10
2022,3,98,Western Michigan,Mid-American,1,2,-97.297,-118.463,101,0.333,0.248,0.086,0.266,170.270,267.568,63,99,37,37,-11.556,63
2022,3,99,Auburn,SEC,1,1,-102.569,-63.896,86,0.500,0.356,0.144,0.442,156.522,259.091,36,57,23,22,23.680,47
2022,3,100,Troy,Sun Belt,0,2,-104.762,-142.761,107,0.000,0.000,-0.000,0.005,180.952,285.714,38,60,21,21,-45.539,83
2022,3,101,Nebraska,Big Ten,0,3,-105.128,-145.611,109,0.000,0.088,-0.088,-0.264,215.385,320.513,84,125,39,39,-62.710,92
2022,3,102,UTSA,Conference USA,1,2,-109.630,-67.558,88,0.333,0.389,-0.056,-0.165,320.000,429.630,96,116,30,27,42.645,40
2022,3,103,Oregon,Pac-12,1,1,-113.421,161.131,17,0.500,0.899,-0.399,-1.211,231.579,345.000,44,69,19,20,202.596,9
2022,3,104,UTEP,Conference USA,1,3,-117.714,-220.345,120,0.250,0.034,0.216,0.663,114.286,232.000,56,116,49,50,-106.046,108
2022,3,105,Arizona State,Pac-12,0,2,-119.928,21.775,58,0.000,0.817,-0.817,-2.484,158.333,278.261,38,64,24,23,136.536,17
2022,3,106,Buffalo,Mid-American,0,2,-122.222,-19.182,69,0.000,0.414,-0.414,-1.257,133.333,255.556,36,69,27,27,104.444,24
2022,3,107,Fresno State,Mountain West,0,2,-130.303,275.722,5,0.000,0.864,-0.864,-2.627,233.333,363.636,49,80,21,22,416.101,3
2022,3,108,Temple,American Athletic,0,2,-148.221,-278.773,128,0.000,0.003,-0.003,-0.004,60.870,209.091,14,46,23,22,-145.743,116
2022,3,109,Miami (OH),Mid-American,0,2,-162.500,-111.960,99,0.000,0.320,-0.320,-0.970,150.000,312.500,30,75,20,24,58.754,36
2022,3,110,Utah State,Mountain West,1,1,-162.963,6.660,60,0.500,0.522,-0.022,-0.061,114.815,277.778,31,75,27,27,75.067,32
2022,3,111,South Florida,American Athletic,0,2,-162.987,-180.194,117,0.000,0.100,-0.100,-0.300,222.727,385.714,49,81,22,21,-29.967,76
2022,3,112,North Texas,Conference USA,1,2,-166.216,-133.091,106,0.333,0.208,0.125,0.386,183.784,350.000,68,119,37,34,-23.635,72
2022,3,113,Charlotte,Conference USA,1,2,-176.471,-172.320,115,0.333,0.165,0.168,0.517,223.529,400.000,76,140,34,35,-6.822,61
2022,3,114,Ohio,Mid-American,1,2,-188.972,-55.301,83,0.333,0.372,-0.039,-0.112,145.238,334.211,61,127,42,38,99.889,25
2022,3,115,San Diego State,Mountain West,0,2,-191.667,-254.067,125,0.000,0.029,-0.029,-0.084,112.500,304.167,27,73,24,24,-62.400,91
2022,3,116,Louisiana Tech,Conference USA,0,2,-202.892,-340.382,130,0.000,0.000,-0.000,0.005,141.935,344.828,44,100,31,29,-137.287,113
2022,3,117,Navy,American Athletic,0,1,-206.364,-238.964,123,0.000,0.006,-0.006,-0.012,130.000,336.364,13,37,10,11,-32.601,79
2022,3,118,Ball State,Mid-American,0,2,-207.407,-146.353,110,0.000,0.113,-0.113,-0.339,148.148,355.556,40,96,27,27,-13.936,68
2022,3,119,Florida International,Conference USA,0,1,-212.857,-484.505,131,0.000,0.000,-0.000,0.005,80.000,292.857,12,41,15,14,-278.791,130
2022,3,120,Arkansas State,Sun Belt,0,2,-217.726,-120.319,102,0.000,0.241,-0.241,-0.730,169.231,386.957,44,89,26,23,70.157,33
2022,3,121,Kent State,Mid-American,0,2,-247.130,-161.504,113,0.000,0.012,-0.012,-0.032,92.000,339.130,23,78,25,23,87.855,27
2022,3,122,New Mexico State,FBS Independents,0,4,-251.480,-270.211,126,0.000,0.006,-0.006,-0.015,68.085,319.565,32,147,47,46,-94.378,105
2022,3,123,Rice,Conference USA,1,1,-253.547,285.276,4,0.500,0.867,-0.367,-1.113,204.348,457.895,47,87,23,19,422.473,2
2022,3,124,Colorado State,Mountain West,0,3,-257.051,-230.914,122,0.000,0.055,-0.055,-0.161,84.615,341.667,33,123,39,36,-17.184,69
2022,3,125,UConn,FBS Independents,0,3,-264.372,-62.073,85,0.000,0.299,-0.299,-0.906,89.474,353.846,34,138,38,39,110.154,21
2022,3,126,Georgia Tech,ACC,0,2,-280.769,-278.476,127,0.000,0.000,-0.000,0.005,38.462,319.231,10,83,26,26,-61.810,89
2022,3,127,Massachusetts,FBS Independents,0,2,-313.258,-199.063,118,0.000,0.000,-0.000,0.005,90.909,404.167,20,97,22,24,28.152,45
2022,3,128,Colorado,Pac-12,0,3,-319.153,-251.218,124,0.000,0.035,-0.035,-0.101,93.750,412.903,30,128,32,31,16.897,51
2022,3,129,Hawai'i,Mountain West,0,3,-333.953,-179.176,116,0.000,0.055,-0.055,-0.162,86.047,420.000,37,168,43,40,37.612,42
2022,3,130,Akron,Mid-American,0,2,-403.704,-145.155,108,0.000,0.104,-0.104,-0.310,22.222,425.926,6,115,27,27,66.768,34
2022,3,131,UL Monroe,Sun Belt,0,2,-439.286,-51.745,82,0.000,0.361,-0.361,-1.096,60.714,500.000,17,115,28,23,205.021,8
2022,4,1,Minnesota,Big Ten,3,0,396.296,239.838,2,1.000,0.939,0.061,0.324,448.148,51.852,121,14,27,27,-69.042,113
2022,4,2,Georgia,SEC,3,0,350.108,298.418,1,1.000,0.992,0.008,0.071,453.333,103.226,136,32,30,31,46.533,30
2022,4,3,Alabama,SEC,4,0,347.366,161.796,9,1.000,0.935,0.065,0.343,402.083,54.717,193,29,48,53,-17.985,80
2022,4,4,Michigan,Big Ten,4,0,320.163,80.371,36,1.000,0.765,0.235,1.159,408.163,88.000,200,44,49,50,-105.861,124
2022,4,5,Ohio State,Big Ten,4,0,275.638,173.788,6,1.000,0.872,0.128,0.647,406.250,130.612,195,64,48,49,-23.024,86
2022,4,6,Western Kentucky,Conference USA,2,1,257.095,-38.202,81,0.667,0.361,0.306,1.499,370.732,113.636,152,50,41,44,-172.634,131
2022,4,7,Tennessee,SEC,4,0,249.765,85.819,33,1.000,0.693,0.307,1.504,395.918,146.154,194,76,49,52,-68.372,112
2022,4,8,USC,Pac-12,4,0,232.614,170.470,8,1.000,0.891,0.109,0.556,402.381,169.767,169,73,42,43,-12.977,77
2022,4,9,Ole Miss,SEC,3,0,188.889,132.861,12,1.000,0.835,0.165,0.825,291.667,102.778,105,37,36,36,-17.139,79
2022,4,10,Oklahoma,Big 12,3,1,182.784,131.607,14,0.750,0.842,-0.092,-0.411,322.000,139.216,161,71,50,51,-27.862,89
2022,4,11,Washington,Pac-12,3,0,170.261,201.123,3,1.000,0.873,0.127,0.639,364.706,194.444,124,70,34,36,26.123,48
2022,4,12,Air Force,Mountain West,2,1,170.189,95.864,29,0.667,0.723,-0.057,-0.241,332.258,162.069,103,47,31,29,-54.204,109
2022,4,13,Penn State,Big Ten,4,0,166.704,125.452,16,1.000,0.828,0.172,0.856,298.077,131.373,155,67,52,51,-26.887,87
2022,4,14,Clemson,ACC,3,0,158.915,70.792,42,1.000,0.669,0.331,1.617,333.333,174.419,140,75,42,43,-80.002,116
2022,4,15,TCU,Big 12,2,0,157.143,171.952,7,1.000,0.789,0.211,1.042,380.952,223.810,80,47,21,21,5.387,62
2022,4,16,LSU,SEC,2,1,153.788,182.872,4,0.667,0.920,-0.253,-1.182,278.788,125.000,92,40,33,32,54.731,26
2022,4,17,James Madison,Sun Belt,2,0,150.739,157.847,10,1.000,0.993,0.007,0.066,271.429,120.690,76,35,28,29,41.894,34
2022,4,18,Syracuse,ACC,4,0,146.619,142.012,11,1.000,0.806,0.194,0.964,295.556,148.936,133,70,45,47,-2.549,71
2022,4,19,Utah,Pac-12,2,1,143.761,2.359,68,0.667,0.505,0.161,0.805,287.879,144.118,95,49,33,34,-133.381,129
2022,4,20,Texas,Big 12,2,2,142.688,123.115,17,0.500,0.800,-0.300,-1.407,331.818,189.130,146,87,44,46,4.215,65
2022,4,21,UCLA,Pac-12,3,0,140.497,106.805,24,1.000,0.745,0.255,1.252,321.053,180.556,122,65,38,36,-21.660,84
2022,4,22,Kentucky,SEC,3,0,131.907,82.948,35,1.000,0.779,0.221,1.093,284.848,152.941,94,52,33,34,-48.451,105
2022,4,23,Maryland,Big Ten,3,1,130.894,102.221,26,0.750,0.735,0.015,0.103,314.894,184.000,148,92,47,50,-20.637,82
2022,4,24,Mississippi State,SEC,3,1,126.161,174.665,5,0.750,0.938,-0.188,-0.869,286.538,160.377,149,85,52,53,51.629,27
2022,4,25,NC State,ACC,3,0,121.622,108.832,23,1.000,0.840,0.160,0.799,240.541,118.919,89,44,37,37,-11.914,76
2022,4,26,Iowa,Big Ten,2,1,115.390,77.167,37,0.667,0.887,-0.221,-1.028,169.444,54.054,61,20,36,37,-44.457,104
2022,4,27,San José State,Mountain West,1,1,113.636,20.883,63,0.500,0.570,-0.070,-0.305,250.000,136.364,50,30,20,22,-92.753,120
2022,4,28,UNLV,Mountain West,2,1,112.389,109.085,22,0.667,0.716,-0.050,-0.208,321.212,208.824,106,71,33,34,0.219,68
2022,4,29,South Alabama,Sun Belt,2,1,111.270,73.980,39,0.667,0.684,-0.017,-0.052,305.714,194.444,107,70,35,36,-37.584,98
2022,4,30,UCF,American Athletic,2,1,109.211,86.794,32,0.667,0.722,-0.055,-0.234,225.000,115.789,81,44,36,38,-27.747,88
2022,4,31,Illinois,Big Ten,2,1,108.315,125.950,15,0.667,0.904,-0.238,-1.109,186.364,78.049,82,32,44,41,28.405,45
2022,4,32,Oklahoma State,Big 12,2,0,106.149,-15.407,75,1.000,0.467,0.533,2.587,296.774,190.625,92,61,31,32,-121.346,126
2022,4,33,Washington State,Pac-12,2,1,103.030,85.505,34,0.667,0.715,-0.048,-0.199,300.000,196.970,96,65,32,33,-5.404,73
2022,4,34,Tulane,American Athletic,2,1,96.270,6.918,67,0.667,0.524,0.142,0.715,230.556,134.286,83,47,36,35,-84.516,118
2022,4,35,Baylor,Big 12,2,1,95.476,72.118,40,0.667,0.705,-0.038,-0.152,258.333,162.857,93,57,36,35,-0.155,70
2022,4,36,Florida State,ACC,3,0,94.286,106.748,25,1.000,0.705,0.295,1.446,294.286,200.000,103,68,35,34,21.340,52
2022,4,37,Iowa State,Big 12,2,1,93.684,88.224,31,0.667,0.743,-0.076,-0.335,220.000,126.316,77,48,35,38,18.708,56
2022,4,38,Coastal Carolina,Sun Belt,3,0,93.359,-5.019,71,1.000,0.488,0.512,2.488,316.216,222.857,117,78,37,35,-101.580,123
2022,4,39,Kansas,Big 12,3,0,86.528,119.729,19,1.000,0.709,0.291,1.428,405.882,319.355,138,99,34,31,34.577,41
2022,4,40,Duke,ACC,2,1,80.840,49.869,49,0.667,0.632,0.035,0.200,251.429,170.588,88,58,35,34,-21.638,83
2022,4,41,Michigan State,Big Ten,2,2,75.000,30.323,55,0.500,0.597,-0.097,-0.434,254.167,179.167,122,86,48,48,36.835,38
2022,4,42,Kansas State,Big 12,2,1,73.684,100.336,27,0.667,0.748,-0.082,-0.361,239.474,165.789,91,63,38,38,27.259,46
2022,4,43,SMU,American Athletic,1,2,71.842,109.366,21,0.333,0.807,-0.473,-2.239,286.842,215.000,109,86,38,40,70.683,16
2022,4,44,Wisconsin,Big Ten,1,2,69.444,13.478,65,0.333,0.541,-0.208,-0.965,280.556,211.111,101,76,36,36,40.145,36
2022,4,45,Cincinnati,American Athletic,2,1,67.572,95.997,28,0.667,0.824,-0.158,-0.726,243.182,175.610,107,72,44,41,36.345,39
2022,4,46,BYU,FBS Independents,3,1,60.870,71.007,41,0.750,0.672,0.078,0.405,291.304,230.435,134,106,46,46,20.113,54
2022,4,47,Pittsburgh,ACC,2,1,60.526,69.902,43,0.667,0.732,-0.065,-0.280,260.526,200.000,99,78,38,39,-6.711,74
2022,4,48,Arkansas,SEC,2,1,58.559,132.747,13,0.667,0.755,-0.088,-0.393,266.667,208.108,96,77,36,37,75.560,12
2022,4,49,Memphis,American Athletic,3,1,54.491,62.151,46,0.750,0.630,0.120,0.605,296.000,241.509,148,128,50,53,2.013,67
2022,4,50,California,Pac-12,2,1,54.048,110.535,20,0.667,0.855,-0.188,-0.871,245.714,191.667,86,69,35,36,62.672,20
2022,4,51,Wake Forest,ACC,2,1,40.803,43.982,51,0.667,0.595,0.071,0.373,295.349,254.545,127,112,43,44,4.458,64
2022,4,52,Oregon State,Pac-12,2,1,40.043,29.131,57,0.667,0.609,0.058,0.308,218.421,178.378,83,66,38,37,0.192,69
2022,4,53,Louisiana,Sun Belt,1,2,37.767,-99.306,102,0.333,0.113,0.221,1.091,235.135,197.368,87,75,37,38,-135.423,130
2022,4,54,UAB,Conference USA,1,1,34.462,-13.115,74,0.500,0.439,0.061,0.325,196.000,161.538,49,42,25,26,-43.563,103
2022,4,55,Louisville,ACC,2,2,31.373,46.020,50,0.500,0.717,-0.217,-1.010,194.118,162.745,99,83,51,51,48.673,29
2022,4,56,Liberty,FBS Independents,3,1,23.768,-9.898,73,0.750,0.470,0.280,1.377,184.483,160.714,107,90,58,56,-36.997,97
2022,4,57,East Carolina,American Athletic,1,2,22.009,29.254,56,0.333,0.579,-0.245,-1.146,202.564,180.556,79,65,39,36,13.918,57
2022,4,58,Texas A&M,SEC,2,1,17.527,93.875,30,0.667,0.940,-0.273,-1.280,174.194,156.667,54,47,31,30,74.447,13
2022,4,59,West Virginia,Big 12,1,2,17.479,58.724,47,0.333,0.618,-0.284,-1.334,311.765,294.286,106,103,34,35,29.320,44
2022,4,60,South Carolina,SEC,2,2,9.524,36.808,53,0.500,0.605,-0.105,-0.472,266.667,257.143,128,126,48,49,26.808,47
2022,4,61,Notre Dame,FBS Independents,2,2,8.511,77.069,38,0.500,0.722,-0.222,-1.032,212.766,204.255,100,96,47,47,71.912,14
2022,4,62,Florida Atlantic,Conference USA,1,3,8.467,-27.593,79,0.250,0.422,-0.172,-0.794,257.447,248.980,121,122,47,49,-38.849,99
2022,4,63,Georgia Southern,Sun Belt,2,1,8.403,-77.229,94,0.667,0.355,0.311,1.524,294.118,285.714,100,100,34,35,-88.243,119
2022,4,64,Miami,ACC,1,2,2.778,27.106,59,0.333,0.576,-0.242,-1.131,194.444,191.667,70,69,36,36,21.421,51
2022,4,65,Houston,American Athletic,2,2,-2.083,-4.862,70,0.500,0.484,0.016,0.108,272.917,275.000,131,143,48,52,-8.280,75
2022,4,66,Missouri,SEC,1,2,-7.317,-56.750,91,0.333,0.322,0.012,0.087,190.244,197.561,78,81,41,41,-34.271,95
2022,4,67,Old Dominion,Sun Belt,2,2,-7.427,-41.265,86,0.500,0.373,0.127,0.640,161.538,168.966,84,98,52,58,-32.262,92
2022,4,68,North Carolina,ACC,2,1,-9.756,-6.006,72,0.667,0.488,0.179,0.890,317.073,326.829,130,134,41,41,3.110,66
2022,4,69,App State,Sun Belt,2,2,-10.827,63.489,45,0.500,0.613,-0.113,-0.511,293.617,304.444,138,137,47,45,68.135,18
2022,4,70,Northwestern,Big Ten,1,2,-11.053,-39.597,82,0.333,0.345,-0.012,-0.024,178.947,190.000,68,76,38,40,-29.257,90
2022,4,71,Temple,American Athletic,1,2,-11.111,-145.046,118,0.333,0.012,0.322,1.574,116.667,127.778,42,46,36,36,-128.154,128
2022,4,72,Marshall,Sun Belt,1,2,-13.397,9.331,66,0.333,0.531,-0.198,-0.919,164.103,177.500,64,71,39,40,21.174,53
2022,4,73,Middle Tennessee,Conference USA,2,1,-13.636,20.300,64,0.667,0.551,0.115,0.585,200.000,213.636,86,94,43,44,11.094,58
2022,4,74,Texas Tech,Big 12,2,1,-17.073,56.945,48,0.667,0.645,0.022,0.137,204.878,221.951,84,91,41,41,75.695,10
2022,4,75,Tulsa,American Athletic,1,2,-20.513,23.430,61,0.333,0.558,-0.225,-1.047,261.538,282.051,102,110,39,39,38.399,37
2022,4,76,Vanderbilt,SEC,2,2,-22.511,-47.519,88,0.500,0.339,0.161,0.804,248.077,270.588,129,138,52,51,-22.788,85
2022,4,77,Purdue,Big Ten,1,2,-32.692,43.681,52,0.333,0.614,-0.280,-1.314,225.641,258.333,88,93,39,36,79.957,8
2022,4,78,Virginia Tech,ACC,1,2,-32.967,-101.672,105,0.333,0.147,0.186,0.925,128.571,161.538,54,63,42,39,-49.137,106
2022,4,79,Indiana,Big Ten,2,1,-33.333,35.956,54,0.667,0.587,0.079,0.412,177.778,211.111,80,95,45,45,61.248,25
2022,4,80,Troy,Sun Belt,1,2,-38.235,26.822,60,0.333,0.600,-0.267,-1.249,158.824,197.059,54,67,34,34,68.560,17
2022,4,81,Toledo,Mid-American,1,2,-41.667,-103.968,107,0.333,0.221,0.113,0.572,225.000,266.667,90,104,40,39,-94.689,121
2022,4,82,Boise State,Mountain West,1,2,-43.590,-129.316,113,0.333,0.183,0.151,0.755,148.718,192.308,58,75,39,39,-67.570,111
2022,4,83,Rutgers,Big Ten,2,1,-49.020,-130.362,114,0.667,0.218,0.449,2.186,133.333,182.353,48,62,36,34,-77.583,115
2022,4,84,Arizona,Pac-12,1,2,-50.607,1.861,69,0.333,0.504,-0.170,-0.786,226.316,276.923,86,108,38,39,43.772,33
2022,4,85,Southern Miss,Sun Belt,1,2,-51.090,-49.912,90,0.333,0.348,-0.015,-0.039,156.410,207.500,61,83,39,40,8.042,60
2022,4,86,Buffalo,Mid-American,1,2,-51.462,-79.579,97,0.333,0.244,0.089,0.460,226.316,277.778,86,100,38,36,-33.862,94
2022,4,87,Army,FBS Independents,0,2,-52.206,-93.935,100,0.000,0.343,-0.343,-1.616,412.500,464.706,66,79,16,17,-53.558,108
2022,4,88,Florida,SEC,2,2,-52.778,-40.807,85,0.500,0.402,0.098,0.500,242.222,295.000,109,118,45,40,7.566,61
2022,4,89,Auburn,SEC,2,1,-55.635,-20.829,77,0.667,0.435,0.231,1.141,147.222,202.857,53,71,36,35,29.862,42
2022,4,90,Nevada,Mountain West,2,2,-55.694,-91.233,98,0.500,0.278,0.222,1.097,168.750,224.444,81,101,48,45,-31.381,91
2022,4,91,Texas State,Sun Belt,1,2,-55.890,-159.696,121,0.333,0.097,0.236,1.164,163.158,219.048,62,92,38,42,-106.974,125
2022,4,92,Virginia,ACC,1,2,-57.143,22.043,62,0.333,0.597,-0.264,-1.235,92.857,150.000,39,60,42,40,75.566,11
2022,4,93,Northern Illinois,Mid-American,0,3,-63.636,-44.879,87,0.000,0.411,-0.411,-1.940,260.606,324.242,86,107,33,33,19.620,55
2022,4,94,Wyoming,Mountain West,2,2,-63.913,27.215,58,0.500,0.582,-0.082,-0.364,185.106,249.020,87,127,47,51,79.063,9
2022,4,95,UTEP,Conference USA,2,3,-66.897,-114.622,109,0.400,0.195,0.205,1.016,143.103,210.000,83,126,58,60,-63.182,110
2022,4,96,Navy,American Athletic,1,1,-67.826,-25.813,78,0.500,0.408,0.092,0.471,180.000,247.826,36,57,20,23,45.703,32
2022,4,97,Oregon,Pac-12,2,1,-70.968,121.980,18,0.667,0.755,-0.088,-0.390,283.871,354.839,88,110,31,31,151.644,4
2022,4,98,Georgia State,Sun Belt,0,4,-87.110,-131.226,115,0.000,0.139,-0.139,-0.637,191.071,278.182,107,153,56,55,-41.731,101
2022,4,99,Eastern Michigan,Mid-American,1,2,-90.303,-198.787,127,0.333,0.218,0.115,0.582,273.333,363.636,82,120,30,33,-128.113,127
2022,4,100,Central Michigan,Mid-American,0,3,-93.182,-37.238,80,0.000,0.392,-0.392,-1.848,200.000,293.182,82,129,41,44,61.342,24
2022,4,101,New Mexico,Mountain West,1,2,-95.000,-117.221,110,0.333,0.111,0.222,1.098,102.500,197.500,41,79,40,40,-20.355,81
2022,4,102,Miami (OH),Mid-American,1,2,-98.116,-59.668,92,0.333,0.357,-0.024,-0.084,142.424,240.541,47,89,33,37,46.449,31
2022,4,103,Nebraska,Big Ten,0,3,-105.128,-77.973,95,0.000,0.320,-0.320,-1.503,215.385,320.513,84,125,39,39,4.927,63
2022,4,104,UTSA,Conference USA,1,2,-109.630,-102.097,106,0.333,0.324,0.010,0.078,320.000,429.630,96,116,30,27,8.106,59
2022,4,105,San Diego State,Mountain West,1,2,-113.158,-153.884,120,0.333,0.032,0.302,1.479,115.789,228.947,44,87,38,38,-33.249,93
2022,4,106,Boston College,ACC,0,3,-117.115,-164.871,123,0.000,0.052,-0.052,-0.220,115.385,232.500,45,93,39,40,-41.762,102
2022,4,107,Stanford,Pac-12,0,2,-120.109,67.236,44,0.000,0.661,-0.661,-3.138,217.391,337.500,50,81,23,24,185.797,2
2022,4,108,Fresno State,Mountain West,0,2,-130.303,-40.578,84,0.000,0.424,-0.424,-2.002,233.333,363.636,49,80,21,22,99.800,5
2022,4,109,Arizona State,Pac-12,0,3,-138.333,-205.453,128,0.000,0.001,-0.001,0.025,141.667,280.000,51,98,36,35,-70.612,114
2022,4,110,Western Michigan,Mid-American,1,3,-139.229,-164.676,122,0.250,0.158,0.092,0.474,143.750,282.979,69,133,48,47,-13.133,78
2022,4,111,Bowling Green,Mid-American,1,2,-140.000,-40.368,83,0.333,0.398,-0.065,-0.278,162.500,302.500,65,121,40,40,96.934,6
2022,4,112,North Texas,Conference USA,1,3,-140.545,-62.125,93,0.250,0.329,-0.079,-0.346,185.455,326.000,102,163,55,50,41.495,35
2022,4,113,Arkansas State,Sun Belt,0,3,-157.046,-78.674,96,0.000,0.291,-0.291,-1.367,170.732,327.778,70,118,41,36,64.891,19
2022,4,114,Utah State,Mountain West,1,2,-157.095,-47.753,89,0.333,0.338,-0.005,0.008,137.500,294.595,55,109,40,37,49.646,28
2022,4,115,New Mexico State,FBS Independents,1,4,-168.421,-138.858,116,0.200,0.110,0.090,0.464,135.088,303.509,77,173,57,57,-40.918,100
2022,4,116,Ball State,Mid-American,0,3,-176.316,-173.641,124,0.000,0.051,-0.051,-0.215,165.789,342.105,63,130,38,38,-52.029,107
2022,4,117,Ohio,Mid-American,1,2,-188.972,-93.162,99,0.333,0.264,0.069,0.363,145.238,334.211,61,127,42,38,62.028,22
2022,4,118,South Florida,American Athletic,0,3,-200.000,-140.862,117,0.000,0.192,-0.192,-0.888,148.571,348.571,52,122,35,35,25.407,49
2022,4,119,Rice,Conference USA,1,2,-205.813,-107.697,108,0.333,0.297,0.036,0.204,211.429,417.241,74,121,35,29,22.101,50
2022,4,120,Louisiana Tech,Conference USA,0,3,-210.116,-182.319,125,0.000,0.110,-0.110,-0.496,134.884,345.000,58,138,43,40,29.341,43
2022,4,121,Charlotte,Conference USA,1,3,-212.754,-192.708,126,0.250,0.163,0.087,0.450,213.333,426.087,96,196,45,46,-4.948,72
2022,4,122,Kent State,Mid-American,0,3,-229.545,-19.190,76,0.000,0.450,-0.450,-2.127,125.000,354.545,45,117,36,33,210.383,1
2022,4,123,Georgia Tech,ACC,0,3,-244.666,-101.669,104,0.000,0.128,-0.128,-0.584,52.632,297.297,20,110,38,37,96.815,7
2022,4,124,Colorado State,Mountain West,0,3,-257.051,-151.671,119,0.000,0.107,-0.107,-0.482,84.615,341.667,33,123,39,36,62.059,21
2022,4,125,UL Monroe,Sun Belt,1,2,-266.281,-99.785,103,0.333,0.238,0.095,0.488,90.476,356.757,38,132,42,37,61.869,23
2022,4,126,UConn,FBS Independents,0,4,-268.204,-121.942,111,0.000,0.185,-0.185,-0.857,89.796,358.000,44,179,49,50,70.866,15
2022,4,127,Massachusetts,FBS Independents,0,3,-282.282,-303.970,131,0.000,0.018,-0.018,-0.055,55.556,337.838,20,125,36,37,-80.699,117
2022,4,128,Colorado,Pac-12,0,4,-286.364,-98.593,101,0.000,0.201,-0.201,-0.932,106.818,393.182,47,173,44,44,153.615,3
2022,4,129,Akron,Mid-American,0,3,-295.000,-128.944,112,0.000,0.058,-0.058,-0.248,45.000,340.000,18,136,40,40,35.415,40
2022,4,130,Hawai'i,Mountain West,0,4,-309.333,-252.053,129,0.000,0.080,-0.080,-0.352,116.667,426.000,63,213,54,50,-36.052,96
2022,4,131,Florida International,Conference USA,0,2,-368.433,-301.806,130,0.000,0.003,-0.003,0.018,38.710,407.143,12,114,31,28,-98.949,122
2022,5,1,Alabama,SEC,5,0,303.245,181.262,4,1.000,0.959,0.041,0.257,384.127,80.882,242,55,63,68,6.770,61
2022,5,2,Ohio State,Big Ten,5,0,294.204,184.604,3,1.000,0.899,0.101,0.588,413.559,119.355,244,74,59,62,-26.551,91
2022,5,3,Michigan,Big Ten,5,0,288.079,100.127,23,1.000,0.768,0.232,1.318,384.746,96.667,227,58,59,60,-74.859,123
2022,5,4,Georgia,SEC,4,0,257.143,211.311,2,1.000,0.939,0.061,0.367,385.714,128.571,162,54,42,42,18.230,52
2022,5,5,Tennessee,SEC,4,0,249.765,98.955,24,1.000,0.740,0.260,1.472,395.918,146.154,194,76,49,52,-55.236,112
2022,5,6,Minnesota,Big Ten,3,1,242.500,147.261,9,0.750,0.871,-0.121,-0.647,327.500,85.000,131,34,40,40,-65.169,119
2022,5,7,USC,Pac-12,5,0,225.264,109.877,20,1.000,0.731,0.269,1.526,413.725,188.462,211,98,51,52,-74.658,122
2022,5,8,Western Kentucky,Conference USA,2,2,194.231,-24.707,79,0.500,0.432,0.068,0.407,344.231,150.000,179,84,52,56,-116.062,130
2022,5,9,TCU,Big 12,3,0,172.973,213.747,1,1.000,0.873,0.127,0.735,364.865,191.892,135,71,37,37,44.370,28
2022,5,10,Utah,Pac-12,3,1,170.059,78.476,35,0.750,0.692,0.058,0.350,311.364,141.304,137,65,44,46,-85.451,126
2022,5,11,James Madison,Sun Belt,3,0,163.101,83.481,29,1.000,0.802,0.198,1.131,269.767,106.667,116,48,43,45,-55.627,113
2022,5,12,Ole Miss,SEC,4,0,151.064,127.405,14,1.000,0.839,0.161,0.925,270.213,119.149,127,56,47,47,8.087,58
2022,5,13,Syracuse,ACC,4,0,146.619,133.924,12,1.000,0.787,0.213,1.216,295.556,148.936,133,70,45,47,-10.637,78
2022,5,14,Texas,Big 12,3,2,146.195,147.843,8,0.600,0.844,-0.244,-1.328,340.741,194.545,184,107,54,55,21.167,49
2022,5,15,Clemson,ACC,4,0,144.829,140.660,11,1.000,0.802,0.198,1.129,320.755,175.926,170,95,53,54,4.838,62
2022,5,16,Penn State,Big Ten,5,0,142.870,133.076,13,1.000,0.845,0.155,0.893,256.716,113.846,172,74,67,65,-1.462,69
2022,5,17,Air Force,Mountain West,3,1,136.773,50.723,49,0.750,0.633,0.117,0.678,282.927,146.154,116,57,41,39,-69.327,121
2022,5,18,Mississippi State,SEC,4,1,135.482,176.983,5,0.800,0.898,-0.098,-0.517,303.175,167.692,191,109,63,65,42.191,30
2022,5,19,Maryland,Big Ten,4,1,134.886,125.401,16,0.800,0.804,-0.004,0.003,307.018,172.131,175,105,57,61,-3.249,70
2022,5,20,UCLA,Pac-12,4,0,126.630,109.504,21,1.000,0.756,0.244,1.384,337.500,210.870,162,97,48,46,-6.845,73
2022,5,21,Illinois,Big Ten,3,1,126.374,110.039,19,0.750,0.837,-0.087,-0.458,207.143,80.769,116,42,56,52,-11.226,79
2022,5,22,San José State,Mountain West,2,1,120.087,83.284,30,0.667,0.738,-0.071,-0.367,251.515,131.429,83,46,33,35,-36.063,102
2022,5,23,LSU,SEC,3,1,118.986,158.356,6,0.750,0.886,-0.136,-0.730,245.652,126.667,113,57,46,45,54.558,19
2022,5,24,Washington,Pac-12,3,1,115.415,115.031,18,0.750,0.719,0.031,0.199,354.545,239.130,156,110,44,46,3.781,63
2022,5,25,Washington State,Pac-12,3,1,111.111,93.904,27,0.750,0.741,0.009,0.080,275.556,164.444,124,74,45,45,-9.374,76
2022,5,26,UNLV,Mountain West,3,1,110.827,81.144,33,0.750,0.671,0.079,0.466,304.444,193.617,137,91,45,47,-26.627,92
2022,5,27,UCF,American Athletic,2,1,109.211,82.607,32,0.667,0.733,-0.066,-0.340,225.000,115.789,81,44,36,38,-31.934,98
2022,5,28,Oklahoma State,Big 12,3,0,106.563,57.090,46,1.000,0.643,0.357,2.014,297.674,191.111,128,86,43,45,-49.433,110
2022,5,29,Duke,ACC,3,1,99.494,103.399,22,0.750,0.717,0.033,0.212,273.913,174.419,126,75,46,43,10.627,55
2022,5,30,Kentucky,SEC,3,1,92.374,80.013,34,0.750,0.755,-0.005,0.003,256.818,164.444,113,74,44,45,-11.718,80
2022,5,31,Oklahoma,Big 12,3,2,92.243,125.690,15,0.600,0.831,-0.231,-1.256,280.303,188.060,185,126,66,67,33.114,35
2022,5,32,South Alabama,Sun Belt,3,1,88.963,59.838,45,0.750,0.655,0.095,0.558,270.213,181.250,127,87,47,48,-30.085,95
2022,5,33,Tulane,American Athletic,3,1,82.979,51.000,48,0.750,0.651,0.099,0.578,234.043,151.064,110,71,47,47,-28.939,94
2022,5,34,Kansas State,Big 12,3,1,74.456,148.412,7,0.750,0.851,-0.101,-0.536,246.154,171.698,128,91,52,53,74.199,11
2022,5,35,Cincinnati,American Athletic,3,1,74.206,68.609,41,0.750,0.712,0.038,0.238,246.429,172.222,138,93,56,54,-0.329,67
2022,5,36,NC State,ACC,3,1,72.917,94.586,26,0.750,0.787,-0.037,-0.177,227.083,154.167,109,74,48,48,26.754,41
2022,5,37,Coastal Carolina,Sun Belt,4,0,72.213,-6.578,68,1.000,0.483,0.517,2.903,302.000,229.787,151,108,50,47,-81.883,124
2022,5,38,SMU,American Athletic,1,2,71.842,141.867,10,0.333,0.845,-0.512,-2.819,286.842,215.000,109,86,38,40,103.184,4
2022,5,39,Kansas,Big 12,4,0,69.485,120.866,17,1.000,0.752,0.248,1.406,337.778,268.293,152,110,45,41,52.684,22
2022,5,40,Memphis,American Athletic,4,1,69.093,77.479,37,0.800,0.677,0.123,0.713,264.615,195.522,172,131,65,67,1.654,65
2022,5,41,Iowa State,Big 12,2,2,69.025,70.392,39,0.500,0.761,-0.261,-1.424,195.556,126.531,88,62,45,49,22.573,48
2022,5,42,BYU,FBS Independents,4,1,67.797,40.660,51,0.800,0.600,0.200,1.141,291.525,223.729,172,132,59,59,-18.517,84
2022,5,43,Iowa,Big Ten,2,2,63.043,44.789,50,0.500,0.671,-0.171,-0.922,163.043,100.000,75,47,46,47,-13.929,82
2022,5,44,East Carolina,American Athletic,2,2,51.147,17.066,57,0.500,0.543,-0.043,-0.211,249.020,197.872,127,93,51,47,-30.800,96
2022,5,45,North Carolina,ACC,3,1,50.943,15.694,58,0.750,0.531,0.219,1.248,322.642,271.698,171,144,53,53,-35.802,101
2022,5,46,Wake Forest,ACC,3,1,50.774,97.252,25,0.750,0.720,0.030,0.193,292.593,241.818,158,133,54,55,44.881,27
2022,5,47,Florida State,ACC,3,1,49.565,70.516,38,0.750,0.668,0.082,0.487,269.565,220.000,124,99,46,45,29.188,39
2022,5,48,Baylor,Big 12,2,2,42.944,34.431,53,0.500,0.596,-0.096,-0.507,240.816,197.872,118,93,49,47,7.150,60
2022,5,49,Liberty,FBS Independents,4,1,36.171,10.347,61,0.800,0.532,0.268,1.521,201.389,165.217,145,114,72,69,-28.696,93
2022,5,50,Pittsburgh,ACC,2,2,34.543,28.665,55,0.500,0.590,-0.090,-0.473,230.769,196.226,120,104,52,53,-19.866,86
2022,5,51,Michigan State,Big Ten,2,3,33.986,-10.912,72,0.400,0.464,-0.064,-0.329,228.814,194.828,135,113,59,58,24.661,44
2022,5,52,Louisville,ACC,2,3,26.250,-0.624,65,0.400,0.498,-0.098,-0.515,206.250,180.000,132,117,64,65,-0.700,68
2022,5,53,Louisiana,Sun Belt,1,3,22.245,-45.277,88,0.250,0.329,-0.079,-0.411,212.245,190.000,104,95,49,50,-66.115,120
2022,5,54,South Carolina,SEC,2,2,9.524,5.329,64,0.500,0.515,-0.015,-0.055,266.667,257.143,128,126,48,49,-4.671,72
2022,5,55,Toledo,Mid-American,2,2,8.735,-32.988,81,0.500,0.405,0.095,0.558,237.037,228.302,128,121,54,53,-63.528,117
2022,5,56,Notre Dame,FBS Independents,2,2,8.511,69.031,40,0.500,0.696,-0.196,-1.061,212.766,204.255,100,96,47,47,63.874,16
2022,5,57,UAB,Conference USA,1,2,8.333,-33.347,82,0.333,0.377,-0.044,-0.215,202.778,194.444,73,70,36,36,-33.040,99
2022,5,58,Wisconsin,Big Ten,1,3,7.004,-20.565,77,0.250,0.440,-0.190,-1.030,236.170,229.167,111,110,47,48,47.541,24
2022,5,59,California,Pac-12,2,2,4.168,63.386,43,0.500,0.726,-0.226,-1.231,202.128,197.959,95,97,47,49,62.585,17
2022,5,60,Georgia Southern,Sun Belt,2,2,3.442,-38.932,83,0.500,0.415,0.085,0.500,282.609,279.167,130,134,46,48,-44.307,108
2022,5,61,Miami,ACC,1,2,2.778,-16.077,75,0.333,0.452,-0.118,-0.631,194.444,191.667,70,69,36,36,-21.763,87
2022,5,62,Boise State,Mountain West,2,2,2.667,-100.331,105,0.500,0.254,0.246,1.396,186.000,183.333,93,88,50,48,-97.456,128
2022,5,63,Arizona,Pac-12,2,2,2.041,6.260,63,0.500,0.513,-0.013,-0.046,263.265,261.224,129,128,49,49,-10.034,77
2022,5,64,Purdue,Big Ten,2,2,-2.512,83.070,31,0.500,0.733,-0.233,-1.270,207.692,210.204,108,103,52,49,91.046,7
2022,5,65,Arkansas,SEC,2,2,-3.092,77.522,36,0.500,0.670,-0.170,-0.917,239.216,242.308,122,126,51,52,72.965,13
2022,5,66,Missouri,SEC,1,3,-9.579,52.321,47,0.250,0.654,-0.404,-2.217,192.308,201.887,100,107,52,53,73.346,12
2022,5,67,App State,Sun Belt,2,2,-10.827,31.745,54,0.500,0.565,-0.065,-0.336,293.617,304.444,138,137,47,45,36.391,33
2022,5,68,Houston,American Athletic,2,3,-11.508,14.177,60,0.400,0.539,-0.139,-0.745,258.333,269.841,155,170,60,63,20.533,50
2022,5,69,Marshall,Sun Belt,1,2,-13.397,-8.190,69,0.333,0.468,-0.135,-0.723,164.103,177.500,64,71,39,40,3.654,64
2022,5,70,Oregon,Pac-12,3,1,-15.314,88.430,28,0.750,0.693,0.057,0.343,289.130,304.444,133,137,46,45,83.892,10
2022,5,71,Troy,Sun Belt,2,2,-17.585,9.730,62,0.500,0.529,-0.029,-0.133,191.304,208.889,88,94,46,45,31.563,37
2022,5,72,West Virginia,Big 12,1,3,-20.310,22.769,56,0.250,0.544,-0.294,-1.607,293.023,313.333,126,141,43,45,40.161,31
2022,5,73,Florida Atlantic,Conference USA,1,4,-20.817,-50.077,92,0.200,0.368,-0.168,-0.904,244.262,265.079,149,167,61,63,-34.796,100
2022,5,74,Vanderbilt,SEC,2,2,-22.511,-41.997,84,0.500,0.368,0.132,0.763,248.077,270.588,129,138,52,51,-17.266,83
2022,5,75,Old Dominion,Sun Belt,2,3,-22.735,-56.219,93,0.400,0.334,0.066,0.397,166.154,188.889,108,136,65,72,-31.654,97
2022,5,76,Northwestern,Big Ten,1,3,-24.860,15.547,59,0.250,0.572,-0.322,-1.762,144.231,169.091,75,93,52,55,39.135,32
2022,5,77,Buffalo,Mid-American,2,2,-24.898,-47.063,89,0.500,0.362,0.138,0.797,220.000,244.898,110,120,50,49,-24.313,89
2022,5,78,Oregon State,Pac-12,2,2,-27.000,-48.108,90,0.500,0.340,0.160,0.918,198.000,225.000,99,108,50,48,-7.692,74
2022,5,79,Texas Tech,Big 12,2,2,-32.727,67.787,42,0.500,0.681,-0.181,-0.981,200.000,232.727,112,128,56,55,101.255,5
2022,5,80,Middle Tennessee,Conference USA,2,2,-32.951,-59.082,95,0.500,0.340,0.160,0.916,210.909,243.860,116,139,55,57,-41.949,106
2022,5,81,Texas A&M,SEC,2,2,-35.678,36.659,52,0.500,0.635,-0.135,-0.724,181.395,217.073,78,89,43,41,67.543,15
2022,5,82,Tulsa,American Athletic,1,3,-39.932,-12.294,73,0.250,0.470,-0.220,-1.194,236.538,276.471,123,141,52,51,23.132,46
2022,5,83,UTEP,Conference USA,3,3,-41.258,-105.344,106,0.500,0.215,0.285,1.612,182.353,223.611,124,161,68,72,-82.200,125
2022,5,84,Indiana,Big Ten,2,2,-44.781,-4.693,66,0.500,0.485,0.015,0.110,168.333,213.115,101,130,60,61,33.964,34
2022,5,85,UTSA,Conference USA,2,2,-46.452,-66.451,97,0.500,0.377,0.123,0.711,327.907,374.359,141,146,43,39,-7.837,75
2022,5,86,Temple,American Athletic,1,3,-47.255,-87.407,101,0.250,0.089,0.161,0.922,90.000,137.255,45,70,50,51,-40.095,104
2022,5,87,Auburn,SEC,2,2,-48.810,61.048,44,0.500,0.698,-0.198,-1.072,142.857,191.667,70,92,49,48,106.759,1
2022,5,88,Georgia State,Sun Belt,1,4,-50.953,-107.253,108,0.200,0.153,0.047,0.289,205.970,256.923,138,167,67,65,-64.020,118
2022,5,89,Southern Miss,Sun Belt,1,2,-51.090,-42.865,86,0.333,0.367,-0.033,-0.158,156.410,207.500,61,83,39,40,15.090,53
2022,5,90,Florida,SEC,2,2,-52.778,-22.090,78,0.500,0.449,0.051,0.312,242.222,295.000,109,118,45,40,26.283,43
2022,5,91,Nebraska,Big Ten,1,3,-54.007,-18.085,76,0.250,0.457,-0.207,-1.124,216.364,270.370,119,146,55,54,24.403,45
2022,5,92,Nevada,Mountain West,2,2,-55.694,-120.456,114,0.500,0.199,0.301,1.703,168.750,224.444,81,101,48,45,-60.604,116
2022,5,93,Navy,American Athletic,1,2,-58.788,-9.254,70,0.333,0.463,-0.129,-0.692,153.333,212.121,46,70,30,33,48.423,23
2022,5,94,Eastern Michigan,Mid-American,2,2,-59.416,-154.227,124,0.500,0.217,0.283,1.602,242.857,302.273,102,133,42,44,-113.342,129
2022,5,95,Northern Illinois,Mid-American,0,4,-65.990,-90.338,103,0.000,0.327,-0.327,-1.789,269.565,335.556,124,151,46,45,-23.374,88
2022,5,96,Wyoming,Mountain West,2,3,-78.333,-13.149,74,0.400,0.460,-0.060,-0.305,171.667,250.000,103,160,60,64,54.483,20
2022,5,97,Virginia,ACC,1,3,-82.353,-6.498,67,0.250,0.473,-0.223,-1.212,109.804,192.157,56,98,51,51,72.786,14
2022,5,98,Miami (OH),Mid-American,1,3,-84.960,-61.850,96,0.250,0.340,-0.090,-0.472,145.652,230.612,67,113,46,49,29.277,38
2022,5,99,Army,FBS Independents,0,3,-85.165,-134.284,117,0.000,0.270,-0.270,-1.476,307.692,392.857,80,110,26,28,-60.094,115
2022,5,100,North Texas,Conference USA,2,3,-85.394,-29.596,80,0.400,0.420,-0.020,-0.084,213.043,298.438,147,191,69,64,29.014,40
2022,5,101,Virginia Tech,ACC,1,3,-85.403,-136.731,119,0.250,0.033,0.217,1.237,118.519,203.922,64,104,54,51,-38.997,103
2022,5,102,Fresno State,Mountain West,0,3,-85.982,-118.789,112,0.000,0.234,-0.234,-1.276,196.875,282.857,63,99,32,35,-18.909,85
2022,5,103,Boston College,ACC,1,3,-88.679,-138.233,120,0.250,0.174,0.076,0.448,149.057,237.736,79,126,53,53,-43.154,107
2022,5,104,Arkansas State,Sun Belt,1,3,-89.484,-42.455,85,0.250,0.399,-0.149,-0.799,221.154,310.638,115,146,52,47,26.583,42
2022,5,105,Texas State,Sun Belt,1,3,-92.690,-139.542,121,0.250,0.156,0.094,0.552,138.889,231.579,75,132,54,57,-53.646,111
2022,5,106,New Mexico,Mountain West,1,3,-96.444,-90.314,102,0.250,0.165,0.085,0.503,115.094,211.538,61,110,53,52,8.456,57
2022,5,107,Central Michigan,Mid-American,0,4,-107.931,-57.181,94,0.000,0.346,-0.346,-1.897,180.000,287.931,99,167,55,58,54.254,21
2022,5,108,Stanford,Pac-12,0,3,-114.969,-10.309,71,0.000,0.468,-0.468,-2.577,208.108,323.077,77,126,37,39,104.446,3
2022,5,109,Ball State,Mid-American,1,3,-115.412,-119.220,113,0.250,0.183,0.067,0.398,214.000,329.412,107,168,50,51,-46.601,109
2022,5,110,Bowling Green,Mid-American,2,2,-115.846,-67.800,98,0.500,0.347,0.153,0.878,188.235,304.082,96,149,51,49,42.500,29
2022,5,111,San Diego State,Mountain West,1,3,-127.703,-146.056,122,0.250,0.083,0.167,0.959,121.277,248.980,57,122,47,49,-12.146,81
2022,5,112,Rutgers,Big Ten,2,2,-128.299,-105.778,107,0.500,0.222,0.278,1.572,118.367,246.667,58,111,49,45,0.938,66
2022,5,113,Rice,Conference USA,2,2,-135.833,-70.536,99,0.500,0.347,0.153,0.878,226.667,362.500,102,145,45,40,11.358,54
2022,5,114,Western Michigan,Mid-American,1,3,-139.229,-156.089,125,0.250,0.153,0.097,0.566,143.750,282.979,69,133,48,47,-4.546,71
2022,5,115,Utah State,Mountain West,1,3,-141.170,-49.984,91,0.250,0.350,-0.100,-0.526,152.830,294.000,81,147,53,50,46.142,25
2022,5,116,Arizona State,Pac-12,0,4,-149.293,-125.549,115,0.000,0.177,-0.177,-0.954,168.889,318.182,76,140,45,44,22.804,47
2022,5,117,Kent State,Mid-American,1,3,-151.420,-73.159,100,0.250,0.299,-0.049,-0.243,155.102,306.522,76,141,49,46,85.559,8
2022,5,118,Ohio,Mid-American,1,3,-155.258,-109.796,110,0.250,0.237,0.013,0.098,154.545,309.804,85,158,55,51,20.058,51
2022,5,119,New Mexico State,FBS Independents,1,5,-162.280,-198.384,127,0.167,0.059,0.108,0.629,127.273,289.552,84,194,66,67,-94.731,127
2022,5,120,Georgia Tech,ACC,1,3,-168.401,-45.101,87,0.250,0.330,-0.080,-0.419,88.462,256.863,46,131,52,51,94.834,6
2022,5,121,South Florida,American Athletic,0,4,-187.789,-152.312,123,0.000,0.173,-0.173,-0.937,173.913,361.702,80,170,46,47,8.753,56
2022,5,122,Charlotte,Conference USA,1,4,-193.390,-200.263,128,0.200,0.168,0.032,0.203,229.825,423.214,131,237,57,56,-26.389,90
2022,5,123,Louisiana Tech,Conference USA,0,3,-210.116,-127.387,116,0.000,0.191,-0.191,-1.036,134.884,345.000,58,138,43,40,84.273,9
2022,5,124,UConn,FBS Independents,1,4,-214.781,-118.496,111,0.200,0.145,0.055,0.332,101.613,316.393,63,193,62,61,31.973,36
2022,5,125,Massachusetts,FBS Independents,0,4,-225.706,-235.480,130,0.000,0.019,-0.019,-0.080,70.213,295.918,33,145,47,49,-55.905,114
2022,5,126,Akron,Mid-American,0,4,-233.573,-108.298,109,0.000,0.155,-0.155,-0.836,93.878,327.451,46,167,49,51,7.648,59
2022,5,127,UL Monroe,Sun Belt,1,3,-244.222,-99.533,104,0.250,0.251,-0.001,0.023,124.528,368.750,66,177,53,48,60.343,18
2022,5,128,Florida International,Conference USA,1,2,-246.539,-212.042,129,0.333,0.013,0.320,1.811,80.488,327.027,33,121,41,37,-120.878,131
2022,5,129,Colorado State,Mountain West,0,3,-257.051,-168.747,126,0.000,0.082,-0.082,-0.426,84.615,341.667,33,123,39,36,44.983,26
2022,5,130,Colorado,Pac-12,0,5,-268.653,-134.449,118,0.000,0.163,-0.163,-0.880,124.074,392.727,67,216,54,55,105.499,2
2022,5,131,Hawai'i,Mountain West,0,4,-309.333,-257.241,131,0.000,0.052,-0.052,-0.261,116.667,426.000,63,213,54,50,-41.240,105
2022,6,1,Ohio State,Big Ten,6,0,283.909,203.578,2,1.000,0.910,0.090,0.543,412.676,128.767,293,94,71,73,-8.748,73
2022,6,2,Michigan,Big Ten,6,0,268.936,113.669,20,1.000,0.803,0.197,1.144,363.380,94.444,258,68,71,72,-61.319,119
2022,6,3,Alabama,SEC,6,0,255.093,159.575,5,1.000,0.933,0.067,0.411,345.455,90.361,266,75,77,83,7.816,55
2022,6,4,Georgia,SEC,5,0,250.000,218.890,1,1.000,0.940,0.060,0.375,364.286,114.286,204,64,56,56,24.425,40
2022,6,5,Minnesota,Big Ten,3,1,242.500,136.125,12,0.750,0.859,-0.109,-0.575,327.500,85.000,131,34,40,40,-76.304,125
2022,6,6,Tennessee,SEC,5,0,240.058,141.582,11,1.000,0.828,0.172,1.002,383.607,143.548,234,89,61,62,-22.438,97
2022,6,7,USC,Pac-12,6,0,213.710,157.290,7,1.000,0.830,0.170,0.989,388.710,175.000,241,112,62,64,-22.499,98
2022,6,8,Texas,Big 12,4,2,190.408,173.660,3,0.667,0.898,-0.232,-1.266,347.761,157.353,233,107,67,68,32.200,32
2022,6,9,James Madison,Sun Belt,4,0,171.164,93.849,28,1.000,0.806,0.194,1.125,292.593,121.429,158,68,54,56,-60.482,118
2022,6,10,Ole Miss,SEC,5,0,166.248,120.958,17,1.000,0.784,0.216,1.251,308.621,142.373,179,84,58,59,-22.375,95
2022,6,11,San José State,Mountain West,3,1,164.328,121.685,16,0.750,0.844,-0.094,-0.491,279.545,115.217,123,53,44,46,-31.462,102
2022,6,12,Western Kentucky,Conference USA,2,3,162.229,-38.716,85,0.400,0.387,0.013,0.108,333.871,171.642,207,115,62,67,-111.436,131
2022,6,13,Clemson,ACC,5,0,157.971,142.641,10,1.000,0.821,0.179,1.044,300.000,142.029,201,98,67,69,-6.303,70
2022,6,14,Syracuse,ACC,4,0,146.619,145.509,9,1.000,0.826,0.174,1.013,295.556,148.936,133,70,45,47,0.947,64
2022,6,15,Mississippi State,SEC,5,1,144.364,157.915,6,0.833,0.867,-0.034,-0.154,308.000,163.636,231,126,75,77,13.644,48
2022,6,16,Penn State,Big Ten,5,0,142.870,123.102,15,1.000,0.850,0.150,0.877,256.716,113.846,172,74,67,65,-11.437,79
2022,6,17,TCU,Big 12,4,0,139.216,167.284,4,1.000,0.838,0.162,0.949,339.216,200.000,173,102,51,51,27.751,37
2022,6,18,Utah,Pac-12,3,2,128.480,107.197,22,0.600,0.750,-0.150,-0.809,312.963,184.483,169,107,54,58,-17.944,90
2022,6,19,UCF,American Athletic,3,1,127.826,150.885,8,0.750,0.863,-0.113,-0.601,248.980,121.154,122,63,49,52,20.061,44
2022,6,20,Maryland,Big Ten,4,2,110.095,114.651,19,0.667,0.785,-0.119,-0.631,291.429,181.333,204,136,70,75,7.168,56
2022,6,21,Illinois,Big Ten,4,1,109.977,101.516,24,0.800,0.858,-0.058,-0.293,183.824,73.846,125,48,68,65,-1.266,66
2022,6,22,UCLA,Pac-12,5,0,109.643,87.465,31,1.000,0.696,0.304,1.742,340.000,230.357,204,129,60,56,-11.614,80
2022,6,23,Oklahoma State,Big 12,4,0,98.186,114.994,18,1.000,0.776,0.224,1.293,296.491,198.305,169,117,57,59,17.245,45
2022,6,24,Tulane,American Athletic,4,1,97.157,82.821,32,0.800,0.751,0.049,0.311,235.088,137.931,134,80,57,58,-12.766,82
2022,6,25,Wake Forest,ACC,4,1,95.641,94.007,27,0.800,0.736,0.064,0.394,312.308,216.667,203,143,65,66,1.202,63
2022,6,26,Air Force,Mountain West,3,2,94.678,15.211,60,0.600,0.539,0.061,0.379,280.392,185.714,143,91,51,49,-66.829,121
2022,6,27,South Alabama,Sun Belt,3,1,88.963,68.287,39,0.750,0.683,0.067,0.413,270.213,181.250,127,87,47,48,-21.636,94
2022,6,28,Duke,ACC,3,2,77.959,59.794,42,0.600,0.639,-0.039,-0.182,256.140,178.182,146,98,57,55,-12.454,81
2022,6,29,Washington,Pac-12,3,2,75.942,52.536,44,0.600,0.602,-0.002,0.023,352.727,276.786,194,155,55,56,-15.555,86
2022,6,30,Coastal Carolina,Sun Belt,5,0,75.920,4.436,66,1.000,0.511,0.489,2.781,298.333,222.414,179,129,60,58,-73.627,124
2022,6,31,Wisconsin,Big Ten,2,3,70.116,28.849,55,0.400,0.578,-0.178,-0.962,268.421,198.305,153,117,57,59,26.061,38
2022,6,32,Cincinnati,American Athletic,4,1,64.949,0.280,67,0.800,0.501,0.299,1.717,247.761,182.812,166,117,67,64,-57.779,116
2022,6,33,UAB,Conference USA,2,2,63.830,14.528,61,0.500,0.552,-0.052,-0.257,242.553,178.723,114,84,47,47,-46.605,112
2022,6,34,Kansas State,Big 12,4,1,62.798,132.456,13,0.800,0.828,-0.028,-0.119,219.048,156.250,138,100,63,64,71.268,11
2022,6,35,NC State,ACC,4,1,60.656,97.621,26,0.800,0.814,-0.014,-0.042,209.836,149.180,128,91,61,61,40.278,28
2022,6,36,Memphis,American Athletic,4,2,56.538,64.355,40,0.667,0.656,0.010,0.093,261.538,205.000,204,164,78,80,2.450,61
2022,6,37,Washington State,Pac-12,3,2,56.391,87.915,30,0.600,0.740,-0.140,-0.753,242.105,185.714,138,104,57,56,36.505,30
2022,6,38,Kentucky,SEC,3,2,54.856,40.101,49,0.600,0.646,-0.046,-0.224,226.786,171.930,127,98,56,57,-16.618,88
2022,6,39,LSU,SEC,3,2,54.825,102.381,23,0.600,0.783,-0.183,-0.991,225.000,170.175,126,97,56,57,60.010,15
2022,6,40,Iowa State,Big 12,2,3,53.214,101.357,25,0.400,0.894,-0.494,-2.739,173.214,120.000,97,72,56,60,64.920,12
2022,6,41,Toledo,Mid-American,3,2,49.432,15.385,59,0.600,0.543,0.057,0.358,281.250,231.818,180,153,64,66,-63.816,120
2022,6,42,North Carolina,ACC,4,1,46.875,11.737,62,0.800,0.525,0.275,1.583,309.375,262.500,198,168,64,64,-34.914,105
2022,6,43,BYU,FBS Independents,4,2,46.377,52.912,43,0.667,0.632,0.035,0.232,278.261,231.884,192,160,69,69,16.931,46
2022,6,43,Pittsburgh,ACC,3,2,46.377,33.111,52,0.600,0.591,0.009,0.084,239.130,192.754,165,133,69,69,-22.405,96
2022,6,45,Liberty,FBS Independents,5,1,46.235,-11.499,70,0.833,0.466,0.368,2.102,212.500,166.265,187,138,88,83,-59.213,117
2022,6,46,Baylor,Big 12,2,2,42.944,75.810,36,0.500,0.693,-0.193,-1.046,240.816,197.872,118,93,49,47,48.529,22
2022,6,47,Iowa,Big Ten,2,3,42.373,63.019,41,0.400,0.721,-0.321,-1.767,137.288,94.915,81,56,59,59,21.814,42
2022,6,48,Louisville,ACC,3,3,41.558,42.072,46,0.500,0.639,-0.139,-0.748,215.584,174.026,166,134,77,77,22.031,41
2022,6,49,Kansas,Big 12,4,1,41.079,125.473,14,0.800,0.763,0.037,0.246,310.169,269.091,183,148,59,55,80.928,6
2022,6,50,Florida State,ACC,3,2,35.535,76.554,35,0.600,0.684,-0.084,-0.437,238.983,203.448,141,118,59,58,46.568,23
2022,6,51,Boise State,Mountain West,3,2,34.982,-74.752,98,0.600,0.308,0.292,1.675,218.033,183.051,133,108,61,59,-108.815,130
2022,6,52,Oregon,Pac-12,4,1,34.846,111.459,21,0.800,0.745,0.055,0.346,313.793,278.947,182,159,58,57,62.829,13
2022,6,53,Buffalo,Mid-American,3,2,33.333,-10.052,69,0.600,0.469,0.131,0.773,234.921,201.587,148,127,63,63,-35.699,107
2022,6,54,Navy,American Athletic,2,2,31.383,10.116,64,0.500,0.536,-0.036,-0.166,225.000,193.617,99,91,44,47,3.374,59
2022,6,55,UNLV,Mountain West,3,2,31.281,26.347,57,0.600,0.562,0.038,0.250,257.143,225.862,144,131,56,58,-8.961,74
2022,6,56,South Carolina,SEC,3,2,23.825,28.894,54,0.600,0.583,0.017,0.134,253.333,229.508,152,140,60,61,4.227,57
2022,6,57,Louisiana,Sun Belt,1,3,22.245,-11.838,71,0.250,0.456,-0.206,-1.123,212.245,190.000,104,95,49,50,-32.676,103
2022,6,58,Notre Dame,FBS Independents,3,2,21.053,76.913,34,0.600,0.718,-0.118,-0.629,224.561,203.509,128,116,57,57,56.787,18
2022,6,59,Troy,Sun Belt,3,2,18.966,5.153,65,0.600,0.517,0.083,0.504,198.276,179.310,115,104,58,58,-6.996,71
2022,6,60,Oklahoma,Big 12,3,3,15.427,72.613,37,0.500,0.712,-0.212,-1.153,234.177,218.750,185,175,79,80,31.364,33
2022,6,61,East Carolina,American Athletic,2,3,14.092,10.550,63,0.400,0.528,-0.128,-0.681,219.355,205.263,136,117,62,57,3.894,58
2022,6,62,SMU,American Athletic,1,3,6.531,78.135,33,0.250,0.705,-0.455,-2.520,246.154,239.623,128,127,52,53,94.040,5
2022,6,63,California,Pac-12,2,2,4.168,40.490,47,0.500,0.640,-0.140,-0.749,202.128,197.959,95,97,47,49,39.688,29
2022,6,64,Eastern Michigan,Mid-American,3,2,-1.693,-75.374,100,0.600,0.341,0.259,1.494,267.273,268.966,147,156,55,58,-79.040,126
2022,6,65,Purdue,Big Ten,3,2,-2.297,90.874,29,0.600,0.737,-0.137,-0.736,210.606,212.903,139,132,66,62,97.585,4
2022,6,66,Miami,ACC,1,3,-4.255,-32.417,82,0.250,0.392,-0.142,-0.765,200.000,204.255,94,96,47,47,-29.863,101
2022,6,67,Georgia Southern,Sun Belt,2,3,-5.702,-52.776,88,0.400,0.395,0.005,0.062,285.965,291.667,163,175,57,60,-48.743,113
2022,6,68,Houston,American Athletic,3,3,-8.255,38.486,50,0.500,0.604,-0.104,-0.550,257.534,265.789,188,202,73,76,42.501,24
2022,6,69,Michigan State,Big Ten,2,4,-10.000,-35.779,84,0.333,0.389,-0.055,-0.274,221.429,231.429,155,162,70,70,30.229,35
2022,6,70,Marshall,Sun Belt,1,2,-13.397,-24.781,76,0.333,0.414,-0.081,-0.420,164.103,177.500,64,71,39,40,-12.937,83
2022,6,71,Missouri,SEC,1,4,-19.227,29.162,53,0.200,0.595,-0.395,-2.182,188.710,207.937,117,131,62,63,59.982,16
2022,6,72,Oregon State,Pac-12,3,2,-20.161,-21.298,73,0.600,0.433,0.167,0.976,204.839,225.000,127,135,62,60,9.369,53
2022,6,73,West Virginia,Big 12,1,3,-20.310,37.717,51,0.250,0.575,-0.325,-1.789,293.023,313.333,126,141,43,45,55.108,19
2022,6,74,Florida Atlantic,Conference USA,1,4,-20.817,-31.461,79,0.200,0.409,-0.209,-1.139,244.262,265.079,149,167,61,63,-16.180,87
2022,6,75,Old Dominion,Sun Belt,2,3,-22.735,-63.989,92,0.400,0.296,0.104,0.618,166.154,188.889,108,136,65,72,-39.424,109
2022,6,76,Florida,SEC,3,2,-28.182,17.490,58,0.600,0.541,0.059,0.367,241.818,270.000,133,135,55,50,42.188,26
2022,6,77,Texas A&M,SEC,2,3,-36.489,28.150,56,0.400,0.597,-0.197,-1.069,168.966,205.455,98,113,58,55,60.476,14
2022,6,78,Georgia State,Sun Belt,2,4,-36.576,-84.287,104,0.333,0.240,0.093,0.560,226.582,263.158,179,200,79,76,-55.205,114
2022,6,79,UTSA,Conference USA,3,2,-36.584,-55.751,90,0.600,0.396,0.204,1.182,318.519,355.102,172,174,54,49,-9.223,75
2022,6,80,Arkansas,SEC,2,3,-38.740,40.275,48,0.400,0.594,-0.194,-1.054,220.635,259.375,139,166,63,64,74.963,8
2022,6,81,App State,Sun Belt,2,3,-39.969,-22.969,74,0.400,0.453,-0.053,-0.261,274.576,314.545,162,173,59,55,12.748,50
2022,6,82,Texas Tech,Big 12,2,3,-40.642,70.384,38,0.400,0.680,-0.280,-1.536,204.286,244.928,143,169,70,69,111.443,2
2022,6,83,Nebraska,Big Ten,2,3,-41.070,-67.723,94,0.400,0.317,0.083,0.504,192.754,233.824,133,159,69,68,-35.161,106
2022,6,84,Arizona,Pac-12,2,3,-42.623,-32.422,83,0.400,0.429,-0.029,-0.129,247.541,290.164,151,177,61,61,-0.457,65
2022,6,85,UTEP,Conference USA,3,4,-46.289,-127.629,118,0.429,0.175,0.253,1.458,191.358,237.647,155,202,81,85,-96.802,128
2022,6,86,Temple,American Athletic,1,3,-47.255,-81.217,102,0.250,0.130,0.120,0.712,90.000,137.255,45,70,50,51,-33.905,104
2022,6,87,Wyoming,Mountain West,3,3,-47.892,-23.656,75,0.500,0.432,0.068,0.419,178.082,225.974,130,174,73,77,16.037,47
2022,6,88,Nevada,Mountain West,2,3,-50.222,-123.552,117,0.400,0.180,0.220,1.273,153.226,203.448,95,118,62,58,-69.516,123
2022,6,89,Texas State,Sun Belt,2,3,-52.649,-75.149,99,0.400,0.280,0.120,0.708,173.438,226.087,111,156,64,69,-38.432,108
2022,6,90,Vanderbilt,SEC,2,3,-61.139,-72.009,96,0.400,0.310,0.090,0.542,245.312,306.452,157,190,64,62,-4.345,69
2022,6,91,Indiana,Big Ten,2,3,-66.381,-44.120,86,0.400,0.372,0.028,0.193,154.167,220.548,111,161,72,73,21.805,43
2022,6,92,Middle Tennessee,Conference USA,2,3,-67.736,-89.869,106,0.400,0.283,0.117,0.695,196.970,264.706,130,180,66,68,-27.071,100
2022,6,93,Miami (OH),Mid-American,2,3,-70.134,-101.329,109,0.400,0.251,0.149,0.873,162.069,232.203,94,137,58,59,-25.428,99
2022,6,94,Southern Miss,Sun Belt,1,3,-75.000,-69.471,95,0.250,0.294,-0.044,-0.212,136.538,211.538,71,110,52,52,11.014,52
2022,6,95,Northwestern,Big Ten,1,4,-77.534,-67.605,93,0.200,0.259,-0.059,-0.293,130.159,207.692,82,135,63,65,8.539,54
2022,6,96,Ball State,Mid-American,2,3,-79.819,-110.668,112,0.400,0.171,0.229,1.322,190.769,270.588,124,184,65,68,-56.416,115
2022,6,97,Tulsa,American Athletic,1,4,-80.280,-76.621,101,0.200,0.314,-0.114,-0.603,218.182,298.462,144,194,66,65,-8.281,72
2022,6,98,North Texas,Conference USA,2,3,-85.394,-56.661,91,0.400,0.355,0.045,0.290,213.043,298.438,147,191,69,64,1.949,62
2022,6,99,Virginia Tech,ACC,1,4,-86.261,-111.812,114,0.200,0.129,0.071,0.435,132.857,219.118,93,149,70,68,-16.933,89
2022,6,100,Auburn,SEC,2,3,-89.145,42.475,45,0.400,0.635,-0.235,-1.283,126.984,216.129,80,134,63,62,119.044,1
2022,6,101,Stanford,Pac-12,0,4,-89.716,-13.152,72,0.000,0.463,-0.463,-2.565,212.245,301.961,104,154,49,51,74.997,7
2022,6,102,Virginia,ACC,1,4,-90.377,-30.421,78,0.200,0.398,-0.198,-1.076,115.873,206.250,73,132,63,64,56.980,17
2022,6,103,Central Michigan,Mid-American,0,5,-92.333,-50.771,87,0.000,0.356,-0.356,-1.964,159.722,252.055,115,184,72,73,42.220,25
2022,6,104,New Mexico,Mountain West,1,4,-97.133,-118.478,115,0.200,0.113,0.087,0.524,113.636,210.769,75,137,66,65,-19.462,91
2022,6,105,San Diego State,Mountain West,2,3,-98.596,-146.934,121,0.400,0.073,0.327,1.875,128.070,226.667,73,136,57,60,-46.351,111
2022,6,106,Rutgers,Big Ten,2,3,-99.166,-83.919,103,0.400,0.248,0.152,0.892,112.698,211.864,71,125,63,59,2.883,60
2022,6,107,Ohio,Mid-American,2,3,-99.369,-72.157,97,0.400,0.353,0.047,0.301,215.385,314.754,140,192,65,61,-10.274,77
2022,6,108,Arizona State,Pac-12,1,4,-103.636,-26.445,77,0.200,0.431,-0.231,-1.262,220.000,323.636,121,178,55,55,71.329,10
2022,6,109,Northern Illinois,Mid-American,0,5,-104.684,-149.103,122,0.000,0.241,-0.241,-1.315,264.407,369.091,156,203,59,55,-40.762,110
2022,6,110,Utah State,Mountain West,2,3,-107.460,-31.840,80,0.400,0.410,-0.010,-0.023,182.540,290.000,115,174,63,60,31.062,34
2022,6,111,Fresno State,Mountain West,0,4,-109.151,-129.738,120,0.000,0.214,-0.214,-1.166,193.023,302.174,83,139,43,46,-9.374,76
2022,6,112,Arkansas State,Sun Belt,1,4,-109.852,-53.940,89,0.200,0.381,-0.181,-0.982,214.286,324.138,135,188,63,58,41.291,27
2022,6,113,Boston College,ACC,1,4,-113.740,-103.242,110,0.200,0.208,-0.008,-0.012,120.588,234.328,82,157,68,67,13.107,49
2022,6,114,Kent State,Mid-American,1,4,-120.164,-89.864,105,0.200,0.244,-0.044,-0.214,169.492,289.655,100,168,59,58,34.111,31
2022,6,115,Georgia Tech,ACC,2,3,-135.736,-8.501,68,0.400,0.464,-0.064,-0.322,107.812,243.548,69,151,64,62,101.478,3
2022,6,116,Rice,Conference USA,2,2,-135.833,-32.277,81,0.500,0.429,0.071,0.435,226.667,362.500,102,145,45,40,49.617,21
2022,6,117,Louisiana Tech,Conference USA,1,3,-142.082,-111.398,113,0.250,0.246,0.004,0.058,176.786,318.868,99,169,56,53,28.115,36
2022,6,118,Bowling Green,Mid-American,2,3,-143.151,-120.877,116,0.400,0.211,0.189,1.098,158.462,301.613,103,187,65,62,11.209,51
2022,6,119,Western Michigan,Mid-American,1,4,-148.280,-171.013,126,0.200,0.123,0.077,0.466,148.387,296.667,92,178,62,60,-13.405,84
2022,6,120,Army,FBS Independents,0,4,-154.193,-129.678,119,0.000,0.253,-0.253,-1.386,243.243,397.436,90,155,37,39,-10.399,78
2022,6,121,South Florida,American Athletic,0,5,-155.665,-107.100,111,0.000,0.257,-0.257,-1.407,185.714,341.379,104,198,56,58,24.661,39
2022,6,122,UConn,FBS Independents,2,4,-157.226,-98.738,108,0.333,0.211,0.123,0.725,131.507,288.732,96,205,73,71,-3.346,68
2022,6,123,New Mexico State,FBS Independents,1,5,-162.280,-195.098,129,0.167,0.058,0.109,0.648,127.273,289.552,84,194,66,67,-91.445,127
2022,6,124,Colorado State,Mountain West,1,3,-177.846,-155.565,124,0.250,0.081,0.169,0.984,96.154,274.000,50,137,52,50,-2.959,67
2022,6,125,Charlotte,Conference USA,1,4,-193.390,-193.841,128,0.200,0.176,0.024,0.171,229.825,423.214,131,237,57,56,-19.966,93
2022,6,126,Massachusetts,FBS Independents,0,5,-194.250,-175.851,127,0.000,0.078,-0.078,-0.403,93.443,287.692,57,187,61,65,-13.977,85
2022,6,127,UL Monroe,Sun Belt,1,4,-217.511,-91.341,107,0.200,0.263,-0.063,-0.318,135.938,353.448,87,205,64,58,54.379,20
2022,6,128,Akron,Mid-American,0,5,-228.341,-154.503,123,0.000,0.129,-0.129,-0.691,135.593,363.934,80,222,59,61,-19.746,92
2022,6,129,Florida International,Conference USA,1,3,-232.598,-215.298,130,0.250,0.032,0.218,1.261,88.235,320.833,45,154,51,48,-101.925,129
2022,6,130,Hawai'i,Mountain West,0,5,-263.205,-247.163,131,0.000,0.052,-0.052,-0.259,118.462,381.667,77,229,65,60,-67.817,122
2022,6,131,Colorado,Pac-12,0,5,-268.653,-165.215,125,0.000,0.117,-0.117,-0.624,124.074,392.727,67,216,54,55,74.733,9
2022,7,1,Georgia,SEC,6,0,291.045,211.129,1,1.000,0.950,0.050,0.301,386.567,95.522,259,64,67,67,6.651,59
2022,7,2,Ohio State,Big Ten,6,0,283.909,199.671,2,1.000,0.903,0.097,0.580,412.676,128.767,293,94,71,73,-12.655,80
2022,7,3,Michigan,Big Ten,7,0,264.198,161.376,7,1.000,0.866,0.134,0.796,369.136,104.938,299,85,81,81,-20.201,85
2022,7,4,Alabama,SEC,6,1,227.027,173.783,4,0.857,0.910,-0.052,-0.305,357.955,130.928,315,127,88,97,33.129,35
2022,7,5,UCF,American Athletic,4,1,194.119,149.455,9,0.800,0.837,-0.037,-0.211,314.754,120.635,192,76,61,63,0.099,69
2022,7,6,Tennessee,SEC,6,0,192.292,137.277,10,1.000,0.796,0.204,1.215,381.333,189.041,286,138,75,73,12.931,54
2022,7,7,USC,Pac-12,6,1,178.212,156.396,8,0.857,0.801,0.056,0.336,387.671,209.459,283,155,73,74,9.174,58
2022,7,8,Minnesota,Big Ten,3,2,170.000,121.205,17,0.600,0.816,-0.216,-1.272,290.000,120.000,145,60,50,50,-24.739,91
2022,7,9,Texas,Big 12,5,2,169.664,173.249,5,0.714,0.886,-0.172,-1.010,333.766,164.103,257,128,77,78,47.711,22
2022,7,10,Western Kentucky,Conference USA,3,3,157.143,-8.389,71,0.500,0.475,0.025,0.151,314.286,157.143,242,132,77,84,-91.211,128
2022,7,11,Syracuse,ACC,5,0,155.155,180.781,3,1.000,0.876,0.124,0.740,296.226,141.071,157,79,53,56,25.131,41
2022,7,12,Ole Miss,SEC,6,0,153.521,132.640,15,1.000,0.784,0.216,1.285,319.718,166.197,227,118,71,71,-1.120,71
2022,7,13,Clemson,ACC,6,0,143.782,134.188,14,1.000,0.803,0.197,1.174,301.282,157.500,235,126,78,80,0.978,66
2022,7,14,Air Force,Mountain West,4,2,131.349,47.866,44,0.667,0.626,0.041,0.246,303.279,171.930,185,98,61,57,-64.251,121
2022,7,15,James Madison,Sun Belt,4,1,123.056,53.159,39,0.800,0.679,0.121,0.721,280.000,156.944,196,113,70,72,-61.555,120
2022,7,16,Mississippi State,SEC,5,2,119.376,137.046,11,0.714,0.824,-0.109,-0.643,295.238,175.862,248,153,84,87,24.972,42
2022,7,17,TCU,Big 12,5,0,118.449,170.923,6,1.000,0.851,0.149,0.885,327.273,208.824,216,142,66,68,49.022,21
2022,7,18,Utah,Pac-12,4,2,115.308,136.062,12,0.667,0.788,-0.121,-0.711,331.250,215.942,212,149,64,69,23.747,45
2022,7,19,Illinois,Big Ten,5,1,110.923,135.555,13,0.833,0.904,-0.071,-0.413,193.590,82.667,151,62,78,75,29.903,38
2022,7,20,San José State,Mountain West,3,2,110.670,47.077,45,0.600,0.669,-0.069,-0.405,225.424,114.754,133,70,59,61,-66.108,122
2022,7,21,UCLA,Pac-12,5,0,109.643,92.939,25,1.000,0.706,0.294,1.746,340.000,230.357,204,129,60,56,-6.141,77
2022,7,22,Maryland,Big Ten,5,2,99.521,108.439,19,0.714,0.771,-0.056,-0.328,291.566,192.045,242,169,83,88,10.816,57
2022,7,23,Tulane,American Athletic,5,1,97.946,70.083,35,0.833,0.705,0.128,0.764,252.113,154.167,179,111,71,72,-26.240,93
2022,7,24,Wake Forest,ACC,4,1,95.641,97.400,23,0.800,0.738,0.062,0.374,312.308,216.667,203,143,65,66,4.594,63
2022,7,25,Penn State,Big Ten,5,1,95.351,81.718,29,0.833,0.730,0.103,0.618,248.684,153.333,189,115,76,75,6.455,60
2022,7,26,South Alabama,Sun Belt,4,1,78.333,32.924,50,0.800,0.585,0.215,1.278,280.000,201.667,168,121,60,60,-45.425,109
2022,7,27,Washington,Pac-12,4,2,77.392,53.230,38,0.667,0.604,0.062,0.375,362.687,285.294,243,194,67,68,-17.402,82
2022,7,28,UAB,Conference USA,3,2,71.537,-5.015,68,0.600,0.482,0.118,0.702,250.847,179.310,148,104,59,58,-74.225,123
2022,7,29,Toledo,Mid-American,4,2,68.387,32.480,52,0.667,0.580,0.086,0.517,301.299,232.911,232,184,77,79,-60.444,118
2022,7,30,Oklahoma State,Big 12,4,1,66.216,105.462,20,0.800,0.752,0.048,0.287,282.432,216.216,209,160,74,74,37.537,29
2022,7,31,LSU,SEC,4,2,66.062,99.339,22,0.667,0.754,-0.088,-0.513,263.077,197.015,171,132,65,67,39.030,28
2022,7,32,Cincinnati,American Athletic,4,1,64.949,23.507,57,0.800,0.572,0.228,1.354,247.761,182.812,166,117,67,64,-34.552,101
2022,7,33,Buffalo,Mid-American,4,2,64.000,-23.538,73,0.667,0.431,0.236,1.402,242.667,178.667,182,134,75,75,-82.410,126
2022,7,34,Kansas State,Big 12,4,1,62.798,129.064,16,0.800,0.828,-0.028,-0.159,219.048,156.250,138,100,63,64,67.876,12
2022,7,35,Duke,ACC,3,3,59.334,47.960,43,0.500,0.615,-0.115,-0.675,262.319,202.985,181,136,69,67,-8.079,79
2022,7,36,Kentucky,SEC,4,2,59.091,84.889,27,0.667,0.768,-0.101,-0.594,233.333,174.242,154,115,66,66,24.105,44
2022,7,37,Wisconsin,Big Ten,2,4,52.597,14.335,63,0.333,0.538,-0.204,-1.204,262.319,209.722,181,151,69,72,16.712,52
2022,7,38,Pittsburgh,ACC,3,2,46.377,32.813,51,0.600,0.590,0.010,0.063,239.130,192.754,165,133,69,69,-22.703,88
2022,7,39,Liberty,FBS Independents,5,1,46.235,-5.131,69,0.833,0.485,0.349,2.071,212.500,166.265,187,138,88,83,-52.844,112
2022,7,40,Memphis,American Athletic,4,3,44.799,50.460,42,0.571,0.618,-0.046,-0.268,276.667,231.868,249,211,90,91,4.866,62
2022,7,41,North Carolina,ACC,5,1,43.421,16.572,60,0.833,0.535,0.298,1.771,310.526,267.105,236,203,76,76,-26.471,94
2022,7,42,Iowa,Big Ten,2,3,42.373,76.996,31,0.400,0.774,-0.374,-2.211,137.288,94.915,81,56,59,59,35.791,33
2022,7,43,Iowa State,Big 12,2,4,41.645,102.825,21,0.333,0.854,-0.521,-3.079,178.788,137.143,118,96,66,70,77.460,7
2022,7,44,Louisville,ACC,3,3,41.558,56.971,37,0.500,0.686,-0.186,-1.095,215.584,174.026,166,134,77,77,36.929,31
2022,7,45,Boise State,Mountain West,3,2,34.982,-54.780,91,0.600,0.364,0.236,1.404,218.033,183.051,133,108,61,59,-88.844,127
2022,7,46,Oregon,Pac-12,4,1,34.846,95.118,24,0.800,0.707,0.093,0.557,313.793,278.947,182,159,58,57,46.488,24
2022,7,47,Louisiana,Sun Belt,2,3,31.148,-25.571,74,0.400,0.413,-0.013,-0.072,208.197,177.049,127,108,61,61,-56.938,116
2022,7,48,NC State,ACC,4,2,29.048,82.876,28,0.667,0.776,-0.109,-0.641,195.714,166.667,137,115,70,69,68.424,11
2022,7,49,Washington State,Pac-12,3,3,26.257,41.423,47,0.500,0.625,-0.125,-0.736,214.493,188.235,148,128,69,68,18.025,51
2022,7,50,Baylor,Big 12,2,3,24.330,50.941,41,0.400,0.635,-0.235,-1.386,254.839,230.508,158,136,62,59,39.244,27
2022,7,51,South Carolina,SEC,3,2,23.825,45.501,46,0.600,0.627,-0.027,-0.152,253.333,229.508,152,140,60,61,20.834,48
2022,7,52,Kansas,Big 12,4,2,22.645,110.422,18,0.667,0.725,-0.058,-0.337,312.500,289.855,225,200,72,69,81.360,5
2022,7,53,Oklahoma,Big 12,4,3,21.505,88.235,26,0.571,0.742,-0.170,-1.003,254.839,233.333,237,217,93,93,45.971,25
2022,7,54,Florida State,ACC,3,3,21.139,78.300,30,0.500,0.688,-0.188,-1.108,241.429,220.290,169,152,70,69,62.403,17
2022,7,55,Old Dominion,Sun Belt,3,3,20.699,7.464,64,0.500,0.522,-0.022,-0.122,212.162,191.463,157,157,74,82,-27.806,96
2022,7,56,Coastal Carolina,Sun Belt,5,1,20.043,-51.603,88,0.833,0.382,0.451,2.678,285.714,265.672,200,178,70,67,-60.915,119
2022,7,57,Navy,American Athletic,2,3,19.784,31.742,53,0.400,0.598,-0.198,-1.167,241.818,222.034,133,131,55,59,31.197,37
2022,7,58,Notre Dame,FBS Independents,3,3,17.519,39.443,49,0.500,0.624,-0.124,-0.728,208.824,191.304,142,132,68,69,23.682,46
2022,7,59,Troy,Sun Belt,4,2,17.344,-6.164,70,0.667,0.479,0.188,1.117,185.915,168.571,132,118,71,70,-18.638,84
2022,7,60,East Carolina,American Athletic,3,3,15.902,39.872,48,0.500,0.598,-0.098,-0.575,250.685,234.783,183,162,73,69,25.613,40
2022,7,61,BYU,FBS Independents,4,3,15.247,16.212,61,0.571,0.538,0.033,0.202,280.247,265.000,227,212,81,80,11.237,55
2022,7,62,SMU,American Athletic,2,3,10.938,72.295,34,0.400,0.675,-0.275,-1.622,262.500,251.562,168,161,64,64,80.170,6
2022,7,63,Miami,ACC,2,3,10.111,-33.466,80,0.400,0.398,0.002,0.016,196.552,186.441,114,110,58,59,-44.453,108
2022,7,64,Purdue,Big Ten,4,2,5.046,72.578,32,0.667,0.686,-0.020,-0.111,230.380,225.333,182,169,79,75,70.477,10
2022,7,65,Georgia Southern,Sun Belt,3,3,4.668,-33.242,78,0.500,0.432,0.068,0.409,284.932,280.263,208,213,73,76,-37.173,104
2022,7,66,Oregon State,Pac-12,4,2,2.665,29.950,55,0.667,0.597,0.070,0.420,204.054,201.389,151,145,74,72,36.061,32
2022,7,67,UTSA,Conference USA,4,2,0.285,-58.933,94,0.667,0.384,0.282,1.677,297.059,296.774,202,184,68,62,-43.054,107
2022,7,68,Michigan State,Big Ten,3,4,-3.996,-31.548,76,0.429,0.404,0.024,0.150,227.711,231.707,189,190,83,82,21.001,47
2022,7,69,West Virginia,Big 12,2,3,-4.796,50.982,40,0.400,0.601,-0.201,-1.183,307.273,312.069,169,181,55,58,54.767,20
2022,7,70,Arkansas,SEC,3,3,-6.366,72.464,33,0.500,0.660,-0.160,-0.943,258.108,264.474,191,201,74,76,71.194,9
2022,7,71,Houston,American Athletic,3,3,-8.255,27.232,56,0.500,0.573,-0.073,-0.425,257.534,265.789,188,202,73,76,31.247,36
2022,7,72,California,Pac-12,2,3,-11.660,-40.153,83,0.400,0.361,0.039,0.238,177.049,188.710,108,117,61,62,-28.596,98
2022,7,73,Florida Atlantic,Conference USA,2,4,-14.142,-30.805,75,0.333,0.405,-0.072,-0.421,233.803,247.945,166,181,71,73,-23.071,89
2022,7,74,UNLV,Mountain West,3,3,-18.474,-50.699,87,0.500,0.382,0.118,0.705,235.938,254.412,151,173,64,68,-36.372,103
2022,7,75,Missouri,SEC,1,4,-19.227,15.719,62,0.200,0.551,-0.351,-2.076,188.710,207.937,117,131,62,63,46.539,23
2022,7,76,Marshall,Sun Belt,1,3,-26.769,-55.731,92,0.250,0.330,-0.080,-0.466,154.000,180.769,77,94,50,52,-28.477,97
2022,7,77,Texas A&M,SEC,2,3,-36.489,31.113,54,0.400,0.614,-0.214,-1.261,168.966,205.455,98,113,58,55,63.439,16
2022,7,78,Georgia State,Sun Belt,2,4,-36.576,-86.540,106,0.333,0.236,0.098,0.584,226.582,263.158,179,200,79,76,-57.457,117
2022,7,79,App State,Sun Belt,2,3,-39.969,-32.633,77,0.400,0.435,-0.035,-0.200,274.576,314.545,162,173,59,55,3.083,64
2022,7,80,Texas Tech,Big 12,2,3,-40.642,62.517,36,0.400,0.661,-0.261,-1.538,204.286,244.928,143,169,70,69,103.577,1
2022,7,81,Nebraska,Big Ten,2,4,-42.066,-38.473,82,0.333,0.400,-0.067,-0.389,207.317,249.383,170,202,82,81,-3.646,73
2022,7,82,Northern Illinois,Mid-American,1,5,-43.263,-84.941,103,0.167,0.329,-0.162,-0.955,274.648,317.910,195,213,71,67,-33.546,100
2022,7,83,Eastern Michigan,Mid-American,3,3,-44.243,-129.384,118,0.500,0.220,0.280,1.661,234.328,278.571,157,195,67,70,-93.550,129
2022,7,84,UTEP,Conference USA,3,4,-46.289,-127.329,117,0.429,0.175,0.254,1.510,191.358,237.647,155,202,81,85,-96.503,131
2022,7,85,Texas State,Sun Belt,2,4,-46.502,-79.263,102,0.333,0.268,0.066,0.395,164.474,210.976,125,173,76,82,-46.315,110
2022,7,86,Florida,SEC,3,3,-46.623,18.474,59,0.500,0.540,-0.040,-0.233,258.462,305.085,168,180,65,59,64.056,14
2022,7,87,North Texas,Conference USA,3,3,-47.336,-59.708,95,0.500,0.351,0.149,0.890,239.506,286.842,194,218,81,76,-38.644,105
2022,7,88,Wyoming,Mountain West,3,3,-47.892,-33.782,81,0.500,0.405,0.095,0.569,178.082,225.974,130,174,73,77,5.911,61
2022,7,89,Arizona,Pac-12,2,4,-49.315,-41.846,85,0.333,0.409,-0.076,-0.445,260.274,309.589,190,226,73,73,-1.319,72
2022,7,90,Ohio,Mid-American,3,3,-56.584,-75.909,100,0.500,0.330,0.170,1.010,221.795,278.378,173,206,78,74,-48.699,111
2022,7,91,Southern Miss,Sun Belt,2,3,-60.317,-68.451,98,0.400,0.285,0.115,0.687,144.444,204.762,91,129,63,63,-5.881,76
2022,7,92,Indiana,Big Ten,2,4,-61.984,2.321,66,0.333,0.507,-0.173,-1.021,169.412,231.395,144,199,85,86,63.669,15
2022,7,93,Ball State,Mid-American,3,3,-62.061,-94.567,110,0.500,0.221,0.279,1.655,191.026,253.086,149,205,78,81,-54.485,114
2022,7,94,Miami (OH),Mid-American,2,4,-64.928,-104.089,113,0.333,0.224,0.109,0.651,155.072,220.000,107,154,69,70,-34.778,102
2022,7,95,Nevada,Mountain West,2,4,-64.951,-144.887,121,0.333,0.152,0.182,1.081,154.167,219.118,111,149,72,68,-74.857,124
2022,7,96,Central Michigan,Mid-American,1,5,-68.887,-63.275,96,0.167,0.315,-0.148,-0.872,172.289,241.176,143,205,83,85,0.960,67
2022,7,97,Fresno State,Mountain West,1,4,-71.849,-68.252,97,0.200,0.318,-0.118,-0.696,172.414,244.262,100,149,58,61,18.706,50
2022,7,98,Stanford,Pac-12,1,4,-74.246,5.520,65,0.200,0.517,-0.317,-1.870,196.721,270.968,120,168,61,62,74.827,8
2022,7,99,Northwestern,Big Ten,1,4,-77.534,-75.853,99,0.200,0.234,-0.034,-0.194,130.159,207.692,82,135,63,65,0.290,68
2022,7,100,Tulsa,American Athletic,1,4,-80.280,-54.507,89,0.200,0.364,-0.164,-0.965,218.182,298.462,144,194,66,65,13.834,53
2022,7,101,Middle Tennessee,Conference USA,2,4,-81.928,-107.910,114,0.333,0.237,0.096,0.573,177.108,259.036,147,215,83,83,-33.356,99
2022,7,102,Virginia Tech,ACC,1,5,-83.436,-93.589,109,0.167,0.173,-0.006,-0.033,130.488,213.924,107,169,82,79,-3.665,74
2022,7,103,Utah State,Mountain West,3,3,-83.472,-56.579,93,0.500,0.333,0.167,0.997,169.231,252.703,132,187,78,74,-7.574,78
2022,7,104,Virginia,ACC,1,4,-90.377,-1.655,67,0.200,0.494,-0.294,-1.737,115.873,206.250,73,132,63,64,85.746,4
2022,7,105,Auburn,SEC,2,4,-90.667,19.814,58,0.333,0.558,-0.225,-1.327,152.000,242.667,114,182,75,75,97.937,3
2022,7,106,Arkansas State,Sun Belt,1,5,-93.341,-54.728,90,0.167,0.372,-0.205,-1.210,208.108,301.449,154,208,74,69,26.145,39
2022,7,107,San Diego State,Mountain West,2,3,-98.596,-121.854,116,0.400,0.101,0.299,1.778,128.070,226.667,73,136,57,60,-21.271,86
2022,7,108,New Mexico,Mountain West,1,5,-98.804,-156.733,125,0.167,0.054,0.113,0.675,109.091,207.895,84,158,77,76,-56.037,115
2022,7,109,Rutgers,Big Ten,2,3,-99.166,-75.914,101,0.400,0.264,0.136,0.808,112.698,211.864,71,125,63,59,10.888,56
2022,7,110,Arizona State,Pac-12,1,4,-103.636,-33.420,79,0.200,0.412,-0.212,-1.252,220.000,323.636,121,178,55,55,64.353,13
2022,7,111,Rice,Conference USA,2,3,-113.091,-47.068,86,0.400,0.386,0.014,0.089,210.909,324.000,116,162,55,50,24.447,43
2022,7,112,Boston College,ACC,1,4,-113.740,-96.358,112,0.200,0.228,-0.028,-0.162,120.588,234.328,82,157,68,67,19.991,49
2022,7,113,Bowling Green,Mid-American,3,3,-116.078,-121.616,115,0.500,0.189,0.311,1.846,157.895,273.973,120,200,76,73,-17.605,83
2022,7,114,New Mexico State,FBS Independents,2,5,-123.893,-168.974,126,0.286,0.092,0.194,1.152,136.364,260.256,105,203,77,78,-95.713,130
2022,7,115,Vanderbilt,SEC,2,4,-126.283,-40.187,84,0.333,0.383,-0.049,-0.287,209.333,335.616,157,245,75,73,58.623,18
2022,7,116,Temple,American Athletic,1,4,-127.140,-87.396,107,0.200,0.159,0.041,0.246,95.082,222.222,58,140,61,63,-4.850,75
2022,7,117,Kent State,Mid-American,1,5,-127.915,-96.056,111,0.167,0.258,-0.092,-0.537,181.944,309.859,131,220,72,71,34.179,34
2022,7,118,Georgia Tech,ACC,2,3,-135.736,-10.567,72,0.400,0.453,-0.053,-0.310,107.812,243.548,69,151,64,62,99.411,2
2022,7,119,UConn,FBS Independents,2,5,-137.763,-85.112,104,0.286,0.258,0.028,0.171,136.047,273.810,117,230,86,84,1.047,65
2022,7,120,Colorado State,Mountain West,1,4,-141.469,-147.495,123,0.200,0.082,0.118,0.705,95.455,236.923,63,154,66,65,-21.316,87
2022,7,121,South Florida,American Athletic,0,6,-144.643,-88.948,108,0.000,0.293,-0.293,-1.732,192.857,337.500,135,243,70,72,37.520,30
2022,7,122,Louisiana Tech,Conference USA,1,4,-147.014,-145.786,122,0.200,0.191,0.009,0.057,185.294,332.308,126,216,68,65,-0.841,70
2022,7,123,Western Michigan,Mid-American,1,5,-147.708,-197.619,130,0.167,0.083,0.084,0.501,141.333,289.041,106,211,75,73,-41.920,106
2022,7,124,Army,FBS Independents,0,4,-154.193,-144.199,120,0.000,0.230,-0.230,-1.356,243.243,397.436,90,155,37,39,-24.919,92
2022,7,125,Charlotte,Conference USA,1,5,-176.471,-177.773,127,0.167,0.194,-0.028,-0.158,222.059,398.529,151,271,68,68,-15.958,81
2022,7,126,UL Monroe,Sun Belt,1,5,-187.268,-85.432,105,0.167,0.278,-0.111,-0.652,159.211,346.479,121,246,76,71,41.342,26
2022,7,127,Massachusetts,FBS Independents,0,6,-199.342,-196.209,129,0.000,0.053,-0.053,-0.306,87.671,287.013,64,221,73,77,-23.814,90
2022,7,128,Colorado,Pac-12,1,5,-202.033,-131.303,119,0.167,0.168,-0.002,-0.003,129.851,331.884,87,229,67,69,58.489,19
2022,7,129,Akron,Mid-American,0,6,-204.969,-152.255,124,0.000,0.144,-0.144,-0.845,142.254,347.222,101,250,71,72,-26.700,95
2022,7,130,Hawai'i,Mountain West,1,5,-206.000,-178.274,128,0.167,0.125,0.041,0.251,144.000,350.000,108,245,75,70,-53.819,113
2022,7,131,Florida International,Conference USA,1,4,-210.837,-198.305,131,0.200,0.023,0.177,1.053,85.938,296.774,55,184,64,62,-80.134,125
2022,8,1,Georgia,SEC,6,0,291.045,214.651,1,1.000,0.957,0.043,0.246,386.567,95.522,259,64,67,67,10.173,60
2022,8,2,Ohio State,Big Ten,7,0,280.669,205.747,2,1.000,0.913,0.087,0.509,398.851,118.182,347,104,87,88,-0.652,66
2022,8,3,Michigan,Big Ten,7,0,264.198,156.101,8,1.000,0.862,0.138,0.817,369.136,104.938,299,85,81,81,-25.477,91
2022,8,4,Alabama,SEC,7,1,222.982,181.669,3,0.875,0.928,-0.053,-0.331,345.000,122.018,345,133,100,109,33.596,36
2022,8,5,Tennessee,SEC,6,0,192.292,143.231,11,1.000,0.806,0.194,1.148,381.333,189.041,286,138,75,73,18.886,47
2022,8,6,USC,Pac-12,6,1,178.212,172.803,4,0.857,0.823,0.035,0.194,387.671,209.459,283,155,73,74,25.581,42
2022,8,7,UCF,American Athletic,4,2,140.079,81.913,28,0.667,0.706,-0.039,-0.246,292.857,152.778,205,110,70,72,-3.661,69
2022,8,8,Western Kentucky,Conference USA,4,3,135.903,-3.301,68,0.571,0.490,0.081,0.473,291.111,155.208,262,149,90,96,-76.031,126
2022,8,9,Texas,Big 12,5,3,128.898,158.709,7,0.625,0.863,-0.238,-1.441,303.125,174.227,291,169,96,97,53.469,17
2022,8,10,Clemson,ACC,7,0,128.129,151.760,9,1.000,0.846,0.154,0.912,287.912,159.783,262,147,91,92,32.909,38
2022,8,11,Syracuse,ACC,5,1,120.223,167.933,5,0.833,0.870,-0.036,-0.231,273.846,153.623,178,106,65,69,43.674,29
2022,8,12,Wake Forest,ACC,5,1,119.481,128.854,13,0.833,0.797,0.037,0.207,319.481,200.000,246,158,77,79,11.025,57
2022,8,13,Utah,Pac-12,4,2,115.308,148.483,10,0.667,0.813,-0.146,-0.890,331.250,215.942,212,149,64,69,36.168,34
2022,8,14,TCU,Big 12,6,0,113.141,166.742,6,1.000,0.840,0.160,0.944,325.641,212.500,254,170,78,80,51.269,20
2022,8,15,Penn State,Big Ten,6,1,112.921,106.087,19,0.857,0.781,0.076,0.445,262.921,150.000,234,132,89,88,10.806,58
2022,8,16,Illinois,Big Ten,5,1,110.923,124.853,16,0.833,0.887,-0.054,-0.336,193.590,82.667,151,62,78,75,19.201,46
2022,8,17,San José State,Mountain West,3,2,110.670,57.290,39,0.600,0.704,-0.104,-0.635,225.424,114.754,133,70,59,61,-55.894,117
2022,8,18,Air Force,Mountain West,4,3,105.655,15.738,56,0.571,0.544,0.027,0.149,280.282,174.627,199,117,71,67,-73.220,125
2022,8,19,Ole Miss,SEC,6,1,99.985,92.211,24,0.857,0.703,0.155,0.913,301.220,201.235,247,163,82,81,15.871,52
2022,8,20,Tulane,American Athletic,6,1,95.970,90.400,25,0.857,0.755,0.102,0.596,261.446,165.476,217,139,83,84,-4.068,70
2022,8,21,Maryland,Big Ten,6,2,95.476,83.299,27,0.750,0.707,0.043,0.245,290.426,194.949,273,193,94,99,-10.075,73
2022,8,22,LSU,SEC,5,2,93.128,139.029,12,0.714,0.826,-0.112,-0.681,288.000,194.872,216,152,75,78,49.023,23
2022,8,23,Minnesota,Big Ten,3,3,90.476,69.387,33,0.500,0.692,-0.192,-1.162,257.143,166.667,162,105,63,63,-16.336,78
2022,8,24,James Madison,Sun Belt,4,2,80.699,33.141,51,0.667,0.620,0.047,0.269,228.571,147.872,208,139,91,94,-52.281,113
2022,8,25,Mississippi State,SEC,5,3,79.735,121.561,17,0.625,0.807,-0.182,-1.103,264.583,184.848,254,183,96,99,48.496,25
2022,8,26,UCLA,Pac-12,5,1,76.425,74.603,31,0.833,0.657,0.176,1.043,344.118,267.692,234,174,68,65,12.871,55
2022,8,27,Duke,ACC,4,3,75.220,48.524,42,0.571,0.618,-0.046,-0.291,269.048,193.827,226,157,84,81,-20.938,88
2022,8,28,Buffalo,Mid-American,5,2,72.274,5.060,66,0.714,0.515,0.199,1.182,251.163,178.889,216,161,86,90,-63.844,123
2022,8,29,Washington,Pac-12,5,2,71.795,47.043,43,0.714,0.594,0.120,0.708,347.436,275.641,271,215,78,78,-19.862,86
2022,8,30,Liberty,FBS Independents,6,1,66.862,36.165,49,0.857,0.607,0.250,1.488,230.303,163.441,228,152,99,93,-37.979,101
2022,8,31,Wisconsin,Big Ten,3,4,64.118,39.915,48,0.429,0.603,-0.175,-1.061,270.000,205.882,216,175,80,85,22.872,44
2022,8,32,Oklahoma State,Big 12,5,1,60.215,127.003,15,0.833,0.799,0.034,0.194,268.817,208.602,250,194,93,93,64.259,11
2022,8,33,Kentucky,SEC,4,2,59.091,73.791,32,0.667,0.734,-0.067,-0.415,233.333,174.242,154,115,66,66,13.007,54
2022,8,34,South Alabama,Sun Belt,4,2,57.928,12.103,61,0.667,0.536,0.131,0.772,245.070,187.143,174,131,71,70,-45.612,106
2022,8,35,UAB,Conference USA,3,3,57.746,-5.951,70,0.500,0.479,0.021,0.113,232.394,174.648,165,124,71,71,-61.596,121
2022,8,36,Cincinnati,American Athletic,5,1,53.728,19.826,54,0.833,0.561,0.272,1.620,240.741,187.013,195,144,81,77,-28.465,93
2022,8,37,Louisville,ACC,4,3,53.483,60.047,37,0.571,0.702,-0.131,-0.796,213.483,160.000,190,144,89,90,25.286,43
2022,8,38,Louisiana,Sun Belt,3,3,49.730,-11.792,73,0.500,0.460,0.040,0.225,220.000,170.270,165,126,75,74,-60.093,120
2022,8,39,Oregon,Pac-12,5,1,48.037,113.000,18,0.833,0.726,0.107,0.631,338.806,290.769,227,189,67,65,51.641,18
2022,8,40,North Carolina,ACC,5,1,43.421,15.187,58,0.833,0.532,0.301,1.791,310.526,267.105,236,203,76,76,-27.856,92
2022,8,41,Notre Dame,FBS Independents,4,3,41.954,51.926,41,0.571,0.660,-0.088,-0.542,224.096,182.143,186,153,83,84,16.511,51
2022,8,42,Iowa State,Big 12,2,4,41.645,98.033,21,0.333,0.841,-0.507,-3.054,178.788,137.143,118,96,66,70,72.669,8
2022,8,43,Oregon State,Pac-12,5,2,41.517,58.140,38,0.714,0.676,0.039,0.219,227.059,185.542,193,154,85,83,27.014,40
2022,8,44,East Carolina,American Athletic,4,3,40.275,80.429,30,0.571,0.694,-0.123,-0.749,264.634,224.359,217,175,82,78,34.874,35
2022,8,45,Kansas State,Big 12,4,2,39.754,128.410,14,0.667,0.816,-0.150,-0.909,221.333,181.579,166,138,75,76,91.309,3
2022,8,46,Toledo,Mid-American,4,3,39.300,9.740,62,0.571,0.524,0.047,0.270,281.522,242.222,259,218,92,90,-51.468,112
2022,8,47,Boise State,Mountain West,4,2,37.273,-19.814,76,0.667,0.445,0.221,1.313,214.085,176.812,152,122,71,69,-56.534,118
2022,8,48,Baylor,Big 12,3,3,37.241,67.747,34,0.500,0.678,-0.178,-1.079,264.384,227.143,193,159,73,70,39.818,30
2022,8,49,South Carolina,SEC,4,2,36.328,44.549,44,0.667,0.622,0.045,0.256,249.315,212.987,182,164,73,77,10.531,59
2022,8,50,Memphis,American Athletic,4,4,29.821,41.724,47,0.500,0.596,-0.096,-0.591,271.569,241.748,277,249,102,103,12.246,56
2022,8,51,NC State,ACC,4,2,29.048,100.094,20,0.667,0.810,-0.143,-0.870,195.714,166.667,137,115,70,69,85.642,4
2022,8,52,Washington State,Pac-12,3,3,26.257,56.792,40,0.500,0.674,-0.174,-1.056,214.493,188.235,148,128,69,68,33.395,37
2022,8,53,Troy,Sun Belt,5,2,22.222,9.068,63,0.714,0.533,0.181,1.072,175.309,153.086,142,124,81,81,-8.118,72
2022,8,54,Oklahoma,Big 12,4,3,21.505,81.491,29,0.571,0.731,-0.160,-0.970,254.839,233.333,237,217,93,93,39.227,32
2022,8,55,Florida State,ACC,3,3,21.139,97.110,22,0.500,0.730,-0.230,-1.392,241.429,220.290,169,152,70,69,81.212,5
2022,8,56,Coastal Carolina,Sun Belt,5,1,20.043,-45.071,87,0.833,0.397,0.437,2.605,285.714,265.672,200,178,70,67,-54.382,115
2022,8,57,Pittsburgh,ACC,3,3,19.587,8.427,64,0.500,0.524,-0.024,-0.155,213.415,193.827,175,157,82,81,-17.323,82
2022,8,58,Old Dominion,Sun Belt,3,4,12.840,3.577,67,0.429,0.511,-0.082,-0.506,211.765,198.925,180,185,85,93,-20.161,87
2022,8,59,Georgia Southern,Sun Belt,4,3,9.688,-26.643,78,0.571,0.444,0.127,0.750,280.952,271.264,236,236,84,87,-36.506,98
2022,8,60,SMU,American Athletic,2,4,9.657,42.230,46,0.333,0.608,-0.274,-1.656,253.247,243.590,195,190,77,78,48.701,24
2022,8,61,Texas Tech,Big 12,3,3,9.133,95.859,23,0.500,0.761,-0.261,-1.579,230.120,220.988,191,179,83,81,95.246,2
2022,8,62,Houston,American Athletic,4,3,7.743,43.956,45,0.571,0.611,-0.040,-0.252,265.882,258.140,226,222,85,86,30.730,39
2022,8,63,Kansas,Big 12,4,3,5.045,83.583,26,0.571,0.677,-0.106,-0.647,298.795,293.750,248,235,83,80,74.256,6
2022,8,64,App State,Sun Belt,3,3,3.922,-14.227,74,0.500,0.471,0.029,0.162,283.333,279.412,204,190,72,68,-16.514,79
2022,8,65,UTSA,Conference USA,5,2,-1.387,-48.646,89,0.714,0.399,0.315,1.875,287.654,289.041,233,211,81,73,-34.037,97
2022,8,66,Marshall,Sun Belt,2,3,-2.150,-10.787,72,0.400,0.464,-0.064,-0.394,143.056,145.205,103,106,72,73,-1.191,67
2022,8,67,Navy,American Athletic,2,4,-2.644,7.722,65,0.333,0.523,-0.190,-1.150,235.385,238.028,153,169,65,71,26.712,41
2022,8,68,Michigan State,Big Ten,3,4,-3.996,-34.924,82,0.429,0.393,0.036,0.201,227.711,231.707,189,190,83,82,17.625,49
2022,8,69,Arkansas,SEC,3,3,-6.366,64.306,36,0.500,0.643,-0.143,-0.872,258.108,264.474,191,201,74,76,63.036,13
2022,8,70,Missouri,SEC,2,4,-12.123,15.330,57,0.333,0.554,-0.220,-1.334,178.667,190.789,134,145,75,76,37.167,33
2022,8,71,Florida Atlantic,Conference USA,2,5,-13.183,-65.432,95,0.286,0.314,-0.028,-0.183,230.864,244.048,187,205,81,84,-57.633,119
2022,8,72,BYU,FBS Independents,4,4,-13.187,-7.283,71,0.500,0.483,0.017,0.092,264.835,278.022,241,253,91,91,17.455,50
2022,8,73,Purdue,Big Ten,4,3,-13.296,33.939,50,0.571,0.592,-0.020,-0.135,223.913,237.209,206,204,92,86,51.220,21
2022,8,74,California,Pac-12,2,4,-16.940,-34.903,81,0.333,0.374,-0.041,-0.259,181.690,198.630,129,145,71,73,-17.849,83
2022,8,75,Fresno State,Mountain West,2,4,-18.187,-27.281,79,0.333,0.428,-0.094,-0.578,204.348,222.535,141,158,69,71,4.123,63
2022,8,76,Miami,ACC,2,4,-21.959,-48.104,88,0.333,0.352,-0.019,-0.128,187.500,209.459,135,155,72,74,-32.260,96
2022,8,77,Iowa,Big Ten,2,4,-23.694,65.142,35,0.333,0.744,-0.410,-2.472,122.973,146.667,91,110,74,75,59.277,15
2022,8,78,Wyoming,Mountain West,4,3,-25.354,-33.916,80,0.571,0.403,0.169,0.997,185.882,211.236,158,188,85,89,-16.560,80
2022,8,79,Eastern Michigan,Mid-American,4,3,-37.218,-110.543,115,0.571,0.253,0.319,1.896,229.870,267.089,177,211,77,79,-83.002,127
2022,8,80,North Texas,Conference USA,3,4,-39.558,-67.293,97,0.429,0.322,0.107,0.626,240.217,279.775,221,249,92,89,-50.237,110
2022,8,81,UTEP,Conference USA,4,4,-40.172,-120.077,118,0.500,0.194,0.306,1.822,194.565,234.737,179,223,92,95,-94.126,129
2022,8,82,Ohio,Mid-American,4,3,-41.613,-67.579,98,0.571,0.335,0.236,1.404,223.864,265.476,197,223,88,84,-54.257,114
2022,8,83,Nebraska,Big Ten,2,4,-42.066,-42.651,86,0.333,0.389,-0.056,-0.349,207.317,249.383,170,202,82,81,-7.824,71
2022,8,84,Southern Miss,Sun Belt,3,3,-43.407,-57.093,92,0.500,0.311,0.189,1.117,142.308,185.714,111,143,78,77,-10.507,74
2022,8,85,UNLV,Mountain West,3,4,-43.724,-65.607,96,0.429,0.348,0.080,0.469,217.722,261.446,172,217,79,83,-31.422,95
2022,8,86,Texas State,Sun Belt,2,5,-44.525,-75.730,100,0.286,0.273,0.012,0.060,154.444,198.969,139,193,90,97,-42.727,104
2022,8,87,Texas A&M,SEC,2,4,-45.429,17.892,55,0.333,0.564,-0.230,-1.393,164.865,210.294,122,143,74,68,58.292,16
2022,8,88,Northern Illinois,Mid-American,1,6,-46.064,-96.344,108,0.143,0.297,-0.154,-0.936,261.728,307.792,212,237,81,77,-42.291,102
2022,8,89,Florida,SEC,3,3,-46.623,27.510,52,0.500,0.560,-0.060,-0.372,258.462,305.085,168,180,65,59,73.092,7
2022,8,90,Arizona,Pac-12,2,4,-49.315,-42.141,85,0.333,0.408,-0.075,-0.460,260.274,309.589,190,226,73,73,-1.615,68
2022,8,91,Tulsa,American Athletic,2,4,-51.389,-63.807,94,0.333,0.340,-0.007,-0.053,211.111,262.500,171,210,81,80,-19.079,84
2022,8,92,West Virginia,Big 12,2,4,-55.371,13.303,59,0.333,0.528,-0.195,-1.181,267.164,322.535,179,229,67,71,51.286,19
2022,8,93,San Diego State,Mountain West,3,3,-57.435,-101.285,112,0.500,0.146,0.354,2.110,141.176,198.611,96,143,68,72,-42.593,103
2022,8,94,Ball State,Mid-American,3,4,-57.598,-99.948,110,0.429,0.205,0.224,1.330,189.655,247.253,165,225,87,91,-62.417,122
2022,8,95,Georgia State,Sun Belt,2,5,-58.867,-98.642,109,0.286,0.198,0.088,0.516,213.043,271.910,196,242,92,89,-46.242,108
2022,8,96,Indiana,Big Ten,2,5,-60.967,-20.762,77,0.286,0.438,-0.153,-0.927,164.286,225.253,161,223,98,99,39.514,31
2022,8,97,Miami (OH),Mid-American,2,5,-61.067,-111.446,116,0.286,0.186,0.099,0.582,146.250,207.317,117,170,80,82,-45.976,107
2022,8,98,Stanford,Pac-12,2,4,-64.384,13.223,60,0.333,0.545,-0.211,-1.278,184.932,249.315,135,182,73,73,71.358,9
2022,8,99,Virginia,ACC,2,4,-65.823,-4.557,69,0.333,0.484,-0.151,-0.917,112.658,178.481,89,141,79,79,61.611,14
2022,8,100,Army,FBS Independents,1,4,-70.500,-88.680,105,0.200,0.327,-0.127,-0.773,287.500,358.000,138,179,48,50,-36.893,99
2022,8,101,Rutgers,Big Ten,3,3,-72.222,-61.528,93,0.500,0.301,0.199,1.180,125.000,197.222,95,142,76,72,1.832,64
2022,8,102,Northwestern,Big Ten,1,5,-75.178,-53.437,90,0.167,0.317,-0.151,-0.915,143.243,218.421,106,166,74,76,20.622,45
2022,8,103,Nevada,Mountain West,2,5,-77.245,-167.543,125,0.286,0.117,0.168,0.996,140.476,217.722,118,172,84,79,-85.980,128
2022,8,104,Bowling Green,Mid-American,4,3,-79.459,-88.299,104,0.571,0.265,0.306,1.822,177.011,256.471,154,218,87,85,-21.875,89
2022,8,105,Central Michigan,Mid-American,1,6,-79.485,-88.741,106,0.143,0.256,-0.113,-0.693,169.474,248.958,161,239,95,96,-10.955,76
2022,8,106,Middle Tennessee,Conference USA,2,4,-81.928,-111.461,117,0.333,0.233,0.100,0.589,177.108,259.036,147,215,83,83,-36.908,100
2022,8,107,Rice,Conference USA,3,3,-83.322,-55.529,91,0.500,0.362,0.138,0.815,228.986,312.308,158,203,69,65,-0.378,65
2022,8,108,Virginia Tech,ACC,1,5,-83.436,-106.611,114,0.167,0.147,0.020,0.106,130.488,213.924,107,169,82,79,-16.687,81
2022,8,109,Arizona State,Pac-12,1,5,-83.514,-14.764,75,0.167,0.459,-0.292,-1.765,204.545,288.060,135,193,66,67,66.335,10
2022,8,110,Utah State,Mountain West,3,4,-87.778,-78.274,101,0.429,0.274,0.155,0.914,162.222,250.000,146,215,90,86,-19.603,85
2022,8,111,Auburn,SEC,2,4,-90.667,25.976,53,0.333,0.577,-0.244,-1.474,152.000,242.667,114,182,75,75,104.100,1
2022,8,112,Arkansas State,Sun Belt,1,6,-98.684,-74.838,99,0.143,0.326,-0.184,-1.113,197.701,296.386,172,246,87,83,13.478,53
2022,8,113,Kent State,Mid-American,2,5,-102.352,-100.126,111,0.286,0.258,0.028,0.156,195.238,297.590,164,247,84,83,4.361,62
2022,8,114,Vanderbilt,SEC,2,5,-110.333,-37.692,84,0.286,0.387,-0.101,-0.619,194.318,304.651,171,262,88,86,50.299,22
2022,8,115,Georgia Tech,ACC,2,4,-115.368,-35.269,83,0.333,0.345,-0.012,-0.083,98.734,214.103,78,167,79,78,63.047,12
2022,8,116,Temple,American Athletic,1,5,-116.734,-103.971,113,0.167,0.113,0.054,0.309,97.368,214.103,74,167,76,78,-22.960,90
2022,8,117,Colorado State,Mountain West,2,4,-117.568,-148.584,122,0.333,0.079,0.254,1.512,108.108,225.676,80,167,74,74,-54.777,116
2022,8,118,New Mexico,Mountain West,1,6,-121.839,-164.438,124,0.143,0.054,0.089,0.519,106.897,228.736,93,199,87,87,-42.933,105
2022,8,119,Western Michigan,Mid-American,2,5,-122.865,-178.642,128,0.286,0.096,0.189,1.121,140.230,263.095,122,221,87,84,-51.246,111
2022,8,120,New Mexico State,FBS Independents,2,5,-123.893,-172.864,127,0.286,0.082,0.203,1.205,136.364,260.256,105,203,77,78,-99.603,131
2022,8,121,Louisiana Tech,Conference USA,1,5,-125.377,-135.849,120,0.167,0.216,-0.049,-0.309,201.205,326.582,167,258,83,79,-10.618,75
2022,8,122,Boston College,ACC,1,5,-133.411,-92.510,107,0.167,0.242,-0.076,-0.466,119.753,253.165,97,200,81,79,44.939,27
2022,8,123,UConn,FBS Independents,2,5,-137.763,-79.240,102,0.286,0.271,0.015,0.074,136.047,273.810,117,230,86,84,6.920,61
2022,8,124,South Florida,American Athletic,0,6,-144.643,-81.313,103,0.000,0.310,-0.310,-1.868,192.857,337.500,135,243,70,72,45.155,26
2022,8,125,Florida International,Conference USA,2,4,-151.814,-170.185,126,0.333,0.040,0.293,1.742,117.105,268.919,89,199,76,74,-98.098,130
2022,8,126,Charlotte,Conference USA,1,6,-173.750,-208.809,131,0.143,0.147,-0.004,-0.038,207.500,381.250,166,305,80,80,-47.491,109
2022,8,127,Akron,Mid-American,0,7,-182.688,-143.372,121,0.000,0.159,-0.159,-0.968,154.217,336.905,128,283,83,84,-28.610,94
2022,8,128,Hawai'i,Mountain West,1,6,-191.850,-184.279,129,0.143,0.117,0.026,0.144,144.048,335.897,121,262,84,78,-67.881,124
2022,8,129,UL Monroe,Sun Belt,1,6,-191.870,-120.961,119,0.143,0.207,-0.065,-0.400,166.667,358.537,145,294,87,82,18.871,48
2022,8,130,Massachusetts,FBS Independents,0,6,-199.342,-184.587,130,0.000,0.062,-0.062,-0.385,87.671,287.013,64,221,73,77,-12.192,77
2022,8,131,Colorado,Pac-12,1,6,-215.673,-155.104,123,0.143,0.127,0.015,0.080,123.077,338.750,96,271,78,80,43.938,28
2022,9,1,Georgia,SEC,7,0,267.901,212.472,1,1.000,0.960,0.040,0.216,371.605,103.704,301,84,81,81,14.756,53
2022,9,2,Michigan,Big Ten,8,0,259.341,165.265,5,1.000,0.879,0.121,0.716,360.440,101.099,328,92,91,91,-21.116,88
2022,9,3,Ohio State,Big Ten,8,0,257.337,207.476,2,1.000,0.906,0.094,0.548,391.000,133.663,391,135,100,101,14.377,55
2022,9,4,Alabama,SEC,7,1,222.982,186.873,3,0.875,0.937,-0.062,-0.403,345.000,122.018,345,133,100,109,38.800,30
2022,9,5,Tennessee,SEC,7,0,209.899,162.562,6,1.000,0.841,0.159,0.947,379.310,169.412,330,144,87,85,22.647,44
2022,9,6,USC,Pac-12,7,1,160.000,135.362,11,0.875,0.765,0.110,0.647,385.882,225.882,328,192,85,85,1.713,65
2022,9,7,Texas,Big 12,5,3,128.898,151.496,8,0.625,0.852,-0.227,-1.415,303.125,174.227,291,169,96,97,46.256,21
2022,9,8,Clemson,ACC,7,0,128.129,122.902,15,1.000,0.806,0.194,1.163,287.912,159.783,262,147,91,92,4.051,64
2022,9,9,UCF,American Athletic,5,2,121.156,76.864,33,0.714,0.704,0.011,0.039,277.108,155.952,230,131,83,84,1.043,67
2022,9,10,Minnesota,Big Ten,4,3,120.548,95.428,22,0.571,0.760,-0.188,-1.179,264.384,143.836,193,105,73,73,-18.048,85
2022,9,11,TCU,Big 12,7,0,116.749,172.865,4,1.000,0.846,0.154,0.918,335.227,218.478,295,201,88,92,52.221,15
2022,9,12,Illinois,Big Ten,6,1,113.824,123.753,14,0.857,0.893,-0.036,-0.248,194.505,80.682,177,71,91,88,14.513,54
2022,9,13,UCLA,Pac-12,6,1,105.861,105.123,18,0.857,0.714,0.143,0.853,348.718,242.857,272,187,78,77,13.400,56
2022,9,14,Air Force,Mountain West,4,3,105.655,23.596,57,0.571,0.568,0.004,-0.002,280.282,174.627,199,117,71,67,-65.361,122
2022,9,15,Utah,Pac-12,5,2,100.540,136.233,10,0.714,0.805,-0.090,-0.580,310.667,210.127,233,166,75,79,36.976,34
2022,9,16,San José State,Mountain West,4,2,100.509,26.775,54,0.667,0.591,0.076,0.438,236.620,136.111,168,98,71,72,-73.732,127
2022,9,17,Western Kentucky,Conference USA,4,4,97.277,-31.401,80,0.500,0.408,0.092,0.539,272.277,175.000,275,189,101,108,-68.146,125
2022,9,18,Tulane,American Athletic,6,1,95.970,90.111,25,0.857,0.756,0.101,0.596,261.446,165.476,217,139,83,84,-4.356,71
2022,9,19,Maryland,Big Ten,6,2,95.476,89.327,27,0.750,0.725,0.025,0.129,290.426,194.949,273,193,94,99,-4.048,70
2022,9,20,LSU,SEC,5,2,93.128,140.140,9,0.714,0.830,-0.115,-0.734,288.000,194.872,216,152,75,78,50.135,17
2022,9,21,Kansas State,Big 12,5,2,88.126,153.761,7,0.714,0.879,-0.164,-1.033,243.182,155.056,214,138,88,89,91.191,3
2022,9,22,Ole Miss,SEC,7,1,87.255,77.461,32,0.875,0.674,0.201,1.203,292.632,205.376,278,191,95,93,10.022,58
2022,9,23,Penn State,Big Ten,6,2,85.546,107.116,17,0.750,0.780,-0.030,-0.211,259.804,174.257,265,176,102,101,36.246,36
2022,9,24,South Alabama,Sun Belt,5,2,83.529,21.896,58,0.714,0.573,0.141,0.839,241.176,157.647,205,134,85,85,-56.349,115
2022,9,25,James Madison,Sun Belt,4,2,80.699,34.142,50,0.667,0.617,0.050,0.282,228.571,147.872,208,139,91,94,-51.280,110
2022,9,26,Mississippi State,SEC,5,3,79.735,126.733,13,0.625,0.817,-0.192,-1.204,264.583,184.848,254,183,96,99,53.668,13
2022,9,27,Boise State,Mountain West,5,2,78.310,-4.987,67,0.714,0.486,0.228,1.373,239.286,160.976,201,132,84,82,-67.230,124
2022,9,28,Louisville,ACC,5,3,77.673,81.515,29,0.625,0.755,-0.130,-0.821,233.333,155.660,238,165,102,106,21.351,46
2022,9,29,Syracuse,ACC,5,2,75.392,127.405,12,0.714,0.799,-0.085,-0.547,252.500,177.108,202,147,80,83,39.877,28
2022,9,30,Duke,ACC,4,3,75.220,50.280,40,0.571,0.625,-0.053,-0.353,269.048,193.827,226,157,84,81,-19.183,86
2022,9,31,Buffalo,Mid-American,5,2,72.274,7.993,62,0.714,0.523,0.191,1.147,251.163,178.889,216,161,86,90,-60.910,119
2022,9,32,Washington,Pac-12,5,2,71.795,50.108,41,0.714,0.601,0.113,0.668,347.436,275.641,271,215,78,78,-16.797,83
2022,9,33,Baylor,Big 12,4,3,70.476,102.034,19,0.571,0.748,-0.177,-1.109,280.000,209.524,238,176,85,84,41.870,26
2022,9,34,Liberty,FBS Independents,6,1,66.862,23.944,56,0.857,0.572,0.285,1.719,230.303,163.441,228,152,99,93,-50.200,109
2022,9,35,Wisconsin,Big Ten,3,4,64.118,41.955,45,0.429,0.610,-0.182,-1.139,270.000,205.882,216,175,80,85,24.912,43
2022,9,36,Wake Forest,ACC,5,2,63.184,78.694,31,0.714,0.689,0.026,0.131,287.097,223.913,267,206,93,92,11.695,57
2022,9,37,Oregon,Pac-12,6,1,59.627,119.260,16,0.857,0.733,0.124,0.733,336.250,276.623,269,213,80,77,49.084,18
2022,9,38,Notre Dame,FBS Independents,5,3,55.233,81.513,30,0.625,0.736,-0.111,-0.708,234.021,178.788,227,177,97,99,33.918,37
2022,9,39,North Carolina,ACC,6,1,54.405,49.156,43,0.857,0.605,0.252,1.519,312.360,257.955,278,227,89,88,-5.321,72
2022,9,40,Florida State,ACC,4,3,52.500,94.584,23,0.571,0.715,-0.143,-0.904,262.500,210.000,210,168,80,80,43.166,25
2022,9,41,Cincinnati,American Athletic,5,2,44.480,28.668,53,0.714,0.590,0.124,0.734,232.258,187.778,216,169,93,90,-10.251,76
2022,9,42,Oregon State,Pac-12,5,2,41.517,51.292,39,0.714,0.656,0.058,0.329,227.059,185.542,193,154,85,83,20.166,47
2022,9,43,Toledo,Mid-American,5,3,40.415,0.976,66,0.625,0.503,0.122,0.725,277.670,237.255,286,242,103,102,-58.262,116
2022,9,44,UAB,Conference USA,3,4,38.789,-29.648,77,0.429,0.399,0.029,0.153,219.277,180.488,182,148,83,82,-66.413,123
2022,9,45,Coastal Carolina,Sun Belt,6,1,37.368,-25.280,76,0.857,0.438,0.419,2.542,273.171,235.802,224,191,82,81,-48.568,107
2022,9,46,East Carolina,American Athletic,5,3,36.482,59.471,36,0.625,0.649,-0.024,-0.175,265.217,228.736,244,199,92,87,19.193,49
2022,9,47,Memphis,American Athletic,4,4,29.821,38.053,47,0.500,0.588,-0.088,-0.567,271.569,241.748,277,249,102,103,8.575,61
2022,9,48,Oklahoma,Big 12,5,3,29.748,100.495,20,0.625,0.772,-0.147,-0.926,246.729,216.981,264,230,107,106,51.907,16
2022,9,49,NC State,ACC,5,2,25.713,54.912,37,0.714,0.680,0.034,0.185,191.566,165.854,159,136,83,82,41.425,27
2022,9,50,Troy,Sun Belt,5,2,22.222,8.951,61,0.714,0.532,0.183,1.094,175.309,153.086,142,124,81,81,-8.235,75
2022,9,51,Louisiana,Sun Belt,3,4,22.101,-44.716,88,0.429,0.365,0.064,0.365,205.435,183.333,189,165,92,90,-71.463,126
2022,9,52,SMU,American Athletic,3,4,20.513,42.897,44,0.429,0.606,-0.178,-1.116,266.667,246.154,240,224,90,91,36.356,35
2022,9,53,Washington State,Pac-12,3,4,20.253,62.863,35,0.429,0.699,-0.271,-1.685,208.861,188.608,165,149,79,79,45.795,23
2022,9,54,Houston,American Athletic,5,3,19.792,26.400,55,0.625,0.566,0.059,0.335,279.167,259.375,268,249,96,96,0.851,68
2022,9,55,Iowa State,Big 12,2,5,19.394,96.693,21,0.286,0.840,-0.554,-3.424,165.823,146.429,131,123,79,84,88.217,4
2022,9,56,South Carolina,SEC,4,3,16.071,39.775,46,0.571,0.611,-0.040,-0.269,228.571,212.500,192,187,84,88,27.500,42
2022,9,57,Georgia Southern,Sun Belt,4,3,9.688,-24.385,75,0.571,0.448,0.123,0.729,280.952,271.264,236,236,84,87,-34.248,98
2022,9,58,Arkansas,SEC,4,3,7.576,76.791,34,0.571,0.668,-0.097,-0.619,266.667,259.091,232,228,87,88,62.790,11
2022,9,59,Oklahoma State,Big 12,5,2,7.547,93.021,24,0.714,0.753,-0.038,-0.261,235.849,228.302,250,242,106,106,70.009,8
2022,9,60,Kansas,Big 12,4,3,5.045,89.821,26,0.571,0.691,-0.120,-0.760,298.795,293.750,248,235,83,80,80.495,6
2022,9,61,Iowa,Big Ten,3,4,4.791,88.105,28,0.429,0.784,-0.355,-2.205,151.220,146.429,124,123,82,84,44.784,24
2022,9,62,Missouri,SEC,3,4,4.397,35.660,49,0.429,0.627,-0.198,-1.242,182.558,178.161,157,155,86,87,37.495,32
2022,9,63,App State,Sun Belt,3,3,3.922,3.671,64,0.500,0.508,-0.008,-0.073,283.333,279.412,204,190,72,68,1.384,66
2022,9,64,Kentucky,SEC,4,3,1.282,52.425,38,0.571,0.677,-0.105,-0.671,205.128,203.846,160,159,78,78,33.657,39
2022,9,65,Pittsburgh,ACC,3,4,0.000,1.128,65,0.429,0.503,-0.075,-0.484,211.702,211.702,199,199,94,94,-3.362,69
2022,9,66,UTSA,Conference USA,5,2,-1.387,-47.026,90,0.714,0.402,0.313,1.891,287.654,289.041,233,211,81,73,-32.416,95
2022,9,67,Florida Atlantic,Conference USA,3,5,-1.902,-48.547,91,0.375,0.363,0.012,0.047,229.348,231.250,211,222,92,96,-51.287,111
2022,9,68,Old Dominion,Sun Belt,3,5,-2.622,-21.554,73,0.375,0.437,-0.062,-0.408,203.093,205.714,197,216,97,105,-27.742,92
2022,9,69,Navy,American Athletic,3,4,-8.333,-14.453,69,0.429,0.458,-0.029,-0.206,225.000,233.333,180,189,80,81,4.681,63
2022,9,70,North Texas,Conference USA,4,4,-11.038,-33.607,81,0.500,0.407,0.093,0.541,250.962,262.000,261,262,104,100,-45.577,105
2022,9,71,BYU,FBS Independents,4,5,-12.228,7.341,63,0.444,0.518,-0.073,-0.476,265.000,277.228,265,280,100,101,29.701,40
2022,9,72,Fresno State,Mountain West,3,4,-13.249,-41.651,85,0.429,0.395,0.033,0.179,213.580,226.829,173,186,81,82,-16.464,82
2022,9,73,Purdue,Big Ten,4,3,-13.296,36.136,48,0.571,0.598,-0.026,-0.187,223.913,237.209,206,204,92,86,53.417,14
2022,9,74,Wyoming,Mountain West,5,3,-15.219,-43.688,87,0.625,0.372,0.253,1.525,190.722,205.941,185,208,97,101,-35.793,100
2022,9,75,Marshall,Sun Belt,2,4,-18.057,-31.259,79,0.333,0.383,-0.050,-0.332,134.884,152.941,116,130,86,85,-5.406,73
2022,9,76,Southern Miss,Sun Belt,4,3,-18.085,-40.040,84,0.571,0.370,0.201,1.206,159.574,177.660,150,167,94,94,-14.763,78
2022,9,77,Miami,ACC,3,4,-21.176,-30.086,78,0.429,0.403,0.025,0.130,175.294,196.471,149,167,85,85,-16.306,81
2022,9,78,Texas Tech,Big 12,3,4,-26.427,49.489,42,0.429,0.640,-0.211,-1.320,214.433,240.860,208,224,97,93,85.189,5
2022,9,79,Michigan State,Big Ten,3,5,-27.291,-34.614,82,0.375,0.393,-0.018,-0.135,210.753,238.043,196,219,93,92,38.866,29
2022,9,80,Miami (OH),Mid-American,3,5,-31.620,-102.334,113,0.375,0.192,0.183,1.095,154.839,186.458,144,179,93,96,-62.973,121
2022,9,81,California,Pac-12,2,5,-33.105,-15.417,70,0.286,0.444,-0.159,-0.998,184.337,217.442,153,187,83,86,16.783,51
2022,9,82,Georgia State,Sun Belt,3,5,-38.166,-59.356,94,0.375,0.310,0.065,0.372,218.269,256.436,227,259,104,101,-28.089,93
2022,9,83,Eastern Michigan,Mid-American,4,4,-38.602,-111.612,116,0.500,0.239,0.261,1.573,225.843,264.444,201,238,89,90,-81.832,129
2022,9,84,Texas A&M,SEC,2,5,-40.396,33.384,51,0.286,0.616,-0.330,-2.049,174.419,214.815,150,174,86,81,68.745,10
2022,9,85,Ohio,Mid-American,4,3,-41.613,-68.191,98,0.571,0.332,0.240,1.443,223.864,265.476,197,223,88,84,-54.868,113
2022,9,86,UNLV,Mountain West,3,4,-43.724,-55.842,92,0.429,0.368,0.061,0.347,217.722,261.446,172,217,79,83,-21.657,89
2022,9,87,UTEP,Conference USA,4,5,-44.433,-111.515,115,0.444,0.199,0.245,1.478,186.408,230.841,192,247,103,107,-79.357,128
2022,9,88,Texas State,Sun Belt,2,5,-44.525,-57.972,93,0.286,0.313,-0.027,-0.193,154.444,198.969,139,193,90,97,-24.969,90
2022,9,89,Northern Illinois,Mid-American,1,6,-46.064,-101.613,112,0.143,0.289,-0.146,-0.920,261.728,307.792,212,237,81,77,-47.560,106
2022,9,90,Arizona,Pac-12,2,5,-48.585,-11.276,68,0.286,0.475,-0.189,-1.185,270.238,318.824,227,271,84,85,28.980,41
2022,9,91,San Diego State,Mountain West,3,4,-51.371,-84.041,103,0.429,0.213,0.215,1.293,156.962,208.333,124,175,79,84,-32.002,94
2022,9,92,Nebraska,Big Ten,2,5,-54.132,-38.769,83,0.286,0.395,-0.109,-0.696,188.421,242.553,179,228,95,94,9.764,59
2022,9,93,Tulsa,American Athletic,2,5,-56.108,-65.170,96,0.286,0.339,-0.053,-0.350,218.085,274.194,205,255,94,93,-14.744,77
2022,9,94,Virginia,ACC,2,5,-56.256,-18.360,72,0.286,0.433,-0.147,-0.926,112.222,168.478,101,155,90,92,38.155,31
2022,9,95,Ball State,Mid-American,3,4,-57.598,-99.269,111,0.429,0.209,0.219,1.318,189.655,247.253,165,225,87,91,-61.738,120
2022,9,96,Indiana,Big Ten,2,5,-60.967,-23.080,74,0.286,0.433,-0.147,-0.928,164.286,225.253,161,223,98,99,37.197,33
2022,9,97,Middle Tennessee,Conference USA,3,4,-62.553,-104.166,114,0.429,0.237,0.192,1.150,180.000,242.553,171,228,95,94,-51.951,112
2022,9,98,Arizona State,Pac-12,2,5,-66.092,-44.782,89,0.286,0.386,-0.100,-0.641,221.250,287.342,177,227,80,79,22.351,45
2022,9,99,Florida,SEC,3,4,-66.135,33.018,52,0.429,0.572,-0.144,-0.908,237.975,304.110,188,222,79,73,94.538,2
2022,9,100,West Virginia,Big 12,2,5,-67.511,14.696,60,0.286,0.532,-0.246,-1.534,265.823,333.333,210,270,79,81,68.920,9
2022,9,101,Army,FBS Independents,1,4,-70.500,-87.219,106,0.200,0.328,-0.128,-0.812,287.500,358.000,138,179,48,50,-35.432,99
2022,9,102,Virginia Tech,ACC,1,6,-72.872,-84.395,104,0.143,0.217,-0.074,-0.479,134.737,207.609,128,191,95,92,-6.218,74
2022,9,103,Nevada,Mountain West,2,6,-73.788,-135.127,121,0.250,0.178,0.072,0.417,153.684,227.473,146,207,95,91,-59.120,118
2022,9,104,Bowling Green,Mid-American,4,3,-79.459,-87.044,105,0.571,0.270,0.302,1.825,177.011,256.471,154,218,87,85,-20.619,87
2022,9,105,Central Michigan,Mid-American,1,6,-79.485,-94.799,109,0.143,0.250,-0.107,-0.681,169.474,248.958,161,239,95,96,-17.013,84
2022,9,106,Utah State,Mountain West,3,4,-87.778,-74.288,99,0.429,0.288,0.141,0.838,162.222,250.000,146,215,90,86,-15.617,79
2022,9,107,Stanford,Pac-12,2,5,-90.943,-17.514,71,0.286,0.439,-0.153,-0.966,174.118,265.060,148,220,85,83,71.125,7
2022,9,108,Auburn,SEC,2,5,-91.340,16.756,59,0.286,0.550,-0.264,-1.647,162.069,253.409,141,223,87,88,96.631,1
2022,9,109,Northwestern,Big Ten,1,6,-93.531,-68.104,97,0.143,0.298,-0.155,-0.975,143.373,236.905,119,199,83,84,33.669,38
2022,9,110,New Mexico State,FBS Independents,3,5,-96.703,-153.122,125,0.375,0.103,0.272,1.640,140.659,237.363,128,216,91,91,-97.054,131
2022,9,111,Temple,American Athletic,1,6,-99.300,-92.481,107,0.143,0.160,-0.018,-0.133,109.302,208.602,94,194,86,93,-25.900,91
2022,9,112,Rutgers,Big Ten,3,4,-100.510,-76.466,100,0.429,0.249,0.180,1.077,110.465,210.976,95,173,86,82,17.843,50
2022,9,113,Kent State,Mid-American,2,5,-102.352,-99.096,110,0.286,0.263,0.022,0.112,195.238,297.590,164,247,84,83,5.391,62
2022,9,114,UConn,FBS Independents,3,5,-106.186,-79.479,102,0.375,0.249,0.126,0.744,134.021,240.206,130,233,97,97,-15.977,80
2022,9,115,Vanderbilt,SEC,2,5,-110.333,-42.082,86,0.286,0.374,-0.089,-0.570,194.318,304.651,171,262,88,86,45.910,22
2022,9,116,Charlotte,Conference USA,2,6,-111.384,-158.873,127,0.250,0.207,0.043,0.237,241.304,352.688,222,328,92,93,-48.730,108
2022,9,117,Arkansas State,Sun Belt,1,7,-113.998,-93.572,108,0.125,0.270,-0.145,-0.916,171.569,285.567,175,277,102,97,8.883,60
2022,9,118,Rice,Conference USA,3,4,-115.632,-121.464,118,0.429,0.207,0.221,1.330,220.732,336.364,181,259,82,77,-38.751,104
2022,9,119,Louisiana Tech,Conference USA,1,6,-119.504,-151.237,124,0.143,0.213,-0.070,-0.454,213.830,333.333,201,300,94,90,-33.506,97
2022,9,120,New Mexico,Mountain West,1,6,-121.839,-160.172,128,0.143,0.060,0.083,0.481,106.897,228.736,93,199,87,87,-38.666,103
2022,9,121,Western Michigan,Mid-American,2,5,-122.865,-182.841,130,0.286,0.093,0.193,1.157,140.230,263.095,122,221,87,84,-55.445,114
2022,9,122,Florida International,Conference USA,3,4,-123.543,-148.415,123,0.429,0.093,0.335,2.031,150.575,274.118,131,233,87,85,-97.016,130
2022,9,123,Boston College,ACC,1,6,-130.284,-111.778,117,0.143,0.178,-0.035,-0.240,106.383,236.667,100,213,94,90,19.622,48
2022,9,124,Georgia Tech,ACC,2,5,-131.919,-64.226,95,0.286,0.264,0.022,0.107,104.444,236.364,94,208,90,88,57.837,12
2022,9,125,South Florida,American Athletic,0,7,-140.873,-77.728,101,0.000,0.321,-0.321,-1.997,202.500,343.373,162,285,80,83,46.646,20
2022,9,126,Colorado State,Mountain West,2,5,-144.828,-148.121,122,0.286,0.085,0.201,1.207,103.448,248.276,90,216,87,87,-36.946,101
2022,9,127,Hawai'i,Mountain West,1,7,-174.236,-168.180,129,0.125,0.131,-0.006,-0.060,146.875,321.111,141,289,96,90,-59.040,117
2022,9,128,Akron,Mid-American,0,8,-178.351,-155.789,126,0.000,0.131,-0.131,-0.831,141.237,319.588,137,310,97,97,-37.447,102
2022,9,129,Massachusetts,FBS Independents,0,7,-178.597,-190.406,131,0.000,0.054,-0.054,-0.356,89.535,268.132,77,244,86,91,-33.456,96
2022,9,130,Colorado,Pac-12,1,7,-188.534,-129.142,120,0.125,0.179,-0.054,-0.355,144.444,332.979,130,313,90,94,47.104,19
2022,9,131,UL Monroe,Sun Belt,1,6,-191.870,-124.193,119,0.143,0.207,-0.064,-0.417,166.667,358.537,145,294,87,82,15.640,52
2022,10,1,Michigan,Big Ten,9,0,257.097,163.898,6,1.000,0.871,0.129,0.744,361.905,104.808,380,109,105,104,-22.958,81
2022,10,2,Georgia,SEC,8,0,247.253,222.739,1,1.000,0.971,0.029,0.157,352.688,105.435,328,97,93,92,36.386,37
2022,10,3,Ohio State,Big Ten,9,0,243.296,203.436,2,1.000,0.913,0.087,0.497,367.857,124.561,412,142,112,114,18.331,54
2022,10,4,Alabama,SEC,7,2,199.351,177.741,3,0.778,0.921,-0.143,-0.861,335.714,136.364,376,165,112,121,47.047,23
2022,10,5,Tennessee,SEC,7,1,173.711,164.183,5,0.875,0.850,0.025,0.132,350.000,176.289,343,171,98,97,55.110,17
2022,10,6,USC,Pac-12,8,1,148.780,135.333,11,0.889,0.762,0.127,0.730,380.412,231.633,369,227,97,98,8.485,62
2022,10,7,Western Kentucky,Conference USA,5,4,136.231,-25.039,77,0.556,0.421,0.135,0.781,298.214,161.983,334,196,112,121,-87.072,129
2022,10,8,Texas,Big 12,6,3,121.109,155.822,7,0.667,0.857,-0.190,-1.140,300.926,179.817,325,196,108,109,55.794,14
2022,10,9,TCU,Big 12,8,0,113.478,169.409,4,1.000,0.850,0.150,0.872,325.743,212.264,329,225,101,106,52.583,19
2022,10,10,UCF,American Athletic,6,2,113.322,85.196,29,0.750,0.732,0.018,0.090,278.947,165.625,265,159,95,96,11.560,60
2022,10,11,Utah,Pac-12,6,2,111.513,145.860,9,0.750,0.827,-0.077,-0.473,315.909,204.396,278,186,88,91,36.574,36
2022,10,12,Minnesota,Big Ten,5,3,110.112,86.635,28,0.625,0.750,-0.125,-0.756,250.588,140.476,213,118,85,84,-18.718,78
2022,10,13,UCLA,Pac-12,7,1,107.216,101.934,22,0.875,0.702,0.173,1.007,357.778,250.562,322,223,90,89,7.093,64
2022,10,14,San José State,Mountain West,5,2,103.310,25.385,53,0.714,0.581,0.133,0.770,239.024,135.714,196,114,82,84,-78.080,126
2022,10,15,Penn State,Big Ten,7,2,101.164,117.627,13,0.778,0.802,-0.024,-0.160,264.957,163.793,310,190,117,116,33.890,39
2022,10,16,Tulane,American Athletic,7,1,100.663,75.881,31,0.875,0.730,0.145,0.841,262.366,161.702,244,152,93,94,-24.278,84
2022,10,17,Oregon,Pac-12,7,1,98.889,125.556,12,0.875,0.755,0.120,0.695,349.451,250.562,318,223,91,89,31.387,44
2022,10,18,Air Force,Mountain West,5,3,97.498,15.338,58,0.625,0.548,0.077,0.435,258.537,161.039,212,124,82,77,-68.523,124
2022,10,19,Illinois,Big Ten,6,2,92.408,101.476,23,0.750,0.836,-0.086,-0.526,186.408,94.000,192,94,103,100,14.224,57
2022,10,20,Louisville,ACC,6,3,91.135,98.510,25,0.667,0.788,-0.121,-0.732,240.708,149.573,272,175,113,117,20.789,51
2022,10,21,Clemson,ACC,7,1,89.530,93.429,26,0.875,0.740,0.135,0.784,267.961,178.431,276,182,103,102,18.601,53
2022,10,22,Florida State,ACC,5,3,89.262,105.978,19,0.625,0.750,-0.125,-0.756,277.174,187.912,255,171,92,91,32.104,42
2022,10,23,Ole Miss,SEC,7,1,87.255,75.686,32,0.875,0.674,0.201,1.171,292.632,205.376,278,191,95,93,8.247,63
2022,10,24,LSU,SEC,6,2,81.724,147.918,8,0.750,0.832,-0.082,-0.497,285.057,203.333,248,183,87,90,68.122,10
2022,10,25,South Alabama,Sun Belt,6,2,77.856,21.090,56,0.750,0.570,0.180,1.045,247.959,170.103,243,165,98,97,-51.621,112
2022,10,26,Notre Dame,FBS Independents,6,3,72.788,107.161,17,0.667,0.790,-0.123,-0.742,244.860,172.072,262,191,107,111,38.928,35
2022,10,27,Mississippi State,SEC,6,3,71.466,113.262,15,0.667,0.789,-0.122,-0.737,259.292,187.826,293,216,113,115,45.742,25
2022,10,28,Maryland,Big Ten,6,3,70.887,76.275,30,0.667,0.708,-0.042,-0.263,262.037,191.150,283,216,108,113,3.592,67
2022,10,29,Kansas State,Big 12,5,3,70.703,142.984,10,0.625,0.852,-0.227,-1.354,241.000,170.297,241,172,100,101,95.526,2
2022,10,30,Duke,ACC,5,3,69.388,40.731,46,0.625,0.601,0.024,0.126,269.388,200.000,264,188,98,94,-24.170,83
2022,10,31,Boise State,Mountain West,5,3,69.063,-2.564,66,0.625,0.493,0.132,0.762,246.237,177.174,229,163,93,92,-57.166,115
2022,10,32,Wisconsin,Big Ten,4,4,67.387,61.373,36,0.500,0.669,-0.169,-1.015,254.255,186.869,239,185,94,99,34.853,38
2022,10,33,Washington,Pac-12,6,2,67.045,58.661,38,0.750,0.622,0.128,0.739,335.227,268.182,295,236,88,88,-3.631,71
2022,10,34,Baylor,Big 12,5,3,64.744,103.781,20,0.625,0.742,-0.117,-0.708,284.536,219.792,276,211,97,96,48.013,21
2022,10,35,Liberty,FBS Independents,7,1,61.001,24.625,54,0.875,0.581,0.294,1.721,222.321,161.321,249,171,112,106,-42.175,102
2022,10,36,Washington State,Pac-12,4,4,60.601,87.048,27,0.500,0.753,-0.253,-1.510,235.870,175.269,217,163,92,93,44.229,27
2022,10,37,Syracuse,ACC,5,3,53.965,107.104,18,0.625,0.777,-0.152,-0.911,226.882,172.917,211,166,93,96,40.132,33
2022,10,38,Cincinnati,American Athletic,6,2,52.855,37.873,47,0.750,0.621,0.129,0.747,233.663,180.808,236,179,101,99,-13.543,77
2022,10,39,Wake Forest,ACC,5,3,50.000,72.330,33,0.625,0.670,-0.045,-0.283,276.923,226.923,288,236,104,104,21.092,50
2022,10,40,James Madison,Sun Belt,4,3,48.964,2.482,62,0.571,0.508,0.063,0.358,213.725,164.762,218,173,102,105,-39.568,98
2022,10,41,North Carolina,ACC,7,1,48.796,43.624,45,0.875,0.592,0.283,1.656,309.000,260.204,309,255,100,98,-4.270,72
2022,10,42,Buffalo,Mid-American,5,3,46.821,-15.528,70,0.625,0.456,0.169,0.979,244.898,198.077,240,206,98,104,-60.640,118
2022,10,43,Toledo,Mid-American,5,3,40.415,-2.063,65,0.625,0.495,0.130,0.753,277.670,237.255,286,242,103,102,-61.301,119
2022,10,44,Coastal Carolina,Sun Belt,7,1,40.048,-14.748,69,0.875,0.464,0.411,2.411,275.532,235.484,259,219,94,93,-42.416,103
2022,10,45,Fresno State,Mountain West,4,4,36.571,-21.211,73,0.500,0.446,0.054,0.301,250.549,213.978,228,199,91,93,-35.650,94
2022,10,46,East Carolina,American Athletic,5,3,36.482,53.467,42,0.625,0.634,-0.009,-0.068,265.217,228.736,244,199,92,87,13.190,58
2022,10,47,SMU,American Athletic,4,4,34.434,56.998,39,0.500,0.624,-0.124,-0.747,307.767,273.333,317,287,103,105,33.486,40
2022,10,48,Oregon State,Pac-12,5,3,33.865,54.220,41,0.625,0.672,-0.047,-0.293,225.263,191.398,214,178,95,93,30.735,45
2022,10,49,Iowa State,Big 12,3,5,33.379,110.020,16,0.375,0.883,-0.508,-3.017,176.087,142.708,162,137,92,96,87.379,4
2022,10,50,UAB,Conference USA,3,5,32.679,-31.944,83,0.375,0.404,-0.029,-0.187,239.130,206.452,220,192,92,93,-66.891,123
2022,10,51,Kansas,Big 12,5,3,30.627,114.132,14,0.625,0.741,-0.116,-0.698,306.452,275.824,285,251,93,91,77.903,8
2022,10,52,NC State,ACC,6,2,30.130,60.845,37,0.750,0.696,0.054,0.306,198.947,168.817,189,157,95,93,41.658,31
2022,10,53,Troy,Sun Belt,6,2,27.735,2.107,64,0.750,0.507,0.243,1.417,179.348,151.613,165,141,92,93,-21.358,79
2022,10,54,Iowa,Big Ten,4,4,27.218,102.582,21,0.500,0.834,-0.334,-1.984,155.789,128.571,148,126,95,98,44.278,26
2022,10,55,South Carolina,SEC,5,3,25.232,36.614,48,0.625,0.600,0.025,0.133,237.113,211.881,230,214,97,101,15.297,56
2022,10,56,Oklahoma,Big 12,5,4,24.142,100.769,24,0.556,0.763,-0.208,-1.241,251.261,227.119,299,268,119,118,60.358,11
2022,10,57,North Texas,Conference USA,5,4,21.006,-25.485,78,0.556,0.430,0.126,0.728,265.254,244.248,313,276,118,113,-57.493,116
2022,10,58,Memphis,American Athletic,4,5,20.587,32.563,50,0.444,0.577,-0.132,-0.797,267.544,246.957,305,284,114,115,12.842,59
2022,10,59,Louisiana,Sun Belt,3,5,11.938,-49.038,90,0.375,0.352,0.023,0.118,198.077,186.139,206,188,104,101,-64.014,122
2022,10,60,Pittsburgh,ACC,4,4,9.346,28.991,51,0.500,0.591,-0.091,-0.555,203.738,194.393,218,208,107,107,15.447,55
2022,10,61,Kentucky,SEC,5,3,7.705,55.211,40,0.625,0.682,-0.057,-0.353,201.111,193.407,181,176,90,91,33.261,41
2022,10,62,Arkansas,SEC,4,4,4.465,64.523,35,0.500,0.650,-0.150,-0.901,251.000,246.535,251,249,100,101,54.195,18
2022,10,63,Georgia Southern,Sun Belt,4,4,4.125,-22.418,75,0.500,0.452,0.048,0.266,278.125,274.000,267,274,96,100,-26.801,86
2022,10,64,Houston,American Athletic,5,4,1.827,11.547,59,0.556,0.527,0.029,0.154,300.909,299.083,331,326,110,109,4.648,65
2022,10,65,Florida Atlantic,Conference USA,3,5,-1.902,-47.373,89,0.375,0.364,0.011,0.048,229.348,231.250,211,222,92,96,-50.113,110
2022,10,66,Missouri,SEC,3,5,-2.020,35.665,49,0.375,0.626,-0.251,-1.495,175.758,177.778,174,176,99,99,42.799,28
2022,10,67,UTSA,Conference USA,6,2,-2.572,-50.339,92,0.750,0.402,0.348,2.039,301.087,303.659,277,249,92,82,-34.778,93
2022,10,68,Marshall,Sun Belt,3,4,-4.580,-21.300,74,0.429,0.411,0.018,0.089,126.733,131.313,128,130,101,99,-10.569,73
2022,10,69,App State,Sun Belt,3,4,-5.060,-18.145,71,0.429,0.460,-0.032,-0.203,276.190,281.250,232,225,84,80,-11.772,75
2022,10,70,BYU,FBS Independents,5,5,-10.909,5.139,61,0.500,0.512,-0.012,-0.089,269.091,280.000,296,308,110,110,25.374,48
2022,10,71,Old Dominion,Sun Belt,3,6,-12.523,-28.222,80,0.333,0.413,-0.080,-0.486,177.477,190.000,197,228,111,120,-24.833,85
2022,10,72,Oklahoma State,Big 12,5,3,-13.167,67.726,34,0.625,0.692,-0.067,-0.413,227.350,240.517,266,279,117,116,75.659,9
2022,10,73,Georgia State,Sun Belt,4,5,-13.423,-44.762,86,0.444,0.362,0.082,0.469,226.050,239.474,269,273,119,114,-36.115,96
2022,10,74,Wyoming,Mountain West,5,3,-15.219,-49.844,91,0.625,0.355,0.270,1.579,190.722,205.941,185,208,97,101,-41.949,101
2022,10,75,Michigan State,Big Ten,4,5,-16.429,-9.053,67,0.444,0.473,-0.029,-0.184,208.571,225.000,219,234,105,104,48.855,20
2022,10,76,Ohio,Mid-American,5,3,-20.037,-40.277,84,0.625,0.401,0.224,1.305,237.255,257.292,242,247,102,96,-43.798,105
2022,10,77,Navy,American Athletic,3,5,-21.348,-24.719,76,0.375,0.426,-0.051,-0.317,213.483,234.831,190,209,89,89,9.384,61
2022,10,78,Miami (OH),Mid-American,3,5,-31.620,-98.131,111,0.375,0.207,0.168,0.973,154.839,186.458,144,179,93,96,-58.770,117
2022,10,79,Purdue,Big Ten,4,4,-33.133,23.816,55,0.500,0.565,-0.065,-0.398,197.170,230.303,209,228,106,99,59.335,12
2022,10,80,Texas Tech,Big 12,3,5,-34.387,48.919,43,0.375,0.644,-0.269,-1.605,209.009,243.396,232,258,111,106,91.419,3
2022,10,81,California,Pac-12,2,6,-36.820,2.334,63,0.250,0.508,-0.258,-1.538,195.833,232.653,188,228,96,98,39.565,34
2022,10,82,Southern Miss,Sun Belt,4,4,-38.472,-72.274,101,0.500,0.283,0.217,1.266,153.271,191.743,164,209,107,109,-28.617,87
2022,10,83,Eastern Michigan,Mid-American,4,4,-38.602,-113.313,116,0.500,0.237,0.263,1.538,225.843,264.444,201,238,89,90,-83.534,127
2022,10,84,Florida,SEC,4,4,-39.810,44.845,44,0.500,0.599,-0.099,-0.600,246.237,286.047,229,246,93,86,85.144,5
2022,10,85,UNLV,Mountain West,3,5,-40.318,-56.275,94,0.375,0.359,0.016,0.076,197.826,238.144,182,231,92,97,-23.479,82
2022,10,86,Texas State,Sun Belt,2,6,-41.427,-81.844,105,0.250,0.246,0.004,0.006,164.078,205.505,169,224,103,109,-49.521,109
2022,10,87,San Diego State,Mountain West,4,4,-42.335,-76.473,104,0.500,0.214,0.286,1.669,148.387,190.722,138,185,93,97,-33.823,92
2022,10,88,Ball State,Mid-American,4,4,-43.234,-88.760,107,0.500,0.234,0.266,1.556,190.099,233.333,192,245,101,105,-62.171,120
2022,10,89,UTEP,Conference USA,4,6,-49.692,-126.347,118,0.400,0.182,0.218,1.269,193.043,242.735,222,284,115,117,-85.405,128
2022,10,90,Texas A&M,SEC,2,6,-50.558,10.739,60,0.250,0.537,-0.287,-1.709,175.758,226.316,174,215,99,95,55.210,16
2022,10,91,Northern Illinois,Mid-American,1,7,-50.609,-106.038,114,0.125,0.275,-0.150,-0.899,251.613,302.222,234,272,93,90,-48.004,106
2022,10,92,Virginia,ACC,2,6,-51.583,-19.512,72,0.250,0.431,-0.181,-1.083,129.000,180.583,129,186,100,103,30.166,46
2022,10,93,Nebraska,Big Ten,2,6,-52.830,-29.546,82,0.250,0.416,-0.166,-0.995,181.132,233.962,192,248,106,106,18.981,52
2022,10,94,Virginia Tech,ACC,1,7,-59.259,-75.783,103,0.125,0.257,-0.132,-0.793,143.519,202.778,155,219,108,108,-11.465,74
2022,10,95,Central Michigan,Mid-American,2,6,-60.185,-86.319,106,0.250,0.264,-0.014,-0.099,181.481,241.667,196,261,108,108,-28.993,88
2022,10,96,Miami,ACC,3,5,-60.223,-52.842,93,0.375,0.323,0.052,0.291,158.333,218.557,152,212,96,97,-11.902,76
2022,10,97,Utah State,Mountain West,4,4,-61.631,-71.802,99,0.500,0.296,0.204,1.188,167.961,229.592,173,225,103,98,-36.010,95
2022,10,98,Temple,American Athletic,2,6,-62.441,-70.505,98,0.250,0.253,-0.003,-0.032,151.020,213.462,148,222,98,104,-36.678,97
2022,10,99,Tulsa,American Athletic,2,6,-64.171,-62.207,95,0.250,0.342,-0.092,-0.557,209.615,273.786,218,282,104,103,-0.584,69
2022,10,100,Army,FBS Independents,1,5,-64.754,-74.036,102,0.167,0.332,-0.166,-0.993,250.000,314.754,145,192,58,61,-22.850,80
2022,10,101,Arizona,Pac-12,2,6,-65.157,-10.857,68,0.250,0.475,-0.225,-1.347,257.292,322.449,247,316,96,98,46.803,24
2022,10,102,Bowling Green,Mid-American,5,3,-65.334,-93.722,108,0.625,0.241,0.384,2.253,168.687,234.021,167,227,99,97,-39.767,99
2022,10,103,Middle Tennessee,Conference USA,3,5,-66.972,-128.717,119,0.375,0.172,0.203,1.180,178.899,245.872,195,268,109,109,-71.124,125
2022,10,104,Arizona State,Pac-12,2,6,-72.874,-43.455,85,0.250,0.392,-0.142,-0.853,231.522,304.396,213,277,92,91,29.869,47
2022,10,105,Nevada,Mountain West,2,6,-73.788,-138.835,121,0.250,0.174,0.076,0.431,153.684,227.473,146,207,95,91,-62.828,121
2022,10,106,West Virginia,Big 12,2,6,-74.059,19.241,57,0.250,0.542,-0.292,-1.738,246.154,320.213,224,301,91,94,81.911,6
2022,10,107,UConn,FBS Independents,4,5,-77.565,-72.181,100,0.444,0.271,0.173,1.006,145.370,222.936,157,243,108,109,-33.749,91
2022,10,108,Indiana,Big Ten,2,6,-80.220,-28.840,81,0.250,0.416,-0.166,-0.998,154.867,235.088,175,268,113,114,47.235,22
2022,10,109,Auburn,SEC,2,6,-80.592,27.565,52,0.250,0.582,-0.332,-1.974,168.932,249.524,174,262,103,105,100.351,1
2022,10,110,Rice,Conference USA,4,4,-87.763,-110.437,115,0.500,0.236,0.264,1.541,236.957,324.719,218,289,92,89,-53.063,113
2022,10,111,Louisiana Tech,Conference USA,2,6,-90.438,-141.256,122,0.250,0.218,0.032,0.173,221.101,311.538,241,324,109,104,-50.146,111
2022,10,112,Kent State,Mid-American,2,6,-94.719,-97.035,110,0.250,0.261,-0.011,-0.081,187.755,282.474,184,274,98,97,0.641,68
2022,10,113,New Mexico State,FBS Independents,3,5,-96.703,-159.269,125,0.375,0.095,0.280,1.636,140.659,237.363,128,216,91,91,-103.201,131
2022,10,114,Northwestern,Big Ten,1,7,-97.917,-44.902,87,0.125,0.358,-0.233,-1.394,131.250,229.167,126,220,96,96,59.293,13
2022,10,115,Vanderbilt,SEC,2,6,-106.991,-46.307,88,0.250,0.365,-0.115,-0.696,196.040,303.030,198,300,101,99,41.263,32
2022,10,116,Western Michigan,Mid-American,2,6,-111.427,-164.248,127,0.250,0.099,0.151,0.875,132.323,243.750,131,234,99,96,-48.610,108
2022,10,117,Arkansas State,Sun Belt,1,7,-113.998,-103.065,113,0.125,0.250,-0.125,-0.751,171.569,285.567,175,277,102,97,-0.610,70
2022,10,118,Georgia Tech,ACC,3,5,-117.579,-69.052,97,0.375,0.265,0.110,0.634,115.094,232.673,122,235,106,101,41.839,29
2022,10,119,Boston College,ACC,1,7,-118.916,-94.305,109,0.125,0.219,-0.094,-0.569,122.430,241.346,131,251,107,104,24.791,49
2022,10,120,Stanford,Pac-12,2,6,-119.697,-27.137,79,0.250,0.410,-0.160,-0.959,163.636,283.333,162,272,99,96,78.307,7
2022,10,121,Rutgers,Big Ten,3,5,-121.244,-64.683,96,0.375,0.291,0.084,0.478,113.131,234.375,112,225,99,96,41.670,30
2022,10,122,New Mexico,Mountain West,1,7,-121.960,-164.286,128,0.125,0.052,0.073,0.414,104.040,226.000,103,226,99,100,-42.424,104
2022,10,123,Colorado State,Mountain West,2,6,-141.909,-143.708,123,0.250,0.097,0.153,0.890,107.071,248.980,106,244,99,98,-31.278,90
2022,10,124,Florida International,Conference USA,3,5,-142.879,-160.368,126,0.375,0.083,0.292,1.707,145.000,287.879,145,285,100,99,-91.355,130
2022,10,125,South Florida,American Athletic,0,8,-148.051,-101.165,112,0.000,0.285,-0.285,-1.695,208.791,356.842,190,339,91,95,32.094,43
2022,10,126,Charlotte,Conference USA,2,7,-154.020,-175.429,129,0.222,0.171,0.051,0.285,218.095,372.115,229,387,105,104,-48.153,107
2022,10,127,UL Monroe,Sun Belt,2,6,-163.275,-114.918,117,0.250,0.233,0.017,0.084,177.778,341.053,176,324,99,95,3.990,66
2022,10,128,Massachusetts,FBS Independents,0,8,-176.911,-199.141,131,0.000,0.047,-0.047,-0.294,88.776,265.686,87,271,98,102,-41.544,100
2022,10,129,Akron,Mid-American,0,8,-178.351,-147.808,124,0.000,0.147,-0.147,-0.886,141.237,319.588,137,310,97,97,-29.466,89
2022,10,130,Hawai'i,Mountain West,1,8,-200.075,-184.636,130,0.111,0.111,0.001,-0.013,143.925,344.000,154,344,107,100,-55.199,114
2022,10,131,Colorado,Pac-12,1,8,-207.507,-130.108,120,0.111,0.171,-0.060,-0.371,137.255,344.762,140,362,102,105,55.679,15
2022,11,1,Michigan,Big Ten,10,0,264.912,179.551,3,1.000,0.896,0.104,0.599,363.158,98.246,414,112,114,114,-20.064,78
2022,11,2,Ohio State,Big Ten,10,0,248.504,197.615,2,1.000,0.911,0.089,0.511,368.504,120.000,468,156,127,130,11.771,61
2022,11,3,Georgia,SEC,9,0,240.348,233.107,1,1.000,0.972,0.028,0.148,351.887,111.538,373,116,106,104,46.590,27
2022,11,4,Tennessee,SEC,8,1,191.071,175.957,5,0.889,0.859,0.030,0.158,365.179,174.107,409,195,112,112,55.511,23
2022,11,5,Alabama,SEC,8,2,183.755,174.412,6,0.800,0.919,-0.119,-0.723,324.800,141.045,406,189,125,134,52.172,24
2022,11,6,USC,Pac-12,9,1,167.173,137.440,11,0.900,0.769,0.131,0.760,388.991,221.818,424,244,109,110,-0.056,67
2022,11,7,Western Kentucky,Conference USA,6,4,155.971,0.899,64,0.600,0.503,0.097,0.560,313.223,157.252,379,206,121,131,-87.153,129
2022,11,8,Utah,Pac-12,7,2,135.442,168.017,8,0.778,0.860,-0.083,-0.509,326.531,191.089,320,193,98,101,39.763,34
2022,11,9,Minnesota,Big Ten,6,3,125.505,96.418,20,0.667,0.781,-0.114,-0.696,251.546,126.042,244,121,97,96,-23.155,82
2022,11,10,Air Force,Mountain West,6,3,120.804,25.236,54,0.667,0.576,0.090,0.519,268.478,147.674,247,127,92,86,-80.047,126
2022,11,11,Penn State,Big Ten,8,2,113.101,137.083,12,0.800,0.851,-0.051,-0.319,261.538,148.438,340,190,130,128,40.181,32
2022,11,12,Florida State,ACC,6,3,112.799,129.402,13,0.667,0.805,-0.139,-0.842,281.731,168.932,293,174,104,103,37.811,35
2022,11,13,UCF,American Athletic,7,2,108.279,88.357,24,0.778,0.728,0.050,0.280,285.849,177.570,303,190,106,107,15.832,57
2022,11,14,Texas,Big 12,6,4,104.577,162.453,9,0.600,0.879,-0.279,-1.676,279.167,174.590,335,213,120,122,77.171,9
2022,11,15,TCU,Big 12,9,0,104.356,179.246,4,1.000,0.877,0.123,0.715,303.509,199.153,346,235,114,118,70.129,12
2022,11,16,Boise State,Mountain West,6,3,97.527,15.872,57,0.667,0.546,0.121,0.701,257.143,159.615,270,166,105,104,-58.589,116
2022,11,17,Clemson,ACC,8,1,93.966,100.858,18,0.889,0.755,0.134,0.778,264.655,170.690,307,198,116,116,20.547,52
2022,11,18,Kansas State,Big 12,6,3,90.450,172.654,7,0.667,0.902,-0.235,-1.418,249.541,159.091,272,175,109,110,95.902,1
2022,11,19,UCLA,Pac-12,7,2,90.404,86.292,25,0.778,0.676,0.102,0.587,350.000,259.596,350,257,100,99,8.656,63
2022,11,20,South Alabama,Sun Belt,7,2,87.156,23.893,55,0.778,0.574,0.204,1.195,257.798,170.642,281,186,109,109,-59.679,117
2022,11,21,Tulane,American Athletic,7,2,83.471,73.824,34,0.778,0.707,0.071,0.403,264.423,180.952,275,190,104,105,-8.136,73
2022,11,22,Oregon,Pac-12,7,2,83.209,110.403,14,0.778,0.727,0.051,0.285,348.515,265.306,352,260,101,98,34.599,41
2022,11,23,Duke,ACC,6,3,78.506,40.727,46,0.667,0.606,0.060,0.341,264.220,185.714,288,195,109,105,-34.134,93
2022,11,24,Illinois,Big Ten,6,3,75.587,81.482,28,0.667,0.778,-0.111,-0.679,186.207,110.619,216,125,116,113,9.908,62
2022,11,25,San José State,Mountain West,5,3,74.522,-2.113,65,0.625,0.494,0.131,0.761,239.785,165.263,223,157,93,95,-74.463,125
2022,11,26,James Madison,Sun Belt,5,3,71.960,17.555,56,0.625,0.558,0.067,0.382,223.684,151.724,255,176,114,116,-48.121,100
2022,11,27,Ole Miss,SEC,7,2,71.139,78.022,31,0.778,0.678,0.100,0.575,279.630,208.491,302,221,108,106,23.205,50
2022,11,28,LSU,SEC,7,2,71.037,144.396,10,0.778,0.847,-0.069,-0.428,258.416,187.379,261,193,101,103,71.695,11
2022,11,29,Louisville,ACC,6,4,68.310,88.672,23,0.600,0.765,-0.165,-1.000,226.772,158.462,288,206,127,130,31.141,45
2022,11,30,Notre Dame,FBS Independents,7,3,68.279,89.442,22,0.700,0.742,-0.042,-0.267,249.580,181.301,297,223,119,123,25.533,48
2022,11,31,Washington,Pac-12,7,2,66.758,77.076,32,0.778,0.658,0.120,0.696,342.268,275.510,332,270,97,98,13.804,59
2022,11,32,Washington State,Pac-12,5,4,60.952,82.118,26,0.556,0.747,-0.192,-1.158,233.333,172.381,245,181,105,105,36.791,36
2022,11,33,Oregon State,Pac-12,6,3,55.212,81.631,27,0.667,0.739,-0.073,-0.450,237.736,182.524,252,188,106,103,33.483,42
2022,11,34,Liberty,FBS Independents,7,2,51.650,10.375,61,0.778,0.532,0.246,1.444,225.600,173.950,282,207,125,119,-46.438,99
2022,11,35,Cincinnati,American Athletic,7,2,48.165,40.406,47,0.778,0.629,0.149,0.868,228.696,180.531,263,204,115,113,-6.884,72
2022,11,36,UAB,Conference USA,4,5,46.602,-14.255,70,0.444,0.459,-0.014,-0.104,253.398,206.796,261,213,103,103,-63.400,121
2022,11,37,UTSA,Conference USA,7,2,46.300,-24.986,74,0.778,0.448,0.330,1.944,321.569,275.269,328,256,102,93,-42.972,96
2022,11,38,Mississippi State,SEC,6,4,45.694,103.163,17,0.600,0.754,-0.154,-0.932,249.600,203.906,312,261,125,128,61.177,15
2022,11,39,North Carolina,ACC,8,1,45.308,42.917,45,0.889,0.592,0.297,1.746,308.036,262.727,345,289,112,110,-1.508,69
2022,11,40,Wisconsin,Big Ten,4,5,45.107,49.419,41,0.444,0.642,-0.198,-1.194,228.440,183.333,249,209,109,114,36.217,37
2022,11,41,SMU,American Athletic,5,4,44.063,53.505,40,0.556,0.620,-0.064,-0.400,311.304,267.241,358,310,115,116,17.875,55
2022,11,42,Fresno State,Mountain West,5,4,43.167,-4.437,68,0.556,0.489,0.067,0.377,267.677,224.510,265,229,99,102,-31.624,90
2022,11,43,Wake Forest,ACC,5,4,43.103,71.423,35,0.556,0.670,-0.115,-0.701,277.586,234.483,322,272,116,116,27.730,47
2022,11,44,Toledo,Mid-American,6,3,40.658,2.275,63,0.667,0.506,0.161,0.937,261.667,221.008,314,263,120,119,-54.956,112
2022,11,45,Maryland,Big Ten,6,4,40.595,58.480,39,0.600,0.670,-0.070,-0.433,235.833,195.238,283,246,120,126,14.605,58
2022,11,46,Buffalo,Mid-American,5,4,40.163,-27.967,77,0.556,0.422,0.134,0.778,242.727,202.564,267,237,110,117,-66.571,123
2022,11,47,Florida Atlantic,Conference USA,4,5,37.613,-41.209,86,0.444,0.375,0.069,0.393,245.794,208.182,263,229,107,110,-64.016,122
2022,11,48,Coastal Carolina,Sun Belt,8,1,36.477,-28.814,79,0.889,0.430,0.459,2.711,271.429,234.951,285,242,105,103,-54.115,111
2022,11,49,Iowa,Big Ten,5,4,36.010,104.405,15,0.556,0.845,-0.290,-1.740,156.364,120.354,172,136,110,113,42.208,29
2022,11,50,Pittsburgh,ACC,5,4,35.119,43.318,44,0.556,0.631,-0.076,-0.469,214.286,179.167,255,215,119,120,4.854,64
2022,11,51,Baylor,Big 12,5,4,32.731,75.735,33,0.556,0.688,-0.132,-0.805,263.208,230.476,279,242,106,105,60.731,16
2022,11,52,Memphis,American Athletic,5,5,30.687,31.964,50,0.500,0.583,-0.083,-0.514,258.594,227.907,331,294,128,129,2.787,66
2022,11,53,East Carolina,American Athletic,5,4,30.011,46.006,43,0.556,0.618,-0.062,-0.388,253.774,223.762,269,226,106,101,11.791,60
2022,11,54,Louisiana,Sun Belt,4,5,25.585,-33.085,81,0.444,0.395,0.049,0.276,208.621,183.036,242,205,116,112,-62.559,120
2022,11,55,Troy,Sun Belt,7,2,24.272,-2.314,66,0.778,0.491,0.286,1.685,169.903,145.631,175,150,103,103,-23.273,83
2022,11,56,Iowa State,Big 12,3,6,23.749,104.118,16,0.333,0.874,-0.540,-3.232,161.468,137.719,176,157,109,114,87.189,5
2022,11,57,NC State,ACC,6,3,23.473,46.874,42,0.667,0.654,0.013,0.058,188.288,164.815,209,178,111,108,31.486,44
2022,11,58,Oklahoma,Big 12,5,5,19.665,91.088,21,0.500,0.748,-0.248,-1.493,243.511,223.846,319,291,131,130,57.217,21
2022,11,59,Kansas,Big 12,5,4,15.403,96.921,19,0.556,0.705,-0.150,-0.908,298.095,282.692,313,294,105,104,75.544,10
2022,11,60,Syracuse,ACC,5,4,14.921,80.560,29,0.556,0.731,-0.176,-1.063,203.810,188.889,214,204,105,108,46.956,26
2022,11,61,Houston,American Athletic,6,4,7.465,11.923,58,0.600,0.526,0.074,0.422,311.667,304.202,374,362,120,119,-1.286,68
2022,11,62,North Texas,Conference USA,5,5,5.292,-40.155,85,0.500,0.396,0.104,0.601,260.938,255.645,334,317,128,124,-52.690,109
2022,11,63,Kentucky,SEC,5,4,4.040,39.467,48,0.556,0.629,-0.073,-0.453,204.040,200.000,202,200,99,100,23.659,49
2022,11,64,Arkansas,SEC,4,5,3.147,64.747,38,0.444,0.663,-0.218,-1.316,230.973,227.826,261,262,113,115,57.337,20
2022,11,65,Marshall,Sun Belt,4,4,0.806,-25.359,75,0.500,0.395,0.105,0.607,136.842,136.036,156,151,114,111,-21.017,80
2022,11,66,Florida,SEC,5,4,-2.857,69.288,36,0.556,0.657,-0.101,-0.621,254.286,257.143,267,252,105,98,79.184,8
2022,11,67,Ohio,Mid-American,6,3,-3.723,-27.588,76,0.667,0.435,0.232,1.360,249.107,252.830,279,268,112,106,-48.496,102
2022,11,68,South Carolina,SEC,5,4,-6.495,10.940,60,0.556,0.532,0.024,0.122,216.514,223.009,236,252,109,113,17.918,54
2022,11,69,Oklahoma State,Big 12,6,3,-8.449,79.606,30,0.667,0.724,-0.057,-0.358,211.852,220.301,286,293,135,133,83.462,6
2022,11,70,App State,Sun Belt,3,5,-8.501,-28.712,78,0.375,0.437,-0.062,-0.386,263.542,272.043,253,253,96,93,-18.088,75
2022,11,71,Michigan State,Big Ten,5,5,-9.670,-10.483,69,0.500,0.470,0.030,0.162,212.069,221.739,246,255,116,115,36.180,38
2022,11,72,BYU,FBS Independents,5,5,-10.909,-3.477,67,0.500,0.492,0.008,0.031,269.091,280.000,296,308,110,110,16.757,56
2022,11,73,Georgia Southern,Sun Belt,4,5,-11.365,-43.758,88,0.444,0.405,0.039,0.215,265.421,276.786,284,310,107,112,-31.493,89
2022,11,74,Wyoming,Mountain West,6,3,-14.928,-65.374,97,0.667,0.307,0.359,2.119,185.981,200.909,199,221,107,110,-57.862,115
2022,11,75,Georgia State,Sun Belt,4,6,-18.200,-66.958,99,0.400,0.307,0.093,0.537,225.000,243.200,297,304,132,125,-52.532,108
2022,11,76,Texas Tech,Big 12,4,5,-20.599,68.030,37,0.444,0.693,-0.248,-1.494,221.774,242.373,275,286,124,118,94.982,2
2022,11,77,Navy,American Athletic,3,6,-21.782,-14.465,71,0.333,0.458,-0.125,-0.761,219.802,241.584,222,244,101,101,18.628,53
2022,11,78,San Diego State,Mountain West,5,4,-22.258,-43.089,87,0.556,0.349,0.207,1.213,174.038,196.296,181,212,104,108,-21.339,81
2022,11,79,Purdue,Big Ten,5,4,-23.319,32.308,49,0.556,0.584,-0.028,-0.185,201.681,225.000,240,252,119,112,57.897,19
2022,11,80,Eastern Michigan,Mid-American,5,4,-23.570,-99.515,111,0.556,0.275,0.281,1.650,239.796,263.366,235,266,98,101,-86.737,128
2022,11,81,Miami,ACC,4,5,-34.493,-34.680,83,0.444,0.390,0.054,0.304,174.766,209.259,187,226,107,108,-19.501,77
2022,11,82,Southern Miss,Sun Belt,4,5,-36.004,-71.000,100,0.444,0.279,0.165,0.965,159.829,195.833,187,235,117,120,-31.488,88
2022,11,83,Old Dominion,Sun Belt,3,7,-36.823,-59.059,91,0.300,0.318,-0.018,-0.127,163.934,200.758,200,265,122,132,-32.903,91
2022,11,84,Missouri,SEC,3,6,-40.475,29.019,52,0.333,0.597,-0.264,-1.588,173.684,214.159,198,242,114,113,58.853,17
2022,11,85,Ball State,Mid-American,4,5,-43.262,-77.148,105,0.444,0.255,0.189,1.106,180.508,223.770,213,273,118,122,-48.938,104
2022,11,86,Northern Illinois,Mid-American,2,7,-43.345,-105.954,113,0.222,0.267,-0.045,-0.287,241.121,284.466,258,293,107,103,-55.467,113
2022,11,87,Miami (OH),Mid-American,3,6,-43.579,-113.647,115,0.333,0.183,0.150,0.877,160.194,203.774,165,216,103,106,-60.882,119
2022,11,88,UNLV,Mountain West,3,6,-45.337,-71.101,101,0.333,0.326,0.007,0.023,209.901,255.238,212,268,101,105,-27.596,86
2022,11,89,Texas A&M,SEC,2,7,-45.345,10.056,62,0.222,0.536,-0.314,-1.884,165.766,211.111,184,228,111,108,51.438,25
2022,11,90,UTEP,Conference USA,4,6,-49.692,-131.449,119,0.400,0.178,0.222,1.305,193.043,242.735,222,284,115,117,-90.507,130
2022,11,91,Utah State,Mountain West,5,4,-49.894,-81.329,107,0.556,0.272,0.283,1.668,181.356,231.250,214,259,118,112,-52.900,110
2022,11,92,Middle Tennessee,Conference USA,4,5,-50.156,-115.017,116,0.444,0.184,0.260,1.529,180.992,231.148,219,282,121,122,-74.079,124
2022,11,93,Central Michigan,Mid-American,3,6,-52.397,-76.974,104,0.333,0.290,0.043,0.237,187.603,240.000,227,288,121,120,-27.514,84
2022,11,94,Texas State,Sun Belt,2,7,-53.116,-91.784,109,0.222,0.239,-0.017,-0.120,165.217,218.333,190,262,115,120,-44.113,97
2022,11,95,Kent State,Mid-American,3,6,-53.244,-71.370,102,0.333,0.313,0.020,0.101,203.636,256.881,224,280,110,109,-10.472,74
2022,11,96,Arizona,Pac-12,3,6,-53.424,11.009,59,0.333,0.526,-0.192,-1.163,265.094,318.519,281,344,106,108,55.596,22
2022,11,97,Army,FBS Independents,1,6,-54.085,-62.333,95,0.143,0.347,-0.205,-1.235,226.471,280.556,154,202,68,72,-18.329,76
2022,11,98,California,Pac-12,2,7,-57.244,-16.422,72,0.222,0.446,-0.224,-1.350,186.792,244.037,198,266,106,109,43.944,28
2022,11,99,Temple,American Athletic,2,7,-62.086,-66.217,98,0.222,0.291,-0.069,-0.426,170.370,232.456,184,265,108,114,-28.372,87
2022,11,100,West Virginia,Big 12,3,6,-63.024,29.427,51,0.333,0.566,-0.233,-1.402,239.806,302.830,247,321,103,106,82.356,7
2022,11,101,UConn,FBS Independents,5,5,-66.725,-59.853,92,0.500,0.317,0.183,1.069,159.504,226.230,193,276,121,122,-27.572,85
2022,11,102,Virginia Tech,ACC,1,8,-68.067,-79.708,106,0.111,0.236,-0.125,-0.762,136.134,204.202,162,243,119,119,-5.365,71
2022,11,103,Tulsa,American Athletic,2,7,-70.028,-64.618,96,0.222,0.323,-0.101,-0.620,193.220,263.248,228,308,118,117,2.857,65
2022,11,104,Arizona State,Pac-12,2,7,-71.154,-31.029,80,0.222,0.421,-0.198,-1.198,222.115,293.269,231,305,104,104,41.413,30
2022,11,105,Auburn,SEC,3,6,-71.272,25.762,53,0.333,0.580,-0.247,-1.487,161.207,232.479,187,272,116,117,88.609,4
2022,11,106,Virginia,ACC,2,7,-73.559,-48.419,90,0.222,0.335,-0.113,-0.688,120.354,193.913,136,223,113,115,22.164,51
2022,11,107,Nebraska,Big Ten,2,7,-77.114,-45.562,89,0.222,0.369,-0.147,-0.892,168.103,245.217,195,282,116,115,32.511,43
2022,11,108,Bowling Green,Mid-American,5,4,-89.098,-123.150,118,0.556,0.169,0.386,2.280,155.856,244.954,173,267,111,109,-49.264,105
2022,11,109,Vanderbilt,SEC,3,6,-95.404,-33.854,82,0.333,0.404,-0.071,-0.439,201.818,297.222,222,321,110,108,40.282,31
2022,11,110,New Mexico State,FBS Independents,3,5,-96.703,-159.756,124,0.375,0.097,0.278,1.632,140.659,237.363,128,216,91,91,-103.689,131
2022,11,111,Arkansas State,Sun Belt,2,7,-98.245,-109.951,114,0.222,0.243,-0.021,-0.144,181.034,279.279,210,310,116,111,-20.468,79
2022,11,112,Western Michigan,Mid-American,2,7,-98.831,-161.253,125,0.222,0.085,0.138,0.800,135.714,234.545,152,258,112,110,-57.364,114
2022,11,113,Boston College,ACC,2,7,-101.243,-73.344,103,0.222,0.271,-0.049,-0.309,124.590,225.833,152,271,122,120,30.852,46
2022,11,114,Nevada,Mountain West,2,7,-101.524,-143.674,122,0.222,0.146,0.076,0.435,139.252,240.777,149,248,107,103,-50.186,106
2022,11,115,Indiana,Big Ten,2,7,-104.651,-23.542,73,0.222,0.430,-0.208,-1.256,146.512,251.163,189,324,129,129,65.470,14
2022,11,116,Northwestern,Big Ten,1,8,-112.963,-60.217,93,0.111,0.314,-0.203,-1.228,119.444,232.407,129,251,108,108,58.326,18
2022,11,117,Rutgers,Big Ten,3,6,-114.605,-60.725,94,0.333,0.307,0.027,0.140,120.909,235.514,133,252,110,107,39.871,33
2022,11,118,Rice,Conference USA,4,5,-117.287,-133.134,121,0.444,0.200,0.245,1.438,223.529,340.816,228,334,102,98,-46.333,98
2022,11,119,Louisiana Tech,Conference USA,2,7,-122.281,-163.648,126,0.222,0.165,0.058,0.324,206.667,328.947,248,375,120,114,-50.843,107
2022,11,120,Georgia Tech,ACC,3,6,-124.832,-84.462,108,0.333,0.232,0.101,0.583,116.239,241.071,136,270,117,112,35.320,39
2022,11,121,Colorado State,Mountain West,2,7,-128.704,-132.540,120,0.222,0.117,0.106,0.610,110.185,238.889,119,258,108,108,-33.096,92
2022,11,122,UL Monroe,Sun Belt,3,6,-137.744,-101.889,112,0.333,0.259,0.074,0.422,188.182,325.926,207,352,110,108,-3.574,70
2022,11,123,New Mexico,Mountain West,1,8,-139.125,-175.501,129,0.111,0.046,0.065,0.367,98.148,237.273,106,261,108,110,-36.438,94
2022,11,124,Stanford,Pac-12,2,7,-141.181,-35.796,84,0.222,0.382,-0.159,-0.966,155.046,296.226,169,314,109,106,89.043,3
2022,11,125,South Florida,American Athletic,0,9,-146.317,-98.303,110,0.000,0.281,-0.281,-1.692,208.824,355.140,213,380,102,107,34.881,40
2022,11,126,Charlotte,Conference USA,2,8,-148.378,-183.610,130,0.200,0.150,0.050,0.280,205.932,354.310,243,411,118,116,-59.832,118
2022,11,127,Massachusetts,FBS Independents,0,9,-156.650,-190.205,131,0.000,0.050,-0.050,-0.314,107.143,263.793,120,306,112,116,-48.532,103
2022,11,128,Florida International,Conference USA,3,6,-162.281,-166.615,127,0.333,0.071,0.262,1.540,133.333,295.614,152,337,114,114,-84.900,127
2022,11,129,Akron,Mid-American,0,9,-171.751,-156.263,123,0.000,0.135,-0.135,-0.824,152.778,324.528,165,344,108,106,-37.377,95
2022,11,130,Hawai'i,Mountain West,1,9,-179.411,-167.902,128,0.100,0.133,-0.033,-0.216,155.372,334.783,188,385,121,115,-48.360,101
2022,11,131,Colorado,Pac-12,1,9,-218.691,-122.519,117,0.100,0.183,-0.083,-0.514,137.719,356.410,157,417,114,117,68.022,13
2022,12,1,Michigan,Big Ten,11,0,244.019,171.242,6,1.000,0.890,0.110,0.643,346.400,102.381,433,129,125,126,-13.049,74
2022,12,2,Ohio State,Big Ten,11,0,240.220,194.805,2,1.000,0.900,0.100,0.583,370.290,130.070,511,186,138,143,11.297,61
2022,12,3,Georgia,SEC,10,0,229.332,233.970,1,1.000,0.977,0.023,0.120,338.261,108.929,389,122,115,112,55.827,21
2022,12,4,Alabama,SEC,8,2,183.755,180.733,3,0.800,0.928,-0.128,-0.785,324.800,141.045,406,189,125,134,58.492,19
2022,12,5,Tennessee,SEC,8,2,155.350,148.003,10,0.800,0.802,-0.002,-0.029,363.415,208.065,447,258,123,124,57.556,20
2022,12,6,USC,Pac-12,10,1,148.780,130.636,13,0.909,0.758,0.151,0.888,383.740,234.959,472,289,123,123,5.939,64
2022,12,7,Penn State,Big Ten,9,2,132.462,135.069,12,0.818,0.847,-0.029,-0.190,274.306,141.844,395,200,144,141,29.294,46
2022,12,8,Florida State,ACC,7,3,131.304,141.578,11,0.700,0.821,-0.121,-0.739,297.391,166.087,342,191,115,115,32.403,42
2022,12,9,Texas,Big 12,7,4,127.033,178.191,4,0.636,0.901,-0.265,-1.602,297.710,170.677,390,227,131,133,77.521,9
2022,12,10,Air Force,Mountain West,7,3,124.684,28.586,54,0.700,0.583,0.117,0.681,271.000,146.316,271,139,100,95,-82.836,127
2022,12,11,Western Kentucky,Conference USA,6,5,122.795,-13.089,71,0.545,0.461,0.085,0.488,295.522,172.727,396,247,134,143,-73.964,124
2022,12,12,Utah,Pac-12,7,3,120.679,159.544,8,0.700,0.864,-0.164,-0.996,309.174,188.496,337,213,109,113,45.328,29
2022,12,13,Minnesota,Big Ten,6,4,113.208,90.770,22,0.600,0.769,-0.169,-1.026,239.623,126.415,254,134,106,106,-14.956,76
2022,12,14,Clemson,ACC,9,1,107.752,111.316,16,0.900,0.779,0.121,0.708,268.992,161.240,347,208,129,129,17.498,58
2022,12,15,Tulane,American Athletic,8,2,100.840,87.400,26,0.800,0.742,0.058,0.332,280.672,179.832,334,214,119,119,-3.887,71
2022,12,16,Notre Dame,FBS Independents,8,3,99.156,99.969,18,0.727,0.770,-0.042,-0.271,264.341,165.185,341,223,129,135,16.415,59
2022,12,17,Washington,Pac-12,8,2,96.781,75.997,33,0.800,0.662,0.138,0.808,350.909,254.128,386,277,110,109,-1.507,69
2022,12,18,UCF,American Athletic,7,3,96.353,72.981,35,0.700,0.695,0.005,0.011,273.276,176.923,317,207,116,117,10.709,62
2022,12,19,Kansas State,Big 12,7,3,94.215,175.153,5,0.700,0.898,-0.198,-1.198,264.463,170.248,320,206,121,121,94.258,2
2022,12,20,TCU,Big 12,10,0,93.743,168.124,7,1.000,0.862,0.138,0.808,297.619,203.876,375,263,126,129,71.207,12
2022,12,21,LSU,SEC,8,2,91.573,155.891,9,0.800,0.869,-0.069,-0.428,269.643,178.070,302,203,112,114,65.006,16
2022,12,22,Boise State,Mountain West,7,3,88.004,11.292,60,0.700,0.534,0.166,0.977,245.763,157.759,290,183,118,116,-56.941,111
2022,12,23,South Alabama,Sun Belt,8,2,82.879,16.284,57,0.800,0.549,0.251,1.481,254.545,171.667,308,206,121,120,-63.249,119
2022,12,24,UCLA,Pac-12,7,3,79.646,89.843,24,0.700,0.683,0.017,0.086,349.558,269.912,395,305,113,113,19.641,57
2022,12,25,Oregon,Pac-12,8,2,75.075,116.885,14,0.800,0.747,0.053,0.297,329.204,254.128,372,277,113,109,47.449,27
2022,12,26,Louisville,ACC,7,4,74.699,96.373,21,0.636,0.789,-0.153,-0.932,226.812,152.113,313,216,138,142,30.986,44
2022,12,27,UTSA,Conference USA,8,2,71.866,-16.218,74,0.800,0.464,0.336,1.991,315.385,243.519,369,263,117,108,-51.072,108
2022,12,28,Oregon State,Pac-12,7,3,69.858,90.282,23,0.700,0.760,-0.060,-0.379,243.966,174.107,283,195,116,112,23.727,52
2022,12,29,Duke,ACC,6,4,68.394,37.283,48,0.600,0.597,0.003,0.002,257.377,188.983,314,223,122,118,-28.554,84
2022,12,30,Illinois,Big Ten,6,4,65.902,84.854,29,0.600,0.787,-0.187,-1.134,182.031,116.129,233,144,128,124,23.544,53
2022,12,31,Fresno State,Mountain West,6,4,64.371,0.337,64,0.600,0.501,0.099,0.576,275.676,211.304,306,243,111,115,-47.529,101
2022,12,32,Washington State,Pac-12,6,4,63.559,80.940,31,0.600,0.748,-0.148,-0.902,233.898,170.339,276,201,118,118,31.684,43
2022,12,33,James Madison,Sun Belt,6,3,62.791,10.001,62,0.667,0.530,0.137,0.799,230.233,167.442,297,216,129,129,-45.301,98
2022,12,34,San José State,Mountain West,5,4,62.466,-10.855,68,0.556,0.470,0.085,0.494,241.905,179.439,254,192,105,107,-71.463,123
2022,12,35,Cincinnati,American Athletic,8,2,57.838,44.556,44,0.800,0.645,0.155,0.908,223.438,165.600,286,207,128,125,-13.197,75
2022,12,36,Liberty,FBS Independents,7,3,48.965,4.075,63,0.700,0.513,0.187,1.103,221.898,172.932,304,230,137,133,-48.962,104
2022,12,37,Wake Forest,ACC,6,4,48.734,86.850,27,0.600,0.698,-0.098,-0.602,286.719,237.984,367,307,128,129,36.950,38
2022,12,38,Ole Miss,SEC,7,3,48.664,78.237,32,0.700,0.680,0.020,0.100,269.672,221.008,329,263,122,119,41.924,33
2022,12,39,Mississippi State,SEC,6,4,45.694,113.611,15,0.600,0.774,-0.174,-1.060,249.600,203.906,312,261,125,128,71.625,11
2022,12,40,Wisconsin,Big Ten,5,5,43.890,37.658,47,0.500,0.614,-0.114,-0.696,223.729,179.839,264,223,118,124,23.109,54
2022,12,41,Troy,Sun Belt,8,2,41.386,16.139,58,0.800,0.557,0.243,1.437,188.288,146.903,209,166,111,113,-29.224,85
2022,12,42,North Carolina,ACC,8,2,40.211,34.720,50,0.800,0.577,0.223,1.313,294.309,254.098,362,310,123,122,-3.216,70
2022,12,43,Buffalo,Mid-American,5,4,40.163,-29.071,80,0.556,0.418,0.137,0.804,242.727,202.564,267,237,110,117,-67.675,121
2022,12,44,Coastal Carolina,Sun Belt,8,1,36.477,-23.837,77,0.889,0.442,0.447,2.653,271.429,234.951,285,242,105,103,-49.138,106
2022,12,45,Iowa,Big Ten,6,4,34.495,99.985,17,0.600,0.833,-0.233,-1.412,154.167,119.672,185,146,120,122,42.119,32
2022,12,46,Houston,American Athletic,7,4,34.382,33.522,51,0.636,0.575,0.061,0.347,315.152,280.769,416,365,132,130,0.509,67
2022,12,47,Pittsburgh,ACC,6,4,33.191,43.080,45,0.600,0.633,-0.033,-0.213,214.394,181.203,283,241,132,133,6.925,63
2022,12,48,Baylor,Big 12,5,5,30.769,85.484,28,0.500,0.710,-0.210,-1.273,262.393,231.624,307,271,117,117,70.692,13
2022,12,49,Memphis,American Athletic,5,5,30.687,32.358,53,0.500,0.583,-0.083,-0.514,258.594,227.907,331,294,128,129,3.180,65
2022,12,50,Oklahoma,Big 12,6,5,27.306,96.961,20,0.545,0.771,-0.226,-1.366,231.333,204.027,347,304,150,149,58.993,18
2022,12,51,Toledo,Mid-American,6,4,27.294,-20.519,75,0.600,0.446,0.154,0.903,256.618,229.323,349,305,136,133,-63.903,120
2022,12,52,Maryland,Big Ten,6,5,24.389,51.696,41,0.545,0.644,-0.099,-0.608,235.338,210.949,313,289,133,137,26.367,48
2022,12,53,Iowa State,Big 12,3,7,18.200,98.550,19,0.300,0.865,-0.565,-3.395,155.000,136.800,186,171,120,125,86.950,5
2022,12,54,Arkansas,SEC,5,5,16.445,88.810,25,0.500,0.721,-0.221,-1.338,240.476,224.031,303,289,126,129,69.119,14
2022,12,55,UAB,Conference USA,4,6,14.912,-27.971,79,0.400,0.421,-0.021,-0.141,237.719,222.807,271,254,114,114,-46.747,99
2022,12,56,SMU,American Athletic,5,5,14.445,39.044,46,0.500,0.589,-0.089,-0.548,296.124,281.679,382,369,129,131,24.501,50
2022,12,57,South Carolina,SEC,6,4,13.236,52.348,40,0.600,0.638,-0.038,-0.244,247.107,233.871,299,290,121,124,40.673,34
2022,12,58,Florida Atlantic,Conference USA,4,6,12.473,-72.638,101,0.400,0.297,0.103,0.596,236.667,224.194,284,278,120,124,-74.318,125
2022,12,59,Marshall,Sun Belt,5,4,12.225,-11.478,70,0.556,0.448,0.108,0.627,142.063,129.839,179,161,126,124,-20.368,80
2022,12,60,Ohio,Mid-American,7,3,8.464,-27.660,78,0.700,0.434,0.266,1.573,248.800,240.336,311,286,125,119,-57.246,112
2022,12,61,NC State,ACC,6,4,7.461,35.863,49,0.600,0.620,-0.020,-0.135,178.049,170.588,219,203,123,119,36.408,39
2022,12,62,North Texas,Conference USA,5,5,5.292,-49.612,89,0.500,0.372,0.128,0.746,260.938,255.645,334,317,128,124,-62.146,115
2022,12,63,App State,Sun Belt,4,5,4.951,-15.651,72,0.444,0.464,-0.020,-0.136,261.682,256.731,280,267,107,104,-19.338,78
2022,12,64,Syracuse,ACC,5,5,3.517,70.536,37,0.500,0.698,-0.198,-1.203,211.017,207.500,249,249,118,120,50.869,26
2022,12,65,San Diego State,Mountain West,6,4,0.402,-40.271,83,0.600,0.365,0.235,1.385,186.957,186.555,215,222,115,119,-42.514,94
2022,12,66,Kentucky,SEC,5,5,-3.773,55.029,39,0.500,0.682,-0.182,-1.107,194.393,198.165,208,216,107,109,51.080,25
2022,12,67,Louisiana,Sun Belt,4,6,-4.160,-43.239,86,0.400,0.370,0.030,0.165,202.344,206.504,259,254,128,123,-43.022,95
2022,12,68,East Carolina,American Athletic,5,5,-4.690,21.395,56,0.500,0.559,-0.059,-0.372,232.479,237.168,272,268,117,113,13.708,60
2022,12,69,Florida,SEC,5,5,-8.771,60.648,38,0.500,0.641,-0.141,-0.857,250.862,259.633,291,283,116,109,75.918,10
2022,12,70,Missouri,SEC,4,6,-10.569,48.062,43,0.400,0.651,-0.251,-1.515,197.561,208.130,243,256,123,123,42.246,31
2022,12,71,BYU,FBS Independents,5,5,-10.909,-0.220,65,0.500,0.499,0.001,-0.014,269.091,280.000,296,308,110,110,20.015,56
2022,12,72,Wyoming,Mountain West,6,4,-14.422,-57.030,92,0.600,0.322,0.278,1.643,181.513,195.935,216,241,119,123,-49.052,105
2022,12,73,Purdue,Big Ten,6,4,-14.503,23.648,55,0.600,0.565,0.035,0.194,197.692,212.195,257,261,130,123,39.406,35
2022,12,74,Georgia State,Sun Belt,4,7,-14.729,-52.187,90,0.364,0.353,0.011,0.046,232.414,247.143,337,346,145,140,-41.589,92
2022,12,75,Texas Tech,Big 12,5,5,-15.383,75.461,34,0.500,0.714,-0.214,-1.295,214.074,229.457,289,296,135,129,96.081,1
2022,12,76,Oklahoma State,Big 12,6,4,-17.028,71.114,36,0.600,0.711,-0.111,-0.679,194.156,211.184,299,321,154,152,82.479,7
2022,12,77,Navy,American Athletic,4,6,-17.117,-2.601,66,0.400,0.492,-0.092,-0.569,215.315,232.432,239,258,111,111,24.182,51
2022,12,78,Michigan State,Big Ten,5,6,-18.419,-23.635,76,0.455,0.434,0.021,0.107,213.077,231.496,277,294,130,127,28.202,47
2022,12,79,Eastern Michigan,Mid-American,6,4,-19.137,-101.861,112,0.600,0.266,0.334,1.981,237.500,256.637,266,290,112,113,-92.504,129
2022,12,80,UTEP,Conference USA,5,6,-20.119,-122.734,118,0.455,0.192,0.263,1.553,204.688,224.806,262,290,128,129,-104.745,131
2022,12,81,Kansas,Big 12,5,5,-21.582,81.577,30,0.500,0.676,-0.176,-1.067,281.897,303.478,327,349,116,115,87.792,4
2022,12,82,Army,FBS Independents,2,6,-22.830,-34.502,81,0.250,0.413,-0.163,-0.993,241.026,263.855,188,219,78,83,-19.180,77
2022,12,83,Georgia Southern,Sun Belt,4,6,-23.548,-56.068,91,0.400,0.374,0.026,0.137,245.000,268.548,294,333,120,124,-33.555,88
2022,12,84,Middle Tennessee,Conference USA,5,5,-25.926,-93.855,110,0.500,0.238,0.262,1.552,198.519,224.444,268,303,135,135,-75.858,126
2022,12,85,Texas A&M,SEC,3,7,-26.144,13.143,59,0.300,0.548,-0.248,-1.502,163.200,189.344,204,231,125,122,38.244,37
2022,12,86,Miami (OH),Mid-American,4,6,-33.355,-105.901,114,0.400,0.196,0.204,1.204,165.812,199.167,194,239,117,120,-62.698,118
2022,12,87,Southern Miss,Sun Belt,4,6,-36.766,-63.814,95,0.400,0.301,0.099,0.573,161.719,198.485,207,262,128,132,-23.935,82
2022,12,88,California,Pac-12,3,7,-41.570,-11.033,69,0.300,0.465,-0.165,-1.002,189.076,230.645,225,286,119,124,35.861,40
2022,12,89,Utah State,Mountain West,6,4,-42.333,-71.461,100,0.600,0.301,0.299,1.771,191.538,233.871,249,290,130,124,-49.208,107
2022,12,90,Northern Illinois,Mid-American,2,8,-42.982,-110.636,115,0.200,0.255,-0.055,-0.347,232.231,275.214,281,322,121,117,-60.913,114
2022,12,91,Old Dominion,Sun Belt,3,8,-43.294,-67.515,97,0.273,0.290,-0.017,-0.120,160.902,204.196,214,292,133,143,-32.993,87
2022,12,92,UNLV,Mountain West,3,7,-43.655,-81.549,105,0.300,0.297,0.003,-0.000,209.735,253.390,237,299,113,118,-39.383,91
2022,12,93,Auburn,SEC,4,6,-44.183,48.813,42,0.400,0.646,-0.246,-1.491,178.125,222.308,228,289,128,130,84.285,6
2022,12,94,Texas State,Sun Belt,3,7,-45.829,-93.032,108,0.300,0.220,0.080,0.461,160.938,206.767,206,275,128,133,-52.436,110
2022,12,95,Central Michigan,Mid-American,3,7,-46.700,-89.424,107,0.300,0.254,0.046,0.259,182.308,229.008,237,300,130,131,-45.111,97
2022,12,96,Kent State,Mid-American,3,7,-49.567,-77.583,103,0.300,0.296,0.004,0.009,203.279,252.846,248,311,122,123,-20.632,81
2022,12,97,Ball State,Mid-American,4,6,-49.590,-93.419,109,0.400,0.210,0.190,1.120,176.336,225.926,231,305,131,135,-57.261,113
2022,12,98,Miami,ACC,4,6,-55.668,-36.649,82,0.400,0.383,0.017,0.086,164.167,219.835,197,266,120,121,-1.449,68
2022,12,99,Arizona,Pac-12,3,7,-56.976,10.611,61,0.300,0.525,-0.225,-1.363,252.941,309.917,301,375,119,121,59.201,17
2022,12,100,Tulsa,American Athletic,3,7,-58.544,-61.786,94,0.300,0.337,-0.037,-0.238,210.687,269.231,276,350,131,130,-5.675,72
2022,12,101,Virginia Tech,ACC,2,8,-63.192,-75.695,102,0.200,0.251,-0.051,-0.324,139.098,202.290,185,265,133,131,-6.882,73
2022,12,102,West Virginia,Big 12,3,7,-68.852,33.234,52,0.300,0.572,-0.272,-1.646,243.860,312.712,278,369,114,118,92.689,3
2022,12,103,Bowling Green,Mid-American,6,4,-69.600,-103.107,113,0.600,0.218,0.382,2.265,172.000,241.600,215,302,125,125,-44.735,96
2022,12,104,Temple,American Athletic,2,8,-70.938,-68.809,98,0.200,0.277,-0.077,-0.475,155.833,226.772,187,288,120,127,-19.555,79
2022,12,105,Virginia,ACC,2,7,-73.559,-49.173,88,0.222,0.334,-0.111,-0.683,120.354,193.913,136,223,113,115,21.410,55
2022,12,106,Nebraska,Big Ten,2,8,-73.643,-42.192,85,0.200,0.378,-0.178,-1.081,165.873,239.516,209,297,126,124,30.741,45
2022,12,107,UConn,FBS Independents,5,6,-75.758,-80.818,104,0.455,0.263,0.192,1.129,159.091,234.848,210,310,132,132,-34.612,89
2022,12,108,Vanderbilt,SEC,4,6,-80.825,-7.543,67,0.400,0.478,-0.078,-0.484,209.091,289.916,253,345,121,119,52.816,23
2022,12,109,Arizona State,Pac-12,2,8,-84.117,-45.287,87,0.200,0.386,-0.186,-1.126,210.619,294.737,238,336,113,114,43.134,30
2022,12,110,Indiana,Big Ten,3,7,-86.550,-15.837,73,0.300,0.454,-0.154,-0.936,161.702,248.252,228,355,141,143,53.917,22
2022,12,111,Arkansas State,Sun Belt,2,8,-90.035,-114.300,117,0.200,0.220,-0.020,-0.135,172.868,262.903,223,326,129,124,-31.457,86
2022,12,112,Western Michigan,Mid-American,3,7,-91.877,-156.043,123,0.300,0.083,0.217,1.280,133.333,225.210,164,268,123,119,-62.342,116
2022,12,113,Northwestern,Big Ten,1,9,-109.244,-61.680,93,0.100,0.300,-0.200,-1.215,115.966,225.210,138,268,119,119,52.282,24
2022,12,114,Georgia Tech,ACC,4,6,-111.628,-69.990,99,0.400,0.262,0.138,0.806,121.705,233.333,157,287,129,123,35.768,41
2022,12,115,Louisiana Tech,Conference USA,2,8,-113.877,-166.634,126,0.200,0.153,0.047,0.261,206.923,320.800,269,401,130,125,-62.474,117
2022,12,116,Nevada,Mountain West,2,8,-115.471,-154.518,122,0.200,0.123,0.077,0.442,135.833,251.304,163,289,120,115,-46.981,100
2022,12,117,New Mexico State,FBS Independents,3,6,-120.406,-177.327,127,0.333,0.093,0.241,1.422,140.594,261.000,142,261,101,100,-91.193,128
2022,12,118,Boston College,ACC,2,8,-128.875,-82.919,106,0.200,0.238,-0.038,-0.244,113.433,242.308,152,315,134,130,38.858,36
2022,12,119,Rice,Conference USA,4,6,-131.004,-144.745,121,0.400,0.162,0.238,1.405,200.855,331.858,235,375,117,113,-47.957,102
2022,12,120,Colorado State,Mountain West,2,8,-131.138,-131.441,120,0.200,0.126,0.074,0.425,111.966,243.103,131,282,117,116,-25.274,83
2022,12,121,Stanford,Pac-12,2,8,-134.135,-41.014,84,0.200,0.368,-0.168,-1.021,152.419,286.555,189,341,124,119,78.778,8
2022,12,122,Charlotte,Conference USA,3,8,-134.330,-181.206,128,0.273,0.141,0.131,0.768,208.527,342.857,269,432,129,126,-71.076,122
2022,12,123,South Florida,American Athletic,0,10,-134.928,-99.268,111,0.000,0.287,-0.287,-1.734,221.739,356.667,255,428,115,120,25.212,49
2022,12,124,Rutgers,Big Ten,3,7,-137.459,-64.139,96,0.300,0.296,0.004,0.008,116.260,253.719,143,307,123,121,45.848,28
2022,12,125,New Mexico,Mountain West,1,9,-146.323,-182.401,129,0.100,0.047,0.053,0.302,97.479,243.802,116,295,119,121,-35.427,90
2022,12,126,UL Monroe,Sun Belt,3,7,-146.925,-111.958,116,0.300,0.247,0.053,0.301,185.833,332.759,223,386,120,116,3.025,66
2022,12,127,Massachusetts,FBS Independents,0,10,-153.150,-188.458,130,0.000,0.046,-0.046,-0.294,97.619,250.769,123,326,126,130,-48.809,103
2022,12,128,Hawai'i,Mountain West,2,9,-159.402,-157.085,124,0.182,0.143,0.039,0.214,163.433,322.835,219,410,134,127,-51.150,109
2022,12,129,Florida International,Conference USA,3,7,-171.454,-192.028,131,0.300,0.044,0.256,1.516,125.397,296.850,158,377,126,127,-97.331,130
2022,12,130,Akron,Mid-American,0,9,-171.751,-160.785,125,0.000,0.126,-0.126,-0.773,152.778,324.528,165,344,108,106,-41.899,93
2022,12,131,Colorado,Pac-12,1,10,-231.108,-124.145,119,0.091,0.167,-0.076,-0.474,131.200,362.308,164,471,125,130,67.765,15
2022,13,1,Michigan,Big Ten,12,0,235.313,188.253,2,1.000,0.908,0.092,0.532,343.885,108.571,478,152,139,140,6.224,63
2022,13,2,Georgia,SEC,11,0,224.864,225.679,1,1.000,0.965,0.035,0.190,335.433,110.569,426,136,127,123,47.271,31
2022,13,3,Ohio State,Big Ten,11,1,204.182,176.560,6,0.917,0.875,0.041,0.228,351.316,147.134,534,231,152,157,21.440,53
2022,13,4,Alabama,SEC,9,2,183.151,179.651,4,0.818,0.909,-0.091,-0.571,332.117,148.966,455,216,137,145,53.716,22
2022,13,5,Tennessee,SEC,9,2,182.896,155.608,8,0.818,0.830,-0.012,-0.096,369.853,186.957,503,258,136,138,53.803,21
2022,13,6,USC,Pac-12,11,1,146.970,140.204,10,0.917,0.769,0.148,0.873,386.364,239.394,510,316,132,132,15.714,60
2022,13,7,Utah,Pac-12,8,3,140.951,153.611,9,0.727,0.852,-0.125,-0.775,325.203,184.252,400,234,123,127,31.596,45
2022,13,8,Penn State,Big Ten,10,2,133.536,134.660,11,0.833,0.844,-0.011,-0.090,275.641,142.105,430,216,156,152,25.516,50
2022,13,9,Florida State,ACC,8,3,123.438,133.763,12,0.727,0.807,-0.080,-0.505,302.344,178.906,387,229,128,128,29.619,48
2022,13,10,TCU,Big 12,11,0,122.960,185.014,3,1.000,0.879,0.121,0.709,316.667,193.706,437,277,138,143,74.180,12
2022,13,11,Texas,Big 12,8,4,120.833,174.359,7,0.667,0.895,-0.228,-1.400,297.222,176.389,428,254,144,144,78.174,11
2022,13,12,Air Force,Mountain West,8,3,119.609,32.008,52,0.727,0.596,0.131,0.771,253.571,133.962,284,142,112,106,-76.653,125
2022,13,13,Western Kentucky,Conference USA,7,5,113.240,-15.675,70,0.583,0.453,0.130,0.764,289.189,175.949,428,278,148,158,-73.302,123
2022,13,14,Minnesota,Big Ten,7,4,108.547,99.853,18,0.636,0.791,-0.154,-0.955,236.752,128.205,277,150,117,117,-2.047,69
2022,13,15,Washington,Pac-12,9,2,101.998,92.526,21,0.818,0.690,0.129,0.755,358.197,256.198,437,310,122,121,8.431,61
2022,13,16,Clemson,ACC,9,2,101.794,105.600,16,0.818,0.771,0.047,0.262,265.493,163.699,377,239,142,146,15.909,59
2022,13,17,Kansas State,Big 12,8,3,97.365,178.282,5,0.727,0.900,-0.172,-1.065,273.881,176.515,367,233,134,132,94.188,4
2022,13,18,Boise State,Mountain West,8,3,96.923,24.338,56,0.727,0.570,0.158,0.931,255.385,158.462,332,206,130,130,-54.574,108
2022,13,19,Tulane,American Athletic,9,2,94.615,83.078,27,0.818,0.726,0.092,0.534,277.692,183.077,361,238,130,130,-2.390,71
2022,13,20,UCF,American Athletic,8,3,92.896,61.476,38,0.727,0.665,0.062,0.354,283.594,190.698,363,246,128,129,-0.438,68
2022,13,21,Illinois,Big Ten,7,4,90.462,100.731,17,0.636,0.821,-0.184,-1.136,198.551,108.088,274,147,138,136,19.085,56
2022,13,22,Notre Dame,FBS Independents,8,4,85.417,89.743,22,0.667,0.741,-0.075,-0.474,266.667,181.250,368,261,138,144,23.338,52
2022,13,23,James Madison,Sun Belt,7,3,84.615,19.392,59,0.700,0.562,0.138,0.813,240.559,155.944,344,223,143,143,-50.380,104
2022,13,24,South Alabama,Sun Belt,9,2,82.499,12.824,61,0.818,0.537,0.281,1.676,257.692,175.194,335,226,130,129,-66.549,118
2022,13,25,Fresno State,Mountain West,7,4,81.124,18.025,60,0.636,0.547,0.090,0.521,270.968,189.844,336,243,124,128,-45.070,98
2022,13,26,UCLA,Pac-12,8,3,75.452,86.094,25,0.727,0.677,0.050,0.281,344.000,268.548,430,333,125,124,18.898,57
2022,13,27,LSU,SEC,8,3,72.039,128.468,13,0.727,0.807,-0.080,-0.505,266.393,194.355,325,241,122,124,59.481,19
2022,13,28,UTSA,Conference USA,9,2,70.264,-20.509,73,0.818,0.455,0.363,2.173,317.323,247.059,403,294,127,119,-57.483,109
2022,13,29,San José State,Mountain West,6,4,66.173,-11.242,67,0.600,0.469,0.131,0.770,242.241,176.068,281,206,116,117,-76.334,124
2022,13,30,Oregon,Pac-12,8,3,66.125,114.229,14,0.727,0.745,-0.017,-0.127,322.222,256.098,406,315,126,123,52.005,25
2022,13,31,Duke,ACC,7,4,64.755,42.611,47,0.636,0.611,0.025,0.130,261.654,196.899,348,254,133,129,-19.719,79
2022,13,32,Oregon State,Pac-12,8,3,63.723,99.360,19,0.727,0.783,-0.056,-0.360,246.923,183.200,321,229,130,125,37.956,39
2022,13,33,Louisville,ACC,7,5,62.100,82.797,28,0.583,0.752,-0.169,-1.043,220.270,158.170,326,242,148,153,31.723,44
2022,13,34,Troy,Sun Belt,9,2,61.589,21.450,58,0.818,0.573,0.246,1.463,207.258,145.669,257,185,124,127,-40.319,91
2022,13,35,Cincinnati,American Athletic,8,3,50.963,43.704,45,0.727,0.641,0.086,0.498,223.022,172.059,310,234,139,136,-6.320,74
2022,13,36,Pittsburgh,ACC,7,4,48.111,53.998,43,0.636,0.658,-0.022,-0.154,224.138,176.027,325,257,145,146,2.947,65
2022,13,37,Maryland,Big Ten,7,5,47.059,59.979,40,0.583,0.671,-0.087,-0.551,239.726,192.667,350,289,146,150,18.812,58
2022,13,38,Washington State,Pac-12,6,5,43.846,71.231,34,0.545,0.714,-0.169,-1.044,237.692,193.846,309,252,130,130,40.090,37
2022,13,39,Wake Forest,ACC,6,5,42.760,72.745,33,0.545,0.666,-0.120,-0.749,286.331,243.571,398,341,139,140,29.860,47
2022,13,40,Mississippi State,SEC,7,4,42.431,107.797,15,0.636,0.778,-0.142,-0.878,241.727,199.296,336,283,139,142,68.330,14
2022,13,41,Ole Miss,SEC,7,4,42.299,79.839,30,0.636,0.693,-0.057,-0.365,258.088,215.789,351,287,136,133,48.126,30
2022,13,42,Buffalo,Mid-American,5,5,35.599,-37.643,82,0.500,0.397,0.103,0.603,240.984,205.385,294,267,122,130,-71.809,122
2022,13,43,Wisconsin,Big Ten,5,6,34.832,42.908,46,0.455,0.629,-0.175,-1.079,217.054,182.222,280,246,129,135,35.467,42
2022,13,44,North Carolina,ACC,8,3,33.709,30.459,54,0.727,0.570,0.158,0.931,281.884,248.175,389,340,138,137,-2.210,70
2022,13,45,Houston,American Athletic,7,5,28.603,22.625,57,0.583,0.552,0.031,0.167,309.722,281.119,446,402,144,143,-4.753,72
2022,13,46,Iowa,Big Ten,6,5,28.030,88.045,24,0.545,0.802,-0.257,-1.573,153.030,125.000,202,170,132,136,38.145,38
2022,13,47,Memphis,American Athletic,5,6,26.348,25.728,55,0.455,0.566,-0.111,-0.694,262.319,235.971,362,328,138,139,1.931,67
2022,13,48,Ohio,Mid-American,8,3,25.737,-16.831,72,0.727,0.459,0.268,1.598,254.745,229.008,349,300,137,131,-61.909,113
2022,13,49,Baylor,Big 12,5,6,23.245,88.765,23,0.455,0.716,-0.262,-1.605,260.938,237.692,334,309,128,130,79.577,9
2022,13,50,UAB,Conference USA,5,6,22.988,-36.566,81,0.455,0.396,0.059,0.332,242.520,219.531,308,281,127,128,-61.977,115
2022,13,51,Oklahoma,Big 12,6,6,22.672,97.304,20,0.500,0.763,-0.263,-1.610,236.527,213.855,395,355,167,166,63.971,15
2022,13,52,Liberty,FBS Independents,7,4,21.009,-32.329,79,0.636,0.403,0.233,1.387,213.423,192.414,318,279,149,145,-59.332,111
2022,13,53,Toledo,Mid-American,6,5,20.378,-40.589,84,0.545,0.391,0.154,0.911,234.194,213.816,363,325,155,152,-77.157,126
2022,13,54,Army,FBS Independents,3,6,19.883,-30.850,78,0.333,0.422,-0.088,-0.557,257.778,237.895,232,226,90,95,-43.156,96
2022,13,55,SMU,American Athletic,6,5,15.593,40.999,48,0.545,0.592,-0.046,-0.303,299.281,283.688,416,400,139,141,25.051,51
2022,13,56,Louisiana,Sun Belt,5,6,15.032,-29.368,77,0.455,0.413,0.042,0.230,214.286,199.254,300,267,140,134,-49.488,103
2022,13,57,Marshall,Sun Belt,6,4,14.706,-13.562,69,0.600,0.442,0.158,0.936,150.000,135.294,207,184,138,136,-25.730,81
2022,13,58,Arkansas,SEC,5,6,11.988,77.992,32,0.455,0.697,-0.242,-1.487,239.130,227.143,330,318,138,140,63.604,16
2022,13,59,Syracuse,ACC,6,5,10.093,60.425,39,0.545,0.668,-0.123,-0.766,216.154,206.061,281,272,130,132,35.727,41
2022,13,60,NC State,ACC,7,4,8.793,31.507,53,0.636,0.609,0.027,0.140,180.435,171.642,249,230,138,134,30.183,46
2022,13,61,Florida Atlantic,Conference USA,4,7,8.696,-67.123,96,0.364,0.313,0.050,0.282,233.333,224.638,315,310,135,138,-66.659,119
2022,13,62,North Texas,Conference USA,6,5,7.988,-53.786,90,0.545,0.358,0.187,1.109,255.396,247.407,355,334,139,135,-68.487,121
2022,13,63,Kentucky,SEC,6,5,5.868,65.710,36,0.545,0.706,-0.160,-0.992,198.305,192.437,234,229,118,119,52.450,23
2022,13,64,South Carolina,SEC,7,4,5.554,55.407,42,0.636,0.647,-0.011,-0.089,239.130,233.577,330,320,138,137,49.195,28
2022,13,65,Purdue,Big Ten,7,4,-0.185,37.514,50,0.636,0.602,0.034,0.186,205.000,205.185,287,277,140,135,36.687,40
2022,13,66,App State,Sun Belt,4,6,-0.639,-24.761,76,0.400,0.444,-0.044,-0.287,268.852,269.492,328,318,122,118,-23.652,80
2022,13,67,Coastal Carolina,Sun Belt,8,2,-1.630,-42.447,85,0.800,0.395,0.405,2.428,245.378,247.009,292,289,119,117,-45.218,99
2022,13,68,East Carolina,American Athletic,6,5,-2.283,11.860,62,0.545,0.531,0.014,0.065,246.923,249.206,321,314,130,126,2.773,66
2022,13,69,BYU,FBS Independents,6,5,-2.542,0.252,64,0.545,0.501,0.045,0.249,280.508,283.051,331,334,118,118,8.420,62
2022,13,70,Eastern Michigan,Mid-American,7,4,-3.968,-89.778,107,0.636,0.289,0.347,2.077,241.270,245.238,304,309,126,126,-92.660,130
2022,13,71,San Diego State,Mountain West,6,5,-6.373,-39.806,83,0.545,0.362,0.184,1.090,173.016,179.389,218,235,126,131,-34.477,84
2022,13,72,Missouri,SEC,5,6,-6.645,59.429,41,0.455,0.680,-0.226,-1.389,202.985,209.630,272,283,134,135,50.629,27
2022,13,73,Texas Tech,Big 12,6,5,-11.932,78.118,31,0.545,0.711,-0.165,-1.022,223.684,235.616,340,344,152,146,95.260,3
2022,13,74,Texas A&M,SEC,4,7,-13.165,33.555,51,0.364,0.614,-0.250,-1.535,179.259,192.424,242,254,135,132,42.738,33
2022,13,75,Florida,SEC,5,6,-13.814,63.583,37,0.455,0.646,-0.191,-1.178,255.039,268.852,329,328,129,122,82.359,7
2022,13,76,Georgia Southern,Sun Belt,5,6,-16.638,-49.198,88,0.455,0.389,0.065,0.372,257.463,274.101,345,381,134,139,-32.758,83
2022,13,77,Georgia State,Sun Belt,4,8,-16.753,-54.442,92,0.333,0.354,-0.021,-0.147,229.299,246.053,360,374,157,152,-41.255,92
2022,13,78,Navy,American Athletic,4,6,-17.117,-5.990,66,0.400,0.482,-0.082,-0.518,215.315,232.432,239,258,111,111,20.792,55
2022,13,79,Oklahoma State,Big 12,6,5,-17.191,66.340,35,0.545,0.710,-0.165,-1.019,188.166,205.357,318,345,169,168,78.793,10
2022,13,80,Middle Tennessee,Conference USA,6,5,-17.386,-93.861,109,0.545,0.246,0.299,1.788,204.762,222.148,301,331,147,149,-84.318,128
2022,13,81,Iowa State,Big 12,3,8,-20.819,84.088,26,0.273,0.816,-0.543,-3.308,149.254,170.073,200,233,134,137,96.270,1
2022,13,82,UTEP,Conference USA,5,7,-22.302,-112.773,115,0.417,0.213,0.204,1.209,210.791,233.094,293,324,139,139,-91.434,129
2022,13,83,Southern Miss,Sun Belt,5,6,-28.240,-68.836,97,0.455,0.276,0.178,1.056,163.309,191.549,227,272,139,142,-40.020,90
2022,13,84,Michigan State,Big Ten,5,7,-28.889,-15.862,71,0.417,0.456,-0.039,-0.260,207.801,236.691,293,329,141,139,43.839,32
2022,13,85,Kansas,Big 12,5,6,-30.635,79.904,29,0.455,0.670,-0.216,-1.327,278.740,309.375,354,396,127,128,96.107,2
2022,13,86,Miami (OH),Mid-American,5,6,-31.298,-104.030,112,0.455,0.201,0.253,1.509,165.625,196.923,212,256,128,130,-64.176,116
2022,13,87,UNLV,Mountain West,4,7,-31.528,-81.644,104,0.364,0.295,0.069,0.395,206.250,237.778,264,321,128,135,-47.910,102
2022,13,88,Wyoming,Mountain West,6,5,-35.628,-65.345,94,0.545,0.289,0.256,1.528,163.636,199.265,216,271,132,136,-38.512,88
2022,13,89,California,Pac-12,3,8,-41.414,-4.252,65,0.273,0.486,-0.213,-1.313,194.615,236.029,253,321,130,136,41.754,35
2022,13,90,Kent State,Mid-American,4,7,-44.444,-70.720,99,0.364,0.311,0.053,0.295,205.926,250.370,278,338,135,135,-19.471,78
2022,13,91,Old Dominion,Sun Belt,3,9,-45.080,-73.740,101,0.250,0.278,-0.028,-0.195,164.789,209.868,234,319,142,152,-35.614,85
2022,13,92,Ball State,Mid-American,4,7,-45.346,-94.262,110,0.364,0.215,0.149,0.876,175.887,221.233,248,323,141,146,-61.969,114
2022,13,93,Tulsa,American Athletic,4,7,-50.245,-54.179,91,0.364,0.355,0.008,0.028,217.361,267.606,313,380,144,142,-6.315,73
2022,13,94,Central Michigan,Mid-American,3,8,-54.082,-103.892,111,0.273,0.220,0.053,0.299,179.021,233.103,256,338,143,145,-52.220,106
2022,13,95,Arizona,Pac-12,4,7,-54.198,5.061,63,0.364,0.512,-0.148,-0.918,258.779,312.977,339,410,131,131,52.264,24
2022,13,96,Auburn,SEC,4,7,-54.575,43.868,44,0.364,0.625,-0.261,-1.604,183.453,238.028,255,338,139,142,90.923,6
2022,13,97,Utah State,Mountain West,6,5,-55.229,-78.884,103,0.545,0.287,0.258,1.540,188.889,244.118,272,332,144,136,-41.771,93
2022,13,98,West Virginia,Big 12,4,7,-59.422,39.670,49,0.364,0.591,-0.227,-1.395,232.308,291.729,302,388,130,133,91.598,5
2022,13,99,Texas State,Sun Belt,3,8,-60.377,-107.983,113,0.273,0.194,0.079,0.456,157.554,217.931,219,316,139,145,-50.760,105
2022,13,100,Virginia Tech,ACC,2,8,-63.192,-78.591,102,0.200,0.244,-0.044,-0.286,139.098,202.290,185,265,133,131,-9.778,76
2022,13,101,Nebraska,Big Ten,3,8,-64.454,-23.401,75,0.273,0.432,-0.159,-0.983,166.429,230.882,233,314,140,136,40.196,36
2022,13,102,Temple,American Athletic,2,9,-65.526,-66.042,95,0.182,0.302,-0.120,-0.747,175.188,240.714,233,337,133,140,-19.168,77
2022,13,103,Northern Illinois,Mid-American,2,9,-67.281,-135.970,122,0.182,0.210,-0.028,-0.191,218.657,285.938,293,366,134,128,-66.101,117
2022,13,104,Miami,ACC,4,7,-69.700,-45.869,87,0.364,0.358,0.006,0.014,160.150,229.851,213,308,133,134,4.313,64
2022,13,105,Virginia,ACC,2,7,-73.559,-49.509,89,0.222,0.330,-0.108,-0.676,120.354,193.913,136,223,113,115,21.074,54
2022,13,106,Western Michigan,Mid-American,4,7,-74.770,-143.438,124,0.364,0.090,0.274,1.633,129.577,204.348,184,282,142,138,-61.126,112
2022,13,107,Arizona State,Pac-12,2,9,-74.874,-34.885,80,0.182,0.412,-0.230,-1.416,221.951,296.825,273,374,123,126,42.467,34
2022,13,108,UConn,FBS Independents,5,6,-75.758,-82.821,106,0.455,0.258,0.197,1.169,159.091,234.848,210,310,132,132,-36.614,86
2022,13,109,New Mexico State,FBS Independents,4,6,-76.509,-134.590,121,0.400,0.163,0.237,1.412,169.027,245.536,191,275,113,112,-80.403,127
2022,13,110,Bowling Green,Mid-American,6,5,-81.022,-113.925,116,0.545,0.196,0.349,2.091,167.153,248.175,229,340,137,137,-42.677,95
2022,13,111,Indiana,Big Ten,3,8,-92.157,-22.589,74,0.273,0.434,-0.162,-0.999,159.477,251.634,244,385,153,153,55.975,20
2022,13,112,Arkansas State,Sun Belt,2,9,-103.762,-126.602,119,0.182,0.203,-0.021,-0.150,169.231,272.993,242,374,143,137,-30.761,82
2022,13,113,Colorado State,Mountain West,3,8,-104.758,-122.109,118,0.273,0.136,0.136,0.803,113.846,218.605,148,282,130,129,-37.483,87
2022,13,114,Nevada,Mountain West,2,9,-108.040,-146.243,125,0.182,0.131,0.051,0.287,135.036,243.077,185,316,137,130,-43.884,97
2022,13,115,Louisiana Tech,Conference USA,2,9,-111.836,-161.432,127,0.182,0.160,0.022,0.112,205.556,317.391,296,438,144,138,-58.399,110
2022,13,116,Vanderbilt,SEC,4,7,-116.380,-13.187,68,0.364,0.459,-0.095,-0.599,187.407,303.788,253,401,135,132,61.265,17
2022,13,117,Georgia Tech,ACC,4,7,-117.857,-61.744,93,0.364,0.296,0.067,0.385,122.143,240.000,171,324,140,135,50.860,26
2022,13,118,Rice,Conference USA,4,7,-122.480,-137.912,123,0.364,0.167,0.197,1.167,196.875,319.355,252,396,128,124,-46.617,100
2022,13,119,Akron,Mid-American,1,9,-123.529,-132.637,120,0.100,0.172,-0.072,-0.455,175.630,299.160,209,356,119,119,-52.773,107
2022,13,120,Boston College,ACC,2,9,-124.503,-82.339,105,0.182,0.247,-0.065,-0.417,119.863,244.366,175,347,146,142,35.185,43
2022,13,121,South Florida,American Athletic,0,11,-127.595,-92.090,108,0.000,0.303,-0.303,-1.854,231.496,359.091,294,474,127,132,26.378,49
2022,13,122,Northwestern,Big Ten,1,10,-131.901,-69.927,98,0.091,0.281,-0.190,-1.173,107.634,239.535,141,309,131,129,59.585,18
2022,13,123,Stanford,Pac-12,2,9,-133.184,-45.663,86,0.182,0.361,-0.179,-1.107,162.879,296.063,215,376,132,127,73.465,13
2022,13,124,Charlotte,Conference USA,3,8,-134.330,-178.388,128,0.273,0.145,0.127,0.748,208.527,342.857,269,432,129,126,-68.259,120
2022,13,125,UL Monroe,Sun Belt,3,8,-140.454,-118.536,117,0.273,0.225,0.048,0.268,179.231,319.685,233,406,130,127,-6.568,75
2022,13,126,New Mexico,Mountain West,1,10,-144.957,-184.802,129,0.091,0.040,0.051,0.284,87.879,232.836,116,312,132,134,-39.301,89
2022,13,127,Rutgers,Big Ten,3,8,-151.569,-70.740,100,0.273,0.268,0.005,0.008,105.147,256.716,143,344,136,134,48.829,29
2022,13,128,Hawai'i,Mountain West,2,10,-154.861,-147.766,126,0.167,0.159,0.008,0.027,161.806,316.667,233,437,144,138,-41.871,94
2022,13,129,Florida International,Conference USA,3,8,-162.107,-186.447,130,0.273,0.055,0.218,1.296,132.857,294.964,186,410,140,139,-93.540,131
2022,13,130,Massachusetts,FBS Independents,0,11,-166.360,-195.858,131,0.000,0.035,-0.035,-0.235,94.203,260.563,130,370,138,142,-47.692,101
2022,13,131,Colorado,Pac-12,1,11,-237.740,-111.849,114,0.083,0.196,-0.113,-0.704,133.094,370.833,185,534,139,144,80.735,8
2022,14,1,Michigan,Big Ten,13,0,232.860,192.286,2,1.000,0.908,0.092,0.557,347.333,114.474,521,174,150,152,8.292,62
2022,14,2,Georgia,SEC,12,0,218.832,232.659,1,1.000,0.963,0.037,0.219,340.000,121.168,476,166,140,137,54.925,22
2022,14,3,Ohio State,Big Ten,11,1,204.182,177.316,6,0.917,0.875,0.042,0.250,351.316,147.134,534,231,152,157,22.195,54
2022,14,4,Alabama,SEC,9,2,183.151,179.624,5,0.818,0.909,-0.091,-0.561,332.117,148.966,455,216,137,145,53.690,25
2022,14,5,Tennessee,SEC,9,2,182.896,157.162,9,0.818,0.833,-0.015,-0.098,369.853,186.957,503,258,136,138,55.357,21
2022,14,6,Utah,Pac-12,9,3,146.825,168.926,8,0.750,0.876,-0.126,-0.776,331.111,184.286,447,258,135,140,39.825,38
2022,14,7,Penn State,Big Ten,10,2,133.536,133.822,11,0.833,0.842,-0.009,-0.059,275.641,142.105,430,216,156,152,24.677,51
2022,14,8,Florida State,ACC,8,3,123.438,135.259,10,0.727,0.810,-0.083,-0.511,302.344,178.906,387,229,128,128,31.115,46
2022,14,9,Texas,Big 12,8,4,120.833,175.287,7,0.667,0.895,-0.228,-1.406,297.222,176.389,428,254,144,144,79.102,12
2022,14,10,Air Force,Mountain West,8,3,119.609,31.497,53,0.727,0.594,0.133,0.810,253.571,133.962,284,142,112,106,-77.164,125
2022,14,11,USC,Pac-12,11,2,116.193,128.422,12,0.846,0.750,0.096,0.584,368.276,252.083,534,363,145,144,29.435,49
2022,14,12,Clemson,ACC,10,2,115.085,122.452,14,0.833,0.808,0.025,0.150,273.684,158.599,416,249,152,157,16.144,60
2022,14,13,Western Kentucky,Conference USA,7,5,113.240,-15.790,72,0.583,0.453,0.130,0.794,289.189,175.949,428,278,148,158,-73.418,123
2022,14,14,Minnesota,Big Ten,7,4,108.547,99.164,19,0.636,0.789,-0.152,-0.940,236.752,128.205,277,150,117,117,-2.736,71
2022,14,15,TCU,Big 12,11,1,107.743,182.215,4,0.917,0.878,0.039,0.232,303.922,196.178,465,308,153,157,83.514,8
2022,14,16,Washington,Pac-12,9,2,101.998,93.407,21,0.818,0.691,0.127,0.773,358.197,256.198,437,310,122,121,9.313,61
2022,14,17,Tulane,American Athletic,10,2,98.496,91.250,22,0.833,0.742,0.091,0.552,281.944,183.448,406,266,144,145,1.675,68
2022,14,18,Kansas State,Big 12,9,3,91.368,182.222,3,0.750,0.907,-0.157,-0.971,268.919,177.551,398,261,148,147,102.239,1
2022,14,19,Illinois,Big Ten,7,4,90.462,100.105,18,0.636,0.820,-0.183,-1.129,198.551,108.088,274,147,138,136,18.460,57
2022,14,20,Notre Dame,FBS Independents,8,4,85.417,88.683,24,0.667,0.738,-0.071,-0.443,266.667,181.250,368,261,138,144,22.277,53
2022,14,21,James Madison,Sun Belt,7,3,84.615,17.780,58,0.700,0.557,0.143,0.872,240.559,155.944,344,223,143,143,-51.992,107
2022,14,22,South Alabama,Sun Belt,9,2,82.499,13.342,60,0.818,0.539,0.279,1.707,257.692,175.194,335,226,130,129,-66.032,119
2022,14,23,Fresno State,Mountain West,8,4,82.005,24.639,55,0.667,0.565,0.102,0.619,265.693,183.688,364,259,137,141,-40.890,93
2022,14,24,Boise State,Mountain West,8,4,79.720,17.264,59,0.667,0.551,0.116,0.706,243.357,163.636,348,234,143,143,-47.380,101
2022,14,25,UTSA,Conference USA,10,2,79.422,-10.494,68,0.833,0.477,0.356,2.178,324.460,245.038,451,321,139,131,-58.971,110
2022,14,26,UCLA,Pac-12,8,3,75.452,87.056,26,0.727,0.679,0.048,0.292,344.000,268.548,430,333,125,124,19.860,55
2022,14,27,UCF,American Athletic,8,4,69.930,52.521,42,0.667,0.641,0.026,0.155,273.427,203.497,391,291,143,143,6.996,64
2022,14,28,Troy,Sun Belt,10,2,68.639,26.183,54,0.833,0.586,0.248,1.514,220.438,151.799,302,211,137,139,-41.229,94
2022,14,29,San José State,Mountain West,6,4,66.173,-10.182,67,0.600,0.472,0.128,0.780,242.241,176.068,281,206,116,117,-75.274,124
2022,14,30,Oregon,Pac-12,8,3,66.125,116.723,15,0.727,0.749,-0.022,-0.141,322.222,256.098,406,315,126,123,54.498,23
2022,14,31,Duke,ACC,7,4,64.755,40.076,47,0.636,0.605,0.032,0.190,261.654,196.899,348,254,133,129,-22.254,79
2022,14,32,Oregon State,Pac-12,8,3,63.723,100.202,17,0.727,0.783,-0.056,-0.349,246.923,183.200,321,229,130,125,38.798,40
2022,14,33,Louisville,ACC,7,5,62.100,83.428,28,0.583,0.753,-0.170,-1.047,220.270,158.170,326,242,148,153,32.353,45
2022,14,34,Cincinnati,American Athletic,8,3,50.963,43.151,45,0.727,0.639,0.088,0.533,223.022,172.059,310,234,139,136,-6.873,75
2022,14,35,LSU,SEC,8,4,48.621,123.383,13,0.667,0.790,-0.123,-0.759,261.029,212.409,355,291,136,137,74.340,13
2022,14,36,Pittsburgh,ACC,7,4,48.111,51.762,43,0.636,0.652,-0.015,-0.099,224.138,176.027,325,257,145,146,0.712,69
2022,14,37,Maryland,Big Ten,7,5,47.059,59.067,40,0.583,0.669,-0.085,-0.528,239.726,192.667,350,289,146,150,17.900,59
2022,14,38,Washington State,Pac-12,6,5,43.846,72.105,34,0.545,0.716,-0.171,-1.052,237.692,193.846,309,252,130,130,40.964,37
2022,14,39,Wake Forest,ACC,6,5,42.760,73.135,33,0.545,0.666,-0.120,-0.744,286.331,243.571,398,341,139,140,30.250,48
2022,14,40,Mississippi State,SEC,7,4,42.431,108.179,16,0.636,0.780,-0.143,-0.884,241.727,199.296,336,283,139,142,68.711,15
2022,14,41,Ole Miss,SEC,7,4,42.299,80.141,29,0.636,0.694,-0.058,-0.358,258.088,215.789,351,287,136,133,48.427,32
2022,14,42,Wisconsin,Big Ten,5,6,34.832,42.287,46,0.455,0.627,-0.173,-1.066,217.054,182.222,280,246,129,135,34.846,44
2022,14,43,Buffalo,Mid-American,6,5,34.469,-44.099,84,0.545,0.378,0.167,1.019,236.567,202.098,317,289,134,143,-77.199,126
2022,14,44,Houston,American Athletic,7,5,28.603,23.569,57,0.583,0.554,0.029,0.173,309.722,281.119,446,402,144,143,-3.809,72
2022,14,45,Iowa,Big Ten,6,5,28.030,87.682,25,0.545,0.802,-0.256,-1.578,153.030,125.000,202,170,132,136,37.783,41
2022,14,46,Memphis,American Athletic,5,6,26.348,24.418,56,0.455,0.562,-0.108,-0.666,262.319,235.971,362,328,138,139,0.620,70
2022,14,47,Toledo,Mid-American,7,5,25.235,-31.536,79,0.583,0.410,0.173,1.058,228.916,203.681,380,332,166,163,-72.634,122
2022,14,48,Baylor,Big 12,5,6,23.245,88.921,23,0.455,0.716,-0.261,-1.609,260.938,237.692,334,309,128,130,79.734,10
2022,14,49,UAB,Conference USA,5,6,22.988,-37.607,83,0.455,0.393,0.062,0.373,242.520,219.531,308,281,127,128,-63.018,115
2022,14,50,Oklahoma,Big 12,6,6,22.672,97.412,20,0.500,0.762,-0.262,-1.613,236.527,213.855,395,355,167,166,64.078,16
2022,14,51,Liberty,FBS Independents,7,4,21.009,-32.006,80,0.636,0.405,0.232,1.416,213.423,192.414,318,279,149,145,-59.009,111
2022,14,52,Army,FBS Independents,3,6,19.883,-30.020,78,0.333,0.423,-0.090,-0.558,257.778,237.895,232,226,90,95,-42.327,96
2022,14,53,Ohio,Mid-American,8,4,17.301,-25.932,75,0.667,0.434,0.232,1.419,240.541,223.239,356,317,148,142,-59.678,112
2022,14,54,SMU,American Athletic,6,5,15.593,39.417,49,0.545,0.588,-0.043,-0.268,299.281,283.688,416,400,139,141,23.469,52
2022,14,55,Louisiana,Sun Belt,5,6,15.032,-28.975,77,0.455,0.414,0.040,0.243,214.286,199.254,300,267,140,134,-49.095,104
2022,14,56,Marshall,Sun Belt,6,4,14.706,-14.917,70,0.600,0.435,0.165,1.004,150.000,135.294,207,184,138,136,-27.084,81
2022,14,57,Arkansas,SEC,5,6,11.988,77.999,32,0.455,0.697,-0.242,-1.490,239.130,227.143,330,318,138,140,63.611,17
2022,14,58,Syracuse,ACC,6,5,10.093,61.447,39,0.545,0.671,-0.126,-0.776,216.154,206.061,281,272,130,132,36.749,42
2022,14,59,North Carolina,ACC,8,4,9.962,12.526,61,0.667,0.529,0.138,0.838,267.785,257.823,399,379,149,147,6.669,65
2022,14,60,NC State,ACC,7,4,8.793,31.739,52,0.636,0.610,0.027,0.158,180.435,171.642,249,230,138,134,30.416,47
2022,14,61,Florida Atlantic,Conference USA,4,7,8.696,-70.615,99,0.364,0.305,0.058,0.353,233.333,224.638,315,310,135,138,-70.151,121
2022,14,62,Kentucky,SEC,6,5,5.868,67.506,35,0.545,0.711,-0.166,-1.021,198.305,192.437,234,229,118,119,54.247,24
2022,14,63,South Carolina,SEC,7,4,5.554,58.182,41,0.636,0.654,-0.018,-0.115,239.130,233.577,330,320,138,137,51.970,28
2022,14,64,App State,Sun Belt,4,6,-0.639,-27.686,76,0.400,0.437,-0.037,-0.233,268.852,269.492,328,318,122,118,-26.576,80
2022,14,65,East Carolina,American Athletic,6,5,-2.283,11.275,62,0.545,0.530,0.016,0.092,246.923,249.206,321,314,130,126,2.189,67
2022,14,66,BYU,FBS Independents,6,5,-2.542,-0.248,64,0.545,0.499,0.046,0.277,280.508,283.051,331,334,118,118,7.920,63
2022,14,67,Eastern Michigan,Mid-American,7,4,-3.968,-88.441,107,0.636,0.293,0.343,2.100,241.270,245.238,304,309,126,126,-91.323,129
2022,14,68,San Diego State,Mountain West,6,5,-6.373,-37.389,82,0.545,0.371,0.174,1.061,173.016,179.389,218,235,126,131,-32.060,83
2022,14,69,Missouri,SEC,5,6,-6.645,61.568,38,0.455,0.686,-0.232,-1.425,202.985,209.630,272,283,134,135,52.768,27
2022,14,70,North Texas,Conference USA,6,6,-6.884,-64.694,93,0.500,0.332,0.168,1.023,252.980,259.864,382,382,151,147,-63.586,116
2022,14,71,Texas Tech,Big 12,6,5,-11.932,78.401,31,0.545,0.711,-0.165,-1.020,223.684,235.616,340,344,152,146,95.542,4
2022,14,72,Texas A&M,SEC,4,7,-13.165,33.446,50,0.364,0.613,-0.250,-1.537,179.259,192.424,242,254,135,132,42.628,35
2022,14,73,Florida,SEC,5,6,-13.814,66.193,37,0.455,0.652,-0.197,-1.214,255.039,268.852,329,328,129,122,84.970,7
2022,14,74,Coastal Carolina,Sun Belt,8,3,-14.175,-49.556,87,0.727,0.381,0.346,2.118,242.748,256.923,318,334,131,130,-40.303,91
2022,14,75,Purdue,Big Ten,7,5,-15.889,32.409,51,0.583,0.586,-0.003,-0.024,203.289,219.178,309,320,152,146,48.950,31
2022,14,76,Georgia Southern,Sun Belt,5,6,-16.638,-50.801,88,0.455,0.386,0.069,0.416,257.463,274.101,345,381,134,139,-34.361,84
2022,14,77,Georgia State,Sun Belt,4,8,-16.753,-57.038,91,0.333,0.348,-0.014,-0.094,229.299,246.053,360,374,157,152,-43.852,99
2022,14,78,Navy,American Athletic,4,6,-17.117,-7.426,66,0.400,0.478,-0.078,-0.482,215.315,232.432,239,258,111,111,19.357,56
2022,14,79,Oklahoma State,Big 12,6,5,-17.191,66.698,36,0.545,0.711,-0.165,-1.019,188.166,205.357,318,345,169,168,79.151,11
2022,14,80,Middle Tennessee,Conference USA,6,5,-17.386,-93.665,109,0.545,0.247,0.299,1.825,204.762,222.148,301,331,147,149,-84.122,128
2022,14,81,Iowa State,Big 12,3,8,-20.819,83.484,27,0.273,0.811,-0.538,-3.306,149.254,170.073,200,233,134,137,95.666,3
2022,14,82,UTEP,Conference USA,5,7,-22.302,-113.809,115,0.417,0.212,0.205,1.252,210.791,233.094,293,324,139,139,-92.470,130
2022,14,83,Southern Miss,Sun Belt,5,6,-28.240,-68.489,96,0.455,0.276,0.178,1.088,163.309,191.549,227,272,139,142,-39.673,89
2022,14,84,Michigan State,Big Ten,5,7,-28.889,-15.203,71,0.417,0.458,-0.041,-0.258,207.801,236.691,293,329,141,139,44.498,33
2022,14,85,Kansas,Big 12,5,6,-30.635,79.956,30,0.455,0.670,-0.216,-1.327,278.740,309.375,354,396,127,128,96.159,2
2022,14,86,Miami (OH),Mid-American,5,6,-31.298,-104.665,112,0.455,0.201,0.253,1.547,165.625,196.923,212,256,128,130,-64.811,117
2022,14,87,UNLV,Mountain West,4,7,-31.528,-81.834,106,0.364,0.295,0.069,0.418,206.250,237.778,264,321,128,135,-48.100,102
2022,14,88,Wyoming,Mountain West,6,5,-35.628,-65.375,94,0.545,0.290,0.255,1.558,163.636,199.265,216,271,132,136,-38.541,88
2022,14,89,California,Pac-12,3,8,-41.414,-4.661,65,0.273,0.485,-0.212,-1.306,194.615,236.029,253,321,130,136,41.345,36
2022,14,90,Kent State,Mid-American,4,7,-44.444,-69.952,97,0.364,0.315,0.049,0.296,205.926,250.370,278,338,135,135,-18.703,77
2022,14,91,Old Dominion,Sun Belt,3,9,-45.080,-75.571,101,0.250,0.274,-0.024,-0.151,164.789,209.868,234,319,142,152,-37.444,86
2022,14,92,Ball State,Mid-American,4,7,-45.346,-93.787,110,0.364,0.219,0.145,0.882,175.887,221.233,248,323,141,146,-61.494,114
2022,14,93,Tulsa,American Athletic,4,7,-50.245,-53.776,90,0.364,0.356,0.007,0.039,217.361,267.606,313,380,144,142,-5.912,73
2022,14,94,Central Michigan,Mid-American,3,8,-54.082,-102.835,111,0.273,0.223,0.049,0.298,179.021,233.103,256,338,143,145,-51.162,106
2022,14,95,Arizona,Pac-12,4,7,-54.198,6.215,63,0.364,0.514,-0.151,-0.930,258.779,312.977,339,410,131,131,53.418,26
2022,14,96,Auburn,SEC,4,7,-54.575,44.295,44,0.364,0.627,-0.263,-1.618,183.453,238.028,255,338,139,142,91.350,6
2022,14,97,Utah State,Mountain West,6,5,-55.229,-79.346,102,0.545,0.287,0.259,1.582,188.889,244.118,272,332,144,136,-42.234,95
2022,14,98,West Virginia,Big 12,4,7,-59.422,39.462,48,0.364,0.590,-0.226,-1.393,232.308,291.729,302,388,130,133,91.390,5
2022,14,99,Texas State,Sun Belt,3,8,-60.377,-107.815,113,0.273,0.194,0.079,0.476,157.554,217.931,219,316,139,145,-50.593,105
2022,14,100,Virginia Tech,ACC,2,8,-63.192,-81.069,104,0.200,0.237,-0.037,-0.235,139.098,202.290,185,265,133,131,-12.255,76
2022,14,101,Nebraska,Big Ten,3,8,-64.454,-23.951,74,0.273,0.430,-0.157,-0.969,166.429,230.882,233,314,140,136,39.646,39
2022,14,102,Temple,American Athletic,2,9,-65.526,-67.189,95,0.182,0.299,-0.117,-0.722,175.188,240.714,233,337,133,140,-20.315,78
2022,14,103,Northern Illinois,Mid-American,2,9,-67.281,-134.852,122,0.182,0.214,-0.032,-0.202,218.657,285.938,293,366,134,128,-64.983,118
2022,14,104,Miami,ACC,4,7,-69.700,-46.810,86,0.364,0.356,0.008,0.043,160.150,229.851,213,308,133,134,3.372,66
2022,14,105,Virginia,ACC,2,7,-73.559,-52.349,89,0.222,0.322,-0.100,-0.618,120.354,193.913,136,223,113,115,18.234,58
2022,14,106,Western Michigan,Mid-American,4,7,-74.770,-143.179,124,0.364,0.093,0.271,1.655,129.577,204.348,184,282,142,138,-60.867,113
2022,14,107,Arizona State,Pac-12,2,9,-74.874,-33.860,81,0.182,0.415,-0.233,-1.434,221.951,296.825,273,374,123,126,43.491,34
2022,14,108,UConn,FBS Independents,5,6,-75.758,-81.407,105,0.455,0.261,0.193,1.179,159.091,234.848,210,310,132,132,-35.201,85
2022,14,109,New Mexico State,FBS Independents,4,6,-76.509,-134.361,121,0.400,0.163,0.237,1.445,169.027,245.536,191,275,113,112,-80.174,127
2022,14,110,Bowling Green,Mid-American,6,5,-81.022,-113.863,116,0.545,0.200,0.346,2.115,167.153,248.175,229,340,137,137,-42.615,97
2022,14,111,Indiana,Big Ten,3,8,-92.157,-22.866,73,0.273,0.433,-0.161,-0.991,159.477,251.634,244,385,153,153,55.697,20
2022,14,112,Arkansas State,Sun Belt,2,9,-103.762,-126.303,119,0.182,0.203,-0.022,-0.138,169.231,272.993,242,374,143,137,-30.461,82
2022,14,113,Colorado State,Mountain West,3,8,-104.758,-122.178,118,0.273,0.136,0.136,0.830,113.846,218.605,148,282,130,129,-37.551,87
2022,14,114,Nevada,Mountain West,2,9,-108.040,-145.917,125,0.182,0.133,0.049,0.296,135.036,243.077,185,316,137,130,-43.558,98
2022,14,115,Louisiana Tech,Conference USA,2,9,-111.836,-160.124,127,0.182,0.162,0.020,0.115,205.556,317.391,296,438,144,138,-57.091,109
2022,14,116,Akron,Mid-American,1,10,-114.313,-126.887,120,0.091,0.179,-0.088,-0.546,175.000,289.313,231,379,132,131,-52.244,108
2022,14,117,Vanderbilt,SEC,4,7,-116.380,-11.282,69,0.364,0.465,-0.101,-0.626,187.407,303.788,253,401,135,132,63.169,18
2022,14,118,Georgia Tech,ACC,4,7,-117.857,-62.862,92,0.364,0.293,0.071,0.428,122.143,240.000,171,324,140,135,49.743,29
2022,14,119,Rice,Conference USA,4,7,-122.480,-139.395,123,0.364,0.165,0.199,1.214,196.875,319.355,252,396,128,124,-48.101,103
2022,14,120,Boston College,ACC,2,9,-124.503,-80.870,103,0.182,0.252,-0.070,-0.433,119.863,244.366,175,347,146,142,36.654,43
2022,14,121,South Florida,American Athletic,0,11,-127.595,-92.141,108,0.000,0.303,-0.303,-1.862,231.496,359.091,294,474,127,132,26.326,50
2022,14,122,Northwestern,Big Ten,1,10,-131.901,-71.028,100,0.091,0.278,-0.187,-1.154,107.634,239.535,141,309,131,129,58.483,19
2022,14,123,Stanford,Pac-12,2,9,-133.184,-44.878,85,0.182,0.364,-0.182,-1.121,162.879,296.063,215,376,132,127,74.251,14
2022,14,124,Charlotte,Conference USA,3,8,-134.330,-178.993,128,0.273,0.145,0.128,0.778,208.527,342.857,269,432,129,126,-68.864,120
2022,14,125,UL Monroe,Sun Belt,3,8,-140.454,-118.674,117,0.273,0.224,0.049,0.293,179.231,319.685,233,406,130,127,-6.705,74
2022,14,126,New Mexico,Mountain West,1,10,-144.957,-185.275,129,0.091,0.040,0.051,0.305,87.879,232.836,116,312,132,134,-39.774,90
2022,14,127,Rutgers,Big Ten,3,8,-151.569,-70.545,98,0.273,0.268,0.004,0.021,105.147,256.716,143,344,136,134,49.023,30
2022,14,128,Hawai'i,Mountain West,2,10,-154.861,-146.456,126,0.167,0.161,0.006,0.030,161.806,316.667,233,437,144,138,-40.561,92
2022,14,129,Florida International,Conference USA,3,8,-162.107,-186.704,130,0.273,0.055,0.218,1.332,132.857,294.964,186,410,140,139,-93.797,131
2022,14,130,Massachusetts,FBS Independents,0,11,-166.360,-194.590,131,0.000,0.038,-0.038,-0.236,94.203,260.563,130,370,138,142,-46.424,100
2022,14,131,Colorado,Pac-12,1,11,-237.740,-111.309,114,0.083,0.198,-0.115,-0.709,133.094,370.833,185,534,139,144,81.276,9
2022,15,1,Michigan,Big Ten,13,0,232.860,192.292,2,1.000,0.908,0.092,0.555,347.333,114.474,521,174,150,152,8.298,62
2022,15,2,Georgia,SEC,12,0,218.832,232.672,1,1.000,0.964,0.036,0.217,340.000,121.168,476,166,140,137,54.938,22
2022,15,3,Ohio State,Big Ten,11,1,204.182,177.272,6,0.917,0.875,0.042,0.248,351.316,147.134,534,231,152,157,22.152,53
2022,15,4,Alabama,SEC,9,2,183.151,179.723,5,0.818,0.909,-0.091,-0.565,332.117,148.966,455,216,137,145,53.789,25
2022,15,5,Tennessee,SEC,9,2,182.896,157.212,9,0.818,0.833,-0.015,-0.101,369.853,186.957,503,258,136,138,55.407,21
2022,15,6,Utah,Pac-12,9,3,146.825,168.884,8,0.750,0.876,-0.126,-0.779,331.111,184.286,447,258,135,140,39.783,38
2022,15,7,Penn State,Big Ten,10,2,133.536,133.789,11,0.833,0.842,-0.009,-0.061,275.641,142.105,430,216,156,152,24.644,51
2022,15,8,Florida State,ACC,8,3,123.438,135.380,10,0.727,0.810,-0.083,-0.516,302.344,178.906,387,229,128,128,31.235,46
2022,15,9,Texas,Big 12,8,4,120.833,175.324,7,0.667,0.895,-0.229,-1.412,297.222,176.389,428,254,144,144,79.139,11
2022,15,10,Air Force,Mountain West,8,3,119.609,31.509,53,0.727,0.593,0.134,0.814,253.571,133.962,284,142,112,106,-77.153,126
2022,15,11,USC,Pac-12,11,2,116.193,128.361,12,0.846,0.750,0.096,0.583,368.276,252.083,534,363,145,144,29.374,49
2022,15,12,Clemson,ACC,10,2,115.085,122.534,14,0.833,0.808,0.025,0.147,273.684,158.599,416,249,152,157,16.226,59
2022,15,13,Western Kentucky,Conference USA,7,5,113.240,-15.635,72,0.583,0.453,0.130,0.791,289.189,175.949,428,278,148,158,-73.262,123
2022,15,14,Minnesota,Big Ten,7,4,108.547,99.136,19,0.636,0.789,-0.152,-0.943,236.752,128.205,277,150,117,117,-2.764,71
2022,15,15,TCU,Big 12,11,1,107.743,182.041,4,0.917,0.878,0.039,0.231,303.922,196.178,465,308,153,157,83.341,8
2022,15,16,Washington,Pac-12,9,2,101.998,93.367,21,0.818,0.691,0.127,0.773,358.197,256.198,437,310,122,121,9.272,61
2022,15,17,Tulane,American Athletic,10,2,98.496,90.525,22,0.833,0.741,0.092,0.558,281.944,183.448,406,266,144,145,0.949,68
2022,15,18,Kansas State,Big 12,9,3,91.368,182.082,3,0.750,0.907,-0.157,-0.973,268.919,177.551,398,261,148,147,102.099,1
2022,15,19,Illinois,Big Ten,7,4,90.462,100.072,18,0.636,0.820,-0.183,-1.132,198.551,108.088,274,147,138,136,18.426,56
2022,15,20,Notre Dame,FBS Independents,8,4,85.417,88.288,24,0.667,0.736,-0.070,-0.435,266.667,181.250,368,261,138,144,21.882,54
2022,15,21,James Madison,Sun Belt,7,3,84.615,18.203,58,0.700,0.558,0.142,0.864,240.559,155.944,344,223,143,143,-51.569,107
2022,15,22,South Alabama,Sun Belt,9,2,82.499,13.722,60,0.818,0.540,0.278,1.701,257.692,175.194,335,226,130,129,-65.652,119
2022,15,23,Fresno State,Mountain West,8,4,82.005,24.678,55,0.667,0.565,0.102,0.617,265.693,183.688,364,259,137,141,-40.850,95
2022,15,24,Boise State,Mountain West,8,4,79.720,17.261,59,0.667,0.551,0.116,0.705,243.357,163.636,348,234,143,143,-47.384,101
2022,15,25,UTSA,Conference USA,10,2,79.422,-10.062,66,0.833,0.478,0.355,2.174,324.460,245.038,451,321,139,131,-58.539,110
2022,15,26,UCLA,Pac-12,8,3,75.452,87.051,26,0.727,0.679,0.048,0.291,344.000,268.548,430,333,125,124,19.856,55
2022,15,27,UCF,American Athletic,8,4,69.930,51.445,43,0.667,0.637,0.029,0.172,273.427,203.497,391,291,143,143,5.921,65
2022,15,28,Troy,Sun Belt,10,2,68.639,27.022,54,0.833,0.588,0.245,1.500,220.438,151.799,302,211,137,139,-40.390,93
2022,15,29,San José State,Mountain West,6,4,66.173,-10.171,67,0.600,0.472,0.128,0.779,242.241,176.068,281,206,116,117,-75.263,124
2022,15,30,Oregon,Pac-12,8,3,66.125,116.664,15,0.727,0.749,-0.022,-0.143,322.222,256.098,406,315,126,123,54.439,23
2022,15,31,Duke,ACC,7,4,64.755,40.054,47,0.636,0.605,0.032,0.188,261.654,196.899,348,254,133,129,-22.277,79
2022,15,32,Oregon State,Pac-12,8,3,63.723,100.160,17,0.727,0.783,-0.056,-0.351,246.923,183.200,321,229,130,125,38.756,40
2022,15,33,Louisville,ACC,7,5,62.100,83.400,28,0.583,0.753,-0.170,-1.051,220.270,158.170,326,242,148,153,32.326,45
2022,15,34,Cincinnati,American Athletic,8,3,50.963,42.030,46,0.727,0.636,0.092,0.556,223.022,172.059,310,234,139,136,-7.994,75
2022,15,35,LSU,SEC,8,4,48.621,123.416,13,0.667,0.790,-0.123,-0.763,261.029,212.409,355,291,136,137,74.372,13
2022,15,36,Pittsburgh,ACC,7,4,48.111,51.802,42,0.636,0.652,-0.015,-0.102,224.138,176.027,325,257,145,146,0.752,69
2022,15,37,Maryland,Big Ten,7,5,47.059,58.962,40,0.583,0.668,-0.085,-0.529,239.726,192.667,350,289,146,150,17.796,58
2022,15,38,Washington State,Pac-12,6,5,43.846,72.060,34,0.545,0.716,-0.171,-1.055,237.692,193.846,309,252,130,130,40.918,37
2022,15,39,Wake Forest,ACC,6,5,42.760,73.690,33,0.545,0.666,-0.121,-0.751,286.331,243.571,398,341,139,140,30.805,47
2022,15,40,Mississippi State,SEC,7,4,42.431,108.098,16,0.636,0.780,-0.143,-0.887,241.727,199.296,336,283,139,142,68.630,15
2022,15,41,Ole Miss,SEC,7,4,42.299,80.128,29,0.636,0.694,-0.058,-0.361,258.088,215.789,351,287,136,133,48.415,32
2022,15,42,Wisconsin,Big Ten,5,6,34.832,42.261,45,0.455,0.627,-0.173,-1.069,217.054,182.222,280,246,129,135,34.819,44
2022,15,43,Buffalo,Mid-American,6,5,34.469,-43.941,84,0.545,0.379,0.167,1.017,236.567,202.098,317,289,134,143,-77.041,125
2022,15,44,Houston,American Athletic,7,5,28.603,22.574,57,0.583,0.552,0.031,0.186,309.722,281.119,446,402,144,143,-4.804,72
2022,15,45,Iowa,Big Ten,6,5,28.030,87.650,25,0.545,0.802,-0.256,-1.582,153.030,125.000,202,170,132,136,37.750,41
2022,15,46,Memphis,American Athletic,5,6,26.348,23.318,56,0.455,0.559,-0.105,-0.652,262.319,235.971,362,328,138,139,-0.480,70
2022,15,47,Toledo,Mid-American,7,5,25.235,-31.449,79,0.583,0.410,0.173,1.057,228.916,203.681,380,332,166,163,-72.546,122
2022,15,48,Baylor,Big 12,5,6,23.245,88.857,23,0.455,0.716,-0.261,-1.613,260.938,237.692,334,309,128,130,79.669,10
2022,15,49,UAB,Conference USA,5,6,22.988,-37.451,83,0.455,0.393,0.061,0.370,242.520,219.531,308,281,127,128,-62.862,115
2022,15,50,Oklahoma,Big 12,6,6,22.672,97.349,20,0.500,0.762,-0.262,-1.618,236.527,213.855,395,355,167,166,64.015,16
2022,15,51,Army,FBS Independents,4,6,21.399,-24.758,75,0.400,0.434,-0.034,-0.216,242.308,220.909,252,243,104,110,-38.786,89
2022,15,52,Liberty,FBS Independents,7,4,21.009,-31.784,80,0.636,0.405,0.231,1.413,213.423,192.414,318,279,149,145,-58.787,111
2022,15,53,Ohio,Mid-American,8,4,17.301,-25.903,76,0.667,0.434,0.232,1.420,240.541,223.239,356,317,148,142,-59.649,112
2022,15,54,SMU,American Athletic,6,5,15.593,38.297,49,0.545,0.586,-0.040,-0.254,299.281,283.688,416,400,139,141,22.349,52
2022,15,55,Louisiana,Sun Belt,5,6,15.032,-28.579,78,0.455,0.415,0.039,0.234,214.286,199.254,300,267,140,134,-48.699,104
2022,15,56,Marshall,Sun Belt,6,4,14.706,-14.488,70,0.600,0.437,0.163,0.994,150.000,135.294,207,184,138,136,-26.655,81
2022,15,57,Arkansas,SEC,5,6,11.988,77.925,32,0.455,0.697,-0.242,-1.494,239.130,227.143,330,318,138,140,63.537,17
2022,15,58,Syracuse,ACC,6,5,10.093,61.551,39,0.545,0.672,-0.126,-0.782,216.154,206.061,281,272,130,132,36.854,42
2022,15,59,North Carolina,ACC,8,4,9.962,12.678,61,0.667,0.529,0.137,0.835,267.785,257.823,399,379,149,147,6.822,64
2022,15,60,NC State,ACC,7,4,8.793,31.787,52,0.636,0.610,0.026,0.155,180.435,171.642,249,230,138,134,30.464,48
2022,15,61,Florida Atlantic,Conference USA,4,7,8.696,-70.628,98,0.364,0.305,0.058,0.352,233.333,224.638,315,310,135,138,-70.163,121
2022,15,62,Kentucky,SEC,6,5,5.868,67.507,35,0.545,0.711,-0.166,-1.025,198.305,192.437,234,229,118,119,54.248,24
2022,15,63,South Carolina,SEC,7,4,5.554,58.295,41,0.636,0.655,-0.018,-0.119,239.130,233.577,330,320,138,137,52.083,28
2022,15,64,App State,Sun Belt,4,6,-0.639,-27.204,77,0.400,0.438,-0.038,-0.242,268.852,269.492,328,318,122,118,-26.094,80
2022,15,65,East Carolina,American Athletic,6,5,-2.283,10.197,62,0.545,0.527,0.019,0.108,246.923,249.206,321,314,130,126,1.111,67
2022,15,66,BYU,FBS Independents,6,5,-2.542,-0.466,64,0.545,0.499,0.047,0.278,280.508,283.051,331,334,118,118,7.702,63
2022,15,67,Eastern Michigan,Mid-American,7,4,-3.968,-88.317,107,0.636,0.293,0.343,2.101,241.270,245.238,304,309,126,126,-91.199,129
2022,15,68,San Diego State,Mountain West,6,5,-6.373,-37.377,82,0.545,0.371,0.174,1.062,173.016,179.389,218,235,126,131,-32.048,83
2022,15,69,Missouri,SEC,5,6,-6.645,61.595,38,0.455,0.686,-0.232,-1.430,202.985,209.630,272,283,134,135,52.795,27
2022,15,70,North Texas,Conference USA,6,6,-6.884,-64.743,93,0.500,0.332,0.168,1.024,252.980,259.864,382,382,151,147,-63.635,116
2022,15,71,Texas Tech,Big 12,6,5,-11.932,78.243,31,0.545,0.711,-0.165,-1.021,223.684,235.616,340,344,152,146,95.384,4
2022,15,72,Texas A&M,SEC,4,7,-13.165,33.548,50,0.364,0.614,-0.250,-1.544,179.259,192.424,242,254,135,132,42.731,35
2022,15,73,Florida,SEC,5,6,-13.814,66.167,37,0.455,0.652,-0.197,-1.218,255.039,268.852,329,328,129,122,84.943,7
2022,15,74,Coastal Carolina,Sun Belt,8,3,-14.175,-48.606,87,0.727,0.384,0.344,2.104,242.748,256.923,318,334,131,130,-39.354,91
2022,15,75,Purdue,Big Ten,7,5,-15.889,32.382,51,0.583,0.586,-0.003,-0.026,203.289,219.178,309,320,152,146,48.922,30
2022,15,76,Georgia Southern,Sun Belt,5,6,-16.638,-50.396,88,0.455,0.387,0.068,0.410,257.463,274.101,345,381,134,139,-33.956,84
2022,15,77,Georgia State,Sun Belt,4,8,-16.753,-56.205,91,0.333,0.350,-0.017,-0.112,229.299,246.053,360,374,157,152,-43.019,98
2022,15,78,Oklahoma State,Big 12,6,5,-17.191,66.623,36,0.545,0.711,-0.165,-1.022,188.166,205.357,318,345,169,168,79.076,12
2022,15,79,Middle Tennessee,Conference USA,6,5,-17.386,-93.493,109,0.545,0.247,0.298,1.825,204.762,222.148,301,331,147,149,-83.950,128
2022,15,80,Navy,American Athletic,4,7,-19.225,-12.511,69,0.364,0.461,-0.097,-0.604,203.175,222.400,256,278,126,125,14.521,60
2022,15,81,Iowa State,Big 12,3,8,-20.819,83.405,27,0.273,0.811,-0.538,-3.313,149.254,170.073,200,233,134,137,95.586,3
2022,15,82,UTEP,Conference USA,5,7,-22.302,-113.712,115,0.417,0.212,0.205,1.252,210.791,233.094,293,324,139,139,-92.374,130
2022,15,83,Southern Miss,Sun Belt,5,6,-28.240,-68.071,95,0.455,0.277,0.177,1.082,163.309,191.549,227,272,139,142,-39.255,90
2022,15,84,Michigan State,Big Ten,5,7,-28.889,-15.242,71,0.417,0.458,-0.041,-0.259,207.801,236.691,293,329,141,139,44.459,33
2022,15,85,Kansas,Big 12,5,6,-30.635,79.792,30,0.455,0.670,-0.215,-1.329,278.740,309.375,354,396,127,128,95.995,2
2022,15,86,Miami (OH),Mid-American,5,6,-31.298,-104.728,112,0.455,0.201,0.253,1.549,165.625,196.923,212,256,128,130,-64.874,117
2022,15,87,UNLV,Mountain West,4,7,-31.528,-81.862,106,0.364,0.294,0.069,0.419,206.250,237.778,264,321,128,135,-48.128,103
2022,15,88,Wyoming,Mountain West,6,5,-35.628,-65.483,94,0.545,0.290,0.256,1.563,163.636,199.265,216,271,132,136,-38.650,88
2022,15,89,California,Pac-12,3,8,-41.414,-4.739,65,0.273,0.485,-0.212,-1.309,194.615,236.029,253,321,130,136,41.266,36
2022,15,90,Kent State,Mid-American,4,7,-44.444,-69.907,97,0.364,0.315,0.049,0.294,205.926,250.370,278,338,135,135,-18.658,77
2022,15,91,Old Dominion,Sun Belt,3,9,-45.080,-75.279,101,0.250,0.274,-0.024,-0.156,164.789,209.868,234,319,142,152,-37.153,86
2022,15,92,Ball State,Mid-American,4,7,-45.346,-93.665,110,0.364,0.219,0.145,0.881,175.887,221.233,248,323,141,146,-61.372,114
2022,15,93,Tulsa,American Athletic,4,7,-50.245,-54.885,90,0.364,0.354,0.010,0.052,217.361,267.606,313,380,144,142,-7.021,74
2022,15,94,Central Michigan,Mid-American,3,8,-54.082,-102.755,111,0.273,0.223,0.049,0.296,179.021,233.103,256,338,143,145,-51.082,106
2022,15,95,Arizona,Pac-12,4,7,-54.198,6.171,63,0.364,0.514,-0.151,-0.932,258.779,312.977,339,410,131,131,53.374,26
2022,15,96,Auburn,SEC,4,7,-54.575,44.317,44,0.364,0.627,-0.263,-1.624,183.453,238.028,255,338,139,142,91.372,5
2022,15,97,Utah State,Mountain West,6,5,-55.229,-79.307,102,0.545,0.286,0.259,1.583,188.889,244.118,272,332,144,136,-42.194,96
2022,15,98,West Virginia,Big 12,4,7,-59.422,39.393,48,0.364,0.590,-0.226,-1.396,232.308,291.729,302,388,130,133,91.321,6
2022,15,99,Texas State,Sun Belt,3,8,-60.377,-107.421,113,0.273,0.195,0.078,0.471,157.554,217.931,219,316,139,145,-50.199,105
2022,15,100,Virginia Tech,ACC,2,8,-63.192,-80.987,105,0.200,0.238,-0.038,-0.239,139.098,202.290,185,265,133,131,-12.173,76
2022,15,101,Nebraska,Big Ten,3,8,-64.454,-23.959,74,0.273,0.430,-0.157,-0.972,166.429,230.882,233,314,140,136,39.638,39
2022,15,102,Temple,American Athletic,2,9,-65.526,-68.282,96,0.182,0.296,-0.114,-0.710,175.188,240.714,233,337,133,140,-21.408,78
2022,15,103,Northern Illinois,Mid-American,2,9,-67.281,-134.903,122,0.182,0.214,-0.032,-0.203,218.657,285.938,293,366,134,128,-65.034,118
2022,15,104,Miami,ACC,4,7,-69.700,-46.704,86,0.364,0.356,0.008,0.040,160.150,229.851,213,308,133,134,3.478,66
2022,15,105,Virginia,ACC,2,7,-73.559,-52.286,89,0.222,0.322,-0.100,-0.622,120.354,193.913,136,223,113,115,18.297,57
2022,15,106,Western Michigan,Mid-American,4,7,-74.770,-143.142,124,0.364,0.093,0.271,1.656,129.577,204.348,184,282,142,138,-60.829,113
2022,15,107,Arizona State,Pac-12,2,9,-74.874,-33.894,81,0.182,0.415,-0.233,-1.438,221.951,296.825,273,374,123,126,43.457,34
2022,15,108,UConn,FBS Independents,5,6,-75.758,-80.807,104,0.455,0.264,0.191,1.164,159.091,234.848,210,310,132,132,-34.601,85
2022,15,109,New Mexico State,FBS Independents,4,6,-76.509,-134.255,121,0.400,0.163,0.237,1.446,169.027,245.536,191,275,113,112,-80.068,127
2022,15,110,Bowling Green,Mid-American,6,5,-81.022,-113.792,116,0.545,0.200,0.346,2.116,167.153,248.175,229,340,137,137,-42.545,97
2022,15,111,Indiana,Big Ten,3,8,-92.157,-22.992,73,0.273,0.433,-0.160,-0.992,159.477,251.634,244,385,153,153,55.572,20
2022,15,112,Arkansas State,Sun Belt,2,9,-103.762,-125.996,119,0.182,0.204,-0.022,-0.142,169.231,272.993,242,374,143,137,-30.155,82
2022,15,113,Colorado State,Mountain West,3,8,-104.758,-122.161,118,0.273,0.136,0.136,0.831,113.846,218.605,148,282,130,129,-37.534,87
2022,15,114,Nevada,Mountain West,2,9,-108.040,-145.866,125,0.182,0.133,0.049,0.295,135.036,243.077,185,316,137,130,-43.507,99
2022,15,115,Louisiana Tech,Conference USA,2,9,-111.836,-159.969,127,0.182,0.162,0.020,0.113,205.556,317.391,296,438,144,138,-56.936,109
2022,15,116,Akron,Mid-American,1,10,-114.313,-126.831,120,0.091,0.179,-0.088,-0.549,175.000,289.313,231,379,132,131,-52.187,108
2022,15,117,Vanderbilt,SEC,4,7,-116.380,-11.210,68,0.364,0.465,-0.101,-0.630,187.407,303.788,253,401,135,132,63.242,18
2022,15,118,Georgia Tech,ACC,4,7,-117.857,-62.902,92,0.364,0.293,0.071,0.428,122.143,240.000,171,324,140,135,49.702,29
2022,15,119,Rice,Conference USA,4,7,-122.480,-139.356,123,0.364,0.165,0.199,1.214,196.875,319.355,252,396,128,124,-48.061,102
2022,15,120,Boston College,ACC,2,9,-124.503,-80.777,103,0.182,0.251,-0.070,-0.435,119.863,244.366,175,347,146,142,36.747,43
2022,15,121,South Florida,American Athletic,0,11,-127.595,-92.922,108,0.000,0.301,-0.301,-1.857,231.496,359.091,294,474,127,132,25.546,50
2022,15,122,Northwestern,Big Ten,1,10,-131.901,-71.067,100,0.091,0.278,-0.187,-1.157,107.634,239.535,141,309,131,129,58.445,19
2022,15,123,Stanford,Pac-12,2,9,-133.184,-44.971,85,0.182,0.363,-0.182,-1.123,162.879,296.063,215,376,132,127,74.158,14
2022,15,124,Charlotte,Conference USA,3,8,-134.330,-178.829,128,0.273,0.145,0.128,0.777,208.527,342.857,269,432,129,126,-68.699,120
2022,15,125,UL Monroe,Sun Belt,3,8,-140.454,-117.772,117,0.273,0.226,0.046,0.277,179.231,319.685,233,406,130,127,-5.804,73
2022,15,126,New Mexico,Mountain West,1,10,-144.957,-185.255,129,0.091,0.040,0.051,0.305,87.879,232.836,116,312,132,134,-39.754,92
2022,15,127,Rutgers,Big Ten,3,8,-151.569,-70.674,99,0.273,0.268,0.005,0.022,105.147,256.716,143,344,136,134,48.895,31
2022,15,128,Hawai'i,Mountain West,2,10,-154.861,-146.425,126,0.167,0.161,0.006,0.027,161.806,316.667,233,437,144,138,-40.530,94
2022,15,129,Florida International,Conference USA,3,8,-162.107,-186.503,130,0.273,0.055,0.218,1.332,132.857,294.964,186,410,140,139,-93.596,131
2022,15,130,Massachusetts,FBS Independents,0,11,-166.360,-194.122,131,0.000,0.039,-0.039,-0.245,94.203,260.563,130,370,138,142,-45.956,100
2022,15,131,Colorado,Pac-12,1,11,-237.740,-111.358,114,0.083,0.198,-0.114,-0.710,133.094,370.833,185,534,139,144,81.226,9
2022,16,1,Georgia,SEC,14,0,219.106,238.847,1,1.000,0.964,0.036,0.265,351.205,132.099,583,214,166,162,70.935,13
2022,16,2,Michigan,Big Ten,13,1,202.976,188.184,3,0.929,0.900,0.028,0.218,336.905,133.929,566,225,168,168,22.243,57
2022,16,3,Ohio State,Big Ten,11,2,188.836,187.076,4,0.846,0.881,-0.035,-0.185,348.485,159.649,575,273,165,171,42.705,36
2022,16,4,Alabama,SEC,10,2,183.966,192.783,2,0.833,0.918,-0.085,-0.501,333.333,149.367,500,236,150,158,61.317,20
2022,16,5,Tennessee,SEC,10,2,177.053,164.058,5,0.833,0.850,-0.017,-0.068,356.000,178.947,534,272,150,152,60.618,21
2022,16,6,Penn State,Big Ten,11,2,132.274,146.753,10,0.846,0.863,-0.017,-0.066,276.786,144.512,465,237,168,164,37.030,45
2022,16,7,Utah,Pac-12,9,4,125.604,152.733,9,0.692,0.850,-0.158,-0.962,318.367,192.763,468,293,147,152,42.537,37
2022,16,8,Air Force,Mountain West,9,3,121.097,45.384,46,0.750,0.635,0.115,0.770,255.285,134.188,314,157,123,117,-65.586,122
2022,16,9,Western Kentucky,Conference USA,8,5,116.109,0.430,63,0.615,0.501,0.114,0.764,293.168,177.059,472,301,161,170,-64.056,120
2022,16,10,Florida State,ACC,9,3,115.000,134.125,11,0.750,0.802,-0.052,-0.289,301.429,186.429,422,261,140,140,36.575,46
2022,16,11,Texas,Big 12,8,5,108.442,154.941,8,0.615,0.870,-0.255,-1.581,290.909,182.468,448,281,154,154,71.539,12
2022,16,12,USC,Pac-12,11,3,107.283,122.057,13,0.786,0.734,0.052,0.368,371.154,263.871,579,409,156,155,30.789,51
2022,16,13,Minnesota,Big Ten,8,4,105.469,105.653,18,0.667,0.800,-0.133,-0.806,238.281,132.812,305,170,128,128,6.184,69
2022,16,14,Washington,Pac-12,10,2,99.607,101.825,19,0.833,0.709,0.125,0.830,351.515,251.908,464,330,132,131,18.905,60
2022,16,15,Clemson,ACC,10,3,95.293,118.984,14,0.769,0.809,-0.040,-0.214,259.036,163.743,430,280,166,171,30.194,52
2022,16,16,Tulane,American Athletic,11,2,92.254,91.649,22,0.846,0.735,0.111,0.746,291.613,199.359,452,311,155,156,8.264,66
2022,16,17,Fresno State,Mountain West,9,4,90.044,42.460,48,0.692,0.613,0.079,0.542,265.541,175.497,393,265,148,151,-33.692,83
2022,16,18,James Madison,Sun Belt,7,3,84.615,18.454,60,0.700,0.559,0.141,0.934,240.559,155.944,344,223,143,143,-51.318,108
2022,16,19,LSU,SEC,9,4,81.870,134.071,12,0.692,0.816,-0.123,-0.745,280.537,198.667,418,298,149,150,72.232,11
2022,16,20,Notre Dame,FBS Independents,9,4,79.489,87.440,25,0.692,0.730,-0.038,-0.203,269.935,190.446,413,299,153,157,25.551,54
2022,16,21,Illinois,Big Ten,7,5,77.679,97.327,21,0.583,0.817,-0.233,-1.443,190.604,112.925,284,166,149,147,29.303,53
2022,16,22,Oregon State,Pac-12,9,3,77.580,114.859,16,0.750,0.823,-0.073,-0.422,250.714,173.134,351,232,140,134,36.350,47
2022,16,23,Boise State,Mountain West,9,4,75.484,18.343,61,0.692,0.552,0.140,0.928,247.097,171.613,383,266,155,155,-43.251,100
2022,16,24,UCLA,Pac-12,8,4,71.300,81.821,26,0.667,0.670,-0.003,0.021,339.416,268.116,465,370,137,138,17.944,61
2022,16,25,UTSA,Conference USA,10,3,70.812,-6.597,66,0.769,0.485,0.284,1.843,304.605,233.793,463,339,152,145,-48.555,104
2022,16,26,Duke,ACC,8,4,70.414,54.933,39,0.667,0.644,0.023,0.185,262.500,192.086,378,267,144,139,-14.098,77
2022,16,27,Kansas State,Big 12,9,4,68.377,156.213,7,0.692,0.868,-0.176,-1.080,259.627,191.250,418,306,161,160,97.175,1
2022,16,28,Louisville,ACC,8,5,67.841,90.102,23,0.615,0.771,-0.156,-0.952,218.750,150.909,350,249,160,165,32.059,50
2022,16,29,TCU,Big 12,12,2,65.421,162.815,6,0.857,0.852,0.005,0.069,288.950,223.529,523,418,181,187,89.971,3
2022,16,30,Troy,Sun Belt,11,2,65.210,25.083,57,0.846,0.587,0.259,1.683,211.921,146.711,320,223,151,152,-39.933,95
2022,16,31,Oregon,Pac-12,9,3,61.975,107.481,17,0.750,0.734,0.016,0.141,319.118,257.143,434,342,136,133,49.608,31
2022,16,32,South Alabama,Sun Belt,9,3,61.972,-1.450,65,0.750,0.496,0.254,1.653,252.113,190.141,358,270,142,142,-61.976,117
2022,16,33,UCF,American Athletic,8,5,55.611,42.925,47,0.615,0.617,-0.002,0.026,264.052,208.442,404,321,153,154,11.882,64
2022,16,34,San José State,Mountain West,6,5,48.760,-24.195,75,0.545,0.434,0.112,0.747,238.760,190.000,308,247,129,130,-73.580,126
2022,16,35,Wake Forest,ACC,7,5,45.931,81.581,27,0.583,0.686,-0.102,-0.610,281.457,235.526,425,358,151,152,35.326,49
2022,16,36,Mississippi State,SEC,8,4,45.163,115.561,15,0.667,0.798,-0.131,-0.794,236.667,191.503,355,293,150,153,72.565,10
2022,16,37,Maryland,Big Ten,8,5,43.793,61.736,34,0.615,0.679,-0.064,-0.365,227.329,183.537,366,301,161,164,22.124,58
2022,16,38,Pittsburgh,ACC,8,4,42.863,55.207,38,0.667,0.661,0.006,0.077,227.673,184.810,362,292,159,158,10.692,65
2022,16,39,Memphis,American Athletic,6,6,42.826,35.512,49,0.500,0.591,-0.091,-0.542,266.667,223.841,400,338,150,151,-5.747,72
2022,16,40,Iowa,Big Ten,7,5,40.460,99.474,20,0.583,0.838,-0.255,-1.579,153.793,113.333,223,170,145,150,40.271,39
2022,16,41,Cincinnati,American Athletic,8,4,35.609,34.644,52,0.667,0.614,0.052,0.370,209.934,174.324,317,258,151,148,0.594,70
2022,16,42,Houston,American Athletic,8,5,35.107,27.796,54,0.615,0.565,0.051,0.361,306.536,271.429,469,418,153,154,-5.946,73
2022,16,43,Wisconsin,Big Ten,6,6,34.601,47.860,43,0.500,0.645,-0.145,-0.879,211.111,176.510,304,263,144,149,37.825,44
2022,16,44,Buffalo,Mid-American,7,5,33.184,-41.260,83,0.583,0.383,0.201,1.313,234.483,201.299,340,310,145,154,-73.117,125
2022,16,45,UAB,Conference USA,6,6,27.571,-31.325,79,0.500,0.412,0.088,0.599,244.118,216.547,332,301,136,139,-61.689,116
2022,16,46,Toledo,Mid-American,8,5,26.117,-25.933,77,0.615,0.425,0.190,1.245,227.841,201.724,401,351,176,174,-66.736,124
2022,16,47,Washington State,Pac-12,6,6,25.709,51.068,41,0.500,0.660,-0.160,-0.979,225.000,199.291,315,281,140,141,39.492,42
2022,16,48,Ole Miss,SEC,7,5,25.197,70.786,31,0.583,0.673,-0.089,-0.529,249.007,223.810,376,329,151,147,52.827,28
2022,16,49,Marshall,Sun Belt,7,4,23.629,-12.294,71,0.636,0.448,0.188,1.235,155.629,132.000,235,198,151,150,-33.844,84
2022,16,50,Army,FBS Independents,4,6,21.399,-23.284,74,0.400,0.439,-0.039,-0.206,242.308,220.909,252,243,104,110,-37.313,91
2022,16,51,Oklahoma,Big 12,6,7,19.446,87.681,24,0.462,0.736,-0.275,-1.708,238.547,219.101,427,390,179,178,58.834,23
2022,16,52,Ohio,Mid-American,9,4,19.239,-24.347,76,0.692,0.438,0.254,1.652,239.752,220.513,386,344,161,156,-58.414,113
2022,16,53,Liberty,FBS Independents,7,5,17.077,-31.926,80,0.583,0.404,0.179,1.176,210.625,193.548,337,300,160,155,-53.572,110
2022,16,54,SMU,American Athletic,6,6,13.836,33.968,53,0.500,0.578,-0.078,-0.457,294.631,280.795,439,424,149,151,20.181,59
2022,16,55,East Carolina,American Athletic,7,5,12.988,19.259,59,0.583,0.549,0.034,0.256,261.538,248.551,374,343,143,138,-2.906,71
2022,16,56,Arkansas,SEC,6,6,11.985,79.032,28,0.500,0.698,-0.198,-1.220,246.795,234.810,385,371,156,158,64.917,16
2022,16,57,Baylor,Big 12,5,7,10.654,62.861,33,0.417,0.658,-0.241,-1.493,251.079,240.426,349,339,139,141,65.803,15
2022,16,58,Florida Atlantic,Conference USA,4,7,8.696,-66.797,98,0.364,0.315,0.049,0.350,233.333,224.638,315,310,135,138,-66.333,123
2022,16,59,North Carolina,ACC,8,5,8.689,22.049,58,0.615,0.552,0.064,0.444,267.925,259.236,426,407,159,157,17.413,62
2022,16,60,NC State,ACC,7,5,6.610,34.951,50,0.583,0.625,-0.041,-0.224,171.711,165.101,261,246,152,149,35.484,48
2022,16,61,Eastern Michigan,Mid-American,8,4,6.475,-72.705,101,0.667,0.328,0.339,2.192,248.201,241.727,345,336,139,139,-84.321,129
2022,16,62,Louisiana,Sun Belt,5,7,6.474,-33.944,81,0.417,0.397,0.019,0.162,209.272,202.797,316,290,151,143,-43.213,99
2022,16,63,Syracuse,ACC,6,6,3.685,60.415,35,0.500,0.666,-0.166,-1.018,213.475,209.790,301,300,141,143,43.836,35
2022,16,64,South Carolina,SEC,7,5,3.577,58.127,36,0.583,0.649,-0.066,-0.381,243.709,240.132,368,365,151,152,53.074,27
2022,16,65,Texas Tech,Big 12,7,5,0.928,76.678,29,0.583,0.707,-0.124,-0.746,230.120,229.193,382,369,166,161,81.280,7
2022,16,66,App State,Sun Belt,4,6,-0.639,-27.627,78,0.400,0.438,-0.038,-0.200,268.852,269.492,328,318,122,118,-26.518,80
2022,16,67,BYU,FBS Independents,7,5,-1.562,0.176,64,0.583,0.500,0.083,0.565,277.344,278.906,355,357,128,128,6.830,68
2022,16,68,North Texas,Conference USA,6,7,-8.276,-56.190,91,0.462,0.356,0.105,0.707,253.988,262.264,414,417,163,159,-53.245,109
2022,16,69,San Diego State,Mountain West,6,6,-8.339,-41.895,84,0.500,0.355,0.145,0.960,168.531,176.871,241,260,143,147,-35.263,87
2022,16,70,Kentucky,SEC,6,6,-12.121,55.872,37,0.500,0.680,-0.180,-1.107,177.273,189.394,234,250,132,132,57.179,25
2022,16,71,Missouri,SEC,5,7,-12.939,53.741,40,0.417,0.668,-0.251,-1.558,197.945,210.884,289,310,146,147,52.619,29
2022,16,72,Texas A&M,SEC,4,7,-13.165,34.779,51,0.364,0.618,-0.254,-1.575,179.259,192.424,242,254,135,132,43.961,34
2022,16,73,Middle Tennessee,Conference USA,7,5,-13.253,-83.570,107,0.583,0.269,0.314,2.035,200.000,213.253,326,354,163,166,-76.568,127
2022,16,74,Southern Miss,Sun Belt,6,6,-16.541,-68.464,100,0.500,0.279,0.221,1.441,173.203,189.744,265,296,153,156,-50.382,107
2022,16,75,Georgia State,Sun Belt,4,8,-16.753,-56.066,90,0.333,0.350,-0.017,-0.068,229.299,246.053,360,374,157,152,-42.880,98
2022,16,76,Georgia Southern,Sun Belt,5,7,-16.920,-52.597,88,0.417,0.379,0.038,0.279,252.414,269.333,366,404,145,150,-36.011,89
2022,16,77,Oklahoma State,Big 12,6,6,-18.579,50.135,42,0.500,0.664,-0.164,-1.004,183.060,201.639,335,369,183,183,64.765,17
2022,16,78,Navy,American Athletic,4,7,-19.225,-10.297,68,0.364,0.468,-0.104,-0.624,203.175,222.400,256,278,126,125,16.735,63
2022,16,79,Iowa State,Big 12,3,8,-20.819,71.636,30,0.273,0.775,-0.502,-3.150,149.254,170.073,200,233,134,137,83.818,6
2022,16,80,UTEP,Conference USA,5,7,-22.302,-110.283,113,0.417,0.218,0.198,1.299,210.791,233.094,293,324,139,139,-88.944,131
2022,16,81,Coastal Carolina,Sun Belt,8,4,-27.972,-57.014,92,0.667,0.367,0.300,1.944,242.657,270.629,347,387,143,143,-34.697,86
2022,16,82,Kansas,Big 12,5,7,-28.214,68.532,32,0.417,0.647,-0.230,-1.423,280.690,308.904,407,451,145,146,84.311,5
2022,16,83,Michigan State,Big Ten,5,7,-28.889,-10.940,69,0.417,0.470,-0.053,-0.298,207.801,236.691,293,329,141,139,48.761,32
2022,16,84,Florida,SEC,5,7,-30.632,46.802,45,0.417,0.611,-0.194,-1.196,240.580,271.212,332,358,138,132,86.236,4
2022,16,85,UNLV,Mountain West,4,7,-31.528,-80.212,105,0.364,0.298,0.065,0.454,206.250,237.778,264,321,128,135,-46.478,102
2022,16,86,Miami (OH),Mid-American,5,7,-34.532,-105.787,112,0.417,0.203,0.214,1.397,166.906,201.439,232,280,139,139,-62.183,118
2022,16,87,Wyoming,Mountain West,6,6,-35.575,-64.142,94,0.500,0.295,0.205,1.340,166.438,202.013,243,301,146,149,-36.386,90
2022,16,88,California,Pac-12,3,8,-41.414,-7.317,67,0.273,0.476,-0.204,-1.255,194.615,236.029,253,321,130,136,38.689,43
2022,16,89,Kent State,Mid-American,4,7,-44.444,-67.033,99,0.364,0.321,0.042,0.307,205.926,250.370,278,338,135,135,-15.784,78
2022,16,90,Old Dominion,Sun Belt,3,9,-45.080,-76.002,102,0.250,0.271,-0.021,-0.095,164.789,209.868,234,319,142,152,-37.875,92
2022,16,91,Ball State,Mid-American,4,7,-45.346,-90.822,109,0.364,0.227,0.137,0.907,175.887,221.233,248,323,141,146,-58.530,114
2022,16,92,Purdue,Big Ten,7,6,-49.365,27.080,55,0.538,0.574,-0.036,-0.189,191.515,240.881,316,383,165,159,58.917,22
2022,16,93,Tulsa,American Athletic,4,7,-50.245,-54.464,89,0.364,0.355,0.008,0.092,217.361,267.606,313,380,144,142,-6.600,74
2022,16,94,Central Michigan,Mid-American,3,8,-54.082,-101.788,111,0.273,0.226,0.047,0.339,179.021,233.103,256,338,143,145,-50.116,106
2022,16,95,Arizona,Pac-12,4,7,-54.198,1.231,62,0.364,0.503,-0.139,-0.845,258.779,312.977,339,410,131,131,48.433,33
2022,16,96,Auburn,SEC,4,7,-54.575,47.726,44,0.364,0.636,-0.273,-1.693,183.453,238.028,255,338,139,142,94.781,2
2022,16,97,West Virginia,Big 12,4,7,-59.422,27.011,56,0.364,0.562,-0.198,-1.220,232.308,291.729,302,388,130,133,78.939,9
2022,16,98,Texas State,Sun Belt,3,8,-60.377,-111.570,114,0.273,0.187,0.086,0.584,157.554,217.931,219,316,139,145,-54.347,111
2022,16,99,Virginia Tech,ACC,2,8,-63.192,-78.365,104,0.200,0.247,-0.047,-0.257,139.098,202.290,185,265,133,131,-9.552,75
2022,16,100,Nebraska,Big Ten,3,8,-64.454,-22.784,73,0.273,0.434,-0.161,-0.983,166.429,230.882,233,314,140,136,40.813,38
2022,16,101,Temple,American Athletic,2,9,-65.526,-65.089,95,0.182,0.306,-0.124,-0.749,175.188,240.714,233,337,133,140,-18.216,79
2022,16,102,New Mexico State,FBS Independents,5,6,-66.187,-125.990,120,0.455,0.180,0.274,1.780,174.797,240.984,215,294,123,122,-81.274,128
2022,16,103,Northern Illinois,Mid-American,2,9,-67.281,-133.300,122,0.182,0.216,-0.035,-0.180,218.657,285.938,293,366,134,128,-63.431,119
2022,16,104,Utah State,Mountain West,6,6,-69.231,-87.543,108,0.500,0.263,0.237,1.541,180.769,250.000,282,370,156,148,-34.079,85
2022,16,105,Miami,ACC,4,7,-69.700,-42.873,85,0.364,0.368,-0.004,0.014,160.150,229.851,213,308,133,134,7.309,67
2022,16,106,Virginia,ACC,2,7,-73.559,-48.337,86,0.222,0.336,-0.113,-0.681,120.354,193.913,136,223,113,115,22.246,56
2022,16,107,Western Michigan,Mid-American,4,7,-74.770,-141.567,124,0.364,0.095,0.269,1.747,129.577,204.348,184,282,142,138,-59.255,115
2022,16,108,Arizona State,Pac-12,2,9,-74.874,-37.258,82,0.182,0.407,-0.225,-1.390,221.951,296.825,273,374,123,126,40.094,40
2022,16,109,Bowling Green,Mid-American,6,6,-78.912,-117.190,116,0.500,0.194,0.306,1.981,168.707,247.619,248,364,147,147,-47.713,103
2022,16,110,UConn,FBS Independents,5,7,-79.679,-82.826,106,0.417,0.262,0.155,1.020,153.425,233.103,224,338,146,145,-30.855,82
2022,16,111,Indiana,Big Ten,3,8,-92.157,-20.039,72,0.273,0.442,-0.169,-1.034,159.477,251.634,244,385,153,153,58.524,24
2022,16,112,Arkansas State,Sun Belt,2,9,-103.762,-126.539,121,0.182,0.204,-0.022,-0.099,169.231,272.993,242,374,143,137,-30.698,81
2022,16,113,Colorado State,Mountain West,3,8,-104.758,-123.342,118,0.273,0.134,0.139,0.920,113.846,218.605,148,282,130,129,-38.715,93
2022,16,114,Nevada,Mountain West,2,9,-108.040,-142.971,125,0.182,0.138,0.044,0.317,135.036,243.077,185,316,137,130,-40.612,96
2022,16,115,Louisiana Tech,Conference USA,2,9,-111.836,-158.585,127,0.182,0.165,0.017,0.144,205.556,317.391,296,438,144,138,-55.552,112
2022,16,116,Akron,Mid-American,1,10,-114.313,-123.936,119,0.091,0.186,-0.095,-0.563,175.000,289.313,231,379,132,131,-49.293,105
2022,16,117,Vanderbilt,SEC,4,7,-116.380,-12.260,70,0.364,0.462,-0.098,-0.585,187.407,303.788,253,401,135,132,62.192,19
2022,16,118,Georgia Tech,ACC,4,7,-117.857,-60.942,93,0.364,0.299,0.065,0.449,122.143,240.000,171,324,140,135,51.662,30
2022,16,119,Rice,Conference USA,4,8,-120.127,-138.374,123,0.333,0.170,0.164,1.077,194.366,314.493,276,434,142,138,-46.354,101
2022,16,120,Boston College,ACC,2,9,-124.503,-77.924,103,0.182,0.260,-0.078,-0.455,119.863,244.366,175,347,146,142,39.600,41
2022,16,121,South Florida,American Athletic,0,11,-127.595,-94.125,110,0.000,0.300,-0.300,-1.866,231.496,359.091,294,474,127,132,24.342,55
2022,16,122,Northwestern,Big Ten,1,10,-131.901,-65.936,97,0.091,0.293,-0.202,-1.246,107.634,239.535,141,309,131,129,63.575,18
2022,16,123,Stanford,Pac-12,2,9,-133.184,-48.684,87,0.182,0.353,-0.172,-1.052,162.879,296.063,215,376,132,127,70.444,14
2022,16,124,Charlotte,Conference USA,3,8,-134.330,-174.345,128,0.273,0.150,0.122,0.817,208.527,342.857,269,432,129,126,-64.215,121
2022,16,125,UL Monroe,Sun Belt,3,8,-140.454,-121.561,117,0.273,0.219,0.053,0.378,179.231,319.685,233,406,130,127,-9.593,76
2022,16,126,New Mexico,Mountain West,1,10,-144.957,-181.242,129,0.091,0.045,0.046,0.331,87.879,232.836,116,312,132,134,-35.741,88
2022,16,127,Rutgers,Big Ten,3,8,-151.569,-65.742,96,0.273,0.282,-0.009,-0.017,105.147,256.716,143,344,136,134,53.827,26
2022,16,128,Hawai'i,Mountain West,2,10,-154.861,-145.185,126,0.167,0.163,0.004,0.063,161.806,316.667,233,437,144,138,-39.290,94
2022,16,129,Florida International,Conference USA,3,8,-162.107,-181.663,130,0.273,0.059,0.213,1.394,132.857,294.964,186,410,140,139,-88.757,130
2022,16,130,Massachusetts,FBS Independents,0,11,-166.360,-190.814,131,0.000,0.041,-0.041,-0.219,94.203,260.563,130,370,138,142,-42.648,97
2022,16,131,Colorado,Pac-12,1,11,-237.740,-113.311,115,0.083,0.194,-0.111,-0.665,133.094,370.833,185,534,139,144,79.274,8
