Season,Week,Rk,Team,Conference,W,L,NetRtg,AdjRtg,AdjRk,Win %,PyW %,Luck,Luck Z,Ortg,DRtg,PF,PA,ODrives,DDrives,SOS,SOS rank
2023,1,1,Oklahoma,Big 12,1,0,663.636,127.273,9,1.000,0.869,0.131,0.384,663.636,0.000,73,0,11,13,-127.273,91
2023,1,2,Notre Dame,FBS Independents,1,0,487.500,175.000,3,1.000,0.893,0.107,0.312,525.000,37.500,42,3,8,8,-175.000,98
2023,1,3,USC,Pac-12,2,0,465.172,256.667,1,1.000,0.896,0.104,0.303,610.000,144.828,122,42,20,29,-125.000,89
2023,1,4,UCF,Big 12,1,0,420.513,118.590,12,1.000,0.828,0.172,0.509,466.667,46.154,56,6,12,13,-118.590,88
2023,1,5,Auburn,SEC,1,0,383.974,198.504,2,1.000,0.992,0.008,0.009,491.667,107.692,59,14,12,13,-43.803,64
2023,1,6,Texas A&M,SEC,1,0,381.818,127.273,10,1.000,0.814,0.186,0.551,472.727,90.909,52,10,11,11,-127.273,92
2023,1,7,Alabama,SEC,1,0,372.436,105.449,14,1.000,0.801,0.199,0.592,430.769,58.333,56,7,13,12,-105.449,86
2023,1,8,Kentucky,SEC,1,0,361.616,169.697,4,1.000,0.844,0.156,0.461,488.889,127.273,44,14,9,11,-169.697,97
2023,1,9,Miami,ACC,1,0,315.455,125.909,11,1.000,0.848,0.152,0.449,345.455,30.000,38,3,11,10,-125.909,90
2023,1,10,Vanderbilt,SEC,1,0,313.333,169.495,5,1.000,0.891,0.109,0.316,500.000,186.667,35,28,7,15,-143.838,94
2023,1,11,Michigan,Big Ten,1,0,300.000,150.000,6,1.000,0.873,0.127,0.372,333.333,33.333,30,3,9,9,-150.000,96
2023,1,12,Penn State,Big Ten,1,0,272.222,136.111,8,1.000,0.797,0.203,0.606,422.222,150.000,38,15,9,10,-136.111,93
2023,1,13,Tennessee,SEC,1,0,263.333,103.095,15,1.000,0.781,0.219,0.654,350.000,86.667,49,13,14,15,-103.095,85
2023,1,14,California,Pac-12,1,0,255.417,97.708,18,1.000,0.749,0.251,0.751,386.667,131.250,58,21,15,16,-97.708,82
2023,1,15,Oregon State,Pac-12,1,0,250.000,-6.667,51,1.000,0.475,0.525,1.588,420.000,170.000,42,17,10,10,-256.667,99
2023,1,16,Washington,Pac-12,1,0,237.619,88.810,21,1.000,0.731,0.269,0.805,373.333,135.714,56,19,15,14,-88.810,79
2023,1,17,Texas,Big 12,1,0,225.000,112.500,13,1.000,0.797,0.203,0.603,308.333,83.333,37,10,12,12,-112.500,87
2023,1,18,Ohio State,Big Ten,1,0,202.727,101.364,16,1.000,0.814,0.186,0.553,230.000,27.273,23,3,10,11,-101.364,84
2023,1,19,Washington State,Pac-12,1,0,200.000,100.000,17,1.000,0.730,0.270,0.809,384.615,184.615,50,24,13,13,-100.000,83
2023,1,20,SMU,American Athletic,1,0,200.000,142.521,7,1.000,0.904,0.096,0.277,316.667,116.667,38,14,12,12,-57.479,69
2023,1,21,Michigan State,Big Ten,1,0,184.615,92.308,19,1.000,0.781,0.219,0.654,238.462,53.846,31,7,13,13,-92.308,81
2023,1,22,Duke,ACC,1,0,179.487,89.744,20,1.000,0.776,0.224,0.668,233.333,53.846,28,7,12,13,-89.744,80
2023,1,23,Rutgers,Big Ten,1,0,159.848,79.924,22,1.000,0.754,0.246,0.736,218.182,58.333,24,7,11,12,-79.924,78
2023,1,24,Virginia Tech,ACC,1,0,158.333,79.167,23,1.000,0.711,0.289,0.869,300.000,141.667,36,17,12,12,-79.167,77
2023,1,25,Florida State,ACC,1,0,156.818,78.409,24,1.000,0.681,0.319,0.959,375.000,218.182,45,24,12,11,-78.409,76
2023,1,26,Tulane,American Athletic,1,0,153.788,76.894,25,1.000,0.701,0.299,0.899,308.333,154.545,37,17,12,11,-76.894,75
2023,1,27,Western Kentucky,Conference USA,1,0,132.857,66.429,26,1.000,0.677,0.323,0.970,292.857,160.000,41,24,14,15,-66.429,74
2023,1,28,Wisconsin,Big Ten,1,0,131.905,65.952,27,1.000,0.691,0.309,0.927,253.333,121.429,38,17,15,14,-65.952,73
2023,1,29,UCLA,Pac-12,1,0,127.273,63.636,28,1.000,0.688,0.312,0.939,245.455,118.182,27,13,11,11,-63.636,72
2023,1,30,Stanford,Pac-12,1,0,118.182,-25.657,59,1.000,0.392,0.608,1.841,336.364,218.182,37,24,11,11,-143.838,94
2023,1,31,North Carolina,ACC,1,0,116.667,58.333,29,1.000,0.666,0.334,1.004,258.333,141.667,31,17,12,12,-58.333,71
2023,1,32,Utah,Pac-12,1,0,108.333,54.167,30,1.000,0.676,0.324,0.974,200.000,91.667,24,11,12,12,-54.167,68
2023,1,33,BYU,Big 12,1,0,100.000,50.000,31,1.000,0.715,0.285,0.855,100.000,0.000,14,0,14,14,-50.000,67
2023,1,34,Texas State,Sun Belt,1,0,91.667,45.833,32,1.000,0.607,0.393,1.185,350.000,258.333,42,31,12,12,-45.833,66
2023,1,35,NC State,ACC,1,0,84.444,42.222,33,1.000,0.623,0.377,1.137,240.000,155.556,24,14,10,9,-42.222,63
2023,1,36,Illinois,Big Ten,1,0,78.788,39.394,34,1.000,0.594,0.406,1.225,333.333,254.545,30,28,9,11,-39.394,62
2023,1,37,Iowa,Big Ten,1,0,76.923,38.462,35,1.000,0.627,0.373,1.123,184.615,107.692,24,14,13,13,-38.462,61
2023,1,38,San Diego State,Mountain West,1,0,70.000,35.000,36,1.000,0.611,0.389,1.174,200.000,130.000,20,13,10,10,-35.000,60
2023,1,39,Louisville,ACC,1,0,63.462,31.731,37,1.000,0.576,0.424,1.280,325.000,261.538,39,34,12,13,-31.731,59
2023,1,40,Liberty,Conference USA,1,0,61.538,30.769,38,1.000,0.584,0.416,1.256,261.538,200.000,34,24,13,12,-30.769,58
2023,1,41,UL Monroe,Sun Belt,1,0,33.333,16.667,39,1.000,0.559,0.441,1.331,141.667,108.333,17,13,12,12,-16.667,57
2023,1,42,Jacksonville State,Conference USA,1,0,27.273,13.636,40,1.000,0.546,0.454,1.370,154.545,127.273,17,14,11,11,-13.636,56
2023,1,43,Northern Illinois,Mid-American,1,0,25.000,12.500,41,1.000,0.536,0.464,1.403,225.000,200.000,27,24,12,12,-12.500,55
2023,1,44,Minnesota,Big Ten,1,0,18.889,9.444,42,1.000,0.534,0.466,1.408,130.000,111.111,13,10,10,9,-9.444,54
2023,1,45,Purdue,Big Ten,0,1,18.182,9.091,43,0.000,0.521,-0.521,-1.610,318.182,300.000,35,39,11,13,-9.091,53
2023,1,46,Houston,Big 12,1,0,14.394,7.197,44,1.000,0.525,0.475,1.436,141.667,127.273,17,14,12,11,-7.197,52
2023,1,47,Wyoming,Mountain West,1,0,14.286,7.143,45,1.000,0.519,0.481,1.454,250.000,235.714,35,33,14,14,-7.143,51
2023,1,48,Temple,American Athletic,1,0,9.615,4.808,47,1.000,0.515,0.485,1.467,184.615,175.000,24,21,13,12,-4.808,50
2023,1,49,TCU,Big 12,0,1,3.846,1.923,48,0.000,0.504,-0.504,-1.557,350.000,346.154,42,45,12,13,-1.923,49
2023,1,50,Colorado,Pac-12,1,0,-3.846,-1.923,49,1.000,0.496,0.504,1.525,346.154,350.000,45,42,13,12,1.923,48
2023,1,51,Akron,Mid-American,0,1,-9.615,-4.808,50,0.000,0.485,-0.485,-1.499,175.000,184.615,21,24,12,13,4.808,47
2023,1,52,Texas Tech,Big 12,0,1,-14.286,-7.143,52,0.000,0.481,-0.481,-1.486,235.714,250.000,33,35,14,14,7.143,46
2023,1,53,UTSA,American Athletic,0,1,-14.394,-7.197,53,0.000,0.475,-0.475,-1.468,127.273,141.667,14,17,11,12,7.197,45
2023,1,54,Fresno State,Mountain West,1,0,-18.182,-9.091,54,1.000,0.479,0.521,1.577,300.000,318.182,39,35,13,11,9.091,44
2023,1,55,Nebraska,Big Ten,0,1,-18.889,-9.444,55,0.000,0.466,-0.466,-1.440,111.111,130.000,10,13,9,10,9.444,43
2023,1,56,Boston College,ACC,0,1,-25.000,-12.500,56,0.000,0.464,-0.464,-1.435,200.000,225.000,24,27,12,12,12.500,42
2023,1,57,UTEP,Conference USA,0,1,-27.273,-13.636,57,0.000,0.454,-0.454,-1.402,127.273,154.545,14,17,11,11,13.636,41
2023,1,58,Florida International,Conference USA,0,1,-27.564,-85.043,79,0.000,0.111,-0.111,-0.356,141.667,169.231,17,22,12,13,-57.479,69
2023,1,59,Army,FBS Independents,0,1,-33.333,-16.667,58,0.000,0.441,-0.441,-1.363,108.333,141.667,13,17,12,12,16.667,40
2023,1,60,Bowling Green,Mid-American,0,1,-61.538,-30.769,60,0.000,0.416,-0.416,-1.289,200.000,261.538,24,34,12,13,30.769,37
2023,1,61,Georgia Tech,ACC,0,1,-63.462,-31.731,61,0.000,0.424,-0.424,-1.312,261.538,325.000,34,39,13,12,31.731,36
2023,1,62,Ohio,Mid-American,0,1,-70.000,-35.000,62,0.000,0.389,-0.389,-1.206,130.000,200.000,13,20,10,10,35.000,35
2023,1,63,Utah State,Mountain West,0,1,-76.923,-38.462,63,0.000,0.373,-0.373,-1.156,107.692,184.615,14,24,13,13,38.462,34
2023,1,64,Toledo,Mid-American,0,1,-78.788,-39.394,64,0.000,0.406,-0.406,-1.257,254.545,333.333,28,30,11,9,39.394,33
2023,1,65,UConn,FBS Independents,0,1,-84.444,-42.222,65,0.000,0.377,-0.377,-1.169,155.556,240.000,14,24,9,10,42.222,32
2023,1,66,Louisiana Tech,Conference USA,1,1,-85.167,-57.479,70,0.500,0.371,0.129,0.380,144.000,229.167,36,55,25,24,28.739,38
2023,1,67,Baylor,Big 12,0,1,-91.667,-45.833,67,0.000,0.393,-0.393,-1.218,258.333,350.000,31,42,12,12,45.833,31
2023,1,68,Sam Houston,Conference USA,0,1,-100.000,-50.000,68,0.000,0.285,-0.285,-0.887,0.000,100.000,0,14,14,14,50.000,30
2023,1,69,Florida,SEC,0,1,-108.333,-54.167,69,0.000,0.324,-0.324,-1.006,91.667,200.000,11,24,12,12,54.167,29
2023,1,70,New Mexico State,Conference USA,0,1,-110.897,-154.701,96,0.000,0.105,-0.105,-0.336,230.769,341.667,30,41,13,12,-43.803,64
2023,1,71,South Carolina,SEC,0,1,-116.667,-58.333,71,0.000,0.334,-0.334,-1.037,141.667,258.333,17,31,12,12,58.333,28
2023,1,72,Coastal Carolina,Sun Belt,0,1,-127.273,-63.636,72,0.000,0.312,-0.312,-0.971,118.182,245.455,13,27,11,11,63.636,27
2023,1,73,Buffalo,Mid-American,0,1,-131.905,-65.952,73,0.000,0.309,-0.309,-0.959,121.429,253.333,17,38,14,15,65.952,26
2023,1,74,South Florida,American Athletic,0,1,-132.857,-66.429,74,0.000,0.323,-0.323,-1.003,160.000,292.857,24,41,15,14,66.429,25
2023,1,75,Massachusetts,FBS Independents,1,1,-136.000,-43.803,66,0.500,0.415,0.085,0.243,220.000,356.000,55,89,25,25,21.902,39
2023,1,76,South Alabama,Sun Belt,0,1,-153.788,-76.894,75,0.000,0.299,-0.299,-0.931,154.545,308.333,17,37,11,12,76.894,23
2023,1,77,LSU,SEC,0,1,-156.818,-78.409,76,0.000,0.319,-0.319,-0.992,218.182,375.000,24,45,11,12,78.409,22
2023,1,78,Old Dominion,Sun Belt,0,1,-158.333,-79.167,77,0.000,0.289,-0.289,-0.901,141.667,300.000,17,36,12,12,79.167,21
2023,1,79,Northwestern,Big Ten,0,1,-159.848,-79.924,78,0.000,0.246,-0.246,-0.769,58.333,218.182,7,24,12,11,79.924,20
2023,1,80,Clemson,ACC,0,1,-179.487,-89.744,81,0.000,0.224,-0.224,-0.701,53.846,233.333,7,28,13,12,89.744,18
2023,1,81,Central Michigan,Mid-American,0,1,-184.615,-92.308,82,0.000,0.219,-0.219,-0.686,53.846,238.462,7,31,13,13,92.308,17
2023,1,82,Hawai'i,Mountain West,0,2,-200.000,-143.838,94,0.000,0.264,-0.264,-0.822,200.000,400.000,52,72,26,18,71.919,24
2023,1,83,Colorado State,Mountain West,0,1,-200.000,-100.000,84,0.000,0.270,-0.270,-0.842,184.615,384.615,24,50,13,13,100.000,15
2023,1,84,Indiana,Big Ten,0,1,-202.727,-101.364,85,0.000,0.186,-0.186,-0.585,27.273,230.000,3,23,11,10,101.364,14
2023,1,85,Rice,American Athletic,0,1,-225.000,-112.500,88,0.000,0.203,-0.203,-0.635,83.333,308.333,10,37,12,12,112.500,11
2023,1,86,Boise State,Mountain West,0,1,-237.619,-88.810,80,0.000,0.269,-0.269,-0.837,135.714,373.333,19,56,14,15,88.810,19
2023,1,87,North Texas,American Athletic,0,1,-255.417,-97.708,83,0.000,0.251,-0.251,-0.783,131.250,386.667,21,58,16,15,97.708,16
2023,1,88,Virginia,ACC,0,1,-263.333,-103.095,86,0.000,0.219,-0.219,-0.686,86.667,350.000,13,49,15,14,103.095,13
2023,1,89,West Virginia,Big 12,0,1,-272.222,-136.111,93,0.000,0.203,-0.203,-0.638,150.000,422.222,15,38,10,9,136.111,5
2023,1,90,East Carolina,American Athletic,0,1,-300.000,-150.000,95,0.000,0.127,-0.127,-0.404,33.333,333.333,3,30,9,9,150.000,4
2023,1,91,Miami (OH),Mid-American,0,1,-315.455,-125.909,90,0.000,0.152,-0.152,-0.481,30.000,345.455,3,38,10,11,125.909,8
2023,1,92,Ball State,Mid-American,0,1,-361.616,-169.697,97,0.000,0.156,-0.156,-0.493,127.273,488.889,14,44,11,9,169.697,3
2023,1,93,San José State,Mountain West,0,2,-364.444,-256.667,99,0.000,0.129,-0.129,-0.409,180.000,544.444,45,98,25,18,125.000,9
2023,1,94,Middle Tennessee,Conference USA,0,1,-372.436,-105.449,87,0.000,0.199,-0.199,-0.625,58.333,430.769,7,56,12,13,105.449,12
2023,1,95,New Mexico,Mountain West,0,1,-381.818,-127.273,92,0.000,0.186,-0.186,-0.584,90.909,472.727,10,52,11,11,127.273,7
2023,1,96,Kent State,Mid-American,0,1,-420.513,-118.590,89,0.000,0.172,-0.172,-0.542,46.154,466.667,6,56,13,12,118.590,10
2023,1,97,Nevada,Mountain West,0,1,-450.000,6.667,46,0.000,0.531,-0.531,-1.640,100.000,550.000,14,66,14,12,256.667,1
2023,1,98,Navy,American Athletic,0,1,-487.500,-175.000,98,0.000,0.107,-0.107,-0.344,37.500,525.000,3,42,8,8,175.000,2
2023,1,99,Arkansas State,Sun Belt,0,1,-663.636,-127.273,91,0.000,0.131,-0.131,-0.416,0.000,663.636,0,73,13,11,127.273,6
2023,2,1,USC,Pac-12,3,0,418.464,188.849,7,1.000,0.876,0.124,0.405,539.394,120.930,178,52,33,43,-139.222,126
2023,2,2,Oklahoma,Big 12,2,0,393.297,314.019,1,1.000,1.000,0.000,0.014,439.130,45.833,101,11,23,24,120.080,15
2023,2,4,Georgia,SEC,1,0,351.923,43.706,47,1.000,0.828,0.172,0.555,375.000,23.077,45,3,12,13,-191.550,129
2023,2,5,Syracuse,ACC,1,0,341.667,116.667,22,1.000,0.818,0.182,0.585,400.000,58.333,48,7,12,12,-116.667,122
2023,2,6,Florida State,ACC,2,0,301.630,130.051,20,1.000,0.736,0.264,0.843,462.500,160.870,111,37,24,23,-65.025,100
2023,2,7,Washington,Pac-12,2,0,291.667,200.435,6,1.000,0.899,0.101,0.332,412.500,120.833,99,29,24,24,-49.485,93
2023,2,8,Kentucky,SEC,1,0,361.616,169.697,4,1.000,0.844,0.156,0.461,488.889,127.273,44,14,9,11,-169.697,97
2023,2,8,Memphis,American Athletic,1,0,285.256,294.730,2,1.000,1.000,0.000,0.014,308.333,23.077,37,3,12,13,59.474,37
2023,2,9,Michigan,Big Ten,2,0,275.000,181.494,9,1.000,0.907,0.093,0.305,325.000,50.000,65,10,20,20,-95.779,115
2023,2,12,Notre Dame,FBS Independents,2,0,250.000,150.220,13,1.000,0.812,0.188,0.604,362.500,112.500,87,27,24,24,-90.405,113
2023,2,12,Penn State,Big Ten,1,0,272.222,136.111,8,1.000,0.797,0.203,0.606,422.222,150.000,38,15,9,10,-136.111,93
2023,2,13,Tennessee,SEC,1,0,263.333,103.095,15,1.000,0.781,0.219,0.654,350.000,86.667,49,13,14,15,-103.095,85
2023,2,14,Arkansas,SEC,1,0,244.444,50.081,42,1.000,0.643,0.357,1.135,311.111,66.667,28,6,9,9,-194.363,131
2023,2,15,Oregon State,Pac-12,1,0,250.000,-6.667,51,1.000,0.475,0.525,1.588,420.000,170.000,42,17,10,10,-256.667,99
2023,2,15,UCF,Big 12,2,0,240.711,42.816,49,1.000,0.638,0.362,1.151,336.364,95.652,74,22,22,23,-85.773,110
2023,2,16,Kansas State,Big 12,1,0,223.077,107.692,24,1.000,0.781,0.219,0.702,323.077,100.000,42,13,13,13,-107.692,118
2023,2,17,Miami,ACC,2,0,208.333,182.516,8,1.000,0.914,0.086,0.283,358.333,150.000,86,36,24,24,-10.152,76
2023,2,18,Ohio State,Big Ten,1,0,202.727,101.364,16,1.000,0.814,0.186,0.553,230.000,27.273,23,3,10,11,-101.364,84
2023,2,19,Auburn,SEC,2,0,199.692,80.148,33,1.000,0.788,0.212,0.680,292.000,92.308,73,24,25,26,-56.391,95
2023,2,20,Rutgers,Big Ten,2,0,191.667,257.138,4,1.000,1.000,0.000,0.014,250.000,58.333,60,14,24,24,71.765,28
2023,2,21,Michigan State,Big Ten,1,0,184.615,92.308,19,1.000,0.781,0.219,0.654,238.462,53.846,31,7,13,13,-92.308,81
2023,2,22,Duke,ACC,1,0,179.487,89.744,20,1.000,0.776,0.224,0.668,233.333,53.846,28,7,12,13,-89.744,80
2023,2,23,Georgia State,Sun Belt,1,0,161.538,96.064,28,1.000,0.815,0.185,0.597,269.231,107.692,35,14,13,13,-65.474,101
2023,2,24,Texas,Big 12,2,0,154.167,256.461,5,1.000,0.976,0.024,0.090,295.833,141.667,71,34,24,24,102.294,20
2023,2,25,UCLA,Pac-12,2,0,152.167,128.350,21,1.000,0.868,0.132,0.428,248.000,95.833,62,23,25,24,-21.825,84
2023,2,26,Alabama,SEC,1,1,149.167,173.128,11,0.500,0.847,-0.347,-1.077,320.000,170.833,80,41,25,24,109.346,18
2023,2,27,Ole Miss,SEC,1,0,141.758,145.768,16,1.000,0.944,0.056,0.190,284.615,142.857,37,20,13,14,4.010,66
2023,2,27,Western Kentucky,Conference USA,1,0,132.857,66.429,26,1.000,0.677,0.323,0.970,292.857,160.000,41,24,14,15,-66.429,74
2023,2,29,Marshall,Sun Belt,1,0,128.571,10.065,63,1.000,0.534,0.466,1.479,221.429,92.857,31,13,14,14,-118.506,123
2023,2,30,Washington State,Pac-12,2,0,127.538,110.540,23,1.000,0.762,0.238,0.763,311.538,184.000,81,46,26,25,-17.024,81
2023,2,31,Wake Forest,ACC,1,0,127.273,290.394,3,1.000,0.953,0.047,0.162,327.273,200.000,36,20,11,10,163.121,5
2023,2,32,Minnesota,Big Ten,2,0,122.222,-7.962,69,1.000,0.479,0.521,1.651,211.111,88.889,38,16,18,18,-140.323,127
2023,2,33,BYU,Big 12,1,0,100.000,50.000,31,1.000,0.715,0.285,0.855,100.000,0.000,14,0,14,14,-50.000,67
2023,2,33,California,Pac-12,1,1,122.167,49.379,44,0.500,0.684,-0.184,-0.565,242.857,120.690,68,35,28,29,-32.945,88
2023,2,34,Maryland,Big Ten,1,0,116.667,58.333,38,1.000,0.647,0.353,1.122,316.667,200.000,38,20,12,10,-58.333,96
2023,2,35,Georgia Southern,Sun Belt,1,0,116.667,58.333,37,1.000,0.625,0.375,1.193,408.333,291.667,49,35,12,12,-58.333,97
2023,2,36,Oregon,Pac-12,1,0,114.685,71.695,34,1.000,0.724,0.276,0.881,345.455,230.769,38,30,11,13,-42.990,91
2023,2,37,Liberty,Conference USA,2,0,104.941,-113.057,111,1.000,0.250,0.750,2.372,291.304,186.364,67,41,23,22,-223.826,132
2023,2,38,Oklahoma State,Big 12,1,0,100.000,50.000,43,1.000,0.652,0.348,1.107,225.000,125.000,27,15,12,12,-50.000,94
2023,2,39,Louisville,ACC,1,0,63.462,31.731,37,1.000,0.576,0.424,1.280,325.000,261.538,39,34,12,13,-31.731,59
2023,2,40,Kansas,Big 12,1,0,100.000,92.929,29,1.000,0.829,0.171,0.550,309.091,209.091,34,23,11,11,-7.071,73
2023,2,41,Texas A&M,SEC,1,1,98.333,48.999,45,0.500,0.595,-0.095,-0.284,340.000,241.667,85,58,25,24,-11.515,77
2023,2,41,UL Monroe,Sun Belt,1,0,33.333,16.667,39,1.000,0.559,0.441,1.331,141.667,108.333,17,13,12,12,-16.667,57
2023,2,42,Air Force,Mountain West,1,0,96.667,31.111,55,1.000,0.664,0.336,1.069,130.000,33.333,13,3,10,9,-65.556,102
2023,2,43,Colorado,Pac-12,2,0,87.538,142.380,17,1.000,0.764,0.236,0.754,311.538,224.000,81,56,26,25,59.688,36
2023,2,43,Northern Illinois,Mid-American,1,0,25.000,12.500,41,1.000,0.536,0.464,1.403,225.000,200.000,27,24,12,12,-12.500,55
2023,2,44,Utah,Pac-12,2,0,86.957,-74.833,99,1.000,0.264,0.736,2.328,191.304,104.348,44,24,23,23,-160.817,128
2023,2,45,Vanderbilt,SEC,1,1,77.376,163.121,12,0.500,0.877,-0.377,-1.171,323.529,246.154,55,64,17,26,70.091,29
2023,2,46,Iowa,Big Ten,2,0,75.333,50.136,41,1.000,0.626,0.374,1.190,183.333,108.000,44,27,24,25,-25.068,86
2023,2,47,North Carolina,ACC,2,0,64.015,36.667,50,1.000,0.570,0.430,1.366,295.833,231.818,71,51,24,22,-18.333,82
2023,2,47,Wyoming,Mountain West,1,0,14.286,7.143,45,1.000,0.519,0.481,1.454,250.000,235.714,35,33,14,14,-7.143,51
2023,2,49,TCU,Big 12,0,1,3.846,1.923,48,0.000,0.504,-0.504,-1.557,350.000,346.154,42,45,12,13,-1.923,49
2023,2,49,Virginia Tech,ACC,1,1,54.308,57.797,39,0.500,0.788,-0.288,-0.891,212.000,157.692,53,41,25,26,-1.040,70
2023,2,50,Cincinnati,Big 12,1,0,50.000,25.000,56,1.000,0.573,0.427,1.355,225.000,175.000,27,21,12,12,-25.000,85
2023,2,51,Akron,Mid-American,0,1,-9.615,-4.808,50,0.000,0.485,-0.485,-1.499,175.000,184.615,21,24,12,13,4.808,47
2023,2,51,Northwestern,Big Ten,1,1,46.591,97.290,27,0.500,0.744,-0.244,-0.754,187.500,140.909,45,31,24,22,63.199,35
2023,2,52,Wisconsin,Big Ten,1,1,44.444,55.412,40,0.500,0.673,-0.173,-0.529,222.222,177.778,60,48,27,27,17.024,59
2023,2,53,Missouri,SEC,1,0,40.000,2.230,65,1.000,0.505,0.495,1.571,230.000,190.000,23,19,10,10,-37.770,89
2023,2,54,Florida International,Conference USA,1,1,38.974,-46.878,86,0.500,0.364,0.136,0.441,242.308,203.333,63,61,26,30,-82.676,109
2023,2,54,Fresno State,Mountain West,1,0,-18.182,-9.091,54,1.000,0.479,0.521,1.577,300.000,318.182,39,35,13,11,9.091,44
2023,2,55,Mississippi State,SEC,1,0,38.462,19.231,58,1.000,0.554,0.446,1.416,238.462,200.000,31,24,13,12,-19.231,83
2023,2,56,Boston College,ACC,0,1,-25.000,-12.500,56,0.000,0.464,-0.464,-1.435,200.000,225.000,24,27,12,12,12.500,42
2023,2,56,SMU,American Athletic,1,1,38.043,180.686,10,0.500,0.849,-0.349,-1.082,213.043,175.000,49,42,23,24,147.352,7
2023,2,58,Texas State,Sun Belt,1,1,26.630,-46.802,85,0.500,0.414,0.086,0.283,239.130,212.500,55,51,23,24,-68.393,105
2023,2,59,Army,FBS Independents,0,1,-33.333,-16.667,58,0.000,0.441,-0.441,-1.363,108.333,141.667,13,17,12,12,16.667,40
2023,2,60,Bowling Green,Mid-American,0,1,-61.538,-30.769,60,0.000,0.416,-0.416,-1.289,200.000,261.538,24,34,12,13,30.769,37
2023,2,60,Purdue,Big Ten,1,1,20.615,98.456,26,0.500,0.720,-0.220,-0.679,236.000,215.385,59,56,25,26,69.036,30
2023,2,61,Georgia Tech,ACC,0,1,-63.462,-31.731,61,0.000,0.424,-0.424,-1.312,261.538,325.000,34,39,13,12,31.731,36
2023,2,61,UTSA,American Athletic,1,1,17.391,1.683,66,0.500,0.538,-0.038,-0.104,147.826,130.435,34,30,23,23,-15.363,79
2023,2,63,James Madison,Sun Belt,1,0,7.143,-63.968,91,1.000,0.292,0.708,2.238,257.143,250.000,36,35,14,14,-71.111,106
2023,2,63,Utah State,Mountain West,0,1,-76.923,-38.462,63,0.000,0.373,-0.373,-1.156,107.692,184.615,14,24,13,13,38.462,34
2023,2,64,App State,Sun Belt,0,1,6.667,43.333,48,0.000,0.614,-0.614,-1.915,340.000,333.333,34,40,10,12,36.667,50
2023,2,64,Toledo,Mid-American,0,1,-78.788,-39.394,64,0.000,0.406,-0.406,-1.257,254.545,333.333,28,30,11,9,39.394,33
2023,2,66,Louisiana Tech,Conference USA,1,1,-85.167,-57.479,70,0.500,0.371,0.129,0.380,144.000,229.167,36,55,25,24,28.739,38
2023,2,66,Ohio,Mid-American,1,1,0.000,-114.727,112,0.500,0.161,0.339,1.080,136.364,136.364,30,30,22,22,-108.893,119
2023,2,67,Houston,Big 12,1,1,-5.500,16.076,61,0.500,0.530,-0.030,-0.081,232.000,237.500,58,57,25,24,16.572,61
2023,2,68,Tulane,American Athletic,1,1,-5.769,4.010,64,0.500,0.508,-0.008,-0.013,219.231,225.000,57,54,26,24,-2.005,71
2023,2,69,Coastal Carolina,Sun Belt,1,1,-8.498,1.078,67,0.500,0.503,-0.003,0.005,186.957,195.455,43,43,23,22,12.441,63
2023,2,69,Florida,SEC,0,1,-108.333,-54.167,69,0.000,0.324,-0.324,-1.006,91.667,200.000,11,24,12,12,54.167,29
2023,2,71,Illinois,Big Ten,1,1,-16.818,-7.071,68,0.500,0.487,0.013,0.056,265.000,281.818,53,62,20,22,3.535,68
2023,2,71,South Carolina,SEC,0,1,-116.667,-58.333,71,0.000,0.334,-0.334,-1.037,141.667,258.333,17,31,12,12,58.333,28
2023,2,73,Buffalo,Mid-American,0,1,-131.905,-65.952,73,0.000,0.309,-0.309,-0.959,121.429,253.333,17,38,14,15,65.952,26
2023,2,74,South Florida,American Athletic,0,1,-132.857,-66.429,74,0.000,0.323,-0.323,-1.003,160.000,292.857,24,41,15,14,66.429,25
2023,2,75,Louisiana,Sun Belt,0,1,-35.455,-135.991,117,0.000,0.168,-0.168,-0.513,310.000,345.455,31,38,10,11,-100.536,116
2023,2,76,Arizona,Pac-12,0,1,-38.462,-19.231,72,0.000,0.446,-0.446,-1.388,200.000,238.462,24,31,12,13,19.231,58
2023,2,76,South Alabama,Sun Belt,0,1,-153.788,-76.894,75,0.000,0.299,-0.299,-0.931,154.545,308.333,17,37,11,12,76.894,23
2023,2,77,Jacksonville State,Conference USA,1,1,-41.304,-103.468,109,0.500,0.203,0.297,0.946,150.000,191.304,33,44,22,23,-64.832,99
2023,2,77,LSU,SEC,0,1,-156.818,-78.409,76,0.000,0.319,-0.319,-0.992,218.182,375.000,24,45,11,12,78.409,22
2023,2,78,Pittsburgh,ACC,0,1,-50.000,-25.000,75,0.000,0.427,-0.427,-1.327,175.000,225.000,21,27,12,12,25.000,55
2023,2,79,NC State,ACC,1,1,-51.385,18.970,59,0.500,0.567,-0.067,-0.196,184.615,236.000,48,59,26,25,42.373,49
2023,2,80,Clemson,ACC,0,1,-179.487,-89.744,81,0.000,0.224,-0.224,-0.701,53.846,233.333,7,28,13,12,89.744,18
2023,2,80,Florida Atlantic,American Athletic,0,1,-58.333,-173.060,124,0.000,0.043,-0.043,-0.122,83.333,141.667,10,17,12,12,-114.727,121
2023,2,81,Central Michigan,Mid-American,0,1,-184.615,-92.308,82,0.000,0.219,-0.219,-0.686,53.846,238.462,7,31,13,13,92.308,17
2023,2,81,Texas Tech,Big 12,0,2,-58.667,-42.990,83,0.000,0.418,-0.418,-1.299,233.333,292.000,63,73,27,25,21.495,56
2023,2,82,Hawai'i,Mountain West,0,2,-200.000,-143.838,94,0.000,0.264,-0.264,-0.822,200.000,400.000,52,72,26,18,71.919,24
2023,2,83,Colorado State,Mountain West,0,1,-200.000,-100.000,84,0.000,0.270,-0.270,-0.842,184.615,384.615,24,50,13,13,100.000,15
2023,2,84,Indiana,Big Ten,0,1,-202.727,-101.364,85,0.000,0.186,-0.186,-0.585,27.273,230.000,3,23,11,10,101.364,14
2023,2,84,Old Dominion,Sun Belt,1,1,-65.415,-100.536,106,0.500,0.318,0.182,0.585,239.130,304.545,55,67,23,22,-39.097,90
2023,2,85,San Diego State,Mountain West,1,1,-69.565,-44.727,84,0.500,0.369,0.131,0.425,130.435,200.000,30,48,23,24,6.812,65
2023,2,86,Iowa State,Big 12,0,1,-73.485,-23.349,74,0.000,0.385,-0.385,-1.196,108.333,181.818,13,20,12,11,50.136,43
2023,2,88,Baylor,Big 12,0,2,-78.261,-138.469,119,0.000,0.129,-0.129,-0.390,191.304,269.565,44,62,23,23,-60.817,98
2023,2,89,West Virginia,Big 12,0,1,-272.222,-136.111,93,0.000,0.203,-0.203,-0.638,150.000,422.222,15,38,10,9,136.111,5
2023,2,90,Miami (OH),Mid-American,1,1,-80.667,-69.303,95,0.500,0.267,0.233,0.747,183.333,264.000,44,66,24,25,10.178,64
2023,2,92,Sam Houston,Conference USA,0,2,-99.457,-65.556,93,0.000,0.296,-0.296,-0.917,13.043,112.500,3,27,23,24,32.778,53
2023,2,93,Arizona State,Pac-12,0,1,-100.000,-50.000,87,0.000,0.348,-0.348,-1.079,125.000,225.000,15,27,12,12,50.000,45
2023,2,93,Rice,American Athletic,1,1,-100.000,31.461,54,0.500,0.590,-0.090,-0.269,212.000,312.000,53,78,25,25,136.269,10
2023,2,93,San José State,Mountain West,0,2,-364.444,-256.667,99,0.000,0.129,-0.129,-0.409,180.000,544.444,45,98,25,18,125.000,9
2023,2,95,Nebraska,Big Ten,0,2,-103.953,-26.850,78,0.000,0.350,-0.350,-1.085,109.091,213.043,24,49,22,23,67.209,31
2023,2,95,New Mexico,Mountain West,0,1,-381.818,-127.273,92,0.000,0.186,-0.186,-0.584,90.909,472.727,10,52,11,11,127.273,7
2023,2,96,Temple,American Athletic,1,1,-104.000,46.241,46,0.500,0.611,-0.111,-0.335,124.000,228.000,31,57,25,25,146.882,8
2023,2,97,Nevada,Mountain West,0,1,-450.000,6.667,46,0.000,0.531,-0.531,-1.640,100.000,550.000,14,66,14,12,256.667,1
2023,2,98,Navy,American Athletic,0,1,-487.500,-175.000,98,0.000,0.107,-0.107,-0.344,37.500,525.000,3,42,8,8,175.000,2
2023,2,98,UAB,American Athletic,0,1,-116.667,-58.333,89,0.000,0.375,-0.375,-1.166,291.667,408.333,35,49,12,12,58.333,38
2023,2,100,Charlotte,American Athletic,0,1,-116.667,-58.333,88,0.000,0.353,-0.353,-1.095,200.000,316.667,20,38,10,12,58.333,39
2023,2,101,Massachusetts,FBS Independents,1,2,-120.513,-162.160,123,0.333,0.198,0.135,0.439,212.821,333.333,83,130,39,39,-87.404,111
2023,2,102,UConn,FBS Independents,0,2,-129.249,-65.474,92,0.000,0.339,-0.339,-1.050,127.273,256.522,28,59,22,23,57.517,40
2023,2,104,New Mexico State,Conference USA,0,2,-132.016,-273.057,132,0.000,0.022,-0.022,-0.056,204.348,336.364,47,74,23,22,-137.609,125
2023,2,106,Virginia,ACC,0,2,-138.054,-71.111,96,0.000,0.353,-0.353,-1.096,165.517,303.571,48,85,29,28,35.556,52
2023,2,107,UTEP,Conference USA,0,2,-143.676,-130.741,116,0.000,0.118,-0.118,-0.357,95.455,239.130,21,55,22,23,-3.089,72
2023,2,108,Stanford,Pac-12,1,1,-145.333,-32.030,81,0.500,0.371,0.129,0.419,188.000,333.333,47,80,25,24,19.318,57
2023,2,109,Boise State,Mountain West,0,2,-150.167,22.816,57,0.000,0.569,-0.569,-1.775,145.833,296.000,35,74,24,25,121.626,14
2023,2,112,North Texas,American Athletic,0,2,-176.803,-146.038,120,0.000,0.219,-0.219,-0.673,181.818,358.621,60,104,33,29,1.250,69
2023,2,115,East Carolina,American Athletic,0,2,-195.652,-118.506,114,0.000,0.173,-0.173,-0.530,69.565,265.217,16,61,23,23,95.779,23
2023,2,119,Troy,Sun Belt,0,1,-223.077,-107.692,110,0.000,0.219,-0.219,-0.674,100.000,323.077,13,42,13,13,107.692,19
2023,2,120,Middle Tennessee,Conference USA,0,2,-225.296,-37.770,82,0.000,0.320,-0.320,-0.990,118.182,343.478,26,79,22,23,87.679,27
2023,2,121,Eastern Michigan,Mid-American,0,1,-245.833,-253.795,131,0.000,0.011,-0.011,-0.021,66.667,312.500,6,25,9,8,-7.962,75
2023,2,122,UNLV,Mountain West,0,1,-254.545,-73.052,97,0.000,0.287,-0.287,-0.888,63.636,318.182,7,35,11,11,181.494,4
2023,2,124,Western Michigan,Mid-American,0,1,-341.667,-116.667,113,0.000,0.182,-0.182,-0.558,58.333,400.000,7,48,12,12,116.667,16
2023,2,125,Kent State,Mid-American,0,2,-345.455,-194.363,128,0.000,0.066,-0.066,-0.192,54.545,400.000,12,84,22,21,46.449,47
2023,2,126,Ball State,Mid-American,0,2,-352.976,-191.550,127,0.000,0.155,-0.155,-0.474,70.833,423.810,17,89,24,21,95.775,24
2023,2,128,Tulsa,American Athletic,0,1,-377.778,-121.787,115,0.000,0.216,-0.216,-0.666,100.000,477.778,10,43,10,9,200.435,2
2023,2,130,Southern Miss,Sun Belt,0,1,-441.667,-103.283,108,0.000,0.106,-0.106,-0.318,108.333,550.000,13,66,12,12,130.051,12
2023,2,132,Arkansas State,Sun Belt,0,2,-466.722,59.474,36,0.000,0.655,-0.655,-2.046,11.538,478.261,3,110,26,23,304.375,1
2023,3,1,USC,Pac-12,3,0,418.464,188.849,7,1.000,0.876,0.124,0.405,539.394,120.930,178,52,33,43,-139.222,126
2023,3,2,Oklahoma,Big 12,3,0,401.467,109.489,33,1.000,0.809,0.191,0.559,477.143,75.676,167,28,35,37,-101.214,111
2023,3,3,Ohio State,Big Ten,2,0,338.909,304.954,1,1.000,1.000,0.000,0.003,390.909,52.000,86,13,22,25,80.971,34
2023,3,4,Kentucky,SEC,2,0,338.517,278.013,4,1.000,0.989,0.011,0.033,415.789,77.273,79,17,19,22,-33.048,87
2023,3,5,Washington,Pac-12,3,0,288.889,253.196,7,1.000,0.969,0.031,0.094,388.889,100.000,140,36,36,36,8.805,65
2023,3,6,Oregon,Pac-12,2,0,256.061,16.747,58,1.000,0.546,0.454,1.324,422.727,166.667,93,40,22,24,-167.868,125
2023,3,7,Michigan,Big Ten,3,0,251.515,304.402,2,1.000,0.981,0.019,0.058,300.000,48.485,96,16,32,33,48.827,45
2023,3,9,Notre Dame,FBS Independents,3,0,229.841,133.264,24,1.000,0.793,0.207,0.605,355.556,125.714,128,44,36,35,-89.527,106
2023,3,10,Syracuse,ACC,2,0,228.442,119.859,28,1.000,0.835,0.165,0.484,345.833,117.391,83,27,24,23,-51.732,96
2023,3,11,Georgia,SEC,2,0,226.087,188.613,14,1.000,1.000,0.000,0.003,300.000,73.913,69,17,23,23,31.894,52
2023,3,12,Maryland,Big Ten,2,0,209.091,-38.953,79,1.000,0.323,0.677,1.971,363.636,154.545,80,34,22,22,-248.953,132
2023,3,14,Duke,ACC,2,0,204.545,225.365,10,1.000,0.878,0.122,0.356,300.000,95.455,66,21,22,22,23.399,59
2023,3,15,Florida State,ACC,3,0,200.327,145.995,22,1.000,0.712,0.288,0.840,394.444,194.118,142,66,36,34,17.712,62
2023,3,15,UCF,Big 12,2,0,240.711,42.816,49,1.000,0.638,0.362,1.151,336.364,95.652,74,22,22,23,-85.773,110
2023,3,17,Miami,ACC,2,0,208.333,182.516,8,1.000,0.914,0.086,0.283,358.333,150.000,86,36,24,24,-10.152,76
2023,3,17,Texas A&M,SEC,2,1,192.381,150.436,21,0.667,0.793,-0.126,-0.365,366.667,174.286,132,61,36,35,25.245,57
2023,3,18,Oregon State,Pac-12,2,0,185.281,25.573,56,1.000,0.659,0.341,0.994,309.091,123.810,68,26,22,21,-166.852,124
2023,3,19,Auburn,SEC,2,0,199.692,80.148,33,1.000,0.788,0.212,0.680,292.000,92.308,73,24,25,26,-56.391,95
2023,3,19,Texas,Big 12,3,0,183.377,176.934,15,1.000,0.951,0.049,0.145,309.091,125.714,102,44,33,35,-10.355,76
2023,3,20,Ole Miss,SEC,2,0,182.167,293.968,3,1.000,1.000,0.000,0.003,354.167,172.000,85,43,24,25,109.452,22
2023,3,21,Rutgers,Big Ten,3,0,175.676,193.693,13,1.000,0.913,0.087,0.255,256.757,81.081,95,30,37,37,21.393,60
2023,3,22,Penn State,Big Ten,2,0,171.333,99.743,34,1.000,0.988,0.012,0.039,283.333,112.000,68,28,24,25,-93.034,108
2023,3,24,Memphis,American Athletic,2,0,150.000,-48.982,82,1.000,0.363,0.637,1.857,250.000,100.000,65,27,26,27,-180.896,126
2023,3,25,Alabama,SEC,2,1,143.243,77.000,41,0.667,0.671,-0.004,-0.009,262.162,118.919,97,44,37,37,-5.051,71
2023,3,25,UCLA,Pac-12,2,0,152.167,128.350,21,1.000,0.868,0.132,0.428,248.000,95.833,62,23,25,24,-21.825,84
2023,3,26,Iowa,Big Ten,3,0,134.858,29.471,54,1.000,0.611,0.389,1.135,229.730,94.872,85,37,37,39,-94.292,109
2023,3,27,Georgia State,Sun Belt,2,0,129.808,-13.266,71,1.000,0.450,0.550,1.603,292.308,162.500,76,39,26,24,-138.091,120
2023,3,29,Marshall,Sun Belt,1,0,128.571,10.065,63,1.000,0.534,0.466,1.479,221.429,92.857,31,13,14,14,-118.506,123
2023,3,30,Air Force,Mountain West,2,0,126.667,117.428,30,1.000,0.716,0.284,0.830,260.000,133.333,52,24,20,18,-9.239,75
2023,3,30,Washington State,Pac-12,2,0,127.538,110.540,23,1.000,0.762,0.238,0.763,311.538,184.000,81,46,26,25,-17.024,81
2023,3,31,Liberty,Conference USA,3,0,126.053,126.758,27,1.000,0.812,0.188,0.549,305.000,178.947,122,68,40,38,1.318,68
2023,3,33,California,Pac-12,1,1,122.167,49.379,44,0.500,0.684,-0.184,-0.565,242.857,120.690,68,35,28,29,-32.945,88
2023,3,33,Fresno State,Mountain West,2,0,115.705,7.253,64,1.000,0.517,0.483,1.407,261.538,145.833,68,35,26,24,-91.349,107
2023,3,34,Kansas State,Big 12,1,1,100.000,-135.224,109,0.500,0.095,0.405,1.180,265.385,165.385,69,43,26,26,-231.378,129
2023,3,35,Tennessee,SEC,1,1,98.462,-196.422,124,0.500,0.000,0.500,1.457,260.000,161.538,65,42,25,26,-240.426,130
2023,3,36,App State,Sun Belt,1,1,94.667,225.643,9,0.500,0.807,-0.307,-0.889,366.667,272.000,77,68,21,25,134.547,15
2023,3,37,North Carolina,ACC,3,0,89.394,241.835,8,1.000,1.000,0.000,0.003,283.333,193.939,102,64,36,33,158.451,10
2023,3,39,Wisconsin,Big Ten,2,1,82.500,167.335,16,0.667,1.000,-0.333,-0.966,237.500,155.000,95,62,40,40,87.896,27
2023,3,40,BYU,Big 12,2,0,72.414,128.975,26,1.000,0.762,0.238,0.696,179.310,106.897,52,31,29,29,55.641,43
2023,3,41,Kansas,Big 12,2,0,71.645,37.638,53,1.000,0.637,0.363,1.059,295.455,223.810,65,47,22,21,-33.271,88
2023,3,42,TCU,Big 12,1,1,68.000,161.685,17,0.500,0.891,-0.391,-1.134,300.000,232.000,78,58,26,25,85.357,29
2023,3,43,Colorado,Pac-12,3,0,67.738,196.262,12,1.000,0.807,0.193,0.564,295.238,227.500,124,91,42,40,129.328,17
2023,3,44,Louisville,ACC,2,0,64.032,151.192,20,1.000,1.000,0.000,0.003,272.727,208.696,60,48,22,23,84.461,30
2023,3,44,Utah,Pac-12,2,0,86.957,-74.833,99,1.000,0.264,0.736,2.328,191.304,104.348,44,24,23,23,-160.817,128
2023,3,45,Arkansas,SEC,1,1,62.500,86.415,38,0.500,0.790,-0.290,-0.842,245.833,183.333,59,44,24,24,-12.474,79
2023,3,46,Arizona,Pac-12,1,1,58.333,-134.862,108,0.500,0.035,0.465,1.354,229.167,170.833,55,41,24,24,-199.344,128
2023,3,47,Louisiana,Sun Belt,1,1,54.167,-22.757,73,0.500,0.443,0.057,0.170,300.000,245.833,72,59,24,24,-70.689,101
2023,3,48,Wake Forest,ACC,2,0,50.000,67.016,47,1.000,0.792,0.208,0.609,233.333,183.333,63,44,27,24,4.719,66
2023,3,49,Clemson,ACC,1,1,48.148,43.612,50,0.500,0.770,-0.270,-0.784,203.704,155.556,55,42,27,27,30.022,55
2023,3,50,Tulane,American Athletic,2,1,43.164,141.692,23,0.667,0.746,-0.079,-0.227,210.811,167.647,78,57,37,34,84.046,31
2023,3,51,Florida International,Conference USA,2,1,40.227,-103.188,100,0.667,0.137,0.529,1.543,217.500,177.273,87,78,40,44,-143.720,121
2023,3,53,Vanderbilt,SEC,1,2,33.841,11.142,62,0.333,0.521,-0.188,-0.544,287.500,253.659,92,104,32,41,-44.211,92
2023,3,54,Missouri,SEC,2,0,30.435,-106.064,102,1.000,0.283,0.717,2.087,230.435,200.000,53,46,23,23,-137.602,119
2023,3,55,LSU,SEC,1,1,27.273,38.227,52,0.500,0.690,-0.190,-0.549,295.455,268.182,65,59,22,22,0.272,69
2023,3,56,SMU,American Athletic,1,1,38.043,180.686,10,0.500,0.849,-0.349,-1.082,213.043,175.000,49,42,23,24,147.352,7
2023,3,57,Toledo,Mid-American,1,1,19.697,-148.633,117,0.500,0.000,0.500,1.456,233.333,213.636,49,47,21,22,-148.854,122
2023,3,58,Minnesota,Big Ten,2,1,19.195,131.910,25,0.667,0.756,-0.089,-0.258,175.862,156.667,51,47,29,30,90.386,25
2023,3,58,Texas State,Sun Belt,1,1,26.630,-46.802,85,0.500,0.414,0.086,0.283,239.130,212.500,55,51,23,24,-68.393,105
2023,3,59,Army,FBS Independents,1,1,18.182,-32.090,77,0.500,0.438,0.062,0.182,227.273,209.091,50,46,22,22,-55.423,98
2023,3,60,South Alabama,Sun Belt,1,1,17.029,11.448,61,0.500,0.575,-0.075,-0.215,208.333,191.304,50,44,24,23,-6.763,73
2023,3,61,Ohio,Mid-American,2,1,5.587,-109.253,103,0.667,0.008,0.659,1.920,121.212,115.625,40,37,33,32,-112.334,115
2023,3,62,James Madison,Sun Belt,2,0,4.233,-356.182,131,1.000,0.000,1.000,2.912,185.714,181.481,52,49,28,27,-363.050,133
2023,3,63,Nebraska,Big Ten,1,2,1.905,111.581,32,0.333,1.000,-0.667,-1.937,168.571,166.667,59,60,35,36,112.749,21
2023,3,64,Florida,SEC,1,1,0.000,-111.444,104,0.500,0.317,0.183,0.536,173.913,173.913,40,40,23,23,-116.369,116
2023,3,66,Boston College,ACC,0,2,-11.232,68.187,45,0.000,0.927,-0.927,-2.695,230.435,241.667,53,58,23,24,78.036,36
2023,3,67,UTSA,American Athletic,1,2,-12.121,-59.414,88,0.333,0.310,0.023,0.071,190.909,203.030,63,67,33,33,-44.111,91
2023,3,68,Virginia Tech,ACC,1,2,-13.293,70.829,43,0.333,0.758,-0.425,-1.234,181.579,194.872,69,76,38,39,80.322,35
2023,3,69,Cincinnati,Big 12,1,1,-13.587,-104.573,101,0.500,0.331,0.169,0.495,212.500,226.087,51,52,24,23,-88.664,105
2023,3,69,Coastal Carolina,Sun Belt,1,1,-8.498,1.078,67,0.500,0.503,-0.003,0.005,186.957,195.455,43,43,23,22,12.441,63
2023,3,70,Purdue,Big Ten,1,2,-20.029,48.978,49,0.333,0.624,-0.290,-0.842,219.444,239.474,79,91,36,38,65.980,41
2023,3,71,Georgia Southern,Sun Belt,1,1,-28.000,-8.606,68,0.500,0.484,0.016,0.050,252.000,280.000,63,70,25,25,13.830,63
2023,3,72,Miami (OH),Mid-American,2,1,-28.958,12.254,60,0.667,0.556,0.110,0.324,214.286,243.243,75,90,35,37,37.968,50
2023,3,73,Old Dominion,Sun Belt,1,2,-33.855,-1.704,67,0.333,0.496,-0.163,-0.471,213.514,247.368,79,94,37,38,38.363,48
2023,3,74,Northwestern,Big Ten,1,2,-36.837,3.186,66,0.333,0.513,-0.180,-0.521,178.788,215.625,59,69,33,32,55.274,44
2023,3,75,Michigan State,Big Ten,1,1,-40.000,56.828,48,0.500,0.700,-0.200,-0.580,152.000,192.000,38,48,25,25,81.187,33
2023,3,77,Jacksonville State,Conference USA,1,1,-41.304,-103.468,109,0.500,0.203,0.297,0.946,150.000,191.304,33,44,22,23,-64.832,99
2023,3,77,Oklahoma State,Big 12,1,1,-44.174,-155.219,121,0.500,0.207,0.293,0.854,147.826,192.000,34,48,23,25,-110.114,113
2023,3,78,Iowa State,Big 12,0,2,-45.455,-87.088,96,0.000,0.258,-0.258,-0.749,90.909,136.364,20,30,22,22,-39.891,89
2023,3,79,NC State,ACC,1,1,-51.385,18.970,59,0.500,0.567,-0.067,-0.196,184.615,236.000,48,59,26,25,42.373,49
2023,3,80,Houston,Big 12,1,2,-52.845,-25.548,74,0.333,0.421,-0.088,-0.253,191.892,244.737,71,93,37,38,24.386,58
2023,3,81,Texas Tech,Big 12,0,2,-58.667,-42.990,83,0.000,0.418,-0.418,-1.299,233.333,292.000,63,73,27,25,21.495,56
2023,3,82,Illinois,Big Ten,1,2,-60.077,-48.599,81,0.333,0.412,-0.078,-0.225,188.571,248.649,66,92,35,37,-3.750,70
2023,3,83,New Mexico State,Conference USA,1,2,-62.298,-78.470,91,0.333,0.312,0.021,0.065,231.250,293.548,74,91,32,31,-25.207,83
2023,3,84,Pittsburgh,ACC,0,2,-65.942,-189.582,123,0.000,0.000,-0.000,0.003,117.391,183.333,27,44,23,24,-121.022,117
2023,3,85,Louisiana Tech,Conference USA,1,2,-74.131,-150.379,118,0.333,0.151,0.182,0.533,197.297,271.429,73,95,37,35,-74.466,103
2023,3,86,West Virginia,Big 12,1,1,-74.545,-137.470,110,0.500,0.285,0.215,0.628,145.455,220.000,32,44,22,20,-44.919,93
2023,3,88,Baylor,Big 12,0,2,-78.261,-138.469,119,0.000,0.129,-0.129,-0.390,191.304,269.565,44,62,23,23,-60.817,98
2023,3,88,Northern Illinois,Mid-American,1,1,-84.000,10.077,63,0.500,0.518,-0.018,-0.050,152.000,236.000,38,59,25,25,89.884,26
2023,3,89,Mississippi State,SEC,1,1,-86.957,-145.451,113,0.500,0.249,0.251,0.733,195.652,282.609,45,65,23,23,-48.318,94
2023,3,90,Massachusetts,FBS Independents,1,3,-88.824,-55.535,87,0.250,0.376,-0.126,-0.365,192.308,281.132,100,149,52,53,1.768,67
2023,3,91,San Diego State,Mountain West,1,2,-90.850,-84.593,95,0.333,0.323,0.010,0.032,114.706,205.556,39,74,34,36,-5.285,72
2023,3,92,Eastern Michigan,Mid-American,1,1,-91.304,-82.257,94,0.500,0.080,0.420,1.225,108.696,200.000,25,42,23,21,38.187,49
2023,3,92,Sam Houston,Conference USA,0,2,-99.457,-65.556,93,0.000,0.296,-0.296,-0.917,13.043,112.500,3,27,23,24,32.778,53
2023,3,93,Rice,American Athletic,1,1,-100.000,31.461,54,0.500,0.590,-0.090,-0.269,212.000,312.000,53,78,25,25,136.269,10
2023,3,93,UNLV,Mountain West,1,1,-96.154,40.499,51,0.500,0.655,-0.155,-0.450,180.769,276.923,47,72,26,26,157.772,11
2023,3,94,South Carolina,SEC,0,2,-98.221,117.799,29,0.000,0.722,-0.722,-2.099,140.909,239.130,31,55,22,23,215.224,7
2023,3,95,Wyoming,Mountain West,1,1,-98.261,-78.951,92,0.500,0.303,0.197,0.576,180.000,278.261,45,64,25,23,40.673,47
2023,3,96,Temple,American Athletic,1,1,-104.000,46.241,46,0.500,0.611,-0.111,-0.335,124.000,228.000,31,57,25,25,146.882,8
2023,3,96,UConn,FBS Independents,0,3,-99.324,-147.683,116,0.000,0.158,-0.158,-0.457,125.000,224.324,45,83,36,37,-49.022,95
2023,3,99,Charlotte,American Athletic,0,2,-101.714,-128.499,105,0.000,0.272,-0.272,-0.790,214.286,316.000,45,79,21,25,-26.109,84
2023,3,101,Colorado State,Mountain West,0,2,-109.975,114.718,31,0.000,0.913,-0.913,-2.653,210.714,320.690,59,93,28,29,232.426,2
2023,3,102,Troy,Sun Belt,0,2,-110.969,-356.692,132,0.000,0.011,-0.011,-0.028,103.846,214.815,27,58,26,27,-245.703,131
2023,3,103,Utah State,Mountain West,0,2,-114.822,-43.346,80,0.000,0.368,-0.368,-1.068,159.091,273.913,35,63,22,23,73.449,40
2023,3,104,North Texas,American Athletic,1,2,-116.630,-133.097,106,0.333,0.266,0.068,0.199,227.273,343.902,100,141,44,41,-53.340,97
2023,3,105,UAB,American Athletic,0,2,-122.154,-139.674,111,0.000,0.156,-0.156,-0.452,224.000,346.154,56,90,25,26,-15.681,81
2023,3,106,South Florida,American Athletic,0,2,-126.648,-52.107,84,0.000,0.000,-0.000,0.002,96.429,223.077,27,58,28,26,73.617,39
2023,3,107,Indiana,Big Ten,0,2,-139.048,91.709,36,0.000,0.664,-0.664,-1.930,80.952,220.000,17,44,21,20,228.073,4
2023,3,108,Bowling Green,Mid-American,0,2,-140.000,78.721,39,0.000,0.753,-0.753,-2.187,120.000,260.000,30,65,25,25,215.580,6
2023,3,108,Stanford,Pac-12,1,1,-145.333,-32.030,81,0.500,0.371,0.129,0.419,188.000,333.333,47,80,25,24,19.318,57
2023,3,109,Boise State,Mountain West,0,2,-150.167,22.816,57,0.000,0.569,-0.569,-1.775,145.833,296.000,35,74,24,25,121.626,14
2023,3,109,Western Kentucky,Conference USA,1,1,-140.079,70.233,44,0.500,0.606,-0.106,-0.305,182.143,322.222,51,87,28,27,126.423,19
2023,3,110,Georgia Tech,ACC,0,2,-140.761,77.213,40,0.000,0.606,-0.606,-1.760,237.500,378.261,57,87,24,23,222.580,5
2023,3,111,Buffalo,Mid-American,0,2,-143.958,3.704,65,0.000,0.508,-0.508,-1.476,146.667,290.625,44,93,30,32,147.046,12
2023,3,114,UTEP,Conference USA,0,3,-151.775,-253.237,130,0.000,0.063,-0.063,-0.181,93.939,245.714,31,86,33,35,-112.328,114
2023,3,115,Akron,Mid-American,0,2,-152.174,-12.083,70,0.000,0.463,-0.463,-1.345,104.348,256.522,24,59,23,23,134.089,16
2023,3,116,Florida Atlantic,American Athletic,0,2,-161.111,-165.321,122,0.000,0.186,-0.186,-0.537,88.889,250.000,24,65,27,26,-32.821,86
2023,3,117,Arizona State,Pac-12,0,2,-164.000,-231.675,127,0.000,0.000,-0.000,0.003,60.000,224.000,15,56,25,25,-73.983,102
2023,3,118,UL Monroe,Sun Belt,1,1,-173.913,-51.433,83,0.500,0.053,0.447,1.302,86.957,260.870,20,60,23,23,59.173,42
2023,3,119,Virginia,ACC,0,3,-182.991,-369.408,133,0.000,0.056,-0.056,-0.160,151.220,334.211,62,127,41,38,-197.185,127
2023,3,120,East Carolina,American Athletic,0,3,-183.660,27.260,55,0.000,0.620,-0.620,-1.800,122.222,305.882,44,104,36,34,228.625,3
2023,3,120,Middle Tennessee,Conference USA,0,2,-225.296,-37.770,82,0.000,0.320,-0.320,-0.990,118.182,343.478,26,79,22,23,87.679,27
2023,3,121,Central Michigan,Mid-American,0,2,-188.000,-90.822,97,0.000,0.240,-0.240,-0.696,100.000,288.000,24,72,24,25,95.046,23
2023,3,122,Navy,American Athletic,0,2,-195.455,-147.145,115,0.000,0.100,-0.100,-0.289,122.727,318.182,27,70,22,22,42.141,46
2023,3,124,New Mexico,Mountain West,0,2,-260.000,-146.845,114,0.000,0.101,-0.101,-0.291,135.000,395.000,27,79,20,20,35.983,51
2023,3,125,Kent State,Mid-American,0,2,-345.455,-194.363,128,0.000,0.066,-0.066,-0.192,54.545,400.000,12,84,22,21,46.449,47
2023,3,125,San José State,Mountain West,0,3,-261.842,-249.110,129,0.000,0.161,-0.161,-0.467,163.158,425.000,62,119,38,28,31.745,53
2023,3,126,Ball State,Mid-American,0,2,-352.976,-191.550,127,0.000,0.155,-0.155,-0.474,70.833,423.810,17,89,24,21,95.775,24
2023,3,126,Nevada,Mountain West,0,2,-263.406,-17.942,72,0.000,0.459,-0.459,-1.333,158.333,421.739,38,97,24,23,127.967,18
2023,3,127,Hawai'i,Mountain West,0,3,-270.363,-240.149,128,0.000,0.054,-0.054,-0.156,167.568,437.931,62,127,37,29,-11.462,78
2023,3,128,Western Michigan,Mid-American,0,2,-290.615,-152.441,119,0.000,0.136,-0.136,-0.394,65.385,356.000,17,89,26,25,74.665,38
2023,3,129,Southern Miss,Sun Belt,0,2,-305.534,-53.278,85,0.000,0.000,-0.000,0.003,72.727,378.261,16,87,22,23,143.844,13
2023,3,132,Arkansas State,Sun Belt,0,2,-466.722,59.474,36,0.000,0.655,-0.655,-2.046,11.538,478.261,3,110,26,23,304.375,1
2023,3,132,Tulsa,American Athletic,0,2,-401.656,-101.884,99,0.000,0.277,-0.277,-0.802,117.391,519.048,27,109,23,21,181.343,8
2023,4,1,USC,Pac-12,4,0,343.434,157.927,16,1.000,0.797,0.203,0.807,488.889,145.455,220,80,45,55,-117.293,124
2023,4,2,Oklahoma,Big 12,4,0,328.485,106.262,26,1.000,0.831,0.169,0.672,397.872,69.388,187,34,47,49,-80.932,115
2023,4,3,Oregon,Pac-12,3,0,290.446,174.633,14,1.000,0.932,0.068,0.264,421.875,131.429,135,46,32,35,-43.596,102
2023,4,4,Washington,Pac-12,4,0,287.404,258.212,3,1.000,0.914,0.086,0.337,423.404,136.000,199,68,47,50,-2.030,67
2023,4,5,Michigan,Big Ten,4,0,269.543,254.537,4,1.000,0.983,0.017,0.058,325.641,56.098,127,23,39,41,-25.983,91
2023,4,6,Ohio State,Big Ten,3,0,263.922,261.272,2,1.000,0.996,0.004,0.006,343.333,79.412,103,27,30,34,92.969,17
2023,4,7,Kentucky,SEC,3,0,254.136,157.560,17,1.000,0.852,0.148,0.587,375.758,121.622,124,45,33,37,-94.734,117
2023,4,8,Georgia,SEC,3,0,234.440,46.968,40,1.000,0.659,0.341,1.366,337.143,102.703,118,38,35,37,-143.623,130
2023,4,9,Miami,ACC,3,0,229.921,209.913,7,1.000,0.940,0.060,0.232,352.778,122.857,127,43,36,35,5.458,63
2023,4,10,Duke,ACC,3,0,225.714,177.023,12,1.000,0.904,0.096,0.374,305.714,80.000,107,28,35,35,-29.415,93
2023,4,11,Texas,Big 12,4,0,216.141,281.918,1,1.000,0.974,0.026,0.093,318.182,102.041,140,50,44,49,74.892,25
2023,4,12,Maryland,Big Ten,3,0,206.061,231.664,5,1.000,0.900,0.100,0.393,336.364,130.303,111,43,33,33,24.998,50
2023,4,13,Fresno State,Mountain West,3,0,203.758,31.018,47,1.000,0.589,0.411,1.646,336.111,132.353,121,45,36,34,-128.049,127
2023,4,14,Penn State,Big Ten,3,0,195.000,201.956,8,1.000,0.896,0.104,0.409,275.000,80.000,99,28,36,35,-4.340,71
2023,4,15,Syracuse,ACC,3,0,184.641,69.876,32,1.000,0.816,0.184,0.730,311.111,126.471,112,43,36,34,-76.588,113
2023,4,16,Florida State,ACC,4,0,176.596,77.166,29,1.000,0.706,0.294,1.177,368.085,191.489,173,90,47,47,-43.347,101
2023,4,17,Notre Dame,FBS Independents,3,1,173.695,190.681,9,0.750,0.906,-0.156,-0.641,315.556,141.860,142,61,45,43,37.824,42
2023,4,18,Air Force,Mountain West,3,0,171.520,10.065,58,1.000,0.525,0.475,1.908,334.483,162.963,97,44,29,27,-166.972,133
2023,4,19,Texas A&M,SEC,3,1,170.142,120.774,22,0.750,0.756,-0.006,-0.034,324.490,154.348,159,71,49,46,-2.316,68
2023,4,20,Liberty,Conference USA,4,0,153.887,27.031,50,1.000,0.577,0.423,1.696,301.887,148.000,160,74,53,50,-119.933,126
2023,4,21,Tennessee,SEC,2,1,148.718,129.633,20,0.667,0.800,-0.133,-0.551,282.051,133.333,110,56,39,42,29.464,48
2023,4,22,Alabama,SEC,3,1,137.190,218.457,6,0.750,0.992,-0.242,-0.988,252.083,114.894,121,54,48,47,127.373,4
2023,4,23,Georgia State,Sun Belt,3,0,124.747,111.946,25,1.000,0.767,0.233,0.929,294.444,169.697,106,56,36,33,-8.308,76
2023,4,24,Louisville,ACC,3,0,124.034,125.377,21,1.000,0.781,0.219,0.872,341.176,217.143,116,76,34,35,3.112,64
2023,4,25,UCF,Big 12,2,1,114.706,8.757,62,0.667,0.525,0.141,0.560,308.824,194.118,105,66,34,34,-29.747,94
2023,4,26,Oregon State,Pac-12,2,1,112.121,98.401,27,0.667,0.788,-0.122,-0.504,312.121,200.000,103,64,33,32,-20.791,88
2023,4,27,Kansas State,Big 12,2,1,110.669,135.209,19,0.667,0.772,-0.106,-0.439,305.405,194.737,113,74,37,38,23.884,51
2023,4,28,Wisconsin,Big Ten,3,1,105.882,114.300,23,0.750,0.878,-0.128,-0.529,260.784,154.902,133,79,51,51,6.994,61
2023,4,29,North Carolina,ACC,4,0,102.361,72.348,31,1.000,0.691,0.309,1.235,297.917,195.556,143,88,48,45,-25.607,90
2023,4,30,Auburn,SEC,2,1,99.786,30.746,49,0.667,0.661,0.005,0.010,230.556,130.769,83,51,36,39,-21.352,89
2023,4,31,Washington State,Pac-12,3,0,96.622,172.514,15,1.000,0.808,0.192,0.764,321.622,225.000,119,81,37,36,78.380,22
2023,4,32,TCU,Big 12,2,1,94.369,112.582,24,0.667,0.776,-0.110,-0.455,302.703,208.333,112,75,37,36,10.182,60
2023,4,33,Kansas,Big 12,3,0,93.548,66.926,34,1.000,0.630,0.370,1.482,332.258,238.710,103,74,31,31,-31.088,95
2023,4,34,Ole Miss,SEC,2,1,93.301,190.608,10,0.667,0.874,-0.207,-0.848,279.412,186.111,95,67,34,36,106.991,11
2023,4,35,Rutgers,Big Ten,3,1,88.030,76.018,30,0.750,0.702,0.048,0.183,226.667,138.636,102,61,45,44,35.633,44
2023,4,36,Memphis,American Athletic,2,1,85.695,18.195,53,0.667,0.554,0.113,0.445,242.105,156.410,92,61,38,39,-50.303,105
2023,4,37,Marshall,Sun Belt,2,0,85.317,43.157,42,1.000,0.637,0.363,1.454,196.429,111.111,55,30,28,27,-41.458,99
2023,4,38,UCLA,Pac-12,2,1,79.555,150.288,18,0.667,0.957,-0.290,-1.183,176.923,97.368,69,37,39,38,66.838,30
2023,4,39,Ohio,Mid-American,3,1,79.495,17.186,54,0.750,0.582,0.168,0.668,177.273,97.778,78,44,44,45,-51.209,106
2023,4,40,Louisiana,Sun Belt,2,1,73.716,-42.858,86,0.667,0.379,0.288,1.151,316.216,242.500,117,97,37,40,-111.030,123
2023,4,41,Utah,Pac-12,3,0,72.973,189.802,11,1.000,0.959,0.041,0.152,156.757,83.784,58,31,37,37,115.812,8
2023,4,42,Georgia Southern,Sun Belt,2,1,71.997,-38.192,85,0.667,0.394,0.272,1.088,264.103,192.105,103,73,39,38,-89.352,116
2023,4,43,App State,Sun Belt,1,2,47.666,66.170,35,0.333,0.641,-0.308,-1.255,290.909,243.243,96,90,33,37,13.773,57
2023,4,44,Iowa,Big Ten,3,1,47.518,-1.955,67,0.750,0.489,0.261,1.041,180.851,133.333,85,68,47,51,-36.443,98
2023,4,45,Toledo,Mid-American,2,1,47.084,-123.121,113,0.667,0.170,0.497,1.995,257.895,210.811,98,78,38,37,-150.458,132
2023,4,46,Florida,SEC,2,1,44.118,174.926,13,0.667,0.945,-0.278,-1.134,182.353,138.235,62,47,34,34,126.189,5
2023,4,48,Missouri,SEC,3,0,40.000,90.536,28,1.000,0.761,0.239,0.955,248.571,208.571,87,73,35,35,50.066,35
2023,4,49,LSU,SEC,2,1,38.105,12.426,57,0.667,0.528,0.139,0.550,319.355,281.250,99,90,31,32,-35.469,97
2023,4,50,Arizona,Pac-12,2,1,37.731,-96.332,107,0.667,0.234,0.433,1.738,217.143,179.412,76,61,35,34,-136.290,129
2023,4,50,Tulane,American Athletic,2,1,43.164,141.692,23,0.667,0.746,-0.079,-0.227,210.811,167.647,78,57,37,34,84.046,31
2023,4,51,Texas State,Sun Belt,2,1,36.555,16.486,55,0.667,0.536,0.130,0.514,257.143,220.588,90,75,35,34,-15.130,84
2023,4,52,Arkansas,SEC,1,2,28.342,-55.234,95,0.333,0.361,-0.027,-0.122,264.706,236.364,90,78,34,33,-98.568,119
2023,4,53,Jacksonville State,Conference USA,2,1,27.778,-124.405,114,0.667,0.115,0.552,2.216,150.000,122.222,54,44,36,36,-148.647,131
2023,4,54,Nebraska,Big Ten,2,2,27.660,-51.906,91,0.500,0.304,0.196,0.780,185.106,157.447,87,74,47,47,-77.545,114
2023,4,55,BYU,Big 12,2,1,20.985,-49.101,90,0.667,0.357,0.310,1.239,202.564,181.579,79,69,39,38,-47.250,104
2023,4,56,Houston,Big 12,2,2,18.367,3.412,64,0.500,0.509,-0.009,-0.048,222.449,204.082,109,100,49,49,-16.146,85
2023,4,57,James Madison,Sun Belt,3,0,17.828,-42.969,87,1.000,0.381,0.619,2.488,215.556,197.727,97,87,45,44,-61.274,107
2023,4,58,Minnesota,Big Ten,2,2,11.472,-33.219,80,0.500,0.408,0.092,0.358,202.381,190.909,85,84,42,44,-63.675,108
2023,4,59,Clemson,ACC,1,2,5.395,32.414,46,0.333,0.603,-0.270,-1.100,197.500,192.105,79,73,40,38,55.755,32
2023,4,60,California,Pac-12,1,2,3.095,-13.737,73,0.333,0.460,-0.127,-0.524,238.095,235.000,100,94,42,40,33.978,45
2023,4,61,Wake Forest,ACC,2,1,2.564,3.889,63,0.667,0.517,0.150,0.594,202.564,200.000,79,74,39,37,-5.164,74
2023,4,62,South Alabama,Sun Belt,1,2,-0.840,-28.120,78,0.333,0.429,-0.096,-0.399,228.571,229.412,80,78,35,34,-28.140,92
2023,4,63,Iowa State,Big 12,1,2,-8.108,-47.527,88,0.333,0.365,-0.031,-0.138,145.946,154.054,54,57,37,37,-31.618,96
2023,4,64,Vanderbilt,SEC,1,3,-15.590,-3.681,70,0.250,0.492,-0.242,-0.988,255.319,270.909,120,149,47,55,-11.506,80
2023,4,65,Virginia Tech,ACC,1,3,-20.052,-2.839,68,0.250,0.488,-0.238,-0.972,168.627,188.679,86,100,51,53,14.446,56
2023,4,66,UNLV,Mountain West,2,1,-20.513,-20.108,75,0.667,0.446,0.220,0.878,235.897,256.410,92,100,39,39,14.484,55
2023,4,67,Army,FBS Independents,1,2,-20.588,-25.381,76,0.333,0.451,-0.118,-0.488,200.000,220.588,66,75,33,34,-8.866,77
2023,4,68,Colorado,Pac-12,3,1,-20.717,43.274,41,0.750,0.600,0.150,0.596,245.283,266.000,130,133,53,50,64.437,31
2023,4,69,SMU,American Athletic,1,2,-23.025,-16.141,74,0.333,0.452,-0.118,-0.490,194.118,217.143,66,76,34,35,13.152,59
2023,4,70,West Virginia,Big 12,2,1,-24.156,-0.953,66,0.667,0.496,0.171,0.679,148.571,172.727,52,57,35,33,42.799,39
2023,4,71,Northwestern,Big Ten,2,2,-24.634,-35.274,84,0.500,0.396,0.104,0.407,204.255,228.889,96,103,47,45,3.105,65
2023,4,72,Florida International,Conference USA,2,2,-24.663,-128.678,116,0.500,0.118,0.382,1.531,178.846,203.509,93,116,52,57,-106.192,120
2023,4,72,Miami (OH),Mid-American,2,1,-28.958,12.254,60,0.667,0.556,0.110,0.324,214.286,243.243,75,90,35,37,37.968,50
2023,4,73,NC State,ACC,2,1,-25.911,9.532,60,0.667,0.529,0.138,0.546,184.615,210.526,72,80,39,38,17.441,53
2023,4,73,Old Dominion,Sun Belt,1,2,-33.855,-1.704,67,0.333,0.496,-0.163,-0.471,213.514,247.368,79,94,37,38,38.363,48
2023,4,76,Illinois,Big Ten,2,2,-37.032,-10.113,72,0.500,0.466,0.034,0.124,185.417,222.449,89,109,48,49,14.710,54
2023,4,77,Coastal Carolina,Sun Belt,1,2,-40.625,1.330,65,0.333,0.503,-0.170,-0.699,187.500,228.125,60,73,32,32,45.943,38
2023,4,78,South Carolina,SEC,1,2,-42.857,-48.513,89,0.333,0.366,-0.033,-0.145,200.000,242.857,68,85,34,35,-3.008,69
2023,4,79,Oklahoma State,Big 12,1,2,-44.474,-110.085,111,0.333,0.172,0.161,0.638,160.526,205.000,61,82,38,40,-64.459,109
2023,4,80,Cincinnati,Big 12,1,2,-47.381,-53.198,93,0.333,0.340,-0.007,-0.040,158.333,205.714,57,72,36,35,-3.703,70
2023,4,81,New Mexico State,Conference USA,1,3,-48.780,-172.334,122,0.250,0.108,0.142,0.561,221.951,270.732,91,111,41,41,-129.609,128
2023,4,82,Colorado State,Mountain West,1,2,-52.158,22.439,51,0.333,0.569,-0.236,-0.965,230.769,282.927,90,116,39,41,70.861,28
2023,4,83,Texas Tech,Big 12,0,3,-54.737,13.303,56,0.000,0.531,-0.531,-2.155,190.000,244.737,76,93,40,38,74.242,27
2023,4,84,Indiana,Big Ten,1,2,-55.414,30.922,48,0.333,0.611,-0.278,-1.134,131.429,186.842,46,71,35,38,102.783,14
2023,4,85,Wyoming,Mountain West,2,1,-56.062,49.047,39,0.667,0.681,-0.014,-0.070,181.081,237.143,67,83,37,35,120.463,7
2023,4,86,Purdue,Big Ten,1,3,-59.010,-7.390,71,0.250,0.484,-0.234,-0.958,204.255,263.265,96,129,47,49,53.089,34
2023,4,87,Georgia Tech,ACC,1,2,-59.151,42.192,43,0.333,0.600,-0.266,-1.088,235.135,294.286,87,103,37,35,106.624,12
2023,4,88,South Florida,American Athletic,1,2,-62.635,40.173,44,0.333,0.627,-0.294,-1.200,172.500,235.135,69,87,40,37,95.201,16
2023,4,89,Northern Illinois,Mid-American,1,2,-70.850,-140.847,117,0.333,0.102,0.231,0.921,136.842,207.692,52,81,38,39,-71.159,111
2023,4,90,San Diego State,Mountain West,1,3,-72.826,9.382,61,0.250,0.524,-0.274,-1.120,152.174,225.000,70,108,46,48,75.113,24
2023,4,91,Mississippi State,SEC,1,2,-77.143,-128.339,115,0.333,0.192,0.142,0.560,214.286,291.429,75,102,35,35,-44.140,103
2023,4,92,Troy,Sun Belt,1,2,-77.328,-27.641,77,0.333,0.376,-0.042,-0.183,138.462,215.789,54,82,39,38,49.848,36
2023,4,93,Massachusetts,FBS Independents,1,4,-78.001,-171.092,121,0.200,0.170,0.030,0.108,207.937,285.938,131,183,63,64,-119.795,125
2023,4,94,Louisiana Tech,Conference USA,1,3,-80.452,-179.387,123,0.250,0.113,0.137,0.541,181.250,261.702,87,123,48,47,-95.937,118
2023,4,95,UTSA,American Athletic,1,3,-81.155,-33.565,81,0.250,0.358,-0.108,-0.447,157.143,238.298,77,112,49,47,31.037,47
2023,4,96,Utah State,Mountain West,0,3,-82.821,-103.208,110,0.000,0.260,-0.260,-1.062,187.179,270.000,73,108,39,40,-11.620,81
2023,4,97,Boston College,ACC,0,3,-85.238,-63.778,97,0.000,0.358,-0.358,-1.456,231.429,316.667,81,114,35,36,20.565,52
2023,4,98,Michigan State,Big Ten,1,2,-88.889,68.833,33,0.333,0.841,-0.507,-2.061,130.556,219.444,47,79,36,36,151.739,3
2023,4,99,Pittsburgh,ACC,0,3,-90.397,-86.864,105,0.000,0.264,-0.264,-1.078,145.714,236.111,51,85,35,36,6.066,62
2023,4,100,Boise State,Mountain West,1,2,-92.117,34.577,45,0.333,0.615,-0.281,-1.148,191.667,283.784,69,105,36,37,92.117,18
2023,4,101,Western Kentucky,Conference USA,1,2,-92.692,57.304,38,0.333,0.634,-0.301,-1.228,192.308,285.000,75,114,39,40,91.268,19
2023,4,102,Rice,American Athletic,1,2,-96.547,9.841,59,0.333,0.523,-0.189,-0.777,227.778,324.324,82,120,36,37,108.501,10
2023,4,103,Stanford,Pac-12,1,2,-97.143,-73.125,98,0.333,0.262,0.072,0.278,191.429,288.571,67,101,35,35,-41.923,100
2023,4,104,Eastern Michigan,Mid-American,1,2,-110.556,-239.868,131,0.333,0.000,0.333,1.334,69.444,180.000,25,63,36,35,-109.572,122
2023,4,104,North Texas,American Athletic,1,2,-116.630,-133.097,106,0.333,0.266,0.068,0.199,227.273,343.902,100,141,44,41,-53.340,97
2023,4,105,Akron,Mid-American,0,3,-113.448,-78.299,100,0.000,0.266,-0.266,-1.086,124.390,237.838,51,88,41,37,38.196,41
2023,4,107,Central Michigan,Mid-American,1,2,-117.619,-34.660,83,0.333,0.414,-0.081,-0.338,165.714,283.333,58,102,35,36,77.131,23
2023,4,108,Charlotte,American Athletic,0,3,-118.056,59.131,37,0.000,0.674,-0.674,-2.735,162.500,280.556,52,101,32,36,172.845,1
2023,4,109,Florida Atlantic,American Athletic,0,3,-120.513,-86.923,106,0.000,0.249,-0.249,-1.016,105.128,225.641,41,88,39,39,13.163,58
2023,4,110,Buffalo,Mid-American,0,3,-128.406,-98.955,109,0.000,0.277,-0.277,-1.129,178.261,306.667,82,138,46,45,32.824,46
2023,4,111,UConn,FBS Independents,0,4,-141.878,-85.386,104,0.000,0.231,-0.231,-0.947,106.122,248.000,52,124,49,50,42.456,40
2023,4,112,Virginia,ACC,0,4,-142.375,-52.971,92,0.000,0.338,-0.338,-1.376,153.704,296.078,83,151,54,51,81.965,20
2023,4,113,UTEP,Conference USA,0,4,-144.656,-207.404,130,0.000,0.058,-0.058,-0.247,128.261,272.917,59,131,46,48,-69.030,110
2023,4,114,Arizona State,Pac-12,0,3,-148.649,-117.730,112,0.000,0.149,-0.149,-0.612,116.216,264.865,43,98,37,37,26.287,49
2023,4,115,Sam Houston,Conference USA,0,3,-151.144,-153.440,118,0.000,0.000,-0.000,-0.013,29.412,180.556,10,65,34,36,-11.875,82
2023,4,116,New Mexico,Mountain West,1,2,-158.065,-187.012,125,0.333,0.085,0.248,0.992,196.774,354.839,61,110,31,31,-74.217,112
2023,4,117,Baylor,Big 12,0,3,-158.983,22.223,52,0.000,0.570,-0.570,-2.313,135.135,294.118,50,100,37,34,162.735,2
2023,4,118,Temple,American Athletic,1,2,-159.309,-73.893,99,0.333,0.259,0.075,0.289,105.556,264.865,38,98,36,37,69.211,29
2023,4,118,UL Monroe,Sun Belt,1,1,-173.913,-51.433,83,0.500,0.053,0.447,1.302,86.957,260.870,20,60,23,23,59.173,42
2023,4,119,UAB,American Athletic,0,3,-168.354,-180.133,124,0.000,0.170,-0.170,-0.698,197.436,365.789,77,139,39,38,-11.361,79
2023,4,120,East Carolina,American Athletic,0,3,-183.660,27.260,55,0.000,0.620,-0.620,-1.800,122.222,305.882,44,104,36,34,228.625,3
2023,4,121,Middle Tennessee,Conference USA,0,3,-179.412,-3.206,69,0.000,0.491,-0.491,-1.997,144.118,323.529,49,110,34,34,110.477,9
2023,4,122,Navy,American Athletic,0,2,-195.455,-147.145,115,0.000,0.100,-0.100,-0.289,122.727,318.182,27,70,22,22,42.141,46
2023,4,123,Bowling Green,Mid-American,0,3,-188.743,-79.767,101,0.000,0.290,-0.290,-1.182,97.368,286.111,37,103,38,36,99.585,15
2023,4,124,Nevada,Mountain West,0,3,-194.790,-34.049,82,0.000,0.375,-0.375,-1.527,182.353,377.143,62,132,34,35,80.446,21
2023,4,126,Hawai'i,Mountain West,1,3,-204.479,-187.364,127,0.250,0.131,0.119,0.468,174.468,378.947,82,144,47,38,-18.627,87
2023,4,127,Southern Miss,Sun Belt,0,3,-206.832,-154.450,119,0.000,0.151,-0.151,-0.621,147.222,354.054,53,131,36,37,-6.369,75
2023,4,128,Western Michigan,Mid-American,0,3,-211.498,-196.993,128,0.000,0.129,-0.129,-0.533,117.073,328.571,48,138,41,42,-18.400,86
2023,4,129,Tulsa,American Athletic,1,2,-229.332,-97.792,108,0.333,0.241,0.092,0.361,132.432,361.765,49,123,37,34,74.542,26
2023,4,130,San José State,Mountain West,0,4,-268.775,-244.267,132,0.000,0.100,-0.100,-0.417,174.468,443.243,82,164,47,37,35.818,43
2023,4,131,Arkansas State,Sun Belt,1,2,-279.797,-156.598,120,0.333,0.106,0.227,0.906,117.500,397.297,47,147,40,37,-9.998,78
2023,4,132,Ball State,Mid-American,0,3,-314.517,-202.222,129,0.000,0.048,-0.048,-0.205,54.054,368.571,20,129,37,35,55.446,33
2023,4,133,Kent State,Mid-American,0,3,-373.185,-259.028,133,0.000,0.014,-0.014,-0.069,68.750,441.935,22,137,32,31,-5.153,73
2023,5,1,Oklahoma,Big 12,5,0,321.524,161.118,15,1.000,0.913,0.087,0.389,408.621,87.097,237,54,58,62,-45.141,106
2023,5,2,Oregon,Pac-12,4,0,303.247,221.437,4,1.000,0.960,0.040,0.157,421.429,118.182,177,52,42,44,-10.567,77
2023,5,3,Michigan,Big Ten,5,0,299.510,277.409,1,1.000,0.973,0.027,0.092,358.333,58.824,172,30,48,51,-10.785,78
2023,5,4,USC,Pac-12,5,0,271.304,158.422,16,1.000,0.803,0.197,0.932,446.667,175.362,268,121,60,69,-67.182,117
2023,5,6,Ohio State,Big Ten,3,0,263.922,261.272,2,1.000,0.996,0.004,0.006,343.333,79.412,103,27,30,34,92.969,17
2023,5,6,Washington,Pac-12,5,0,247.577,184.437,10,1.000,0.843,0.157,0.736,403.509,155.932,230,92,57,59,-32.423,101
2023,5,7,Air Force,Mountain West,4,0,244.595,97.943,25,1.000,0.724,0.276,1.323,394.595,150.000,146,54,37,36,-125.807,131
2023,5,8,Kentucky,SEC,4,0,231.286,168.261,12,1.000,0.846,0.154,0.722,356.818,125.532,157,59,44,47,-60.960,113
2023,5,9,Miami,ACC,3,0,229.921,209.913,7,1.000,0.940,0.060,0.232,352.778,122.857,127,43,36,35,5.458,63
2023,5,10,Texas,Big 12,5,0,220.606,255.829,3,1.000,0.973,0.027,0.093,327.273,106.667,180,64,55,60,42.936,35
2023,5,11,Penn State,Big Ten,4,0,206.250,216.177,5,1.000,0.924,0.076,0.334,291.667,85.417,140,41,48,48,1.038,65
2023,5,12,Maryland,Big Ten,4,0,203.623,164.813,13,1.000,0.833,0.167,0.787,336.957,133.333,155,60,46,45,-39.385,103
2023,5,13,Georgia,SEC,4,0,194.384,63.366,36,1.000,0.680,0.320,1.539,315.217,120.833,145,58,46,48,-95.486,125
2023,5,14,Fresno State,Mountain West,4,0,184.650,68.959,34,1.000,0.693,0.307,1.477,302.041,117.391,148,54,49,46,-83.515,122
2023,5,16,Florida State,ACC,4,0,176.596,77.166,29,1.000,0.706,0.294,1.177,368.085,191.489,173,90,47,47,-43.347,101
2023,5,16,Texas A&M,SEC,4,1,158.766,121.143,19,0.800,0.790,0.010,0.013,316.393,157.627,193,93,61,59,-0.149,69
2023,5,18,Duke,ACC,3,1,153.191,173.198,11,0.750,0.929,-0.179,-0.924,257.447,104.255,121,49,47,47,32.952,44
2023,5,19,Alabama,SEC,4,1,152.542,187.539,8,0.800,0.956,-0.156,-0.808,272.881,120.339,161,71,59,59,70.278,13
2023,5,20,Liberty,Conference USA,4,0,153.887,27.031,50,1.000,0.577,0.423,1.696,301.887,148.000,160,74,53,50,-119.933,126
2023,5,20,Tennessee,SEC,3,1,152.203,87.353,27,0.750,0.718,0.032,0.118,290.385,138.182,151,76,52,55,-28.158,98
2023,5,21,Notre Dame,FBS Independents,4,1,149.601,186.606,9,0.800,0.914,-0.114,-0.603,285.965,136.364,163,75,57,55,52.654,27
2023,5,22,Oregon State,Pac-12,3,1,114.192,114.588,20,0.750,0.815,-0.065,-0.360,275.556,161.364,124,71,45,44,-3.972,73
2023,5,26,Syracuse,ACC,3,1,97.833,61.820,37,0.750,0.744,0.006,-0.012,252.000,154.167,126,74,50,48,-17.671,84
2023,5,27,Kansas State,Big 12,2,1,110.669,135.209,19,0.667,0.772,-0.106,-0.439,305.405,194.737,113,74,37,38,23.884,51
2023,5,28,Louisville,ACC,4,0,95.301,75.860,32,1.000,0.709,0.291,1.395,274.468,179.167,129,86,47,48,-21.608,89
2023,5,28,Wisconsin,Big Ten,3,1,105.882,114.300,23,0.750,0.878,-0.128,-0.529,260.784,154.902,133,79,51,51,6.994,61
2023,5,29,North Carolina,ACC,4,0,102.361,72.348,31,1.000,0.691,0.309,1.235,297.917,195.556,143,88,48,45,-25.607,90
2023,5,29,Ole Miss,SEC,3,1,89.352,142.990,18,0.750,0.802,-0.052,-0.296,326.087,236.735,150,116,46,49,59.925,23
2023,5,31,Washington State,Pac-12,3,0,96.622,172.514,15,1.000,0.808,0.192,0.764,321.622,225.000,119,81,37,36,78.380,22
2023,5,33,UCF,Big 12,2,2,77.681,-5.739,62,0.500,0.485,0.015,0.035,304.348,226.667,140,102,46,45,-25.715,95
2023,5,34,Georgia Southern,Sun Belt,3,1,76.923,-11.697,65,0.750,0.468,0.282,1.353,271.154,194.231,141,101,52,52,-73.144,120
2023,5,35,Memphis,American Athletic,3,1,76.831,46.095,44,0.750,0.629,0.121,0.558,259.184,182.353,127,93,49,51,-18.158,85
2023,5,35,Rutgers,Big Ten,3,1,88.030,76.018,30,0.750,0.702,0.048,0.183,226.667,138.636,102,61,45,44,35.633,44
2023,5,36,TCU,Big 12,2,2,69.388,104.576,23,0.500,0.753,-0.253,-1.289,271.429,202.041,133,99,49,49,30.180,46
2023,5,37,Marshall,Sun Belt,3,0,67.019,36.896,49,1.000,0.615,0.385,1.859,218.182,151.163,96,65,44,43,-32.014,100
2023,5,38,Auburn,SEC,2,2,63.149,10.551,55,0.500,0.542,-0.042,-0.248,219.149,156.000,103,78,47,50,-12.613,79
2023,5,38,UCLA,Pac-12,2,1,79.555,150.288,18,0.667,0.957,-0.290,-1.183,176.923,97.368,69,37,39,38,66.838,30
2023,5,39,Ohio,Mid-American,3,1,79.495,17.186,54,0.750,0.582,0.168,0.668,177.273,97.778,78,44,44,45,-51.209,106
2023,5,39,Tulane,American Athletic,3,1,62.648,26.739,51,0.750,0.593,0.157,0.736,240.426,177.778,113,80,47,45,-51.723,109
2023,5,40,Missouri,SEC,4,0,61.610,110.109,21,1.000,0.789,0.211,1.004,265.957,204.348,125,94,47,46,48.317,32
2023,5,41,Texas State,Sun Belt,3,1,59.184,-14.884,69,0.750,0.466,0.284,1.362,285.714,226.531,140,111,49,49,-67.882,118
2023,5,42,Iowa,Big Ten,4,1,51.760,21.986,52,0.800,0.598,0.202,0.958,179.032,127.273,111,84,62,66,-18.938,86
2023,5,43,Georgia State,Sun Belt,3,1,50.303,-12.180,66,0.750,0.467,0.283,1.356,245.652,195.349,113,84,46,43,-49.871,108
2023,5,44,App State,Sun Belt,2,2,41.489,42.904,47,0.500,0.584,-0.084,-0.451,291.489,250.000,137,130,47,52,-2.941,71
2023,5,45,Toledo,Mid-American,3,1,39.469,-114.011,114,0.750,0.221,0.529,2.570,266.000,226.531,133,111,50,49,-138.680,132
2023,5,46,Clemson,ACC,2,2,36.396,75.174,33,0.500,0.705,-0.205,-1.052,203.704,167.308,110,87,54,52,62.323,19
2023,5,47,Louisiana,Sun Belt,2,2,36.000,-43.274,85,0.500,0.395,0.105,0.478,300.000,264.000,141,132,47,50,-66.904,115
2023,5,48,Jacksonville State,Conference USA,3,1,35.305,-126.673,118,0.750,0.167,0.583,2.838,171.154,135.849,89,72,52,53,-158.366,133
2023,5,49,BYU,Big 12,3,1,31.529,-26.482,77,0.750,0.428,0.322,1.550,223.529,192.000,114,96,51,50,-41.760,104
2023,5,50,UNLV,Mountain West,3,1,31.373,1.177,59,0.750,0.503,0.247,1.179,266.667,235.294,136,120,51,51,-22.879,91
2023,5,51,Minnesota,Big Ten,3,2,30.769,3.456,57,0.600,0.510,0.090,0.408,230.769,200.000,120,108,52,54,-42.909,105
2023,5,52,SMU,American Athletic,2,2,27.273,43.072,46,0.500,0.622,-0.122,-0.640,227.273,200.000,100,92,44,46,16.405,54
2023,5,53,James Madison,Sun Belt,4,0,26.893,-10.737,63,1.000,0.467,0.533,2.590,213.333,186.441,128,110,60,59,-37.798,102
2023,5,54,Utah,Pac-12,3,1,26.531,81.352,29,0.750,0.803,-0.053,-0.299,132.653,106.122,65,52,49,49,55.026,24
2023,5,55,Arizona,Pac-12,2,2,18.182,-12.413,67,0.500,0.463,0.037,0.143,227.273,209.091,100,92,44,44,-31.548,99
2023,5,56,Miami (OH),Mid-American,3,1,14.761,-46.797,86,0.750,0.345,0.405,1.961,208.511,193.750,98,93,47,48,-68.610,119
2023,5,57,Texas Tech,Big 12,1,3,13.102,92.859,26,0.250,0.693,-0.443,-2.223,255.102,242.000,125,121,49,50,60.785,21
2023,5,58,California,Pac-12,2,2,8.473,-50.926,89,0.500,0.350,0.150,0.703,225.455,216.981,124,115,55,53,-20.909,88
2023,5,59,Virginia Tech,ACC,2,3,7.596,21.345,53,0.400,0.576,-0.176,-0.905,193.750,186.154,124,121,64,65,11.712,59
2023,5,60,Kansas,Big 12,3,1,7.143,45.980,45,0.750,0.597,0.153,0.718,278.571,271.429,117,114,42,42,31.560,45
2023,5,61,LSU,SEC,2,2,6.818,56.235,39,0.500,0.612,-0.112,-0.592,336.364,329.545,148,145,44,44,40.666,38
2023,5,61,Wake Forest,ACC,2,1,2.564,3.889,63,0.667,0.517,0.150,0.594,202.564,200.000,79,74,39,37,-5.164,74
2023,5,62,Purdue,Big Ten,2,3,2.670,52.271,42,0.400,0.614,-0.214,-1.096,241.379,238.710,140,148,58,62,49.885,29
2023,5,64,Florida,SEC,2,2,-5.051,63.515,35,0.500,0.711,-0.211,-1.079,172.727,177.778,76,80,44,45,66.962,15
2023,5,65,Arkansas,SEC,1,3,-10.591,-16.161,70,0.250,0.456,-0.206,-1.054,238.298,248.889,112,112,47,45,-20.136,87
2023,5,66,South Florida,American Athletic,2,2,-11.792,39.034,48,0.500,0.609,-0.109,-0.575,213.208,225.000,113,117,53,52,45.689,33
2023,5,67,Army,FBS Independents,1,2,-20.588,-25.381,76,0.333,0.451,-0.118,-0.488,200.000,220.588,66,75,33,34,-8.866,77
2023,5,67,West Virginia,Big 12,3,1,-15.000,55.119,40,0.750,0.725,0.025,0.082,158.333,173.333,76,78,48,45,85.529,7
2023,5,68,South Alabama,Sun Belt,1,3,-16.449,-65.074,93,0.250,0.324,-0.074,-0.402,206.000,222.449,103,109,50,49,-51.755,110
2023,5,69,Troy,Sun Belt,2,2,-18.070,54.670,41,0.500,0.700,-0.200,-1.023,167.347,185.417,82,89,49,48,60.287,22
2023,5,71,Colorado,Pac-12,3,2,-23.238,77.192,31,0.600,0.684,-0.084,-0.451,255.224,278.462,171,181,67,65,99.551,3
2023,5,72,Florida International,Conference USA,2,2,-24.663,-128.678,116,0.500,0.118,0.382,1.531,178.846,203.509,93,116,52,57,-106.192,120
2023,5,72,NC State,ACC,2,2,-24.661,8.767,56,0.500,0.531,-0.031,-0.191,157.692,182.353,82,93,52,51,20.468,52
2023,5,74,Wyoming,Mountain West,3,1,-28.793,21.249,54,0.750,0.575,0.175,0.826,208.163,236.957,102,109,49,46,60.986,20
2023,5,75,Western Kentucky,Conference USA,2,2,-30.116,99.728,24,0.500,0.754,-0.254,-1.294,203.846,233.962,106,124,52,53,84.816,8
2023,5,76,Houston,Big 12,2,3,-32.306,-54.665,91,0.400,0.367,0.033,0.125,224.590,256.897,137,149,61,58,-8.089,76
2023,5,77,Old Dominion,Sun Belt,1,3,-34.906,-39.243,83,0.250,0.407,-0.157,-0.816,215.094,250.000,114,135,53,54,0.182,67
2023,5,78,Vanderbilt,SEC,1,4,-36.001,0.178,60,0.200,0.500,-0.300,-1.521,243.103,279.104,141,187,58,67,19.070,53
2023,5,79,Louisiana Tech,Conference USA,2,3,-37.931,-130.956,119,0.400,0.178,0.222,1.057,191.379,229.310,111,133,58,58,-94.015,124
2023,5,79,Oklahoma State,Big 12,1,2,-44.474,-110.085,111,0.333,0.172,0.161,0.638,160.526,205.000,61,82,38,40,-64.459,109
2023,5,81,Nebraska,Big Ten,2,3,-47.588,-22.520,74,0.400,0.420,-0.020,-0.138,164.912,212.500,94,119,57,56,20.746,51
2023,5,81,New Mexico State,Conference USA,1,3,-48.780,-172.334,122,0.250,0.108,0.142,0.561,221.951,270.732,91,111,41,41,-129.609,128
2023,5,82,Colorado State,Mountain West,1,2,-52.158,22.439,51,0.333,0.569,-0.236,-0.965,230.769,282.927,90,116,39,41,70.861,28
2023,5,84,Cincinnati,Big 12,1,3,-52.660,-49.702,88,0.250,0.358,-0.108,-0.572,175.000,227.660,84,107,48,47,4.086,64
2023,5,85,Coastal Carolina,Sun Belt,1,3,-55.362,-79.338,105,0.250,0.297,-0.047,-0.270,191.304,246.667,88,111,46,45,-22.801,90
2023,5,86,Boston College,ACC,1,3,-56.633,-61.850,92,0.250,0.358,-0.108,-0.571,225.000,281.633,108,138,48,49,-4.362,74
2023,5,87,Northern Illinois,Mid-American,1,3,-57.451,-123.369,117,0.250,0.161,0.089,0.402,170.000,227.451,85,116,50,51,-66.936,116
2023,5,88,Utah State,Mountain West,1,3,-60.269,-65.895,94,0.250,0.344,-0.094,-0.503,205.769,266.038,107,141,52,53,0.873,66
2023,5,89,Rice,American Athletic,2,2,-63.265,-22.744,75,0.500,0.444,0.056,0.238,216.327,279.592,106,137,49,49,40.513,39
2023,5,90,Georgia Tech,ACC,1,3,-69.022,-30.815,78,0.250,0.432,-0.182,-0.935,237.500,306.522,114,141,48,46,42.510,36
2023,5,91,Northwestern,Big Ten,2,3,-70.965,-24.273,76,0.400,0.433,-0.033,-0.203,181.667,252.632,109,144,60,57,54.763,25
2023,5,92,Iowa State,Big 12,1,3,-74.917,-67.155,95,0.250,0.331,-0.081,-0.437,148.000,222.917,74,107,50,48,15.406,55
2023,5,93,South Carolina,SEC,1,3,-75.266,-33.276,80,0.250,0.404,-0.154,-0.797,187.234,262.500,88,126,47,48,41.237,37
2023,5,94,Illinois,Big Ten,2,3,-77.951,-48.681,87,0.400,0.350,0.050,0.207,177.049,255.000,108,153,61,60,21.946,50
2023,5,95,UTSA,American Athletic,1,3,-81.155,-33.565,81,0.250,0.358,-0.108,-0.447,157.143,238.298,77,112,49,47,31.037,47
2023,5,96,Boise State,Mountain West,1,3,-81.250,-18.418,73,0.250,0.446,-0.196,-1.007,210.417,291.667,101,140,48,48,37.616,43
2023,5,97,Michigan State,Big Ten,1,3,-82.353,-10.995,64,0.250,0.450,-0.200,-1.025,123.529,205.882,63,105,51,51,67.851,14
2023,5,98,Central Michigan,Mid-American,2,2,-86.869,-99.832,109,0.500,0.290,0.210,0.999,190.909,277.778,84,125,44,45,-24.322,94
2023,5,99,Indiana,Big Ten,1,3,-91.448,-2.534,61,0.250,0.492,-0.242,-1.232,134.043,225.490,63,115,47,51,100.560,2
2023,5,100,Akron,Mid-American,0,4,-93.109,-101.335,111,0.000,0.149,-0.149,-0.774,117.308,210.417,61,101,52,48,-7.145,75
2023,5,101,Eastern Michigan,Mid-American,1,3,-95.606,-207.827,131,0.250,0.007,0.243,1.161,106.667,202.273,48,89,45,44,-101.771,128
2023,5,102,Buffalo,Mid-American,1,3,-97.619,-78.804,104,0.250,0.290,-0.040,-0.234,166.667,264.286,95,148,57,56,13.212,58
2023,5,103,Pittsburgh,ACC,0,4,-97.829,-71.495,100,0.000,0.314,-0.314,-1.589,153.191,251.020,72,123,47,49,27.529,47
2023,5,104,Massachusetts,FBS Independents,1,5,-98.468,-184.035,128,0.167,0.159,0.008,-0.001,214.865,313.333,159,235,74,75,-104.924,129
2023,5,104,North Texas,American Athletic,1,2,-116.630,-133.097,106,0.333,0.266,0.068,0.199,227.273,343.902,100,141,44,41,-53.340,97
2023,5,105,Mississippi State,SEC,1,3,-112.951,-69.121,98,0.250,0.329,-0.079,-0.429,195.745,308.696,92,142,47,46,49.521,30
2023,5,106,UConn,FBS Independents,0,5,-113.697,-105.698,112,0.000,0.213,-0.213,-1.091,137.097,250.794,85,158,62,63,-1.886,70
2023,5,107,Baylor,Big 12,1,3,-114.312,-17.343,72,0.250,0.454,-0.204,-1.047,179.167,293.478,86,135,48,46,79.140,11
2023,5,108,UL Monroe,Sun Belt,1,2,-115.078,-38.221,82,0.333,0.314,0.020,0.058,157.895,272.973,60,101,38,37,44.246,34
2023,5,109,Arizona State,Pac-12,0,4,-116.000,-100.466,110,0.000,0.196,-0.196,-1.004,128.000,244.000,64,122,50,50,13.316,56
2023,5,109,Florida Atlantic,American Athletic,0,3,-120.513,-86.923,106,0.000,0.249,-0.249,-1.016,105.128,225.641,41,88,39,39,13.163,58
2023,5,111,Sam Houston,Conference USA,0,4,-117.798,-147.155,121,0.000,0.016,-0.016,-0.118,74.510,192.308,38,100,51,52,-27.469,97
2023,5,112,Virginia,ACC,0,5,-118.424,-74.895,102,0.000,0.284,-0.284,-1.440,159.701,278.125,107,178,67,64,37.669,42
2023,5,114,Bowling Green,Mid-American,1,3,-123.535,-34.569,81,0.250,0.401,-0.151,-0.782,153.061,276.596,75,130,49,47,74.945,12
2023,5,115,New Mexico,Mountain West,1,3,-130.066,-147.649,122,0.250,0.178,0.072,0.317,207.143,337.209,87,145,42,43,-49.227,107
2023,5,116,San Diego State,Mountain West,1,4,-134.903,-74.329,101,0.200,0.311,-0.111,-0.586,145.455,280.357,80,157,55,56,51.034,28
2023,5,117,Charlotte,American Athletic,0,4,-135.339,-69.117,97,0.000,0.313,-0.313,-1.581,158.140,293.478,68,135,43,46,64.805,16
2023,5,118,Tulsa,American Athletic,2,2,-137.111,-69.363,99,0.500,0.322,0.178,0.841,194.000,331.111,97,149,50,45,26.671,48
2023,5,119,Western Michigan,Mid-American,1,3,-138.994,-166.822,125,0.250,0.161,0.089,0.403,166.667,305.660,90,162,54,53,-59.101,112
2023,5,120,East Carolina,American Athletic,0,4,-145.257,-78.145,103,0.000,0.239,-0.239,-1.220,127.083,272.340,61,128,48,47,83.616,10
2023,5,121,UTEP,Conference USA,0,5,-146.189,-199.145,129,0.000,0.050,-0.050,-0.284,121.053,267.241,69,155,57,58,-58.628,111
2023,5,122,Stanford,Pac-12,1,3,-151.869,-42.363,84,0.250,0.366,-0.116,-0.613,165.909,317.778,73,143,44,45,49.372,31
2023,5,123,Temple,American Athletic,1,3,-155.830,-115.503,115,0.250,0.212,0.038,0.149,136.170,292.000,64,146,47,50,25.042,49
2023,5,124,UAB,American Athletic,0,4,-162.500,-153.024,123,0.000,0.201,-0.201,-1.033,200.000,362.500,100,174,50,48,8.783,61
2023,5,125,Arkansas State,Sun Belt,2,2,-170.466,-82.556,107,0.500,0.279,0.221,1.053,194.118,364.583,99,175,51,48,-27.151,96
2023,5,126,Navy,American Athletic,0,3,-171.660,-81.766,106,0.000,0.284,-0.284,-1.440,154.054,325.714,57,114,37,35,90.578,6
2023,5,127,Middle Tennessee,Conference USA,0,4,-174.468,-17.343,71,0.000,0.446,-0.446,-2.241,125.532,300.000,59,141,47,47,108.304,1
2023,5,128,Nevada,Mountain West,0,4,-176.902,-54.425,90,0.000,0.313,-0.313,-1.581,154.348,331.250,71,159,46,48,64.619,17
2023,5,129,Southern Miss,Sun Belt,0,4,-180.392,-131.782,120,0.000,0.184,-0.184,-0.944,174.510,354.902,89,181,51,51,8.564,62
2023,5,130,Hawai'i,Mountain West,1,4,-203.119,-169.957,126,0.200,0.154,0.046,0.187,172.881,376.000,102,188,59,50,5.033,63
2023,5,130,San José State,Mountain West,0,4,-268.775,-244.267,132,0.000,0.100,-0.100,-0.417,174.468,443.243,82,164,47,37,35.818,43
2023,5,131,Ball State,Mid-American,0,4,-264.583,-206.197,130,0.000,0.043,-0.043,-0.252,91.667,356.250,44,171,48,48,13.277,57
2023,5,133,Kent State,Mid-American,0,4,-313.953,-231.439,133,0.000,0.021,-0.021,-0.140,58.140,372.093,25,160,43,43,0.065,68
2023,6,1,Michigan,Big Ten,6,0,322.715,269.680,1,1.000,0.963,0.037,0.184,386.207,63.492,224,40,58,63,-19.927,95
2023,6,2,Oregon,Pac-12,4,0,303.247,221.437,4,1.000,0.960,0.040,0.157,421.429,118.182,177,52,42,44,-10.567,77
2023,6,3,Oklahoma,Big 12,6,0,272.074,192.869,6,1.000,0.920,0.080,0.426,387.143,115.068,271,84,70,73,19.219,49
2023,6,6,Ohio State,Big Ten,4,0,239.716,244.986,2,1.000,0.985,0.015,0.058,333.333,93.617,140,44,42,47,74.368,4
2023,6,6,Washington,Pac-12,5,0,247.577,184.437,10,1.000,0.843,0.157,0.736,403.509,155.932,230,92,57,59,-32.423,101
2023,6,7,Air Force,Mountain West,4,0,244.595,97.943,25,1.000,0.724,0.276,1.323,394.595,150.000,146,54,37,36,-125.807,131
2023,6,7,USC,Pac-12,6,0,225.090,143.715,13,1.000,0.771,0.229,1.277,420.270,195.181,311,162,74,83,-46.670,114
2023,6,8,Georgia,SEC,5,0,223.521,149.105,10,1.000,0.862,0.138,0.761,343.860,120.339,196,71,57,59,-28.886,101
2023,6,10,Texas,Big 12,5,1,182.071,234.667,3,0.833,0.950,-0.117,-0.697,318.182,136.111,210,98,66,72,59.023,17
2023,6,11,Florida State,ACC,5,0,174.839,134.339,18,1.000,0.812,0.188,1.048,359.322,184.483,212,107,59,58,3.837,69
2023,6,11,Penn State,Big Ten,4,0,206.250,216.177,5,1.000,0.924,0.076,0.334,291.667,85.417,140,41,48,48,1.038,65
2023,6,12,Miami,ACC,3,1,159.574,139.854,17,0.750,0.886,-0.136,-0.808,300.000,140.426,147,66,49,47,-4.032,76
2023,6,15,North Carolina,ACC,5,0,145.874,141.190,16,1.000,0.828,0.172,0.956,315.517,169.643,183,95,58,56,5.554,68
2023,6,16,Fresno State,Mountain West,4,1,141.233,53.271,38,0.800,0.641,0.159,0.877,283.051,141.818,167,78,59,55,-53.375,117
2023,6,17,Alabama,SEC,5,1,133.333,152.388,9,0.833,0.923,-0.089,-0.539,259.722,126.389,187,91,72,72,46.978,26
2023,6,18,Duke,ACC,3,1,153.191,173.198,11,0.750,0.929,-0.179,-0.924,257.447,104.255,121,49,47,47,32.952,44
2023,6,18,Liberty,Conference USA,5,0,133.300,25.235,48,1.000,0.564,0.436,2.466,278.462,145.161,181,90,65,62,-100.670,128
2023,6,19,Texas A&M,SEC,4,2,122.560,112.245,22,0.667,0.764,-0.098,-0.586,287.838,165.278,213,119,74,72,18.861,50
2023,6,20,Maryland,Big Ten,4,1,121.350,145.375,11,0.800,0.805,-0.005,-0.058,291.525,170.175,172,97,59,57,17.529,54
2023,6,20,Tennessee,SEC,3,1,152.203,87.353,27,0.750,0.718,0.032,0.118,290.385,138.182,151,76,52,55,-28.158,98
2023,6,21,Kentucky,SEC,4,1,119.436,89.183,28,0.800,0.710,0.090,0.483,309.091,189.655,170,110,55,58,-43.284,113
2023,6,22,Ohio,Mid-American,4,1,111.164,10.405,62,0.800,0.536,0.264,1.480,218.182,107.018,120,61,55,57,-92.341,126
2023,6,23,Oregon State,Pac-12,4,1,106.954,92.311,26,0.800,0.717,0.083,0.445,308.772,201.818,176,111,57,55,-16.477,91
2023,6,24,Wisconsin,Big Ten,4,1,105.456,142.296,14,0.800,0.869,-0.069,-0.425,249.206,143.750,157,92,63,64,36.451,33
2023,6,25,Notre Dame,FBS Independents,4,2,97.645,141.562,15,0.667,0.851,-0.184,-1.083,254.167,156.522,183,108,72,69,46.999,25
2023,6,26,Louisville,ACC,5,0,97.320,124.695,21,1.000,0.816,0.184,1.023,265.574,168.254,162,106,61,63,26.245,39
2023,6,27,Ole Miss,SEC,4,1,78.506,144.274,12,0.800,0.812,-0.012,-0.099,305.172,226.667,177,136,58,60,69.186,5
2023,6,30,Kansas,Big 12,4,1,72.808,95.385,25,0.800,0.689,0.111,0.607,329.412,256.604,168,136,51,53,12.738,58
2023,6,31,South Alabama,Sun Belt,2,3,70.000,17.226,55,0.400,0.546,-0.146,-0.863,263.333,193.333,158,116,60,60,-29.392,102
2023,6,32,UCLA,Pac-12,3,1,67.857,92.252,27,0.750,0.842,-0.092,-0.553,167.857,100.000,94,54,56,54,19.463,47
2023,6,33,Kansas State,Big 12,2,2,66.039,56.874,36,0.500,0.640,-0.140,-0.829,268.000,201.961,134,103,50,51,-11.235,86
2023,6,34,Georgia Southern,Sun Belt,3,1,76.923,-11.697,65,0.750,0.468,0.282,1.353,271.154,194.231,141,101,52,52,-73.144,120
2023,6,35,Memphis,American Athletic,3,1,76.831,46.095,44,0.750,0.629,0.121,0.558,259.184,182.353,127,93,49,51,-18.158,85
2023,6,36,Miami (OH),Mid-American,4,1,61.201,12.281,60,0.800,0.541,0.259,1.454,227.273,166.071,125,93,55,56,-72.669,122
2023,6,37,Toledo,Mid-American,4,1,60.246,-76.679,106,0.800,0.303,0.497,2.811,285.246,225.000,174,135,61,60,-127.324,133
2023,6,38,Auburn,SEC,2,2,63.149,10.551,55,0.500,0.542,-0.042,-0.248,219.149,156.000,103,78,47,50,-12.613,79
2023,6,38,Washington State,Pac-12,3,1,56.604,128.304,19,0.750,0.783,-0.033,-0.219,256.604,200.000,136,106,53,53,67.906,7
2023,6,39,Texas Tech,Big 12,2,3,53.579,103.277,23,0.400,0.729,-0.329,-1.908,264.516,210.938,164,135,62,64,37.618,32
2023,6,39,Tulane,American Athletic,3,1,62.648,26.739,51,0.750,0.593,0.157,0.736,240.426,177.778,113,80,47,45,-51.723,109
2023,6,41,Jacksonville State,Conference USA,4,1,49.762,-77.487,107,0.800,0.276,0.524,2.964,191.429,141.667,134,102,70,72,-121.262,132
2023,6,42,Iowa,Big Ten,5,1,47.630,51.428,39,0.833,0.717,0.116,0.634,170.130,122.500,131,98,77,80,11.769,60
2023,6,43,Georgia State,Sun Belt,3,1,50.303,-12.180,66,0.750,0.467,0.283,1.356,245.652,195.349,113,84,46,43,-49.871,108
2023,6,43,Rutgers,Big Ten,3,2,46.490,61.104,34,0.600,0.705,-0.105,-0.631,198.276,151.786,115,85,58,56,48.795,24
2023,6,44,App State,Sun Belt,2,2,41.489,42.904,47,0.500,0.584,-0.084,-0.451,291.489,250.000,137,130,47,52,-2.941,71
2023,6,44,Texas State,Sun Belt,3,2,46.469,-20.090,79,0.600,0.454,0.146,0.804,288.136,241.667,170,145,59,60,-60.670,119
2023,6,46,Clemson,ACC,3,2,40.697,63.595,33,0.600,0.686,-0.086,-0.520,195.385,154.688,127,99,65,64,42.404,29
2023,6,47,Florida,SEC,3,2,39.416,68.851,32,0.600,0.719,-0.119,-0.709,207.273,167.857,114,94,55,56,27.972,38
2023,6,48,Troy,Sun Belt,3,2,39.150,41.302,43,0.600,0.650,-0.050,-0.317,195.082,155.932,119,92,61,59,-0.417,73
2023,6,49,BYU,Big 12,3,1,31.529,-26.482,77,0.750,0.428,0.322,1.550,223.529,192.000,114,96,51,50,-41.760,104
2023,6,49,Marshall,Sun Belt,3,1,38.710,13.280,57,0.750,0.537,0.213,1.186,220.968,182.258,137,113,62,62,-32.190,103
2023,6,50,TCU,Big 12,2,3,37.758,58.432,35,0.400,0.659,-0.259,-1.509,240.984,203.226,147,126,61,62,17.120,55
2023,6,50,UNLV,Mountain West,3,1,31.373,1.177,59,0.750,0.503,0.247,1.179,266.667,235.294,136,120,51,51,-22.879,91
2023,6,51,Louisiana,Sun Belt,3,2,31.724,-13.424,73,0.600,0.469,0.131,0.722,301.724,270.000,175,162,58,60,-34.146,105
2023,6,52,SMU,American Athletic,2,2,27.273,43.072,46,0.500,0.622,-0.122,-0.640,227.273,200.000,100,92,44,46,16.405,54
2023,6,53,James Madison,Sun Belt,4,0,26.893,-10.737,63,1.000,0.467,0.533,2.590,213.333,186.441,128,110,60,59,-37.798,102
2023,6,54,LSU,SEC,3,2,28.979,88.833,29,0.600,0.668,-0.068,-0.415,351.786,322.807,197,184,56,57,54.711,18
2023,6,54,Utah,Pac-12,3,1,26.531,81.352,29,0.750,0.803,-0.053,-0.299,132.653,106.122,65,52,49,49,55.026,24
2023,6,57,Missouri,SEC,4,1,26.782,22.379,51,0.800,0.562,0.238,1.331,273.333,246.552,164,143,60,58,-5.388,80
2023,6,59,Northern Illinois,Mid-American,2,3,22.222,-66.465,97,0.400,0.319,0.081,0.431,222.222,200.000,140,130,63,65,-65.934,120
2023,6,60,Syracuse,ACC,3,2,21.481,5.824,64,0.600,0.521,0.079,0.424,218.033,196.552,133,114,61,58,-0.497,74
2023,6,61,Arizona,Pac-12,2,3,10.345,25.378,47,0.400,0.573,-0.173,-1.019,243.103,232.759,141,135,58,58,12.928,57
2023,6,62,UCF,Big 12,2,3,0.877,-96.891,110,0.400,0.276,0.124,0.679,284.211,283.333,162,153,57,54,-41.761,111
2023,6,63,New Mexico State,Conference USA,2,3,-1.188,-122.791,118,0.400,0.187,0.213,1.188,235.849,237.037,125,128,53,54,-119.124,131
2023,6,64,Purdue,Big Ten,2,4,-4.293,32.267,46,0.333,0.579,-0.246,-1.434,213.889,218.182,154,168,72,77,35.834,34
2023,6,65,California,Pac-12,2,3,-8.438,-18.156,76,0.400,0.455,-0.055,-0.345,248.485,256.923,164,167,66,65,19.797,46
2023,6,66,NC State,ACC,3,2,-11.104,21.743,53,0.600,0.572,0.028,0.133,183.099,194.203,130,134,71,69,26.134,40
2023,6,67,Wake Forest,ACC,2,2,-11.152,-16.122,75,0.500,0.438,0.062,0.324,178.431,189.583,91,91,51,48,-9.275,84
2023,6,67,West Virginia,Big 12,3,1,-15.000,55.119,40,0.750,0.725,0.025,0.082,158.333,173.333,76,78,48,45,85.529,7
2023,6,68,Wyoming,Mountain West,4,1,-11.330,43.315,41,0.800,0.638,0.162,0.896,217.241,228.571,126,128,58,56,59.771,14
2023,6,69,Colorado,Pac-12,4,2,-12.188,37.816,45,0.667,0.591,0.076,0.404,250.633,262.821,198,205,79,78,49.718,22
2023,6,70,Western Kentucky,Conference USA,3,2,-13.082,24.525,49,0.600,0.570,0.030,0.142,210.448,223.529,141,152,67,68,3.262,70
2023,6,72,Arkansas,SEC,1,4,-16.273,20.295,54,0.200,0.561,-0.361,-2.091,227.586,243.860,132,139,58,57,25.751,41
2023,6,73,Utah State,Mountain West,2,3,-16.874,-18.518,77,0.400,0.452,-0.052,-0.328,218.841,235.714,151,165,69,70,11.367,61
2023,6,74,Oklahoma State,Big 12,2,2,-17.869,-11.730,70,0.500,0.461,0.039,0.193,176.471,194.340,90,103,51,53,7.104,64
2023,6,75,Virginia Tech,ACC,2,4,-19.792,2.065,65,0.333,0.507,-0.173,-1.020,188.000,207.792,141,160,75,77,22.446,44
2023,6,76,Army,FBS Independents,1,3,-22.516,-70.845,101,0.250,0.332,-0.082,-0.496,209.302,231.818,90,102,43,44,-50.959,116
2023,6,76,Houston,Big 12,2,3,-32.306,-54.665,91,0.400,0.367,0.033,0.125,224.590,256.897,137,149,61,58,-8.089,76
2023,6,77,Nebraska,Big Ten,3,3,-24.731,-2.690,66,0.500,0.489,0.011,0.031,160.563,185.294,114,126,71,68,19.279,48
2023,6,78,Old Dominion,Sun Belt,2,3,-29.712,-53.589,88,0.400,0.357,0.043,0.219,201.538,231.250,131,148,65,64,-24.382,98
2023,6,80,Buffalo,Mid-American,2,3,-39.216,-51.944,86,0.400,0.344,0.056,0.293,194.118,233.333,132,161,68,69,-25.604,99
2023,6,81,Louisiana Tech,Conference USA,2,4,-39.726,-108.390,116,0.333,0.229,0.105,0.570,190.411,230.137,139,168,73,73,-69.828,121
2023,6,82,South Florida,American Athletic,2,3,-40.562,-55.963,90,0.400,0.352,0.048,0.244,217.647,258.209,148,173,68,67,-22.639,96
2023,6,83,Iowa State,Big 12,2,3,-41.349,12.437,59,0.400,0.537,-0.137,-0.814,160.317,201.667,101,121,63,60,60.281,13
2023,6,84,Boston College,ACC,2,3,-41.818,-27.597,80,0.400,0.431,-0.031,-0.204,232.759,274.576,135,162,58,59,12.394,59
2023,6,84,Cincinnati,Big 12,1,3,-52.660,-49.702,88,0.250,0.358,-0.108,-0.572,175.000,227.660,84,107,48,47,4.086,64
2023,6,85,Coastal Carolina,Sun Belt,1,3,-55.362,-79.338,105,0.250,0.297,-0.047,-0.270,191.304,246.667,88,111,46,45,-22.801,90
2023,6,85,UTSA,American Athletic,2,3,-44.232,-73.286,103,0.400,0.275,0.125,0.685,203.226,247.458,126,146,62,59,-40.322,110
2023,6,86,Georgia Tech,ACC,2,3,-44.548,9.507,63,0.400,0.522,-0.122,-0.726,228.333,272.881,137,161,60,59,60.603,12
2023,6,87,Minnesota,Big Ten,3,3,-46.875,22.909,50,0.500,0.564,-0.064,-0.397,203.125,250.000,130,160,64,64,33.716,35
2023,6,88,Florida International,Conference USA,2,3,-48.161,-140.691,121,0.400,0.105,0.295,1.655,169.231,217.391,110,150,65,69,-92.190,125
2023,6,89,Boise State,Mountain West,2,3,-50.820,-69.747,99,0.400,0.302,0.098,0.529,222.951,273.770,136,167,61,61,-37.228,107
2023,6,90,Eastern Michigan,Mid-American,2,3,-51.429,-172.558,128,0.400,0.035,0.365,2.056,128.571,180.000,72,99,56,55,-113.168,130
2023,6,91,Northwestern,Big Ten,2,3,-70.965,-24.273,76,0.400,0.433,-0.033,-0.203,181.667,252.632,109,144,60,57,54.763,25
2023,6,93,Rice,American Athletic,2,3,-57.668,-71.861,102,0.400,0.330,0.070,0.369,224.590,282.258,137,175,61,62,-14.460,88
2023,6,93,South Carolina,SEC,1,3,-75.266,-33.276,80,0.250,0.404,-0.154,-0.797,187.234,262.500,88,126,47,48,41.237,37
2023,6,94,Mississippi State,SEC,2,3,-62.712,-47.730,83,0.400,0.379,0.021,0.089,225.424,288.136,133,170,59,59,21.927,45
2023,6,95,Vanderbilt,SEC,1,5,-63.824,-56.613,91,0.167,0.371,-0.204,-1.197,224.638,288.462,155,225,69,78,-4.506,78
2023,6,97,Colorado State,Mountain West,1,3,-72.291,-55.233,89,0.250,0.349,-0.099,-0.595,203.571,275.862,114,160,56,58,10.495,63
2023,6,97,Michigan State,Big Ten,1,3,-82.353,-10.995,64,0.250,0.450,-0.200,-1.025,123.529,205.882,63,105,51,51,67.851,14
2023,6,99,Illinois,Big Ten,2,4,-76.250,-39.877,81,0.333,0.377,-0.044,-0.278,157.534,233.784,115,173,73,74,33.066,37
2023,6,99,Indiana,Big Ten,1,3,-91.448,-2.534,61,0.250,0.492,-0.242,-1.232,134.043,225.490,63,115,47,51,100.560,2
2023,6,101,Florida Atlantic,American Athletic,1,3,-86.275,-76.299,105,0.250,0.251,-0.001,-0.035,119.608,205.882,61,105,51,51,-7.485,82
2023,6,102,UConn,FBS Independents,1,5,-88.000,-89.114,108,0.167,0.256,-0.089,-0.541,164.000,252.000,123,189,75,75,-8.266,83
2023,6,103,Pittsburgh,ACC,0,4,-97.829,-71.495,100,0.000,0.314,-0.314,-1.589,153.191,251.020,72,123,47,49,27.529,47
2023,6,104,North Texas,American Athletic,1,3,-91.527,-165.890,125,0.250,0.170,0.080,0.427,225.455,316.981,124,168,55,53,-104.367,129
2023,6,105,UAB,American Athletic,1,4,-91.746,-68.016,98,0.200,0.355,-0.155,-0.914,240.000,331.746,156,209,65,63,33.429,36
2023,6,107,Arizona State,Pac-12,0,5,-100.640,-58.119,93,0.000,0.290,-0.290,-1.689,139.683,240.323,88,149,63,62,40.983,31
2023,6,108,Sam Houston,Conference USA,0,5,-103.348,-98.234,111,0.000,0.081,-0.081,-0.491,85.714,189.062,54,121,63,64,5.847,66
2023,6,109,Massachusetts,FBS Independents,1,6,-105.636,-168.659,126,0.143,0.180,-0.037,-0.242,215.294,320.930,183,276,85,86,-78.772,124
2023,6,110,Tulsa,American Athletic,2,3,-112.620,-64.061,96,0.400,0.316,0.084,0.451,183.871,296.491,114,169,62,57,17.766,53
2023,6,112,Central Michigan,Mid-American,2,3,-119.110,-123.482,119,0.400,0.236,0.164,0.911,170.175,289.286,97,162,57,56,-15.802,89
2023,6,112,Virginia,ACC,0,5,-118.424,-74.895,102,0.000,0.284,-0.284,-1.440,159.701,278.125,107,178,67,64,37.669,42
2023,6,113,Navy,American Athletic,1,3,-128.571,-150.229,123,0.250,0.131,0.119,0.650,171.429,300.000,84,138,49,46,-22.675,97
2023,6,115,Baylor,Big 12,1,4,-133.625,-57.955,92,0.200,0.338,-0.138,-0.816,161.290,294.915,100,174,62,59,59.231,15
2023,6,115,New Mexico,Mountain West,1,3,-130.066,-147.649,122,0.250,0.178,0.072,0.317,207.143,337.209,87,145,42,43,-49.227,107
2023,6,116,San Diego State,Mountain West,1,4,-134.903,-74.329,101,0.200,0.311,-0.111,-0.586,145.455,280.357,80,157,55,56,51.034,28
2023,6,117,Charlotte,American Athletic,0,4,-135.339,-69.117,97,0.000,0.313,-0.313,-1.581,158.140,293.478,68,135,43,46,64.805,16
2023,6,118,Western Michigan,Mid-American,1,4,-136.188,-168.689,127,0.200,0.150,0.050,0.259,176.119,312.308,118,203,67,65,-57.256,118
2023,6,119,Akron,Mid-American,0,5,-142.101,-158.642,124,0.000,0.063,-0.063,-0.390,113.636,255.738,75,156,66,61,-38.675,109
2023,6,120,East Carolina,American Athletic,0,4,-145.257,-78.145,103,0.000,0.239,-0.239,-1.220,127.083,272.340,61,128,48,47,83.616,10
2023,6,120,Temple,American Athletic,1,4,-143.422,-150.160,122,0.200,0.191,0.009,0.023,166.102,309.524,98,195,59,63,-19.006,93
2023,6,121,UTEP,Conference USA,0,5,-146.189,-199.145,129,0.000,0.050,-0.050,-0.284,121.053,267.241,69,155,57,58,-58.628,111
2023,6,122,Stanford,Pac-12,1,3,-151.869,-42.363,84,0.250,0.366,-0.116,-0.613,165.909,317.778,73,143,44,45,49.372,31
2023,6,123,Southern Miss,Sun Belt,0,5,-147.073,-107.709,115,0.000,0.206,-0.206,-1.207,167.213,314.286,102,198,61,63,6.902,65
2023,6,124,Middle Tennessee,Conference USA,0,5,-151.305,-105.624,114,0.000,0.214,-0.214,-1.252,134.848,286.154,89,186,66,65,13.314,56
2023,6,126,Bowling Green,Mid-American,1,4,-153.876,-89.689,109,0.200,0.245,-0.045,-0.284,131.579,285.455,75,157,57,55,65.421,9
2023,6,128,Arkansas State,Sun Belt,2,3,-188.817,-101.058,113,0.400,0.231,0.169,0.940,164.516,353.333,102,212,62,60,-10.522,85
2023,6,128,Nevada,Mountain West,0,4,-176.902,-54.425,90,0.000,0.313,-0.313,-1.581,154.348,331.250,71,159,46,48,64.619,17
2023,6,129,UL Monroe,Sun Belt,1,3,-195.180,-108.777,117,0.250,0.133,0.117,0.641,136.735,331.915,67,156,49,47,24.665,42
2023,6,130,Hawai'i,Mountain West,1,4,-203.119,-169.957,126,0.200,0.154,0.046,0.187,172.881,376.000,102,188,59,50,5.033,63
2023,6,131,San José State,Mountain West,0,5,-216.333,-192.930,131,0.000,0.132,-0.132,-0.783,181.667,398.000,109,199,60,50,43.446,28
2023,6,132,Ball State,Mid-American,0,5,-238.983,-219.121,132,0.000,0.045,-0.045,-0.285,91.525,330.508,54,195,59,59,-18.087,92
2023,6,133,Kent State,Mid-American,0,5,-297.710,-233.362,133,0.000,0.035,-0.035,-0.228,76.364,374.074,42,202,55,54,-0.128,72
2023,7,1,Michigan,Big Ten,7,0,336.486,264.112,1,1.000,0.965,0.035,0.192,400.000,63.514,276,47,69,74,-20.486,96
2023,7,2,Penn State,Big Ten,5,0,282.787,210.111,5,1.000,0.957,0.043,0.238,350.000,67.213,203,41,58,61,-18.001,92
2023,7,3,Oklahoma,Big 12,6,0,272.074,192.869,6,1.000,0.920,0.080,0.426,387.143,115.068,271,84,70,73,19.219,49
2023,7,4,Ohio State,Big Ten,5,0,244.091,243.414,2,1.000,0.991,0.009,0.041,329.091,85.000,181,51,55,60,63.842,8
2023,7,5,Oregon,Pac-12,4,1,233.263,202.261,6,0.800,0.927,-0.127,-0.756,396.226,162.963,210,88,53,54,28.657,44
2023,7,6,Washington,Pac-12,6,0,218.443,216.655,4,1.000,0.882,0.118,0.678,397.015,178.571,266,125,67,70,25.938,49
2023,7,7,Georgia,SEC,6,0,215.877,123.940,15,1.000,0.815,0.185,1.071,347.761,131.884,233,91,67,69,-52.719,114
2023,7,8,Air Force,Mountain West,5,0,202.979,119.376,18,1.000,0.745,0.255,1.482,382.979,180.000,180,81,47,45,-67.624,122
2023,7,9,Florida State,ACC,6,0,193.798,158.984,10,1.000,0.869,0.131,0.755,346.575,152.778,253,110,73,72,16.899,57
2023,7,10,Texas,Big 12,5,1,182.071,234.667,3,0.833,0.950,-0.117,-0.697,318.182,136.111,210,98,66,72,59.023,17
2023,7,11,Duke,ACC,4,1,157.627,182.395,8,0.800,0.950,-0.150,-0.889,245.763,88.136,145,52,59,59,35.198,35
2023,7,12,USC,Pac-12,6,1,155.084,123.310,16,0.857,0.748,0.110,0.629,376.136,221.053,331,210,88,95,-3.142,78
2023,7,13,Tennessee,SEC,4,1,140.958,121.170,17,0.800,0.835,-0.035,-0.220,275.806,134.848,171,89,62,66,12.397,63
2023,7,14,Liberty,Conference USA,6,0,137.596,26.736,54,1.000,0.569,0.431,2.512,282.667,145.070,212,103,75,71,-105.777,129
2023,7,15,North Carolina,ACC,6,0,135.493,156.899,11,1.000,0.841,0.159,0.918,315.493,180.000,224,126,71,70,28.209,45
2023,7,16,Notre Dame,FBS Independents,5,2,120.783,179.063,9,0.714,0.895,-0.181,-1.072,275.000,154.217,231,128,84,83,61.274,10
2023,7,17,Fresno State,Mountain West,5,1,119.154,36.967,46,0.833,0.601,0.232,1.348,283.333,164.179,204,110,72,67,-54.896,117
2023,7,18,Alabama,SEC,6,1,117.857,133.153,14,0.857,0.885,-0.028,-0.174,251.190,133.333,211,112,84,84,39.230,30
2023,7,19,Oregon State,Pac-12,5,1,110.272,98.916,22,0.833,0.720,0.114,0.652,311.765,201.493,212,135,68,67,-12.952,88
2023,7,20,Miami,ACC,3,2,104.206,102.039,21,0.600,0.787,-0.187,-1.107,282.540,178.333,178,107,63,60,5.721,71
2023,7,21,Texas A&M,SEC,4,3,96.370,81.393,27,0.571,0.714,-0.142,-0.846,265.882,169.512,226,139,85,82,13.038,62
2023,7,22,Maryland,Big Ten,4,2,96.346,109.712,20,0.667,0.746,-0.079,-0.474,276.056,179.710,196,124,71,69,7.340,70
2023,7,23,Ohio,Mid-American,4,2,81.086,0.807,64,0.667,0.503,0.164,0.946,204.615,123.529,133,84,65,68,-71.633,124
2023,7,25,Kansas State,Big 12,3,2,76.190,114.734,19,0.600,0.764,-0.164,-0.970,273.016,196.825,172,124,63,63,36.785,34
2023,7,26,TCU,Big 12,3,3,75.441,85.084,24,0.500,0.748,-0.248,-1.464,258.108,182.667,191,137,74,75,14.760,60
2023,7,27,Georgia State,Sun Belt,4,1,73.812,29.270,49,0.800,0.571,0.229,1.329,270.175,196.364,154,108,57,55,-35.427,104
2023,7,27,Ole Miss,SEC,4,1,78.506,144.274,12,0.800,0.812,-0.012,-0.099,305.172,226.667,177,136,58,60,69.186,5
2023,7,28,Wisconsin,Big Ten,4,2,73.531,88.803,23,0.667,0.772,-0.105,-0.630,208.974,135.443,163,107,78,79,10.599,64
2023,7,29,Kentucky,SEC,4,2,72.432,56.922,38,0.667,0.641,0.026,0.138,280.882,208.451,191,148,68,71,-31.673,101
2023,7,31,Miami (OH),Mid-American,5,1,69.666,-8.847,70,0.833,0.470,0.363,2.111,237.313,167.647,159,114,67,68,-97.694,128
2023,7,31,South Alabama,Sun Belt,2,3,70.000,17.226,55,0.400,0.546,-0.146,-0.863,263.333,193.333,158,116,60,60,-29.392,102
2023,7,32,LSU,SEC,4,2,68.613,134.738,13,0.667,0.737,-0.071,-0.427,365.672,297.059,245,202,67,68,63.879,7
2023,7,33,Tulane,American Athletic,4,1,66.875,74.752,34,0.800,0.732,0.068,0.384,244.068,177.193,144,101,59,57,-4.684,80
2023,7,34,James Madison,Sun Belt,5,0,62.314,75.856,32,1.000,0.713,0.287,1.667,238.028,175.714,169,123,71,70,3.298,74
2023,7,35,Troy,Sun Belt,4,2,61.263,77.137,31,0.667,0.801,-0.135,-0.801,189.041,127.778,138,92,73,72,15.982,59
2023,7,36,Arizona,Pac-12,3,3,59.938,83.524,25,0.500,0.739,-0.239,-1.409,264.286,204.348,185,141,70,69,35.017,36
2023,7,37,Toledo,Mid-American,5,1,59.032,-71.810,99,0.833,0.302,0.532,3.098,263.380,204.348,187,141,71,69,-124.570,131
2023,7,38,SMU,American Athletic,3,2,57.518,43.326,42,0.600,0.621,-0.021,-0.135,222.034,164.516,131,102,59,62,-6.840,83
2023,7,39,Louisville,ACC,5,1,56.987,83.121,26,0.833,0.727,0.106,0.609,244.000,187.013,183,144,75,77,21.317,54
2023,7,40,Utah,Pac-12,4,1,55.000,81.202,28,0.800,0.832,-0.032,-0.201,165.000,110.000,99,66,60,60,23.777,51
2023,7,41,UNLV,Mountain West,4,1,53.125,12.645,60,0.800,0.532,0.268,1.558,282.812,229.688,181,147,64,64,-34.292,103
2023,7,42,Iowa,Big Ten,6,1,49.222,74.703,35,0.857,0.810,0.047,0.264,158.696,109.474,146,104,92,95,32.138,39
2023,7,43,Memphis,American Athletic,3,2,45.798,16.871,58,0.600,0.545,0.055,0.309,242.623,196.825,148,124,61,63,-17.864,91
2023,7,44,Missouri,SEC,5,1,45.726,75.481,33,0.833,0.708,0.125,0.721,276.712,230.986,202,164,73,71,30.547,41
2023,7,45,Rutgers,Big Ten,4,2,43.111,40.205,45,0.667,0.625,0.042,0.231,205.797,162.687,142,109,69,67,25.403,50
2023,7,46,Clemson,ACC,3,2,40.697,63.595,33,0.600,0.686,-0.086,-0.520,195.385,154.688,127,99,65,64,42.404,29
2023,7,46,Kansas,Big 12,4,2,42.541,65.022,36,0.667,0.633,0.033,0.183,307.692,265.152,200,175,65,66,8.055,67
2023,7,48,Texas State,Sun Belt,4,2,39.847,-38.893,83,0.667,0.406,0.261,1.514,269.014,229.167,191,165,71,72,-74.099,125
2023,7,49,Florida,SEC,4,2,35.755,58.932,37,0.667,0.662,0.004,0.013,231.343,195.588,155,133,67,68,22.089,53
2023,7,50,UCLA,Pac-12,3,2,35.068,52.183,41,0.600,0.684,-0.084,-0.502,173.529,138.462,118,90,68,65,19.406,55
2023,7,51,App State,Sun Belt,2,3,33.250,19.802,57,0.400,0.543,-0.143,-0.849,282.456,249.206,161,157,57,63,-15.784,90
2023,7,51,Louisiana,Sun Belt,3,2,31.724,-13.424,73,0.600,0.469,0.131,0.722,301.724,270.000,175,162,58,60,-34.146,105
2023,7,53,Northern Illinois,Mid-American,3,3,29.604,-40.328,85,0.500,0.388,0.112,0.642,220.270,190.667,163,143,74,75,-53.067,115
2023,7,54,Texas Tech,Big 12,2,4,25.325,80.159,29,0.333,0.704,-0.370,-2.180,250.000,224.675,185,173,74,77,44.995,23
2023,7,55,Jacksonville State,Conference USA,4,2,23.881,-81.740,102,0.667,0.267,0.400,2.329,186.076,162.195,147,133,79,82,-90.627,127
2023,7,56,New Mexico State,Conference USA,3,3,19.855,-112.576,117,0.500,0.218,0.282,1.636,230.303,210.448,152,141,66,67,-127.469,132
2023,7,57,Georgia Southern,Sun Belt,3,2,19.048,-47.678,87,0.600,0.377,0.223,1.295,244.444,225.397,154,142,63,63,-45.926,112
2023,7,58,Marshall,Sun Belt,3,2,6.609,-22.901,74,0.600,0.438,0.162,0.937,217.568,210.959,161,154,74,73,-24.731,98
2023,7,59,Auburn,SEC,2,3,2.063,-2.780,66,0.400,0.489,-0.089,-0.532,208.621,206.557,121,126,58,61,29.597,43
2023,7,61,Oklahoma State,Big 12,3,2,0.070,42.608,43,0.600,0.641,-0.041,-0.251,201.562,201.493,129,135,64,67,43.390,25
2023,7,62,UCF,Big 12,2,3,0.877,-96.891,110,0.400,0.276,0.124,0.679,284.211,283.333,162,153,57,54,-41.761,111
2023,7,62,Virginia Tech,ACC,3,4,-2.247,11.860,61,0.429,0.537,-0.109,-0.649,192.135,194.382,171,173,89,89,14.194,61
2023,7,63,UTSA,American Athletic,3,3,-5.036,-49.763,88,0.500,0.352,0.148,0.854,228.767,233.803,167,166,73,71,-56.637,118
2023,7,64,Florida Atlantic,American Athletic,2,3,-6.076,-29.094,80,0.400,0.399,0.001,-0.009,182.812,188.889,117,119,64,63,-15.324,89
2023,7,65,Iowa State,Big 12,3,3,-7.691,53.128,40,0.500,0.651,-0.151,-0.897,179.452,187.143,131,131,73,70,59.664,12
2023,7,66,Washington State,Pac-12,3,2,-8.894,53.169,39,0.600,0.640,-0.040,-0.245,221.875,230.769,142,150,64,65,50.608,15
2023,7,67,Colorado,Pac-12,4,3,-10.870,28.439,52,0.571,0.565,0.006,0.024,261.957,272.826,241,251,92,92,38.326,31
2023,7,69,Wyoming,Mountain West,4,2,-17.096,27.621,53,0.667,0.582,0.085,0.485,228.358,245.455,153,162,67,66,48.001,19
2023,7,70,Utah State,Mountain West,2,4,-17.448,-1.940,65,0.333,0.495,-0.162,-0.959,225.926,243.373,183,202,81,83,25.956,48
2023,7,70,Western Kentucky,Conference USA,3,2,-13.082,24.525,49,0.600,0.570,0.030,0.142,210.448,223.529,141,152,67,68,3.262,70
2023,7,71,Arkansas,SEC,1,5,-17.660,28.675,51,0.167,0.583,-0.416,-2.448,218.571,236.232,153,163,70,69,37.389,32
2023,7,72,Eastern Michigan,Mid-American,3,3,-18.310,-167.645,128,0.500,0.053,0.447,2.602,140.845,159.155,100,113,71,71,-134.681,133
2023,7,73,West Virginia,Big 12,3,2,-20.833,31.899,47,0.600,0.596,0.004,0.009,191.667,212.500,115,119,60,56,65.772,4
2023,7,74,Houston,Big 12,3,3,-21.349,-39.953,84,0.500,0.411,0.089,0.510,247.222,268.571,178,188,72,70,-9.094,86
2023,7,76,BYU,Big 12,3,2,-26.910,-28.280,78,0.600,0.423,0.177,1.025,195.312,222.222,125,140,64,63,2.575,75
2023,7,77,Nebraska,Big Ten,3,3,-24.731,-2.690,66,0.500,0.489,0.011,0.031,160.563,185.294,114,126,71,68,19.279,48
2023,7,77,North Texas,American Athletic,2,3,-28.314,-111.985,116,0.400,0.254,0.146,0.840,256.061,284.375,169,182,66,64,-113.676,130
2023,7,78,Old Dominion,Sun Belt,2,3,-29.712,-53.589,88,0.400,0.357,0.043,0.219,201.538,231.250,131,148,65,64,-24.382,98
2023,7,79,Wake Forest,ACC,2,3,-30.082,-33.649,81,0.400,0.376,0.024,0.127,165.079,195.161,104,121,63,62,-6.981,84
2023,7,80,California,Pac-12,2,4,-33.305,-24.554,76,0.333,0.440,-0.107,-0.640,231.169,264.474,178,201,77,76,37.376,33
2023,7,81,Syracuse,ACC,3,3,-33.944,6.417,62,0.500,0.524,-0.024,-0.155,181.333,215.278,136,155,75,72,34.483,37
2023,7,82,NC State,ACC,3,3,-34.821,15.184,59,0.500,0.553,-0.053,-0.322,160.241,195.062,133,158,83,81,48.009,18
2023,7,83,Boise State,Mountain West,2,4,-36.603,-50.343,91,0.333,0.354,-0.021,-0.136,227.397,264.000,166,198,73,75,-28.006,99
2023,7,84,Boston College,ACC,2,3,-41.818,-27.597,80,0.400,0.431,-0.031,-0.204,232.759,274.576,135,162,58,59,12.394,59
2023,7,85,Purdue,Big Ten,2,5,-42.810,30.284,48,0.286,0.575,-0.290,-1.707,189.412,232.222,161,209,85,90,64.111,6
2023,7,86,Coastal Carolina,Sun Belt,2,3,-43.700,-49.771,89,0.400,0.355,0.045,0.251,201.754,245.455,115,135,57,55,-5.633,82
2023,7,86,Georgia Tech,ACC,2,3,-44.548,9.507,63,0.400,0.522,-0.122,-0.726,228.333,272.881,137,161,60,59,60.603,12
2023,7,87,Louisiana Tech,Conference USA,2,5,-44.048,-102.114,114,0.286,0.243,0.042,0.236,192.857,236.905,162,199,84,84,-58.671,120
2023,7,87,Minnesota,Big Ten,3,3,-46.875,22.909,50,0.500,0.564,-0.064,-0.397,203.125,250.000,130,160,64,64,33.716,35
2023,7,90,Buffalo,Mid-American,2,4,-48.148,-87.087,106,0.333,0.252,0.081,0.462,180.247,228.395,146,185,81,81,-49.752,113
2023,7,91,Northwestern,Big Ten,2,3,-70.965,-24.273,76,0.400,0.433,-0.033,-0.203,181.667,252.632,109,144,60,57,54.763,25
2023,7,91,Pittsburgh,ACC,1,4,-48.244,-6.541,68,0.200,0.480,-0.280,-1.652,180.328,228.571,110,144,61,63,48.392,17
2023,7,92,Army,FBS Independents,1,4,-55.357,-65.628,95,0.200,0.328,-0.128,-0.762,160.714,216.071,90,121,56,56,-18.052,93
2023,7,93,Rice,American Athletic,2,3,-57.668,-71.861,102,0.400,0.330,0.070,0.369,224.590,282.258,137,175,61,62,-14.460,88
2023,7,94,Florida International,Conference USA,2,4,-59.544,-146.624,123,0.333,0.100,0.234,1.354,158.974,218.519,124,177,78,81,-86.655,126
2023,7,94,Mississippi State,SEC,2,3,-62.712,-47.730,83,0.400,0.379,0.021,0.089,225.424,288.136,133,170,59,59,21.927,45
2023,7,95,Illinois,Big Ten,3,4,-62.011,-13.391,71,0.429,0.459,-0.030,-0.190,167.059,229.070,142,197,85,86,45.560,21
2023,7,97,South Carolina,SEC,1,4,-63.079,24.266,55,0.200,0.562,-0.362,-2.133,215.254,278.333,127,167,59,60,87.210,2
2023,7,98,Colorado State,Mountain West,2,3,-64.286,-70.388,98,0.400,0.314,0.086,0.493,207.143,271.429,145,190,70,70,-12.092,87
2023,7,100,Navy,American Athletic,2,3,-71.935,-101.992,113,0.400,0.187,0.213,1.235,158.065,230.000,98,138,62,60,-21.487,97
2023,7,101,Michigan State,Big Ten,1,4,-72.581,-3.579,67,0.200,0.487,-0.287,-1.691,140.323,212.903,87,132,62,62,64.952,5
2023,7,102,UConn,FBS Independents,1,5,-88.000,-89.114,108,0.167,0.256,-0.089,-0.541,164.000,252.000,123,189,75,75,-8.266,83
2023,7,102,Vanderbilt,SEC,1,6,-76.208,-50.201,90,0.143,0.384,-0.241,-1.421,221.519,297.727,175,262,79,88,18.748,56
2023,7,103,Cincinnati,Big 12,1,4,-78.282,-41.818,86,0.200,0.378,-0.178,-1.057,162.069,240.351,94,137,58,57,41.212,28
2023,7,104,South Florida,American Athletic,2,4,-83.750,-90.559,109,0.333,0.278,0.055,0.311,202.500,286.250,162,229,80,80,-28.387,100
2023,7,105,Central Michigan,Mid-American,3,3,-86.418,-116.513,119,0.500,0.226,0.274,1.591,162.857,249.275,114,172,70,69,-35.753,105
2023,7,107,Arizona State,Pac-12,0,5,-100.640,-58.119,93,0.000,0.290,-0.290,-1.689,139.683,240.323,88,149,63,62,40.983,31
2023,7,107,San Diego State,Mountain West,2,4,-97.495,-86.486,105,0.333,0.261,0.073,0.413,175.362,272.857,121,191,69,70,9.650,65
2023,7,108,UTEP,Conference USA,1,5,-98.898,-139.212,122,0.167,0.122,0.045,0.250,139.130,238.028,96,169,69,71,-41.665,110
2023,7,110,Sam Houston,Conference USA,0,6,-104.050,-124.090,121,0.000,0.039,-0.039,-0.241,88.158,192.208,67,148,76,77,-19.406,94
2023,7,110,Tulsa,American Athletic,2,3,-112.620,-64.061,96,0.400,0.316,0.084,0.451,183.871,296.491,114,169,62,57,17.766,53
2023,7,111,Bowling Green,Mid-American,2,4,-107.992,-82.544,103,0.333,0.259,0.075,0.424,143.478,251.471,99,171,69,68,31.330,40
2023,7,112,UAB,American Athletic,1,5,-109.266,-123.417,120,0.167,0.243,-0.077,-0.461,228.571,337.838,176,250,77,74,-4.536,79
2023,7,112,Virginia,ACC,0,5,-118.424,-74.895,102,0.000,0.284,-0.284,-1.440,159.701,278.125,107,178,67,64,37.669,42
2023,7,114,Stanford,Pac-12,2,3,-115.517,-18.929,73,0.400,0.444,-0.044,-0.269,205.172,320.690,119,186,58,58,54.899,14
2023,7,115,Baylor,Big 12,1,4,-133.625,-57.955,92,0.200,0.338,-0.138,-0.816,161.290,294.915,100,174,62,59,59.231,15
2023,7,116,Middle Tennessee,Conference USA,1,5,-119.156,-89.782,108,0.167,0.252,-0.085,-0.513,155.844,275.000,120,209,77,76,-2.788,77
2023,7,117,Akron,Mid-American,0,6,-126.189,-177.086,129,0.000,0.032,-0.032,-0.200,107.595,233.784,85,173,79,74,-68.139,123
2023,7,118,Western Michigan,Mid-American,1,5,-131.843,-151.838,124,0.167,0.186,-0.019,-0.123,175.949,307.792,139,237,79,77,-40.921,108
2023,7,119,Charlotte,American Athletic,0,5,-133.244,-100.826,112,0.000,0.195,-0.195,-1.157,119.298,252.542,68,149,57,59,27.850,46
2023,7,121,San José State,Mountain West,1,5,-136.066,-153.228,125,0.167,0.189,-0.023,-0.145,223.611,359.677,161,223,72,62,4.863,72
2023,7,122,East Carolina,American Athletic,0,5,-145.514,-112.945,118,0.000,0.142,-0.142,-0.844,110.938,256.452,71,159,64,62,45.297,22
2023,7,123,Southern Miss,Sun Belt,0,5,-147.073,-107.709,115,0.000,0.206,-0.206,-1.207,167.213,314.286,102,198,61,63,6.902,65
2023,7,124,Indiana,Big Ten,1,4,-148.665,-28.730,79,0.200,0.410,-0.210,-1.241,120.690,269.355,70,167,58,62,104.655,1
2023,7,125,New Mexico,Mountain West,1,4,-152.626,-190.268,130,0.200,0.115,0.085,0.482,205.556,358.182,111,197,54,55,-64.864,121
2023,7,126,UL Monroe,Sun Belt,1,4,-157.377,-100.722,111,0.200,0.162,0.038,0.208,142.623,300.000,87,177,61,59,7.698,68
2023,7,127,Temple,American Athletic,1,5,-164.324,-193.097,131,0.167,0.114,0.053,0.295,160.000,324.324,112,240,70,74,-41.378,109
2023,7,128,Arkansas State,Sun Belt,2,3,-188.817,-101.058,113,0.400,0.231,0.169,0.940,164.516,353.333,102,212,62,60,-10.522,85
2023,7,128,Massachusetts,FBS Independents,1,7,-166.390,-167.531,127,0.125,0.165,-0.040,-0.245,186.735,353.125,183,339,98,96,-53.879,116
2023,7,129,Nevada,Mountain West,0,5,-168.325,-83.118,104,0.000,0.246,-0.246,-1.452,166.102,334.426,98,204,59,61,39.810,29
2023,7,130,Hawai'i,Mountain West,1,5,-171.511,-163.039,126,0.167,0.156,0.011,0.052,186.301,357.812,136,229,73,64,-8.881,85
2023,7,132,Ball State,Mid-American,0,6,-213.214,-221.102,132,0.000,0.024,-0.024,-0.152,88.235,301.449,60,208,68,69,-43.018,111
2023,7,133,Kent State,Mid-American,0,6,-254.460,-244.473,133,0.000,0.027,-0.027,-0.172,78.873,333.333,56,230,71,69,-33.584,102
2023,8,1,Michigan,Big Ten,8,0,351.599,255.375,1,1.000,0.968,0.032,0.156,406.250,54.651,325,47,80,86,-25.466,95
2023,8,2,Oklahoma,Big 12,7,0,228.128,141.261,13,1.000,0.855,0.145,0.815,359.524,131.395,302,113,84,86,-7.346,82
2023,8,3,Penn State,Big Ten,5,1,217.278,198.798,3,0.833,0.955,-0.122,-0.735,298.611,81.333,215,61,72,75,18.230,51
2023,8,5,Oregon,Pac-12,5,1,209.231,174.205,7,0.833,0.887,-0.054,-0.340,381.538,172.308,248,112,65,65,13.121,59
2023,8,6,Ohio State,Big Ten,6,0,206.169,237.791,2,1.000,0.990,0.010,0.026,291.304,85.135,201,63,69,74,78.624,4
2023,8,7,Georgia,SEC,6,0,215.877,123.940,15,1.000,0.815,0.185,1.071,347.761,131.884,233,91,67,69,-52.719,114
2023,8,7,Washington,Pac-12,7,0,199.281,181.584,6,1.000,0.857,0.143,0.800,360.256,160.976,281,132,78,82,6.965,69
2023,8,8,Florida State,ACC,7,0,187.892,182.798,5,1.000,0.886,0.114,0.634,346.429,158.537,291,130,84,82,40.232,30
2023,8,9,Air Force,Mountain West,6,0,180.876,99.889,22,1.000,0.730,0.270,1.538,328.333,147.458,197,87,60,59,-70.597,120
2023,8,10,Texas,Big 12,6,1,161.986,193.279,4,0.857,0.927,-0.070,-0.436,308.974,146.988,241,122,78,83,36.992,33
2023,8,11,LSU,SEC,5,2,141.090,155.995,10,0.714,0.786,-0.072,-0.445,393.590,252.500,307,202,78,80,58.895,10
2023,8,12,USC,Pac-12,6,2,138.629,125.664,16,0.750,0.740,0.010,0.027,366.667,228.037,363,244,99,107,14.071,58
2023,8,13,South Alabama,Sun Belt,3,3,128.228,53.910,41,0.500,0.652,-0.152,-0.913,295.833,167.606,213,119,72,71,-23.449,92
2023,8,14,SMU,American Athletic,4,2,125.972,25.852,49,0.667,0.580,0.086,0.472,261.972,136.000,186,102,71,75,-54.842,114
2023,8,15,Liberty,Conference USA,7,0,121.108,25.580,50,1.000,0.566,0.434,2.487,285.393,164.286,254,138,89,84,-92.398,130
2023,8,16,Notre Dame,FBS Independents,5,2,120.783,179.063,9,0.714,0.895,-0.181,-1.072,275.000,154.217,231,128,84,83,61.274,10
2023,8,17,Fresno State,Mountain West,5,1,119.154,36.967,46,0.833,0.601,0.232,1.348,283.333,164.179,204,110,72,67,-54.896,117
2023,8,17,Kansas State,Big 12,4,2,119.444,172.356,9,0.667,0.872,-0.205,-1.218,295.833,176.389,213,127,72,72,55.546,12
2023,8,19,Alabama,SEC,7,1,117.883,147.312,12,0.875,0.896,-0.021,-0.151,252.577,134.694,245,132,97,98,50.294,20
2023,8,19,Oregon State,Pac-12,5,1,110.272,98.916,22,0.833,0.720,0.114,0.652,311.765,201.493,212,135,68,67,-12.952,88
2023,8,20,Duke,ACC,4,2,110.559,148.962,11,0.667,0.887,-0.220,-1.308,239.130,128.571,165,90,69,70,50.540,19
2023,8,21,Texas A&M,SEC,4,3,96.370,81.393,27,0.571,0.714,-0.142,-0.846,265.882,169.512,226,139,85,82,13.038,62
2023,8,22,Maryland,Big Ten,4,2,96.346,109.712,20,0.667,0.746,-0.079,-0.474,276.056,179.710,196,124,71,69,7.340,70
2023,8,22,North Carolina,ACC,6,1,108.389,116.445,17,0.857,0.777,0.080,0.433,295.294,186.905,251,157,85,84,10.221,62
2023,8,23,Miami,ACC,4,2,97.080,94.101,24,0.667,0.760,-0.093,-0.569,271.053,173.973,206,127,76,73,3.580,74
2023,8,26,Tennessee,SEC,4,2,95.620,114.996,19,0.667,0.817,-0.150,-0.899,251.316,155.696,191,123,76,79,44.132,26
2023,8,28,Memphis,American Athletic,4,2,72.110,38.905,44,0.667,0.602,0.065,0.346,268.056,195.946,193,145,72,74,-26.405,96
2023,8,29,Kentucky,SEC,4,2,72.432,56.922,38,0.667,0.641,0.026,0.138,280.882,208.451,191,148,68,71,-31.673,101
2023,8,29,Ohio,Mid-American,5,2,71.829,-28.009,78,0.714,0.397,0.318,1.813,201.316,129.487,153,101,76,78,-91.788,129
2023,8,30,UCLA,Pac-12,4,2,70.763,74.533,30,0.667,0.756,-0.089,-0.548,195.122,124.359,160,97,82,78,14.527,56
2023,8,31,Ole Miss,SEC,5,1,69.654,133.417,14,0.833,0.797,0.036,0.182,284.722,215.068,205,157,72,73,64.433,8
2023,8,32,Wisconsin,Big Ten,5,2,69.014,78.090,28,0.714,0.742,-0.028,-0.189,211.236,142.222,188,128,89,90,5.863,72
2023,8,33,Tulane,American Athletic,5,1,68.758,63.644,35,0.833,0.695,0.138,0.774,255.714,186.957,179,129,70,69,-16.695,89
2023,8,34,James Madison,Sun Belt,6,0,63.317,75.791,29,1.000,0.733,0.267,1.522,222.353,159.036,189,132,85,83,3.055,76
2023,8,35,Missouri,SEC,6,1,63.013,109.089,21,0.857,0.791,0.066,0.356,277.647,214.634,236,176,85,82,45.682,24
2023,8,35,Troy,Sun Belt,4,2,61.263,77.137,31,0.667,0.801,-0.135,-0.801,189.041,127.778,138,92,73,72,15.982,59
2023,8,36,Arizona,Pac-12,3,3,59.938,83.524,25,0.500,0.739,-0.239,-1.409,264.286,204.348,185,141,70,69,35.017,36
2023,8,36,Georgia State,Sun Belt,5,1,62.780,23.648,52,0.833,0.563,0.270,1.539,252.174,189.394,174,125,69,66,-32.287,100
2023,8,39,Louisville,ACC,5,1,56.987,83.121,26,0.833,0.727,0.106,0.609,244.000,187.013,183,144,75,77,21.317,54
2023,8,39,Rutgers,Big Ten,5,2,57.145,41.796,43,0.714,0.622,0.092,0.506,218.987,161.842,173,123,79,76,7.045,68
2023,8,41,Miami (OH),Mid-American,5,2,56.118,-13.731,70,0.714,0.451,0.264,1.500,222.785,166.667,176,135,79,81,-87.047,127
2023,8,42,Toledo,Mid-American,6,1,52.557,-45.370,90,0.857,0.367,0.490,2.812,247.619,195.062,208,158,84,81,-93.431,131
2023,8,43,Utah,Pac-12,5,1,46.694,97.164,23,0.833,0.862,-0.028,-0.194,184.722,138.028,133,98,72,71,50.573,18
2023,8,44,UNLV,Mountain West,5,1,44.386,-8.940,66,0.833,0.477,0.356,2.036,271.053,226.667,206,170,76,75,-47.928,111
2023,8,46,Kansas,Big 12,4,2,42.541,65.022,36,0.667,0.633,0.033,0.183,307.692,265.152,200,175,65,66,8.055,67
2023,8,46,New Mexico State,Conference USA,4,3,42.105,-85.089,106,0.571,0.264,0.307,1.752,236.842,194.737,180,148,76,76,-126.743,133
2023,8,47,Iowa,Big Ten,6,2,41.715,57.792,39,0.750,0.765,-0.015,-0.118,147.170,105.455,156,116,106,110,21.620,46
2023,8,48,Texas State,Sun Belt,4,2,39.847,-38.893,83,0.667,0.406,0.261,1.514,269.014,229.167,191,165,71,72,-74.099,125
2023,8,49,Florida,SEC,4,2,35.755,58.932,37,0.667,0.662,0.004,0.013,231.343,195.588,155,133,67,68,22.089,53
2023,8,50,Northern Illinois,Mid-American,4,3,34.328,-55.589,95,0.571,0.347,0.224,1.272,217.857,183.529,183,156,84,85,-76.508,123
2023,8,51,Georgia Southern,Sun Belt,4,2,27.500,-42.223,87,0.667,0.390,0.277,1.576,240.000,212.500,192,170,80,80,-50.567,113
2023,8,52,Louisiana,Sun Belt,3,3,25.483,-25.756,77,0.500,0.436,0.064,0.344,278.261,252.778,192,182,69,72,-41.004,108
2023,8,53,UTSA,American Athletic,4,3,23.998,-23.024,75,0.571,0.433,0.139,0.776,236.047,212.048,203,176,86,83,-56.571,116
2023,8,54,Jacksonville State,Conference USA,5,2,23.627,-61.975,100,0.714,0.303,0.411,2.357,181.522,157.895,167,150,92,95,-72.889,122
2023,8,55,Clemson,ACC,3,3,23.526,61.723,36,0.500,0.689,-0.189,-1.124,188.462,164.935,147,127,78,77,54.321,15
2023,8,56,TCU,Big 12,3,4,21.830,51.022,42,0.429,0.659,-0.230,-1.364,233.735,211.905,194,178,83,84,35.189,35
2023,8,57,Oklahoma State,Big 12,4,2,18.281,70.092,33,0.667,0.700,-0.033,-0.223,226.923,208.642,177,169,78,81,54.077,16
2023,8,58,App State,Sun Belt,2,4,18.217,-10.180,68,0.333,0.477,-0.143,-0.862,271.642,253.425,182,185,67,73,-28.168,97
2023,8,59,Texas Tech,Big 12,2,5,4.017,55.921,40,0.286,0.655,-0.369,-2.170,228.736,224.719,199,200,87,89,42.538,27
2023,8,60,UCF,Big 12,2,4,2.269,-35.517,85,0.333,0.410,-0.077,-0.474,272.857,270.588,191,184,70,68,10.149,64
2023,8,62,BYU,Big 12,4,2,-2.632,-0.173,64,0.667,0.499,0.167,0.941,200.000,202.632,152,154,76,76,5.988,71
2023,8,62,Virginia Tech,ACC,3,4,-2.247,11.860,61,0.429,0.537,-0.109,-0.649,192.135,194.382,171,173,89,89,14.194,61
2023,8,63,Marshall,Sun Belt,3,3,-4.598,-16.026,73,0.500,0.453,0.047,0.242,195.402,200.000,170,174,87,87,-5.280,80
2023,8,64,Auburn,SEC,2,4,-5.333,24.617,51,0.333,0.599,-0.266,-1.571,200.000,205.333,142,154,71,75,58.008,11
2023,8,65,Iowa State,Big 12,3,3,-7.691,53.128,40,0.500,0.651,-0.151,-0.897,179.452,187.143,131,131,73,70,59.664,12
2023,8,66,Rice,American Athletic,3,3,-8.108,-51.797,94,0.500,0.370,0.130,0.723,241.892,250.000,179,185,74,74,-38.792,106
2023,8,67,Boston College,ACC,3,3,-9.802,5.186,61,0.500,0.513,-0.013,-0.105,247.143,256.944,173,185,70,72,15.221,55
2023,8,67,Colorado,Pac-12,4,3,-10.870,28.439,52,0.571,0.565,0.006,0.024,261.957,272.826,241,251,92,92,38.326,31
2023,8,68,Nebraska,Big Ten,4,3,-10.714,4.249,63,0.571,0.518,0.053,0.279,155.952,166.667,131,135,84,81,14.288,57
2023,8,69,Wyoming,Mountain West,4,2,-17.096,27.621,53,0.667,0.582,0.085,0.485,228.358,245.455,153,162,67,66,48.001,19
2023,8,70,Western Kentucky,Conference USA,3,3,-14.846,14.232,57,0.500,0.543,-0.043,-0.279,197.500,212.346,158,172,80,81,0.359,78
2023,8,71,Old Dominion,Sun Belt,3,3,-16.378,-41.920,86,0.500,0.383,0.117,0.648,212.000,228.378,159,169,75,74,-29.248,98
2023,8,73,Wake Forest,ACC,3,3,-17.105,-28.296,79,0.500,0.396,0.104,0.573,164.474,181.579,125,138,76,76,-12.757,87
2023,8,74,Coastal Carolina,Sun Belt,3,3,-20.672,-42.630,88,0.500,0.375,0.125,0.696,202.857,223.529,142,152,70,68,-18.669,91
2023,8,75,Arkansas,SEC,1,6,-22.256,27.783,47,0.143,0.589,-0.446,-2.616,190.244,212.500,156,170,82,80,40.772,29
2023,8,76,Buffalo,Mid-American,3,4,-22.340,-95.405,110,0.429,0.215,0.214,1.211,180.851,203.191,170,191,94,94,-83.183,126
2023,8,77,Washington State,Pac-12,3,3,-22.823,61.688,37,0.500,0.659,-0.159,-0.952,221.333,244.156,166,188,75,77,75.968,5
2023,8,78,Houston,Big 12,3,4,-23.700,-15.900,72,0.429,0.462,-0.034,-0.225,243.373,267.073,202,219,83,82,16.287,54
2023,8,79,Eastern Michigan,Mid-American,3,4,-24.691,-154.526,127,0.429,0.066,0.362,2.074,139.506,164.198,113,133,81,81,-116.271,132
2023,8,80,California,Pac-12,2,4,-33.305,-24.554,76,0.333,0.440,-0.107,-0.640,231.169,264.474,178,201,77,76,37.376,33
2023,8,81,Syracuse,ACC,3,3,-33.944,6.417,62,0.500,0.524,-0.024,-0.155,181.333,215.278,136,155,75,72,34.483,37
2023,8,82,NC State,ACC,3,3,-34.821,15.184,59,0.500,0.553,-0.053,-0.322,160.241,195.062,133,158,83,81,48.009,18
2023,8,82,Utah State,Mountain West,2,5,-34.812,-43.469,89,0.286,0.390,-0.105,-0.636,219.355,254.167,204,244,93,96,1.596,77
2023,8,83,Boise State,Mountain West,2,4,-36.603,-50.343,91,0.333,0.354,-0.021,-0.136,227.397,264.000,166,198,73,75,-28.006,99
2023,8,85,North Texas,American Athletic,2,4,-36.769,-89.536,108,0.333,0.303,0.031,0.149,252.564,289.333,197,217,78,75,-76.804,124
2023,8,85,Purdue,Big Ten,2,5,-42.810,30.284,48,0.286,0.575,-0.290,-1.707,189.412,232.222,161,209,85,90,64.111,6
2023,8,86,Florida Atlantic,American Athletic,2,4,-36.842,-76.627,104,0.333,0.254,0.080,0.432,167.105,203.947,127,155,76,76,-32.888,101
2023,8,87,Louisiana Tech,Conference USA,2,5,-44.048,-102.114,114,0.286,0.243,0.042,0.236,192.857,236.905,162,199,84,84,-58.671,120
2023,8,87,West Virginia,Big 12,3,3,-37.220,9.998,59,0.500,0.528,-0.028,-0.190,201.351,238.571,149,167,74,70,54.892,14
2023,8,88,Minnesota,Big Ten,4,3,-38.202,23.371,53,0.571,0.568,0.004,-0.006,179.747,217.949,142,170,79,78,31.409,39
2023,8,90,Mississippi State,SEC,3,3,-43.662,-4.339,65,0.500,0.487,0.013,0.048,200.000,243.662,140,173,70,71,47.269,21
2023,8,92,Florida International,Conference USA,3,4,-44.910,-133.984,123,0.429,0.147,0.282,1.606,174.444,219.355,157,204,90,93,-89.725,128
2023,8,93,Pittsburgh,ACC,1,5,-47.772,-30.579,80,0.167,0.403,-0.237,-1.402,169.333,217.105,127,165,75,76,21.884,45
2023,8,94,Colorado State,Mountain West,2,4,-54.788,-60.586,98,0.333,0.326,0.007,0.013,207.407,262.195,168,215,81,82,-12.131,85
2023,8,95,Illinois,Big Ten,3,5,-59.074,-9.048,67,0.375,0.473,-0.098,-0.595,169.792,228.866,163,222,96,97,47.079,22
2023,8,96,Georgia Tech,ACC,2,4,-61.104,-32.751,82,0.333,0.418,-0.085,-0.520,219.178,280.282,160,199,73,71,33.119,36
2023,8,97,Bowling Green,Mid-American,3,4,-61.338,-80.199,105,0.429,0.282,0.146,0.821,172.840,234.177,140,185,81,79,-13.220,88
2023,8,98,South Florida,American Athletic,3,4,-65.957,-85.481,107,0.429,0.284,0.145,0.812,200.000,265.957,186,250,93,94,-37.136,102
2023,8,99,Cincinnati,Big 12,1,5,-66.667,-58.190,96,0.167,0.341,-0.174,-1.038,178.261,244.928,123,169,69,69,11.507,61
2023,8,100,Northwestern,Big Ten,2,4,-68.356,-33.714,83,0.333,0.405,-0.072,-0.446,161.644,230.000,118,161,73,70,42.406,28
2023,8,101,Navy,American Athletic,2,4,-75.487,-75.497,102,0.333,0.222,0.112,0.619,136.842,212.329,104,155,76,73,6.242,70
2023,8,102,Vanderbilt,SEC,1,6,-76.208,-50.201,90,0.143,0.384,-0.241,-1.421,221.519,297.727,175,262,79,88,18.748,56
2023,8,103,UConn,FBS Independents,1,6,-80.248,-92.783,109,0.143,0.229,-0.087,-0.531,161.798,242.045,144,213,89,88,-18.540,90
2023,8,104,South Carolina,SEC,1,5,-80.595,6.384,60,0.167,0.517,-0.350,-2.060,198.571,279.167,139,201,70,72,87.878,1
2023,8,105,Central Michigan,Mid-American,3,4,-82.278,-138.147,124,0.429,0.190,0.239,1.357,165.823,248.101,131,196,79,79,-61.623,118
2023,8,106,San Diego State,Mountain West,2,5,-90.045,-96.331,112,0.286,0.218,0.067,0.362,153.165,243.210,121,197,79,81,-6.136,81
2023,8,107,San José State,Mountain West,2,5,-90.906,-104.367,116,0.286,0.266,0.019,0.084,238.824,329.730,203,244,85,74,9.986,65
2023,8,108,Virginia,ACC,1,5,-92.450,-16.537,74,0.167,0.451,-0.284,-1.678,170.370,262.821,138,205,81,78,72.504,6
2023,8,109,Sam Houston,Conference USA,0,7,-96.553,-121.393,120,0.000,0.092,-0.092,-0.561,106.818,203.371,94,181,88,89,-24.522,94
2023,8,110,Arizona State,Pac-12,0,6,-97.991,-25.044,76,0.000,0.383,-0.383,-2.249,126.667,224.658,95,164,75,73,70.546,7
2023,8,111,New Mexico,Mountain West,2,4,-100.000,-147.200,125,0.333,0.178,0.155,0.872,235.385,335.385,153,218,65,65,-71.333,121
2023,8,112,Charlotte,American Athletic,1,5,-105.238,-99.199,113,0.167,0.197,-0.030,-0.204,111.429,216.667,78,156,70,72,4.185,73
2023,8,113,Middle Tennessee,Conference USA,1,6,-106.667,-68.742,101,0.143,0.312,-0.169,-1.011,172.222,278.889,155,251,90,90,10.220,63
2023,8,114,UTEP,Conference USA,1,6,-111.159,-162.742,128,0.143,0.084,0.059,0.310,132.051,243.210,103,197,78,81,-50.242,112
2023,8,115,Baylor,Big 12,2,4,-111.622,-60.195,97,0.333,0.343,-0.010,-0.085,178.378,290.000,132,203,74,70,36.955,34
2023,8,116,Western Michigan,Mid-American,1,6,-116.765,-127.979,122,0.143,0.223,-0.080,-0.493,175.281,292.045,156,257,89,88,-31.219,99
2023,8,117,UAB,American Athletic,1,6,-123.195,-124.792,121,0.143,0.240,-0.097,-0.593,223.864,347.059,197,295,88,85,8.275,66
2023,8,118,East Carolina,American Athletic,0,6,-124.035,-118.377,119,0.000,0.125,-0.125,-0.754,101.299,225.333,78,169,77,75,17.338,53
2023,8,119,Michigan State,Big Ten,1,5,-130.378,-14.756,71,0.167,0.443,-0.276,-1.632,117.568,247.945,87,181,74,73,84.778,3
2023,8,120,Tulsa,American Athletic,2,4,-133.861,-113.488,118,0.333,0.195,0.138,0.774,167.568,301.429,124,211,74,70,-10.470,84
2023,8,121,UL Monroe,Sun Belt,1,5,-135.459,-100.000,114,0.167,0.180,-0.014,-0.108,147.436,282.895,115,215,78,76,0.154,79
2023,8,122,Nevada,Mountain West,1,5,-138.753,-75.735,103,0.167,0.226,-0.060,-0.375,148.571,287.324,104,204,70,71,17.614,52
2023,8,123,Akron,Mid-American,0,7,-138.837,-203.600,132,0.000,0.025,-0.025,-0.174,110.000,248.837,99,214,90,86,-79.589,125
2023,8,124,Stanford,Pac-12,2,4,-139.202,-48.177,91,0.333,0.352,-0.019,-0.139,177.465,316.667,126,228,71,72,46.038,23
2023,8,125,Army,FBS Independents,1,5,-140.781,-61.101,99,0.167,0.306,-0.139,-0.836,132.353,273.134,90,183,68,67,20.970,48
2023,8,126,Indiana,Big Ten,1,5,-149.627,-50.872,93,0.167,0.346,-0.179,-1.068,125.373,275.000,84,198,67,72,86.022,2
2023,8,128,Arkansas State,Sun Belt,2,4,-168.731,-95.818,111,0.333,0.235,0.098,0.539,158.667,327.397,119,239,75,73,-7.551,83
2023,8,128,Massachusetts,FBS Independents,1,7,-166.390,-167.531,127,0.125,0.165,-0.040,-0.245,186.735,353.125,183,339,98,96,-53.879,116
2023,8,129,Hawai'i,Mountain West,1,6,-172.177,-194.022,130,0.143,0.118,0.025,0.117,189.157,361.333,157,271,83,75,-37.341,103
2023,8,130,Ball State,Mid-American,1,6,-180.769,-189.862,129,0.143,0.046,0.097,0.534,107.692,288.462,84,225,78,78,-44.521,109
2023,8,131,Southern Miss,Sun Belt,0,6,-191.500,-112.071,117,0.000,0.182,-0.182,-1.082,145.833,337.333,105,253,72,75,21.948,44
2023,8,132,Temple,American Athletic,1,6,-208.083,-201.650,131,0.143,0.079,0.064,0.342,134.940,343.023,112,295,83,86,-38.271,105
2023,8,133,Kent State,Mid-American,0,7,-235.947,-238.253,133,0.000,0.027,-0.027,-0.183,73.810,309.756,62,254,84,82,-37.710,104
2023,9,1,Michigan,Big Ten,8,0,351.599,255.375,1,1.000,0.968,0.032,0.156,406.250,54.651,325,47,80,86,-25.466,95
2023,9,2,Oregon,Pac-12,6,1,219.122,197.885,3,0.857,0.914,-0.057,-0.349,372.368,153.247,283,118,76,77,22.800,47
2023,9,3,Georgia,SEC,7,0,210.617,144.927,12,1.000,0.844,0.156,0.924,349.367,138.750,276,111,79,80,-31.711,98
2023,9,4,Ohio State,Big Ten,7,0,192.894,227.104,2,1.000,0.988,0.012,0.063,277.778,84.884,225,73,81,86,74.008,4
2023,9,5,Penn State,Big Ten,6,1,190.671,178.181,6,0.857,0.927,-0.070,-0.425,288.372,97.701,248,85,86,87,18.306,53
2023,9,6,Oklahoma,Big 12,7,1,187.755,123.506,14,0.875,0.826,0.049,0.287,341.837,154.082,335,151,98,98,3.594,68
2023,9,7,Florida State,ACC,8,0,186.692,165.723,9,1.000,0.861,0.139,0.824,338.776,152.083,332,146,98,96,18.656,52
2023,9,8,Washington,Pac-12,8,0,179.212,177.503,7,1.000,0.850,0.150,0.888,351.087,171.875,323,165,92,96,16.676,59
2023,9,9,SMU,American Athletic,5,2,179.127,29.273,49,0.714,0.593,0.122,0.721,303.571,124.444,255,112,84,90,-72.128,122
2023,9,10,Texas,Big 12,7,1,176.779,194.989,4,0.875,0.926,-0.051,-0.311,310.112,133.333,276,128,89,96,25.370,45
2023,9,11,Air Force,Mountain West,7,0,174.791,95.266,22,1.000,0.725,0.275,1.636,319.718,144.928,227,100,71,69,-71.254,120
2023,9,11,LSU,SEC,5,2,141.090,155.995,10,0.714,0.786,-0.072,-0.445,393.590,252.500,307,202,78,80,58.895,10
2023,9,12,Notre Dame,FBS Independents,6,2,160.417,176.188,8,0.750,0.896,-0.146,-0.880,301.042,140.625,289,135,96,96,43.395,24
2023,9,13,Kansas State,Big 12,5,2,154.834,180.207,5,0.714,0.906,-0.191,-1.153,306.024,151.190,254,127,83,84,43.721,23
2023,9,15,Liberty,Conference USA,8,0,118.340,39.021,42,1.000,0.596,0.404,2.408,296.000,177.660,296,167,100,94,-75.687,127
2023,9,17,USC,Pac-12,7,2,114.780,119.522,16,0.778,0.735,0.043,0.250,352.991,238.211,413,293,117,123,23.492,46
2023,9,18,Fresno State,Mountain West,6,1,103.636,28.596,50,0.857,0.580,0.277,1.651,273.256,169.620,235,134,86,79,-53.204,114
2023,9,19,Alabama,SEC,7,1,117.883,147.312,12,0.875,0.896,-0.021,-0.151,252.577,134.694,245,132,97,98,50.294,20
2023,9,19,Texas A&M,SEC,5,3,97.960,90.280,24,0.625,0.751,-0.126,-0.765,263.918,165.957,256,156,97,94,16.927,57
2023,9,20,South Alabama,Sun Belt,3,4,94.248,23.504,54,0.429,0.570,-0.142,-0.856,277.381,183.133,233,152,84,83,-27.327,95
2023,9,21,Oregon State,Pac-12,5,2,93.336,111.378,18,0.714,0.740,-0.025,-0.159,306.494,213.158,236,162,77,76,20.253,50
2023,9,22,North Carolina,ACC,6,2,92.784,92.594,23,0.750,0.721,0.029,0.168,302.062,209.278,293,203,97,97,0.129,75
2023,9,23,Tennessee,SEC,5,2,91.926,108.901,19,0.714,0.792,-0.078,-0.473,260.465,168.539,224,150,86,89,39.589,26
2023,9,24,Ole Miss,SEC,6,1,90.392,140.540,13,0.857,0.832,0.025,0.141,283.333,192.941,238,164,84,85,50.458,16
2023,9,25,Miami,ACC,5,2,89.138,82.570,30,0.714,0.732,-0.018,-0.114,267.045,177.907,235,153,88,86,-0.972,76
2023,9,26,Maryland,Big Ten,4,3,77.211,85.053,27,0.571,0.701,-0.129,-0.782,268.675,191.463,223,157,83,82,1.427,72
2023,9,27,UCLA,Pac-12,5,2,75.824,88.487,25,0.714,0.813,-0.098,-0.596,200.000,124.176,188,113,94,91,21.302,48
2023,9,28,Louisville,ACC,6,1,74.018,119.835,15,0.857,0.822,0.035,0.204,239.535,165.517,206,144,86,87,36.990,34
2023,9,29,Troy,Sun Belt,5,2,73.824,76.447,31,0.714,0.777,-0.062,-0.381,198.824,125.000,169,105,85,84,2.601,69
2023,9,30,Duke,ACC,4,3,69.355,112.527,17,0.571,0.832,-0.261,-1.569,208.861,139.506,165,113,79,81,58.036,11
2023,9,31,Memphis,American Athletic,5,2,65.057,30.275,47,0.714,0.579,0.136,0.804,280.000,214.943,238,187,85,87,-29.001,96
2023,9,32,Miami (OH),Mid-American,6,2,64.008,2.182,62,0.750,0.507,0.243,1.444,226.374,162.366,206,151,91,93,-76.553,129
2023,9,34,Tulane,American Athletic,6,1,62.516,48.370,40,0.857,0.643,0.214,1.271,261.250,198.734,209,157,80,79,-23.349,94
2023,9,35,James Madison,Sun Belt,7,0,59.552,59.189,34,1.000,0.683,0.317,1.891,223.469,163.918,219,159,98,97,-8.572,83
2023,9,35,Missouri,SEC,6,1,63.013,109.089,21,0.857,0.791,0.066,0.356,277.647,214.634,236,176,85,82,45.682,24
2023,9,37,Arizona,Pac-12,4,3,56.816,85.907,26,0.571,0.747,-0.176,-1.058,268.354,211.538,212,165,79,78,39.567,27
2023,9,38,Kentucky,SEC,4,3,56.030,61.477,33,0.571,0.649,-0.077,-0.470,279.487,223.457,218,181,78,81,-5.890,81
2023,9,39,Rutgers,Big Ten,5,2,57.145,41.796,43,0.714,0.622,0.092,0.506,218.987,161.842,173,123,79,76,7.045,68
2023,9,40,Oklahoma State,Big 12,5,2,51.721,82.682,29,0.714,0.734,-0.020,-0.129,241.304,189.583,222,182,92,96,39.499,28
2023,9,41,Kansas,Big 12,5,2,49.091,99.156,21,0.714,0.699,0.016,0.085,309.091,260.000,238,208,77,80,38.762,32
2023,9,42,Toledo,Mid-American,6,1,52.557,-45.370,90,0.857,0.367,0.490,2.812,247.619,195.062,208,158,84,81,-93.431,131
2023,9,42,Wisconsin,Big Ten,5,3,47.020,83.693,28,0.625,0.758,-0.133,-0.805,196.040,149.020,198,152,101,102,35.077,38
2023,9,43,Ohio,Mid-American,5,3,46.490,-34.464,87,0.625,0.379,0.246,1.463,192.045,145.556,169,131,88,90,-75.688,128
2023,9,44,Jacksonville State,Conference USA,6,2,45.317,-42.169,91,0.750,0.359,0.391,2.332,196.226,150.909,208,166,106,110,-74.993,125
2023,9,45,Georgia Southern,Sun Belt,5,2,44.189,-13.080,73,0.714,0.466,0.249,1.480,253.763,209.574,236,197,93,94,-41.033,108
2023,9,47,Iowa,Big Ten,6,2,41.715,57.792,39,0.750,0.765,-0.015,-0.118,147.170,105.455,156,116,106,110,21.620,46
2023,9,47,New Mexico State,Conference USA,5,3,37.931,-82.597,107,0.625,0.269,0.356,2.125,237.931,200.000,207,172,87,86,-119.727,133
2023,9,48,Louisiana,Sun Belt,4,3,37.302,-3.787,65,0.571,0.490,0.081,0.477,277.778,240.476,225,202,81,84,-32.333,99
2023,9,49,UNLV,Mountain West,5,2,35.521,-3.591,64,0.714,0.491,0.224,1.330,261.364,225.843,230,201,88,89,-33.948,101
2023,9,50,Northern Illinois,Mid-American,4,3,34.328,-55.589,95,0.571,0.347,0.224,1.272,217.857,183.529,183,156,84,85,-76.508,123
2023,9,51,App State,Sun Belt,3,4,30.542,-18.571,77,0.429,0.458,-0.030,-0.186,283.951,253.409,230,223,81,88,-46.778,110
2023,9,52,UTSA,American Athletic,5,3,30.126,-32.667,84,0.625,0.410,0.215,1.277,241.584,211.458,244,203,101,96,-70.226,119
2023,9,53,Georgia State,Sun Belt,5,2,28.245,-5.547,68,0.714,0.485,0.229,1.362,242.169,213.924,201,169,83,79,-32.690,100
2023,9,54,Virginia Tech,ACC,4,4,25.743,32.715,46,0.500,0.600,-0.100,-0.607,206.931,181.188,209,183,101,101,5.590,67
2023,9,56,Coastal Carolina,Sun Belt,4,3,19.572,-4.804,66,0.571,0.485,0.086,0.507,214.634,195.062,176,158,82,81,-18.148,90
2023,9,56,TCU,Big 12,3,4,21.830,51.022,42,0.429,0.659,-0.230,-1.364,233.735,211.905,194,178,83,84,35.189,35
2023,9,57,Texas State,Sun Belt,4,3,12.450,-38.924,88,0.571,0.405,0.167,0.989,245.783,233.333,204,196,83,84,-47.672,111
2023,9,58,Auburn,SEC,3,4,11.912,45.917,41,0.429,0.667,-0.239,-1.435,206.098,194.186,169,167,82,86,56.357,12
2023,9,59,Clemson,ACC,3,4,10.483,33.388,45,0.429,0.607,-0.178,-1.073,178.261,167.778,164,151,92,90,36.070,36
2023,9,59,Texas Tech,Big 12,2,5,4.017,55.921,40,0.286,0.655,-0.369,-2.170,228.736,224.719,199,200,87,89,42.538,27
2023,9,60,Nebraska,Big Ten,5,3,8.464,27.528,51,0.625,0.615,0.010,0.049,165.306,156.842,162,149,98,95,21.133,49
2023,9,61,Iowa State,Big 12,4,3,5.502,25.907,52,0.571,0.580,-0.008,-0.057,187.209,181.707,161,149,86,82,19.971,51
2023,9,62,Florida,SEC,4,3,4.359,34.085,44,0.571,0.596,-0.024,-0.153,224.359,220.000,175,176,78,80,27.721,44
2023,9,64,Utah,Pac-12,5,2,3.281,74.498,32,0.714,0.783,-0.069,-0.419,165.476,162.195,139,133,84,82,71.576,7
2023,9,65,Boise State,Mountain West,3,4,0.082,2.834,61,0.429,0.508,-0.080,-0.485,235.714,235.632,198,205,84,87,-11.245,84
2023,9,66,Boston College,ACC,4,3,-0.109,4.180,60,0.571,0.511,0.061,0.356,245.570,245.679,194,199,79,81,1.670,71
2023,9,67,Florida Atlantic,American Athletic,3,4,-6.897,-64.203,99,0.429,0.301,0.128,0.757,189.655,196.552,165,171,87,87,-55.283,115
2023,9,68,Rice,American Athletic,3,4,-9.524,-44.148,92,0.429,0.394,0.034,0.199,246.429,255.952,207,215,84,84,-30.143,97
2023,9,69,UCF,Big 12,2,5,-14.440,-39.249,89,0.286,0.406,-0.121,-0.729,270.370,284.810,219,225,81,79,16.777,58
2023,9,70,Minnesota,Big Ten,5,3,-16.304,36.677,43,0.625,0.606,0.019,0.105,183.696,200.000,169,182,92,91,29.288,41
2023,9,71,West Virginia,Big 12,4,3,-17.211,17.260,56,0.571,0.546,0.025,0.143,223.529,240.741,190,195,85,81,38.858,31
2023,9,72,Old Dominion,Sun Belt,3,4,-19.747,-34.018,86,0.429,0.405,0.023,0.132,208.989,228.736,186,199,89,87,-17.740,88
2023,9,73,NC State,ACC,4,3,-20.669,20.301,55,0.571,0.569,0.003,0.007,163.542,184.211,157,175,96,95,39.411,29
2023,9,75,Arkansas,SEC,1,6,-22.256,27.783,47,0.143,0.589,-0.446,-2.616,190.244,212.500,156,170,82,80,40.772,29
2023,9,76,Buffalo,Mid-American,3,4,-22.340,-95.405,110,0.429,0.215,0.214,1.211,180.851,203.191,170,191,94,94,-83.183,126
2023,9,76,California,Pac-12,2,5,-22.935,16.112,57,0.286,0.541,-0.256,-1.538,244.086,267.021,227,251,93,94,65.128,9
2023,9,77,Colorado,Pac-12,4,4,-23.507,29.355,48,0.500,0.569,-0.069,-0.420,244.762,268.269,257,279,105,104,51.789,14
2023,9,78,Western Kentucky,Conference USA,3,4,-24.831,7.136,58,0.429,0.520,-0.091,-0.555,207.778,232.609,187,214,90,92,8.362,66
2023,9,79,Washington State,Pac-12,3,4,-30.008,50.104,39,0.429,0.618,-0.189,-1.141,229.762,259.770,193,226,84,87,73.773,5
2023,9,80,Marshall,Sun Belt,3,4,-34.101,-51.097,94,0.429,0.348,0.081,0.474,176.000,210.101,176,208,100,99,-8.003,82
2023,9,82,North Texas,American Athletic,2,5,-35.090,-74.398,104,0.286,0.338,-0.053,-0.322,262.637,297.727,239,262,91,88,-60.188,117
2023,9,82,Utah State,Mountain West,2,5,-34.812,-43.469,89,0.286,0.390,-0.105,-0.636,219.355,254.167,204,244,93,96,1.596,77
2023,9,83,BYU,Big 12,4,3,-39.713,-10.792,71,0.571,0.466,0.105,0.623,177.528,217.241,158,189,89,87,32.051,39
2023,9,84,Louisiana Tech,Conference USA,2,6,-40.022,-94.170,112,0.250,0.256,-0.006,-0.046,197.872,237.895,186,226,94,95,-55.476,116
2023,9,85,Wake Forest,ACC,3,4,-42.222,-23.687,81,0.429,0.414,0.015,0.081,156.667,198.889,141,179,90,90,15.142,62
2023,9,86,San José State,Mountain West,3,5,-42.560,-81.321,106,0.375,0.299,0.076,0.449,247.917,290.476,238,244,96,84,-13.080,85
2023,9,87,Eastern Michigan,Mid-American,3,5,-46.316,-163.637,128,0.375,0.064,0.311,1.852,141.053,187.368,134,178,95,95,-108.735,132
2023,9,88,Wyoming,Mountain West,4,3,-49.416,-21.488,79,0.571,0.436,0.136,0.805,202.532,251.948,160,194,79,77,29.206,42
2023,9,89,Georgia Tech,ACC,3,4,-50.827,-6.437,69,0.429,0.485,-0.056,-0.344,239.535,290.361,206,241,86,83,49.474,18
2023,9,90,Northwestern,Big Ten,3,4,-53.687,-11.805,72,0.429,0.466,-0.037,-0.230,175.581,229.268,151,188,86,82,49.320,19
2023,9,91,Purdue,Big Ten,2,6,-54.002,5.821,59,0.250,0.515,-0.265,-1.593,176.768,230.769,175,240,99,104,50.598,15
2023,9,92,Mississippi State,SEC,3,4,-55.014,-14.878,74,0.429,0.456,-0.027,-0.170,188.889,243.902,153,200,81,82,47.540,22
2023,9,95,Illinois,Big Ten,3,5,-59.074,-9.048,67,0.375,0.473,-0.098,-0.595,169.792,228.866,163,222,96,97,47.079,22
2023,9,95,Syracuse,ACC,3,4,-61.946,-40.741,90,0.429,0.358,0.070,0.412,167.816,229.762,146,193,87,84,16.649,60
2023,9,96,Florida International,Conference USA,3,5,-64.210,-140.233,124,0.375,0.133,0.242,1.441,164.762,228.972,173,245,105,107,-78.233,130
2023,9,97,Bowling Green,Mid-American,3,4,-61.338,-80.199,105,0.429,0.282,0.146,0.821,172.840,234.177,140,185,81,79,-13.220,88
2023,9,97,Colorado State,Mountain West,2,5,-64.540,-52.416,95,0.286,0.343,-0.057,-0.351,198.901,263.441,181,245,91,93,9.506,64
2023,9,98,South Florida,American Athletic,3,4,-65.957,-85.481,107,0.429,0.284,0.145,0.812,200.000,265.957,186,250,93,94,-37.136,102
2023,9,99,Houston,Big 12,3,5,-66.938,-23.435,80,0.375,0.438,-0.063,-0.387,212.632,279.570,202,260,95,93,36.546,35
2023,9,101,Arizona State,Pac-12,1,6,-76.456,1.476,63,0.143,0.506,-0.363,-2.179,156.471,232.927,133,191,85,82,71.982,6
2023,9,101,Navy,American Athletic,2,4,-75.487,-75.497,102,0.333,0.222,0.112,0.619,136.842,212.329,104,155,76,73,6.242,70
2023,9,102,Western Michigan,Mid-American,2,6,-77.403,-114.900,115,0.250,0.246,0.004,0.014,195.146,272.549,201,278,103,102,-51.664,112
2023,9,103,UConn,FBS Independents,1,7,-80.013,-97.377,113,0.125,0.213,-0.088,-0.535,161.224,241.237,158,234,98,97,-22.692,93
2023,9,105,Central Michigan,Mid-American,3,4,-82.278,-138.147,124,0.429,0.190,0.239,1.357,165.823,248.101,131,196,79,79,-61.623,118
2023,9,105,South Carolina,SEC,1,6,-84.756,-5.060,67,0.143,0.486,-0.343,-2.062,190.244,275.000,156,231,82,84,80.268,2
2023,9,106,San Diego State,Mountain West,2,5,-90.045,-96.331,112,0.286,0.218,0.067,0.362,153.165,243.210,121,197,79,81,-6.136,81
2023,9,106,Virginia,ACC,1,6,-85.532,-17.590,75,0.143,0.448,-0.305,-1.833,174.468,260.000,164,234,94,90,64.684,10
2023,9,107,Sam Houston,Conference USA,0,8,-87.842,-126.912,121,0.000,0.120,-0.120,-0.727,128.000,215.842,128,218,100,101,-39.025,107
2023,9,109,UTEP,Conference USA,2,6,-92.832,-147.259,126,0.250,0.135,0.115,0.680,155.556,248.387,140,231,90,93,-51.946,113
2023,9,110,Vanderbilt,SEC,1,7,-95.000,-55.558,97,0.125,0.363,-0.238,-1.435,200.000,295.000,182,295,91,100,31.855,40
2023,9,111,Cincinnati,Big 12,1,6,-95.927,-71.020,102,0.143,0.309,-0.166,-0.999,161.905,257.831,136,214,84,83,18.176,54
2023,9,112,New Mexico,Mountain West,2,5,-100.350,-151.087,127,0.286,0.186,0.099,0.586,226.923,327.273,177,252,78,77,-71.955,121
2023,9,113,Middle Tennessee,Conference USA,1,6,-106.667,-68.742,101,0.143,0.312,-0.169,-1.011,172.222,278.889,155,251,90,90,10.220,63
2023,9,113,Pittsburgh,ACC,1,6,-101.136,-29.816,83,0.143,0.403,-0.261,-1.567,152.273,253.409,134,223,88,88,49.126,20
2023,9,114,Nevada,Mountain West,2,5,-103.136,-71.389,103,0.286,0.251,0.035,0.201,168.293,271.429,138,228,82,84,-5.478,80
2023,9,115,Baylor,Big 12,2,5,-106.304,-66.437,100,0.286,0.322,-0.036,-0.225,174.419,280.723,150,233,86,83,28.373,43
2023,9,117,East Carolina,American Athletic,0,7,-116.667,-123.858,119,0.000,0.127,-0.127,-0.767,116.667,233.333,105,210,90,90,1.846,70
2023,9,117,UAB,American Athletic,1,6,-123.195,-124.792,121,0.143,0.240,-0.097,-0.593,223.864,347.059,197,295,88,85,8.275,66
2023,9,118,Charlotte,American Athletic,1,6,-117.686,-135.135,123,0.143,0.139,0.004,0.016,116.049,233.735,94,194,81,83,-17.949,89
2023,9,120,Stanford,Pac-12,2,5,-126.895,-19.399,78,0.286,0.442,-0.157,-0.945,187.059,313.953,159,270,85,86,70.541,8
2023,9,121,UL Monroe,Sun Belt,1,6,-127.028,-116.928,116,0.143,0.159,-0.016,-0.105,152.747,279.775,139,249,91,89,-20.092,91
2023,9,122,Michigan State,Big Ten,1,6,-128.067,-26.160,82,0.143,0.400,-0.257,-1.544,113.793,241.860,99,208,87,86,75.638,3
2023,9,123,Akron,Mid-American,0,7,-138.837,-203.600,132,0.000,0.025,-0.025,-0.174,110.000,248.837,99,214,90,86,-79.589,125
2023,9,123,Indiana,Big Ten,1,6,-131.896,-18.013,76,0.143,0.447,-0.304,-1.826,136.709,268.605,108,231,79,86,104.428,1
2023,9,124,Arkansas State,Sun Belt,3,4,-131.950,-85.061,109,0.429,0.270,0.159,0.944,173.864,305.814,153,263,88,86,-20.392,92
2023,9,125,Army,FBS Independents,1,6,-136.935,-98.795,114,0.143,0.198,-0.055,-0.339,135.065,272.000,104,204,77,75,-13.171,86
2023,9,127,Massachusetts,FBS Independents,2,7,-143.738,-132.297,122,0.222,0.214,0.008,0.043,192.453,336.190,204,353,106,105,-43.156,109
2023,9,128,Southern Miss,Sun Belt,0,7,-173.834,-118.945,117,0.000,0.174,-0.174,-1.051,164.368,338.202,143,301,87,89,8.718,65
2023,9,130,Ball State,Mid-American,1,6,-180.769,-189.862,129,0.143,0.046,0.097,0.534,107.692,288.462,84,225,78,78,-44.521,109
2023,9,130,Tulsa,American Athletic,2,5,-186.788,-125.244,120,0.286,0.168,0.118,0.698,150.562,337.349,134,280,89,83,-4.709,79
2023,9,131,Hawai'i,Mountain West,1,7,-186.997,-204.875,132,0.125,0.087,0.038,0.218,168.817,355.814,157,306,93,86,-35.961,102
2023,9,132,Temple,American Athletic,1,6,-208.083,-201.650,131,0.143,0.079,0.064,0.342,134.940,343.023,112,295,83,86,-38.271,105
2023,9,133,Kent State,Mid-American,0,7,-235.947,-238.253,133,0.000,0.027,-0.027,-0.183,73.810,309.756,62,254,84,82,-37.710,104
2023,10,1,Michigan,Big Ten,9,0,329.362,262.142,1,1.000,0.976,0.024,0.123,389.362,60.000,366,60,94,100,-9.717,79
2023,10,2,Oregon,Pac-12,7,1,233.895,202.696,4,0.875,0.915,-0.040,-0.259,384.444,150.549,346,137,90,91,24.497,53
2023,10,3,Penn State,Big Ten,7,1,204.092,202.792,3,0.875,0.950,-0.075,-0.464,305.102,101.010,299,100,98,99,33.735,42
2023,10,4,Georgia,SEC,8,0,197.154,158.798,10,1.000,0.861,0.139,0.807,343.820,146.667,306,132,89,90,-7.011,74
2023,10,5,Ohio State,Big Ten,8,0,194.898,230.529,2,1.000,0.982,0.018,0.086,285.714,90.816,260,89,91,98,69.487,5
2023,10,6,Florida State,ACC,9,0,178.766,166.392,8,1.000,0.873,0.127,0.738,317.857,139.091,356,153,112,110,22.174,56
2023,10,7,Washington,Pac-12,9,0,170.620,179.537,7,1.000,0.847,0.153,0.891,364.078,193.458,375,207,103,107,26.479,50
2023,10,8,Oklahoma,Big 12,7,2,164.495,121.058,16,0.778,0.821,-0.043,-0.276,323.423,158.929,359,178,111,112,15.385,58
2023,10,9,SMU,American Athletic,6,2,155.104,22.598,53,0.750,0.574,0.176,1.033,293.939,138.835,291,143,99,103,-66.321,120
2023,10,10,Texas,Big 12,8,1,154.463,196.391,5,0.889,0.928,-0.039,-0.253,294.286,139.823,309,158,105,113,42.310,32
2023,10,11,Tennessee,SEC,6,2,143.307,123.951,15,0.750,0.826,-0.076,-0.476,294.792,151.485,283,153,96,101,27.678,49
2023,10,12,Notre Dame,FBS Independents,6,3,134.087,161.703,9,0.667,0.880,-0.213,-1.293,283.636,149.550,312,166,110,111,48.374,24
2023,10,13,Liberty,Conference USA,9,0,127.694,40.684,43,1.000,0.593,0.407,2.407,317.117,189.423,352,197,111,104,-84.511,130
2023,10,14,Air Force,Mountain West,7,1,127.108,43.634,41,0.875,0.615,0.260,1.530,277.108,150.000,230,123,83,82,-83.080,128
2023,10,15,Kansas State,Big 12,5,3,124.000,182.234,6,0.625,0.913,-0.288,-1.735,284.000,160.000,284,160,100,100,66.531,9
2023,10,16,Alabama,SEC,8,1,117.593,157.662,11,0.889,0.902,-0.014,-0.101,265.741,148.148,287,160,108,108,60.111,14
2023,10,17,LSU,SEC,5,3,112.550,142.272,13,0.625,0.759,-0.134,-0.816,380.682,268.132,335,244,88,91,70.037,4
2023,10,18,Louisville,ACC,7,1,100.000,153.751,12,0.875,0.879,-0.004,-0.045,250.000,150.000,240,147,96,98,45.921,27
2023,10,19,USC,Pac-12,7,3,98.006,111.952,17,0.700,0.715,-0.015,-0.110,355.469,257.463,455,345,128,134,34.616,40
2023,10,20,Fresno State,Mountain West,7,1,97.331,25.120,51,0.875,0.568,0.307,1.809,277.551,180.220,272,164,98,91,-53.747,114
2023,10,22,North Carolina,ACC,6,2,92.784,92.594,23,0.750,0.721,0.029,0.168,302.062,209.278,293,203,97,97,0.129,75
2023,10,22,Oregon State,Pac-12,6,2,88.700,100.863,21,0.750,0.732,0.018,0.088,294.382,205.682,262,181,89,88,13.837,61
2023,10,23,Texas A&M,SEC,5,4,87.201,98.092,24,0.556,0.753,-0.198,-1.200,271.963,184.762,291,194,107,105,32.384,43
2023,10,24,Troy,Sun Belt,6,2,85.417,98.983,22,0.750,0.832,-0.082,-0.511,205.208,119.792,197,115,96,96,12.966,62
2023,10,25,Ole Miss,SEC,7,1,81.053,138.956,14,0.875,0.815,0.060,0.340,290.526,209.474,276,199,95,95,60.703,13
2023,10,26,James Madison,Sun Belt,8,0,79.264,70.760,31,1.000,0.711,0.289,1.703,239.450,160.185,261,173,109,108,-20.349,86
2023,10,27,Kentucky,SEC,5,3,77.151,84.760,27,0.625,0.714,-0.089,-0.548,275.000,197.849,242,184,88,93,-1.061,73
2023,10,28,UNLV,Mountain West,6,2,73.889,7.440,60,0.750,0.519,0.231,1.356,288.889,215.000,286,215,99,100,-50.940,111
2023,10,29,Arizona,Pac-12,5,3,70.441,103.273,19,0.625,0.772,-0.147,-0.899,271.591,201.149,239,175,88,87,39.115,34
2023,10,30,Miami,ACC,5,3,64.469,72.427,29,0.625,0.717,-0.092,-0.569,241.000,176.531,241,173,100,98,13.912,60
2023,10,32,Miami (OH),Mid-American,6,2,64.008,2.182,62,0.750,0.507,0.243,1.444,226.374,162.366,206,151,91,93,-76.553,129
2023,10,32,Toledo,Mid-American,7,1,63.289,-26.709,81,0.875,0.420,0.455,2.694,241.414,178.125,239,171,99,96,-83.762,129
2023,10,33,Duke,ACC,5,3,62.882,108.915,18,0.625,0.816,-0.191,-1.157,205.435,142.553,189,134,92,94,58.351,15
2023,10,34,Memphis,American Athletic,6,2,61.706,14.297,57,0.750,0.536,0.214,1.257,294.059,232.353,297,237,101,102,-41.997,102
2023,10,35,South Alabama,Sun Belt,3,5,61.636,10.514,59,0.375,0.531,-0.156,-0.951,253.125,191.489,243,180,96,94,-12.561,81
2023,10,36,Tulane,American Athletic,7,1,58.087,30.433,45,0.875,0.593,0.282,1.661,252.273,194.186,222,167,88,86,-34.776,97
2023,10,37,Utah,Pac-12,6,2,56.293,84.308,28,0.750,0.812,-0.062,-0.391,197.959,141.667,194,136,98,96,56.751,17
2023,10,38,UCLA,Pac-12,5,3,52.233,61.533,32,0.625,0.713,-0.088,-0.542,192.233,140.000,198,140,103,100,26.357,51
2023,10,39,Kansas,Big 12,6,2,51.303,92.691,25,0.750,0.688,0.062,0.348,305.747,254.444,266,229,87,90,31.097,45
2023,10,40,Missouri,SEC,6,2,46.613,102.240,20,0.750,0.763,-0.013,-0.095,270.526,223.913,257,206,95,92,58.009,16
2023,10,42,Oklahoma State,Big 12,6,2,45.915,88.577,26,0.750,0.750,0.000,-0.018,234.906,188.991,249,206,106,109,49.761,21
2023,10,43,App State,Sun Belt,4,4,44.520,2.428,65,0.500,0.506,-0.006,-0.053,283.696,239.175,261,232,92,97,-44.980,106
2023,10,43,Ohio,Mid-American,5,3,46.490,-34.464,87,0.625,0.379,0.246,1.463,192.045,145.556,169,131,88,90,-75.688,128
2023,10,44,Iowa,Big Ten,7,2,40.227,49.424,37,0.778,0.739,0.038,0.210,141.880,101.653,166,123,117,121,14.241,59
2023,10,45,New Mexico State,Conference USA,6,3,39.954,-74.056,104,0.667,0.275,0.392,2.317,224.490,184.536,220,179,98,97,-113.121,133
2023,10,46,Wisconsin,Big Ten,5,4,35.398,60.411,33,0.556,0.695,-0.139,-0.849,187.611,152.212,212,172,113,113,24.436,54
2023,10,47,Texas State,Sun Belt,5,3,33.315,-15.458,74,0.625,0.463,0.162,0.948,264.894,231.579,249,220,94,95,-46.976,109
2023,10,48,UTSA,American Athletic,6,3,31.850,-19.981,76,0.667,0.445,0.222,1.305,248.673,216.822,281,232,113,107,-58.333,115
2023,10,49,Jacksonville State,Conference USA,6,3,29.965,-48.088,93,0.667,0.343,0.323,1.910,191.870,161.905,236,204,123,126,-69.176,122
2023,10,50,Maryland,Big Ten,4,4,29.250,72.186,30,0.500,0.672,-0.172,-1.047,250.526,221.277,238,208,95,94,28.179,47
2023,10,51,Northern Illinois,Mid-American,4,4,25.669,-66.830,99,0.500,0.317,0.183,1.072,220.619,194.949,214,193,97,99,-81.906,127
2023,10,52,Auburn,SEC,4,4,24.495,48.988,38,0.500,0.685,-0.185,-1.126,208.333,183.838,200,182,96,99,44.867,28
2023,10,53,Rutgers,Big Ten,5,3,23.971,49.578,36,0.625,0.638,-0.013,-0.095,207.692,183.721,189,158,91,86,46.254,25
2023,10,54,Coastal Carolina,Sun Belt,5,3,23.158,-9.729,71,0.625,0.470,0.155,0.906,214.737,191.579,204,182,95,95,-26.900,93
2023,10,55,Georgia Southern,Sun Belt,5,3,19.524,-41.839,91,0.625,0.393,0.232,1.366,250.000,230.476,260,242,104,105,-42.434,104
2023,10,56,Clemson,ACC,4,4,14.935,58.305,35,0.500,0.680,-0.180,-1.096,182.243,167.308,195,174,107,104,55.354,19
2023,10,57,West Virginia,Big 12,5,3,14.480,48.509,39,0.625,0.629,-0.004,-0.043,236.458,221.978,227,202,96,91,36.385,37
2023,10,58,TCU,Big 12,3,5,14.097,47.681,40,0.375,0.636,-0.261,-1.579,233.684,219.588,222,213,95,97,38.314,35
2023,10,59,Louisiana,Sun Belt,4,4,8.788,-41.763,90,0.500,0.396,0.104,0.600,263.043,254.255,242,239,92,94,-39.808,101
2023,10,60,Texas Tech,Big 12,3,5,8.257,59.382,34,0.375,0.654,-0.279,-1.686,234.000,225.743,234,228,100,101,43.185,30
2023,10,61,Boston College,ACC,5,3,7.137,15.840,55,0.625,0.542,0.083,0.477,231.868,224.731,211,209,91,93,6.352,69
2023,10,62,Nebraska,Big Ten,5,4,4.780,15.191,56,0.556,0.562,-0.006,-0.056,161.261,156.481,179,169,111,108,12.071,63
2023,10,63,Florida,SEC,4,4,0.566,40.143,44,0.500,0.608,-0.108,-0.665,226.882,226.316,211,215,93,95,37.075,36
2023,10,64,Iowa State,Big 12,4,4,-2.808,26.146,49,0.500,0.582,-0.082,-0.511,189.583,192.391,182,177,96,92,29.703,46
2023,10,65,NC State,ACC,5,3,-5.270,41.028,42,0.625,0.642,-0.017,-0.122,163.889,169.159,177,181,108,107,43.165,31
2023,10,66,Georgia State,Sun Belt,5,3,-5.721,-37.451,87,0.625,0.404,0.221,1.298,228.723,234.444,215,211,94,90,-29.383,95
2023,10,67,Virginia Tech,ACC,4,5,-6.210,17.990,54,0.444,0.555,-0.111,-0.681,189.286,195.495,212,217,112,111,25.293,52
2023,10,68,Boise State,Mountain West,3,5,-6.944,-9.796,72,0.375,0.472,-0.097,-0.598,237.500,244.444,228,242,96,99,-14.824,82
2023,10,69,Rice,American Athletic,3,5,-8.175,-37.209,86,0.375,0.410,-0.035,-0.230,245.361,253.535,238,251,97,99,-24.763,92
2023,10,70,Florida Atlantic,American Athletic,3,5,-10.920,-73.527,102,0.375,0.280,0.095,0.549,202.941,213.861,207,216,102,101,-60.544,118
2023,10,71,Georgia Tech,ACC,4,4,-12.628,27.573,48,0.500,0.565,-0.065,-0.410,256.122,268.750,251,258,98,96,45.966,26
2023,10,72,Minnesota,Big Ten,5,4,-13.462,27.912,47,0.556,0.581,-0.025,-0.170,187.500,200.962,195,209,104,104,20.347,57
2023,10,73,UCF,Big 12,3,5,-13.544,-40.621,89,0.375,0.402,-0.027,-0.180,268.478,282.022,247,251,92,89,9.084,66
2023,10,74,Arkansas,SEC,2,6,-15.811,25.756,50,0.250,0.580,-0.330,-1.989,201.031,216.842,195,206,97,95,34.622,39
2023,10,75,Western Kentucky,Conference USA,4,4,-16.608,-3.481,67,0.500,0.490,0.010,0.042,205.941,222.549,208,227,101,102,-10.022,80
2023,10,76,Utah State,Mountain West,3,5,-21.110,-52.765,95,0.375,0.371,0.004,0.005,224.762,245.872,236,268,105,109,-23.590,91
2023,10,77,Old Dominion,Sun Belt,3,5,-23.117,-35.586,84,0.375,0.400,-0.025,-0.172,203.883,227.000,210,227,103,100,-15.848,83
2023,10,78,Colorado,Pac-12,4,5,-27.034,22.719,52,0.444,0.557,-0.113,-0.691,235.897,262.931,276,305,117,116,49.141,22
2023,10,79,Washington State,Pac-12,3,5,-30.290,29.772,46,0.375,0.578,-0.203,-1.229,210.526,240.816,200,236,95,98,53.892,20
2023,10,80,Wyoming,Mountain West,5,3,-32.634,-24.395,79,0.625,0.426,0.199,1.169,202.198,234.831,184,209,91,89,10.587,65
2023,10,81,Buffalo,Mid-American,3,5,-35.780,-101.318,111,0.375,0.188,0.187,1.098,167.890,203.670,183,222,109,109,-75.624,123
2023,10,82,North Texas,American Athletic,2,6,-36.255,-82.736,106,0.250,0.318,-0.068,-0.427,262.745,299.000,268,299,102,100,-64.715,119
2023,10,83,Wake Forest,ACC,3,5,-39.806,-1.012,66,0.375,0.496,-0.121,-0.744,157.282,197.087,162,203,103,103,35.848,38
2023,10,86,Marshall,Sun Belt,3,5,-47.548,-67.465,100,0.375,0.295,0.080,0.459,169.725,217.273,185,239,109,110,-7.031,75
2023,10,86,San José State,Mountain West,3,5,-42.560,-81.321,106,0.375,0.299,0.076,0.449,247.917,290.476,238,244,96,84,-13.080,85
2023,10,87,Bowling Green,Mid-American,4,4,-48.669,-73.947,103,0.500,0.296,0.204,1.200,180.220,228.889,164,206,91,90,-21.477,88
2023,10,87,Eastern Michigan,Mid-American,3,5,-46.316,-163.637,128,0.375,0.064,0.311,1.852,141.053,187.368,134,178,95,95,-108.735,132
2023,10,88,Northwestern,Big Ten,3,5,-50.017,-8.228,68,0.375,0.475,-0.100,-0.617,162.887,212.903,158,198,97,93,48.666,23
2023,10,89,Illinois,Big Ten,4,5,-53.211,-8.924,69,0.444,0.473,-0.029,-0.190,174.312,227.523,190,248,109,109,41.964,33
2023,10,90,Louisiana Tech,Conference USA,2,7,-58.345,-106.239,114,0.222,0.249,-0.027,-0.179,207.692,266.038,216,282,104,106,-48.612,110
2023,10,91,South Carolina,SEC,2,6,-58.476,3.061,63,0.250,0.509,-0.259,-1.562,197.959,256.436,194,259,98,101,68.624,8
2023,10,92,Houston,Big 12,4,5,-59.538,-20.383,77,0.444,0.446,-0.002,-0.030,216.190,275.728,227,284,105,103,31.822,44
2023,10,93,California,Pac-12,2,6,-60.834,10.610,58,0.250,0.528,-0.278,-1.675,229.907,290.741,246,314,107,108,78.499,2
2023,10,94,Syracuse,ACC,3,5,-61.174,-33.095,82,0.375,0.378,-0.003,-0.038,157.576,218.750,156,210,99,96,24.413,55
2023,10,95,South Florida,American Athletic,3,5,-62.391,-83.179,107,0.375,0.294,0.081,0.466,218.519,280.909,236,309,108,110,-36.450,98
2023,10,96,BYU,Big 12,4,4,-63.946,-34.695,83,0.500,0.390,0.110,0.638,166.667,230.612,165,226,99,98,33.816,41
2023,10,96,Florida International,Conference USA,3,5,-64.210,-140.233,124,0.375,0.133,0.242,1.441,164.762,228.972,173,245,105,107,-78.233,130
2023,10,98,Colorado State,Mountain West,2,6,-65.899,-71.005,101,0.250,0.297,-0.047,-0.300,190.291,256.190,196,269,103,105,-7.448,78
2023,10,99,Central Michigan,Mid-American,4,4,-66.094,-131.602,121,0.500,0.200,0.300,1.768,180.645,246.739,168,227,93,92,-67.872,121
2023,10,100,Purdue,Big Ten,2,7,-71.764,6.730,61,0.222,0.518,-0.296,-1.783,166.372,238.136,188,281,113,118,68.754,7
2023,10,101,Mississippi State,SEC,3,5,-75.736,-25.043,80,0.375,0.420,-0.045,-0.288,167.742,243.478,156,224,93,92,56.448,18
2023,10,102,Western Michigan,Mid-American,2,6,-77.403,-114.900,115,0.250,0.246,0.004,0.014,195.146,272.549,201,278,103,102,-51.664,112
2023,10,103,Navy,American Athletic,2,5,-82.389,-125.859,120,0.286,0.113,0.173,1.011,140.230,222.619,122,187,87,84,-37.615,99
2023,10,104,Cincinnati,Big 12,1,7,-85.106,-65.444,98,0.125,0.324,-0.199,-1.206,172.340,257.447,162,242,94,94,11.921,64
2023,10,106,San Diego State,Mountain West,2,6,-88.628,-111.329,115,0.250,0.191,0.059,0.334,157.609,246.237,145,229,92,93,-22.153,90
2023,10,107,Sam Houston,Conference USA,0,8,-87.842,-126.912,121,0.000,0.120,-0.120,-0.727,128.000,215.842,128,218,100,101,-39.025,107
2023,10,107,UTEP,Conference USA,2,7,-89.308,-136.674,124,0.222,0.145,0.077,0.439,153.000,242.308,153,252,100,104,-45.184,107
2023,10,108,Charlotte,American Athletic,2,6,-93.120,-138.881,125,0.250,0.132,0.118,0.684,133.684,226.804,127,220,95,97,-42.593,105
2023,10,109,Arkansas State,Sun Belt,4,4,-94.782,-48.731,94,0.500,0.363,0.137,0.799,193.878,288.660,190,280,98,97,-19.078,85
2023,10,110,Baylor,Big 12,2,6,-96.169,-56.168,97,0.250,0.347,-0.097,-0.600,181.250,277.419,174,258,96,93,28.040,48
2023,10,111,Vanderbilt,SEC,1,8,-96.542,-45.153,92,0.111,0.386,-0.275,-1.658,189.423,285.965,197,326,104,114,44.331,29
2023,10,112,Army,FBS Independents,2,6,-96.820,-54.659,96,0.250,0.307,-0.057,-0.361,141.111,237.931,127,207,90,87,1.272,70
2023,10,113,UAB,American Athletic,2,6,-99.745,-118.350,118,0.250,0.251,-0.001,-0.024,237.255,337.000,242,337,102,100,-7.095,77
2023,10,114,Middle Tennessee,Conference USA,1,7,-100.990,-76.195,105,0.125,0.274,-0.149,-0.907,160.396,261.386,162,264,101,101,-0.285,71
2023,10,115,Nevada,Mountain West,2,6,-103.503,-99.160,110,0.250,0.165,0.085,0.487,156.701,260.204,152,255,97,98,-29.047,94
2023,10,116,Pittsburgh,ACC,1,7,-103.922,-11.655,73,0.125,0.459,-0.334,-2.012,138.235,242.157,141,247,102,102,72.599,3
2023,10,117,Virginia,ACC,1,7,-104.371,-37.185,85,0.125,0.392,-0.267,-1.611,169.159,273.529,181,279,107,102,65.333,12
2023,10,118,Indiana,Big Ten,2,6,-107.778,5.975,62,0.250,0.519,-0.269,-1.622,142.222,250.000,128,245,90,98,104.967,1
2023,10,119,Michigan State,Big Ten,2,6,-108.273,-20.643,78,0.250,0.422,-0.172,-1.048,119.000,227.273,119,225,100,99,65.546,11
2023,10,120,East Carolina,American Athletic,0,8,-108.994,-105.688,113,0.000,0.169,-0.169,-1.028,118.557,227.551,115,223,97,98,6.758,67
2023,10,121,Stanford,Pac-12,3,5,-109.525,-9.020,70,0.375,0.470,-0.095,-0.584,176.042,285.567,169,277,96,97,66.268,10
2023,10,122,Arizona State,Pac-12,1,7,-118.876,-17.619,75,0.125,0.434,-0.309,-1.865,137.374,256.250,136,246,99,96,69.074,6
2023,10,123,Akron,Mid-American,1,7,-119.741,-191.654,132,0.125,0.048,0.077,0.439,128.713,248.454,130,241,101,97,-87.690,131
2023,10,124,UL Monroe,Sun Belt,1,7,-124.664,-117.884,117,0.125,0.147,-0.022,-0.150,140.385,265.049,146,273,104,103,-18.456,84
2023,10,125,UConn,FBS Independents,1,8,-127.468,-105.132,112,0.111,0.193,-0.081,-0.505,146.364,273.832,161,293,110,107,-7.079,76
2023,10,126,New Mexico,Mountain West,2,6,-135.393,-161.458,127,0.250,0.166,0.084,0.479,214.607,350.000,191,308,89,88,-60.400,117
2023,10,127,Massachusetts,FBS Independents,2,7,-143.738,-132.297,122,0.222,0.214,0.008,0.043,192.453,336.190,204,353,106,105,-43.156,109
2023,10,127,Southern Miss,Sun Belt,1,7,-136.614,-97.993,109,0.125,0.214,-0.089,-0.553,165.347,301.961,167,308,101,102,-0.986,72
2023,10,129,Hawai'i,Mountain West,2,7,-144.869,-181.336,131,0.222,0.115,0.107,0.619,171.963,316.832,184,320,107,101,-42.248,103
2023,10,130,Ball State,Mid-American,1,7,-164.977,-171.774,129,0.125,0.068,0.057,0.321,117.978,282.955,105,249,89,88,-38.463,100
2023,10,131,Tulsa,American Athletic,2,6,-167.341,-133.143,122,0.250,0.156,0.094,0.544,155.340,322.680,160,313,103,97,-21.425,87
2023,10,132,Temple,American Athletic,2,6,-169.489,-178.143,130,0.250,0.112,0.138,0.807,153.191,322.680,144,313,94,97,-51.096,113
2023,10,133,Kent State,Mid-American,0,8,-212.767,-240.415,133,0.000,0.033,-0.033,-0.218,93.684,306.452,89,285,95,93,-60.395,116
2023,11,1,Michigan,Big Ten,10,0,303.247,263.389,1,1.000,0.978,0.022,0.117,371.429,68.182,390,75,105,110,11.898,66
2023,11,2,Oregon,Pac-12,8,1,218.000,210.051,3,0.889,0.921,-0.032,-0.217,382.000,164.000,382,164,100,100,44.985,32
2023,11,3,Georgia,SEC,9,0,210.475,185.518,7,1.000,0.892,0.108,0.644,358.000,147.525,358,149,100,101,9.850,67
2023,11,4,Ohio State,Big Ten,9,0,207.753,223.805,2,1.000,0.978,0.022,0.112,292.157,84.404,298,92,102,109,52.373,22
2023,11,5,Oklahoma,Big 12,8,2,179.954,139.284,13,0.800,0.844,-0.044,-0.289,337.097,157.143,418,198,124,126,21.541,56
2023,11,6,Penn State,Big Ten,7,2,178.013,202.657,4,0.778,0.951,-0.174,-1.092,290.741,112.727,314,124,108,110,59.960,14
2023,11,7,Florida State,ACC,10,0,165.750,158.739,11,1.000,0.870,0.130,0.784,306.400,140.650,383,173,125,123,23.559,53
2023,11,8,Washington,Pac-12,10,0,160.688,186.505,5,1.000,0.854,0.146,0.882,356.522,195.833,410,235,115,120,41.124,36
2023,11,9,SMU,American Athletic,7,2,157.391,34.151,42,0.778,0.611,0.167,1.010,300.000,142.609,336,164,112,115,-63.905,118
2023,11,10,Kansas State,Big 12,6,3,144.057,186.421,6,0.667,0.906,-0.239,-1.494,303.540,159.483,343,185,113,116,55.636,19
2023,11,11,Liberty,Conference USA,10,0,139.672,59.504,37,1.000,0.640,0.360,2.199,319.672,180.000,390,207,122,115,-78.627,125
2023,11,12,Notre Dame,FBS Independents,6,3,134.087,161.703,9,0.667,0.880,-0.213,-1.293,283.636,149.550,312,166,110,111,48.374,24
2023,11,12,Texas,Big 12,9,1,139.241,178.899,8,0.900,0.908,-0.008,-0.073,286.441,147.200,338,184,118,125,39.585,40
2023,11,14,Alabama,SEC,9,1,130.413,164.869,9,0.900,0.903,-0.003,-0.039,280.000,149.587,336,181,120,121,52.394,21
2023,11,15,Oregon State,Pac-12,7,2,121.607,120.587,17,0.778,0.770,0.008,0.030,317.647,196.040,324,198,102,101,19.299,61
2023,11,16,LSU,SEC,6,3,118.731,147.117,12,0.667,0.764,-0.098,-0.623,387.000,268.269,387,279,100,104,64.674,10
2023,11,17,Texas A&M,SEC,6,4,113.036,106.106,20,0.600,0.772,-0.172,-1.081,287.395,174.359,342,204,119,117,23.636,52
2023,11,18,James Madison,Sun Belt,9,0,105.882,75.225,28,1.000,0.719,0.281,1.712,256.303,150.420,305,179,119,119,-37.478,97
2023,11,19,Troy,Sun Belt,7,2,103.670,91.764,25,0.778,0.798,-0.020,-0.146,222.018,118.349,242,129,109,109,-8.628,74
2023,11,20,Tennessee,SEC,6,3,102.278,97.461,22,0.667,0.774,-0.107,-0.681,271.028,168.750,290,189,107,112,40.168,38
2023,11,21,Air Force,Mountain West,7,2,99.295,14.982,54,0.778,0.540,0.237,1.443,264.130,164.835,243,150,92,91,-80.370,126
2023,11,22,Louisville,ACC,8,1,93.169,128.300,15,0.889,0.841,0.048,0.277,248.624,155.455,271,171,109,110,28.178,49
2023,11,23,North Carolina,ACC,7,2,88.127,106.596,19,0.778,0.726,0.052,0.297,317.757,229.630,340,248,107,108,17.637,64
2023,11,24,USC,Pac-12,7,4,87.241,124.506,16,0.636,0.737,-0.100,-0.639,351.825,264.583,482,381,137,144,59.655,15
2023,11,25,UNLV,Mountain West,7,2,83.824,22.057,52,0.778,0.558,0.220,1.338,288.288,204.464,320,229,111,112,-48.356,105
2023,11,26,Toledo,Mid-American,8,1,81.201,-7.328,70,0.889,0.480,0.409,2.501,264.220,183.019,288,194,109,106,-86.931,130
2023,11,27,Miami (OH),Mid-American,7,2,72.537,5.209,60,0.778,0.519,0.259,1.577,216.346,143.810,225,151,104,105,-81.017,127
2023,11,28,Missouri,SEC,7,2,69.619,135.449,14,0.778,0.831,-0.053,-0.347,276.415,206.796,293,213,106,103,67.850,7
2023,11,29,Arizona,Pac-12,6,3,64.919,99.596,21,0.667,0.762,-0.095,-0.607,273.000,208.081,273,206,100,99,39.789,39
2023,11,30,App State,Sun Belt,5,4,61.556,14.258,55,0.556,0.535,0.021,0.107,283.178,221.622,303,246,107,111,-47.883,104
2023,11,31,Memphis,American Athletic,7,2,61.479,3.897,62,0.778,0.509,0.268,1.634,296.522,235.043,341,275,115,117,-52.915,108
2023,11,32,South Alabama,Sun Belt,4,5,61.426,-0.252,63,0.444,0.499,-0.055,-0.359,244.444,183.019,264,194,108,106,-27.245,91
2023,11,33,Fresno State,Mountain West,7,2,59.300,-4.412,67,0.778,0.488,0.290,1.767,261.261,201.961,290,206,111,102,-47.477,103
2023,11,34,Auburn,SEC,5,4,58.201,72.492,29,0.556,0.753,-0.198,-1.240,229.630,171.429,248,192,108,112,42.190,35
2023,11,35,Ohio,Mid-American,6,3,55.070,-27.853,79,0.667,0.405,0.262,1.593,198.947,143.878,189,141,95,98,-82.353,128
2023,11,36,Iowa,Big Ten,8,2,53.693,71.254,30,0.800,0.826,-0.026,-0.180,146.875,93.182,188,123,128,132,19.589,60
2023,11,37,Duke,ACC,5,4,53.146,96.863,23,0.556,0.763,-0.207,-1.299,227.184,174.038,234,181,103,104,58.685,17
2023,11,38,Tulane,American Athletic,8,1,53.143,4.225,61,0.889,0.513,0.376,2.297,246.000,192.857,246,189,100,98,-55.591,112
2023,11,39,Miami,ACC,5,4,50.793,79.298,27,0.556,0.738,-0.182,-1.145,230.973,180.180,261,200,113,111,33.267,45
2023,11,40,New Mexico State,Conference USA,7,3,46.729,-45.988,88,0.700,0.366,0.334,2.039,241.121,194.393,258,208,107,107,-94.368,132
2023,11,41,UTSA,American Athletic,7,3,45.558,-14.546,74,0.700,0.460,0.240,1.462,254.032,208.475,315,246,124,118,-67.245,121
2023,11,42,Utah,Pac-12,6,3,41.667,93.847,24,0.667,0.831,-0.165,-1.036,200.000,158.333,222,171,111,108,77.828,5
2023,11,43,Ole Miss,SEC,7,2,39.623,111.600,18,0.778,0.762,0.016,0.077,276.415,236.792,293,251,106,106,70.324,6
2023,11,44,Kansas,Big 12,6,3,39.244,86.903,26,0.667,0.689,-0.023,-0.161,281.818,242.574,279,245,99,101,36.277,41
2023,11,45,Kentucky,SEC,5,4,38.491,69.039,32,0.556,0.670,-0.114,-0.725,260.396,221.905,263,233,101,105,20.175,57
2023,11,46,UCLA,Pac-12,5,4,38.383,49.065,38,0.556,0.676,-0.120,-0.763,179.825,141.441,205,157,114,111,27.898,50
2023,11,47,Clemson,ACC,5,4,30.833,68.026,33,0.556,0.707,-0.152,-0.956,197.500,166.667,237,195,120,117,47.455,29
2023,11,48,Coastal Carolina,Sun Belt,6,3,30.109,-6.461,69,0.667,0.480,0.186,1.127,221.698,191.589,235,205,106,107,-31.741,94
2023,11,49,Jacksonville State,Conference USA,6,3,29.965,-48.088,93,0.667,0.343,0.323,1.910,191.870,161.905,236,204,123,126,-69.176,122
2023,11,50,UCF,Big 12,4,5,28.870,-4.064,66,0.444,0.489,-0.045,-0.299,275.472,246.602,292,254,106,103,17.896,63
2023,11,51,Iowa State,Big 12,5,4,27.493,49.016,39,0.556,0.647,-0.092,-0.585,210.185,182.692,227,190,108,104,26.251,51
2023,11,52,Maryland,Big Ten,5,4,27.177,70.071,31,0.556,0.676,-0.121,-0.766,236.792,209.615,251,218,106,104,28.934,48
2023,11,53,Wisconsin,Big Ten,5,5,22.423,40.257,41,0.500,0.638,-0.138,-0.872,180.488,158.065,222,196,123,124,19.698,59
2023,11,54,Northern Illinois,Mid-American,4,5,20.475,-80.212,105,0.444,0.282,0.162,0.980,215.888,195.413,231,213,107,109,-90.280,131
2023,11,55,Texas State,Sun Belt,5,4,19.811,-28.965,80,0.556,0.428,0.127,0.763,256.604,236.792,272,251,106,106,-46.964,102
2023,11,56,Boise State,Mountain West,4,5,17.680,7.941,58,0.444,0.522,-0.078,-0.502,254.717,237.037,270,256,106,108,-25.910,88
2023,11,57,Virginia Tech,ACC,5,5,15.368,29.438,47,0.500,0.587,-0.087,-0.558,209.677,194.309,260,239,124,123,14.344,65
2023,11,58,Georgia Southern,Sun Belt,5,4,12.885,-54.764,97,0.556,0.363,0.193,1.167,246.218,233.333,293,280,119,120,-51.589,107
2023,11,59,Texas Tech,Big 12,4,5,11.951,62.245,34,0.444,0.677,-0.233,-1.455,225.225,213.274,250,241,111,113,43.723,34
2023,11,60,TCU,Big 12,3,6,11.776,61.781,35,0.333,0.673,-0.340,-2.118,231.776,220.000,248,242,107,110,54.167,20
2023,11,61,Louisiana,Sun Belt,4,5,9.722,-60.208,100,0.444,0.357,0.088,0.521,262.500,252.778,273,273,104,108,-60.191,115
2023,11,62,NC State,ACC,6,3,7.960,47.361,40,0.667,0.665,0.002,-0.008,169.167,161.207,203,187,120,116,32.594,46
2023,11,63,Oklahoma State,Big 12,6,3,5.935,60.833,36,0.667,0.688,-0.022,-0.154,210.000,204.065,252,251,120,123,48.552,26
2023,11,64,Nebraska,Big Ten,5,5,3.257,19.807,53,0.500,0.586,-0.086,-0.551,156.198,152.941,189,182,121,119,18.817,62
2023,11,65,Rutgers,Big Ten,5,4,-0.273,29.080,48,0.556,0.584,-0.028,-0.194,185.294,185.567,189,180,102,97,48.348,28
2023,11,66,Utah State,Mountain West,4,5,-4.674,-46.050,89,0.444,0.387,0.057,0.331,228.926,233.600,277,292,121,125,-31.922,95
2023,11,67,San José State,Mountain West,4,5,-8.421,-42.878,86,0.444,0.391,0.054,0.309,261.682,270.103,280,262,107,97,-9.259,75
2023,11,68,Bowling Green,Mid-American,5,4,-13.639,-67.486,103,0.556,0.318,0.237,1.442,204.808,218.447,213,225,104,103,-44.778,101
2023,11,69,South Carolina,SEC,3,6,-15.339,25.113,49,0.333,0.573,-0.240,-1.502,217.117,232.456,241,265,111,114,59.459,16
2023,11,70,Florida,SEC,4,5,-17.457,33.045,44,0.444,0.589,-0.144,-0.911,232.075,249.533,246,267,106,107,48.551,27
2023,11,71,Boston College,ACC,5,4,-18.548,-14.463,73,0.556,0.463,0.092,0.548,226.214,244.762,233,257,103,105,1.178,70
2023,11,72,Florida Atlantic,American Athletic,3,6,-20.690,-85.428,106,0.333,0.241,0.093,0.551,184.483,205.172,214,238,116,116,-63.146,117
2023,11,73,Western Kentucky,Conference USA,4,5,-25.225,-21.569,77,0.444,0.441,0.003,-0.001,213.514,238.739,237,265,111,111,-12.692,80
2023,11,74,Rice,American Athletic,3,6,-25.758,-61.364,102,0.333,0.353,-0.019,-0.140,233.333,259.091,252,285,108,110,-30.098,93
2023,11,75,West Virginia,Big 12,5,4,-26.416,30.390,45,0.556,0.579,-0.023,-0.165,224.545,250.962,247,261,110,104,44.765,33
2023,11,76,Colorado,Pac-12,4,6,-26.859,33.725,43,0.400,0.583,-0.183,-1.150,237.984,264.844,307,339,129,128,60.005,13
2023,11,77,Minnesota,Big Ten,5,5,-28.448,13.910,56,0.500,0.540,-0.040,-0.268,193.966,222.414,225,258,116,116,22.934,54
2023,11,78,Georgia State,Sun Belt,5,4,-28.915,-55.737,98,0.556,0.350,0.205,1.246,212.037,240.952,229,253,108,105,-28.566,92
2023,11,79,Georgia Tech,ACC,4,5,-30.184,6.037,59,0.444,0.515,-0.070,-0.454,245.045,275.229,272,300,111,109,40.335,37
2023,11,80,Northwestern,Big Ten,4,5,-33.423,8.246,57,0.444,0.525,-0.080,-0.516,168.519,201.942,182,208,108,103,45.686,30
2023,11,81,Washington State,Pac-12,3,6,-33.461,22.183,51,0.333,0.556,-0.223,-1.397,219.266,252.727,239,278,109,110,51.558,23
2023,11,82,Marshall,Sun Belt,4,5,-37.761,-60.850,101,0.444,0.318,0.127,0.761,179.839,217.600,223,272,124,125,-10.834,78
2023,11,83,Syracuse,ACC,4,5,-39.209,-15.049,75,0.444,0.445,-0.000,-0.023,167.273,206.481,184,223,110,108,19.824,58
2023,11,84,Illinois,Big Ten,5,5,-43.129,-5.451,68,0.500,0.485,0.015,0.073,195.082,238.211,238,293,122,123,35.568,42
2023,11,85,Buffalo,Mid-American,3,6,-43.663,-112.203,115,0.333,0.172,0.161,0.972,164.957,208.621,193,242,117,116,-71.507,122
2023,11,86,Old Dominion,Sun Belt,3,6,-45.756,-53.853,96,0.333,0.347,-0.014,-0.105,192.982,238.739,220,265,114,111,-8.026,73
2023,11,87,Navy,American Athletic,3,5,-47.035,-106.019,114,0.375,0.144,0.231,1.404,156.122,203.158,153,193,98,95,-57.214,114
2023,11,88,California,Pac-12,3,6,-47.327,29.811,46,0.333,0.576,-0.242,-1.516,242.017,289.344,288,353,119,122,82.220,2
2023,11,89,Wyoming,Mountain West,5,4,-48.361,-42.307,85,0.556,0.374,0.182,1.100,192.233,240.594,198,243,103,101,7.306,69
2023,11,90,Wake Forest,ACC,3,6,-49.130,-19.665,76,0.333,0.431,-0.098,-0.626,150.000,199.130,168,229,112,115,29.766,47
2023,11,91,Purdue,Big Ten,3,7,-49.631,23.706,50,0.300,0.560,-0.260,-1.624,189.600,239.231,237,311,125,130,63.695,12
2023,11,92,North Texas,American Athletic,2,7,-50.916,-89.459,107,0.222,0.305,-0.083,-0.533,253.509,304.425,289,344,114,113,-54.423,111
2023,11,93,Arkansas,SEC,2,7,-51.020,-1.235,65,0.222,0.496,-0.274,-1.711,186.364,237.383,205,254,110,107,33.283,43
2023,11,94,South Florida,American Athletic,4,5,-52.563,-99.543,109,0.444,0.252,0.193,1.167,217.355,269.919,263,332,121,123,-61.425,116
2023,11,95,Middle Tennessee,Conference USA,2,7,-58.081,-51.709,91,0.222,0.338,-0.116,-0.736,178.761,236.842,202,270,113,114,-10.587,77
2023,11,96,Western Michigan,Mid-American,3,6,-58.996,-102.034,112,0.333,0.265,0.068,0.398,202.542,261.538,239,306,118,117,-53.231,110
2023,11,97,Colorado State,Mountain West,3,6,-60.870,-72.669,104,0.333,0.292,0.041,0.234,189.565,250.435,218,288,115,115,-15.433,81
2023,11,98,Houston,Big 12,4,6,-62.417,-33.790,83,0.400,0.408,-0.008,-0.073,207.759,270.175,241,308,116,114,22.286,55
2023,11,99,Sam Houston,Conference USA,1,8,-63.127,-118.582,118,0.111,0.152,-0.041,-0.274,151.786,214.912,170,245,112,114,-56.272,113
2023,11,100,Central Michigan,Mid-American,4,5,-66.182,-139.892,125,0.444,0.179,0.266,1.619,181.481,247.664,196,265,108,107,-75.836,124
2023,11,101,Cincinnati,Big 12,2,7,-66.667,-49.997,90,0.222,0.359,-0.137,-0.866,177.143,243.810,186,256,105,105,8.671,68
2023,11,102,Eastern Michigan,Mid-American,3,6,-66.667,-175.093,131,0.333,0.072,0.261,1.589,149.524,216.190,157,227,105,105,-97.403,133
2023,11,103,Louisiana Tech,Conference USA,2,8,-66.884,-116.307,117,0.200,0.236,-0.036,-0.242,207.692,274.576,243,324,117,118,-50.211,106
2023,11,104,San Diego State,Mountain West,2,7,-78.263,-99.718,110,0.222,0.215,0.007,0.022,160.784,239.048,164,251,102,105,-21.191,85
2023,11,105,East Carolina,American Athletic,1,8,-83.036,-92.973,108,0.111,0.193,-0.082,-0.529,122.321,205.357,137,230,112,112,-3.761,72
2023,11,106,BYU,Big 12,4,5,-86.003,-53.555,95,0.444,0.340,0.105,0.625,160.360,246.364,178,271,111,110,33.269,44
2023,11,107,Florida International,Conference USA,3,6,-87.801,-155.539,127,0.333,0.103,0.230,1.398,151.695,239.496,179,285,118,119,-74.074,123
2023,11,107,UTEP,Conference USA,2,7,-89.308,-136.674,124,0.222,0.145,0.077,0.439,153.000,242.308,153,252,100,104,-45.184,107
2023,11,108,Charlotte,American Athletic,2,7,-87.838,-127.687,121,0.222,0.166,0.056,0.327,150.000,237.838,165,264,110,111,-35.325,96
2023,11,110,Arkansas State,Sun Belt,4,5,-90.692,-51.788,92,0.444,0.346,0.098,0.586,185.455,276.147,204,301,110,109,-18.948,84
2023,11,112,Army,FBS Independents,2,6,-96.820,-54.659,96,0.250,0.307,-0.057,-0.361,141.111,237.931,127,207,90,87,1.272,70
2023,11,112,Virginia,ACC,1,8,-97.296,-29.191,81,0.111,0.415,-0.304,-1.897,172.269,269.565,205,310,119,115,66.210,9
2023,11,113,Arizona State,Pac-12,2,7,-97.358,-0.730,64,0.222,0.497,-0.275,-1.717,139.091,236.449,153,253,110,107,66.229,8
2023,11,114,Indiana,Big Ten,2,7,-97.618,-8.873,71,0.222,0.475,-0.253,-1.580,166.346,263.964,173,293,104,111,84.431,1
2023,11,115,Nevada,Mountain West,2,7,-103.897,-100.710,111,0.222,0.169,0.053,0.306,155.752,259.649,176,296,113,114,-26.582,90
2023,11,116,Mississippi State,SEC,3,6,-106.328,-33.799,84,0.333,0.392,-0.059,-0.385,158.095,264.423,166,275,105,104,64.563,11
2023,11,117,Pittsburgh,ACC,1,8,-108.275,-32.506,82,0.111,0.389,-0.278,-1.738,135.088,243.363,154,275,114,113,58.632,18
2023,11,118,UAB,American Athletic,2,7,-112.063,-149.354,126,0.222,0.194,0.029,0.155,219.469,331.532,248,368,113,111,-25.208,87
2023,11,119,Vanderbilt,SEC,1,9,-120.197,-52.210,93,0.100,0.363,-0.263,-1.644,173.504,293.701,203,373,117,127,49.863,25
2023,11,120,Hawai'i,Mountain West,3,7,-120.831,-136.013,124,0.300,0.180,0.120,0.719,181.897,302.727,211,333,116,110,-26.390,89
2023,11,121,Akron,Mid-American,1,8,-121.319,-192.232,132,0.111,0.038,0.073,0.432,115.044,236.364,130,260,113,110,-83.581,129
2023,11,122,Baylor,Big 12,2,7,-121.378,-52.389,94,0.222,0.364,-0.142,-0.896,177.679,299.057,199,317,112,106,50.401,24
2023,11,123,Southern Miss,Sun Belt,2,7,-122.586,-103.474,113,0.222,0.211,0.012,0.051,174.783,297.368,201,339,115,114,-15.526,82
2023,11,124,Michigan State,Big Ten,2,7,-129.181,-22.903,78,0.222,0.418,-0.196,-1.228,109.910,239.091,122,263,111,110,81.992,3
2023,11,125,UL Monroe,Sun Belt,1,8,-137.386,-121.891,120,0.111,0.158,-0.047,-0.309,136.752,274.138,160,318,117,116,-9.579,76
2023,11,126,Stanford,Pac-12,3,6,-137.540,-11.943,72,0.333,0.460,-0.127,-0.802,170.642,308.182,186,339,109,110,78.912,4
2023,11,127,Massachusetts,FBS Independents,2,7,-143.738,-132.297,122,0.222,0.214,0.008,0.043,192.453,336.190,204,353,106,105,-43.156,109
2023,11,128,Ball State,Mid-American,2,7,-145.166,-156.526,128,0.222,0.081,0.141,0.849,126.263,271.429,125,266,99,98,-41.361,100
2023,11,129,New Mexico,Mountain West,2,7,-147.959,-157.544,129,0.222,0.174,0.048,0.276,209.184,357.143,205,350,98,98,-38.332,98
2023,11,130,UConn,FBS Independents,1,9,-150.018,-128.372,122,0.100,0.149,-0.049,-0.321,138.017,288.034,167,337,121,117,-11.579,79
2023,11,131,Tulsa,American Athletic,2,7,-150.913,-118.936,119,0.222,0.182,0.040,0.226,158.261,309.174,182,337,115,109,-17.779,83
2023,11,132,Temple,American Athletic,2,7,-153.016,-169.483,130,0.222,0.121,0.101,0.605,156.075,309.091,167,340,107,110,-53.134,109
2023,11,133,Kent State,Mid-American,0,9,-215.094,-248.324,133,0.000,0.032,-0.032,-0.216,100.000,315.094,108,334,108,106,-64.374,120
2023,12,1,Michigan,Big Ten,11,0,284.269,253.415,1,1.000,0.970,0.030,0.169,366.087,81.818,421,99,115,121,16.440,62
2023,12,2,Oregon,Pac-12,9,1,230.909,211.103,4,0.900,0.911,-0.011,-0.099,391.818,160.909,431,177,110,110,34.543,48
2023,12,3,Georgia,SEC,10,0,218.036,202.470,5,1.000,0.909,0.091,0.560,360.000,141.964,396,159,110,112,15.460,63
2023,12,4,Ohio State,Big Ten,10,0,216.628,229.198,2,1.000,0.982,0.018,0.089,296.460,79.832,335,95,113,119,49.728,23
2023,12,5,Penn State,Big Ten,8,2,183.120,211.872,3,0.800,0.959,-0.159,-1.058,291.453,108.333,341,130,117,120,59.444,12
2023,12,6,Oklahoma,Big 12,9,2,173.031,136.041,13,0.818,0.836,-0.018,-0.143,335.075,162.044,449,222,134,137,20.655,58
2023,12,7,Florida State,ACC,10,0,165.750,158.739,11,1.000,0.870,0.130,0.784,306.400,140.650,383,173,125,123,23.559,53
2023,12,8,Notre Dame,FBS Independents,7,3,152.066,163.954,9,0.700,0.880,-0.180,-1.201,295.041,142.975,357,173,121,121,37.140,47
2023,12,9,LSU,SEC,7,3,147.130,154.026,12,0.700,0.778,-0.078,-0.538,406.422,259.292,443,293,109,113,48.716,25
2023,12,10,Washington,Pac-12,11,0,146.703,179.721,6,1.000,0.856,0.144,0.910,342.857,196.154,432,255,126,130,47.557,29
2023,12,11,Liberty,Conference USA,11,0,146.362,72.486,30,1.000,0.668,0.332,2.130,327.612,181.250,439,232,134,128,-72.725,124
2023,12,12,SMU,American Athletic,8,2,145.665,31.610,45,0.800,0.596,0.204,1.298,304.065,158.400,374,198,123,125,-57.186,113
2023,12,13,Texas,Big 12,10,1,134.022,176.683,7,0.909,0.906,0.003,-0.007,282.171,148.148,364,200,129,135,43.092,36
2023,12,14,Alabama,SEC,9,1,130.413,164.869,9,0.900,0.903,-0.003,-0.039,280.000,149.587,336,181,120,121,52.394,21
2023,12,14,Kansas State,Big 12,7,3,132.013,173.326,8,0.700,0.890,-0.190,-1.261,301.613,169.600,374,212,124,125,57.438,13
2023,12,17,Oregon State,Pac-12,7,3,110.714,129.659,15,0.700,0.796,-0.096,-0.652,307.143,196.429,344,220,112,112,38.500,45
2023,12,17,Texas A&M,SEC,6,4,113.036,106.106,20,0.600,0.772,-0.172,-1.081,287.395,174.359,342,204,119,117,23.636,52
2023,12,18,Troy,Sun Belt,8,2,100.000,80.899,25,0.800,0.767,0.033,0.184,227.500,127.500,273,153,120,120,-15.817,76
2023,12,19,James Madison,Sun Belt,9,1,93.182,59.110,36,0.900,0.677,0.223,1.424,248.485,155.303,328,205,132,132,-40.015,102
2023,12,20,Louisville,ACC,9,1,91.144,129.920,14,0.900,0.835,0.065,0.397,255.372,164.228,309,202,121,123,31.989,51
2023,12,21,Arizona,Pac-12,7,3,82.727,126.001,17,0.700,0.798,-0.098,-0.665,286.364,203.636,315,224,110,110,46.538,31
2023,12,22,Air Force,Mountain West,7,3,81.582,17.823,52,0.700,0.549,0.151,0.950,252.336,170.755,270,181,107,106,-65.327,122
2023,12,23,South Alabama,Sun Belt,5,5,78.927,15.534,54,0.500,0.550,-0.050,-0.352,243.333,164.407,292,194,120,118,-32.093,93
2023,12,24,UNLV,Mountain West,8,2,76.997,26.361,48,0.800,0.571,0.229,1.462,278.571,201.575,351,256,126,127,-39.677,99
2023,12,25,Miami (OH),Mid-American,8,2,76.859,0.861,63,0.800,0.503,0.297,1.901,215.652,138.793,248,161,115,116,-88.560,129
2023,12,26,Toledo,Mid-American,9,1,71.087,-9.954,70,0.900,0.473,0.427,2.745,260.163,189.076,320,225,123,119,-80.608,128
2023,12,27,USC,Pac-12,7,5,68.323,104.376,19,0.583,0.705,-0.122,-0.819,336.913,268.590,502,419,149,156,57.430,14
2023,12,28,North Carolina,ACC,7,3,68.253,94.930,22,0.700,0.709,-0.009,-0.086,295.082,226.829,360,279,122,123,22.200,54
2023,12,29,Tennessee,SEC,6,4,68.172,78.874,26,0.600,0.726,-0.126,-0.844,254.237,186.066,300,227,118,122,56.219,15
2023,12,30,Missouri,SEC,8,2,66.459,129.331,16,0.800,0.814,-0.014,-0.120,278.632,212.174,326,244,117,115,64.325,7
2023,12,31,Ohio,Mid-American,7,3,64.014,-26.236,82,0.700,0.414,0.286,1.829,210.377,146.364,223,161,106,110,-89.529,130
2023,12,32,Ole Miss,SEC,8,2,63.248,113.088,18,0.800,0.771,0.029,0.159,280.342,217.094,328,254,117,117,50.486,21
2023,12,33,New Mexico State,Conference USA,8,3,61.739,-5.614,67,0.727,0.484,0.243,1.552,251.304,189.565,289,218,115,115,-73.460,126
2023,12,34,UTSA,American Athletic,8,3,61.495,-9.130,69,0.727,0.475,0.253,1.613,263.768,202.273,364,267,138,132,-75.220,127
2023,12,35,Tulane,American Athletic,9,1,61.342,12.325,58,0.900,0.538,0.362,2.326,245.455,184.112,270,197,110,107,-56.620,112
2023,12,36,App State,Sun Belt,6,4,57.231,12.273,59,0.600,0.530,0.070,0.425,274.167,216.935,329,269,120,124,-45.962,105
2023,12,37,Memphis,American Athletic,7,3,55.469,10.811,60,0.700,0.525,0.175,1.107,300.000,244.531,375,313,125,128,-39.774,100
2023,12,38,Jacksonville State,Conference USA,7,3,55.282,-24.039,79,0.700,0.418,0.282,1.803,213.139,157.857,292,221,137,140,-63.018,119
2023,12,39,Fresno State,Mountain West,7,3,51.087,-23.832,78,0.700,0.433,0.267,1.707,253.719,202.632,307,231,121,114,-58.757,115
2023,12,40,Iowa,Big Ten,9,2,50.556,63.064,34,0.818,0.790,0.029,0.157,145.000,94.444,203,136,140,144,14.580,65
2023,12,41,UCLA,Pac-12,6,4,48.955,68.289,32,0.600,0.741,-0.141,-0.944,192.857,143.902,243,177,126,123,34.239,49
2023,12,42,Duke,ACC,5,5,45.060,81.213,23,0.500,0.722,-0.222,-1.469,226.957,181.897,261,211,115,116,49.353,24
2023,12,43,Boise State,Mountain West,5,5,42.298,21.948,49,0.500,0.564,-0.064,-0.445,260.331,218.033,315,266,121,122,-26.709,89
2023,12,44,Northern Illinois,Mid-American,5,5,39.319,-56.990,95,0.500,0.328,0.172,1.089,219.828,180.508,255,213,116,118,-92.718,132
2023,12,45,Miami,ACC,5,5,38.250,75.522,27,0.500,0.717,-0.217,-1.440,231.746,193.496,292,238,126,123,41.914,37
2023,12,46,Kansas,Big 12,6,4,36.905,98.171,21,0.600,0.711,-0.111,-0.751,283.333,246.429,306,276,108,112,50.789,20
2023,12,47,Auburn,SEC,5,5,36.580,41.616,43,0.500,0.645,-0.145,-0.970,222.414,185.833,258,223,116,120,40.595,42
2023,12,48,Clemson,ACC,6,4,35.640,74.200,28,0.600,0.735,-0.135,-0.908,198.519,162.879,268,215,135,132,48.352,27
2023,12,49,TCU,Big 12,4,6,32.030,73.608,29,0.400,0.700,-0.300,-1.974,247.863,215.833,290,259,117,120,41.755,39
2023,12,50,Kentucky,SEC,5,5,31.458,63.216,33,0.500,0.666,-0.166,-1.105,245.133,213.675,277,250,113,117,21.739,55
2023,12,51,Wisconsin,Big Ten,6,5,27.185,46.533,40,0.545,0.649,-0.103,-0.698,184.962,157.778,246,213,133,135,20.075,59
2023,12,52,UCF,Big 12,4,6,25.534,-1.067,66,0.400,0.497,-0.097,-0.660,271.552,246.018,315,278,116,113,19.696,60
2023,12,53,Coastal Carolina,Sun Belt,6,4,20.000,-25.461,81,0.600,0.428,0.172,1.090,222.609,202.609,256,233,115,115,-36.547,94
2023,12,54,Iowa State,Big 12,5,5,18.106,53.495,38,0.500,0.662,-0.162,-1.081,205.932,187.826,243,216,118,115,40.643,40
2023,12,55,Maryland,Big Ten,5,5,16.622,81.105,24,0.500,0.698,-0.198,-1.313,235.043,218.421,275,249,117,114,53.264,19
2023,12,56,Utah,Pac-12,6,4,16.213,68.748,31,0.600,0.742,-0.142,-0.952,196.721,180.508,240,213,122,118,79.967,1
2023,12,57,NC State,ACC,7,3,12.334,46.401,41,0.700,0.655,0.045,0.265,180.303,167.969,238,215,132,128,27.278,52
2023,12,58,Oklahoma State,Big 12,7,3,12.001,58.675,37,0.700,0.677,0.023,0.120,220.149,208.148,295,281,134,135,41.908,38
2023,12,59,Texas Tech,Big 12,5,5,11.812,60.838,35,0.500,0.676,-0.176,-1.171,226.446,214.634,274,264,121,123,43.169,35
2023,12,60,Washington State,Pac-12,4,6,10.057,50.776,39,0.400,0.633,-0.233,-1.541,241.803,231.746,295,292,122,126,53.656,17
2023,12,61,Georgia Southern,Sun Belt,5,5,9.454,-67.786,101,0.500,0.326,0.174,1.100,238.462,229.008,310,300,130,131,-62.201,116
2023,12,62,Virginia Tech,ACC,5,6,8.802,19.601,51,0.455,0.556,-0.101,-0.684,211.765,202.963,288,274,136,135,11.182,68
2023,12,63,Louisiana,Sun Belt,4,6,2.799,-54.753,94,0.400,0.371,0.029,0.163,258.261,255.462,297,304,115,119,-48.374,106
2023,12,64,San José State,Mountain West,5,5,-0.075,-38.819,88,0.500,0.404,0.096,0.595,264.348,264.423,304,275,115,104,-19.991,80
2023,12,65,Nebraska,Big Ten,5,6,-3.629,14.720,55,0.455,0.559,-0.105,-0.708,156.061,159.690,206,206,132,129,21.589,56
2023,12,66,Rice,American Athletic,4,6,-6.011,-53.239,92,0.400,0.366,0.034,0.191,233.333,239.344,280,292,120,122,-42.601,104
2023,12,67,West Virginia,Big 12,6,4,-6.535,46.234,42,0.600,0.616,-0.016,-0.133,240.833,247.368,289,282,120,114,38.172,46
2023,12,68,Bowling Green,Mid-American,5,5,-11.111,-60.842,97,0.500,0.333,0.167,1.059,208.547,219.658,244,257,117,117,-41.394,103
2023,12,69,South Carolina,SEC,4,6,-11.672,31.534,46,0.400,0.597,-0.197,-1.306,209.756,221.429,258,279,123,126,59.946,11
2023,12,70,Wyoming,Mountain West,6,4,-14.156,-27.978,83,0.600,0.416,0.184,1.170,206.897,221.053,240,252,116,114,-4.864,71
2023,12,71,Western Kentucky,Conference USA,5,5,-18.254,-17.987,74,0.500,0.450,0.050,0.295,210.317,228.571,265,288,126,126,-13.330,75
2023,12,72,Florida,SEC,4,6,-19.492,35.262,44,0.400,0.592,-0.192,-1.277,234.746,254.237,277,300,118,118,53.384,18
2023,12,73,Rutgers,Big Ten,5,5,-21.176,21.728,50,0.500,0.563,-0.063,-0.439,174.107,195.283,195,207,112,106,63.069,9
2023,12,74,Boston College,ACC,5,5,-21.887,-19.271,75,0.500,0.450,0.050,0.295,220.354,242.241,249,281,113,116,0.624,70
2023,12,75,Georgia Tech,ACC,5,5,-21.992,8.685,61,0.500,0.521,-0.021,-0.163,246.341,268.333,303,322,123,120,33.720,50
2023,12,76,Northwestern,Big Ten,5,5,-24.209,14.549,56,0.500,0.546,-0.046,-0.330,168.033,192.241,205,223,122,116,43.356,34
2023,12,77,Arkansas,SEC,3,7,-25.640,-0.767,65,0.300,0.498,-0.198,-1.312,200.806,226.446,249,274,124,121,13.157,66
2023,12,78,Utah State,Mountain West,4,6,-28.122,-62.744,99,0.400,0.342,0.058,0.348,212.593,240.714,287,337,135,140,-31.838,92
2023,12,79,Texas State,Sun Belt,5,5,-30.259,-71.942,102,0.500,0.336,0.164,1.038,252.500,282.759,303,328,120,116,-51.284,107
2023,12,80,Florida Atlantic,American Athletic,3,7,-30.337,-91.417,107,0.300,0.227,0.073,0.447,177.600,207.937,222,262,125,126,-56.253,111
2023,12,81,Navy,American Athletic,4,5,-31.529,-98.069,108,0.444,0.154,0.291,1.860,145.536,177.064,163,193,112,109,-62.624,118
2023,12,82,California,Pac-12,4,6,-34.169,30.244,47,0.400,0.578,-0.178,-1.184,240.458,274.627,315,368,131,134,67.412,6
2023,12,83,Arkansas State,Sun Belt,5,5,-35.752,-17.711,73,0.500,0.450,0.050,0.299,234.167,269.919,281,332,120,123,-25.012,88
2023,12,84,Old Dominion,Sun Belt,4,6,-39.148,-59.411,96,0.400,0.326,0.074,0.455,192.000,231.148,240,282,125,122,-20.893,84
2023,12,85,Illinois,Big Ten,5,6,-40.835,0.170,64,0.455,0.500,-0.046,-0.326,187.313,228.148,251,308,134,135,38.976,44
2023,12,86,Syracuse,ACC,4,6,-41.419,-21.972,77,0.400,0.422,-0.022,-0.169,170.248,211.667,206,254,121,120,15.247,64
2023,12,87,North Texas,American Athletic,3,7,-41.751,-86.040,105,0.300,0.309,-0.009,-0.084,251.163,292.913,324,372,129,127,-57.841,114
2023,12,88,Purdue,Big Ten,3,8,-49.336,14.118,57,0.273,0.537,-0.265,-1.747,182.609,231.944,252,334,138,144,54.917,16
2023,12,89,Colorado State,Mountain West,4,6,-49.575,-66.496,100,0.400,0.318,0.082,0.504,196.825,246.400,248,308,126,125,-22.257,86
2023,12,90,Buffalo,Mid-American,3,7,-50.068,-111.593,117,0.300,0.170,0.130,0.819,158.594,208.661,203,265,128,127,-63.149,120
2023,12,91,Minnesota,Big Ten,5,6,-51.331,8.641,62,0.455,0.525,-0.071,-0.487,180.952,232.283,228,295,126,127,39.738,43
2023,12,92,Middle Tennessee,Conference USA,3,7,-53.720,-51.570,91,0.300,0.341,-0.041,-0.297,184.375,238.095,236,300,128,126,-12.226,74
2023,12,93,Marshall,Sun Belt,4,6,-55.008,-86.334,106,0.400,0.244,0.156,0.985,163.971,218.978,223,300,136,137,-17.987,79
2023,12,94,Eastern Michigan,Mid-American,4,6,-57.320,-167.727,130,0.400,0.106,0.294,1.882,165.487,222.807,187,254,113,114,-105.306,133
2023,12,95,Colorado,Pac-12,4,7,-58.763,17.074,53,0.364,0.544,-0.180,-1.200,221.379,280.142,321,395,145,141,62.381,10
2023,12,96,Sam Houston,Conference USA,1,9,-59.659,-99.217,109,0.100,0.190,-0.090,-0.611,151.969,211.628,193,273,127,129,-39.805,101
2023,12,97,Houston,Big 12,4,7,-62.500,-29.522,86,0.364,0.422,-0.058,-0.407,211.719,274.219,271,351,128,128,26.651,53
2023,12,98,Georgia State,Sun Belt,5,5,-63.360,-75.948,104,0.500,0.300,0.200,1.268,207.692,271.053,243,309,117,114,-20.383,82
2023,12,99,South Florida,American Athletic,4,6,-67.732,-109.438,114,0.400,0.233,0.167,1.055,210.370,278.102,284,381,135,137,-55.132,109
2023,12,100,Central Michigan,Mid-American,4,6,-73.390,-138.793,124,0.400,0.183,0.217,1.382,180.000,253.390,216,299,120,118,-66.899,123
2023,12,101,Western Michigan,Mid-American,3,7,-73.716,-123.418,120,0.300,0.211,0.089,0.553,188.189,261.905,239,330,127,126,-52.829,108
2023,12,102,Wake Forest,ACC,3,7,-74.018,-28.664,85,0.300,0.401,-0.101,-0.687,143.443,217.460,175,274,122,126,40.642,41
2023,12,103,UTEP,Conference USA,2,8,-76.943,-109.439,115,0.200,0.200,-0.000,-0.031,163.393,240.336,183,286,112,119,-29.432,90
2023,12,104,Mississippi State,SEC,4,6,-78.187,-29.730,87,0.400,0.408,-0.008,-0.079,173.950,252.137,207,295,119,117,44.895,32
2023,12,105,Cincinnati,Big 12,2,8,-79.130,-61.386,98,0.200,0.333,-0.133,-0.894,180.000,259.130,207,298,115,115,12.415,67
2023,12,106,Army,FBS Independents,3,6,-79.337,-42.857,90,0.333,0.357,-0.024,-0.182,158.163,237.500,155,228,98,96,-6.104,73
2023,12,107,San Diego State,Mountain West,2,8,-80.978,-102.943,110,0.200,0.212,-0.012,-0.104,162.385,243.363,177,275,109,113,-20.840,83
2023,12,108,East Carolina,American Athletic,1,9,-81.746,-104.179,111,0.100,0.159,-0.059,-0.412,108.730,190.476,137,240,126,126,-16.745,78
2023,12,109,Virginia,ACC,2,8,-85.965,-19.712,76,0.200,0.443,-0.243,-1.604,179.389,265.354,235,337,131,127,63.649,8
2023,12,110,BYU,Big 12,4,6,-86.093,-38.954,89,0.400,0.385,0.015,0.071,165.574,251.667,202,302,122,120,48.370,26
2023,12,111,Indiana,Big Ten,2,8,-86.950,-8.120,68,0.200,0.477,-0.277,-1.826,168.696,255.645,194,317,115,124,75.224,4
2023,12,112,Louisiana Tech,Conference USA,2,9,-89.406,-116.571,118,0.182,0.233,-0.051,-0.360,198.473,287.879,260,380,131,132,-38.302,98
2023,12,113,Pittsburgh,ACC,2,8,-94.185,-28.384,84,0.200,0.401,-0.201,-1.333,142.400,236.585,178,291,125,123,47.821,28
2023,12,114,Charlotte,American Athletic,2,8,-96.415,-138.887,125,0.200,0.133,0.067,0.410,140.984,237.398,172,292,122,123,-38.261,97
2023,12,115,UAB,American Athletic,3,7,-96.548,-142.807,128,0.300,0.204,0.096,0.596,227.419,323.967,282,392,124,121,-37.984,96
2023,12,116,Florida International,Conference USA,3,7,-96.611,-146.230,129,0.300,0.123,0.177,1.124,150.758,247.368,199,329,132,133,-55.769,110
2023,12,117,Nevada,Mountain West,2,8,-101.450,-111.317,116,0.200,0.159,0.041,0.238,159.350,260.800,196,326,123,125,-37.329,95
2023,12,118,Ball State,Mid-American,3,7,-104.529,-140.814,127,0.300,0.108,0.192,1.217,144.545,249.074,159,269,110,108,-62.348,117
2023,12,119,Michigan State,Big Ten,3,7,-116.969,-24.567,80,0.300,0.412,-0.112,-0.758,117.742,234.711,146,284,124,121,70.468,5
2023,12,119,Vanderbilt,SEC,1,9,-120.197,-52.210,93,0.100,0.363,-0.263,-1.644,173.504,293.701,203,373,117,127,49.863,25
2023,12,120,Akron,Mid-American,1,9,-117.074,-197.136,132,0.100,0.055,0.045,0.265,128.689,245.763,157,290,122,118,-91.849,131
2023,12,121,Arizona State,Pac-12,2,8,-119.786,-11.746,71,0.200,0.459,-0.259,-1.708,138.333,258.120,166,302,120,117,76.517,3
2023,12,123,Southern Miss,Sun Belt,2,8,-124.219,-109.403,113,0.200,0.202,-0.002,-0.042,172.656,296.875,221,380,128,128,-16.349,77
2023,12,124,New Mexico,Mountain West,3,7,-130.724,-133.739,122,0.300,0.206,0.094,0.582,209.091,339.815,230,367,110,108,-30.282,91
2023,12,125,Baylor,Big 12,2,8,-132.434,-73.233,103,0.200,0.316,-0.116,-0.780,177.049,309.483,216,359,122,116,44.278,33
2023,12,126,Stanford,Pac-12,3,7,-133.884,-14.095,72,0.300,0.453,-0.153,-1.020,166.116,300.000,201,366,121,122,77.674,2
2023,12,127,Hawai'i,Mountain West,3,8,-134.335,-140.504,126,0.273,0.166,0.106,0.663,170.543,304.878,220,375,129,123,-21.266,85
2023,12,128,Tulsa,American Athletic,2,8,-137.209,-118.548,119,0.200,0.183,0.017,0.082,162.791,300.000,210,372,129,124,-24.173,87
2023,12,129,Temple,American Athletic,2,8,-145.843,-174.854,131,0.200,0.110,0.090,0.557,163.248,309.091,191,374,117,121,-63.231,121
2023,12,130,UConn,FBS Independents,1,9,-150.018,-128.372,122,0.100,0.149,-0.049,-0.321,138.017,288.034,167,337,121,117,-11.579,79
2023,12,131,UL Monroe,Sun Belt,1,9,-150.609,-124.942,121,0.100,0.141,-0.041,-0.296,127.344,277.953,163,353,128,127,1.594,69
2023,12,132,Massachusetts,FBS Independents,2,8,-151.153,-106.906,112,0.200,0.256,-0.056,-0.389,192.437,343.590,229,402,119,117,-5.077,72
2023,12,133,Kent State,Mid-American,0,10,-220.462,-263.652,133,0.000,0.021,-0.021,-0.163,94.068,314.530,111,368,118,117,-72.915,125
2023,13,1,Michigan,Big Ten,12,0,266.907,256.041,1,1.000,0.964,0.036,0.199,360.800,93.893,451,123,125,131,33.814,49
2023,13,2,Oregon,Pac-12,10,1,233.613,226.433,2,0.909,0.929,-0.020,-0.158,388.235,154.622,462,184,119,119,41.682,38
2023,13,3,Georgia,SEC,11,0,208.410,197.862,5,1.000,0.901,0.099,0.602,358.824,150.413,427,182,119,121,19.772,63
2023,13,4,Penn State,Big Ten,9,2,198.414,208.316,4,0.818,0.960,-0.142,-0.940,296.899,98.485,383,130,129,132,48.534,30
2023,13,5,Ohio State,Big Ten,10,1,194.971,225.914,3,0.909,0.973,-0.064,-0.440,291.870,96.899,359,125,123,129,68.214,6
2023,13,6,Oklahoma,Big 12,10,2,176.723,150.169,13,0.833,0.842,-0.009,-0.086,352.381,175.658,518,267,147,152,25.168,58
2023,13,7,SMU,American Athletic,9,2,168.028,40.211,44,0.818,0.620,0.198,1.241,318.382,150.355,433,212,136,141,-61.928,119
2023,13,8,Notre Dame,FBS Independents,8,3,165.341,171.677,7,0.727,0.883,-0.156,-1.030,310.526,145.185,413,196,133,135,32.690,54
2023,13,9,Florida State,ACC,11,0,158.966,154.275,12,1.000,0.874,0.126,0.776,299.265,140.299,407,188,136,134,23.946,59
2023,13,10,Texas,Big 12,11,1,156.406,185.873,6,0.917,0.925,-0.008,-0.081,294.406,138.000,421,207,143,150,46.470,35
2023,13,11,LSU,SEC,8,3,144.961,159.943,9,0.727,0.781,-0.054,-0.372,407.563,262.602,485,323,119,123,53.298,19
2023,13,12,Liberty,Conference USA,12,0,141.497,65.200,34,1.000,0.649,0.351,2.215,327.211,185.714,481,260,147,140,-75.389,127
2023,13,13,Washington,Pac-12,12,0,133.691,171.176,8,1.000,0.852,0.148,0.918,328.058,194.366,456,276,139,142,49.224,28
2023,13,14,Alabama,SEC,10,1,121.796,157.263,11,0.909,0.881,0.028,0.150,277.099,155.303,363,205,131,132,52.533,21
2023,13,15,James Madison,Sun Belt,10,1,114.583,72.542,30,0.909,0.710,0.199,1.247,266.667,152.083,384,219,144,144,-38.784,96
2023,13,16,Kansas State,Big 12,7,4,114.482,158.885,10,0.636,0.859,-0.223,-1.458,298.540,184.058,409,254,137,138,58.427,13
2023,13,17,Troy,Sun Belt,9,2,105.344,75.551,29,0.818,0.748,0.070,0.420,235.115,129.771,308,170,131,131,-27.249,86
2023,13,18,Arizona,Pac-12,8,3,103.252,128.018,15,0.727,0.792,-0.064,-0.442,304.065,200.813,374,247,123,123,36.199,47
2023,13,19,Texas A&M,SEC,6,5,94.671,97.156,21,0.545,0.749,-0.204,-1.333,288.372,193.701,372,246,129,127,33.092,52
2023,13,20,Missouri,SEC,9,2,86.130,136.766,14,0.818,0.829,-0.010,-0.096,287.692,201.562,374,258,130,128,58.090,14
2023,13,21,Tennessee,SEC,7,4,83.133,88.035,22,0.636,0.741,-0.105,-0.702,267.692,184.559,348,251,130,136,46.660,34
2023,13,22,Oregon State,Pac-12,7,4,82.645,114.301,17,0.636,0.772,-0.136,-0.899,290.083,207.438,351,251,121,121,55.671,17
2023,13,23,Louisville,ACC,9,2,78.471,122.799,16,0.818,0.813,0.006,0.007,257.576,179.104,340,240,132,134,39.556,42
2023,13,24,Toledo,Mid-American,10,1,75.090,-12.199,70,0.909,0.467,0.442,2.802,262.687,187.597,352,242,134,129,-87.422,129
2023,13,25,Miami (OH),Mid-American,9,2,70.079,-11.886,69,0.818,0.457,0.361,2.280,208.661,138.583,265,176,127,127,-93.660,130
2023,13,27,UNLV,Mountain West,8,3,68.041,16.540,54,0.727,0.544,0.183,1.143,278.832,210.791,382,293,137,139,-41.084,100
2023,13,27,USC,Pac-12,7,5,68.323,104.376,19,0.583,0.705,-0.122,-0.819,336.913,268.590,502,419,149,156,57.430,14
2023,13,28,Memphis,American Athletic,8,3,67.998,13.571,56,0.727,0.531,0.196,1.225,306.569,238.571,420,334,137,140,-50.597,106
2023,13,29,App State,Sun Belt,7,4,67.308,19.001,50,0.636,0.546,0.090,0.548,286.567,219.259,384,296,134,135,-47.340,103
2023,13,30,Air Force,Mountain West,7,4,67.137,12.917,57,0.636,0.536,0.100,0.612,244.915,177.778,289,208,118,117,-56.062,114
2023,13,31,Ohio,Mid-American,8,3,66.734,-31.808,84,0.727,0.398,0.329,2.080,213.793,147.059,248,175,116,119,-97.933,131
2023,13,32,Tulane,American Athletic,10,1,63.629,17.338,51,0.909,0.554,0.355,2.242,241.129,177.500,299,213,124,120,-52.981,111
2023,13,33,Kansas,Big 12,7,4,63.449,110.759,18,0.636,0.735,-0.099,-0.663,300.847,237.398,355,292,118,123,40.908,41
2023,13,34,South Alabama,Sun Belt,5,6,63.401,-0.395,64,0.455,0.499,-0.044,-0.313,252.632,189.231,336,246,133,130,-35.068,92
2023,13,35,Ole Miss,SEC,9,2,63.059,105.030,19,0.818,0.766,0.052,0.302,265.385,202.326,345,261,130,129,41.534,39
2023,13,36,New Mexico State,Conference USA,9,3,56.799,-5.990,66,0.750,0.483,0.267,1.682,243.307,186.508,309,235,127,126,-69.192,124
2023,13,37,Miami,ACC,6,5,53.448,85.240,24,0.545,0.733,-0.188,-1.232,245.985,192.537,337,258,137,134,34.026,48
2023,13,38,Jacksonville State,Conference USA,7,4,50.231,-23.786,76,0.636,0.418,0.218,1.369,208.784,158.553,309,241,148,152,-58.120,116
2023,13,39,North Carolina,ACC,7,4,49.759,81.192,25,0.636,0.681,-0.045,-0.317,283.582,233.824,380,318,134,136,27.195,55
2023,13,40,UTSA,American Athletic,8,4,48.916,-11.378,68,0.667,0.468,0.199,1.244,251.656,202.740,380,296,151,146,-64.955,123
2023,13,41,Duke,ACC,6,5,48.413,80.547,26,0.545,0.716,-0.171,-1.123,230.952,182.540,291,230,126,126,44.062,36
2023,13,42,Iowa,Big Ten,10,2,46.670,58.011,37,0.833,0.767,0.067,0.398,140.260,93.590,216,146,154,156,12.774,66
2023,13,43,Boise State,Mountain West,6,5,44.805,28.125,49,0.545,0.582,-0.037,-0.264,259.091,214.286,342,285,132,133,-22.720,81
2023,13,44,Northern Illinois,Mid-American,6,5,43.875,-67.024,100,0.545,0.308,0.237,1.488,229.921,186.047,292,240,127,129,-107.768,132
2023,13,45,Clemson,ACC,7,4,39.031,80.508,27,0.636,0.764,-0.128,-0.847,193.197,154.167,284,222,147,144,50.192,24
2023,13,46,Fresno State,Mountain West,7,4,35.012,-42.656,91,0.636,0.382,0.255,1.601,246.212,211.200,325,264,132,125,-62.009,121
2023,13,47,Kentucky,SEC,6,5,34.501,77.087,28,0.545,0.692,-0.146,-0.967,254.032,219.531,315,281,124,128,33.595,50
2023,13,48,Wisconsin,Big Ten,7,5,33.486,50.218,40,0.583,0.660,-0.077,-0.522,188.966,155.479,274,227,145,146,17.126,64
2023,13,49,Virginia Tech,ACC,6,6,33.365,33.517,47,0.500,0.595,-0.095,-0.636,228.667,195.302,343,291,150,149,9.134,68
2023,13,50,UCF,Big 12,5,6,33.104,7.646,61,0.455,0.520,-0.066,-0.449,273.600,240.496,342,291,125,121,14.022,65
2023,13,51,Auburn,SEC,5,6,31.208,48.461,42,0.455,0.660,-0.205,-1.344,222.047,190.840,282,250,127,131,50.013,25
2023,13,52,Maryland,Big Ten,6,5,28.886,85.467,23,0.545,0.708,-0.162,-1.069,243.846,214.961,317,273,130,127,47.569,32
2023,13,53,Louisiana,Sun Belt,5,6,27.262,-39.881,88,0.455,0.409,0.046,0.263,279.200,251.938,349,325,125,129,-59.536,117
2023,13,54,UCLA,Pac-12,6,5,24.443,42.002,43,0.545,0.657,-0.112,-0.745,181.159,156.716,250,210,138,134,33.018,53
2023,13,55,NC State,ACC,8,3,23.177,66.999,32,0.727,0.719,0.008,0.024,191.034,167.857,277,235,145,140,37.493,45
2023,13,56,Iowa State,Big 12,6,5,21.464,68.690,31,0.545,0.699,-0.153,-1.011,217.557,196.094,285,251,131,128,52.111,22
2023,13,57,Utah,Pac-12,7,4,18.308,66.815,33,0.636,0.726,-0.089,-0.602,202.308,184.000,263,230,130,125,72.956,4
2023,13,58,Wyoming,Mountain West,7,4,15.745,-13.161,71,0.636,0.461,0.175,1.093,223.810,208.065,282,258,126,124,-17.603,74
2023,13,59,Bowling Green,Mid-American,6,5,12.041,-41.956,90,0.545,0.382,0.163,1.017,220.635,208.594,278,267,126,128,-50.354,104
2023,13,60,Oklahoma State,Big 12,8,3,11.924,49.016,41,0.727,0.648,0.079,0.477,223.333,211.409,335,315,150,149,33.125,51
2023,13,61,Washington State,Pac-12,4,7,8.483,58.221,36,0.364,0.657,-0.293,-1.908,235.821,227.338,316,316,134,139,61.714,12
2023,13,62,TCU,Big 12,4,7,7.171,59.657,35,0.364,0.653,-0.290,-1.884,253.788,246.617,335,328,132,133,51.680,23
2023,13,63,San José State,Mountain West,6,5,2.417,-33.165,85,0.545,0.419,0.126,0.779,268.504,266.087,341,306,127,115,-18.459,76
2023,13,64,Nebraska,Big Ten,5,7,-3.147,16.573,53,0.417,0.566,-0.150,-0.987,150.000,153.147,216,219,144,143,23.663,60
2023,13,65,Rice,American Athletic,5,6,-5.085,-52.665,93,0.455,0.370,0.085,0.513,233.846,238.931,304,313,130,131,-43.600,102
2023,13,66,Georgia Southern,Sun Belt,5,6,-5.820,-69.709,102,0.455,0.325,0.130,0.800,239.007,244.828,337,355,141,145,-51.232,107
2023,13,67,West Virginia,Big 12,7,4,-5.854,33.806,46,0.636,0.584,0.052,0.303,246.565,252.419,323,313,131,124,26.560,56
2023,13,68,Western Kentucky,Conference USA,6,5,-7.246,-19.054,72,0.545,0.449,0.096,0.588,221.739,228.986,306,316,138,138,-24.670,83
2023,13,69,California,Pac-12,5,6,-11.779,51.835,39,0.455,0.632,-0.177,-1.165,245.070,256.849,348,375,142,146,63.655,9
2023,13,70,Coastal Carolina,Sun Belt,6,5,-14.961,-38.551,87,0.545,0.394,0.151,0.940,212.598,227.559,270,289,127,127,-27.417,87
2023,13,71,South Carolina,SEC,4,7,-17.472,29.960,48,0.364,0.594,-0.230,-1.504,196.296,213.768,265,295,135,138,62.607,11
2023,13,72,Texas State,Sun Belt,6,5,-19.433,-61.598,97,0.545,0.363,0.182,1.137,268.939,288.372,355,372,132,129,-51.443,108
2023,13,73,Utah State,Mountain West,5,6,-23.410,-67.023,99,0.455,0.335,0.119,0.736,223.649,247.059,331,378,148,153,-41.025,99
2023,13,74,Northwestern,Big Ten,6,5,-23.989,9.785,60,0.545,0.529,0.016,0.075,183.824,207.812,250,266,136,128,39.328,44
2023,13,75,Florida,SEC,4,7,-24.806,39.221,45,0.364,0.605,-0.241,-1.574,226.357,251.163,292,324,129,129,63.134,10
2023,13,76,Georgia Tech,ACC,5,6,-26.674,16.623,52,0.455,0.540,-0.085,-0.575,246.970,273.643,326,353,132,129,47.463,33
2023,13,77,Texas Tech,Big 12,5,6,-27.689,55.108,38,0.455,0.664,-0.209,-1.370,206.618,234.307,281,321,136,137,57.530,16
2023,13,78,Florida Atlantic,American Athletic,3,8,-28.951,-86.354,106,0.273,0.242,0.031,0.169,181.343,210.294,243,286,134,136,-53.780,113
2023,13,79,Old Dominion,Sun Belt,5,6,-33.796,-55.336,94,0.455,0.330,0.125,0.769,187.943,221.739,265,306,141,138,-20.888,79
2023,13,80,Rutgers,Big Ten,5,6,-34.044,15.358,55,0.455,0.545,-0.090,-0.606,175.200,209.244,219,249,125,119,65.527,7
2023,13,81,Illinois,Big Ten,5,7,-35.543,4.949,62,0.417,0.513,-0.097,-0.647,201.370,236.913,294,353,146,149,37.445,46
2023,13,82,Syracuse,ACC,5,6,-37.272,-24.455,77,0.455,0.424,0.031,0.168,185.385,222.656,241,285,130,128,9.254,67
2023,13,83,North Texas,American Athletic,4,7,-37.983,-87.668,107,0.364,0.307,0.057,0.333,259.859,297.842,369,414,142,139,-61.683,118
2023,13,84,Boston College,ACC,5,6,-39.757,-30.440,82,0.455,0.423,0.031,0.170,216.935,256.693,269,326,124,127,8.308,69
2023,13,85,South Florida,American Athletic,5,6,-40.515,-93.893,110,0.455,0.265,0.189,1.184,222.819,263.333,332,395,149,150,-62.006,120
2023,13,86,Marshall,Sun Belt,5,6,-40.583,-69.354,101,0.455,0.290,0.165,1.027,172.000,212.583,258,321,150,151,-16.311,73
2023,13,87,Arkansas State,Sun Belt,5,6,-42.510,-34.018,86,0.455,0.402,0.053,0.308,225.373,267.883,302,367,134,137,-31.565,90
2023,13,88,Eastern Michigan,Mid-American,5,6,-43.200,-156.519,130,0.455,0.121,0.334,2.107,168.800,212.000,211,265,125,125,-108.863,133
2023,13,89,Purdue,Big Ten,4,8,-43.431,12.291,59,0.333,0.533,-0.200,-1.309,187.582,231.013,287,365,153,158,48.698,29
2023,13,90,Colorado State,Mountain West,4,7,-48.148,-75.815,105,0.364,0.298,0.066,0.394,200.000,248.148,272,335,136,135,-32.870,91
2023,13,91,Arkansas,SEC,3,8,-48.328,-5.764,65,0.273,0.483,-0.210,-1.373,191.971,240.299,263,322,137,134,26.474,57
2023,13,92,Sam Houston,Conference USA,2,9,-50.942,-92.805,109,0.182,0.208,-0.026,-0.196,155.396,206.338,216,293,139,142,-42.232,101
2023,13,93,Middle Tennessee,Conference USA,3,8,-52.498,-59.253,95,0.273,0.320,-0.047,-0.333,181.560,234.058,256,323,141,138,-20.048,78
2023,13,94,Buffalo,Mid-American,3,8,-53.957,-122.349,119,0.273,0.144,0.128,0.793,153.957,207.914,214,289,139,139,-69.218,125
2023,13,95,Minnesota,Big Ten,5,7,-55.732,3.668,63,0.417,0.511,-0.094,-0.632,176.642,232.374,242,323,137,139,41.011,40
2023,13,96,Georgia State,Sun Belt,5,6,-56.171,-70.696,103,0.455,0.308,0.146,0.907,200.752,256.923,267,334,133,130,-19.614,77
2023,13,97,Colorado,Pac-12,4,8,-58.168,12.804,58,0.333,0.532,-0.199,-1.304,222.368,280.537,338,418,152,149,58.056,15
2023,13,98,San Diego State,Mountain West,3,8,-61.290,-90.711,108,0.273,0.244,0.029,0.156,175.000,236.290,210,293,120,124,-28.468,88
2023,13,99,Houston,Big 12,4,8,-67.089,-41.575,89,0.333,0.390,-0.057,-0.391,208.824,275.912,284,378,136,137,21.376,62
2023,13,100,Navy,American Athletic,4,6,-68.276,-105.816,113,0.400,0.146,0.254,1.596,138.281,206.557,177,252,128,122,-50.357,105
2023,13,101,Wake Forest,ACC,3,8,-70.427,-23.591,75,0.273,0.428,-0.155,-1.024,158.462,228.889,206,309,130,135,39.541,43
2023,13,102,East Carolina,American Athletic,1,10,-75.220,-102.777,111,0.091,0.174,-0.083,-0.560,119.708,194.928,164,269,137,138,-23.637,82
2023,13,103,Mississippi State,SEC,4,7,-76.641,-24.807,78,0.364,0.418,-0.054,-0.375,163.359,240.000,214,312,131,130,49.619,26
2023,13,104,Central Michigan,Mid-American,4,7,-77.358,-140.454,125,0.364,0.178,0.186,1.162,179.231,256.589,233,331,130,129,-64.105,122
2023,13,105,BYU,Big 12,4,7,-77.941,-30.701,83,0.364,0.410,-0.047,-0.328,173.529,251.471,236,342,136,136,49.333,27
2023,13,106,Army,FBS Independents,3,6,-79.337,-42.857,90,0.333,0.357,-0.024,-0.182,158.163,237.500,155,228,98,96,-6.104,73
2023,13,106,UTEP,Conference USA,2,9,-78.324,-102.790,112,0.182,0.216,-0.034,-0.247,170.161,248.485,211,328,124,132,-21.897,80
2023,13,107,Indiana,Big Ten,2,9,-78.819,-7.193,67,0.182,0.479,-0.297,-1.934,174.419,253.237,225,352,129,139,69.656,5
2023,13,109,UAB,American Athletic,3,8,-87.884,-134.831,124,0.273,0.219,0.053,0.313,238.235,326.119,324,437,136,134,-39.888,97
2023,13,110,Western Michigan,Mid-American,3,8,-89.195,-143.105,126,0.273,0.175,0.097,0.595,180.435,269.630,249,364,138,135,-52.854,110
2023,13,112,Louisiana Tech,Conference USA,2,9,-89.406,-116.571,118,0.182,0.233,-0.051,-0.360,198.473,287.879,260,380,131,132,-38.302,98
2023,13,112,Pittsburgh,ACC,2,9,-93.626,-28.845,80,0.182,0.400,-0.218,-1.425,145.926,239.552,197,321,135,134,47.953,31
2023,13,113,Ball State,Mid-American,3,8,-94.532,-128.299,121,0.273,0.130,0.143,0.887,143.802,238.333,174,286,121,120,-56.484,115
2023,13,114,Florida International,Conference USA,3,8,-97.534,-143.699,127,0.273,0.137,0.136,0.839,157.639,255.172,227,370,144,145,-51.613,109
2023,13,115,Cincinnati,Big 12,2,9,-100.616,-71.843,104,0.182,0.308,-0.126,-0.834,176.984,277.600,223,347,126,125,22.026,61
2023,13,116,Virginia,ACC,2,9,-104.221,-30.099,81,0.182,0.413,-0.231,-1.507,173.793,278.014,252,392,145,141,63.865,8
2023,13,117,Charlotte,American Athletic,2,9,-110.397,-149.943,129,0.182,0.114,0.068,0.404,137.778,248.175,186,340,135,137,-40.983,98
2023,13,118,Akron,Mid-American,1,10,-115.559,-188.697,132,0.091,0.066,0.024,0.127,130.534,246.094,171,315,131,128,-84.396,128
2023,13,119,New Mexico,Mountain West,3,8,-119.344,-132.699,123,0.273,0.212,0.061,0.359,220.325,339.669,271,411,123,121,-36.549,94
2023,13,120,Nevada,Mountain West,2,9,-120.713,-127.807,120,0.182,0.129,0.052,0.306,151.880,272.593,202,368,133,135,-35.091,93
2023,13,121,Hawai'i,Mountain West,4,8,-122.302,-132.224,122,0.333,0.182,0.151,0.937,177.698,300.000,247,399,139,133,-25.423,85
2023,13,122,Baylor,Big 12,2,9,-122.328,-64.794,98,0.182,0.337,-0.155,-1.025,187.121,309.449,247,393,132,127,41.951,37
2023,13,123,UConn,FBS Independents,2,9,-124.205,-120.017,117,0.182,0.162,0.020,0.100,148.872,273.077,198,355,133,130,-24.739,84
2023,13,124,Tulsa,American Athletic,3,8,-126.052,-117.083,116,0.273,0.195,0.078,0.469,169.504,295.556,239,399,141,135,-30.943,89
2023,13,125,Southern Miss,Sun Belt,2,9,-127.338,-108.245,114,0.182,0.214,-0.032,-0.233,171.223,298.561,238,415,139,139,-8.774,71
2023,13,126,Vanderbilt,SEC,1,10,-129.595,-60.560,96,0.091,0.347,-0.256,-1.668,173.282,302.878,227,421,131,139,53.014,20
2023,13,127,Arizona State,Pac-12,2,9,-135.587,-21.070,74,0.182,0.430,-0.248,-1.618,142.105,277.692,189,361,133,130,78.750,3
2023,13,128,Michigan State,Big Ten,3,8,-137.760,-26.437,79,0.273,0.405,-0.133,-0.879,107.353,245.113,146,326,136,133,81.170,2
2023,13,129,Massachusetts,FBS Independents,2,9,-148.538,-121.831,118,0.182,0.227,-0.045,-0.318,187.121,335.659,247,433,132,129,-18.362,75
2023,13,130,Stanford,Pac-12,3,8,-148.999,-21.052,73,0.273,0.434,-0.161,-1.062,165.926,314.925,224,422,135,134,86.075,1
2023,13,131,Temple,American Athletic,2,9,-150.697,-172.838,131,0.182,0.112,0.070,0.418,164.341,315.038,212,419,129,133,-53.180,112
2023,13,132,UL Monroe,Sun Belt,1,10,-162.287,-146.645,128,0.091,0.116,-0.026,-0.193,133.333,295.620,184,405,138,137,-6.158,70
2023,13,133,Kent State,Mid-American,0,11,-209.430,-253.417,133,0.000,0.032,-0.032,-0.236,106.977,316.406,138,405,129,128,-71.756,126
2023,14,1,Michigan,Big Ten,13,0,257.749,253.631,1,1.000,0.965,0.035,0.227,343.165,85.417,477,123,139,144,34.212,49
2023,14,2,Oregon,Pac-12,10,2,214.478,222.540,3,0.833,0.923,-0.090,-0.591,382.171,167.692,493,218,129,130,53.109,24
2023,14,4,Penn State,Big Ten,9,2,198.414,208.316,4,0.818,0.960,-0.142,-0.940,296.899,98.485,383,130,129,132,48.534,30
2023,14,5,Georgia,SEC,11,1,188.590,191.971,6,0.917,0.894,0.022,0.144,346.923,158.333,451,209,130,132,30.994,57
2023,14,5,Ohio State,Big Ten,10,1,194.971,225.914,3,0.909,0.973,-0.064,-0.440,291.870,96.899,359,125,123,129,68.214,6
2023,14,6,Oklahoma,Big 12,10,2,176.723,150.169,13,0.833,0.842,-0.009,-0.086,352.381,175.658,518,267,147,152,25.168,58
2023,14,8,Notre Dame,FBS Independents,8,3,165.341,171.677,7,0.727,0.883,-0.156,-1.030,310.526,145.185,413,196,133,135,32.690,54
2023,14,8,Texas,Big 12,12,1,163.580,196.041,5,0.923,0.925,-0.002,-0.017,305.195,141.615,470,228,154,161,47.781,33
2023,14,9,SMU,American Athletic,10,2,161.128,46.433,42,0.833,0.640,0.193,1.263,306.000,144.872,459,226,150,156,-54.893,114
2023,14,10,Florida State,ACC,12,0,148.956,156.211,12,1.000,0.890,0.110,0.715,278.289,129.333,423,194,152,150,31.534,55
2023,14,11,LSU,SEC,8,3,144.961,159.943,9,0.727,0.781,-0.054,-0.372,407.563,262.602,485,323,119,123,53.298,19
2023,14,12,Liberty,Conference USA,13,0,138.776,66.999,32,1.000,0.648,0.352,2.299,335.443,196.667,530,295,158,150,-70.118,126
2023,14,13,Washington,Pac-12,13,0,124.693,175.739,7,1.000,0.856,0.144,0.939,326.667,201.974,490,307,150,152,63.238,10
2023,14,14,Troy,Sun Belt,10,2,117.381,92.723,22,0.833,0.783,0.050,0.327,251.408,134.028,357,193,142,144,-23.888,83
2023,14,15,James Madison,Sun Belt,10,1,114.583,72.542,30,0.909,0.710,0.199,1.247,266.667,152.083,384,219,144,144,-38.784,96
2023,14,16,Alabama,SEC,11,1,114.508,163.538,9,0.917,0.891,0.026,0.168,274.648,160.140,390,229,142,143,65.263,7
2023,14,16,Kansas State,Big 12,7,4,114.482,158.885,10,0.636,0.859,-0.223,-1.458,298.540,184.058,409,254,137,138,58.427,13
2023,14,18,Arizona,Pac-12,8,3,103.252,128.018,15,0.727,0.792,-0.064,-0.442,304.065,200.813,374,247,123,123,36.199,47
2023,14,19,Texas A&M,SEC,6,5,94.671,97.156,21,0.545,0.749,-0.204,-1.333,288.372,193.701,372,246,129,127,33.092,52
2023,14,20,Missouri,SEC,9,2,86.130,136.766,14,0.818,0.829,-0.010,-0.096,287.692,201.562,374,258,130,128,58.090,14
2023,14,21,Tennessee,SEC,7,4,83.133,88.035,22,0.636,0.741,-0.105,-0.702,267.692,184.559,348,251,130,136,46.660,34
2023,14,22,Oregon State,Pac-12,7,4,82.645,114.301,17,0.636,0.772,-0.136,-0.899,290.083,207.438,351,251,121,121,55.671,17
2023,14,23,Miami (OH),Mid-American,10,2,69.504,-7.286,66,0.833,0.473,0.360,2.354,204.255,134.752,288,190,141,141,-87.603,130
2023,14,27,USC,Pac-12,7,5,68.323,104.376,19,0.583,0.705,-0.122,-0.819,336.913,268.590,502,419,149,156,57.430,14
2023,14,28,Memphis,American Athletic,8,3,67.998,13.571,56,0.727,0.531,0.196,1.225,306.569,238.571,420,334,137,140,-50.597,106
2023,14,30,Air Force,Mountain West,7,4,67.137,12.917,57,0.636,0.536,0.100,0.612,244.915,177.778,289,208,118,117,-56.062,114
2023,14,30,Louisville,ACC,9,3,63.117,119.609,16,0.750,0.819,-0.069,-0.457,233.784,170.667,346,256,148,150,48.511,30
2023,14,31,Ohio,Mid-American,8,3,66.734,-31.808,84,0.727,0.398,0.329,2.080,213.793,147.059,248,175,116,119,-97.933,131
2023,14,32,Toledo,Mid-American,10,2,61.983,-17.070,71,0.833,0.453,0.381,2.488,247.297,185.315,366,265,148,143,-80.667,128
2023,14,33,Boise State,Mountain West,7,5,55.862,41.048,44,0.583,0.618,-0.034,-0.228,266.207,210.345,386,305,145,145,-19.876,78
2023,14,33,Kansas,Big 12,7,4,63.449,110.759,18,0.636,0.735,-0.099,-0.663,300.847,237.398,355,292,118,123,40.908,41
2023,14,34,South Alabama,Sun Belt,5,6,63.401,-0.395,64,0.455,0.499,-0.044,-0.313,252.632,189.231,336,246,133,130,-35.068,92
2023,14,35,Ole Miss,SEC,9,2,63.059,105.030,19,0.818,0.766,0.052,0.302,265.385,202.326,345,261,130,129,41.534,39
2023,14,37,Miami,ACC,6,5,53.448,85.240,24,0.545,0.733,-0.188,-1.232,245.985,192.537,337,258,137,134,34.026,48
2023,14,38,Jacksonville State,Conference USA,7,4,50.231,-23.786,76,0.636,0.418,0.218,1.369,208.784,158.553,309,241,148,152,-58.120,116
2023,14,39,North Carolina,ACC,7,4,49.759,81.192,25,0.636,0.681,-0.045,-0.317,283.582,233.824,380,318,134,136,27.195,55
2023,14,39,UNLV,Mountain West,8,4,48.088,3.402,61,0.667,0.509,0.158,1.029,269.799,221.711,402,337,149,152,-35.103,93
2023,14,40,Tulane,American Athletic,10,2,46.822,12.219,56,0.833,0.539,0.294,1.923,225.180,178.358,313,239,139,134,-44.542,104
2023,14,40,UTSA,American Athletic,8,4,48.916,-11.378,68,0.667,0.468,0.199,1.244,251.656,202.740,380,296,151,146,-64.955,123
2023,14,41,Duke,ACC,6,5,48.413,80.547,26,0.545,0.716,-0.171,-1.123,230.952,182.540,291,230,126,126,44.062,36
2023,14,42,New Mexico State,Conference USA,9,4,43.796,-7.447,67,0.692,0.479,0.213,1.390,251.095,207.299,344,284,137,137,-58.445,119
2023,14,43,App State,Sun Belt,7,5,40.569,1.574,63,0.583,0.504,0.080,0.518,276.871,236.301,407,345,147,146,-36.860,96
2023,14,44,Northern Illinois,Mid-American,6,5,43.875,-67.024,100,0.545,0.308,0.237,1.488,229.921,186.047,292,240,127,129,-107.768,132
2023,14,45,Clemson,ACC,7,4,39.031,80.508,27,0.636,0.764,-0.128,-0.847,193.197,154.167,284,222,147,144,50.192,24
2023,14,46,Fresno State,Mountain West,7,4,35.012,-42.656,91,0.636,0.382,0.255,1.601,246.212,211.200,325,264,132,125,-62.009,121
2023,14,47,Kentucky,SEC,6,5,34.501,77.087,28,0.545,0.692,-0.146,-0.967,254.032,219.531,315,281,124,128,33.595,50
2023,14,48,Wisconsin,Big Ten,7,5,33.486,50.218,40,0.583,0.660,-0.077,-0.522,188.966,155.479,274,227,145,146,17.126,64
2023,14,49,Virginia Tech,ACC,6,6,33.365,33.517,47,0.500,0.595,-0.095,-0.636,228.667,195.302,343,291,150,149,9.134,68
2023,14,50,UCF,Big 12,5,6,33.104,7.646,61,0.455,0.520,-0.066,-0.449,273.600,240.496,342,291,125,121,14.022,65
2023,14,51,Auburn,SEC,5,6,31.208,48.461,42,0.455,0.660,-0.205,-1.344,222.047,190.840,282,250,127,131,50.013,25
2023,14,52,Iowa,Big Ten,10,3,28.165,58.612,36,0.769,0.774,-0.004,-0.031,129.341,101.176,216,172,167,170,31.140,56
2023,14,52,Maryland,Big Ten,6,5,28.886,85.467,23,0.545,0.708,-0.162,-1.069,243.846,214.961,317,273,130,127,47.569,32
2023,14,53,Louisiana,Sun Belt,5,6,27.262,-39.881,88,0.455,0.409,0.046,0.263,279.200,251.938,349,325,125,129,-59.536,117
2023,14,54,UCLA,Pac-12,6,5,24.443,42.002,43,0.545,0.657,-0.112,-0.745,181.159,156.716,250,210,138,134,33.018,53
2023,14,55,NC State,ACC,8,3,23.177,66.999,32,0.727,0.719,0.008,0.024,191.034,167.857,277,235,145,140,37.493,45
2023,14,56,Iowa State,Big 12,6,5,21.464,68.690,31,0.545,0.699,-0.153,-1.011,217.557,196.094,285,251,131,128,52.111,22
2023,14,57,Utah,Pac-12,7,4,18.308,66.815,33,0.636,0.726,-0.089,-0.602,202.308,184.000,263,230,130,125,72.956,4
2023,14,58,Wyoming,Mountain West,7,4,15.745,-13.161,71,0.636,0.461,0.175,1.093,223.810,208.065,282,258,126,124,-17.603,74
2023,14,59,Bowling Green,Mid-American,6,5,12.041,-41.956,90,0.545,0.382,0.163,1.017,220.635,208.594,278,267,126,128,-50.354,104
2023,14,61,Washington State,Pac-12,4,7,8.483,58.221,36,0.364,0.657,-0.293,-1.908,235.821,227.338,316,316,134,139,61.714,12
2023,14,62,TCU,Big 12,4,7,7.171,59.657,35,0.364,0.653,-0.290,-1.884,253.788,246.617,335,328,132,133,51.680,23
2023,14,63,San José State,Mountain West,6,5,2.417,-33.165,85,0.545,0.419,0.126,0.779,268.504,266.087,341,306,127,115,-18.459,76
2023,14,64,Nebraska,Big Ten,5,7,-3.147,16.573,53,0.417,0.566,-0.150,-0.987,150.000,153.147,216,219,144,143,23.663,60
2023,14,65,Rice,American Athletic,5,6,-5.085,-52.665,93,0.455,0.370,0.085,0.513,233.846,238.931,304,313,130,131,-43.600,102
2023,14,66,Georgia Southern,Sun Belt,5,6,-5.820,-69.709,102,0.455,0.325,0.130,0.800,239.007,244.828,337,355,141,145,-51.232,107
2023,14,67,Oklahoma State,Big 12,8,4,-6.382,41.032,45,0.667,0.619,0.048,0.312,221.118,227.500,356,364,161,160,47.676,34
2023,14,67,West Virginia,Big 12,7,4,-5.854,33.806,46,0.636,0.584,0.052,0.303,246.565,252.419,323,313,131,124,26.560,56
2023,14,68,Western Kentucky,Conference USA,6,5,-7.246,-19.054,72,0.545,0.449,0.096,0.588,221.739,228.986,306,316,138,138,-24.670,83
2023,14,69,California,Pac-12,5,6,-11.779,51.835,39,0.455,0.632,-0.177,-1.165,245.070,256.849,348,375,142,146,63.655,9
2023,14,70,Coastal Carolina,Sun Belt,6,5,-14.961,-38.551,87,0.545,0.394,0.151,0.940,212.598,227.559,270,289,127,127,-27.417,87
2023,14,71,South Carolina,SEC,4,7,-17.472,29.960,48,0.364,0.594,-0.230,-1.504,196.296,213.768,265,295,135,138,62.607,11
2023,14,72,Texas State,Sun Belt,6,5,-19.433,-61.598,97,0.545,0.363,0.182,1.137,268.939,288.372,355,372,132,129,-51.443,108
2023,14,73,Utah State,Mountain West,5,6,-23.410,-67.023,99,0.455,0.335,0.119,0.736,223.649,247.059,331,378,148,153,-41.025,99
2023,14,74,Northwestern,Big Ten,6,5,-23.989,9.785,60,0.545,0.529,0.016,0.075,183.824,207.812,250,266,136,128,39.328,44
2023,14,75,Florida,SEC,4,7,-24.806,39.221,45,0.364,0.605,-0.241,-1.574,226.357,251.163,292,324,129,129,63.134,10
2023,14,76,Georgia Tech,ACC,5,6,-26.674,16.623,52,0.455,0.540,-0.085,-0.575,246.970,273.643,326,353,132,129,47.463,33
2023,14,77,Texas Tech,Big 12,5,6,-27.689,55.108,38,0.455,0.664,-0.209,-1.370,206.618,234.307,281,321,136,137,57.530,16
2023,14,78,Florida Atlantic,American Athletic,3,8,-28.951,-86.354,106,0.273,0.242,0.031,0.169,181.343,210.294,243,286,134,136,-53.780,113
2023,14,79,Old Dominion,Sun Belt,5,6,-33.796,-55.336,94,0.455,0.330,0.125,0.769,187.943,221.739,265,306,141,138,-20.888,79
2023,14,80,Rutgers,Big Ten,5,6,-34.044,15.358,55,0.455,0.545,-0.090,-0.606,175.200,209.244,219,249,125,119,65.527,7
2023,14,81,Illinois,Big Ten,5,7,-35.543,4.949,62,0.417,0.513,-0.097,-0.647,201.370,236.913,294,353,146,149,37.445,46
2023,14,82,Syracuse,ACC,5,6,-37.272,-24.455,77,0.455,0.424,0.031,0.168,185.385,222.656,241,285,130,128,9.254,67
2023,14,83,North Texas,American Athletic,4,7,-37.983,-87.668,107,0.364,0.307,0.057,0.333,259.859,297.842,369,414,142,139,-61.683,118
2023,14,84,Boston College,ACC,5,6,-39.757,-30.440,82,0.455,0.423,0.031,0.170,216.935,256.693,269,326,124,127,8.308,69
2023,14,85,South Florida,American Athletic,5,6,-40.515,-93.893,110,0.455,0.265,0.189,1.184,222.819,263.333,332,395,149,150,-62.006,120
2023,14,86,Marshall,Sun Belt,5,6,-40.583,-69.354,101,0.455,0.290,0.165,1.027,172.000,212.583,258,321,150,151,-16.311,73
2023,14,87,Arkansas State,Sun Belt,5,6,-42.510,-34.018,86,0.455,0.402,0.053,0.308,225.373,267.883,302,367,134,137,-31.565,90
2023,14,88,Eastern Michigan,Mid-American,5,6,-43.200,-156.519,130,0.455,0.121,0.334,2.107,168.800,212.000,211,265,125,125,-108.863,133
2023,14,89,Purdue,Big Ten,4,8,-43.431,12.291,59,0.333,0.533,-0.200,-1.309,187.582,231.013,287,365,153,158,48.698,29
2023,14,90,Colorado State,Mountain West,4,7,-48.148,-75.815,105,0.364,0.298,0.066,0.394,200.000,248.148,272,335,136,135,-32.870,91
2023,14,91,Arkansas,SEC,3,8,-48.328,-5.764,65,0.273,0.483,-0.210,-1.373,191.971,240.299,263,322,137,134,26.474,57
2023,14,92,Sam Houston,Conference USA,2,9,-50.942,-92.805,109,0.182,0.208,-0.026,-0.196,155.396,206.338,216,293,139,142,-42.232,101
2023,14,93,Middle Tennessee,Conference USA,3,8,-52.498,-59.253,95,0.273,0.320,-0.047,-0.333,181.560,234.058,256,323,141,138,-20.048,78
2023,14,94,Buffalo,Mid-American,3,8,-53.957,-122.349,119,0.273,0.144,0.128,0.793,153.957,207.914,214,289,139,139,-69.218,125
2023,14,95,Minnesota,Big Ten,5,7,-55.732,3.668,63,0.417,0.511,-0.094,-0.632,176.642,232.374,242,323,137,139,41.011,40
2023,14,96,Georgia State,Sun Belt,5,6,-56.171,-70.696,103,0.455,0.308,0.146,0.907,200.752,256.923,267,334,133,130,-19.614,77
2023,14,97,Colorado,Pac-12,4,8,-58.168,12.804,58,0.333,0.532,-0.199,-1.304,222.368,280.537,338,418,152,149,58.056,15
2023,14,98,San Diego State,Mountain West,3,8,-61.290,-90.711,108,0.273,0.244,0.029,0.156,175.000,236.290,210,293,120,124,-28.468,88
2023,14,99,Houston,Big 12,4,8,-67.089,-41.575,89,0.333,0.390,-0.057,-0.391,208.824,275.912,284,378,136,137,21.376,62
2023,14,100,Navy,American Athletic,4,6,-68.276,-105.816,113,0.400,0.146,0.254,1.596,138.281,206.557,177,252,128,122,-50.357,105
2023,14,101,Wake Forest,ACC,3,8,-70.427,-23.591,75,0.273,0.428,-0.155,-1.024,158.462,228.889,206,309,130,135,39.541,43
2023,14,102,East Carolina,American Athletic,1,10,-75.220,-102.777,111,0.091,0.174,-0.083,-0.560,119.708,194.928,164,269,137,138,-23.637,82
2023,14,103,Mississippi State,SEC,4,7,-76.641,-24.807,78,0.364,0.418,-0.054,-0.375,163.359,240.000,214,312,131,130,49.619,26
2023,14,104,Central Michigan,Mid-American,4,7,-77.358,-140.454,125,0.364,0.178,0.186,1.162,179.231,256.589,233,331,130,129,-64.105,122
2023,14,105,BYU,Big 12,4,7,-77.941,-30.701,83,0.364,0.410,-0.047,-0.328,173.529,251.471,236,342,136,136,49.333,27
2023,14,106,Army,FBS Independents,3,6,-79.337,-42.857,90,0.333,0.357,-0.024,-0.182,158.163,237.500,155,228,98,96,-6.104,73
2023,14,106,UTEP,Conference USA,2,9,-78.324,-102.790,112,0.182,0.216,-0.034,-0.247,170.161,248.485,211,328,124,132,-21.897,80
2023,14,107,Indiana,Big Ten,2,9,-78.819,-7.193,67,0.182,0.479,-0.297,-1.934,174.419,253.237,225,352,129,139,69.656,5
2023,14,109,UAB,American Athletic,3,8,-87.884,-134.831,124,0.273,0.219,0.053,0.313,238.235,326.119,324,437,136,134,-39.888,97
2023,14,110,Western Michigan,Mid-American,3,8,-89.195,-143.105,126,0.273,0.175,0.097,0.595,180.435,269.630,249,364,138,135,-52.854,110
2023,14,112,Louisiana Tech,Conference USA,2,9,-89.406,-116.571,118,0.182,0.233,-0.051,-0.360,198.473,287.879,260,380,131,132,-38.302,98
2023,14,112,Pittsburgh,ACC,2,9,-93.626,-28.845,80,0.182,0.400,-0.218,-1.425,145.926,239.552,197,321,135,134,47.953,31
2023,14,113,Ball State,Mid-American,3,8,-94.532,-128.299,121,0.273,0.130,0.143,0.887,143.802,238.333,174,286,121,120,-56.484,115
2023,14,114,Florida International,Conference USA,3,8,-97.534,-143.699,127,0.273,0.137,0.136,0.839,157.639,255.172,227,370,144,145,-51.613,109
2023,14,115,Cincinnati,Big 12,2,9,-100.616,-71.843,104,0.182,0.308,-0.126,-0.834,176.984,277.600,223,347,126,125,22.026,61
2023,14,116,Virginia,ACC,2,9,-104.221,-30.099,81,0.182,0.413,-0.231,-1.507,173.793,278.014,252,392,145,141,63.865,8
2023,14,117,Charlotte,American Athletic,2,9,-110.397,-149.943,129,0.182,0.114,0.068,0.404,137.778,248.175,186,340,135,137,-40.983,98
2023,14,118,Akron,Mid-American,1,10,-115.559,-188.697,132,0.091,0.066,0.024,0.127,130.534,246.094,171,315,131,128,-84.396,128
2023,14,119,New Mexico,Mountain West,3,8,-119.344,-132.699,123,0.273,0.212,0.061,0.359,220.325,339.669,271,411,123,121,-36.549,94
2023,14,120,Nevada,Mountain West,2,9,-120.713,-127.807,120,0.182,0.129,0.052,0.306,151.880,272.593,202,368,133,135,-35.091,93
2023,14,121,Hawai'i,Mountain West,4,8,-122.302,-132.224,122,0.333,0.182,0.151,0.937,177.698,300.000,247,399,139,133,-25.423,85
2023,14,122,Baylor,Big 12,2,9,-122.328,-64.794,98,0.182,0.337,-0.155,-1.025,187.121,309.449,247,393,132,127,41.951,37
2023,14,123,UConn,FBS Independents,2,9,-124.205,-120.017,117,0.182,0.162,0.020,0.100,148.872,273.077,198,355,133,130,-24.739,84
2023,14,124,Tulsa,American Athletic,3,8,-126.052,-117.083,116,0.273,0.195,0.078,0.469,169.504,295.556,239,399,141,135,-30.943,89
2023,14,125,Southern Miss,Sun Belt,2,9,-127.338,-108.245,114,0.182,0.214,-0.032,-0.233,171.223,298.561,238,415,139,139,-8.774,71
2023,14,126,Vanderbilt,SEC,1,10,-129.595,-60.560,96,0.091,0.347,-0.256,-1.668,173.282,302.878,227,421,131,139,53.014,20
2023,14,127,Arizona State,Pac-12,2,9,-135.587,-21.070,74,0.182,0.430,-0.248,-1.618,142.105,277.692,189,361,133,130,78.750,3
2023,14,128,Michigan State,Big Ten,3,8,-137.760,-26.437,79,0.273,0.405,-0.133,-0.879,107.353,245.113,146,326,136,133,81.170,2
2023,14,129,Massachusetts,FBS Independents,2,9,-148.538,-121.831,118,0.182,0.227,-0.045,-0.318,187.121,335.659,247,433,132,129,-18.362,75
2023,14,130,Stanford,Pac-12,3,8,-148.999,-21.052,73,0.273,0.434,-0.161,-1.062,165.926,314.925,224,422,135,134,86.075,1
2023,14,131,Temple,American Athletic,2,9,-150.697,-172.838,131,0.182,0.112,0.070,0.418,164.341,315.038,212,419,129,133,-53.180,112
2023,14,132,UL Monroe,Sun Belt,1,10,-162.287,-146.645,128,0.091,0.116,-0.026,-0.193,133.333,295.620,184,405,138,137,-6.158,70
2023,14,133,Kent State,Mid-American,0,11,-209.430,-253.417,133,0.000,0.032,-0.032,-0.236,106.977,316.406,138,405,129,128,-71.756,126
2023,15,1,Michigan,Big Ten,13,0,257.749,253.631,1,1.000,0.965,0.035,0.227,343.165,85.417,477,123,139,144,34.212,49
2023,15,2,Oregon,Pac-12,10,2,214.478,222.540,3,0.833,0.923,-0.090,-0.591,382.171,167.692,493,218,129,130,53.109,24
2023,15,4,Penn State,Big Ten,9,2,198.414,208.316,4,0.818,0.960,-0.142,-0.940,296.899,98.485,383,130,129,132,48.534,30
2023,15,5,Georgia,SEC,11,1,188.590,191.971,6,0.917,0.894,0.022,0.144,346.923,158.333,451,209,130,132,30.994,57
2023,15,5,Ohio State,Big Ten,10,1,194.971,225.914,3,0.909,0.973,-0.064,-0.440,291.870,96.899,359,125,123,129,68.214,6
2023,15,6,Oklahoma,Big 12,10,2,176.723,150.169,13,0.833,0.842,-0.009,-0.086,352.381,175.658,518,267,147,152,25.168,58
2023,15,8,Notre Dame,FBS Independents,8,3,165.341,171.677,7,0.727,0.883,-0.156,-1.030,310.526,145.185,413,196,133,135,32.690,54
2023,15,8,Texas,Big 12,12,1,163.580,196.041,5,0.923,0.925,-0.002,-0.017,305.195,141.615,470,228,154,161,47.781,33
2023,15,9,SMU,American Athletic,10,2,161.128,46.433,42,0.833,0.640,0.193,1.263,306.000,144.872,459,226,150,156,-54.893,114
2023,15,10,Florida State,ACC,12,0,148.956,156.211,12,1.000,0.890,0.110,0.715,278.289,129.333,423,194,152,150,31.534,55
2023,15,11,LSU,SEC,8,3,144.961,159.943,9,0.727,0.781,-0.054,-0.372,407.563,262.602,485,323,119,123,53.298,19
2023,15,12,Liberty,Conference USA,13,0,138.776,66.999,32,1.000,0.648,0.352,2.299,335.443,196.667,530,295,158,150,-70.118,126
2023,15,13,Washington,Pac-12,13,0,124.693,175.739,7,1.000,0.856,0.144,0.939,326.667,201.974,490,307,150,152,63.238,10
2023,15,14,Troy,Sun Belt,10,2,117.381,92.723,22,0.833,0.783,0.050,0.327,251.408,134.028,357,193,142,144,-23.888,83
2023,15,15,James Madison,Sun Belt,10,1,114.583,72.542,30,0.909,0.710,0.199,1.247,266.667,152.083,384,219,144,144,-38.784,96
2023,15,16,Alabama,SEC,11,1,114.508,163.538,9,0.917,0.891,0.026,0.168,274.648,160.140,390,229,142,143,65.263,7
2023,15,16,Kansas State,Big 12,7,4,114.482,158.885,10,0.636,0.859,-0.223,-1.458,298.540,184.058,409,254,137,138,58.427,13
2023,15,18,Arizona,Pac-12,8,3,103.252,128.018,15,0.727,0.792,-0.064,-0.442,304.065,200.813,374,247,123,123,36.199,47
2023,15,19,Texas A&M,SEC,6,5,94.671,97.156,21,0.545,0.749,-0.204,-1.333,288.372,193.701,372,246,129,127,33.092,52
2023,15,20,Missouri,SEC,9,2,86.130,136.766,14,0.818,0.829,-0.010,-0.096,287.692,201.562,374,258,130,128,58.090,14
2023,15,21,Tennessee,SEC,7,4,83.133,88.035,22,0.636,0.741,-0.105,-0.702,267.692,184.559,348,251,130,136,46.660,34
2023,15,22,Oregon State,Pac-12,7,4,82.645,114.301,17,0.636,0.772,-0.136,-0.899,290.083,207.438,351,251,121,121,55.671,17
2023,15,23,Miami (OH),Mid-American,10,2,69.504,-7.286,66,0.833,0.473,0.360,2.354,204.255,134.752,288,190,141,141,-87.603,130
2023,15,27,USC,Pac-12,7,5,68.323,104.376,19,0.583,0.705,-0.122,-0.819,336.913,268.590,502,419,149,156,57.430,14
2023,15,28,Memphis,American Athletic,8,3,67.998,13.571,56,0.727,0.531,0.196,1.225,306.569,238.571,420,334,137,140,-50.597,106
2023,15,30,Air Force,Mountain West,7,4,67.137,12.917,57,0.636,0.536,0.100,0.612,244.915,177.778,289,208,118,117,-56.062,114
2023,15,30,Louisville,ACC,9,3,63.117,119.609,16,0.750,0.819,-0.069,-0.457,233.784,170.667,346,256,148,150,48.511,30
2023,15,31,Ohio,Mid-American,8,3,66.734,-31.808,84,0.727,0.398,0.329,2.080,213.793,147.059,248,175,116,119,-97.933,131
2023,15,32,Toledo,Mid-American,10,2,61.983,-17.070,71,0.833,0.453,0.381,2.488,247.297,185.315,366,265,148,143,-80.667,128
2023,15,33,Boise State,Mountain West,7,5,55.862,41.048,44,0.583,0.618,-0.034,-0.228,266.207,210.345,386,305,145,145,-19.876,78
2023,15,33,Kansas,Big 12,7,4,63.449,110.759,18,0.636,0.735,-0.099,-0.663,300.847,237.398,355,292,118,123,40.908,41
2023,15,34,South Alabama,Sun Belt,5,6,63.401,-0.395,64,0.455,0.499,-0.044,-0.313,252.632,189.231,336,246,133,130,-35.068,92
2023,15,35,Ole Miss,SEC,9,2,63.059,105.030,19,0.818,0.766,0.052,0.302,265.385,202.326,345,261,130,129,41.534,39
2023,15,37,Miami,ACC,6,5,53.448,85.240,24,0.545,0.733,-0.188,-1.232,245.985,192.537,337,258,137,134,34.026,48
2023,15,38,Jacksonville State,Conference USA,7,4,50.231,-23.786,76,0.636,0.418,0.218,1.369,208.784,158.553,309,241,148,152,-58.120,116
2023,15,39,North Carolina,ACC,7,4,49.759,81.192,25,0.636,0.681,-0.045,-0.317,283.582,233.824,380,318,134,136,27.195,55
2023,15,39,UNLV,Mountain West,8,4,48.088,3.402,61,0.667,0.509,0.158,1.029,269.799,221.711,402,337,149,152,-35.103,93
2023,15,40,Tulane,American Athletic,10,2,46.822,12.219,56,0.833,0.539,0.294,1.923,225.180,178.358,313,239,139,134,-44.542,104
2023,15,40,UTSA,American Athletic,8,4,48.916,-11.378,68,0.667,0.468,0.199,1.244,251.656,202.740,380,296,151,146,-64.955,123
2023,15,41,Duke,ACC,6,5,48.413,80.547,26,0.545,0.716,-0.171,-1.123,230.952,182.540,291,230,126,126,44.062,36
2023,15,42,New Mexico State,Conference USA,9,4,43.796,-7.447,67,0.692,0.479,0.213,1.390,251.095,207.299,344,284,137,137,-58.445,119
2023,15,43,App State,Sun Belt,7,5,40.569,1.574,63,0.583,0.504,0.080,0.518,276.871,236.301,407,345,147,146,-36.860,96
2023,15,44,Northern Illinois,Mid-American,6,5,43.875,-67.024,100,0.545,0.308,0.237,1.488,229.921,186.047,292,240,127,129,-107.768,132
2023,15,45,Clemson,ACC,7,4,39.031,80.508,27,0.636,0.764,-0.128,-0.847,193.197,154.167,284,222,147,144,50.192,24
2023,15,46,Fresno State,Mountain West,7,4,35.012,-42.656,91,0.636,0.382,0.255,1.601,246.212,211.200,325,264,132,125,-62.009,121
2023,15,47,Kentucky,SEC,6,5,34.501,77.087,28,0.545,0.692,-0.146,-0.967,254.032,219.531,315,281,124,128,33.595,50
2023,15,48,Wisconsin,Big Ten,7,5,33.486,50.218,40,0.583,0.660,-0.077,-0.522,188.966,155.479,274,227,145,146,17.126,64
2023,15,49,Virginia Tech,ACC,6,6,33.365,33.517,47,0.500,0.595,-0.095,-0.636,228.667,195.302,343,291,150,149,9.134,68
2023,15,50,UCF,Big 12,5,6,33.104,7.646,61,0.455,0.520,-0.066,-0.449,273.600,240.496,342,291,125,121,14.022,65
2023,15,51,Auburn,SEC,5,6,31.208,48.461,42,0.455,0.660,-0.205,-1.344,222.047,190.840,282,250,127,131,50.013,25
2023,15,52,Iowa,Big Ten,10,3,28.165,58.612,36,0.769,0.774,-0.004,-0.031,129.341,101.176,216,172,167,170,31.140,56
2023,15,52,Maryland,Big Ten,6,5,28.886,85.467,23,0.545,0.708,-0.162,-1.069,243.846,214.961,317,273,130,127,47.569,32
2023,15,53,Louisiana,Sun Belt,5,6,27.262,-39.881,88,0.455,0.409,0.046,0.263,279.200,251.938,349,325,125,129,-59.536,117
2023,15,54,UCLA,Pac-12,6,5,24.443,42.002,43,0.545,0.657,-0.112,-0.745,181.159,156.716,250,210,138,134,33.018,53
2023,15,55,NC State,ACC,8,3,23.177,66.999,32,0.727,0.719,0.008,0.024,191.034,167.857,277,235,145,140,37.493,45
2023,15,56,Iowa State,Big 12,6,5,21.464,68.690,31,0.545,0.699,-0.153,-1.011,217.557,196.094,285,251,131,128,52.111,22
2023,15,57,Utah,Pac-12,7,4,18.308,66.815,33,0.636,0.726,-0.089,-0.602,202.308,184.000,263,230,130,125,72.956,4
2023,15,58,Wyoming,Mountain West,7,4,15.745,-13.161,71,0.636,0.461,0.175,1.093,223.810,208.065,282,258,126,124,-17.603,74
2023,15,59,Bowling Green,Mid-American,6,5,12.041,-41.956,90,0.545,0.382,0.163,1.017,220.635,208.594,278,267,126,128,-50.354,104
2023,15,61,Washington State,Pac-12,4,7,8.483,58.221,36,0.364,0.657,-0.293,-1.908,235.821,227.338,316,316,134,139,61.714,12
2023,15,62,TCU,Big 12,4,7,7.171,59.657,35,0.364,0.653,-0.290,-1.884,253.788,246.617,335,328,132,133,51.680,23
2023,15,63,San José State,Mountain West,6,5,2.417,-33.165,85,0.545,0.419,0.126,0.779,268.504,266.087,341,306,127,115,-18.459,76
2023,15,64,Nebraska,Big Ten,5,7,-3.147,16.573,53,0.417,0.566,-0.150,-0.987,150.000,153.147,216,219,144,143,23.663,60
2023,15,65,Rice,American Athletic,5,6,-5.085,-52.665,93,0.455,0.370,0.085,0.513,233.846,238.931,304,313,130,131,-43.600,102
2023,15,66,Georgia Southern,Sun Belt,5,6,-5.820,-69.709,102,0.455,0.325,0.130,0.800,239.007,244.828,337,355,141,145,-51.232,107
2023,15,67,Oklahoma State,Big 12,8,4,-6.382,41.032,45,0.667,0.619,0.048,0.312,221.118,227.500,356,364,161,160,47.676,34
2023,15,67,West Virginia,Big 12,7,4,-5.854,33.806,46,0.636,0.584,0.052,0.303,246.565,252.419,323,313,131,124,26.560,56
2023,15,68,Western Kentucky,Conference USA,6,5,-7.246,-19.054,72,0.545,0.449,0.096,0.588,221.739,228.986,306,316,138,138,-24.670,83
2023,15,69,California,Pac-12,5,6,-11.779,51.835,39,0.455,0.632,-0.177,-1.165,245.070,256.849,348,375,142,146,63.655,9
2023,15,70,Coastal Carolina,Sun Belt,6,5,-14.961,-38.551,87,0.545,0.394,0.151,0.940,212.598,227.559,270,289,127,127,-27.417,87
2023,15,71,South Carolina,SEC,4,7,-17.472,29.960,48,0.364,0.594,-0.230,-1.504,196.296,213.768,265,295,135,138,62.607,11
2023,15,72,Texas State,Sun Belt,6,5,-19.433,-61.598,97,0.545,0.363,0.182,1.137,268.939,288.372,355,372,132,129,-51.443,108
2023,15,73,Utah State,Mountain West,5,6,-23.410,-67.023,99,0.455,0.335,0.119,0.736,223.649,247.059,331,378,148,153,-41.025,99
2023,15,74,Northwestern,Big Ten,6,5,-23.989,9.785,60,0.545,0.529,0.016,0.075,183.824,207.812,250,266,136,128,39.328,44
2023,15,75,Florida,SEC,4,7,-24.806,39.221,45,0.364,0.605,-0.241,-1.574,226.357,251.163,292,324,129,129,63.134,10
2023,15,76,Georgia Tech,ACC,5,6,-26.674,16.623,52,0.455,0.540,-0.085,-0.575,246.970,273.643,326,353,132,129,47.463,33
2023,15,77,Texas Tech,Big 12,5,6,-27.689,55.108,38,0.455,0.664,-0.209,-1.370,206.618,234.307,281,321,136,137,57.530,16
2023,15,78,Florida Atlantic,American Athletic,3,8,-28.951,-86.354,106,0.273,0.242,0.031,0.169,181.343,210.294,243,286,134,136,-53.780,113
2023,15,79,Old Dominion,Sun Belt,5,6,-33.796,-55.336,94,0.455,0.330,0.125,0.769,187.943,221.739,265,306,141,138,-20.888,79
2023,15,80,Rutgers,Big Ten,5,6,-34.044,15.358,55,0.455,0.545,-0.090,-0.606,175.200,209.244,219,249,125,119,65.527,7
2023,15,81,Illinois,Big Ten,5,7,-35.543,4.949,62,0.417,0.513,-0.097,-0.647,201.370,236.913,294,353,146,149,37.445,46
2023,15,82,Syracuse,ACC,5,6,-37.272,-24.455,77,0.455,0.424,0.031,0.168,185.385,222.656,241,285,130,128,9.254,67
2023,15,83,North Texas,American Athletic,4,7,-37.983,-87.668,107,0.364,0.307,0.057,0.333,259.859,297.842,369,414,142,139,-61.683,118
2023,15,84,Boston College,ACC,5,6,-39.757,-30.440,82,0.455,0.423,0.031,0.170,216.935,256.693,269,326,124,127,8.308,69
2023,15,85,South Florida,American Athletic,5,6,-40.515,-93.893,110,0.455,0.265,0.189,1.184,222.819,263.333,332,395,149,150,-62.006,120
2023,15,86,Marshall,Sun Belt,5,6,-40.583,-69.354,101,0.455,0.290,0.165,1.027,172.000,212.583,258,321,150,151,-16.311,73
2023,15,87,Arkansas State,Sun Belt,5,6,-42.510,-34.018,86,0.455,0.402,0.053,0.308,225.373,267.883,302,367,134,137,-31.565,90
2023,15,88,Eastern Michigan,Mid-American,5,6,-43.200,-156.519,130,0.455,0.121,0.334,2.107,168.800,212.000,211,265,125,125,-108.863,133
2023,15,89,Purdue,Big Ten,4,8,-43.431,12.291,59,0.333,0.533,-0.200,-1.309,187.582,231.013,287,365,153,158,48.698,29
2023,15,90,Colorado State,Mountain West,4,7,-48.148,-75.815,105,0.364,0.298,0.066,0.394,200.000,248.148,272,335,136,135,-32.870,91
2023,15,91,Arkansas,SEC,3,8,-48.328,-5.764,65,0.273,0.483,-0.210,-1.373,191.971,240.299,263,322,137,134,26.474,57
2023,15,92,Sam Houston,Conference USA,2,9,-50.942,-92.805,109,0.182,0.208,-0.026,-0.196,155.396,206.338,216,293,139,142,-42.232,101
2023,15,93,Middle Tennessee,Conference USA,3,8,-52.498,-59.253,95,0.273,0.320,-0.047,-0.333,181.560,234.058,256,323,141,138,-20.048,78
2023,15,94,Buffalo,Mid-American,3,8,-53.957,-122.349,119,0.273,0.144,0.128,0.793,153.957,207.914,214,289,139,139,-69.218,125
2023,15,95,Minnesota,Big Ten,5,7,-55.732,3.668,63,0.417,0.511,-0.094,-0.632,176.642,232.374,242,323,137,139,41.011,40
2023,15,96,Georgia State,Sun Belt,5,6,-56.171,-70.696,103,0.455,0.308,0.146,0.907,200.752,256.923,267,334,133,130,-19.614,77
2023,15,97,Colorado,Pac-12,4,8,-58.168,12.804,58,0.333,0.532,-0.199,-1.304,222.368,280.537,338,418,152,149,58.056,15
2023,15,98,San Diego State,Mountain West,3,8,-61.290,-90.711,108,0.273,0.244,0.029,0.156,175.000,236.290,210,293,120,124,-28.468,88
2023,15,99,Army,FBS Independents,4,6,-64.105,-47.449,92,0.400,0.340,0.060,0.389,159.259,223.364,172,239,108,107,-21.371,79
2023,15,99,Houston,Big 12,4,8,-67.089,-41.575,89,0.333,0.390,-0.057,-0.391,208.824,275.912,284,378,136,137,21.376,62
2023,15,101,Navy,American Athletic,4,7,-68.536,-106.278,113,0.364,0.148,0.216,1.413,135.252,203.788,188,269,139,132,-49.497,106
2023,15,101,Wake Forest,ACC,3,8,-70.427,-23.591,75,0.273,0.428,-0.155,-1.024,158.462,228.889,206,309,130,135,39.541,43
2023,15,102,East Carolina,American Athletic,1,10,-75.220,-102.777,111,0.091,0.174,-0.083,-0.560,119.708,194.928,164,269,137,138,-23.637,82
2023,15,103,Mississippi State,SEC,4,7,-76.641,-24.807,78,0.364,0.418,-0.054,-0.375,163.359,240.000,214,312,131,130,49.619,26
2023,15,104,Central Michigan,Mid-American,4,7,-77.358,-140.454,125,0.364,0.178,0.186,1.162,179.231,256.589,233,331,130,129,-64.105,122
2023,15,105,BYU,Big 12,4,7,-77.941,-30.701,83,0.364,0.410,-0.047,-0.328,173.529,251.471,236,342,136,136,49.333,27
2023,15,106,UTEP,Conference USA,2,9,-78.324,-102.790,112,0.182,0.216,-0.034,-0.247,170.161,248.485,211,328,124,132,-21.897,80
2023,15,107,Indiana,Big Ten,2,9,-78.819,-7.193,67,0.182,0.479,-0.297,-1.934,174.419,253.237,225,352,129,139,69.656,5
2023,15,109,UAB,American Athletic,3,8,-87.884,-134.831,124,0.273,0.219,0.053,0.313,238.235,326.119,324,437,136,134,-39.888,97
2023,15,110,Western Michigan,Mid-American,3,8,-89.195,-143.105,126,0.273,0.175,0.097,0.595,180.435,269.630,249,364,138,135,-52.854,110
2023,15,112,Louisiana Tech,Conference USA,2,9,-89.406,-116.571,118,0.182,0.233,-0.051,-0.360,198.473,287.879,260,380,131,132,-38.302,98
2023,15,112,Pittsburgh,ACC,2,9,-93.626,-28.845,80,0.182,0.400,-0.218,-1.425,145.926,239.552,197,321,135,134,47.953,31
2023,15,113,Ball State,Mid-American,3,8,-94.532,-128.299,121,0.273,0.130,0.143,0.887,143.802,238.333,174,286,121,120,-56.484,115
2023,15,114,Florida International,Conference USA,3,8,-97.534,-143.699,127,0.273,0.137,0.136,0.839,157.639,255.172,227,370,144,145,-51.613,109
2023,15,115,Cincinnati,Big 12,2,9,-100.616,-71.843,104,0.182,0.308,-0.126,-0.834,176.984,277.600,223,347,126,125,22.026,61
2023,15,116,Virginia,ACC,2,9,-104.221,-30.099,81,0.182,0.413,-0.231,-1.507,173.793,278.014,252,392,145,141,63.865,8
2023,15,117,Charlotte,American Athletic,2,9,-110.397,-149.943,129,0.182,0.114,0.068,0.404,137.778,248.175,186,340,135,137,-40.983,98
2023,15,118,Akron,Mid-American,1,10,-115.559,-188.697,132,0.091,0.066,0.024,0.127,130.534,246.094,171,315,131,128,-84.396,128
2023,15,119,New Mexico,Mountain West,3,8,-119.344,-132.699,123,0.273,0.212,0.061,0.359,220.325,339.669,271,411,123,121,-36.549,94
2023,15,120,Nevada,Mountain West,2,9,-120.713,-127.807,120,0.182,0.129,0.052,0.306,151.880,272.593,202,368,133,135,-35.091,93
2023,15,121,Hawai'i,Mountain West,4,8,-122.302,-132.224,122,0.333,0.182,0.151,0.937,177.698,300.000,247,399,139,133,-25.423,85
2023,15,122,Baylor,Big 12,2,9,-122.328,-64.794,98,0.182,0.337,-0.155,-1.025,187.121,309.449,247,393,132,127,41.951,37
2023,15,123,UConn,FBS Independents,2,9,-124.205,-120.017,117,0.182,0.162,0.020,0.100,148.872,273.077,198,355,133,130,-24.739,84
2023,15,124,Tulsa,American Athletic,3,8,-126.052,-117.083,116,0.273,0.195,0.078,0.469,169.504,295.556,239,399,141,135,-30.943,89
2023,15,125,Southern Miss,Sun Belt,2,9,-127.338,-108.245,114,0.182,0.214,-0.032,-0.233,171.223,298.561,238,415,139,139,-8.774,71
2023,15,126,Vanderbilt,SEC,1,10,-129.595,-60.560,96,0.091,0.347,-0.256,-1.668,173.282,302.878,227,421,131,139,53.014,20
2023,15,127,Arizona State,Pac-12,2,9,-135.587,-21.070,74,0.182,0.430,-0.248,-1.618,142.105,277.692,189,361,133,130,78.750,3
2023,15,128,Michigan State,Big Ten,3,8,-137.760,-26.437,79,0.273,0.405,-0.133,-0.879,107.353,245.113,146,326,136,133,81.170,2
2023,15,129,Massachusetts,FBS Independents,2,9,-148.538,-121.831,118,0.182,0.227,-0.045,-0.318,187.121,335.659,247,433,132,129,-18.362,75
2023,15,130,Stanford,Pac-12,3,8,-148.999,-21.052,73,0.273,0.434,-0.161,-1.062,165.926,314.925,224,422,135,134,86.075,1
2023,15,131,Temple,American Athletic,2,9,-150.697,-172.838,131,0.182,0.112,0.070,0.418,164.341,315.038,212,419,129,133,-53.180,112
2023,15,132,UL Monroe,Sun Belt,1,10,-162.287,-146.645,128,0.091,0.116,-0.026,-0.193,133.333,295.620,184,405,138,137,-6.158,70
2023,15,133,Kent State,Mid-American,0,11,-209.430,-253.417,133,0.000,0.032,-0.032,-0.236,106.977,316.406,138,405,129,128,-71.756,126
2023,16,1,Michigan,Big Ten,15,0,234.296,256.033,1,1.000,0.972,0.028,0.232,326.061,91.765,538,156,165,170,51.511,32
2023,16,2,Oregon,Pac-12,11,2,227.050,230.851,2,0.846,0.936,-0.090,-0.558,387.050,160.000,538,224,139,140,52.915,29
2023,16,3,Georgia,SEC,12,1,213.720,212.561,4,0.923,0.921,0.002,0.054,361.972,148.252,514,212,142,143,46.193,39
2023,16,4,Notre Dame,FBS Independents,9,3,178.324,191.263,6,0.750,0.908,-0.158,-1.015,319.014,140.690,453,204,142,145,37.191,51
2023,16,5,Penn State,Big Ten,9,3,172.255,195.208,5,0.750,0.944,-0.194,-1.257,287.324,115.068,408,168,142,146,55.334,24
2023,16,6,Ohio State,Big Ten,10,2,171.568,214.400,3,0.833,0.974,-0.141,-0.897,270.149,98.582,362,139,134,141,77.292,6
2023,16,7,Oklahoma,Big 12,10,3,150.833,140.487,13,0.769,0.830,-0.061,-0.365,334.568,183.735,542,305,162,166,33.673,55
2023,16,8,Texas,Big 12,12,2,146.821,189.119,7,0.857,0.916,-0.059,-0.351,300.000,153.179,501,265,167,173,56.440,23
2023,16,9,SMU,American Athletic,10,3,143.789,32.108,49,0.769,0.600,0.169,1.173,293.789,150.000,473,249,161,166,-53.522,113
2023,16,10,LSU,SEC,9,3,130.683,155.492,12,0.750,0.776,-0.026,-0.132,390.977,260.294,520,354,133,136,56.772,22
2023,16,11,Kansas State,Big 12,8,4,112.049,161.301,10,0.667,0.863,-0.196,-1.267,295.270,183.221,437,273,148,149,62.396,16
2023,16,12,Liberty,Conference USA,13,1,106.548,50.388,39,0.929,0.616,0.312,2.130,319.048,212.500,536,340,168,160,-56.935,117
2023,16,13,Troy,Sun Belt,10,3,105.254,88.784,23,0.769,0.781,-0.011,-0.033,239.869,134.615,367,210,153,156,-14.952,73
2023,16,14,Arizona,Pac-12,9,3,104.353,138.749,15,0.750,0.814,-0.064,-0.388,300.730,196.377,412,271,137,138,45.296,41
2023,16,15,Florida State,ACC,12,1,102.708,139.449,14,0.923,0.871,0.052,0.389,261.350,158.642,426,257,163,162,42.136,46
2023,16,16,Tennessee,SEC,8,4,101.262,108.930,20,0.667,0.788,-0.121,-0.768,269.718,168.456,383,251,142,149,51.559,31
2023,16,17,James Madison,Sun Belt,10,2,100.649,58.499,34,0.833,0.669,0.164,1.138,262.987,162.338,405,250,154,154,-35.217,95
2023,16,18,Alabama,SEC,11,2,100.414,170.506,9,0.846,0.901,-0.055,-0.327,264.516,164.103,410,256,155,156,83.932,3
2023,16,19,Washington,Pac-12,14,1,99.583,176.130,8,0.933,0.859,0.074,0.538,308.571,208.989,540,372,175,178,84.741,2
2023,16,20,South Alabama,Sun Belt,6,6,87.871,1.955,62,0.500,0.506,-0.006,0.002,266.892,179.021,395,256,148,143,-44.529,104
2023,16,21,Missouri,SEC,10,2,85.470,155.988,11,0.833,0.871,-0.038,-0.208,273.239,187.770,388,261,142,139,76.418,7
2023,16,22,Texas A&M,SEC,6,6,79.417,87.457,24,0.500,0.727,-0.227,-1.476,280.142,200.725,395,277,141,138,36.244,53
2023,16,23,Ohio,Mid-American,9,3,76.163,-21.209,73,0.750,0.433,0.317,2.163,225.781,149.618,289,196,128,131,-95.713,131
2023,16,24,USC,Pac-12,8,5,72.335,115.414,17,0.615,0.723,-0.108,-0.679,340.000,267.665,544,447,160,167,62.288,17
2023,16,25,Memphis,American Athletic,9,3,70.204,29.922,50,0.750,0.568,0.182,1.261,310.204,240.000,456,360,147,150,-37.232,99
2023,16,26,Air Force,Mountain West,8,4,69.685,22.844,52,0.667,0.563,0.104,0.736,250.000,180.315,320,229,128,127,-48.720,108
2023,16,27,Kansas,Big 12,8,4,67.220,110.041,18,0.667,0.733,-0.066,-0.402,308.397,241.176,404,328,131,136,37.678,50
2023,16,28,Ole Miss,SEC,10,2,64.564,120.018,16,0.833,0.793,0.041,0.314,265.972,201.408,383,286,144,142,55.220,25
2023,16,29,Miami (OH),Mid-American,10,3,61.438,-9.974,68,0.769,0.461,0.308,2.103,194.118,132.680,297,203,153,153,-81.549,129
2023,16,30,Toledo,Mid-American,10,3,59.015,-17.061,71,0.769,0.452,0.317,2.160,242.675,183.660,381,281,157,153,-76.279,128
2023,16,31,UTSA,American Athletic,9,4,55.590,-2.789,65,0.692,0.492,0.200,1.381,250.000,194.410,415,313,166,161,-61.475,121
2023,16,32,Fresno State,Mountain West,8,4,53.147,-22.734,76,0.667,0.436,0.231,1.587,253.147,200.000,362,274,143,137,-61.561,122
2023,16,33,Oregon State,Pac-12,7,5,50.200,94.804,21,0.583,0.732,-0.148,-0.948,274.046,223.846,359,291,131,130,67.726,10
2023,16,34,Louisville,ACC,9,4,50.127,109.723,19,0.692,0.797,-0.105,-0.657,235.220,185.093,374,298,159,161,53.885,26
2023,16,35,Duke,ACC,7,5,48.006,82.500,25,0.583,0.724,-0.140,-0.896,223.188,175.182,308,240,138,137,44.826,43
2023,16,36,Boise State,Mountain West,7,6,45.277,35.292,46,0.538,0.598,-0.059,-0.355,263.226,217.949,408,340,155,156,-13.394,72
2023,16,37,Jacksonville State,Conference USA,8,4,44.298,-33.334,84,0.667,0.385,0.281,1.923,209.146,164.848,343,272,164,165,-62.643,124
2023,16,38,Miami,ACC,6,6,41.821,65.744,29,0.500,0.678,-0.178,-1.144,243.919,202.098,361,289,148,143,29.320,58
2023,16,39,Northern Illinois,Mid-American,7,5,41.812,-61.150,97,0.583,0.322,0.261,1.788,226.812,185.000,313,259,138,140,-100.014,132
2023,16,40,App State,Sun Belt,8,5,40.100,1.039,64,0.615,0.503,0.113,0.797,264.151,224.051,420,354,159,158,-37.003,98
2023,16,41,Virginia Tech,ACC,7,6,38.747,34.950,47,0.538,0.596,-0.057,-0.342,235.583,196.835,384,311,163,158,5.276,67
2023,16,42,Maryland,Big Ten,7,5,37.824,92.914,22,0.583,0.725,-0.141,-0.903,245.070,207.246,348,286,142,138,46.495,38
2023,16,43,Clemson,ACC,8,4,37.130,77.607,27,0.667,0.749,-0.082,-0.509,198.765,161.635,322,257,162,159,48.151,36
2023,16,44,UNLV,Mountain West,8,5,36.431,5.258,59,0.615,0.514,0.102,0.722,270.370,233.939,438,386,162,165,-22.594,78
2023,16,45,Tulane,American Athletic,10,3,34.524,8.260,58,0.769,0.526,0.243,1.669,225.000,190.476,333,280,148,147,-36.969,97
2023,16,46,North Carolina,ACC,7,5,32.231,57.961,35,0.583,0.637,-0.054,-0.316,268.966,236.735,390,348,145,147,23.615,64
2023,16,47,UCLA,Pac-12,7,5,30.164,49.990,41,0.583,0.675,-0.092,-0.570,191.275,161.111,285,232,149,144,33.572,56
2023,16,48,Wisconsin,Big Ten,7,6,29.288,56.113,37,0.538,0.681,-0.143,-0.913,193.038,163.750,305,262,158,160,26.454,61
2023,16,49,Kentucky,SEC,6,6,28.722,81.570,26,0.500,0.698,-0.198,-1.283,251.799,223.077,350,319,139,143,43.369,45
2023,16,50,Louisiana,Sun Belt,5,7,27.776,-33.385,85,0.417,0.423,-0.006,-0.001,275.362,247.586,380,359,138,145,-53.566,114
2023,16,51,UCF,Big 12,5,7,22.617,4.019,60,0.417,0.511,-0.094,-0.588,263.971,241.353,359,321,136,133,17.819,66
2023,16,52,New Mexico State,Conference USA,9,5,20.692,-34.386,86,0.643,0.406,0.237,1.629,237.584,216.892,354,321,149,148,-63.668,125
2023,16,53,Auburn,SEC,5,7,17.265,39.917,45,0.417,0.634,-0.218,-1.412,213.768,196.503,295,281,138,143,53.018,28
2023,16,54,NC State,ACC,8,4,15.571,64.234,30,0.667,0.709,-0.043,-0.242,189.744,174.172,296,263,156,151,44.004,44
2023,16,55,Wyoming,Mountain West,8,4,13.854,-12.525,69,0.667,0.462,0.205,1.412,219.118,205.263,298,273,136,133,-16.041,74
2023,16,56,Utah,Pac-12,7,5,13.272,60.838,32,0.583,0.716,-0.133,-0.845,188.811,175.540,270,244,143,139,70.313,8
2023,16,57,Iowa State,Big 12,6,6,12.596,57.027,36,0.500,0.666,-0.166,-1.069,220.567,207.971,311,287,141,138,50.163,34
2023,16,58,West Virginia,Big 12,8,4,9.332,50.466,38,0.667,0.630,0.037,0.288,248.592,239.259,353,323,142,135,28.672,60
2023,16,61,Bowling Green,Mid-American,6,6,6.769,-42.628,90,0.500,0.382,0.118,0.829,220.438,213.669,302,297,137,139,-45.781,105
2023,16,61,Washington State,Pac-12,4,7,8.483,58.221,36,0.364,0.657,-0.293,-1.908,235.821,227.338,316,316,134,139,61.714,12
2023,16,62,Iowa,Big Ten,10,4,6.264,44.452,42,0.714,0.717,-0.002,0.026,120.000,113.736,216,207,180,182,35.609,54
2023,16,62,TCU,Big 12,4,7,7.171,59.657,35,0.364,0.653,-0.290,-1.884,253.788,246.617,335,328,132,133,51.680,23
2023,16,63,Oklahoma State,Big 12,9,4,0.000,50.363,40,0.692,0.643,0.049,0.369,225.000,225.000,387,387,172,172,49.562,35
2023,16,64,Nebraska,Big Ten,5,7,-3.147,16.573,53,0.417,0.566,-0.150,-0.987,150.000,153.147,216,219,144,143,23.663,60
2023,16,64,Texas State,Sun Belt,7,5,-2.716,-46.461,91,0.583,0.394,0.190,1.310,272.109,274.825,400,393,147,143,-49.652,111
2023,16,66,Western Kentucky,Conference USA,7,5,-4.636,-25.582,78,0.583,0.433,0.150,1.044,227.815,232.450,344,351,151,151,-32.653,91
2023,16,67,San José State,Mountain West,6,6,-4.876,-41.939,89,0.500,0.395,0.105,0.741,259.124,264.000,355,330,137,125,-20.125,76
2023,16,68,Coastal Carolina,Sun Belt,7,5,-6.569,-32.375,82,0.583,0.408,0.175,1.214,214.599,221.168,294,303,137,137,-30.501,88
2023,16,69,South Florida,American Athletic,6,6,-6.663,-69.563,101,0.500,0.314,0.186,1.289,231.288,237.952,377,395,163,166,-57.000,118
2023,16,70,Texas Tech,Big 12,6,6,-10.395,68.975,28,0.500,0.705,-0.205,-1.328,210.000,220.395,315,335,150,152,58.735,20
2023,16,71,Georgia Tech,ACC,6,6,-17.063,19.499,53,0.500,0.548,-0.048,-0.276,247.222,264.286,356,370,144,140,39.814,48
2023,16,71,South Carolina,SEC,4,7,-17.472,29.960,48,0.364,0.594,-0.230,-1.504,196.296,213.768,265,295,135,138,62.607,11
2023,16,73,Northwestern,Big Ten,7,5,-17.617,17.068,54,0.583,0.553,0.031,0.247,176.000,193.617,264,273,150,141,40.303,47
2023,16,74,Georgia Southern,Sun Belt,5,7,-18.242,-79.025,105,0.417,0.306,0.110,0.779,233.987,252.229,358,396,153,157,-48.199,107
2023,16,75,Florida,SEC,4,7,-24.806,39.221,45,0.364,0.605,-0.241,-1.574,226.357,251.163,292,324,129,129,63.134,10
2023,16,75,Rice,American Athletic,5,7,-19.511,-62.566,99,0.417,0.343,0.074,0.537,225.694,245.205,325,358,144,146,-41.756,101
2023,16,76,Rutgers,Big Ten,6,6,-23.433,28.912,51,0.500,0.581,-0.081,-0.499,186.567,210.000,250,273,134,130,64.379,14
2023,16,78,California,Pac-12,5,7,-25.052,41.130,44,0.417,0.608,-0.191,-1.234,230.573,255.625,362,409,157,160,64.424,13
2023,16,78,Florida Atlantic,American Athletic,3,8,-28.951,-86.354,106,0.273,0.242,0.031,0.169,181.343,210.294,243,286,134,136,-53.780,113
2023,16,79,Boston College,ACC,6,6,-28.466,-21.736,74,0.500,0.444,0.056,0.413,217.910,246.377,292,340,134,138,5.222,68
2023,16,81,Illinois,Big Ten,5,7,-35.543,4.949,62,0.417,0.513,-0.097,-0.647,201.370,236.913,294,353,146,149,37.445,46
2023,16,81,Old Dominion,Sun Belt,5,7,-33.009,-58.025,95,0.417,0.326,0.091,0.649,194.805,227.815,300,344,154,151,-24.525,80
2023,16,82,Georgia State,Sun Belt,6,6,-35.252,-58.801,96,0.500,0.338,0.162,1.122,213.699,248.951,312,356,146,143,-26.720,84
2023,16,83,North Texas,American Athletic,4,7,-37.983,-87.668,107,0.364,0.307,0.057,0.333,259.859,297.842,369,414,142,139,-61.683,118
2023,16,84,Utah State,Mountain West,5,7,-35.565,-81.203,106,0.417,0.303,0.113,0.801,219.255,254.819,353,423,161,166,-42.628,102
2023,16,86,Arkansas State,Sun Belt,5,7,-40.783,-34.623,87,0.417,0.400,0.017,0.156,221.379,262.162,321,388,145,148,-30.859,89
2023,16,88,Minnesota,Big Ten,6,7,-47.550,1.654,63,0.462,0.505,-0.043,-0.247,183.784,231.333,272,347,148,150,31.929,57
2023,16,89,Marshall,Sun Belt,5,7,-47.791,-76.180,103,0.417,0.268,0.149,1.036,166.667,214.458,275,356,165,166,-17.557,75
2023,16,89,Purdue,Big Ten,4,8,-43.431,12.291,59,0.333,0.533,-0.200,-1.309,187.582,231.013,287,365,153,158,48.698,29
2023,16,90,Colorado State,Mountain West,4,7,-48.148,-75.815,105,0.364,0.298,0.066,0.394,200.000,248.148,272,335,136,135,-32.870,91
2023,16,91,Arkansas,SEC,3,8,-48.328,-5.764,65,0.273,0.483,-0.210,-1.373,191.971,240.299,263,322,137,134,26.474,57
2023,16,92,Sam Houston,Conference USA,2,9,-50.942,-92.805,109,0.182,0.208,-0.026,-0.196,155.396,206.338,216,293,139,142,-42.232,101
2023,16,93,Middle Tennessee,Conference USA,3,8,-52.498,-59.253,95,0.273,0.320,-0.047,-0.333,181.560,234.058,256,323,141,138,-20.048,78
2023,16,94,Buffalo,Mid-American,3,8,-53.957,-122.349,119,0.273,0.144,0.128,0.793,153.957,207.914,214,289,139,139,-69.218,125
2023,16,97,Colorado,Pac-12,4,8,-58.168,12.804,58,0.333,0.532,-0.199,-1.304,222.368,280.537,338,418,152,149,58.056,15
2023,16,98,San Diego State,Mountain West,3,8,-61.290,-90.711,108,0.273,0.244,0.029,0.156,175.000,236.290,210,293,120,124,-28.468,88
2023,16,99,Army,FBS Independents,4,6,-64.105,-47.449,92,0.400,0.340,0.060,0.389,159.259,223.364,172,239,108,107,-21.371,79
2023,16,99,Houston,Big 12,4,8,-67.089,-41.575,89,0.333,0.390,-0.057,-0.391,208.824,275.912,284,378,136,137,21.376,62
2023,16,99,Syracuse,ACC,5,7,-67.326,-47.533,93,0.417,0.349,0.068,0.498,165.068,232.394,241,330,146,142,0.033,69
2023,16,101,Navy,American Athletic,4,7,-68.536,-106.278,113,0.364,0.148,0.216,1.413,135.252,203.788,188,269,139,132,-49.497,106
2023,16,101,Wake Forest,ACC,3,8,-70.427,-23.591,75,0.273,0.428,-0.155,-1.024,158.462,228.889,206,309,130,135,39.541,43
2023,16,102,East Carolina,American Athletic,1,10,-75.220,-102.777,111,0.091,0.174,-0.083,-0.560,119.708,194.928,164,269,137,138,-23.637,82
2023,16,102,Eastern Michigan,Mid-American,5,7,-71.284,-158.573,130,0.417,0.115,0.302,2.061,160.145,231.429,221,324,138,140,-100.188,133
2023,16,103,Mississippi State,SEC,4,7,-76.641,-24.807,78,0.364,0.418,-0.054,-0.375,163.359,240.000,214,312,131,130,49.619,26
2023,16,104,Central Michigan,Mid-American,4,7,-77.358,-140.454,125,0.364,0.178,0.186,1.162,179.231,256.589,233,331,130,129,-64.105,122
2023,16,105,BYU,Big 12,4,7,-77.941,-30.701,83,0.364,0.410,-0.047,-0.328,173.529,251.471,236,342,136,136,49.333,27
2023,16,106,UTEP,Conference USA,2,9,-78.324,-102.790,112,0.182,0.216,-0.034,-0.247,170.161,248.485,211,328,124,132,-21.897,80
2023,16,107,Indiana,Big Ten,2,9,-78.819,-7.193,67,0.182,0.479,-0.297,-1.934,174.419,253.237,225,352,129,139,69.656,5
2023,16,109,UAB,American Athletic,3,8,-87.884,-134.831,124,0.273,0.219,0.053,0.313,238.235,326.119,324,437,136,134,-39.888,97
2023,16,110,Western Michigan,Mid-American,3,8,-89.195,-143.105,126,0.273,0.175,0.097,0.595,180.435,269.630,249,364,138,135,-52.854,110
2023,16,112,Louisiana Tech,Conference USA,2,9,-89.406,-116.571,118,0.182,0.233,-0.051,-0.360,198.473,287.879,260,380,131,132,-38.302,98
2023,16,112,Pittsburgh,ACC,2,9,-93.626,-28.845,80,0.182,0.400,-0.218,-1.425,145.926,239.552,197,321,135,134,47.953,31
2023,16,113,Ball State,Mid-American,3,8,-94.532,-128.299,121,0.273,0.130,0.143,0.887,143.802,238.333,174,286,121,120,-56.484,115
2023,16,114,Florida International,Conference USA,3,8,-97.534,-143.699,127,0.273,0.137,0.136,0.839,157.639,255.172,227,370,144,145,-51.613,109
2023,16,115,Cincinnati,Big 12,2,9,-100.616,-71.843,104,0.182,0.308,-0.126,-0.834,176.984,277.600,223,347,126,125,22.026,61
2023,16,116,Virginia,ACC,2,9,-104.221,-30.099,81,0.182,0.413,-0.231,-1.507,173.793,278.014,252,392,145,141,63.865,8
2023,16,117,Charlotte,American Athletic,2,9,-110.397,-149.943,129,0.182,0.114,0.068,0.404,137.778,248.175,186,340,135,137,-40.983,98
2023,16,118,Akron,Mid-American,1,10,-115.559,-188.697,132,0.091,0.066,0.024,0.127,130.534,246.094,171,315,131,128,-84.396,128
2023,16,119,New Mexico,Mountain West,3,8,-119.344,-132.699,123,0.273,0.212,0.061,0.359,220.325,339.669,271,411,123,121,-36.549,94
2023,16,120,Nevada,Mountain West,2,9,-120.713,-127.807,120,0.182,0.129,0.052,0.306,151.880,272.593,202,368,133,135,-35.091,93
2023,16,121,Hawai'i,Mountain West,4,8,-122.302,-132.224,122,0.333,0.182,0.151,0.937,177.698,300.000,247,399,139,133,-25.423,85
2023,16,122,Baylor,Big 12,2,9,-122.328,-64.794,98,0.182,0.337,-0.155,-1.025,187.121,309.449,247,393,132,127,41.951,37
2023,16,123,UConn,FBS Independents,2,9,-124.205,-120.017,117,0.182,0.162,0.020,0.100,148.872,273.077,198,355,133,130,-24.739,84
2023,16,124,Tulsa,American Athletic,3,8,-126.052,-117.083,116,0.273,0.195,0.078,0.469,169.504,295.556,239,399,141,135,-30.943,89
2023,16,125,Southern Miss,Sun Belt,2,9,-127.338,-108.245,114,0.182,0.214,-0.032,-0.233,171.223,298.561,238,415,139,139,-8.774,71
2023,16,126,Vanderbilt,SEC,1,10,-129.595,-60.560,96,0.091,0.347,-0.256,-1.668,173.282,302.878,227,421,131,139,53.014,20
2023,16,127,Arizona State,Pac-12,2,9,-135.587,-21.070,74,0.182,0.430,-0.248,-1.618,142.105,277.692,189,361,133,130,78.750,3
2023,16,128,Michigan State,Big Ten,3,8,-137.760,-26.437,79,0.273,0.405,-0.133,-0.879,107.353,245.113,146,326,136,133,81.170,2
2023,16,129,Massachusetts,FBS Independents,2,9,-148.538,-121.831,118,0.182,0.227,-0.045,-0.318,187.121,335.659,247,433,132,129,-18.362,75
2023,16,130,Stanford,Pac-12,3,8,-148.999,-21.052,73,0.273,0.434,-0.161,-1.062,165.926,314.925,224,422,135,134,86.075,1
2023,16,131,Temple,American Athletic,2,9,-150.697,-172.838,131,0.182,0.112,0.070,0.418,164.341,315.038,212,419,129,133,-53.180,112
2023,16,132,UL Monroe,Sun Belt,1,10,-162.287,-146.645,128,0.091,0.116,-0.026,-0.193,133.333,295.620,184,405,138,137,-6.158,70
2023,16,133,Kent State,Mid-American,0,11,-209.430,-253.417,133,0.000,0.032,-0.032,-0.236,106.977,316.406,138,405,129,128,-71.756,126
2023,26,1,Michigan,Big Ten,15,0,234.296,256.033,1,1.000,0.972,0.028,0.232,326.061,91.765,538,156,165,170,51.511,32
2023,26,2,Oregon,Pac-12,11,2,227.050,230.851,2,0.846,0.936,-0.090,-0.558,387.050,160.000,538,224,139,140,52.915,29
2023,26,3,Georgia,SEC,12,1,213.720,212.561,4,0.923,0.921,0.002,0.054,361.972,148.252,514,212,142,143,46.193,39
2023,26,4,Notre Dame,FBS Independents,9,3,178.324,191.263,6,0.750,0.908,-0.158,-1.015,319.014,140.690,453,204,142,145,37.191,51
2023,26,5,Penn State,Big Ten,9,3,172.255,195.208,5,0.750,0.944,-0.194,-1.257,287.324,115.068,408,168,142,146,55.334,24
2023,26,6,Ohio State,Big Ten,10,2,171.568,214.400,3,0.833,0.974,-0.141,-0.897,270.149,98.582,362,139,134,141,77.292,6
2023,26,7,Oklahoma,Big 12,10,3,150.833,140.487,13,0.769,0.830,-0.061,-0.365,334.568,183.735,542,305,162,166,33.673,55
2023,26,8,Texas,Big 12,12,2,146.821,189.119,7,0.857,0.916,-0.059,-0.351,300.000,153.179,501,265,167,173,56.440,23
2023,26,9,SMU,American Athletic,10,3,143.789,32.108,49,0.769,0.600,0.169,1.173,293.789,150.000,473,249,161,166,-53.522,113
2023,26,10,LSU,SEC,9,3,130.683,155.492,12,0.750,0.776,-0.026,-0.132,390.977,260.294,520,354,133,136,56.772,22
2023,26,11,Kansas State,Big 12,8,4,112.049,161.301,10,0.667,0.863,-0.196,-1.267,295.270,183.221,437,273,148,149,62.396,16
2023,26,12,Liberty,Conference USA,13,1,106.548,50.388,39,0.929,0.616,0.312,2.130,319.048,212.500,536,340,168,160,-56.935,117
2023,26,13,Troy,Sun Belt,10,3,105.254,88.784,23,0.769,0.781,-0.011,-0.033,239.869,134.615,367,210,153,156,-14.952,73
2023,26,14,Arizona,Pac-12,9,3,104.353,138.749,15,0.750,0.814,-0.064,-0.388,300.730,196.377,412,271,137,138,45.296,41
2023,26,15,Florida State,ACC,12,1,102.708,139.449,14,0.923,0.871,0.052,0.389,261.350,158.642,426,257,163,162,42.136,46
2023,26,16,Tennessee,SEC,8,4,101.262,108.930,20,0.667,0.788,-0.121,-0.768,269.718,168.456,383,251,142,149,51.559,31
2023,26,17,James Madison,Sun Belt,10,2,100.649,58.499,34,0.833,0.669,0.164,1.138,262.987,162.338,405,250,154,154,-35.217,95
2023,26,18,Alabama,SEC,11,2,100.414,170.506,9,0.846,0.901,-0.055,-0.327,264.516,164.103,410,256,155,156,83.932,3
2023,26,19,Washington,Pac-12,14,1,99.583,176.130,8,0.933,0.859,0.074,0.538,308.571,208.989,540,372,175,178,84.741,2
2023,26,20,South Alabama,Sun Belt,6,6,87.871,1.955,62,0.500,0.506,-0.006,0.002,266.892,179.021,395,256,148,143,-44.529,104
2023,26,21,Missouri,SEC,10,2,85.470,155.988,11,0.833,0.871,-0.038,-0.208,273.239,187.770,388,261,142,139,76.418,7
2023,26,22,Texas A&M,SEC,6,6,79.417,87.457,24,0.500,0.727,-0.227,-1.476,280.142,200.725,395,277,141,138,36.244,53
2023,26,23,Ohio,Mid-American,9,3,76.163,-21.209,73,0.750,0.433,0.317,2.163,225.781,149.618,289,196,128,131,-95.713,131
2023,26,24,USC,Pac-12,8,5,72.335,115.414,17,0.615,0.723,-0.108,-0.679,340.000,267.665,544,447,160,167,62.288,17
2023,26,25,Memphis,American Athletic,9,3,70.204,29.922,50,0.750,0.568,0.182,1.261,310.204,240.000,456,360,147,150,-37.232,99
2023,26,26,Air Force,Mountain West,8,4,69.685,22.844,52,0.667,0.563,0.104,0.736,250.000,180.315,320,229,128,127,-48.720,108
2023,26,27,Kansas,Big 12,8,4,67.220,110.041,18,0.667,0.733,-0.066,-0.402,308.397,241.176,404,328,131,136,37.678,50
2023,26,28,Ole Miss,SEC,10,2,64.564,120.018,16,0.833,0.793,0.041,0.314,265.972,201.408,383,286,144,142,55.220,25
2023,26,29,Miami (OH),Mid-American,10,3,61.438,-9.974,68,0.769,0.461,0.308,2.103,194.118,132.680,297,203,153,153,-81.549,129
2023,26,30,Toledo,Mid-American,10,3,59.015,-17.061,71,0.769,0.452,0.317,2.160,242.675,183.660,381,281,157,153,-76.279,128
2023,26,31,UTSA,American Athletic,9,4,55.590,-2.789,65,0.692,0.492,0.200,1.381,250.000,194.410,415,313,166,161,-61.475,121
2023,26,32,Fresno State,Mountain West,8,4,53.147,-22.734,76,0.667,0.436,0.231,1.587,253.147,200.000,362,274,143,137,-61.561,122
2023,26,33,Oregon State,Pac-12,7,5,50.200,94.804,21,0.583,0.732,-0.148,-0.948,274.046,223.846,359,291,131,130,67.726,10
2023,26,34,Louisville,ACC,9,4,50.127,109.723,19,0.692,0.797,-0.105,-0.657,235.220,185.093,374,298,159,161,53.885,26
2023,26,35,Duke,ACC,7,5,48.006,82.500,25,0.583,0.724,-0.140,-0.896,223.188,175.182,308,240,138,137,44.826,43
2023,26,36,Boise State,Mountain West,7,6,45.277,35.292,46,0.538,0.598,-0.059,-0.355,263.226,217.949,408,340,155,156,-13.394,72
2023,26,37,Jacksonville State,Conference USA,8,4,44.298,-33.334,84,0.667,0.385,0.281,1.923,209.146,164.848,343,272,164,165,-62.643,124
2023,26,38,Miami,ACC,6,6,41.821,65.744,29,0.500,0.678,-0.178,-1.144,243.919,202.098,361,289,148,143,29.320,58
2023,26,39,Northern Illinois,Mid-American,7,5,41.812,-61.150,97,0.583,0.322,0.261,1.788,226.812,185.000,313,259,138,140,-100.014,132
2023,26,40,App State,Sun Belt,8,5,40.100,1.039,64,0.615,0.503,0.113,0.797,264.151,224.051,420,354,159,158,-37.003,98
2023,26,41,Virginia Tech,ACC,7,6,38.747,34.950,47,0.538,0.596,-0.057,-0.342,235.583,196.835,384,311,163,158,5.276,67
2023,26,42,Maryland,Big Ten,7,5,37.824,92.914,22,0.583,0.725,-0.141,-0.903,245.070,207.246,348,286,142,138,46.495,38
2023,26,43,Clemson,ACC,8,4,37.130,77.607,27,0.667,0.749,-0.082,-0.509,198.765,161.635,322,257,162,159,48.151,36
2023,26,44,UNLV,Mountain West,8,5,36.431,5.258,59,0.615,0.514,0.102,0.722,270.370,233.939,438,386,162,165,-22.594,78
2023,26,45,Tulane,American Athletic,10,3,34.524,8.260,58,0.769,0.526,0.243,1.669,225.000,190.476,333,280,148,147,-36.969,97
2023,26,46,North Carolina,ACC,7,5,32.231,57.961,35,0.583,0.637,-0.054,-0.316,268.966,236.735,390,348,145,147,23.615,64
2023,26,47,UCLA,Pac-12,7,5,30.164,49.990,41,0.583,0.675,-0.092,-0.570,191.275,161.111,285,232,149,144,33.572,56
2023,26,48,Wisconsin,Big Ten,7,6,29.288,56.113,37,0.538,0.681,-0.143,-0.913,193.038,163.750,305,262,158,160,26.454,61
2023,26,49,Kentucky,SEC,6,6,28.722,81.570,26,0.500,0.698,-0.198,-1.283,251.799,223.077,350,319,139,143,43.369,45
2023,26,50,Louisiana,Sun Belt,5,7,27.776,-33.385,85,0.417,0.423,-0.006,-0.001,275.362,247.586,380,359,138,145,-53.566,114
2023,26,51,UCF,Big 12,5,7,22.617,4.019,60,0.417,0.511,-0.094,-0.588,263.971,241.353,359,321,136,133,17.819,66
2023,26,52,New Mexico State,Conference USA,9,5,20.692,-34.386,86,0.643,0.406,0.237,1.629,237.584,216.892,354,321,149,148,-63.668,125
2023,26,53,Auburn,SEC,5,7,17.265,39.917,45,0.417,0.634,-0.218,-1.412,213.768,196.503,295,281,138,143,53.018,28
2023,26,54,NC State,ACC,8,4,15.571,64.234,30,0.667,0.709,-0.043,-0.242,189.744,174.172,296,263,156,151,44.004,44
2023,26,55,Wyoming,Mountain West,8,4,13.854,-12.525,69,0.667,0.462,0.205,1.412,219.118,205.263,298,273,136,133,-16.041,74
2023,26,56,Utah,Pac-12,7,5,13.272,60.838,32,0.583,0.716,-0.133,-0.845,188.811,175.540,270,244,143,139,70.313,8
2023,26,57,Iowa State,Big 12,6,6,12.596,57.027,36,0.500,0.666,-0.166,-1.069,220.567,207.971,311,287,141,138,50.163,34
2023,26,58,West Virginia,Big 12,8,4,9.332,50.466,38,0.667,0.630,0.037,0.288,248.592,239.259,353,323,142,135,28.672,60
2023,26,61,Bowling Green,Mid-American,6,6,6.769,-42.628,90,0.500,0.382,0.118,0.829,220.438,213.669,302,297,137,139,-45.781,105
2023,26,61,Washington State,Pac-12,4,7,8.483,58.221,36,0.364,0.657,-0.293,-1.908,235.821,227.338,316,316,134,139,61.714,12
2023,26,62,Iowa,Big Ten,10,4,6.264,44.452,42,0.714,0.717,-0.002,0.026,120.000,113.736,216,207,180,182,35.609,54
2023,26,62,TCU,Big 12,4,7,7.171,59.657,35,0.364,0.653,-0.290,-1.884,253.788,246.617,335,328,132,133,51.680,23
2023,26,63,Oklahoma State,Big 12,9,4,0.000,50.363,40,0.692,0.643,0.049,0.369,225.000,225.000,387,387,172,172,49.562,35
2023,26,64,Nebraska,Big Ten,5,7,-3.147,16.573,53,0.417,0.566,-0.150,-0.987,150.000,153.147,216,219,144,143,23.663,60
2023,26,64,Texas State,Sun Belt,7,5,-2.716,-46.461,91,0.583,0.394,0.190,1.310,272.109,274.825,400,393,147,143,-49.652,111
2023,26,66,Western Kentucky,Conference USA,7,5,-4.636,-25.582,78,0.583,0.433,0.150,1.044,227.815,232.450,344,351,151,151,-32.653,91
2023,26,67,San José State,Mountain West,6,6,-4.876,-41.939,89,0.500,0.395,0.105,0.741,259.124,264.000,355,330,137,125,-20.125,76
2023,26,68,Coastal Carolina,Sun Belt,7,5,-6.569,-32.375,82,0.583,0.408,0.175,1.214,214.599,221.168,294,303,137,137,-30.501,88
2023,26,69,South Florida,American Athletic,6,6,-6.663,-69.563,101,0.500,0.314,0.186,1.289,231.288,237.952,377,395,163,166,-57.000,118
2023,26,70,Texas Tech,Big 12,6,6,-10.395,68.975,28,0.500,0.705,-0.205,-1.328,210.000,220.395,315,335,150,152,58.735,20
2023,26,71,Georgia Tech,ACC,6,6,-17.063,19.499,53,0.500,0.548,-0.048,-0.276,247.222,264.286,356,370,144,140,39.814,48
2023,26,71,South Carolina,SEC,4,7,-17.472,29.960,48,0.364,0.594,-0.230,-1.504,196.296,213.768,265,295,135,138,62.607,11
2023,26,73,Northwestern,Big Ten,7,5,-17.617,17.068,54,0.583,0.553,0.031,0.247,176.000,193.617,264,273,150,141,40.303,47
2023,26,74,Georgia Southern,Sun Belt,5,7,-18.242,-79.025,105,0.417,0.306,0.110,0.779,233.987,252.229,358,396,153,157,-48.199,107
2023,26,75,Florida,SEC,4,7,-24.806,39.221,45,0.364,0.605,-0.241,-1.574,226.357,251.163,292,324,129,129,63.134,10
2023,26,75,Rice,American Athletic,5,7,-19.511,-62.566,99,0.417,0.343,0.074,0.537,225.694,245.205,325,358,144,146,-41.756,101
2023,26,76,Rutgers,Big Ten,6,6,-23.433,28.912,51,0.500,0.581,-0.081,-0.499,186.567,210.000,250,273,134,130,64.379,14
2023,26,78,California,Pac-12,5,7,-25.052,41.130,44,0.417,0.608,-0.191,-1.234,230.573,255.625,362,409,157,160,64.424,13
2023,26,78,Florida Atlantic,American Athletic,3,8,-28.951,-86.354,106,0.273,0.242,0.031,0.169,181.343,210.294,243,286,134,136,-53.780,113
2023,26,79,Boston College,ACC,6,6,-28.466,-21.736,74,0.500,0.444,0.056,0.413,217.910,246.377,292,340,134,138,5.222,68
2023,26,81,Illinois,Big Ten,5,7,-35.543,4.949,62,0.417,0.513,-0.097,-0.647,201.370,236.913,294,353,146,149,37.445,46
2023,26,81,Old Dominion,Sun Belt,5,7,-33.009,-58.025,95,0.417,0.326,0.091,0.649,194.805,227.815,300,344,154,151,-24.525,80
2023,26,82,Georgia State,Sun Belt,6,6,-35.252,-58.801,96,0.500,0.338,0.162,1.122,213.699,248.951,312,356,146,143,-26.720,84
2023,26,83,North Texas,American Athletic,4,7,-37.983,-87.668,107,0.364,0.307,0.057,0.333,259.859,297.842,369,414,142,139,-61.683,118
2023,26,84,Utah State,Mountain West,5,7,-35.565,-81.203,106,0.417,0.303,0.113,0.801,219.255,254.819,353,423,161,166,-42.628,102
2023,26,86,Arkansas State,Sun Belt,5,7,-40.783,-34.623,87,0.417,0.400,0.017,0.156,221.379,262.162,321,388,145,148,-30.859,89
2023,26,88,Minnesota,Big Ten,6,7,-47.550,1.654,63,0.462,0.505,-0.043,-0.247,183.784,231.333,272,347,148,150,31.929,57
2023,26,89,Marshall,Sun Belt,5,7,-47.791,-76.180,103,0.417,0.268,0.149,1.036,166.667,214.458,275,356,165,166,-17.557,75
2023,26,89,Purdue,Big Ten,4,8,-43.431,12.291,59,0.333,0.533,-0.200,-1.309,187.582,231.013,287,365,153,158,48.698,29
2023,26,90,Colorado State,Mountain West,4,7,-48.148,-75.815,105,0.364,0.298,0.066,0.394,200.000,248.148,272,335,136,135,-32.870,91
2023,26,91,Arkansas,SEC,3,8,-48.328,-5.764,65,0.273,0.483,-0.210,-1.373,191.971,240.299,263,322,137,134,26.474,57
2023,26,92,Sam Houston,Conference USA,2,9,-50.942,-92.805,109,0.182,0.208,-0.026,-0.196,155.396,206.338,216,293,139,142,-42.232,101
2023,26,93,Middle Tennessee,Conference USA,3,8,-52.498,-59.253,95,0.273,0.320,-0.047,-0.333,181.560,234.058,256,323,141,138,-20.048,78
2023,26,94,Buffalo,Mid-American,3,8,-53.957,-122.349,119,0.273,0.144,0.128,0.793,153.957,207.914,214,289,139,139,-69.218,125
2023,26,97,Colorado,Pac-12,4,8,-58.168,12.804,58,0.333,0.532,-0.199,-1.304,222.368,280.537,338,418,152,149,58.056,15
2023,26,98,San Diego State,Mountain West,3,8,-61.290,-90.711,108,0.273,0.244,0.029,0.156,175.000,236.290,210,293,120,124,-28.468,88
2023,26,99,Army,FBS Independents,4,6,-64.105,-47.449,92,0.400,0.340,0.060,0.389,159.259,223.364,172,239,108,107,-21.371,79
2023,26,99,Houston,Big 12,4,8,-67.089,-41.575,89,0.333,0.390,-0.057,-0.391,208.824,275.912,284,378,136,137,21.376,62
2023,26,99,Syracuse,ACC,5,7,-67.326,-47.533,93,0.417,0.349,0.068,0.498,165.068,232.394,241,330,146,142,0.033,69
2023,26,101,Navy,American Athletic,4,7,-68.536,-106.278,113,0.364,0.148,0.216,1.413,135.252,203.788,188,269,139,132,-49.497,106
2023,26,101,Wake Forest,ACC,3,8,-70.427,-23.591,75,0.273,0.428,-0.155,-1.024,158.462,228.889,206,309,130,135,39.541,43
2023,26,102,East Carolina,American Athletic,1,10,-75.220,-102.777,111,0.091,0.174,-0.083,-0.560,119.708,194.928,164,269,137,138,-23.637,82
2023,26,102,Eastern Michigan,Mid-American,5,7,-71.284,-158.573,130,0.417,0.115,0.302,2.061,160.145,231.429,221,324,138,140,-100.188,133
2023,26,103,Mississippi State,SEC,4,7,-76.641,-24.807,78,0.364,0.418,-0.054,-0.375,163.359,240.000,214,312,131,130,49.619,26
2023,26,104,Central Michigan,Mid-American,4,7,-77.358,-140.454,125,0.364,0.178,0.186,1.162,179.231,256.589,233,331,130,129,-64.105,122
2023,26,105,BYU,Big 12,4,7,-77.941,-30.701,83,0.364,0.410,-0.047,-0.328,173.529,251.471,236,342,136,136,49.333,27
2023,26,106,UTEP,Conference USA,2,9,-78.324,-102.790,112,0.182,0.216,-0.034,-0.247,170.161,248.485,211,328,124,132,-21.897,80
2023,26,107,Indiana,Big Ten,2,9,-78.819,-7.193,67,0.182,0.479,-0.297,-1.934,174.419,253.237,225,352,129,139,69.656,5
2023,26,109,UAB,American Athletic,3,8,-87.884,-134.831,124,0.273,0.219,0.053,0.313,238.235,326.119,324,437,136,134,-39.888,97
2023,26,110,Western Michigan,Mid-American,3,8,-89.195,-143.105,126,0.273,0.175,0.097,0.595,180.435,269.630,249,364,138,135,-52.854,110
2023,26,112,Louisiana Tech,Conference USA,2,9,-89.406,-116.571,118,0.182,0.233,-0.051,-0.360,198.473,287.879,260,380,131,132,-38.302,98
2023,26,112,Pittsburgh,ACC,2,9,-93.626,-28.845,80,0.182,0.400,-0.218,-1.425,145.926,239.552,197,321,135,134,47.953,31
2023,26,113,Ball State,Mid-American,3,8,-94.532,-128.299,121,0.273,0.130,0.143,0.887,143.802,238.333,174,286,121,120,-56.484,115
2023,26,114,Florida International,Conference USA,3,8,-97.534,-143.699,127,0.273,0.137,0.136,0.839,157.639,255.172,227,370,144,145,-51.613,109
2023,26,115,Cincinnati,Big 12,2,9,-100.616,-71.843,104,0.182,0.308,-0.126,-0.834,176.984,277.600,223,347,126,125,22.026,61
2023,26,116,Virginia,ACC,2,9,-104.221,-30.099,81,0.182,0.413,-0.231,-1.507,173.793,278.014,252,392,145,141,63.865,8
2023,26,117,Charlotte,American Athletic,2,9,-110.397,-149.943,129,0.182,0.114,0.068,0.404,137.778,248.175,186,340,135,137,-40.983,98
2023,26,118,Akron,Mid-American,1,10,-115.559,-188.697,132,0.091,0.066,0.024,0.127,130.534,246.094,171,315,131,128,-84.396,128
2023,26,119,New Mexico,Mountain West,3,8,-119.344,-132.699,123,0.273,0.212,0.061,0.359,220.325,339.669,271,411,123,121,-36.549,94
2023,26,120,Nevada,Mountain West,2,9,-120.713,-127.807,120,0.182,0.129,0.052,0.306,151.880,272.593,202,368,133,135,-35.091,93
2023,26,121,Hawai'i,Mountain West,4,8,-122.302,-132.224,122,0.333,0.182,0.151,0.937,177.698,300.000,247,399,139,133,-25.423,85
2023,26,122,Baylor,Big 12,2,9,-122.328,-64.794,98,0.182,0.337,-0.155,-1.025,187.121,309.449,247,393,132,127,41.951,37
2023,26,123,UConn,FBS Independents,2,9,-124.205,-120.017,117,0.182,0.162,0.020,0.100,148.872,273.077,198,355,133,130,-24.739,84
2023,26,124,Tulsa,American Athletic,3,8,-126.052,-117.083,116,0.273,0.195,0.078,0.469,169.504,295.556,239,399,141,135,-30.943,89
2023,26,125,Southern Miss,Sun Belt,2,9,-127.338,-108.245,114,0.182,0.214,-0.032,-0.233,171.223,298.561,238,415,139,139,-8.774,71
2023,26,126,Vanderbilt,SEC,1,10,-129.595,-60.560,96,0.091,0.347,-0.256,-1.668,173.282,302.878,227,421,131,139,53.014,20
2023,26,127,Arizona State,Pac-12,2,9,-135.587,-21.070,74,0.182,0.430,-0.248,-1.618,142.105,277.692,189,361,133,130,78.750,3
2023,26,128,Michigan State,Big Ten,3,8,-137.760,-26.437,79,0.273,0.405,-0.133,-0.879,107.353,245.113,146,326,136,133,81.170,2
2023,26,129,Massachusetts,FBS Independents,2,9,-148.538,-121.831,118,0.182,0.227,-0.045,-0.318,187.121,335.659,247,433,132,129,-18.362,75
2023,26,130,Stanford,Pac-12,3,8,-148.999,-21.052,73,0.273,0.434,-0.161,-1.062,165.926,314.925,224,422,135,134,86.075,1
2023,26,131,Temple,American Athletic,2,9,-150.697,-172.838,131,0.182,0.112,0.070,0.418,164.341,315.038,212,419,129,133,-53.180,112
2023,26,132,UL Monroe,Sun Belt,1,10,-162.287,-146.645,128,0.091,0.116,-0.026,-0.193,133.333,295.620,184,405,138,137,-6.158,70
2023,26,133,Kent State,Mid-American,0,11,-209.430,-253.417,133,0.000,0.032,-0.032,-0.236,106.977,316.406,138,405,129,128,-71.756,126
2023,27,1,Michigan,Big Ten,15,0,234.296,256.033,1,1.000,0.972,0.028,0.232,326.061,91.765,538,156,165,170,51.511,32
2023,27,2,Oregon,Pac-12,11,2,227.050,230.851,2,0.846,0.936,-0.090,-0.558,387.050,160.000,538,224,139,140,52.915,29
2023,27,3,Georgia,SEC,12,1,213.720,212.561,4,0.923,0.921,0.002,0.054,361.972,148.252,514,212,142,143,46.193,39
2023,27,4,Notre Dame,FBS Independents,9,3,178.324,191.263,6,0.750,0.908,-0.158,-1.015,319.014,140.690,453,204,142,145,37.191,51
2023,27,5,Penn State,Big Ten,9,3,172.255,195.208,5,0.750,0.944,-0.194,-1.257,287.324,115.068,408,168,142,146,55.334,24
2023,27,6,Ohio State,Big Ten,10,2,171.568,214.400,3,0.833,0.974,-0.141,-0.897,270.149,98.582,362,139,134,141,77.292,6
2023,27,7,Oklahoma,Big 12,10,3,150.833,140.487,13,0.769,0.830,-0.061,-0.365,334.568,183.735,542,305,162,166,33.673,55
2023,27,8,Texas,Big 12,12,2,146.821,189.119,7,0.857,0.916,-0.059,-0.351,300.000,153.179,501,265,167,173,56.440,23
2023,27,9,SMU,American Athletic,10,3,143.789,32.108,49,0.769,0.600,0.169,1.173,293.789,150.000,473,249,161,166,-53.522,113
2023,27,10,LSU,SEC,9,3,130.683,155.492,12,0.750,0.776,-0.026,-0.132,390.977,260.294,520,354,133,136,56.772,22
2023,27,11,Kansas State,Big 12,8,4,112.049,161.301,10,0.667,0.863,-0.196,-1.267,295.270,183.221,437,273,148,149,62.396,16
2023,27,12,Liberty,Conference USA,13,1,106.548,50.388,39,0.929,0.616,0.312,2.130,319.048,212.500,536,340,168,160,-56.935,117
2023,27,13,Troy,Sun Belt,10,3,105.254,88.784,23,0.769,0.781,-0.011,-0.033,239.869,134.615,367,210,153,156,-14.952,73
2023,27,14,Arizona,Pac-12,9,3,104.353,138.749,15,0.750,0.814,-0.064,-0.388,300.730,196.377,412,271,137,138,45.296,41
2023,27,15,Florida State,ACC,12,1,102.708,139.449,14,0.923,0.871,0.052,0.389,261.350,158.642,426,257,163,162,42.136,46
2023,27,16,Tennessee,SEC,8,4,101.262,108.930,20,0.667,0.788,-0.121,-0.768,269.718,168.456,383,251,142,149,51.559,31
2023,27,17,James Madison,Sun Belt,10,2,100.649,58.499,34,0.833,0.669,0.164,1.138,262.987,162.338,405,250,154,154,-35.217,95
2023,27,18,Alabama,SEC,11,2,100.414,170.506,9,0.846,0.901,-0.055,-0.327,264.516,164.103,410,256,155,156,83.932,3
2023,27,19,Washington,Pac-12,14,1,99.583,176.130,8,0.933,0.859,0.074,0.538,308.571,208.989,540,372,175,178,84.741,2
2023,27,20,South Alabama,Sun Belt,6,6,87.871,1.955,62,0.500,0.506,-0.006,0.002,266.892,179.021,395,256,148,143,-44.529,104
2023,27,21,Missouri,SEC,10,2,85.470,155.988,11,0.833,0.871,-0.038,-0.208,273.239,187.770,388,261,142,139,76.418,7
2023,27,22,Texas A&M,SEC,6,6,79.417,87.457,24,0.500,0.727,-0.227,-1.476,280.142,200.725,395,277,141,138,36.244,53
2023,27,23,Ohio,Mid-American,9,3,76.163,-21.209,73,0.750,0.433,0.317,2.163,225.781,149.618,289,196,128,131,-95.713,131
2023,27,24,USC,Pac-12,8,5,72.335,115.414,17,0.615,0.723,-0.108,-0.679,340.000,267.665,544,447,160,167,62.288,17
2023,27,25,Memphis,American Athletic,9,3,70.204,29.922,50,0.750,0.568,0.182,1.261,310.204,240.000,456,360,147,150,-37.232,99
2023,27,26,Air Force,Mountain West,8,4,69.685,22.844,52,0.667,0.563,0.104,0.736,250.000,180.315,320,229,128,127,-48.720,108
2023,27,27,Kansas,Big 12,8,4,67.220,110.041,18,0.667,0.733,-0.066,-0.402,308.397,241.176,404,328,131,136,37.678,50
2023,27,28,Ole Miss,SEC,10,2,64.564,120.018,16,0.833,0.793,0.041,0.314,265.972,201.408,383,286,144,142,55.220,25
2023,27,29,Miami (OH),Mid-American,10,3,61.438,-9.974,68,0.769,0.461,0.308,2.103,194.118,132.680,297,203,153,153,-81.549,129
2023,27,30,Toledo,Mid-American,10,3,59.015,-17.061,71,0.769,0.452,0.317,2.160,242.675,183.660,381,281,157,153,-76.279,128
2023,27,31,UTSA,American Athletic,9,4,55.590,-2.789,65,0.692,0.492,0.200,1.381,250.000,194.410,415,313,166,161,-61.475,121
2023,27,32,Fresno State,Mountain West,8,4,53.147,-22.734,76,0.667,0.436,0.231,1.587,253.147,200.000,362,274,143,137,-61.561,122
2023,27,33,Oregon State,Pac-12,7,5,50.200,94.804,21,0.583,0.732,-0.148,-0.948,274.046,223.846,359,291,131,130,67.726,10
2023,27,34,Louisville,ACC,9,4,50.127,109.723,19,0.692,0.797,-0.105,-0.657,235.220,185.093,374,298,159,161,53.885,26
2023,27,35,Duke,ACC,7,5,48.006,82.500,25,0.583,0.724,-0.140,-0.896,223.188,175.182,308,240,138,137,44.826,43
2023,27,36,Boise State,Mountain West,7,6,45.277,35.292,46,0.538,0.598,-0.059,-0.355,263.226,217.949,408,340,155,156,-13.394,72
2023,27,37,Jacksonville State,Conference USA,8,4,44.298,-33.334,84,0.667,0.385,0.281,1.923,209.146,164.848,343,272,164,165,-62.643,124
2023,27,38,Miami,ACC,6,6,41.821,65.744,29,0.500,0.678,-0.178,-1.144,243.919,202.098,361,289,148,143,29.320,58
2023,27,39,Northern Illinois,Mid-American,7,5,41.812,-61.150,97,0.583,0.322,0.261,1.788,226.812,185.000,313,259,138,140,-100.014,132
2023,27,40,App State,Sun Belt,8,5,40.100,1.039,64,0.615,0.503,0.113,0.797,264.151,224.051,420,354,159,158,-37.003,98
2023,27,41,Virginia Tech,ACC,7,6,38.747,34.950,47,0.538,0.596,-0.057,-0.342,235.583,196.835,384,311,163,158,5.276,67
2023,27,42,Maryland,Big Ten,7,5,37.824,92.914,22,0.583,0.725,-0.141,-0.903,245.070,207.246,348,286,142,138,46.495,38
2023,27,43,Clemson,ACC,8,4,37.130,77.607,27,0.667,0.749,-0.082,-0.509,198.765,161.635,322,257,162,159,48.151,36
2023,27,44,UNLV,Mountain West,8,5,36.431,5.258,59,0.615,0.514,0.102,0.722,270.370,233.939,438,386,162,165,-22.594,78
2023,27,45,Tulane,American Athletic,10,3,34.524,8.260,58,0.769,0.526,0.243,1.669,225.000,190.476,333,280,148,147,-36.969,97
2023,27,46,North Carolina,ACC,7,5,32.231,57.961,35,0.583,0.637,-0.054,-0.316,268.966,236.735,390,348,145,147,23.615,64
2023,27,47,UCLA,Pac-12,7,5,30.164,49.990,41,0.583,0.675,-0.092,-0.570,191.275,161.111,285,232,149,144,33.572,56
2023,27,48,Wisconsin,Big Ten,7,6,29.288,56.113,37,0.538,0.681,-0.143,-0.913,193.038,163.750,305,262,158,160,26.454,61
2023,27,49,Kentucky,SEC,6,6,28.722,81.570,26,0.500,0.698,-0.198,-1.283,251.799,223.077,350,319,139,143,43.369,45
2023,27,50,Louisiana,Sun Belt,5,7,27.776,-33.385,85,0.417,0.423,-0.006,-0.001,275.362,247.586,380,359,138,145,-53.566,114
2023,27,51,UCF,Big 12,5,7,22.617,4.019,60,0.417,0.511,-0.094,-0.588,263.971,241.353,359,321,136,133,17.819,66
2023,27,52,New Mexico State,Conference USA,9,5,20.692,-34.386,86,0.643,0.406,0.237,1.629,237.584,216.892,354,321,149,148,-63.668,125
2023,27,53,Auburn,SEC,5,7,17.265,39.917,45,0.417,0.634,-0.218,-1.412,213.768,196.503,295,281,138,143,53.018,28
2023,27,54,NC State,ACC,8,4,15.571,64.234,30,0.667,0.709,-0.043,-0.242,189.744,174.172,296,263,156,151,44.004,44
2023,27,55,Wyoming,Mountain West,8,4,13.854,-12.525,69,0.667,0.462,0.205,1.412,219.118,205.263,298,273,136,133,-16.041,74
2023,27,56,Utah,Pac-12,7,5,13.272,60.838,32,0.583,0.716,-0.133,-0.845,188.811,175.540,270,244,143,139,70.313,8
2023,27,57,Iowa State,Big 12,6,6,12.596,57.027,36,0.500,0.666,-0.166,-1.069,220.567,207.971,311,287,141,138,50.163,34
2023,27,58,West Virginia,Big 12,8,4,9.332,50.466,38,0.667,0.630,0.037,0.288,248.592,239.259,353,323,142,135,28.672,60
2023,27,61,Bowling Green,Mid-American,6,6,6.769,-42.628,90,0.500,0.382,0.118,0.829,220.438,213.669,302,297,137,139,-45.781,105
2023,27,61,Washington State,Pac-12,4,7,8.483,58.221,36,0.364,0.657,-0.293,-1.908,235.821,227.338,316,316,134,139,61.714,12
2023,27,62,Iowa,Big Ten,10,4,6.264,44.452,42,0.714,0.717,-0.002,0.026,120.000,113.736,216,207,180,182,35.609,54
2023,27,62,TCU,Big 12,4,7,7.171,59.657,35,0.364,0.653,-0.290,-1.884,253.788,246.617,335,328,132,133,51.680,23
2023,27,63,Oklahoma State,Big 12,9,4,0.000,50.363,40,0.692,0.643,0.049,0.369,225.000,225.000,387,387,172,172,49.562,35
2023,27,64,Nebraska,Big Ten,5,7,-3.147,16.573,53,0.417,0.566,-0.150,-0.987,150.000,153.147,216,219,144,143,23.663,60
2023,27,64,Texas State,Sun Belt,7,5,-2.716,-46.461,91,0.583,0.394,0.190,1.310,272.109,274.825,400,393,147,143,-49.652,111
2023,27,66,Western Kentucky,Conference USA,7,5,-4.636,-25.582,78,0.583,0.433,0.150,1.044,227.815,232.450,344,351,151,151,-32.653,91
2023,27,67,San José State,Mountain West,6,6,-4.876,-41.939,89,0.500,0.395,0.105,0.741,259.124,264.000,355,330,137,125,-20.125,76
2023,27,68,Coastal Carolina,Sun Belt,7,5,-6.569,-32.375,82,0.583,0.408,0.175,1.214,214.599,221.168,294,303,137,137,-30.501,88
2023,27,69,South Florida,American Athletic,6,6,-6.663,-69.563,101,0.500,0.314,0.186,1.289,231.288,237.952,377,395,163,166,-57.000,118
2023,27,70,Texas Tech,Big 12,6,6,-10.395,68.975,28,0.500,0.705,-0.205,-1.328,210.000,220.395,315,335,150,152,58.735,20
2023,27,71,Georgia Tech,ACC,6,6,-17.063,19.499,53,0.500,0.548,-0.048,-0.276,247.222,264.286,356,370,144,140,39.814,48
2023,27,71,South Carolina,SEC,4,7,-17.472,29.960,48,0.364,0.594,-0.230,-1.504,196.296,213.768,265,295,135,138,62.607,11
2023,27,73,Northwestern,Big Ten,7,5,-17.617,17.068,54,0.583,0.553,0.031,0.247,176.000,193.617,264,273,150,141,40.303,47
2023,27,74,Georgia Southern,Sun Belt,5,7,-18.242,-79.025,105,0.417,0.306,0.110,0.779,233.987,252.229,358,396,153,157,-48.199,107
2023,27,75,Florida,SEC,4,7,-24.806,39.221,45,0.364,0.605,-0.241,-1.574,226.357,251.163,292,324,129,129,63.134,10
2023,27,75,Rice,American Athletic,5,7,-19.511,-62.566,99,0.417,0.343,0.074,0.537,225.694,245.205,325,358,144,146,-41.756,101
2023,27,76,Rutgers,Big Ten,6,6,-23.433,28.912,51,0.500,0.581,-0.081,-0.499,186.567,210.000,250,273,134,130,64.379,14
2023,27,78,California,Pac-12,5,7,-25.052,41.130,44,0.417,0.608,-0.191,-1.234,230.573,255.625,362,409,157,160,64.424,13
2023,27,78,Florida Atlantic,American Athletic,3,8,-28.951,-86.354,106,0.273,0.242,0.031,0.169,181.343,210.294,243,286,134,136,-53.780,113
2023,27,79,Boston College,ACC,6,6,-28.466,-21.736,74,0.500,0.444,0.056,0.413,217.910,246.377,292,340,134,138,5.222,68
2023,27,81,Illinois,Big Ten,5,7,-35.543,4.949,62,0.417,0.513,-0.097,-0.647,201.370,236.913,294,353,146,149,37.445,46
2023,27,81,Old Dominion,Sun Belt,5,7,-33.009,-58.025,95,0.417,0.326,0.091,0.649,194.805,227.815,300,344,154,151,-24.525,80
2023,27,82,Georgia State,Sun Belt,6,6,-35.252,-58.801,96,0.500,0.338,0.162,1.122,213.699,248.951,312,356,146,143,-26.720,84
2023,27,83,North Texas,American Athletic,4,7,-37.983,-87.668,107,0.364,0.307,0.057,0.333,259.859,297.842,369,414,142,139,-61.683,118
2023,27,84,Utah State,Mountain West,5,7,-35.565,-81.203,106,0.417,0.303,0.113,0.801,219.255,254.819,353,423,161,166,-42.628,102
2023,27,86,Arkansas State,Sun Belt,5,7,-40.783,-34.623,87,0.417,0.400,0.017,0.156,221.379,262.162,321,388,145,148,-30.859,89
2023,27,88,Minnesota,Big Ten,6,7,-47.550,1.654,63,0.462,0.505,-0.043,-0.247,183.784,231.333,272,347,148,150,31.929,57
2023,27,89,Marshall,Sun Belt,5,7,-47.791,-76.180,103,0.417,0.268,0.149,1.036,166.667,214.458,275,356,165,166,-17.557,75
2023,27,89,Purdue,Big Ten,4,8,-43.431,12.291,59,0.333,0.533,-0.200,-1.309,187.582,231.013,287,365,153,158,48.698,29
2023,27,90,Colorado State,Mountain West,4,7,-48.148,-75.815,105,0.364,0.298,0.066,0.394,200.000,248.148,272,335,136,135,-32.870,91
2023,27,91,Arkansas,SEC,3,8,-48.328,-5.764,65,0.273,0.483,-0.210,-1.373,191.971,240.299,263,322,137,134,26.474,57
2023,27,92,Sam Houston,Conference USA,2,9,-50.942,-92.805,109,0.182,0.208,-0.026,-0.196,155.396,206.338,216,293,139,142,-42.232,101
2023,27,93,Middle Tennessee,Conference USA,3,8,-52.498,-59.253,95,0.273,0.320,-0.047,-0.333,181.560,234.058,256,323,141,138,-20.048,78
2023,27,94,Buffalo,Mid-American,3,8,-53.957,-122.349,119,0.273,0.144,0.128,0.793,153.957,207.914,214,289,139,139,-69.218,125
2023,27,97,Colorado,Pac-12,4,8,-58.168,12.804,58,0.333,0.532,-0.199,-1.304,222.368,280.537,338,418,152,149,58.056,15
2023,27,98,San Diego State,Mountain West,3,8,-61.290,-90.711,108,0.273,0.244,0.029,0.156,175.000,236.290,210,293,120,124,-28.468,88
2023,27,99,Army,FBS Independents,4,6,-64.105,-47.449,92,0.400,0.340,0.060,0.389,159.259,223.364,172,239,108,107,-21.371,79
2023,27,99,Houston,Big 12,4,8,-67.089,-41.575,89,0.333,0.390,-0.057,-0.391,208.824,275.912,284,378,136,137,21.376,62
2023,27,99,Syracuse,ACC,5,7,-67.326,-47.533,93,0.417,0.349,0.068,0.498,165.068,232.394,241,330,146,142,0.033,69
2023,27,101,Navy,American Athletic,4,7,-68.536,-106.278,113,0.364,0.148,0.216,1.413,135.252,203.788,188,269,139,132,-49.497,106
2023,27,101,Wake Forest,ACC,3,8,-70.427,-23.591,75,0.273,0.428,-0.155,-1.024,158.462,228.889,206,309,130,135,39.541,43
2023,27,102,East Carolina,American Athletic,1,10,-75.220,-102.777,111,0.091,0.174,-0.083,-0.560,119.708,194.928,164,269,137,138,-23.637,82
2023,27,102,Eastern Michigan,Mid-American,5,7,-71.284,-158.573,130,0.417,0.115,0.302,2.061,160.145,231.429,221,324,138,140,-100.188,133
2023,27,103,Mississippi State,SEC,4,7,-76.641,-24.807,78,0.364,0.418,-0.054,-0.375,163.359,240.000,214,312,131,130,49.619,26
2023,27,104,Central Michigan,Mid-American,4,7,-77.358,-140.454,125,0.364,0.178,0.186,1.162,179.231,256.589,233,331,130,129,-64.105,122
2023,27,105,BYU,Big 12,4,7,-77.941,-30.701,83,0.364,0.410,-0.047,-0.328,173.529,251.471,236,342,136,136,49.333,27
2023,27,106,UTEP,Conference USA,2,9,-78.324,-102.790,112,0.182,0.216,-0.034,-0.247,170.161,248.485,211,328,124,132,-21.897,80
2023,27,107,Indiana,Big Ten,2,9,-78.819,-7.193,67,0.182,0.479,-0.297,-1.934,174.419,253.237,225,352,129,139,69.656,5
2023,27,109,UAB,American Athletic,3,8,-87.884,-134.831,124,0.273,0.219,0.053,0.313,238.235,326.119,324,437,136,134,-39.888,97
2023,27,110,Western Michigan,Mid-American,3,8,-89.195,-143.105,126,0.273,0.175,0.097,0.595,180.435,269.630,249,364,138,135,-52.854,110
2023,27,112,Louisiana Tech,Conference USA,2,9,-89.406,-116.571,118,0.182,0.233,-0.051,-0.360,198.473,287.879,260,380,131,132,-38.302,98
2023,27,112,Pittsburgh,ACC,2,9,-93.626,-28.845,80,0.182,0.400,-0.218,-1.425,145.926,239.552,197,321,135,134,47.953,31
2023,27,113,Ball State,Mid-American,3,8,-94.532,-128.299,121,0.273,0.130,0.143,0.887,143.802,238.333,174,286,121,120,-56.484,115
2023,27,114,Florida International,Conference USA,3,8,-97.534,-143.699,127,0.273,0.137,0.136,0.839,157.639,255.172,227,370,144,145,-51.613,109
2023,27,115,Cincinnati,Big 12,2,9,-100.616,-71.843,104,0.182,0.308,-0.126,-0.834,176.984,277.600,223,347,126,125,22.026,61
2023,27,116,Virginia,ACC,2,9,-104.221,-30.099,81,0.182,0.413,-0.231,-1.507,173.793,278.014,252,392,145,141,63.865,8
2023,27,117,Charlotte,American Athletic,2,9,-110.397,-149.943,129,0.182,0.114,0.068,0.404,137.778,248.175,186,340,135,137,-40.983,98
2023,27,118,Akron,Mid-American,1,10,-115.559,-188.697,132,0.091,0.066,0.024,0.127,130.534,246.094,171,315,131,128,-84.396,128
2023,27,119,New Mexico,Mountain West,3,8,-119.344,-132.699,123,0.273,0.212,0.061,0.359,220.325,339.669,271,411,123,121,-36.549,94
2023,27,120,Nevada,Mountain West,2,9,-120.713,-127.807,120,0.182,0.129,0.052,0.306,151.880,272.593,202,368,133,135,-35.091,93
2023,27,121,Hawai'i,Mountain West,4,8,-122.302,-132.224,122,0.333,0.182,0.151,0.937,177.698,300.000,247,399,139,133,-25.423,85
2023,27,122,Baylor,Big 12,2,9,-122.328,-64.794,98,0.182,0.337,-0.155,-1.025,187.121,309.449,247,393,132,127,41.951,37
2023,27,123,UConn,FBS Independents,2,9,-124.205,-120.017,117,0.182,0.162,0.020,0.100,148.872,273.077,198,355,133,130,-24.739,84
2023,27,124,Tulsa,American Athletic,3,8,-126.052,-117.083,116,0.273,0.195,0.078,0.469,169.504,295.556,239,399,141,135,-30.943,89
2023,27,125,Southern Miss,Sun Belt,2,9,-127.338,-108.245,114,0.182,0.214,-0.032,-0.233,171.223,298.561,238,415,139,139,-8.774,71
2023,27,126,Vanderbilt,SEC,1,10,-129.595,-60.560,96,0.091,0.347,-0.256,-1.668,173.282,302.878,227,421,131,139,53.014,20
2023,27,127,Arizona State,Pac-12,2,9,-135.587,-21.070,74,0.182,0.430,-0.248,-1.618,142.105,277.692,189,361,133,130,78.750,3
2023,27,128,Michigan State,Big Ten,3,8,-137.760,-26.437,79,0.273,0.405,-0.133,-0.879,107.353,245.113,146,326,136,133,81.170,2
2023,27,129,Massachusetts,FBS Independents,2,9,-148.538,-121.831,118,0.182,0.227,-0.045,-0.318,187.121,335.659,247,433,132,129,-18.362,75
2023,27,130,Stanford,Pac-12,3,8,-148.999,-21.052,73,0.273,0.434,-0.161,-1.062,165.926,314.925,224,422,135,134,86.075,1
2023,27,131,Temple,American Athletic,2,9,-150.697,-172.838,131,0.182,0.112,0.070,0.418,164.341,315.038,212,419,129,133,-53.180,112
2023,27,132,UL Monroe,Sun Belt,1,10,-162.287,-146.645,128,0.091,0.116,-0.026,-0.193,133.333,295.620,184,405,138,137,-6.158,70
2023,27,133,Kent State,Mid-American,0,11,-209.430,-253.417,133,0.000,0.032,-0.032,-0.236,106.977,316.406,138,405,129,128,-71.756,126
2023,28,1,Michigan,Big Ten,15,0,234.296,256.033,1,1.000,0.972,0.028,0.232,326.061,91.765,538,156,165,170,51.511,32
2023,28,2,Oregon,Pac-12,11,2,227.050,230.851,2,0.846,0.936,-0.090,-0.558,387.050,160.000,538,224,139,140,52.915,29
2023,28,3,Georgia,SEC,12,1,213.720,212.561,4,0.923,0.921,0.002,0.054,361.972,148.252,514,212,142,143,46.193,39
2023,28,4,Notre Dame,FBS Independents,9,3,178.324,191.263,6,0.750,0.908,-0.158,-1.015,319.014,140.690,453,204,142,145,37.191,51
2023,28,5,Penn State,Big Ten,9,3,172.255,195.208,5,0.750,0.944,-0.194,-1.257,287.324,115.068,408,168,142,146,55.334,24
2023,28,6,Ohio State,Big Ten,10,2,171.568,214.400,3,0.833,0.974,-0.141,-0.897,270.149,98.582,362,139,134,141,77.292,6
2023,28,7,Oklahoma,Big 12,10,3,150.833,140.487,13,0.769,0.830,-0.061,-0.365,334.568,183.735,542,305,162,166,33.673,55
2023,28,8,Texas,Big 12,12,2,146.821,189.119,7,0.857,0.916,-0.059,-0.351,300.000,153.179,501,265,167,173,56.440,23
2023,28,9,SMU,American Athletic,10,3,143.789,32.108,49,0.769,0.600,0.169,1.173,293.789,150.000,473,249,161,166,-53.522,113
2023,28,10,LSU,SEC,9,3,130.683,155.492,12,0.750,0.776,-0.026,-0.132,390.977,260.294,520,354,133,136,56.772,22
2023,28,11,Kansas State,Big 12,8,4,112.049,161.301,10,0.667,0.863,-0.196,-1.267,295.270,183.221,437,273,148,149,62.396,16
2023,28,12,Liberty,Conference USA,13,1,106.548,50.388,39,0.929,0.616,0.312,2.130,319.048,212.500,536,340,168,160,-56.935,117
2023,28,13,Troy,Sun Belt,10,3,105.254,88.784,23,0.769,0.781,-0.011,-0.033,239.869,134.615,367,210,153,156,-14.952,73
2023,28,14,Arizona,Pac-12,9,3,104.353,138.749,15,0.750,0.814,-0.064,-0.388,300.730,196.377,412,271,137,138,45.296,41
2023,28,15,Florida State,ACC,12,1,102.708,139.449,14,0.923,0.871,0.052,0.389,261.350,158.642,426,257,163,162,42.136,46
2023,28,16,Tennessee,SEC,8,4,101.262,108.930,20,0.667,0.788,-0.121,-0.768,269.718,168.456,383,251,142,149,51.559,31
2023,28,17,James Madison,Sun Belt,10,2,100.649,58.499,34,0.833,0.669,0.164,1.138,262.987,162.338,405,250,154,154,-35.217,95
2023,28,18,Alabama,SEC,11,2,100.414,170.506,9,0.846,0.901,-0.055,-0.327,264.516,164.103,410,256,155,156,83.932,3
2023,28,19,Washington,Pac-12,14,1,99.583,176.130,8,0.933,0.859,0.074,0.538,308.571,208.989,540,372,175,178,84.741,2
2023,28,20,South Alabama,Sun Belt,6,6,87.871,1.955,62,0.500,0.506,-0.006,0.002,266.892,179.021,395,256,148,143,-44.529,104
2023,28,21,Missouri,SEC,10,2,85.470,155.988,11,0.833,0.871,-0.038,-0.208,273.239,187.770,388,261,142,139,76.418,7
2023,28,22,Texas A&M,SEC,6,6,79.417,87.457,24,0.500,0.727,-0.227,-1.476,280.142,200.725,395,277,141,138,36.244,53
2023,28,23,Ohio,Mid-American,9,3,76.163,-21.209,73,0.750,0.433,0.317,2.163,225.781,149.618,289,196,128,131,-95.713,131
2023,28,24,USC,Pac-12,8,5,72.335,115.414,17,0.615,0.723,-0.108,-0.679,340.000,267.665,544,447,160,167,62.288,17
2023,28,25,Memphis,American Athletic,9,3,70.204,29.922,50,0.750,0.568,0.182,1.261,310.204,240.000,456,360,147,150,-37.232,99
2023,28,26,Air Force,Mountain West,8,4,69.685,22.844,52,0.667,0.563,0.104,0.736,250.000,180.315,320,229,128,127,-48.720,108
2023,28,27,Kansas,Big 12,8,4,67.220,110.041,18,0.667,0.733,-0.066,-0.402,308.397,241.176,404,328,131,136,37.678,50
2023,28,28,Ole Miss,SEC,10,2,64.564,120.018,16,0.833,0.793,0.041,0.314,265.972,201.408,383,286,144,142,55.220,25
2023,28,29,Miami (OH),Mid-American,10,3,61.438,-9.974,68,0.769,0.461,0.308,2.103,194.118,132.680,297,203,153,153,-81.549,129
2023,28,30,Toledo,Mid-American,10,3,59.015,-17.061,71,0.769,0.452,0.317,2.160,242.675,183.660,381,281,157,153,-76.279,128
2023,28,31,UTSA,American Athletic,9,4,55.590,-2.789,65,0.692,0.492,0.200,1.381,250.000,194.410,415,313,166,161,-61.475,121
2023,28,32,Fresno State,Mountain West,8,4,53.147,-22.734,76,0.667,0.436,0.231,1.587,253.147,200.000,362,274,143,137,-61.561,122
2023,28,33,Oregon State,Pac-12,7,5,50.200,94.804,21,0.583,0.732,-0.148,-0.948,274.046,223.846,359,291,131,130,67.726,10
2023,28,34,Louisville,ACC,9,4,50.127,109.723,19,0.692,0.797,-0.105,-0.657,235.220,185.093,374,298,159,161,53.885,26
2023,28,35,Duke,ACC,7,5,48.006,82.500,25,0.583,0.724,-0.140,-0.896,223.188,175.182,308,240,138,137,44.826,43
2023,28,36,Boise State,Mountain West,7,6,45.277,35.292,46,0.538,0.598,-0.059,-0.355,263.226,217.949,408,340,155,156,-13.394,72
2023,28,37,Jacksonville State,Conference USA,8,4,44.298,-33.334,84,0.667,0.385,0.281,1.923,209.146,164.848,343,272,164,165,-62.643,124
2023,28,38,Miami,ACC,6,6,41.821,65.744,29,0.500,0.678,-0.178,-1.144,243.919,202.098,361,289,148,143,29.320,58
2023,28,39,Northern Illinois,Mid-American,7,5,41.812,-61.150,97,0.583,0.322,0.261,1.788,226.812,185.000,313,259,138,140,-100.014,132
2023,28,40,App State,Sun Belt,8,5,40.100,1.039,64,0.615,0.503,0.113,0.797,264.151,224.051,420,354,159,158,-37.003,98
2023,28,41,Virginia Tech,ACC,7,6,38.747,34.950,47,0.538,0.596,-0.057,-0.342,235.583,196.835,384,311,163,158,5.276,67
2023,28,42,Maryland,Big Ten,7,5,37.824,92.914,22,0.583,0.725,-0.141,-0.903,245.070,207.246,348,286,142,138,46.495,38
2023,28,43,Clemson,ACC,8,4,37.130,77.607,27,0.667,0.749,-0.082,-0.509,198.765,161.635,322,257,162,159,48.151,36
2023,28,44,UNLV,Mountain West,8,5,36.431,5.258,59,0.615,0.514,0.102,0.722,270.370,233.939,438,386,162,165,-22.594,78
2023,28,45,Tulane,American Athletic,10,3,34.524,8.260,58,0.769,0.526,0.243,1.669,225.000,190.476,333,280,148,147,-36.969,97
2023,28,46,North Carolina,ACC,7,5,32.231,57.961,35,0.583,0.637,-0.054,-0.316,268.966,236.735,390,348,145,147,23.615,64
2023,28,47,UCLA,Pac-12,7,5,30.164,49.990,41,0.583,0.675,-0.092,-0.570,191.275,161.111,285,232,149,144,33.572,56
2023,28,48,Wisconsin,Big Ten,7,6,29.288,56.113,37,0.538,0.681,-0.143,-0.913,193.038,163.750,305,262,158,160,26.454,61
2023,28,49,Kentucky,SEC,6,6,28.722,81.570,26,0.500,0.698,-0.198,-1.283,251.799,223.077,350,319,139,143,43.369,45
2023,28,50,Louisiana,Sun Belt,5,7,27.776,-33.385,85,0.417,0.423,-0.006,-0.001,275.362,247.586,380,359,138,145,-53.566,114
2023,28,51,UCF,Big 12,5,7,22.617,4.019,60,0.417,0.511,-0.094,-0.588,263.971,241.353,359,321,136,133,17.819,66
2023,28,52,New Mexico State,Conference USA,9,5,20.692,-34.386,86,0.643,0.406,0.237,1.629,237.584,216.892,354,321,149,148,-63.668,125
2023,28,53,Auburn,SEC,5,7,17.265,39.917,45,0.417,0.634,-0.218,-1.412,213.768,196.503,295,281,138,143,53.018,28
2023,28,54,NC State,ACC,8,4,15.571,64.234,30,0.667,0.709,-0.043,-0.242,189.744,174.172,296,263,156,151,44.004,44
2023,28,55,Wyoming,Mountain West,8,4,13.854,-12.525,69,0.667,0.462,0.205,1.412,219.118,205.263,298,273,136,133,-16.041,74
2023,28,56,Utah,Pac-12,7,5,13.272,60.838,32,0.583,0.716,-0.133,-0.845,188.811,175.540,270,244,143,139,70.313,8
2023,28,57,Iowa State,Big 12,6,6,12.596,57.027,36,0.500,0.666,-0.166,-1.069,220.567,207.971,311,287,141,138,50.163,34
2023,28,58,West Virginia,Big 12,8,4,9.332,50.466,38,0.667,0.630,0.037,0.288,248.592,239.259,353,323,142,135,28.672,60
2023,28,61,Bowling Green,Mid-American,6,6,6.769,-42.628,90,0.500,0.382,0.118,0.829,220.438,213.669,302,297,137,139,-45.781,105
2023,28,61,Washington State,Pac-12,4,7,8.483,58.221,36,0.364,0.657,-0.293,-1.908,235.821,227.338,316,316,134,139,61.714,12
2023,28,62,Iowa,Big Ten,10,4,6.264,44.452,42,0.714,0.717,-0.002,0.026,120.000,113.736,216,207,180,182,35.609,54
2023,28,62,TCU,Big 12,4,7,7.171,59.657,35,0.364,0.653,-0.290,-1.884,253.788,246.617,335,328,132,133,51.680,23
2023,28,63,Oklahoma State,Big 12,9,4,0.000,50.363,40,0.692,0.643,0.049,0.369,225.000,225.000,387,387,172,172,49.562,35
2023,28,64,Nebraska,Big Ten,5,7,-3.147,16.573,53,0.417,0.566,-0.150,-0.987,150.000,153.147,216,219,144,143,23.663,60
2023,28,64,Texas State,Sun Belt,7,5,-2.716,-46.461,91,0.583,0.394,0.190,1.310,272.109,274.825,400,393,147,143,-49.652,111
2023,28,66,Western Kentucky,Conference USA,7,5,-4.636,-25.582,78,0.583,0.433,0.150,1.044,227.815,232.450,344,351,151,151,-32.653,91
2023,28,67,San José State,Mountain West,6,6,-4.876,-41.939,89,0.500,0.395,0.105,0.741,259.124,264.000,355,330,137,125,-20.125,76
2023,28,68,Coastal Carolina,Sun Belt,7,5,-6.569,-32.375,82,0.583,0.408,0.175,1.214,214.599,221.168,294,303,137,137,-30.501,88
2023,28,69,South Florida,American Athletic,6,6,-6.663,-69.563,101,0.500,0.314,0.186,1.289,231.288,237.952,377,395,163,166,-57.000,118
2023,28,70,Texas Tech,Big 12,6,6,-10.395,68.975,28,0.500,0.705,-0.205,-1.328,210.000,220.395,315,335,150,152,58.735,20
2023,28,71,Georgia Tech,ACC,6,6,-17.063,19.499,53,0.500,0.548,-0.048,-0.276,247.222,264.286,356,370,144,140,39.814,48
2023,28,71,South Carolina,SEC,4,7,-17.472,29.960,48,0.364,0.594,-0.230,-1.504,196.296,213.768,265,295,135,138,62.607,11
2023,28,73,Northwestern,Big Ten,7,5,-17.617,17.068,54,0.583,0.553,0.031,0.247,176.000,193.617,264,273,150,141,40.303,47
2023,28,74,Georgia Southern,Sun Belt,5,7,-18.242,-79.025,105,0.417,0.306,0.110,0.779,233.987,252.229,358,396,153,157,-48.199,107
2023,28,75,Florida,SEC,4,7,-24.806,39.221,45,0.364,0.605,-0.241,-1.574,226.357,251.163,292,324,129,129,63.134,10
2023,28,75,Rice,American Athletic,5,7,-19.511,-62.566,99,0.417,0.343,0.074,0.537,225.694,245.205,325,358,144,146,-41.756,101
2023,28,76,Rutgers,Big Ten,6,6,-23.433,28.912,51,0.500,0.581,-0.081,-0.499,186.567,210.000,250,273,134,130,64.379,14
2023,28,78,California,Pac-12,5,7,-25.052,41.130,44,0.417,0.608,-0.191,-1.234,230.573,255.625,362,409,157,160,64.424,13
2023,28,78,Florida Atlantic,American Athletic,3,8,-28.951,-86.354,106,0.273,0.242,0.031,0.169,181.343,210.294,243,286,134,136,-53.780,113
2023,28,79,Boston College,ACC,6,6,-28.466,-21.736,74,0.500,0.444,0.056,0.413,217.910,246.377,292,340,134,138,5.222,68
2023,28,81,Illinois,Big Ten,5,7,-35.543,4.949,62,0.417,0.513,-0.097,-0.647,201.370,236.913,294,353,146,149,37.445,46
2023,28,81,Old Dominion,Sun Belt,5,7,-33.009,-58.025,95,0.417,0.326,0.091,0.649,194.805,227.815,300,344,154,151,-24.525,80
2023,28,82,Georgia State,Sun Belt,6,6,-35.252,-58.801,96,0.500,0.338,0.162,1.122,213.699,248.951,312,356,146,143,-26.720,84
2023,28,83,North Texas,American Athletic,4,7,-37.983,-87.668,107,0.364,0.307,0.057,0.333,259.859,297.842,369,414,142,139,-61.683,118
2023,28,84,Utah State,Mountain West,5,7,-35.565,-81.203,106,0.417,0.303,0.113,0.801,219.255,254.819,353,423,161,166,-42.628,102
2023,28,86,Arkansas State,Sun Belt,5,7,-40.783,-34.623,87,0.417,0.400,0.017,0.156,221.379,262.162,321,388,145,148,-30.859,89
2023,28,88,Minnesota,Big Ten,6,7,-47.550,1.654,63,0.462,0.505,-0.043,-0.247,183.784,231.333,272,347,148,150,31.929,57
2023,28,89,Marshall,Sun Belt,5,7,-47.791,-76.180,103,0.417,0.268,0.149,1.036,166.667,214.458,275,356,165,166,-17.557,75
2023,28,89,Purdue,Big Ten,4,8,-43.431,12.291,59,0.333,0.533,-0.200,-1.309,187.582,231.013,287,365,153,158,48.698,29
2023,28,90,Colorado State,Mountain West,4,7,-48.148,-75.815,105,0.364,0.298,0.066,0.394,200.000,248.148,272,335,136,135,-32.870,91
2023,28,91,Arkansas,SEC,3,8,-48.328,-5.764,65,0.273,0.483,-0.210,-1.373,191.971,240.299,263,322,137,134,26.474,57
2023,28,92,Sam Houston,Conference USA,2,9,-50.942,-92.805,109,0.182,0.208,-0.026,-0.196,155.396,206.338,216,293,139,142,-42.232,101
2023,28,93,Middle Tennessee,Conference USA,3,8,-52.498,-59.253,95,0.273,0.320,-0.047,-0.333,181.560,234.058,256,323,141,138,-20.048,78
2023,28,94,Buffalo,Mid-American,3,8,-53.957,-122.349,119,0.273,0.144,0.128,0.793,153.957,207.914,214,289,139,139,-69.218,125
2023,28,97,Colorado,Pac-12,4,8,-58.168,12.804,58,0.333,0.532,-0.199,-1.304,222.368,280.537,338,418,152,149,58.056,15
2023,28,98,San Diego State,Mountain West,3,8,-61.290,-90.711,108,0.273,0.244,0.029,0.156,175.000,236.290,210,293,120,124,-28.468,88
2023,28,99,Army,FBS Independents,4,6,-64.105,-47.449,92,0.400,0.340,0.060,0.389,159.259,223.364,172,239,108,107,-21.371,79
2023,28,99,Houston,Big 12,4,8,-67.089,-41.575,89,0.333,0.390,-0.057,-0.391,208.824,275.912,284,378,136,137,21.376,62
2023,28,99,Syracuse,ACC,5,7,-67.326,-47.533,93,0.417,0.349,0.068,0.498,165.068,232.394,241,330,146,142,0.033,69
2023,28,101,Navy,American Athletic,4,7,-68.536,-106.278,113,0.364,0.148,0.216,1.413,135.252,203.788,188,269,139,132,-49.497,106
2023,28,101,Wake Forest,ACC,3,8,-70.427,-23.591,75,0.273,0.428,-0.155,-1.024,158.462,228.889,206,309,130,135,39.541,43
2023,28,102,East Carolina,American Athletic,1,10,-75.220,-102.777,111,0.091,0.174,-0.083,-0.560,119.708,194.928,164,269,137,138,-23.637,82
2023,28,102,Eastern Michigan,Mid-American,5,7,-71.284,-158.573,130,0.417,0.115,0.302,2.061,160.145,231.429,221,324,138,140,-100.188,133
2023,28,103,Mississippi State,SEC,4,7,-76.641,-24.807,78,0.364,0.418,-0.054,-0.375,163.359,240.000,214,312,131,130,49.619,26
2023,28,104,Central Michigan,Mid-American,4,7,-77.358,-140.454,125,0.364,0.178,0.186,1.162,179.231,256.589,233,331,130,129,-64.105,122
2023,28,105,BYU,Big 12,4,7,-77.941,-30.701,83,0.364,0.410,-0.047,-0.328,173.529,251.471,236,342,136,136,49.333,27
2023,28,106,UTEP,Conference USA,2,9,-78.324,-102.790,112,0.182,0.216,-0.034,-0.247,170.161,248.485,211,328,124,132,-21.897,80
2023,28,107,Indiana,Big Ten,2,9,-78.819,-7.193,67,0.182,0.479,-0.297,-1.934,174.419,253.237,225,352,129,139,69.656,5
2023,28,109,UAB,American Athletic,3,8,-87.884,-134.831,124,0.273,0.219,0.053,0.313,238.235,326.119,324,437,136,134,-39.888,97
2023,28,110,Western Michigan,Mid-American,3,8,-89.195,-143.105,126,0.273,0.175,0.097,0.595,180.435,269.630,249,364,138,135,-52.854,110
2023,28,112,Louisiana Tech,Conference USA,2,9,-89.406,-116.571,118,0.182,0.233,-0.051,-0.360,198.473,287.879,260,380,131,132,-38.302,98
2023,28,112,Pittsburgh,ACC,2,9,-93.626,-28.845,80,0.182,0.400,-0.218,-1.425,145.926,239.552,197,321,135,134,47.953,31
2023,28,113,Ball State,Mid-American,3,8,-94.532,-128.299,121,0.273,0.130,0.143,0.887,143.802,238.333,174,286,121,120,-56.484,115
2023,28,114,Florida International,Conference USA,3,8,-97.534,-143.699,127,0.273,0.137,0.136,0.839,157.639,255.172,227,370,144,145,-51.613,109
2023,28,115,Cincinnati,Big 12,2,9,-100.616,-71.843,104,0.182,0.308,-0.126,-0.834,176.984,277.600,223,347,126,125,22.026,61
2023,28,116,Virginia,ACC,2,9,-104.221,-30.099,81,0.182,0.413,-0.231,-1.507,173.793,278.014,252,392,145,141,63.865,8
2023,28,117,Charlotte,American Athletic,2,9,-110.397,-149.943,129,0.182,0.114,0.068,0.404,137.778,248.175,186,340,135,137,-40.983,98
2023,28,118,Akron,Mid-American,1,10,-115.559,-188.697,132,0.091,0.066,0.024,0.127,130.534,246.094,171,315,131,128,-84.396,128
2023,28,119,New Mexico,Mountain West,3,8,-119.344,-132.699,123,0.273,0.212,0.061,0.359,220.325,339.669,271,411,123,121,-36.549,94
2023,28,120,Nevada,Mountain West,2,9,-120.713,-127.807,120,0.182,0.129,0.052,0.306,151.880,272.593,202,368,133,135,-35.091,93
2023,28,121,Hawai'i,Mountain West,4,8,-122.302,-132.224,122,0.333,0.182,0.151,0.937,177.698,300.000,247,399,139,133,-25.423,85
2023,28,122,Baylor,Big 12,2,9,-122.328,-64.794,98,0.182,0.337,-0.155,-1.025,187.121,309.449,247,393,132,127,41.951,37
2023,28,123,UConn,FBS Independents,2,9,-124.205,-120.017,117,0.182,0.162,0.020,0.100,148.872,273.077,198,355,133,130,-24.739,84
2023,28,124,Tulsa,American Athletic,3,8,-126.052,-117.083,116,0.273,0.195,0.078,0.469,169.504,295.556,239,399,141,135,-30.943,89
2023,28,125,Southern Miss,Sun Belt,2,9,-127.338,-108.245,114,0.182,0.214,-0.032,-0.233,171.223,298.561,238,415,139,139,-8.774,71
2023,28,126,Vanderbilt,SEC,1,10,-129.595,-60.560,96,0.091,0.347,-0.256,-1.668,173.282,302.878,227,421,131,139,53.014,20
2023,28,127,Arizona State,Pac-12,2,9,-135.587,-21.070,74,0.182,0.430,-0.248,-1.618,142.105,277.692,189,361,133,130,78.750,3
2023,28,128,Michigan State,Big Ten,3,8,-137.760,-26.437,79,0.273,0.405,-0.133,-0.879,107.353,245.113,146,326,136,133,81.170,2
2023,28,129,Massachusetts,FBS Independents,2,9,-148.538,-121.831,118,0.182,0.227,-0.045,-0.318,187.121,335.659,247,433,132,129,-18.362,75
2023,28,130,Stanford,Pac-12,3,8,-148.999,-21.052,73,0.273,0.434,-0.161,-1.062,165.926,314.925,224,422,135,134,86.075,1
2023,28,131,Temple,American Athletic,2,9,-150.697,-172.838,131,0.182,0.112,0.070,0.418,164.341,315.038,212,419,129,133,-53.180,112
2023,28,132,UL Monroe,Sun Belt,1,10,-162.287,-146.645,128,0.091,0.116,-0.026,-0.193,133.333,295.620,184,405,138,137,-6.158,70
2023,28,133,Kent State,Mid-American,0,11,-209.430,-253.417,133,0.000,0.032,-0.032,-0.236,106.977,316.406,138,405,129,128,-71.756,126
2023,29,1,Michigan,Big Ten,15,0,234.296,256.033,1,1.000,0.972,0.028,0.232,326.061,91.765,538,156,165,170,51.511,32
2023,29,2,Oregon,Pac-12,11,2,227.050,230.851,2,0.846,0.936,-0.090,-0.558,387.050,160.000,538,224,139,140,52.915,29
2023,29,3,Georgia,SEC,12,1,213.720,212.561,4,0.923,0.921,0.002,0.054,361.972,148.252,514,212,142,143,46.193,39
2023,29,4,Notre Dame,FBS Independents,9,3,178.324,191.263,6,0.750,0.908,-0.158,-1.015,319.014,140.690,453,204,142,145,37.191,51
2023,29,5,Penn State,Big Ten,9,3,172.255,195.208,5,0.750,0.944,-0.194,-1.257,287.324,115.068,408,168,142,146,55.334,24
2023,29,6,Ohio State,Big Ten,10,2,171.568,214.400,3,0.833,0.974,-0.141,-0.897,270.149,98.582,362,139,134,141,77.292,6
2023,29,7,Oklahoma,Big 12,10,3,150.833,140.487,13,0.769,0.830,-0.061,-0.365,334.568,183.735,542,305,162,166,33.673,55
2023,29,8,Texas,Big 12,12,2,146.821,189.119,7,0.857,0.916,-0.059,-0.351,300.000,153.179,501,265,167,173,56.440,23
2023,29,9,SMU,American Athletic,10,3,143.789,32.108,49,0.769,0.600,0.169,1.173,293.789,150.000,473,249,161,166,-53.522,113
2023,29,10,LSU,SEC,9,3,130.683,155.492,12,0.750,0.776,-0.026,-0.132,390.977,260.294,520,354,133,136,56.772,22
2023,29,11,Kansas State,Big 12,8,4,112.049,161.301,10,0.667,0.863,-0.196,-1.267,295.270,183.221,437,273,148,149,62.396,16
2023,29,12,Liberty,Conference USA,13,1,106.548,50.388,39,0.929,0.616,0.312,2.130,319.048,212.500,536,340,168,160,-56.935,117
2023,29,13,Troy,Sun Belt,10,3,105.254,88.784,23,0.769,0.781,-0.011,-0.033,239.869,134.615,367,210,153,156,-14.952,73
2023,29,14,Arizona,Pac-12,9,3,104.353,138.749,15,0.750,0.814,-0.064,-0.388,300.730,196.377,412,271,137,138,45.296,41
2023,29,15,Florida State,ACC,12,1,102.708,139.449,14,0.923,0.871,0.052,0.389,261.350,158.642,426,257,163,162,42.136,46
2023,29,16,Tennessee,SEC,8,4,101.262,108.930,20,0.667,0.788,-0.121,-0.768,269.718,168.456,383,251,142,149,51.559,31
2023,29,17,James Madison,Sun Belt,10,2,100.649,58.499,34,0.833,0.669,0.164,1.138,262.987,162.338,405,250,154,154,-35.217,95
2023,29,18,Alabama,SEC,11,2,100.414,170.506,9,0.846,0.901,-0.055,-0.327,264.516,164.103,410,256,155,156,83.932,3
2023,29,19,Washington,Pac-12,14,1,99.583,176.130,8,0.933,0.859,0.074,0.538,308.571,208.989,540,372,175,178,84.741,2
2023,29,20,South Alabama,Sun Belt,6,6,87.871,1.955,62,0.500,0.506,-0.006,0.002,266.892,179.021,395,256,148,143,-44.529,104
2023,29,21,Missouri,SEC,10,2,85.470,155.988,11,0.833,0.871,-0.038,-0.208,273.239,187.770,388,261,142,139,76.418,7
2023,29,22,Texas A&M,SEC,6,6,79.417,87.457,24,0.500,0.727,-0.227,-1.476,280.142,200.725,395,277,141,138,36.244,53
2023,29,23,Ohio,Mid-American,9,3,76.163,-21.209,73,0.750,0.433,0.317,2.163,225.781,149.618,289,196,128,131,-95.713,131
2023,29,24,USC,Pac-12,8,5,72.335,115.414,17,0.615,0.723,-0.108,-0.679,340.000,267.665,544,447,160,167,62.288,17
2023,29,25,Memphis,American Athletic,9,3,70.204,29.922,50,0.750,0.568,0.182,1.261,310.204,240.000,456,360,147,150,-37.232,99
2023,29,26,Air Force,Mountain West,8,4,69.685,22.844,52,0.667,0.563,0.104,0.736,250.000,180.315,320,229,128,127,-48.720,108
2023,29,27,Kansas,Big 12,8,4,67.220,110.041,18,0.667,0.733,-0.066,-0.402,308.397,241.176,404,328,131,136,37.678,50
2023,29,28,Ole Miss,SEC,10,2,64.564,120.018,16,0.833,0.793,0.041,0.314,265.972,201.408,383,286,144,142,55.220,25
2023,29,29,Miami (OH),Mid-American,10,3,61.438,-9.974,68,0.769,0.461,0.308,2.103,194.118,132.680,297,203,153,153,-81.549,129
2023,29,30,Toledo,Mid-American,10,3,59.015,-17.061,71,0.769,0.452,0.317,2.160,242.675,183.660,381,281,157,153,-76.279,128
2023,29,31,UTSA,American Athletic,9,4,55.590,-2.789,65,0.692,0.492,0.200,1.381,250.000,194.410,415,313,166,161,-61.475,121
2023,29,32,Fresno State,Mountain West,8,4,53.147,-22.734,76,0.667,0.436,0.231,1.587,253.147,200.000,362,274,143,137,-61.561,122
2023,29,33,Oregon State,Pac-12,7,5,50.200,94.804,21,0.583,0.732,-0.148,-0.948,274.046,223.846,359,291,131,130,67.726,10
2023,29,34,Louisville,ACC,9,4,50.127,109.723,19,0.692,0.797,-0.105,-0.657,235.220,185.093,374,298,159,161,53.885,26
2023,29,35,Duke,ACC,7,5,48.006,82.500,25,0.583,0.724,-0.140,-0.896,223.188,175.182,308,240,138,137,44.826,43
2023,29,36,Boise State,Mountain West,7,6,45.277,35.292,46,0.538,0.598,-0.059,-0.355,263.226,217.949,408,340,155,156,-13.394,72
2023,29,37,Jacksonville State,Conference USA,8,4,44.298,-33.334,84,0.667,0.385,0.281,1.923,209.146,164.848,343,272,164,165,-62.643,124
2023,29,38,Miami,ACC,6,6,41.821,65.744,29,0.500,0.678,-0.178,-1.144,243.919,202.098,361,289,148,143,29.320,58
2023,29,39,Northern Illinois,Mid-American,7,5,41.812,-61.150,97,0.583,0.322,0.261,1.788,226.812,185.000,313,259,138,140,-100.014,132
2023,29,40,App State,Sun Belt,8,5,40.100,1.039,64,0.615,0.503,0.113,0.797,264.151,224.051,420,354,159,158,-37.003,98
2023,29,41,Virginia Tech,ACC,7,6,38.747,34.950,47,0.538,0.596,-0.057,-0.342,235.583,196.835,384,311,163,158,5.276,67
2023,29,42,Maryland,Big Ten,7,5,37.824,92.914,22,0.583,0.725,-0.141,-0.903,245.070,207.246,348,286,142,138,46.495,38
2023,29,43,Clemson,ACC,8,4,37.130,77.607,27,0.667,0.749,-0.082,-0.509,198.765,161.635,322,257,162,159,48.151,36
2023,29,44,UNLV,Mountain West,8,5,36.431,5.258,59,0.615,0.514,0.102,0.722,270.370,233.939,438,386,162,165,-22.594,78
2023,29,45,Tulane,American Athletic,10,3,34.524,8.260,58,0.769,0.526,0.243,1.669,225.000,190.476,333,280,148,147,-36.969,97
2023,29,46,North Carolina,ACC,7,5,32.231,57.961,35,0.583,0.637,-0.054,-0.316,268.966,236.735,390,348,145,147,23.615,64
2023,29,47,UCLA,Pac-12,7,5,30.164,49.990,41,0.583,0.675,-0.092,-0.570,191.275,161.111,285,232,149,144,33.572,56
2023,29,48,Wisconsin,Big Ten,7,6,29.288,56.113,37,0.538,0.681,-0.143,-0.913,193.038,163.750,305,262,158,160,26.454,61
2023,29,49,Kentucky,SEC,6,6,28.722,81.570,26,0.500,0.698,-0.198,-1.283,251.799,223.077,350,319,139,143,43.369,45
2023,29,50,Louisiana,Sun Belt,5,7,27.776,-33.385,85,0.417,0.423,-0.006,-0.001,275.362,247.586,380,359,138,145,-53.566,114
2023,29,51,UCF,Big 12,5,7,22.617,4.019,60,0.417,0.511,-0.094,-0.588,263.971,241.353,359,321,136,133,17.819,66
2023,29,52,New Mexico State,Conference USA,9,5,20.692,-34.386,86,0.643,0.406,0.237,1.629,237.584,216.892,354,321,149,148,-63.668,125
2023,29,53,Auburn,SEC,5,7,17.265,39.917,45,0.417,0.634,-0.218,-1.412,213.768,196.503,295,281,138,143,53.018,28
2023,29,54,NC State,ACC,8,4,15.571,64.234,30,0.667,0.709,-0.043,-0.242,189.744,174.172,296,263,156,151,44.004,44
2023,29,55,Wyoming,Mountain West,8,4,13.854,-12.525,69,0.667,0.462,0.205,1.412,219.118,205.263,298,273,136,133,-16.041,74
2023,29,56,Utah,Pac-12,7,5,13.272,60.838,32,0.583,0.716,-0.133,-0.845,188.811,175.540,270,244,143,139,70.313,8
2023,29,57,Iowa State,Big 12,6,6,12.596,57.027,36,0.500,0.666,-0.166,-1.069,220.567,207.971,311,287,141,138,50.163,34
2023,29,58,West Virginia,Big 12,8,4,9.332,50.466,38,0.667,0.630,0.037,0.288,248.592,239.259,353,323,142,135,28.672,60
2023,29,61,Bowling Green,Mid-American,6,6,6.769,-42.628,90,0.500,0.382,0.118,0.829,220.438,213.669,302,297,137,139,-45.781,105
2023,29,61,Washington State,Pac-12,4,7,8.483,58.221,36,0.364,0.657,-0.293,-1.908,235.821,227.338,316,316,134,139,61.714,12
2023,29,62,Iowa,Big Ten,10,4,6.264,44.452,42,0.714,0.717,-0.002,0.026,120.000,113.736,216,207,180,182,35.609,54
2023,29,62,TCU,Big 12,4,7,7.171,59.657,35,0.364,0.653,-0.290,-1.884,253.788,246.617,335,328,132,133,51.680,23
2023,29,63,Oklahoma State,Big 12,9,4,0.000,50.363,40,0.692,0.643,0.049,0.369,225.000,225.000,387,387,172,172,49.562,35
2023,29,64,Nebraska,Big Ten,5,7,-3.147,16.573,53,0.417,0.566,-0.150,-0.987,150.000,153.147,216,219,144,143,23.663,60
2023,29,64,Texas State,Sun Belt,7,5,-2.716,-46.461,91,0.583,0.394,0.190,1.310,272.109,274.825,400,393,147,143,-49.652,111
2023,29,66,Western Kentucky,Conference USA,7,5,-4.636,-25.582,78,0.583,0.433,0.150,1.044,227.815,232.450,344,351,151,151,-32.653,91
2023,29,67,San José State,Mountain West,6,6,-4.876,-41.939,89,0.500,0.395,0.105,0.741,259.124,264.000,355,330,137,125,-20.125,76
2023,29,68,Coastal Carolina,Sun Belt,7,5,-6.569,-32.375,82,0.583,0.408,0.175,1.214,214.599,221.168,294,303,137,137,-30.501,88
2023,29,69,South Florida,American Athletic,6,6,-6.663,-69.563,101,0.500,0.314,0.186,1.289,231.288,237.952,377,395,163,166,-57.000,118
2023,29,70,Texas Tech,Big 12,6,6,-10.395,68.975,28,0.500,0.705,-0.205,-1.328,210.000,220.395,315,335,150,152,58.735,20
2023,29,71,Georgia Tech,ACC,6,6,-17.063,19.499,53,0.500,0.548,-0.048,-0.276,247.222,264.286,356,370,144,140,39.814,48
2023,29,71,South Carolina,SEC,4,7,-17.472,29.960,48,0.364,0.594,-0.230,-1.504,196.296,213.768,265,295,135,138,62.607,11
2023,29,73,Northwestern,Big Ten,7,5,-17.617,17.068,54,0.583,0.553,0.031,0.247,176.000,193.617,264,273,150,141,40.303,47
2023,29,74,Georgia Southern,Sun Belt,5,7,-18.242,-79.025,105,0.417,0.306,0.110,0.779,233.987,252.229,358,396,153,157,-48.199,107
2023,29,75,Florida,SEC,4,7,-24.806,39.221,45,0.364,0.605,-0.241,-1.574,226.357,251.163,292,324,129,129,63.134,10
2023,29,75,Rice,American Athletic,5,7,-19.511,-62.566,99,0.417,0.343,0.074,0.537,225.694,245.205,325,358,144,146,-41.756,101
2023,29,76,Rutgers,Big Ten,6,6,-23.433,28.912,51,0.500,0.581,-0.081,-0.499,186.567,210.000,250,273,134,130,64.379,14
2023,29,78,California,Pac-12,5,7,-25.052,41.130,44,0.417,0.608,-0.191,-1.234,230.573,255.625,362,409,157,160,64.424,13
2023,29,78,Florida Atlantic,American Athletic,3,8,-28.951,-86.354,106,0.273,0.242,0.031,0.169,181.343,210.294,243,286,134,136,-53.780,113
2023,29,79,Boston College,ACC,6,6,-28.466,-21.736,74,0.500,0.444,0.056,0.413,217.910,246.377,292,340,134,138,5.222,68
2023,29,81,Illinois,Big Ten,5,7,-35.543,4.949,62,0.417,0.513,-0.097,-0.647,201.370,236.913,294,353,146,149,37.445,46
2023,29,81,Old Dominion,Sun Belt,5,7,-33.009,-58.025,95,0.417,0.326,0.091,0.649,194.805,227.815,300,344,154,151,-24.525,80
2023,29,82,Georgia State,Sun Belt,6,6,-35.252,-58.801,96,0.500,0.338,0.162,1.122,213.699,248.951,312,356,146,143,-26.720,84
2023,29,83,North Texas,American Athletic,4,7,-37.983,-87.668,107,0.364,0.307,0.057,0.333,259.859,297.842,369,414,142,139,-61.683,118
2023,29,84,Utah State,Mountain West,5,7,-35.565,-81.203,106,0.417,0.303,0.113,0.801,219.255,254.819,353,423,161,166,-42.628,102
2023,29,86,Arkansas State,Sun Belt,5,7,-40.783,-34.623,87,0.417,0.400,0.017,0.156,221.379,262.162,321,388,145,148,-30.859,89
2023,29,88,Minnesota,Big Ten,6,7,-47.550,1.654,63,0.462,0.505,-0.043,-0.247,183.784,231.333,272,347,148,150,31.929,57
2023,29,89,Marshall,Sun Belt,5,7,-47.791,-76.180,103,0.417,0.268,0.149,1.036,166.667,214.458,275,356,165,166,-17.557,75
2023,29,89,Purdue,Big Ten,4,8,-43.431,12.291,59,0.333,0.533,-0.200,-1.309,187.582,231.013,287,365,153,158,48.698,29
2023,29,90,Colorado State,Mountain West,4,7,-48.148,-75.815,105,0.364,0.298,0.066,0.394,200.000,248.148,272,335,136,135,-32.870,91
2023,29,91,Arkansas,SEC,3,8,-48.328,-5.764,65,0.273,0.483,-0.210,-1.373,191.971,240.299,263,322,137,134,26.474,57
2023,29,92,Sam Houston,Conference USA,2,9,-50.942,-92.805,109,0.182,0.208,-0.026,-0.196,155.396,206.338,216,293,139,142,-42.232,101
2023,29,93,Middle Tennessee,Conference USA,3,8,-52.498,-59.253,95,0.273,0.320,-0.047,-0.333,181.560,234.058,256,323,141,138,-20.048,78
2023,29,94,Buffalo,Mid-American,3,8,-53.957,-122.349,119,0.273,0.144,0.128,0.793,153.957,207.914,214,289,139,139,-69.218,125
2023,29,97,Colorado,Pac-12,4,8,-58.168,12.804,58,0.333,0.532,-0.199,-1.304,222.368,280.537,338,418,152,149,58.056,15
2023,29,98,San Diego State,Mountain West,3,8,-61.290,-90.711,108,0.273,0.244,0.029,0.156,175.000,236.290,210,293,120,124,-28.468,88
2023,29,99,Army,FBS Independents,4,6,-64.105,-47.449,92,0.400,0.340,0.060,0.389,159.259,223.364,172,239,108,107,-21.371,79
2023,29,99,Houston,Big 12,4,8,-67.089,-41.575,89,0.333,0.390,-0.057,-0.391,208.824,275.912,284,378,136,137,21.376,62
2023,29,99,Syracuse,ACC,5,7,-67.326,-47.533,93,0.417,0.349,0.068,0.498,165.068,232.394,241,330,146,142,0.033,69
2023,29,101,Navy,American Athletic,4,7,-68.536,-106.278,113,0.364,0.148,0.216,1.413,135.252,203.788,188,269,139,132,-49.497,106
2023,29,101,Wake Forest,ACC,3,8,-70.427,-23.591,75,0.273,0.428,-0.155,-1.024,158.462,228.889,206,309,130,135,39.541,43
2023,29,102,East Carolina,American Athletic,1,10,-75.220,-102.777,111,0.091,0.174,-0.083,-0.560,119.708,194.928,164,269,137,138,-23.637,82
2023,29,102,Eastern Michigan,Mid-American,5,7,-71.284,-158.573,130,0.417,0.115,0.302,2.061,160.145,231.429,221,324,138,140,-100.188,133
2023,29,103,Mississippi State,SEC,4,7,-76.641,-24.807,78,0.364,0.418,-0.054,-0.375,163.359,240.000,214,312,131,130,49.619,26
2023,29,104,Central Michigan,Mid-American,4,7,-77.358,-140.454,125,0.364,0.178,0.186,1.162,179.231,256.589,233,331,130,129,-64.105,122
2023,29,105,BYU,Big 12,4,7,-77.941,-30.701,83,0.364,0.410,-0.047,-0.328,173.529,251.471,236,342,136,136,49.333,27
2023,29,106,UTEP,Conference USA,2,9,-78.324,-102.790,112,0.182,0.216,-0.034,-0.247,170.161,248.485,211,328,124,132,-21.897,80
2023,29,107,Indiana,Big Ten,2,9,-78.819,-7.193,67,0.182,0.479,-0.297,-1.934,174.419,253.237,225,352,129,139,69.656,5
2023,29,109,UAB,American Athletic,3,8,-87.884,-134.831,124,0.273,0.219,0.053,0.313,238.235,326.119,324,437,136,134,-39.888,97
2023,29,110,Western Michigan,Mid-American,3,8,-89.195,-143.105,126,0.273,0.175,0.097,0.595,180.435,269.630,249,364,138,135,-52.854,110
2023,29,112,Louisiana Tech,Conference USA,2,9,-89.406,-116.571,118,0.182,0.233,-0.051,-0.360,198.473,287.879,260,380,131,132,-38.302,98
2023,29,112,Pittsburgh,ACC,2,9,-93.626,-28.845,80,0.182,0.400,-0.218,-1.425,145.926,239.552,197,321,135,134,47.953,31
2023,29,113,Ball State,Mid-American,3,8,-94.532,-128.299,121,0.273,0.130,0.143,0.887,143.802,238.333,174,286,121,120,-56.484,115
2023,29,114,Florida International,Conference USA,3,8,-97.534,-143.699,127,0.273,0.137,0.136,0.839,157.639,255.172,227,370,144,145,-51.613,109
2023,29,115,Cincinnati,Big 12,2,9,-100.616,-71.843,104,0.182,0.308,-0.126,-0.834,176.984,277.600,223,347,126,125,22.026,61
2023,29,116,Virginia,ACC,2,9,-104.221,-30.099,81,0.182,0.413,-0.231,-1.507,173.793,278.014,252,392,145,141,63.865,8
2023,29,117,Charlotte,American Athletic,2,9,-110.397,-149.943,129,0.182,0.114,0.068,0.404,137.778,248.175,186,340,135,137,-40.983,98
2023,29,118,Akron,Mid-American,1,10,-115.559,-188.697,132,0.091,0.066,0.024,0.127,130.534,246.094,171,315,131,128,-84.396,128
2023,29,119,New Mexico,Mountain West,3,8,-119.344,-132.699,123,0.273,0.212,0.061,0.359,220.325,339.669,271,411,123,121,-36.549,94
2023,29,120,Nevada,Mountain West,2,9,-120.713,-127.807,120,0.182,0.129,0.052,0.306,151.880,272.593,202,368,133,135,-35.091,93
2023,29,121,Hawai'i,Mountain West,4,8,-122.302,-132.224,122,0.333,0.182,0.151,0.937,177.698,300.000,247,399,139,133,-25.423,85
2023,29,122,Baylor,Big 12,2,9,-122.328,-64.794,98,0.182,0.337,-0.155,-1.025,187.121,309.449,247,393,132,127,41.951,37
2023,29,123,UConn,FBS Independents,2,9,-124.205,-120.017,117,0.182,0.162,0.020,0.100,148.872,273.077,198,355,133,130,-24.739,84
2023,29,124,Tulsa,American Athletic,3,8,-126.052,-117.083,116,0.273,0.195,0.078,0.469,169.504,295.556,239,399,141,135,-30.943,89
2023,29,125,Southern Miss,Sun Belt,2,9,-127.338,-108.245,114,0.182,0.214,-0.032,-0.233,171.223,298.561,238,415,139,139,-8.774,71
2023,29,126,Vanderbilt,SEC,1,10,-129.595,-60.560,96,0.091,0.347,-0.256,-1.668,173.282,302.878,227,421,131,139,53.014,20
2023,29,127,Arizona State,Pac-12,2,9,-135.587,-21.070,74,0.182,0.430,-0.248,-1.618,142.105,277.692,189,361,133,130,78.750,3
2023,29,128,Michigan State,Big Ten,3,8,-137.760,-26.437,79,0.273,0.405,-0.133,-0.879,107.353,245.113,146,326,136,133,81.170,2
2023,29,129,Massachusetts,FBS Independents,2,9,-148.538,-121.831,118,0.182,0.227,-0.045,-0.318,187.121,335.659,247,433,132,129,-18.362,75
2023,29,130,Stanford,Pac-12,3,8,-148.999,-21.052,73,0.273,0.434,-0.161,-1.062,165.926,314.925,224,422,135,134,86.075,1
2023,29,131,Temple,American Athletic,2,9,-150.697,-172.838,131,0.182,0.112,0.070,0.418,164.341,315.038,212,419,129,133,-53.180,112
2023,29,132,UL Monroe,Sun Belt,1,10,-162.287,-146.645,128,0.091,0.116,-0.026,-0.193,133.333,295.620,184,405,138,137,-6.158,70
2023,29,133,Kent State,Mid-American,0,11,-209.430,-253.417,133,0.000,0.032,-0.032,-0.236,106.977,316.406,138,405,129,128,-71.756,126
2023,30,1,Michigan,Big Ten,15,0,234.296,256.033,1,1.000,0.972,0.028,0.232,326.061,91.765,538,156,165,170,51.511,32
2023,30,2,Oregon,Pac-12,11,2,227.050,230.851,2,0.846,0.936,-0.090,-0.558,387.050,160.000,538,224,139,140,52.915,29
2023,30,3,Georgia,SEC,12,1,213.720,212.561,4,0.923,0.921,0.002,0.054,361.972,148.252,514,212,142,143,46.193,39
2023,30,4,Notre Dame,FBS Independents,9,3,178.324,191.263,6,0.750,0.908,-0.158,-1.015,319.014,140.690,453,204,142,145,37.191,51
2023,30,5,Penn State,Big Ten,9,3,172.255,195.208,5,0.750,0.944,-0.194,-1.257,287.324,115.068,408,168,142,146,55.334,24
2023,30,6,Ohio State,Big Ten,10,2,171.568,214.400,3,0.833,0.974,-0.141,-0.897,270.149,98.582,362,139,134,141,77.292,6
2023,30,7,Oklahoma,Big 12,10,3,150.833,140.487,13,0.769,0.830,-0.061,-0.365,334.568,183.735,542,305,162,166,33.673,55
2023,30,8,Texas,Big 12,12,2,146.821,189.119,7,0.857,0.916,-0.059,-0.351,300.000,153.179,501,265,167,173,56.440,23
2023,30,9,SMU,American Athletic,10,3,143.789,32.108,49,0.769,0.600,0.169,1.173,293.789,150.000,473,249,161,166,-53.522,113
2023,30,10,LSU,SEC,9,3,130.683,155.492,12,0.750,0.776,-0.026,-0.132,390.977,260.294,520,354,133,136,56.772,22
2023,30,11,Kansas State,Big 12,8,4,112.049,161.301,10,0.667,0.863,-0.196,-1.267,295.270,183.221,437,273,148,149,62.396,16
2023,30,12,Liberty,Conference USA,13,1,106.548,50.388,39,0.929,0.616,0.312,2.130,319.048,212.500,536,340,168,160,-56.935,117
2023,30,13,Troy,Sun Belt,10,3,105.254,88.784,23,0.769,0.781,-0.011,-0.033,239.869,134.615,367,210,153,156,-14.952,73
2023,30,14,Arizona,Pac-12,9,3,104.353,138.749,15,0.750,0.814,-0.064,-0.388,300.730,196.377,412,271,137,138,45.296,41
2023,30,15,Florida State,ACC,12,1,102.708,139.449,14,0.923,0.871,0.052,0.389,261.350,158.642,426,257,163,162,42.136,46
2023,30,16,Tennessee,SEC,8,4,101.262,108.930,20,0.667,0.788,-0.121,-0.768,269.718,168.456,383,251,142,149,51.559,31
2023,30,17,James Madison,Sun Belt,10,2,100.649,58.499,34,0.833,0.669,0.164,1.138,262.987,162.338,405,250,154,154,-35.217,95
2023,30,18,Alabama,SEC,11,2,100.414,170.506,9,0.846,0.901,-0.055,-0.327,264.516,164.103,410,256,155,156,83.932,3
2023,30,19,Washington,Pac-12,14,1,99.583,176.130,8,0.933,0.859,0.074,0.538,308.571,208.989,540,372,175,178,84.741,2
2023,30,20,South Alabama,Sun Belt,6,6,87.871,1.955,62,0.500,0.506,-0.006,0.002,266.892,179.021,395,256,148,143,-44.529,104
2023,30,21,Missouri,SEC,10,2,85.470,155.988,11,0.833,0.871,-0.038,-0.208,273.239,187.770,388,261,142,139,76.418,7
2023,30,22,Texas A&M,SEC,6,6,79.417,87.457,24,0.500,0.727,-0.227,-1.476,280.142,200.725,395,277,141,138,36.244,53
2023,30,23,Ohio,Mid-American,9,3,76.163,-21.209,73,0.750,0.433,0.317,2.163,225.781,149.618,289,196,128,131,-95.713,131
2023,30,24,USC,Pac-12,8,5,72.335,115.414,17,0.615,0.723,-0.108,-0.679,340.000,267.665,544,447,160,167,62.288,17
2023,30,25,Memphis,American Athletic,9,3,70.204,29.922,50,0.750,0.568,0.182,1.261,310.204,240.000,456,360,147,150,-37.232,99
2023,30,26,Air Force,Mountain West,8,4,69.685,22.844,52,0.667,0.563,0.104,0.736,250.000,180.315,320,229,128,127,-48.720,108
2023,30,27,Kansas,Big 12,8,4,67.220,110.041,18,0.667,0.733,-0.066,-0.402,308.397,241.176,404,328,131,136,37.678,50
2023,30,28,Ole Miss,SEC,10,2,64.564,120.018,16,0.833,0.793,0.041,0.314,265.972,201.408,383,286,144,142,55.220,25
2023,30,29,Miami (OH),Mid-American,10,3,61.438,-9.974,68,0.769,0.461,0.308,2.103,194.118,132.680,297,203,153,153,-81.549,129
2023,30,30,Toledo,Mid-American,10,3,59.015,-17.061,71,0.769,0.452,0.317,2.160,242.675,183.660,381,281,157,153,-76.279,128
2023,30,31,UTSA,American Athletic,9,4,55.590,-2.789,65,0.692,0.492,0.200,1.381,250.000,194.410,415,313,166,161,-61.475,121
2023,30,32,Fresno State,Mountain West,8,4,53.147,-22.734,76,0.667,0.436,0.231,1.587,253.147,200.000,362,274,143,137,-61.561,122
2023,30,33,Oregon State,Pac-12,7,5,50.200,94.804,21,0.583,0.732,-0.148,-0.948,274.046,223.846,359,291,131,130,67.726,10
2023,30,34,Louisville,ACC,9,4,50.127,109.723,19,0.692,0.797,-0.105,-0.657,235.220,185.093,374,298,159,161,53.885,26
2023,30,35,Duke,ACC,7,5,48.006,82.500,25,0.583,0.724,-0.140,-0.896,223.188,175.182,308,240,138,137,44.826,43
2023,30,36,Boise State,Mountain West,7,6,45.277,35.292,46,0.538,0.598,-0.059,-0.355,263.226,217.949,408,340,155,156,-13.394,72
2023,30,37,Jacksonville State,Conference USA,8,4,44.298,-33.334,84,0.667,0.385,0.281,1.923,209.146,164.848,343,272,164,165,-62.643,124
2023,30,38,Miami,ACC,6,6,41.821,65.744,29,0.500,0.678,-0.178,-1.144,243.919,202.098,361,289,148,143,29.320,58
2023,30,39,Northern Illinois,Mid-American,7,5,41.812,-61.150,97,0.583,0.322,0.261,1.788,226.812,185.000,313,259,138,140,-100.014,132
2023,30,40,App State,Sun Belt,8,5,40.100,1.039,64,0.615,0.503,0.113,0.797,264.151,224.051,420,354,159,158,-37.003,98
2023,30,41,Virginia Tech,ACC,7,6,38.747,34.950,47,0.538,0.596,-0.057,-0.342,235.583,196.835,384,311,163,158,5.276,67
2023,30,42,Maryland,Big Ten,7,5,37.824,92.914,22,0.583,0.725,-0.141,-0.903,245.070,207.246,348,286,142,138,46.495,38
2023,30,43,Clemson,ACC,8,4,37.130,77.607,27,0.667,0.749,-0.082,-0.509,198.765,161.635,322,257,162,159,48.151,36
2023,30,44,UNLV,Mountain West,8,5,36.431,5.258,59,0.615,0.514,0.102,0.722,270.370,233.939,438,386,162,165,-22.594,78
2023,30,45,Tulane,American Athletic,10,3,34.524,8.260,58,0.769,0.526,0.243,1.669,225.000,190.476,333,280,148,147,-36.969,97
2023,30,46,North Carolina,ACC,7,5,32.231,57.961,35,0.583,0.637,-0.054,-0.316,268.966,236.735,390,348,145,147,23.615,64
2023,30,47,UCLA,Pac-12,7,5,30.164,49.990,41,0.583,0.675,-0.092,-0.570,191.275,161.111,285,232,149,144,33.572,56
2023,30,48,Wisconsin,Big Ten,7,6,29.288,56.113,37,0.538,0.681,-0.143,-0.913,193.038,163.750,305,262,158,160,26.454,61
2023,30,49,Kentucky,SEC,6,6,28.722,81.570,26,0.500,0.698,-0.198,-1.283,251.799,223.077,350,319,139,143,43.369,45
2023,30,50,Louisiana,Sun Belt,5,7,27.776,-33.385,85,0.417,0.423,-0.006,-0.001,275.362,247.586,380,359,138,145,-53.566,114
2023,30,51,UCF,Big 12,5,7,22.617,4.019,60,0.417,0.511,-0.094,-0.588,263.971,241.353,359,321,136,133,17.819,66
2023,30,52,New Mexico State,Conference USA,9,5,20.692,-34.386,86,0.643,0.406,0.237,1.629,237.584,216.892,354,321,149,148,-63.668,125
2023,30,53,Auburn,SEC,5,7,17.265,39.917,45,0.417,0.634,-0.218,-1.412,213.768,196.503,295,281,138,143,53.018,28
2023,30,54,NC State,ACC,8,4,15.571,64.234,30,0.667,0.709,-0.043,-0.242,189.744,174.172,296,263,156,151,44.004,44
2023,30,55,Wyoming,Mountain West,8,4,13.854,-12.525,69,0.667,0.462,0.205,1.412,219.118,205.263,298,273,136,133,-16.041,74
2023,30,56,Utah,Pac-12,7,5,13.272,60.838,32,0.583,0.716,-0.133,-0.845,188.811,175.540,270,244,143,139,70.313,8
2023,30,57,Iowa State,Big 12,6,6,12.596,57.027,36,0.500,0.666,-0.166,-1.069,220.567,207.971,311,287,141,138,50.163,34
2023,30,58,West Virginia,Big 12,8,4,9.332,50.466,38,0.667,0.630,0.037,0.288,248.592,239.259,353,323,142,135,28.672,60
2023,30,61,Bowling Green,Mid-American,6,6,6.769,-42.628,90,0.500,0.382,0.118,0.829,220.438,213.669,302,297,137,139,-45.781,105
2023,30,61,Washington State,Pac-12,4,7,8.483,58.221,36,0.364,0.657,-0.293,-1.908,235.821,227.338,316,316,134,139,61.714,12
2023,30,62,Iowa,Big Ten,10,4,6.264,44.452,42,0.714,0.717,-0.002,0.026,120.000,113.736,216,207,180,182,35.609,54
2023,30,62,TCU,Big 12,4,7,7.171,59.657,35,0.364,0.653,-0.290,-1.884,253.788,246.617,335,328,132,133,51.680,23
2023,30,63,Oklahoma State,Big 12,9,4,0.000,50.363,40,0.692,0.643,0.049,0.369,225.000,225.000,387,387,172,172,49.562,35
2023,30,64,Nebraska,Big Ten,5,7,-3.147,16.573,53,0.417,0.566,-0.150,-0.987,150.000,153.147,216,219,144,143,23.663,60
2023,30,64,Texas State,Sun Belt,7,5,-2.716,-46.461,91,0.583,0.394,0.190,1.310,272.109,274.825,400,393,147,143,-49.652,111
2023,30,66,Western Kentucky,Conference USA,7,5,-4.636,-25.582,78,0.583,0.433,0.150,1.044,227.815,232.450,344,351,151,151,-32.653,91
2023,30,67,San José State,Mountain West,6,6,-4.876,-41.939,89,0.500,0.395,0.105,0.741,259.124,264.000,355,330,137,125,-20.125,76
2023,30,68,Coastal Carolina,Sun Belt,7,5,-6.569,-32.375,82,0.583,0.408,0.175,1.214,214.599,221.168,294,303,137,137,-30.501,88
2023,30,69,South Florida,American Athletic,6,6,-6.663,-69.563,101,0.500,0.314,0.186,1.289,231.288,237.952,377,395,163,166,-57.000,118
2023,30,70,Texas Tech,Big 12,6,6,-10.395,68.975,28,0.500,0.705,-0.205,-1.328,210.000,220.395,315,335,150,152,58.735,20
2023,30,71,Georgia Tech,ACC,6,6,-17.063,19.499,53,0.500,0.548,-0.048,-0.276,247.222,264.286,356,370,144,140,39.814,48
2023,30,71,South Carolina,SEC,4,7,-17.472,29.960,48,0.364,0.594,-0.230,-1.504,196.296,213.768,265,295,135,138,62.607,11
2023,30,73,Northwestern,Big Ten,7,5,-17.617,17.068,54,0.583,0.553,0.031,0.247,176.000,193.617,264,273,150,141,40.303,47
2023,30,74,Georgia Southern,Sun Belt,5,7,-18.242,-79.025,105,0.417,0.306,0.110,0.779,233.987,252.229,358,396,153,157,-48.199,107
2023,30,75,Florida,SEC,4,7,-24.806,39.221,45,0.364,0.605,-0.241,-1.574,226.357,251.163,292,324,129,129,63.134,10
2023,30,75,Rice,American Athletic,5,7,-19.511,-62.566,99,0.417,0.343,0.074,0.537,225.694,245.205,325,358,144,146,-41.756,101
2023,30,76,Rutgers,Big Ten,6,6,-23.433,28.912,51,0.500,0.581,-0.081,-0.499,186.567,210.000,250,273,134,130,64.379,14
2023,30,78,California,Pac-12,5,7,-25.052,41.130,44,0.417,0.608,-0.191,-1.234,230.573,255.625,362,409,157,160,64.424,13
2023,30,78,Florida Atlantic,American Athletic,3,8,-28.951,-86.354,106,0.273,0.242,0.031,0.169,181.343,210.294,243,286,134,136,-53.780,113
2023,30,79,Boston College,ACC,6,6,-28.466,-21.736,74,0.500,0.444,0.056,0.413,217.910,246.377,292,340,134,138,5.222,68
2023,30,81,Illinois,Big Ten,5,7,-35.543,4.949,62,0.417,0.513,-0.097,-0.647,201.370,236.913,294,353,146,149,37.445,46
2023,30,81,Old Dominion,Sun Belt,5,7,-33.009,-58.025,95,0.417,0.326,0.091,0.649,194.805,227.815,300,344,154,151,-24.525,80
2023,30,82,Georgia State,Sun Belt,6,6,-35.252,-58.801,96,0.500,0.338,0.162,1.122,213.699,248.951,312,356,146,143,-26.720,84
2023,30,83,North Texas,American Athletic,4,7,-37.983,-87.668,107,0.364,0.307,0.057,0.333,259.859,297.842,369,414,142,139,-61.683,118
2023,30,84,Utah State,Mountain West,5,7,-35.565,-81.203,106,0.417,0.303,0.113,0.801,219.255,254.819,353,423,161,166,-42.628,102
2023,30,86,Arkansas State,Sun Belt,5,7,-40.783,-34.623,87,0.417,0.400,0.017,0.156,221.379,262.162,321,388,145,148,-30.859,89
2023,30,88,Minnesota,Big Ten,6,7,-47.550,1.654,63,0.462,0.505,-0.043,-0.247,183.784,231.333,272,347,148,150,31.929,57
2023,30,89,Marshall,Sun Belt,5,7,-47.791,-76.180,103,0.417,0.268,0.149,1.036,166.667,214.458,275,356,165,166,-17.557,75
2023,30,89,Purdue,Big Ten,4,8,-43.431,12.291,59,0.333,0.533,-0.200,-1.309,187.582,231.013,287,365,153,158,48.698,29
2023,30,90,Colorado State,Mountain West,4,7,-48.148,-75.815,105,0.364,0.298,0.066,0.394,200.000,248.148,272,335,136,135,-32.870,91
2023,30,91,Arkansas,SEC,3,8,-48.328,-5.764,65,0.273,0.483,-0.210,-1.373,191.971,240.299,263,322,137,134,26.474,57
2023,30,92,Sam Houston,Conference USA,2,9,-50.942,-92.805,109,0.182,0.208,-0.026,-0.196,155.396,206.338,216,293,139,142,-42.232,101
2023,30,93,Middle Tennessee,Conference USA,3,8,-52.498,-59.253,95,0.273,0.320,-0.047,-0.333,181.560,234.058,256,323,141,138,-20.048,78
2023,30,94,Buffalo,Mid-American,3,8,-53.957,-122.349,119,0.273,0.144,0.128,0.793,153.957,207.914,214,289,139,139,-69.218,125
2023,30,97,Colorado,Pac-12,4,8,-58.168,12.804,58,0.333,0.532,-0.199,-1.304,222.368,280.537,338,418,152,149,58.056,15
2023,30,98,San Diego State,Mountain West,3,8,-61.290,-90.711,108,0.273,0.244,0.029,0.156,175.000,236.290,210,293,120,124,-28.468,88
2023,30,99,Army,FBS Independents,4,6,-64.105,-47.449,92,0.400,0.340,0.060,0.389,159.259,223.364,172,239,108,107,-21.371,79
2023,30,99,Houston,Big 12,4,8,-67.089,-41.575,89,0.333,0.390,-0.057,-0.391,208.824,275.912,284,378,136,137,21.376,62
2023,30,99,Syracuse,ACC,5,7,-67.326,-47.533,93,0.417,0.349,0.068,0.498,165.068,232.394,241,330,146,142,0.033,69
2023,30,101,Navy,American Athletic,4,7,-68.536,-106.278,113,0.364,0.148,0.216,1.413,135.252,203.788,188,269,139,132,-49.497,106
2023,30,101,Wake Forest,ACC,3,8,-70.427,-23.591,75,0.273,0.428,-0.155,-1.024,158.462,228.889,206,309,130,135,39.541,43
2023,30,102,East Carolina,American Athletic,1,10,-75.220,-102.777,111,0.091,0.174,-0.083,-0.560,119.708,194.928,164,269,137,138,-23.637,82
2023,30,102,Eastern Michigan,Mid-American,5,7,-71.284,-158.573,130,0.417,0.115,0.302,2.061,160.145,231.429,221,324,138,140,-100.188,133
2023,30,103,Mississippi State,SEC,4,7,-76.641,-24.807,78,0.364,0.418,-0.054,-0.375,163.359,240.000,214,312,131,130,49.619,26
2023,30,104,Central Michigan,Mid-American,4,7,-77.358,-140.454,125,0.364,0.178,0.186,1.162,179.231,256.589,233,331,130,129,-64.105,122
2023,30,105,BYU,Big 12,4,7,-77.941,-30.701,83,0.364,0.410,-0.047,-0.328,173.529,251.471,236,342,136,136,49.333,27
2023,30,106,UTEP,Conference USA,2,9,-78.324,-102.790,112,0.182,0.216,-0.034,-0.247,170.161,248.485,211,328,124,132,-21.897,80
2023,30,107,Indiana,Big Ten,2,9,-78.819,-7.193,67,0.182,0.479,-0.297,-1.934,174.419,253.237,225,352,129,139,69.656,5
2023,30,109,UAB,American Athletic,3,8,-87.884,-134.831,124,0.273,0.219,0.053,0.313,238.235,326.119,324,437,136,134,-39.888,97
2023,30,110,Western Michigan,Mid-American,3,8,-89.195,-143.105,126,0.273,0.175,0.097,0.595,180.435,269.630,249,364,138,135,-52.854,110
2023,30,112,Louisiana Tech,Conference USA,2,9,-89.406,-116.571,118,0.182,0.233,-0.051,-0.360,198.473,287.879,260,380,131,132,-38.302,98
2023,30,112,Pittsburgh,ACC,2,9,-93.626,-28.845,80,0.182,0.400,-0.218,-1.425,145.926,239.552,197,321,135,134,47.953,31
2023,30,113,Ball State,Mid-American,3,8,-94.532,-128.299,121,0.273,0.130,0.143,0.887,143.802,238.333,174,286,121,120,-56.484,115
2023,30,114,Florida International,Conference USA,3,8,-97.534,-143.699,127,0.273,0.137,0.136,0.839,157.639,255.172,227,370,144,145,-51.613,109
2023,30,115,Cincinnati,Big 12,2,9,-100.616,-71.843,104,0.182,0.308,-0.126,-0.834,176.984,277.600,223,347,126,125,22.026,61
2023,30,116,Virginia,ACC,2,9,-104.221,-30.099,81,0.182,0.413,-0.231,-1.507,173.793,278.014,252,392,145,141,63.865,8
2023,30,117,Charlotte,American Athletic,2,9,-110.397,-149.943,129,0.182,0.114,0.068,0.404,137.778,248.175,186,340,135,137,-40.983,98
2023,30,118,Akron,Mid-American,1,10,-115.559,-188.697,132,0.091,0.066,0.024,0.127,130.534,246.094,171,315,131,128,-84.396,128
2023,30,119,New Mexico,Mountain West,3,8,-119.344,-132.699,123,0.273,0.212,0.061,0.359,220.325,339.669,271,411,123,121,-36.549,94
2023,30,120,Nevada,Mountain West,2,9,-120.713,-127.807,120,0.182,0.129,0.052,0.306,151.880,272.593,202,368,133,135,-35.091,93
2023,30,121,Hawai'i,Mountain West,4,8,-122.302,-132.224,122,0.333,0.182,0.151,0.937,177.698,300.000,247,399,139,133,-25.423,85
2023,30,122,Baylor,Big 12,2,9,-122.328,-64.794,98,0.182,0.337,-0.155,-1.025,187.121,309.449,247,393,132,127,41.951,37
2023,30,123,UConn,FBS Independents,2,9,-124.205,-120.017,117,0.182,0.162,0.020,0.100,148.872,273.077,198,355,133,130,-24.739,84
2023,30,124,Tulsa,American Athletic,3,8,-126.052,-117.083,116,0.273,0.195,0.078,0.469,169.504,295.556,239,399,141,135,-30.943,89
2023,30,125,Southern Miss,Sun Belt,2,9,-127.338,-108.245,114,0.182,0.214,-0.032,-0.233,171.223,298.561,238,415,139,139,-8.774,71
2023,30,126,Vanderbilt,SEC,1,10,-129.595,-60.560,96,0.091,0.347,-0.256,-1.668,173.282,302.878,227,421,131,139,53.014,20
2023,30,127,Arizona State,Pac-12,2,9,-135.587,-21.070,74,0.182,0.430,-0.248,-1.618,142.105,277.692,189,361,133,130,78.750,3
2023,30,128,Michigan State,Big Ten,3,8,-137.760,-26.437,79,0.273,0.405,-0.133,-0.879,107.353,245.113,146,326,136,133,81.170,2
2023,30,129,Massachusetts,FBS Independents,2,9,-148.538,-121.831,118,0.182,0.227,-0.045,-0.318,187.121,335.659,247,433,132,129,-18.362,75
2023,30,130,Stanford,Pac-12,3,8,-148.999,-21.052,73,0.273,0.434,-0.161,-1.062,165.926,314.925,224,422,135,134,86.075,1
2023,30,131,Temple,American Athletic,2,9,-150.697,-172.838,131,0.182,0.112,0.070,0.418,164.341,315.038,212,419,129,133,-53.180,112
2023,30,132,UL Monroe,Sun Belt,1,10,-162.287,-146.645,128,0.091,0.116,-0.026,-0.193,133.333,295.620,184,405,138,137,-6.158,70
2023,30,133,Kent State,Mid-American,0,11,-209.430,-253.417,133,0.000,0.032,-0.032,-0.236,106.977,316.406,138,405,129,128,-71.756,126
