Season,Week,Rk,Team,Conference,W,L,NetRtg,AdjRtg,AdjRk,Win %,PyW %,Luck,Luck Z,Ortg,DRtg,PF,PA,ODrives,DDrives,SOS,SOS rank
2024,1,1,Alabama,SEC,1,0,450.000,100.000,13,1.000,0.839,0.161,0.529,450.000,0.000,63,0,14,14,-100.000,64
2024,1,2,Kentucky,SEC,1,0,442.857,200.000,1,1.000,0.933,0.067,0.223,442.857,0.000,31,0,7,7,-200.000,75
2024,1,3,Texas,SEC,1,0,433.333,116.667,9,1.000,0.864,0.136,0.449,433.333,0.000,52,0,12,12,-116.667,68
2024,1,4,Ohio State,Big Ten,1,0,426.573,131.469,4,1.000,0.852,0.148,0.488,472.727,46.154,52,6,11,13,-131.469,72
2024,1,5,Arizona State,Big 12,1,0,382.517,132.168,3,1.000,0.848,0.152,0.501,436.364,53.846,48,7,11,13,-132.168,73
2024,1,6,Oklahoma,SEC,1,0,370.879,108.516,11,1.000,0.837,0.163,0.537,392.308,21.429,51,3,13,14,-108.516,66
2024,1,7,Pittsburgh,ACC,1,0,315.385,144.056,2,1.000,0.796,0.204,0.671,500.000,184.615,55,24,11,13,-144.056,74
2024,1,8,Nebraska,Big Ten,1,0,300.000,127.273,5,1.000,0.836,0.164,0.540,363.636,63.636,40,7,11,11,-127.273,70
2024,1,9,Maryland,Big Ten,1,0,286.667,93.333,17,1.000,0.795,0.205,0.675,333.333,46.667,50,7,15,15,-93.333,60
2024,1,10,Georgia,SEC,1,0,281.818,127.273,6,1.000,0.859,0.141,0.466,309.091,27.273,34,3,11,11,-127.273,71
2024,1,11,Indiana,Big Ten,1,0,240.000,120.000,8,1.000,0.823,0.177,0.584,310.000,70.000,31,7,10,10,-120.000,69
2024,1,12,Arizona,Big 12,1,0,229.762,114.881,10,1.000,0.723,0.277,0.910,508.333,278.571,61,39,12,14,-114.881,67
2024,1,13,Miami,ACC,1,0,200.000,100.000,14,1.000,0.754,0.246,0.810,341.667,141.667,41,17,12,12,-100.000,65
2024,1,14,Coastal Carolina,Sun Belt,1,0,200.000,100.000,12,1.000,0.731,0.269,0.882,392.857,192.857,55,27,14,14,-100.000,63
2024,1,15,James Madison,Sun Belt,1,0,191.667,95.833,15,1.000,0.792,0.208,0.685,250.000,58.333,30,7,12,12,-95.833,62
2024,1,16,Michigan,Big Ten,1,0,189.394,94.697,16,1.000,0.775,0.225,0.741,272.727,83.333,30,10,11,12,-94.697,61
2024,1,17,Penn State,Big Ten,1,0,183.333,91.667,18,1.000,0.760,0.240,0.789,283.333,100.000,34,12,12,12,-91.667,59
2024,1,18,UNLV,Mountain West,1,0,157.692,78.846,19,1.000,0.764,0.236,0.776,207.692,50.000,27,7,13,14,-78.846,57
2024,1,19,North Texas,American Athletic,1,0,156.061,78.030,20,1.000,0.656,0.344,1.128,472.727,316.667,52,38,11,12,-78.030,56
2024,1,20,Eastern Michigan,Mid-American,1,0,155.556,77.778,21,1.000,0.707,0.293,0.962,311.111,155.556,28,14,9,9,-77.778,55
2024,1,21,Sam Houston,Conference USA,1,0,153.846,76.923,22,1.000,0.727,0.273,0.896,261.538,107.692,34,14,13,13,-76.923,54
2024,1,22,Georgia Tech,ACC,2,0,152.941,50.141,25,1.000,0.610,0.390,1.279,347.059,194.118,59,33,17,17,-86.288,58
2024,1,23,Syracuse,ACC,1,0,145.455,72.727,23,1.000,0.680,0.320,1.049,345.455,200.000,38,22,11,11,-72.727,53
2024,1,24,Boston College,ACC,1,0,115.152,122.435,7,1.000,0.918,0.082,0.273,233.333,118.182,28,13,12,11,7.284,37
2024,1,25,Wisconsin,Big Ten,1,0,111.111,55.556,24,1.000,0.645,0.355,1.165,311.111,200.000,28,14,9,7,-55.556,52
2024,1,26,UTSA,American Athletic,1,0,92.308,46.154,26,1.000,0.647,0.353,1.157,215.385,123.077,28,16,13,13,-46.154,51
2024,1,27,Notre Dame,FBS Independents,1,0,83.333,41.667,27,1.000,0.640,0.360,1.179,191.667,108.333,23,13,12,12,-41.667,50
2024,1,28,Northwestern,Big Ten,1,0,70.000,35.000,28,1.000,0.639,0.361,1.184,130.000,60.000,13,6,10,10,-35.000,49
2024,1,29,Vanderbilt,SEC,1,0,63.636,31.818,29,1.000,0.580,0.420,1.374,309.091,245.455,34,27,11,11,-31.818,48
2024,1,30,Boise State,Mountain West,1,0,53.846,26.923,31,1.000,0.557,0.443,1.450,400.000,346.154,56,45,14,13,-26.923,47
2024,1,30,TCU,Big 12,1,0,53.846,26.923,30,1.000,0.575,0.425,1.393,261.538,207.692,34,27,13,13,-26.923,46
2024,1,32,USC,Big Ten,1,0,45.455,22.727,32,1.000,0.565,0.435,1.425,245.455,200.000,27,20,11,10,-22.727,45
2024,1,33,Michigan State,Big Ten,1,0,37.363,18.681,34,1.000,0.575,0.425,1.391,114.286,76.923,16,10,14,13,-18.681,44
2024,1,34,UCLA,Big Ten,1,0,37.121,18.561,35,1.000,0.568,0.432,1.415,145.455,108.333,16,13,11,12,-18.561,43
2024,1,35,SMU,ACC,1,0,23.077,22.051,33,1.000,0.610,0.390,1.276,223.077,200.000,29,24,13,12,-1.026,39
2024,1,36,North Carolina,ACC,1,0,18.182,9.091,36,1.000,0.530,0.470,1.538,172.727,154.545,19,17,11,11,-9.091,42
2024,1,37,South Carolina,SEC,1,0,17.619,8.810,37,1.000,0.531,0.469,1.536,153.333,135.714,23,19,15,14,-8.810,41
2024,1,38,Nevada,Mountain West,1,1,-2.767,-1.026,39,0.500,0.498,0.002,0.012,236.364,239.130,52,55,22,23,0.513,38
2024,1,39,Old Dominion,Sun Belt,0,1,-17.619,-8.810,40,0.000,0.469,-0.469,-1.525,135.714,153.333,19,23,14,15,8.810,36
2024,1,40,Minnesota,Big Ten,0,1,-18.182,-9.091,41,0.000,0.470,-0.470,-1.527,154.545,172.727,17,19,11,11,9.091,35
2024,1,41,Troy,Sun Belt,0,1,-20.000,-21.026,44,0.000,0.428,-0.428,-1.391,260.000,280.000,26,28,10,10,-1.026,39
2024,1,42,Hawai'i,Mountain West,0,1,-37.121,-18.561,42,0.000,0.432,-0.432,-1.404,108.333,145.455,13,16,12,11,18.561,34
2024,1,43,Florida Atlantic,American Athletic,0,1,-37.363,-18.681,43,0.000,0.425,-0.425,-1.380,76.923,114.286,10,16,13,14,18.681,33
2024,1,44,LSU,SEC,0,1,-45.455,-22.727,45,0.000,0.435,-0.435,-1.414,200.000,245.455,20,27,10,11,22.727,32
2024,1,45,Georgia Southern,Sun Belt,0,1,-53.846,-26.923,47,0.000,0.443,-0.443,-1.439,346.154,400.000,45,56,13,14,26.923,31
2024,1,45,Stanford,ACC,0,1,-53.846,-26.923,46,0.000,0.425,-0.425,-1.382,207.692,261.538,27,34,13,13,26.923,30
2024,1,47,Virginia Tech,ACC,0,1,-63.636,-31.818,48,0.000,0.420,-0.420,-1.363,245.455,309.091,27,34,11,11,31.818,29
2024,1,48,Miami (OH),Mid-American,0,1,-70.000,-35.000,49,0.000,0.361,-0.361,-1.173,60.000,130.000,6,13,10,10,35.000,28
2024,1,49,Texas A&M,SEC,0,1,-83.333,-41.667,50,0.000,0.360,-0.360,-1.168,108.333,191.667,13,23,12,12,41.667,27
2024,1,50,Florida State,ACC,0,2,-84.795,7.284,38,0.000,0.518,-0.518,-1.684,188.889,273.684,34,52,18,19,86.288,18
2024,1,51,Kennesaw State,Conference USA,0,1,-92.308,-46.154,51,0.000,0.353,-0.353,-1.146,123.077,215.385,16,28,13,13,46.154,26
2024,1,52,Western Michigan,Mid-American,0,1,-111.111,-55.556,52,0.000,0.355,-0.355,-1.154,200.000,311.111,14,28,7,9,55.556,24
2024,1,53,Ohio,Mid-American,0,1,-145.455,-72.727,53,0.000,0.320,-0.320,-1.038,200.000,345.455,22,38,11,11,72.727,23
2024,1,54,Rice,American Athletic,0,1,-153.846,-76.923,54,0.000,0.273,-0.273,-0.885,107.692,261.538,14,34,13,13,76.923,22
2024,1,55,Massachusetts,FBS Independents,0,1,-155.556,-77.778,55,0.000,0.293,-0.293,-0.951,155.556,311.111,14,28,9,9,77.778,21
2024,1,56,South Alabama,Sun Belt,0,1,-156.061,-78.030,56,0.000,0.344,-0.344,-1.117,316.667,472.727,38,52,12,11,78.030,20
2024,1,57,Houston,Big 12,0,1,-157.692,-78.846,57,0.000,0.236,-0.236,-0.765,50.000,207.692,7,27,14,13,78.846,19
2024,1,58,West Virginia,Big 12,0,1,-183.333,-91.667,58,0.000,0.240,-0.240,-0.778,100.000,283.333,12,34,12,12,91.667,17
2024,1,59,Fresno State,Mountain West,0,1,-189.394,-94.697,60,0.000,0.225,-0.225,-0.730,83.333,272.727,10,30,12,11,94.697,15
2024,1,60,Charlotte,American Athletic,0,1,-191.667,-95.833,61,0.000,0.208,-0.208,-0.674,58.333,250.000,7,30,12,12,95.833,14
2024,1,61,Jacksonville State,Conference USA,0,1,-200.000,-100.000,62,0.000,0.269,-0.269,-0.871,192.857,392.857,27,55,14,14,100.000,11
2024,1,62,Florida,SEC,0,1,-200.000,-100.000,64,0.000,0.246,-0.246,-0.798,141.667,341.667,17,41,12,12,100.000,13
2024,1,63,New Mexico,Mountain West,0,1,-229.762,-114.881,66,0.000,0.277,-0.277,-0.899,278.571,508.333,39,61,14,12,114.881,9
2024,1,64,Georgia State,Sun Belt,0,1,-230.000,-179.859,74,0.000,0.046,-0.046,-0.145,120.000,350.000,12,35,10,10,50.141,25
2024,1,65,Florida International,Conference USA,0,1,-240.000,-120.000,68,0.000,0.177,-0.177,-0.573,70.000,310.000,7,31,10,10,120.000,7
2024,1,66,Clemson,ACC,0,1,-281.818,-127.273,70,0.000,0.141,-0.141,-0.455,27.273,309.091,3,34,11,11,127.273,6
2024,1,67,UConn,FBS Independents,0,1,-286.667,-93.333,59,0.000,0.205,-0.205,-0.664,46.667,333.333,7,50,15,15,93.333,16
2024,1,68,UTEP,Conference USA,0,1,-300.000,-127.273,69,0.000,0.164,-0.164,-0.529,63.636,363.636,7,40,11,11,127.273,5
2024,1,69,Kent State,Mid-American,0,1,-315.385,-144.056,73,0.000,0.204,-0.204,-0.660,184.615,500.000,24,55,13,11,144.056,2
2024,1,70,Temple,American Athletic,0,1,-370.879,-108.516,65,0.000,0.163,-0.163,-0.526,21.429,392.308,3,51,14,13,108.516,10
2024,1,71,Wyoming,Mountain West,0,1,-382.517,-132.168,72,0.000,0.152,-0.152,-0.490,53.846,436.364,7,48,13,11,132.168,3
2024,1,72,Akron,Mid-American,0,1,-426.573,-131.469,71,0.000,0.148,-0.148,-0.477,46.154,472.727,6,52,13,11,131.469,4
2024,1,73,Colorado State,Mountain West,0,1,-433.333,-116.667,67,0.000,0.136,-0.136,-0.438,0.000,433.333,0,52,12,12,116.667,8
2024,1,74,Southern Miss,Sun Belt,0,1,-442.857,-200.000,75,0.000,0.067,-0.067,-0.211,0.000,442.857,0,31,7,7,200.000,1
2024,1,75,Western Kentucky,Conference USA,0,1,-450.000,-100.000,63,0.000,0.161,-0.161,-0.518,0.000,450.000,0,63,14,14,100.000,12
2024,2,1,Ole Miss,SEC,1,0,442.727,125.909,14,1.000,0.851,0.149,0.490,472.727,30.000,52,3,11,10,-125.909,122
2024,2,2,Ohio State,Big Ten,2,0,426.923,115.622,21,1.000,0.967,0.033,0.114,450.000,23.077,108,6,24,26,-123.539,121
2024,2,3,Missouri,SEC,1,0,345.455,127.273,12,1.000,0.872,0.128,0.421,345.455,0.000,38,0,11,11,-127.273,123
2024,2,4,Texas,SEC,2,0,322.727,200.682,5,1.000,0.938,0.062,0.207,377.273,54.545,83,12,22,22,-10.985,75
2024,2,5,Tennessee,SEC,1,0,308.974,104.487,24,1.000,0.787,0.213,0.695,392.308,83.333,51,10,13,12,-104.487,118
2024,2,6,Rutgers,Big Ten,1,0,303.788,120.109,19,1.000,0.830,0.170,0.558,445.455,141.667,49,17,11,12,-147.315,128
2024,2,7,Alabama,SEC,2,0,298.387,122.794,15,1.000,0.791,0.209,0.684,350.000,51.613,105,16,30,31,-61.397,107
2024,2,8,UCF,Big 12,1,0,292.424,228.050,2,1.000,0.976,0.024,0.086,409.091,116.667,45,14,11,12,-37.102,94
2024,2,9,Louisiana,Sun Belt,1,0,282.143,116.827,20,1.000,0.741,0.259,0.845,425.000,142.857,34,10,8,7,-165.316,130
2024,2,10,Georgia,SEC,1,0,281.818,239.538,1,1.000,1.000,0.000,0.007,309.091,27.273,34,3,11,11,-15.007,81
2024,2,11,Louisville,ACC,1,0,281.061,81.818,33,1.000,0.821,0.179,0.586,408.333,127.273,49,14,12,11,-140.909,126
2024,2,12,Texas State,Sun Belt,1,0,273.077,121.497,17,1.000,0.797,0.203,0.663,350.000,76.923,49,10,14,13,-73.008,110
2024,2,13,Arizona State,Big 12,2,0,259.565,122.556,16,1.000,0.738,0.262,0.853,390.000,130.435,78,30,20,23,-61.278,106
2024,2,14,USC,Big Ten,2,0,245.671,100.000,25,1.000,0.726,0.274,0.894,340.909,95.238,75,20,22,21,-50.000,103
2024,2,15,UL Monroe,Sun Belt,1,0,240.909,120.455,18,1.000,0.831,0.169,0.554,290.909,50.000,32,6,11,12,-120.455,120
2024,2,16,Indiana,Big Ten,1,0,240.000,226.667,3,1.000,0.998,0.002,0.013,310.000,70.000,31,7,10,10,-13.333,78
2024,2,17,Arizona,Big 12,1,0,229.762,114.881,22,1.000,0.721,0.279,0.911,508.333,278.571,61,39,12,14,-114.881,119
2024,2,18,Nebraska,Big Ten,2,0,224.819,136.985,11,1.000,0.795,0.205,0.670,295.652,70.833,68,17,23,24,-68.493,108
2024,2,19,Oklahoma,SEC,2,0,210.308,27.070,55,1.000,0.632,0.368,1.197,268.000,57.692,67,15,25,26,-98.114,115
2024,2,20,Memphis,American Athletic,1,0,210.000,127.194,13,1.000,0.850,0.150,0.492,380.000,170.000,38,17,10,10,-82.806,113
2024,2,20,Washington,Big Ten,1,0,210.000,203.272,4,1.000,0.946,0.054,0.183,300.000,90.000,30,9,10,10,-6.728,71
2024,2,22,Navy,American Athletic,1,0,207.692,17.729,61,1.000,0.560,0.440,1.430,292.308,84.615,38,11,13,13,-189.963,131
2024,2,23,Miami,ACC,1,0,200.000,100.000,26,1.000,0.750,0.250,0.815,341.667,141.667,41,17,12,12,-100.000,117
2024,2,24,Coastal Carolina,Sun Belt,1,0,200.000,59.091,38,1.000,0.684,0.316,1.029,392.857,192.857,55,27,14,14,-140.909,126
2024,2,25,James Madison,Sun Belt,1,0,191.667,58.295,39,1.000,0.772,0.228,0.744,250.000,58.333,30,7,12,12,-133.371,124
2024,2,26,Oregon State,Pac-12,1,0,190.909,95.455,29,1.000,0.826,0.174,0.569,190.909,0.000,21,0,11,12,-95.455,114
2024,2,27,Army,American Athletic,1,0,179.167,169.158,7,1.000,0.864,0.136,0.448,266.667,87.500,24,7,9,8,-10.008,74
2024,2,28,Pittsburgh,ACC,2,0,164.773,99.068,27,1.000,0.677,0.323,1.051,377.273,212.500,83,51,22,24,-49.534,101
2024,2,29,UNLV,Mountain West,1,0,157.692,151.429,9,1.000,0.957,0.043,0.147,207.692,50.000,27,7,13,14,-6.264,70
2024,2,30,Washington State,Pac-12,1,0,157.619,78.810,35,1.000,0.728,0.272,0.888,264.286,106.667,37,16,14,15,-78.810,111
2024,2,31,North Texas,American Athletic,1,0,156.061,83.531,32,1.000,0.625,0.375,1.221,472.727,316.667,52,38,11,12,-72.530,109
2024,2,32,Maryland,Big Ten,1,1,153.846,0.081,68,0.500,0.500,-0.000,0.007,284.615,130.769,74,34,26,26,-79.616,112
2024,2,33,Toledo,Mid-American,1,0,128.022,-34.261,87,1.000,0.401,0.599,1.945,292.308,164.286,38,23,13,14,-162.283,129
2024,2,34,Penn State,Big Ten,2,0,120.833,80.556,34,1.000,0.667,0.333,1.085,283.333,162.500,68,39,24,24,-40.278,97
2024,2,35,Boston College,ACC,1,0,115.152,106.649,23,1.000,0.942,0.058,0.196,233.333,118.182,28,13,12,11,-8.503,73
2024,2,36,Wisconsin,Big Ten,1,0,111.111,11.348,64,1.000,0.529,0.471,1.531,311.111,200.000,28,14,9,7,-99.763,116
2024,2,37,Syracuse,ACC,2,0,106.905,98.799,28,1.000,0.708,0.292,0.951,345.000,238.095,69,50,20,21,-6.151,69
2024,2,38,South Carolina,SEC,2,0,103.846,163.348,8,1.000,0.961,0.039,0.134,200.000,96.154,54,25,27,26,50.372,32
2024,2,39,Illinois,Big Ten,1,0,101.010,50.505,41,1.000,0.645,0.355,1.156,255.556,154.545,23,17,9,11,-50.505,104
2024,2,40,Utah,Big 12,1,0,99.359,49.679,42,1.000,0.666,0.334,1.088,191.667,92.308,23,12,12,13,-49.679,102
2024,2,41,North Carolina,ACC,2,0,95.238,46.629,44,1.000,0.612,0.388,1.264,271.429,176.190,57,37,21,21,-52.462,105
2024,2,42,Georgia Tech,ACC,2,1,76.068,34.355,47,0.667,0.585,0.082,0.272,322.222,246.154,87,64,27,26,-35.116,92
2024,2,43,Oklahoma State,Big 12,1,0,71.905,35.952,46,1.000,0.596,0.404,1.314,278.571,206.667,39,31,14,15,-35.952,93
2024,2,44,Clemson,ACC,1,1,68.308,-15.007,76,0.500,0.466,0.034,0.118,276.000,207.692,69,54,25,26,7.504,60
2024,2,45,Vanderbilt,SEC,1,0,63.636,92.638,30,1.000,0.764,0.236,0.770,309.091,245.455,34,27,11,11,29.002,43
2024,2,46,San José State,Mountain West,1,0,63.333,31.667,48,1.000,0.629,0.371,1.209,113.333,50.000,17,7,15,14,-31.667,91
2024,2,47,California,ACC,1,0,61.538,30.769,49,1.000,0.608,0.392,1.275,161.538,100.000,21,14,13,14,-30.769,90
2024,2,48,Liberty,Conference USA,1,0,59.341,29.670,50,1.000,0.587,0.413,1.342,230.769,171.429,30,24,13,14,-29.670,89
2024,2,49,Kansas State,Big 12,1,0,58.333,29.167,51,1.000,0.576,0.424,1.378,283.333,225.000,34,27,12,12,-29.167,88
2024,2,50,Duke,ACC,1,0,55.686,60.458,37,1.000,0.746,0.254,0.828,173.333,117.647,26,20,15,17,4.771,62
2024,2,51,TCU,Big 12,1,0,53.846,26.923,56,1.000,0.574,0.426,1.387,261.538,207.692,34,27,13,13,-26.923,87
2024,2,52,Virginia Tech,ACC,1,1,52.174,29.002,52,0.500,0.561,-0.061,-0.189,252.174,200.000,58,48,23,24,-14.501,80
2024,2,53,Florida International,Conference USA,1,1,50.000,-13.333,75,0.500,0.470,0.030,0.104,245.833,195.833,59,47,24,24,6.667,61
2024,2,54,Arkansas State,Sun Belt,1,0,48.718,24.359,57,1.000,0.571,0.429,1.396,233.333,184.615,28,24,12,13,-24.359,86
2024,2,55,Oregon,Big Ten,1,0,37.619,74.114,36,1.000,0.913,0.087,0.290,264.286,226.667,37,34,14,15,36.495,35
2024,2,56,UCLA,Big Ten,1,0,37.121,18.561,60,1.000,0.566,0.434,1.409,145.455,108.333,16,13,11,12,-18.561,83
2024,2,57,East Carolina,American Athletic,1,0,35.165,180.894,6,1.000,0.990,0.010,0.041,142.857,107.692,20,14,14,13,145.729,3
2024,2,58,Northern Illinois,Mid-American,1,0,32.727,49.596,43,1.000,0.736,0.264,0.861,160.000,127.273,16,14,10,11,16.869,54
2024,2,59,Kentucky,SEC,1,1,31.579,-44.985,92,0.500,0.380,0.120,0.396,194.737,163.158,37,31,19,19,-140.819,125
2024,2,60,Michigan State,Big Ten,2,0,30.333,27.354,54,1.000,0.607,0.393,1.278,172.000,141.667,43,34,25,24,-4.964,68
2024,2,61,Notre Dame,FBS Independents,1,1,29.051,16.869,62,0.500,0.544,-0.044,-0.134,160.870,131.818,37,29,23,22,-8.434,72
2024,2,62,Virginia,ACC,1,0,24.176,12.088,63,1.000,0.534,0.466,1.515,238.462,214.286,31,30,13,14,-12.088,76
2024,2,63,SMU,ACC,1,1,13.675,-39.729,91,0.500,0.400,0.100,0.329,169.231,155.556,44,42,26,27,-48.959,100
2024,2,64,Michigan,Big Ten,1,1,13.636,10.682,65,0.500,0.529,-0.029,-0.085,200.000,186.364,42,41,21,22,10.985,58
2024,2,65,Iowa State,Big 12,1,0,6.667,3.333,67,1.000,0.512,0.488,1.586,133.333,126.667,20,19,15,15,-3.333,67
2024,2,66,Boise State,Mountain West,1,1,6.641,36.495,45,0.500,0.560,-0.060,-0.185,310.345,303.704,90,82,29,27,28.382,45
2024,2,67,BYU,Big 12,1,0,4.615,-35.113,88,1.000,0.275,0.725,2.353,120.000,115.385,18,15,15,13,-39.729,96
2024,2,68,Northwestern,Big Ten,1,1,-5.778,4.771,66,0.500,0.513,-0.013,-0.036,122.222,128.000,33,32,27,25,-2.386,66
2024,2,69,Iowa,Big Ten,0,1,-6.667,-3.333,69,0.000,0.488,-0.488,-1.571,126.667,133.333,19,20,15,15,3.333,64
2024,2,70,Cincinnati,Big 12,0,1,-9.091,89.977,31,0.000,0.852,-0.852,-2.746,245.455,254.545,27,28,11,11,99.068,19
2024,2,71,Georgia Southern,Sun Belt,1,1,-9.391,-17.351,77,0.500,0.449,0.051,0.172,282.609,292.000,65,73,23,25,-13.155,77
2024,2,72,Minnesota,Big Ten,0,1,-18.182,28.447,53,0.000,0.638,-0.638,-2.054,154.545,172.727,17,19,11,11,46.629,34
2024,2,72,Nevada,Mountain West,1,2,-18.182,-62.806,97,0.333,0.298,0.035,0.121,209.091,227.273,69,75,33,33,-46.628,99
2024,2,74,Wake Forest,ACC,0,1,-24.176,-12.088,74,0.000,0.466,-0.466,-1.500,214.286,238.462,30,31,14,13,12.088,57
2024,2,75,Old Dominion,Sun Belt,0,2,-26.054,145.729,10,0.000,0.848,-0.848,-2.735,122.222,148.276,33,43,27,29,172.121,2
2024,2,76,Eastern Michigan,Mid-American,1,1,-36.842,-6.728,71,0.500,0.481,0.019,0.070,194.737,231.579,37,44,19,19,20.495,50
2024,2,77,Hawai'i,Mountain West,0,1,-37.121,-18.561,78,0.000,0.434,-0.434,-1.395,108.333,145.455,13,16,12,11,18.561,51
2024,2,78,LSU,SEC,0,1,-45.455,54.545,40,0.000,0.679,-0.679,-2.190,200.000,245.455,20,27,10,11,100.000,16
2024,2,79,Tulsa,American Athletic,0,1,-48.718,-24.359,80,0.000,0.429,-0.429,-1.381,184.615,233.333,24,28,13,12,24.359,47
2024,2,80,Sam Houston,Conference USA,1,1,-53.833,-37.102,90,0.500,0.420,0.080,0.266,192.000,245.833,48,59,25,24,18.551,52
2024,2,81,Stanford,ACC,0,1,-53.846,-26.923,81,0.000,0.426,-0.426,-1.372,207.692,261.538,27,34,13,13,26.923,46
2024,2,82,Bowling Green,Mid-American,0,1,-58.333,22.222,58,0.000,0.576,-0.576,-1.854,225.000,283.333,27,34,12,12,80.556,24
2024,2,82,Tulane,American Athletic,0,1,-58.333,-29.167,82,0.000,0.424,-0.424,-1.363,225.000,283.333,27,34,12,12,29.167,42
2024,2,84,New Mexico State,Conference USA,0,1,-59.341,-29.670,83,0.000,0.413,-0.413,-1.327,171.429,230.769,24,30,14,13,29.670,41
2024,2,85,Ohio,Mid-American,1,1,-59.470,-46.656,94,0.500,0.365,0.135,0.444,204.167,263.636,49,58,24,22,13.135,56
2024,2,86,Auburn,SEC,0,1,-61.538,-30.769,84,0.000,0.392,-0.392,-1.260,100.000,161.538,14,21,14,13,30.769,40
2024,2,87,Air Force,Mountain West,0,1,-63.333,-31.667,85,0.000,0.371,-0.371,-1.194,50.000,113.333,7,17,14,15,31.667,39
2024,2,88,Miami (OH),Mid-American,0,1,-70.000,-65.229,98,0.000,0.135,-0.135,-0.428,60.000,130.000,6,13,10,10,4.771,62
2024,2,89,Arkansas,SEC,0,1,-71.905,-35.952,89,0.000,0.404,-0.404,-1.299,206.667,278.571,31,39,15,14,35.952,36
2024,2,90,South Alabama,Sun Belt,0,2,-76.993,-72.530,100,0.000,0.289,-0.289,-0.927,252.174,329.167,58,79,23,24,18.438,53
2024,2,91,Texas A&M,SEC,0,1,-83.333,-66.465,99,0.000,0.211,-0.211,-0.675,108.333,191.667,13,23,12,12,16.869,54
2024,2,92,Florida State,ACC,0,2,-84.795,-8.503,72,0.000,0.482,-0.482,-1.550,188.889,273.684,34,52,18,19,70.502,27
2024,2,93,Florida Atlantic,American Athletic,0,2,-92.961,-10.008,73,0.000,0.461,-0.461,-1.482,80.952,173.913,17,40,21,23,98.256,21
2024,2,94,UTSA,American Athletic,1,1,-94.587,-73.008,101,0.500,0.248,0.252,0.822,146.154,240.741,38,65,26,27,-21.909,85
2024,2,95,Houston,Big 12,0,2,-98.923,-6.264,70,0.000,0.482,-0.482,-1.550,73.077,172.000,19,43,26,25,89.249,23
2024,2,96,Baylor,Big 12,0,1,-99.359,-49.679,95,0.000,0.334,-0.334,-1.073,92.308,191.667,12,23,13,12,49.679,33
2024,2,97,Kansas,Big 12,0,1,-101.010,-50.505,96,0.000,0.355,-0.355,-1.141,154.545,255.556,17,23,11,9,50.505,31
2024,2,98,Mississippi State,SEC,0,1,-103.333,19.223,59,0.000,0.559,-0.559,-1.801,230.000,333.333,23,30,10,9,122.556,10
2024,2,99,Troy,Sun Belt,0,2,-115.000,-82.806,104,0.000,0.336,-0.336,-1.078,215.000,330.000,43,66,20,20,32.194,38
2024,2,100,Massachusetts,FBS Independents,0,2,-139.130,-162.283,121,0.000,0.142,-0.142,-0.452,160.870,300.000,37,66,23,22,-20.495,84
2024,2,101,Marshall,Sun Belt,0,1,-150.641,-121.639,113,0.000,0.037,-0.037,-0.114,107.692,258.333,14,31,13,12,29.002,43
2024,2,102,Rice,American Athletic,0,1,-153.846,-190.948,127,0.000,0.003,-0.003,-0.003,107.692,261.538,14,34,13,13,-37.102,94
2024,2,103,Colorado,Big 12,0,1,-156.410,-19.425,79,0.000,0.397,-0.397,-1.277,76.923,233.333,10,28,13,12,136.985,4
2024,2,104,Texas Tech,Big 12,0,1,-157.619,-78.810,103,0.000,0.272,-0.272,-0.873,106.667,264.286,16,37,15,14,78.810,26
2024,2,105,Kennesaw State,Conference USA,0,2,-165.238,-165.316,122,0.000,0.124,-0.124,-0.394,130.000,295.238,26,62,20,21,21.909,49
2024,2,106,South Florida,American Athletic,0,1,-168.382,-45.588,93,0.000,0.330,-0.330,-1.061,94.118,262.500,16,42,17,16,122.794,8
2024,2,107,West Virginia,Big 12,0,1,-183.333,-102.778,108,0.000,0.092,-0.092,-0.290,100.000,283.333,12,34,12,12,80.556,24
2024,2,108,Charlotte,American Athletic,0,2,-186.364,-133.371,116,0.000,0.206,-0.206,-0.658,122.727,309.091,27,68,22,22,52.462,30
2024,2,109,Fresno State,Mountain West,0,1,-189.394,-178.712,123,0.000,0.046,-0.046,-0.143,83.333,272.727,10,30,12,11,10.682,59
2024,2,110,San Diego State,Mountain West,0,1,-190.909,-95.455,105,0.000,0.174,-0.174,-0.554,0.000,190.909,0,21,12,11,95.455,22
2024,2,111,Florida,SEC,0,1,-200.000,-100.000,107,0.000,0.250,-0.250,-0.800,141.667,341.667,17,41,12,12,100.000,18
2024,2,112,New Mexico,Mountain West,0,1,-229.762,-114.881,110,0.000,0.279,-0.279,-0.896,278.571,508.333,39,61,14,12,114.881,14
2024,2,113,Georgia State,Sun Belt,0,1,-230.000,-195.645,128,0.000,0.069,-0.069,-0.214,120.000,350.000,12,35,10,10,34.355,37
2024,2,114,Jacksonville State,Conference USA,0,2,-236.000,-140.909,117,0.000,0.247,-0.247,-0.790,164.000,400.000,41,104,25,26,70.455,28
2024,2,115,UAB,American Athletic,0,1,-240.909,-120.455,112,0.000,0.169,-0.169,-0.539,50.000,290.909,6,32,12,11,120.455,12
2024,2,116,Central Michigan,Mid-American,0,1,-257.143,-213.333,129,0.000,0.015,-0.015,-0.042,114.286,371.429,16,52,14,14,-13.333,78
2024,2,117,UConn,FBS Independents,0,1,-286.667,-186.585,124,0.000,0.000,-0.000,0.007,46.667,333.333,7,50,15,15,0.081,65
2024,2,118,Temple,American Athletic,0,2,-290.456,-189.963,126,0.000,0.095,-0.095,-0.300,51.852,342.308,14,89,27,26,22.399,48
2024,2,119,UTEP,Conference USA,0,1,-300.000,-117.560,111,0.000,0.116,-0.116,-0.367,63.636,363.636,7,40,11,11,136.985,4
2024,2,120,NC State,ACC,0,1,-308.974,-104.487,109,0.000,0.213,-0.213,-0.680,83.333,392.308,10,51,12,13,104.487,15
2024,2,121,Western Michigan,Mid-American,0,2,-311.818,-99.763,106,0.000,0.249,-0.249,-0.799,70.000,381.818,14,84,20,22,63.485,29
2024,2,122,Kent State,Mid-American,0,1,-315.385,-189.044,125,0.000,0.084,-0.084,-0.264,184.615,500.000,24,55,13,11,99.068,19
2024,2,123,App State,Sun Belt,0,1,-338.095,-224.531,130,0.000,0.028,-0.028,-0.083,133.333,471.429,20,66,15,14,-15.007,81
2024,2,124,Buffalo,Mid-American,0,1,-345.455,-127.273,115,0.000,0.128,-0.128,-0.406,0.000,345.455,0,38,11,11,127.273,6
2024,2,125,Akron,Mid-American,0,2,-367.091,-147.315,119,0.000,0.222,-0.222,-0.711,92.000,459.091,23,101,25,22,117.865,13
2024,2,126,Wyoming,Mountain West,0,1,-382.517,-141.779,118,0.000,0.018,-0.018,-0.051,53.846,436.364,7,48,13,11,122.556,10
2024,2,127,Colorado State,Mountain West,0,1,-433.333,-32.652,86,0.000,0.352,-0.352,-1.132,0.000,433.333,0,52,12,12,200.682,1
2024,2,128,Utah State,Mountain West,0,1,-436.364,-154.545,120,0.000,0.001,-0.001,0.004,0.000,436.364,0,48,11,11,100.000,16
2024,2,129,Middle Tennessee,Conference USA,0,1,-442.727,-125.909,114,0.000,0.149,-0.149,-0.475,30.000,472.727,3,52,10,11,125.909,7
2024,2,130,Southern Miss,Sun Belt,0,1,-442.857,-444.985,131,0.000,0.000,-0.000,0.007,0.000,442.857,0,31,7,7,-44.985,98
2024,2,131,Western Kentucky,Conference USA,0,1,-450.000,-77.206,102,0.000,0.077,-0.077,-0.242,0.000,450.000,0,63,14,14,122.794,8
2024,3,1,Tennessee,SEC,2,0,446.333,-123.802,100,1.000,0.195,0.805,1.965,488.000,41.667,122,10,25,24,-344.956,129
2024,3,2,Ohio State,Big Ten,2,0,426.923,29.781,62,1.000,0.645,0.355,0.872,450.000,23.077,108,6,24,26,-209.380,114
2024,3,3,Ole Miss,SEC,2,0,357.143,44.327,57,1.000,0.500,0.500,1.224,400.000,42.857,92,9,23,21,-195.976,112
2024,3,4,Miami,ACC,2,0,341.167,-86.722,89,1.000,0.214,0.786,1.919,412.000,70.833,103,17,25,24,-294.415,124
2024,3,5,Texas,SEC,3,0,336.111,-88.070,90,1.000,0.227,0.773,1.888,386.111,50.000,139,19,36,38,-297.931,125
2024,3,6,Rutgers,Big Ten,1,0,303.788,34.268,60,1.000,0.595,0.405,0.994,445.455,141.667,49,17,11,12,-233.156,116
2024,3,7,Alabama,SEC,3,0,290.909,165.251,32,1.000,0.973,0.027,0.075,350.000,59.091,147,26,42,44,-37.457,82
2024,3,8,Louisiana,Sun Belt,1,0,282.143,-104.727,97,1.000,0.255,0.745,1.819,425.000,142.857,34,10,8,7,-386.869,133
2024,3,9,Louisville,ACC,1,0,281.061,270.732,17,1.000,0.991,0.009,0.032,408.333,127.273,49,14,12,11,48.005,59
2024,3,10,Indiana,Big Ten,2,0,273.099,325.190,10,1.000,0.960,0.040,0.107,384.211,111.111,73,20,19,18,58.662,57
2024,3,11,USC,Big Ten,2,0,245.671,211.388,23,1.000,0.999,0.001,0.012,340.909,95.238,75,20,22,21,61.388,54
2024,3,12,UL Monroe,Sun Belt,1,0,240.909,-83.430,88,1.000,0.216,0.784,1.915,290.909,50.000,32,6,11,12,-324.339,126
2024,3,13,Nebraska,Big Ten,2,0,224.819,-154.311,105,1.000,0.100,0.900,2.195,295.652,70.833,68,17,23,24,-359.789,130
2024,3,14,Arizona State,Big 12,3,0,214.751,29.729,63,1.000,0.598,0.402,0.985,375.862,161.111,109,58,29,36,-135.847,102
2024,3,15,Navy,American Athletic,1,0,207.692,267.907,18,1.000,0.985,0.015,0.045,292.308,84.615,38,11,13,13,60.215,56
2024,3,16,Missouri,SEC,2,0,204.524,428.714,2,1.000,0.998,0.002,0.015,309.524,105.000,65,21,21,20,283.107,8
2024,3,17,James Madison,Sun Belt,1,0,191.667,308.204,11,1.000,1.000,0.000,0.009,250.000,58.333,30,7,12,12,116.538,41
2024,3,18,Toledo,Mid-American,2,0,183.478,118.067,42,1.000,0.827,0.173,0.429,343.478,160.000,79,40,23,25,-73.671,89
2024,3,19,Notre Dame,FBS Independents,2,1,181.081,-36.722,73,0.667,0.349,0.317,0.780,278.378,97.297,103,36,37,37,-121.369,98
2024,3,20,Army,American Athletic,1,0,179.167,347.100,7,1.000,1.000,0.000,0.009,266.667,87.500,24,7,9,8,167.933,24
2024,3,21,Oklahoma,SEC,3,0,169.501,223.353,21,1.000,0.996,0.004,0.020,258.974,89.474,101,34,39,38,111.723,42
2024,3,22,UCF,Big 12,2,0,162.771,389.949,3,1.000,1.000,0.000,0.009,380.952,218.182,80,48,21,22,252.374,10
2024,3,23,Oklahoma State,Big 12,2,0,159.259,-152.435,104,1.000,0.043,0.957,2.334,311.111,151.852,84,41,27,27,-292.874,123
2024,3,24,Oregon,Big Ten,2,0,158.333,193.136,26,1.000,0.966,0.034,0.092,358.333,200.000,86,48,24,24,42.104,60
2024,3,25,Illinois,Big Ten,2,0,155.138,221.288,22,1.000,1.000,0.000,0.010,278.947,123.810,53,26,19,21,65.783,53
2024,3,26,Georgia,SEC,2,0,152.381,160.573,34,1.000,0.961,0.039,0.103,223.810,71.429,47,15,21,21,28.300,62
2024,3,27,Coastal Carolina,Sun Belt,2,0,150.000,194.110,25,1.000,0.892,0.108,0.271,345.833,195.833,83,47,24,24,54.110,58
2024,3,28,Kansas State,Big 12,2,0,147.619,181.620,27,1.000,0.880,0.120,0.302,309.524,161.905,65,34,21,21,19.120,64
2024,3,29,Maryland,Big Ten,2,1,138.462,85.777,51,0.667,0.628,0.039,0.103,258.974,120.513,101,47,39,39,-3.252,73
2024,3,30,Memphis,American Athletic,2,0,131.190,271.625,16,1.000,0.999,0.001,0.011,276.190,145.000,58,29,21,20,135.716,36
2024,3,31,Penn State,Big Ten,2,0,120.833,80.976,52,1.000,0.650,0.350,0.859,283.333,162.500,68,39,24,24,-39.857,83
2024,3,32,California,ACC,2,0,120.667,-47.993,79,1.000,0.416,0.584,1.428,216.667,96.000,52,24,24,25,-174.217,108
2024,3,33,Pittsburgh,ACC,3,0,119.771,-69.024,85,1.000,0.402,0.598,1.462,355.882,236.111,121,85,34,36,-179.202,109
2024,3,34,San José State,Mountain West,2,0,114.815,-205.701,108,1.000,0.003,0.997,2.431,177.778,62.963,48,17,27,27,-328.073,127
2024,3,35,Minnesota,Big Ten,1,1,113.636,278.356,15,0.500,0.997,-0.497,-1.198,200.000,86.364,44,19,22,22,164.720,25
2024,3,36,Washington State,Pac-12,2,0,109.385,445.369,1,1.000,0.998,0.002,0.015,244.000,134.615,61,35,25,26,343.832,3
2024,3,37,Fresno State,Mountain West,1,1,107.692,-354.888,126,0.500,0.000,0.500,1.224,223.077,115.385,58,30,26,26,-360.191,131
2024,3,38,Syracuse,ACC,2,0,106.905,301.102,12,1.000,0.964,0.036,0.098,345.000,238.095,69,50,20,21,196.152,17
2024,3,39,Utah,Big 12,2,0,103.704,60.660,54,1.000,0.698,0.302,0.743,225.926,122.222,61,33,27,27,-40.686,84
2024,3,40,Texas State,Sun Belt,1,1,98.822,-99.573,93,0.500,0.286,0.214,0.530,285.185,186.364,77,41,27,22,-132.295,101
2024,3,41,Liberty,Conference USA,2,0,97.151,-382.971,130,1.000,0.000,1.000,2.439,223.077,125.926,58,34,26,27,-481.872,134
2024,3,42,UNLV,Mountain West,2,0,95.833,244.182,19,1.000,1.000,0.000,0.010,208.333,112.500,50,27,24,24,160.791,27
2024,3,43,North Carolina,ACC,2,0,95.238,296.538,13,1.000,0.990,0.010,0.034,271.429,176.190,57,37,21,21,197.447,16
2024,3,44,Texas Tech,Big 12,1,1,89.425,331.117,8,0.500,1.000,-0.500,-1.206,282.759,193.333,82,58,29,30,300.551,7
2024,3,45,Virginia Tech,ACC,2,1,85.704,92.149,49,0.667,0.778,-0.111,-0.261,256.757,171.053,95,65,37,38,15.528,65
2024,3,46,BYU,Big 12,2,0,76.593,-3.673,68,1.000,0.483,0.517,1.266,192.593,116.000,52,29,27,25,-89.314,92
2024,3,47,Washington,Big Ten,1,1,76.190,356.548,6,0.500,1.000,-0.500,-1.206,233.333,157.143,49,33,21,21,274.275,9
2024,3,48,Georgia Tech,ACC,2,1,76.068,280.024,14,0.667,0.939,-0.272,-0.652,322.222,246.154,87,64,27,26,210.553,13
2024,3,49,Auburn,SEC,1,1,69.333,-101.760,95,0.500,0.000,0.500,1.224,236.000,166.667,59,40,25,24,-189.173,110
2024,3,50,Clemson,ACC,1,1,68.308,-9.592,71,0.500,0.473,0.027,0.076,276.000,207.692,69,54,25,26,12.919,68
2024,3,51,Cincinnati,Big 12,1,1,65.839,-78.114,87,0.500,0.000,0.500,1.224,257.143,191.304,54,44,21,23,-141.902,103
2024,3,52,South Carolina,SEC,2,1,59.695,144.021,38,0.667,0.925,-0.258,-0.618,212.195,152.500,87,61,41,40,75.847,50
2024,3,53,Baylor,Big 12,1,1,58.957,-38.457,74,0.500,0.366,0.134,0.335,172.000,113.043,43,26,25,23,-104.308,96
2024,3,54,Iowa,Big Ten,1,1,53.419,163.021,33,0.500,0.967,-0.467,-1.125,211.111,157.692,57,41,27,26,103.475,45
2024,3,55,Boston College,ACC,1,1,42.857,370.683,5,0.500,1.000,-0.500,-1.206,233.333,190.476,49,40,21,21,331.441,4
2024,3,56,Michigan,Big Ten,2,1,39.962,-221.782,110,0.667,0.093,0.574,1.403,218.750,178.788,70,59,32,33,-251.883,118
2024,3,57,Duke,ACC,2,0,36.667,-89.095,91,1.000,0.375,0.625,1.527,173.333,136.667,52,41,30,30,-122.835,100
2024,3,58,Northern Illinois,Mid-American,1,0,32.727,-3.995,69,1.000,0.488,0.512,1.254,160.000,127.273,16,14,10,11,-36.722,80
2024,3,59,Michigan State,Big Ten,2,0,30.333,159.173,35,1.000,1.000,0.000,0.009,172.000,141.667,43,34,25,24,126.855,39
2024,3,60,TCU,Big 12,1,1,26.087,379.949,4,0.500,0.951,-0.451,-1.086,295.652,269.565,68,62,23,23,358.026,2
2024,3,61,Texas A&M,SEC,1,1,23.593,-120.056,99,0.500,0.189,0.311,0.764,219.048,195.455,46,43,21,22,-161.722,106
2024,3,62,Arizona,Big 12,1,1,19.462,-92.819,92,0.500,0.181,0.319,0.784,323.810,304.348,68,70,21,23,-74.366,90
2024,3,63,Kentucky,SEC,1,2,17.241,66.192,53,0.333,0.699,-0.366,-0.880,168.966,151.724,49,44,29,29,5.636,71
2024,3,64,East Carolina,American Athletic,1,1,15.385,-53.559,81,0.500,0.266,0.234,0.578,150.000,134.615,39,35,26,26,-69.539,88
2024,3,65,Sam Houston,Conference USA,2,1,13.730,124.798,41,0.667,0.771,-0.104,-0.244,219.444,205.714,79,72,36,35,107.354,43
2024,3,66,SMU,ACC,1,1,13.675,23.845,64,0.500,0.566,-0.066,-0.151,169.231,155.556,44,42,26,27,14.614,66
2024,3,67,Vanderbilt,SEC,1,1,13.043,109.420,45,0.500,0.709,-0.209,-0.499,286.957,273.913,66,63,23,23,94.269,46
2024,3,68,Iowa State,Big 12,1,0,6.667,169.687,29,1.000,0.903,0.097,0.244,133.333,126.667,20,19,15,15,163.021,26
2024,3,69,Boise State,Mountain West,1,1,6.641,147.745,37,0.500,0.768,-0.268,-0.643,310.345,303.704,90,82,29,27,139.632,33
2024,3,70,Colorado,Big 12,1,1,4.167,-254.434,116,0.500,0.021,0.479,1.174,158.333,154.167,38,37,24,24,-266.001,119
2024,3,71,Houston,Big 12,1,2,-1.802,143.897,39,0.333,0.861,-0.527,-1.272,133.333,135.135,52,50,39,37,142.401,32
2024,3,72,Arkansas,SEC,1,1,-3.000,-224.339,111,0.500,0.134,0.366,0.898,272.000,275.000,68,66,25,24,-238.387,117
2024,3,73,Northwestern,Big Ten,1,1,-5.778,-144.781,103,0.500,0.500,0.000,0.009,122.222,128.000,33,32,27,25,-151.938,104
2024,3,74,LSU,SEC,1,1,-6.667,165.692,31,0.500,0.799,-0.299,-0.717,233.333,240.000,56,60,24,25,177.705,22
2024,3,75,Georgia Southern,Sun Belt,1,1,-9.391,86.128,50,0.500,0.707,-0.207,-0.494,282.609,292.000,65,73,23,25,90.323,48
2024,3,76,Florida Atlantic,American Athletic,1,2,-9.524,167.933,30,0.333,0.815,-0.482,-1.162,157.143,166.667,55,60,35,36,200.915,15
2024,3,77,Florida International,Conference USA,1,2,-10.171,96.474,47,0.333,0.885,-0.552,-1.332,213.514,223.684,79,85,37,38,149.001,30
2024,3,78,South Florida,American Athletic,1,1,-10.920,-49.254,80,0.500,0.385,0.115,0.290,216.667,227.586,65,66,30,29,-61.217,87
2024,3,79,Buffalo,Mid-American,1,1,-16.288,195.532,24,0.500,1.000,-0.500,-1.206,154.545,170.833,34,41,22,24,193.434,19
2024,3,80,Arkansas State,Sun Belt,1,1,-16.667,-312.691,122,0.500,0.000,0.500,1.224,200.000,216.667,46,52,23,24,-291.595,122
2024,3,81,Eastern Michigan,Mid-American,2,1,-20.363,103.181,46,0.667,0.761,-0.094,-0.220,231.250,251.613,74,78,32,31,120.902,40
2024,3,82,Virginia,ACC,1,1,-41.880,-68.038,84,0.500,0.500,0.000,0.009,169.231,211.111,44,57,26,27,-26.280,77
2024,3,83,Oregon State,Pac-12,1,1,-47.727,-63.537,83,0.500,0.374,0.126,0.315,175.000,222.727,35,49,20,22,-26.769,78
2024,3,84,Kansas,Big 12,0,2,-53.810,177.684,28,0.000,0.827,-0.827,-2.000,176.190,230.000,37,46,21,20,232.735,11
2024,3,85,Stanford,ACC,0,1,-53.846,326.103,9,0.000,1.000,-1.000,-2.421,207.692,261.538,27,34,13,13,379.949,1
2024,3,86,Bowling Green,Mid-American,0,1,-58.333,22.643,65,0.000,0.602,-0.602,-1.454,225.000,283.333,27,34,12,12,80.976,49
2024,3,87,Ohio,Mid-American,1,1,-59.470,112.280,44,0.500,0.807,-0.307,-0.735,204.167,263.636,49,58,24,22,172.071,23
2024,3,88,Old Dominion,Sun Belt,0,3,-64.095,-4.343,70,0.000,0.487,-0.487,-1.174,121.951,186.047,50,80,41,43,60.870,55
2024,3,89,Tulane,American Athletic,0,2,-69.872,131.058,40,0.000,0.795,-0.795,-1.922,191.667,261.538,46,68,24,26,202.486,14
2024,3,90,Nevada,Mountain West,1,3,-75.000,32.901,61,0.250,0.623,-0.373,-0.897,156.818,231.818,69,102,44,44,106.398,44
2024,3,91,Florida State,ACC,0,3,-75.714,234.168,20,0.000,0.950,-0.950,-2.300,164.286,240.000,46,72,28,30,307.444,5
2024,3,92,South Alabama,Sun Belt,0,2,-76.993,43.040,58,0.000,0.618,-0.618,-1.494,252.174,329.167,58,79,23,24,134.007,38
2024,3,93,Georgia State,Sun Belt,1,1,-86.364,96.389,48,0.500,0.805,-0.305,-0.733,218.182,304.545,48,67,22,22,194.722,18
2024,3,94,Louisiana Tech,Conference USA,0,1,-90.909,-423.686,132,0.000,0.004,-0.004,-0.000,181.818,272.727,20,30,11,11,-332.776,128
2024,3,95,Miami (OH),Mid-American,0,2,-100.000,-214.781,109,0.000,0.195,-0.195,-0.464,100.000,200.000,22,40,22,20,-111.448,97
2024,3,96,Hawai'i,Mountain West,0,2,-100.593,-27.555,72,0.000,0.375,-0.375,-0.901,113.043,213.636,26,47,23,22,72.824,52
2024,3,97,West Virginia,Big 12,0,2,-108.333,-102.357,96,0.000,0.014,-0.014,-0.025,191.667,300.000,46,72,24,24,5.976,70
2024,3,98,UCLA,Big Ten,1,1,-109.273,20.851,66,0.500,0.560,-0.060,-0.136,152.632,261.905,29,55,19,21,148.818,31
2024,3,99,Troy,Sun Belt,0,3,-118.548,37.263,59,0.000,0.571,-0.571,-1.378,206.452,325.000,64,104,31,32,155.849,29
2024,3,100,NC State,ACC,1,1,-121.920,-332.776,125,0.500,0.000,0.500,1.224,173.913,295.833,40,71,23,24,-273.744,121
2024,3,101,Wisconsin,Big Ten,1,1,-122.010,-74.492,86,0.500,0.335,0.165,0.410,172.727,294.737,38,56,22,19,-10.176,74
2024,3,102,North Texas,American Athletic,1,1,-129.630,155.733,36,0.500,0.749,-0.249,-0.595,270.370,400.000,73,104,27,26,187.078,21
2024,3,103,Air Force,Mountain West,0,2,-137.778,-269.276,117,0.000,0.005,-0.005,-0.003,40.000,177.778,10,48,25,27,-122.079,99
2024,3,104,Wake Forest,ACC,0,2,-140.000,-138.337,102,0.000,0.322,-0.322,-0.773,144.000,284.000,36,71,25,25,-11.856,75
2024,3,105,Marshall,Sun Belt,0,1,-150.641,-58.492,82,0.000,0.329,-0.329,-0.789,107.692,258.333,14,31,13,12,92.149,47
2024,3,106,Western Kentucky,Conference USA,1,1,-152.174,11.374,67,0.500,0.542,-0.042,-0.093,213.043,365.217,49,84,23,23,-44.181,85
2024,3,107,UConn,FBS Independents,0,2,-153.333,-100.890,94,0.000,0.500,-0.500,-1.206,100.000,253.333,28,76,28,30,-1.659,72
2024,3,108,Tulsa,American Athletic,0,2,-156.000,-361.409,128,0.000,0.014,-0.014,-0.024,136.000,292.000,34,73,25,25,-232.563,115
2024,3,109,Jacksonville State,Conference USA,0,3,-158.836,48.005,56,0.000,0.612,-0.612,-1.478,202.703,361.538,75,141,37,39,189.341,20
2024,3,110,Kennesaw State,Conference USA,0,3,-172.727,-386.869,131,0.000,0.005,-0.005,-0.003,109.091,281.818,36,93,33,33,-201.582,113
2024,3,111,Rice,American Athletic,0,2,-173.692,-40.332,75,0.000,0.334,-0.334,-0.802,84.000,257.692,21,67,25,26,134.347,37
2024,3,112,UAB,American Athletic,0,2,-178.571,-324.339,123,0.000,0.008,-0.008,-0.009,150.000,328.571,33,69,22,21,-153.885,105
2024,3,113,App State,Sun Belt,1,1,-180.495,-134.735,101,0.500,0.184,0.316,0.777,146.429,326.923,41,85,28,26,-31.576,79
2024,3,114,Mississippi State,SEC,0,2,-183.208,-105.496,98,0.000,0.293,-0.293,-0.702,190.476,373.684,40,71,21,19,73.898,51
2024,3,115,Florida,SEC,0,2,-184.199,-286.722,118,0.000,0.057,-0.057,-0.129,168.182,352.381,37,74,22,21,-103.389,95
2024,3,116,Charlotte,American Athletic,0,2,-186.364,116.538,43,0.000,0.731,-0.731,-1.767,122.727,309.091,27,68,22,22,302.371,6
2024,3,117,UTSA,American Athletic,1,2,-187.979,-294.320,120,0.333,0.000,0.333,0.819,107.143,295.122,45,121,42,41,-191.504,111
2024,3,118,Massachusetts,FBS Independents,0,3,-191.919,-41.846,76,0.000,0.393,-0.393,-0.945,111.111,303.030,40,100,36,33,138.927,34
2024,3,119,San Diego State,Mountain West,0,2,-192.885,-246.674,114,0.000,0.000,-0.000,0.009,43.478,236.364,10,52,23,22,-55.765,86
2024,3,120,New Mexico State,Conference USA,0,2,-206.130,-498.600,134,0.000,0.000,-0.000,0.009,82.759,288.889,24,78,29,27,-368.930,132
2024,3,121,UTEP,Conference USA,0,2,-212.500,-465.145,133,0.000,0.000,-0.000,0.009,70.833,283.333,17,68,24,24,-268.641,120
2024,3,122,New Mexico,Mountain West,0,2,-228.870,-330.352,124,0.000,0.137,-0.137,-0.323,232.000,460.870,58,106,25,23,-97.290,94
2024,3,123,Temple,American Athletic,0,3,-233.108,60.215,55,0.000,0.678,-0.678,-1.638,91.892,325.000,34,117,37,36,228.457,12
2024,3,124,Central Michigan,Mid-American,0,2,-237.500,-46.119,78,0.000,0.403,-0.403,-0.971,104.167,341.667,25,82,24,24,158.881,28
2024,3,125,Utah State,Mountain West,0,2,-246.769,-42.915,77,0.000,0.382,-0.382,-0.919,84.000,330.769,21,86,25,26,136.024,35
2024,3,126,Wyoming,Mountain West,0,2,-272.522,-202.473,107,0.000,0.098,-0.098,-0.228,84.000,356.522,21,82,25,23,13.028,67
2024,3,127,Southern Miss,Sun Belt,0,2,-280.000,-287.685,119,0.000,0.020,-0.020,-0.039,120.000,400.000,24,80,20,20,8.469,69
2024,3,128,Colorado State,Mountain West,0,2,-310.326,-377.691,129,0.000,0.000,-0.000,0.009,37.500,347.826,9,80,24,23,-171.252,107
2024,3,129,Western Michigan,Mid-American,0,2,-311.818,-185.604,106,0.000,0.068,-0.068,-0.155,70.000,381.818,14,84,20,22,-22.356,76
2024,3,130,Akron,Mid-American,0,2,-367.091,-233.156,112,0.000,0.085,-0.085,-0.196,92.000,459.091,23,101,25,22,32.025,61
2024,3,131,Middle Tennessee,Conference USA,0,2,-378.684,-253.614,115,0.000,0.184,-0.184,-0.439,126.316,505.000,24,101,19,20,27.851,63
2024,3,132,Purdue,Big Ten,0,1,-424.762,-240.056,113,0.000,0.038,-0.038,-0.083,46.667,471.429,7,66,15,14,-36.722,80
2024,3,133,Kent State,Mid-American,0,2,-451.826,-357.135,127,0.000,0.000,-0.000,0.009,96.000,547.826,24,126,25,23,-96.413,93
2024,3,134,Ball State,Mid-American,0,1,-476.923,-302.107,121,0.000,0.000,-0.000,0.009,0.000,476.923,0,62,12,13,-86.722,91
2024,4,1,Army,American Athletic,2,0,597.009,224.681,4,1.000,0.995,0.005,0.082,677.778,80.769,61,21,9,26,45.515,44
2024,4,2,Ohio State,Big Ten,3,0,393.016,98.063,36,1.000,0.778,0.222,0.990,448.571,55.556,157,20,35,36,-141.983,125
2024,4,3,Texas,SEC,4,0,344.618,139.535,23,1.000,0.928,0.072,0.363,387.755,43.137,190,22,49,51,-71.707,112
2024,4,4,Ole Miss,SEC,3,0,335.294,233.575,2,1.000,1.000,0.000,0.063,400.000,64.706,144,22,36,34,1.578,68
2024,4,5,Miami,ACC,3,0,330.882,160.072,16,1.000,0.971,0.029,0.182,425.000,94.118,153,32,36,34,-58.693,104
2024,4,6,Indiana,Big Ten,3,0,299.425,208.626,8,1.000,0.861,0.139,0.643,416.667,117.241,125,34,30,29,-53.908,102
2024,4,7,Alabama,SEC,3,0,290.909,217.168,6,1.000,1.000,0.000,0.063,350.000,59.091,147,26,42,44,14.459,60
2024,4,8,Tennessee,SEC,3,0,287.500,86.575,39,1.000,0.850,0.150,0.690,350.000,62.500,147,25,42,40,-78.631,114
2024,4,9,Penn State,Big Ten,3,0,245.952,163.802,15,1.000,0.933,0.067,0.341,354.286,108.333,124,39,35,36,-1.602,72
2024,4,10,Louisville,ACC,2,0,242.857,204.609,9,1.000,0.933,0.067,0.342,400.000,157.143,80,33,20,21,-5.505,75
2024,4,11,Navy,American Athletic,2,0,197.157,240.200,1,1.000,0.873,0.127,0.591,408.696,211.538,94,55,23,26,25.584,53
2024,4,12,Notre Dame,FBS Independents,3,1,193.325,124.035,30,0.750,0.876,-0.126,-0.463,272.917,79.592,131,39,48,49,3.164,65
2024,4,13,Iowa State,Big 12,2,0,170.370,164.876,14,1.000,0.959,0.041,0.233,266.667,96.296,72,26,27,27,44.876,45
2024,4,14,UCF,Big 12,2,0,162.771,77.523,42,1.000,0.730,0.270,1.190,380.952,218.182,80,48,21,22,-60.053,106
2024,4,15,Oregon,Big Ten,2,0,158.333,217.874,5,1.000,0.943,0.057,0.302,358.333,200.000,86,48,24,24,66.842,31
2024,4,16,James Madison,Sun Belt,2,0,153.571,211.260,7,1.000,0.914,0.086,0.421,357.143,203.571,100,57,28,28,52.927,42
2024,4,17,Georgia,SEC,2,0,152.381,137.203,24,1.000,0.987,0.013,0.119,223.810,71.429,47,15,21,21,4.930,62
2024,4,18,Cincinnati,Big 12,2,1,146.371,137.200,25,0.667,0.862,-0.195,-0.754,283.871,137.500,88,44,31,32,1.342,69
2024,4,19,Rutgers,Big Ten,2,0,145.833,67.666,43,1.000,0.663,0.337,1.471,312.500,166.667,75,40,24,24,-70.213,111
2024,4,20,BYU,Big 12,3,0,144.444,168.730,12,1.000,0.919,0.081,0.402,250.000,105.556,90,38,36,36,1.872,67
2024,4,21,Maryland,Big Ten,2,1,138.462,233.372,3,0.667,0.945,-0.278,-1.100,258.974,120.513,101,47,39,39,144.343,5
2024,4,22,Missouri,SEC,3,0,138.235,200.655,10,1.000,0.976,0.024,0.161,279.412,141.176,95,48,34,34,90.947,20
2024,4,23,Arizona State,Big 12,3,1,136.179,67.232,44,0.750,0.656,0.094,0.455,319.512,183.333,131,88,41,48,-40.283,96
2024,4,24,Nebraska,Big Ten,2,1,133.445,78.658,41,0.667,0.682,-0.015,-0.000,270.588,137.143,92,48,34,35,-37.115,94
2024,4,25,USC,Big Ten,2,1,129.332,61.008,48,0.667,0.834,-0.167,-0.634,267.568,138.235,99,47,37,34,-23.095,85
2024,4,26,South Carolina,SEC,3,1,125.402,65.440,46,0.750,0.757,-0.007,0.035,253.704,128.302,137,68,54,53,-39.537,95
2024,4,27,Illinois,Big Ten,3,0,123.750,117.520,31,1.000,0.856,0.144,0.664,280.000,156.250,84,50,30,32,-7.362,76
2024,4,28,Fresno State,Mountain West,2,1,121.622,-151.422,116,0.667,0.024,0.643,2.750,259.459,137.838,96,51,37,37,-206.473,133
2024,4,29,Pittsburgh,ACC,3,0,119.771,126.350,28,1.000,0.746,0.254,1.123,355.882,236.111,121,85,34,36,16.172,57
2024,4,30,Kentucky,SEC,2,2,108.637,66.151,45,0.500,0.667,-0.167,-0.634,236.842,128.205,90,50,38,39,-58.710,105
2024,4,31,Clemson,ACC,2,1,105.705,-56.290,92,0.667,0.371,0.296,1.300,328.205,222.500,128,89,39,40,-98.426,117
2024,4,32,Toledo,Mid-American,2,1,105.270,53.102,55,0.667,0.662,0.005,0.084,270.270,165.000,100,66,37,40,-66.946,110
2024,4,33,Oklahoma,SEC,3,1,103.636,60.554,50,0.750,0.691,0.059,0.309,210.909,107.273,116,59,55,55,-9.842,79
2024,4,34,Washington,Big Ten,2,1,99.554,146.094,20,0.667,0.937,-0.270,-1.065,214.706,115.152,73,38,34,33,43.596,47
2024,4,35,Texas State,Sun Belt,1,1,98.822,-3.394,73,0.500,0.489,0.011,0.107,285.185,186.364,77,41,27,22,-36.117,92
2024,4,36,Liberty,Conference USA,3,0,98.720,-126.709,104,1.000,0.219,0.781,3.325,251.351,152.632,93,58,37,38,-225.977,134
2024,4,37,UNLV,Mountain West,2,0,95.833,60.675,49,1.000,0.703,0.297,1.304,208.333,112.500,50,27,24,24,-22.717,84
2024,4,38,Oklahoma State,Big 12,2,1,95.238,11.202,67,0.667,0.533,0.134,0.622,245.238,150.000,103,63,42,42,-75.757,113
2024,4,39,SMU,ACC,2,1,87.297,156.438,18,0.667,0.865,-0.198,-0.764,297.297,210.000,110,84,37,40,57.976,37
2024,4,40,Duke,ACC,3,0,83.737,103.440,33,1.000,0.818,0.182,0.823,215.556,131.818,97,58,45,44,21.422,54
2024,4,41,Texas Tech,Big 12,2,1,82.695,115.190,32,0.667,0.902,-0.235,-0.920,273.171,190.476,112,80,41,42,72.591,29
2024,4,42,Iowa,Big Ten,2,1,80.904,178.114,11,0.667,0.887,-0.220,-0.856,225.641,144.737,88,55,39,38,91.195,19
2024,4,43,San José State,Mountain West,2,1,74.855,5.991,69,0.667,0.514,0.152,0.700,243.902,169.048,100,71,41,42,-79.400,115
2024,4,44,Utah,Big 12,3,0,73.810,31.931,60,1.000,0.682,0.318,1.392,197.619,123.810,83,52,42,42,-42.300,99
2024,4,45,Washington State,Pac-12,3,0,70.000,152.974,19,1.000,0.804,0.196,0.881,287.500,217.500,115,87,40,40,89.092,21
2024,4,46,California,ACC,2,1,68.730,-37.826,85,0.667,0.402,0.265,1.168,174.286,105.556,61,38,35,36,-106.824,119
2024,4,47,Coastal Carolina,Sun Belt,2,1,62.471,58.994,51,0.667,0.619,0.048,0.264,305.714,243.243,107,90,35,37,3.190,64
2024,4,48,Virginia Tech,ACC,2,2,62.385,31.100,61,0.500,0.610,-0.110,-0.396,240.816,178.431,118,91,49,51,-24.282,87
2024,4,49,Syracuse,ACC,2,1,60.322,30.990,62,0.667,0.569,0.098,0.473,290.625,230.303,93,76,32,33,-33.421,91
2024,4,50,Louisiana,Sun Belt,1,1,53.472,-48.941,90,0.500,0.418,0.082,0.407,372.222,318.750,67,51,18,16,-127.235,123
2024,4,51,Sam Houston,Conference USA,3,1,48.732,-119.222,100,0.750,0.217,0.533,2.289,229.167,180.435,110,83,48,46,-171.888,131
2024,4,52,South Alabama,Sun Belt,1,2,44.524,-125.086,102,0.333,0.222,0.111,0.528,302.857,258.333,106,93,35,36,-142.219,126
2024,4,53,Michigan,Big Ten,3,1,42.639,24.688,65,0.750,0.558,0.192,0.866,215.556,172.917,97,83,45,48,-9.811,78
2024,4,54,LSU,SEC,2,1,38.235,42.373,59,0.667,0.584,0.083,0.408,264.706,226.471,90,77,34,34,0.011,71
2024,4,55,Oregon State,Pac-12,2,1,29.602,-9.953,77,0.667,0.475,0.192,0.863,235.484,205.882,73,70,31,34,-42.259,98
2024,4,56,Texas A&M,SEC,2,1,28.125,98.655,35,0.667,0.804,-0.138,-0.512,225.000,196.875,72,63,32,32,58.756,36
2024,4,57,Boston College,ACC,2,1,27.859,157.461,17,0.667,0.811,-0.144,-0.540,218.182,190.323,72,59,33,31,130.744,8
2024,4,58,Baylor,Big 12,1,2,26.316,-1.757,71,0.333,0.496,-0.163,-0.618,194.737,168.421,74,64,38,38,-40.700,97
2024,4,59,Arkansas,SEC,2,1,25.889,-80.075,95,0.667,0.316,0.350,1.527,242.105,216.216,92,80,38,37,-115.081,120
2024,4,60,Minnesota,Big Ten,1,2,23.529,133.592,26,0.333,0.951,-0.617,-2.517,170.588,147.059,58,50,34,34,105.057,16
2024,4,61,Arizona,Big 12,1,1,19.462,-214.390,123,0.500,0.045,0.455,1.963,323.810,304.348,68,70,21,23,-195.937,132
2024,4,62,Auburn,SEC,1,2,19.132,-130.810,107,0.333,0.025,0.308,1.351,192.105,172.973,73,64,38,37,-163.444,127
2024,4,63,Michigan State,Big Ten,2,1,18.810,166.439,13,0.667,0.974,-0.307,-1.222,177.143,158.333,62,57,35,36,145.449,4
2024,4,64,Memphis,American Athletic,2,1,16.667,96.911,37,0.667,0.713,-0.046,-0.129,300.000,283.333,102,85,34,30,80.151,23
2024,4,65,Colorado,Big 12,2,1,11.088,-8.951,76,0.667,0.461,0.205,0.921,194.872,183.784,76,68,39,37,-21.620,83
2024,4,66,Virginia,ACC,2,1,9.919,124.697,29,0.667,0.883,-0.217,-0.843,223.077,213.158,87,81,39,38,115.007,13
2024,4,67,Georgia Tech,ACC,2,2,7.075,58.376,52,0.500,0.618,-0.118,-0.430,286.486,279.412,106,95,37,34,55.648,41
2024,4,68,Boise State,Mountain West,1,1,6.641,143.637,21,0.500,0.788,-0.288,-1.142,310.345,303.704,90,82,29,27,135.524,6
2024,4,69,Northern Illinois,Mid-American,1,1,2.000,94.357,38,0.500,0.778,-0.278,-1.098,150.000,148.000,36,37,24,25,88.708,22
2024,4,70,North Carolina,ACC,2,1,0.000,130.972,27,0.667,0.743,-0.077,-0.257,289.189,289.189,107,107,37,37,106.578,14
2024,4,71,Buffalo,Mid-American,2,1,-2.193,53.381,53,0.667,0.688,-0.021,-0.027,158.333,160.526,57,61,36,38,44.839,46
2024,4,72,Vanderbilt,SEC,1,2,-6.982,62.000,47,0.333,0.626,-0.292,-1.159,251.351,258.333,93,93,37,36,64.537,34
2024,4,73,Kansas State,Big 12,2,1,-8.750,-19.443,80,0.667,0.451,0.216,0.965,231.250,240.000,74,72,32,30,-18.012,82
2024,4,74,Florida International,Conference USA,1,2,-10.171,-10.191,78,0.333,0.456,-0.123,-0.452,213.514,223.684,79,85,37,38,42.337,48
2024,4,75,Tulane,American Athletic,1,2,-16.919,-8.378,75,0.333,0.477,-0.144,-0.537,263.636,280.556,87,101,33,36,-2.610,73
2024,4,76,East Carolina,American Athletic,1,2,-18.919,-186.340,122,0.333,0.057,0.277,1.218,170.270,189.189,63,70,37,37,-163.660,128
2024,4,77,Stanford,ACC,1,1,-20.000,-3.537,74,0.500,0.478,0.022,0.155,212.000,232.000,53,58,25,25,15.053,59
2024,4,78,Eastern Michigan,Mid-American,2,1,-20.363,-45.650,88,0.667,0.390,0.277,1.218,231.250,251.613,74,78,32,31,-27.929,88
2024,4,79,UConn,FBS Independents,1,2,-30.128,141.894,22,0.333,0.884,-0.550,-2.236,194.872,225.000,76,90,39,40,127.442,11
2024,4,80,North Texas,American Athletic,2,1,-36.111,-2.433,72,0.667,0.495,0.171,0.779,300.000,336.111,117,121,39,36,-47.092,101
2024,4,81,Florida State,ACC,1,3,-43.715,25.138,64,0.250,0.621,-0.371,-1.488,153.846,197.561,60,81,39,41,68.731,30
2024,4,82,Kansas,Big 12,0,3,-46.780,26.388,63,0.000,0.568,-0.568,-2.311,196.970,243.750,65,78,33,32,74.199,28
2024,4,83,Bowling Green,Mid-American,0,2,-47.233,83.880,40,0.000,0.684,-0.684,-2.794,213.636,260.870,47,60,22,23,131.228,7
2024,4,84,Northwestern,Big Ten,1,2,-49.933,23.465,66,0.333,0.591,-0.257,-1.012,97.436,147.368,38,56,39,38,66.343,32
2024,4,85,Jacksonville State,Conference USA,1,3,-52.196,-69.385,93,0.250,0.314,-0.064,-0.204,238.000,290.196,119,148,50,51,-16.107,81
2024,4,86,Louisiana Tech,Conference USA,0,2,-55.698,-230.864,128,0.000,0.009,-0.009,0.025,148.148,203.846,40,53,27,26,-171.243,130
2024,4,87,West Virginia,Big 12,1,2,-61.111,44.402,58,0.333,0.622,-0.289,-1.144,216.667,277.778,78,100,36,36,105.513,15
2024,4,88,Old Dominion,Sun Belt,0,3,-64.095,-95.147,97,0.000,0.227,-0.227,-0.887,121.951,186.047,50,80,41,43,-29.933,90
2024,4,89,Florida,SEC,1,2,-70.265,-31.648,84,0.333,0.436,-0.103,-0.368,248.485,318.750,82,102,33,32,39.059,50
2024,4,90,Houston,Big 12,1,3,-70.390,-71.821,94,0.250,0.243,0.007,0.091,108.333,178.723,52,84,48,47,-2.943,74
2024,4,91,TCU,Big 12,1,2,-70.915,-0.884,70,0.333,0.499,-0.165,-0.628,305.556,376.471,110,128,36,34,76.808,27
2024,4,92,Nevada,Mountain West,1,3,-75.000,6.084,68,0.250,0.520,-0.270,-1.065,156.818,231.818,69,102,44,44,79.580,24
2024,4,93,Florida Atlantic,American Athletic,1,3,-76.454,45.515,57,0.250,0.614,-0.364,-1.456,153.333,229.787,69,108,45,47,130.706,9
2024,4,94,UL Monroe,Sun Belt,1,1,-82.167,-30.289,83,0.500,0.388,0.112,0.529,145.833,228.000,35,57,24,25,-43.051,100
2024,4,95,Tulsa,American Athletic,1,2,-84.329,-179.128,121,0.333,0.081,0.252,1.115,142.500,226.829,57,93,40,41,-102.675,118
2024,4,96,Georgia State,Sun Belt,1,1,-86.364,-38.145,86,0.500,0.361,0.139,0.644,218.182,304.545,48,67,22,22,60.188,35
2024,4,97,Western Kentucky,Conference USA,2,1,-86.415,101.207,34,0.667,0.737,-0.071,-0.233,197.368,283.784,75,105,38,37,56.392,39
2024,4,98,South Florida,American Athletic,1,2,-90.000,-40.709,87,0.333,0.425,-0.092,-0.322,200.000,290.000,80,116,40,40,31.619,51
2024,4,99,Hawai'i,Mountain West,0,2,-100.593,-223.197,126,0.000,0.015,-0.015,0.000,113.043,213.636,26,47,23,22,-122.818,122
2024,4,100,Georgia Southern,Sun Belt,1,2,-112.281,53.173,54,0.333,0.621,-0.288,-1.140,216.667,328.947,78,125,36,38,127.765,10
2024,4,101,Troy,Sun Belt,0,3,-118.548,-24.883,81,0.000,0.438,-0.438,-1.766,206.452,325.000,64,104,31,32,93.703,18
2024,4,102,Wisconsin,Big Ten,1,1,-122.010,-17.121,79,0.500,0.469,0.031,0.191,172.727,294.737,38,56,22,19,47.196,43
2024,4,103,UCLA,Big Ten,1,2,-122.811,-126.415,103,0.333,0.148,0.186,0.839,164.286,287.097,46,89,28,31,9.267,61
2024,4,104,Arkansas State,Sun Belt,1,2,-137.460,-88.363,96,0.333,0.251,0.082,0.405,151.429,288.889,53,104,35,36,3.479,63
2024,4,105,Air Force,Mountain West,0,2,-137.778,-145.080,115,0.000,0.000,-0.000,0.063,40.000,177.778,10,48,25,27,2.117,66
2024,4,106,NC State,ACC,1,2,-139.403,-163.358,119,0.333,0.180,0.153,0.702,202.703,342.105,75,130,37,38,-66.860,109
2024,4,107,Wake Forest,ACC,0,2,-140.000,52.654,56,0.000,0.619,-0.619,-2.525,144.000,284.000,36,71,25,25,179.136,2
2024,4,108,Temple,American Athletic,1,3,-143.057,-45.743,89,0.250,0.305,-0.055,-0.165,154.902,297.959,79,146,51,49,55.851,40
2024,4,109,Miami (OH),Mid-American,0,3,-145.825,-50.504,91,0.000,0.333,-0.333,-1.330,73.529,219.355,25,68,34,31,94.900,17
2024,4,110,Central Michigan,Mid-American,1,2,-150.000,-127.131,105,0.333,0.232,0.101,0.487,172.222,322.222,62,116,36,36,1.203,70
2024,4,111,Ohio,Mid-American,1,2,-157.590,-155.101,117,0.333,0.094,0.240,1.064,161.765,319.355,55,99,34,31,-9.315,77
2024,4,112,UTEP,Conference USA,0,3,-164.865,-219.915,125,0.000,0.004,-0.004,0.048,91.892,256.757,34,95,37,37,-63.271,108
2024,4,113,Colorado State,Mountain West,1,2,-172.147,-141.762,114,0.333,0.158,0.175,0.796,97.297,269.444,36,97,37,36,-29.777,89
2024,4,114,Kennesaw State,Conference USA,0,3,-172.727,-246.093,129,0.000,0.001,-0.001,0.060,109.091,281.818,36,93,33,33,-60.806,107
2024,4,115,Mississippi State,SEC,0,3,-174.167,-141.549,113,0.000,0.193,-0.193,-0.743,212.500,386.667,68,116,32,30,29.562,52
2024,4,116,UAB,American Athletic,0,2,-178.571,-225.637,127,0.000,0.075,-0.075,-0.250,150.000,328.571,33,69,22,21,-55.182,103
2024,4,117,UTSA,American Athletic,1,2,-187.979,-139.467,112,0.333,0.154,0.179,0.811,107.143,295.122,45,121,42,41,-36.651,93
2024,4,118,Massachusetts,FBS Independents,0,3,-191.919,-160.495,118,0.000,0.116,-0.116,-0.422,111.111,303.030,40,100,36,33,20.278,55
2024,4,119,New Mexico State,Conference USA,0,3,-191.987,-271.676,132,0.000,0.004,-0.004,0.048,87.500,279.487,35,109,40,39,-132.451,124
2024,4,120,San Diego State,Mountain West,0,2,-192.885,-214.798,124,0.000,0.000,-0.000,0.063,43.478,236.364,10,52,23,22,-23.889,86
2024,4,121,Utah State,Mountain West,0,3,-195.921,-136.345,111,0.000,0.238,-0.238,-0.931,131.579,327.500,50,131,38,40,15.732,58
2024,4,122,New Mexico,Mountain West,0,3,-204.085,-372.431,134,0.000,0.069,-0.069,-0.224,219.444,423.529,79,144,36,34,-165.541,129
2024,4,123,App State,Sun Belt,1,2,-212.500,-269.123,130,0.333,0.011,0.322,1.410,137.500,350.000,55,133,40,38,-122.572,121
2024,4,124,Marshall,Sun Belt,0,2,-226.087,-131.648,109,0.000,0.203,-0.203,-0.787,121.739,347.826,28,80,23,23,64.582,33
2024,4,125,Charlotte,American Athletic,0,3,-239.394,-25.118,82,0.000,0.404,-0.404,-1.624,124.242,363.636,41,120,33,33,183.619,1
2024,4,126,Wyoming,Mountain West,0,3,-251.429,-131.380,108,0.000,0.118,-0.118,-0.432,108.571,360.000,38,126,35,35,77.843,25
2024,4,127,Ball State,Mid-American,0,2,-254.333,-103.722,99,0.000,0.224,-0.224,-0.873,141.667,396.000,34,99,24,25,16.470,56
2024,4,128,Southern Miss,Sun Belt,0,3,-278.883,-282.383,133,0.000,0.001,-0.001,0.059,96.875,375.758,31,124,32,33,-14.648,80
2024,4,129,Middle Tennessee,Conference USA,0,3,-292.900,-101.093,98,0.000,0.289,-0.289,-1.145,124.242,417.143,41,146,33,35,146.074,3
2024,4,130,Western Michigan,Mid-American,0,2,-311.818,-122.777,101,0.000,0.055,-0.055,-0.165,70.000,381.818,14,84,20,22,40.471,49
2024,4,131,Purdue,Big Ten,0,2,-312.296,-129.853,106,0.000,0.166,-0.166,-0.632,103.704,416.000,28,104,27,25,57.041,38
2024,4,132,Rice,American Athletic,0,3,-318.605,-270.201,131,0.000,0.009,-0.009,0.026,81.395,400.000,35,104,43,26,-95.521,116
2024,4,133,Akron,Mid-American,0,3,-352.481,-171.526,120,0.000,0.111,-0.111,-0.400,78.947,431.429,30,151,38,35,77.056,26
2024,4,134,Kent State,Mid-American,0,3,-470.429,-133.088,110,0.000,0.156,-0.156,-0.587,64.865,535.294,24,182,37,34,125.576,12
2024,5,1,Army,American Athletic,3,0,417.778,165.942,10,1.000,0.839,0.161,0.828,515.000,97.222,103,35,20,36,-44.550,102
2024,5,2,Ohio State,Big Ten,4,0,367.663,190.715,5,1.000,0.933,0.067,0.360,423.913,56.250,195,27,46,48,-54.282,112
2024,5,3,Texas,SEC,5,0,318.548,145.815,15,1.000,0.894,0.106,0.550,375.000,56.452,225,35,60,62,-63.179,117
2024,5,4,Tennessee,SEC,3,0,287.500,129.224,22,1.000,0.970,0.030,0.174,350.000,62.500,147,25,42,40,-35.981,95
2024,5,5,James Madison,Sun Belt,3,0,260.526,130.948,21,1.000,0.794,0.206,1.048,428.947,168.421,163,64,38,38,-67.941,119
2024,5,6,Miami,ACC,4,0,259.716,121.039,24,1.000,0.808,0.192,0.977,406.383,146.667,191,66,47,45,-52.125,109
2024,5,7,Ole Miss,SEC,3,1,249.220,170.928,9,0.750,0.966,-0.216,-1.045,342.553,93.333,161,42,47,45,3.748,73
2024,5,8,Alabama,SEC,4,0,232.266,211.577,1,1.000,0.982,0.018,0.118,335.714,103.448,188,60,56,58,47.046,31
2024,5,9,Indiana,Big Ten,4,0,230.202,197.969,4,1.000,0.876,0.124,0.640,371.111,140.909,167,62,45,44,-22.265,89
2024,5,10,Navy,American Athletic,3,0,226.912,184.430,6,1.000,0.805,0.195,0.992,435.484,208.571,135,73,31,35,-62.813,116
2024,5,11,Penn State,Big Ten,4,0,225.000,147.298,14,1.000,0.951,0.049,0.268,329.545,104.545,145,46,44,44,-13.213,82
2024,5,12,UNLV,Mountain West,3,0,191.967,70.215,44,1.000,0.666,0.334,1.681,302.778,110.811,109,41,36,37,-66.149,118
2024,5,13,Iowa State,Big 12,3,0,178.378,152.552,12,1.000,0.913,0.087,0.457,248.649,70.270,92,26,37,37,5.885,70
2024,5,14,Notre Dame,FBS Independents,4,1,163.961,80.199,41,0.800,0.748,0.052,0.285,265.574,101.613,162,63,61,62,-27.267,92
2024,5,15,Oregon,Big Ten,3,0,158.009,179.680,7,1.000,0.896,0.104,0.540,342.857,184.848,120,61,35,33,24.110,57
2024,5,16,Nebraska,Big Ten,3,1,146.640,85.544,35,0.750,0.738,0.012,0.085,272.727,126.087,120,58,44,46,-48.559,107
2024,5,17,Missouri,SEC,3,0,138.235,140.391,18,1.000,0.864,0.136,0.701,279.412,141.176,95,48,34,34,30.683,49
2024,5,18,Arizona State,Big 12,3,1,136.179,86.359,34,0.750,0.762,-0.012,-0.031,319.512,183.333,131,88,41,48,-21.157,87
2024,5,19,USC,Big Ten,3,1,131.766,107.606,28,0.750,0.877,-0.127,-0.602,279.592,147.826,137,68,49,46,9.113,67
2024,5,20,SMU,ACC,3,1,127.987,176.657,8,0.750,0.852,-0.102,-0.479,316.667,188.679,152,100,48,53,38.126,39
2024,5,21,Louisville,ACC,2,1,126.916,115.726,26,0.667,0.784,-0.118,-0.557,315.152,188.235,104,64,33,34,-6.401,78
2024,5,22,South Carolina,SEC,3,1,125.402,131.317,20,0.750,0.864,-0.114,-0.538,253.704,128.302,137,68,54,53,26.340,53
2024,5,23,Clemson,ACC,3,1,120.370,54.897,49,0.750,0.641,0.109,0.567,311.111,190.741,168,103,54,54,-18.372,85
2024,5,24,Pittsburgh,ACC,3,0,119.771,91.630,32,1.000,0.723,0.277,1.398,355.882,236.111,121,85,34,36,-18.549,86
2024,5,25,BYU,Big 12,4,0,118.367,198.341,3,1.000,0.976,0.024,0.145,253.061,134.694,124,66,49,49,61.659,19
2024,5,26,Rutgers,Big Ten,3,0,116.639,123.535,23,1.000,0.792,0.208,1.060,282.353,165.714,96,58,34,35,16.161,60
2024,5,27,Toledo,Mid-American,2,1,105.270,44.466,54,0.667,0.640,0.026,0.157,270.270,165.000,100,66,37,40,-75.582,120
2024,5,28,Oklahoma,SEC,4,1,100.597,82.582,38,0.800,0.720,0.080,0.426,220.000,119.403,143,80,65,67,7.265,68
2024,5,29,LSU,SEC,3,1,100.000,119.194,25,0.750,0.772,-0.022,-0.084,293.333,193.333,132,87,45,45,23.786,58
2024,5,30,Liberty,Conference USA,3,0,98.720,-87.201,104,1.000,0.281,0.719,3.593,251.351,152.632,93,58,37,38,-186.468,134
2024,5,31,Kentucky,SEC,3,2,90.490,131.376,19,0.600,0.845,-0.245,-1.190,224.490,134.000,110,67,49,50,26.032,54
2024,5,32,Texas Tech,Big 12,3,1,87.926,148.753,13,0.750,0.839,-0.089,-0.413,312.000,224.074,156,121,50,54,79.998,8
2024,5,33,Cincinnati,Big 12,2,2,85.366,80.245,40,0.500,0.674,-0.174,-0.838,300.000,214.634,129,88,43,41,15.157,61
2024,5,34,Iowa,Big Ten,2,1,80.904,143.612,17,0.667,0.869,-0.202,-0.975,225.641,144.737,88,55,39,38,56.693,24
2024,5,35,San José State,Mountain West,2,1,74.855,-2.256,69,0.667,0.494,0.172,0.882,243.902,169.048,100,71,41,42,-87.646,126
2024,5,36,Maryland,Big Ten,2,2,74.074,143.937,16,0.500,0.887,-0.387,-1.890,238.889,164.815,129,89,54,54,100.499,4
2024,5,37,Georgia,SEC,2,1,71.429,204.132,2,0.667,0.949,-0.282,-1.373,231.429,160.000,81,56,35,35,132.617,1
2024,5,38,California,ACC,2,1,68.730,-31.951,84,0.667,0.398,0.268,1.358,174.286,105.556,61,38,35,36,-100.949,129
2024,5,39,Texas State,Sun Belt,1,2,67.028,-22.766,77,0.333,0.450,-0.116,-0.549,305.263,238.235,116,81,38,34,-51.652,108
2024,5,40,Illinois,Big Ten,3,1,66.303,64.298,46,0.750,0.676,0.074,0.395,239.474,173.171,91,71,38,41,7.095,69
2024,5,41,Duke,ACC,4,0,65.517,59.449,47,1.000,0.733,0.267,1.349,200.000,134.483,118,78,59,58,-3.850,76
2024,5,42,Washington,Big Ten,2,2,65.013,98.376,30,0.500,0.831,-0.331,-1.613,202.222,137.209,91,59,45,43,33.093,44
2024,5,43,Tulane,American Athletic,2,2,63.830,86.825,33,0.500,0.744,-0.244,-1.185,300.000,236.170,132,111,44,47,27.514,51
2024,5,44,Coastal Carolina,Sun Belt,2,1,62.471,15.582,63,0.667,0.533,0.134,0.690,305.714,243.243,107,90,35,37,-40.222,99
2024,5,45,Memphis,American Athletic,3,1,60.952,43.064,55,0.750,0.629,0.121,0.625,280.000,219.048,126,92,45,42,-9.468,79
2024,5,46,Colorado,Big 12,3,1,60.462,74.526,42,0.750,0.721,0.029,0.171,238.462,178.000,124,89,52,50,13.101,62
2024,5,47,Syracuse,ACC,2,1,60.322,25.885,59,0.667,0.559,0.107,0.559,290.625,230.303,93,76,32,33,-38.526,98
2024,5,48,UConn,FBS Independents,2,2,59.853,96.652,31,0.500,0.756,-0.256,-1.242,232.075,172.222,123,93,53,54,35.812,42
2024,5,49,Boise State,Mountain West,2,1,49.634,163.666,11,0.667,0.830,-0.163,-0.782,321.429,271.795,135,106,42,39,109.539,2
2024,5,50,Virginia Tech,ACC,2,3,45.269,83.724,36,0.400,0.721,-0.321,-1.566,253.333,208.065,152,129,60,62,46.691,32
2024,5,51,Louisiana,Sun Belt,2,1,43.407,8.340,67,0.667,0.514,0.152,0.783,385.714,342.308,108,89,28,26,-53.856,110
2024,5,52,Kansas State,Big 12,3,1,42.364,104.541,29,0.750,0.746,0.004,0.045,246.809,204.444,116,92,47,45,68.947,14
2024,5,53,Michigan,Big Ten,4,1,42.134,65.219,45,0.800,0.663,0.137,0.704,217.544,175.410,124,107,57,61,29.543,50
2024,5,54,Arizona,Big 12,2,1,39.076,-26.049,78,0.667,0.423,0.244,1.236,267.647,228.571,91,80,34,35,-44.944,103
2024,5,55,North Texas,American Athletic,3,1,36.492,39.882,57,0.750,0.595,0.155,0.795,312.963,276.471,169,141,54,51,-40.279,101
2024,5,56,Sam Houston,Conference USA,4,1,35.965,-91.852,105,0.800,0.269,0.531,2.662,250.000,214.035,150,122,60,57,-129.743,132
2024,5,57,Utah,Big 12,3,1,35.859,9.137,66,0.750,0.544,0.206,1.049,172.222,136.364,93,75,54,55,-23.138,90
2024,5,58,Oklahoma State,Big 12,2,2,31.579,16.673,62,0.500,0.551,-0.051,-0.224,215.789,184.211,123,105,57,57,-11.880,80
2024,5,59,Oregon State,Pac-12,2,1,29.602,-28.148,80,0.667,0.428,0.239,1.213,235.484,205.882,73,70,31,34,-60.454,115
2024,5,60,Texas A&M,SEC,3,1,24.396,40.215,56,0.750,0.650,0.100,0.524,202.174,177.778,93,80,46,45,5.483,72
2024,5,61,Boston College,ACC,3,1,23.268,82.762,37,0.750,0.725,0.025,0.151,211.364,188.095,93,79,44,42,60.451,21
2024,5,62,UCF,Big 12,2,1,22.773,16.836,61,0.667,0.543,0.123,0.639,297.059,274.286,101,96,34,35,-5.651,77
2024,5,63,Eastern Michigan,Mid-American,3,1,20.973,-74.228,97,0.750,0.316,0.434,2.176,257.143,236.170,126,111,49,47,-85.845,124
2024,5,64,Washington State,Pac-12,3,1,18.251,113.508,27,0.750,0.769,-0.019,-0.068,267.308,249.057,139,132,52,53,102.135,3
2024,5,65,Arkansas,SEC,2,2,15.686,-18.811,75,0.500,0.448,0.052,0.286,213.725,198.039,109,101,51,51,-40.257,100
2024,5,66,Virginia,ACC,2,1,9.919,57.759,48,0.667,0.683,-0.017,-0.056,223.077,213.158,87,81,39,38,48.069,30
2024,5,67,East Carolina,American Athletic,2,2,8.805,-109.516,107,0.500,0.196,0.304,1.536,175.472,166.667,93,90,53,54,-109.969,130
2024,5,68,Baylor,Big 12,1,3,7.843,52.328,51,0.250,0.628,-0.378,-1.846,200.000,192.157,102,98,51,51,34.659,43
2024,5,69,Minnesota,Big Ten,1,3,7.077,73.212,43,0.250,0.760,-0.510,-2.504,174.468,167.391,82,77,47,46,61.906,18
2024,5,70,Georgia Tech,ACC,2,2,7.075,11.991,64,0.500,0.526,-0.026,-0.104,286.486,279.412,106,95,37,34,9.263,66
2024,5,71,Florida International,Conference USA,2,2,6.122,-59.718,93,0.500,0.303,0.197,1.004,200.000,193.878,96,95,48,49,-36.231,96
2024,5,72,North Carolina,ACC,2,2,-1.961,54.889,50,0.500,0.625,-0.125,-0.592,249.020,250.980,127,128,51,51,38.379,38
2024,5,73,Fresno State,Mountain West,2,2,-4.490,-112.206,110,0.500,0.117,0.383,1.927,220.000,224.490,110,110,50,49,-92.917,128
2024,5,74,Auburn,SEC,1,3,-5.617,-53.447,89,0.250,0.298,-0.048,-0.212,188.000,193.617,94,91,50,47,-54.173,111
2024,5,75,Vanderbilt,SEC,1,2,-6.982,47.355,53,0.333,0.609,-0.276,-1.342,251.351,258.333,93,93,37,36,49.892,29
2024,5,76,TCU,Big 12,2,2,-21.454,0.374,68,0.500,0.501,-0.001,0.023,308.333,329.787,148,155,48,47,31.400,47
2024,5,77,Northern Illinois,Mid-American,1,2,-27.063,-30.001,81,0.333,0.391,-0.058,-0.260,147.222,174.286,53,61,36,35,-0.990,75
2024,5,78,South Alabama,Sun Belt,1,3,-35.060,-80.591,99,0.250,0.306,-0.056,-0.253,252.174,287.234,116,135,46,47,-29.804,93
2024,5,79,Bowling Green,Mid-American,0,3,-39.496,18.741,60,0.000,0.540,-0.540,-2.650,217.647,257.143,74,90,34,35,58.640,22
2024,5,80,Old Dominion,Sun Belt,1,3,-43.602,-11.594,71,0.250,0.455,-0.205,-0.990,150.943,194.545,80,107,53,55,31.066,48
2024,5,81,Georgia Southern,Sun Belt,2,2,-48.769,35.428,58,0.500,0.584,-0.084,-0.388,232.000,280.769,116,146,50,52,61.015,20
2024,5,82,Northwestern,Big Ten,1,2,-49.933,-30.441,83,0.333,0.393,-0.059,-0.267,97.436,147.368,38,56,39,38,12.437,64
2024,5,83,Jacksonville State,Conference USA,1,3,-52.196,-111.394,109,0.250,0.208,0.042,0.236,238.000,290.196,119,148,50,51,-58.116,114
2024,5,84,UL Monroe,Sun Belt,2,1,-54.545,-5.625,70,0.667,0.469,0.198,1.007,145.455,200.000,48,66,33,33,-24.781,91
2024,5,85,Michigan State,Big Ten,2,2,-55.319,49.616,52,0.500,0.657,-0.157,-0.752,146.809,202.128,69,95,47,47,98.836,5
2024,5,86,Louisiana Tech,Conference USA,0,3,-57.610,-143.361,118,0.000,0.077,-0.077,-0.355,131.579,189.189,50,70,38,37,-82.401,123
2024,5,87,Ohio,Mid-American,2,2,-59.873,-86.672,102,0.500,0.236,0.264,1.335,177.083,236.957,85,109,48,46,-14.237,84
2024,5,88,West Virginia,Big 12,1,2,-61.111,9.532,65,0.333,0.522,-0.188,-0.907,216.667,277.778,78,100,36,36,70.643,13
2024,5,89,Kansas,Big 12,0,4,-63.636,-26.997,79,0.000,0.402,-0.402,-1.967,200.000,263.636,92,116,46,44,36.105,40
2024,5,90,Western Kentucky,Conference USA,2,2,-68.622,81.915,39,0.500,0.725,-0.225,-1.089,193.878,262.500,95,126,49,48,50.577,28
2024,5,91,Florida,SEC,1,2,-70.265,-58.197,91,0.333,0.371,-0.038,-0.161,248.485,318.750,82,102,33,32,12.510,63
2024,5,92,Stanford,ACC,1,2,-73.205,-40.897,86,0.333,0.323,0.011,0.079,171.795,245.000,67,98,39,40,27.052,52
2024,5,93,Nevada,Mountain West,1,3,-75.000,-16.094,74,0.250,0.440,-0.190,-0.915,156.818,231.818,69,102,44,44,57.403,23
2024,5,94,Florida Atlantic,American Athletic,1,3,-76.454,-22.068,76,0.250,0.426,-0.176,-0.845,153.333,229.787,69,108,45,47,63.123,15
2024,5,95,NC State,ACC,2,2,-83.362,-45.100,87,0.500,0.400,0.100,0.523,210.638,294.000,99,147,47,50,2.690,74
2024,5,96,Buffalo,Mid-American,2,2,-87.692,-38.068,85,0.500,0.341,0.159,0.815,120.000,207.692,60,108,50,52,5.526,71
2024,5,97,Florida State,ACC,1,4,-90.385,-30.118,82,0.200,0.397,-0.197,-0.948,146.154,236.538,76,123,52,52,56.505,25
2024,5,98,Houston,Big 12,1,4,-92.801,-59.242,92,0.200,0.206,-0.006,-0.002,89.655,182.456,52,104,58,57,35.860,41
2024,5,99,Troy,Sun Belt,0,4,-98.186,-55.686,90,0.000,0.374,-0.374,-1.829,187.179,285.366,73,117,39,41,41.239,37
2024,5,100,Georgia State,Sun Belt,1,2,-100.000,-74.440,98,0.333,0.262,0.071,0.379,191.667,291.667,69,105,36,36,31.592,46
2024,5,101,Hawai'i,Mountain West,0,2,-100.593,-177.898,125,0.000,0.029,-0.029,-0.119,113.043,213.636,26,47,23,22,-77.519,121
2024,5,102,Central Michigan,Mid-American,2,2,-100.868,-177.465,124,0.500,0.139,0.361,1.815,178.723,279.592,84,137,47,49,-90.830,127
2024,5,103,Miami (OH),Mid-American,1,3,-107.967,-120.514,111,0.250,0.111,0.139,0.714,106.667,214.634,48,88,45,41,-13.734,83
2024,5,104,Wake Forest,ACC,0,3,-108.571,-15.312,73,0.000,0.460,-0.460,-2.256,211.429,320.000,74,112,35,35,79.009,10
2024,5,105,Tulsa,American Athletic,1,3,-118.929,-142.386,117,0.250,0.129,0.121,0.629,140.000,258.929,77,145,55,56,-38.380,97
2024,5,106,Air Force,Mountain West,0,3,-128.219,-143.367,119,0.000,0.034,-0.034,-0.141,85.294,213.514,29,79,34,37,-12.273,81
2024,5,107,New Mexico,Mountain West,1,3,-128.224,-248.511,132,0.250,0.145,0.105,0.549,263.265,391.489,129,184,49,47,-112.574,131
2024,5,108,Wisconsin,Big Ten,1,2,-129.696,-12.455,72,0.333,0.473,-0.140,-0.666,173.529,303.226,59,94,34,31,77.645,11
2024,5,109,Marshall,Sun Belt,1,2,-132.353,-46.878,88,0.333,0.378,-0.044,-0.194,161.765,294.118,55,100,34,34,62.730,16
2024,5,110,UCLA,Big Ten,1,3,-133.398,-63.187,94,0.250,0.328,-0.078,-0.361,159.459,292.857,59,123,37,42,79.736,9
2024,5,111,Arkansas State,Sun Belt,1,2,-137.460,-66.713,95,0.333,0.306,0.028,0.163,151.429,288.889,53,104,35,36,25.128,55
2024,5,112,San Diego State,Mountain West,0,3,-138.131,-219.281,130,0.000,0.004,-0.004,0.009,86.111,224.242,31,74,36,33,-79.188,122
2024,5,113,South Florida,American Athletic,1,3,-139.216,-85.408,100,0.250,0.298,-0.048,-0.210,176.471,315.686,90,161,51,51,32.474,45
2024,5,114,Massachusetts,FBS Independents,0,4,-149.111,-184.939,126,0.000,0.108,-0.108,-0.509,130.435,279.545,60,123,46,44,-47.086,105
2024,5,115,UTSA,American Athletic,1,3,-154.743,-149.462,122,0.250,0.082,0.168,0.859,110.169,264.912,65,151,59,57,-54.887,113
2024,5,116,Temple,American Athletic,1,4,-160.874,-67.033,96,0.200,0.248,-0.048,-0.210,152.459,313.333,93,188,61,60,62.606,17
2024,5,117,New Mexico State,Conference USA,0,4,-164.260,-258.592,133,0.000,0.008,-0.008,-0.013,141.509,305.769,75,159,53,52,-134.942,133
2024,5,118,UTEP,Conference USA,0,3,-164.865,-191.297,127,0.000,0.042,-0.042,-0.184,91.892,256.757,34,95,37,37,-34.654,94
2024,5,119,Colorado State,Mountain West,1,2,-172.147,-102.304,106,0.333,0.184,0.149,0.765,97.297,269.444,36,97,37,36,9.681,65
2024,5,120,Kennesaw State,Conference USA,0,3,-172.727,-233.079,131,0.000,0.010,-0.010,-0.021,109.091,281.818,36,93,33,33,-47.792,106
2024,5,121,Charlotte,American Athletic,1,3,-173.333,-110.091,108,0.250,0.172,0.078,0.414,137.778,311.111,62,140,45,45,44.378,35
2024,5,122,Wyoming,Mountain West,1,3,-176.212,-86.891,103,0.250,0.299,-0.049,-0.217,153.333,329.545,69,145,45,44,45.304,34
2024,5,123,Mississippi State,SEC,0,4,-179.921,-123.723,112,0.000,0.245,-0.245,-1.188,188.372,368.293,81,151,43,41,54.611,26
2024,5,124,Utah State,Mountain West,0,3,-195.921,-135.506,114,0.000,0.216,-0.216,-1.046,131.579,327.500,50,131,38,40,16.570,59
2024,5,125,App State,Sun Belt,1,2,-212.500,-191.621,128,0.333,0.062,0.272,1.374,137.500,350.000,55,133,40,38,-45.070,104
2024,5,126,UAB,American Athletic,0,3,-214.794,-164.471,123,0.000,0.171,-0.171,-0.823,164.516,379.310,51,110,31,29,53.332,27
2024,5,127,Western Michigan,Mid-American,0,3,-226.686,-86.250,101,0.000,0.205,-0.205,-0.988,109.677,336.364,34,111,31,33,43.794,36
2024,5,128,Rice,American Athletic,0,4,-228.947,-206.293,129,0.000,0.060,-0.060,-0.273,100.000,328.947,55,125,55,38,-87.062,125
2024,5,129,Middle Tennessee,Conference USA,0,4,-262.899,-136.498,115,0.000,0.203,-0.203,-0.982,106.667,369.565,48,170,45,46,88.839,7
2024,5,130,Purdue,Big Ten,0,3,-277.143,-141.761,116,0.000,0.131,-0.131,-0.624,100.000,377.143,38,132,38,35,45.865,33
2024,5,131,Southern Miss,Sun Belt,0,3,-278.883,-289.544,134,0.000,0.012,-0.012,-0.032,96.875,375.758,31,124,32,33,-21.809,88
2024,5,132,Akron,Mid-American,0,4,-293.916,-133.618,113,0.000,0.147,-0.147,-0.702,75.472,369.388,40,181,53,49,89.724,6
2024,5,133,Ball State,Mid-American,0,3,-342.269,-148.621,121,0.000,0.095,-0.095,-0.445,120.588,462.857,41,162,34,35,24.841,56
2024,5,134,Kent State,Mid-American,0,4,-351.276,-145.425,120,0.000,0.169,-0.169,-0.811,107.547,458.824,57,234,53,51,73.481,12
2024,6,1,Army,American Athletic,4,0,432.834,165.918,10,1.000,0.839,0.161,0.872,524.138,91.304,152,42,29,46,-80.707,122
2024,6,2,Ohio State,Big Ten,5,0,344.888,219.214,1,1.000,0.971,0.029,0.176,403.509,58.621,230,34,57,58,-26.420,98
2024,6,3,Texas,SEC,5,0,318.548,148.974,14,1.000,0.906,0.094,0.523,375.000,56.452,225,35,60,62,-60.020,112
2024,6,4,Ole Miss,SEC,4,1,241.058,196.476,3,0.800,0.981,-0.181,-0.933,318.644,77.586,188,45,59,58,22.347,57
2024,6,5,Navy,American Athletic,4,0,232.168,173.844,8,1.000,0.796,0.204,1.099,402.381,170.213,169,80,42,47,-74.278,119
2024,6,6,Tennessee,SEC,3,1,217.499,93.103,33,0.750,0.869,-0.119,-0.604,303.774,86.275,161,44,53,51,-19.437,93
2024,6,7,Penn State,Big Ten,5,0,216.981,162.441,11,1.000,0.935,0.065,0.365,324.528,107.547,172,57,53,53,-1.524,77
2024,6,8,Indiana,Big Ten,5,0,215.918,188.328,4,1.000,0.850,0.150,0.816,378.182,162.264,208,86,55,53,-16.526,87
2024,6,9,Miami,ACC,5,0,200.877,115.488,20,1.000,0.773,0.227,1.220,383.333,182.456,230,104,60,57,-19.710,94
2024,6,10,Iowa State,Big 12,4,0,189.317,176.496,7,1.000,0.915,0.085,0.473,287.234,97.917,135,47,47,48,6.723,69
2024,6,11,Alabama,SEC,4,1,188.625,156.391,12,0.800,0.878,-0.078,-0.388,337.879,149.254,223,100,66,67,43.654,36
2024,6,12,James Madison,Sun Belt,3,1,186.917,105.634,24,0.750,0.756,-0.006,-0.006,364.000,177.083,182,85,50,48,-30.616,103
2024,6,13,Oregon,Big Ten,4,0,170.439,200.444,2,1.000,0.924,0.076,0.425,335.556,165.116,151,71,45,43,31.267,48
2024,6,14,Notre Dame,FBS Independents,4,1,163.961,97.486,31,0.800,0.803,-0.003,0.006,265.574,101.613,162,63,61,62,-9.980,85
2024,6,15,UNLV,Mountain West,3,1,142.066,68.343,44,0.750,0.656,0.094,0.522,319.149,177.083,150,85,47,48,-27.112,100
2024,6,16,Nebraska,Big Ten,4,1,141.621,109.206,22,0.800,0.801,-0.001,0.017,257.692,116.071,134,65,52,56,-19.076,92
2024,6,17,Tulane,American Athletic,3,2,138.710,69.464,43,0.600,0.689,-0.089,-0.446,350.000,211.290,203,131,58,62,-19.889,95
2024,6,18,Clemson,ACC,4,1,124.615,49.160,51,0.800,0.633,0.167,0.904,303.077,178.462,197,116,65,65,-38.545,104
2024,6,19,Arizona State,Big 12,4,1,123.795,81.350,40,0.800,0.707,0.093,0.515,325.490,201.695,166,119,51,59,-18.299,90
2024,6,20,SMU,ACC,4,1,119.102,169.458,9,0.800,0.837,-0.037,-0.173,320.690,201.587,186,127,58,63,44.632,34
2024,6,21,BYU,Big 12,4,0,118.367,185.274,5,1.000,0.968,0.032,0.194,253.061,134.694,124,66,49,49,48.592,29
2024,6,22,Toledo,Mid-American,3,1,113.981,40.285,55,0.750,0.608,0.142,0.774,282.609,168.627,130,86,46,51,-87.630,125
2024,6,23,Boise State,Mountain West,3,1,101.578,154.769,13,0.750,0.806,-0.056,-0.272,358.182,256.604,197,136,55,53,56.206,24
2024,6,24,Oklahoma,SEC,4,1,100.597,87.518,36,0.800,0.737,0.063,0.354,220.000,119.403,143,80,65,67,12.201,64
2024,6,25,Pittsburgh,ACC,4,0,100.000,114.762,21,1.000,0.771,0.229,1.232,336.957,236.957,155,109,46,46,21.294,58
2024,6,26,LSU,SEC,3,1,100.000,105.245,25,0.750,0.743,0.007,0.059,293.333,193.333,132,87,45,45,9.837,65
2024,6,27,Liberty,Conference USA,3,0,98.720,-104.360,107,1.000,0.246,0.754,4.005,251.351,152.632,93,58,37,38,-203.628,134
2024,6,28,USC,Big Ten,3,2,98.245,83.181,39,0.600,0.757,-0.157,-0.804,265.517,167.273,154,92,58,55,19.941,62
2024,6,29,Georgia,SEC,3,1,97.727,184.653,6,0.750,0.916,-0.166,-0.850,254.545,156.818,112,69,44,44,81.017,6
2024,6,30,Texas State,Sun Belt,2,2,94.957,0.865,69,0.500,0.502,-0.002,0.013,308.000,213.043,154,98,50,46,-64.550,114
2024,6,31,Kentucky,SEC,3,2,90.490,137.894,15,0.600,0.844,-0.244,-1.264,224.490,134.000,110,67,49,50,32.551,47
2024,6,32,Cincinnati,Big 12,2,2,85.366,88.389,35,0.500,0.687,-0.187,-0.960,300.000,214.634,129,88,43,41,23.301,55
2024,6,33,Louisville,ACC,2,2,81.924,132.310,16,0.500,0.810,-0.310,-1.610,304.651,222.727,131,98,43,44,58.214,21
2024,6,34,Texas A&M,SEC,4,1,74.373,121.244,19,0.800,0.830,-0.030,-0.132,235.088,160.714,134,90,57,56,42.549,37
2024,6,35,Maryland,Big Ten,2,2,74.074,131.956,17,0.500,0.869,-0.369,-1.921,238.889,164.815,129,89,54,54,88.518,5
2024,6,36,Virginia Tech,ACC,3,3,73.668,102.757,29,0.500,0.768,-0.268,-1.389,265.217,191.549,183,136,69,71,27.452,50
2024,6,37,Texas Tech,Big 12,4,1,72.783,121.263,18,0.800,0.810,-0.010,-0.026,283.077,210.294,184,143,65,68,60.354,16
2024,6,38,Washington,Big Ten,3,2,69.974,108.184,23,0.600,0.839,-0.239,-1.239,210.714,140.741,118,76,56,54,37.776,43
2024,6,39,Rutgers,Big Ten,3,1,66.649,104.636,26,0.750,0.779,-0.029,-0.128,234.091,167.442,103,72,44,43,50.355,27
2024,6,40,Illinois,Big Ten,3,1,66.303,83.499,38,0.750,0.726,0.024,0.151,239.474,173.171,91,71,38,41,26.296,51
2024,6,41,San José State,Mountain West,3,1,64.706,-17.970,75,0.750,0.459,0.291,1.560,264.706,200.000,135,102,51,51,-83.402,124
2024,6,42,Coastal Carolina,Sun Belt,3,1,64.221,40.074,56,0.750,0.581,0.169,0.918,323.404,259.184,152,127,47,49,-18.446,91
2024,6,43,South Carolina,SEC,3,2,62.801,102.774,28,0.600,0.812,-0.212,-1.093,208.955,146.154,140,95,67,65,59.177,19
2024,6,44,Memphis,American Athletic,3,1,60.952,28.797,61,0.750,0.583,0.167,0.907,280.000,219.048,126,92,45,42,-23.735,97
2024,6,45,Colorado,Big 12,3,1,60.462,59.801,47,0.750,0.683,0.067,0.376,238.462,178.000,124,89,52,50,-1.624,79
2024,6,46,UConn,FBS Independents,3,2,56.522,60.306,46,0.600,0.663,-0.063,-0.307,220.290,163.768,152,113,69,69,2.052,74
2024,6,47,Oregon State,Pac-12,3,1,53.606,-2.410,70,0.750,0.494,0.256,1.373,273.171,219.565,112,101,41,46,-59.556,111
2024,6,48,California,ACC,2,2,53.495,26.061,63,0.500,0.578,-0.078,-0.388,210.638,157.143,99,77,47,49,-29.854,102
2024,6,49,Sam Houston,Conference USA,5,1,52.705,-91.053,103,0.833,0.274,0.559,2.973,251.316,198.611,191,143,76,72,-142.004,133
2024,6,50,Syracuse,ACC,3,1,52.696,43.757,53,0.750,0.594,0.156,0.846,318.605,265.909,137,117,43,44,-11.369,86
2024,6,51,Louisiana,Sun Belt,3,1,52.564,-52.212,90,0.750,0.399,0.351,1.877,335.897,283.333,131,102,39,36,-118.632,131
2024,6,52,Duke,ACC,4,1,43.478,34.698,58,0.800,0.650,0.150,0.813,191.304,147.826,132,102,69,69,-0.305,76
2024,6,53,Kansas State,Big 12,3,1,42.364,95.682,32,0.750,0.728,0.022,0.142,246.809,204.444,116,92,47,45,60.088,17
2024,6,54,North Texas,American Athletic,3,1,36.492,25.209,64,0.750,0.557,0.193,1.045,312.963,276.471,169,141,54,51,-54.952,110
2024,6,55,Utah,Big 12,3,1,35.859,3.573,68,0.750,0.517,0.233,1.252,172.222,136.364,93,75,54,55,-28.702,101
2024,6,56,Missouri,SEC,3,1,35.556,62.634,45,0.750,0.686,0.064,0.361,233.333,197.778,105,89,45,45,43.989,35
2024,6,57,Virginia,ACC,3,1,28.614,77.126,42,0.750,0.740,0.010,0.078,226.531,197.917,111,95,49,48,44.859,33
2024,6,58,Georgia Tech,ACC,3,2,23.106,43.106,54,0.600,0.595,0.005,0.050,270.833,247.727,130,109,48,44,25.287,52
2024,6,59,Michigan,Big Ten,4,2,21.242,55.336,48,0.667,0.641,0.026,0.161,207.353,186.111,141,134,68,72,40.757,39
2024,6,60,Eastern Michigan,Mid-American,3,1,20.973,-61.498,93,0.750,0.343,0.407,2.170,257.143,236.170,126,111,49,47,-73.115,118
2024,6,61,Arkansas,SEC,3,2,20.968,34.095,60,0.600,0.596,0.004,0.044,206.452,185.484,128,115,62,62,7.846,67
2024,6,62,Jacksonville State,Conference USA,2,3,20.533,-77.192,97,0.400,0.313,0.087,0.485,293.548,273.016,182,172,62,63,-81.237,123
2024,6,63,Arizona,Big 12,2,2,19.417,3.890,67,0.500,0.512,-0.012,-0.038,235.417,216.000,113,108,48,50,-2.900,80
2024,6,64,Minnesota,Big Ten,2,3,18.377,79.186,41,0.400,0.754,-0.354,-1.844,189.286,170.909,106,94,56,55,54.586,26
2024,6,65,Washington State,Pac-12,3,1,18.251,102.934,27,0.750,0.750,-0.000,0.022,267.308,249.057,139,132,52,53,91.561,4
2024,6,66,Vanderbilt,SEC,2,2,10.870,90.557,34,0.500,0.677,-0.177,-0.911,289.130,278.261,133,128,46,46,68.848,12
2024,6,67,Iowa,Big Ten,2,2,10.204,100.977,30,0.500,0.777,-0.277,-1.435,193.878,183.673,95,90,49,49,97.833,2
2024,6,68,Florida International,Conference USA,2,2,6.122,-63.811,94,0.500,0.293,0.207,1.118,200.000,193.878,96,95,48,49,-40.324,105
2024,6,69,Northern Illinois,Mid-American,2,2,5.106,-47.509,88,0.500,0.354,0.146,0.795,185.106,180.000,87,81,47,45,-53.023,109
2024,6,70,West Virginia,Big 12,2,2,4.444,83.624,37,0.500,0.687,-0.187,-0.965,257.778,253.333,116,114,45,45,62.791,15
2024,6,71,Wisconsin,Big Ten,2,2,3.612,-16.238,74,0.500,0.456,0.044,0.259,236.170,232.558,111,100,47,43,-1.548,78
2024,6,72,Boston College,ACC,3,2,0.071,34.328,59,0.600,0.595,0.005,0.049,198.148,198.077,107,103,54,52,36.479,44
2024,6,73,UCF,Big 12,2,2,-1.550,-24.607,79,0.500,0.433,0.067,0.377,265.116,266.667,114,120,43,45,-17.583,89
2024,6,74,Fresno State,Mountain West,2,2,-4.490,-110.968,109,0.500,0.123,0.377,2.011,220.000,224.490,110,110,50,49,-91.679,126
2024,6,75,Oklahoma State,Big 12,2,3,-9.091,-18.276,76,0.400,0.448,-0.048,-0.228,207.576,216.667,137,143,66,66,12.215,63
2024,6,76,North Carolina,ACC,2,3,-9.602,54.868,49,0.400,0.629,-0.229,-1.181,247.541,257.143,151,162,61,63,50.327,28
2024,6,77,Bowling Green,Mid-American,1,3,-14.899,22.564,66,0.250,0.554,-0.304,-1.577,229.545,244.444,101,110,44,45,34.988,45
2024,6,78,UL Monroe,Sun Belt,3,1,-28.424,35.679,57,0.750,0.655,0.095,0.526,160.465,188.889,69,85,43,45,8.395,66
2024,6,79,TCU,Big 12,2,3,-30.508,-35.046,83,0.400,0.433,-0.033,-0.150,283.051,313.559,167,185,59,59,5.229,71
2024,6,80,Baylor,Big 12,1,4,-32.760,23.399,65,0.200,0.553,-0.353,-1.837,198.387,231.148,123,141,62,61,57.082,22
2024,6,81,Florida,SEC,2,2,-33.976,-4.033,71,0.500,0.490,0.010,0.079,246.512,280.488,106,115,43,41,25.109,53
2024,6,82,East Carolina,American Athletic,2,3,-36.418,-155.888,121,0.400,0.122,0.278,1.491,180.000,216.418,117,145,65,67,-116.250,130
2024,6,83,Auburn,SEC,1,4,-36.501,-19.378,77,0.200,0.433,-0.233,-1.207,181.356,217.857,107,122,59,56,20.041,61
2024,6,84,South Alabama,Sun Belt,1,4,-36.842,-91.003,102,0.200,0.266,-0.066,-0.322,231.579,268.421,132,153,57,57,-43.464,106
2024,6,85,Old Dominion,Sun Belt,1,4,-46.866,-25.005,80,0.200,0.418,-0.218,-1.127,180.000,226.866,117,152,65,67,22.456,56
2024,6,86,Georgia Southern,Sun Belt,2,2,-48.769,45.269,52,0.500,0.608,-0.108,-0.546,232.000,280.769,116,146,50,52,70.856,11
2024,6,87,Louisiana Tech,Conference USA,0,3,-57.610,-153.415,120,0.000,0.078,-0.078,-0.385,131.579,189.189,50,70,38,37,-92.455,127
2024,6,88,Ohio,Mid-American,2,2,-59.873,-79.454,99,0.500,0.257,0.243,1.308,177.083,236.957,85,109,48,46,-7.019,82
2024,6,89,Houston,Big 12,2,4,-63.739,-33.471,82,0.333,0.318,0.016,0.107,117.143,180.882,82,123,70,68,32.902,46
2024,6,90,Kansas,Big 12,0,5,-63.840,-7.764,72,0.000,0.476,-0.476,-2.487,215.789,279.630,123,151,57,54,56.354,23
2024,6,91,Nevada,Mountain West,1,4,-65.024,-21.433,78,0.200,0.433,-0.233,-1.203,188.679,253.704,100,137,53,54,38.476,41
2024,6,92,Marshall,Sun Belt,2,2,-66.667,-43.492,86,0.500,0.398,0.102,0.560,237.778,304.444,107,137,45,45,4.623,72
2024,6,93,Western Kentucky,Conference USA,2,2,-68.622,52.270,50,0.500,0.663,-0.163,-0.835,193.878,262.500,95,126,49,48,20.932,60
2024,6,94,NC State,ACC,2,3,-68.658,-57.656,92,0.400,0.365,0.035,0.207,218.644,287.302,129,181,59,63,-17.117,88
2024,6,95,Northwestern,Big Ten,1,3,-72.917,-12.527,73,0.250,0.461,-0.211,-1.087,129.167,202.083,62,97,48,48,55.465,25
2024,6,96,Florida Atlantic,American Athletic,1,3,-76.454,-37.510,84,0.250,0.376,-0.126,-0.642,153.333,229.787,69,108,45,47,47.681,31
2024,6,97,Wake Forest,ACC,1,3,-77.128,-26.923,81,0.250,0.433,-0.183,-0.940,225.000,302.128,108,142,48,47,40.933,38
2024,6,98,Hawai'i,Mountain West,0,3,-79.735,-184.998,127,0.000,0.078,-0.078,-0.387,151.515,231.250,50,74,33,32,-108.079,129
2024,6,99,Michigan State,Big Ten,2,3,-82.456,28.310,62,0.400,0.587,-0.187,-0.963,138.596,221.053,79,126,57,57,109.686,1
2024,6,100,Charlotte,American Athletic,2,3,-85.995,-82.645,100,0.400,0.272,0.128,0.699,201.724,287.719,117,164,58,57,0.931,75
2024,6,101,Buffalo,Mid-American,2,2,-87.692,-70.174,96,0.500,0.218,0.282,1.512,120.000,207.692,60,108,50,52,-26.580,99
2024,6,102,Arkansas State,Sun Belt,2,2,-97.541,-64.012,95,0.500,0.300,0.200,1.078,157.778,255.319,71,120,45,47,-3.767,81
2024,6,103,Florida State,ACC,1,5,-100.000,-37.943,85,0.167,0.370,-0.204,-1.050,141.270,241.270,89,152,63,63,58.485,20
2024,6,104,Georgia State,Sun Belt,1,2,-100.000,-46.388,87,0.333,0.342,-0.008,-0.019,191.667,291.667,69,105,36,36,59.644,18
2024,6,105,Central Michigan,Mid-American,2,2,-100.868,-158.700,123,0.500,0.152,0.348,1.859,178.723,279.592,84,137,47,49,-72.065,117
2024,6,106,San Diego State,Mountain West,1,3,-101.820,-177.582,125,0.250,0.050,0.200,1.079,126.087,227.907,58,98,46,43,-80.012,121
2024,6,107,Stanford,ACC,1,3,-109.099,-77.471,98,0.250,0.228,0.022,0.142,154.167,263.265,74,129,48,49,40.157,40
2024,6,108,Miami (OH),Mid-American,1,4,-114.571,-109.351,108,0.200,0.160,0.040,0.233,121.429,236.000,68,118,56,50,6.377,70
2024,6,109,Troy,Sun Belt,0,5,-115.982,-83.563,101,0.000,0.297,-0.297,-1.545,176.471,292.453,90,155,51,53,28.977,49
2024,6,110,New Mexico,Mountain West,1,3,-128.224,-232.120,131,0.250,0.161,0.089,0.496,263.265,391.489,129,184,49,47,-96.183,128
2024,6,111,Temple,American Athletic,1,5,-136.842,-48.712,89,0.167,0.316,-0.149,-0.763,148.684,285.526,113,217,76,76,67.306,13
2024,6,112,South Florida,American Athletic,1,3,-139.216,-92.970,104,0.250,0.277,-0.027,-0.119,176.471,315.686,90,161,51,51,24.912,54
2024,6,113,UCLA,Big Ten,1,4,-141.944,-55.602,91,0.200,0.347,-0.147,-0.750,152.174,294.118,70,150,46,51,94.292,3
2024,6,114,Massachusetts,FBS Independents,0,5,-142.597,-181.749,126,0.000,0.116,-0.116,-0.587,142.857,285.455,80,157,56,55,-49.649,107
2024,6,115,UTEP,Conference USA,0,4,-150.835,-196.720,129,0.000,0.037,-0.037,-0.173,105.769,256.604,55,136,52,53,-50.175,108
2024,6,116,UTSA,American Athletic,1,3,-154.743,-164.931,124,0.250,0.065,0.185,1.002,110.169,264.912,65,151,59,57,-70.356,116
2024,6,117,Air Force,Mountain West,0,4,-157.156,-139.734,116,0.000,0.014,-0.014,-0.052,78.261,235.417,36,113,46,48,21.276,59
2024,6,118,Colorado State,Mountain West,1,3,-158.917,-114.495,111,0.250,0.196,0.054,0.307,136.735,295.652,67,136,49,46,2.411,73
2024,6,119,New Mexico State,Conference USA,0,4,-164.260,-258.275,133,0.000,0.010,-0.010,-0.026,141.509,305.769,75,159,53,52,-134.625,132
2024,6,120,Western Michigan,Mid-American,1,3,-168.182,-99.170,106,0.250,0.248,0.002,0.033,179.545,347.727,79,153,44,44,7.279,68
2024,6,121,Tulsa,American Athletic,1,4,-169.231,-155.898,122,0.200,0.104,0.096,0.529,129.231,298.462,84,194,65,65,-8.915,83
2024,6,122,Wyoming,Mountain West,1,3,-176.212,-94.171,105,0.250,0.281,-0.031,-0.138,153.333,329.545,69,145,45,44,38.025,42
2024,6,123,Mississippi State,SEC,0,4,-179.921,-111.690,110,0.000,0.263,-0.263,-1.362,188.372,368.293,81,151,43,41,66.644,14
2024,6,124,App State,Sun Belt,1,3,-197.159,-204.309,130,0.250,0.098,0.152,0.829,180.392,377.551,92,185,51,49,-60.306,113
2024,6,125,Utah State,Mountain West,0,4,-210.305,-123.822,113,0.000,0.230,-0.230,-1.190,153.846,364.151,80,193,52,53,48.203,30
2024,6,126,Kennesaw State,Conference USA,0,4,-213.333,-275.375,134,0.000,0.014,-0.014,-0.050,133.333,346.667,60,156,45,45,-78.077,120
2024,6,127,Rice,American Athletic,0,4,-228.947,-188.287,128,0.000,0.073,-0.073,-0.359,100.000,328.947,55,125,55,38,-69.057,115
2024,6,128,Southern Miss,Sun Belt,0,4,-229.329,-241.694,132,0.000,0.009,-0.009,-0.023,104.762,334.091,44,147,42,44,-21.120,96
2024,6,129,Ball State,Mid-American,0,4,-246.806,-130.367,114,0.000,0.184,-0.184,-0.944,184.444,431.250,83,207,45,48,-9.187,84
2024,6,130,Akron,Mid-American,0,5,-257.304,-118.726,112,0.000,0.189,-0.189,-0.974,95.238,352.542,60,208,63,59,73.947,10
2024,6,131,Middle Tennessee,Conference USA,0,4,-262.899,-147.277,119,0.000,0.194,-0.194,-0.999,106.667,369.565,48,170,45,46,78.060,8
2024,6,132,UAB,American Athletic,0,4,-266.582,-137.463,115,0.000,0.207,-0.207,-1.065,154.348,420.930,71,181,46,43,78.271,7
2024,6,133,Purdue,Big Ten,0,4,-295.333,-146.593,118,0.000,0.112,-0.112,-0.564,88.000,383.333,44,184,50,48,47.011,32
2024,6,134,Kent State,Mid-American,0,4,-351.276,-141.704,117,0.000,0.170,-0.170,-0.870,107.547,458.824,57,234,53,51,77.202,9
2024,7,1,Army,American Athletic,5,0,409.707,151.799,9,1.000,0.834,0.166,0.919,502.564,92.857,196,52,39,56,-103.170,128
2024,7,2,Texas,SEC,6,0,309.056,183.398,4,1.000,0.957,0.043,0.262,359.722,50.667,259,38,72,75,-29.973,103
2024,7,3,Ohio State,Big Ten,5,1,288.171,222.840,1,0.833,0.962,-0.128,-0.656,383.824,95.652,261,66,68,69,19.660,58
2024,7,4,Navy,American Athletic,4,0,232.168,146.629,11,1.000,0.761,0.239,1.310,402.381,170.213,169,80,42,47,-101.493,127
2024,7,5,Indiana,Big Ten,5,0,215.918,194.572,3,1.000,0.860,0.140,0.779,378.182,162.264,208,86,55,53,-10.282,89
2024,7,6,James Madison,Sun Belt,4,1,202.407,127.947,19,0.800,0.843,-0.043,-0.202,350.794,148.387,221,92,63,62,-24.899,97
2024,7,7,Miami,ACC,5,0,200.877,125.371,21,1.000,0.782,0.218,1.196,383.333,182.456,230,104,60,57,-9.827,87
2024,7,8,Notre Dame,FBS Independents,5,1,199.961,142.070,13,0.833,0.889,-0.056,-0.267,297.183,97.222,211,70,71,72,5.848,70
2024,7,9,Ole Miss,SEC,4,2,186.411,149.577,10,0.667,0.930,-0.264,-1.379,289.189,102.778,214,74,74,72,10.106,66
2024,7,10,Tennessee,SEC,4,1,180.781,79.493,36,0.800,0.832,-0.032,-0.139,274.627,93.846,184,61,67,65,-19.111,94
2024,7,11,Iowa State,Big 12,5,0,178.571,174.244,6,1.000,0.910,0.090,0.512,291.071,112.500,163,63,56,56,16.203,63
2024,7,12,Penn State,Big Ten,6,0,176.760,140.945,14,1.000,0.897,0.103,0.580,310.606,133.846,205,87,66,65,3.666,73
2024,7,13,Alabama,SEC,5,1,170.720,161.234,8,0.833,0.860,-0.027,-0.114,328.947,158.228,250,125,76,79,57.009,17
2024,7,14,Clemson,ACC,5,1,148.428,64.512,41,0.833,0.678,0.155,0.860,319.481,171.053,246,130,77,76,-45.698,108
2024,7,15,Nebraska,Big Ten,4,1,141.621,106.090,25,0.800,0.839,-0.039,-0.179,257.692,116.071,134,65,52,56,-22.192,95
2024,7,16,Tulane,American Athletic,3,2,138.710,54.649,47,0.600,0.636,-0.036,-0.162,350.000,211.290,203,131,58,62,-34.705,106
2024,7,17,BYU,Big 12,5,0,137.903,182.996,5,1.000,0.925,0.075,0.430,275.000,137.097,165,85,60,62,28.336,46
2024,7,18,Oregon,Big Ten,5,0,137.897,204.265,2,1.000,0.908,0.092,0.521,326.786,188.889,183,102,56,54,67.105,10
2024,7,19,UNLV,Mountain West,4,1,135.933,47.548,50,0.800,0.606,0.194,1.067,327.869,191.935,200,119,61,62,-51.673,113
2024,7,20,Texas State,Sun Belt,3,2,128.601,41.418,55,0.600,0.604,-0.004,0.009,319.672,191.071,195,107,61,56,-60.186,116
2024,7,21,SMU,ACC,4,1,119.102,172.333,7,0.800,0.862,-0.062,-0.299,320.690,201.587,186,127,58,63,47.508,26
2024,7,22,Boise State,Mountain West,4,1,117.136,133.539,16,0.800,0.778,0.022,0.148,351.562,234.426,225,143,64,61,9.966,67
2024,7,23,Arizona State,Big 12,5,1,111.290,82.432,34,0.833,0.694,0.140,0.778,311.290,200.000,193,138,62,69,-9.851,88
2024,7,24,Missouri,SEC,4,1,98.872,82.437,33,0.800,0.753,0.047,0.284,263.158,164.286,150,92,57,56,21.309,56
2024,7,25,Liberty,Conference USA,4,0,92.277,-63.419,93,1.000,0.337,0.663,3.576,253.061,160.784,124,82,49,51,-156.299,134
2024,7,26,Georgia,SEC,4,1,91.396,143.236,12,0.800,0.844,-0.044,-0.204,273.214,181.818,153,100,56,55,48.357,25
2024,7,27,LSU,SEC,4,1,84.548,125.774,20,0.800,0.790,0.010,0.086,272.881,188.333,161,113,59,60,42.686,29
2024,7,28,Memphis,American Athletic,4,1,83.805,18.754,64,0.800,0.560,0.240,1.312,253.448,169.643,147,95,58,56,-51.294,111
2024,7,29,Pittsburgh,ACC,5,0,82.759,95.711,28,1.000,0.746,0.254,1.386,296.552,213.793,172,124,58,58,17.604,59
2024,7,30,Cincinnati,Big 12,3,2,81.206,86.218,30,0.600,0.692,-0.092,-0.462,279.245,198.039,148,101,53,51,22.147,54
2024,7,31,USC,Big Ten,3,3,79.034,109.670,24,0.500,0.781,-0.281,-1.473,262.857,183.824,184,125,70,68,57.611,16
2024,7,32,Jacksonville State,Conference USA,3,3,74.407,-81.307,102,0.500,0.300,0.200,1.101,314.667,240.260,236,185,75,77,-121.765,132
2024,7,33,Texas A&M,SEC,4,1,74.373,133.120,17,0.800,0.842,-0.042,-0.195,235.088,160.714,134,90,57,56,54.425,20
2024,7,34,Virginia Tech,ACC,3,3,73.668,97.400,27,0.500,0.753,-0.253,-1.323,265.217,191.549,183,136,69,71,22.094,55
2024,7,35,Texas Tech,Big 12,4,1,72.783,111.237,23,0.800,0.801,-0.001,0.025,283.077,210.294,184,143,65,68,50.328,23
2024,7,36,Toledo,Mid-American,3,2,68.750,32.525,58,0.600,0.588,0.012,0.095,250.000,181.250,145,116,58,64,-48.653,109
2024,7,37,Louisville,ACC,3,2,67.273,129.412,18,0.600,0.800,-0.200,-1.037,281.818,214.545,155,118,55,55,66.499,11
2024,7,38,Kentucky,SEC,3,3,65.789,100.192,26,0.500,0.801,-0.301,-1.577,215.789,150.000,123,87,57,58,26.989,49
2024,7,39,Wisconsin,Big Ten,3,2,62.291,55.936,43,0.600,0.678,-0.078,-0.389,246.774,184.483,153,107,62,58,30.355,44
2024,7,40,Illinois,Big Ten,4,1,56.986,44.480,53,0.800,0.600,0.200,1.098,287.755,230.769,141,120,49,52,-3.100,84
2024,7,41,UConn,FBS Independents,3,2,56.522,56.102,42,0.600,0.659,-0.059,-0.286,220.290,163.768,152,113,69,69,-2.152,82
2024,7,42,Louisiana,Sun Belt,4,1,54.808,-75.269,101,0.800,0.337,0.463,2.505,317.308,262.500,165,126,52,48,-140.712,133
2024,7,43,Sam Houston,Conference USA,5,1,52.705,-64.050,94,0.833,0.339,0.494,2.674,251.316,198.611,191,143,76,72,-115.000,129
2024,7,44,Syracuse,ACC,4,1,51.923,25.060,61,0.800,0.559,0.241,1.319,309.615,257.692,161,134,52,52,-29.874,102
2024,7,45,San José State,Mountain West,3,2,49.545,-52.640,89,0.600,0.369,0.231,1.264,260.656,211.111,159,133,61,63,-101.319,126
2024,7,46,South Carolina,SEC,3,3,46.194,86.183,31,0.500,0.756,-0.256,-1.340,208.861,162.667,165,122,79,75,60.130,14
2024,7,47,Iowa,Big Ten,3,2,45.339,138.269,15,0.600,0.826,-0.226,-1.176,225.000,179.661,135,106,60,59,95.027,3
2024,7,48,Colorado,Big 12,3,2,45.161,66.752,39,0.600,0.672,-0.072,-0.354,245.161,200.000,152,120,62,60,23.612,53
2024,7,49,Washington State,Pac-12,4,1,45.154,80.220,35,0.800,0.684,0.116,0.650,277.966,232.812,164,149,59,64,30.603,42
2024,7,50,Duke,ACC,4,1,43.478,34.205,57,0.800,0.648,0.152,0.843,191.304,147.826,132,102,69,69,-0.798,80
2024,7,51,Oklahoma,SEC,4,2,42.876,55.053,44,0.667,0.662,0.005,0.056,187.179,144.304,146,114,78,79,31.499,41
2024,7,52,Kansas State,Big 12,4,1,39.713,90.746,29,0.800,0.723,0.077,0.443,257.895,218.182,147,120,57,55,56.271,18
2024,7,53,California,ACC,2,3,39.122,45.309,51,0.400,0.649,-0.249,-1.303,193.220,154.098,114,94,59,61,3.910,71
2024,7,54,North Texas,American Athletic,4,1,30.893,2.109,71,0.800,0.504,0.296,1.611,313.433,282.540,210,178,67,63,-63.430,117
2024,7,55,Oregon State,Pac-12,3,2,26.538,-4.144,75,0.600,0.490,0.110,0.616,286.538,260.000,149,143,52,55,-23.801,96
2024,7,56,Georgia Tech,ACC,4,2,24.971,44.683,52,0.667,0.600,0.066,0.385,280.328,255.357,171,143,61,56,24.492,52
2024,7,57,Washington,Big Ten,3,3,24.569,66.721,40,0.500,0.718,-0.218,-1.134,203.030,178.462,134,116,66,65,41.987,30
2024,7,58,Minnesota,Big Ten,3,3,24.242,82.596,32,0.500,0.786,-0.286,-1.498,192.424,168.182,127,111,66,66,52.853,21
2024,7,59,Maryland,Big Ten,2,3,22.546,68.402,37,0.400,0.709,-0.309,-1.624,210.606,188.060,139,126,66,67,73.908,7
2024,7,60,Vanderbilt,SEC,3,2,22.222,111.367,22,0.600,0.725,-0.125,-0.637,283.333,261.111,153,141,54,54,76.500,6
2024,7,61,Michigan,Big Ten,4,2,21.242,54.821,45,0.667,0.641,0.025,0.166,207.353,186.111,141,134,68,72,40.243,34
2024,7,62,Arkansas,SEC,3,2,20.968,29.603,60,0.600,0.582,0.018,0.127,206.452,185.484,128,115,62,62,3.355,74
2024,7,63,Utah,Big 12,3,2,20.455,5.833,68,0.600,0.525,0.075,0.434,175.000,154.545,112,102,64,66,-8.897,85
2024,7,64,Virginia,ACC,3,2,20.000,54.717,46,0.600,0.677,-0.077,-0.379,218.333,198.333,131,119,60,60,32.539,38
2024,7,65,Northern Illinois,Mid-American,3,2,19.128,5.676,69,0.600,0.520,0.080,0.458,176.271,157.143,104,88,59,56,-14.341,92
2024,7,66,Louisiana Tech,Conference USA,1,3,14.286,-97.642,108,0.250,0.213,0.037,0.229,200.000,185.714,98,91,49,49,-117.263,131
2024,7,67,Boston College,ACC,3,2,0.071,29.676,59,0.600,0.582,0.018,0.126,198.148,198.077,107,103,54,52,31.827,40
2024,7,68,UL Monroe,Sun Belt,4,1,-1.482,11.572,66,0.800,0.541,0.259,1.415,184.483,185.965,107,106,58,57,-25.922,98
2024,7,69,Coastal Carolina,Sun Belt,3,2,-7.086,3.600,70,0.600,0.508,0.092,0.523,260.656,267.742,159,166,61,62,0.630,79
2024,7,70,Oklahoma State,Big 12,2,3,-9.091,-23.705,81,0.400,0.432,-0.032,-0.139,207.576,216.667,137,143,66,66,6.785,68
2024,7,71,Florida International,Conference USA,2,3,-9.836,-64.572,95,0.400,0.293,0.107,0.605,196.721,206.557,120,126,61,61,-31.039,104
2024,7,72,Rutgers,Big Ten,3,2,-10.111,42.517,54,0.600,0.625,-0.025,-0.103,186.441,196.552,110,114,59,58,36.426,36
2024,7,73,UCF,Big 12,2,3,-13.105,-2.742,73,0.400,0.491,-0.091,-0.458,239.623,252.727,127,139,53,55,14.877,64
2024,7,74,North Carolina,ACC,2,4,-13.681,50.924,48,0.333,0.615,-0.282,-1.478,253.425,267.105,185,203,73,76,52.482,22
2024,7,75,West Virginia,Big 12,2,3,-13.906,67.234,38,0.400,0.648,-0.248,-1.297,249.057,262.963,132,142,53,54,72.789,8
2024,7,76,Western Kentucky,Conference USA,3,2,-14.885,39.652,56,0.600,0.617,-0.017,-0.060,231.667,246.552,139,143,60,58,-31.418,105
2024,7,77,Northwestern,Big Ten,2,3,-16.038,47.934,49,0.400,0.647,-0.247,-1.293,162.295,178.333,99,107,61,60,62.071,13
2024,7,78,Eastern Michigan,Mid-American,3,2,-23.563,-111.842,112,0.600,0.239,0.361,1.963,233.333,256.897,140,149,60,58,-77.499,120
2024,7,79,Bowling Green,Mid-American,1,4,-26.443,-4.797,76,0.200,0.487,-0.287,-1.506,196.364,222.807,108,127,55,57,20.748,57
2024,7,80,Arizona,Big 12,2,3,-27.869,0.663,72,0.400,0.502,-0.102,-0.515,216.393,244.262,132,149,61,61,40.546,33
2024,7,81,Old Dominion,Sun Belt,2,4,-28.015,-31.986,82,0.333,0.398,-0.064,-0.314,176.923,204.938,138,166,78,81,-2.691,83
2024,7,82,TCU,Big 12,2,3,-30.508,-37.345,86,0.400,0.431,-0.031,-0.137,283.051,313.559,167,185,59,59,2.930,76
2024,7,83,Baylor,Big 12,1,4,-32.760,10.529,67,0.200,0.527,-0.327,-1.716,198.387,231.148,123,141,62,61,44.212,28
2024,7,84,Fresno State,Mountain West,2,3,-32.875,-105.843,110,0.400,0.149,0.251,1.372,208.197,241.071,127,135,61,56,-49.892,110
2024,7,85,Florida,SEC,2,3,-35.120,22.813,62,0.400,0.558,-0.158,-0.815,215.789,250.909,123,138,57,55,54.697,19
2024,7,86,East Carolina,American Athletic,2,3,-36.418,-139.765,116,0.400,0.146,0.254,1.389,180.000,216.418,117,145,65,67,-100.128,124
2024,7,87,Auburn,SEC,1,4,-36.501,-22.396,78,0.200,0.423,-0.223,-1.164,181.356,217.857,107,122,59,56,17.024,60
2024,7,88,South Alabama,Sun Belt,1,4,-36.842,-99.078,109,0.200,0.245,-0.045,-0.209,231.579,268.421,132,153,57,57,-51.540,112
2024,7,89,Georgia Southern,Sun Belt,3,2,-37.311,20.513,63,0.600,0.556,0.044,0.263,218.750,256.061,140,169,64,66,39.554,35
2024,7,90,Nevada,Mountain West,2,4,-38.660,-3.641,74,0.333,0.491,-0.157,-0.811,229.032,267.692,142,174,62,65,24.565,51
2024,7,91,Ohio,Mid-American,3,2,-44.368,-108.477,111,0.600,0.207,0.393,2.134,186.667,231.034,112,134,60,58,-53.863,114
2024,7,92,Buffalo,Mid-American,3,2,-49.330,-9.914,77,0.600,0.461,0.139,0.774,142.857,192.188,90,123,63,64,3.807,72
2024,7,93,Marshall,Sun Belt,2,3,-52.542,-22.940,79,0.400,0.440,-0.040,-0.186,220.339,272.881,130,161,59,59,16.980,61
2024,7,94,Miami (OH),Mid-American,2,4,-58.184,-53.542,90,0.333,0.324,0.009,0.079,158.209,216.393,106,132,67,61,6.534,69
2024,7,95,Florida Atlantic,American Athletic,1,4,-62.368,-37.233,85,0.200,0.388,-0.188,-0.974,185.965,248.333,106,149,57,60,32.330,39
2024,7,96,Houston,Big 12,2,4,-63.739,-39.930,87,0.333,0.285,0.048,0.289,117.143,180.882,82,123,70,68,26.444,50
2024,7,97,Kansas,Big 12,0,5,-63.840,-23.248,80,0.000,0.421,-0.421,-2.221,215.789,279.630,123,151,57,54,40.870,32
2024,7,98,San Diego State,Mountain West,2,3,-66.277,-145.250,119,0.400,0.109,0.291,1.589,144.068,210.345,85,122,59,58,-76.732,119
2024,7,99,NC State,ACC,2,4,-66.812,-41.360,88,0.333,0.399,-0.065,-0.320,217.910,284.722,146,205,67,72,1.451,78
2024,7,100,New Mexico,Mountain West,2,3,-74.255,-188.084,129,0.400,0.225,0.175,0.966,306.780,381.034,181,221,59,58,-116.061,130
2024,7,101,Michigan State,Big Ten,2,3,-82.456,16.214,65,0.400,0.553,-0.153,-0.789,138.596,221.053,79,126,57,57,97.590,2
2024,7,102,Central Michigan,Mid-American,2,3,-84.107,-151.473,121,0.400,0.144,0.256,1.402,184.746,268.852,109,164,59,61,-78.832,121
2024,7,103,Charlotte,American Athletic,2,3,-85.995,-70.251,98,0.400,0.308,0.092,0.524,201.724,287.719,117,164,58,57,13.325,65
2024,7,104,Georgia State,Sun Belt,1,3,-91.143,-58.764,91,0.250,0.312,-0.062,-0.301,166.000,257.143,83,126,50,49,36.144,37
2024,7,105,Florida State,ACC,1,5,-100.000,-33.884,84,0.167,0.393,-0.226,-1.178,141.270,241.270,89,152,63,63,62.544,12
2024,7,106,Hawai'i,Mountain West,0,4,-109.756,-140.763,117,0.000,0.117,-0.117,-0.598,139.024,248.780,57,102,41,41,-27.171,100
2024,7,107,Troy,Sun Belt,0,5,-115.982,-71.266,99,0.000,0.316,-0.316,-1.660,176.471,292.453,90,155,51,53,41.274,31
2024,7,108,Wake Forest,ACC,1,4,-116.949,-68.395,97,0.200,0.339,-0.139,-0.711,206.780,323.729,122,191,59,59,30.435,43
2024,7,109,Western Michigan,Mid-American,2,3,-120.032,-73.833,100,0.400,0.316,0.084,0.480,201.786,321.818,113,177,56,55,-1.704,81
2024,7,110,Colorado State,Mountain West,2,3,-125.059,-86.564,103,0.400,0.248,0.152,0.843,160.656,285.714,98,160,61,56,3.294,75
2024,7,111,UCLA,Big Ten,1,5,-127.696,-32.923,83,0.167,0.410,-0.243,-1.269,152.632,280.328,87,171,57,61,101.231,1
2024,7,112,UTSA,American Athletic,1,4,-131.292,-152.963,122,0.200,0.099,0.101,0.572,129.577,260.870,92,180,71,69,-73.969,118
2024,7,113,Arkansas State,Sun Belt,2,3,-132.132,-95.085,107,0.400,0.222,0.178,0.984,145.455,277.586,80,161,55,58,2.383,77
2024,7,114,Temple,American Athletic,1,5,-136.842,-66.221,96,0.167,0.277,-0.110,-0.558,148.684,285.526,113,217,76,76,49.797,24
2024,7,115,South Florida,American Athletic,1,4,-141.298,-94.317,106,0.200,0.232,-0.032,-0.141,143.077,284.375,93,182,65,64,28.011,47
2024,7,116,Wyoming,Mountain West,1,4,-146.754,-132.590,115,0.200,0.176,0.024,0.159,155.000,301.754,93,172,60,57,-17.296,93
2024,7,117,Mississippi State,SEC,0,5,-154.857,-61.756,92,0.000,0.365,-0.365,-1.924,207.407,362.264,112,192,54,53,92.881,4
2024,7,118,Air Force,Mountain West,0,5,-156.413,-208.767,131,0.000,0.015,-0.015,-0.050,128.070,284.483,73,165,57,58,-43.231,107
2024,7,119,Stanford,ACC,1,4,-162.040,-91.763,105,0.200,0.218,-0.018,-0.068,139.655,301.695,81,178,58,59,58.339,15
2024,7,120,UTEP,Conference USA,0,5,-165.121,-176.894,127,0.000,0.092,-0.092,-0.462,116.129,281.250,72,180,62,64,-13.658,91
2024,7,121,App State,Sun Belt,1,4,-169.099,-182.019,128,0.200,0.118,0.082,0.468,184.127,353.226,116,219,63,62,-54.508,115
2024,7,122,Tulsa,American Athletic,1,4,-169.231,-159.488,124,0.200,0.095,0.105,0.592,129.231,298.462,84,194,65,65,-12.505,90
2024,7,123,Massachusetts,FBS Independents,0,6,-177.612,-157.703,123,0.000,0.138,-0.138,-0.706,123.881,301.493,83,202,67,67,-9.110,86
2024,7,124,Rice,American Athletic,1,4,-178.627,-167.055,126,0.200,0.116,0.084,0.481,125.373,304.000,84,152,67,50,-81.798,122
2024,7,125,Utah State,Mountain West,0,5,-189.959,-114.403,113,0.000,0.235,-0.235,-1.227,172.727,362.687,114,243,66,67,46.073,27
2024,7,126,Ball State,Mid-American,1,4,-192.807,-120.341,114,0.200,0.221,-0.021,-0.083,210.526,403.333,120,242,57,60,-26.731,99
2024,7,127,Southern Miss,Sun Belt,0,5,-193.189,-219.952,132,0.000,0.050,-0.050,-0.237,120.370,313.559,65,185,54,59,-27.826,101
2024,7,128,New Mexico State,Conference USA,0,5,-196.349,-243.965,133,0.000,0.012,-0.012,-0.032,131.343,327.692,88,213,67,65,-100.540,125
2024,7,129,Kennesaw State,Conference USA,0,4,-213.333,-287.843,134,0.000,0.017,-0.017,-0.061,133.333,346.667,60,156,45,45,-90.545,123
2024,7,130,Akron,Mid-American,0,6,-227.332,-144.014,118,0.000,0.146,-0.146,-0.748,113.514,340.845,84,242,74,71,27.406,48
2024,7,131,Purdue,Big Ten,0,5,-244.151,-87.815,104,0.000,0.286,-0.286,-1.499,152.459,396.610,93,234,61,59,68.886,9
2024,7,132,Middle Tennessee,Conference USA,0,5,-261.404,-203.633,130,0.000,0.130,-0.130,-0.664,121.053,382.456,69,218,57,57,28.909,45
2024,7,133,UAB,American Athletic,0,5,-279.885,-149.736,120,0.000,0.168,-0.168,-0.866,144.643,424.528,81,225,56,53,78.851,5
2024,7,134,Kent State,Mid-American,0,5,-288.620,-161.665,125,0.000,0.149,-0.149,-0.767,141.538,430.159,92,271,65,63,16.793,62
2024,8,1,Army,American Athletic,6,0,353.146,103.894,24,1.000,0.724,0.276,1.450,472.549,119.403,241,80,51,67,-124.172,131
2024,8,2,Ohio State,Big Ten,5,1,288.171,234.997,1,0.833,0.972,-0.139,-0.708,383.824,95.652,261,66,68,69,31.817,43
2024,8,3,Indiana,Big Ten,6,0,248.717,212.732,3,1.000,0.885,0.115,0.609,394.030,145.312,264,93,67,64,4.016,71
2024,8,4,Navy,American Athletic,5,0,243.548,139.771,15,1.000,0.751,0.249,1.305,400.000,156.452,220,97,55,62,-105.291,125
2024,8,5,Texas,SEC,6,1,243.049,164.399,7,0.857,0.945,-0.088,-0.443,318.605,75.556,274,68,86,90,-5.225,83
2024,8,6,Notre Dame,FBS Independents,6,1,195.122,148.683,14,0.857,0.903,-0.046,-0.227,295.122,100.000,242,83,82,83,8.545,66
2024,8,7,Ole Miss,SEC,4,2,186.411,167.706,4,0.667,0.939,-0.273,-1.405,289.189,102.778,214,74,74,72,28.234,49
2024,8,8,Miami,ACC,6,0,181.241,153.935,12,1.000,0.802,0.198,1.042,397.183,215.942,282,149,71,69,24.982,53
2024,8,9,Penn State,Big Ten,6,0,176.760,149.860,13,1.000,0.884,0.116,0.614,310.606,133.846,205,87,66,65,12.582,62
2024,8,10,Oregon,Big Ten,6,0,165.998,215.578,2,1.000,0.931,0.069,0.370,325.373,159.375,218,102,67,64,58.853,16
2024,8,11,James Madison,Sun Belt,4,2,155.405,90.650,29,0.667,0.758,-0.091,-0.461,317.568,162.162,235,120,74,74,-19.045,92
2024,8,12,Tennessee,SEC,5,1,154.924,104.294,23,0.833,0.884,-0.051,-0.251,253.659,98.734,208,78,82,79,15.695,59
2024,8,13,Clemson,ACC,6,1,143.712,93.775,27,0.857,0.728,0.129,0.682,326.667,182.955,294,161,90,88,-16.532,90
2024,8,14,Iowa State,Big 12,6,0,139.231,138.461,16,1.000,0.874,0.126,0.669,275.342,136.111,201,98,73,72,5.964,69
2024,8,15,SMU,ACC,5,1,138.248,157.402,10,0.833,0.848,-0.014,-0.061,313.889,175.641,226,137,72,78,19.254,58
2024,8,16,Alabama,SEC,5,2,138.156,157.433,9,0.714,0.848,-0.133,-0.680,296.667,158.511,267,149,90,94,73.608,10
2024,8,17,Tulane,American Athletic,4,2,134.192,38.644,48,0.667,0.602,0.065,0.352,319.718,185.526,227,141,71,76,-54.682,112
2024,8,18,UNLV,Mountain West,5,1,126.351,69.773,41,0.833,0.701,0.132,0.699,323.611,197.260,233,144,72,73,-25.032,98
2024,8,19,BYU,Big 12,6,0,123.333,154.013,11,1.000,0.856,0.144,0.760,290.000,166.667,203,120,70,72,20.129,57
2024,8,20,Boise State,Mountain West,4,1,117.136,160.693,8,0.800,0.870,-0.070,-0.349,351.562,234.426,225,143,64,61,37.121,35
2024,8,21,LSU,SEC,5,1,106.894,165.363,6,0.833,0.850,-0.017,-0.075,282.609,175.714,195,123,69,70,56.123,19
2024,8,22,Texas State,Sun Belt,3,3,94.755,14.963,65,0.500,0.539,-0.039,-0.191,290.278,195.522,209,131,72,67,-54.555,111
2024,8,23,Liberty,Conference USA,4,0,92.277,-50.820,92,1.000,0.374,0.626,3.269,253.061,160.784,124,82,49,51,-143.700,133
2024,8,24,Georgia,SEC,5,1,91.080,166.049,5,0.833,0.879,-0.046,-0.225,257.746,166.667,183,115,71,69,71.507,12
2024,8,25,Virginia Tech,ACC,4,3,87.485,121.520,18,0.571,0.802,-0.230,-1.185,274.390,186.905,225,157,82,84,33.896,41
2024,8,26,Missouri,SEC,5,1,83.992,49.691,44,0.833,0.655,0.178,0.940,244.286,160.294,171,109,70,68,-4.561,82
2024,8,27,Pittsburgh,ACC,5,0,82.759,85.232,34,1.000,0.706,0.294,1.542,296.552,213.793,172,124,58,58,7.124,67
2024,8,28,Cincinnati,Big 12,4,2,82.076,90.886,28,0.667,0.736,-0.070,-0.349,264.615,182.540,172,115,65,63,23.605,54
2024,8,29,Wisconsin,Big Ten,4,2,79.737,85.859,33,0.667,0.770,-0.104,-0.526,234.667,154.930,176,110,75,71,38.900,31
2024,8,30,Arizona State,Big 12,5,2,79.730,70.666,39,0.714,0.676,0.038,0.213,279.730,200.000,207,162,74,81,3.471,72
2024,8,31,Memphis,American Athletic,5,1,79.547,11.703,68,0.833,0.534,0.299,1.569,272.603,193.056,199,139,73,72,-58.615,116
2024,8,32,Washington State,Pac-12,5,1,79.421,79.393,35,0.833,0.677,0.156,0.827,294.286,214.865,206,159,70,74,-2.864,80
2024,8,33,South Carolina,SEC,4,3,75.031,123.106,17,0.571,0.839,-0.268,-1.380,222.222,147.191,200,131,90,89,64.504,14
2024,8,34,Jacksonville State,Conference USA,3,3,74.407,-89.049,104,0.500,0.289,0.211,1.111,314.667,240.260,236,185,75,77,-129.508,132
2024,8,35,Colorado,Big 12,4,2,74.027,99.152,26,0.667,0.761,-0.095,-0.479,248.000,173.973,186,127,75,73,28.586,48
2024,8,36,Kansas State,Big 12,5,1,73.262,117.429,20,0.833,0.773,0.060,0.326,282.353,209.091,192,138,68,66,47.791,21
2024,8,37,Illinois,Big Ten,5,1,69.738,78.407,36,0.833,0.696,0.138,0.728,274.576,204.839,162,127,59,62,15.423,60
2024,8,38,Texas A&M,SEC,5,1,68.094,114.032,21,0.833,0.799,0.034,0.192,243.478,175.385,168,114,69,65,45.675,22
2024,8,39,USC,Big Ten,3,4,65.298,120.931,19,0.429,0.844,-0.416,-2.149,255.422,190.123,212,154,83,81,77.408,7
2024,8,40,Toledo,Mid-American,4,2,63.034,36.115,53,0.667,0.610,0.057,0.308,219.444,156.410,158,122,72,78,-39.867,104
2024,8,41,Louisiana,Sun Belt,5,1,57.252,-48.473,91,0.833,0.393,0.440,2.301,315.873,258.621,199,150,63,58,-114.525,129
2024,8,42,San José State,Mountain West,4,2,55.538,-58.791,95,0.667,0.350,0.316,1.658,244.000,188.462,183,147,75,78,-112.373,128
2024,8,43,Syracuse,ACC,4,1,51.923,34.690,55,0.800,0.575,0.225,1.182,309.615,257.692,161,134,52,52,-20.245,93
2024,8,44,Nebraska,Big Ten,4,2,45.868,103.783,25,0.667,0.830,-0.163,-0.836,223.810,177.941,141,121,63,68,34.887,40
2024,8,45,Duke,ACC,5,1,44.578,12.659,67,0.833,0.549,0.285,1.493,186.747,142.169,155,118,83,83,-24.843,97
2024,8,46,UConn,FBS Independents,3,3,43.902,18.146,62,0.500,0.557,-0.057,-0.282,209.756,165.854,172,136,82,82,-26.554,99
2024,8,47,Louisville,ACC,3,3,40.932,108.791,22,0.500,0.741,-0.241,-1.239,298.507,257.576,200,170,67,66,72.652,11
2024,8,48,Texas Tech,Big 12,4,2,38.074,64.509,42,0.667,0.665,0.001,0.020,284.416,246.341,219,202,77,82,35.378,38
2024,8,49,Vanderbilt,SEC,4,2,34.921,87.308,31,0.667,0.691,-0.024,-0.114,280.952,246.032,177,155,63,63,39.734,30
2024,8,50,California,ACC,2,4,28.634,29.787,58,0.333,0.601,-0.268,-1.379,190.278,161.644,137,118,72,73,-0.865,78
2024,8,51,Sam Houston,Conference USA,5,2,25.812,-55.083,94,0.714,0.361,0.353,1.850,232.955,207.143,205,174,88,84,-78.517,121
2024,8,52,Washington,Big Ten,3,3,24.569,48.135,45,0.500,0.662,-0.162,-0.828,203.030,178.462,134,116,66,65,23.401,55
2024,8,53,Iowa,Big Ten,3,3,24.286,90.401,30,0.500,0.718,-0.218,-1.121,221.429,197.143,155,138,70,70,69.517,13
2024,8,54,Minnesota,Big Ten,3,3,24.242,70.421,40,0.500,0.746,-0.246,-1.264,192.424,168.182,127,111,66,66,40.678,28
2024,8,55,Maryland,Big Ten,3,3,20.158,72.054,38,0.500,0.706,-0.206,-1.057,212.658,192.500,168,154,79,80,75.360,9
2024,8,56,Kentucky,SEC,3,4,14.145,73.102,37,0.429,0.722,-0.293,-1.510,204.286,190.141,143,135,70,71,41.126,27
2024,8,57,Florida,SEC,3,3,11.933,86.398,32,0.500,0.713,-0.213,-1.092,244.286,232.353,171,158,70,68,77.071,8
2024,8,58,Western Kentucky,Conference USA,4,2,11.825,47.560,46,0.667,0.635,0.032,0.178,236.111,224.286,170,157,72,70,-35.277,102
2024,8,59,North Texas,American Athletic,4,2,11.152,-26.077,83,0.667,0.447,0.219,1.154,306.024,294.872,254,230,83,78,-68.748,119
2024,8,60,Utah,Big 12,3,3,10.589,8.849,70,0.500,0.572,-0.072,-0.361,152.564,141.975,119,115,78,81,2.686,73
2024,8,61,Oregon State,Pac-12,3,3,9.524,-3.413,74,0.500,0.492,0.008,0.054,276.190,266.667,174,176,63,66,-7.672,86
2024,8,62,Bowling Green,Mid-American,2,4,8.739,3.941,71,0.333,0.511,-0.178,-0.911,201.493,192.754,135,133,67,69,-3.938,81
2024,8,63,Northern Illinois,Mid-American,3,3,6.399,1.486,72,0.500,0.506,-0.006,-0.016,150.685,144.286,110,101,73,70,-6.862,84
2024,8,64,Oklahoma,SEC,4,3,2.923,19.275,61,0.571,0.556,0.016,0.096,168.478,165.556,155,149,92,90,35.356,39
2024,8,65,Michigan,Big Ten,4,3,0.719,32.560,57,0.571,0.589,-0.018,-0.078,189.744,189.024,148,155,78,82,40.064,29
2024,8,66,UL Monroe,Sun Belt,4,1,-1.482,-15.166,78,0.800,0.447,0.353,1.846,184.483,185.965,107,106,58,57,-52.660,110
2024,8,67,Baylor,Big 12,2,4,-1.622,35.322,54,0.333,0.577,-0.243,-1.252,239.474,241.096,182,176,76,73,41.764,25
2024,8,68,Louisiana Tech,Conference USA,1,4,-3.279,-146.746,121,0.200,0.166,0.034,0.189,200.000,203.279,128,124,64,61,-147.443,134
2024,8,69,Virginia,ACC,3,3,-3.767,37.689,50,0.500,0.613,-0.113,-0.575,225.000,228.767,162,167,72,73,37.691,33
2024,8,70,Georgia Tech,ACC,4,3,-4.146,27.251,59,0.571,0.565,0.007,0.047,255.556,259.701,184,174,72,67,33.321,42
2024,8,71,South Alabama,Sun Belt,2,4,-10.302,-77.405,101,0.333,0.276,0.058,0.312,221.127,231.429,157,162,71,70,-56.013,115
2024,8,72,UCF,Big 12,2,4,-11.051,42.426,47,0.333,0.616,-0.283,-1.455,234.783,245.833,162,177,69,72,57.906,17
2024,8,73,Oklahoma State,Big 12,2,4,-11.842,-5.314,75,0.333,0.487,-0.154,-0.787,226.316,238.158,172,181,76,76,25.095,52
2024,8,74,Rutgers,Big Ten,3,3,-13.321,37.013,52,0.500,0.599,-0.099,-0.502,205.797,219.118,142,149,69,68,36.937,36
2024,8,75,Old Dominion,Sun Belt,3,4,-13.630,-1.979,73,0.429,0.493,-0.065,-0.324,182.022,195.652,162,180,89,92,10.144,65
2024,8,76,North Carolina,ACC,2,4,-13.681,34.432,56,0.333,0.579,-0.246,-1.265,253.425,267.105,185,203,73,76,35.989,37
2024,8,77,Kansas,Big 12,1,5,-15.165,16.603,63,0.167,0.543,-0.377,-1.946,242.647,257.812,165,165,68,64,29.732,46
2024,8,78,Arkansas,SEC,3,3,-15.278,10.705,69,0.500,0.531,-0.031,-0.146,191.667,206.944,138,149,72,72,28.831,47
2024,8,79,Coastal Carolina,Sun Belt,3,3,-16.226,-24.633,80,0.500,0.444,0.056,0.303,257.746,273.973,183,200,71,73,-15.593,89
2024,8,80,Georgia Southern,Sun Belt,4,2,-16.610,59.061,43,0.667,0.659,0.008,0.053,221.053,237.662,168,183,76,77,57.252,18
2024,8,81,Florida International,Conference USA,2,4,-19.737,-98.486,108,0.333,0.192,0.141,0.746,185.526,205.263,141,156,76,76,-60.542,117
2024,8,82,TCU,Big 12,3,3,-19.770,-12.379,77,0.500,0.474,0.026,0.147,243.243,263.014,180,192,74,73,15.072,61
2024,8,83,Eastern Michigan,Mid-American,4,2,-20.413,-124.287,114,0.667,0.216,0.451,2.356,237.333,257.746,178,183,75,71,-94.301,124
2024,8,84,Marshall,Sun Belt,3,3,-22.857,16.068,64,0.500,0.541,-0.041,-0.202,235.714,258.571,165,181,70,70,26.608,50
2024,8,85,Fresno State,Mountain West,3,3,-23.114,-97.560,106,0.500,0.137,0.363,1.900,209.722,232.836,151,156,72,67,-55.479,114
2024,8,86,Boston College,ACC,3,3,-32.032,13.525,66,0.500,0.538,-0.038,-0.184,191.045,223.077,128,145,67,65,42.241,23
2024,8,87,Auburn,SEC,1,5,-32.598,-34.305,85,0.167,0.353,-0.186,-0.954,174.648,207.246,124,143,71,69,1.857,76
2024,8,88,Miami (OH),Mid-American,3,4,-35.405,-54.955,93,0.429,0.336,0.093,0.497,170.000,205.405,136,152,80,74,-14.450,87
2024,8,89,Nevada,Mountain West,2,5,-37.239,-25.949,82,0.286,0.437,-0.151,-0.773,223.288,260.526,163,198,73,76,2.124,75
2024,8,90,Northwestern,Big Ten,2,4,-40.244,25.325,60,0.333,0.586,-0.252,-1.299,137.838,178.082,102,130,74,73,62.747,15
2024,8,91,Buffalo,Mid-American,3,3,-49.710,-37.722,87,0.500,0.379,0.121,0.642,172.368,222.078,131,171,76,77,-17.313,91
2024,8,92,East Carolina,American Athletic,2,4,-49.717,-102.232,110,0.333,0.229,0.105,0.557,190.789,240.506,145,190,76,79,-49.125,107
2024,8,93,Ohio,Mid-American,3,3,-50.164,-107.668,112,0.500,0.208,0.292,1.533,180.822,230.986,132,164,73,71,-49.336,108
2024,8,94,NC State,ACC,3,4,-53.045,-21.982,79,0.429,0.443,-0.015,-0.064,215.190,268.235,170,228,79,85,11.417,64
2024,8,95,West Virginia,Big 12,2,4,-53.317,38.173,49,0.333,0.593,-0.259,-1.334,234.375,287.692,150,187,64,65,83.712,6
2024,8,96,Michigan State,Big Ten,3,3,-54.675,37.339,51,0.500,0.616,-0.116,-0.590,163.235,217.910,111,146,68,67,90.001,5
2024,8,97,Arizona,Big 12,2,4,-59.459,-37.919,88,0.333,0.364,-0.030,-0.145,187.838,247.297,139,183,74,74,29.931,44
2024,8,98,Florida Atlantic,American Athletic,1,5,-66.235,-86.551,103,0.167,0.257,-0.090,-0.456,183.099,249.333,130,187,71,75,-14.931,88
2024,8,99,San Diego State,Mountain West,2,3,-66.277,-147.720,122,0.400,0.106,0.294,1.542,144.068,210.345,85,122,59,58,-79.203,122
2024,8,100,Central Michigan,Mid-American,2,4,-67.178,-142.073,118,0.333,0.175,0.158,0.837,198.611,265.789,143,202,72,76,-82.906,123
2024,8,101,New Mexico,Mountain West,3,3,-70.753,-264.364,133,0.500,0.258,0.242,1.273,372.581,443.333,231,266,62,60,-107.123,127
2024,8,102,Arkansas State,Sun Belt,3,3,-82.121,-104.285,111,0.500,0.238,0.262,1.375,187.879,270.000,124,189,66,70,-50.839,109
2024,8,103,Western Michigan,Mid-American,3,3,-87.255,-39.109,89,0.500,0.411,0.089,0.478,233.333,320.588,161,218,69,68,12.024,63
2024,8,104,Colorado State,Mountain West,3,3,-87.711,-89.522,105,0.500,0.257,0.243,1.274,163.014,250.725,119,173,73,69,-27.141,100
2024,8,105,Houston,Big 12,2,5,-88.861,-66.251,97,0.286,0.257,0.029,0.162,120.000,208.861,96,165,80,79,25.186,51
2024,8,106,Florida State,ACC,1,6,-90.909,-40.352,90,0.143,0.373,-0.230,-1.184,136.364,227.273,105,175,77,77,49.443,20
2024,8,107,Wake Forest,ACC,2,4,-91.667,-37.369,86,0.333,0.404,-0.071,-0.355,201.389,293.056,145,211,72,72,41.143,26
2024,8,108,UTSA,American Athletic,2,4,-94.620,-124.402,115,0.333,0.174,0.160,0.844,151.163,245.783,130,204,86,83,-72.225,120
2024,8,109,Georgia State,Sun Belt,1,4,-99.481,-65.658,96,0.200,0.309,-0.109,-0.551,168.852,268.333,103,161,61,60,37.542,34
2024,8,110,South Florida,American Athletic,2,4,-100.725,-98.921,109,0.333,0.205,0.128,0.678,158.025,258.750,128,207,81,80,-7.397,85
2024,8,111,UCLA,Big Ten,2,5,-103.826,-8.304,76,0.286,0.478,-0.193,-0.988,182.090,285.915,122,203,67,71,102.400,3
2024,8,112,Temple,American Athletic,2,5,-109.783,-82.394,102,0.286,0.177,0.109,0.577,151.136,260.920,133,227,88,87,6.227,68
2024,8,113,Troy,Sun Belt,0,6,-113.969,-112.249,113,0.000,0.206,-0.206,-1.056,154.688,268.657,99,180,64,67,-0.242,77
2024,8,114,UTEP,Conference USA,1,5,-121.963,-149.791,123,0.167,0.128,0.039,0.216,132.468,254.430,102,201,77,79,-23.761,96
2024,8,115,Charlotte,American Athletic,2,4,-123.581,-70.277,100,0.333,0.301,0.032,0.182,183.562,307.143,134,215,73,70,38.173,32
2024,8,116,Mississippi State,SEC,0,6,-131.819,-25.365,81,0.000,0.446,-0.446,-2.305,215.873,347.692,136,226,63,65,106.276,1
2024,8,117,Wyoming,Mountain West,1,5,-133.390,-146.146,119,0.167,0.139,0.028,0.157,142.667,276.056,107,196,75,71,-37.052,103
2024,8,118,Air Force,Mountain West,0,6,-142.857,-214.401,130,0.000,0.000,-0.000,0.013,122.857,265.714,86,186,70,70,-63.955,118
2024,8,119,Hawai'i,Mountain West,0,5,-145.551,-134.169,117,0.000,0.138,-0.138,-0.704,131.373,276.923,67,144,51,52,5.796,70
2024,8,120,New Mexico State,Conference USA,1,5,-150.585,-224.291,131,0.167,0.005,0.162,0.855,153.165,303.750,121,243,79,80,-117.270,130
2024,8,121,Tulsa,American Athletic,1,5,-154.238,-178.599,128,0.167,0.049,0.118,0.624,123.684,277.922,94,214,76,77,-43.487,105
2024,8,122,Rice,American Athletic,1,5,-163.316,-146.316,120,0.167,0.111,0.055,0.301,116.049,279.365,94,176,81,63,-55.474,113
2024,8,123,App State,Sun Belt,1,4,-169.099,-151.164,124,0.200,0.163,0.037,0.206,184.127,353.226,116,219,63,62,-23.653,95
2024,8,124,Stanford,ACC,1,5,-173.973,-68.597,99,0.167,0.276,-0.110,-0.557,124.658,298.630,91,218,73,73,90.615,4
2024,8,125,Massachusetts,FBS Independents,0,6,-177.612,-170.205,126,0.000,0.119,-0.119,-0.607,123.881,301.493,83,202,67,67,-21.612,94
2024,8,126,Kennesaw State,Conference USA,0,5,-177.966,-277.611,134,0.000,0.006,-0.006,-0.019,110.169,288.136,65,170,59,59,-106.915,126
2024,8,127,Ball State,Mid-American,1,5,-182.477,-97.685,107,0.167,0.246,-0.080,-0.401,203.030,385.507,134,266,66,69,-1.157,79
2024,8,128,Utah State,Mountain West,0,6,-184.748,-34.260,84,0.000,0.458,-0.458,-2.368,233.824,418.571,159,293,68,70,2.248,74
2024,8,129,Southern Miss,Sun Belt,0,6,-186.234,-235.015,132,0.000,0.053,-0.053,-0.263,140.909,327.143,93,229,66,70,-47.132,106
2024,8,130,Middle Tennessee,Conference USA,1,5,-197.183,-213.859,129,0.167,0.081,0.086,0.459,116.901,314.085,83,223,71,71,-30.788,101
2024,8,131,Akron,Mid-American,0,6,-227.332,-129.373,116,0.000,0.169,-0.169,-0.864,113.514,340.845,84,242,74,71,42.046,24
2024,8,132,UAB,American Athletic,0,6,-229.589,-171.084,127,0.000,0.132,-0.132,-0.674,147.222,376.812,106,260,72,69,29.821,45
2024,8,133,Purdue,Big Ten,0,6,-253.300,-68.193,98,0.000,0.323,-0.323,-1.666,130.986,384.286,93,269,71,70,104.816,2
2024,8,134,Kent State,Mid-American,0,6,-270.061,-157.656,125,0.000,0.135,-0.135,-0.690,127.273,397.333,98,298,77,75,20.226,56
2024,9,1,Army,American Athletic,6,0,353.146,100.072,27,1.000,0.728,0.272,1.470,472.549,119.403,241,80,51,67,-127.994,131
2024,9,2,Ohio State,Big Ten,6,1,250.031,223.830,1,0.857,0.959,-0.102,-0.533,352.500,102.469,282,83,80,81,44.914,33
2024,9,3,Indiana,Big Ten,7,0,231.538,200.253,3,1.000,0.874,0.126,0.688,378.205,146.667,295,110,78,75,3.172,75
2024,9,4,Texas,SEC,7,1,216.947,149.761,12,0.875,0.915,-0.040,-0.204,307.143,90.196,301,92,98,102,-1.785,77
2024,9,5,Notre Dame,FBS Independents,7,1,210.753,174.443,4,0.875,0.932,-0.057,-0.294,315.054,104.301,293,97,93,93,21.595,58
2024,9,6,Miami,ACC,7,0,185.812,166.991,7,1.000,0.813,0.187,1.012,397.500,211.688,318,163,80,77,24.317,55
2024,9,7,Oregon,Big Ten,7,0,180.205,223.706,2,1.000,0.945,0.055,0.308,328.205,148.000,256,111,78,75,53.007,24
2024,9,8,Ole Miss,SEC,5,2,175.540,147.156,13,0.714,0.915,-0.201,-1.063,279.070,103.529,240,88,86,85,12.040,68
2024,9,9,Penn State,Big Ten,7,0,175.000,173.612,5,1.000,0.916,0.084,0.460,306.579,131.579,233,100,76,76,32.828,42
2024,9,10,Navy,American Athletic,5,1,157.260,94.780,30,0.833,0.687,0.146,0.793,360.000,202.740,234,148,65,73,-69.135,119
2024,9,11,Tennessee,SEC,5,1,154.924,114.447,21,0.833,0.899,-0.066,-0.340,253.659,98.734,208,78,82,79,25.849,54
2024,9,12,Alabama,SEC,6,2,154.532,170.322,6,0.750,0.878,-0.128,-0.673,295.098,140.566,301,149,102,106,67.808,14
2024,9,13,James Madison,Sun Belt,5,2,151.724,57.338,40,0.714,0.679,0.035,0.200,303.409,151.685,267,135,88,89,-55.054,112
2024,9,14,Clemson,ACC,6,1,143.712,89.143,31,0.857,0.721,0.136,0.739,326.667,182.955,294,161,90,88,-21.165,88
2024,9,15,Iowa State,Big 12,6,0,139.231,150.241,11,1.000,0.897,0.103,0.564,275.342,136.111,201,98,73,72,17.744,62
2024,9,16,BYU,Big 12,7,0,122.802,154.685,10,1.000,0.840,0.160,0.869,296.296,173.494,240,144,81,83,23.045,57
2024,9,17,SMU,ACC,6,1,120.563,135.572,18,0.857,0.810,0.047,0.264,298.824,178.261,254,164,85,92,13.941,67
2024,9,18,Pittsburgh,ACC,6,0,120.278,144.204,15,1.000,0.828,0.172,0.932,313.235,192.958,213,137,68,71,27.448,52
2024,9,19,Tulane,American Athletic,5,2,120.000,39.185,50,0.714,0.602,0.112,0.613,320.000,200.000,272,178,85,89,-46.068,106
2024,9,20,UNLV,Mountain West,5,2,107.462,76.923,35,0.714,0.712,0.002,0.024,313.415,205.952,257,173,82,84,-0.962,76
2024,9,21,Boise State,Mountain West,5,1,103.455,144.855,14,0.833,0.833,0.001,0.015,338.667,235.211,254,167,75,71,37.939,38
2024,9,22,Texas State,Sun Belt,3,3,94.755,24.798,59,0.500,0.566,-0.066,-0.341,290.278,195.522,209,131,72,67,-44.721,104
2024,9,23,Jacksonville State,Conference USA,4,3,91.427,-71.739,98,0.571,0.331,0.241,1.301,327.059,235.632,278,205,85,87,-137.846,132
2024,9,24,Georgia,SEC,5,1,91.080,165.012,8,0.833,0.881,-0.048,-0.246,257.746,166.667,183,115,71,69,70.470,9
2024,9,25,Virginia Tech,ACC,5,3,87.282,124.953,20,0.625,0.836,-0.211,-1.121,253.608,166.327,246,163,97,98,36.139,40
2024,9,26,USC,Big Ten,4,4,81.909,135.905,17,0.500,0.858,-0.358,-1.907,273.118,191.209,254,174,93,91,70.323,10
2024,9,27,Arizona State,Big 12,5,2,79.730,71.018,38,0.714,0.673,0.041,0.233,279.730,200.000,207,162,74,81,3.823,74
2024,9,28,Colorado,Big 12,5,2,75.897,109.503,24,0.714,0.761,-0.047,-0.239,258.824,182.927,220,150,85,82,36.955,39
2024,9,29,South Carolina,SEC,4,3,75.031,126.941,19,0.571,0.841,-0.270,-1.433,222.222,147.191,200,131,90,89,68.339,12
2024,9,30,Texas A&M,SEC,6,1,74.775,143.243,16,0.857,0.854,0.003,0.026,248.193,173.418,206,137,83,79,69.346,11
2024,9,31,Memphis,American Athletic,6,1,74.132,0.137,70,0.857,0.500,0.357,1.922,272.941,198.810,232,167,85,84,-66.088,117
2024,9,32,Liberty,Conference USA,4,1,72.159,-94.398,106,0.800,0.279,0.521,2.800,250.847,178.689,148,109,59,61,-162.702,134
2024,9,33,LSU,SEC,5,2,70.984,159.857,9,0.714,0.847,-0.132,-0.697,262.651,191.667,218,161,83,84,81.529,5
2024,9,34,Washington State,Pac-12,6,1,68.938,56.365,41,0.857,0.630,0.227,1.228,286.585,217.647,235,185,82,85,-14.899,83
2024,9,35,California,ACC,3,4,65.633,78.814,34,0.429,0.766,-0.338,-1.798,218.072,152.439,181,125,83,82,18.197,61
2024,9,36,Kansas State,Big 12,6,1,61.301,110.210,23,0.857,0.771,0.086,0.471,272.840,211.538,221,165,81,78,50.795,26
2024,9,37,Cincinnati,Big 12,4,3,59.404,94.929,29,0.571,0.738,-0.167,-0.882,263.514,204.110,195,149,74,73,49.323,28
2024,9,38,Louisiana,Sun Belt,5,1,57.252,-38.454,85,0.833,0.415,0.418,2.252,315.873,258.621,199,150,63,58,-104.505,127
2024,9,39,Minnesota,Big Ten,4,3,55.478,106.393,25,0.571,0.811,-0.239,-1.271,227.273,171.795,175,134,77,78,45.943,31
2024,9,40,Wisconsin,Big Ten,4,3,49.397,74.832,37,0.571,0.735,-0.163,-0.863,219.767,170.370,189,138,86,81,57.699,20
2024,9,41,Iowa,Big Ten,4,3,48.459,105.024,26,0.571,0.754,-0.182,-0.966,229.412,180.952,195,152,85,84,63.314,17
2024,9,42,UConn,FBS Independents,4,3,44.330,-19.582,77,0.571,0.431,0.140,0.762,194.845,150.515,189,146,97,97,-64.562,116
2024,9,43,Louisville,ACC,4,3,42.500,99.699,28,0.571,0.728,-0.157,-0.829,288.750,246.250,231,197,80,80,62.207,19
2024,9,44,Duke,ACC,5,2,35.546,23.866,60,0.714,0.586,0.128,0.696,187.629,152.083,182,146,97,96,-5.061,81
2024,9,45,Toledo,Mid-American,4,3,33.325,-6.888,75,0.571,0.480,0.092,0.502,216.471,183.146,184,163,85,89,-47.339,107
2024,9,46,Nebraska,Big Ten,4,3,33.167,110.994,22,0.571,0.852,-0.281,-1.492,210.667,177.500,158,142,75,80,56.702,21
2024,9,47,Bowling Green,Mid-American,3,4,31.739,39.658,49,0.429,0.605,-0.176,-0.933,225.641,193.902,176,159,78,82,8.229,71
2024,9,48,Texas Tech,Big 12,4,3,31.147,53.821,43,0.571,0.644,-0.073,-0.379,278.022,246.875,253,237,91,96,29.872,49
2024,9,49,Missouri,SEC,5,2,29.787,29.864,56,0.714,0.605,0.110,0.599,208.537,178.750,171,143,82,80,16.696,64
2024,9,50,Sam Houston,Conference USA,6,2,26.645,-49.575,90,0.750,0.366,0.384,2.067,217.172,190.526,215,181,99,95,-73.488,122
2024,9,51,South Alabama,Sun Belt,3,4,26.004,-30.119,81,0.429,0.410,0.018,0.108,241.667,215.663,203,179,84,83,-42.552,99
2024,9,52,Arkansas,SEC,4,3,25.882,42.700,48,0.571,0.620,-0.048,-0.248,230.588,204.706,196,174,85,85,27.468,51
2024,9,53,Vanderbilt,SEC,4,3,25.333,87.463,33,0.571,0.689,-0.118,-0.619,268.000,242.667,201,182,75,75,50.256,27
2024,9,54,North Carolina,ACC,3,4,22.457,76.436,36,0.429,0.672,-0.243,-1.290,269.048,246.591,226,217,84,88,41.191,36
2024,9,55,San José State,Mountain West,4,3,21.516,-94.968,108,0.571,0.279,0.293,1.578,219.318,197.802,193,180,88,91,-115.620,130
2024,9,56,Illinois,Big Ten,5,2,18.258,70.948,39,0.714,0.678,0.036,0.203,244.286,226.027,171,165,70,73,53.326,23
2024,9,57,Old Dominion,Sun Belt,4,4,17.407,34.596,54,0.500,0.608,-0.108,-0.569,206.931,189.524,209,199,101,105,14.514,66
2024,9,58,Miami (OH),Mid-American,4,4,15.116,-35.537,84,0.500,0.388,0.112,0.610,200.000,184.884,182,159,91,86,-32.576,94
2024,9,59,Florida,SEC,3,3,11.933,89.085,32,0.500,0.721,-0.221,-1.173,244.286,232.353,171,158,70,68,79.758,6
2024,9,60,Western Kentucky,Conference USA,4,2,11.825,38.379,51,0.667,0.609,0.058,0.321,236.111,224.286,170,157,72,70,-44.458,102
2024,9,61,Fresno State,Mountain West,4,3,8.971,-77.013,101,0.571,0.208,0.364,1.958,216.471,207.500,184,166,85,80,-66.219,118
2024,9,62,Michigan,Big Ten,5,3,8.498,47.958,46,0.625,0.633,-0.008,-0.032,195.455,186.957,172,172,88,92,45.774,32
2024,9,63,Utah,Big 12,3,4,7.206,-0.002,71,0.429,0.500,-0.071,-0.371,146.154,138.947,133,132,91,95,-3.323,80
2024,9,64,Baylor,Big 12,3,4,7.191,37.005,52,0.429,0.586,-0.157,-0.832,247.191,240.000,220,204,89,85,34.102,41
2024,9,65,North Texas,American Athletic,4,3,4.212,-17.170,76,0.571,0.465,0.106,0.580,303.125,298.913,291,275,96,92,-48.487,108
2024,9,66,Northern Illinois,Mid-American,3,4,2.812,-24.370,79,0.429,0.406,0.022,0.130,156.471,153.659,133,126,85,82,-29.145,93
2024,9,67,Washington,Big Ten,3,4,2.683,47.923,47,0.429,0.662,-0.234,-1.240,196.104,193.421,151,147,77,76,44.904,34
2024,9,68,Louisiana Tech,Conference USA,2,4,0.854,-148.034,123,0.333,0.136,0.198,1.069,184.416,183.562,142,134,77,73,-152.675,133
2024,9,69,Ohio,Mid-American,4,3,-1.205,-59.199,93,0.571,0.339,0.232,1.256,215.663,216.867,179,180,83,83,-53.009,110
2024,9,70,Kentucky,SEC,3,5,-2.625,55.706,42,0.375,0.670,-0.295,-1.568,193.671,196.296,153,159,79,81,43.838,35
2024,9,71,Oklahoma,SEC,4,4,-10.616,25.311,58,0.500,0.577,-0.077,-0.399,160.952,171.569,169,175,105,102,53.004,25
2024,9,72,Kansas,Big 12,1,6,-11.948,36.911,53,0.143,0.599,-0.456,-2.432,240.000,251.948,192,194,80,77,47.889,29
2024,9,73,Maryland,Big Ten,3,4,-12.088,25.800,57,0.429,0.569,-0.141,-0.742,209.890,221.978,191,202,91,91,63.590,16
2024,9,74,Auburn,SEC,2,5,-13.438,8.074,64,0.286,0.530,-0.244,-1.298,182.716,196.154,148,153,81,78,20.657,59
2024,9,75,Syracuse,ACC,4,2,-14.566,10.927,63,0.667,0.525,0.142,0.771,267.692,282.258,174,175,65,62,16.815,63
2024,9,76,East Carolina,American Athletic,3,4,-14.965,-75.098,100,0.429,0.307,0.121,0.662,223.333,238.298,201,224,90,94,-54.340,111
2024,9,77,TCU,Big 12,4,3,-15.452,0.622,69,0.571,0.501,0.070,0.386,244.318,259.770,215,226,88,87,23.132,56
2024,9,78,Coastal Carolina,Sun Belt,3,3,-16.226,-32.457,82,0.500,0.425,0.075,0.411,257.746,273.973,183,200,71,73,-23.417,91
2024,9,79,Georgia Tech,ACC,4,4,-16.875,29.902,55,0.500,0.577,-0.077,-0.400,220.930,237.805,190,195,86,82,47.357,30
2024,9,80,Oklahoma State,Big 12,2,5,-18.795,-2.650,73,0.286,0.493,-0.208,-1.101,227.273,246.067,200,219,88,89,31.839,47
2024,9,81,Florida International,Conference USA,2,5,-20.690,-108.112,112,0.286,0.154,0.131,0.714,170.115,190.805,148,166,87,87,-71.693,120
2024,9,82,Eastern Michigan,Mid-American,4,3,-22.263,-126.175,119,0.571,0.213,0.359,1.933,231.395,253.659,199,208,86,82,-95.278,125
2024,9,83,Marshall,Sun Belt,3,3,-22.857,6.078,67,0.500,0.516,-0.016,-0.073,235.714,258.571,165,181,70,70,16.618,65
2024,9,84,UCF,Big 12,2,5,-25.331,48.348,45,0.286,0.628,-0.343,-1.824,232.500,257.831,186,214,80,83,78.499,7
2024,9,85,Boston College,ACC,3,4,-34.283,7.089,66,0.429,0.520,-0.091,-0.478,191.358,225.641,155,176,81,78,38.217,37
2024,9,86,Oregon State,Pac-12,3,4,-34.325,-26.824,80,0.429,0.441,-0.012,-0.053,251.389,285.714,181,220,72,77,3.869,73
2024,9,87,Virginia,ACC,3,4,-38.095,-6.808,74,0.429,0.479,-0.050,-0.259,209.524,247.619,176,208,84,84,29.774,50
2024,9,88,Western Michigan,Mid-American,4,3,-38.435,-38.526,86,0.571,0.410,0.161,0.875,256.627,295.062,213,239,83,81,-21.620,89
2024,9,89,Rutgers,Big Ten,3,4,-39.809,23.623,61,0.429,0.558,-0.130,-0.684,205.063,244.872,162,191,79,78,54.987,22
2024,9,90,West Virginia,Big 12,3,4,-39.893,51.598,44,0.429,0.615,-0.187,-0.988,247.945,287.838,181,213,73,74,82.695,4
2024,9,91,UL Monroe,Sun Belt,4,2,-42.495,-59.907,94,0.667,0.313,0.354,1.904,174.648,217.143,124,152,71,70,-55.254,113
2024,9,92,Georgia Southern,Sun Belt,4,3,-48.315,-1.463,72,0.571,0.496,0.075,0.415,210.112,258.427,187,230,89,89,32.059,46
2024,9,93,NC State,ACC,3,4,-53.045,-24.308,78,0.429,0.439,-0.011,-0.046,215.190,268.235,170,228,79,85,9.090,70
2024,9,94,Michigan State,Big Ten,3,4,-56.677,21.690,62,0.429,0.569,-0.140,-0.740,164.103,220.779,128,170,78,77,76.829,8
2024,9,95,San Diego State,Mountain West,2,4,-57.143,-100.504,110,0.333,0.211,0.123,0.668,158.571,215.714,111,151,70,70,-42.522,98
2024,9,96,Arizona,Big 12,2,5,-59.036,-33.664,83,0.286,0.390,-0.104,-0.547,198.795,257.831,165,214,83,83,32.430,43
2024,9,97,Colorado State,Mountain West,4,3,-59.895,-109.139,113,0.571,0.111,0.460,2.475,163.855,223.750,136,179,83,80,-72.162,121
2024,9,98,Nevada,Mountain West,2,6,-60.893,-74.395,99,0.250,0.322,-0.072,-0.372,212.048,272.941,176,232,83,85,-18.859,86
2024,9,99,Northwestern,Big Ten,2,5,-61.364,7.280,65,0.286,0.526,-0.240,-1.274,131.818,193.182,116,170,88,88,63.166,18
2024,9,100,Florida Atlantic,American Athletic,1,5,-66.235,-95.602,109,0.167,0.243,-0.076,-0.398,183.099,249.333,130,187,71,75,-23.982,92
2024,9,101,Arkansas State,Sun Belt,4,3,-68.293,-89.415,104,0.571,0.275,0.297,1.599,200.000,268.293,158,220,79,82,-44.062,101
2024,9,102,Houston,Big 12,3,5,-74.352,-46.096,88,0.375,0.338,0.037,0.208,120.213,194.565,113,179,94,92,32.194,45
2024,9,103,UTSA,American Athletic,2,5,-77.622,-120.789,118,0.286,0.192,0.094,0.512,169.903,247.525,175,250,103,101,-77.373,124
2024,9,104,New Mexico,Mountain West,3,4,-79.628,-252.805,134,0.429,0.241,0.187,1.014,324.658,404.286,237,283,73,70,-101.533,126
2024,9,105,Wake Forest,ACC,3,4,-80.780,-57.293,92,0.429,0.357,0.071,0.392,202.353,283.133,172,235,85,83,11.502,69
2024,9,106,Buffalo,Mid-American,3,4,-83.529,-105.892,111,0.429,0.217,0.211,1.142,167.045,250.575,147,218,88,87,-44.589,103
2024,9,107,Hawai'i,Mountain West,1,5,-84.892,-78.404,102,0.167,0.268,-0.101,-0.530,168.333,253.226,101,157,60,62,-3.063,79
2024,9,108,Georgia State,Sun Belt,1,5,-95.453,-91.215,105,0.167,0.256,-0.089,-0.465,181.690,277.143,129,194,71,70,6.451,72
2024,9,109,Troy,Sun Belt,0,7,-96.447,-114.161,114,0.000,0.206,-0.206,-1.092,171.053,267.500,130,214,76,80,-17.697,85
2024,9,110,South Florida,American Athletic,2,4,-100.725,-94.475,107,0.333,0.216,0.117,0.640,158.025,258.750,128,207,81,80,-2.951,78
2024,9,111,UCLA,Big Ten,2,5,-103.826,4.874,68,0.286,0.513,-0.227,-1.206,182.090,285.915,122,203,67,71,115.577,1
2024,9,112,Florida State,ACC,1,7,-105.349,-40.257,87,0.125,0.377,-0.252,-1.337,140.000,245.349,119,211,85,86,66.439,15
2024,9,113,Central Michigan,Mid-American,2,5,-106.486,-151.575,124,0.286,0.153,0.133,0.722,178.571,285.057,150,248,84,87,-63.740,115
2024,9,114,UTEP,Conference USA,1,6,-107.853,-162.918,125,0.143,0.109,0.034,0.192,125.843,233.696,112,215,89,92,-51.412,109
2024,9,115,Charlotte,American Athletic,2,5,-111.851,-66.558,95,0.286,0.319,-0.033,-0.165,190.588,302.439,162,248,85,82,32.352,44
2024,9,116,Wyoming,Mountain West,1,6,-116.951,-133.507,121,0.143,0.101,0.042,0.235,151.724,268.675,132,223,87,83,-37.616,97
2024,9,117,Temple,American Athletic,2,6,-118.062,-115.434,116,0.250,0.146,0.104,0.567,162.136,280.198,167,283,103,101,-16.223,84
2024,9,118,Tulsa,American Athletic,2,5,-126.596,-173.320,126,0.286,0.073,0.213,1.150,148.936,275.532,140,259,94,94,-56.203,114
2024,9,119,App State,Sun Belt,2,4,-136.168,-117.870,117,0.333,0.228,0.105,0.576,204.110,340.278,149,245,73,72,-23.278,90
2024,9,120,Rice,American Athletic,1,6,-139.103,-127.382,120,0.143,0.128,0.015,0.090,108.333,247.436,104,193,96,78,-43.902,100
2024,9,121,Air Force,Mountain West,0,6,-142.857,-226.885,132,0.000,0.006,-0.006,-0.021,122.857,265.714,86,186,70,70,-76.439,123
2024,9,122,Kennesaw State,Conference USA,1,5,-147.826,-244.767,133,0.167,0.017,0.150,0.814,133.333,281.159,92,194,69,69,-107.521,128
2024,9,123,Stanford,ACC,1,6,-147.979,-66.631,96,0.143,0.291,-0.148,-0.781,136.905,284.884,115,245,84,86,68.338,13
2024,9,124,New Mexico State,Conference USA,1,5,-150.585,-222.615,130,0.167,0.012,0.154,0.837,153.165,303.750,121,243,79,80,-115.594,129
2024,9,125,Mississippi State,SEC,0,7,-152.260,-50.186,91,0.000,0.394,-0.394,-2.099,211.842,364.103,161,284,76,78,93.419,3
2024,9,126,Ball State,Mid-American,2,5,-152.944,-87.600,103,0.286,0.276,0.010,0.065,203.846,356.790,159,289,78,81,-7.243,82
2024,9,127,Utah State,Mountain West,1,6,-155.305,-49.493,89,0.143,0.435,-0.292,-1.554,232.500,387.805,186,318,80,82,-20.581,87
2024,9,128,Southern Miss,Sun Belt,0,7,-177.381,-213.831,129,0.000,0.064,-0.064,-0.331,133.333,310.714,108,261,81,84,-34.421,95
2024,9,129,Massachusetts,FBS Independents,0,6,-177.612,-193.426,128,0.000,0.091,-0.091,-0.475,123.881,301.493,83,202,67,67,-44.833,105
2024,9,130,Akron,Mid-American,1,6,-192.496,-114.571,115,0.143,0.184,-0.041,-0.210,128.235,320.732,109,263,85,82,27.165,53
2024,9,131,Middle Tennessee,Conference USA,1,6,-200.000,-224.776,131,0.143,0.077,0.066,0.365,127.160,327.160,103,265,81,81,-36.429,96
2024,9,132,UAB,American Athletic,0,6,-229.589,-180.513,127,0.000,0.123,-0.123,-0.647,147.222,376.812,106,260,72,69,20.393,60
2024,9,133,Purdue,Big Ten,0,6,-253.300,-68.326,97,0.000,0.322,-0.322,-1.715,130.986,384.286,93,269,71,70,104.683,2
2024,9,134,Kent State,Mid-American,0,7,-261.036,-148.019,122,0.000,0.147,-0.147,-0.774,132.222,393.258,119,350,90,89,31.374,48
2024,10,1,Army,American Athletic,7,0,331.706,75.795,37,1.000,0.684,0.316,1.798,442.373,110.667,261,83,59,75,-149.676,134
2024,10,2,Indiana,Big Ten,8,0,242.069,203.317,3,1.000,0.886,0.114,0.652,380.000,137.931,342,120,90,87,1.704,72
2024,10,3,Ohio State,Big Ten,7,1,227.690,220.034,2,0.875,0.957,-0.082,-0.456,335.556,107.865,302,96,90,89,58.795,22
2024,10,4,Texas,SEC,7,1,216.947,158.766,11,0.875,0.928,-0.053,-0.292,307.143,90.196,301,92,98,102,7.220,70
2024,10,5,Notre Dame,FBS Independents,7,1,210.753,162.771,10,0.875,0.918,-0.043,-0.236,315.054,104.301,293,97,93,93,9.923,66
2024,10,6,Oregon,Big Ten,8,0,189.094,235.701,1,1.000,0.948,0.052,0.302,337.931,148.837,294,128,87,86,52.880,26
2024,10,7,Ole Miss,SEC,6,2,187.755,172.077,4,0.750,0.917,-0.167,-0.940,309.184,121.429,303,119,98,98,22.201,59
2024,10,8,Miami,ACC,8,0,179.657,167.336,6,1.000,0.808,0.192,1.094,390.526,210.870,371,194,95,92,24.163,57
2024,10,9,Alabama,SEC,6,2,154.532,169.579,5,0.750,0.876,-0.126,-0.704,295.098,140.566,301,149,102,106,67.065,11
2024,10,10,Penn State,Big Ten,7,1,153.322,165.933,8,0.875,0.906,-0.031,-0.170,292.857,139.535,246,120,84,86,47.435,32
2024,10,11,James Madison,Sun Belt,5,2,151.724,51.633,44,0.714,0.663,0.051,0.298,303.409,151.685,267,135,88,89,-60.758,109
2024,10,12,Tulane,American Athletic,6,2,144.338,82.005,33,0.750,0.705,0.045,0.262,329.032,184.694,306,181,93,98,-36.861,101
2024,10,13,Tennessee,SEC,6,1,142.927,118.848,19,0.857,0.901,-0.043,-0.239,248.421,105.495,236,96,95,91,33.566,43
2024,10,14,Boise State,Mountain West,6,1,131.779,155.434,12,0.857,0.830,0.027,0.162,364.706,232.927,310,191,85,82,20.674,60
2024,10,15,SMU,ACC,7,1,123.698,148.732,14,0.875,0.836,0.039,0.228,302.000,178.302,302,189,100,106,24.627,55
2024,10,16,BYU,Big 12,7,0,122.802,146.910,15,1.000,0.827,0.173,0.988,296.296,173.494,240,144,81,83,15.269,64
2024,10,17,Iowa State,Big 12,6,1,115.255,143.719,16,0.857,0.891,-0.033,-0.182,259.302,144.048,223,121,86,84,33.355,44
2024,10,18,Navy,American Athletic,5,2,114.530,48.418,45,0.714,0.604,0.110,0.631,316.883,202.353,244,172,77,85,-75.414,123
2024,10,19,Clemson,ACC,6,2,112.864,79.416,35,0.750,0.704,0.046,0.267,308.824,195.960,315,194,102,99,-1.478,76
2024,10,20,UNLV,Mountain West,5,2,107.462,86.785,28,0.714,0.738,-0.024,-0.127,313.415,205.952,257,173,82,84,8.900,68
2024,10,21,Arizona State,Big 12,6,2,94.028,84.051,31,0.750,0.697,0.053,0.308,292.941,198.913,249,183,85,92,1.392,74
2024,10,22,Jacksonville State,Conference USA,5,3,90.274,-58.766,93,0.625,0.355,0.270,1.536,318.557,228.283,309,226,97,99,-127.027,131
2024,10,23,South Carolina,SEC,5,3,89.423,150.197,13,0.625,0.880,-0.255,-1.438,234.615,145.192,244,151,104,104,76.301,6
2024,10,24,Georgia,SEC,6,1,88.711,166.763,7,0.857,0.889,-0.032,-0.172,249.425,160.714,217,135,87,84,74.418,7
2024,10,25,Texas State,Sun Belt,3,4,79.012,18.781,60,0.429,0.552,-0.123,-0.689,279.012,200.000,226,154,81,77,-34.933,99
2024,10,26,Iowa,Big Ten,5,3,76.349,132.937,17,0.625,0.804,-0.179,-1.008,246.875,170.526,237,162,96,95,64.623,14
2024,10,27,Colorado,Big 12,5,2,75.897,105.640,24,0.714,0.760,-0.045,-0.250,258.824,182.927,220,150,85,82,33.092,45
2024,10,28,Pittsburgh,ACC,6,1,75.128,126.471,18,0.857,0.795,0.062,0.361,290.244,215.116,238,185,82,86,46.599,34
2024,10,29,LSU,SEC,5,2,70.984,162.935,9,0.714,0.862,-0.148,-0.831,262.651,191.667,218,161,83,84,84.607,4
2024,10,30,Washington State,Pac-12,6,1,68.938,63.479,41,0.857,0.650,0.207,1.179,286.585,217.647,235,185,82,85,-7.785,80
2024,10,31,Virginia Tech,ACC,5,4,68.468,98.873,26,0.556,0.780,-0.224,-1.262,249.550,181.081,277,201,111,111,27.803,51
2024,10,32,USC,Big Ten,4,5,68.345,116.939,20,0.444,0.813,-0.369,-2.082,264.423,196.078,275,200,104,102,63.694,16
2024,10,33,California,ACC,3,4,65.633,77.658,36,0.429,0.768,-0.340,-1.915,218.072,152.439,181,125,83,82,17.041,63
2024,10,34,Cincinnati,Big 12,4,3,59.404,102.681,25,0.571,0.757,-0.185,-1.041,263.514,204.110,195,149,74,73,57.075,24
2024,10,35,Minnesota,Big Ten,5,3,57.610,111.061,23,0.625,0.828,-0.203,-1.139,227.273,169.663,200,151,88,89,49.076,29
2024,10,36,Memphis,American Athletic,6,2,54.869,-20.476,79,0.750,0.445,0.305,1.736,268.000,213.131,268,211,100,99,-71.756,118
2024,10,37,Louisiana,Sun Belt,6,1,54.856,-11.927,74,0.857,0.472,0.385,2.188,304.110,249.254,222,167,73,67,-74.415,122
2024,10,38,Louisville,ACC,5,3,53.153,112.731,22,0.625,0.756,-0.131,-0.732,290.110,236.957,264,218,91,92,64.301,15
2024,10,39,Kansas State,Big 12,6,2,47.627,85.398,29,0.750,0.720,0.030,0.180,255.319,207.692,240,189,94,91,38.217,40
2024,10,40,UConn,FBS Independents,5,3,46.296,-17.713,78,0.625,0.442,0.183,1.045,206.481,160.185,223,173,108,108,-65.025,114
2024,10,41,Liberty,Conference USA,4,2,46.247,-101.802,113,0.667,0.250,0.417,2.369,238.028,191.781,169,140,71,73,-144.833,133
2024,10,42,North Carolina,ACC,4,4,42.084,79.909,34,0.500,0.681,-0.181,-1.018,274.737,232.653,261,228,95,98,23.047,58
2024,10,43,Texas A&M,SEC,6,2,35.989,116.006,21,0.750,0.799,-0.049,-0.268,230.612,194.624,226,181,98,93,73.964,8
2024,10,44,Vanderbilt,SEC,5,3,33.333,85.292,30,0.625,0.696,-0.071,-0.395,250.575,217.241,218,189,87,87,42.320,39
2024,10,45,Bowling Green,Mid-American,3,4,31.739,25.976,55,0.429,0.569,-0.141,-0.788,225.641,193.902,176,159,78,82,-5.453,79
2024,10,46,Toledo,Mid-American,5,3,31.095,-24.755,81,0.625,0.425,0.200,1.142,213.000,181.905,213,191,100,105,-62.442,112
2024,10,47,Texas Tech,Big 12,5,3,30.346,68.889,39,0.625,0.683,-0.058,-0.318,267.961,237.615,276,259,103,109,45.130,36
2024,10,48,Missouri,SEC,5,2,29.787,22.555,58,0.714,0.578,0.136,0.779,208.537,178.750,171,143,82,80,9.387,67
2024,10,49,Sam Houston,Conference USA,7,2,29.630,-51.647,90,0.778,0.349,0.429,2.437,200.000,170.370,224,184,112,108,-78.032,125
2024,10,50,Western Kentucky,Conference USA,5,2,28.175,16.880,61,0.714,0.547,0.168,0.958,239.286,211.111,201,171,84,81,-72.845,120
2024,10,51,UCF,Big 12,3,5,25.878,69.979,38,0.375,0.673,-0.298,-1.681,268.889,243.011,242,226,90,93,61.361,17
2024,10,52,South Alabama,Sun Belt,3,5,23.662,-15.037,75,0.375,0.457,-0.082,-0.459,247.872,224.211,233,213,94,95,-27.999,92
2024,10,53,San José State,Mountain West,4,3,21.516,-86.863,105,0.571,0.294,0.278,1.581,219.318,197.802,193,180,88,91,-107.515,129
2024,10,54,Nebraska,Big Ten,4,4,19.199,83.866,32,0.500,0.773,-0.273,-1.536,206.977,187.778,178,169,86,90,47.383,33
2024,10,55,Miami (OH),Mid-American,4,4,15.116,-38.334,84,0.500,0.381,0.119,0.679,200.000,184.884,182,159,91,86,-35.374,100
2024,10,56,Duke,ACC,5,3,10.899,25.961,56,0.625,0.591,0.034,0.202,190.179,179.279,213,199,112,111,18.983,61
2024,10,57,Old Dominion,Sun Belt,4,5,10.617,7.216,66,0.444,0.523,-0.079,-0.437,206.306,195.690,229,227,111,116,-4.574,78
2024,10,58,Wisconsin,Big Ten,4,4,9.502,43.732,46,0.500,0.642,-0.142,-0.798,205.155,195.652,199,180,97,92,60.558,19
2024,10,59,Fresno State,Mountain West,4,4,9.242,-74.283,98,0.500,0.229,0.271,1.545,214.737,205.495,204,187,95,91,-65.975,115
2024,10,60,Washington,Big Ten,4,4,8.033,65.544,40,0.500,0.706,-0.206,-1.160,201.136,193.103,177,168,88,87,57.221,23
2024,10,61,Utah,Big 12,3,4,7.206,-0.659,70,0.429,0.496,-0.067,-0.372,146.154,138.947,133,132,91,95,-3.980,77
2024,10,62,Baylor,Big 12,4,4,6.474,31.162,52,0.500,0.572,-0.072,-0.397,257.000,250.526,257,238,100,95,29.077,48
2024,10,63,Illinois,Big Ten,5,3,5.908,62.618,43,0.625,0.661,-0.036,-0.196,232.099,226.190,188,190,81,84,56.289,25
2024,10,64,North Texas,American Athletic,4,3,4.212,-17.589,77,0.571,0.464,0.107,0.616,303.125,298.913,291,275,96,92,-48.905,105
2024,10,65,Northern Illinois,Mid-American,3,4,2.812,-29.300,83,0.429,0.386,0.043,0.250,156.471,153.659,133,126,85,82,-34.075,96
2024,10,66,Florida International,Conference USA,3,5,1.192,-108.040,116,0.375,0.181,0.194,1.109,182.000,180.808,182,179,100,99,-95.323,127
2024,10,67,Syracuse,ACC,5,2,0.742,33.679,51,0.714,0.577,0.137,0.786,271.795,271.053,212,206,78,76,28.600,50
2024,10,68,Ohio,Mid-American,4,3,-1.205,-54.056,92,0.571,0.350,0.222,1.264,215.663,216.867,179,180,83,83,-47.866,103
2024,10,69,Florida,SEC,3,4,-3.866,90.050,27,0.429,0.734,-0.306,-1.723,224.706,228.571,191,192,85,84,93.365,2
2024,10,70,Louisiana Tech,Conference USA,2,5,-5.168,-141.798,122,0.286,0.112,0.174,0.991,161.111,166.279,145,143,90,86,-139.182,132
2024,10,71,Oklahoma,SEC,4,4,-10.616,40.063,47,0.500,0.621,-0.121,-0.677,160.952,171.569,169,175,105,102,67.756,9
2024,10,72,Kentucky,SEC,3,6,-11.024,62.809,42,0.333,0.681,-0.348,-1.963,187.912,198.936,171,187,91,94,59.525,21
2024,10,73,Kansas,Big 12,1,6,-11.948,39.113,49,0.143,0.604,-0.462,-2.607,240.000,251.948,192,194,80,77,50.091,28
2024,10,74,Maryland,Big Ten,3,4,-12.088,22.282,59,0.429,0.560,-0.131,-0.735,209.890,221.978,191,202,91,91,60.072,20
2024,10,75,NC State,ACC,4,4,-12.269,0.033,69,0.500,0.500,-0.000,0.007,251.648,263.918,229,256,91,97,0.090,75
2024,10,76,Arkansas,SEC,4,4,-12.697,25.418,57,0.500,0.565,-0.065,-0.361,231.633,244.330,227,237,98,97,43.740,38
2024,10,77,Marshall,Sun Belt,4,3,-13.580,3.282,68,0.571,0.508,0.063,0.365,238.272,251.852,193,204,81,81,5.823,71
2024,10,78,TCU,Big 12,4,4,-14.286,12.432,64,0.500,0.527,-0.027,-0.147,254.082,268.367,249,263,98,98,31.673,46
2024,10,79,East Carolina,American Athletic,3,4,-14.965,-82.475,101,0.429,0.293,0.135,0.774,223.333,238.298,201,224,90,94,-61.717,111
2024,10,80,Georgia Tech,ACC,4,4,-16.875,28.755,53,0.500,0.574,-0.074,-0.411,220.930,237.805,190,195,86,82,46.209,35
2024,10,81,Michigan,Big Ten,5,4,-17.012,39.126,48,0.556,0.606,-0.051,-0.278,190.909,207.921,189,210,99,101,66.927,12
2024,10,82,Eastern Michigan,Mid-American,4,4,-21.781,-115.263,118,0.500,0.227,0.273,1.553,222.549,244.330,227,237,102,97,-85.937,126
2024,10,83,Auburn,SEC,2,6,-22.222,8.492,65,0.250,0.534,-0.284,-1.603,166.667,188.889,155,170,93,90,29.919,47
2024,10,84,Boston College,ACC,3,4,-34.283,-2.355,71,0.429,0.493,-0.065,-0.359,191.358,225.641,155,176,81,78,28.774,49
2024,10,85,Coastal Carolina,Sun Belt,3,4,-34.308,-65.149,95,0.429,0.357,0.072,0.413,252.439,286.747,207,238,82,83,-34.283,97
2024,10,86,Oregon State,Pac-12,3,4,-34.325,-23.424,80,0.429,0.446,-0.018,-0.093,251.389,285.714,181,220,72,77,7.268,69
2024,10,87,Colorado State,Mountain West,5,3,-35.125,-82.544,102,0.625,0.211,0.414,2.355,187.097,222.222,174,200,93,90,-71.440,117
2024,10,88,Oklahoma State,Big 12,2,6,-37.768,-28.387,82,0.250,0.428,-0.178,-0.999,223.232,261.000,221,261,99,100,25.655,53
2024,10,89,Virginia,ACC,3,4,-38.095,-11.479,73,0.429,0.465,-0.036,-0.199,209.524,247.619,176,208,84,84,25.103,54
2024,10,90,Western Michigan,Mid-American,4,3,-38.435,-45.921,86,0.571,0.392,0.179,1.022,256.627,295.062,213,239,83,81,-29.016,93
2024,10,91,Rutgers,Big Ten,3,4,-39.809,13.683,63,0.429,0.535,-0.106,-0.594,205.063,244.872,162,191,79,78,45.047,37
2024,10,92,West Virginia,Big 12,3,4,-39.893,36.524,50,0.429,0.582,-0.154,-0.862,247.945,287.838,181,213,73,74,67.621,10
2024,10,93,UL Monroe,Sun Belt,4,3,-42.954,-44.859,85,0.571,0.358,0.214,1.218,179.268,222.222,147,180,82,81,-34.378,98
2024,10,94,Georgia Southern,Sun Belt,5,3,-43.814,-6.980,72,0.625,0.481,0.144,0.822,218.812,262.626,221,260,101,99,24.436,56
2024,10,95,Northwestern,Big Ten,3,5,-50.443,3.547,67,0.375,0.512,-0.137,-0.770,143.434,193.878,142,190,99,98,47.901,31
2024,10,96,Houston,Big 12,4,5,-60.534,-17.168,76,0.444,0.439,0.006,0.039,128.037,188.571,137,198,107,105,48.150,30
2024,10,97,UTSA,American Athletic,3,5,-60.959,-97.895,112,0.375,0.245,0.130,0.744,185.593,246.552,219,286,118,116,-66.572,116
2024,10,98,Buffalo,Mid-American,4,4,-63.020,-105.649,114,0.500,0.225,0.275,1.567,182.524,245.545,188,248,103,101,-59.390,108
2024,10,99,South Florida,American Athletic,3,4,-63.387,-67.746,96,0.429,0.288,0.140,0.802,179.167,242.553,172,228,96,94,-9.773,81
2024,10,100,Troy,Sun Belt,1,7,-66.190,-85.490,103,0.125,0.269,-0.144,-0.810,195.349,261.538,168,238,86,91,-21.311,89
2024,10,101,Arkansas State,Sun Belt,4,3,-68.293,-88.839,107,0.571,0.274,0.297,1.693,200.000,268.293,158,220,79,82,-43.486,102
2024,10,102,New Mexico,Mountain West,3,5,-72.093,-241.210,134,0.375,0.243,0.132,0.754,327.907,400.000,282,332,86,83,-105.002,128
2024,10,103,Nevada,Mountain West,2,7,-72.383,-87.850,106,0.222,0.302,-0.080,-0.444,211.828,284.211,197,270,93,95,-19.596,87
2024,10,104,Hawai'i,Mountain West,2,5,-74.002,-76.571,100,0.286,0.276,0.009,0.060,171.831,245.833,122,177,71,72,-10.695,82
2024,10,105,UCLA,Big Ten,3,5,-78.445,26.648,54,0.375,0.568,-0.193,-1.086,193.506,271.951,149,223,77,82,112.491,1
2024,10,106,Florida Atlantic,American Athletic,1,6,-79.020,-113.058,117,0.143,0.210,-0.067,-0.370,177.647,256.667,151,231,85,90,-31.193,94
2024,10,107,Wake Forest,ACC,3,4,-80.780,-51.117,89,0.429,0.368,0.061,0.351,202.353,283.133,172,235,85,83,17.678,62
2024,10,108,Michigan State,Big Ten,3,5,-90.487,14.835,62,0.375,0.549,-0.174,-0.976,153.333,243.820,138,217,90,89,92.248,3
2024,10,109,Georgia State,Sun Belt,1,6,-91.238,-91.271,110,0.143,0.271,-0.128,-0.717,190.244,281.481,156,228,82,81,1.534,73
2024,10,110,San Diego State,Mountain West,2,5,-92.083,-106.641,115,0.286,0.227,0.059,0.342,166.667,258.750,135,207,81,80,-13.826,85
2024,10,111,Wyoming,Mountain West,2,6,-98.167,-141.099,121,0.250,0.064,0.186,1.061,181.000,279.167,181,268,100,96,-61.041,110
2024,10,112,Arizona,Big 12,2,6,-100.000,-58.899,94,0.250,0.322,-0.072,-0.402,190.323,290.323,177,270,93,93,33.934,42
2024,10,113,UTEP,Conference USA,1,7,-104.602,-180.644,126,0.125,0.076,0.049,0.283,121.359,225.962,125,235,103,104,-73.851,121
2024,10,114,Central Michigan,Mid-American,2,5,-106.486,-152.259,124,0.286,0.147,0.139,0.795,178.571,285.057,150,248,84,87,-64.423,113
2024,10,115,Rice,American Athletic,2,6,-107.037,-76.180,99,0.250,0.230,0.020,0.121,118.519,225.556,128,203,108,90,-21.292,88
2024,10,116,Mississippi State,SEC,1,7,-108.673,-48.187,87,0.125,0.398,-0.273,-1.539,236.782,345.455,206,304,87,88,51.330,27
2024,10,117,App State,Sun Belt,3,4,-112.456,-89.115,108,0.429,0.286,0.143,0.818,210.714,323.171,177,265,84,82,-15.828,86
2024,10,118,Florida State,ACC,1,8,-116.766,-52.979,91,0.111,0.337,-0.226,-1.272,136.842,253.608,130,246,95,97,64.993,13
2024,10,119,Temple,American Athletic,2,6,-118.062,-131.170,120,0.250,0.115,0.135,0.773,162.136,280.198,167,283,103,101,-31.959,95
2024,10,120,Charlotte,American Athletic,2,6,-137.801,-95.048,111,0.250,0.252,-0.002,-0.004,175.532,313.333,165,282,94,90,35.769,41
2024,10,121,UAB,American Athletic,1,6,-144.437,-151.863,123,0.143,0.171,-0.028,-0.154,194.118,338.554,165,281,85,83,-12.076,84
2024,10,122,Kennesaw State,Conference USA,1,6,-145.278,-214.376,131,0.143,0.040,0.103,0.591,132.500,277.778,106,225,80,81,-78.013,124
2024,10,123,Tulsa,American Athletic,2,6,-148.122,-203.561,128,0.250,0.055,0.195,1.114,149.074,297.196,161,318,108,107,-72.718,119
2024,10,124,Air Force,Mountain West,0,7,-150.000,-215.931,132,0.000,0.010,-0.010,-0.048,114.103,264.103,89,206,78,78,-56.620,107
2024,10,125,New Mexico State,Conference USA,1,6,-150.597,-224.697,133,0.143,0.025,0.118,0.674,147.253,297.849,134,277,91,93,-111.078,130
2024,10,126,Ball State,Mid-American,2,5,-152.944,-91.244,109,0.286,0.271,0.015,0.092,203.846,356.790,159,289,78,81,-10.887,83
2024,10,127,Utah State,Mountain West,1,6,-155.305,-51.052,88,0.143,0.434,-0.291,-1.639,232.500,387.805,186,318,80,82,-22.140,90
2024,10,128,Middle Tennessee,Conference USA,2,6,-160.374,-205.720,130,0.250,0.084,0.166,0.950,132.258,292.632,123,278,93,95,-50.143,106
2024,10,129,Stanford,ACC,1,7,-161.246,-86.662,104,0.125,0.256,-0.131,-0.736,148.958,310.204,143,304,96,98,60.602,18
2024,10,130,Akron,Mid-American,1,7,-172.998,-120.275,119,0.125,0.184,-0.059,-0.325,140.404,313.402,139,304,99,97,11.125,65
2024,10,131,Southern Miss,Sun Belt,0,7,-177.381,-201.937,127,0.000,0.077,-0.077,-0.430,133.333,310.714,108,261,81,84,-22.528,91
2024,10,132,Massachusetts,FBS Independents,0,7,-182.900,-205.655,129,0.000,0.080,-0.080,-0.447,133.766,316.667,103,247,77,78,-48.419,104
2024,10,133,Purdue,Big Ten,0,7,-224.691,-72.229,97,0.000,0.316,-0.316,-1.781,139.506,364.198,113,295,81,81,81.259,5
2024,10,134,Kent State,Mid-American,0,7,-261.036,-152.993,125,0.000,0.139,-0.139,-0.781,132.222,393.258,119,350,90,89,26.400,52
2024,11,1,Army,American Athletic,8,0,310.494,91.975,26,1.000,0.753,0.247,1.452,416.667,106.173,275,86,66,81,-122.714,132
2024,11,2,Ohio State,Big Ten,8,1,251.000,213.023,2,0.889,0.960,-0.071,-0.394,347.000,96.000,347,96,100,100,38.588,40
2024,11,3,Notre Dame,FBS Independents,8,1,237.391,171.861,7,0.889,0.928,-0.039,-0.206,331.731,94.340,345,100,104,106,7.247,70
2024,11,4,Texas,SEC,8,1,220.533,170.085,8,0.889,0.930,-0.041,-0.221,315.315,94.783,350,109,111,115,11.446,64
2024,11,5,Indiana,Big Ten,9,0,217.147,184.617,6,1.000,0.875,0.125,0.742,354.902,137.755,362,135,102,98,2.038,73
2024,11,6,Oregon,Big Ten,9,0,192.321,229.209,1,1.000,0.937,0.063,0.385,339.796,147.475,333,146,98,99,42.692,35
2024,11,7,Ole Miss,SEC,7,2,185.321,185.798,5,0.778,0.937,-0.159,-0.903,303.670,118.349,331,129,109,109,34.393,44
2024,11,8,Penn State,Big Ten,8,1,171.392,188.027,4,0.889,0.917,-0.028,-0.146,305.435,134.043,281,126,92,94,43.806,34
2024,11,9,Tulane,American Athletic,7,2,167.615,84.881,31,0.778,0.713,0.064,0.393,334.579,166.964,358,187,107,112,-43.000,102
2024,11,10,Alabama,SEC,7,2,166.595,193.677,3,0.778,0.900,-0.123,-0.693,306.250,139.655,343,162,112,116,71.443,10
2024,11,11,James Madison,Sun Belt,6,2,164.406,62.868,39,0.750,0.699,0.051,0.314,305.000,140.594,305,142,100,101,-64.641,114
2024,11,12,Miami,ACC,8,1,159.704,144.164,12,0.889,0.781,0.108,0.648,375.238,215.534,394,222,105,103,19.626,58
2024,11,13,Tennessee,SEC,7,1,142.278,110.192,21,0.875,0.888,-0.013,-0.058,249.074,106.796,269,110,108,103,18.423,59
2024,11,14,SMU,ACC,7,1,123.698,149.124,11,0.875,0.834,0.041,0.257,302.000,178.302,302,189,100,106,25.018,53
2024,11,15,Boise State,Mountain West,7,1,122.922,127.420,15,0.875,0.785,0.090,0.544,348.454,225.532,338,212,97,94,2.214,72
2024,11,16,Navy,American Athletic,6,2,117.686,62.387,40,0.750,0.644,0.106,0.636,302.222,184.536,272,179,90,97,-65.597,115
2024,11,17,BYU,Big 12,8,0,108.036,127.672,14,1.000,0.789,0.211,1.248,281.720,173.684,262,165,93,95,11.445,65
2024,11,18,Clemson,ACC,7,2,106.527,90.226,28,0.778,0.735,0.043,0.269,292.241,185.714,339,208,116,112,11.238,66
2024,11,19,South Carolina,SEC,6,3,98.773,164.727,9,0.667,0.910,-0.243,-1.394,238.596,139.823,272,158,114,113,76.573,7
2024,11,20,Arizona State,Big 12,7,2,96.358,95.953,25,0.778,0.722,0.056,0.344,302.128,205.769,284,214,94,104,7.972,68
2024,11,21,Texas State,Sun Belt,4,4,93.871,37.347,52,0.500,0.599,-0.099,-0.558,283.871,190.000,264,171,93,90,-32.890,95
2024,11,22,UNLV,Mountain West,6,2,92.825,62.946,38,0.750,0.683,0.067,0.410,294.845,202.020,286,200,97,99,-6.870,79
2024,11,23,Louisiana,Sun Belt,7,1,90.439,12.974,65,0.875,0.530,0.345,2.021,325.882,235.443,277,186,85,79,-70.870,118
2024,11,24,Iowa State,Big 12,6,2,89.549,112.647,17,0.750,0.805,-0.055,-0.302,264.286,174.737,259,166,98,95,29.716,48
2024,11,25,Colorado,Big 12,6,2,83.024,111.876,18,0.750,0.774,-0.024,-0.118,263.636,180.612,261,177,99,98,32.883,46
2024,11,26,Jacksonville State,Conference USA,6,3,81.688,-54.440,91,0.667,0.368,0.299,1.755,312.389,230.702,353,263,113,114,-118.264,131
2024,11,27,Washington State,Pac-12,7,1,80.253,59.285,43,0.875,0.652,0.223,1.312,302.128,221.875,284,213,94,96,-22.294,90
2024,11,28,USC,Big Ten,4,5,68.345,111.036,20,0.444,0.801,-0.357,-2.053,264.423,196.078,275,200,104,102,57.791,23
2024,11,29,California,ACC,4,4,68.041,60.706,41,0.500,0.695,-0.195,-1.114,234.021,165.979,227,161,97,97,-3.405,76
2024,11,30,Iowa,Big Ten,5,4,66.289,106.859,22,0.556,0.765,-0.210,-1.198,239.623,173.333,254,182,106,105,49.468,28
2024,11,31,Liberty,Conference USA,5,2,65.164,-75.543,104,0.714,0.307,0.407,2.384,254.321,189.157,206,157,81,83,-140.999,134
2024,11,32,Pittsburgh,ACC,6,2,61.526,101.362,23,0.750,0.752,-0.002,0.008,270.526,209.000,257,209,95,100,34.633,43
2024,11,33,Georgia,SEC,6,2,60.054,150.475,10,0.750,0.868,-0.118,-0.667,231.633,171.579,227,163,98,95,90.127,5
2024,11,34,Memphis,American Athletic,7,2,55.285,-19.391,77,0.778,0.450,0.328,1.923,263.393,208.108,295,231,112,111,-71.454,119
2024,11,35,Virginia Tech,ACC,5,5,54.677,90.802,27,0.500,0.762,-0.262,-1.505,234.677,180.000,291,225,124,125,33.212,45
2024,11,36,Louisville,ACC,5,3,53.153,118.774,16,0.625,0.764,-0.139,-0.788,290.110,236.957,264,218,91,92,70.344,12
2024,11,37,Kansas State,Big 12,6,2,47.627,86.751,29,0.750,0.723,0.027,0.174,255.319,207.692,240,189,94,91,39.571,38
2024,11,38,UConn,FBS Independents,6,3,45.848,-29.148,81,0.667,0.401,0.266,1.565,206.504,160.656,254,196,123,122,-75.912,122
2024,11,39,Minnesota,Big Ten,5,4,45.471,96.418,24,0.556,0.790,-0.235,-1.345,219.000,173.529,219,177,100,102,45.950,33
2024,11,40,Ohio,Mid-American,5,3,44.569,-39.480,82,0.625,0.383,0.242,1.425,234.043,189.474,220,180,94,95,-65.882,116
2024,11,41,North Carolina,ACC,4,4,42.084,81.173,32,0.500,0.681,-0.181,-1.035,274.737,232.653,261,228,95,98,24.311,55
2024,11,42,Cincinnati,Big 12,4,4,37.438,78.856,33,0.500,0.707,-0.207,-1.182,251.724,214.286,219,180,87,84,51.101,27
2024,11,43,Bowling Green,Mid-American,4,4,36.639,16.503,61,0.500,0.546,-0.046,-0.250,223.596,186.957,199,172,89,92,-20.883,88
2024,11,44,Texas A&M,SEC,6,2,35.989,111.555,19,0.750,0.789,-0.039,-0.210,230.612,194.624,226,181,98,93,69.513,13
2024,11,45,Western Kentucky,Conference USA,6,2,35.237,6.422,68,0.750,0.517,0.233,1.371,246.939,211.702,242,199,98,94,-81.772,124
2024,11,46,Missouri,SEC,6,2,33.395,34.102,54,0.750,0.612,0.138,0.820,213.830,180.435,201,166,94,92,15.288,60
2024,11,47,LSU,SEC,5,3,32.430,133.700,13,0.625,0.809,-0.184,-1.051,248.387,215.957,231,203,93,94,100.163,2
2024,11,48,Toledo,Mid-American,5,3,31.095,-26.031,79,0.625,0.421,0.204,1.205,213.000,181.905,213,191,100,105,-63.717,113
2024,11,49,San José State,Mountain West,5,3,30.339,-59.603,96,0.625,0.340,0.285,1.673,221.429,191.089,217,193,98,101,-91.423,128
2024,11,50,Sam Houston,Conference USA,7,2,29.630,-45.527,86,0.778,0.363,0.415,2.429,200.000,170.370,224,184,112,108,-71.912,121
2024,11,51,Marshall,Sun Belt,5,3,26.786,-3.028,72,0.625,0.492,0.133,0.793,244.681,217.895,230,207,94,95,-27.934,92
2024,11,52,South Alabama,Sun Belt,3,5,23.662,-22.043,78,0.375,0.439,-0.064,-0.351,247.872,224.211,233,213,94,95,-35.006,97
2024,11,53,East Carolina,American Athletic,4,4,21.154,-45.900,87,0.500,0.385,0.115,0.685,250.000,228.846,250,238,100,104,-62.736,112
2024,11,54,Nebraska,Big Ten,4,4,19.199,84.924,30,0.500,0.768,-0.268,-1.537,206.977,187.778,178,169,86,90,48.441,30
2024,11,55,Northern Illinois,Mid-American,4,4,18.619,-13.895,75,0.500,0.451,0.049,0.304,184.211,165.591,175,154,95,93,-38.754,100
2024,11,56,Miami (OH),Mid-American,5,4,17.402,-41.410,84,0.556,0.375,0.181,1.069,204.902,187.500,209,180,102,96,-42.718,101
2024,11,57,Duke,ACC,6,3,16.151,24.989,57,0.667,0.589,0.078,0.471,190.551,174.400,242,218,127,125,12.384,62
2024,11,58,UCF,Big 12,3,6,11.765,51.642,45,0.333,0.628,-0.295,-1.695,267.647,255.882,273,261,102,102,58.488,21
2024,11,59,Texas Tech,Big 12,5,4,10.719,56.618,44,0.556,0.649,-0.094,-0.526,254.622,243.902,303,300,119,123,49.289,29
2024,11,60,Vanderbilt,SEC,5,4,10.664,73.742,34,0.556,0.677,-0.121,-0.686,234.375,223.711,225,217,96,97,58.014,22
2024,11,61,Old Dominion,Sun Belt,4,5,10.617,13.807,64,0.444,0.544,-0.099,-0.559,206.306,195.690,229,227,111,116,2.017,74
2024,11,62,TCU,Big 12,5,4,10.280,38.271,50,0.556,0.585,-0.030,-0.153,268.224,257.944,287,276,107,107,24.510,54
2024,11,63,Wisconsin,Big Ten,4,4,9.502,42.340,48,0.500,0.639,-0.139,-0.790,205.155,195.652,199,180,97,92,59.166,20
2024,11,64,Baylor,Big 12,4,4,6.474,31.195,56,0.500,0.574,-0.074,-0.413,257.000,250.526,257,238,100,95,29.109,50
2024,11,65,Illinois,Big Ten,5,3,5.908,67.525,35,0.625,0.675,-0.050,-0.271,232.099,226.190,188,190,81,84,61.196,19
2024,11,66,Utah,Big 12,3,5,5.589,15.806,62,0.375,0.591,-0.216,-1.237,149.515,143.925,154,154,103,107,13.942,61
2024,11,67,Fresno State,Mountain West,4,5,2.243,-82.352,106,0.444,0.256,0.189,1.116,225.243,223.000,232,223,103,100,-69.411,117
2024,11,68,Kansas,Big 12,2,6,2.013,66.137,36,0.250,0.658,-0.408,-2.353,260.440,258.427,237,230,91,89,62.107,18
2024,11,69,Florida International,Conference USA,3,5,1.192,-102.858,113,0.375,0.190,0.185,1.095,182.000,180.808,182,179,100,99,-90.141,127
2024,11,70,North Texas,American Athletic,4,4,-3.684,-27.283,80,0.500,0.439,0.061,0.373,288.235,291.919,294,289,102,99,-35.934,98
2024,11,71,Syracuse,ACC,5,3,-6.001,21.306,59,0.625,0.548,0.077,0.467,267.033,273.034,243,243,91,89,22.632,57
2024,11,72,Louisiana Tech,Conference USA,2,6,-10.000,-129.402,119,0.250,0.142,0.108,0.647,173.333,183.333,182,187,105,102,-123.572,133
2024,11,73,Kentucky,SEC,3,6,-11.024,60.138,42,0.333,0.671,-0.337,-1.941,187.912,198.936,171,187,91,94,56.854,24
2024,11,74,Georgia Tech,ACC,5,4,-12.214,42.071,49,0.556,0.611,-0.056,-0.304,224.742,236.957,218,218,97,92,54.858,25
2024,11,75,Arkansas,SEC,4,4,-12.697,20.271,60,0.500,0.552,-0.052,-0.283,231.633,244.330,227,237,98,97,38.594,39
2024,11,76,Oklahoma,SEC,4,5,-15.722,37.350,51,0.444,0.609,-0.165,-0.939,164.103,179.825,192,205,117,114,68.448,14
2024,11,77,Michigan,Big Ten,5,5,-18.085,42.732,47,0.500,0.625,-0.125,-0.706,185.455,203.540,204,230,110,113,70.783,11
2024,11,78,NC State,ACC,4,5,-18.274,-1.828,71,0.444,0.496,-0.051,-0.278,236.190,254.464,248,285,105,112,4.624,71
2024,11,79,Coastal Carolina,Sun Belt,4,4,-18.280,-45.170,85,0.500,0.400,0.100,0.602,263.441,281.720,245,262,93,93,-31.344,93
2024,11,80,West Virginia,Big 12,4,4,-20.033,50.818,46,0.500,0.619,-0.119,-0.670,252.381,272.414,212,237,84,87,65.877,15
2024,11,81,Eastern Michigan,Mid-American,4,4,-21.781,-120.786,117,0.500,0.215,0.285,1.674,222.549,244.330,227,237,102,97,-91.459,129
2024,11,82,Auburn,SEC,2,6,-22.222,6.154,69,0.250,0.525,-0.275,-1.575,166.667,188.889,155,170,93,90,27.581,52
2024,11,83,Washington,Big Ten,4,5,-23.059,33.895,55,0.444,0.602,-0.158,-0.898,190.625,213.684,183,203,96,95,65.386,16
2024,11,84,Boston College,ACC,4,4,-23.217,7.498,67,0.500,0.521,-0.021,-0.104,204.255,227.473,192,207,94,91,28.966,51
2024,11,85,Rutgers,Big Ten,4,4,-28.986,24.651,58,0.500,0.564,-0.064,-0.351,204.348,233.333,188,210,92,90,46.886,32
2024,11,86,Virginia,ACC,4,4,-29.939,12.246,66,0.500,0.539,-0.039,-0.207,204.082,234.021,200,227,98,97,41.096,37
2024,11,87,Colorado State,Mountain West,5,3,-35.125,-69.722,99,0.625,0.253,0.372,2.180,187.097,222.222,174,200,93,90,-58.617,110
2024,11,88,Maryland,Big Ten,3,5,-35.313,15.087,63,0.375,0.540,-0.165,-0.939,200.962,236.275,209,241,104,102,75.164,9
2024,11,89,Florida,SEC,3,5,-36.209,63.845,37,0.375,0.665,-0.290,-1.667,212.245,248.454,208,241,98,97,93.668,4
2024,11,90,Georgia Southern,Sun Belt,5,3,-43.814,-7.604,73,0.625,0.480,0.145,0.862,218.812,262.626,221,260,101,99,23.811,56
2024,11,91,Oregon State,Pac-12,3,5,-43.874,-47.594,88,0.375,0.390,-0.015,-0.065,236.585,280.460,194,244,82,87,-6.988,80
2024,11,92,Northwestern,Big Ten,3,5,-50.443,-7.949,74,0.375,0.473,-0.098,-0.548,143.434,193.878,142,190,99,98,36.405,41
2024,11,93,Western Michigan,Mid-American,4,4,-52.408,-67.835,98,0.500,0.354,0.146,0.868,256.383,308.791,241,281,94,91,-32.361,94
2024,11,94,Oklahoma State,Big 12,2,7,-57.645,-49.563,90,0.222,0.374,-0.152,-0.865,216.667,274.312,234,299,108,109,29.339,49
2024,11,95,New Mexico,Mountain West,4,5,-58.569,-216.140,134,0.444,0.248,0.197,1.162,315.625,374.194,303,348,96,93,-100.621,130
2024,11,96,Houston,Big 12,4,5,-60.534,-18.053,76,0.444,0.433,0.011,0.083,128.037,188.571,137,198,107,105,47.265,31
2024,11,97,UTSA,American Athletic,3,5,-60.959,-90.962,110,0.375,0.251,0.124,0.739,185.593,246.552,219,286,118,116,-59.640,111
2024,11,98,UL Monroe,Sun Belt,4,4,-61.777,-55.540,92,0.500,0.330,0.170,1.009,172.632,234.409,164,218,95,93,-23.132,91
2024,11,99,Buffalo,Mid-American,4,4,-63.020,-104.516,114,0.500,0.224,0.276,1.623,182.524,245.545,188,248,103,101,-58.257,109
2024,11,100,Hawai'i,Mountain West,2,6,-63.526,-65.089,97,0.250,0.312,-0.062,-0.343,173.256,236.782,149,206,86,87,-5.781,78
2024,11,101,Troy,Sun Belt,1,7,-66.190,-86.332,107,0.125,0.268,-0.143,-0.810,195.349,261.538,168,238,86,91,-22.153,89
2024,11,102,UCLA,Big Ten,4,5,-66.617,36.286,53,0.444,0.596,-0.152,-0.862,194.253,260.870,169,240,87,92,109.257,1
2024,11,103,Nevada,Mountain West,2,8,-70.886,-71.796,100,0.200,0.329,-0.129,-0.729,207.619,278.505,218,298,105,107,-4.533,77
2024,11,104,South Florida,American Athletic,3,5,-73.512,-72.715,101,0.375,0.260,0.115,0.690,165.741,239.252,179,256,108,107,-2.358,75
2024,11,105,Wake Forest,ACC,3,5,-81.691,-40.185,83,0.375,0.402,-0.027,-0.137,208.000,289.691,208,281,100,97,31.082,47
2024,11,106,UTEP,Conference USA,2,7,-86.157,-175.313,125,0.222,0.088,0.134,0.799,138.843,225.000,168,270,121,120,-82.623,125
2024,11,107,San Diego State,Mountain West,2,6,-87.399,-132.508,120,0.250,0.129,0.121,0.719,165.934,253.333,151,228,91,90,-45.044,103
2024,11,108,Michigan State,Big Ten,3,5,-90.487,4.886,70,0.375,0.516,-0.141,-0.799,153.333,243.820,138,217,90,89,82.299,6
2024,11,109,Arkansas State,Sun Belt,4,4,-98.048,-107.492,115,0.500,0.233,0.267,1.570,194.505,292.553,177,275,91,94,-38.641,99
2024,11,110,Wyoming,Mountain West,2,6,-98.167,-136.195,121,0.250,0.089,0.161,0.955,181.000,279.167,181,268,100,96,-56.137,108
2024,11,111,Arizona,Big 12,2,6,-100.000,-57.202,95,0.250,0.331,-0.081,-0.451,190.323,290.323,177,270,93,93,35.630,42
2024,11,112,Rice,American Athletic,2,7,-102.157,-73.377,102,0.222,0.250,-0.028,-0.143,123.333,225.490,148,230,120,102,-18.059,85
2024,11,113,Central Michigan,Mid-American,2,6,-103.126,-142.748,124,0.250,0.162,0.088,0.529,173.404,276.531,163,271,94,98,-56.005,107
2024,11,114,Florida Atlantic,American Athletic,1,7,-106.316,-140.632,123,0.125,0.176,-0.051,-0.278,173.684,280.000,165,280,95,100,-34.000,96
2024,11,115,Mississippi State,SEC,1,8,-111.441,-48.904,89,0.111,0.395,-0.284,-1.632,222.222,333.663,220,337,99,101,54.799,26
2024,11,116,App State,Sun Belt,3,5,-111.977,-90.017,109,0.375,0.284,0.091,0.549,213.830,325.806,201,303,94,93,-12.709,84
2024,11,117,Georgia State,Sun Belt,1,7,-112.617,-102.534,112,0.125,0.248,-0.123,-0.697,173.404,286.022,163,266,94,93,7.836,69
2024,11,118,Kennesaw State,Conference USA,1,7,-123.832,-202.561,129,0.125,0.060,0.065,0.399,146.875,270.707,141,268,96,99,-80.726,123
2024,11,119,Air Force,Mountain West,1,7,-128.415,-180.454,127,0.125,0.077,0.048,0.300,143.678,272.093,125,234,87,86,-47.307,105
2024,11,120,UAB,American Athletic,1,7,-128.468,-140.183,122,0.125,0.196,-0.071,-0.391,189.899,318.367,188,312,99,98,-12.572,83
2024,11,121,Charlotte,American Athletic,2,6,-137.801,-88.659,108,0.250,0.268,-0.018,-0.084,175.532,313.333,165,282,94,90,42.157,36
2024,11,122,Ball State,Mid-American,2,6,-138.933,-95.029,111,0.250,0.264,-0.014,-0.061,204.545,343.478,180,316,88,92,-20.285,87
2024,11,123,New Mexico State,Conference USA,1,7,-141.427,-196.580,128,0.125,0.053,0.072,0.437,155.769,297.196,162,318,104,107,-87.480,126
2024,11,124,Temple,American Athletic,2,7,-143.441,-121.859,118,0.222,0.136,0.086,0.520,147.863,291.304,173,335,117,115,-11.450,81
2024,11,125,Tulsa,American Athletic,2,6,-148.122,-202.689,130,0.250,0.063,0.187,1.105,149.074,297.196,161,318,108,107,-71.846,120
2024,11,126,Florida State,ACC,1,9,-152.778,-56.807,94,0.100,0.325,-0.225,-1.290,123.148,275.926,133,298,108,108,75.242,8
2024,11,127,Utah State,Mountain West,1,7,-155.261,-56.734,93,0.125,0.424,-0.299,-1.716,235.165,390.426,214,367,91,94,-12.213,82
2024,11,128,Stanford,ACC,1,7,-161.246,-82.318,105,0.125,0.267,-0.142,-0.808,148.958,310.204,143,304,96,98,64.947,17
2024,11,129,Middle Tennessee,Conference USA,2,7,-164.078,-209.340,133,0.222,0.079,0.143,0.849,135.922,300.000,140,315,103,105,-48.827,106
2024,11,130,Akron,Mid-American,1,7,-172.998,-120.614,116,0.125,0.188,-0.063,-0.345,140.404,313.402,139,304,99,97,10.786,67
2024,11,131,Massachusetts,FBS Independents,0,7,-182.900,-203.156,131,0.000,0.080,-0.080,-0.447,133.766,316.667,103,247,77,78,-45.920,104
2024,11,132,Southern Miss,Sun Belt,0,8,-190.374,-203.767,132,0.000,0.065,-0.065,-0.361,116.842,307.216,111,298,95,97,-19.654,86
2024,11,133,Purdue,Big Ten,0,8,-250.800,-75.135,103,0.000,0.303,-0.303,-1.741,122.826,373.626,113,340,92,91,94.167,3
2024,11,134,Kent State,Mid-American,0,8,-274.333,-177.168,126,0.000,0.094,-0.094,-0.525,116.667,391.000,119,391,102,100,11.619,63
2024,12,1,Army,American Athletic,8,0,310.494,97.042,24,1.000,0.764,0.236,1.381,416.667,106.173,275,86,66,81,-117.648,132
2024,12,2,Ohio State,Big Ten,9,1,252.294,209.818,1,0.900,0.951,-0.051,-0.279,346.789,94.495,378,103,109,109,26.160,56
2024,12,3,Notre Dame,FBS Independents,9,1,224.328,165.613,9,0.900,0.918,-0.018,-0.091,319.328,95.000,380,114,119,120,4.127,70
2024,12,4,Indiana,Big Ten,9,0,217.147,173.360,6,1.000,0.865,0.135,0.794,354.902,137.755,362,135,102,98,-9.219,75
2024,12,5,Texas,SEC,9,1,208.834,171.812,7,0.900,0.941,-0.041,-0.222,303.279,94.444,370,119,122,126,19.946,61
2024,12,6,Penn State,Big Ten,9,1,192.086,186.872,4,0.900,0.919,-0.019,-0.094,320.388,128.302,330,136,103,106,30.861,52
2024,12,7,Ole Miss,SEC,7,2,185.321,186.427,5,0.778,0.938,-0.160,-0.909,303.670,118.349,331,129,109,109,35.021,48
2024,12,8,Tulane,American Athletic,8,2,182.619,106.002,22,0.800,0.774,0.026,0.164,335.897,153.279,393,187,117,122,-37.091,95
2024,12,9,Oregon,Big Ten,10,0,172.727,200.889,2,1.000,0.918,0.082,0.488,317.273,144.545,349,159,110,110,31.509,51
2024,12,10,Alabama,SEC,7,2,166.595,198.102,3,0.778,0.911,-0.133,-0.752,306.250,139.655,343,162,112,116,75.868,6
2024,12,11,Miami,ACC,8,1,159.704,143.493,11,0.889,0.783,0.106,0.628,375.238,215.534,394,222,105,103,18.956,63
2024,12,12,James Madison,Sun Belt,7,2,146.941,48.284,45,0.778,0.650,0.127,0.752,298.246,151.304,340,174,114,115,-67.438,116
2024,12,13,Texas State,Sun Belt,5,4,140.683,41.499,50,0.556,0.615,-0.059,-0.326,309.615,168.932,322,174,104,103,-49.683,108
2024,12,14,Boise State,Mountain West,8,1,140.000,127.436,16,0.889,0.770,0.119,0.705,361.905,221.905,380,233,105,105,-20.980,82
2024,12,15,SMU,ACC,8,1,120.836,140.875,12,0.889,0.812,0.077,0.461,306.306,185.470,340,217,111,117,20.458,60
2024,12,16,Tennessee,SEC,7,2,117.594,107.155,20,0.778,0.860,-0.082,-0.460,242.373,124.779,286,141,118,113,41.137,37
2024,12,17,UNLV,Mountain West,7,2,99.904,49.679,44,0.778,0.639,0.139,0.819,294.595,194.690,327,220,111,113,-29.046,89
2024,12,18,Clemson,ACC,8,2,99.703,96.310,25,0.800,0.758,0.042,0.260,279.231,179.528,363,228,130,127,21.411,59
2024,12,19,BYU,Big 12,8,1,98.944,128.188,15,0.889,0.805,0.084,0.503,272.277,173.333,275,182,101,105,25.708,58
2024,12,20,Colorado,Big 12,7,2,98.020,129.895,13,0.778,0.797,-0.019,-0.094,274.336,176.316,310,201,113,114,37.457,43
2024,12,21,Iowa State,Big 12,7,2,97.779,129.282,14,0.778,0.835,-0.057,-0.315,268.807,171.028,293,183,109,107,36.962,44
2024,12,22,Arizona State,Big 12,8,2,93.333,106.334,21,0.800,0.751,0.049,0.301,293.333,200.000,308,228,105,114,19.333,62
2024,12,23,South Carolina,SEC,7,3,93.187,157.866,10,0.700,0.885,-0.185,-1.053,244.800,151.613,306,188,125,124,74.890,7
2024,12,24,Louisiana,Sun Belt,7,2,81.404,13.072,64,0.778,0.530,0.247,1.446,314.737,233.333,299,210,95,90,-61.658,112
2024,12,25,Memphis,American Athletic,8,2,78.206,-10.258,72,0.800,0.473,0.327,1.906,280.645,202.439,348,249,124,123,-80.449,124
2024,12,26,Jacksonville State,Conference USA,7,3,74.400,-60.835,94,0.700,0.358,0.342,1.990,309.600,235.200,387,294,125,125,-118.428,133
2024,12,27,Navy,American Athletic,6,3,72.000,39.720,51,0.667,0.599,0.068,0.406,272.000,200.000,272,214,100,107,-42.933,100
2024,12,28,USC,Big Ten,5,5,68.788,114.919,18,0.500,0.798,-0.298,-1.705,263.478,194.690,303,220,115,113,59.726,22
2024,12,29,Georgia,SEC,7,2,67.460,170.021,8,0.778,0.883,-0.105,-0.589,238.889,171.429,258,180,108,105,100.823,2
2024,12,30,Texas A&M,SEC,7,2,66.964,111.021,19,0.778,0.792,-0.014,-0.066,242.202,175.238,264,184,109,105,45.115,34
2024,12,31,Washington State,Pac-12,7,2,66.364,23.659,60,0.778,0.567,0.211,1.233,300.943,234.579,319,251,106,107,-42.879,99
2024,12,32,Iowa,Big Ten,5,4,66.289,105.850,23,0.556,0.767,-0.211,-1.205,239.623,173.333,254,182,106,105,48.459,31
2024,12,33,Ohio,Mid-American,6,3,62.392,-25.237,78,0.667,0.423,0.244,1.426,238.318,175.926,255,190,107,108,-70.073,118
2024,12,34,Liberty,Conference USA,6,2,58.765,-88.636,106,0.750,0.283,0.467,2.712,261.957,203.191,241,191,92,94,-147.046,134
2024,12,35,Virginia Tech,ACC,5,5,54.677,96.158,27,0.500,0.775,-0.275,-1.574,234.677,180.000,291,225,124,125,38.569,41
2024,12,36,California,ACC,4,5,54.206,44.526,46,0.444,0.641,-0.197,-1.121,235.514,181.308,252,194,107,107,-3.573,72
2024,12,37,Bowling Green,Mid-American,5,4,52.712,27.513,59,0.556,0.579,-0.024,-0.120,232.323,179.612,230,185,99,103,-27.032,88
2024,12,38,Toledo,Mid-American,6,3,51.419,-10.868,73,0.667,0.467,0.200,1.172,223.214,171.795,250,201,112,117,-69.368,117
2024,12,39,Pittsburgh,ACC,6,3,47.432,90.013,29,0.667,0.737,-0.071,-0.393,251.818,204.386,277,233,110,114,34.931,49
2024,12,40,Louisville,ACC,5,4,46.482,96.260,26,0.556,0.718,-0.163,-0.925,290.291,243.810,299,256,103,105,53.282,27
2024,12,41,UConn,FBS Independents,6,3,45.848,-32.715,81,0.667,0.389,0.277,1.619,206.504,160.656,254,196,123,122,-79.480,123
2024,12,42,Minnesota,Big Ten,5,4,45.471,90.955,28,0.556,0.777,-0.222,-1.265,219.000,173.529,219,177,100,102,40.487,38
2024,12,43,North Carolina,ACC,5,4,45.370,67.139,37,0.556,0.658,-0.103,-0.578,270.370,225.000,292,252,108,112,9.147,66
2024,12,44,Marshall,Sun Belt,6,3,36.967,-2.587,69,0.667,0.493,0.174,1.022,246.226,209.259,261,226,106,108,-37.190,96
2024,12,45,Miami (OH),Mid-American,6,4,36.743,-34.113,82,0.600,0.395,0.205,1.203,213.158,176.415,243,187,114,106,-56.623,111
2024,12,46,Kansas State,Big 12,6,3,35.407,86.511,30,0.667,0.727,-0.060,-0.333,244.231,208.824,254,213,104,102,53.260,28
2024,12,47,Western Kentucky,Conference USA,6,3,32.021,-7.465,71,0.667,0.479,0.187,1.100,234.906,202.885,249,211,106,104,-82.248,127
2024,12,48,Sam Houston,Conference USA,8,2,29.916,-57.641,91,0.800,0.330,0.470,2.731,196.032,166.116,247,201,126,121,-84.739,129
2024,12,49,Illinois,Big Ten,6,3,28.427,72.570,35,0.667,0.684,-0.017,-0.084,243.011,214.583,226,206,93,96,46.574,33
2024,12,50,Northern Illinois,Mid-American,5,4,26.779,-11.438,74,0.556,0.459,0.097,0.574,187.156,160.377,204,170,109,106,-42.876,98
2024,12,51,Missouri,SEC,6,3,25.825,51.470,43,0.667,0.657,0.009,0.070,220.000,194.175,231,200,105,103,38.787,40
2024,12,52,South Alabama,Sun Belt,4,5,20.952,-21.551,77,0.444,0.438,0.007,0.054,244.762,223.810,257,235,105,105,-32.871,94
2024,12,53,LSU,SEC,5,4,20.758,118.004,17,0.556,0.786,-0.230,-1.313,239.806,219.048,247,230,103,105,97.689,3
2024,12,54,East Carolina,American Athletic,5,4,18.361,-63.452,96,0.556,0.341,0.214,1.254,248.276,229.915,288,269,116,117,-78.311,122
2024,12,55,Baylor,Big 12,5,4,18.074,56.465,42,0.556,0.631,-0.076,-0.421,273.214,255.140,306,273,112,107,41.648,35
2024,12,56,Duke,ACC,6,3,16.151,20.779,61,0.667,0.575,0.092,0.548,190.551,174.400,242,218,127,125,8.175,68
2024,12,57,Cincinnati,Big 12,4,5,13.121,67.092,38,0.444,0.677,-0.233,-1.328,238.384,225.263,236,214,99,95,61.023,21
2024,12,58,Auburn,SEC,3,6,12.941,33.396,57,0.333,0.623,-0.290,-1.659,193.333,180.392,203,184,105,102,26.516,55
2024,12,59,UCF,Big 12,3,6,11.765,60.230,40,0.333,0.648,-0.315,-1.801,267.647,255.882,273,261,102,102,67.076,15
2024,12,60,Texas Tech,Big 12,5,4,10.719,62.017,39,0.556,0.662,-0.107,-0.599,254.622,243.902,303,300,119,123,54.687,26
2024,12,61,Vanderbilt,SEC,5,4,10.664,78.859,33,0.556,0.690,-0.135,-0.763,234.375,223.711,225,217,96,97,63.130,19
2024,12,62,TCU,Big 12,5,4,10.280,43.615,47,0.556,0.598,-0.043,-0.229,268.224,257.944,287,276,107,107,29.854,53
2024,12,63,Nebraska,Big Ten,4,5,9.074,79.451,32,0.444,0.751,-0.306,-1.754,204.124,195.050,198,197,97,101,55.102,25
2024,12,64,Wisconsin,Big Ten,4,5,7.835,57.358,41,0.444,0.692,-0.247,-1.412,196.296,188.462,212,196,108,104,73.999,8
2024,12,65,Old Dominion,Sun Belt,4,6,7.262,10.580,65,0.400,0.532,-0.132,-0.748,208.800,201.538,261,262,125,130,2.112,71
2024,12,66,San José State,Mountain West,5,4,2.752,-79.817,102,0.556,0.301,0.255,1.490,218.349,215.596,238,235,109,109,-70.981,119
2024,12,67,Syracuse,ACC,6,3,2.560,34.986,56,0.667,0.577,0.089,0.532,273.267,270.707,276,268,101,99,27.275,54
2024,12,68,Fresno State,Mountain West,4,5,2.243,-84.223,104,0.444,0.257,0.187,1.100,225.243,223.000,232,223,103,100,-71.282,120
2024,12,69,Kansas,Big 12,3,6,0.970,73.497,34,0.333,0.683,-0.349,-2.003,251.485,250.515,254,243,101,97,69.081,13
2024,12,70,Florida International,Conference USA,3,6,0.000,-100.183,112,0.333,0.207,0.127,0.748,191.892,191.892,213,213,111,111,-88.711,130
2024,12,71,Louisiana Tech,Conference USA,3,6,-7.668,-110.411,114,0.333,0.164,0.170,0.997,168.696,176.364,194,194,115,110,-108.839,131
2024,12,72,Kentucky,SEC,3,6,-11.024,68.601,36,0.333,0.696,-0.362,-2.077,187.912,198.936,171,187,91,94,65.317,17
2024,12,73,Washington,Big Ten,5,5,-11.286,35.645,55,0.500,0.607,-0.107,-0.601,198.148,209.434,214,222,108,106,55.426,23
2024,12,74,Georgia Tech,ACC,5,4,-12.214,37.493,53,0.556,0.599,-0.043,-0.234,224.742,236.957,218,218,97,92,50.280,30
2024,12,75,Rutgers,Big Ten,5,4,-12.294,37.017,54,0.556,0.596,-0.041,-0.219,214.706,227.000,219,227,102,100,41.226,36
2024,12,76,Oklahoma,SEC,4,5,-15.722,41.689,49,0.444,0.623,-0.179,-1.018,164.103,179.825,192,205,117,114,72.787,10
2024,12,77,North Texas,American Athletic,4,5,-16.484,-36.796,84,0.444,0.418,0.026,0.166,279.130,295.614,321,337,115,114,-32.008,93
2024,12,78,Colorado State,Mountain West,6,3,-17.091,-62.055,95,0.667,0.283,0.384,2.236,186.792,203.883,198,210,106,103,-64.150,114
2024,12,79,Michigan,Big Ten,5,5,-18.085,38.201,52,0.500,0.612,-0.112,-0.632,185.455,203.540,204,230,110,113,66.252,16
2024,12,80,Utah,Big 12,3,6,-18.189,14.757,63,0.333,0.572,-0.238,-1.362,149.580,167.769,178,203,119,121,35.322,47
2024,12,81,NC State,ACC,4,5,-18.274,3.309,68,0.444,0.508,-0.064,-0.351,236.190,254.464,248,285,105,112,9.762,65
2024,12,82,Arkansas,SEC,4,5,-20.532,29.009,58,0.444,0.577,-0.132,-0.748,217.431,237.963,237,257,109,108,55.396,24
2024,12,83,Florida,SEC,4,5,-24.591,84.281,31,0.444,0.718,-0.274,-1.567,215.596,240.187,235,257,109,107,101.296,1
2024,12,84,Coastal Carolina,Sun Belt,4,5,-29.991,-55.342,90,0.444,0.371,0.073,0.439,249.057,279.048,264,293,106,105,-30.588,90
2024,12,85,Boston College,ACC,4,5,-30.672,8.975,66,0.444,0.525,-0.081,-0.450,209.524,240.196,220,245,105,102,38.159,42
2024,12,86,West Virginia,Big 12,4,5,-31.597,42.496,48,0.444,0.597,-0.152,-0.864,257.292,288.889,247,286,96,99,68.844,14
2024,12,87,South Florida,American Athletic,4,5,-32.814,-50.461,89,0.444,0.341,0.103,0.614,196.694,229.508,238,280,121,122,-14.588,77
2024,12,88,Eastern Michigan,Mid-American,4,5,-41.186,-128.710,119,0.444,0.194,0.251,1.465,206.087,247.273,237,272,115,110,-81.274,125
2024,12,89,UTSA,American Athletic,4,5,-41.884,-69.747,97,0.444,0.306,0.139,0.818,200.752,242.636,267,313,133,129,-54.384,109
2024,12,90,Virginia,ACC,4,5,-42.857,7.056,67,0.444,0.522,-0.077,-0.430,191.071,233.929,214,262,112,112,47.515,32
2024,12,91,Maryland,Big Ten,3,6,-44.612,-6.725,70,0.333,0.482,-0.149,-0.842,198.246,242.857,226,272,114,112,62.233,20
2024,12,92,Georgia Southern,Sun Belt,5,4,-45.566,-25.953,79,0.556,0.433,0.123,0.725,221.101,266.667,241,288,109,108,8.762,67
2024,12,93,New Mexico,Mountain West,5,5,-46.070,-173.409,126,0.500,0.285,0.215,1.257,318.692,364.762,341,383,107,105,-74.821,121
2024,12,94,Troy,Sun Belt,2,7,-54.290,-74.662,99,0.222,0.303,-0.080,-0.448,206.316,260.606,196,258,95,99,-24.404,87
2024,12,95,Buffalo,Mid-American,5,4,-54.849,-97.317,109,0.556,0.250,0.306,1.782,202.542,257.391,239,296,118,115,-55.880,110
2024,12,96,Oklahoma State,Big 12,2,7,-57.645,-42.772,88,0.222,0.391,-0.169,-0.960,216.667,274.312,234,299,108,109,36.130,46
2024,12,97,Western Michigan,Mid-American,4,5,-67.006,-76.900,100,0.444,0.330,0.114,0.675,241.905,308.911,254,312,105,101,-24.054,86
2024,12,98,Arizona,Big 12,3,6,-67.547,-27.359,80,0.333,0.415,-0.082,-0.457,192.453,260.000,204,273,106,105,34.860,50
2024,12,99,Oregon State,Pac-12,3,6,-67.778,-102.602,113,0.333,0.263,0.070,0.421,215.556,283.333,194,272,90,96,-31.939,92
2024,12,100,Northwestern,Big Ten,3,6,-68.579,-16.029,76,0.333,0.447,-0.114,-0.643,137.963,206.542,149,221,108,107,53.027,29
2024,12,101,UCLA,Big Ten,4,6,-68.740,19.124,62,0.400,0.550,-0.150,-0.850,191.837,260.577,188,271,98,104,93.359,5
2024,12,102,Nevada,Mountain West,2,8,-70.886,-83.712,103,0.200,0.301,-0.101,-0.568,207.619,278.505,218,298,105,107,-16.450,78
2024,12,103,Houston,Big 12,4,6,-73.031,-36.944,85,0.400,0.362,0.038,0.236,117.647,190.678,140,225,119,118,40.111,39
2024,12,104,Wake Forest,ACC,3,6,-80.128,-34.610,83,0.333,0.411,-0.078,-0.435,203.509,283.636,232,312,114,110,36.187,45
2024,12,105,Arkansas State,Sun Belt,5,4,-82.148,-98.046,111,0.556,0.249,0.307,1.789,196.154,278.302,204,295,104,106,-41.404,97
2024,12,106,UTEP,Conference USA,2,7,-86.157,-176.050,127,0.222,0.086,0.136,0.801,138.843,225.000,168,270,121,120,-83.360,128
2024,12,107,UL Monroe,Sun Belt,4,5,-86.978,-72.125,98,0.444,0.296,0.149,0.876,166.355,253.333,178,266,107,105,-17.392,80
2024,12,108,Utah State,Mountain West,2,7,-88.954,-39.520,87,0.222,0.443,-0.220,-1.257,253.774,342.727,269,377,106,110,-21.149,83
2024,12,109,Air Force,Mountain West,2,7,-89.561,-132.641,121,0.222,0.136,0.086,0.516,159.375,248.936,153,234,96,94,-48.856,106
2024,12,110,Florida Atlantic,American Athletic,1,8,-94.643,-138.536,122,0.111,0.171,-0.060,-0.329,171.429,266.071,180,298,105,112,-43.752,101
2024,12,111,San Diego State,Mountain West,2,7,-95.797,-139.590,123,0.222,0.129,0.093,0.556,162.857,258.654,171,269,105,104,-45.178,103
2024,12,112,Wyoming,Mountain West,2,7,-98.863,-130.829,120,0.222,0.111,0.111,0.660,169.027,267.890,191,292,113,109,-47.701,104
2024,12,113,Hawai'i,Mountain West,2,7,-100.000,-94.455,108,0.222,0.201,0.021,0.139,155.882,255.882,159,261,102,102,-20.532,81
2024,12,114,Michigan State,Big Ten,3,6,-101.495,-15.359,75,0.333,0.451,-0.118,-0.666,150.980,252.475,154,255,102,101,73.822,9
2024,12,115,Rice,American Athletic,2,7,-102.157,-77.653,101,0.222,0.240,-0.018,-0.089,123.333,225.490,148,230,120,102,-22.335,84
2024,12,116,Georgia State,Sun Belt,1,8,-103.774,-111.353,115,0.111,0.223,-0.112,-0.629,172.642,276.415,183,293,106,106,-8.687,74
2024,12,117,Mississippi State,SEC,1,8,-111.441,-38.673,86,0.111,0.417,-0.306,-1.750,222.222,333.663,220,337,99,101,65.029,18
2024,12,118,App State,Sun Belt,3,5,-111.977,-94.098,107,0.375,0.279,0.096,0.572,213.830,325.806,201,303,94,93,-16.790,79
2024,12,119,Kennesaw State,Conference USA,1,8,-112.568,-193.861,132,0.111,0.060,0.051,0.309,144.954,257.522,158,291,109,113,-81.839,126
2024,12,120,Central Michigan,Mid-American,2,7,-116.792,-150.604,125,0.222,0.146,0.076,0.457,163.208,280.000,173,308,106,110,-48.500,105
2024,12,121,Ball State,Mid-American,2,7,-119.461,-97.881,110,0.222,0.269,-0.047,-0.252,223.529,342.991,228,367,102,107,-31.760,91
2024,12,122,Tulsa,American Athletic,2,7,-130.753,-182.208,128,0.222,0.086,0.136,0.803,158.678,289.431,192,356,121,123,-66.009,115
2024,12,123,Temple,American Athletic,3,7,-131.938,-122.100,118,0.300,0.143,0.157,0.925,148.062,280.000,191,350,129,125,-22.732,85
2024,12,124,Stanford,ACC,2,7,-142.127,-59.440,92,0.222,0.331,-0.109,-0.613,166.055,308.182,181,339,109,110,71.391,12
2024,12,125,UAB,American Athletic,1,8,-146.233,-147.802,124,0.111,0.183,-0.072,-0.400,185.586,331.818,206,365,111,110,-8.444,73
2024,12,126,Florida State,ACC,1,9,-152.778,-60.555,93,0.100,0.315,-0.215,-1.226,123.148,275.926,133,298,108,108,71.494,11
2024,12,127,Charlotte,American Athletic,2,7,-157.673,-117.095,117,0.222,0.221,0.001,0.020,173.394,331.068,189,341,109,103,25.853,57
2024,12,128,New Mexico State,Conference USA,1,8,-159.454,-189.045,131,0.111,0.057,0.054,0.328,142.241,301.695,165,356,116,118,-63.531,113
2024,12,129,Massachusetts,FBS Independents,0,8,-161.172,-183.504,129,0.000,0.109,-0.109,-0.616,155.682,316.854,137,282,88,89,-44.786,102
2024,12,130,Akron,Mid-American,1,8,-161.607,-115.850,116,0.111,0.197,-0.085,-0.478,138.393,300.000,155,333,112,111,10.290,64
2024,12,131,Middle Tennessee,Conference USA,2,7,-164.078,-209.436,134,0.222,0.080,0.142,0.836,135.922,300.000,140,315,103,105,-48.923,107
2024,12,132,Southern Miss,Sun Belt,0,9,-224.074,-204.915,133,0.000,0.054,-0.054,-0.299,105.556,329.630,114,356,108,108,-12.511,76
2024,12,133,Purdue,Big Ten,0,9,-263.103,-84.733,105,0.000,0.281,-0.281,-1.606,118.269,381.373,123,389,104,102,94.882,4
2024,12,134,Kent State,Mid-American,0,9,-266.964,-186.102,130,0.000,0.083,-0.083,-0.464,112.500,379.464,126,425,112,112,5.412,69
2024,13,1,Ohio State,Big Ten,10,1,254.209,229.346,1,0.909,0.961,-0.052,-0.300,352.542,98.333,416,118,118,120,36.397,49
2024,13,2,Army,American Athletic,8,1,233.524,79.418,32,0.889,0.713,0.176,1.039,380.263,146.739,289,135,76,92,-78.208,124
2024,13,3,Notre Dame,FBS Independents,10,1,231.538,183.420,3,0.909,0.930,-0.021,-0.117,330.000,98.462,429,128,130,130,14.631,63
2024,13,4,Texas,SEC,10,1,202.173,177.451,5,0.909,0.943,-0.034,-0.196,299.254,97.080,401,133,134,137,27.476,57
2024,13,5,Tulane,American Athletic,8,2,182.619,111.180,18,0.800,0.786,0.014,0.086,335.897,153.279,393,187,117,122,-31.913,91
2024,13,6,Penn State,Big Ten,10,1,174.674,178.576,4,0.909,0.904,0.005,0.036,312.281,137.607,356,161,114,117,35.922,50
2024,13,7,Oregon,Big Ten,10,0,172.727,201.953,2,1.000,0.922,0.078,0.467,317.273,144.545,349,159,110,110,32.572,54
2024,13,8,Indiana,Big Ten,9,1,171.946,148.827,12,0.900,0.824,0.076,0.452,333.628,161.682,377,173,113,107,13.092,65
2024,13,9,Miami,ACC,9,1,167.013,152.995,11,0.900,0.801,0.099,0.588,375.862,208.850,436,236,116,113,16.729,62
2024,13,10,Ole Miss,SEC,7,3,163.213,174.815,6,0.700,0.927,-0.227,-1.329,287.603,124.390,348,153,121,123,41.526,41
2024,13,11,Tennessee,SEC,8,2,148.935,96.290,28,0.800,0.836,-0.036,-0.207,259.091,110.156,342,141,132,128,16.874,61
2024,13,12,Alabama,SEC,7,3,134.807,156.140,9,0.700,0.866,-0.166,-0.967,283.607,148.800,346,186,122,125,69.796,11
2024,13,13,Boise State,Mountain West,9,1,130.172,105.857,22,0.900,0.732,0.168,0.991,342.241,212.069,397,246,116,116,-31.354,90
2024,13,14,SMU,ACC,9,1,129.609,154.941,10,0.900,0.840,0.060,0.356,303.252,173.643,373,224,123,129,24.899,58
2024,13,15,Texas State,Sun Belt,5,5,121.295,26.191,60,0.500,0.570,-0.070,-0.406,312.821,191.525,366,226,117,118,-55.053,107
2024,13,16,James Madison,Sun Belt,7,3,119.685,21.279,63,0.700,0.567,0.133,0.785,283.465,163.780,360,208,127,127,-69.923,121
2024,13,17,Clemson,ACC,8,2,99.703,98.750,26,0.800,0.762,0.038,0.230,279.231,179.528,363,228,130,127,23.851,59
2024,13,18,UNLV,Mountain West,8,2,97.482,48.068,44,0.800,0.636,0.164,0.969,287.805,190.323,354,236,123,124,-30.740,88
2024,13,19,Georgia,SEC,8,2,95.368,160.051,7,0.800,0.858,-0.058,-0.336,268.644,173.276,317,201,118,116,67.864,12
2024,13,20,South Carolina,SEC,7,3,93.187,156.894,8,0.700,0.884,-0.184,-1.076,244.800,151.613,306,188,125,124,73.919,10
2024,13,21,Louisiana,Sun Belt,8,2,91.064,22.758,62,0.800,0.552,0.248,1.464,324.074,233.010,350,240,108,103,-60.653,111
2024,13,22,Iowa State,Big 12,8,2,89.658,119.010,15,0.800,0.795,0.005,0.034,270.000,180.342,324,211,120,117,35.740,51
2024,13,23,BYU,Big 12,8,2,88.300,131.967,13,0.800,0.811,-0.011,-0.060,270.909,182.609,298,210,110,115,42.180,39
2024,13,24,Arizona State,Big 12,9,2,88.109,112.251,17,0.818,0.765,0.053,0.320,292.174,204.065,336,251,115,123,30.937,55
2024,13,25,Jacksonville State,Conference USA,8,3,80.841,-44.765,87,0.727,0.393,0.334,1.970,306.767,225.926,408,305,133,135,-110.986,133
2024,13,26,Colorado,Big 12,7,3,78.472,105.335,23,0.700,0.744,-0.044,-0.255,273.554,195.082,331,238,121,122,42.141,40
2024,13,27,Memphis,American Athletic,8,2,78.206,-12.188,71,0.800,0.468,0.332,1.959,280.645,202.439,348,249,124,123,-82.378,127
2024,13,28,Iowa,Big Ten,6,4,73.164,102.642,24,0.600,0.770,-0.170,-0.994,239.831,166.667,283,195,118,117,37.657,46
2024,13,29,Navy,American Athletic,6,3,72.000,42.163,49,0.667,0.606,0.060,0.360,272.000,200.000,272,214,100,107,-40.490,98
2024,13,30,Ohio,Mid-American,7,3,70.287,-10.227,70,0.700,0.468,0.232,1.370,234.454,164.167,279,197,119,120,-64.746,115
2024,13,31,Liberty,Conference USA,7,2,69.683,-58.775,94,0.778,0.354,0.424,2.496,273.529,203.846,279,212,102,104,-129.584,134
2024,13,32,USC,Big Ten,6,5,68.169,110.608,19,0.545,0.798,-0.252,-1.475,257.600,189.431,322,233,125,123,54.978,25
2024,13,33,Bowling Green,Mid-American,6,4,67.112,27.966,59,0.600,0.582,0.018,0.112,239.286,172.174,268,198,112,115,-39.522,97
2024,13,34,Louisville,ACC,6,4,65.678,125.665,14,0.600,0.778,-0.178,-1.043,292.174,226.496,336,265,115,117,63.652,17
2024,13,35,Texas A&M,SEC,7,3,58.801,109.048,20,0.700,0.776,-0.076,-0.439,247.967,189.167,305,227,123,120,49.114,31
2024,13,36,Washington State,Pac-12,7,3,58.186,6.707,66,0.700,0.518,0.182,1.076,307.759,249.573,357,292,116,117,-50.178,104
2024,13,37,Kansas State,Big 12,7,3,54.310,107.346,21,0.700,0.773,-0.073,-0.425,254.310,200.000,295,228,116,114,55.753,24
2024,13,38,California,ACC,5,5,53.694,40.006,51,0.500,0.625,-0.125,-0.729,235.897,182.203,276,215,117,118,-8.192,73
2024,13,39,Virginia Tech,ACC,5,6,44.681,92.043,30,0.455,0.765,-0.310,-1.816,226.241,181.560,319,256,141,141,42.329,38
2024,13,40,Miami (OH),Mid-American,7,4,41.209,-29.650,78,0.636,0.407,0.229,1.354,208.730,167.521,263,196,126,117,-57.827,109
2024,13,41,South Alabama,Sun Belt,5,5,40.707,-14.536,74,0.500,0.459,0.041,0.247,251.724,211.017,292,249,116,118,-45.773,102
2024,13,42,Minnesota,Big Ten,5,5,40.174,96.973,27,0.500,0.783,-0.283,-1.656,219.820,179.646,244,203,111,113,52.461,26
2024,13,43,Missouri,SEC,7,3,40.092,63.962,38,0.700,0.691,0.009,0.059,234.783,194.690,270,220,115,113,33.547,53
2024,13,44,UConn,FBS Independents,6,4,38.060,-30.575,80,0.600,0.395,0.205,1.209,207.463,169.403,278,227,134,134,-68.648,120
2024,13,45,Marshall,Sun Belt,7,3,36.798,6.074,67,0.700,0.516,0.184,1.085,252.500,215.702,303,261,120,121,-28.146,86
2024,13,46,Toledo,Mid-American,6,4,32.839,-27.788,77,0.600,0.414,0.186,1.101,207.258,174.419,257,225,124,129,-66.271,117
2024,13,47,Illinois,Big Ten,7,3,30.596,78.904,33,0.700,0.692,0.008,0.053,256.311,225.714,264,237,103,105,51.952,27
2024,13,48,Nebraska,Big Ten,5,5,27.282,90.087,31,0.500,0.764,-0.264,-1.546,222.018,194.737,242,222,109,114,50.737,29
2024,13,49,TCU,Big 12,6,4,24.726,56.366,40,0.600,0.623,-0.023,-0.130,282.353,257.627,336,304,119,118,28.602,56
2024,13,50,North Carolina,ACC,5,5,24.543,42.668,48,0.500,0.602,-0.102,-0.595,260.833,236.290,313,293,120,124,7.142,67
2024,13,51,East Carolina,American Athletic,6,4,23.846,-51.960,92,0.600,0.364,0.236,1.390,252.308,228.462,328,297,130,130,-72.366,123
2024,13,52,LSU,SEC,6,4,23.380,114.783,16,0.600,0.778,-0.178,-1.041,241.964,218.584,271,247,112,113,91.082,3
2024,13,53,Michigan,Big Ten,6,5,21.344,57.463,39,0.545,0.665,-0.120,-0.698,211.667,190.323,254,236,120,124,57.014,23
2024,13,54,Pittsburgh,ACC,6,4,20.141,65.515,37,0.600,0.683,-0.083,-0.480,234.426,214.286,286,270,122,126,39.275,43
2024,13,55,Baylor,Big 12,6,4,18.938,54.190,41,0.600,0.631,-0.031,-0.179,262.903,243.966,326,283,124,116,35.300,52
2024,13,56,Texas Tech,Big 12,6,4,17.751,52.837,42,0.600,0.636,-0.036,-0.203,269.925,252.174,359,348,133,138,38.240,45
2024,13,57,Duke,ACC,7,3,17.670,28.127,58,0.700,0.598,0.102,0.605,190.909,173.239,273,246,143,142,13.879,64
2024,13,58,Sam Houston,Conference USA,8,3,17.613,-77.188,101,0.727,0.272,0.455,2.681,189.706,172.093,258,222,136,129,-87.959,130
2024,13,59,Northern Illinois,Mid-American,5,5,16.483,-20.864,76,0.500,0.425,0.075,0.446,177.500,161.017,213,190,120,118,-40.673,99
2024,13,60,Kansas,Big 12,4,6,15.544,101.948,25,0.400,0.738,-0.338,-1.978,266.972,251.429,291,264,109,105,77.974,6
2024,13,61,Western Kentucky,Conference USA,6,4,14.338,-33.752,81,0.600,0.409,0.191,1.127,232.759,218.421,270,249,116,114,-84.058,129
2024,13,62,Auburn,SEC,4,6,11.034,42.880,47,0.400,0.646,-0.246,-1.440,205.000,193.966,246,225,120,116,37.308,48
2024,13,63,Fresno State,Mountain West,5,5,7.324,-74.893,100,0.500,0.283,0.217,1.279,224.138,216.814,260,245,116,113,-67.862,119
2024,13,64,Syracuse,ACC,7,3,6.227,34.318,54,0.700,0.575,0.125,0.737,271.681,265.455,307,292,113,110,23.363,60
2024,13,65,Vanderbilt,SEC,5,5,5.334,75.686,35,0.500,0.686,-0.186,-1.087,232.692,227.358,242,241,104,106,66.947,13
2024,13,66,Oklahoma,SEC,5,5,3.687,77.729,34,0.500,0.727,-0.227,-1.327,171.429,167.742,216,208,126,124,82.051,5
2024,13,67,Old Dominion,Sun Belt,4,7,3.382,8.464,65,0.364,0.525,-0.161,-0.941,214.493,211.111,296,304,138,144,3.563,68
2024,13,68,UCF,Big 12,3,7,1.786,43.873,45,0.300,0.611,-0.311,-1.823,262.500,260.714,294,292,112,112,60.034,20
2024,13,69,Arkansas,SEC,5,5,0.813,31.182,56,0.500,0.584,-0.084,-0.488,221.138,220.325,272,271,123,123,39.264,44
2024,13,70,Florida International,Conference USA,3,7,-2.317,-109.478,116,0.300,0.190,0.110,0.653,189.683,192.000,239,240,126,125,-97.201,131
2024,13,71,South Florida,American Athletic,5,5,-3.313,-48.071,90,0.500,0.354,0.146,0.861,218.116,221.429,301,310,138,140,-33.236,92
2024,13,72,San José State,Mountain West,5,5,-4.862,-72.711,99,0.500,0.311,0.189,1.115,211.667,216.529,254,262,120,121,-56.804,108
2024,13,73,Georgia Tech,ACC,6,4,-7.564,42.163,50,0.600,0.614,-0.014,-0.075,225.455,233.019,248,247,110,106,51.309,28
2024,13,74,Boston College,ACC,5,5,-10.256,31.501,55,0.500,0.587,-0.087,-0.506,223.077,233.333,261,266,117,114,41.100,42
2024,13,75,Wisconsin,Big Ten,4,6,-11.029,34.384,53,0.400,0.608,-0.208,-1.218,195.868,206.897,237,240,121,116,66.797,14
2024,13,76,Washington,Big Ten,5,5,-11.286,28.581,57,0.500,0.586,-0.086,-0.502,198.148,209.434,214,222,108,106,48.361,32
2024,13,77,Cincinnati,Big 12,4,6,-12.192,43.496,46,0.400,0.617,-0.217,-1.268,226.126,238.318,251,255,111,107,59.701,21
2024,13,78,Rutgers,Big Ten,5,5,-15.684,35.553,52,0.500,0.589,-0.089,-0.519,225.225,240.909,250,265,111,110,42.897,37
2024,13,79,Utah,Big 12,3,7,-17.583,25.662,61,0.300,0.610,-0.310,-1.813,159.690,177.273,206,234,129,132,44.353,35
2024,13,80,NC State,ACC,4,6,-19.227,3.154,68,0.400,0.508,-0.108,-0.628,232.773,252.000,277,315,119,125,11.324,66
2024,13,81,UTSA,American Athletic,5,5,-19.293,-64.762,97,0.500,0.322,0.178,1.053,212.000,231.293,318,340,150,147,-65.935,116
2024,13,82,West Virginia,Big 12,5,5,-19.387,50.767,43,0.500,0.618,-0.118,-0.686,262.264,281.651,278,307,106,109,64.481,15
2024,13,83,Florida,SEC,5,5,-19.683,92.307,29,0.500,0.741,-0.241,-1.412,210.569,230.252,259,274,123,119,104.644,1
2024,13,84,Colorado State,Mountain West,6,4,-20.298,-64.063,96,0.600,0.281,0.319,1.881,184.874,205.172,220,238,119,116,-61.334,112
2024,13,85,North Texas,American Athletic,4,6,-21.875,-45.810,88,0.400,0.397,0.003,0.026,272.656,294.531,349,377,128,128,-34.467,94
2024,13,86,Kentucky,SEC,3,7,-24.288,65.707,36,0.300,0.685,-0.385,-2.259,181.373,205.660,185,218,102,106,75.858,8
2024,13,87,Louisiana Tech,Conference USA,3,7,-24.677,-115.296,117,0.300,0.151,0.149,0.883,160.000,184.677,208,229,130,124,-98.215,132
2024,13,88,Georgia Southern,Sun Belt,6,4,-26.148,-18.819,75,0.600,0.447,0.153,0.902,218.852,245.000,267,294,122,120,-2.576,71
2024,13,89,Buffalo,Mid-American,6,4,-35.870,-88.710,109,0.600,0.268,0.332,1.956,209.091,244.961,276,316,132,129,-63.560,114
2024,13,90,Coastal Carolina,Sun Belt,4,6,-41.525,-65.123,98,0.400,0.340,0.060,0.358,228.814,270.339,270,319,118,118,-27.844,84
2024,13,91,New Mexico,Mountain West,5,5,-46.070,-169.804,126,0.500,0.289,0.211,1.246,318.692,364.762,341,383,107,105,-71.216,122
2024,13,92,Eastern Michigan,Mid-American,4,6,-49.969,-134.985,122,0.400,0.180,0.220,1.295,199.225,249.194,257,309,129,124,-80.150,126
2024,13,93,Maryland,Big Ten,3,7,-53.059,-14.146,73,0.300,0.461,-0.161,-0.941,189.683,242.742,239,301,126,124,61.249,18
2024,13,94,Western Michigan,Mid-American,4,6,-57.222,-83.946,105,0.400,0.306,0.094,0.560,233.043,290.265,268,328,115,113,-37.052,96
2024,13,95,Oregon State,Pac-12,4,6,-57.453,-88.523,108,0.400,0.304,0.096,0.572,235.000,292.453,235,310,100,106,-27.927,85
2024,13,96,Oklahoma State,Big 12,2,8,-59.350,-35.176,83,0.200,0.414,-0.214,-1.250,229.268,288.618,282,355,123,123,43.836,36
2024,13,97,Virginia,ACC,4,6,-59.677,0.016,69,0.400,0.500,-0.100,-0.582,178.226,237.903,221,295,124,124,58.095,22
2024,13,98,Utah State,Mountain West,3,7,-62.260,-36.175,84,0.300,0.445,-0.145,-0.847,260.504,322.764,310,397,119,123,-35.795,95
2024,13,99,Nevada,Mountain West,2,9,-65.610,-86.341,106,0.182,0.295,-0.113,-0.661,207.895,273.504,237,320,114,117,-24.386,81
2024,13,100,Troy,Sun Belt,2,8,-66.634,-82.751,103,0.200,0.290,-0.090,-0.522,209.259,275.893,226,309,108,112,-21.365,79
2024,13,101,UCLA,Big Ten,4,7,-68.275,18.680,64,0.364,0.550,-0.187,-1.092,186.111,254.386,201,290,108,114,91.621,2
2024,13,102,Arkansas State,Sun Belt,6,4,-68.905,-87.741,107,0.600,0.270,0.330,1.947,203.509,272.414,232,316,114,116,-43.763,100
2024,13,103,Houston,Big 12,4,7,-71.274,-30.272,79,0.364,0.379,-0.016,-0.087,117.188,188.462,150,245,128,130,44.829,34
2024,13,104,Arizona,Big 12,3,7,-76.923,-33.968,82,0.300,0.399,-0.099,-0.574,198.291,275.214,232,322,117,117,37.408,47
2024,13,105,Air Force,Mountain West,3,7,-80.537,-123.501,119,0.300,0.153,0.147,0.872,165.094,245.631,175,253,106,103,-48.983,103
2024,13,106,App State,Sun Belt,4,5,-83.019,-61.863,95,0.444,0.348,0.096,0.570,221.698,304.717,235,323,106,106,-7.532,72
2024,13,107,UL Monroe,Sun Belt,4,6,-85.567,-80.491,102,0.400,0.274,0.126,0.748,170.085,255.652,199,294,117,115,-24.231,80
2024,13,108,Michigan State,Big Ten,4,6,-86.116,-13.052,72,0.400,0.459,-0.059,-0.340,158.929,245.045,178,272,112,111,60.212,19
2024,13,109,Georgia State,Sun Belt,2,8,-88.978,-93.493,110,0.200,0.271,-0.071,-0.414,194.215,283.193,235,337,121,119,-1.914,70
2024,13,110,Wyoming,Mountain West,2,8,-92.984,-109.270,115,0.200,0.150,0.050,0.297,164.516,257.500,204,309,124,120,-30.818,89
2024,13,111,Wake Forest,ACC,3,7,-94.175,-42.242,86,0.300,0.391,-0.091,-0.527,198.387,292.562,246,354,124,121,45.657,33
2024,13,112,Florida Atlantic,American Athletic,1,9,-97.061,-151.182,125,0.100,0.153,-0.053,-0.306,176.923,273.984,207,337,117,123,-52.922,105
2024,13,113,Kennesaw State,Conference USA,2,8,-97.250,-182.075,130,0.200,0.075,0.125,0.742,150.407,247.656,185,317,123,128,-83.208,128
2024,13,114,Hawai'i,Mountain West,2,7,-100.000,-100.754,111,0.222,0.192,0.031,0.186,155.882,255.882,159,261,102,102,-26.831,83
2024,13,115,Northwestern,Big Ten,3,7,-101.372,-40.457,85,0.300,0.370,-0.070,-0.409,130.252,231.624,155,271,119,117,50.238,30
2024,13,116,San Diego State,Mountain West,2,8,-103.093,-146.193,123,0.200,0.098,0.102,0.607,161.864,264.957,191,310,118,117,-45.068,101
2024,13,117,Central Michigan,Mid-American,3,7,-108.164,-146.790,124,0.300,0.142,0.158,0.935,160.169,268.333,189,322,118,120,-54.229,106
2024,13,118,UAB,American Athletic,2,8,-110.656,-123.588,120,0.200,0.226,-0.026,-0.145,200.000,310.656,246,379,123,122,-19.832,77
2024,13,119,Rice,American Athletic,2,8,-114.115,-106.727,112,0.200,0.173,0.027,0.162,122.727,236.842,162,270,132,114,-33.481,93
2024,13,120,Mississippi State,SEC,1,9,-118.555,-48.570,91,0.100,0.396,-0.296,-1.736,220.183,338.739,240,376,109,111,63.762,16
2024,13,121,UTEP,Conference USA,2,8,-119.754,-171.079,127,0.200,0.086,0.114,0.673,123.529,243.284,168,326,136,134,-67.658,118
2024,13,122,Ball State,Mid-American,2,8,-126.096,-106.898,113,0.200,0.250,-0.050,-0.291,211.404,337.500,241,405,114,120,-28.991,87
2024,13,123,Charlotte,American Athletic,3,7,-130.000,-116.100,118,0.300,0.228,0.072,0.431,190.000,320.000,228,368,120,115,-0.401,69
2024,13,124,Akron,Mid-American,2,8,-130.153,-107.148,114,0.200,0.218,-0.018,-0.103,154.400,284.553,193,350,125,123,-8.685,74
2024,13,125,New Mexico State,Conference USA,2,8,-133.731,-173.685,128,0.200,0.084,0.116,0.689,160.800,294.531,201,377,125,128,-79.723,125
2024,13,126,Temple,American Athletic,3,8,-134.095,-128.835,121,0.273,0.141,0.132,0.779,148.299,282.394,218,401,147,142,-24.863,82
2024,13,127,Stanford,ACC,2,8,-134.167,-48.015,89,0.200,0.364,-0.164,-0.958,168.333,302.500,202,363,120,120,74.642,9
2024,13,128,Tulsa,American Athletic,2,8,-139.573,-184.211,131,0.200,0.090,0.110,0.653,159.712,299.286,222,419,139,140,-62.182,113
2024,13,129,Florida State,ACC,1,9,-152.778,-55.811,93,0.100,0.329,-0.229,-1.339,123.148,275.926,133,298,108,108,76.238,7
2024,13,130,Middle Tennessee,Conference USA,2,8,-165.417,-222.329,134,0.200,0.077,0.123,0.726,142.478,307.895,161,351,113,114,-58.867,110
2024,13,131,Massachusetts,FBS Independents,0,9,-184.848,-177.129,129,0.000,0.130,-0.130,-0.756,159.596,344.444,158,341,99,99,-20.592,78
2024,13,132,Southern Miss,Sun Belt,0,10,-222.786,-207.573,133,0.000,0.051,-0.051,-0.296,105.785,328.571,128,391,121,119,-13.360,76
2024,13,133,Purdue,Big Ten,0,10,-245.943,-83.190,104,0.000,0.279,-0.279,-1.631,122.807,368.750,140,413,114,112,85.464,4
2024,13,134,Kent State,Mid-American,0,10,-255.077,-197.878,132,0.000,0.075,-0.075,-0.438,115.323,370.400,143,463,124,125,-10.451,75
2024,14,1,Ohio State,Big Ten,10,2,232.812,213.328,1,0.833,0.954,-0.121,-0.698,332.812,100.000,426,131,128,131,37.974,49
2024,14,2,Notre Dame,FBS Independents,11,1,222.634,191.608,3,0.917,0.924,-0.008,-0.035,336.620,113.986,478,163,142,143,25.293,60
2024,14,3,Army,American Athletic,9,1,209.635,68.098,36,0.900,0.682,0.218,1.288,365.517,155.882,318,159,87,102,-74.641,122
2024,14,4,Indiana,Big Ten,10,1,203.119,142.653,11,0.909,0.826,0.083,0.497,346.094,142.975,443,173,128,121,2.288,68
2024,14,5,Texas,SEC,11,1,192.385,175.806,4,0.917,0.946,-0.029,-0.160,288.276,95.890,418,140,145,146,31.932,55
2024,14,6,Penn State,Big Ten,11,1,183.269,172.041,5,0.917,0.900,0.017,0.107,312.500,129.231,400,168,128,130,24.928,61
2024,14,7,Oregon,Big Ten,11,0,178.926,204.402,2,1.000,0.910,0.090,0.537,328.926,150.000,398,180,121,120,29.015,57
2024,14,8,Tulane,American Athletic,8,3,162.181,91.655,28,0.727,0.738,-0.010,-0.052,328.346,166.165,417,221,127,133,-32.149,85
2024,14,9,Ole Miss,SEC,8,3,154.478,157.401,7,0.727,0.914,-0.187,-1.088,279.104,124.627,374,167,134,134,29.618,56
2024,14,10,Miami,ACC,9,2,150.174,140.404,12,0.818,0.776,0.042,0.257,376.190,226.016,474,278,126,123,20.163,62
2024,14,11,Tennessee,SEC,9,2,146.350,100.757,25,0.818,0.836,-0.017,-0.092,264.336,117.986,378,164,143,139,17.817,64
2024,14,12,SMU,ACC,10,1,141.324,168.052,6,0.909,0.864,0.045,0.274,304.444,163.121,411,230,135,141,28.620,58
2024,14,13,Alabama,SEC,8,3,133.119,150.784,8,0.727,0.859,-0.131,-0.762,279.104,145.985,374,200,134,137,61.683,23
2024,14,14,Boise State,Mountain West,10,1,131.496,102.724,23,0.909,0.733,0.176,1.046,339.370,207.874,431,264,127,127,-35.235,87
2024,14,15,Texas State,Sun Belt,6,5,113.077,25.020,59,0.545,0.565,-0.019,-0.104,316.154,203.077,411,264,130,130,-51.519,103
2024,14,16,Arizona State,Big 12,10,2,113.018,122.422,16,0.833,0.786,0.047,0.287,305.556,192.537,385,258,126,134,26.672,59
2024,14,17,UNLV,Mountain West,9,2,110.403,61.245,40,0.818,0.669,0.149,0.886,296.970,186.567,392,250,132,134,-36.054,90
2024,14,18,Colorado,Big 12,8,3,109.154,112.124,18,0.727,0.771,-0.044,-0.249,281.618,172.464,383,238,136,138,37.705,50
2024,14,19,James Madison,Sun Belt,7,4,107.410,10.977,64,0.636,0.533,0.103,0.616,284.783,177.372,393,243,138,137,-67.388,117
2024,14,20,BYU,Big 12,9,2,93.806,134.063,14,0.818,0.808,0.010,0.067,273.333,179.528,328,228,120,127,38.802,48
2024,14,21,Louisiana,Sun Belt,9,2,91.798,20.183,61,0.818,0.546,0.272,1.606,322.500,230.702,387,263,120,114,-64.668,114
2024,14,22,Clemson,ACC,8,3,89.234,103.087,22,0.727,0.778,-0.050,-0.285,265.493,176.259,377,245,142,139,37.270,51
2024,14,23,South Carolina,SEC,8,3,87.237,149.068,9,0.727,0.879,-0.152,-0.884,235.766,148.529,323,202,137,136,71.364,10
2024,14,24,Iowa State,Big 12,9,2,84.382,122.111,17,0.818,0.808,0.011,0.073,261.481,177.099,353,232,135,131,42.472,39
2024,14,25,Georgia,SEC,9,2,82.160,148.115,10,0.818,0.839,-0.021,-0.114,263.504,181.343,361,243,137,134,64.468,19
2024,14,26,Ohio,Mid-American,8,3,81.128,-1.056,71,0.727,0.497,0.231,1.364,245.038,163.910,321,218,131,133,-67.752,118
2024,14,27,Louisville,ACC,7,4,80.884,140.218,13,0.636,0.809,-0.173,-1.007,292.248,211.364,377,279,129,132,65.704,18
2024,14,28,Memphis,American Athletic,9,2,77.700,5.222,67,0.818,0.514,0.305,1.798,282.963,205.263,382,273,135,133,-64.868,115
2024,14,29,Navy,American Athletic,7,3,73.421,42.371,49,0.700,0.611,0.089,0.534,268.421,195.000,306,234,114,120,-40.918,95
2024,14,30,Jacksonville State,Conference USA,8,4,69.712,-44.509,89,0.667,0.389,0.278,1.641,287.162,217.450,425,324,148,149,-103.346,131
2024,14,31,Iowa,Big Ten,7,4,65.798,100.544,26,0.636,0.774,-0.138,-0.800,225.954,160.156,296,205,131,128,40.640,45
2024,14,32,Liberty,Conference USA,7,3,59.424,-61.021,96,0.700,0.342,0.358,2.113,256.034,196.610,297,232,116,118,-123.320,134
2024,14,33,Washington State,Pac-12,7,4,54.141,-0.344,70,0.636,0.499,0.137,0.816,292.126,237.984,371,307,127,129,-52.263,104
2024,14,34,Virginia Tech,ACC,6,6,53.074,100.814,24,0.500,0.784,-0.284,-1.658,232.680,179.605,356,273,153,152,42.428,40
2024,14,35,Texas A&M,SEC,7,4,50.104,106.527,20,0.636,0.778,-0.142,-0.823,236.364,186.260,312,244,132,131,59.020,26
2024,14,36,Minnesota,Big Ten,6,5,49.886,103.642,21,0.545,0.801,-0.255,-1.488,217.886,168.000,268,210,123,125,50.298,33
2024,14,37,USC,Big Ten,6,6,49.807,107.799,19,0.500,0.776,-0.276,-1.613,258.696,208.889,357,282,138,135,68.396,15
2024,14,38,Bowling Green,Mid-American,6,5,48.806,10.362,65,0.545,0.531,0.015,0.095,224.000,175.194,280,226,125,129,-41.201,97
2024,14,39,Miami (OH),Mid-American,8,4,47.857,-17.521,74,0.667,0.443,0.224,1.323,207.857,160.000,291,208,140,130,-52.324,105
2024,14,40,Kansas State,Big 12,7,4,43.852,99.849,27,0.636,0.760,-0.123,-0.715,243.077,199.225,316,257,130,129,56.886,28
2024,14,41,Missouri,SEC,8,3,42.465,65.963,37,0.727,0.694,0.033,0.205,238.400,195.935,298,241,125,123,31.949,54
2024,14,42,Texas Tech,Big 12,7,4,41.793,77.238,33,0.636,0.690,-0.053,-0.304,285.417,243.624,411,363,144,149,40.828,43
2024,14,43,LSU,SEC,7,4,39.556,124.099,15,0.636,0.793,-0.157,-0.910,252.459,212.903,308,264,122,124,82.966,3
2024,14,44,UConn,FBS Independents,7,4,39.332,-35.041,81,0.636,0.389,0.248,1.465,221.088,181.757,325,269,147,148,-75.247,123
2024,14,45,Marshall,Sun Belt,8,3,37.273,7.140,66,0.727,0.518,0.209,1.237,260.000,222.727,338,294,130,132,-28.514,82
2024,14,46,Baylor,Big 12,7,4,36.720,83.046,31,0.636,0.695,-0.059,-0.337,274.815,238.095,371,300,135,126,44.137,37
2024,14,47,Illinois,Big Ten,8,3,33.543,73.277,34,0.727,0.678,0.049,0.300,258.120,224.576,302,265,117,118,43.680,38
2024,14,48,South Alabama,Sun Belt,5,6,33.385,-13.156,72,0.455,0.464,-0.010,-0.047,257.812,224.427,330,294,128,131,-38.873,93
2024,14,49,TCU,Big 12,7,4,28.110,65.504,38,0.636,0.649,-0.012,-0.062,273.846,245.736,356,317,130,129,34.480,53
2024,14,50,Nebraska,Big Ten,5,6,24.961,90.190,29,0.455,0.771,-0.317,-1.849,210.000,185.039,252,235,120,127,55.244,29
2024,14,51,California,ACC,5,6,23.989,31.637,54,0.455,0.603,-0.148,-0.862,218.605,194.615,282,253,129,130,9.032,67
2024,14,52,Toledo,Mid-American,6,5,23.762,-38.001,84,0.545,0.383,0.163,0.967,200.741,176.978,271,246,135,139,-65.464,116
2024,14,53,Northern Illinois,Mid-American,6,5,21.226,-23.930,76,0.545,0.414,0.131,0.779,180.916,159.690,237,206,131,129,-48.550,100
2024,14,54,Michigan,Big Ten,7,5,20.235,70.566,35,0.583,0.709,-0.126,-0.729,203.817,183.582,267,246,131,134,68.638,14
2024,14,55,North Carolina,ACC,5,6,18.479,38.041,51,0.455,0.593,-0.138,-0.802,257.895,239.416,343,328,133,137,9.241,66
2024,14,56,Duke,ACC,8,3,17.848,27.001,57,0.727,0.597,0.131,0.778,189.744,171.895,296,263,156,153,12.014,65
2024,14,57,Sam Houston,Conference USA,9,3,17.501,-73.946,102,0.750,0.273,0.477,2.811,185.333,167.832,278,240,150,143,-85.010,130
2024,14,58,Western Kentucky,Conference USA,7,4,16.106,-31.855,79,0.636,0.409,0.227,1.344,222.308,206.202,289,266,130,129,-79.622,127
2024,14,59,East Carolina,American Athletic,6,5,13.496,-53.246,92,0.545,0.360,0.185,1.098,243.357,229.861,348,331,143,144,-63.705,113
2024,14,60,Pittsburgh,ACC,6,5,10.184,55.963,42,0.545,0.656,-0.110,-0.639,228.889,218.705,309,304,135,139,39.800,46
2024,14,61,Syracuse,ACC,8,3,8.740,52.519,45,0.727,0.614,0.114,0.678,283.740,275.000,349,330,123,120,38.923,47
2024,14,62,Old Dominion,Sun Belt,5,7,8.615,2.960,68,0.417,0.508,-0.092,-0.529,224.000,215.385,336,336,150,156,-7.088,69
2024,14,63,Rutgers,Big Ten,6,5,6.042,53.300,44,0.545,0.630,-0.085,-0.489,240.496,234.454,291,279,121,119,36.845,52
2024,14,64,Florida International,Conference USA,4,7,5.882,-109.296,116,0.364,0.198,0.166,0.982,200.000,194.118,274,264,137,136,-107.226,133
2024,14,65,Fresno State,Mountain West,5,6,2.957,-68.577,99,0.455,0.295,0.160,0.948,216.667,213.710,273,265,126,124,-57.474,111
2024,14,66,Louisiana Tech,Conference USA,4,7,1.378,-101.918,114,0.364,0.174,0.190,1.126,168.531,167.153,241,229,143,137,-105.970,132
2024,14,67,Boston College,ACC,6,5,-0.636,45.135,47,0.545,0.623,-0.078,-0.448,226.923,227.559,295,289,130,127,46.169,36
2024,14,68,Auburn,SEC,4,7,-0.687,35.200,52,0.364,0.620,-0.257,-1.497,196.970,197.656,260,253,132,128,40.740,44
2024,14,69,Florida,SEC,6,5,-4.322,87.961,30,0.545,0.733,-0.188,-1.092,213.235,217.557,290,285,136,131,85.832,2
2024,14,70,Arkansas,SEC,5,6,-4.511,28.484,55,0.455,0.575,-0.120,-0.695,220.301,224.812,293,299,133,133,42.195,41
2024,14,71,Utah,Big 12,4,7,-5.077,42.538,48,0.364,0.673,-0.309,-1.807,165.957,171.034,234,248,141,145,48.108,34
2024,14,72,San José State,Mountain West,6,5,-5.482,-69.212,100,0.545,0.324,0.221,1.308,218.182,223.664,288,293,132,131,-52.327,106
2024,14,73,Buffalo,Mid-American,7,4,-5.874,-79.461,103,0.636,0.283,0.353,2.085,220.000,225.874,319,323,145,143,-76.528,125
2024,14,74,Georgia Tech,ACC,6,5,-6.238,54.827,43,0.545,0.647,-0.102,-0.587,226.562,232.800,290,291,128,125,62.982,21
2024,14,75,Vanderbilt,SEC,5,6,-6.317,63.029,39,0.455,0.652,-0.198,-1.150,230.435,236.752,265,277,115,117,65.829,17
2024,14,76,Kansas,Big 12,4,7,-7.556,79.435,32,0.364,0.689,-0.325,-1.899,258.824,266.379,308,309,119,116,79.375,7
2024,14,77,South Florida,American Athletic,5,6,-8.944,-61.824,97,0.455,0.320,0.135,0.803,213.636,222.581,329,345,154,155,-43.035,99
2024,14,78,UCF,Big 12,3,8,-11.665,31.946,53,0.273,0.580,-0.307,-1.795,246.400,258.065,308,320,125,124,58.060,27
2024,14,79,Oklahoma,SEC,5,6,-12.763,57.805,41,0.455,0.670,-0.215,-1.255,170.073,182.836,233,245,137,134,81.321,4
2024,14,80,NC State,ACC,5,6,-13.636,14.383,63,0.455,0.536,-0.081,-0.467,236.364,250.000,312,345,132,138,18.314,63
2024,14,81,North Texas,American Athletic,5,6,-14.483,-46.975,90,0.455,0.389,0.065,0.393,257.241,271.724,373,394,145,145,-40.407,94
2024,14,82,Colorado State,Mountain West,7,4,-14.546,-53.935,93,0.636,0.306,0.330,1.950,196.992,211.538,262,275,133,130,-54.700,110
2024,14,83,Cincinnati,Big 12,4,7,-16.657,40.312,50,0.364,0.614,-0.250,-1.458,216.393,233.051,264,275,122,118,60.829,24
2024,14,84,Georgia Southern,Sun Belt,7,4,-18.982,-20.138,75,0.636,0.443,0.194,1.148,222.556,241.538,296,314,133,130,-11.157,72
2024,14,85,UTSA,American Athletic,5,6,-19.794,-54.042,94,0.455,0.352,0.102,0.610,213.750,233.544,342,369,160,158,-52.960,107
2024,14,86,Coastal Carolina,Sun Belt,5,6,-21.538,-54.064,95,0.455,0.368,0.087,0.519,244.615,266.154,318,346,130,130,-36.083,91
2024,14,87,Wisconsin,Big Ten,4,7,-22.791,28.154,56,0.364,0.591,-0.227,-1.324,183.459,206.250,244,264,133,128,70.499,12
2024,14,88,Troy,Sun Belt,3,8,-29.444,-70.697,101,0.273,0.320,-0.048,-0.270,231.667,261.111,278,329,120,126,-38.268,92
2024,14,89,Washington,Big Ten,5,6,-32.471,24.271,60,0.455,0.570,-0.115,-0.666,199.153,231.624,235,271,118,117,63.659,20
2024,14,90,Kentucky,SEC,3,8,-45.748,48.452,46,0.273,0.642,-0.370,-2.161,170.085,215.833,199,259,117,120,75.818,8
2024,14,91,Eastern Michigan,Mid-American,4,7,-48.482,-131.438,122,0.364,0.180,0.183,1.087,197.842,246.324,275,335,139,136,-78.255,126
2024,14,92,New Mexico,Mountain West,5,6,-48.524,-170.024,128,0.455,0.283,0.171,1.016,314.407,362.931,371,421,118,116,-73.787,121
2024,14,93,West Virginia,Big 12,5,6,-48.739,26.763,58,0.455,0.563,-0.108,-0.625,250.427,299.167,293,359,117,120,62.371,22
2024,14,94,Florida Atlantic,American Athletic,2,9,-48.862,-143.415,123,0.182,0.160,0.022,0.141,201.493,250.355,270,353,134,141,-69.536,119
2024,14,95,Western Michigan,Mid-American,5,6,-49.805,-88.617,108,0.455,0.292,0.162,0.963,231.496,281.301,294,346,127,123,-49.319,101
2024,14,96,UCLA,Big Ten,5,7,-58.641,16.927,62,0.417,0.547,-0.130,-0.754,185.714,244.355,221,303,119,124,79.472,6
2024,14,97,Utah State,Mountain West,3,8,-59.536,-38.895,85,0.273,0.440,-0.167,-0.974,260.902,320.438,347,439,133,137,-35.303,88
2024,14,98,Oregon State,Pac-12,4,7,-66.089,-83.018,106,0.364,0.308,0.055,0.335,227.928,294.017,253,344,111,117,-14.708,76
2024,14,99,Air Force,Mountain West,4,7,-67.480,-112.324,117,0.364,0.198,0.166,0.986,180.702,248.182,206,273,114,110,-53.834,108
2024,14,100,Virginia,ACC,4,7,-67.821,-0.117,69,0.364,0.500,-0.136,-0.789,176.296,244.118,238,332,135,136,66.663,16
2024,14,101,Arkansas State,Sun Belt,6,5,-68.601,-87.204,107,0.545,0.277,0.268,1.586,209.524,278.125,264,356,126,128,-41.164,96
2024,14,102,Maryland,Big Ten,3,8,-73.022,-15.147,73,0.273,0.456,-0.184,-1.069,176.978,250.000,246,345,139,138,71.226,11
2024,14,103,Houston,Big 12,4,8,-76.429,-27.276,77,0.333,0.395,-0.061,-0.350,120.000,196.429,168,275,140,140,54.066,31
2024,14,104,App State,Sun Belt,4,6,-81.027,-65.696,98,0.400,0.337,0.063,0.381,219.828,300.855,255,352,116,117,-10.435,71
2024,14,105,Nevada,Mountain West,2,10,-81.708,-92.223,109,0.167,0.286,-0.119,-0.691,202.419,284.127,251,358,124,126,-11.912,73
2024,14,106,Hawai'i,Mountain West,3,7,-83.186,-100.705,113,0.300,0.177,0.123,0.733,174.336,257.522,197,291,113,113,-41.448,98
2024,14,107,Wyoming,Mountain West,3,8,-85.535,-97.333,112,0.273,0.170,0.103,0.612,161.029,246.565,219,323,136,131,-25.806,81
2024,14,108,Wake Forest,ACC,3,8,-86.528,-40.413,87,0.273,0.394,-0.121,-0.703,194.815,281.343,263,377,135,134,41.529,42
2024,14,109,UL Monroe,Sun Belt,4,7,-87.192,-82.632,105,0.364,0.265,0.099,0.592,173.438,260.630,222,331,128,127,-22.464,79
2024,14,110,Oklahoma State,Big 12,2,9,-92.050,-34.665,80,0.182,0.409,-0.227,-1.325,202.878,294.928,282,407,139,138,54.133,30
2024,14,111,Rice,American Athletic,3,8,-95.217,-95.918,111,0.273,0.203,0.070,0.419,134.014,229.231,197,298,147,130,-35.830,89
2024,14,112,Georgia State,Sun Belt,2,9,-96.901,-108.089,115,0.182,0.240,-0.058,-0.331,196.992,293.893,262,385,133,131,-8.926,70
2024,14,113,Northwestern,Big Ten,3,8,-97.241,-36.206,82,0.273,0.388,-0.115,-0.667,138.636,235.878,183,309,132,131,51.340,32
2024,14,114,UTEP,Conference USA,3,8,-98.775,-158.029,126,0.273,0.117,0.156,0.924,141.892,240.667,210,361,148,150,-75.942,124
2024,14,115,Michigan State,Big Ten,4,7,-100.000,-29.530,78,0.364,0.412,-0.048,-0.272,158.678,258.678,192,313,121,121,60.205,25
2024,14,116,UAB,American Athletic,2,9,-101.487,-127.876,120,0.182,0.211,-0.029,-0.159,200.735,302.222,273,408,136,135,-32.154,86
2024,14,117,Arizona,Big 12,3,8,-103.125,-41.196,88,0.273,0.377,-0.104,-0.600,186.719,289.844,239,371,128,128,46.832,35
2024,14,118,San Diego State,Mountain West,2,9,-104.000,-151.367,125,0.182,0.116,0.066,0.397,168.800,272.800,211,341,125,125,-50.182,102
2024,14,119,Central Michigan,Mid-American,3,8,-105.207,-144.969,124,0.273,0.144,0.128,0.764,158.915,264.122,205,346,129,131,-54.212,109
2024,14,120,Kennesaw State,Conference USA,2,9,-112.198,-191.654,130,0.182,0.062,0.120,0.716,136.029,248.227,185,350,136,141,-82.195,128
2024,14,121,Mississippi State,SEC,1,10,-112.527,-37.145,83,0.091,0.418,-0.327,-1.910,211.667,324.194,254,402,120,124,71.586,9
2024,14,122,Akron,Mid-American,3,8,-113.123,-95.108,110,0.273,0.245,0.028,0.173,158.519,271.642,214,364,135,134,-13.117,74
2024,14,123,Charlotte,American Athletic,4,7,-115.361,-117.542,118,0.364,0.220,0.143,0.852,193.233,308.594,257,395,133,128,-13.760,75
2024,14,124,Stanford,ACC,2,9,-121.527,-40.155,86,0.182,0.389,-0.208,-1.209,179.231,300.758,233,397,130,132,68.927,13
2024,14,125,Temple,American Athletic,3,9,-124.003,-128.931,121,0.250,0.127,0.123,0.730,143.293,267.296,235,425,164,159,-30.193,83
2024,14,126,New Mexico State,Conference USA,2,9,-131.910,-182.183,129,0.182,0.089,0.093,0.555,167.376,299.286,236,419,141,140,-84.831,129
2024,14,127,Ball State,Mid-American,2,9,-132.337,-118.742,119,0.182,0.229,-0.048,-0.270,206.299,338.636,262,447,127,132,-30.784,84
2024,14,128,Florida State,ACC,1,10,-151.901,-52.210,91,0.091,0.337,-0.246,-1.434,120.000,271.901,144,329,120,121,81.180,5
2024,14,129,Tulsa,American Athletic,2,9,-155.414,-196.566,131,0.182,0.075,0.107,0.638,151.592,307.006,238,482,157,157,-70.182,120
2024,14,130,Middle Tennessee,Conference USA,2,9,-159.606,-220.496,133,0.182,0.084,0.098,0.583,149.194,308.800,185,386,124,125,-62.804,112
2024,14,131,Massachusetts,FBS Independents,0,10,-169.437,-167.985,127,0.000,0.156,-0.156,-0.908,176.991,346.429,200,388,113,112,-20.948,78
2024,14,132,Southern Miss,Sun Belt,0,11,-228.538,-222.502,134,0.000,0.042,-0.042,-0.235,109.630,338.168,148,443,135,131,-22.568,80
2024,14,133,Kent State,Mid-American,0,11,-257.971,-207.848,132,0.000,0.062,-0.062,-0.353,108.696,366.667,150,506,138,138,-17.529,77
2024,14,134,Purdue,Big Ten,0,11,-267.790,-82.391,104,0.000,0.266,-0.266,-1.555,109.375,377.165,140,479,128,127,87.900,1
2024,15,1,Ohio State,Big Ten,10,2,232.812,215.402,1,0.833,0.956,-0.123,-0.703,332.812,100.000,426,131,128,131,40.047,48
2024,15,2,Notre Dame,FBS Independents,11,1,222.634,191.653,3,0.917,0.925,-0.009,-0.023,336.620,113.986,478,163,142,143,25.338,61
2024,15,3,Army,American Athletic,10,1,211.394,90.019,28,0.909,0.725,0.184,1.124,371.579,160.185,353,173,95,108,-58.862,113
2024,15,4,Indiana,Big Ten,10,1,203.119,142.428,12,0.909,0.825,0.084,0.530,346.094,142.975,443,173,128,121,2.063,68
2024,15,5,Texas,SEC,11,2,177.597,173.891,4,0.846,0.944,-0.097,-0.551,280.128,102.532,437,162,156,158,41.900,42
2024,15,6,Oregon,Big Ten,12,0,168.689,207.633,2,1.000,0.903,0.097,0.603,333.083,164.394,443,217,133,132,41.306,43
2024,15,7,Penn State,Big Ten,11,2,162.143,169.296,5,0.846,0.886,-0.040,-0.209,312.143,150.000,437,213,140,142,38.628,51
2024,15,8,Ole Miss,SEC,8,3,154.478,158.367,7,0.727,0.915,-0.188,-1.091,279.104,124.627,374,167,134,134,30.584,60
2024,15,9,Miami,ACC,9,2,150.174,141.077,13,0.818,0.777,0.041,0.272,376.190,226.016,474,278,126,123,20.835,62
2024,15,10,Tennessee,SEC,9,2,146.350,101.252,24,0.818,0.836,-0.018,-0.079,264.336,117.986,378,164,143,139,18.312,64
2024,15,11,Tulane,American Athletic,8,4,142.500,71.043,35,0.667,0.682,-0.015,-0.062,324.060,181.560,431,256,133,141,-25.431,84
2024,15,12,Alabama,SEC,8,3,133.119,148.853,10,0.727,0.855,-0.128,-0.734,279.104,145.985,374,200,134,137,59.752,23
2024,15,13,Boise State,Mountain West,11,1,128.803,108.786,19,0.917,0.754,0.163,0.996,325.180,196.377,452,271,139,138,-26.958,85
2024,15,14,SMU,ACC,10,2,127.414,162.545,6,0.833,0.856,-0.023,-0.107,296.644,169.231,442,264,149,156,35.169,56
2024,15,15,Arizona State,Big 12,11,2,122.834,137.629,14,0.846,0.809,0.037,0.248,313.869,191.034,430,277,137,145,31.063,59
2024,15,16,Texas State,Sun Belt,6,5,113.077,24.994,59,0.545,0.565,-0.019,-0.086,316.154,203.077,411,264,130,130,-51.544,106
2024,15,17,Colorado,Big 12,8,3,109.154,109.906,17,0.727,0.766,-0.039,-0.205,281.618,172.464,383,238,136,138,35.487,55
2024,15,18,James Madison,Sun Belt,7,4,107.410,14.915,65,0.636,0.545,0.091,0.572,284.783,177.372,393,243,138,137,-63.450,115
2024,15,19,Ohio,Mid-American,9,3,101.536,24.602,60,0.750,0.575,0.175,1.072,258.273,156.738,359,221,139,141,-65.702,117
2024,15,20,BYU,Big 12,9,2,93.806,133.200,15,0.818,0.807,0.011,0.095,273.333,179.528,328,228,120,127,37.939,53
2024,15,21,UNLV,Mountain West,9,3,93.405,56.158,41,0.750,0.663,0.087,0.545,279.021,185.616,399,271,143,146,-23.753,83
2024,15,22,Jacksonville State,Conference USA,9,4,91.899,-24.298,75,0.692,0.439,0.253,1.535,301.899,210.000,477,336,158,160,-100.988,131
2024,15,23,South Carolina,SEC,8,3,87.237,150.406,9,0.727,0.881,-0.154,-0.888,235.766,148.529,323,202,137,136,72.701,11
2024,15,24,Clemson,ACC,9,3,81.391,109.682,18,0.750,0.792,-0.042,-0.222,261.783,180.392,411,276,157,153,48.914,34
2024,15,25,Louisville,ACC,7,4,80.884,142.581,11,0.636,0.813,-0.177,-1.023,292.248,211.364,377,279,129,132,68.067,16
2024,15,26,Memphis,American Athletic,9,2,77.700,2.259,68,0.818,0.506,0.312,1.886,282.963,205.263,382,273,135,133,-67.831,120
2024,15,27,Georgia,SEC,10,2,76.357,152.005,8,0.833,0.845,-0.012,-0.044,257.047,180.690,383,262,149,145,74.445,9
2024,15,28,Navy,American Athletic,7,3,73.421,39.663,49,0.700,0.604,0.096,0.600,268.421,195.000,306,234,114,120,-43.626,97
2024,15,29,Iowa,Big Ten,7,4,65.798,98.236,26,0.636,0.769,-0.132,-0.759,225.954,160.156,296,205,131,128,38.333,52
2024,15,30,Louisiana,Sun Belt,9,3,62.510,-1.779,71,0.750,0.496,0.254,1.541,297.710,235.200,390,294,131,125,-58.346,112
2024,15,31,Iowa State,Big 12,9,3,59.724,100.673,25,0.750,0.759,-0.009,-0.025,254.795,195.070,372,277,146,142,47.368,35
2024,15,32,Liberty,Conference USA,7,3,59.424,-61.842,96,0.700,0.340,0.360,2.170,256.034,196.610,297,232,116,118,-124.141,134
2024,15,33,Washington State,Pac-12,7,4,54.141,0.443,70,0.636,0.501,0.135,0.832,292.126,237.984,371,307,127,129,-51.477,105
2024,15,34,Marshall,Sun Belt,9,3,54.010,30.382,54,0.750,0.581,0.169,1.031,261.702,207.692,369,297,141,143,-23.513,82
2024,15,35,Virginia Tech,ACC,6,6,53.074,104.020,22,0.500,0.790,-0.290,-1.697,232.680,179.605,356,273,153,152,45.634,38
2024,15,36,Texas A&M,SEC,7,4,50.104,106.529,21,0.636,0.778,-0.141,-0.813,236.364,186.260,312,244,132,131,59.022,24
2024,15,37,Minnesota,Big Ten,6,5,49.886,103.025,23,0.545,0.799,-0.254,-1.482,217.886,168.000,268,210,123,125,49.680,31
2024,15,38,USC,Big Ten,6,6,49.807,107.411,20,0.500,0.776,-0.276,-1.612,258.696,208.889,357,282,138,135,68.009,17
2024,15,39,Bowling Green,Mid-American,6,5,48.806,9.166,66,0.545,0.527,0.018,0.135,224.000,175.194,280,226,125,129,-42.396,96
2024,15,40,Kansas State,Big 12,7,4,43.852,95.509,27,0.636,0.752,-0.115,-0.658,243.077,199.225,316,257,130,129,52.546,30
2024,15,41,Missouri,SEC,8,3,42.465,65.961,37,0.727,0.694,0.033,0.227,238.400,195.935,298,241,125,123,31.947,57
2024,15,42,Texas Tech,Big 12,7,4,41.793,75.115,33,0.636,0.685,-0.049,-0.263,285.417,243.624,411,363,144,149,38.705,50
2024,15,43,LSU,SEC,7,4,39.556,124.077,16,0.636,0.793,-0.156,-0.902,252.459,212.903,308,264,122,124,82.944,3
2024,15,44,UConn,FBS Independents,7,4,39.332,-34.552,79,0.636,0.390,0.246,1.491,221.088,181.757,325,269,147,148,-74.758,125
2024,15,45,Baylor,Big 12,7,4,36.720,79.233,31,0.636,0.687,-0.051,-0.275,274.815,238.095,371,300,135,126,40.325,47
2024,15,46,Illinois,Big Ten,8,3,33.543,72.825,34,0.727,0.678,0.049,0.321,258.120,224.576,302,265,117,118,43.229,40
2024,15,47,South Alabama,Sun Belt,5,6,33.385,-12.304,72,0.455,0.467,-0.012,-0.043,257.812,224.427,330,294,128,131,-38.021,91
2024,15,48,TCU,Big 12,7,4,28.110,62.882,39,0.636,0.643,-0.006,-0.010,273.846,245.736,356,317,130,129,31.857,58
2024,15,49,Nebraska,Big Ten,5,6,24.961,89.599,29,0.455,0.769,-0.314,-1.842,210.000,185.039,252,235,120,127,54.653,28
2024,15,50,California,ACC,5,6,23.989,31.570,53,0.455,0.603,-0.148,-0.854,218.605,194.615,282,253,129,130,8.965,67
2024,15,51,Toledo,Mid-American,6,5,23.762,-39.027,84,0.545,0.379,0.166,1.017,200.741,176.978,271,246,135,139,-66.491,118
2024,15,52,Northern Illinois,Mid-American,6,5,21.226,-25.095,76,0.545,0.410,0.135,0.832,180.916,159.690,237,206,131,129,-49.715,103
2024,15,53,Miami (OH),Mid-American,8,5,20.388,-39.610,86,0.615,0.375,0.240,1.457,198.649,178.261,294,246,148,138,-44.814,99
2024,15,54,Michigan,Big Ten,7,5,20.235,70.264,36,0.583,0.709,-0.125,-0.718,203.817,183.582,267,246,131,134,68.337,15
2024,15,55,North Carolina,ACC,5,6,18.479,38.085,50,0.455,0.593,-0.138,-0.794,257.895,239.416,343,328,133,137,9.284,66
2024,15,56,Duke,ACC,8,3,17.848,26.709,58,0.727,0.596,0.132,0.812,189.744,171.895,296,263,156,153,11.722,65
2024,15,57,Sam Houston,Conference USA,9,3,17.501,-75.163,102,0.750,0.270,0.480,2.886,185.333,167.832,278,240,150,143,-86.227,130
2024,15,58,East Carolina,American Athletic,6,5,13.496,-50.391,90,0.545,0.367,0.178,1.090,243.357,229.861,348,331,143,144,-60.850,114
2024,15,59,Pittsburgh,ACC,6,5,10.184,55.691,42,0.545,0.655,-0.109,-0.623,228.889,218.705,309,304,135,139,39.529,49
2024,15,60,Syracuse,ACC,8,3,8.740,54.849,44,0.727,0.618,0.109,0.677,283.740,275.000,349,330,123,120,41.253,44
2024,15,61,Old Dominion,Sun Belt,5,7,8.615,6.735,67,0.417,0.519,-0.103,-0.582,224.000,215.385,336,336,150,156,-3.313,69
2024,15,62,Rutgers,Big Ten,6,5,6.042,53.632,45,0.545,0.631,-0.085,-0.479,240.496,234.454,291,279,121,119,37.177,54
2024,15,63,Florida International,Conference USA,4,7,5.882,-108.040,116,0.364,0.201,0.163,0.997,200.000,194.118,274,264,137,136,-105.970,132
2024,15,64,Fresno State,Mountain West,5,6,2.957,-68.846,100,0.455,0.295,0.159,0.977,216.667,213.710,273,265,126,124,-57.743,111
2024,15,65,Louisiana Tech,Conference USA,4,7,1.378,-102.546,114,0.364,0.172,0.192,1.168,168.531,167.153,241,229,143,137,-106.598,133
2024,15,66,Boston College,ACC,6,5,-0.636,43.299,47,0.545,0.619,-0.073,-0.407,226.923,227.559,295,289,130,127,44.333,39
2024,15,67,Auburn,SEC,4,7,-0.687,35.595,52,0.364,0.622,-0.258,-1.506,196.970,197.656,260,253,132,128,41.134,45
2024,15,68,Florida,SEC,6,5,-4.322,88.565,30,0.545,0.734,-0.189,-1.096,213.235,217.557,290,285,136,131,86.436,2
2024,15,69,Arkansas,SEC,5,6,-4.511,28.436,56,0.455,0.574,-0.120,-0.685,220.301,224.812,293,299,133,133,42.147,41
2024,15,70,Utah,Big 12,4,7,-5.077,40.400,48,0.364,0.666,-0.302,-1.770,165.957,171.034,234,248,141,145,45.970,36
2024,15,71,San José State,Mountain West,6,5,-5.482,-68.822,99,0.545,0.327,0.219,1.330,218.182,223.664,288,293,132,131,-51.937,107
2024,15,72,Buffalo,Mid-American,7,4,-5.874,-76.287,103,0.636,0.291,0.346,2.085,220.000,225.874,319,323,145,143,-73.353,122
2024,15,73,Georgia Tech,ACC,6,5,-6.238,56.348,40,0.545,0.651,-0.106,-0.599,226.562,232.800,290,291,128,125,64.503,20
2024,15,74,Vanderbilt,SEC,5,6,-6.317,63.948,38,0.455,0.654,-0.200,-1.159,230.435,236.752,265,277,115,117,66.748,19
2024,15,75,Kansas,Big 12,4,7,-7.556,76.310,32,0.364,0.681,-0.318,-1.862,258.824,266.379,308,309,119,116,76.251,8
2024,15,76,South Florida,American Athletic,5,6,-8.944,-64.319,98,0.455,0.312,0.142,0.874,213.636,222.581,329,345,154,155,-45.530,100
2024,15,77,UCF,Big 12,3,8,-11.665,29.730,55,0.273,0.575,-0.302,-1.769,246.400,258.065,308,320,125,124,55.844,27
2024,15,78,Oklahoma,SEC,5,6,-12.763,55.539,43,0.455,0.664,-0.210,-1.220,170.073,182.836,233,245,137,134,79.054,7
2024,15,79,NC State,ACC,5,6,-13.636,15.143,64,0.455,0.538,-0.083,-0.466,236.364,250.000,312,345,132,138,19.074,63
2024,15,80,North Texas,American Athletic,5,6,-14.483,-46.093,89,0.455,0.391,0.064,0.408,257.241,271.724,373,394,145,145,-39.525,93
2024,15,81,Colorado State,Mountain West,7,4,-14.546,-54.032,94,0.636,0.305,0.331,1.998,196.992,211.538,262,275,133,130,-54.797,110
2024,15,82,Western Kentucky,Conference USA,7,5,-15.302,-54.979,95,0.583,0.347,0.237,1.436,213.475,228.777,301,318,141,139,-74.523,124
2024,15,83,Cincinnati,Big 12,4,7,-16.657,35.689,51,0.364,0.601,-0.238,-1.385,216.393,233.051,264,275,122,118,56.206,26
2024,15,84,Georgia Southern,Sun Belt,7,4,-18.982,-15.804,74,0.636,0.455,0.181,1.106,222.556,241.538,296,314,133,130,-6.822,71
2024,15,85,UTSA,American Athletic,5,6,-19.794,-52.197,92,0.455,0.357,0.098,0.610,213.750,233.544,342,369,160,158,-51.115,104
2024,15,86,Coastal Carolina,Sun Belt,5,6,-21.538,-50.403,91,0.455,0.377,0.077,0.487,244.615,266.154,318,346,130,130,-32.423,88
2024,15,87,Wisconsin,Big Ten,4,7,-22.791,27.789,57,0.364,0.590,-0.227,-1.321,183.459,206.250,244,264,133,128,70.133,13
2024,15,88,Troy,Sun Belt,3,8,-29.444,-72.447,101,0.273,0.317,-0.044,-0.232,231.667,261.111,278,329,120,126,-40.019,94
2024,15,89,Washington,Big Ten,5,6,-32.471,24.170,61,0.455,0.570,-0.115,-0.658,199.153,231.624,235,271,118,117,63.558,21
2024,15,90,Kentucky,SEC,3,8,-45.748,51.793,46,0.273,0.652,-0.379,-2.228,170.085,215.833,199,259,117,120,79.159,6
2024,15,91,Eastern Michigan,Mid-American,4,7,-48.482,-128.417,121,0.364,0.185,0.178,1.088,197.842,246.324,275,335,139,136,-75.234,126
2024,15,92,New Mexico,Mountain West,5,6,-48.524,-169.608,128,0.455,0.284,0.171,1.045,314.407,362.931,371,421,118,116,-73.371,123
2024,15,93,West Virginia,Big 12,5,6,-48.739,22.579,62,0.455,0.553,-0.099,-0.558,250.427,299.167,293,359,117,120,58.187,25
2024,15,94,Florida Atlantic,American Athletic,2,9,-48.862,-140.881,123,0.182,0.163,0.018,0.137,201.493,250.355,270,353,134,141,-67.002,119
2024,15,95,Western Michigan,Mid-American,5,6,-49.805,-85.377,107,0.455,0.300,0.154,0.945,231.496,281.301,294,346,127,123,-46.079,101
2024,15,96,UCLA,Big Ten,5,7,-58.641,16.631,63,0.417,0.546,-0.130,-0.743,185.714,244.355,221,303,119,124,79.175,5
2024,15,97,Utah State,Mountain West,3,8,-59.536,-38.558,83,0.273,0.441,-0.168,-0.973,260.902,320.438,347,439,133,137,-34.966,90
2024,15,98,Oregon State,Pac-12,4,7,-66.089,-82.315,104,0.364,0.310,0.053,0.345,227.928,294.017,253,344,111,117,-14.005,75
2024,15,99,Air Force,Mountain West,4,7,-67.480,-110.539,117,0.364,0.200,0.164,1.004,180.702,248.182,206,273,114,110,-52.049,108
2024,15,100,Virginia,ACC,4,7,-67.821,0.512,69,0.364,0.502,-0.138,-0.792,176.296,244.118,238,332,135,136,67.292,18
2024,15,101,Arkansas State,Sun Belt,6,5,-68.601,-90.183,108,0.545,0.271,0.275,1.663,209.524,278.125,264,356,126,128,-44.143,98
2024,15,102,Maryland,Big Ten,3,8,-73.022,-15.472,73,0.273,0.455,-0.182,-1.056,176.978,250.000,246,345,139,138,70.901,12
2024,15,103,Houston,Big 12,4,8,-76.429,-31.836,78,0.333,0.378,-0.045,-0.239,120.000,196.429,168,275,140,140,49.506,32
2024,15,104,App State,Sun Belt,4,6,-81.027,-62.585,97,0.400,0.345,0.055,0.353,219.828,300.855,255,352,116,117,-7.324,72
2024,15,105,Nevada,Mountain West,2,10,-81.708,-92.215,110,0.167,0.287,-0.121,-0.689,202.419,284.127,251,358,124,126,-11.904,74
2024,15,106,Hawai'i,Mountain West,3,7,-83.186,-100.556,113,0.300,0.180,0.120,0.742,174.336,257.522,197,291,113,113,-41.299,95
2024,15,107,Wyoming,Mountain West,3,8,-85.535,-95.000,111,0.273,0.177,0.096,0.598,161.029,246.565,219,323,136,131,-23.473,81
2024,15,108,Wake Forest,ACC,3,8,-86.528,-41.466,87,0.273,0.392,-0.119,-0.681,194.815,281.343,263,377,135,134,40.477,46
2024,15,109,UL Monroe,Sun Belt,4,7,-87.192,-82.547,106,0.364,0.267,0.097,0.604,173.438,260.630,222,331,128,127,-22.380,80
2024,15,110,Oklahoma State,Big 12,2,9,-92.050,-35.120,80,0.182,0.408,-0.226,-1.317,202.878,294.928,282,407,139,138,53.678,29
2024,15,111,Rice,American Athletic,3,8,-95.217,-99.449,112,0.273,0.194,0.079,0.498,134.014,229.231,197,298,147,130,-39.361,92
2024,15,112,Georgia State,Sun Belt,2,9,-96.901,-104.272,115,0.182,0.248,-0.066,-0.366,196.992,293.893,262,385,133,131,-5.110,70
2024,15,113,Northwestern,Big Ten,3,8,-97.241,-38.425,82,0.273,0.382,-0.109,-0.621,138.636,235.878,183,309,132,131,49.120,33
2024,15,114,UTEP,Conference USA,3,8,-98.775,-160.664,126,0.273,0.113,0.159,0.977,141.892,240.667,210,361,148,150,-78.576,127
2024,15,115,Michigan State,Big Ten,4,7,-100.000,-29.285,77,0.364,0.412,-0.049,-0.260,158.678,258.678,192,313,121,121,60.450,22
2024,15,116,UAB,American Athletic,2,9,-101.487,-128.777,122,0.182,0.207,-0.025,-0.123,200.735,302.222,273,408,136,135,-33.055,89
2024,15,117,Arizona,Big 12,3,8,-103.125,-42.072,88,0.273,0.374,-0.101,-0.575,186.719,289.844,239,371,128,128,45.955,37
2024,15,118,San Diego State,Mountain West,2,9,-104.000,-150.615,125,0.182,0.119,0.063,0.400,168.800,272.800,211,341,125,125,-49.431,102
2024,15,119,Central Michigan,Mid-American,3,8,-105.207,-144.116,124,0.273,0.145,0.127,0.786,158.915,264.122,205,346,129,131,-53.358,109
2024,15,120,Kennesaw State,Conference USA,2,9,-112.198,-194.173,130,0.182,0.060,0.122,0.752,136.029,248.227,185,350,136,141,-84.714,128
2024,15,121,Mississippi State,SEC,1,10,-112.527,-35.612,81,0.091,0.421,-0.330,-1.936,211.667,324.194,254,402,120,124,73.120,10
2024,15,122,Akron,Mid-American,3,8,-113.123,-91.770,109,0.273,0.253,0.020,0.149,158.519,271.642,214,364,135,134,-9.779,73
2024,15,123,Charlotte,American Athletic,4,7,-115.361,-119.730,119,0.364,0.216,0.148,0.909,193.233,308.594,257,395,133,128,-15.948,76
2024,15,124,Stanford,ACC,2,9,-121.527,-39.570,85,0.182,0.391,-0.209,-1.216,179.231,300.758,233,397,130,132,69.512,14
2024,15,125,Temple,American Athletic,3,9,-124.003,-128.008,120,0.250,0.127,0.123,0.761,143.293,267.296,235,425,164,159,-29.270,86
2024,15,126,New Mexico State,Conference USA,2,9,-131.910,-182.895,129,0.182,0.088,0.094,0.586,167.376,299.286,236,419,141,140,-85.543,129
2024,15,127,Ball State,Mid-American,2,9,-132.337,-117.353,118,0.182,0.232,-0.050,-0.269,206.299,338.636,262,447,127,132,-29.395,87
2024,15,128,Florida State,ACC,1,10,-151.901,-52.318,93,0.091,0.337,-0.246,-1.435,120.000,271.901,144,329,120,121,81.072,4
2024,15,129,Tulsa,American Athletic,2,9,-155.414,-194.430,131,0.182,0.077,0.105,0.652,151.592,307.006,238,482,157,157,-68.045,121
2024,15,130,Middle Tennessee,Conference USA,2,9,-159.606,-221.520,134,0.182,0.083,0.099,0.615,149.194,308.800,185,386,124,125,-63.828,116
2024,15,131,Massachusetts,FBS Independents,0,10,-169.437,-169.285,127,0.000,0.154,-0.154,-0.889,176.991,346.429,200,388,113,112,-22.248,79
2024,15,132,Southern Miss,Sun Belt,0,11,-228.538,-220.461,133,0.000,0.045,-0.045,-0.239,109.630,338.168,148,443,135,131,-20.527,78
2024,15,133,Kent State,Mid-American,0,11,-257.971,-206.573,132,0.000,0.062,-0.062,-0.339,108.696,366.667,150,506,138,138,-16.255,77
2024,15,134,Purdue,Big Ten,0,11,-267.790,-82.419,105,0.000,0.265,-0.265,-1.547,109.375,377.165,140,479,128,127,87.873,1
2024,16,1,Ohio State,Big Ten,10,2,232.812,215.410,1,0.833,0.956,-0.123,-0.702,332.812,100.000,426,131,128,131,40.055,48
2024,16,2,Notre Dame,FBS Independents,11,1,222.634,191.726,3,0.917,0.925,-0.009,-0.020,336.620,113.986,478,163,142,143,25.411,61
2024,16,3,Indiana,Big Ten,10,1,203.119,142.629,12,0.909,0.825,0.084,0.532,346.094,142.975,443,173,128,121,2.264,68
2024,16,4,Texas,SEC,11,2,177.597,173.725,4,0.846,0.943,-0.097,-0.549,280.128,102.532,437,162,156,158,41.734,42
2024,16,5,Army,American Athletic,10,2,177.564,68.310,36,0.833,0.675,0.158,0.973,351.923,174.359,366,204,104,117,-48.855,102
2024,16,6,Oregon,Big Ten,12,0,168.689,207.607,2,1.000,0.903,0.097,0.608,333.083,164.394,443,217,133,132,41.280,44
2024,16,7,Penn State,Big Ten,11,2,162.143,169.298,5,0.846,0.886,-0.040,-0.206,312.143,150.000,437,213,140,142,38.630,50
2024,16,8,Ole Miss,SEC,8,3,154.478,158.420,7,0.727,0.916,-0.188,-1.091,279.104,124.627,374,167,134,134,30.637,60
2024,16,9,Miami,ACC,9,2,150.174,141.426,13,0.818,0.778,0.040,0.272,376.190,226.016,474,278,126,123,21.185,62
2024,16,10,Tennessee,SEC,9,2,146.350,101.305,24,0.818,0.836,-0.018,-0.077,264.336,117.986,378,164,143,139,18.366,64
2024,16,11,Tulane,American Athletic,8,4,142.500,71.684,34,0.667,0.683,-0.017,-0.068,324.060,181.560,431,256,133,141,-24.789,84
2024,16,12,Alabama,SEC,8,3,133.119,149.111,10,0.727,0.856,-0.128,-0.735,279.104,145.985,374,200,134,137,60.010,23
2024,16,13,Boise State,Mountain West,11,1,128.803,108.692,19,0.917,0.754,0.163,1.002,325.180,196.377,452,271,139,138,-27.051,85
2024,16,14,SMU,ACC,10,2,127.414,162.630,6,0.833,0.856,-0.023,-0.106,296.644,169.231,442,264,149,156,35.254,56
2024,16,15,Arizona State,Big 12,11,2,122.834,137.489,14,0.846,0.809,0.037,0.253,313.869,191.034,430,277,137,145,30.922,59
2024,16,16,Texas State,Sun Belt,6,5,113.077,24.767,59,0.545,0.564,-0.019,-0.081,316.154,203.077,411,264,130,130,-51.772,106
2024,16,17,Colorado,Big 12,8,3,109.154,109.787,17,0.727,0.766,-0.039,-0.201,281.618,172.464,383,238,136,138,35.368,55
2024,16,18,James Madison,Sun Belt,7,4,107.410,15.207,65,0.636,0.546,0.091,0.571,284.783,177.372,393,243,138,137,-63.159,115
2024,16,19,Ohio,Mid-American,9,3,101.536,24.613,60,0.750,0.575,0.175,1.077,258.273,156.738,359,221,139,141,-65.691,118
2024,16,20,BYU,Big 12,9,2,93.806,133.109,15,0.818,0.807,0.011,0.099,273.333,179.528,328,228,120,127,37.848,53
2024,16,21,UNLV,Mountain West,9,3,93.405,56.111,42,0.750,0.663,0.087,0.550,279.021,185.616,399,271,143,146,-23.800,82
2024,16,22,Jacksonville State,Conference USA,9,4,91.899,-24.332,75,0.692,0.439,0.253,1.542,301.899,210.000,477,336,158,160,-101.021,131
2024,16,23,South Carolina,SEC,8,3,87.237,150.461,9,0.727,0.881,-0.154,-0.888,235.766,148.529,323,202,137,136,72.756,11
2024,16,24,Navy,American Athletic,8,3,82.511,61.368,40,0.727,0.658,0.069,0.442,273.984,191.473,337,247,123,129,-32.530,90
2024,16,25,Clemson,ACC,9,3,81.391,109.781,18,0.750,0.792,-0.042,-0.221,261.783,180.392,411,276,157,153,49.012,34
2024,16,26,Louisville,ACC,7,4,80.884,142.685,11,0.636,0.813,-0.177,-1.024,292.248,211.364,377,279,129,132,68.171,16
2024,16,27,Memphis,American Athletic,9,2,77.700,4.690,68,0.818,0.512,0.306,1.855,282.963,205.263,382,273,135,133,-65.401,117
2024,16,28,Georgia,SEC,10,2,76.357,152.046,8,0.833,0.845,-0.012,-0.041,257.047,180.690,383,262,149,145,74.485,9
2024,16,29,Iowa,Big Ten,7,4,65.798,98.241,26,0.636,0.769,-0.132,-0.758,225.954,160.156,296,205,131,128,38.337,52
2024,16,30,Louisiana,Sun Belt,9,3,62.510,-1.763,71,0.750,0.496,0.254,1.547,297.710,235.200,390,294,131,125,-58.330,113
2024,16,31,Iowa State,Big 12,9,3,59.724,100.584,25,0.750,0.759,-0.009,-0.021,254.795,195.070,372,277,146,142,47.278,35
2024,16,32,Liberty,Conference USA,7,3,59.424,-61.961,97,0.700,0.340,0.360,2.179,256.034,196.610,297,232,116,118,-124.260,134
2024,16,33,Washington State,Pac-12,7,4,54.141,0.310,70,0.636,0.501,0.136,0.839,292.126,237.984,371,307,127,129,-51.610,105
2024,16,34,Marshall,Sun Belt,9,3,54.010,30.428,54,0.750,0.582,0.168,1.035,261.702,207.692,369,297,141,143,-23.467,81
2024,16,35,Virginia Tech,ACC,6,6,53.074,104.120,22,0.500,0.790,-0.290,-1.699,232.680,179.605,356,273,153,152,45.733,38
2024,16,36,Texas A&M,SEC,7,4,50.104,106.543,21,0.636,0.778,-0.141,-0.813,236.364,186.260,312,244,132,131,59.036,24
2024,16,37,Minnesota,Big Ten,6,5,49.886,103.057,23,0.545,0.799,-0.254,-1.483,217.886,168.000,268,210,123,125,49.713,31
2024,16,38,USC,Big Ten,6,6,49.807,107.411,20,0.500,0.776,-0.276,-1.613,258.696,208.889,357,282,138,135,68.009,17
2024,16,39,Bowling Green,Mid-American,6,5,48.806,9.181,66,0.545,0.528,0.018,0.138,224.000,175.194,280,226,125,129,-42.382,97
2024,16,40,Kansas State,Big 12,7,4,43.852,95.485,27,0.636,0.752,-0.115,-0.657,243.077,199.225,316,257,130,129,52.522,30
2024,16,41,Missouri,SEC,8,3,42.465,66.021,37,0.727,0.694,0.033,0.230,238.400,195.935,298,241,125,123,32.007,57
2024,16,42,Texas Tech,Big 12,7,4,41.793,74.765,32,0.636,0.684,-0.048,-0.256,285.417,243.624,411,363,144,149,38.355,51
2024,16,43,LSU,SEC,7,4,39.556,124.107,16,0.636,0.793,-0.156,-0.901,252.459,212.903,308,264,122,124,82.974,3
2024,16,44,UConn,FBS Independents,7,4,39.332,-34.470,79,0.636,0.391,0.246,1.495,221.088,181.757,325,269,147,148,-74.676,125
2024,16,45,Baylor,Big 12,7,4,36.720,79.121,30,0.636,0.687,-0.051,-0.271,274.815,238.095,371,300,135,126,40.212,47
2024,16,46,Illinois,Big Ten,8,3,33.543,72.803,33,0.727,0.678,0.049,0.325,258.120,224.576,302,265,117,118,43.206,40
2024,16,47,South Alabama,Sun Belt,5,6,33.385,-12.542,72,0.455,0.466,-0.011,-0.037,257.812,224.427,330,294,128,131,-38.259,93
2024,16,48,TCU,Big 12,7,4,28.110,62.805,39,0.636,0.643,-0.006,-0.006,273.846,245.736,356,317,130,129,31.781,58
2024,16,49,Nebraska,Big Ten,5,6,24.961,89.603,28,0.455,0.769,-0.314,-1.843,210.000,185.039,252,235,120,127,54.657,28
2024,16,50,California,ACC,5,6,23.989,31.678,53,0.455,0.603,-0.149,-0.856,218.605,194.615,282,253,129,130,9.074,67
2024,16,51,Toledo,Mid-American,6,5,23.762,-39.014,84,0.545,0.379,0.166,1.021,200.741,176.978,271,246,135,139,-66.478,119
2024,16,52,Northern Illinois,Mid-American,6,5,21.226,-25.060,76,0.545,0.411,0.135,0.836,180.916,159.690,237,206,131,129,-49.680,104
2024,16,53,Miami (OH),Mid-American,8,5,20.388,-39.590,86,0.615,0.375,0.240,1.463,198.649,178.261,294,246,148,138,-44.793,100
2024,16,54,Michigan,Big Ten,7,5,20.235,70.227,35,0.583,0.709,-0.125,-0.716,203.817,183.582,267,246,131,134,68.300,15
2024,16,55,North Carolina,ACC,5,6,18.479,38.463,50,0.455,0.594,-0.139,-0.799,257.895,239.416,343,328,133,137,9.663,66
2024,16,56,Duke,ACC,8,3,17.848,26.885,58,0.727,0.596,0.131,0.812,189.744,171.895,296,263,156,153,11.898,65
2024,16,57,Sam Houston,Conference USA,9,3,17.501,-75.044,102,0.750,0.270,0.480,2.893,185.333,167.832,278,240,150,143,-86.108,130
2024,16,58,East Carolina,American Athletic,6,5,13.496,-51.158,91,0.545,0.365,0.180,1.106,243.357,229.861,348,331,143,144,-61.617,114
2024,16,59,Pittsburgh,ACC,6,5,10.184,55.779,43,0.545,0.655,-0.110,-0.623,228.889,218.705,309,304,135,139,39.616,49
2024,16,60,Syracuse,ACC,8,3,8.740,54.951,45,0.727,0.618,0.109,0.680,283.740,275.000,349,330,123,120,41.356,43
2024,16,61,Old Dominion,Sun Belt,5,7,8.615,6.665,67,0.417,0.519,-0.102,-0.579,224.000,215.385,336,336,150,156,-3.383,69
2024,16,62,Rutgers,Big Ten,6,5,6.042,53.634,46,0.545,0.631,-0.085,-0.477,240.496,234.454,291,279,121,119,37.178,54
2024,16,63,Florida International,Conference USA,4,7,5.882,-108.290,116,0.364,0.200,0.163,1.005,200.000,194.118,274,264,137,136,-106.220,132
2024,16,64,Fresno State,Mountain West,5,6,2.957,-68.918,99,0.455,0.295,0.160,0.982,216.667,213.710,273,265,126,124,-57.815,112
2024,16,65,Louisiana Tech,Conference USA,4,7,1.378,-102.809,114,0.364,0.171,0.192,1.177,168.531,167.153,241,229,143,137,-106.861,133
2024,16,66,Boston College,ACC,6,5,-0.636,43.406,48,0.545,0.619,-0.073,-0.407,226.923,227.559,295,289,130,127,44.440,39
2024,16,67,Auburn,SEC,4,7,-0.687,35.649,51,0.364,0.622,-0.258,-1.508,196.970,197.656,260,253,132,128,41.189,45
2024,16,68,Florida,SEC,6,5,-4.322,88.631,29,0.545,0.735,-0.189,-1.096,213.235,217.557,290,285,136,131,86.502,2
2024,16,69,Arkansas,SEC,5,6,-4.511,28.462,56,0.455,0.574,-0.120,-0.684,220.301,224.812,293,299,133,133,42.173,41
2024,16,70,Utah,Big 12,4,7,-5.077,40.299,49,0.364,0.665,-0.302,-1.769,165.957,171.034,234,248,141,145,45.869,36
2024,16,71,San José State,Mountain West,6,5,-5.482,-68.931,100,0.545,0.326,0.219,1.337,218.182,223.664,288,293,132,131,-52.045,107
2024,16,72,Buffalo,Mid-American,7,4,-5.874,-76.251,103,0.636,0.291,0.346,2.091,220.000,225.874,319,323,145,143,-73.318,122
2024,16,73,Georgia Tech,ACC,6,5,-6.238,56.510,41,0.545,0.651,-0.106,-0.601,226.562,232.800,290,291,128,125,64.665,20
2024,16,74,Vanderbilt,SEC,5,6,-6.317,64.000,38,0.455,0.654,-0.200,-1.160,230.435,236.752,265,277,115,117,66.799,19
2024,16,75,Kansas,Big 12,4,7,-7.556,76.252,31,0.364,0.681,-0.318,-1.863,258.824,266.379,308,309,119,116,76.193,8
2024,16,76,South Florida,American Athletic,5,6,-8.944,-61.876,96,0.455,0.319,0.136,0.840,213.636,222.581,329,345,154,155,-43.087,98
2024,16,77,UCF,Big 12,3,8,-11.665,29.668,55,0.273,0.575,-0.302,-1.769,246.400,258.065,308,320,125,124,55.782,27
2024,16,78,Oklahoma,SEC,5,6,-12.763,55.573,44,0.455,0.664,-0.210,-1.220,170.073,182.836,233,245,137,134,79.088,7
2024,16,79,NC State,ACC,5,6,-13.636,15.240,64,0.455,0.538,-0.083,-0.466,236.364,250.000,312,345,132,138,19.170,63
2024,16,80,North Texas,American Athletic,5,6,-14.483,-48.686,89,0.455,0.385,0.070,0.447,257.241,271.724,373,394,145,145,-42.118,96
2024,16,81,Colorado State,Mountain West,7,4,-14.546,-54.154,93,0.636,0.305,0.331,2.007,196.992,211.538,262,275,133,130,-54.920,111
2024,16,82,Western Kentucky,Conference USA,7,5,-15.302,-54.997,95,0.583,0.347,0.237,1.442,213.475,228.777,301,318,141,139,-74.540,124
2024,16,83,Cincinnati,Big 12,4,7,-16.657,35.628,52,0.364,0.601,-0.237,-1.385,216.393,233.051,264,275,122,118,56.145,26
2024,16,84,Georgia Southern,Sun Belt,7,4,-18.982,-15.800,74,0.636,0.455,0.181,1.111,222.556,241.538,296,314,133,130,-6.819,71
2024,16,85,UTSA,American Athletic,5,6,-19.794,-54.583,94,0.455,0.351,0.104,0.650,213.750,233.544,342,369,160,158,-53.501,110
2024,16,86,Coastal Carolina,Sun Belt,5,6,-21.538,-50.437,90,0.455,0.377,0.077,0.491,244.615,266.154,318,346,130,130,-32.457,89
2024,16,87,Wisconsin,Big Ten,4,7,-22.791,27.820,57,0.364,0.591,-0.227,-1.322,183.459,206.250,244,264,133,128,70.165,13
2024,16,88,Troy,Sun Belt,3,8,-29.444,-72.270,101,0.273,0.317,-0.044,-0.233,231.667,261.111,278,329,120,126,-39.842,94
2024,16,89,Washington,Big Ten,5,6,-32.471,24.177,61,0.455,0.570,-0.115,-0.657,199.153,231.624,235,271,118,117,63.564,21
2024,16,90,Kentucky,SEC,3,8,-45.748,51.842,47,0.273,0.652,-0.379,-2.231,170.085,215.833,199,259,117,120,79.208,5
2024,16,91,Eastern Michigan,Mid-American,4,7,-48.482,-128.404,121,0.364,0.186,0.178,1.093,197.842,246.324,275,335,139,136,-75.221,126
2024,16,92,New Mexico,Mountain West,5,6,-48.524,-169.716,128,0.455,0.283,0.171,1.051,314.407,362.931,371,421,118,116,-73.479,123
2024,16,93,West Virginia,Big 12,5,6,-48.739,22.480,62,0.455,0.553,-0.098,-0.555,250.427,299.167,293,359,117,120,58.088,25
2024,16,94,Florida Atlantic,American Athletic,2,9,-48.862,-143.262,123,0.182,0.160,0.022,0.164,201.493,250.355,270,353,134,141,-69.384,120
2024,16,95,Western Michigan,Mid-American,5,6,-49.805,-85.350,107,0.455,0.300,0.154,0.950,231.496,281.301,294,346,127,123,-46.052,101
2024,16,96,UCLA,Big Ten,5,7,-58.641,16.641,63,0.417,0.546,-0.130,-0.742,185.714,244.355,221,303,119,124,79.186,6
2024,16,97,Utah State,Mountain West,3,8,-59.536,-38.735,83,0.273,0.441,-0.168,-0.971,260.902,320.438,347,439,133,137,-35.143,91
2024,16,98,Oregon State,Pac-12,4,7,-66.089,-82.373,104,0.364,0.310,0.053,0.349,227.928,294.017,253,344,111,117,-14.062,76
2024,16,99,Air Force,Mountain West,4,7,-67.480,-110.634,117,0.364,0.200,0.164,1.009,180.702,248.182,206,273,114,110,-52.144,108
2024,16,100,Virginia,ACC,4,7,-67.821,0.618,69,0.364,0.502,-0.138,-0.793,176.296,244.118,238,332,135,136,67.398,18
2024,16,101,Arkansas State,Sun Belt,6,5,-68.601,-90.435,108,0.545,0.270,0.275,1.672,209.524,278.125,264,356,126,128,-44.395,99
2024,16,102,Maryland,Big Ten,3,8,-73.022,-15.450,73,0.273,0.455,-0.182,-1.056,176.978,250.000,246,345,139,138,70.924,12
2024,16,103,Houston,Big 12,4,8,-76.429,-31.658,78,0.333,0.379,-0.046,-0.241,120.000,196.429,168,275,140,140,49.685,32
2024,16,104,App State,Sun Belt,4,6,-81.027,-62.651,98,0.400,0.345,0.055,0.358,219.828,300.855,255,352,116,117,-7.389,72
2024,16,105,Nevada,Mountain West,2,10,-81.708,-92.245,110,0.167,0.287,-0.120,-0.687,202.419,284.127,251,358,124,126,-11.934,74
2024,16,106,Hawai'i,Mountain West,3,7,-83.186,-100.619,113,0.300,0.180,0.120,0.747,174.336,257.522,197,291,113,113,-41.361,95
2024,16,107,Wyoming,Mountain West,3,8,-85.535,-95.341,111,0.273,0.176,0.097,0.607,161.029,246.565,219,323,136,131,-23.815,83
2024,16,108,Wake Forest,ACC,3,8,-86.528,-41.326,87,0.273,0.392,-0.120,-0.682,194.815,281.343,263,377,135,134,40.616,46
2024,16,109,UL Monroe,Sun Belt,4,7,-87.192,-82.484,106,0.364,0.267,0.097,0.607,173.438,260.630,222,331,128,127,-22.317,80
2024,16,110,Oklahoma State,Big 12,2,9,-92.050,-35.453,80,0.182,0.407,-0.225,-1.313,202.878,294.928,282,407,139,138,53.346,29
2024,16,111,Rice,American Athletic,3,8,-95.217,-96.590,112,0.273,0.201,0.072,0.460,134.014,229.231,197,298,147,130,-36.502,92
2024,16,112,Georgia State,Sun Belt,2,9,-96.901,-104.273,115,0.182,0.248,-0.066,-0.365,196.992,293.893,262,385,133,131,-5.111,70
2024,16,113,Northwestern,Big Ten,3,8,-97.241,-38.387,82,0.273,0.382,-0.109,-0.620,138.636,235.878,183,309,132,131,49.158,33
2024,16,114,UTEP,Conference USA,3,8,-98.775,-160.735,126,0.273,0.113,0.160,0.982,141.892,240.667,210,361,148,150,-78.647,127
2024,16,115,Michigan State,Big Ten,4,7,-100.000,-29.477,77,0.364,0.412,-0.048,-0.255,158.678,258.678,192,313,121,121,60.257,22
2024,16,116,UAB,American Athletic,2,9,-101.487,-127.998,120,0.182,0.209,-0.027,-0.129,200.735,302.222,273,408,136,135,-32.276,88
2024,16,117,Arizona,Big 12,3,8,-103.125,-42.162,88,0.273,0.374,-0.101,-0.572,186.719,289.844,239,371,128,128,45.865,37
2024,16,118,San Diego State,Mountain West,2,9,-104.000,-150.708,125,0.182,0.119,0.063,0.404,168.800,272.800,211,341,125,125,-49.523,103
2024,16,119,Central Michigan,Mid-American,3,8,-105.207,-144.130,124,0.273,0.145,0.127,0.791,158.915,264.122,205,346,129,131,-53.372,109
2024,16,120,Kennesaw State,Conference USA,2,9,-112.198,-194.443,130,0.182,0.060,0.122,0.757,136.029,248.227,185,350,136,141,-84.984,128
2024,16,121,Mississippi State,SEC,1,10,-112.527,-35.608,81,0.091,0.421,-0.330,-1.937,211.667,324.194,254,402,120,124,73.124,10
2024,16,122,Akron,Mid-American,3,8,-113.123,-91.747,109,0.273,0.253,0.020,0.151,158.519,271.642,214,364,135,134,-9.756,73
2024,16,123,Charlotte,American Athletic,4,7,-115.361,-117.131,118,0.364,0.221,0.143,0.883,193.233,308.594,257,395,133,128,-13.349,75
2024,16,124,Stanford,ACC,2,9,-121.527,-39.504,85,0.182,0.391,-0.209,-1.217,179.231,300.758,233,397,130,132,69.578,14
2024,16,125,Temple,American Athletic,3,9,-124.003,-128.855,122,0.250,0.125,0.125,0.774,143.293,267.296,235,425,164,159,-30.117,87
2024,16,126,New Mexico State,Conference USA,2,9,-131.910,-182.955,129,0.182,0.088,0.094,0.590,167.376,299.286,236,419,141,140,-85.603,129
2024,16,127,Ball State,Mid-American,2,9,-132.337,-117.275,119,0.182,0.232,-0.050,-0.268,206.299,338.636,262,447,127,132,-29.318,86
2024,16,128,Florida State,ACC,1,10,-151.901,-51.951,92,0.091,0.338,-0.247,-1.442,120.000,271.901,144,329,120,121,81.439,4
2024,16,129,Tulsa,American Athletic,2,9,-155.414,-197.003,131,0.182,0.074,0.107,0.672,151.592,307.006,238,482,157,157,-70.619,121
2024,16,130,Middle Tennessee,Conference USA,2,9,-159.606,-221.377,134,0.182,0.083,0.098,0.618,149.194,308.800,185,386,124,125,-63.684,116
2024,16,131,Massachusetts,FBS Independents,0,10,-169.437,-169.266,127,0.000,0.154,-0.154,-0.889,176.991,346.429,200,388,113,112,-22.229,79
2024,16,132,Southern Miss,Sun Belt,0,11,-228.538,-220.249,133,0.000,0.045,-0.045,-0.238,109.630,338.168,148,443,135,131,-20.315,78
2024,16,133,Kent State,Mid-American,0,11,-257.971,-206.540,132,0.000,0.062,-0.062,-0.337,108.696,366.667,150,506,138,138,-16.222,77
2024,16,134,Purdue,Big Ten,0,11,-267.790,-82.413,105,0.000,0.265,-0.265,-1.548,109.375,377.165,140,479,128,127,87.878,1
2024,17,1,Ohio State,Big Ten,14,2,216.873,255.359,1,0.875,0.966,-0.091,-0.468,333.918,117.045,571,206,171,176,81.161,10
2024,17,2,Notre Dame,FBS Independents,14,2,181.793,197.396,3,0.875,0.925,-0.050,-0.220,315.847,134.054,578,248,183,185,66.470,22
2024,17,3,Army,American Athletic,11,2,179.788,76.473,32,0.846,0.693,0.153,0.994,347.788,168.000,393,210,113,125,-49.678,106
2024,17,4,Indiana,Big Ten,10,2,178.263,149.875,7,0.833,0.839,-0.005,0.047,330.935,152.672,460,200,139,131,30.828,58
2024,17,5,Ole Miss,SEC,9,3,163.699,165.663,6,0.750,0.908,-0.158,-0.867,291.781,128.082,426,187,146,146,29.084,61
2024,17,6,Penn State,Big Ten,13,3,152.822,195.989,4,0.812,0.925,-0.112,-0.595,301.136,148.315,530,264,176,178,68.929,20
2024,17,7,Texas,SEC,13,3,146.632,174.438,5,0.812,0.927,-0.114,-0.607,273.575,126.943,528,245,193,193,65.917,23
2024,17,8,Oregon,Big Ten,12,1,138.642,210.591,2,0.923,0.906,0.017,0.182,317.808,179.167,464,258,146,144,70.914,19
2024,17,9,Miami,ACC,9,3,137.106,130.747,15,0.750,0.755,-0.005,0.047,375.912,238.806,515,320,137,134,21.283,63
2024,17,10,Tennessee,SEC,9,3,120.070,98.093,24,0.750,0.811,-0.061,-0.286,256.494,136.424,395,206,154,151,38.353,53
2024,17,11,Alabama,SEC,8,4,118.232,142.642,10,0.667,0.852,-0.186,-1.034,263.265,145.033,387,219,147,151,63.942,24
2024,17,12,Tulane,American Athletic,8,5,114.233,61.580,40,0.615,0.663,-0.047,-0.204,300.685,186.452,439,289,146,155,-14.074,75
2024,17,13,Arizona State,Big 12,11,3,109.396,133.701,14,0.786,0.797,-0.012,0.009,309.396,200.000,461,316,149,158,37.723,54
2024,17,14,Boise State,Mountain West,11,2,108.609,100.822,21,0.846,0.742,0.104,0.704,308.609,200.000,466,302,151,151,-15.111,76
2024,17,15,James Madison,Sun Belt,8,4,103.649,8.169,65,0.667,0.525,0.142,0.929,278.146,174.497,420,260,151,149,-69.168,124
2024,17,16,Texas State,Sun Belt,7,5,103.471,17.870,60,0.583,0.547,0.037,0.298,310.563,207.092,441,292,142,141,-51.911,108
2024,17,17,BYU,Big 12,10,2,101.220,138.536,12,0.833,0.819,0.015,0.167,277.863,176.642,364,242,131,137,35.607,56
2024,17,18,SMU,ACC,10,3,99.250,137.692,13,0.769,0.819,-0.049,-0.218,279.012,179.762,452,302,162,168,38.556,52
2024,17,19,Ohio,Mid-American,10,3,94.882,32.606,54,0.769,0.599,0.170,1.099,255.921,161.039,389,248,152,154,-52.527,109
2024,17,20,UNLV,Mountain West,10,3,91.927,54.063,43,0.769,0.660,0.110,0.736,269.427,177.500,423,284,157,160,-25.745,85
2024,17,21,Colorado,Big 12,8,4,88.025,90.227,29,0.667,0.727,-0.060,-0.282,271.918,183.893,397,274,146,149,37.616,55
2024,17,22,Jacksonville State,Conference USA,9,5,83.176,-26.342,80,0.643,0.434,0.209,1.331,294.737,211.561,504,366,171,173,-95.905,132
2024,17,23,South Carolina,SEC,8,4,79.084,143.275,9,0.667,0.873,-0.206,-1.155,232.877,153.793,340,223,146,145,75.749,15
2024,17,24,Navy,American Athletic,9,3,76.450,63.923,38,0.750,0.667,0.083,0.579,267.164,190.714,358,267,134,140,-22.909,82
2024,17,25,Louisville,ACC,8,4,76.337,127.397,16,0.667,0.786,-0.119,-0.635,292.199,215.862,412,313,141,145,56.582,31
2024,17,26,Memphis,American Athletic,10,2,75.133,10.301,64,0.833,0.526,0.307,1.920,290.411,215.278,424,310,146,144,-57.736,113
2024,17,27,Clemson,ACC,9,4,67.093,93.496,27,0.692,0.748,-0.056,-0.255,257.396,190.303,435,314,169,165,46.376,43
2024,17,28,Georgia,SEC,10,3,61.407,145.352,8,0.769,0.845,-0.075,-0.373,244.099,182.692,393,285,161,156,83.431,6
2024,17,29,Iowa,Big Ten,7,5,60.044,107.567,19,0.583,0.787,-0.203,-1.141,226.950,166.906,320,232,141,139,53.110,35
2024,17,30,Minnesota,Big Ten,7,5,58.249,125.083,17,0.583,0.842,-0.259,-1.474,221.212,162.963,292,220,132,135,62.296,29
2024,17,31,Iowa State,Big 12,10,3,55.851,100.028,23,0.769,0.753,0.016,0.174,263.694,207.843,414,318,157,153,50.123,38
2024,17,32,Marshall,Sun Belt,9,3,54.010,26.255,58,0.750,0.571,0.179,1.154,261.702,207.692,369,297,141,143,-27.640,87
2024,17,33,LSU,SEC,8,4,51.338,139.391,11,0.667,0.813,-0.146,-0.799,266.667,215.328,352,295,132,137,84.891,4
2024,17,34,USC,Big Ten,7,6,49.536,123.286,18,0.538,0.805,-0.267,-1.520,259.603,210.067,392,313,151,149,83.237,7
2024,17,35,TCU,Big 12,8,4,47.698,67.679,35,0.667,0.660,0.006,0.117,274.648,226.950,390,320,142,141,19.795,64
2024,17,36,UConn,FBS Independents,8,4,43.396,-19.466,76,0.667,0.436,0.231,1.461,221.384,177.987,352,283,159,159,-64.466,121
2024,17,37,Texas A&M,SEC,7,5,41.182,107.417,20,0.583,0.779,-0.196,-1.093,234.932,193.750,343,279,146,144,67.853,21
2024,17,38,Kansas State,Big 12,8,4,40.141,88.281,30,0.667,0.731,-0.064,-0.305,250.000,209.859,360,298,144,142,48.990,41
2024,17,39,Virginia Tech,ACC,6,7,40.068,86.380,31,0.462,0.751,-0.289,-1.656,224.540,184.472,366,297,163,161,45.305,45
2024,17,40,Bowling Green,Mid-American,6,6,39.773,7.286,66,0.500,0.521,-0.021,-0.049,227.007,187.234,311,264,137,141,-35.119,93
2024,17,41,Missouri,SEC,9,3,39.722,72.418,34,0.750,0.705,0.045,0.350,238.971,199.248,325,265,136,133,40.784,48
2024,17,42,Washington State,Pac-12,7,5,39.593,-9.459,70,0.583,0.475,0.108,0.727,294.203,254.610,406,359,138,141,-47.457,104
2024,17,43,Liberty,Conference USA,7,4,39.370,-76.606,102,0.636,0.300,0.336,2.095,239.370,200.000,304,258,127,129,-117.539,134
2024,17,44,Miami (OH),Mid-American,9,5,37.599,-17.775,75,0.643,0.445,0.198,1.265,210.625,173.026,337,263,160,152,-39.529,95
2024,17,45,Louisiana,Sun Belt,9,4,35.409,-19.579,77,0.692,0.451,0.242,1.527,274.825,239.416,393,328,143,137,-53.846,110
2024,17,46,Illinois,Big Ten,9,3,34.302,94.152,26,0.750,0.724,0.026,0.236,256.349,222.047,323,282,126,127,63.318,27
2024,17,47,South Alabama,Sun Belt,6,6,34.170,-15.166,73,0.500,0.459,0.041,0.326,258.993,224.823,360,317,139,141,-42.301,98
2024,17,48,Texas Tech,Big 12,7,5,31.718,60.274,41,0.583,0.652,-0.068,-0.331,278.344,246.626,437,402,157,163,33.445,57
2024,17,49,Nebraska,Big Ten,6,6,25.407,97.879,25,0.500,0.792,-0.292,-1.670,209.231,183.824,272,250,130,136,63.067,28
2024,17,50,Northern Illinois,Mid-American,7,5,25.031,-14.933,72,0.583,0.447,0.136,0.893,185.315,160.284,265,226,143,141,-43.057,99
2024,17,51,Toledo,Mid-American,7,5,24.849,-20.565,78,0.583,0.437,0.146,0.956,208.497,183.648,319,292,153,159,-48.795,105
2024,17,52,Michigan,Big Ten,8,5,21.051,90.871,28,0.615,0.771,-0.156,-0.856,197.241,176.190,286,259,145,147,86.345,3
2024,17,53,Sam Houston,Conference USA,10,3,19.058,-72.106,99,0.769,0.281,0.488,3.006,189.571,170.513,309,266,163,156,-85.277,128
2024,17,54,Baylor,Big 12,7,5,18.680,62.856,39,0.583,0.647,-0.064,-0.304,271.622,252.941,402,344,148,136,43.985,46
2024,17,55,Syracuse,ACC,9,3,18.411,51.700,44,0.750,0.609,0.141,0.925,297.037,278.626,401,365,135,131,29.642,60
2024,17,56,East Carolina,American Athletic,7,5,15.873,-40.731,87,0.583,0.392,0.192,1.228,244.444,228.571,374,352,153,154,-54.485,111
2024,17,57,California,ACC,5,7,13.933,17.042,61,0.417,0.557,-0.141,-0.764,206.294,192.361,295,277,143,144,2.869,68
2024,17,58,Florida,SEC,7,5,11.861,100.599,22,0.583,0.771,-0.188,-1.047,215.333,203.472,323,293,150,144,84.133,5
2024,17,59,North Carolina,ACC,5,7,9.662,18.073,59,0.417,0.545,-0.128,-0.691,247.917,238.255,357,355,144,149,-0.183,69
2024,17,60,Old Dominion,Sun Belt,5,7,8.615,0.663,67,0.417,0.502,-0.085,-0.432,224.000,215.385,336,336,150,156,-9.385,71
2024,17,61,Buffalo,Mid-American,8,4,6.868,-51.659,91,0.667,0.350,0.316,1.974,221.154,214.286,345,330,156,154,-63.364,120
2024,17,62,Florida International,Conference USA,4,7,5.882,-109.225,116,0.364,0.199,0.164,1.064,200.000,194.118,274,264,137,136,-107.155,133
2024,17,63,Rutgers,Big Ten,6,6,4.904,67.139,36,0.500,0.659,-0.159,-0.872,247.761,242.857,332,323,134,133,51.964,36
2024,17,64,Pittsburgh,ACC,6,6,4.828,36.483,50,0.500,0.601,-0.101,-0.529,229.032,224.204,355,352,155,157,24.723,62
2024,17,65,Arkansas,SEC,6,6,3.248,39.711,49,0.500,0.606,-0.106,-0.556,225.850,222.603,332,325,147,146,45.732,44
2024,17,66,Auburn,SEC,4,7,-0.687,33.985,53,0.364,0.614,-0.251,-1.424,196.970,197.656,260,253,132,128,39.525,51
2024,17,67,Vanderbilt,SEC,6,6,-1.275,65.286,37,0.500,0.657,-0.157,-0.861,238.095,239.370,300,304,126,127,63.836,25
2024,17,68,UTSA,American Athletic,6,6,-1.417,-35.782,84,0.500,0.398,0.102,0.689,221.839,223.256,386,384,174,172,-51.456,107
2024,17,69,Boston College,ACC,6,6,-2.526,36.348,51,0.500,0.600,-0.100,-0.522,223.022,225.547,310,309,139,137,40.073,50
2024,17,70,Duke,ACC,8,4,-2.814,10.843,63,0.667,0.536,0.130,0.860,188.095,190.909,316,315,168,165,16.549,65
2024,17,71,Fresno State,Mountain West,5,7,-3.122,-73.476,101,0.417,0.287,0.130,0.857,212.319,215.441,293,293,138,136,-57.743,114
2024,17,72,South Florida,American Athletic,6,6,-4.323,-59.285,94,0.500,0.329,0.171,1.104,220.238,224.561,370,384,168,171,-46.154,103
2024,17,73,Utah,Big 12,4,7,-5.077,35.893,52,0.364,0.648,-0.284,-1.626,165.957,171.034,234,248,141,145,41.463,47
2024,17,74,Kansas,Big 12,4,7,-7.556,73.601,33,0.364,0.676,-0.312,-1.791,258.824,266.379,308,309,119,116,73.541,16
2024,17,75,San José State,Mountain West,6,6,-9.399,-79.578,107,0.500,0.304,0.196,1.253,220.946,230.345,327,334,148,145,-60.008,117
2024,17,76,Georgia Tech,ACC,6,6,-9.996,43.578,46,0.500,0.617,-0.117,-0.621,229.710,239.706,317,326,138,136,55.069,32
2024,17,77,UCF,Big 12,3,8,-11.665,27.653,56,0.273,0.569,-0.297,-1.698,246.400,258.065,308,320,125,124,53.767,34
2024,17,78,Louisiana Tech,Conference USA,4,8,-11.766,-108.177,114,0.333,0.162,0.172,1.107,163.576,175.342,247,256,151,146,-93.141,131
2024,17,79,Oklahoma,SEC,5,7,-12.502,55.674,42,0.417,0.669,-0.253,-1.436,170.946,183.448,253,266,148,145,77.987,13
2024,17,80,North Texas,American Athletic,5,7,-13.012,-40.527,86,0.417,0.403,0.013,0.160,257.051,270.064,401,424,156,157,-34.885,92
2024,17,81,NC State,ACC,5,7,-16.169,-2.199,68,0.417,0.494,-0.078,-0.387,234.507,250.676,333,371,142,148,5.571,66
2024,17,82,Cincinnati,Big 12,4,7,-16.657,30.936,55,0.364,0.588,-0.225,-1.268,216.393,233.051,264,275,122,118,51.453,37
2024,17,83,Western Kentucky,Conference USA,7,6,-19.131,-57.668,93,0.538,0.339,0.200,1.275,207.843,226.974,318,345,153,152,-70.629,125
2024,17,84,Georgia Southern,Sun Belt,7,5,-20.711,-29.305,81,0.583,0.418,0.165,1.068,220.548,241.259,322,345,146,143,-17.867,78
2024,17,85,Wisconsin,Big Ten,4,7,-22.791,39.914,48,0.364,0.628,-0.264,-1.505,183.459,206.250,244,264,133,128,82.259,9
2024,17,86,Troy,Sun Belt,3,8,-29.444,-76.814,103,0.273,0.307,-0.034,-0.124,231.667,261.111,278,329,120,126,-44.385,101
2024,17,87,Washington,Big Ten,5,7,-31.866,40.643,47,0.417,0.614,-0.198,-1.106,205.344,237.209,269,306,131,129,79.259,11
2024,17,88,Colorado State,Mountain West,7,5,-34.148,-77.216,104,0.583,0.243,0.340,2.117,189.796,223.944,279,318,147,142,-58.175,115
2024,17,89,Coastal Carolina,Sun Belt,5,7,-39.583,-72.327,100,0.417,0.326,0.091,0.623,231.250,270.833,333,390,144,144,-39.178,94
2024,17,90,Kentucky,SEC,3,8,-45.748,51.112,45,0.273,0.651,-0.379,-2.191,170.085,215.833,199,259,117,120,78.478,12
2024,17,91,West Virginia,Big 12,5,7,-48.294,13.496,62,0.417,0.531,-0.115,-0.608,257.812,306.107,330,401,128,131,49.925,39
2024,17,92,Eastern Michigan,Mid-American,4,7,-48.482,-115.531,118,0.364,0.210,0.153,0.997,197.842,246.324,275,335,139,136,-62.348,119
2024,17,93,New Mexico,Mountain West,5,6,-48.524,-176.463,128,0.455,0.275,0.179,1.153,314.407,362.931,371,421,118,116,-80.225,126
2024,17,94,Florida Atlantic,American Athletic,2,9,-48.862,-135.555,124,0.182,0.174,0.008,0.127,201.493,250.355,270,353,134,141,-61.676,118
2024,17,95,Western Michigan,Mid-American,5,7,-49.210,-72.028,98,0.417,0.328,0.089,0.611,231.387,280.597,317,376,137,134,-32.444,90
2024,17,96,Arkansas State,Sun Belt,7,5,-57.588,-79.340,106,0.583,0.301,0.282,1.769,218.841,276.429,302,387,138,140,-41.997,97
2024,17,97,UCLA,Big Ten,5,7,-58.641,27.450,57,0.417,0.577,-0.160,-0.879,185.714,244.355,221,303,119,124,89.994,2
2024,17,98,Utah State,Mountain West,3,8,-59.536,-43.220,88,0.273,0.434,-0.161,-0.887,260.902,320.438,347,439,133,137,-39.628,96
2024,17,99,Oregon State,Pac-12,4,7,-66.089,-88.848,109,0.364,0.297,0.067,0.479,227.928,294.017,253,344,111,117,-20.538,80
2024,17,100,Air Force,Mountain West,4,7,-67.480,-117.492,120,0.364,0.184,0.180,1.155,180.702,248.182,206,273,114,110,-59.002,116
2024,17,101,Virginia,ACC,4,7,-67.821,-11.748,71,0.364,0.464,-0.101,-0.525,176.296,244.118,238,332,135,136,55.032,33
2024,17,102,Maryland,Big Ten,3,8,-73.022,-3.869,69,0.273,0.489,-0.216,-1.216,176.978,250.000,246,345,139,138,82.504,8
2024,17,103,Houston,Big 12,4,8,-76.429,-34.063,83,0.333,0.371,-0.038,-0.147,120.000,196.429,168,275,140,140,47.279,42
2024,17,104,App State,Sun Belt,4,6,-81.027,-71.027,97,0.400,0.327,0.073,0.519,219.828,300.855,255,352,116,117,-15.766,77
2024,17,105,Nevada,Mountain West,2,10,-81.708,-99.404,111,0.167,0.272,-0.106,-0.555,202.419,284.127,251,358,124,126,-19.093,79
2024,17,106,Hawai'i,Mountain West,3,7,-83.186,-104.041,113,0.300,0.172,0.128,0.846,174.336,257.522,197,291,113,113,-44.784,102
2024,17,107,Wyoming,Mountain West,3,8,-85.535,-101.248,112,0.273,0.161,0.112,0.749,161.029,246.565,219,323,136,131,-29.722,89
2024,17,108,Wake Forest,ACC,3,8,-86.528,-51.719,92,0.273,0.366,-0.093,-0.479,194.815,281.343,263,377,135,134,30.223,59
2024,17,109,UL Monroe,Sun Belt,4,7,-87.192,-85.418,108,0.364,0.259,0.105,0.706,173.438,260.630,222,331,128,127,-25.250,84
2024,17,110,Oklahoma State,Big 12,2,9,-92.050,-39.751,85,0.182,0.396,-0.215,-1.208,202.878,294.928,282,407,139,138,49.047,40
2024,17,111,Rice,American Athletic,3,8,-95.217,-92.646,110,0.273,0.211,0.062,0.447,134.014,229.231,197,298,147,130,-32.558,91
2024,17,112,Georgia State,Sun Belt,2,9,-96.901,-109.130,115,0.182,0.238,-0.057,-0.261,196.992,293.893,262,385,133,131,-9.968,72
2024,17,113,Northwestern,Big Ten,3,8,-97.241,-24.060,79,0.273,0.424,-0.151,-0.829,138.636,235.878,183,309,132,131,63.485,26
2024,17,114,UTEP,Conference USA,3,8,-98.775,-165.265,127,0.273,0.106,0.167,1.079,141.892,240.667,210,361,148,150,-83.178,127
2024,17,115,Michigan State,Big Ten,4,7,-100.000,-16.713,74,0.364,0.449,-0.086,-0.434,158.678,258.678,192,313,121,121,73.021,17
2024,17,116,UAB,American Athletic,2,9,-101.487,-124.132,121,0.182,0.217,-0.035,-0.131,200.735,302.222,273,408,136,135,-28.410,88
2024,17,117,Arizona,Big 12,3,8,-103.125,-47.553,89,0.273,0.359,-0.086,-0.438,186.719,289.844,239,371,128,128,40.474,49
2024,17,118,San Diego State,Mountain West,2,9,-104.000,-156.043,125,0.182,0.113,0.069,0.493,168.800,272.800,211,341,125,125,-54.858,112
2024,17,119,Central Michigan,Mid-American,3,8,-105.207,-134.594,123,0.273,0.160,0.113,0.753,158.915,264.122,205,346,129,131,-43.837,100
2024,17,120,Kennesaw State,Conference USA,2,9,-112.198,-198.134,132,0.182,0.059,0.123,0.817,136.029,248.227,185,350,136,141,-88.674,129
2024,17,121,Mississippi State,SEC,1,10,-112.527,-30.838,82,0.091,0.431,-0.340,-1.958,211.667,324.194,254,402,120,124,77.894,14
2024,17,122,Akron,Mid-American,3,8,-113.123,-78.922,105,0.273,0.281,-0.008,0.029,158.519,271.642,214,364,135,134,3.069,67
2024,17,123,Charlotte,American Athletic,4,7,-115.361,-116.548,119,0.364,0.222,0.141,0.925,193.233,308.594,257,395,133,128,-12.766,73
2024,17,124,Stanford,ACC,2,9,-121.527,-50.420,90,0.182,0.362,-0.181,-1.004,179.231,300.758,233,397,130,132,58.662,30
2024,17,125,Temple,American Athletic,3,9,-124.003,-125.496,122,0.250,0.135,0.115,0.765,143.293,267.296,235,425,164,159,-26.758,86
2024,17,126,New Mexico State,Conference USA,2,9,-131.910,-186.715,129,0.182,0.084,0.098,0.663,167.376,299.286,236,419,141,140,-89.363,130
2024,17,127,Ball State,Mid-American,2,9,-132.337,-110.147,117,0.182,0.245,-0.063,-0.301,206.299,338.636,262,447,127,132,-22.190,81
2024,17,128,Florida State,ACC,1,10,-151.901,-61.015,95,0.091,0.310,-0.219,-1.235,120.000,271.901,144,329,120,121,72.374,18
2024,17,129,Tulsa,American Athletic,2,9,-155.414,-191.139,130,0.182,0.080,0.102,0.689,151.592,307.006,238,482,157,157,-64.755,122
2024,17,130,Middle Tennessee,Conference USA,2,9,-159.606,-225.086,134,0.182,0.078,0.104,0.702,149.194,308.800,185,386,124,125,-67.393,123
2024,17,131,Massachusetts,FBS Independents,0,10,-169.437,-159.998,126,0.000,0.169,-0.169,-0.934,176.991,346.429,200,388,113,112,-12.960,74
2024,17,132,Southern Miss,Sun Belt,0,11,-228.538,-223.437,133,0.000,0.044,-0.044,-0.182,109.630,338.168,148,443,135,131,-23.503,83
2024,17,133,Kent State,Mid-American,0,11,-257.971,-197.192,131,0.000,0.070,-0.070,-0.343,108.696,366.667,150,506,138,138,-6.873,70
2024,17,134,Purdue,Big Ten,0,11,-267.790,-69.243,96,0.000,0.298,-0.298,-1.705,109.375,377.165,140,479,128,127,101.048,1
