Season,Week,Rk,Team,Conference,W,L,NetRtg,AdjRtg,AdjRk,Win %,PyW %,Luck,Luck Z,Ortg,DRtg,PF,PA,ODrives,DDrives,SOS,SOS rank
2025,1,1,USC,Big Ten,1,0,508.333,120.833,8,1.000,0.814,0.186,0.580,608.333,100.000,73,13,12,13,-120.833,88
2025,1,2,Ole Miss,SEC,1,0,403.333,101.667,13,1.000,0.818,0.182,0.568,450.000,46.667,63,7,14,15,-101.667,83
2025,1,3,Utah,Big 12,1,0,352.778,148.611,4,1.000,0.836,0.164,0.513,477.778,125.000,43,10,9,8,-148.611,92
2025,1,4,TCU,Big 12,1,0,352.727,146.364,5,1.000,0.832,0.168,0.525,480.000,127.273,48,14,10,11,-146.364,91
2025,1,5,Purdue,Big Ten,1,0,344.444,155.556,3,1.000,0.913,0.087,0.266,344.444,0.000,31,0,9,9,-155.556,93
2025,1,6,Virginia,ACC,1,0,322.564,111.282,11,1.000,0.833,0.167,0.520,369.231,46.667,48,7,13,15,-111.282,85
2025,1,7,Penn State,Big Ten,1,0,318.182,127.273,6,1.000,0.823,0.177,0.553,418.182,100.000,46,11,11,11,-127.273,90
2025,1,8,Georgia,SEC,1,0,296.154,109.615,12,1.000,0.829,0.171,0.535,346.154,50.000,45,7,13,14,-109.615,84
2025,1,9,Arizona,Big 12,1,0,283.333,158.586,2,1.000,0.989,0.011,0.022,333.333,50.000,40,6,12,12,-74.747,71
2025,1,10,Temple,American Athletic,1,0,281.818,122.727,7,1.000,0.817,0.183,0.572,381.818,100.000,42,10,11,10,-122.727,89
2025,1,11,Kansas,Big 12,1,0,240.000,240.606,1,1.000,1.000,0.000,-0.012,310.000,70.000,31,7,10,10,0.606,45
2025,1,12,California,ACC,1,0,232.857,116.429,9,1.000,0.804,0.196,0.613,340.000,107.143,34,15,10,14,-116.429,87
2025,1,13,South Florida,American Athletic,1,0,225.000,112.500,10,1.000,0.828,0.172,0.539,283.333,58.333,34,7,12,12,-112.500,86
2025,1,14,Maryland,Big Ten,1,0,218.824,96.078,16,1.000,0.813,0.187,0.586,260.000,41.176,39,7,15,17,-96.078,78
2025,1,15,Texas State,Sun Belt,1,0,202.727,101.364,14,1.000,0.710,0.290,0.913,472.727,270.000,52,27,11,10,-101.364,82
2025,1,16,App State,Sun Belt,1,0,199.091,99.545,15,1.000,0.776,0.224,0.704,309.091,110.000,34,11,11,10,-99.545,79
2025,1,17,UNLV,Mountain West,1,0,189.091,88.283,19,1.000,0.771,0.229,0.720,380.000,190.909,38,21,10,11,-100.808,80
2025,1,18,Auburn,SEC,1,0,182.222,91.111,17,1.000,0.704,0.296,0.933,422.222,240.000,38,24,9,10,-91.111,77
2025,1,19,Michigan,Big Ten,1,0,178.322,89.161,18,1.000,0.746,0.254,0.798,309.091,130.769,34,17,11,13,-89.161,76
2025,1,20,Tennessee,SEC,1,0,175.000,87.500,20,1.000,0.713,0.287,0.906,375.000,200.000,45,26,12,13,-87.500,75
2025,1,21,Wisconsin,Big Ten,1,0,170.000,85.000,21,1.000,0.824,0.176,0.551,170.000,0.000,17,0,10,10,-85.000,74
2025,1,22,Tulane,American Athletic,1,0,164.394,82.197,22,1.000,0.796,0.204,0.638,191.667,27.273,23,3,12,11,-82.197,73
2025,1,23,Mississippi State,SEC,1,0,141.667,70.833,23,1.000,0.704,0.296,0.932,283.333,141.667,34,17,12,12,-70.833,70
2025,1,24,Florida State,ACC,1,0,140.000,70.000,24,1.000,0.691,0.309,0.976,310.000,170.000,31,17,10,10,-70.000,69
2025,1,24,South Carolina,SEC,1,0,140.000,70.000,25,1.000,0.723,0.277,0.873,240.000,100.000,24,11,10,11,-70.000,68
2025,1,26,Washington,Big Ten,1,0,135.455,67.727,26,1.000,0.671,0.329,1.037,345.455,210.000,38,21,11,10,-67.727,67
2025,1,27,Indiana,Big Ten,1,0,128.788,64.394,27,1.000,0.702,0.298,0.941,245.455,116.667,27,14,11,12,-64.394,66
2025,1,28,Michigan State,Big Ten,1,0,126.923,63.462,28,1.000,0.737,0.263,0.829,176.923,50.000,23,6,13,12,-63.462,65
2025,1,29,Texas A&M,SEC,1,0,123.077,61.538,29,1.000,0.662,0.338,1.068,323.077,200.000,42,24,13,12,-61.538,64
2025,1,30,Western Kentucky,Conference USA,1,0,113.333,12.525,43,1.000,0.567,0.433,1.371,273.333,160.000,41,24,15,15,-100.808,80
2025,1,31,Minnesota,Big Ten,1,0,109.091,54.545,30,1.000,0.685,0.315,0.994,209.091,100.000,23,10,11,10,-54.545,63
2025,1,32,Ohio,Mid-American,0,1,104.167,52.083,31,0.000,0.620,-0.620,-1.990,387.500,283.333,31,34,8,12,-52.083,62
2025,1,33,Utah State,Mountain West,1,0,92.308,46.154,32,1.000,0.652,0.348,1.098,215.385,123.077,28,16,13,13,-46.154,61
2025,1,34,Wyoming,Mountain West,1,0,83.333,41.667,33,1.000,0.705,0.295,0.929,83.333,0.000,10,0,12,13,-41.667,60
2025,1,35,Georgia Tech,ACC,1,0,70.000,35.000,34,1.000,0.600,0.400,1.267,270.000,200.000,27,20,10,10,-35.000,59
2025,1,35,UCF,Big 12,1,0,70.000,35.000,35,1.000,0.628,0.372,1.175,170.000,100.000,17,10,10,10,-35.000,58
2025,1,37,LSU,SEC,1,0,63.636,31.818,36,1.000,0.621,0.379,1.197,154.545,90.909,17,10,11,11,-31.818,57
2025,1,38,Kentucky,SEC,1,0,61.538,30.769,37,1.000,0.607,0.393,1.241,184.615,123.077,24,16,13,13,-30.769,56
2025,1,39,NC State,ACC,1,0,58.333,29.167,38,1.000,0.597,0.403,1.273,200.000,141.667,24,17,12,12,-29.167,55
2025,1,40,Ohio State,Big Ten,1,0,57.273,28.636,39,1.000,0.618,0.382,1.207,127.273,70.000,14,7,11,10,-28.636,54
2025,1,41,Miami,ACC,1,0,45.455,22.727,40,1.000,0.567,0.433,1.371,245.455,200.000,27,24,11,12,-22.727,53
2025,1,42,Nebraska,Big Ten,1,0,30.000,15.000,41,1.000,0.549,0.451,1.429,200.000,170.000,20,17,10,10,-15.000,52
2025,1,43,Central Michigan,Mid-American,1,0,28.788,14.394,42,1.000,0.554,0.446,1.411,145.455,116.667,16,14,11,12,-14.394,51
2025,1,44,Fresno State,Mountain West,1,1,8.333,0.606,47,0.500,0.501,-0.001,-0.016,233.333,225.000,49,45,21,20,-0.303,47
2025,1,45,Rice,American Athletic,1,0,7.273,3.636,44,1.000,0.514,0.486,1.540,127.273,120.000,14,12,11,10,-3.636,50
2025,1,46,Kansas State,Big 12,0,1,6.294,3.147,45,0.000,0.510,-0.510,-1.640,190.909,184.615,21,24,11,13,-3.147,49
2025,1,47,Wake Forest,ACC,1,0,1.515,0.758,46,1.000,0.503,0.497,1.574,83.333,81.818,10,9,12,11,-0.758,48
2025,1,48,Kennesaw State,Conference USA,0,1,-1.515,-0.758,48,0.000,0.497,-0.497,-1.597,81.818,83.333,9,10,11,12,0.758,44
2025,1,49,Iowa State,Big 12,1,0,-6.294,-3.147,49,1.000,0.490,0.510,1.617,184.615,190.909,24,21,13,11,3.147,43
2025,1,50,Louisiana,Sun Belt,0,1,-7.273,-3.636,50,0.000,0.486,-0.486,-1.563,120.000,127.273,12,14,10,11,3.636,42
2025,1,51,Stanford,ACC,0,1,-9.091,-83.838,73,0.000,0.189,-0.189,-0.616,200.000,209.091,20,23,10,11,-74.747,71
2025,1,52,San José State,Mountain West,0,1,-28.788,-14.394,51,0.000,0.446,-0.446,-1.435,116.667,145.455,14,16,12,11,14.394,41
2025,1,53,Cincinnati,Big 12,0,1,-30.000,-15.000,52,0.000,0.451,-0.451,-1.453,170.000,200.000,17,20,10,10,15.000,40
2025,1,54,Notre Dame,FBS Independents,0,1,-45.455,-22.727,53,0.000,0.433,-0.433,-1.394,200.000,245.455,24,27,12,11,22.727,39
2025,1,55,Texas,SEC,0,1,-57.273,-28.636,54,0.000,0.382,-0.382,-1.231,70.000,127.273,7,14,10,11,28.636,38
2025,1,56,East Carolina,American Athletic,0,1,-58.333,-29.167,55,0.000,0.403,-0.403,-1.297,141.667,200.000,17,24,12,12,29.167,37
2025,1,57,Toledo,Mid-American,0,1,-61.538,-30.769,56,0.000,0.393,-0.393,-1.265,123.077,184.615,16,24,13,13,30.769,36
2025,1,58,Clemson,ACC,0,1,-63.636,-31.818,57,0.000,0.379,-0.379,-1.220,90.909,154.545,10,17,11,11,31.818,35
2025,1,59,Colorado,Big 12,0,1,-70.000,-35.000,59,0.000,0.400,-0.400,-1.290,200.000,270.000,20,27,10,10,35.000,33
2025,1,59,Jacksonville State,Conference USA,0,1,-70.000,-35.000,58,0.000,0.372,-0.372,-1.198,100.000,170.000,10,17,10,10,35.000,34
2025,1,61,Akron,Mid-American,0,1,-83.333,-41.667,60,0.000,0.295,-0.295,-0.952,0.000,83.333,0,10,13,12,41.667,31
2025,1,62,UTEP,Conference USA,0,1,-92.308,-46.154,61,0.000,0.348,-0.348,-1.122,123.077,215.385,16,28,13,13,46.154,30
2025,1,63,Rutgers,Big Ten,1,0,-104.167,-52.083,62,1.000,0.380,0.620,1.967,283.333,387.500,34,31,12,8,52.083,28
2025,1,64,Buffalo,Mid-American,0,1,-109.091,-54.545,63,0.000,0.315,-0.315,-1.017,100.000,209.091,10,23,10,11,54.545,27
2025,1,65,UTSA,American Athletic,0,1,-123.077,-61.538,64,0.000,0.338,-0.338,-1.091,200.000,323.077,24,42,12,13,61.538,26
2025,1,66,Western Michigan,Mid-American,0,1,-126.923,-63.462,65,0.000,0.263,-0.263,-0.853,50.000,176.923,6,23,12,13,63.462,25
2025,1,67,Old Dominion,Sun Belt,0,1,-128.788,-64.394,66,0.000,0.298,-0.298,-0.965,116.667,245.455,14,27,12,11,64.394,24
2025,1,68,Colorado State,Mountain West,0,1,-135.455,-67.727,67,0.000,0.329,-0.329,-1.061,210.000,345.455,21,38,10,11,67.727,23
2025,1,69,Alabama,SEC,0,1,-140.000,-70.000,69,0.000,0.309,-0.309,-0.999,170.000,310.000,17,31,10,10,70.000,21
2025,1,69,Virginia Tech,ACC,0,1,-140.000,-70.000,68,0.000,0.277,-0.277,-0.896,100.000,240.000,11,24,11,10,70.000,22
2025,1,71,Southern Miss,Sun Belt,0,1,-141.667,-70.833,70,0.000,0.296,-0.296,-0.955,141.667,283.333,17,34,12,12,70.833,20
2025,1,72,Sam Houston,Conference USA,0,2,-142.923,-100.808,80,0.000,0.299,-0.299,-0.968,173.077,316.000,45,79,26,25,50.404,29
2025,1,73,Hawai'i,Mountain West,1,1,-146.640,-74.747,71,0.500,0.324,0.176,0.550,126.087,272.727,29,60,23,22,37.374,32
2025,1,74,Northwestern,Big Ten,0,1,-164.394,-82.197,72,0.000,0.204,-0.204,-0.662,27.273,191.667,3,23,11,12,82.197,19
2025,1,75,Miami (OH),Mid-American,0,1,-170.000,-85.000,74,0.000,0.176,-0.176,-0.575,0.000,170.000,0,17,10,10,85.000,18
2025,1,76,Syracuse,ACC,0,1,-175.000,-87.500,75,0.000,0.287,-0.287,-0.929,200.000,375.000,26,45,13,12,87.500,17
2025,1,77,New Mexico,Mountain West,0,1,-178.322,-89.161,76,0.000,0.254,-0.254,-0.821,130.769,309.091,17,34,13,11,89.161,16
2025,1,78,Baylor,Big 12,0,1,-182.222,-91.111,77,0.000,0.296,-0.296,-0.956,240.000,422.222,24,38,10,9,91.111,15
2025,1,79,Charlotte,American Athletic,0,1,-199.091,-99.545,79,0.000,0.224,-0.224,-0.727,110.000,309.091,11,34,10,11,99.545,13
2025,1,80,Eastern Michigan,Mid-American,0,1,-202.727,-101.364,81,0.000,0.290,-0.290,-0.936,270.000,472.727,27,52,10,11,101.364,12
2025,1,81,Florida Atlantic,American Athletic,0,1,-218.824,-96.078,78,0.000,0.187,-0.187,-0.610,41.176,260.000,7,39,17,15,96.078,14
2025,1,82,Boise State,Mountain West,0,1,-225.000,-112.500,85,0.000,0.172,-0.172,-0.562,58.333,283.333,7,34,12,12,112.500,8
2025,1,83,Oregon State,Pac-12,0,1,-232.857,-116.429,86,0.000,0.196,-0.196,-0.637,107.143,340.000,15,34,14,10,116.429,7
2025,1,84,Georgia Southern,Sun Belt,0,1,-241.818,-241.212,93,0.000,0.016,-0.016,-0.063,140.000,381.818,14,42,10,11,0.606,45
2025,1,85,Massachusetts,Mid-American,0,1,-281.818,-122.727,88,0.000,0.183,-0.183,-0.596,100.000,381.818,10,42,10,11,122.727,5
2025,1,86,Marshall,Sun Belt,0,1,-296.154,-109.615,83,0.000,0.171,-0.171,-0.558,50.000,346.154,7,45,14,13,109.615,10
2025,1,87,Nevada,Mountain West,0,1,-318.182,-127.273,89,0.000,0.177,-0.177,-0.576,100.000,418.182,11,46,11,11,127.273,4
2025,1,88,Coastal Carolina,Sun Belt,0,1,-322.564,-111.282,84,0.000,0.167,-0.167,-0.543,46.667,369.231,7,48,15,13,111.282,9
2025,1,89,Ball State,Mid-American,0,1,-344.444,-155.556,92,0.000,0.087,-0.087,-0.290,0.000,344.444,0,31,9,9,155.556,1
2025,1,90,North Carolina,ACC,0,1,-352.727,-146.364,90,0.000,0.168,-0.168,-0.548,127.273,480.000,14,48,11,10,146.364,3
2025,1,91,UCLA,Big Ten,0,1,-352.778,-148.611,91,0.000,0.164,-0.164,-0.537,125.000,477.778,10,43,8,9,148.611,2
2025,1,92,Georgia State,Sun Belt,0,1,-403.333,-101.667,82,0.000,0.182,-0.182,-0.591,46.667,450.000,7,63,15,14,101.667,11
2025,1,93,Missouri State,Conference USA,0,1,-508.333,-120.833,87,0.000,0.186,-0.186,-0.604,100.000,608.333,13,73,13,12,120.833,6
2025,2,1,Oregon,Big Ten,1,0,555.000,119.167,23,1.000,0.846,0.154,0.483,575.000,20.000,69,3,12,15,-119.167,123
2025,2,2,USC,Big Ten,2,0,405.778,27.786,58,1.000,0.572,0.428,1.337,528.000,122.222,132,33,25,27,-206.234,132
2025,2,3,Utah,Big 12,1,0,352.778,141.130,14,1.000,0.769,0.231,0.723,477.778,125.000,43,10,9,8,-156.092,130
2025,2,4,TCU,Big 12,1,0,352.727,248.182,4,1.000,0.887,0.113,0.356,480.000,127.273,48,14,10,11,-44.545,94
2025,2,5,Texas Tech,Big 12,1,0,349.524,103.333,28,1.000,0.778,0.222,0.695,442.857,93.333,62,14,14,15,-103.333,114
2025,2,6,Purdue,Big Ten,1,0,344.444,204.470,7,1.000,0.949,0.051,0.162,344.444,0.000,31,0,9,9,-106.641,116
2025,2,7,Arkansas,SEC,1,0,339.394,111.364,25,1.000,0.774,0.226,0.710,466.667,127.273,56,14,12,11,-111.364,120
2025,2,8,Houston,Big 12,1,0,337.500,227.424,5,1.000,0.950,0.050,0.159,437.500,100.000,35,9,8,9,-110.076,118
2025,2,9,Penn State,Big Ten,2,0,300.000,162.626,11,1.000,0.833,0.167,0.525,347.826,47.826,80,11,23,23,-81.313,107
2025,2,10,Georgia,SEC,1,0,296.154,-5.761,72,1.000,0.474,0.526,1.643,346.154,50.000,45,7,13,14,-224.992,134
2025,2,11,Nebraska,Big Ten,2,0,292.754,97.152,30,1.000,0.850,0.150,0.471,366.667,73.913,88,17,24,23,-17.848,80
2025,2,12,Alabama,SEC,1,1,287.662,38.182,56,0.500,0.588,-0.088,-0.268,428.571,140.909,90,31,21,22,-19.091,81
2025,2,13,Arizona,Big 12,1,0,283.333,120.473,21,1.000,0.974,0.026,0.086,333.333,50.000,40,6,12,12,-112.860,121
2025,2,14,Temple,American Athletic,1,0,281.818,122.727,19,1.000,0.804,0.196,0.615,381.818,100.000,42,10,11,10,-122.727,125
2025,2,15,Wisconsin,Big Ten,2,0,275.146,-15.851,75,1.000,0.432,0.568,1.773,327.778,52.632,59,10,18,19,-282.795,135
2025,2,16,Pittsburgh,ACC,1,0,254.545,128.121,18,1.000,0.765,0.235,0.738,409.091,154.545,45,17,11,11,-126.424,126
2025,2,17,Indiana,Big Ten,2,0,250.000,136.626,15,1.000,0.826,0.174,0.547,345.833,95.833,83,23,24,24,-32.576,89
2025,2,18,Memphis,American Athletic,1,0,246.429,214.023,6,1.000,0.756,0.244,0.763,475.000,228.571,38,16,8,7,-32.406,88
2025,2,19,Auburn,SEC,2,0,240.909,106.821,26,1.000,0.836,0.164,0.517,363.636,122.727,80,27,22,22,-91.021,110
2025,2,20,Vanderbilt,SEC,1,0,240.000,113.333,24,1.000,0.776,0.224,0.703,440.000,200.000,44,20,10,10,-126.667,127
2025,2,21,California,ACC,1,0,232.857,99.302,29,1.000,1.000,0.000,0.005,340.000,107.143,34,15,10,14,-133.556,129
2025,2,22,Ole Miss,SEC,2,0,228.695,170.928,10,1.000,0.832,0.168,0.529,332.143,103.448,93,30,28,29,44.261,44
2025,2,23,BYU,Big 12,1,0,218.182,96.231,31,1.000,0.748,0.252,0.790,245.455,27.273,27,3,11,11,-121.951,124
2025,2,24,App State,Sun Belt,1,0,199.091,-2.273,70,1.000,0.495,0.505,1.577,309.091,110.000,34,11,11,10,-201.364,131
2025,2,25,Illinois,Big Ten,1,0,185.000,92.500,32,1.000,0.716,0.284,0.889,375.000,190.000,45,19,12,10,-92.500,111
2025,2,26,Virginia,ACC,1,1,181.940,66.133,45,0.500,0.652,-0.152,-0.466,343.478,161.538,79,42,23,26,-41.058,93
2025,2,27,Tennessee,SEC,1,0,175.000,129.670,17,1.000,0.831,0.169,0.531,375.000,200.000,45,26,12,13,-45.330,95
2025,2,28,Washington State,Pac-12,1,0,164.286,82.143,35,1.000,0.740,0.260,0.815,257.143,92.857,36,13,14,14,-82.143,108
2025,2,29,Maryland,Big Ten,2,0,161.376,92.335,33,1.000,0.731,0.269,0.843,218.519,57.143,59,16,27,28,-46.168,98
2025,2,30,Louisville,ACC,1,0,146.853,73.427,40,1.000,0.714,0.286,0.894,254.545,107.692,28,14,11,13,-73.427,105
2025,2,31,Texas A&M,SEC,2,0,141.595,153.019,12,1.000,0.822,0.178,0.558,318.519,176.923,86,46,27,26,12.909,64
2025,2,32,Florida State,ACC,1,0,140.000,178.182,9,1.000,0.923,0.077,0.245,310.000,170.000,31,17,10,10,38.182,47
2025,2,32,Navy,American Athletic,1,0,140.000,70.000,42,1.000,0.659,0.341,1.066,380.000,240.000,38,24,10,10,-70.000,103
2025,2,32,South Carolina,SEC,1,0,140.000,13.333,65,1.000,0.599,0.401,1.253,240.000,100.000,24,11,10,11,-126.667,127
2025,2,35,UNLV,Mountain West,2,0,137.895,-78.315,96,1.000,0.351,0.649,2.026,357.895,220.000,68,44,19,20,-211.749,133
2025,2,36,Washington,Big Ten,1,0,135.455,67.727,43,1.000,0.664,0.336,1.052,345.455,210.000,38,21,11,10,-67.727,102
2025,2,37,South Florida,American Athletic,2,0,121.542,76.212,38,1.000,0.678,0.322,1.008,226.087,104.545,52,23,23,22,-38.106,91
2025,2,38,Oklahoma,SEC,1,0,109.848,132.673,16,1.000,0.968,0.032,0.105,218.182,108.333,24,13,11,12,22.824,58
2025,2,39,Rutgers,Big Ten,2,0,109.524,144.149,13,1.000,0.716,0.284,0.890,376.190,266.667,79,48,21,18,31.233,53
2025,2,40,Minnesota,Big Ten,1,0,109.091,54.545,50,1.000,0.674,0.326,1.020,209.091,100.000,23,10,11,10,-54.545,100
2025,2,41,Texas,SEC,1,1,106.731,48.121,52,0.500,0.620,-0.120,-0.370,187.500,80.769,45,21,24,26,-24.909,85
2025,2,42,Texas State,Sun Belt,2,0,106.087,60.162,47,1.000,0.628,0.372,1.162,380.000,273.913,95,63,25,23,-56.312,101
2025,2,43,LSU,SEC,2,0,104.545,89.545,34,1.000,0.813,0.187,0.587,181.818,77.273,40,17,22,22,-15.000,76
2025,2,44,Michigan State,Big Ten,2,0,95.455,80.886,36,1.000,0.753,0.247,0.775,295.455,200.000,65,46,22,23,-34.091,90
2025,2,45,New Mexico State,Conference USA,1,0,93.333,46.667,53,1.000,0.639,0.361,1.128,233.333,140.000,21,14,9,10,-46.667,99
2025,2,46,Tulane,American Athletic,2,0,88.933,60.859,46,1.000,0.633,0.367,1.148,243.478,154.545,56,34,23,22,-30.429,87
2025,2,47,Mississippi State,SEC,2,0,87.500,58.333,49,1.000,0.628,0.372,1.162,241.667,154.167,58,37,24,24,-29.167,86
2025,2,48,Kansas,Big 12,1,1,87.273,283.230,2,0.500,0.998,-0.498,-1.544,310.000,222.727,62,49,20,22,183.230,4
2025,2,49,Wyoming,Mountain West,1,0,83.333,-19.515,77,1.000,0.363,0.637,1.988,83.333,0.000,10,0,12,13,-102.848,113
2025,2,50,Colorado,Big 12,1,1,80.952,49.394,51,0.500,0.608,-0.108,-0.330,242.857,161.905,51,34,21,21,-24.697,84
2025,2,51,Toledo,Mid-American,1,1,70.923,59.389,48,0.500,0.650,-0.150,-0.462,244.000,173.077,61,45,25,26,-16.572,79
2025,2,52,Georgia Tech,ACC,1,0,70.000,119.394,22,1.000,0.855,0.145,0.458,270.000,200.000,27,20,10,10,49.394,40
2025,2,52,UCF,Big 12,1,0,70.000,76.970,37,1.000,0.936,0.064,0.205,170.000,100.000,17,10,10,10,6.970,66
2025,2,54,Ohio,Mid-American,1,1,59.341,248.316,3,0.500,0.993,-0.493,-1.529,228.571,169.231,48,44,21,26,166.562,5
2025,2,55,Ohio State,Big Ten,1,0,57.273,105.394,27,1.000,0.986,0.014,0.050,127.273,70.000,14,7,11,10,48.121,42
2025,2,56,Fresno State,Mountain West,2,1,46.429,43.230,54,0.667,0.609,0.058,0.184,303.571,257.143,85,72,28,28,-16.304,78
2025,2,57,Miami,ACC,1,0,45.455,22.727,62,1.000,0.563,0.437,1.364,245.455,200.000,27,24,11,12,-22.727,82
2025,2,58,Cincinnati,Big 12,1,1,42.857,67.152,44,0.500,0.655,-0.155,-0.477,242.857,200.000,51,40,21,20,27.606,55
2025,2,59,Missouri,SEC,1,0,40.000,323.230,1,1.000,0.904,0.096,0.304,350.000,310.000,42,31,12,10,283.230,1
2025,2,60,NC State,ACC,2,0,38.340,74.315,39,1.000,0.665,0.335,1.047,256.522,218.182,59,48,23,22,41.058,45
2025,2,61,Michigan,Big Ten,1,1,33.514,22.824,61,0.500,0.552,-0.052,-0.156,204.348,170.833,47,41,23,24,-11.412,74
2025,2,62,North Texas,American Athletic,1,0,33.333,-12.704,73,1.000,0.481,0.519,1.620,366.667,333.333,33,30,9,9,-46.037,97
2025,2,63,Kansas State,Big 12,0,2,15.152,18.980,63,0.000,0.549,-0.549,-1.704,233.333,218.182,42,48,18,22,-0.833,69
2025,2,64,Jacksonville State,Conference USA,1,1,14.286,6.970,69,0.500,0.516,-0.016,-0.043,209.524,195.238,44,41,21,21,-3.485,70
2025,2,65,Iowa State,Big 12,2,0,12.008,12.686,66,1.000,0.546,0.454,1.417,173.913,161.905,40,34,23,21,0.833,68
2025,2,66,Clemson,ACC,1,1,11.039,25.909,59,0.500,0.585,-0.085,-0.258,168.182,157.143,37,33,22,21,15.000,63
2025,2,67,Kentucky,SEC,1,1,3.704,120.928,20,0.500,0.916,-0.416,-1.289,174.074,170.370,47,46,27,27,115.159,12
2025,2,68,Wake Forest,ACC,1,0,1.515,-71.474,92,1.000,0.194,0.806,2.512,83.333,81.818,10,9,12,11,-72.990,104
2025,2,69,Florida,SEC,0,1,-3.636,72.576,41,0.000,0.812,-0.812,-2.523,160.000,163.636,16,18,10,11,76.212,22
2025,2,70,Louisiana,Sun Belt,0,1,-7.273,-117.348,112,0.000,0.002,-0.002,-0.001,120.000,127.273,12,14,10,11,-110.076,118
2025,2,71,South Alabama,Sun Belt,0,1,-18.182,42.677,55,0.000,0.612,-0.612,-1.901,281.818,300.000,31,33,11,11,60.859,33
2025,2,72,Iowa,Big Ten,0,1,-30.000,-17.314,76,0.000,0.445,-0.445,-1.381,130.000,160.000,13,16,10,10,12.686,65
2025,2,73,Army,American Athletic,1,0,-33.333,-14.353,74,1.000,0.466,0.534,1.666,266.667,300.000,24,21,9,7,18.980,62
2025,2,74,Arizona State,Big 12,0,1,-33.333,25.000,60,0.000,0.620,-0.620,-1.925,166.667,200.000,20,24,12,12,58.333,36
2025,2,75,Western Kentucky,Conference USA,1,1,-34.127,-154.072,122,0.500,0.170,0.330,1.033,221.429,255.556,62,69,28,27,-104.008,115
2025,2,76,Utah State,Mountain West,1,1,-37.037,-4.124,71,0.500,0.487,0.013,0.045,185.185,222.222,50,60,27,27,28.293,54
2025,2,77,UConn,FBS Independents,0,1,-39.011,-84.341,100,0.000,0.087,-0.087,-0.265,153.846,192.857,20,27,13,14,-45.330,95
2025,2,78,Notre Dame,FBS Independents,0,1,-45.455,-22.727,79,0.000,0.437,-0.437,-1.354,200.000,245.455,24,27,12,11,22.727,60
2025,2,79,Hawai'i,Mountain West,2,1,-48.307,-112.860,111,0.667,0.274,0.393,1.227,194.118,242.424,66,80,34,33,-89.628,109
2025,2,80,Baylor,Big 12,1,1,-50.000,-75.402,95,0.500,0.380,0.120,0.380,327.273,377.273,72,83,22,22,-11.214,73
2025,2,81,SMU,ACC,0,1,-53.846,-129.248,118,0.000,0.172,-0.172,-0.529,346.154,400.000,45,48,13,12,-75.402,106
2025,2,82,East Carolina,American Athletic,0,1,-58.333,15.982,64,0.000,0.581,-0.581,-1.803,141.667,200.000,17,24,12,12,74.315,24
2025,2,83,West Virginia,Big 12,0,1,-59.341,188.975,8,0.000,0.967,-0.967,-3.005,71.429,130.769,10,17,14,13,248.316,2
2025,2,84,Syracuse,ACC,1,1,-63.704,-45.330,83,0.500,0.407,0.093,0.295,196.296,260.000,53,65,27,25,22.665,61
2025,2,85,UTSA,American Athletic,0,2,-74.815,29.942,57,0.000,0.582,-0.582,-1.805,240.000,314.815,60,85,25,27,106.590,14
2025,2,86,North Carolina,ACC,1,1,-77.273,-44.545,82,0.500,0.349,0.151,0.475,154.545,231.818,34,51,22,22,23.409,57
2025,2,87,Western Michigan,Mid-American,0,2,-83.117,-46.037,84,0.000,0.318,-0.318,-0.985,171.429,254.545,36,56,21,22,34.091,50
2025,2,88,Northern Illinois,Mid-American,0,1,-84.848,7.487,68,0.000,0.541,-0.541,-1.679,81.818,166.667,9,20,11,12,92.335,17
2025,2,89,Troy,Sun Belt,0,1,-85.455,-59.545,88,0.000,0.347,-0.347,-1.075,160.000,245.455,16,27,10,11,25.909,56
2025,2,90,Liberty,Conference USA,0,1,-90.909,-83.939,99,0.000,0.264,-0.264,-0.815,218.182,309.091,24,34,11,11,6.970,66
2025,2,91,UTEP,Conference USA,0,1,-92.308,-96.432,103,0.000,0.216,-0.216,-0.667,123.077,215.385,16,28,13,13,-4.124,71
2025,2,92,Tulsa,American Athletic,0,1,-93.333,-46.667,85,0.000,0.361,-0.361,-1.118,140.000,233.333,14,21,10,9,46.667,43
2025,2,93,Boston College,ACC,0,1,-103.030,-22.145,78,0.000,0.470,-0.470,-1.456,363.636,466.667,40,42,11,9,80.886,21
2025,2,94,Central Michigan,Mid-American,1,1,-106.522,-126.424,116,0.500,0.195,0.305,0.956,150.000,256.522,33,59,22,23,-13.545,75
2025,2,95,Bowling Green,Mid-American,0,1,-109.091,-41.939,81,0.000,0.380,-0.380,-1.178,200.000,309.091,20,34,10,11,67.152,29
2025,2,96,Buffalo,Mid-American,0,1,-109.091,-54.545,86,0.000,0.326,-0.326,-1.010,100.000,209.091,10,23,10,11,54.545,39
2025,2,97,Stanford,ACC,0,2,-117.749,-121.951,114,0.000,0.081,-0.081,-0.246,109.524,227.273,23,50,21,22,-8.315,72
2025,2,98,Old Dominion,Sun Belt,0,1,-128.788,7.838,67,0.000,0.527,-0.527,-1.637,116.667,245.455,14,27,12,11,136.626,9
2025,2,99,Colorado State,Mountain West,0,1,-135.455,-67.727,89,0.000,0.336,-0.336,-1.042,210.000,345.455,21,38,10,11,67.727,28
2025,2,100,San José State,Mountain West,0,2,-138.222,-155.212,123,0.000,0.027,-0.027,-0.079,77.778,216.000,21,54,27,25,-39.152,92
2025,2,101,UAB,American Athletic,0,1,-140.000,-70.000,90,0.000,0.341,-0.341,-1.056,240.000,380.000,24,38,10,10,70.000,27
2025,2,102,Southern Miss,Sun Belt,0,1,-141.667,-83.333,98,0.000,0.204,-0.204,-0.631,141.667,283.333,17,34,12,12,58.333,36
2025,2,103,Louisiana Tech,Conference USA,0,1,-145.455,-55.909,87,0.000,0.334,-0.334,-1.033,63.636,209.091,7,23,11,11,89.545,19
2025,2,104,Rice,American Athletic,1,1,-146.111,-110.076,109,0.500,0.268,0.232,0.726,115.000,261.111,23,47,20,18,55.038,38
2025,2,105,Sam Houston,Conference USA,0,3,-146.547,-267.406,134,0.000,0.012,-0.012,-0.033,175.676,322.222,65,116,37,36,-115.082,122
2025,2,106,James Madison,Sun Belt,0,1,-146.853,-73.427,94,0.000,0.286,-0.286,-0.883,107.692,254.545,14,28,13,11,73.427,25
2025,2,107,San Diego State,Mountain West,0,1,-164.286,-82.143,97,0.000,0.260,-0.260,-0.804,92.857,257.143,13,36,14,14,82.143,20
2025,2,108,Northwestern,Big Ten,0,1,-164.394,-103.535,107,0.000,0.000,-0.000,0.005,27.273,191.667,3,23,11,12,60.859,33
2025,2,109,New Mexico,Mountain West,0,1,-178.322,-155.497,124,0.000,0.076,-0.076,-0.232,130.769,309.091,17,34,13,11,22.824,58
2025,2,110,Charlotte,American Athletic,0,2,-181.818,-201.364,130,0.000,0.015,-0.015,-0.042,63.636,245.455,14,54,22,22,-23.409,83
2025,2,111,Marshall,Sun Belt,0,2,-182.609,-224.992,133,0.000,0.078,-0.078,-0.239,117.391,300.000,27,66,23,22,-109.821,117
2025,2,112,Duke,ACC,0,1,-185.000,-92.500,102,0.000,0.284,-0.284,-0.879,190.000,375.000,19,45,10,12,92.500,16
2025,2,113,Kennesaw State,Conference USA,0,2,-185.739,-72.990,93,0.000,0.260,-0.260,-0.804,78.261,264.000,18,66,23,25,32.576,51
2025,2,114,Virginia Tech,ACC,0,2,-192.381,-126.667,117,0.000,0.262,-0.262,-0.811,147.619,340.000,31,68,21,20,63.333,32
2025,2,115,Eastern Michigan,Mid-American,0,1,-202.727,-142.566,120,0.000,0.235,-0.235,-0.725,270.000,472.727,27,52,10,11,60.162,35
2025,2,116,UCLA,Big Ten,0,2,-211.438,-156.092,125,0.000,0.111,-0.111,-0.342,194.118,405.556,33,73,17,18,31.408,52
2025,2,117,Delaware,Conference USA,0,1,-218.182,-168.788,127,0.000,0.008,-0.008,-0.020,63.636,281.818,7,31,11,11,49.394,40
2025,2,118,Florida Atlantic,American Athletic,0,1,-218.824,-99.822,104,0.000,0.110,-0.110,-0.339,41.176,260.000,7,39,17,15,92.335,17
2025,2,119,Oregon State,Pac-12,0,2,-220.856,-133.556,119,0.000,0.303,-0.303,-0.939,190.909,411.765,42,70,22,17,71.266,26
2025,2,120,Boise State,Mountain West,0,1,-225.000,-148.788,121,0.000,0.045,-0.045,-0.134,58.333,283.333,7,34,12,12,76.212,22
2025,2,121,Miami (OH),Mid-American,0,2,-241.316,-185.851,128,0.000,0.039,-0.039,-0.115,85.000,326.316,17,62,20,19,64.149,31
2025,2,122,Georgia Southern,Sun Belt,0,2,-279.167,-198.588,129,0.000,0.100,-0.100,-0.306,141.667,420.833,34,101,24,24,35.508,49
2025,2,123,Massachusetts,Mid-American,0,1,-281.818,-122.727,115,0.000,0.196,-0.196,-0.605,100.000,381.818,10,42,10,11,122.727,10
2025,2,124,Florida International,Conference USA,0,1,-283.333,-70.707,91,0.000,0.081,-0.081,-0.247,0.000,283.333,0,34,12,12,162.626,6
2025,2,125,Missouri State,Conference USA,1,1,-288.312,-213.881,131,0.500,0.052,0.448,1.398,154.545,442.857,34,93,22,21,-98.603,112
2025,2,126,Akron,Mid-American,0,2,-300.000,-102.848,105,0.000,0.185,-0.185,-0.570,0.000,300.000,0,78,26,26,38.818,46
2025,2,127,Ball State,Mid-American,0,2,-317.532,-106.641,108,0.000,0.185,-0.185,-0.572,14.286,331.818,3,73,21,22,155.645,8
2025,2,128,Nevada,Mountain West,0,1,-318.182,-91.919,101,0.000,0.224,-0.224,-0.693,100.000,418.182,11,46,11,11,162.626,6
2025,2,129,Coastal Carolina,Sun Belt,0,1,-322.564,-156.431,126,0.000,0.016,-0.016,-0.046,46.667,369.231,7,48,15,13,66.133,30
2025,2,130,Arkansas State,Sun Belt,0,1,-339.394,-111.364,110,0.000,0.226,-0.226,-0.700,127.273,466.667,14,56,11,12,111.364,13
2025,2,131,Kent State,Mid-American,0,1,-349.524,-103.333,106,0.000,0.222,-0.222,-0.685,93.333,442.857,14,62,15,14,103.333,15
2025,2,132,Georgia State,Sun Belt,0,2,-354.545,-32.406,80,0.000,0.298,-0.298,-0.921,104.545,459.091,23,101,22,22,192.475,3
2025,2,133,Middle Tennessee,Conference USA,0,1,-413.889,-379.740,135,0.000,0.056,-0.056,-0.170,111.111,525.000,10,42,9,8,-15.851,77
2025,2,134,Oklahoma State,Big 12,0,1,-555.000,-119.167,113,0.000,0.154,-0.154,-0.473,20.000,575.000,3,69,15,12,119.167,11
2025,2,135,UL Monroe,Sun Belt,0,1,-663.636,-216.364,132,0.000,0.000,-0.000,0.005,0.000,663.636,0,73,12,11,38.182,47
2025,3,1,Oregon,Big Ten,2,0,400.182,-124.389,99,1.000,0.302,0.698,1.835,468.182,68.000,103,17,22,25,-343.556,128
2025,3,2,TCU,Big 12,1,0,352.727,414.299,3,1.000,0.979,0.021,0.137,480.000,127.273,48,14,10,11,121.572,40
2025,3,3,USC,Big Ten,3,0,346.405,101.722,46,1.000,0.700,0.300,0.836,485.294,138.889,165,50,34,36,-113.551,103
2025,3,4,Utah,Big 12,2,0,305.263,96.623,49,1.000,0.712,0.288,0.806,389.474,84.211,74,16,19,19,-179.715,114
2025,3,5,Penn State,Big Ten,2,0,300.000,-221.207,118,1.000,0.281,0.719,1.886,347.826,47.826,80,11,23,23,-465.146,135
2025,3,6,Texas Tech,Big 12,2,0,296.296,106.810,44,1.000,0.979,0.021,0.135,396.296,100.000,107,28,27,28,-104.216,101
2025,3,7,Nebraska,Big Ten,2,0,292.754,-45.313,81,1.000,0.358,0.642,1.695,366.667,73.913,88,17,24,23,-160.313,113
2025,3,8,Alabama,SEC,2,1,286.042,178.051,29,0.667,0.727,-0.060,-0.067,426.667,140.625,128,45,30,32,45.795,58
2025,3,9,Illinois,Big Ten,2,0,270.393,-6.039,72,1.000,0.487,0.513,1.370,360.870,90.476,83,19,23,21,-225.812,122
2025,3,10,Indiana,Big Ten,2,0,250.000,177.087,31,1.000,0.982,0.018,0.128,345.833,95.833,83,23,24,24,7.885,68
2025,3,11,North Texas,American Athletic,2,0,247.619,-223.833,119,1.000,0.255,0.745,1.952,438.095,190.476,92,40,21,21,-357.167,130
2025,3,12,Auburn,SEC,3,0,230.000,14.987,69,1.000,0.545,0.455,1.225,370.000,140.000,111,42,30,30,-183.574,115
2025,3,13,Vanderbilt,SEC,2,0,222.143,133.147,37,1.000,0.778,0.222,0.640,357.143,135.000,75,27,21,20,-92.762,100
2025,3,14,BYU,Big 12,1,0,218.182,101.222,47,1.000,0.777,0.223,0.643,245.455,27.273,27,3,11,11,-116.960,104
2025,3,15,Oklahoma,SEC,2,0,202.462,311.651,10,1.000,0.998,0.002,0.089,264.000,61.538,66,16,25,26,156.727,32
2025,3,16,Houston,Big 12,2,0,200.000,324.170,8,1.000,1.000,0.000,0.083,338.095,138.095,71,29,21,21,100.292,46
2025,3,17,Missouri,SEC,2,0,196.429,290.291,12,1.000,0.849,0.151,0.461,391.667,195.238,94,41,24,21,157.412,31
2025,3,18,Iowa,Big Ten,1,1,195.455,101.171,48,0.500,0.907,-0.407,-0.937,300.000,104.545,60,23,20,22,-29.663,78
2025,3,19,Michigan,Big Ten,2,1,195.367,220.700,22,0.667,0.957,-0.291,-0.646,314.286,118.919,110,44,35,37,119.457,42
2025,3,20,Virginia,ACC,1,1,181.940,33.395,65,0.500,0.730,-0.230,-0.492,343.478,161.538,79,42,23,26,-73.796,93
2025,3,21,Ole Miss,SEC,3,0,181.579,244.361,18,1.000,0.959,0.041,0.185,352.632,171.053,134,65,38,38,152.879,34
2025,3,22,Memphis,American Athletic,2,0,178.947,286.211,13,1.000,0.906,0.094,0.320,300.000,121.053,66,23,22,19,92.163,50
2025,3,23,Miami,ACC,2,0,172.667,410.514,4,1.000,0.996,0.004,0.095,316.667,144.000,76,36,24,25,280.094,6
2025,3,24,Arkansas,SEC,1,1,171.429,233.833,19,0.500,0.843,-0.343,-0.778,433.333,261.905,91,55,21,21,133.025,38
2025,3,25,Maryland,Big Ten,2,0,161.376,-333.812,128,1.000,0.500,0.500,1.338,218.519,57.143,59,16,27,28,-472.315,136
2025,3,26,California,ACC,2,0,156.439,121.958,39,1.000,0.962,0.038,0.179,277.273,120.833,61,29,22,24,-36.970,81
2025,3,27,Arizona,Big 12,2,0,156.167,137.196,36,1.000,0.915,0.085,0.296,252.000,95.833,63,23,25,24,2.901,70
2025,3,28,Ohio State,Big Ten,2,0,155.628,359.423,6,1.000,1.000,0.000,0.083,231.818,76.190,51,16,22,21,203.514,16
2025,3,29,Georgia,SEC,2,0,151.852,63.659,57,1.000,1.000,0.000,0.083,329.630,177.778,89,48,27,27,-45.407,83
2025,3,30,Navy,American Athletic,2,0,150.000,-38.954,79,1.000,0.376,0.624,1.650,363.636,213.636,80,47,22,22,-188.120,118
2025,3,31,Louisville,ACC,1,0,146.853,73.427,53,1.000,0.718,0.282,0.791,254.545,107.692,28,14,11,13,-73.427,92
2025,3,32,Florida State,ACC,1,0,140.000,318.051,9,1.000,1.000,0.000,0.083,310.000,170.000,31,17,10,10,178.051,25
2025,3,33,UNLV,Mountain West,2,0,137.895,-99.685,92,1.000,0.301,0.699,1.838,357.895,220.000,68,44,19,20,-233.119,123
2025,3,34,Washington,Big Ten,1,0,135.455,67.727,55,1.000,0.666,0.334,0.921,345.455,210.000,38,21,11,10,-67.727,89
2025,3,35,East Carolina,American Athletic,1,1,124.000,4.730,70,0.500,0.500,0.000,0.083,220.000,96.000,55,24,25,25,-73.796,93
2025,3,36,Texas,SEC,2,1,115.107,247.032,16,0.667,0.997,-0.330,-0.745,194.595,79.487,72,31,37,39,154.756,33
2025,3,37,Rutgers,Big Ten,2,0,109.524,55.829,58,1.000,0.620,0.380,1.037,376.190,266.667,79,48,21,18,-57.088,84
2025,3,38,LSU,SEC,3,0,97.059,281.710,14,1.000,1.000,0.000,0.083,176.471,79.412,60,27,34,34,184.235,22
2025,3,39,Michigan State,Big Ten,2,0,95.455,-126.826,100,1.000,0.261,0.739,1.936,295.455,200.000,65,46,22,23,-241.803,125
2025,3,40,Texas A&M,SEC,3,0,91.184,342.521,7,1.000,0.959,0.041,0.186,317.500,226.316,127,86,40,38,255.098,9
2025,3,41,Wisconsin,Big Ten,2,1,89.286,-104.171,94,0.667,0.000,0.667,1.756,260.714,171.429,73,48,28,28,-188.060,117
2025,3,42,Pittsburgh,ACC,1,1,87.607,177.140,30,0.500,0.788,-0.288,-0.639,265.385,177.778,69,48,26,27,66.743,56
2025,3,43,Mississippi State,SEC,2,0,87.500,452.947,1,1.000,1.000,0.000,0.084,241.667,154.167,58,37,24,24,365.447,2
2025,3,44,Kansas,Big 12,1,1,87.273,278.670,15,0.500,1.000,-0.500,-1.171,310.000,222.727,62,49,20,22,178.670,24
2025,3,45,Tennessee,SEC,1,1,84.741,83.079,51,0.500,0.597,-0.097,-0.160,344.000,259.259,86,70,25,27,-4.970,73
2025,3,46,Purdue,Big Ten,1,1,83.333,-13.158,73,0.500,0.460,0.040,0.184,266.667,183.333,48,33,18,18,-79.825,96
2025,3,47,Louisiana Tech,Conference USA,1,1,81.692,127.870,38,0.500,0.740,-0.240,-0.518,224.000,142.308,56,37,25,26,97.264,48
2025,3,48,Tulane,American Athletic,3,0,72.294,-159.996,106,1.000,0.154,0.846,2.207,257.143,184.848,90,61,35,33,-233.480,124
2025,3,49,Toledo,Mid-American,1,1,70.923,102.875,45,0.500,0.779,-0.279,-0.616,244.000,173.077,61,45,25,26,26.913,60
2025,3,50,UCF,Big 12,1,0,70.000,-133.387,102,1.000,0.000,1.000,2.592,170.000,100.000,17,10,10,10,-203.387,121
2025,3,51,Arizona State,Big 12,1,1,68.182,419.613,2,0.500,1.000,-0.500,-1.171,245.455,177.273,54,39,22,22,341.280,3
2025,3,52,Kentucky,SEC,2,1,60.577,184.400,28,0.667,0.942,-0.275,-0.607,237.500,176.923,95,69,40,39,121.365,41
2025,3,53,NC State,ACC,3,0,53.950,52.320,59,1.000,0.577,0.423,1.144,265.714,211.765,93,72,35,34,2.370,71
2025,3,54,SMU,ACC,1,1,48.769,-102.122,93,0.500,0.260,0.240,0.686,280.769,232.000,73,58,26,25,-144.429,112
2025,3,55,Fresno State,Mountain West,2,1,46.429,67.049,56,0.667,0.636,0.031,0.160,303.571,257.143,85,72,28,28,7.514,69
2025,3,56,Cincinnati,Big 12,1,1,42.857,-81.953,88,0.500,0.267,0.233,0.668,242.857,200.000,51,40,21,20,-121.498,106
2025,3,57,Georgia Tech,ACC,2,0,39.211,245.478,17,1.000,0.999,0.001,0.086,255.000,215.789,51,41,20,19,207.144,14
2025,3,58,New Mexico,Mountain West,1,1,36.364,69.007,54,0.500,0.675,-0.175,-0.356,236.364,200.000,52,44,22,22,9.178,67
2025,3,59,Iowa State,Big 12,3,0,32.649,112.273,41,1.000,0.760,0.240,0.685,193.939,161.290,64,50,33,31,77.704,51
2025,3,60,Old Dominion,Sun Belt,1,1,26.087,48.299,60,0.500,0.613,-0.113,-0.199,256.522,230.435,59,53,23,23,16.481,64
2025,3,61,Utah State,Mountain West,2,1,23.077,193.109,26,0.667,0.974,-0.307,-0.687,253.846,230.769,99,90,39,39,161.943,30
2025,3,62,Texas State,Sun Belt,2,1,20.346,229.613,20,0.667,0.878,-0.212,-0.448,314.286,293.939,110,97,35,33,215.298,13
2025,3,63,App State,Sun Belt,1,1,10.606,163.844,32,0.500,0.824,-0.324,-0.729,233.333,222.727,56,49,24,22,138.017,37
2025,3,64,Colorado,Big 12,1,2,9.269,185.535,27,0.333,0.833,-0.499,-1.170,215.152,205.882,71,70,33,34,172.893,28
2025,3,65,Minnesota,Big Ten,1,1,8.009,35.796,63,0.500,0.578,-0.078,-0.114,176.190,168.182,37,37,21,22,23.751,61
2025,3,66,Southern Miss,Sun Belt,1,1,5.167,311.280,11,0.500,0.998,-0.498,-1.166,229.167,224.000,55,56,24,25,308.396,4
2025,3,67,Clemson,ACC,1,2,3.226,228.753,21,0.333,0.861,-0.528,-1.241,187.097,183.871,58,57,31,31,223.703,11
2025,3,68,Kansas State,Big 12,0,3,-6.190,110.253,42,0.000,0.819,-0.819,-1.970,196.667,202.857,59,71,30,35,108.796,45
2025,3,69,Bowling Green,Mid-American,1,1,-8.893,-197.683,114,0.500,0.125,0.375,1.024,195.455,204.348,43,47,22,23,-184.805,116
2025,3,70,West Virginia,Big 12,1,1,-9.762,155.773,34,0.500,1.000,-0.500,-1.171,136.667,146.429,41,41,30,28,168.568,29
2025,3,71,Jacksonville State,Conference USA,1,2,-12.500,-203.387,117,0.333,0.204,0.129,0.408,243.750,256.250,78,82,32,32,-189.145,119
2025,3,72,Notre Dame,FBS Independents,0,2,-16.667,362.765,5,0.000,0.999,-0.999,-2.423,266.667,283.333,64,68,24,24,376.517,1
2025,3,73,South Florida,American Athletic,2,1,-27.937,197.424,24,0.667,0.993,-0.326,-0.735,177.778,205.714,64,72,36,35,193.006,19
2025,3,74,UConn,FBS Independents,0,2,-29.077,-94.289,90,0.000,0.371,-0.371,-0.847,244.000,273.077,61,71,25,26,-62.284,87
2025,3,75,Army,American Athletic,1,0,-33.333,76.920,52,1.000,0.651,0.349,0.960,266.667,300.000,24,21,9,7,110.253,44
2025,3,76,Western Kentucky,Conference USA,1,1,-34.127,-130.573,101,0.500,0.212,0.288,0.805,221.429,255.556,62,69,28,27,-80.509,97
2025,3,77,Buffalo,Mid-American,1,1,-34.239,-74.456,86,0.500,0.114,0.386,1.051,178.261,212.500,41,51,23,24,-31.449,80
2025,3,78,South Carolina,SEC,1,1,-35.909,-41.398,80,0.500,0.297,0.203,0.594,155.000,190.909,31,42,20,22,-5.489,74
2025,3,79,Temple,American Athletic,1,1,-36.667,92.754,50,0.500,0.835,-0.335,-0.758,180.000,216.667,45,52,25,24,70.026,54
2025,3,80,UAB,American Athletic,1,1,-36.957,-187.339,111,0.500,0.190,0.310,0.861,250.000,286.957,55,66,22,23,-138.813,110
2025,3,81,Stanford,ACC,1,2,-40.257,-116.960,98,0.333,0.106,0.227,0.654,165.625,205.882,53,70,32,34,-76.556,95
2025,3,82,Ohio,Mid-American,1,2,-40.794,159.995,33,0.333,0.826,-0.492,-1.152,178.125,218.919,57,81,32,37,190.341,20
2025,3,83,Wake Forest,ACC,1,1,-45.290,-31.013,76,0.500,0.091,0.409,1.109,141.667,186.957,34,43,24,23,9.896,66
2025,3,84,Florida,SEC,0,2,-47.036,196.082,25,0.000,0.867,-0.867,-2.091,118.182,165.217,26,38,22,23,239.567,10
2025,3,85,Hawai'i,Mountain West,2,1,-48.307,-104.451,95,0.667,0.265,0.401,1.090,194.118,242.424,66,80,34,33,-81.219,98
2025,3,86,Baylor,Big 12,1,1,-50.000,-107.755,96,0.500,0.310,0.190,0.559,327.273,377.273,72,83,22,22,-43.567,82
2025,3,87,Syracuse,ACC,1,1,-63.704,-73.600,85,0.500,0.500,0.000,0.083,196.296,260.000,53,65,27,25,-5.605,75
2025,3,88,Wyoming,Mountain West,1,1,-65.217,-157.086,105,0.500,0.031,0.469,1.259,69.565,134.783,16,31,23,23,-71.025,90
2025,3,89,UTSA,American Athletic,0,2,-74.815,209.419,23,0.000,0.959,-0.959,-2.324,240.000,314.815,60,85,25,27,286.067,5
2025,3,90,North Carolina,ACC,1,1,-77.273,121.572,40,0.500,0.870,-0.370,-0.844,154.545,231.818,34,51,22,22,189.526,21
2025,3,91,Northern Illinois,Mid-American,0,1,-84.848,-418.661,130,0.000,0.177,-0.177,-0.361,81.818,166.667,9,20,11,12,-333.812,127
2025,3,92,Liberty,Conference USA,0,2,-86.957,-287.657,126,0.000,0.000,-0.000,0.083,160.870,247.826,37,57,23,23,-200.535,120
2025,3,93,Delaware,Conference USA,1,1,-91.304,-50.968,82,0.500,0.227,0.273,0.768,221.739,313.043,51,72,23,23,45.623,59
2025,3,94,Florida International,Conference USA,1,1,-92.308,-454.540,131,0.500,0.500,0.000,0.083,146.154,238.462,38,62,26,26,-373.588,131
2025,3,95,South Alabama,Sun Belt,0,2,-94.737,-181.595,110,0.000,0.156,-0.156,-0.309,242.105,336.842,46,64,19,19,-72.504,91
2025,3,96,Boston College,ACC,0,2,-99.130,-226.438,120,0.000,0.125,-0.125,-0.231,260.870,360.000,60,72,23,20,-121.893,107
2025,3,97,Washington State,Pac-12,1,1,-100.000,-457.167,132,0.500,0.000,0.500,1.338,176.923,276.923,46,72,26,26,-422.643,133
2025,3,98,Duke,ACC,0,2,-110.119,-194.457,113,0.000,0.087,-0.087,-0.135,219.048,329.167,46,79,21,24,-83.017,99
2025,3,99,UTEP,Conference USA,0,2,-111.538,108.532,43,0.000,0.780,-0.780,-1.874,100.000,211.538,26,55,26,26,220.071,12
2025,3,100,Troy,Sun Belt,0,2,-115.455,143.921,35,0.000,1.000,-1.000,-2.425,104.545,220.000,23,55,22,25,257.482,8
2025,3,101,New Mexico State,Conference USA,1,1,-116.667,-87.183,89,0.500,0.098,0.402,1.093,145.833,262.500,35,63,24,24,-30.516,79
2025,3,102,Tulsa,American Athletic,0,2,-131.818,-188.901,112,0.000,0.161,-0.161,-0.321,168.182,300.000,37,63,22,21,-63.068,88
2025,3,103,Colorado State,Mountain West,0,1,-135.455,-67.727,83,0.000,0.334,-0.334,-0.755,210.000,345.455,21,38,10,11,67.727,55
2025,3,104,San José State,Mountain West,0,2,-138.222,-3.688,71,0.000,0.489,-0.489,-1.143,77.778,216.000,21,54,27,25,112.373,43
2025,3,105,Rice,American Athletic,1,1,-146.111,15.049,68,0.500,0.527,-0.027,0.016,115.000,261.111,23,47,20,18,180.163,23
2025,3,106,Sam Houston,Conference USA,0,3,-146.547,-263.893,124,0.000,0.018,-0.018,0.038,175.676,322.222,65,116,37,36,-111.570,102
2025,3,107,James Madison,Sun Belt,0,1,-146.853,-73.427,84,0.000,0.282,-0.282,-0.624,107.692,254.545,14,28,13,11,73.427,52
2025,3,108,Nevada,Mountain West,0,2,-150.000,-475.753,134,0.000,0.000,-0.000,0.083,100.000,250.000,24,60,24,24,-344.634,129
2025,3,109,Florida Atlantic,American Athletic,0,2,-152.614,-525.969,135,0.000,0.127,-0.127,-0.235,112.903,265.517,35,77,31,29,-394.176,132
2025,3,110,Middle Tennessee,Conference USA,1,1,-152.814,-468.060,133,0.500,0.062,0.438,1.182,109.091,261.905,24,55,22,21,-289.962,126
2025,3,111,Air Force,Mountain West,0,1,-158.333,34.776,64,0.000,0.556,-0.556,-1.311,250.000,408.333,30,49,12,12,193.109,18
2025,3,112,San Diego State,Mountain West,0,1,-164.286,-621.452,136,0.000,0.027,-0.027,0.015,92.857,257.143,13,36,14,14,-457.167,134
2025,3,113,Georgia Southern,Sun Belt,1,2,-171.429,-146.391,104,0.333,0.095,0.238,0.681,214.286,385.714,75,135,35,35,-11.539,76
2025,3,114,Western Michigan,Mid-American,0,3,-172.348,-257.167,122,0.000,0.000,-0.000,0.083,112.500,284.848,36,94,32,33,-118.899,105
2025,3,115,Northwestern,Big Ten,0,2,-178.139,-324.389,127,0.000,0.000,-0.000,0.083,80.952,259.091,17,57,21,22,-142.192,111
2025,3,116,Charlotte,American Athletic,0,2,-181.818,-35.247,78,0.000,0.358,-0.358,-0.815,63.636,245.455,14,54,22,22,142.708,36
2025,3,117,Louisiana,Sun Belt,0,2,-182.195,36.155,62,0.000,1.000,-1.000,-2.425,104.762,286.957,22,66,21,23,152.670,35
2025,3,118,Marshall,Sun Belt,0,2,-182.609,-173.893,108,0.000,0.215,-0.215,-0.456,117.391,300.000,27,66,23,22,-58.722,86
2025,3,119,Kennesaw State,Conference USA,0,2,-185.739,-32.529,77,0.000,0.423,-0.423,-0.978,78.261,264.000,18,66,23,25,73.037,53
2025,3,120,Eastern Michigan,Mid-American,0,2,-189.394,16.861,67,0.000,0.535,-0.535,-1.260,227.273,416.667,50,100,22,24,207.007,15
2025,3,121,Virginia Tech,ACC,0,3,-191.789,-144.125,103,0.000,0.199,-0.199,-0.415,172.727,364.516,57,113,33,31,46.683,57
2025,3,122,Kent State,Mid-American,0,2,-194.444,-98.695,91,0.000,0.324,-0.324,-0.730,150.000,344.444,42,93,28,27,16.177,65
2025,3,123,Akron,Mid-American,0,3,-215.047,-238.673,121,0.000,0.000,-0.000,0.083,71.795,286.842,28,109,39,38,-129.913,109
2025,3,124,Arkansas State,Sun Belt,0,2,-220.779,21.690,66,0.000,0.602,-0.602,-1.426,142.857,363.636,30,80,21,22,173.053,27
2025,3,125,Oregon State,Pac-12,0,3,-223.333,-109.737,97,0.000,0.307,-0.307,-0.688,160.000,383.333,56,115,35,30,98.606,47
2025,3,126,Boise State,Mountain West,0,1,-225.000,-27.576,75,0.000,0.433,-0.433,-1.003,58.333,283.333,7,34,12,12,197.424,17
2025,3,127,Missouri State,Conference USA,1,2,-230.168,-181.103,109,0.333,0.006,0.328,0.906,125.714,355.882,44,121,35,34,-58.098,85
2025,3,128,Miami (OH),Mid-American,0,2,-241.316,-274.171,125,0.000,0.054,-0.054,-0.052,85.000,326.316,17,62,20,19,-24.171,77
2025,3,129,Central Michigan,Mid-American,1,2,-245.714,-22.287,74,0.333,0.408,-0.075,-0.105,102.857,348.571,36,122,35,35,131.384,39
2025,3,130,UCLA,Big Ten,0,3,-246.429,-202.345,116,0.000,0.074,-0.074,-0.102,153.571,400.000,43,108,28,27,21.982,62
2025,3,131,Coastal Carolina,Sun Belt,0,2,-305.769,-199.912,115,0.000,0.160,-0.160,-0.318,25.000,330.769,7,86,28,26,19.062,63
2025,3,132,Ball State,Mid-American,0,2,-317.532,-261.372,123,0.000,0.002,-0.002,0.079,14.286,331.818,3,73,21,22,0.914,72
2025,3,133,Massachusetts,Mid-American,0,2,-346.537,-171.598,107,0.000,0.184,-0.184,-0.378,77.273,423.810,17,89,22,21,96.962,49
2025,3,134,Georgia State,Sun Belt,0,2,-354.545,40.405,61,0.000,0.632,-0.632,-1.501,104.545,459.091,23,101,22,22,265.286,7
2025,3,135,Oklahoma State,Big 12,0,1,-555.000,-362.723,129,0.000,0.000,-0.000,0.083,20.000,575.000,3,69,15,12,-124.389,108
2025,3,136,UL Monroe,Sun Belt,0,1,-663.636,-76.495,87,0.000,0.500,-0.500,-1.171,0.000,663.636,0,73,12,11,178.051,25
2025,4,1,Oregon,Big Ten,3,0,369.697,37.415,57,1.000,0.636,0.364,1.280,436.364,66.667,144,24,33,36,-193.545,131
2025,4,2,Indiana,Big Ten,3,0,325.476,367.434,1,1.000,0.998,0.002,0.034,417.143,91.667,146,33,35,36,167.260,7
2025,4,3,Florida State,ACC,2,0,318.182,223.977,7,1.000,0.981,0.019,0.093,440.909,122.727,97,27,22,22,37.310,50
2025,4,4,USC,Big Ten,4,0,312.285,173.241,21,1.000,0.837,0.163,0.589,488.372,176.087,210,81,43,46,-35.713,89
2025,4,5,Penn State,Big Ten,2,0,300.000,-88.681,98,1.000,0.249,0.751,2.617,347.826,47.826,80,11,23,23,-332.621,136
2025,4,6,Vanderbilt,SEC,3,0,293.939,256.012,4,1.000,0.929,0.071,0.273,439.394,145.455,145,48,33,33,23.141,58
2025,4,7,Alabama,SEC,2,1,286.042,141.278,24,0.667,0.793,-0.126,-0.407,426.667,140.625,128,45,30,32,9.022,67
2025,4,8,Washington,Big Ten,2,0,260.000,303.094,2,1.000,0.839,0.161,0.582,485.000,225.000,97,45,20,20,66.477,33
2025,4,9,Texas Tech,Big 12,3,0,255.530,118.471,33,1.000,0.923,0.077,0.292,343.902,88.372,141,38,41,43,-80.943,108
2025,4,10,BYU,Big 12,2,0,220.911,244.181,5,1.000,0.961,0.039,0.162,290.476,69.565,61,16,21,23,19.257,62
2025,4,11,Texas,SEC,3,1,217.639,73.060,47,0.750,0.775,-0.025,-0.057,282.222,64.583,127,31,45,48,-83.647,110
2025,4,12,Ole Miss,SEC,4,0,212.245,198.144,12,1.000,0.883,0.117,0.429,365.306,153.061,179,75,49,49,65.897,34
2025,4,13,TCU,Big 12,2,0,212.055,77.371,44,1.000,0.696,0.304,1.074,377.273,165.217,83,38,22,23,-114.826,121
2025,4,14,Houston,Big 12,2,0,200.000,193.361,15,1.000,0.914,0.086,0.324,338.095,138.095,71,29,21,21,-30.517,86
2025,4,15,Virginia,ACC,2,1,199.699,150.181,23,0.667,0.777,-0.110,-0.353,362.857,163.158,127,62,35,38,0.942,69
2025,4,16,Nebraska,Big Ten,2,1,185.159,27.396,61,0.667,0.583,0.083,0.315,319.444,134.286,115,47,36,35,-40.937,93
2025,4,17,Louisville,ACC,2,0,185.091,136.131,27,1.000,0.885,0.115,0.425,309.091,124.000,68,31,22,25,-48.280,97
2025,4,18,Iowa,Big Ten,2,1,172.121,71.317,48,0.667,0.712,-0.045,-0.128,326.667,154.545,98,51,30,33,-57.724,101
2025,4,19,UCF,Big 12,2,0,168.421,-1.845,73,1.000,0.492,0.508,1.778,268.421,100.000,51,19,19,19,-175.734,128
2025,4,20,Miami,ACC,3,0,163.889,296.753,3,1.000,0.997,0.003,0.037,283.333,119.444,102,43,36,36,158.797,8
2025,4,21,North Texas,American Athletic,3,0,163.539,130.071,31,1.000,0.708,0.292,1.032,415.152,251.613,137,78,33,31,42.849,46
2025,4,22,Missouri,SEC,3,0,160.804,178.605,18,1.000,0.805,0.195,0.699,351.429,190.625,123,61,35,32,62.746,35
2025,4,23,Arizona,Big 12,2,0,156.167,176.536,20,1.000,0.974,0.026,0.117,252.000,95.833,63,23,25,24,42.241,47
2025,4,24,Ohio State,Big Ten,2,0,155.628,206.087,9,1.000,0.955,0.045,0.182,231.818,76.190,51,16,22,21,50.178,42
2025,4,25,Tennessee,SEC,2,1,154.515,137.673,25,0.667,0.741,-0.074,-0.227,383.784,229.268,142,94,37,41,-8.328,77
2025,4,26,Michigan,Big Ten,3,1,152.974,77.345,45,0.750,0.705,0.045,0.184,297.872,144.898,140,71,47,49,-4.837,74
2025,4,27,Georgia,SEC,2,0,151.852,87.967,42,1.000,0.802,0.198,0.711,329.630,177.778,89,48,27,27,-21.098,80
2025,4,28,Auburn,SEC,3,1,151.274,130.819,29,0.750,0.844,-0.094,-0.298,304.762,153.488,128,66,42,43,-7.365,76
2025,4,29,Navy,American Athletic,2,0,150.000,-10.496,78,1.000,0.477,0.523,1.829,363.636,213.636,80,47,22,22,-159.663,125
2025,4,29,Oklahoma,SEC,3,0,150.000,177.668,19,1.000,0.967,0.033,0.142,236.842,86.842,90,33,38,38,60.069,38
2025,4,31,Kansas,Big 12,2,1,148.232,202.321,11,0.667,0.910,-0.244,-0.812,312.121,163.889,103,59,33,36,62.028,36
2025,4,32,Maryland,Big Ten,3,0,146.341,-57.327,90,1.000,0.262,0.738,2.571,209.756,63.415,86,26,41,41,-188.307,130
2025,4,33,Mississippi State,SEC,3,0,144.118,151.105,22,1.000,0.822,0.178,0.640,282.353,138.235,96,47,34,34,-0.562,71
2025,4,34,UNLV,Mountain West,3,0,120.945,-177.154,120,1.000,0.222,0.778,2.709,403.704,282.759,109,82,27,29,-296.203,135
2025,4,35,Arkansas,SEC,1,2,110.252,202.882,10,0.333,0.878,-0.544,-1.848,358.824,248.571,122,87,34,35,132.380,16
2025,4,36,Memphis,American Athletic,3,0,103.472,183.013,17,1.000,0.884,0.116,0.427,272.222,168.750,98,54,36,32,56.945,40
2025,4,37,LSU,SEC,3,0,97.059,184.579,16,1.000,0.986,0.014,0.075,176.471,79.412,60,27,34,34,87.104,26
2025,4,38,Utah,Big 12,2,1,95.544,16.247,65,0.667,0.541,0.126,0.462,247.059,151.515,84,50,34,33,-109.248,118
2025,4,39,Georgia Tech,ACC,3,0,93.011,130.796,30,1.000,0.788,0.212,0.759,309.677,216.667,96,65,31,30,41.604,48
2025,4,40,Texas A&M,SEC,3,0,91.184,195.618,13,1.000,0.878,0.122,0.448,317.500,226.316,127,86,40,38,108.194,19
2025,4,41,Pittsburgh,ACC,1,1,87.607,23.604,63,0.500,0.547,-0.047,-0.135,265.385,177.778,69,48,26,27,-86.794,112
2025,4,42,Louisiana Tech,Conference USA,2,1,83.816,76.084,46,0.667,0.702,-0.036,-0.095,226.316,142.500,86,57,38,40,26.376,57
2025,4,43,Kentucky,SEC,2,1,60.577,94.662,38,0.667,0.833,-0.166,-0.544,237.500,176.923,95,69,40,39,31.628,51
2025,4,44,Notre Dame,FBS Independents,1,2,59.459,244.099,6,0.333,0.904,-0.571,-1.939,324.324,264.865,120,98,37,37,186.601,4
2025,4,45,Colorado,Big 12,2,2,51.163,85.947,43,0.500,0.732,-0.232,-0.773,251.163,200.000,108,90,43,45,29.420,52
2025,4,46,San Diego State,Mountain West,1,1,49.538,28.695,60,0.500,0.572,-0.072,-0.219,188.000,138.462,47,36,25,26,-16.435,78
2025,4,47,Arizona State,Big 12,2,1,48.580,132.656,28,0.667,0.907,-0.240,-0.801,245.455,196.875,81,63,33,32,78.616,31
2025,4,48,Toledo,Mid-American,1,2,43.455,12.027,68,0.333,0.534,-0.201,-0.664,194.737,151.282,74,59,38,39,-36.050,90
2025,4,49,Cincinnati,Big 12,1,1,42.857,-2.078,74,0.500,0.494,0.006,0.048,242.857,200.000,51,40,21,20,-41.623,95
2025,4,50,New Mexico,Mountain West,1,1,36.364,-48.575,85,0.500,0.373,0.127,0.467,236.364,200.000,52,44,22,22,-108.404,116
2025,4,51,Iowa State,Big 12,3,0,32.649,109.121,37,1.000,0.834,0.166,0.600,193.939,161.290,64,50,33,31,74.552,32
2025,4,52,Fresno State,Mountain West,3,1,30.915,5.230,70,0.750,0.515,0.235,0.838,263.415,232.500,108,93,41,40,-39.902,92
2025,4,53,Rutgers,Big Ten,2,1,27.232,-35.412,84,0.667,0.435,0.232,0.827,334.375,307.143,107,86,32,28,-68.872,103
2025,4,54,Old Dominion,Sun Belt,1,1,26.087,213.870,8,0.500,0.937,-0.437,-1.478,256.522,230.435,59,53,23,23,182.052,6
2025,4,55,Wisconsin,Big Ten,2,2,23.868,-112.837,104,0.500,0.192,0.308,1.089,202.439,178.571,83,75,41,42,-146.770,123
2025,4,56,Utah State,Mountain West,2,1,23.077,11.211,69,0.667,0.543,0.124,0.454,253.846,230.769,99,90,39,39,-19.955,79
2025,4,57,Western Kentucky,Conference USA,2,1,20.513,-193.968,123,0.667,0.119,0.548,1.915,238.462,217.949,93,85,39,39,-210.087,132
2025,4,58,Delaware,Conference USA,2,1,20.430,-54.414,89,0.667,0.372,0.295,1.043,287.097,266.667,89,88,31,33,-95.020,115
2025,4,59,Texas State,Sun Belt,2,1,20.346,43.197,55,0.667,0.598,0.068,0.264,314.286,293.939,110,97,35,33,28.881,53
2025,4,60,East Carolina,American Athletic,1,2,18.069,66.939,51,0.333,0.695,-0.361,-1.217,183.784,165.714,68,58,37,35,91.811,22
2025,4,61,Michigan State,Big Ten,2,1,15.625,34.236,58,0.667,0.571,0.096,0.357,300.000,284.375,96,91,32,32,20.919,60
2025,4,62,NC State,ACC,3,1,13.737,92.137,41,0.750,0.733,0.017,0.087,268.085,254.348,126,117,47,46,79.675,30
2025,4,63,App State,Sun Belt,1,1,10.606,-141.465,110,0.500,0.233,0.267,0.948,233.333,222.727,56,49,24,22,-167.292,126
2025,4,64,Illinois,Big Ten,2,1,9.464,195.392,14,0.667,0.921,-0.255,-0.850,265.714,256.250,93,82,35,32,136.251,12
2025,4,65,Minnesota,Big Ten,1,1,8.009,-53.234,88,0.500,0.364,0.136,0.497,176.190,168.182,37,37,21,22,-65.279,102
2025,4,66,SMU,ACC,1,2,3.912,-5.006,76,0.333,0.486,-0.153,-0.499,255.263,251.351,97,93,38,37,-2.656,72
2025,4,67,California,ACC,2,1,-0.588,-51.215,86,0.667,0.267,0.400,1.406,179.412,180.000,61,63,34,35,-72.319,106
2025,4,68,James Madison,Sun Belt,1,1,-2.778,14.083,67,0.500,0.531,-0.031,-0.080,225.000,227.778,45,41,20,18,-41.062,94
2025,4,69,UConn,FBS Independents,1,2,-3.810,-58.825,91,0.333,0.378,-0.045,-0.126,262.857,266.667,92,96,35,36,-57.488,100
2025,4,70,Kansas State,Big 12,0,3,-6.190,136.359,26,0.000,0.808,-0.808,-2.756,196.667,202.857,59,71,30,35,134.902,13
2025,4,71,Jacksonville State,Conference USA,1,2,-12.500,-126.821,107,0.333,0.232,0.101,0.376,243.750,256.250,78,82,32,32,-112.579,120
2025,4,72,Syracuse,ACC,2,1,-14.121,30.333,59,0.667,0.621,0.046,0.185,212.195,226.316,87,86,41,38,48.557,43
2025,4,73,Army,American Athletic,1,1,-21.053,119.048,32,0.500,0.776,-0.276,-0.923,326.316,347.368,62,66,19,19,133.215,15
2025,4,74,Clemson,ACC,1,3,-22.677,66.822,52,0.250,0.672,-0.422,-1.426,179.545,202.222,79,91,44,45,83.364,29
2025,4,75,Tulane,American Athletic,3,1,-23.518,-14.161,80,0.750,0.444,0.306,1.082,217.391,240.909,100,106,46,44,-5.638,75
2025,4,76,South Florida,American Athletic,2,1,-27.937,113.886,36,0.667,0.800,-0.133,-0.431,177.778,205.714,64,72,36,35,109.469,18
2025,4,77,Buffalo,Mid-American,1,2,-28.880,-79.343,94,0.333,0.237,0.096,0.359,165.714,194.595,58,72,35,37,-44.048,96
2025,4,78,Southern Miss,Sun Belt,1,2,-28.947,1.194,72,0.333,0.504,-0.171,-0.561,197.368,226.316,75,86,38,38,28.575,55
2025,4,79,Baylor,Big 12,1,2,-33.333,41.546,56,0.333,0.576,-0.242,-0.807,300.000,333.333,96,110,32,33,86.157,27
2025,4,80,Hawai'i,Mountain West,2,2,-34.783,-51.877,87,0.500,0.367,0.133,0.485,189.130,223.913,87,103,46,46,-33.972,88
2025,4,81,Duke,ACC,1,2,-35.354,50.163,54,0.333,0.600,-0.267,-0.891,275.758,311.111,91,112,33,36,91.123,23
2025,4,82,Purdue,Big Ten,1,2,-35.484,67.430,50,0.333,0.675,-0.342,-1.150,251.613,287.097,78,89,31,31,89.652,24
2025,4,83,Ohio,Mid-American,1,2,-40.794,27.296,62,0.333,0.577,-0.243,-0.811,178.125,218.919,57,81,32,37,57.642,39
2025,4,84,Rice,American Athletic,2,1,-43.333,-146.981,112,0.667,0.205,0.462,1.619,170.000,213.333,51,64,30,30,-83.017,109
2025,4,85,Wake Forest,ACC,1,1,-45.290,51.418,53,0.500,0.667,-0.167,-0.546,141.667,186.957,34,43,24,23,92.327,21
2025,4,86,UTSA,American Athletic,1,2,-49.868,69.274,49,0.333,0.667,-0.334,-1.123,202.632,252.500,77,101,38,40,117.808,17
2025,4,87,South Carolina,SEC,1,2,-50.635,92.550,39,0.333,0.890,-0.557,-1.891,164.516,215.152,51,71,31,33,143.762,11
2025,4,88,Tulsa,American Athletic,1,2,-62.567,-176.040,119,0.333,0.081,0.252,0.897,164.706,227.273,56,75,34,33,-111.596,119
2025,4,89,Boise State,Mountain West,1,1,-65.217,-86.753,97,0.500,0.245,0.255,0.907,243.478,308.696,56,71,23,23,-28.799,85
2025,4,90,Colorado State,Mountain West,0,2,-68.297,114.610,35,0.000,1.000,-1.000,-3.417,160.870,229.167,37,55,23,24,186.184,5
2025,4,91,Troy,Sun Belt,1,2,-68.880,-12.253,79,0.333,0.454,-0.121,-0.389,125.714,194.595,44,72,35,37,56.831,41
2025,4,92,Bowling Green,Mid-American,1,2,-79.412,-110.643,103,0.333,0.238,0.095,0.355,176.471,255.882,60,87,34,34,-28.068,84
2025,4,93,Florida,SEC,0,3,-82.857,118.406,34,0.000,0.835,-0.835,-2.848,100.000,182.857,33,64,33,35,198.406,2
2025,4,94,West Virginia,Big 12,1,2,-84.091,2.250,71,0.333,0.512,-0.179,-0.587,115.909,200.000,51,82,44,41,84.407,28
2025,4,95,UTEP,Conference USA,0,3,-84.231,-84.000,95,0.000,0.297,-0.297,-0.994,130.769,215.000,51,86,39,40,0.066,70
2025,4,96,Temple,American Athletic,1,2,-85.476,-27.957,82,0.333,0.425,-0.092,-0.288,191.667,277.143,69,97,36,35,20.528,61
2025,4,97,Marshall,Sun Belt,1,2,-87.706,-179.870,121,0.333,0.142,0.191,0.687,197.143,284.848,69,94,35,33,-134.907,122
2025,4,98,Stanford,ACC,1,3,-90.613,-28.425,83,0.250,0.394,-0.144,-0.467,165.909,256.522,73,118,44,46,60.211,37
2025,4,99,Boston College,ACC,0,2,-99.130,-101.640,100,0.000,0.302,-0.302,-1.013,260.870,360.000,60,72,23,20,2.906,68
2025,4,100,Wyoming,Mountain West,1,2,-100.178,-152.062,114,0.333,0.105,0.228,0.813,105.882,206.061,36,68,34,33,-31.961,87
2025,4,101,Kennesaw State,Conference USA,1,2,-101.170,92.517,40,0.333,0.814,-0.480,-1.627,127.778,228.947,46,87,36,38,144.945,10
2025,4,102,South Alabama,Sun Belt,0,3,-112.500,-100.290,99,0.000,0.320,-0.320,-1.074,206.250,318.750,66,102,32,32,18.591,63
2025,4,103,New Mexico State,Conference USA,1,1,-116.667,-106.645,102,0.500,0.207,0.293,1.038,145.833,262.500,35,63,24,24,-49.978,98
2025,4,104,Louisiana,Sun Belt,0,3,-117.172,-106.633,101,0.000,0.049,-0.049,-0.140,160.606,277.778,53,100,33,36,-27.888,83
2025,4,105,Western Michigan,Mid-American,1,3,-121.498,-8.846,77,0.250,0.453,-0.203,-0.673,111.111,232.609,50,107,45,46,92.932,20
2025,4,106,Eastern Michigan,Mid-American,1,2,-123.889,-115.287,105,0.333,0.303,0.030,0.131,240.000,363.889,84,131,35,36,10.409,66
2025,4,107,Liberty,Conference USA,0,3,-126.667,-218.256,126,0.000,0.044,-0.044,-0.124,166.667,293.333,50,88,30,30,-74.461,107
2025,4,108,UAB,American Athletic,1,2,-129.127,-143.286,111,0.333,0.190,0.144,0.523,219.444,348.571,79,122,36,35,-23.634,82
2025,4,109,Air Force,Mountain West,0,2,-134.783,-171.483,117,0.000,0.253,-0.253,-0.843,291.304,426.087,67,98,23,23,-37.771,91
2025,4,110,North Carolina,ACC,1,2,-135.484,-224.646,127,0.333,0.092,0.241,0.859,138.710,274.194,43,85,31,31,-86.751,111
2025,4,111,Middle Tennessee,Conference USA,1,2,-136.364,-365.806,136,0.333,0.008,0.326,1.149,157.576,293.939,52,97,33,33,-215.255,133
2025,4,112,San José State,Mountain West,0,2,-138.222,-167.450,115,0.000,0.104,-0.104,-0.331,77.778,216.000,21,54,27,25,-51.389,99
2025,4,113,Florida International,Conference USA,1,2,-144.118,-312.183,132,0.333,0.009,0.324,1.145,150.000,294.118,54,100,36,34,-153.214,124
2025,4,114,Nevada,Mountain West,0,3,-148.889,-353.059,135,0.000,0.000,-0.000,0.028,111.111,260.000,40,91,36,35,-216.152,134
2025,4,115,Florida Atlantic,American Athletic,0,2,-152.614,-316.547,133,0.000,0.015,-0.015,-0.024,112.903,265.517,35,77,31,29,-184.755,129
2025,4,116,Arkansas State,Sun Belt,0,3,-158.571,15.982,66,0.000,0.544,-0.544,-1.846,150.000,308.571,51,108,34,35,134.840,14
2025,4,117,Coastal Carolina,Sun Belt,1,2,-162.039,-60.886,92,0.333,0.175,0.158,0.572,109.756,271.795,45,106,41,39,38.943,49
2025,4,118,Charlotte,American Athletic,0,3,-165.074,-335.778,134,0.000,0.000,-0.000,0.028,91.176,256.250,31,82,34,32,-171.031,127
2025,4,119,Georgia Southern,Sun Belt,1,2,-171.429,-117.635,106,0.333,0.233,0.100,0.373,214.286,385.714,75,135,35,35,17.217,64
2025,4,120,Northern Illinois,Mid-American,0,2,-173.160,-135.535,109,0.000,0.153,-0.153,-0.501,90.476,263.636,19,58,21,22,46.889,44
2025,4,121,Northwestern,Big Ten,0,2,-178.139,-170.570,116,0.000,0.128,-0.128,-0.413,80.952,259.091,17,57,21,22,11.627,65
2025,4,122,Washington State,Pac-12,1,2,-179.841,18.345,64,0.333,0.597,-0.263,-0.879,194.444,374.286,70,131,36,35,153.953,9
2025,4,123,Virginia Tech,ACC,0,3,-191.789,-3.331,75,0.000,0.493,-0.493,-1.670,172.727,364.516,57,113,33,31,187.477,3
2025,4,124,Miami (OH),Mid-American,0,3,-191.826,-305.227,131,0.000,0.012,-0.012,-0.015,189.655,381.481,55,103,29,27,-108.468,117
2025,4,125,Akron,Mid-American,0,3,-215.047,-198.078,124,0.000,0.008,-0.008,0.001,71.795,286.842,28,109,39,38,-89.317,114
2025,4,126,Missouri State,Conference USA,1,2,-230.168,-126.884,108,0.333,0.116,0.217,0.776,125.714,355.882,44,121,35,34,-3.878,73
2025,4,127,Ball State,Mid-American,0,3,-234.677,-148.383,113,0.000,0.084,-0.084,-0.263,90.323,325.000,28,104,31,32,46.475,45
2025,4,128,Oregon State,Pac-12,0,4,-243.531,-192.418,122,0.000,0.177,-0.177,-0.583,136.957,380.488,63,156,46,41,27.475,56
2025,4,129,Central Michigan,Mid-American,1,2,-245.714,-175.838,118,0.333,0.041,0.292,1.034,102.857,348.571,36,122,35,35,-22.167,81
2025,4,130,UCLA,Big Ten,0,3,-246.429,-294.154,130,0.000,0.013,-0.013,-0.016,153.571,400.000,43,108,28,27,-69.827,105
2025,4,131,Sam Houston,Conference USA,0,4,-247.332,-289.227,129,0.000,0.012,-0.012,-0.013,141.304,388.636,65,171,46,44,-87.484,113
2025,4,132,Kent State,Mid-American,0,3,-277.692,-66.657,93,0.000,0.351,-0.351,-1.180,130.000,407.692,52,159,40,39,87.702,25
2025,4,133,UL Monroe,Sun Belt,1,1,-289.103,-84.073,96,0.500,0.158,0.342,1.205,119.231,408.333,31,98,26,24,28.639,54
2025,4,134,Oklahoma State,Big 12,0,2,-311.111,-217.646,125,0.000,0.025,-0.025,-0.057,55.556,366.667,15,88,27,24,-69.313,104
2025,4,135,Massachusetts,Mid-American,0,2,-346.537,-246.881,128,0.000,0.039,-0.039,-0.108,77.273,423.810,17,89,22,21,21.680,59
2025,4,136,Georgia State,Sun Belt,0,3,-377.227,-19.796,81,0.000,0.446,-0.446,-1.508,125.714,502.941,44,171,35,34,212.390,1
2025,5,1,Oregon,Big Ten,4,0,291.107,71.126,49,1.000,0.699,0.301,1.290,395.455,104.348,174,48,44,46,-110.276,125
2025,5,2,USC,Big Ten,4,1,260.027,168.647,13,0.800,0.805,-0.005,-0.010,465.385,205.357,242,115,52,56,-1.627,76
2025,5,3,Texas Tech,Big 12,3,0,255.530,182.459,11,1.000,0.979,0.021,0.101,343.902,88.372,141,38,41,43,-16.955,81
2025,5,4,Indiana,Big Ten,4,0,251.064,243.219,4,1.000,0.970,0.030,0.140,353.191,102.128,166,48,47,47,85.512,18
2025,5,5,Vanderbilt,SEC,4,0,250.338,224.388,5,1.000,0.887,0.113,0.493,434.783,184.444,200,83,46,45,16.883,65
2025,5,6,Alabama,SEC,3,1,222.857,169.866,12,0.750,0.855,-0.105,-0.432,380.000,157.143,152,66,40,42,63.174,24
2025,5,7,Texas,SEC,3,1,217.639,136.780,23,0.750,0.887,-0.137,-0.569,282.222,64.583,127,31,45,48,-19.927,83
2025,5,8,Penn State,Big Ten,2,1,194.563,10.987,61,0.667,0.529,0.138,0.598,315.152,120.588,104,41,33,34,-140.730,132
2025,5,9,Missouri,SEC,4,0,191.477,123.627,30,1.000,0.790,0.210,0.906,343.750,152.273,165,67,48,44,-16.152,80
2025,5,10,Nebraska,Big Ten,2,1,185.159,85.423,40,0.667,0.766,-0.099,-0.409,319.444,134.286,115,47,36,35,17.090,64
2025,5,11,Ohio State,Big Ten,3,0,182.759,300.900,2,1.000,1.000,0.000,0.012,258.621,75.862,75,22,29,29,107.674,10
2025,5,12,Ole Miss,SEC,5,0,181.667,139.231,21,1.000,0.809,0.191,0.822,338.333,156.667,203,94,60,60,24.343,60
2025,5,13,Virginia,ACC,3,1,168.109,184.558,9,0.750,0.832,-0.082,-0.336,360.417,192.308,173,100,48,52,52.024,36
2025,5,14,Florida State,ACC,2,1,166.429,195.982,8,0.667,0.930,-0.263,-1.104,375.000,208.571,135,73,36,35,99.010,13
2025,5,15,Miami,ACC,3,0,163.889,324.875,1,1.000,0.999,0.001,0.015,283.333,119.444,102,43,36,36,186.919,2
2025,5,16,BYU,Big 12,3,0,162.072,210.695,6,1.000,0.925,0.075,0.332,274.194,112.121,85,37,31,33,50.746,40
2025,5,17,Utah,Big 12,3,1,158.140,131.325,25,0.750,0.763,-0.013,-0.045,306.977,148.837,132,64,43,43,-44.463,100
2025,5,18,Michigan,Big Ten,3,1,152.974,134.798,24,0.750,0.819,-0.069,-0.281,297.872,144.898,140,71,47,49,52.615,35
2025,5,19,Oklahoma,SEC,3,0,150.000,209.388,7,1.000,0.985,0.015,0.078,236.842,86.842,90,33,38,38,91.789,16
2025,5,20,North Texas,American Athletic,4,0,146.349,46.526,54,1.000,0.601,0.399,1.706,384.444,238.095,173,100,45,42,-43.891,98
2025,5,21,Maryland,Big Ten,3,0,146.341,19.532,59,1.000,0.589,0.411,1.755,209.756,63.415,86,26,41,41,-111.448,126
2025,5,22,Houston,Big 12,3,0,141.087,88.369,39,1.000,0.732,0.268,1.150,296.970,155.882,98,53,33,34,-74.345,117
2025,5,23,Notre Dame,FBS Independents,2,2,138.298,283.131,3,0.500,0.932,-0.432,-1.823,374.468,236.170,176,111,47,47,170.007,3
2025,5,24,Tennessee,SEC,3,1,137.429,151.633,16,0.750,0.778,-0.028,-0.106,366.000,228.571,183,128,50,56,19.953,61
2025,5,25,Memphis,American Athletic,4,0,134.467,84.562,41,1.000,0.697,0.303,1.298,312.245,177.778,153,80,49,45,-63.835,108
2025,5,26,TCU,Big 12,2,1,125.159,54.108,53,0.667,0.627,0.039,0.179,305.714,180.556,107,65,35,36,-66.331,109
2025,5,27,Navy,American Athletic,3,0,122.077,-45.254,89,1.000,0.387,0.613,2.615,315.625,193.548,101,60,32,31,-166.551,134
2025,5,28,UNLV,Mountain West,3,0,120.945,-117.766,108,1.000,0.308,0.692,2.949,403.704,282.759,109,82,27,29,-236.814,136
2025,5,29,Iowa,Big Ten,2,2,117.832,143.626,20,0.500,0.871,-0.371,-1.561,275.610,157.778,113,71,41,45,54.421,32
2025,5,30,Toledo,Mid-American,2,2,116.431,-3.046,66,0.500,0.490,0.010,0.054,238.000,121.569,119,62,50,51,-97.437,121
2025,5,31,Louisville,ACC,3,0,115.789,163.025,14,1.000,0.917,0.083,0.365,268.421,152.632,102,58,38,38,38.481,50
2025,5,32,Washington,Big Ten,2,1,112.302,124.452,29,0.667,0.707,-0.041,-0.161,367.857,255.556,103,69,28,27,55.994,29
2025,5,33,Kansas,Big 12,2,2,109.909,144.275,19,0.500,0.803,-0.303,-1.272,318.605,208.696,137,96,43,46,46.555,43
2025,5,34,Auburn,SEC,3,2,107.049,137.785,22,0.600,0.877,-0.277,-1.166,250.909,143.860,138,82,55,57,34.710,54
2025,5,35,Louisiana Tech,Conference USA,3,1,106.022,75.206,47,0.750,0.721,0.029,0.133,227.451,121.429,116,68,51,56,-2.580,77
2025,5,36,Georgia,SEC,2,1,102.703,126.066,28,0.667,0.875,-0.208,-0.871,297.297,194.595,110,72,37,37,63.355,23
2025,5,37,James Madison,Sun Belt,2,1,82.202,80.700,44,0.667,0.686,-0.020,-0.072,258.065,175.862,80,51,31,29,-31.821,91
2025,5,38,Iowa State,Big 12,4,0,80.052,129.344,26,1.000,0.841,0.159,0.686,228.889,148.837,103,64,45,43,51.334,37
2025,5,39,Mississippi State,SEC,3,1,78.072,123.569,31,0.750,0.792,-0.042,-0.168,265.306,187.234,130,88,49,47,31.998,57
2025,5,40,Texas A&M,SEC,4,0,76.580,183.835,10,1.000,0.905,0.095,0.417,264.815,188.235,143,96,54,51,108.926,8
2025,5,41,New Mexico,Mountain West,2,1,68.908,21.036,58,0.667,0.555,0.112,0.487,257.143,188.235,90,64,35,34,-60.731,107
2025,5,42,Georgia Tech,ACC,4,0,66.364,103.963,33,1.000,0.739,0.261,1.121,280.000,213.636,126,94,45,44,35.283,53
2025,5,43,Boise State,Mountain West,2,1,64.556,-22.015,74,0.667,0.434,0.233,1.000,294.286,229.730,103,85,35,37,-66.712,110
2025,5,44,LSU,SEC,3,1,62.222,154.265,15,0.750,0.943,-0.193,-0.806,175.556,113.333,79,51,45,45,92.522,15
2025,5,45,East Carolina,American Athletic,2,2,60.870,94.428,35,0.500,0.807,-0.307,-1.291,200.000,139.130,96,64,48,46,63.082,25
2025,5,46,UCF,Big 12,2,1,56.250,-21.816,73,0.667,0.423,0.244,1.047,221.875,165.625,71,53,32,32,-101.845,123
2025,5,47,Old Dominion,Sun Belt,2,1,55.556,88.756,38,0.667,0.743,-0.077,-0.314,222.222,166.667,80,60,36,36,31.646,58
2025,5,48,Pittsburgh,ACC,1,2,55.456,78.069,46,0.333,0.667,-0.334,-1.406,246.154,190.698,96,82,39,43,6.073,72
2025,5,49,Duke,ACC,2,2,41.986,73.595,48,0.500,0.663,-0.163,-0.681,286.667,244.681,129,115,45,47,46.549,44
2025,5,50,San Diego State,Mountain West,2,1,41.817,-20.659,72,0.667,0.405,0.262,1.125,147.222,105.405,53,39,36,37,-59.836,106
2025,5,51,Arizona State,Big 12,3,1,41.449,82.815,42,0.750,0.802,-0.052,-0.210,234.783,193.333,108,87,46,45,36.516,52
2025,5,52,Cincinnati,Big 12,2,1,37.204,98.488,34,0.667,0.720,-0.053,-0.213,283.871,246.667,88,74,31,30,62.124,26
2025,5,53,Colorado,Big 12,2,3,36.123,93.115,36,0.400,0.748,-0.348,-1.464,243.396,207.273,129,114,53,55,53.894,33
2025,5,54,Arizona,Big 12,2,1,35.886,66.233,51,0.667,0.707,-0.041,-0.161,208.108,172.222,77,62,37,36,46.147,46
2025,5,55,Fresno State,Mountain West,3,1,30.915,3.525,64,0.750,0.509,0.241,1.035,263.415,232.500,108,93,41,40,-41.607,95
2025,5,56,South Carolina,SEC,2,2,29.604,119.576,32,0.500,0.840,-0.340,-1.433,220.513,190.909,86,84,39,44,78.156,19
2025,5,57,Kansas State,Big 12,1,3,26.696,70.008,50,0.250,0.687,-0.437,-1.844,216.279,189.583,93,91,43,48,41.992,48
2025,5,58,Western Kentucky,Conference USA,3,1,25.490,-139.091,115,0.750,0.216,0.534,2.281,235.294,209.804,120,107,51,51,-161.597,133
2025,5,59,Wisconsin,Big Ten,2,2,23.868,-42.182,87,0.500,0.379,0.121,0.528,202.439,178.571,83,75,41,42,-76.116,118
2025,5,60,Rutgers,Big Ten,2,2,21.453,4.663,63,0.500,0.509,-0.009,-0.026,313.953,292.500,135,117,43,40,-19.485,82
2025,5,61,Delaware,Conference USA,2,1,20.430,-27.597,78,0.667,0.439,0.227,0.977,287.097,266.667,89,88,31,33,-68.203,111
2025,5,62,Texas State,Sun Belt,2,1,20.346,-37.649,83,0.667,0.423,0.243,1.045,314.286,293.939,110,97,35,33,-51.965,103
2025,5,63,Southern Miss,Sun Belt,2,2,15.950,-16.562,69,0.500,0.450,0.050,0.226,229.412,213.462,117,111,51,52,-32.153,92
2025,5,64,Michigan State,Big Ten,2,1,15.625,21.655,57,0.667,0.547,0.119,0.519,300.000,284.375,96,91,32,32,8.337,70
2025,5,65,Baylor,Big 12,2,2,15.507,6.035,62,0.500,0.511,-0.011,-0.033,313.333,297.826,141,137,45,46,4.877,73
2025,5,66,Tulane,American Athletic,4,1,14.754,-20.130,70,0.800,0.432,0.368,1.576,214.754,200.000,131,120,61,60,-37.145,94
2025,5,67,NC State,ACC,3,2,12.281,81.464,43,0.600,0.700,-0.100,-0.413,257.895,245.614,147,140,57,57,71.313,20
2025,5,68,Minnesota,Big Ten,2,1,9.091,-34.837,81,0.667,0.385,0.281,1.207,206.061,196.970,68,65,33,33,-44.129,99
2025,5,69,California,ACC,3,1,4.444,-49.509,92,0.750,0.347,0.403,1.723,197.778,193.333,89,87,45,45,-68.973,112
2025,5,70,Illinois,Big Ten,3,1,4.173,149.823,17,0.750,0.840,-0.090,-0.369,282.222,278.049,127,114,45,41,109.356,7
2025,5,71,SMU,ACC,1,2,3.912,-27.290,77,0.333,0.425,-0.091,-0.376,255.263,251.351,97,93,38,37,-24.940,87
2025,5,72,UConn,FBS Independents,2,2,2.881,-65.798,96,0.500,0.347,0.153,0.662,238.298,235.417,112,113,47,48,-71.045,114
2025,5,73,Ohio,Mid-American,2,2,2.444,61.791,52,0.500,0.665,-0.165,-0.689,204.444,202.000,92,101,45,50,55.704,30
2025,5,74,Hawai'i,Mountain West,3,2,-8.177,-60.910,94,0.600,0.335,0.265,1.137,233.929,242.105,131,138,56,57,-70.950,113
2025,5,75,Kentucky,SEC,2,2,-9.512,-20.605,71,0.500,0.442,0.058,0.257,211.765,221.277,108,104,51,47,11.949,69
2025,5,76,Arkansas,SEC,1,3,-10.960,90.975,37,0.250,0.714,-0.464,-1.958,306.818,317.778,135,143,44,45,108.098,9
2025,5,77,Utah State,Mountain West,2,2,-16.101,45.533,55,0.500,0.622,-0.122,-0.507,262.745,278.846,134,145,51,52,55.011,31
2025,5,78,Clemson,ACC,1,3,-22.677,26.461,56,0.250,0.570,-0.320,-1.348,179.545,202.222,79,91,44,45,43.003,47
2025,5,79,South Florida,American Athletic,2,1,-27.937,148.434,18,0.667,0.864,-0.197,-0.825,177.778,205.714,64,72,36,35,144.017,5
2025,5,80,Buffalo,Mid-American,1,3,-28.181,-87.542,100,0.250,0.223,0.027,0.127,159.574,187.755,75,92,47,49,-54.821,105
2025,5,81,Wake Forest,ACC,1,2,-31.508,18.770,60,0.333,0.565,-0.231,-0.970,165.789,197.297,63,73,38,37,48.424,41
2025,5,82,Purdue,Big Ten,1,2,-35.484,80.343,45,0.333,0.721,-0.388,-1.633,251.613,287.097,78,89,31,31,102.566,12
2025,5,83,Rice,American Athletic,2,2,-48.397,-191.352,125,0.500,0.076,0.424,1.812,164.103,212.500,64,85,39,40,-126.990,130
2025,5,84,UTSA,American Athletic,1,2,-49.868,-30.743,79,0.333,0.418,-0.085,-0.348,202.632,252.500,77,101,38,40,17.791,63
2025,5,85,Jacksonville State,Conference USA,1,3,-51.643,-121.025,109,0.250,0.245,0.005,0.032,223.913,275.556,103,124,46,45,-74.217,116
2025,5,86,Marshall,Sun Belt,1,3,-58.333,-131.433,112,0.250,0.248,0.002,0.022,250.000,308.333,120,148,48,48,-105.788,124
2025,5,87,Kennesaw State,Conference USA,2,2,-64.371,-40.155,86,0.500,0.354,0.146,0.633,145.833,210.204,70,103,48,49,-14.470,79
2025,5,88,Stanford,ACC,2,3,-65.224,-35.306,82,0.400,0.384,0.016,0.082,183.929,249.153,103,147,56,59,30.218,59
2025,5,89,Boston College,ACC,0,3,-68.035,-95.599,104,0.000,0.306,-0.306,-1.288,254.545,322.581,84,100,33,31,-21.053,85
2025,5,90,Troy,Sun Belt,1,2,-68.880,-61.256,95,0.333,0.277,0.056,0.250,125.714,194.595,44,72,35,37,7.827,71
2025,5,91,Syracuse,ACC,2,2,-74.923,-24.960,75,0.500,0.401,0.099,0.433,173.077,248.000,90,124,52,50,46.473,45
2025,5,92,Tulsa,American Athletic,1,3,-80.833,-163.435,121,0.250,0.114,0.136,0.592,140.000,220.833,70,106,50,48,-85.310,120
2025,5,93,Florida,SEC,0,3,-82.857,129.192,27,0.000,0.861,-0.861,-3.644,100.000,182.857,33,64,33,35,209.192,1
2025,5,94,Louisiana,Sun Belt,1,3,-85.247,-168.917,122,0.250,0.104,0.146,0.633,222.917,308.163,107,151,48,49,-101.781,122
2025,5,95,Temple,American Athletic,1,2,-85.476,2.785,65,0.333,0.507,-0.174,-0.726,191.667,277.143,69,97,36,35,51.270,38
2025,5,96,Army,American Athletic,1,2,-86.667,-5.790,67,0.333,0.487,-0.153,-0.638,226.667,313.333,68,94,30,30,70.321,21
2025,5,97,Bowling Green,Mid-American,1,3,-89.362,-43.325,88,0.250,0.382,-0.132,-0.546,170.213,259.574,80,122,47,47,47.453,42
2025,5,98,App State,Sun Belt,1,2,-98.142,-206.360,127,0.333,0.106,0.228,0.979,184.211,282.353,70,96,38,34,-140.245,131
2025,5,99,Wyoming,Mountain West,1,2,-100.178,-105.959,107,0.333,0.170,0.163,0.704,105.882,206.061,36,68,34,33,14.142,68
2025,5,100,San José State,Mountain West,0,3,-102.027,-87.652,101,0.000,0.268,-0.268,-1.127,125.000,227.027,50,84,40,37,-1.304,75
2025,5,101,Colorado State,Mountain West,0,3,-102.273,-92.811,103,0.000,0.133,-0.133,-0.553,125.000,227.273,40,75,32,33,17.867,62
2025,5,102,Washington State,Pac-12,2,2,-104.545,-40.107,85,0.500,0.390,0.110,0.478,200.000,304.545,90,134,45,44,14.377,67
2025,5,103,UTEP,Conference USA,0,4,-106.141,-45.967,90,0.000,0.356,-0.356,-1.500,112.727,218.868,62,116,55,53,57.587,28
2025,5,104,South Alabama,Sun Belt,0,4,-108.985,-81.626,98,0.000,0.330,-0.330,-1.388,204.651,313.636,88,138,43,44,32.534,56
2025,5,105,Middle Tennessee,Conference USA,1,3,-114.343,-245.339,131,0.250,0.051,0.199,0.859,154.545,268.889,68,121,44,45,-118.790,128
2025,5,106,Northwestern,Big Ten,1,2,-115.238,-153.492,119,0.333,0.128,0.205,0.883,121.429,236.667,34,71,28,30,-54.646,104
2025,5,107,New Mexico State,Conference USA,1,2,-120.195,-102.056,105,0.333,0.226,0.107,0.467,152.778,272.973,55,101,36,37,-22.398,86
2025,5,108,Liberty,Conference USA,0,4,-120.930,-133.493,113,0.000,0.138,-0.138,-0.572,132.558,253.488,57,109,43,43,1.276,74
2025,5,109,Western Michigan,Mid-American,1,3,-121.498,-48.038,91,0.250,0.306,-0.056,-0.226,111.111,232.609,50,107,45,46,53.739,34
2025,5,110,Eastern Michigan,Mid-American,1,3,-123.990,-207.966,128,0.250,0.124,0.126,0.549,220.455,344.444,97,155,44,45,-83.139,119
2025,5,111,Northern Illinois,Mid-American,0,3,-125.189,-89.893,102,0.000,0.231,-0.231,-0.967,68.750,193.939,22,64,32,33,40.814,49
2025,5,112,UAB,American Athletic,1,2,-129.127,-144.864,118,0.333,0.203,0.130,0.563,219.444,348.571,79,122,36,35,-25.212,88
2025,5,113,Air Force,Mountain West,0,3,-130.303,-142.212,116,0.000,0.274,-0.274,-1.153,300.000,430.303,102,142,34,33,-12.464,78
2025,5,114,North Carolina,ACC,1,2,-135.484,-254.517,134,0.333,0.041,0.293,1.255,138.710,274.194,43,85,31,31,-116.622,127
2025,5,115,West Virginia,Big 12,1,3,-139.630,-39.419,84,0.250,0.340,-0.090,-0.372,120.370,260.000,65,130,54,50,103.865,11
2025,5,116,Arkansas State,Sun Belt,0,4,-143.379,-74.532,97,0.000,0.308,-0.308,-1.297,152.273,295.652,67,136,44,46,38.248,51
2025,5,117,Florida International,Conference USA,1,2,-144.118,-231.928,130,0.333,0.026,0.307,1.317,150.000,294.118,54,100,36,34,-72.959,115
2025,5,118,Virginia Tech,ACC,1,3,-145.011,-14.787,68,0.250,0.462,-0.212,-0.889,181.818,326.829,80,134,44,41,128.546,6
2025,5,119,Nevada,Mountain West,0,3,-148.889,-261.388,135,0.000,0.002,-0.002,0.004,111.111,260.000,40,91,36,35,-124.481,129
2025,5,120,Coastal Carolina,Sun Belt,1,2,-162.039,-34.043,80,0.333,0.345,-0.012,-0.039,109.756,271.795,45,106,41,39,65.786,22
2025,5,121,Charlotte,American Athletic,0,3,-165.074,-382.157,136,0.000,0.000,-0.000,0.012,91.176,256.250,31,82,34,32,-217.410,135
2025,5,122,Central Michigan,Mid-American,2,2,-170.455,-105.386,106,0.500,0.153,0.347,1.484,136.364,306.818,60,135,44,44,-20.688,84
2025,5,123,Florida Atlantic,American Athletic,0,3,-175.649,-202.268,126,0.000,0.112,-0.112,-0.462,138.636,314.286,61,132,44,42,-42.611,97
2025,5,124,UL Monroe,Sun Belt,2,1,-175.835,-27.171,76,0.667,0.406,0.261,1.120,159.459,335.294,59,114,37,34,16.456,66
2025,5,125,Missouri State,Conference USA,1,3,-181.314,-134.963,114,0.250,0.077,0.173,0.747,140.426,321.739,66,148,47,46,-32.292,93
2025,5,126,Georgia Southern,Sun Belt,1,3,-184.783,-124.995,111,0.250,0.187,0.063,0.278,184.783,369.565,85,170,46,46,32.962,55
2025,5,127,Miami (OH),Mid-American,0,3,-191.826,-248.521,133,0.000,0.037,-0.037,-0.144,189.655,381.481,55,103,29,27,-51.762,102
2025,5,128,Oregon State,Pac-12,0,5,-197.825,-124.798,110,0.000,0.238,-0.238,-0.997,147.458,345.283,87,183,59,53,59.194,27
2025,5,129,UCLA,Big Ten,0,4,-209.314,-214.933,129,0.000,0.049,-0.049,-0.198,158.333,367.647,57,125,36,34,-29.724,90
2025,5,130,Ball State,Mid-American,0,3,-234.677,-144.081,117,0.000,0.123,-0.123,-0.510,90.323,325.000,28,104,31,32,50.777,39
2025,5,131,Akron,Mid-American,0,4,-247.216,-182.015,124,0.000,0.027,-0.027,-0.105,60.784,308.000,31,154,51,50,-42.112,96
2025,5,132,Sam Houston,Conference USA,0,4,-247.332,-246.989,132,0.000,0.025,-0.025,-0.093,141.304,388.636,65,171,46,44,-45.247,101
2025,5,133,Oklahoma State,Big 12,0,3,-254.459,-173.801,123,0.000,0.032,-0.032,-0.124,105.000,359.459,42,133,40,37,-28.758,89
2025,5,134,Kent State,Mid-American,0,3,-277.692,-57.393,93,0.000,0.363,-0.363,-1.528,130.000,407.692,52,159,40,39,96.966,14
2025,5,135,Massachusetts,Mid-American,0,3,-317.647,-159.541,120,0.000,0.098,-0.098,-0.403,67.647,385.294,23,131,34,34,90.013,17
2025,5,136,Georgia State,Sun Belt,0,3,-377.227,-82.792,99,0.000,0.280,-0.280,-1.175,125.714,502.941,44,171,35,34,149.394,4
2025,6,1,Oregon,Big Ten,4,0,291.107,103.251,30,1.000,0.800,0.200,0.955,395.455,104.348,174,48,44,46,-78.151,116
2025,6,2,USC,Big Ten,4,1,260.027,174.791,11,0.800,0.827,-0.027,-0.156,465.385,205.357,242,115,52,56,4.516,67
2025,6,3,Indiana,Big Ten,4,0,251.064,245.767,4,1.000,0.974,0.026,0.105,353.191,102.128,166,48,47,47,88.060,15
2025,6,4,Texas Tech,Big 12,4,0,239.961,201.281,8,1.000,0.975,0.025,0.102,325.926,85.965,176,49,54,57,4.056,68
2025,6,5,Ohio State,Big Ten,4,0,235.897,247.541,3,1.000,0.991,0.009,0.020,300.000,64.103,117,25,39,39,32.623,39
2025,6,6,Alabama,SEC,4,1,217.582,213.349,6,0.800,0.934,-0.134,-0.676,371.429,153.846,182,80,49,52,89.329,14
2025,6,7,Oklahoma,SEC,4,0,207.469,207.786,7,1.000,0.990,0.010,0.027,273.469,66.000,134,33,49,50,55.950,24
2025,6,8,Missouri,SEC,4,0,191.477,108.920,28,1.000,0.756,0.244,1.167,343.750,152.273,165,67,48,44,-30.859,100
2025,6,9,Ole Miss,SEC,5,0,181.667,142.242,21,1.000,0.821,0.179,0.849,338.333,156.667,203,94,60,60,27.353,45
2025,6,10,Vanderbilt,SEC,4,1,172.884,171.682,12,0.800,0.831,-0.031,-0.172,382.143,209.259,214,113,56,54,44.344,31
2025,6,11,Memphis,American Athletic,5,0,166.723,80.079,41,1.000,0.703,0.297,1.428,319.355,152.632,198,87,62,57,-80.819,117
2025,6,12,Utah,Big 12,3,1,158.140,151.750,19,0.750,0.812,-0.062,-0.326,306.977,148.837,132,64,43,43,-24.038,94
2025,6,13,Nebraska,Big Ten,3,1,158.078,98.221,33,0.750,0.817,-0.067,-0.351,312.245,154.167,153,74,49,48,25.818,47
2025,6,14,Texas,SEC,3,2,155.172,103.743,29,0.600,0.820,-0.220,-1.093,255.172,100.000,148,60,58,60,-5.598,79
2025,6,15,BYU,Big 12,4,0,150.491,155.313,16,1.000,0.840,0.160,0.757,286.047,135.556,123,61,43,45,6.184,65
2025,6,16,Penn State,Big Ten,2,2,147.078,-8.324,70,0.500,0.483,0.017,0.062,335.714,188.636,141,83,42,44,-119.890,132
2025,6,17,North Texas,American Athletic,4,0,146.349,35.842,54,1.000,0.573,0.427,2.058,384.444,238.095,173,100,45,42,-54.575,107
2025,6,18,Virginia,ACC,4,1,145.630,179.297,10,0.800,0.844,-0.044,-0.235,344.068,198.438,203,127,59,64,63.725,17
2025,6,19,Notre Dame,FBS Independents,3,2,144.707,252.218,2,0.600,0.930,-0.330,-1.632,351.724,207.018,204,118,58,57,124.810,6
2025,6,20,Michigan,Big Ten,4,1,142.966,128.510,23,0.800,0.831,-0.031,-0.171,277.966,135.000,164,81,59,60,40.946,34
2025,6,21,UNLV,Mountain West,4,0,142.664,-35.653,78,1.000,0.433,0.567,2.742,378.378,235.714,140,99,37,42,-169.748,136
2025,6,22,Tennessee,SEC,3,1,137.429,153.658,17,0.750,0.777,-0.027,-0.154,366.000,228.571,183,128,50,56,21.978,49
2025,6,23,Miami,ACC,4,0,132.535,276.371,1,1.000,0.991,0.009,0.021,270.833,138.298,130,65,48,47,164.571,1
2025,6,24,TCU,Big 12,3,1,125.717,115.735,25,0.750,0.758,-0.008,-0.060,308.696,182.979,142,86,46,47,-6.413,80
2025,6,25,Georgia,SEC,3,1,125.532,160.467,14,0.750,0.901,-0.151,-0.758,308.511,182.979,145,86,47,47,60.935,20
2025,6,26,Old Dominion,Sun Belt,3,1,125.184,98.193,34,0.750,0.766,-0.016,-0.101,259.184,134.000,127,67,49,50,0.553,73
2025,6,27,Pittsburgh,ACC,2,2,120.535,79.491,42,0.500,0.718,-0.218,-1.084,282.353,161.818,144,89,51,55,-32.839,102
2025,6,28,Florida State,ACC,2,2,119.149,219.076,5,0.500,0.924,-0.424,-2.090,334.043,214.894,157,101,47,47,154.680,2
2025,6,29,Iowa,Big Ten,2,2,117.832,129.147,22,0.500,0.846,-0.346,-1.712,275.610,157.778,113,71,41,45,39.942,35
2025,6,30,Toledo,Mid-American,2,2,116.431,19.563,59,0.500,0.567,-0.067,-0.349,238.000,121.569,119,62,50,51,-74.828,114
2025,6,31,Maryland,Big Ten,3,1,111.689,26.159,58,0.750,0.627,0.123,0.576,207.843,96.154,106,50,51,52,-67.531,111
2025,6,32,Auburn,SEC,3,2,107.049,156.599,15,0.600,0.890,-0.290,-1.434,250.909,143.860,138,82,55,57,53.524,26
2025,6,33,Louisiana Tech,Conference USA,3,1,106.022,80.331,40,0.750,0.742,0.008,0.018,227.451,121.429,116,68,51,56,2.545,70
2025,6,34,Navy,American Athletic,4,0,99.477,-47.355,84,1.000,0.383,0.617,2.989,321.429,221.951,135,91,42,41,-145.827,135
2025,6,35,Kansas,Big 12,3,2,94.673,116.590,24,0.600,0.772,-0.172,-0.860,298.182,203.509,164,116,55,57,29.778,41
2025,6,36,Texas A&M,SEC,5,0,93.035,190.348,9,1.000,0.921,0.079,0.364,259.701,166.667,174,105,67,63,97.729,10
2025,6,37,Washington,Big Ten,3,1,85.100,66.209,47,0.750,0.625,0.125,0.590,325.641,240.541,127,89,39,37,10.320,63
2025,6,38,James Madison,Sun Belt,3,1,82.368,46.842,50,0.750,0.638,0.112,0.523,235.000,152.632,94,58,40,38,-56.994,109
2025,6,39,San Diego State,Mountain West,3,1,79.001,-27.637,75,0.750,0.416,0.334,1.605,213.043,134.043,98,63,46,47,-109.521,129
2025,6,40,Louisville,ACC,3,1,78.408,142.461,20,0.750,0.843,-0.093,-0.477,258.000,179.592,129,88,50,49,60.985,19
2025,6,41,Arizona,Big 12,3,1,72.642,37.885,53,0.750,0.618,0.132,0.623,222.642,150.000,118,75,53,50,-18.027,87
2025,6,42,Duke,ACC,3,2,69.492,85.568,38,0.600,0.690,-0.090,-0.459,300.000,230.508,174,136,58,59,29.701,42
2025,6,43,UConn,FBS Independents,3,2,67.665,-74.054,95,0.600,0.326,0.274,1.314,262.903,195.238,163,123,62,63,-115.585,131
2025,6,44,Georgia Tech,ACC,4,0,66.364,87.066,37,1.000,0.706,0.294,1.413,280.000,213.636,126,94,45,44,18.386,52
2025,6,45,LSU,SEC,3,1,62.222,152.500,18,0.750,0.938,-0.188,-0.941,175.556,113.333,79,51,45,45,90.757,12
2025,6,46,East Carolina,American Athletic,2,2,60.870,67.172,46,0.500,0.739,-0.239,-1.189,200.000,139.130,96,64,48,46,35.826,37
2025,6,47,Cincinnati,Big 12,3,1,52.381,111.797,27,0.750,0.728,0.022,0.086,300.000,247.619,126,104,42,42,60.661,21
2025,6,48,Houston,Big 12,3,1,44.681,55.704,48,0.750,0.648,0.102,0.475,231.915,187.234,109,88,47,47,-18.666,88
2025,6,49,Iowa State,Big 12,4,1,44.444,89.521,36,0.800,0.744,0.056,0.250,233.333,188.889,133,102,57,54,46.204,29
2025,6,50,Arizona State,Big 12,3,1,41.449,101.273,31,0.750,0.832,-0.082,-0.422,234.783,193.333,108,87,46,45,54.973,25
2025,6,51,South Florida,American Athletic,3,1,38.462,75.043,44,0.750,0.699,0.051,0.224,226.923,188.462,118,98,52,52,25.590,48
2025,6,52,New Mexico,Mountain West,2,2,37.949,13.108,61,0.500,0.532,-0.032,-0.178,268.182,230.233,118,99,44,43,-28.772,96
2025,6,53,Clemson,ACC,2,3,35.534,28.511,57,0.400,0.577,-0.177,-0.886,212.727,177.193,117,101,55,57,-10.680,82
2025,6,54,Western Kentucky,Conference USA,4,1,34.398,-85.425,100,0.800,0.308,0.492,2.375,249.153,214.754,147,131,59,61,-122.930,133
2025,6,55,UCF,Big 12,2,2,29.810,12.236,64,0.500,0.541,-0.041,-0.220,211.628,181.818,91,80,43,44,-36.990,103
2025,6,56,South Carolina,SEC,2,2,29.604,97.416,35,0.500,0.797,-0.297,-1.472,220.513,190.909,86,84,39,44,55.995,23
2025,6,57,Mississippi State,SEC,3,2,29.536,100.709,32,0.600,0.763,-0.163,-0.815,227.869,198.333,139,119,61,60,60.145,22
2025,6,58,Fresno State,Mountain West,4,1,29.490,-47.801,85,0.800,0.379,0.421,2.031,237.037,207.547,128,110,54,53,-88.522,123
2025,6,59,SMU,ACC,2,2,28.980,30.444,55,0.500,0.580,-0.080,-0.411,250.980,222.000,128,111,51,50,7.207,64
2025,6,60,Illinois,Big Ten,4,1,27.066,163.834,13,0.800,0.850,-0.050,-0.265,293.103,266.038,170,141,58,53,110.307,7
2025,6,61,Texas State,Sun Belt,2,2,26.087,-40.113,82,0.500,0.417,0.083,0.383,304.348,278.261,140,128,46,46,-59.416,110
2025,6,62,Rutgers,Big Ten,2,2,21.453,5.140,66,0.500,0.510,-0.010,-0.070,313.953,292.500,135,117,43,40,-19.008,89
2025,6,63,Kansas State,Big 12,1,4,20.909,53.623,49,0.200,0.653,-0.453,-2.233,230.909,210.000,127,126,55,60,32.877,38
2025,6,64,Southern Miss,Sun Belt,2,2,15.950,-6.984,69,0.500,0.480,0.020,0.074,229.412,213.462,117,111,51,52,-22.575,93
2025,6,65,Tulane,American Athletic,4,1,14.754,13.037,62,0.800,0.542,0.258,1.234,214.754,200.000,131,120,61,60,-3.978,75
2025,6,66,Baylor,Big 12,3,2,13.944,43.562,51,0.600,0.582,0.018,0.063,308.772,294.828,176,171,57,58,40.969,33
2025,6,67,NC State,ACC,3,2,12.281,72.044,45,0.600,0.675,-0.075,-0.387,257.895,245.614,147,140,57,57,61.893,18
2025,6,68,Boise State,Mountain West,2,2,9.028,-1.630,68,0.500,0.495,0.005,0.004,244.444,235.417,110,113,45,48,10.984,62
2025,6,69,Colorado,Big 12,2,4,8.617,43.546,52,0.333,0.623,-0.290,-1.435,234.375,225.758,150,149,64,66,32.074,40
2025,6,70,Northwestern,Big Ten,2,2,5.405,-26.251,74,0.500,0.424,0.076,0.350,205.405,200.000,76,78,37,39,-29.895,98
2025,6,71,Wisconsin,Big Ten,2,3,-4.487,3.822,67,0.400,0.512,-0.112,-0.566,178.846,183.333,93,99,52,54,-1.506,74
2025,6,72,Delaware,Conference USA,2,2,-4.878,-87.666,103,0.500,0.315,0.185,0.881,275.610,280.488,113,115,41,41,-93.746,127
2025,6,73,Hawai'i,Mountain West,3,2,-8.177,-78.158,98,0.600,0.288,0.312,1.497,233.929,242.105,131,138,56,57,-88.197,122
2025,6,74,Wake Forest,ACC,2,2,-9.647,12.498,63,0.500,0.544,-0.044,-0.236,182.353,192.000,93,96,51,50,21.277,50
2025,6,75,Arkansas,SEC,1,3,-10.960,76.153,43,0.250,0.670,-0.420,-2.068,306.818,317.778,135,143,44,45,93.277,11
2025,6,76,Ohio,Mid-American,2,3,-12.396,5.349,65,0.400,0.516,-0.116,-0.587,185.965,198.361,106,121,57,61,13.510,59
2025,6,77,Michigan State,Big Ten,2,2,-13.333,17.901,60,0.500,0.537,-0.037,-0.201,273.333,286.667,123,129,45,45,29.066,44
2025,6,78,Utah State,Mountain West,2,2,-16.101,29.396,56,0.500,0.576,-0.076,-0.395,262.745,278.846,134,145,51,52,38.874,36
2025,6,79,Buffalo,Mid-American,2,3,-23.333,-111.709,108,0.400,0.175,0.225,1.077,176.667,200.000,106,122,60,61,-83.224,119
2025,6,80,Army,American Athletic,2,2,-32.896,-18.817,72,0.500,0.453,0.047,0.206,241.463,274.359,99,107,41,39,3.923,69
2025,6,81,California,ACC,3,2,-34.604,-68.091,94,0.600,0.290,0.310,1.488,192.982,227.586,110,132,57,58,-49.432,106
2025,6,82,Troy,Sun Belt,2,2,-36.344,-59.732,91,0.500,0.291,0.209,0.996,159.574,195.918,75,96,47,49,-22.503,92
2025,6,83,New Mexico State,Conference USA,2,2,-36.860,-58.048,89,0.500,0.345,0.155,0.733,204.444,241.304,92,111,45,46,-73.305,113
2025,6,84,Florida,SEC,1,3,-39.306,111.946,26,0.250,0.815,-0.565,-2.775,137.778,177.083,62,85,45,48,151.914,3
2025,6,85,Rice,American Athletic,2,3,-43.789,-178.559,127,0.400,0.087,0.313,1.506,184.783,228.571,85,112,46,49,-127.069,134
2025,6,86,Kentucky,SEC,2,3,-43.860,-21.551,73,0.400,0.444,-0.044,-0.236,200.000,243.860,122,139,61,57,46.492,28
2025,6,87,UTSA,American Athletic,1,3,-48.181,-50.278,87,0.250,0.361,-0.111,-0.561,213.043,261.224,98,128,46,49,-4.502,77
2025,6,88,Jacksonville State,Conference USA,1,3,-51.643,-117.261,109,0.250,0.237,0.013,0.043,223.913,275.556,103,124,46,45,-70.453,112
2025,6,89,Purdue,Big Ten,1,3,-55.814,82.807,39,0.250,0.705,-0.455,-2.242,244.186,300.000,105,132,43,44,125.916,5
2025,6,90,Marshall,Sun Belt,1,3,-58.333,-101.718,106,0.250,0.292,-0.042,-0.225,250.000,308.333,120,148,48,48,-76.073,115
2025,6,91,Temple,American Athletic,2,2,-61.085,-11.010,71,0.500,0.473,0.027,0.108,213.333,274.419,96,118,45,43,15.979,55
2025,6,92,Kennesaw State,Conference USA,2,2,-64.371,-38.934,81,0.500,0.362,0.138,0.651,145.833,210.204,70,103,48,49,-13.249,84
2025,6,93,Stanford,ACC,2,3,-65.224,-49.721,86,0.400,0.344,0.056,0.253,183.929,249.153,103,147,56,59,15.804,56
2025,6,94,Western Michigan,Mid-American,2,3,-66.197,-37.399,80,0.400,0.337,0.063,0.283,126.786,192.982,71,110,56,57,11.296,61
2025,6,95,San José State,Mountain West,1,3,-70.009,-58.086,90,0.250,0.348,-0.098,-0.500,173.469,243.478,85,112,49,46,-12.770,83
2025,6,96,App State,Sun Belt,2,2,-70.444,-154.077,122,0.500,0.147,0.353,1.700,194.000,264.444,97,119,50,45,-108.469,128
2025,6,97,Syracuse,ACC,2,3,-79.878,-32.321,76,0.400,0.376,0.024,0.093,166.154,246.032,108,155,65,63,44.825,30
2025,6,98,Minnesota,Big Ten,2,2,-83.721,-44.810,83,0.500,0.360,0.140,0.660,165.116,248.837,71,107,43,43,18.220,53
2025,6,99,Louisiana,Sun Belt,1,3,-85.247,-156.782,124,0.250,0.126,0.124,0.582,222.917,308.163,107,151,48,49,-89.646,124
2025,6,100,Bowling Green,Mid-American,1,3,-89.362,-61.688,92,0.250,0.321,-0.071,-0.370,170.213,259.574,80,122,47,47,29.090,43
2025,6,101,Eastern Michigan,Mid-American,1,4,-93.904,-187.226,129,0.200,0.139,0.061,0.277,226.786,320.690,127,186,56,58,-89.672,125
2025,6,102,South Alabama,Sun Belt,0,5,-98.149,-86.894,101,0.000,0.311,-0.311,-1.540,203.636,301.786,112,169,55,56,16.102,54
2025,6,103,Washington State,Pac-12,2,2,-104.545,-75.189,96,0.500,0.269,0.231,1.104,200.000,304.545,90,134,45,44,-20.705,90
2025,6,104,Miami (OH),Mid-American,1,3,-104.878,-165.718,126,0.250,0.128,0.122,0.572,195.122,300.000,80,117,41,39,-41.065,105
2025,6,105,UTEP,Conference USA,0,4,-106.141,-77.288,97,0.000,0.258,-0.258,-1.279,112.727,218.868,62,116,55,53,26.266,46
2025,6,106,Air Force,Mountain West,0,4,-107.030,-129.247,113,0.000,0.285,-0.285,-1.410,302.273,409.302,133,176,44,43,-24.437,95
2025,6,107,Middle Tennessee,Conference USA,1,3,-114.343,-209.830,133,0.250,0.089,0.161,0.764,154.545,268.889,68,121,44,45,-83.281,120
2025,6,108,Nevada,Mountain West,0,4,-114.923,-196.295,130,0.000,0.007,-0.007,-0.058,116.327,231.250,57,111,49,48,-87.845,121
2025,6,109,Northern Illinois,Mid-American,0,4,-115.960,-137.569,117,0.000,0.106,-0.106,-0.537,81.818,197.778,36,89,44,45,-16.622,85
2025,6,110,Wyoming,Mountain West,1,3,-117.467,-133.707,114,0.250,0.086,0.164,0.776,112.766,230.233,53,99,47,43,1.176,72
2025,6,111,Arkansas State,Sun Belt,1,4,-119.298,-101.432,105,0.200,0.224,-0.024,-0.137,171.930,291.228,98,166,57,57,-4.355,76
2025,6,112,Liberty,Conference USA,0,4,-120.930,-143.248,120,0.000,0.147,-0.147,-0.738,132.558,253.488,57,109,43,43,-8.479,81
2025,6,113,Virginia Tech,ACC,1,4,-123.002,-35.069,77,0.200,0.412,-0.212,-1.056,180.702,303.704,103,164,57,54,90.367,13
2025,6,114,Tulsa,American Athletic,1,4,-123.347,-134.556,115,0.200,0.131,0.069,0.312,124.194,247.541,77,151,62,61,-29.876,97
2025,6,115,Colorado State,Mountain West,0,4,-126.689,-157.233,125,0.000,0.119,-0.119,-0.603,152.381,279.070,64,120,42,43,-21.724,91
2025,6,116,UAB,American Athletic,1,3,-128.164,-140.945,119,0.250,0.179,0.071,0.325,204.444,332.609,92,153,45,46,-16.863,86
2025,6,117,West Virginia,Big 12,1,4,-136.119,-36.262,79,0.200,0.384,-0.184,-0.917,134.848,270.968,89,168,66,62,101.699,9
2025,6,118,Boston College,ACC,0,4,-141.964,-119.348,111,0.000,0.238,-0.238,-1.182,202.222,344.186,91,148,45,43,-5.105,78
2025,6,119,Florida Atlantic,American Athletic,1,3,-146.207,-202.585,132,0.250,0.139,0.111,0.518,166.038,312.245,88,153,53,49,-82.843,118
2025,6,120,Central Michigan,Mid-American,2,3,-150.000,-118.208,110,0.400,0.182,0.218,1.042,151.852,301.852,82,163,54,54,-38.450,104
2025,6,121,Ball State,Mid-American,1,3,-153.896,-87.180,102,0.250,0.220,0.030,0.125,114.286,268.182,48,118,42,44,42.675,32
2025,6,122,UCLA,Big Ten,1,4,-161.527,-127.464,112,0.200,0.200,0.000,-0.022,215.217,376.744,99,162,46,43,18.926,51
2025,6,123,Oregon State,Pac-12,0,6,-165.934,-140.933,118,0.000,0.201,-0.201,-1.002,157.143,323.077,110,210,70,65,15.044,57
2025,6,124,North Carolina,ACC,1,3,-169.601,-200.913,131,0.250,0.071,0.179,0.852,123.256,292.857,53,123,43,42,-31.961,101
2025,6,125,Charlotte,American Athletic,0,4,-171.569,-284.327,136,0.000,0.011,-0.011,-0.075,111.765,283.333,57,136,51,48,-114.627,130
2025,6,126,Missouri State,Conference USA,1,3,-181.314,-98.148,104,0.250,0.159,0.091,0.423,140.426,321.739,66,148,47,46,4.523,66
2025,6,127,Florida International,Conference USA,1,3,-182.673,-259.050,135,0.250,0.001,0.249,1.192,125.490,308.163,64,151,51,49,-93.157,126
2025,6,128,Georgia Southern,Sun Belt,1,3,-184.783,-143.815,121,0.250,0.176,0.074,0.338,184.783,369.565,85,170,46,46,14.142,58
2025,6,129,Akron,Mid-American,1,4,-196.612,-154.938,123,0.200,0.101,0.099,0.460,96.721,293.333,59,176,61,60,-55.015,108
2025,6,130,Coastal Carolina,Sun Belt,1,3,-199.685,-65.238,93,0.250,0.254,-0.004,-0.041,94.545,294.231,52,153,55,52,64.442,16
2025,6,131,UL Monroe,Sun Belt,2,2,-219.312,-108.403,107,0.500,0.211,0.289,1.389,143.478,362.791,66,156,46,43,2.094,71
2025,6,132,Oklahoma State,Big 12,0,4,-226.450,-137.095,116,0.000,0.115,-0.115,-0.582,101.852,328.302,55,174,54,53,12.535,60
2025,6,133,Sam Houston,Conference USA,0,5,-256.089,-252.102,134,0.000,0.036,-0.036,-0.196,136.364,392.453,75,208,55,53,-30.708,99
2025,6,134,Massachusetts,Mid-American,0,4,-280.000,-180.660,128,0.000,0.066,-0.066,-0.346,57.778,337.778,26,152,45,45,47.414,27
2025,6,135,Kent State,Mid-American,0,4,-306.000,-50.297,88,0.000,0.365,-0.365,-1.804,100.000,406.000,52,203,52,50,129.109,4
2025,6,136,Georgia State,Sun Belt,0,4,-314.323,-83.373,99,0.000,0.266,-0.266,-1.319,115.909,430.233,51,185,44,43,110.211,8
2025,7,1,USC,Big Ten,5,1,246.383,162.867,11,0.833,0.816,0.018,0.060,440.323,193.939,273,128,62,66,-9.029,78
2025,7,2,Texas Tech,Big 12,5,0,232.415,246.752,4,1.000,0.993,0.007,0.006,325.373,92.958,218,66,67,71,48.643,28
2025,7,3,Ohio State,Big Ten,5,0,220.000,291.998,1,1.000,0.996,0.004,-0.010,302.000,82.000,151,41,50,50,87.336,9
2025,7,4,Oregon,Big Ten,4,1,214.225,134.414,19,0.800,0.853,-0.053,-0.296,346.429,132.203,194,78,56,59,2.113,68
2025,7,5,Indiana,Big Ten,5,0,211.412,235.855,5,1.000,0.965,0.035,0.149,326.667,115.254,196,68,60,59,96.869,8
2025,7,6,Utah,Big 12,4,1,196.078,235.474,6,0.800,0.903,-0.103,-0.551,341.176,145.098,174,74,51,51,24.844,49
2025,7,7,Alabama,SEC,5,1,183.254,183.991,8,0.833,0.903,-0.069,-0.381,348.333,165.079,209,104,60,63,76.095,15
2025,7,8,Vanderbilt,SEC,4,1,172.884,134.978,18,0.800,0.778,0.022,0.082,382.143,209.259,214,113,56,54,7.640,62
2025,7,9,Memphis,American Athletic,5,0,166.723,84.400,35,1.000,0.721,0.279,1.383,319.355,152.632,198,87,62,57,-76.497,118
2025,7,10,Ole Miss,SEC,6,0,162.314,118.213,25,1.000,0.780,0.220,1.082,324.286,161.972,227,115,70,71,14.290,56
2025,7,11,Iowa,Big Ten,3,2,158.457,143.595,15,0.600,0.879,-0.279,-1.439,283.019,124.561,150,71,53,57,25.565,48
2025,7,12,Texas,SEC,4,2,157.185,128.325,23,0.667,0.867,-0.201,-1.043,251.471,94.286,171,66,68,70,8.874,59
2025,7,13,Notre Dame,FBS Independents,4,2,156.869,255.111,3,0.667,0.950,-0.283,-1.459,338.028,181.159,240,125,71,69,113.788,5
2025,7,14,Missouri,SEC,4,1,149.430,114.058,26,0.800,0.772,0.028,0.114,320.339,170.909,189,94,59,55,7.690,61
2025,7,15,Virginia,ACC,4,1,145.630,154.165,12,0.800,0.804,-0.004,-0.050,344.068,198.438,203,127,59,64,38.592,34
2025,7,16,Oklahoma,SEC,4,1,143.955,138.745,16,0.800,0.913,-0.113,-0.602,237.288,93.333,140,56,59,60,51.276,26
2025,7,17,Miami,ACC,4,0,132.535,272.635,2,1.000,0.990,0.010,0.023,270.833,138.298,130,65,48,47,160.834,2
2025,7,18,San Diego State,Mountain West,4,1,131.905,42.723,51,0.800,0.615,0.185,0.904,253.571,121.667,142,73,56,60,-83.399,126
2025,7,19,Penn State,Big Ten,2,3,125.887,20.759,62,0.400,0.545,-0.145,-0.761,324.000,198.113,162,105,50,53,-72.105,117
2025,7,20,BYU,Big 12,5,0,124.532,132.522,21,1.000,0.804,0.196,0.963,273.684,149.153,156,88,57,59,4.647,65
2025,7,21,Nebraska,Big Ten,4,1,123.647,47.319,49,0.800,0.631,0.169,0.824,301.613,177.966,187,105,62,59,-6.548,77
2025,7,22,Tennessee,SEC,4,1,116.176,133.192,20,0.800,0.769,0.031,0.128,350.000,233.824,217,159,62,68,22.848,51
2025,7,23,Georgia,SEC,4,1,116.062,173.403,10,0.800,0.914,-0.114,-0.603,284.483,168.421,165,96,58,57,77.413,14
2025,7,24,UNLV,Mountain West,5,0,114.727,-10.336,72,1.000,0.479,0.521,2.602,382.000,267.273,191,147,50,55,-122.227,135
2025,7,25,Texas A&M,SEC,6,0,107.463,197.414,7,1.000,0.915,0.085,0.401,270.130,162.667,208,122,77,75,87.176,10
2025,7,26,Pittsburgh,ACC,3,2,100.722,86.682,32,0.600,0.729,-0.129,-0.682,282.540,181.818,178,120,63,66,-3.485,75
2025,7,27,Washington,Big Ten,4,1,100.213,143.992,14,0.800,0.786,0.014,0.043,330.000,229.787,165,108,50,47,68.190,17
2025,7,28,Michigan,Big Ten,4,2,96.522,74.462,41,0.667,0.734,-0.067,-0.368,256.522,160.000,177,112,69,70,31.492,42
2025,7,29,Florida State,ACC,2,3,95.324,183.192,9,0.400,0.876,-0.476,-2.434,324.138,228.814,188,135,58,59,131.979,3
2025,7,30,Maryland,Big Ten,3,2,91.737,59.032,44,0.600,0.704,-0.104,-0.557,220.968,129.231,137,84,62,65,-19.975,90
2025,7,31,Navy,American Athletic,5,0,88.235,-35.861,82,1.000,0.412,0.588,2.945,327.451,239.216,167,122,51,51,-123.749,136
2025,7,32,Clemson,ACC,3,3,83.640,50.682,47,0.500,0.642,-0.142,-0.748,246.875,163.235,158,111,64,68,-37.196,101
2025,7,33,Toledo,Mid-American,2,3,82.098,-10.380,73,0.400,0.466,-0.066,-0.362,218.462,136.364,142,90,65,66,-79.227,121
2025,7,34,Georgia Tech,ACC,5,0,81.616,92.766,31,1.000,0.716,0.284,1.403,292.727,211.111,161,114,55,54,7.822,60
2025,7,35,James Madison,Sun Belt,4,1,80.057,18.600,63,0.800,0.561,0.239,1.181,218.519,138.462,118,72,54,52,-78.754,120
2025,7,36,Louisville,ACC,3,1,78.408,135.030,17,0.750,0.831,-0.081,-0.438,258.000,179.592,129,88,50,49,53.554,24
2025,7,37,Auburn,SEC,3,3,77.692,125.265,24,0.500,0.848,-0.348,-1.790,227.692,150.000,148,102,65,68,53.006,25
2025,7,38,TCU,Big 12,3,2,72.881,78.392,38,0.600,0.681,-0.081,-0.441,288.136,215.254,170,127,59,59,5.931,63
2025,7,39,Houston,Big 12,4,1,69.813,73.833,42,0.800,0.684,0.116,0.557,250.847,181.034,148,105,59,58,-19.755,89
2025,7,40,Duke,ACC,3,2,69.492,85.907,33,0.600,0.690,-0.090,-0.485,300.000,230.508,174,136,58,59,30.040,43
2025,7,41,North Texas,American Athletic,4,1,68.272,24.282,57,0.800,0.548,0.252,1.246,354.237,285.965,209,163,59,57,-15.480,83
2025,7,42,UConn,FBS Independents,3,2,67.665,-72.064,95,0.600,0.328,0.272,1.347,262.903,195.238,163,123,62,63,-113.595,133
2025,7,43,South Florida,American Athletic,4,1,67.119,108.794,27,0.800,0.776,0.024,0.090,270.149,203.030,181,134,67,66,36.660,36
2025,7,44,LSU,SEC,4,1,66.667,132.235,22,0.800,0.908,-0.108,-0.576,173.684,107.018,99,61,57,57,66.174,18
2025,7,45,Old Dominion,Sun Belt,3,2,65.440,38.801,53,0.600,0.617,-0.017,-0.117,239.683,174.242,151,115,63,66,-13.596,81
2025,7,46,SMU,ACC,3,2,63.907,48.201,48,0.600,0.626,-0.026,-0.159,265.574,201.667,162,121,61,60,-18.389,88
2025,7,47,Cincinnati,Big 12,4,1,59.615,96.980,29,0.800,0.722,0.078,0.362,280.769,221.154,146,115,52,52,38.071,35
2025,7,48,Arizona,Big 12,3,2,47.668,60.842,43,0.600,0.691,-0.091,-0.489,216.418,168.750,145,108,67,64,24.684,50
2025,7,49,Louisiana Tech,Conference USA,3,2,46.917,-9.179,71,0.600,0.472,0.128,0.620,198.387,151.471,123,103,62,68,-25.801,95
2025,7,50,UTSA,American Athletic,2,3,45.682,-6.094,69,0.400,0.482,-0.082,-0.442,269.492,223.810,159,141,59,63,-13.979,82
2025,7,51,Kansas State,Big 12,2,4,39.787,74.655,40,0.333,0.696,-0.363,-1.862,250.746,210.959,168,154,67,73,36.320,37
2025,7,52,Kansas,Big 12,3,3,36.605,97.248,28,0.500,0.719,-0.219,-1.138,262.319,225.714,181,158,69,70,58.513,19
2025,7,53,Western Kentucky,Conference USA,4,1,34.398,-83.087,98,0.800,0.306,0.494,2.465,249.153,214.754,147,131,59,61,-120.591,134
2025,7,54,Boise State,Mountain West,3,2,31.712,40.874,52,0.600,0.618,-0.018,-0.119,269.643,237.931,151,138,56,58,26.419,45
2025,7,55,East Carolina,American Athletic,2,3,30.952,20.845,61,0.400,0.568,-0.168,-0.881,191.667,160.714,115,90,60,56,16.101,55
2025,7,56,Iowa State,Big 12,4,2,29.679,85.186,34,0.667,0.732,-0.065,-0.358,220.588,190.909,150,126,68,66,56.664,22
2025,7,57,Mississippi State,SEC,3,2,29.536,79.426,37,0.600,0.706,-0.106,-0.567,227.869,198.333,139,119,61,60,38.862,32
2025,7,58,Wake Forest,ACC,3,2,28.474,23.715,58,0.600,0.583,0.017,0.054,203.077,174.603,132,110,65,63,-3.438,74
2025,7,59,Tulane,American Athletic,5,1,28.071,31.245,56,0.833,0.595,0.238,1.174,221.127,193.056,157,139,71,72,0.121,69
2025,7,60,Texas State,Sun Belt,2,3,19.766,-35.739,81,0.400,0.433,-0.033,-0.196,323.214,303.448,181,176,56,58,-53.181,106
2025,7,61,Hawai'i,Mountain West,4,2,18.701,-50.923,89,0.667,0.360,0.307,1.520,246.479,227.778,175,164,71,72,-79.289,122
2025,7,62,Southern Miss,Sun Belt,3,2,17.249,-51.941,91,0.600,0.357,0.243,1.199,238.462,221.212,155,146,65,66,-68.699,115
2025,7,63,Baylor,Big 12,3,2,13.944,37.836,55,0.600,0.573,0.027,0.108,308.772,294.828,176,171,57,58,35.243,39
2025,7,64,Colorado,Big 12,3,4,13.363,58.588,45,0.429,0.672,-0.243,-1.258,228.947,215.584,174,166,76,77,42.261,30
2025,7,65,Western Michigan,Mid-American,3,3,8.839,-47.110,86,0.500,0.300,0.200,0.983,163.768,154.930,113,110,69,71,-42.428,104
2025,7,66,UCF,Big 12,2,3,7.268,5.833,65,0.400,0.522,-0.122,-0.646,192.453,185.185,102,100,53,54,-15.548,84
2025,7,67,New Mexico,Mountain West,2,3,5.556,-13.715,74,0.400,0.469,-0.069,-0.378,264.815,259.259,143,140,54,54,-22.674,92
2025,7,68,Army,American Athletic,3,2,3.676,-50.172,88,0.600,0.360,0.240,1.185,241.176,237.500,123,114,51,48,-64.424,114
2025,7,69,South Carolina,SEC,2,3,2.521,74.915,39,0.400,0.737,-0.337,-1.730,188.235,185.714,96,104,51,56,58.445,20
2025,7,70,Northwestern,Big Ten,3,2,2.405,-2.262,68,0.600,0.493,0.107,0.511,213.043,210.638,98,99,46,47,-1.566,71
2025,7,71,Illinois,Big Ten,4,2,-3.872,145.245,13,0.667,0.818,-0.151,-0.794,269.565,273.438,186,175,69,64,127.912,4
2025,7,72,Delaware,Conference USA,2,2,-4.878,-77.052,96,0.500,0.339,0.161,0.784,275.610,280.488,113,115,41,41,-83.132,125
2025,7,73,Kennesaw State,Conference USA,3,2,-8.333,22.291,59,0.600,0.578,0.022,0.081,175.000,183.333,105,110,60,60,-2.767,72
2025,7,74,Ohio,Mid-American,2,3,-12.396,13.544,64,0.400,0.540,-0.140,-0.737,185.965,198.361,106,121,57,61,21.705,52
2025,7,75,Rutgers,Big Ten,2,3,-13.356,22.065,60,0.400,0.546,-0.146,-0.767,290.566,303.922,154,155,53,51,33.838,40
2025,7,76,Arkansas,SEC,1,4,-14.098,80.549,36,0.200,0.681,-0.481,-2.462,296.429,310.526,166,177,56,57,99.248,7
2025,7,77,Marshall,Sun Belt,2,3,-14.919,-26.120,76,0.400,0.442,-0.042,-0.240,262.500,277.419,168,172,64,62,-31.318,98
2025,7,78,Buffalo,Mid-American,2,3,-23.333,-91.549,103,0.400,0.221,0.179,0.875,176.667,200.000,106,122,60,61,-63.065,112
2025,7,79,Troy,Sun Belt,3,2,-23.729,-49.008,87,0.600,0.351,0.249,1.229,208.475,232.203,123,137,59,59,-17.224,87
2025,7,80,App State,Sun Belt,3,2,-24.030,-113.003,110,0.600,0.219,0.381,1.898,215.625,239.655,138,139,64,58,-104.318,131
2025,7,81,Arizona State,Big 12,3,2,-24.878,46.118,50,0.600,0.663,-0.063,-0.349,218.519,243.396,118,129,54,53,79.078,13
2025,7,82,Fresno State,Mountain West,4,2,-25.498,-87.681,100,0.667,0.284,0.382,1.902,219.118,244.615,149,159,68,65,-78.560,119
2025,7,83,NC State,ACC,3,3,-28.240,53.303,46,0.500,0.645,-0.145,-0.760,223.188,251.429,154,176,69,70,79.993,12
2025,7,84,California,ACC,3,2,-34.604,-51.631,90,0.600,0.334,0.266,1.316,192.982,227.586,110,132,57,58,-32.972,99
2025,7,85,New Mexico State,Conference USA,2,2,-36.860,-78.668,97,0.500,0.289,0.211,1.038,204.444,241.304,92,111,45,46,-93.924,130
2025,7,86,Colorado State,Mountain West,1,4,-38.109,-37.151,83,0.200,0.398,-0.198,-1.029,209.259,247.368,113,141,54,57,19.589,54
2025,7,87,Utah State,Mountain West,2,3,-39.665,-26.892,77,0.400,0.431,-0.031,-0.184,242.424,282.090,160,189,66,67,4.691,64
2025,7,88,Jacksonville State,Conference USA,2,3,-41.183,-148.715,121,0.400,0.179,0.221,1.089,223.729,264.912,132,151,59,57,-110.883,132
2025,7,89,Kentucky,SEC,2,3,-43.860,-29.262,79,0.400,0.424,-0.024,-0.152,200.000,243.860,122,139,61,57,38.781,33
2025,7,90,Minnesota,Big Ten,3,2,-48.604,5.574,66,0.600,0.518,0.082,0.385,178.182,226.786,98,127,55,56,41.767,31
2025,7,91,Michigan State,Big Ten,2,3,-56.364,-71.770,94,0.400,0.346,0.054,0.245,247.273,303.636,136,167,55,55,-12.838,79
2025,7,92,Miami (OH),Mid-American,2,3,-56.983,-137.516,119,0.400,0.188,0.212,1.042,196.078,253.061,100,124,51,49,-63.794,113
2025,7,93,Temple,American Athletic,2,3,-57.552,-34.091,80,0.400,0.420,-0.020,-0.133,230.909,288.462,127,150,55,52,-3.389,73
2025,7,94,Bowling Green,Mid-American,2,3,-59.677,-45.229,85,0.400,0.369,0.031,0.126,174.194,233.871,108,145,62,62,20.726,53
2025,7,95,Purdue,Big Ten,1,4,-60.714,37.953,54,0.200,0.598,-0.398,-2.042,223.214,283.929,125,159,56,56,86.671,11
2025,7,96,Wisconsin,Big Ten,2,4,-60.748,-8.780,70,0.333,0.471,-0.138,-0.726,145.312,206.061,93,136,64,66,25.668,47
2025,7,97,Liberty,Conference USA,1,4,-63.708,-131.542,115,0.200,0.168,0.032,0.131,149.020,212.727,76,117,51,55,-57.893,109
2025,7,98,Florida,SEC,1,4,-66.576,96.239,30,0.200,0.771,-0.571,-2.913,138.596,205.172,79,119,57,58,167.880,1
2025,7,99,Wyoming,Mountain West,2,3,-68.588,-89.819,102,0.400,0.211,0.189,0.927,146.667,215.254,88,127,60,59,-0.758,70
2025,7,100,Eastern Michigan,Mid-American,2,4,-69.706,-162.246,126,0.333,0.155,0.179,0.874,210.294,280.000,143,196,68,70,-89.285,129
2025,7,101,San José State,Mountain West,1,4,-75.306,-96.072,107,0.200,0.259,-0.059,-0.330,173.846,249.153,113,147,65,59,-40.973,103
2025,7,102,Syracuse,ACC,2,3,-79.878,-27.962,78,0.400,0.398,0.002,-0.020,166.154,246.032,108,155,65,63,49.184,27
2025,7,103,Louisiana,Sun Belt,1,4,-82.616,-111.201,109,0.200,0.205,-0.005,-0.055,195.161,277.778,121,175,62,63,-43.207,105
2025,7,104,UCLA,Big Ten,2,4,-85.546,-53.966,92,0.333,0.356,-0.023,-0.145,244.643,330.189,137,175,56,53,26.358,46
2025,7,105,Air Force,Mountain West,0,5,-87.813,-105.091,108,0.000,0.312,-0.312,-1.607,317.544,405.357,181,227,57,56,-16.627,86
2025,7,106,Stanford,ACC,2,4,-91.107,-92.171,104,0.333,0.228,0.105,0.501,171.212,262.319,113,181,66,69,2.432,66
2025,7,107,Washington State,Pac-12,2,3,-94.378,5.006,67,0.400,0.517,-0.117,-0.619,198.214,292.593,111,158,56,54,58.412,21
2025,7,108,Florida Atlantic,American Athletic,2,3,-96.880,-151.935,122,0.400,0.217,0.183,0.896,223.810,320.690,141,186,63,58,-88.807,128
2025,7,109,South Alabama,Sun Belt,0,5,-98.149,-93.917,105,0.000,0.292,-0.292,-1.505,203.636,301.786,112,169,55,56,9.079,58
2025,7,110,Middle Tennessee,Conference USA,1,4,-100.000,-169.554,127,0.200,0.141,0.059,0.268,160.000,260.000,88,143,55,55,-60.678,111
2025,7,111,Northern Illinois,Mid-American,0,5,-102.068,-130.474,114,0.000,0.065,-0.065,-0.360,82.143,184.211,46,105,56,57,-23.716,94
2025,7,112,Rice,American Athletic,2,4,-115.699,-160.327,125,0.333,0.110,0.223,1.097,163.333,279.032,98,173,60,62,-80.331,123
2025,7,113,UTEP,Conference USA,0,5,-116.834,-152.923,124,0.000,0.091,-0.091,-0.489,104.478,221.311,70,135,67,61,-35.913,100
2025,7,114,Arkansas State,Sun Belt,1,4,-119.298,-94.675,106,0.200,0.231,-0.031,-0.184,171.930,291.228,98,166,57,57,2.402,67
2025,7,115,Tulsa,American Athletic,1,4,-123.347,-128.061,113,0.200,0.141,0.059,0.271,124.194,247.541,77,151,62,61,-23.381,93
2025,7,116,Virginia Tech,ACC,1,5,-127.355,-59.784,93,0.167,0.355,-0.188,-0.981,183.582,310.938,123,199,67,64,69.746,16
2025,7,117,Coastal Carolina,Sun Belt,2,3,-135.244,-86.392,99,0.400,0.175,0.225,1.106,108.696,243.939,75,161,69,66,-4.077,76
2025,7,118,West Virginia,Big 12,1,4,-136.119,-24.867,75,0.200,0.416,-0.216,-1.120,134.848,270.968,89,168,66,62,113.094,6
2025,7,119,UAB,American Athletic,1,4,-136.376,-191.177,129,0.200,0.147,0.053,0.237,231.481,367.857,125,206,54,56,-59.244,110
2025,7,120,Missouri State,Conference USA,2,3,-140.351,-88.039,101,0.400,0.200,0.200,0.982,154.386,294.737,88,168,57,57,-13.539,80
2025,7,121,Georgia Southern,Sun Belt,1,4,-146.667,-152.025,123,0.200,0.172,0.028,0.112,200.000,346.667,120,208,60,60,-21.374,91
2025,7,122,Central Michigan,Mid-American,2,3,-150.000,-137.482,118,0.400,0.161,0.239,1.176,151.852,301.852,82,163,54,54,-57.724,108
2025,7,123,Nevada,Mountain West,0,5,-159.177,-202.743,132,0.000,0.018,-0.018,-0.119,108.065,267.241,67,155,62,58,-55.368,107
2025,7,124,Oregon State,Pac-12,0,7,-165.792,-125.764,112,0.000,0.222,-0.222,-1.152,149.398,315.190,124,249,83,79,32.343,41
2025,7,125,Charlotte,American Athletic,0,5,-169.195,-250.728,136,0.000,0.018,-0.018,-0.122,106.667,275.862,64,160,60,58,-82.523,124
2025,7,126,North Carolina,ACC,1,3,-169.601,-197.907,131,0.250,0.083,0.167,0.815,123.256,292.857,53,123,43,42,-28.955,96
2025,7,127,Florida International,Conference USA,1,3,-182.673,-235.966,135,0.250,0.004,0.246,1.215,125.490,308.163,64,151,51,49,-70.073,116
2025,7,128,Boston College,ACC,0,5,-183.104,-173.298,128,0.000,0.154,-0.154,-0.810,180.357,363.462,101,189,56,52,-15.642,85
2025,7,129,Akron,Mid-American,1,5,-187.042,-191.445,130,0.167,0.024,0.142,0.691,92.958,280.000,66,196,71,70,-86.509,127
2025,7,130,Kent State,Mid-American,1,4,-187.890,-37.579,84,0.200,0.395,-0.195,-1.015,149.206,337.097,94,209,63,62,54.128,23
2025,7,131,UL Monroe,Sun Belt,2,3,-190.702,-140.279,120,0.400,0.150,0.250,1.235,123.333,314.035,74,179,60,57,-30.452,97
2025,7,132,Ball State,Mid-American,1,4,-194.987,-135.443,117,0.200,0.122,0.078,0.363,85.714,280.702,48,160,56,57,11.518,57
2025,7,133,Sam Houston,Conference USA,0,6,-206.852,-224.742,134,0.000,0.055,-0.055,-0.310,152.239,359.091,102,237,67,66,-40.567,102
2025,7,134,Oklahoma State,Big 12,0,5,-216.923,-118.022,111,0.000,0.163,-0.163,-0.852,110.769,327.692,72,213,65,65,35.773,38
2025,7,135,Georgia State,Sun Belt,0,5,-271.930,-134.032,116,0.000,0.167,-0.167,-0.876,124.561,396.491,71,226,57,57,48.638,29
2025,7,136,Massachusetts,Mid-American,0,5,-290.288,-206.503,133,0.000,0.041,-0.041,-0.239,56.140,346.429,32,194,57,56,27.775,44
2025,8,1,Oregon,Big Ten,5,1,245.425,165.092,11,0.833,0.909,-0.075,-0.404,367.647,122.222,250,88,68,72,14.884,59
2025,8,2,Ohio State,Big Ten,6,0,238.842,279.980,1,1.000,0.995,0.005,0.007,308.333,69.492,185,41,60,59,62.761,21
2025,8,3,Indiana,Big Ten,6,0,223.222,232.951,3,1.000,0.960,0.040,0.191,344.118,120.896,234,81,68,67,65.046,17
2025,8,4,Texas Tech,Big 12,5,1,190.476,199.224,6,0.833,0.962,-0.129,-0.679,300.000,109.524,240,92,80,84,39.261,39
2025,8,5,USC,Big Ten,5,2,188.308,165.669,10,0.714,0.829,-0.114,-0.605,396.000,207.692,297,162,75,78,32.433,43
2025,8,6,Alabama,SEC,6,1,186.659,192.985,7,0.857,0.916,-0.059,-0.320,356.522,169.863,246,124,69,73,70.344,15
2025,8,7,Utah,Big 12,4,2,158.961,214.759,5,0.667,0.897,-0.231,-1.204,314.516,155.556,195,98,62,63,40.749,38
2025,8,8,Vanderbilt,SEC,5,1,155.955,134.620,16,0.833,0.761,0.072,0.354,376.923,220.968,245,137,65,62,21.097,55
2025,8,9,Notre Dame,FBS Independents,5,2,148.413,243.059,2,0.714,0.952,-0.237,-1.237,330.120,181.707,274,149,83,82,107.822,4
2025,8,10,Oklahoma,SEC,5,1,146.303,146.612,14,0.833,0.917,-0.084,-0.449,233.803,87.500,166,63,71,72,47.333,33
2025,8,11,Memphis,American Athletic,5,1,142.951,44.641,53,0.833,0.620,0.213,1.079,321.739,178.788,222,118,69,66,-89.175,126
2025,8,12,Ole Miss,SEC,6,1,138.397,120.519,20,0.857,0.760,0.098,0.485,335.897,197.500,262,158,78,80,37.196,41
2025,8,13,Texas,SEC,5,2,132.868,107.828,26,0.714,0.838,-0.123,-0.651,228.049,95.181,187,79,82,83,3.401,63
2025,8,14,San Diego State,Mountain West,4,1,131.905,36.493,57,0.800,0.602,0.198,1.001,253.571,121.667,142,73,56,60,-89.628,127
2025,8,15,Iowa,Big Ten,4,2,131.646,125.976,18,0.667,0.849,-0.182,-0.953,273.438,141.791,175,95,64,67,29.739,46
2025,8,16,Missouri,SEC,5,1,131.209,121.865,19,0.833,0.791,0.043,0.203,294.444,163.235,212,111,72,68,25.533,51
2025,8,17,Virginia,ACC,5,1,123.480,128.497,17,0.833,0.774,0.059,0.287,316.901,193.421,225,147,71,76,29.409,47
2025,8,18,Toledo,Mid-American,3,3,117.848,13.771,65,0.500,0.542,-0.042,-0.233,246.053,128.205,187,100,76,78,-87.288,124
2025,8,19,James Madison,Sun Belt,5,1,111.489,55.847,48,0.833,0.664,0.169,0.852,266.176,154.688,181,99,68,64,-53.257,109
2025,8,20,North Texas,American Athletic,5,1,109.524,54.018,49,0.833,0.604,0.230,1.165,366.667,257.143,264,180,72,70,-15.014,79
2025,8,21,Georgia,SEC,5,1,108.909,171.777,9,0.833,0.858,-0.025,-0.143,310.448,201.538,208,131,67,65,85.072,8
2025,8,22,Pittsburgh,ACC,4,2,107.434,86.744,35,0.667,0.729,-0.062,-0.336,273.684,166.250,208,133,76,80,-11.381,78
2025,8,23,Penn State,Big Ten,2,4,106.875,72.596,41,0.333,0.652,-0.319,-1.655,310.000,203.125,186,130,60,64,-6.911,75
2025,8,24,Cincinnati,Big 12,5,1,106.769,113.125,24,0.833,0.735,0.099,0.491,319.672,212.903,195,132,61,62,9.034,61
2025,8,25,BYU,Big 12,6,0,105.155,150.791,13,1.000,0.856,0.144,0.723,260.870,155.714,180,109,69,70,42.714,36
2025,8,26,Michigan,Big Ten,5,2,102.500,100.720,28,0.714,0.812,-0.098,-0.518,251.250,148.750,201,119,80,80,42.720,35
2025,8,27,South Florida,American Athletic,5,1,101.412,99.630,29,0.833,0.770,0.064,0.310,289.873,188.462,229,147,79,78,0.630,64
2025,8,28,Miami,ACC,4,1,100.819,222.028,4,0.800,0.959,-0.159,-0.834,251.667,150.847,151,89,60,59,137.587,1
2025,8,29,Texas A&M,SEC,7,0,97.863,173.780,8,1.000,0.853,0.147,0.738,290.805,192.941,253,164,87,85,75.005,12
2025,8,30,Navy,American Athletic,5,0,88.235,-22.076,75,1.000,0.444,0.556,2.845,327.451,239.216,167,122,51,51,-109.965,134
2025,8,31,Georgia Tech,ACC,6,0,84.226,107.238,27,1.000,0.753,0.247,1.251,293.750,209.524,188,132,64,63,19.785,56
2025,8,32,Nebraska,Big Ten,4,2,81.099,14.603,64,0.667,0.544,0.123,0.616,268.056,186.957,193,129,72,69,-0.286,66
2025,8,33,UConn,FBS Independents,4,2,75.342,-62.356,91,0.667,0.348,0.318,1.621,275.342,200.000,201,146,73,73,-116.207,135
2025,8,34,Tennessee,SEC,4,2,74.621,112.538,25,0.667,0.737,-0.071,-0.380,329.167,254.545,237,196,72,77,55.769,26
2025,8,35,Maryland,Big Ten,3,3,72.632,24.013,58,0.500,0.590,-0.090,-0.480,202.632,130.000,154,104,76,80,-39.842,103
2025,8,36,Florida State,ACC,2,4,68.833,114.634,23,0.333,0.775,-0.441,-2.286,287.143,218.310,201,155,70,71,81.678,10
2025,8,37,Louisville,ACC,4,1,68.086,154.836,12,0.800,0.859,-0.059,-0.319,246.774,178.689,153,109,62,61,84.656,9
2025,8,38,SMU,ACC,4,2,66.721,72.766,40,0.667,0.683,-0.016,-0.100,262.667,195.946,197,145,75,74,4.179,62
2025,8,39,TCU,Big 12,4,2,66.216,97.525,32,0.667,0.735,-0.069,-0.370,286.486,220.270,212,163,74,74,30.473,45
2025,8,40,Houston,Big 12,5,1,65.649,67.513,42,0.833,0.657,0.176,0.888,267.164,201.515,179,133,67,66,-16.726,83
2025,8,41,Boise State,Mountain West,4,2,65.278,59.913,47,0.667,0.668,-0.001,-0.023,300.000,234.722,207,169,69,72,12.977,60
2025,8,42,Washington,Big Ten,4,2,59.080,98.699,31,0.667,0.713,-0.046,-0.254,286.667,227.586,172,132,60,58,60.228,23
2025,8,43,Auburn,SEC,3,4,57.217,119.298,22,0.429,0.857,-0.428,-2.218,211.538,154.321,165,125,78,81,63.955,18
2025,8,44,UCF,Big 12,3,3,55.635,50.374,50,0.500,0.671,-0.171,-0.898,219.403,163.768,147,113,67,69,-1.809,68
2025,8,45,Clemson,ACC,3,4,55.285,48.284,52,0.429,0.638,-0.209,-1.094,233.333,178.049,182,146,78,82,-15.815,80
2025,8,46,LSU,SEC,4,2,49.837,119.712,21,0.667,0.864,-0.198,-1.034,189.231,139.394,123,92,65,66,72.069,14
2025,8,47,UNLV,Mountain West,5,1,48.346,-33.455,80,0.833,0.435,0.399,2.034,346.875,298.529,222,203,64,68,-91.807,129
2025,8,48,Louisiana Tech,Conference USA,3,2,46.917,-8.823,71,0.600,0.472,0.128,0.640,198.387,151.471,123,103,62,68,-25.445,90
2025,8,49,Duke,ACC,3,3,46.861,66.671,43,0.500,0.656,-0.156,-0.819,286.567,239.706,192,163,67,68,36.781,42
2025,8,50,East Carolina,American Athletic,3,3,40.857,10.521,68,0.500,0.533,-0.033,-0.189,208.000,167.143,156,117,75,70,-6.845,74
2025,8,51,Kansas State,Big 12,2,4,39.787,89.800,33,0.333,0.730,-0.396,-2.054,250.746,210.959,168,154,67,73,51.464,30
2025,8,52,Arizona,Big 12,3,3,37.611,62.787,44,0.500,0.673,-0.173,-0.905,230.667,193.056,173,139,75,72,38.905,40
2025,8,53,Kansas,Big 12,3,3,36.605,99.207,30,0.500,0.728,-0.228,-1.191,262.319,225.714,181,158,69,70,60.472,22
2025,8,54,Tulane,American Athletic,6,1,34.114,36.718,56,0.857,0.606,0.251,1.276,229.114,195.000,181,156,79,80,-2.459,69
2025,8,55,Ohio,Mid-American,3,3,32.629,20.360,62,0.500,0.552,-0.052,-0.284,229.851,197.222,154,142,67,72,-21.021,86
2025,8,56,Southern Miss,Sun Belt,4,2,31.655,-21.979,74,0.667,0.437,0.230,1.165,242.466,210.811,177,156,73,74,-60.944,114
2025,8,57,Northwestern,Big Ten,4,2,31.034,42.318,54,0.667,0.639,0.028,0.126,201.724,170.690,117,99,58,58,16.510,58
2025,8,58,Iowa State,Big 12,4,2,29.679,87.747,34,0.667,0.743,-0.077,-0.411,220.588,190.909,150,126,68,66,59.226,25
2025,8,59,Wake Forest,ACC,3,2,28.474,21.941,59,0.600,0.575,0.025,0.109,203.077,174.603,132,110,65,63,-5.211,73
2025,8,60,Hawai'i,Mountain West,5,2,25.022,-34.533,81,0.714,0.403,0.311,1.584,248.193,223.171,206,183,83,82,-68.609,118
2025,8,61,Mississippi State,SEC,3,3,21.956,73.224,39,0.500,0.704,-0.204,-1.065,219.178,197.222,160,142,73,72,42.198,37
2025,8,62,Troy,Sun Belt,4,2,15.895,-39.820,86,0.667,0.386,0.281,1.428,228.571,212.676,160,151,70,71,-49.950,107
2025,8,63,Old Dominion,Sun Belt,3,3,14.833,12.688,67,0.500,0.536,-0.036,-0.199,237.333,222.500,178,178,75,80,-3.001,70
2025,8,64,Colorado,Big 12,3,4,13.363,61.165,46,0.429,0.671,-0.242,-1.262,228.947,215.584,174,166,76,77,44.838,34
2025,8,65,Western Michigan,Mid-American,3,3,8.839,-37.614,83,0.500,0.325,0.175,0.883,163.768,154.930,113,110,69,71,-32.932,96
2025,8,66,New Mexico,Mountain West,3,3,7.937,-27.799,78,0.500,0.439,0.061,0.296,265.079,257.143,167,162,63,63,-38.969,101
2025,8,67,Texas State,Sun Belt,2,4,7.203,-42.128,87,0.333,0.418,-0.085,-0.451,311.429,304.225,218,216,70,71,-49.429,106
2025,8,68,Temple,American Athletic,3,3,6.032,-13.024,73,0.500,0.472,0.028,0.128,279.365,273.333,176,164,63,60,-45.772,104
2025,8,69,Baylor,Big 12,3,3,2.664,50.153,51,0.500,0.601,-0.101,-0.536,294.444,291.781,212,213,72,73,54.659,28
2025,8,70,Western Kentucky,Conference USA,4,2,-1.147,-126.595,115,0.667,0.213,0.454,2.316,218.571,219.718,153,156,70,71,-125.274,136
2025,8,71,Illinois,Big Ten,4,2,-3.872,137.566,15,0.667,0.795,-0.128,-0.675,269.565,273.438,186,175,69,64,120.233,3
2025,8,72,Marshall,Sun Belt,3,3,-4.870,-26.619,76,0.500,0.434,0.066,0.321,270.130,275.000,208,209,77,76,-38.185,100
2025,8,73,Kennesaw State,Conference USA,3,2,-8.333,21.833,61,0.600,0.575,0.025,0.113,175.000,183.333,105,110,60,60,-3.225,71
2025,8,74,Army,American Athletic,3,3,-9.140,-39.799,85,0.500,0.390,0.110,0.551,237.288,246.429,140,138,59,56,-37.093,99
2025,8,75,Buffalo,Mid-American,3,3,-9.586,-106.790,110,0.500,0.187,0.313,1.593,181.081,190.667,134,143,74,75,-91.386,128
2025,8,76,Jacksonville State,Conference USA,3,3,-11.776,-99.860,105,0.500,0.252,0.248,1.259,236.111,247.887,170,176,72,71,-87.290,125
2025,8,77,UTSA,American Athletic,2,4,-13.450,-37.947,84,0.333,0.376,-0.042,-0.234,244.444,257.895,176,196,72,76,-8.620,77
2025,8,78,Minnesota,Big Ten,4,2,-13.823,21.838,60,0.667,0.569,0.098,0.487,187.692,201.515,122,133,65,66,21.999,54
2025,8,79,Arizona State,Big 12,4,2,-13.863,76.454,37,0.667,0.728,-0.061,-0.330,214.925,228.788,144,151,67,66,98.793,7
2025,8,80,Arkansas,SEC,1,5,-16.192,78.924,36,0.167,0.663,-0.497,-2.571,315.152,331.343,208,222,66,67,99.506,6
2025,8,81,California,ACC,4,2,-24.431,-68.373,93,0.667,0.288,0.379,1.933,189.855,214.286,131,150,69,70,-56.990,112
2025,8,82,Fresno State,Mountain West,4,2,-25.498,-76.130,96,0.667,0.308,0.359,1.829,219.118,244.615,149,159,68,65,-67.009,117
2025,8,83,App State,Sun Belt,3,3,-26.941,-109.072,111,0.500,0.260,0.240,1.217,239.726,266.667,175,184,73,69,-102.171,132
2025,8,84,Utah State,Mountain West,3,3,-27.606,-27.301,77,0.500,0.427,0.073,0.359,246.753,274.359,190,214,77,78,-8.558,76
2025,8,85,South Carolina,SEC,2,4,-27.684,62.035,45,0.333,0.695,-0.362,-1.878,163.492,191.176,103,130,63,68,74.700,13
2025,8,86,Miami (OH),Mid-American,3,3,-28.095,-140.345,119,0.500,0.184,0.316,1.607,228.571,256.667,144,154,63,60,-94.567,130
2025,8,87,NC State,ACC,3,3,-28.240,40.704,55,0.500,0.608,-0.108,-0.571,223.188,251.429,154,176,69,70,67.394,16
2025,8,88,Delaware,Conference USA,2,3,-32.424,-96.386,103,0.400,0.295,0.105,0.524,250.909,283.333,138,153,55,54,-78.502,121
2025,8,89,Kentucky,SEC,2,4,-35.877,-8.286,70,0.333,0.475,-0.142,-0.747,182.432,218.310,135,155,74,71,50.797,31
2025,8,90,New Mexico State,Conference USA,2,3,-38.596,-100.267,106,0.400,0.242,0.158,0.795,208.772,247.368,119,141,57,57,-102.926,133
2025,8,91,Colorado State,Mountain West,1,5,-43.025,-58.234,90,0.167,0.349,-0.183,-0.956,206.250,249.275,132,172,64,69,0.439,65
2025,8,92,Liberty,Conference USA,2,4,-43.958,-111.412,112,0.333,0.216,0.118,0.588,170.968,214.925,106,144,62,67,-57.993,113
2025,8,93,Florida,SEC,2,4,-52.174,75.777,38,0.333,0.726,-0.393,-2.035,147.826,200.000,102,140,69,70,132.700,2
2025,8,94,Wyoming,Mountain West,2,4,-64.088,-100.565,107,0.333,0.174,0.159,0.803,157.971,222.059,109,151,69,68,-20.792,85
2025,8,95,UCLA,Big Ten,3,4,-65.440,-35.784,82,0.429,0.402,0.027,0.120,221.127,286.567,157,192,71,67,31.365,44
2025,8,96,Stanford,ACC,3,4,-68.993,-47.323,89,0.429,0.348,0.081,0.398,170.513,239.506,133,194,78,81,25.432,52
2025,8,97,Air Force,Mountain West,1,5,-70.932,-94.500,102,0.167,0.329,-0.163,-0.853,310.606,381.538,205,248,66,65,-26.336,92
2025,8,98,San José State,Mountain West,1,5,-71.278,-84.189,97,0.167,0.291,-0.125,-0.658,181.579,252.857,138,177,76,70,-30.697,95
2025,8,99,Eastern Michigan,Mid-American,2,5,-73.696,-171.145,131,0.286,0.153,0.133,0.668,218.987,292.683,173,240,79,82,-95.187,131
2025,8,100,UTEP,Conference USA,1,5,-74.155,-146.527,121,0.167,0.108,0.058,0.284,131.250,205.405,105,152,80,74,-72.095,120
2025,8,101,Purdue,Big Ten,1,5,-75.198,13.738,66,0.167,0.539,-0.373,-1.932,186.567,261.765,125,178,67,68,80.726,11
2025,8,102,Bowling Green,Mid-American,2,4,-79.452,-69.838,94,0.333,0.285,0.048,0.229,156.164,235.616,114,172,73,73,16.943,57
2025,8,103,South Alabama,Sun Belt,0,6,-79.679,-90.405,100,0.000,0.281,-0.281,-1.463,190.909,270.588,126,184,66,68,-4.955,72
2025,8,104,Washington State,Pac-12,2,4,-80.080,16.050,63,0.333,0.556,-0.223,-1.163,192.647,272.727,131,180,68,66,63.332,19
2025,8,105,Rutgers,Big Ten,2,4,-86.436,-1.165,69,0.333,0.497,-0.164,-0.861,248.485,334.921,164,211,66,63,48.603,32
2025,8,106,Michigan State,Big Ten,2,4,-88.889,-72.879,95,0.333,0.352,-0.019,-0.112,236.508,325.397,149,205,63,63,28.314,49
2025,8,107,Syracuse,ACC,2,4,-90.256,-33.166,79,0.333,0.383,-0.049,-0.270,153.165,243.421,121,185,79,76,54.108,29
2025,8,108,Louisiana,Sun Belt,1,5,-90.322,-116.356,113,0.167,0.197,-0.030,-0.171,187.143,277.465,131,197,70,71,-34.694,98
2025,8,109,Central Michigan,Mid-American,3,3,-92.308,-89.020,98,0.500,0.252,0.248,1.259,167.692,260.000,109,169,65,65,-54.373,110
2025,8,110,Wisconsin,Big Ten,2,5,-96.287,-9.723,72,0.286,0.469,-0.183,-0.957,127.397,223.684,93,170,73,76,59.805,24
2025,8,111,Middle Tennessee,Conference USA,1,4,-100.000,-164.698,126,0.200,0.149,0.051,0.243,160.000,260.000,88,143,55,55,-55.822,111
2025,8,112,Arkansas State,Sun Belt,2,4,-100.938,-97.498,104,0.333,0.205,0.129,0.645,163.768,264.706,113,180,69,68,-16.222,82
2025,8,113,Georgia Southern,Sun Belt,2,4,-107.843,-104.779,109,0.333,0.278,0.055,0.268,233.333,341.176,161,232,69,68,-21.829,87
2025,8,114,Coastal Carolina,Sun Belt,3,3,-114.000,-102.445,108,0.500,0.194,0.306,1.556,150.000,264.000,120,198,80,75,-33.512,97
2025,8,115,Rice,American Athletic,2,4,-115.699,-166.133,128,0.333,0.105,0.228,1.156,163.333,279.032,98,173,60,62,-86.137,123
2025,8,116,Florida International,Conference USA,2,3,-115.765,-164.865,127,0.400,0.043,0.357,1.820,145.902,261.667,89,157,61,60,-71.242,119
2025,8,117,Tulsa,American Athletic,1,5,-115.789,-127.038,116,0.167,0.157,0.010,0.034,136.842,252.632,104,192,76,76,-26.392,93
2025,8,118,UAB,American Athletic,2,4,-117.460,-149.129,122,0.333,0.216,0.118,0.589,247.619,365.079,156,230,63,63,-39.450,102
2025,8,119,Virginia Tech,ACC,1,5,-127.355,-66.325,92,0.167,0.336,-0.170,-0.890,183.582,310.938,123,199,67,64,63.204,20
2025,8,120,Northern Illinois,Mid-American,0,6,-128.358,-163.380,125,0.000,0.067,-0.067,-0.360,100.000,228.358,67,153,67,67,-26.233,91
2025,8,121,Florida Atlantic,American Athletic,2,4,-128.952,-143.469,120,0.333,0.222,0.112,0.558,205.333,334.286,154,234,75,70,-51.974,108
2025,8,122,Ball State,Mid-American,2,4,-132.540,-126.096,114,0.333,0.169,0.164,0.826,128.571,261.111,90,188,70,72,-22.518,88
2025,8,123,North Carolina,ACC,1,4,-137.576,-167.497,129,0.200,0.117,0.083,0.412,129.091,266.667,71,144,55,54,-27.335,94
2025,8,124,Missouri State,Conference USA,2,3,-140.351,-90.396,99,0.400,0.208,0.192,0.969,154.386,294.737,88,168,57,57,-15.895,81
2025,8,125,Nevada,Mountain West,0,6,-141.812,-174.205,132,0.000,0.050,-0.050,-0.272,125.352,267.164,89,179,71,67,-47.689,105
2025,8,126,West Virginia,Big 12,1,5,-154.337,-45.626,88,0.167,0.358,-0.191,-1.001,125.926,280.263,102,213,81,76,103.706,5
2025,8,127,Oregon State,Pac-12,0,7,-165.792,-129.507,118,0.000,0.209,-0.209,-1.092,149.398,315.190,124,249,83,79,28.599,48
2025,8,128,Boston College,ACC,0,6,-172.439,-169.940,130,0.000,0.159,-0.159,-0.832,187.879,360.317,124,227,66,63,-19.317,84
2025,8,129,Akron,Mid-American,1,6,-174.031,-188.533,133,0.143,0.042,0.101,0.501,109.302,283.333,94,238,86,84,-82.397,122
2025,8,130,UL Monroe,Sun Belt,2,4,-195.425,-153.303,123,0.333,0.134,0.199,1.008,122.222,317.647,88,216,72,68,-25.164,89
2025,8,131,Sam Houston,Conference USA,0,7,-195.554,-239.560,135,0.000,0.051,-0.051,-0.281,148.750,344.304,119,272,80,79,-61.916,115
2025,8,132,Charlotte,American Athletic,0,6,-201.961,-264.486,136,0.000,0.020,-0.020,-0.118,114.706,316.667,78,209,68,66,-65.982,116
2025,8,133,Kent State,Mid-American,1,5,-209.279,-92.863,101,0.167,0.258,-0.091,-0.485,138.667,347.945,104,254,75,73,27.246,50
2025,8,134,Oklahoma State,Big 12,0,6,-235.387,-127.891,117,0.000,0.157,-0.157,-0.826,118.667,354.054,89,262,75,74,55.272,27
2025,8,135,Massachusetts,Mid-American,0,6,-242.495,-203.973,134,0.000,0.048,-0.048,-0.262,74.648,317.143,53,222,71,70,-0.408,67
2025,8,136,Georgia State,Sun Belt,0,6,-258.392,-154.521,124,0.000,0.136,-0.136,-0.718,146.154,404.545,95,267,65,66,23.629,53
2025,9,1,Indiana,Big Ten,7,0,256.962,227.945,4,1.000,0.964,0.036,0.167,367.089,110.127,290,87,79,79,47.014,35
2025,9,2,Ohio State,Big Ten,6,0,238.842,272.293,1,1.000,0.996,0.004,0.004,308.333,69.492,185,41,60,59,55.074,29
2025,9,3,Oregon,Big Ten,6,1,233.198,164.417,11,0.857,0.907,-0.050,-0.273,351.948,118.750,271,95,77,80,14.834,55
2025,9,4,Texas Tech,Big 12,6,1,210.297,183.753,8,0.857,0.954,-0.097,-0.514,303.226,92.929,282,92,93,99,15.873,54
2025,9,5,Utah,Big 12,5,2,189.952,231.931,3,0.714,0.924,-0.210,-1.089,326.316,136.364,248,105,76,77,54.207,30
2025,9,6,USC,Big Ten,5,2,188.308,155.111,12,0.714,0.812,-0.098,-0.515,396.000,207.692,297,162,75,78,21.874,51
2025,9,7,Alabama,SEC,7,1,173.983,183.813,7,0.875,0.897,-0.022,-0.128,343.750,169.767,275,146,80,86,64.701,21
2025,9,8,Iowa,Big Ten,5,2,165.500,146.363,13,0.714,0.887,-0.173,-0.899,288.000,122.500,216,98,75,80,26.910,48
2025,9,9,Notre Dame,FBS Independents,5,2,148.413,235.698,2,0.714,0.949,-0.235,-1.219,330.120,181.707,274,149,83,82,100.462,5
2025,9,10,Vanderbilt,SEC,6,1,145.167,131.556,14,0.857,0.779,0.078,0.382,349.333,204.167,262,147,75,72,24.251,50
2025,9,11,San Diego State,Mountain West,5,1,143.452,56.383,49,0.833,0.672,0.161,0.806,246.269,102.817,165,73,67,71,-83.567,127
2025,9,12,Miami,ACC,5,1,138.571,208.881,5,0.833,0.941,-0.107,-0.566,275.714,137.143,193,96,70,70,90.786,7
2025,9,13,North Texas,American Athletic,6,1,134.473,37.519,56,0.857,0.576,0.281,1.420,369.767,235.294,318,200,86,85,-51.584,107
2025,9,14,Memphis,American Athletic,6,1,127.442,66.206,44,0.857,0.674,0.183,0.919,316.049,188.608,256,149,81,79,-54.904,108
2025,9,15,Ole Miss,SEC,7,1,127.425,127.164,18,0.875,0.776,0.099,0.491,325.275,197.849,296,184,91,93,46.564,37
2025,9,16,Texas,SEC,6,2,117.343,103.142,23,0.750,0.815,-0.065,-0.346,234.343,117.000,232,117,99,100,6.621,61
2025,9,17,Cincinnati,Big 12,6,1,115.252,128.126,17,0.857,0.772,0.085,0.418,332.394,217.143,236,152,71,70,16.048,53
2025,9,18,Oklahoma,SEC,5,2,114.454,129.558,16,0.714,0.887,-0.172,-0.897,228.571,114.118,192,97,84,85,53.252,32
2025,9,19,James Madison,Sun Belt,5,1,111.489,37.647,55,0.833,0.614,0.219,1.102,266.176,154.688,181,99,68,64,-71.458,117
2025,9,20,Pittsburgh,ACC,5,2,111.024,93.586,31,0.714,0.736,-0.022,-0.127,286.813,175.789,261,167,91,95,-8.616,76
2025,9,21,Texas A&M,SEC,8,0,110.205,184.946,6,1.000,0.858,0.142,0.708,305.051,194.845,302,189,99,97,73.518,15
2025,9,22,Georgia,SEC,5,1,108.909,169.997,9,0.833,0.863,-0.030,-0.169,310.448,201.538,208,131,67,65,83.292,10
2025,9,23,BYU,Big 12,7,0,108.349,167.889,10,1.000,0.863,0.137,0.682,276.250,167.901,221,136,80,81,57.069,27
2025,9,24,Penn State,Big Ten,2,4,106.875,78.972,38,0.333,0.668,-0.335,-1.730,310.000,203.125,186,130,60,64,-0.536,66
2025,9,25,Missouri,SEC,5,2,106.629,101.180,25,0.714,0.777,-0.063,-0.337,270.732,164.103,222,128,82,78,28.609,47
2025,9,26,Virginia,ACC,6,1,100.284,80.419,36,0.857,0.696,0.161,0.808,281.395,181.111,242,163,86,90,-4.377,71
2025,9,27,Georgia Tech,ACC,7,0,98.576,112.492,22,1.000,0.752,0.248,1.250,301.316,202.740,229,148,76,73,11.579,56
2025,9,28,Michigan,Big Ten,6,2,97.346,100.515,27,0.750,0.829,-0.079,-0.423,246.809,149.462,232,139,94,93,41.317,40
2025,9,29,Tennessee,SEC,5,2,94.585,126.549,19,0.714,0.752,-0.037,-0.208,353.012,258.427,293,230,83,89,45.640,39
2025,9,30,Navy,American Athletic,6,0,88.710,-15.780,72,1.000,0.460,0.540,2.741,337.097,248.387,209,154,62,62,-104.172,133
2025,9,31,Nebraska,Big Ten,5,2,85.340,40.633,54,0.714,0.611,0.103,0.510,272.840,187.500,221,150,81,80,10.699,59
2025,9,32,South Florida,American Athletic,5,2,81.498,89.398,33,0.714,0.737,-0.023,-0.133,282.609,201.111,260,181,92,90,10.951,58
2025,9,33,Toledo,Mid-American,3,4,80.766,-15.551,71,0.429,0.451,-0.022,-0.129,222.989,142.222,194,128,87,90,-77.931,124
2025,9,34,Washington,Big Ten,5,2,76.827,129.614,15,0.714,0.756,-0.041,-0.227,314.706,237.879,214,157,68,66,66.281,20
2025,9,35,Boise State,Mountain West,5,2,72.840,60.176,47,0.714,0.672,0.042,0.198,285.185,212.346,231,172,81,81,-3.864,70
2025,9,36,Maryland,Big Ten,3,3,72.632,46.016,52,0.500,0.676,-0.176,-0.916,202.632,130.000,154,104,76,80,-17.840,79
2025,9,37,Louisville,ACC,5,1,69.045,102.333,24,0.833,0.774,0.059,0.287,241.772,172.727,191,133,79,77,31.594,45
2025,9,38,Florida State,ACC,2,4,68.833,100.896,26,0.333,0.750,-0.417,-2.147,287.143,218.310,201,155,70,71,67.941,17
2025,9,39,Kansas State,Big 12,3,4,68.054,126.414,20,0.429,0.812,-0.383,-1.975,269.231,201.176,210,171,78,85,59.248,25
2025,9,40,TCU,Big 12,5,2,64.706,97.079,28,0.714,0.729,-0.014,-0.090,276.471,211.765,235,180,85,85,31.814,44
2025,9,41,Houston,Big 12,6,1,63.456,83.041,35,0.857,0.694,0.164,0.819,256.962,193.506,203,149,79,77,3.043,63
2025,9,42,Auburn,SEC,4,4,58.736,112.981,21,0.500,0.838,-0.338,-1.745,222.472,163.736,198,149,89,91,57.056,28
2025,9,43,UConn,FBS Independents,4,3,58.427,-80.546,96,0.571,0.306,0.266,1.341,264.045,205.618,235,183,89,89,-124.026,136
2025,9,44,Southern Miss,Sun Belt,5,2,57.647,-16.440,73,0.714,0.455,0.259,1.308,265.882,208.235,226,177,85,85,-80.899,126
2025,9,45,UCF,Big 12,3,3,55.635,63.362,46,0.500,0.704,-0.204,-1.058,219.403,163.768,147,113,67,69,11.180,57
2025,9,46,Clemson,ACC,3,4,55.285,56.083,50,0.429,0.658,-0.230,-1.192,233.333,178.049,182,146,78,82,-8.016,75
2025,9,47,SMU,ACC,4,3,53.548,64.415,45,0.571,0.675,-0.103,-0.545,227.174,173.626,209,158,92,91,6.467,62
2025,9,48,UNLV,Mountain West,5,1,48.346,-16.816,74,0.833,0.467,0.366,1.856,346.875,298.529,222,203,64,68,-75.168,120
2025,9,49,Duke,ACC,3,3,46.861,56.474,48,0.500,0.639,-0.139,-0.729,286.567,239.706,192,163,67,68,26.585,49
2025,9,50,Louisiana Tech,Conference USA,3,3,41.729,-31.474,80,0.500,0.398,0.102,0.506,205.479,163.750,150,131,73,80,-47.346,104
2025,9,51,East Carolina,American Athletic,3,3,40.857,12.129,63,0.500,0.540,-0.040,-0.223,208.000,167.143,156,117,75,70,-5.237,72
2025,9,52,Arizona,Big 12,3,3,37.611,77.876,39,0.500,0.715,-0.215,-1.116,230.667,193.056,173,139,75,72,53.994,31
2025,9,53,Tulane,American Athletic,6,1,34.114,36.059,57,0.857,0.605,0.252,1.273,229.114,195.000,181,156,79,80,-3.118,69
2025,9,54,Ohio,Mid-American,4,3,33.994,1.323,67,0.571,0.503,0.068,0.331,230.380,196.386,182,163,79,83,-40.207,101
2025,9,55,New Mexico,Mountain West,4,3,32.877,1.373,66,0.571,0.503,0.068,0.333,273.973,241.096,200,176,73,73,-35.344,97
2025,9,56,Troy,Sun Belt,5,2,31.555,-32.998,82,0.714,0.407,0.307,1.555,243.750,212.195,195,174,80,82,-61.810,114
2025,9,57,Hawai'i,Mountain West,5,2,25.022,-42.656,86,0.714,0.383,0.332,1.678,248.193,223.171,206,183,83,82,-76.732,121
2025,9,58,Wake Forest,ACC,4,2,24.329,26.520,59,0.667,0.611,0.056,0.270,176.829,152.500,145,122,82,80,2.912,64
2025,9,59,Kennesaw State,Conference USA,4,2,16.591,14.025,62,0.667,0.540,0.127,0.631,205.479,188.889,150,136,73,72,-28.438,89
2025,9,60,Temple,American Athletic,4,3,13.712,-20.496,75,0.571,0.456,0.116,0.574,285.333,271.622,214,201,75,74,-56.049,110
2025,9,61,Old Dominion,Sun Belt,4,3,13.503,-8.188,69,0.571,0.476,0.095,0.471,232.184,218.681,202,199,87,91,-22.934,85
2025,9,62,LSU,SEC,4,3,11.439,97.006,29,0.571,0.788,-0.216,-1.122,192.208,180.769,148,141,77,78,84.741,9
2025,9,63,Northwestern,Big Ten,4,3,10.448,21.322,61,0.571,0.568,0.004,0.002,200.000,189.552,138,127,69,67,16.372,52
2025,9,64,Mississippi State,SEC,3,4,9.888,79.174,37,0.429,0.712,-0.283,-1.465,220.000,210.112,198,187,90,89,58.463,26
2025,9,65,Texas State,Sun Belt,2,4,7.203,-37.163,83,0.333,0.428,-0.095,-0.502,311.429,304.225,218,216,70,71,-44.464,102
2025,9,66,Iowa State,Big 12,4,3,7.168,95.853,30,0.571,0.743,-0.172,-0.894,224.051,216.883,177,167,79,77,89.588,8
2025,9,67,Western Michigan,Mid-American,3,4,-1.297,-75.179,95,0.429,0.196,0.232,1.169,164.557,165.854,130,136,79,82,-61.685,113
2025,9,68,Western Kentucky,Conference USA,5,2,-2.439,-115.242,113,0.714,0.236,0.479,2.429,220.732,223.171,181,183,82,82,-112.378,135
2025,9,69,Kansas,Big 12,3,4,-2.469,66.491,43,0.429,0.652,-0.224,-1.161,244.444,246.914,198,200,81,81,67.597,18
2025,9,70,Marshall,Sun Belt,3,3,-4.870,-27.447,78,0.500,0.433,0.067,0.326,270.130,275.000,208,209,77,76,-39.014,99
2025,9,71,Army,American Athletic,3,3,-9.140,-29.616,79,0.500,0.419,0.081,0.395,237.288,246.429,140,138,59,56,-26.910,88
2025,9,72,Jacksonville State,Conference USA,3,3,-11.776,-103.544,107,0.500,0.242,0.258,1.301,236.111,247.887,170,176,72,71,-90.974,131
2025,9,73,UTSA,American Athletic,2,4,-13.450,-40.099,85,0.333,0.370,-0.036,-0.203,244.444,257.895,176,196,72,76,-10.772,77
2025,9,74,Miami (OH),Mid-American,4,3,-14.556,-104.838,108,0.571,0.258,0.313,1.583,229.730,244.286,170,171,74,70,-75.080,119
2025,9,75,Buffalo,Mid-American,3,4,-14.855,-127.576,119,0.429,0.143,0.286,1.443,166.667,181.522,150,167,90,92,-108.490,134
2025,9,76,Baylor,Big 12,3,4,-16.024,43.688,53,0.429,0.588,-0.160,-0.833,290.000,306.024,232,254,80,83,70.408,16
2025,9,77,Arizona State,Big 12,4,3,-19.231,70.418,40,0.571,0.720,-0.149,-0.778,205.128,224.359,160,175,78,78,97.358,6
2025,9,78,Arkansas,SEC,1,6,-21.660,83.190,34,0.143,0.671,-0.528,-2.714,305.263,326.923,232,255,76,78,109.403,2
2025,9,79,Wyoming,Mountain West,3,4,-22.003,-53.819,89,0.429,0.303,0.125,0.623,169.136,191.139,137,151,81,79,-18.775,80
2025,9,80,App State,Sun Belt,3,4,-23.457,-92.737,102,0.429,0.282,0.146,0.732,233.333,256.790,196,208,84,81,-85.523,128
2025,9,81,Delaware,Conference USA,3,3,-25.222,-103.406,106,0.500,0.273,0.227,1.144,244.928,270.149,169,181,69,67,-89.510,130
2025,9,82,California,ACC,4,3,-27.352,-63.689,91,0.571,0.316,0.255,1.287,201.220,228.571,165,192,82,84,-48.438,105
2025,9,83,Illinois,Big Ten,4,3,-27.363,92.429,32,0.571,0.699,-0.128,-0.669,274.026,301.389,211,217,77,72,107.929,3
2025,9,84,South Carolina,SEC,2,5,-36.792,54.741,51,0.286,0.671,-0.386,-1.987,164.474,201.266,125,159,76,79,79.082,13
2025,9,85,New Mexico State,Conference USA,2,4,-38.109,-103.342,105,0.333,0.233,0.101,0.497,194.286,232.394,136,165,70,71,-98.782,132
2025,9,86,Colorado,Big 12,3,5,-39.548,68.168,42,0.375,0.704,-0.329,-1.696,201.111,240.659,181,219,90,91,78.882,14
2025,9,87,Liberty,Conference USA,2,4,-43.958,-124.858,117,0.333,0.190,0.143,0.714,170.968,214.925,106,144,62,67,-71.438,116
2025,9,88,Washington State,Pac-12,3,4,-44.107,30.791,58,0.429,0.603,-0.175,-0.909,198.750,242.857,159,187,80,77,47.076,34
2025,9,89,Central Michigan,Mid-American,4,3,-45.455,-73.213,93,0.571,0.297,0.275,1.388,190.909,236.364,147,182,77,77,-73.278,118
2025,9,90,NC State,ACC,3,4,-45.602,21.684,60,0.429,0.554,-0.126,-0.659,223.810,269.412,188,229,84,85,62.657,22
2025,9,91,Utah State,Mountain West,3,4,-46.199,-49.977,87,0.429,0.365,0.064,0.308,234.483,280.682,204,247,87,88,-6.768,74
2025,9,92,Fresno State,Mountain West,4,3,-50.866,-96.961,104,0.571,0.244,0.327,1.657,188.608,239.474,149,182,79,76,-59.273,112
2025,9,93,Florida,SEC,2,4,-52.174,70.168,41,0.333,0.723,-0.390,-2.007,147.826,200.000,102,140,69,70,127.091,1
2025,9,94,Kentucky,SEC,2,5,-60.805,-23.308,76,0.286,0.437,-0.151,-0.790,196.512,257.317,169,211,86,82,59.586,24
2025,9,95,South Alabama,Sun Belt,1,6,-62.654,-96.721,103,0.143,0.277,-0.134,-0.703,212.987,275.641,164,215,77,78,-28.543,90
2025,9,96,Minnesota,Big Ten,4,3,-65.718,0.785,68,0.571,0.503,0.069,0.335,160.256,225.974,125,174,78,77,37.886,43
2025,9,97,Purdue,Big Ten,1,6,-68.468,-10.758,70,0.143,0.468,-0.325,-1.678,191.026,259.494,149,205,78,79,50.556,33
2025,9,98,Rutgers,Big Ten,3,4,-69.516,7.939,64,0.429,0.518,-0.089,-0.473,248.052,317.568,191,235,77,74,46.701,36
2025,9,99,Eastern Michigan,Mid-American,2,6,-69.551,-148.937,125,0.250,0.171,0.079,0.385,215.556,285.106,194,268,90,94,-77.170,122
2025,9,100,Colorado State,Mountain West,1,6,-70.914,-86.017,98,0.143,0.278,-0.135,-0.708,176.000,246.914,132,200,75,81,-2.392,68
2025,9,101,Air Force,Mountain West,1,5,-70.932,-87.976,100,0.167,0.341,-0.174,-0.906,310.606,381.538,205,248,66,65,-19.812,82
2025,9,102,Arkansas State,Sun Belt,3,4,-71.250,-87.722,99,0.429,0.216,0.213,1.072,183.750,255.000,147,204,80,80,-33.641,95
2025,9,103,San José State,Mountain West,1,5,-71.278,-74.537,94,0.167,0.312,-0.145,-0.757,181.579,252.857,138,177,76,70,-21.045,83
2025,9,104,Bowling Green,Mid-American,2,5,-73.494,-91.115,101,0.286,0.239,0.046,0.220,162.651,236.145,135,196,83,83,-12.446,78
2025,9,105,UTEP,Conference USA,1,5,-74.155,-160.085,131,0.167,0.087,0.080,0.390,131.250,205.405,105,152,80,74,-85.653,129
2025,9,106,Middle Tennessee,Conference USA,1,5,-81.586,-150.824,127,0.167,0.149,0.017,0.072,170.588,252.174,116,174,68,69,-59.087,111
2025,9,107,Michigan State,Big Ten,2,5,-84.125,-55.690,90,0.286,0.382,-0.097,-0.511,222.368,306.494,169,236,76,77,40.702,41
2025,9,108,Rice,American Athletic,3,4,-87.753,-143.421,124,0.429,0.136,0.293,1.480,177.632,265.385,135,207,76,78,-77.532,123
2025,9,109,Northern Illinois,Mid-American,1,6,-90.842,-129.541,121,0.143,0.121,0.022,0.096,114.286,205.128,88,160,77,78,-32.896,93
2025,9,110,Louisiana,Sun Belt,1,6,-96.296,-123.042,115,0.143,0.199,-0.057,-0.306,190.123,286.420,154,232,81,81,-32.917,94
2025,9,111,Virginia Tech,ACC,2,5,-98.894,-66.229,92,0.286,0.344,-0.058,-0.314,203.704,302.597,165,233,81,77,39.302,42
2025,9,112,Wisconsin,Big Ten,2,6,-101.249,3.154,65,0.250,0.510,-0.260,-1.346,123.457,224.706,100,191,81,85,82.219,11
2025,9,113,Stanford,ACC,3,5,-102.037,-53.775,88,0.375,0.335,0.040,0.187,157.303,259.341,140,236,89,91,45.682,38
2025,9,114,Syracuse,ACC,2,5,-102.886,-39.465,84,0.286,0.366,-0.080,-0.428,153.933,256.818,137,226,89,88,61.293,23
2025,9,115,Tulsa,American Athletic,1,6,-104.697,-112.579,111,0.143,0.192,-0.049,-0.267,156.667,261.364,141,230,90,88,-18.829,81
2025,9,116,Missouri State,Conference USA,3,3,-106.539,-84.862,97,0.500,0.225,0.275,1.389,157.746,264.286,112,185,71,70,-29.555,91
2025,9,117,North Carolina,ACC,1,5,-107.246,-117.710,114,0.167,0.170,-0.003,-0.032,126.087,233.333,87,161,69,69,-1.067,67
2025,9,118,Georgia Southern,Sun Belt,2,5,-108.314,-124.212,116,0.286,0.245,0.041,0.193,228.395,336.709,185,266,81,79,-37.527,98
2025,9,119,Coastal Carolina,Sun Belt,3,3,-114.000,-114.859,112,0.500,0.173,0.327,1.655,150.000,264.000,120,198,80,75,-45.926,103
2025,9,120,UAB,American Athletic,2,4,-117.460,-133.922,122,0.333,0.237,0.097,0.478,247.619,365.079,156,230,63,63,-24.243,87
2025,9,121,Florida International,Conference USA,2,4,-119.178,-155.073,128,0.333,0.085,0.249,1.255,157.534,276.712,115,202,73,73,-55.472,109
2025,9,122,UCLA,Big Ten,3,5,-121.563,-24.260,77,0.375,0.433,-0.058,-0.315,196.386,317.949,163,248,83,78,66.881,19
2025,9,123,Florida Atlantic,American Athletic,2,5,-124.462,-126.636,118,0.286,0.248,0.037,0.174,216.279,340.741,186,276,86,81,-35.225,96
2025,9,124,Ball State,Mid-American,2,5,-135.125,-159.391,130,0.286,0.112,0.174,0.871,119.753,254.878,97,209,81,82,-49.700,106
2025,9,125,Akron,Mid-American,2,6,-139.437,-166.181,132,0.250,0.060,0.190,0.952,114.563,254.000,118,254,103,100,-78.460,125
2025,9,126,West Virginia,Big 12,1,6,-141.917,-32.697,81,0.143,0.392,-0.249,-1.288,129.348,271.264,119,236,92,87,103.094,4
2025,9,127,Nevada,Mountain West,0,7,-141.962,-155.984,129,0.000,0.077,-0.077,-0.408,115.000,256.962,92,203,80,79,-23.732,86
2025,9,128,Boston College,ACC,0,7,-150.762,-139.852,123,0.000,0.192,-0.192,-1.000,180.488,331.250,148,265,82,80,-0.242,65
2025,9,129,Oregon State,Pac-12,0,7,-165.792,-128.914,120,0.000,0.217,-0.217,-1.125,149.398,315.190,124,249,83,79,29.192,46
2025,9,130,Kent State,Mid-American,2,5,-180.737,-105.280,109,0.286,0.235,0.051,0.243,150.588,331.325,128,275,85,83,-6.616,73
2025,9,131,Sam Houston,Conference USA,0,7,-195.554,-240.293,136,0.000,0.050,-0.050,-0.270,148.750,344.304,119,272,80,79,-62.649,115
2025,9,132,UL Monroe,Sun Belt,2,5,-199.925,-170.460,133,0.286,0.118,0.167,0.838,131.325,331.250,109,265,83,80,-29.567,92
2025,9,133,Charlotte,American Athletic,0,7,-210.678,-239.659,135,0.000,0.030,-0.030,-0.170,118.072,328.750,98,263,83,80,-39.580,100
2025,9,134,Georgia State,Sun Belt,0,7,-228.104,-150.779,126,0.000,0.160,-0.160,-0.836,168.000,396.104,126,305,75,77,6.986,60
2025,9,135,Massachusetts,Mid-American,0,7,-237.555,-226.275,134,0.000,0.037,-0.037,-0.204,79.518,317.073,66,260,83,82,-22.029,84
2025,9,136,Oklahoma State,Big 12,0,7,-250.536,-106.577,110,0.000,0.197,-0.197,-1.024,98.889,349.425,89,304,90,87,81.189,12
2025,10,1,Indiana,Big Ten,8,0,275.556,241.623,3,1.000,0.963,0.037,0.186,383.333,107.778,345,97,90,90,51.490,31
2025,10,2,Ohio State,Big Ten,7,0,242.306,286.692,1,1.000,0.996,0.004,0.014,323.188,80.882,223,55,69,68,62.410,24
2025,10,3,Oregon,Big Ten,6,1,233.198,164.002,10,0.857,0.909,-0.052,-0.280,351.948,118.750,271,95,77,80,14.419,62
2025,10,4,Utah,Big 12,6,2,206.012,258.465,2,0.750,0.950,-0.200,-1.053,336.782,130.769,293,119,87,91,67.730,18
2025,10,5,Texas Tech,Big 12,7,1,202.680,203.386,4,0.875,0.970,-0.095,-0.502,300.926,98.246,325,112,108,114,37.324,44
2025,10,6,Alabama,SEC,7,1,173.983,182.581,6,0.875,0.897,-0.022,-0.124,343.750,169.767,275,146,80,86,63.470,23
2025,10,7,USC,Big Ten,6,2,168.644,144.818,12,0.750,0.806,-0.056,-0.301,369.767,201.124,318,179,86,89,23.691,57
2025,10,8,Iowa,Big Ten,5,2,165.500,143.042,13,0.714,0.880,-0.166,-0.875,288.000,122.500,216,98,75,80,23.590,58
2025,10,9,Notre Dame,FBS Independents,6,2,145.259,199.716,5,0.750,0.928,-0.178,-0.938,318.085,172.826,299,159,94,92,65.475,20
2025,10,10,San Diego State,Mountain West,6,1,137.465,64.641,46,0.857,0.697,0.161,0.829,230.488,93.023,189,80,82,86,-71.506,117
2025,10,11,Memphis,American Athletic,7,1,135.018,51.458,49,0.875,0.635,0.240,1.241,316.129,181.111,294,163,93,90,-78.188,126
2025,10,12,James Madison,Sun Belt,6,1,133.109,64.334,47,0.857,0.696,0.161,0.833,287.654,154.545,233,119,81,77,-59.953,111
2025,10,13,North Texas,American Athletic,7,1,130.208,36.747,55,0.875,0.577,0.298,1.547,363.542,233.333,349,217,96,93,-53.405,108
2025,10,14,Vanderbilt,SEC,6,2,128.078,130.424,14,0.750,0.762,-0.012,-0.074,348.810,220.732,293,181,84,82,35.977,45
2025,10,15,Ole Miss,SEC,8,1,124.890,125.225,18,0.889,0.776,0.113,0.582,313.462,188.571,326,198,104,105,40.903,42
2025,10,16,Pittsburgh,ACC,6,2,111.905,100.274,26,0.750,0.755,-0.005,-0.037,281.905,170.000,296,187,105,110,-3.736,72
2025,10,17,Texas A&M,SEC,8,0,110.205,179.332,9,1.000,0.849,0.151,0.778,305.051,194.845,302,189,99,97,67.904,17
2025,10,18,Miami,ACC,5,2,109.639,181.995,7,0.714,0.914,-0.200,-1.051,256.627,146.988,213,122,83,83,87.364,8
2025,10,19,BYU,Big 12,7,0,108.349,179.698,8,1.000,0.877,0.123,0.634,276.250,167.901,221,136,80,81,68.878,15
2025,10,20,Texas,SEC,7,2,108.257,111.881,22,0.778,0.821,-0.043,-0.232,244.037,135.780,266,148,109,109,26.579,55
2025,10,21,Missouri,SEC,5,2,106.629,100.690,25,0.714,0.779,-0.065,-0.349,270.732,164.103,222,128,82,78,28.119,51
2025,10,22,Oklahoma,SEC,6,2,106.540,127.959,16,0.750,0.880,-0.130,-0.685,234.375,127.835,225,124,96,97,54.942,30
2025,10,23,Florida State,ACC,3,4,104.819,126.043,17,0.429,0.794,-0.366,-1.915,300.000,195.181,243,162,81,83,60.674,28
2025,10,24,Virginia,ACC,7,1,99.931,88.728,33,0.875,0.717,0.158,0.816,278.571,178.641,273,184,98,103,2.432,68
2025,10,25,Georgia,SEC,6,1,97.567,154.534,11,0.857,0.838,0.019,0.091,293.671,196.104,232,151,79,77,75.454,14
2025,10,26,Michigan,Big Ten,7,2,92.784,92.213,30,0.778,0.801,-0.023,-0.128,243.269,150.485,253,155,104,103,34.036,47
2025,10,27,Louisiana Tech,Conference USA,4,3,86.439,-24.207,77,0.571,0.426,0.145,0.750,244.048,157.609,205,145,84,92,-75.691,121
2025,10,28,South Florida,American Athletic,5,2,81.498,75.786,39,0.714,0.703,0.011,0.051,282.609,201.111,260,181,92,90,-2.661,71
2025,10,29,Toledo,Mid-American,3,4,80.766,-15.473,74,0.429,0.452,-0.024,-0.132,222.989,142.222,194,128,87,90,-77.852,124
2025,10,30,Washington,Big Ten,5,2,76.827,128.567,15,0.714,0.754,-0.039,-0.214,314.706,237.879,214,157,68,66,65.234,21
2025,10,31,Tennessee,SEC,5,3,76.446,112.845,21,0.625,0.726,-0.101,-0.533,336.842,260.396,320,263,95,101,48.299,35
2025,10,32,Georgia Tech,ACC,7,1,71.995,79.354,37,0.875,0.677,0.198,1.025,308.140,236.145,265,196,86,83,6.055,66
2025,10,33,Arizona,Big 12,4,3,71.972,96.332,27,0.571,0.767,-0.195,-1.027,247.253,175.281,225,156,91,89,49.969,33
2025,10,34,UConn,FBS Independents,5,3,71.717,-66.910,95,0.625,0.334,0.291,1.511,275.758,204.040,273,202,99,99,-128.705,136
2025,10,35,Nebraska,Big Ten,5,3,70.784,45.122,52,0.625,0.629,-0.004,-0.027,258.696,187.912,238,171,92,91,23.475,59
2025,10,36,Louisville,ACC,6,1,70.628,94.647,29,0.857,0.760,0.097,0.497,238.043,167.416,219,149,92,89,22.292,60
2025,10,37,East Carolina,American Athletic,4,3,69.306,36.826,54,0.571,0.623,-0.051,-0.276,231.034,161.728,201,131,87,81,-9.877,76
2025,10,38,Navy,American Athletic,6,1,65.913,-33.773,79,0.857,0.414,0.443,2.302,322.857,256.944,226,185,70,72,-95.609,131
2025,10,39,TCU,Big 12,5,2,64.706,109.819,23,0.714,0.754,-0.040,-0.217,276.471,211.765,235,180,85,85,44.555,38
2025,10,40,Penn State,Big Ten,2,5,59.718,69.319,43,0.286,0.646,-0.361,-1.889,289.855,230.137,200,168,69,73,39.265,43
2025,10,41,Southern Miss,Sun Belt,5,2,57.647,-12.217,72,0.714,0.466,0.248,1.285,265.882,208.235,226,177,85,85,-76.676,122
2025,10,42,SMU,ACC,5,3,52.656,83.437,35,0.625,0.727,-0.102,-0.540,223.810,171.154,235,178,105,104,26.963,54
2025,10,43,Duke,ACC,4,3,52.301,69.205,45,0.571,0.659,-0.088,-0.467,309.091,256.790,238,208,77,81,27.322,52
2025,10,44,Cincinnati,Big 12,6,2,50.908,106.453,24,0.750,0.736,0.014,0.065,294.118,243.210,250,197,85,81,43.613,39
2025,10,45,Auburn,SEC,4,5,47.148,90.345,31,0.444,0.801,-0.357,-1.868,203.030,155.882,201,159,99,102,47.401,36
2025,10,46,Houston,Big 12,6,2,43.140,69.261,44,0.750,0.657,0.093,0.475,258.696,215.556,238,194,92,90,8.879,64
2025,10,47,Boise State,Mountain West,5,3,42.279,19.981,58,0.625,0.560,0.065,0.328,250.526,208.247,238,202,95,97,-18.867,80
2025,10,48,Clemson,ACC,3,5,40.755,43.238,53,0.375,0.613,-0.238,-1.251,249.451,208.696,227,192,91,92,1.381,69
2025,10,49,UNLV,Mountain West,5,2,38.158,-24.783,78,0.714,0.450,0.264,1.368,338.158,300.000,257,243,76,81,-72.510,118
2025,10,50,Old Dominion,Sun Belt,5,3,37.762,7.303,64,0.625,0.522,0.103,0.526,233.000,195.238,233,205,100,105,-30.051,88
2025,10,51,Kennesaw State,Conference USA,5,2,35.984,11.688,61,0.714,0.533,0.181,0.935,215.294,179.310,183,156,85,87,-44.947,102
2025,10,52,Ohio,Mid-American,4,3,33.994,1.182,66,0.571,0.503,0.068,0.348,230.380,196.386,182,163,79,83,-40.348,92
2025,10,53,Kansas State,Big 12,3,5,33.312,119.566,20,0.375,0.788,-0.413,-2.160,247.312,214.000,230,214,93,100,79.962,11
2025,10,54,New Mexico,Mountain West,5,3,30.834,-6.220,70,0.625,0.486,0.139,0.718,279.070,248.235,240,211,86,85,-40.351,93
2025,10,55,Kansas,Big 12,4,4,17.045,78.128,38,0.500,0.664,-0.164,-0.865,268.182,251.136,236,221,88,88,48.738,34
2025,10,56,Western Kentucky,Conference USA,6,2,15.389,-106.870,109,0.750,0.238,0.512,2.662,222.680,207.292,216,199,97,96,-119.245,135
2025,10,57,Baylor,Big 12,4,4,14.508,71.891,41,0.500,0.649,-0.149,-0.786,287.912,273.404,262,257,91,94,64.589,22
2025,10,58,Hawai'i,Mountain West,5,3,14.289,-43.437,83,0.625,0.389,0.236,1.223,256.842,242.553,244,228,95,94,-65.961,114
2025,10,59,Buffalo,Mid-American,4,4,13.937,-100.543,107,0.500,0.198,0.302,1.567,172.816,158.879,178,170,103,107,-108.266,134
2025,10,60,Maryland,Big Ten,3,4,13.780,36.232,56,0.429,0.630,-0.202,-1.061,188.506,174.725,164,159,87,91,17.863,61
2025,10,61,UCF,Big 12,3,4,13.558,34.039,57,0.429,0.628,-0.199,-1.046,192.308,178.750,150,143,78,80,24.376,56
2025,10,62,Troy,Sun Belt,5,3,13.062,-53.516,90,0.625,0.347,0.278,1.442,220.430,207.368,205,197,93,95,-66.227,115
2025,10,63,Mississippi State,SEC,4,4,11.571,82.392,36,0.500,0.719,-0.219,-1.150,231.373,219.802,236,222,102,101,61.145,25
2025,10,64,LSU,SEC,4,3,11.439,94.913,28,0.571,0.790,-0.219,-1.148,192.208,180.769,148,141,77,78,82.648,10
2025,10,65,UTSA,American Athletic,3,4,11.257,-16.814,75,0.429,0.449,-0.021,-0.116,263.529,252.273,224,222,85,88,-13.471,78
2025,10,66,Northwestern,Big Ten,4,3,10.448,17.172,59,0.571,0.555,0.016,0.076,200.000,189.552,138,127,69,67,12.222,63
2025,10,67,Tulane,American Athletic,6,2,8.118,8.999,63,0.750,0.525,0.225,1.165,227.473,219.355,207,204,91,93,-6.211,74
2025,10,68,Illinois,Big Ten,5,3,5.461,120.529,19,0.625,0.761,-0.136,-0.716,289.412,283.951,246,230,85,81,97.459,4
2025,10,69,Liberty,Conference USA,3,4,2.720,-92.832,104,0.429,0.273,0.155,0.802,222.973,220.253,165,174,74,79,-80.377,128
2025,10,70,Western Michigan,Mid-American,4,4,2.473,-67.085,96,0.500,0.249,0.251,1.299,175.000,172.527,154,157,88,91,-59.445,110
2025,10,71,Iowa State,Big 12,4,4,0.902,88.873,32,0.500,0.732,-0.232,-1.220,208.511,207.609,196,191,94,92,87.558,7
2025,10,72,Army,American Athletic,4,3,-6.577,-42.775,82,0.571,0.374,0.198,1.023,231.884,238.462,160,155,69,65,-42.043,98
2025,10,73,Jacksonville State,Conference USA,4,3,-6.744,-110.456,112,0.571,0.228,0.344,1.784,239.506,246.250,194,197,81,80,-104.444,133
2025,10,74,Arizona State,Big 12,5,3,-10.753,84.586,34,0.625,0.763,-0.138,-0.728,197.849,208.602,184,194,93,93,103.992,2
2025,10,75,Miami (OH),Mid-American,4,3,-14.556,-107.768,110,0.571,0.252,0.319,1.657,229.730,244.286,170,171,74,70,-78.009,125
2025,10,76,Marshall,Sun Belt,3,4,-16.608,-51.071,87,0.429,0.376,0.052,0.263,255.435,272.043,235,253,92,93,-49.725,105
2025,10,77,Wake Forest,ACC,4,3,-18.518,10.146,62,0.571,0.541,0.030,0.148,161.702,180.220,152,164,94,91,27.032,53
2025,10,78,Temple,American Athletic,4,4,-20.930,-46.565,84,0.500,0.399,0.101,0.519,265.116,286.047,228,246,86,86,-49.833,106
2025,10,79,Fresno State,Mountain West,5,3,-21.579,-57.352,92,0.625,0.330,0.295,1.529,188.421,210.000,179,189,95,90,-41.562,96
2025,10,80,Arkansas,SEC,1,7,-22.146,69.531,42,0.125,0.642,-0.517,-2.705,303.409,325.556,267,293,88,90,95.593,5
2025,10,81,App State,Sun Belt,3,4,-23.457,-88.358,100,0.429,0.295,0.134,0.688,233.333,256.790,196,208,84,81,-81.144,129
2025,10,82,NC State,ACC,4,4,-27.884,45.264,51,0.500,0.605,-0.105,-0.555,251.064,278.947,236,265,94,95,66.115,19
2025,10,83,Texas State,Sun Belt,2,5,-32.301,-52.155,89,0.286,0.398,-0.113,-0.596,286.747,319.048,238,268,83,84,-27.644,86
2025,10,84,Wyoming,Mountain West,3,5,-36.170,-51.161,88,0.375,0.311,0.064,0.326,150.000,186.170,144,175,96,94,-6.331,75
2025,10,85,California,ACC,4,4,-36.502,-41.264,81,0.500,0.379,0.121,0.620,195.789,232.292,186,223,95,96,-15.819,79
2025,10,86,Washington State,Pac-12,3,5,-40.394,14.000,60,0.375,0.552,-0.177,-0.929,178.495,218.889,166,197,93,90,31.134,49
2025,10,87,Central Michigan,Mid-American,4,4,-44.186,-77.403,98,0.500,0.297,0.203,1.048,195.349,239.535,168,206,86,86,-73.293,120
2025,10,88,Utah State,Mountain West,3,4,-46.199,-49.135,86,0.429,0.365,0.063,0.320,234.483,280.682,204,247,87,88,-5.926,73
2025,10,89,Arkansas State,Sun Belt,4,4,-47.312,-76.572,97,0.500,0.241,0.259,1.343,182.796,230.108,170,214,93,93,-41.751,97
2025,10,90,South Carolina,SEC,2,6,-47.480,52.243,48,0.250,0.667,-0.417,-2.185,157.955,205.435,139,189,88,92,87.804,6
2025,10,91,Kentucky,SEC,3,5,-48.073,-4.026,68,0.375,0.488,-0.113,-0.599,184.536,232.609,179,214,97,92,60.893,27
2025,10,92,Florida,SEC,2,5,-49.383,72.280,40,0.286,0.733,-0.448,-2.343,150.617,200.000,122,164,81,82,125.833,1
2025,10,93,Minnesota,Big Ten,5,3,-51.111,4.908,65,0.625,0.517,0.108,0.556,164.444,215.556,148,194,90,90,32.644,48
2025,10,94,New Mexico State,Conference USA,2,5,-51.606,-120.613,118,0.286,0.182,0.104,0.533,180.952,232.558,152,200,84,86,-99.697,132
2025,10,95,San José State,Mountain West,2,5,-54.241,-59.779,93,0.286,0.354,-0.068,-0.363,207.955,262.195,183,215,88,82,-22.262,83
2025,10,96,Delaware,Conference USA,3,4,-58.118,-137.486,121,0.429,0.223,0.205,1.061,245.679,303.797,199,240,81,79,-92.242,130
2025,10,97,Air Force,Mountain West,1,6,-61.333,-92.168,103,0.143,0.325,-0.182,-0.959,296.000,357.333,222,268,75,75,-32.155,90
2025,10,98,South Alabama,Sun Belt,1,7,-65.752,-114.031,115,0.125,0.245,-0.120,-0.637,213.793,279.545,186,246,87,88,-43.125,100
2025,10,99,Purdue,Big Ten,1,7,-66.433,-9.251,71,0.125,0.474,-0.349,-1.827,187.500,253.933,165,226,88,89,50.649,32
2025,10,100,Colorado,Big 12,3,6,-68.224,47.355,50,0.333,0.646,-0.313,-1.641,185.047,253.271,198,271,107,107,77.017,13
2025,10,101,Eastern Michigan,Mid-American,2,6,-69.551,-144.454,124,0.250,0.180,0.070,0.357,215.556,285.106,194,268,90,94,-72.688,119
2025,10,102,Colorado State,Mountain West,1,6,-70.914,-78.132,99,0.143,0.296,-0.153,-0.808,176.000,246.914,132,200,75,81,5.492,67
2025,10,103,North Carolina,ACC,2,5,-73.956,-89.608,102,0.286,0.237,0.049,0.244,142.500,216.456,114,171,80,79,-10.408,77
2025,10,104,Louisiana,Sun Belt,2,6,-75.824,-111.709,114,0.250,0.225,0.025,0.123,203.297,279.121,185,254,91,91,-44.099,101
2025,10,105,Middle Tennessee,Conference USA,1,6,-75.924,-160.616,130,0.143,0.132,0.010,0.045,177.922,253.846,137,198,77,78,-77.223,123
2025,10,106,Michigan State,Big Ten,2,6,-78.652,-47.746,85,0.250,0.395,-0.145,-0.765,212.360,291.011,189,259,89,89,41.325,41
2025,10,107,Coastal Carolina,Sun Belt,4,3,-80.928,-89.268,101,0.571,0.234,0.337,1.751,169.072,250.000,164,225,97,90,-41.444,95
2025,10,108,UTEP,Conference USA,1,6,-83.537,-149.637,125,0.143,0.100,0.043,0.216,131.579,215.116,125,185,95,86,-65.601,113
2025,10,109,Missouri State,Conference USA,4,3,-86.514,-96.161,105,0.571,0.215,0.356,1.848,164.706,251.220,140,206,85,82,-52.326,107
2025,10,110,Northern Illinois,Mid-American,1,6,-90.842,-129.080,120,0.143,0.120,0.023,0.112,114.286,205.128,88,160,77,78,-32.435,91
2025,10,111,Rutgers,Big Ten,3,5,-92.059,-14.897,73,0.375,0.466,-0.091,-0.484,237.209,329.268,204,270,86,82,55.651,29
2025,10,112,Bowling Green,Mid-American,2,6,-92.517,-116.086,117,0.250,0.173,0.077,0.391,140.816,233.333,138,224,98,96,-22.827,84
2025,10,113,Virginia Tech,ACC,2,6,-95.376,-55.332,91,0.250,0.362,-0.112,-0.590,194.624,290.000,181,261,93,90,47.265,37
2025,10,114,Rice,American Athletic,3,5,-100.958,-142.525,123,0.375,0.135,0.240,1.241,171.264,272.222,149,245,87,90,-61.197,112
2025,10,115,Wisconsin,Big Ten,2,6,-101.249,0.482,67,0.250,0.502,-0.252,-1.321,123.457,224.706,100,191,81,85,79.547,12
2025,10,116,Stanford,ACC,3,6,-104.249,-40.359,80,0.333,0.373,-0.039,-0.215,153.846,258.095,160,271,104,105,61.010,26
2025,10,117,Florida International,Conference USA,2,5,-104.368,-155.366,127,0.286,0.093,0.193,0.997,160.000,264.368,136,230,85,87,-66.423,116
2025,10,118,Tulsa,American Athletic,1,6,-104.697,-124.494,119,0.143,0.166,-0.023,-0.128,156.667,261.364,141,230,90,88,-30.743,89
2025,10,119,Syracuse,ACC,2,6,-107.071,-64.866,94,0.250,0.285,-0.035,-0.193,148.485,255.556,147,253,99,99,41.479,40
2025,10,120,Georgia Southern,Sun Belt,2,5,-108.314,-114.895,116,0.286,0.266,0.020,0.096,228.395,336.709,185,266,81,79,-28.210,87
2025,10,121,West Virginia,Big 12,2,6,-114.810,-5.344,69,0.250,0.483,-0.233,-1.224,156.190,271.000,164,271,105,100,103.858,3
2025,10,122,UCLA,Big Ten,3,5,-121.563,-23.134,76,0.375,0.437,-0.062,-0.330,196.386,317.949,163,248,83,78,68.008,16
2025,10,123,Florida Atlantic,American Athletic,2,5,-124.462,-138.541,122,0.286,0.227,0.059,0.298,216.279,340.741,186,276,86,81,-47.129,103
2025,10,124,UAB,American Athletic,2,5,-127.397,-161.717,131,0.286,0.193,0.093,0.474,239.726,367.123,175,268,73,73,-40.563,94
2025,10,125,Ball State,Mid-American,2,5,-135.125,-159.269,129,0.286,0.111,0.175,0.903,119.753,254.878,97,209,81,82,-49.578,104
2025,10,126,Oregon State,Pac-12,1,7,-138.678,-101.231,108,0.125,0.254,-0.129,-0.682,139.583,278.261,134,256,96,92,34.228,46
2025,10,127,Akron,Mid-American,2,6,-139.437,-166.248,132,0.250,0.060,0.190,0.983,114.563,254.000,118,254,103,100,-78.526,127
2025,10,128,Nevada,Mountain West,0,7,-141.962,-157.555,128,0.000,0.082,-0.082,-0.435,115.000,256.962,92,203,80,79,-25.303,85
2025,10,129,Boston College,ACC,0,8,-146.942,-107.868,111,0.000,0.243,-0.243,-1.277,171.739,318.681,158,290,92,91,30.200,50
2025,10,130,Kent State,Mid-American,2,5,-180.737,-98.649,106,0.286,0.249,0.037,0.183,150.588,331.325,128,275,85,83,0.016,70
2025,10,131,UL Monroe,Sun Belt,2,6,-199.723,-169.502,133,0.250,0.114,0.136,0.701,118.557,318.280,115,296,97,93,-21.769,82
2025,10,132,Charlotte,American Athletic,0,7,-210.678,-242.549,135,0.000,0.031,-0.031,-0.169,118.072,328.750,98,263,83,80,-42.471,99
2025,10,133,Sam Houston,Conference USA,0,8,-218.768,-247.098,136,0.000,0.050,-0.050,-0.269,144.565,363.333,133,327,92,90,-58.515,109
2025,10,134,Georgia State,Sun Belt,0,7,-228.104,-150.028,126,0.000,0.158,-0.158,-0.833,168.000,396.104,126,305,75,77,7.737,65
2025,10,135,Massachusetts,Mid-American,0,7,-237.555,-225.176,134,0.000,0.035,-0.035,-0.191,79.518,317.073,66,260,83,82,-20.930,81
2025,10,136,Oklahoma State,Big 12,0,8,-250.428,-111.532,113,0.000,0.212,-0.212,-1.114,113.402,363.830,110,342,97,94,83.120,9
2025,11,1,Indiana,Big Ten,9,0,252.198,225.918,3,1.000,0.957,0.043,0.205,372.000,119.802,372,121,100,101,51.153,38
2025,11,2,Ohio State,Big Ten,8,0,239.790,278.831,1,1.000,0.989,0.011,0.039,325.316,85.526,257,65,79,76,55.709,29
2025,11,3,Oregon,Big Ten,7,1,206.048,159.964,11,0.875,0.895,-0.020,-0.120,332.184,126.136,289,111,87,88,31.579,53
2025,11,4,Utah,Big 12,6,2,206.012,255.482,2,0.750,0.951,-0.201,-1.057,336.782,130.769,293,119,87,91,64.747,19
2025,11,5,Texas Tech,Big 12,8,1,195.719,209.439,4,0.889,0.976,-0.087,-0.470,290.164,94.444,354,119,122,126,45.293,40
2025,11,6,USC,Big Ten,7,2,170.833,155.831,12,0.778,0.818,-0.040,-0.225,370.833,200.000,356,196,96,98,26.928,55
2025,11,7,Notre Dame,FBS Independents,7,2,167.289,205.532,5,0.778,0.934,-0.156,-0.828,334.615,167.327,348,169,104,101,56.330,28
2025,11,8,Alabama,SEC,8,1,164.382,183.450,6,0.889,0.901,-0.012,-0.081,324.176,159.794,295,155,91,97,66.462,17
2025,11,9,Iowa,Big Ten,5,3,150.629,149.879,13,0.625,0.882,-0.257,-1.350,279.518,128.889,232,116,83,90,42.858,43
2025,11,10,North Texas,American Athletic,7,1,130.208,36.733,54,0.875,0.579,0.296,1.516,363.542,233.333,349,217,96,93,-53.420,106
2025,11,11,James Madison,Sun Belt,7,1,128.621,57.039,46,0.875,0.673,0.202,1.026,288.172,159.551,268,142,93,89,-64.213,114
2025,11,12,Miami,ACC,6,2,125.263,169.620,8,0.750,0.896,-0.146,-0.772,264.211,138.947,251,132,95,95,57.652,27
2025,11,13,Ole Miss,SEC,8,1,124.890,128.973,15,0.889,0.784,0.104,0.522,313.462,188.571,326,198,104,105,44.651,42
2025,11,14,Vanderbilt,SEC,7,2,122.811,136.542,14,0.778,0.762,0.016,0.062,355.789,232.979,338,219,95,94,42.319,44
2025,11,15,Texas A&M,SEC,9,0,117.315,182.403,7,1.000,0.859,0.141,0.711,306.306,188.991,340,206,111,109,63.911,21
2025,11,16,Toledo,Mid-American,4,4,114.855,5.197,67,0.500,0.516,-0.016,-0.103,240.816,125.962,236,131,98,104,-81.934,129
2025,11,17,Memphis,American Athletic,7,2,113.417,44.143,49,0.778,0.613,0.164,0.833,310.476,197.059,326,201,105,102,-65.542,118
2025,11,18,Pittsburgh,ACC,6,2,111.905,90.549,31,0.750,0.734,0.016,0.063,281.905,170.000,296,187,105,110,-13.461,75
2025,11,19,Texas,SEC,7,2,108.257,113.019,20,0.778,0.827,-0.049,-0.274,244.037,135.780,266,148,109,109,27.717,54
2025,11,20,Georgia,SEC,7,1,107.879,168.372,9,0.875,0.857,0.018,0.077,303.333,195.455,273,172,90,88,76.449,14
2025,11,21,South Florida,American Athletic,6,2,107.767,94.945,25,0.750,0.739,0.011,0.039,305.825,198.058,315,204,103,103,-9.535,73
2025,11,22,Oklahoma,SEC,6,2,106.540,127.364,16,0.750,0.878,-0.128,-0.683,234.375,127.835,225,124,96,97,54.346,30
2025,11,23,Michigan,Big Ten,7,2,92.784,94.098,27,0.778,0.802,-0.024,-0.142,243.269,150.485,253,155,104,103,35.922,50
2025,11,24,East Carolina,American Athletic,5,3,87.160,22.238,57,0.625,0.571,0.054,0.260,246.535,159.375,249,153,101,96,-43.151,98
2025,11,25,San Diego State,Mountain West,6,2,81.839,16.764,58,0.750,0.556,0.194,0.984,201.031,119.192,195,118,97,99,-74.673,122
2025,11,26,Virginia,ACC,7,2,80.141,65.044,42,0.778,0.670,0.108,0.540,254.054,173.913,282,200,111,115,-4.542,68
2025,11,27,Louisiana Tech,Conference USA,4,4,77.591,-28.091,79,0.500,0.413,0.087,0.433,241.053,163.462,229,170,95,104,-74.371,121
2025,11,28,Tennessee,SEC,5,3,76.446,118.586,19,0.625,0.736,-0.111,-0.592,336.842,260.396,320,263,95,101,54.040,31
2025,11,29,Florida State,ACC,3,5,76.254,94.801,26,0.375,0.741,-0.366,-1.915,272.043,195.789,253,186,93,95,52.186,34
2025,11,30,BYU,Big 12,7,1,74.142,160.949,10,0.875,0.858,0.017,0.070,247.826,173.684,228,165,92,95,82.583,9
2025,11,31,SMU,ACC,6,3,73.430,85.149,33,0.667,0.733,-0.066,-0.361,235.294,161.864,280,191,119,118,12.728,61
2025,11,32,Georgia Tech,ACC,7,1,71.995,78.373,36,0.875,0.674,0.201,1.023,308.140,236.145,265,196,86,83,5.075,65
2025,11,33,Nebraska,Big Ten,6,3,70.082,44.464,48,0.667,0.623,0.044,0.208,266.000,195.918,266,192,100,98,19.667,58
2025,11,34,Arizona,Big 12,5,3,69.860,100.623,24,0.625,0.787,-0.162,-0.856,244.118,174.257,249,176,102,101,53.616,32
2025,11,35,Missouri,SEC,5,3,69.811,88.494,32,0.625,0.758,-0.133,-0.705,254.255,184.444,239,166,94,90,46.870,39
2025,11,36,UNLV,Mountain West,6,2,67.730,5.565,66,0.750,0.512,0.238,1.215,339.773,272.043,299,253,88,93,-65.363,117
2025,11,37,Washington,Big Ten,5,3,64.810,104.604,21,0.625,0.728,-0.103,-0.550,280.000,215.190,224,170,80,79,51.271,37
2025,11,38,UConn,FBS Independents,6,3,64.734,-44.206,84,0.667,0.391,0.276,1.408,279.279,214.545,310,236,111,110,-99.051,133
2025,11,39,Southern Miss,Sun Belt,6,2,57.556,-14.869,76,0.750,0.459,0.291,1.488,255.556,198.000,253,198,99,100,-77.878,127
2025,11,40,Louisville,ACC,6,2,57.096,64.852,43,0.750,0.684,0.066,0.324,233.333,176.238,245,178,105,101,6.750,64
2025,11,41,TCU,Big 12,5,3,51.974,102.748,23,0.625,0.749,-0.124,-0.659,262.500,210.526,252,200,96,95,51.323,36
2025,11,42,Cincinnati,Big 12,6,2,50.908,104.448,22,0.750,0.731,0.019,0.078,294.118,243.210,250,197,85,81,41.607,46
2025,11,43,Clemson,ACC,4,5,49.459,62.562,44,0.444,0.669,-0.224,-1.179,243.689,194.231,251,202,103,104,12.393,62
2025,11,44,Hawai'i,Mountain West,6,3,46.432,-9.593,75,0.667,0.475,0.192,0.974,261.111,214.679,282,234,108,109,-54.230,108
2025,11,45,Duke,ACC,4,4,45.650,58.123,45,0.500,0.634,-0.134,-0.715,309.091,263.441,272,245,88,93,21.381,57
2025,11,46,Penn State,Big Ten,2,6,45.060,83.307,34,0.250,0.681,-0.431,-2.247,280.000,234.940,224,195,80,83,63.487,23
2025,11,47,Boise State,Mountain West,5,3,42.279,27.811,56,0.625,0.583,0.042,0.199,250.526,208.247,238,202,95,97,-11.037,74
2025,11,48,Houston,Big 12,7,2,40.675,66.903,40,0.778,0.650,0.127,0.641,255.238,214.563,268,221,105,103,10.666,63
2025,11,49,Old Dominion,Sun Belt,5,3,37.762,3.834,69,0.625,0.512,0.113,0.568,233.000,195.238,233,205,100,105,-33.519,86
2025,11,50,Ohio,Mid-American,5,3,37.317,-1.162,72,0.625,0.497,0.128,0.645,234.091,196.774,206,183,88,93,-45.834,100
2025,11,51,Auburn,SEC,4,6,34.784,91.786,30,0.400,0.785,-0.385,-2.012,215.315,180.531,239,204,111,113,62.379,24
2025,11,52,Kennesaw State,Conference USA,6,2,33.843,1.126,70,0.750,0.503,0.247,1.258,209.091,175.248,207,177,99,101,-51.108,103
2025,11,53,Kansas State,Big 12,3,5,33.312,120.826,17,0.375,0.785,-0.410,-2.141,247.312,214.000,230,214,93,100,81.223,11
2025,11,54,New Mexico,Mountain West,5,3,30.834,0.873,71,0.625,0.502,0.123,0.618,279.070,248.235,240,211,86,85,-33.258,85
2025,11,55,Western Kentucky,Conference USA,6,2,15.389,-92.742,103,0.750,0.270,0.480,2.468,222.680,207.292,216,199,97,96,-105.116,135
2025,11,56,Baylor,Big 12,4,4,14.508,70.833,38,0.500,0.648,-0.148,-0.785,287.912,273.404,262,257,91,94,63.531,22
2025,11,57,Buffalo,Mid-American,4,4,13.937,-98.651,107,0.500,0.199,0.301,1.539,172.816,158.879,178,170,103,107,-106.374,136
2025,11,58,Navy,American Athletic,6,2,13.368,-32.773,80,0.750,0.420,0.330,1.692,298.734,285.366,236,234,79,82,-53.269,105
2025,11,59,Tulane,American Athletic,7,2,13.102,10.934,62,0.778,0.530,0.248,1.265,237.864,224.762,245,236,103,105,-8.141,71
2025,11,60,Troy,Sun Belt,5,3,13.062,-52.248,87,0.625,0.350,0.275,1.403,220.430,207.368,205,197,93,95,-64.959,115
2025,11,61,Kansas,Big 12,4,5,8.525,73.605,37,0.444,0.660,-0.216,-1.135,256.000,247.475,256,245,100,99,53.205,33
2025,11,62,UCF,Big 12,3,5,8.484,37.542,53,0.375,0.641,-0.266,-1.393,194.505,186.022,177,173,91,93,31.971,52
2025,11,63,Iowa State,Big 12,5,4,5.751,92.970,28,0.556,0.750,-0.194,-1.023,207.692,201.942,216,208,104,103,86.750,8
2025,11,64,Illinois,Big Ten,5,3,5.461,119.334,18,0.625,0.760,-0.135,-0.716,289.412,283.951,246,230,85,81,96.264,3
2025,11,65,Western Michigan,Mid-American,4,4,2.473,-63.800,94,0.500,0.262,0.238,1.211,175.000,172.527,154,157,88,91,-56.160,110
2025,11,66,Jacksonville State,Conference USA,5,3,0.000,-103.194,110,0.625,0.252,0.373,1.914,243.478,243.478,224,224,92,92,-103.899,134
2025,11,67,Utah State,Mountain West,4,4,-0.882,-27.237,78,0.500,0.426,0.074,0.365,255.000,255.882,255,261,100,102,-17.314,78
2025,11,68,Maryland,Big Ten,3,5,-2.388,10.488,63,0.375,0.536,-0.161,-0.854,189.691,192.079,184,194,97,101,13.164,60
2025,11,69,LSU,SEC,4,4,-2.490,92.683,29,0.500,0.792,-0.292,-1.531,178.409,180.899,157,161,88,89,94.451,5
2025,11,70,Army,American Athletic,5,3,-4.620,-37.978,82,0.625,0.385,0.240,1.225,232.000,236.620,174,168,75,71,-39.421,91
2025,11,71,Liberty,Conference USA,3,5,-5.039,-94.256,105,0.375,0.264,0.111,0.554,211.628,216.667,182,195,86,90,-77.203,125
2025,11,72,Mississippi State,SEC,4,5,-7.388,65.171,41,0.444,0.674,-0.230,-1.207,227.434,234.821,257,263,113,112,66.486,16
2025,11,73,Wake Forest,ACC,5,3,-7.856,16.125,59,0.625,0.567,0.058,0.280,158.491,166.346,168,173,106,104,22.887,56
2025,11,74,Arizona State,Big 12,5,3,-10.753,80.473,35,0.625,0.750,-0.125,-0.664,197.849,208.602,184,194,93,93,99.878,2
2025,11,75,Kentucky,SEC,4,5,-11.759,38.825,51,0.444,0.611,-0.166,-0.879,202.804,214.563,217,221,107,103,64.712,20
2025,11,76,Northwestern,Big Ten,4,4,-15.568,14.111,60,0.500,0.545,-0.045,-0.250,198.718,214.286,155,165,78,77,33.669,51
2025,11,77,Miami (OH),Mid-American,4,4,-20.645,-93.342,104,0.500,0.280,0.220,1.122,226.190,246.835,190,195,84,79,-58.970,112
2025,11,78,Temple,American Athletic,4,5,-20.652,-55.465,89,0.444,0.375,0.069,0.341,261.957,282.609,241,260,92,92,-56.518,111
2025,11,79,Fresno State,Mountain West,5,3,-21.579,-66.569,96,0.625,0.311,0.314,1.609,188.421,210.000,179,189,95,90,-50.779,102
2025,11,80,Arkansas,SEC,1,7,-22.146,68.864,39,0.125,0.642,-0.517,-2.696,303.409,325.556,267,293,88,90,94.926,4
2025,11,81,App State,Sun Belt,3,5,-22.735,-95.409,106,0.375,0.269,0.106,0.530,230.526,253.261,219,233,95,92,-86.825,131
2025,11,82,Marshall,Sun Belt,3,5,-26.209,-48.172,86,0.375,0.383,-0.008,-0.058,248.077,274.286,258,288,104,105,-34.494,88
2025,11,83,California,ACC,5,4,-27.506,-34.712,81,0.556,0.401,0.154,0.779,200.935,228.440,215,249,107,109,-16.724,77
2025,11,84,UTSA,American Athletic,3,5,-27.757,-43.070,83,0.375,0.382,-0.007,-0.057,252.041,279.798,247,277,98,99,-4.307,67
2025,11,85,NC State,ACC,4,4,-27.884,38.960,50,0.500,0.591,-0.091,-0.487,251.064,278.947,236,265,94,95,59.810,26
2025,11,86,Texas State,Sun Belt,2,6,-31.338,-64.520,95,0.250,0.374,-0.124,-0.660,291.579,322.917,277,310,95,96,-39.948,93
2025,11,87,Wyoming,Mountain West,3,5,-36.170,-53.441,88,0.375,0.310,0.065,0.318,150.000,186.170,144,175,96,94,-8.611,72
2025,11,88,Air Force,Mountain West,2,6,-38.880,-61.188,93,0.250,0.376,-0.126,-0.671,295.238,334.118,248,284,84,85,-24.787,82
2025,11,89,Washington State,Pac-12,3,5,-40.394,-1.355,74,0.375,0.495,-0.120,-0.641,178.495,218.889,166,197,93,90,15.779,59
2025,11,90,Central Michigan,Mid-American,4,4,-44.186,-79.301,100,0.500,0.291,0.209,1.063,195.349,239.535,168,206,86,86,-75.191,123
2025,11,91,New Mexico State,Conference USA,2,6,-47.469,-102.956,108,0.250,0.218,0.032,0.148,176.531,224.000,173,224,98,100,-81.976,130
2025,11,92,South Carolina,SEC,2,6,-47.480,56.792,47,0.250,0.681,-0.431,-2.249,157.955,205.435,139,189,88,92,92.354,6
2025,11,93,Arkansas State,Sun Belt,4,5,-48.382,-77.188,99,0.444,0.244,0.200,1.019,176.852,225.234,191,241,108,107,-40.363,94
2025,11,94,Minnesota,Big Ten,5,3,-51.111,10.203,64,0.625,0.536,0.089,0.443,164.444,215.556,148,194,90,90,37.939,48
2025,11,95,Delaware,Conference USA,4,4,-52.473,-118.609,118,0.500,0.247,0.253,1.290,240.860,293.333,224,264,93,90,-77.789,126
2025,11,96,Coastal Carolina,Sun Belt,5,3,-55.152,-86.284,102,0.625,0.251,0.374,1.916,187.156,242.308,204,252,109,104,-61.997,113
2025,11,97,Eastern Michigan,Mid-American,3,6,-56.426,-133.291,123,0.333,0.199,0.134,0.676,218.812,275.238,221,289,101,105,-75.559,124
2025,11,98,North Carolina,ACC,3,5,-57.143,-76.419,98,0.375,0.269,0.106,0.532,147.253,204.396,134,186,91,91,-14.222,76
2025,11,99,San José State,Mountain West,2,6,-61.774,-70.652,97,0.250,0.319,-0.069,-0.374,203.061,264.835,199,241,98,91,-21.714,79
2025,11,100,Florida International,Conference USA,3,5,-63.592,-128.116,121,0.375,0.150,0.225,1.146,186.408,250.000,192,260,103,104,-67.121,119
2025,11,101,Louisiana,Sun Belt,3,6,-64.078,-103.124,109,0.333,0.246,0.088,0.435,220.388,284.466,227,293,103,103,-45.804,99
2025,11,102,Colorado,Big 12,3,7,-64.601,37.989,52,0.300,0.616,-0.316,-1.655,183.333,247.934,220,300,120,121,68.477,15
2025,11,103,South Alabama,Sun Belt,1,7,-65.752,-113.407,115,0.125,0.242,-0.117,-0.625,213.793,279.545,186,246,87,88,-42.501,95
2025,11,104,Rutgers,Big Ten,4,5,-66.259,5.618,65,0.444,0.513,-0.068,-0.371,248.958,315.217,239,290,96,92,51.661,35
2025,11,105,Missouri State,Conference USA,5,3,-69.526,-81.570,101,0.625,0.242,0.383,1.963,167.708,237.234,161,223,96,94,-49.370,101
2025,11,106,Michigan State,Big Ten,2,6,-78.652,-46.903,85,0.250,0.396,-0.146,-0.774,212.360,291.011,189,259,89,89,42.167,45
2025,11,107,Florida,SEC,2,6,-79.348,32.975,55,0.250,0.610,-0.360,-1.884,140.217,219.565,129,202,92,92,115.630,1
2025,11,108,UTEP,Conference USA,1,7,-79.593,-144.856,126,0.125,0.119,0.006,0.013,142.056,221.649,152,215,107,97,-65.358,116
2025,11,109,Purdue,Big Ten,1,8,-80.335,4.985,68,0.111,0.514,-0.403,-2.103,182.292,262.626,175,260,96,99,82.118,10
2025,11,110,Rice,American Athletic,4,5,-81.055,-131.257,122,0.444,0.138,0.307,1.569,178.351,259.406,173,262,97,101,-68.461,120
2025,11,111,Florida Atlantic,American Athletic,3,5,-85.345,-114.573,116,0.375,0.264,0.111,0.556,230.612,315.957,226,297,98,94,-56.063,109
2025,11,112,Middle Tennessee,Conference USA,1,7,-86.924,-169.699,132,0.125,0.130,-0.005,-0.045,177.660,264.583,167,254,94,96,-79.900,128
2025,11,113,Wisconsin,Big Ten,3,6,-87.004,11.379,61,0.333,0.541,-0.208,-1.096,120.213,207.216,113,201,94,97,79.808,13
2025,11,114,Bowling Green,Mid-American,2,7,-88.708,-127.311,120,0.222,0.154,0.068,0.333,145.872,234.579,159,251,109,107,-38.354,90
2025,11,115,Georgia Southern,Sun Belt,3,5,-92.850,-111.698,113,0.375,0.259,0.116,0.580,228.261,321.111,210,289,92,90,-38.122,89
2025,11,116,Virginia Tech,ACC,2,6,-95.376,-57.500,91,0.250,0.354,-0.104,-0.557,194.624,290.000,181,261,93,90,45.096,41
2025,11,117,Akron,Mid-American,3,6,-96.968,-144.623,125,0.333,0.098,0.235,1.198,140.870,237.838,162,264,115,111,-91.733,132
2025,11,118,Colorado State,Mountain West,1,7,-96.997,-108.225,111,0.125,0.215,-0.090,-0.483,163.218,260.215,142,242,87,93,-5.887,70
2025,11,119,West Virginia,Big 12,3,6,-97.107,-1.233,73,0.333,0.496,-0.163,-0.861,162.185,259.292,193,293,119,113,91.623,7
2025,11,120,Stanford,ACC,3,7,-100.000,-56.842,90,0.300,0.326,-0.026,-0.156,150.862,250.862,175,291,116,116,40.072,47
2025,11,121,Tulsa,American Athletic,1,7,-112.718,-146.403,127,0.125,0.122,0.003,-0.002,157.282,270.000,162,270,103,100,-42.897,97
2025,11,122,Ball State,Mid-American,3,5,-113.590,-144.499,124,0.375,0.117,0.258,1.317,122.581,236.170,114,222,93,94,-52.686,104
2025,11,123,UCLA,Big Ten,3,6,-116.486,-20.648,77,0.333,0.446,-0.113,-0.604,204.444,320.930,184,276,90,86,65.923,18
2025,11,124,Syracuse,ACC,2,7,-120.721,-60.196,92,0.222,0.303,-0.081,-0.437,141.441,262.162,157,291,111,111,60.260,25
2025,11,125,UAB,American Athletic,2,6,-123.236,-159.527,129,0.250,0.188,0.062,0.305,228.571,351.807,192,292,84,83,-42.835,96
2025,11,126,Northern Illinois,Mid-American,1,7,-126.966,-151.447,128,0.125,0.087,0.038,0.179,100.000,226.966,91,202,91,89,-34.334,87
2025,11,127,Oregon State,Pac-12,1,8,-130.310,-122.855,119,0.111,0.199,-0.088,-0.472,136.036,266.346,151,277,111,104,4.405,66
2025,11,128,Boston College,ACC,0,9,-157.727,-108.729,112,0.000,0.236,-0.236,-1.241,161.321,319.048,171,335,106,105,36.220,49
2025,11,129,Kent State,Mid-American,2,6,-162.008,-113.018,114,0.250,0.210,0.040,0.186,145.361,307.368,141,292,97,95,-22.519,81
2025,11,130,Nevada,Mountain West,0,8,-163.321,-172.042,133,0.000,0.068,-0.068,-0.368,112.766,276.087,106,254,94,92,-28.437,83
2025,11,131,Sam Houston,Conference USA,1,8,-179.542,-214.744,134,0.111,0.067,0.044,0.210,148.077,327.619,154,344,104,105,-53.967,107
2025,11,132,UL Monroe,Sun Belt,2,6,-199.723,-169.489,131,0.250,0.110,0.140,0.708,118.557,318.280,115,296,97,93,-21.756,80
2025,11,133,Charlotte,American Athletic,0,8,-208.402,-229.919,135,0.000,0.049,-0.049,-0.274,122.449,330.851,120,311,98,94,-30.327,84
2025,11,134,Georgia State,Sun Belt,0,8,-215.730,-160.617,130,0.000,0.149,-0.149,-0.792,171.910,387.640,153,345,89,89,-5.013,69
2025,11,135,Massachusetts,Mid-American,0,8,-242.553,-246.495,136,0.000,0.029,-0.029,-0.168,80.851,323.404,76,304,94,94,-39.561,92
2025,11,136,Oklahoma State,Big 12,0,8,-250.428,-114.726,117,0.000,0.207,-0.207,-1.088,113.402,363.830,110,342,97,94,79.927,12
2025,12,1,Ohio State,Big Ten,9,0,256.490,275.226,1,1.000,0.986,0.014,0.052,342.697,86.207,305,75,89,87,44.774,45
2025,12,2,Indiana,Big Ten,10,0,251.048,230.515,3,1.000,0.953,0.047,0.220,366.364,115.315,403,128,110,111,49.226,40
2025,12,3,Oregon,Big Ten,8,1,214.707,175.784,10,0.889,0.900,-0.012,-0.081,341.237,126.531,331,124,97,98,30.553,56
2025,12,4,Texas Tech,Big 12,9,1,206.569,216.010,4,0.900,0.972,-0.072,-0.395,300.000,93.431,402,128,134,137,45.627,43
2025,12,5,Utah,Big 12,7,2,204.554,254.995,2,0.778,0.953,-0.176,-0.932,344.554,140.000,348,147,101,105,64.024,22
2025,12,6,Notre Dame,FBS Independents,8,2,170.497,213.981,5,0.800,0.939,-0.139,-0.740,334.783,164.286,385,184,115,112,59.699,27
2025,12,7,USC,Big Ten,8,2,161.006,160.969,12,0.800,0.824,-0.024,-0.148,363.810,202.804,382,217,105,107,39.400,50
2025,12,8,James Madison,Sun Belt,8,1,155.653,66.358,42,0.889,0.703,0.186,0.945,304.673,149.020,326,152,107,102,-63.033,115
2025,12,9,North Texas,American Athletic,8,1,147.515,55.266,45,0.889,0.617,0.272,1.391,379.245,231.731,402,241,106,104,-58.404,110
2025,12,10,Miami,ACC,7,2,145.565,181.967,8,0.778,0.919,-0.141,-0.755,275.472,129.907,292,139,106,107,53.568,33
2025,12,11,Alabama,SEC,8,2,144.989,179.627,9,0.800,0.892,-0.092,-0.497,309.804,164.815,316,178,102,108,76.156,16
2025,12,12,Iowa,Big Ten,5,4,131.566,143.629,13,0.556,0.872,-0.316,-1.660,275.000,143.434,253,142,92,99,54.673,32
2025,12,13,Ole Miss,SEC,9,1,123.300,135.930,14,0.900,0.792,0.108,0.537,313.043,189.744,360,222,115,117,49.131,41
2025,12,14,Vanderbilt,SEC,7,2,122.811,133.673,16,0.778,0.757,0.020,0.085,355.789,232.979,338,219,95,94,39.450,49
2025,12,15,Toledo,Mid-American,5,4,121.834,21.444,59,0.556,0.573,-0.018,-0.114,236.364,114.530,260,134,110,117,-75.663,124
2025,12,16,Georgia,SEC,8,1,121.112,183.603,7,0.889,0.879,0.010,0.031,304.950,183.838,308,182,101,99,76.642,15
2025,12,17,Texas A&M,SEC,10,0,104.122,170.241,11,1.000,0.845,0.155,0.783,294.444,190.323,371,236,126,124,62.931,24
2025,12,18,Washington,Big Ten,6,3,100.000,130.497,17,0.667,0.774,-0.108,-0.580,303.333,203.333,273,183,90,90,50.666,35
2025,12,19,Memphis,American Athletic,7,3,98.201,39.751,52,0.700,0.601,0.099,0.494,301.709,203.509,353,232,117,114,-55.633,107
2025,12,20,Oklahoma,SEC,7,2,97.516,134.591,15,0.778,0.888,-0.110,-0.592,231.776,134.259,248,145,107,108,67.666,19
2025,12,21,BYU,Big 12,8,1,97.143,184.489,6,0.889,0.890,-0.001,-0.027,266.667,169.524,272,178,102,105,83.720,12
2025,12,22,Tennessee,SEC,6,3,96.589,116.256,19,0.667,0.740,-0.074,-0.404,335.185,238.596,362,272,108,114,34.950,54
2025,12,23,South Florida,American Athletic,6,3,90.503,81.856,32,0.667,0.705,-0.039,-0.222,301.709,211.207,353,245,117,116,-6.131,70
2025,12,24,Florida State,ACC,4,5,89.984,105.695,22,0.444,0.760,-0.316,-1.660,284.158,194.175,287,200,101,103,40.038,47
2025,12,25,Missouri,SEC,6,3,86.121,105.896,21,0.667,0.787,-0.120,-0.644,271.698,185.577,288,193,106,104,44.954,44
2025,12,26,Michigan,Big Ten,8,2,85.606,90.554,27,0.800,0.782,0.018,0.074,240.870,155.263,277,177,115,114,36.377,52
2025,12,27,San Diego State,Mountain West,7,2,83.452,41.879,51,0.778,0.642,0.135,0.681,198.131,114.679,212,125,107,109,-50.509,104
2025,12,28,Virginia,ACC,8,2,83.311,77.132,35,0.800,0.704,0.096,0.476,256.911,173.600,316,217,123,125,3.172,67
2025,12,29,Pittsburgh,ACC,6,3,82.979,84.623,30,0.667,0.720,-0.053,-0.296,268.103,185.124,311,224,116,121,14.391,61
2025,12,30,East Carolina,American Athletic,6,3,81.121,31.960,55,0.667,0.600,0.067,0.324,247.788,166.667,280,180,113,108,-29.868,80
2025,12,31,Texas,SEC,7,3,77.500,89.413,28,0.700,0.778,-0.078,-0.427,230.000,152.500,276,183,120,120,35.368,53
2025,12,32,SMU,ACC,6,3,73.430,84.012,31,0.667,0.733,-0.066,-0.364,235.294,161.864,280,191,119,118,11.591,64
2025,12,33,Nebraska,Big Ten,6,3,70.082,42.120,50,0.667,0.618,0.049,0.231,266.000,195.918,266,192,100,98,17.323,59
2025,12,34,Arizona,Big 12,6,3,68.331,109.352,20,0.667,0.802,-0.135,-0.722,246.903,178.571,279,200,113,112,61.507,25
2025,12,35,UConn,FBS Independents,7,3,68.235,-40.669,85,0.700,0.395,0.305,1.558,280.000,211.765,336,252,120,119,-101.140,133
2025,12,36,Georgia Tech,ACC,8,1,65.628,55.189,46,0.889,0.624,0.265,1.354,310.309,244.681,301,230,97,94,-11.985,72
2025,12,37,Old Dominion,Sun Belt,6,3,63.129,18.299,62,0.667,0.559,0.108,0.538,235.398,172.269,266,205,113,119,-38.836,87
2025,12,38,UNLV,Mountain West,7,2,62.286,0.008,69,0.778,0.500,0.278,1.419,328.000,265.714,328,279,100,105,-65.816,119
2025,12,39,Penn State,Big Ten,3,6,55.828,92.668,26,0.333,0.716,-0.383,-2.006,273.913,218.085,252,205,92,94,59.225,28
2025,12,40,Louisville,ACC,6,3,51.957,67.821,41,0.667,0.696,-0.030,-0.175,225.641,173.684,264,198,117,114,15.676,60
2025,12,41,Hawai'i,Mountain West,6,3,46.432,-7.433,70,0.667,0.481,0.186,0.942,261.111,214.679,282,234,108,109,-52.070,105
2025,12,42,Louisiana Tech,Conference USA,4,5,45.731,-63.402,91,0.444,0.313,0.131,0.661,220.952,175.221,232,198,105,113,-73.304,123
2025,12,43,Clemson,ACC,5,5,43.103,56.524,44,0.500,0.658,-0.158,-0.838,233.621,190.517,271,221,116,116,11.821,63
2025,12,44,Houston,Big 12,7,2,40.675,68.731,40,0.778,0.655,0.123,0.616,255.238,214.563,268,221,105,103,12.494,62
2025,12,45,Cincinnati,Big 12,6,3,38.678,99.421,24,0.667,0.720,-0.054,-0.299,285.417,246.739,274,227,96,92,49.623,38
2025,12,46,Kansas State,Big 12,4,5,36.417,102.028,23,0.444,0.764,-0.320,-1.681,234.615,198.198,244,220,104,111,58.744,30
2025,12,47,Auburn,SEC,4,6,34.784,93.455,25,0.400,0.789,-0.389,-2.037,215.315,180.531,239,204,111,113,64.048,21
2025,12,48,New Mexico,Mountain West,6,3,29.697,-9.961,73,0.667,0.476,0.191,0.969,260.000,230.303,260,228,100,99,-42.680,94
2025,12,49,Ohio,Mid-American,5,4,29.295,-9.236,72,0.556,0.475,0.081,0.397,223.469,194.175,219,200,98,103,-44.500,96
2025,12,50,Duke,ACC,4,5,29.184,43.048,47,0.444,0.601,-0.156,-0.832,294.898,265.714,289,279,98,105,22.980,57
2025,12,51,Boise State,Mountain West,5,4,28.660,20.556,60,0.556,0.563,-0.007,-0.058,233.333,204.673,245,219,105,107,-2.864,69
2025,12,52,Southern Miss,Sun Belt,6,3,27.412,-52.017,88,0.667,0.353,0.313,1.604,242.727,215.315,267,239,110,111,-80.752,128
2025,12,53,Western Kentucky,Conference USA,7,2,26.212,-86.723,101,0.778,0.286,0.492,2.531,234.545,208.333,258,225,110,108,-109.545,136
2025,12,54,Illinois,Big Ten,6,3,24.870,128.592,18,0.667,0.784,-0.118,-0.631,284.211,259.341,270,236,95,91,88.085,5
2025,12,55,Kennesaw State,Conference USA,6,3,22.532,-23.196,77,0.667,0.431,0.235,1.199,211.818,189.286,233,212,110,112,-60.536,114
2025,12,56,Navy,American Athletic,7,2,17.754,-9.965,74,0.778,0.476,0.302,1.546,301.087,283.333,277,272,92,96,-33.067,84
2025,12,57,TCU,Big 12,5,4,17.619,74.522,36,0.556,0.685,-0.130,-0.694,250.000,232.381,265,244,106,105,59.922,26
2025,12,58,Tulane,American Athletic,8,2,17.391,7.859,66,0.800,0.522,0.278,1.422,243.478,226.087,280,260,115,115,-14.475,74
2025,12,59,Jacksonville State,Conference USA,6,3,8.738,-94.711,106,0.667,0.273,0.394,2.022,251.456,242.718,259,250,103,103,-104.429,134
2025,12,60,Kansas,Big 12,4,5,8.525,79.332,34,0.444,0.672,-0.227,-1.200,256.000,247.475,256,245,100,99,58.932,29
2025,12,61,Wake Forest,ACC,6,3,8.096,17.161,63,0.667,0.568,0.099,0.490,168.966,160.870,196,185,116,115,4.182,65
2025,12,62,Western Michigan,Mid-American,5,4,6.173,-50.649,87,0.556,0.313,0.242,1.235,174.490,168.317,171,170,98,101,-48.303,102
2025,12,63,Iowa State,Big 12,5,4,5.751,87.656,29,0.556,0.738,-0.182,-0.965,207.692,201.942,216,208,104,103,81.436,13
2025,12,64,Fresno State,Mountain West,6,3,1.555,-40.632,84,0.667,0.378,0.288,1.473,187.963,186.408,203,192,108,103,-44.545,98
2025,12,65,Texas State,Sun Belt,3,6,-2.804,-34.975,79,0.333,0.430,-0.096,-0.521,300.000,302.804,318,324,106,107,-40.406,90
2025,12,66,Utah State,Mountain West,4,5,-3.493,-33.500,78,0.444,0.405,0.039,0.181,250.893,254.386,281,290,112,114,-21.902,77
2025,12,67,Army,American Athletic,5,3,-4.620,-39.281,82,0.625,0.383,0.242,1.233,232.000,236.620,174,168,75,71,-40.723,91
2025,12,68,LSU,SEC,5,4,-6.631,80.277,33,0.556,0.767,-0.211,-1.118,178.218,184.848,180,183,101,99,86.635,9
2025,12,69,Arizona State,Big 12,6,3,-7.619,70.781,38,0.667,0.722,-0.055,-0.308,199.048,206.667,209,217,105,105,86.179,10
2025,12,70,Buffalo,Mid-American,4,5,-7.841,-121.322,119,0.444,0.153,0.291,1.490,166.949,174.790,197,208,118,119,-107.076,135
2025,12,71,Washington State,Pac-12,4,5,-9.804,36.215,53,0.444,0.621,-0.177,-0.937,190.196,200.000,194,200,102,100,20.211,58
2025,12,72,UTSA,American Athletic,4,5,-10.550,-40.208,83,0.444,0.387,0.057,0.275,250.000,260.550,275,284,110,109,-23.900,78
2025,12,73,Marshall,Sun Belt,4,5,-11.162,-36.214,81,0.444,0.410,0.035,0.160,252.632,263.793,288,306,114,116,-39.207,89
2025,12,74,Kentucky,SEC,4,5,-11.759,42.592,48,0.444,0.619,-0.175,-0.927,202.804,214.563,217,221,107,103,68.479,18
2025,12,75,Arkansas,SEC,1,8,-11.898,71.445,37,0.111,0.651,-0.540,-2.820,294.898,306.796,289,316,98,103,89.824,4
2025,12,76,Central Michigan,Mid-American,5,4,-12.568,-68.337,93,0.556,0.318,0.237,1.210,210.204,222.772,206,225,98,101,-85.794,130
2025,12,77,Baylor,Big 12,4,5,-12.698,64.588,43,0.444,0.635,-0.191,-1.009,276.190,288.889,290,312,105,108,79.525,14
2025,12,78,Liberty,Conference USA,3,6,-13.605,-108.258,112,0.333,0.245,0.088,0.435,217.708,231.313,209,229,96,99,-81.124,129
2025,12,79,Northwestern,Big Ten,4,5,-15.896,20.439,61,0.444,0.562,-0.118,-0.632,198.876,214.773,177,189,89,88,39.844,48
2025,12,80,Maryland,Big Ten,3,6,-18.826,10.357,65,0.333,0.538,-0.205,-1.082,177.570,196.396,190,218,107,111,32.736,55
2025,12,81,Temple,American Athletic,4,5,-20.652,-52.481,89,0.444,0.381,0.063,0.305,261.957,282.609,241,260,92,92,-53.534,106
2025,12,82,Troy,Sun Belt,5,4,-21.374,-69.823,95,0.556,0.298,0.258,1.316,191.589,212.963,205,230,107,108,-57.190,108
2025,12,83,California,ACC,5,4,-27.506,-35.398,80,0.556,0.398,0.157,0.793,200.935,228.440,215,249,107,109,-17.410,76
2025,12,84,Mississippi State,SEC,4,6,-27.991,42.290,49,0.400,0.610,-0.210,-1.110,223.622,251.613,284,312,127,124,65.022,20
2025,12,85,UCF,Big 12,3,6,-28.123,29.636,56,0.333,0.607,-0.273,-1.439,182.353,210.476,186,221,102,105,49.853,37
2025,12,86,Eastern Michigan,Mid-American,4,6,-40.380,-119.463,118,0.400,0.220,0.180,0.914,218.750,259.130,245,298,112,115,-80.322,127
2025,12,87,South Carolina,SEC,2,7,-41.530,69.250,39,0.222,0.723,-0.501,-2.619,164.078,205.607,169,220,103,107,101.601,2
2025,12,88,Miami (OH),Mid-American,4,5,-41.690,-97.451,107,0.444,0.260,0.185,0.937,198.969,240.659,193,219,97,91,-47.240,101
2025,12,89,Air Force,Mountain West,2,7,-45.916,-77.554,98,0.222,0.340,-0.118,-0.631,283.871,329.787,264,310,93,94,-32.852,83
2025,12,90,Coastal Carolina,Sun Belt,5,4,-47.500,-82.363,99,0.556,0.270,0.286,1.461,200.000,247.500,244,297,122,120,-63.713,116
2025,12,91,Delaware,Conference USA,4,5,-48.005,-133.663,126,0.444,0.210,0.235,1.197,230.841,278.846,247,290,107,104,-94.998,131
2025,12,92,Arkansas State,Sun Belt,4,5,-48.382,-83.761,100,0.444,0.231,0.213,1.085,176.852,225.234,191,241,108,107,-46.936,100
2025,12,93,South Alabama,Sun Belt,2,7,-48.485,-110.740,113,0.222,0.241,-0.019,-0.117,214.141,262.626,212,260,99,99,-57.645,109
2025,12,94,Florida International,Conference USA,4,5,-49.969,-113.979,117,0.444,0.197,0.248,1.264,201.786,251.754,226,287,112,114,-71.736,121
2025,12,95,Wyoming,Mountain West,3,6,-51.119,-73.583,96,0.333,0.243,0.091,0.449,134.862,185.981,147,199,109,107,-15.786,75
2025,12,96,Missouri State,Conference USA,6,3,-52.070,-75.678,97,0.667,0.275,0.392,2.011,187.736,239.806,199,247,106,103,-59.648,113
2025,12,97,NC State,ACC,4,5,-59.434,23.332,58,0.444,0.556,-0.112,-0.602,229.245,288.679,243,306,106,106,70.738,17
2025,12,98,App State,Sun Belt,3,6,-62.491,-102.133,109,0.333,0.254,0.080,0.393,212.037,274.528,229,291,108,106,-72.890,122
2025,12,99,Louisiana,Sun Belt,3,6,-64.078,-99.305,108,0.333,0.256,0.077,0.378,220.388,284.466,227,293,103,103,-41.985,93
2025,12,100,Colorado,Big 12,3,7,-64.601,32.461,54,0.300,0.599,-0.299,-1.573,183.333,247.934,220,300,120,121,62.948,23
2025,12,101,Rutgers,Big Ten,4,5,-66.259,5.229,67,0.444,0.512,-0.067,-0.370,248.958,315.217,239,290,96,92,51.273,34
2025,12,102,North Carolina,ACC,3,6,-68.744,-88.516,102,0.333,0.247,0.086,0.427,143.137,211.881,146,214,102,101,-14.240,73
2025,12,103,New Mexico State,Conference USA,2,7,-71.434,-107.714,111,0.222,0.194,0.028,0.126,163.964,235.398,182,266,111,113,-65.133,118
2025,12,104,Northern Illinois,Mid-American,2,7,-72.417,-131.829,124,0.222,0.128,0.094,0.468,134.653,207.071,136,205,101,99,-58.840,111
2025,12,105,Minnesota,Big Ten,5,4,-75.000,-8.296,71,0.556,0.473,0.083,0.408,161.000,236.000,161,236,100,100,47.469,42
2025,12,106,Rice,American Athletic,4,5,-81.055,-126.884,121,0.444,0.148,0.296,1.516,178.351,259.406,173,262,97,101,-64.087,117
2025,12,107,Florida Atlantic,American Athletic,3,6,-81.726,-102.255,110,0.333,0.283,0.051,0.241,231.481,313.208,250,332,108,106,-44.505,97
2025,12,108,Florida,SEC,2,7,-82.011,26.427,57,0.222,0.587,-0.365,-1.914,147.115,229.126,153,236,104,103,112.019,1
2025,12,109,Georgia Southern,Sun Belt,4,5,-83.306,-111.588,114,0.444,0.264,0.181,0.916,236.111,319.417,255,329,108,103,-43.249,95
2025,12,110,UTEP,Conference USA,1,8,-84.724,-161.075,130,0.111,0.116,-0.005,-0.047,151.724,236.449,176,253,116,107,-77.818,126
2025,12,111,Michigan State,Big Ten,2,7,-85.158,-45.623,86,0.222,0.390,-0.168,-0.892,199.000,284.158,199,287,100,101,49.375,39
2025,12,112,Colorado State,Mountain West,1,8,-87.434,-89.261,103,0.111,0.245,-0.134,-0.714,157.426,244.860,159,262,101,107,4.087,66
2025,12,113,Tulsa,American Athletic,2,7,-88.030,-123.394,120,0.222,0.165,0.057,0.273,167.826,255.856,193,284,115,111,-45.951,99
2025,12,114,Bowling Green,Mid-American,2,7,-88.708,-127.950,123,0.222,0.153,0.070,0.340,145.872,234.579,159,251,109,107,-38.993,88
2025,12,115,Middle Tennessee,Conference USA,1,8,-89.484,-167.854,132,0.111,0.132,-0.021,-0.128,182.075,271.560,193,296,106,109,-76.209,125
2025,12,116,West Virginia,Big 12,3,7,-89.515,1.796,68,0.300,0.506,-0.206,-1.087,164.885,254.400,216,318,131,125,87.033,8
2025,12,117,Akron,Mid-American,3,7,-92.087,-152.167,127,0.300,0.104,0.196,0.996,152.713,244.800,197,306,129,125,-99.566,132
2025,12,118,Nevada,Mountain West,1,8,-97.170,-133.219,125,0.111,0.132,-0.020,-0.127,151.887,249.057,161,264,106,106,-32.818,82
2025,12,119,Stanford,ACC,3,7,-100.000,-55.272,90,0.300,0.330,-0.030,-0.174,150.862,250.862,175,291,116,116,41.642,46
2025,12,120,San José State,Mountain West,2,7,-100.771,-111.799,115,0.222,0.232,-0.010,-0.071,186.607,287.379,209,296,112,103,-41.049,92
2025,12,121,Wisconsin,Big Ten,3,7,-101.438,11.503,64,0.300,0.542,-0.242,-1.274,115.385,216.822,120,232,104,107,97.088,3
2025,12,122,Purdue,Big Ten,1,9,-107.785,-12.423,75,0.100,0.465,-0.365,-1.913,175.701,283.486,188,309,107,109,86.178,11
2025,12,123,Virginia Tech,ACC,2,7,-107.951,-68.416,94,0.222,0.333,-0.111,-0.596,193.069,301.020,195,295,101,98,50.558,36
2025,12,124,Ball State,Mid-American,3,6,-114.868,-155.408,128,0.333,0.090,0.244,1.242,119.417,234.286,123,246,103,105,-59.554,112
2025,12,125,Syracuse,ACC,2,7,-120.721,-65.740,92,0.222,0.289,-0.067,-0.370,141.441,262.162,157,291,111,111,54.715,31
2025,12,126,Oregon State,Pac-12,1,9,-130.271,-127.590,122,0.100,0.187,-0.087,-0.471,135.246,265.517,165,308,122,116,0.050,68
2025,12,127,Kent State,Mid-American,3,6,-135.135,-113.007,116,0.333,0.222,0.112,0.558,164.865,300.000,183,327,111,109,-38.120,86
2025,12,128,UAB,American Athletic,2,7,-143.599,-166.144,131,0.222,0.180,0.043,0.200,227.368,370.968,216,345,95,93,-28.883,79
2025,12,129,Boston College,ACC,0,10,-144.614,-93.753,105,0.000,0.274,-0.274,-1.440,175.214,319.828,205,371,117,116,38.519,51
2025,12,130,UCLA,Big Ten,3,7,-145.421,-19.748,76,0.300,0.450,-0.150,-0.800,192.079,337.500,194,324,101,96,87.074,7
2025,12,131,Sam Houston,Conference USA,2,8,-155.861,-211.845,134,0.200,0.061,0.139,0.702,152.542,308.403,180,367,118,119,-69.289,120
2025,12,132,UL Monroe,Sun Belt,2,7,-187.222,-179.185,133,0.222,0.087,0.135,0.679,119.444,306.667,129,322,108,105,-37.935,85
2025,12,133,Charlotte,American Athletic,0,9,-202.219,-226.721,135,0.000,0.044,-0.044,-0.249,117.593,319.811,127,339,108,106,-31.158,81
2025,12,134,Georgia State,Sun Belt,0,9,-207.788,-160.947,129,0.000,0.144,-0.144,-0.766,171.000,378.788,171,375,100,99,-7.481,71
2025,12,135,Oklahoma State,Big 12,0,9,-231.640,-93.122,104,0.000,0.234,-0.234,-1.237,107.407,339.048,116,356,108,105,87.983,6
2025,12,136,Massachusetts,Mid-American,0,9,-259.615,-263.972,136,0.000,0.018,-0.018,-0.115,75.962,335.577,79,349,104,104,-48.919,103
2025,13,1,Ohio State,Big Ten,10,0,260.402,277.217,1,1.000,0.989,0.011,0.034,347.000,86.598,347,84,100,97,45.173,40
2025,13,2,Indiana,Big Ten,10,0,251.048,237.620,3,1.000,0.958,0.042,0.201,366.364,115.315,403,128,110,111,56.331,34
2025,13,3,Oregon,Big Ten,9,1,213.355,202.297,6,0.900,0.924,-0.024,-0.156,351.887,138.532,373,151,106,109,49.468,38
2025,13,4,Notre Dame,FBS Independents,9,2,208.311,212.265,5,0.818,0.938,-0.120,-0.677,361.111,152.800,455,191,126,125,47.978,39
2025,13,5,Texas Tech,Big 12,9,1,206.569,212.554,4,0.900,0.971,-0.071,-0.409,300.000,93.431,402,128,134,137,42.172,43
2025,13,6,Utah,Big 12,8,2,188.691,242.733,2,0.800,0.932,-0.132,-0.739,353.097,164.407,399,194,113,118,64.513,24
2025,13,7,North Texas,American Athletic,9,1,161.018,68.473,37,0.900,0.641,0.259,1.376,391.453,230.435,458,265,117,115,-59.285,113
2025,13,8,Miami,ACC,8,2,152.632,182.564,8,0.800,0.909,-0.109,-0.618,285.965,133.333,326,156,114,117,41.505,46
2025,13,9,James Madison,Sun Belt,9,1,145.574,64.126,39,0.900,0.688,0.212,1.119,299.145,153.571,350,172,117,112,-56.326,109
2025,13,10,Alabama,SEC,8,2,144.989,179.114,9,0.800,0.884,-0.084,-0.480,309.804,164.815,316,178,102,108,75.644,15
2025,13,11,Vanderbilt,SEC,8,2,140.760,148.572,12,0.800,0.783,0.017,0.063,361.321,220.561,383,236,106,107,35.939,52
2025,13,12,Georgia,SEC,9,1,138.068,163.890,11,0.900,0.859,0.041,0.194,306.250,168.182,343,185,112,110,42.171,44
2025,13,13,USC,Big Ten,8,3,129.310,142.774,13,0.727,0.789,-0.062,-0.361,352.586,223.276,409,259,116,116,52.368,36
2025,13,14,Toledo,Mid-American,6,4,129.240,20.382,61,0.600,0.569,0.031,0.139,238.400,109.160,298,143,125,131,-85.253,130
2025,13,15,Washington,Big Ten,7,3,123.444,140.284,14,0.700,0.798,-0.098,-0.558,314.706,191.262,321,197,102,103,44.205,41
2025,13,16,Ole Miss,SEC,9,1,123.300,128.573,17,0.900,0.777,0.123,0.639,313.043,189.744,360,222,115,117,41.774,45
2025,13,17,Iowa,Big Ten,6,4,118.036,138.571,15,0.600,0.878,-0.278,-1.528,260.000,141.964,273,159,105,112,56.202,35
2025,13,18,South Florida,American Athletic,7,3,107.812,90.206,31,0.700,0.727,-0.027,-0.174,313.281,205.469,401,263,128,128,-15.801,74
2025,13,19,Texas A&M,SEC,10,0,104.122,167.668,10,1.000,0.841,0.159,0.831,294.444,190.323,371,236,126,124,60.358,28
2025,13,20,Tennessee,SEC,7,3,103.930,120.776,20,0.700,0.748,-0.048,-0.288,335.897,231.967,393,283,117,122,26.906,57
2025,13,21,BYU,Big 12,9,1,99.115,189.082,7,0.900,0.904,-0.004,-0.049,266.071,166.957,298,192,112,115,86.390,5
2025,13,22,Memphis,American Athletic,7,3,98.201,38.565,49,0.700,0.599,0.101,0.521,301.709,203.509,353,232,117,114,-56.819,111
2025,13,23,Michigan,Big Ten,9,2,97.437,107.819,24,0.818,0.796,0.022,0.092,257.600,160.163,322,197,125,123,37.860,50
2025,13,24,Oklahoma,SEC,8,2,94.215,137.947,16,0.800,0.908,-0.108,-0.610,219.008,124.793,265,151,121,121,70.188,19
2025,13,25,San Diego State,Mountain West,8,2,94.181,41.453,46,0.800,0.648,0.152,0.797,200.847,106.667,237,128,118,120,-61.697,116
2025,13,26,SMU,ACC,7,3,92.605,109.920,22,0.700,0.791,-0.091,-0.519,246.512,153.906,318,197,129,128,16.741,61
2025,13,27,UNLV,Mountain West,8,2,86.642,32.536,54,0.800,0.569,0.231,1.223,335.780,249.138,366,289,109,116,-59.837,115
2025,13,28,Pittsburgh,ACC,7,3,85.584,90.269,30,0.700,0.729,-0.029,-0.186,273.643,188.060,353,252,129,134,16.292,62
2025,13,29,Arizona,Big 12,7,3,85.163,127.518,18,0.700,0.836,-0.136,-0.762,260.163,175.000,320,217,123,124,57.624,33
2025,13,30,Old Dominion,Sun Belt,7,3,84.678,26.188,58,0.700,0.585,0.115,0.593,248.800,164.122,311,215,125,131,-48.566,98
2025,13,31,Virginia,ACC,8,2,83.311,72.812,35,0.800,0.694,0.106,0.549,256.911,173.600,316,217,123,125,-1.148,67
2025,13,32,Texas,SEC,8,3,82.443,94.488,27,0.727,0.771,-0.044,-0.265,250.382,167.939,328,220,131,131,32.960,53
2025,13,33,Penn State,Big Ten,4,6,77.401,124.356,19,0.400,0.774,-0.374,-2.051,286.139,208.738,289,215,101,103,64.257,25
2025,13,34,Florida State,ACC,4,6,77.049,92.991,28,0.400,0.745,-0.345,-1.894,270.909,193.860,298,221,110,114,40.768,47
2025,13,35,Missouri,SEC,6,4,69.093,98.289,26,0.600,0.779,-0.179,-0.992,247.059,177.966,294,210,119,118,50.969,37
2025,13,36,UConn,FBS Independents,8,3,64.192,-46.964,85,0.727,0.384,0.343,1.830,290.909,226.718,384,297,132,131,-104.211,133
2025,13,37,Ohio,Mid-American,6,4,51.730,-10.192,73,0.600,0.473,0.127,0.662,239.450,187.719,261,214,109,114,-67.384,117
2025,13,38,Boise State,Mountain West,6,4,48.712,36.142,50,0.600,0.603,-0.003,-0.043,247.059,198.347,294,240,119,121,-4.936,69
2025,13,39,Georgia Tech,ACC,8,2,44.885,46.253,44,0.800,0.605,0.195,1.029,299.091,254.206,329,272,110,107,-3.435,68
2025,13,40,Louisiana Tech,Conference USA,5,5,44.624,-66.226,93,0.500,0.306,0.194,1.023,225.424,180.800,266,226,118,125,-77.958,123
2025,13,41,New Mexico,Mountain West,7,3,43.758,15.668,64,0.700,0.541,0.159,0.833,261.682,217.925,280,231,107,106,-38.065,87
2025,13,42,Clemson,ACC,5,5,43.103,52.105,42,0.500,0.645,-0.145,-0.811,233.621,190.517,271,221,116,116,7.402,65
2025,13,43,East Carolina,American Athletic,6,4,40.806,5.495,68,0.600,0.516,0.084,0.425,237.500,196.694,304,238,128,121,-26.150,80
2025,13,44,Nebraska,Big Ten,6,4,39.192,20.049,62,0.600,0.558,0.042,0.198,253.211,214.019,276,229,109,107,27.732,56
2025,13,45,Wake Forest,ACC,7,3,37.339,28.664,56,0.700,0.609,0.091,0.465,195.276,157.937,248,199,127,126,-8.472,70
2025,13,46,Auburn,SEC,4,6,34.784,87.416,32,0.400,0.771,-0.371,-2.035,215.315,180.531,239,204,111,113,58.010,32
2025,13,47,Tulane,American Athletic,9,2,34.646,19.907,63,0.818,0.558,0.260,1.379,249.606,214.961,317,273,127,127,-18.579,77
2025,13,48,Houston,Big 12,7,3,33.811,68.289,38,0.700,0.663,0.037,0.172,238.983,205.172,282,238,118,116,19.983,60
2025,13,49,Duke,ACC,5,5,30.973,29.914,55,0.500,0.568,-0.068,-0.392,300.000,269.027,321,304,107,113,7.548,64
2025,13,50,Kansas State,Big 12,4,6,28.393,108.507,23,0.400,0.764,-0.364,-1.996,248.718,220.325,291,271,117,123,75.898,14
2025,13,51,Iowa State,Big 12,6,4,26.786,116.632,21,0.600,0.793,-0.193,-1.069,226.786,200.000,254,222,112,111,81.035,10
2025,13,52,Kennesaw State,Conference USA,7,3,24.377,-19.932,76,0.700,0.444,0.256,1.359,222.764,198.387,274,246,123,124,-56.743,110
2025,13,53,Cincinnati,Big 12,6,4,23.659,91.359,29,0.600,0.710,-0.110,-0.624,271.698,248.039,288,253,106,102,58.540,31
2025,13,54,Western Kentucky,Conference USA,7,3,22.633,-68.781,95,0.700,0.319,0.381,2.035,216.129,193.496,268,238,124,123,-87.798,131
2025,13,55,UTSA,American Athletic,5,5,22.345,-8.115,71,0.500,0.478,0.022,0.092,270.732,248.387,333,308,123,124,-17.437,76
2025,13,56,Louisville,ACC,6,4,22.276,39.588,48,0.600,0.619,-0.019,-0.131,212.598,190.323,270,236,127,124,20.658,59
2025,13,57,Western Michigan,Mid-American,6,4,20.241,-43.831,84,0.600,0.348,0.252,1.334,188.991,168.750,206,189,109,112,-56.265,108
2025,13,58,Southern Miss,Sun Belt,6,4,18.916,-64.669,92,0.600,0.327,0.273,1.450,245.528,226.613,302,281,123,124,-85.146,129
2025,13,59,TCU,Big 12,6,4,18.331,81.549,33,0.600,0.716,-0.116,-0.652,236.975,218.644,282,258,119,118,66.102,22
2025,13,60,Navy,American Athletic,7,2,17.754,-9.604,72,0.778,0.477,0.301,1.602,301.087,283.333,277,272,92,96,-32.706,85
2025,13,61,Hawai'i,Mountain West,6,4,14.870,-35.425,81,0.600,0.409,0.191,1.006,245.378,230.508,292,272,119,118,-42.468,90
2025,13,62,Texas State,Sun Belt,4,6,14.421,-30.084,80,0.400,0.438,-0.038,-0.230,300.862,286.441,349,338,116,118,-53.245,105
2025,13,63,Arizona State,Big 12,7,3,12.349,79.888,34,0.700,0.743,-0.043,-0.258,205.738,193.388,251,234,122,121,79.665,12
2025,13,64,Illinois,Big Ten,6,4,6.308,102.497,25,0.600,0.740,-0.140,-0.783,264.151,257.843,280,263,106,102,81.496,9
2025,13,65,Utah State,Mountain West,5,5,3.506,-23.115,78,0.500,0.435,0.065,0.326,245.238,241.732,309,307,126,127,-19.600,78
2025,13,66,Jacksonville State,Conference USA,6,4,2.542,-102.318,112,0.600,0.250,0.350,1.867,237.288,234.746,280,277,118,118,-107.064,134
2025,13,67,South Carolina,SEC,3,7,-1.069,71.722,36,0.300,0.727,-0.427,-2.337,191.304,192.373,220,227,115,118,78.035,13
2025,13,68,Central Michigan,Mid-American,6,4,-2.438,-64.395,91,0.600,0.324,0.276,1.468,214.679,217.117,234,241,109,111,-89.561,132
2025,13,69,LSU,SEC,6,4,-4.417,63.636,40,0.600,0.733,-0.133,-0.747,166.379,170.796,193,193,116,113,67.834,21
2025,13,70,Army,American Athletic,5,4,-5.389,-49.679,86,0.556,0.360,0.196,1.030,234.118,239.506,199,194,85,81,-49.850,100
2025,13,71,Fresno State,Mountain West,6,4,-6.216,-50.548,87,0.600,0.347,0.253,1.341,181.818,188.034,220,220,121,117,-47.147,95
2025,13,72,Troy,Sun Belt,6,4,-9.057,-70.197,96,0.600,0.295,0.305,1.620,195.041,204.098,236,249,121,122,-67.399,118
2025,13,73,Northwestern,Big Ten,5,5,-9.184,28.536,57,0.500,0.579,-0.079,-0.455,219.388,228.571,215,224,98,98,38.778,49
2025,13,74,Marshall,Sun Belt,4,6,-11.695,-43.508,83,0.400,0.389,0.011,0.033,245.669,257.364,312,332,127,129,-44.663,91
2025,13,75,Washington State,Pac-12,4,6,-12.565,35.528,52,0.400,0.616,-0.216,-1.192,191.071,203.636,214,224,112,110,25.124,58
2025,13,76,Kansas,Big 12,4,6,-14.486,51.643,43,0.400,0.612,-0.212,-1.172,250.000,264.486,270,283,108,107,63.283,26
2025,13,77,Liberty,Conference USA,3,7,-15.377,-106.017,114,0.300,0.250,0.050,0.241,219.444,234.821,237,263,108,112,-78.776,124
2025,13,78,Buffalo,Mid-American,4,6,-19.541,-131.862,123,0.400,0.127,0.273,1.449,161.940,181.481,217,245,134,135,-108.415,136
2025,13,79,Miami (OH),Mid-American,5,5,-19.825,-84.641,100,0.500,0.286,0.214,1.132,203.540,223.364,230,239,113,107,-50.076,102
2025,13,80,UCF,Big 12,4,6,-22.785,15.169,65,0.400,0.556,-0.156,-0.868,178.070,200.855,203,235,114,117,30.864,55
2025,13,81,Arkansas,SEC,1,9,-23.724,56.443,41,0.100,0.614,-0.514,-2.808,299.083,322.807,326,368,109,114,86.621,4
2025,13,82,Mississippi State,SEC,4,6,-27.991,35.895,51,0.400,0.595,-0.195,-1.082,223.622,251.613,284,312,127,124,58.627,30
2025,13,83,Maryland,Big Ten,3,7,-36.321,-2.978,70,0.300,0.490,-0.190,-1.056,181.034,217.355,210,263,116,121,39.941,48
2025,13,84,South Alabama,Sun Belt,3,7,-36.607,-100.438,109,0.300,0.267,0.033,0.153,226.786,263.393,254,295,112,112,-58.037,112
2025,13,85,Baylor,Big 12,4,6,-36.759,45.650,45,0.400,0.596,-0.196,-1.089,262.393,299.153,307,353,117,118,85.927,6
2025,13,86,Kentucky,SEC,4,6,-38.333,21.061,60,0.400,0.561,-0.161,-0.895,195.000,233.333,234,266,120,114,72.192,17
2025,13,87,Florida International,Conference USA,5,5,-39.547,-101.721,110,0.500,0.212,0.288,1.532,199.213,238.760,253,308,127,129,-67.702,119
2025,13,88,Eastern Michigan,Mid-American,4,6,-40.380,-123.049,119,0.400,0.214,0.186,0.977,218.750,259.130,245,298,112,115,-83.908,128
2025,13,89,Arkansas State,Sun Belt,4,6,-41.243,-83.070,99,0.400,0.236,0.164,0.860,184.167,225.410,221,275,120,122,-52.261,103
2025,13,90,Temple,American Athletic,4,6,-41.346,-64.377,90,0.400,0.352,0.048,0.233,244.231,285.577,254,297,104,104,-45.324,93
2025,13,91,California,ACC,5,5,-45.833,-60.729,88,0.500,0.325,0.175,0.917,187.500,233.333,225,280,120,120,-24.051,79
2025,13,92,NC State,ACC,5,5,-50.011,33.158,53,0.500,0.584,-0.084,-0.484,225.641,275.652,264,317,117,115,68.955,20
2025,13,93,Missouri State,Conference USA,6,4,-50.818,-67.633,94,0.600,0.306,0.294,1.561,197.458,248.276,233,288,118,116,-50.001,101
2025,13,94,Wyoming,Mountain West,3,7,-51.785,-85.128,102,0.300,0.208,0.092,0.471,129.412,181.197,154,212,119,117,-27.110,81
2025,13,95,App State,Sun Belt,4,6,-53.962,-94.853,107,0.400,0.262,0.138,0.718,210.744,264.706,255,315,121,119,-70.073,121
2025,13,96,Louisiana,Sun Belt,4,6,-59.683,-102.044,111,0.400,0.254,0.146,0.762,221.186,280.870,261,323,118,115,-48.123,97
2025,13,97,Air Force,Mountain West,2,8,-59.733,-92.423,104,0.200,0.301,-0.101,-0.574,267.000,326.733,267,330,100,101,-27.906,83
2025,13,98,New Mexico State,Conference USA,3,7,-61.521,-104.236,113,0.300,0.210,0.090,0.461,174.194,235.714,216,297,124,126,-68.221,120
2025,13,99,Middle Tennessee,Conference USA,2,8,-67.225,-151.846,127,0.200,0.156,0.044,0.210,191.453,258.678,224,313,117,121,-83.381,127
2025,13,100,North Carolina,ACC,3,7,-68.182,-80.387,98,0.300,0.278,0.022,0.091,155.455,223.636,171,246,110,110,-9.233,71
2025,13,101,Stanford,ACC,4,7,-71.129,-37.378,82,0.364,0.383,-0.019,-0.130,162.205,233.333,206,301,127,129,32.098,54
2025,13,102,Minnesota,Big Ten,5,5,-73.194,-13.439,74,0.500,0.461,0.039,0.183,178.182,251.376,196,274,110,109,43.973,42
2025,13,103,Colorado,Big 12,3,8,-73.561,25.298,59,0.273,0.577,-0.304,-1.672,174.265,247.826,237,342,136,138,65.815,23
2025,13,104,Coastal Carolina,Sun Belt,5,5,-74.915,-92.833,105,0.500,0.248,0.252,1.338,188.722,263.636,251,348,133,132,-53.245,104
2025,13,105,Florida Atlantic,American Athletic,3,7,-76.201,-96.894,108,0.300,0.298,0.002,-0.018,245.833,322.034,295,380,120,118,-42.419,89
2025,13,106,Delaware,Conference USA,4,6,-76.205,-140.990,126,0.400,0.204,0.196,1.031,221.186,297.391,261,342,118,115,-80.737,126
2025,13,107,Wisconsin,Big Ten,4,7,-77.259,40.422,47,0.364,0.647,-0.283,-1.559,127.826,205.085,147,242,115,118,104.178,2
2025,13,108,Michigan State,Big Ten,2,8,-78.148,-27.889,79,0.200,0.429,-0.229,-1.263,191.150,269.298,216,307,113,114,59.917,29
2025,13,109,UTEP,Conference USA,1,9,-78.702,-156.665,129,0.100,0.128,-0.028,-0.177,160.465,239.167,207,287,129,120,-79.426,125
2025,13,110,Northern Illinois,Mid-American,2,8,-79.789,-139.655,125,0.200,0.127,0.073,0.368,138.393,218.182,155,240,112,110,-59.419,114
2025,13,111,Tulsa,American Athletic,3,7,-80.172,-115.946,117,0.300,0.188,0.112,0.580,175.200,255.372,219,309,125,121,-47.247,96
2025,13,112,Akron,Mid-American,4,7,-81.221,-153.001,128,0.364,0.103,0.261,1.385,152.113,233.333,216,322,142,138,-107.279,135
2025,13,113,Bowling Green,Mid-American,2,8,-81.557,-138.282,124,0.200,0.133,0.067,0.333,143.443,225.000,175,270,122,120,-55.913,107
2025,13,114,Nevada,Mountain West,2,8,-83.621,-111.889,115,0.200,0.174,0.026,0.114,150.000,233.621,174,271,116,116,-27.529,82
2025,13,115,Rutgers,Big Ten,4,6,-88.368,7.491,67,0.400,0.517,-0.117,-0.660,233.962,322.330,248,332,106,103,73.566,16
2025,13,116,West Virginia,Big 12,3,7,-89.515,-1.864,69,0.300,0.494,-0.194,-1.078,164.885,254.400,216,318,131,125,83.373,8
2025,13,117,Florida,SEC,2,8,-91.964,9.149,66,0.200,0.530,-0.330,-1.814,146.429,238.393,164,267,112,112,106.876,1
2025,13,118,Colorado State,Mountain West,1,9,-100.503,-91.774,103,0.100,0.248,-0.148,-0.829,156.522,257.025,180,311,115,121,12.239,63
2025,13,119,Rice,American Athletic,4,6,-101.521,-128.629,122,0.400,0.156,0.244,1.295,182.407,283.929,197,318,108,112,-46.658,94
2025,13,120,Georgia Southern,Sun Belt,4,6,-104.384,-126.513,120,0.400,0.233,0.167,0.875,220.833,325.217,265,374,120,115,-41.674,88
2025,13,121,Purdue,Big Ten,1,9,-107.785,-13.956,75,0.100,0.460,-0.360,-1.972,175.701,283.486,188,309,107,109,84.646,7
2025,13,122,San José State,Mountain West,2,8,-109.221,-113.489,116,0.200,0.226,-0.026,-0.167,172.358,281.579,212,321,123,114,-29.814,84
2025,13,123,Virginia Tech,ACC,2,8,-119.386,-71.680,97,0.200,0.332,-0.132,-0.741,190.991,310.377,212,329,111,106,60.897,27
2025,13,124,Ball State,Mid-American,3,7,-123.846,-158.986,130,0.300,0.083,0.217,1.147,112.821,236.667,132,284,117,120,-54.479,106
2025,13,125,Oregon State,Pac-12,1,9,-130.271,-126.860,121,0.100,0.190,-0.090,-0.513,135.246,265.517,165,308,122,116,0.780,66
2025,13,126,Kent State,Mid-American,3,7,-131.371,-121.942,118,0.300,0.205,0.095,0.486,164.463,295.833,199,355,121,120,-45.089,92
2025,13,127,Boston College,ACC,0,10,-144.614,-94.528,106,0.000,0.273,-0.273,-1.503,175.214,319.828,205,371,117,116,37.744,51
2025,13,128,Sam Houston,Conference USA,2,9,-154.615,-217.458,135,0.182,0.054,0.128,0.663,151.538,306.154,197,398,130,130,-75.120,122
2025,13,129,UAB,American Athletic,2,8,-159.193,-167.028,132,0.200,0.175,0.025,0.111,218.692,377.885,234,393,107,104,-16.675,75
2025,13,130,UCLA,Big Ten,3,8,-161.988,-20.218,77,0.273,0.448,-0.175,-0.973,182.456,344.444,208,372,114,108,98.921,3
2025,13,131,Syracuse,ACC,2,8,-163.644,-63.172,89,0.200,0.294,-0.094,-0.533,132.258,295.902,164,361,124,122,71.671,18
2025,13,132,UL Monroe,Sun Belt,2,8,-186.788,-181.810,133,0.200,0.073,0.127,0.660,120.168,306.957,143,353,119,115,-36.412,86
2025,13,133,Georgia State,Sun Belt,0,10,-192.625,-161.542,131,0.000,0.140,-0.140,-0.782,166.667,359.292,190,406,114,113,-14.851,73
2025,13,134,Charlotte,American Athletic,0,10,-210.414,-211.259,134,0.000,0.047,-0.047,-0.283,109.244,319.658,130,374,119,117,-9.798,72
2025,13,135,Oklahoma State,Big 12,0,10,-210.470,-84.790,101,0.000,0.252,-0.252,-1.390,108.333,318.803,130,373,120,117,80.704,11
2025,13,136,Massachusetts,Mid-American,0,10,-259.130,-268.242,136,0.000,0.020,-0.020,-0.133,80.870,340.000,93,391,115,115,-49.239,99
2025,14,1,Indiana,Big Ten,11,0,267.526,232.451,2,1.000,0.959,0.041,0.199,373.171,105.645,459,131,123,124,48.063,41
2025,14,2,Ohio State,Big Ten,11,0,255.383,280.280,1,1.000,0.988,0.012,0.045,343.119,87.736,374,93,109,106,51.149,38
2025,14,3,Texas Tech,Big 12,10,1,220.897,212.385,5,0.909,0.974,-0.065,-0.378,306.803,85.906,451,128,147,149,37.911,53
2025,14,4,Notre Dame,FBS Independents,10,2,212.736,214.360,4,0.833,0.929,-0.096,-0.544,367.883,155.147,504,211,137,136,42.552,47
2025,14,5,Oregon,Big Ten,10,1,200.636,206.869,6,0.909,0.934,-0.025,-0.156,338.136,137.500,399,165,118,120,59.807,31
2025,14,6,Utah,Big 12,9,2,180.108,231.202,3,0.818,0.926,-0.108,-0.612,346.774,166.667,430,215,124,129,60.919,28
2025,14,7,James Madison,Sun Belt,10,1,170.171,73.756,35,0.909,0.714,0.195,1.044,314.615,144.444,409,182,130,126,-55.825,101
2025,14,8,North Texas,American Athletic,10,1,165.190,76.055,33,0.909,0.656,0.253,1.361,395.349,230.159,510,290,129,126,-58.821,108
2025,14,9,Miami,ACC,9,2,162.854,197.368,7,0.818,0.933,-0.115,-0.648,291.200,128.346,364,163,125,127,46.570,43
2025,14,10,Vanderbilt,SEC,9,2,145.473,159.971,10,0.818,0.801,0.017,0.071,365.812,220.339,428,260,117,118,40.222,51
2025,14,11,Alabama,SEC,9,2,137.241,170.458,9,0.818,0.872,-0.054,-0.319,300.877,163.636,343,198,114,121,69.925,19
2025,14,12,South Florida,American Athletic,8,3,135.507,99.423,27,0.727,0.749,-0.022,-0.141,328.261,192.754,453,266,138,138,-22.401,77
2025,14,13,Georgia,SEC,10,1,135.028,159.337,11,0.909,0.865,0.044,0.220,296.694,161.667,359,194,121,120,40.703,49
2025,14,14,USC,Big Ten,9,3,133.465,146.404,14,0.750,0.801,-0.051,-0.301,350.400,216.935,438,269,125,124,47.096,42
2025,14,15,Toledo,Mid-American,7,4,131.742,25.167,59,0.636,0.590,0.047,0.232,234.559,102.817,319,146,136,142,-85.741,129
2025,14,16,Iowa,Big Ten,7,4,128.731,149.067,13,0.636,0.882,-0.246,-1.364,272.174,143.443,313,175,115,122,52.368,37
2025,14,17,Ole Miss,SEC,10,1,126.564,132.311,17,0.909,0.785,0.124,0.655,313.386,186.822,398,241,127,129,39.009,52
2025,14,18,BYU,Big 12,10,1,110.152,193.999,8,0.909,0.898,0.011,0.036,277.869,167.717,339,213,122,127,79.278,11
2025,14,19,Washington,Big Ten,7,4,102.547,135.223,16,0.636,0.797,-0.161,-0.900,296.460,193.913,335,223,113,115,56.005,33
2025,14,20,UNLV,Mountain West,9,2,99.055,40.607,48,0.818,0.586,0.233,1.248,340.000,240.945,408,306,120,127,-64.030,113
2025,14,21,Arizona,Big 12,8,3,89.368,135.649,15,0.727,0.854,-0.127,-0.713,254.074,164.706,343,224,135,136,59.988,30
2025,14,21,Virginia,ACC,9,2,89.368,76.464,32,0.818,0.716,0.102,0.537,254.074,164.706,343,224,135,136,-5.442,70
2025,14,23,Texas A&M,SEC,10,1,89.189,155.128,12,0.909,0.830,0.079,0.408,281.159,191.971,388,263,138,137,63.576,24
2025,14,24,Old Dominion,Sun Belt,8,3,86.915,21.489,60,0.727,0.572,0.156,0.827,243.165,156.250,338,225,139,144,-57.009,103
2025,14,25,Oklahoma,SEC,9,2,86.765,129.365,18,0.818,0.894,-0.076,-0.436,207.353,120.588,282,164,136,136,65.341,21
2025,14,26,Memphis,American Athletic,7,4,83.339,28.373,56,0.636,0.573,0.063,0.322,291.339,208.000,370,260,127,125,-50.653,96
2025,14,27,SMU,ACC,7,4,83.078,98.059,28,0.636,0.755,-0.118,-0.669,252.143,169.065,353,235,140,139,15.830,61
2025,14,28,San Diego State,Mountain West,8,3,81.207,35.889,52,0.727,0.632,0.095,0.497,193.893,112.687,254,151,131,134,-54.836,98
2025,14,29,Texas,SEC,9,3,80.794,102.324,23,0.750,0.794,-0.044,-0.265,246.528,165.734,355,237,144,143,40.421,50
2025,14,30,Tennessee,SEC,7,4,79.165,101.911,24,0.636,0.716,-0.080,-0.457,325.781,246.617,417,328,128,133,33.930,55
2025,14,31,Michigan,Big Ten,9,3,77.318,102.492,22,0.750,0.780,-0.030,-0.187,247.015,169.697,331,224,134,132,55.030,34
2025,14,32,Missouri,SEC,7,4,73.198,99.461,26,0.636,0.783,-0.147,-0.826,251.938,178.740,325,227,129,127,45.433,45
2025,14,33,Penn State,Big Ten,5,6,71.626,115.636,19,0.455,0.755,-0.301,-1.663,293.750,222.124,329,251,112,113,60.670,29
2025,14,34,East Carolina,American Athletic,7,4,65.940,15.959,65,0.636,0.551,0.086,0.445,247.143,181.203,346,241,140,133,-34.021,87
2025,14,35,UConn,FBS Independents,8,3,64.192,-41.838,85,0.727,0.396,0.332,1.789,290.909,226.718,384,297,132,131,-99.085,134
2025,14,36,Pittsburgh,ACC,7,4,58.993,78.481,31,0.636,0.705,-0.068,-0.396,258.993,200.000,360,290,139,145,33.791,56
2025,14,37,Florida State,ACC,4,7,54.133,64.276,41,0.364,0.666,-0.302,-1.671,268.067,213.934,319,261,119,122,41.044,48
2025,14,38,Ohio,Mid-American,7,4,52.346,-14.137,74,0.636,0.462,0.174,0.929,241.322,188.976,292,240,121,127,-71.433,117
2025,14,39,Clemson,ACC,6,5,51.423,64.968,39,0.545,0.681,-0.135,-0.760,233.594,182.171,299,235,128,129,12.907,63
2025,14,40,Tulane,American Athletic,10,2,50.714,16.701,63,0.833,0.550,0.283,1.523,245.714,195.000,344,273,140,140,-35.886,88
2025,14,41,Louisville,ACC,7,4,50.212,64.767,40,0.636,0.695,-0.059,-0.343,223.741,173.529,311,236,139,136,26.345,59
2025,14,42,Louisiana Tech,Conference USA,6,5,49.130,-62.212,89,0.545,0.326,0.219,1.175,238.760,189.630,308,256,129,135,-80.316,122
2025,14,43,Boise State,Mountain West,7,4,45.732,34.914,53,0.636,0.603,0.033,0.160,239.850,194.118,319,264,133,136,-4.118,69
2025,14,44,New Mexico,Mountain West,8,3,42.010,18.453,62,0.727,0.549,0.178,0.950,250.413,208.403,303,248,121,119,-33.442,85
2025,14,45,Duke,ACC,6,5,41.667,43.199,47,0.545,0.594,-0.048,-0.286,308.333,266.667,370,336,120,126,10.978,65
2025,14,46,Texas State,Sun Belt,5,6,40.115,-12.171,73,0.455,0.475,-0.020,-0.133,315.873,275.758,398,364,126,132,-60.889,111
2025,14,47,Houston,Big 12,8,3,36.336,72.671,37,0.727,0.677,0.051,0.254,242.636,206.299,313,262,129,127,22.972,60
2025,14,48,Iowa State,Big 12,7,4,33.533,109.576,21,0.636,0.785,-0.148,-0.831,224.590,191.057,274,235,122,123,68.881,20
2025,14,49,Georgia Tech,ACC,8,3,33.391,50.126,44,0.727,0.619,0.108,0.568,281.667,248.276,338,288,120,116,12.935,62
2025,14,50,Kansas State,Big 12,5,6,32.122,110.732,20,0.455,0.769,-0.315,-1.740,248.031,215.909,315,285,127,132,73.411,16
2025,14,51,TCU,Big 12,7,4,32.007,94.723,29,0.636,0.741,-0.105,-0.595,251.538,219.531,327,281,130,128,64.399,23
2025,14,52,Kennesaw State,Conference USA,8,3,26.546,-26.761,81,0.727,0.427,0.300,1.618,236.765,210.219,322,288,136,137,-64.421,114
2025,14,53,Hawai'i,Mountain West,7,4,25.388,-25.988,80,0.636,0.431,0.205,1.097,241.667,216.279,319,279,132,129,-45.486,93
2025,14,54,Auburn,SEC,4,7,24.071,81.610,30,0.364,0.753,-0.390,-2.150,208.871,184.800,259,231,124,125,61.345,27
2025,14,55,Western Michigan,Mid-American,7,4,23.737,-46.844,87,0.636,0.341,0.295,1.589,195.868,172.131,237,210,121,122,-62.542,112
2025,14,56,Navy,American Athletic,8,2,23.475,5.242,69,0.800,0.513,0.287,1.544,296.117,272.642,305,289,103,106,-24.004,79
2025,14,57,Wake Forest,ACC,7,4,21.583,16.109,64,0.636,0.559,0.077,0.399,200.000,178.417,280,248,140,139,-5.762,71
2025,14,58,Western Kentucky,Conference USA,7,4,18.355,-73.379,97,0.636,0.311,0.326,1.756,222.059,203.704,302,275,136,135,-88.395,131
2025,14,59,UTSA,American Athletic,5,6,16.541,-15.957,76,0.455,0.458,-0.003,-0.040,268.421,251.880,357,335,133,133,-18.977,76
2025,14,60,Nebraska,Big Ten,6,5,15.464,8.530,67,0.545,0.524,0.022,0.095,245.378,229.915,292,269,119,117,37.333,54
2025,14,61,Fresno State,Mountain West,7,4,13.286,-42.346,86,0.636,0.371,0.266,1.428,191.912,178.626,261,234,136,131,-55.011,100
2025,14,62,Illinois,Big Ten,7,4,12.162,101.591,25,0.636,0.745,-0.109,-0.615,256.410,244.248,300,276,117,113,76.713,13
2025,14,63,Southern Miss,Sun Belt,6,5,9.831,-71.774,95,0.545,0.307,0.238,1.280,237.037,227.206,320,309,135,136,-82.814,127
2025,14,64,Washington State,Pac-12,5,6,9.769,39.271,50,0.455,0.628,-0.173,-0.967,198.387,188.618,246,232,124,123,11.165,64
2025,14,65,Jacksonville State,Conference USA,7,4,4.615,-97.165,107,0.636,0.264,0.373,2.013,243.846,239.231,317,311,130,130,-103.752,135
2025,14,66,Cincinnati,Big 12,6,5,4.387,75.377,34,0.545,0.674,-0.128,-0.723,268.103,263.717,311,298,116,113,61.824,26
2025,14,67,Army,American Athletic,6,4,0.865,-36.172,82,0.600,0.399,0.201,1.073,240.426,239.560,226,218,94,91,-42.326,91
2025,14,68,Miami (OH),Mid-American,6,5,0.833,-73.806,98,0.545,0.316,0.230,1.232,220.000,219.167,275,263,125,120,-59.691,109
2025,14,69,Utah State,Mountain West,5,6,0.709,-17.454,77,0.455,0.450,0.005,0.002,236.170,235.461,333,332,141,141,-12.570,75
2025,14,70,Arizona State,Big 12,7,4,-0.696,73.159,36,0.636,0.726,-0.090,-0.512,192.537,193.233,258,257,134,133,85.077,6
2025,14,71,Troy,Sun Belt,7,4,-0.757,-62.475,90,0.636,0.315,0.321,1.730,198.496,199.254,264,267,133,134,-67.507,115
2025,14,72,Florida International,Conference USA,6,5,-5.843,-95.631,106,0.545,0.224,0.321,1.730,217.606,223.448,309,324,142,145,-82.281,126
2025,14,73,LSU,SEC,6,5,-6.811,67.929,38,0.545,0.749,-0.203,-1.133,157.252,164.062,206,210,131,128,74.169,14
2025,14,74,Marshall,Sun Belt,4,7,-12.733,-52.009,88,0.364,0.365,-0.002,-0.031,243.382,256.115,331,356,136,139,-50.433,95
2025,14,75,South Carolina,SEC,3,8,-13.341,56.951,43,0.273,0.683,-0.410,-2.261,182.812,196.154,234,255,128,130,74.112,15
2025,14,76,Northwestern,Big Ten,5,6,-14.679,29.310,54,0.455,0.584,-0.129,-0.728,209.174,223.853,228,244,109,109,44.406,46
2025,14,77,Central Michigan,Mid-American,6,5,-17.254,-73.264,96,0.545,0.295,0.251,1.347,197.500,214.754,237,262,120,122,-81.266,125
2025,14,78,Liberty,Conference USA,3,8,-18.221,-102.440,109,0.273,0.263,0.009,0.029,230.579,248.800,279,311,121,125,-73.479,119
2025,14,79,Kansas,Big 12,4,7,-21.564,59.631,42,0.364,0.631,-0.267,-1.483,244.538,266.102,291,314,119,118,78.477,12
2025,14,80,Buffalo,Mid-American,4,7,-22.449,-123.768,120,0.364,0.146,0.218,1.167,165.306,187.755,243,276,147,147,-97.150,133
2025,14,81,NC State,ACC,6,5,-28.111,44.961,46,0.545,0.609,-0.064,-0.370,242.857,270.968,306,336,126,124,54.271,36
2025,14,82,Arkansas,SEC,1,10,-31.096,45.730,45,0.091,0.594,-0.503,-2.768,290.678,321.774,343,399,118,124,84.175,7
2025,14,83,Air Force,Mountain West,3,8,-35.907,-66.608,91,0.273,0.360,-0.087,-0.498,286.111,322.018,309,351,108,109,-31.819,83
2025,14,84,Arkansas State,Sun Belt,5,6,-36.216,-85.297,102,0.455,0.232,0.222,1.190,187.313,223.529,251,304,134,136,-57.938,106
2025,14,85,Baylor,Big 12,4,7,-39.081,40.058,49,0.364,0.587,-0.224,-1.243,258.594,297.674,331,384,128,129,82.459,9
2025,14,86,Mississippi State,SEC,4,7,-39.367,27.814,57,0.364,0.575,-0.211,-1.175,217.986,257.353,303,350,139,136,62.873,25
2025,14,87,UCF,Big 12,4,7,-39.545,9.813,66,0.364,0.534,-0.170,-0.951,177.778,217.323,224,276,126,127,45.445,44
2025,14,88,California,ACC,6,5,-39.695,-37.253,84,0.545,0.397,0.148,0.788,200.763,240.458,263,315,131,131,-6.388,72
2025,14,89,Maryland,Big Ten,3,8,-40.131,-15.481,75,0.273,0.451,-0.178,-0.995,184.496,224.627,238,301,129,134,30.529,58
2025,14,90,Eastern Michigan,Mid-American,4,7,-41.022,-120.433,116,0.364,0.221,0.143,0.759,218.033,259.055,266,329,122,127,-80.457,124
2025,14,91,Delaware,Conference USA,5,6,-42.277,-125.932,121,0.455,0.229,0.225,1.208,240.299,282.576,322,373,134,132,-88.102,130
2025,14,92,App State,Sun Belt,4,7,-49.028,-94.696,105,0.364,0.267,0.097,0.505,210.370,259.398,284,345,135,133,-71.519,118
2025,14,93,Louisiana,Sun Belt,5,6,-51.300,-107.375,111,0.455,0.244,0.210,1.126,222.137,273.438,291,350,131,128,-60.453,110
2025,14,94,Bowling Green,Mid-American,3,8,-51.380,-127.170,123,0.273,0.162,0.111,0.583,165.414,216.794,220,284,133,131,-75.430,121
2025,14,95,Middle Tennessee,Conference USA,3,8,-53.138,-145.803,127,0.273,0.162,0.110,0.580,194.656,247.794,255,337,131,136,-89.146,132
2025,14,96,Missouri State,Conference USA,6,5,-54.374,-78.380,100,0.545,0.290,0.256,1.373,205.469,259.843,263,330,128,127,-54.913,99
2025,14,97,Temple,American Athletic,4,7,-58.253,-69.531,92,0.364,0.342,0.022,0.096,242.609,300.862,279,349,115,116,-33.478,86
2025,14,98,Minnesota,Big Ten,6,5,-58.634,5.472,68,0.545,0.516,0.029,0.137,177.500,236.134,213,281,120,119,48.573,39
2025,14,99,South Alabama,Sun Belt,3,8,-59.745,-120.775,117,0.273,0.228,0.044,0.219,222.222,281.967,280,344,126,122,-54.567,97
2025,14,100,Wyoming,Mountain West,3,8,-60.000,-93.907,104,0.273,0.177,0.095,0.499,123.846,183.846,161,239,130,130,-28.067,81
2025,14,101,New Mexico State,Conference USA,3,8,-61.624,-118.649,114,0.273,0.174,0.099,0.519,172.662,234.286,240,328,139,140,-80.324,123
2025,14,102,Michigan State,Big Ten,3,8,-62.192,-18.042,78,0.273,0.454,-0.181,-1.013,201.587,263.780,254,335,126,127,54.789,35
2025,14,103,Kentucky,SEC,4,7,-66.378,5.077,70,0.364,0.515,-0.151,-0.850,177.273,243.651,234,307,132,126,72.772,17
2025,14,104,Florida,SEC,3,8,-68.017,36.572,51,0.273,0.609,-0.336,-1.858,170.000,238.017,204,288,120,121,101.173,1
2025,14,105,Colorado,Big 12,3,9,-74.194,26.601,58,0.250,0.581,-0.331,-1.827,173.103,247.297,251,366,145,148,70.779,18
2025,14,106,Northern Illinois,Mid-American,2,9,-74.814,-142.552,126,0.182,0.133,0.049,0.245,152.459,227.273,186,275,122,121,-68.866,116
2025,14,107,Tulsa,American Athletic,3,8,-75.055,-121.596,119,0.273,0.178,0.095,0.497,178.676,253.731,243,340,136,134,-57.299,105
2025,14,108,Wisconsin,Big Ten,4,8,-79.144,28.958,55,0.333,0.608,-0.275,-1.524,123.200,202.344,154,259,125,128,95.734,4
2025,14,109,Akron,Mid-American,4,7,-81.221,-154.310,128,0.364,0.098,0.266,1.428,152.113,233.333,216,322,142,138,-108.588,136
2025,14,110,Rutgers,Big Ten,4,7,-81.488,19.723,61,0.364,0.544,-0.180,-1.007,244.828,326.316,284,372,116,114,80.122,10
2025,14,111,North Carolina,ACC,3,8,-82.353,-89.185,103,0.273,0.263,0.010,0.032,159.664,242.017,190,288,119,119,-1.266,68
2025,14,112,Stanford,ACC,4,8,-86.232,-36.570,83,0.333,0.389,-0.056,-0.327,163.768,250.000,226,350,138,140,48.329,40
2025,14,113,UTEP,Conference USA,1,10,-92.869,-171.618,132,0.091,0.105,-0.015,-0.102,163.014,255.882,238,348,146,136,-84.455,128
2025,14,114,Georgia Southern,Sun Belt,5,6,-94.628,-116.004,113,0.455,0.248,0.206,1.103,222.308,316.935,289,393,130,124,-41.504,90
2025,14,115,Nevada,Mountain West,2,9,-96.063,-119.921,115,0.182,0.161,0.021,0.090,150.394,246.457,191,313,127,127,-22.568,78
2025,14,116,Florida Atlantic,American Athletic,3,8,-98.858,-107.288,110,0.273,0.273,0.000,-0.022,225.758,324.615,298,422,132,130,-36.553,89
2025,14,117,Coastal Carolina,Sun Belt,5,6,-103.139,-99.261,108,0.455,0.236,0.219,1.173,177.551,280.690,261,407,147,145,-43.192,92
2025,14,118,Colorado State,Mountain West,1,10,-110.229,-113.007,112,0.091,0.216,-0.125,-0.704,163.415,273.643,201,353,123,129,5.414,67
2025,14,119,Boston College,ACC,1,10,-114.856,-69.777,93,0.091,0.327,-0.236,-1.311,186.719,301.575,239,383,128,127,32.288,57
2025,14,120,West Virginia,Big 12,3,8,-114.893,-2.657,71,0.273,0.492,-0.219,-1.218,151.049,265.942,216,367,143,138,94.412,5
2025,14,121,San José State,Mountain West,2,9,-115.657,-120.861,118,0.182,0.210,-0.028,-0.178,164.964,280.620,226,362,137,129,-29.036,82
2025,14,122,Kent State,Mid-American,4,7,-119.650,-127.160,122,0.364,0.204,0.160,0.849,177.273,296.923,234,386,132,130,-58.037,107
2025,14,123,Virginia Tech,ACC,2,9,-122.187,-70.173,94,0.182,0.329,-0.147,-0.825,179.508,301.695,219,356,122,118,65.021,22
2025,14,124,Ball State,Mid-American,3,8,-129.242,-169.011,131,0.273,0.078,0.194,1.038,120.000,249.242,156,329,130,132,-56.698,102
2025,14,125,Rice,American Athletic,4,7,-133.787,-132.675,125,0.364,0.147,0.216,1.159,169.492,303.279,200,370,118,122,-32.701,84
2025,14,126,Oregon State,Pac-12,1,10,-137.477,-128.416,124,0.091,0.183,-0.092,-0.527,128.148,265.625,173,340,135,128,6.268,66
2025,14,127,Purdue,Big Ten,1,10,-140.014,-9.373,72,0.091,0.472,-0.381,-2.104,159.167,299.180,191,365,120,122,99.845,3
2025,14,128,UAB,American Athletic,3,8,-141.775,-160.557,130,0.273,0.183,0.089,0.465,220.833,362.609,265,417,120,115,-25.716,80
2025,14,129,UCLA,Big Ten,3,9,-164.047,-25.265,79,0.250,0.434,-0.184,-1.024,178.689,342.735,218,401,122,117,100.381,2
2025,14,130,Syracuse,ACC,2,9,-166.622,-81.887,101,0.182,0.241,-0.059,-0.347,130.370,296.992,176,395,135,133,58.879,32
2025,14,131,Sam Houston,Conference USA,2,10,-167.213,-221.743,135,0.167,0.052,0.115,0.604,145.890,313.103,213,454,146,145,-75.155,120
2025,14,132,UL Monroe,Sun Belt,2,9,-170.431,-180.595,133,0.182,0.076,0.106,0.556,128.788,299.219,170,383,132,128,-46.317,94
2025,14,133,Georgia State,Sun Belt,0,11,-183.465,-155.651,129,0.000,0.143,-0.143,-0.805,157.480,340.945,200,433,127,127,-11.756,74
2025,14,134,Oklahoma State,Big 12,0,11,-201.115,-75.950,99,0.000,0.273,-0.273,-1.512,108.333,309.449,143,393,132,127,82.833,8
2025,14,135,Charlotte,American Athletic,0,11,-209.977,-208.459,134,0.000,0.044,-0.044,-0.263,98.485,308.462,130,401,132,130,-6.431,73
2025,14,136,Massachusetts,Mid-American,0,11,-261.111,-279.525,136,0.000,0.018,-0.018,-0.119,84.921,346.032,107,436,126,126,-57.292,104
2025,15,1,Indiana,Big Ten,12,0,251.561,238.554,2,1.000,0.967,0.033,0.179,357.576,106.015,472,141,132,133,66.754,21
2025,15,2,Ohio State,Big Ten,11,1,233.250,273.377,1,0.917,0.988,-0.071,-0.397,325.424,92.174,384,106,118,115,66.118,22
2025,15,3,Texas Tech,Big 12,11,1,219.792,226.635,4,0.917,0.983,-0.066,-0.371,303.125,83.333,485,135,160,162,49.393,41
2025,15,4,Notre Dame,FBS Independents,10,2,212.736,215.006,5,0.833,0.929,-0.096,-0.535,367.883,155.147,504,211,137,136,43.198,49
2025,15,5,Oregon,Big Ten,10,1,200.636,207.315,6,0.909,0.934,-0.025,-0.142,338.136,137.500,399,165,118,120,60.252,32
2025,15,6,Utah,Big 12,9,2,180.108,231.179,3,0.818,0.926,-0.108,-0.601,346.774,166.667,430,215,124,129,60.897,29
2025,15,7,James Madison,Sun Belt,11,1,164.441,72.287,35,0.917,0.713,0.204,1.121,303.448,139.007,440,196,145,141,-55.940,105
2025,15,8,Miami,ACC,9,2,162.854,197.290,7,0.818,0.933,-0.115,-0.639,291.200,128.346,364,163,125,127,46.492,45
2025,15,9,North Texas,American Athletic,10,2,146.547,63.439,40,0.833,0.631,0.203,1.115,384.783,238.235,531,324,138,136,-51.309,97
2025,15,10,Vanderbilt,SEC,9,2,145.473,158.512,10,0.818,0.799,0.019,0.102,365.812,220.339,428,260,117,118,38.764,53
2025,15,11,Georgia,SEC,11,1,138.705,173.616,9,0.917,0.892,0.025,0.132,290.977,152.273,387,201,133,132,50.284,40
2025,15,12,South Florida,American Athletic,8,3,135.507,99.442,26,0.727,0.749,-0.022,-0.124,328.261,192.754,453,266,138,138,-22.382,77
2025,15,13,USC,Big Ten,9,3,133.465,146.486,14,0.750,0.802,-0.052,-0.290,350.400,216.935,438,269,125,124,47.178,43
2025,15,14,Toledo,Mid-American,7,4,131.742,24.733,60,0.636,0.588,0.048,0.263,234.559,102.817,319,146,136,142,-86.175,129
2025,15,15,Iowa,Big Ten,7,4,128.731,149.191,13,0.636,0.882,-0.246,-1.363,272.174,143.443,313,175,115,122,52.492,39
2025,15,16,Ole Miss,SEC,10,1,126.564,134.879,15,0.909,0.789,0.120,0.657,313.386,186.822,398,241,127,129,41.577,50
2025,15,17,Alabama,SEC,9,3,107.853,156.426,11,0.750,0.859,-0.109,-0.608,277.778,169.925,350,226,126,133,78.854,12
2025,15,18,Washington,Big Ten,7,4,102.547,134.015,17,0.636,0.795,-0.159,-0.882,296.460,193.913,335,223,113,115,54.798,36
2025,15,19,Arizona,Big 12,8,3,89.368,134.556,16,0.727,0.852,-0.125,-0.693,254.074,164.706,343,224,135,136,58.895,34
2025,15,20,Texas A&M,SEC,10,1,89.189,155.229,12,0.909,0.831,0.078,0.427,281.159,191.971,388,263,138,137,63.677,26
2025,15,21,Old Dominion,Sun Belt,8,3,86.915,22.319,61,0.727,0.574,0.153,0.841,243.165,156.250,338,225,139,144,-56.179,106
2025,15,22,Oklahoma,SEC,9,2,86.765,128.065,18,0.818,0.892,-0.074,-0.411,207.353,120.588,282,164,136,136,64.042,25
2025,15,23,Memphis,American Athletic,7,4,83.339,29.999,55,0.636,0.578,0.059,0.321,291.339,208.000,370,260,127,125,-49.028,96
2025,15,24,SMU,ACC,7,4,83.078,97.948,28,0.636,0.755,-0.119,-0.659,252.143,169.065,353,235,140,139,15.719,62
2025,15,25,Virginia,ACC,9,3,81.335,72.253,36,0.750,0.708,0.042,0.229,252.083,170.748,363,251,144,147,-0.892,68
2025,15,26,San Diego State,Mountain West,8,3,81.207,36.212,52,0.727,0.633,0.094,0.514,193.893,112.687,254,151,131,134,-54.513,100
2025,15,27,Texas,SEC,9,3,80.794,103.068,22,0.750,0.795,-0.045,-0.254,246.528,165.734,355,237,144,143,41.165,51
2025,15,28,BYU,Big 12,10,2,79.868,180.069,8,0.833,0.884,-0.050,-0.282,256.296,176.429,346,247,135,140,92.216,6
2025,15,29,UNLV,Mountain West,9,3,79.286,30.832,53,0.750,0.566,0.184,1.013,325.000,245.714,429,344,132,140,-55.310,102
2025,15,30,Tennessee,SEC,7,4,79.165,102.180,23,0.636,0.716,-0.079,-0.442,325.781,246.617,417,328,128,133,34.199,55
2025,15,31,Michigan,Big Ten,9,3,77.318,101.591,25,0.750,0.778,-0.028,-0.159,247.015,169.697,331,224,134,132,54.129,38
2025,15,32,Missouri,SEC,7,4,73.198,98.116,27,0.636,0.780,-0.144,-0.798,251.938,178.740,325,227,129,127,44.088,48
2025,15,33,Penn State,Big Ten,5,6,71.626,115.495,19,0.455,0.755,-0.300,-1.661,293.750,222.124,329,251,112,113,60.530,30
2025,15,34,East Carolina,American Athletic,7,4,65.940,16.584,64,0.636,0.553,0.083,0.457,247.143,181.203,346,241,140,133,-33.396,87
2025,15,35,UConn,FBS Independents,8,3,64.192,-41.380,85,0.727,0.397,0.331,1.822,290.909,226.718,384,297,132,131,-98.626,135
2025,15,36,Pittsburgh,ACC,7,4,58.993,78.494,31,0.636,0.705,-0.069,-0.384,258.993,200.000,360,290,139,145,33.804,56
2025,15,37,Tulane,American Athletic,11,2,54.685,29.847,56,0.846,0.589,0.257,1.416,252.000,197.315,378,294,150,149,-26.899,81
2025,15,38,Florida State,ACC,4,7,54.133,62.724,41,0.364,0.661,-0.298,-1.649,268.067,213.934,319,261,119,122,39.491,52
2025,15,39,Ohio,Mid-American,7,4,52.346,-15.380,75,0.636,0.459,0.178,0.976,241.322,188.976,292,240,121,127,-72.676,118
2025,15,40,Boise State,Mountain West,8,4,51.953,43.609,48,0.667,0.630,0.037,0.198,244.521,192.568,357,285,146,148,-1.946,70
2025,15,41,Clemson,ACC,6,5,51.423,65.528,38,0.545,0.682,-0.137,-0.758,233.594,182.171,299,235,128,129,13.467,64
2025,15,42,Louisville,ACC,7,4,50.212,64.345,39,0.636,0.694,-0.057,-0.320,223.741,173.529,311,236,139,136,25.924,59
2025,15,43,Louisiana Tech,Conference USA,6,5,49.130,-62.491,90,0.545,0.325,0.220,1.212,238.760,189.630,308,256,129,135,-80.595,123
2025,15,44,New Mexico,Mountain West,8,3,42.010,18.028,63,0.727,0.548,0.179,0.986,250.413,208.403,303,248,121,119,-33.867,88
2025,15,45,Texas State,Sun Belt,5,6,40.115,-11.836,73,0.455,0.475,-0.021,-0.119,315.873,275.758,398,364,126,132,-60.554,113
2025,15,46,Duke,ACC,7,5,39.350,48.700,45,0.583,0.607,-0.023,-0.133,303.053,263.704,397,356,131,135,17.228,61
2025,15,47,Houston,Big 12,8,3,36.336,74.068,33,0.727,0.680,0.047,0.258,242.636,206.299,313,262,129,127,24.368,60
2025,15,48,Iowa State,Big 12,7,4,33.533,108.405,21,0.636,0.782,-0.146,-0.810,224.590,191.057,274,235,122,123,67.710,20
2025,15,49,Georgia Tech,ACC,8,3,33.391,52.018,44,0.727,0.623,0.104,0.571,281.667,248.276,338,288,120,116,14.827,63
2025,15,50,Kansas State,Big 12,5,6,32.122,111.980,20,0.455,0.772,-0.317,-1.756,248.031,215.909,315,285,127,132,74.658,15
2025,15,51,TCU,Big 12,7,4,32.007,93.521,29,0.636,0.739,-0.102,-0.569,251.538,219.531,327,281,130,128,63.197,27
2025,15,52,Kennesaw State,Conference USA,9,3,29.050,-26.865,80,0.750,0.425,0.325,1.791,235.172,206.122,341,303,145,147,-66.479,115
2025,15,53,Western Michigan,Mid-American,8,4,28.845,-44.802,87,0.667,0.344,0.323,1.780,194.030,165.185,260,223,134,135,-65.602,114
2025,15,54,Hawai'i,Mountain West,7,4,25.388,-27.383,81,0.636,0.428,0.209,1.149,241.667,216.279,319,279,132,129,-46.881,93
2025,15,55,Auburn,SEC,4,7,24.071,81.438,30,0.364,0.752,-0.388,-2.148,208.871,184.800,259,231,124,125,61.173,28
2025,15,56,Navy,American Athletic,8,2,23.475,4.371,70,0.800,0.511,0.289,1.592,296.117,272.642,305,289,103,106,-24.875,79
2025,15,57,Wake Forest,ACC,7,4,21.583,16.364,65,0.636,0.560,0.077,0.419,200.000,178.417,280,248,140,139,-5.508,72
2025,15,58,Western Kentucky,Conference USA,7,4,18.355,-73.562,97,0.636,0.310,0.326,1.798,222.059,203.704,302,275,136,135,-88.577,131
2025,15,59,UTSA,American Athletic,5,6,16.541,-15.689,76,0.455,0.458,-0.004,-0.025,268.421,251.880,357,335,133,133,-18.709,76
2025,15,60,Nebraska,Big Ten,6,5,15.464,8.238,67,0.545,0.523,0.022,0.119,245.378,229.915,292,269,119,117,37.040,54
2025,15,61,Fresno State,Mountain West,7,4,13.286,-41.621,86,0.636,0.373,0.264,1.452,191.912,178.626,261,234,136,131,-54.287,99
2025,15,62,Illinois,Big Ten,7,4,12.162,101.872,24,0.636,0.744,-0.108,-0.601,256.410,244.248,300,276,117,113,76.995,14
2025,15,63,Southern Miss,Sun Belt,6,5,9.831,-71.183,95,0.545,0.309,0.237,1.304,237.037,227.206,320,309,135,136,-82.223,127
2025,15,64,Washington State,Pac-12,5,6,9.769,37.924,51,0.455,0.623,-0.169,-0.936,198.387,188.618,246,232,124,123,9.818,65
2025,15,65,Cincinnati,Big 12,6,5,4.387,74.048,34,0.545,0.671,-0.126,-0.697,268.103,263.717,311,298,116,113,60.494,31
2025,15,66,Army,American Athletic,6,4,0.865,-35.657,82,0.600,0.401,0.199,1.098,240.426,239.560,226,218,94,91,-41.811,91
2025,15,67,Utah State,Mountain West,5,6,0.709,-17.886,78,0.455,0.449,0.006,0.028,236.170,235.461,333,332,141,141,-13.002,75
2025,15,68,Jacksonville State,Conference USA,7,5,-0.267,-96.362,107,0.583,0.261,0.323,1.778,237.143,237.410,332,330,140,139,-97.307,133
2025,15,69,Arizona State,Big 12,7,4,-0.696,74.392,32,0.636,0.730,-0.093,-0.519,192.537,193.233,258,257,134,133,86.310,7
2025,15,70,Florida International,Conference USA,6,5,-5.843,-95.502,106,0.545,0.225,0.320,1.765,217.606,223.448,309,324,142,145,-82.152,126
2025,15,71,Miami (OH),Mid-American,6,6,-6.342,-79.063,100,0.500,0.300,0.200,1.099,208.696,215.038,288,286,138,133,-59.715,111
2025,15,72,LSU,SEC,6,5,-6.811,66.723,37,0.545,0.745,-0.199,-1.105,157.252,164.062,206,210,131,128,72.963,17
2025,15,73,Troy,Sun Belt,7,5,-12.162,-60.358,89,0.583,0.319,0.265,1.458,187.838,200.000,278,298,148,149,-55.527,103
2025,15,74,Marshall,Sun Belt,4,7,-12.733,-50.525,88,0.364,0.369,-0.006,-0.034,243.382,256.115,331,356,136,139,-48.949,95
2025,15,75,South Carolina,SEC,3,8,-13.341,55.546,43,0.273,0.678,-0.406,-2.245,182.812,196.154,234,255,128,130,72.707,18
2025,15,76,Northwestern,Big Ten,5,6,-14.679,30.192,54,0.455,0.587,-0.132,-0.733,209.174,223.853,228,244,109,109,45.288,47
2025,15,77,Central Michigan,Mid-American,6,5,-17.254,-73.379,96,0.545,0.295,0.251,1.382,197.500,214.754,237,262,120,122,-81.382,125
2025,15,78,Liberty,Conference USA,3,8,-18.221,-102.492,109,0.273,0.264,0.009,0.045,230.579,248.800,279,311,121,125,-73.532,119
2025,15,79,Kansas,Big 12,4,7,-21.564,60.856,42,0.364,0.634,-0.270,-1.497,244.538,266.102,291,314,119,118,79.702,11
2025,15,80,Buffalo,Mid-American,4,7,-22.449,-124.308,120,0.364,0.145,0.219,1.203,165.306,187.755,243,276,147,147,-97.690,134
2025,15,81,NC State,ACC,6,5,-28.111,45.213,47,0.545,0.610,-0.064,-0.359,242.857,270.968,306,336,126,124,54.524,37
2025,15,82,Arkansas,SEC,1,10,-31.096,46.222,46,0.091,0.595,-0.504,-2.788,290.678,321.774,343,399,118,124,84.667,8
2025,15,83,Air Force,Mountain West,3,8,-35.907,-67.099,91,0.273,0.359,-0.086,-0.481,286.111,322.018,309,351,108,109,-32.310,84
2025,15,84,Arkansas State,Sun Belt,5,6,-36.216,-84.970,102,0.455,0.234,0.221,1.216,187.313,223.529,251,304,134,136,-57.611,110
2025,15,85,Baylor,Big 12,4,7,-39.081,40.245,49,0.364,0.588,-0.224,-1.242,258.594,297.674,331,384,128,129,82.646,10
2025,15,86,Mississippi State,SEC,4,7,-39.367,29.663,57,0.364,0.580,-0.216,-1.197,217.986,257.353,303,350,139,136,64.722,23
2025,15,87,UCF,Big 12,4,7,-39.545,10.337,66,0.364,0.535,-0.172,-0.953,177.778,217.323,224,276,126,127,45.969,46
2025,15,88,California,ACC,6,5,-39.695,-37.255,83,0.545,0.397,0.148,0.816,200.763,240.458,263,315,131,131,-6.391,73
2025,15,89,Maryland,Big Ten,3,8,-40.131,-15.343,74,0.273,0.451,-0.178,-0.990,184.496,224.627,238,301,129,134,30.667,58
2025,15,90,Eastern Michigan,Mid-American,4,7,-41.022,-120.848,118,0.364,0.220,0.144,0.789,218.033,259.055,266,329,122,127,-80.872,124
2025,15,91,Delaware,Conference USA,5,6,-42.277,-126.004,121,0.455,0.229,0.226,1.242,240.299,282.576,322,373,134,132,-88.174,130
2025,15,92,App State,Sun Belt,4,7,-49.028,-93.374,104,0.364,0.270,0.094,0.514,210.370,259.398,284,345,135,133,-70.197,117
2025,15,93,Louisiana,Sun Belt,5,6,-51.300,-107.334,111,0.455,0.244,0.210,1.157,222.137,273.438,291,350,131,128,-60.412,112
2025,15,94,Bowling Green,Mid-American,3,8,-51.380,-127.603,124,0.273,0.160,0.113,0.618,165.414,216.794,220,284,133,131,-75.862,120
2025,15,95,Middle Tennessee,Conference USA,3,8,-53.138,-145.865,127,0.273,0.163,0.110,0.604,194.656,247.794,255,337,131,136,-89.208,132
2025,15,96,Missouri State,Conference USA,6,5,-54.374,-78.303,99,0.545,0.290,0.255,1.407,205.469,259.843,263,330,128,127,-54.836,101
2025,15,97,Temple,American Athletic,4,7,-58.253,-69.088,92,0.364,0.343,0.021,0.112,242.609,300.862,279,349,115,116,-33.035,85
2025,15,98,Minnesota,Big Ten,6,5,-58.634,4.625,69,0.545,0.514,0.032,0.171,177.500,236.134,213,281,120,119,47.726,42
2025,15,99,South Alabama,Sun Belt,3,8,-59.745,-120.461,117,0.273,0.229,0.044,0.240,222.222,281.967,280,344,126,122,-54.252,98
2025,15,100,Wyoming,Mountain West,3,8,-60.000,-95.154,105,0.273,0.174,0.099,0.541,123.846,183.846,161,239,130,130,-29.315,82
2025,15,101,New Mexico State,Conference USA,3,8,-61.624,-118.632,114,0.273,0.173,0.099,0.545,172.662,234.286,240,328,139,140,-80.307,122
2025,15,102,Michigan State,Big Ten,3,8,-62.192,-17.529,77,0.273,0.456,-0.183,-1.014,201.587,263.780,254,335,126,127,55.302,35
2025,15,103,Kentucky,SEC,4,7,-66.378,6.461,68,0.364,0.519,-0.156,-0.864,177.273,243.651,234,307,132,126,74.156,16
2025,15,104,Florida,SEC,3,8,-68.017,38.243,50,0.273,0.614,-0.341,-1.887,170.000,238.017,204,288,120,121,102.843,1
2025,15,105,Colorado,Big 12,3,9,-74.194,25.529,59,0.250,0.577,-0.327,-1.813,173.103,247.297,251,366,145,148,69.707,19
2025,15,106,Northern Illinois,Mid-American,2,9,-74.814,-142.816,126,0.182,0.133,0.049,0.267,152.459,227.273,186,275,122,121,-69.130,116
2025,15,107,Tulsa,American Athletic,3,8,-75.055,-119.850,115,0.273,0.181,0.092,0.504,178.676,253.731,243,340,136,134,-55.553,104
2025,15,108,Wisconsin,Big Ten,4,8,-79.144,27.115,58,0.333,0.601,-0.267,-1.481,123.200,202.344,154,259,125,128,93.891,5
2025,15,109,Akron,Mid-American,4,7,-81.221,-155.132,129,0.364,0.097,0.267,1.469,152.113,233.333,216,322,142,138,-109.410,136
2025,15,110,Rutgers,Big Ten,4,7,-81.488,18.364,62,0.364,0.541,-0.177,-0.983,244.828,326.316,284,372,116,114,78.763,13
2025,15,111,North Carolina,ACC,3,8,-82.353,-88.964,103,0.273,0.263,0.009,0.048,159.664,242.017,190,288,119,119,-1.045,69
2025,15,112,Stanford,ACC,4,8,-86.232,-38.282,84,0.333,0.384,-0.051,-0.285,163.768,250.000,226,350,138,140,46.617,44
2025,15,113,UTEP,Conference USA,1,10,-92.869,-171.693,132,0.091,0.106,-0.015,-0.085,163.014,255.882,238,348,146,136,-84.530,128
2025,15,114,Georgia Southern,Sun Belt,5,6,-94.628,-115.532,113,0.455,0.249,0.205,1.129,222.308,316.935,289,393,130,124,-41.032,90
2025,15,115,Nevada,Mountain West,2,9,-96.063,-120.185,116,0.182,0.161,0.021,0.111,150.394,246.457,191,313,127,127,-22.833,78
2025,15,116,Florida Atlantic,American Athletic,3,8,-98.858,-105.877,110,0.273,0.275,-0.002,-0.017,225.758,324.615,298,422,132,130,-35.142,89
2025,15,117,Coastal Carolina,Sun Belt,5,6,-103.139,-99.457,108,0.455,0.235,0.219,1.208,177.551,280.690,261,407,147,145,-43.388,92
2025,15,118,Colorado State,Mountain West,1,10,-110.229,-113.542,112,0.091,0.215,-0.124,-0.689,163.415,273.643,201,353,123,129,4.879,67
2025,15,119,Boston College,ACC,1,10,-114.856,-69.531,93,0.091,0.327,-0.236,-1.309,186.719,301.575,239,383,128,127,32.534,57
2025,15,120,West Virginia,Big 12,3,8,-114.893,-2.550,71,0.273,0.492,-0.219,-1.215,151.049,265.942,216,367,143,138,94.518,4
2025,15,121,San José State,Mountain West,2,9,-115.657,-121.251,119,0.182,0.209,-0.027,-0.154,164.964,280.620,226,362,137,129,-29.426,83
2025,15,122,Kent State,Mid-American,4,7,-119.650,-126.420,122,0.364,0.205,0.159,0.872,177.273,296.923,234,386,132,130,-57.297,108
2025,15,123,Virginia Tech,ACC,2,9,-122.187,-70.709,94,0.182,0.327,-0.145,-0.807,179.508,301.695,219,356,122,118,64.484,24
2025,15,124,Ball State,Mid-American,3,8,-129.242,-169.530,131,0.273,0.078,0.195,1.072,120.000,249.242,156,329,130,132,-57.217,107
2025,15,125,Rice,American Athletic,4,7,-133.787,-133.355,125,0.364,0.146,0.218,1.200,169.492,303.279,200,370,118,122,-33.381,86
2025,15,126,Oregon State,Pac-12,1,10,-137.477,-126.896,123,0.091,0.186,-0.095,-0.528,128.148,265.625,173,340,135,128,7.788,66
2025,15,127,Purdue,Big Ten,1,10,-140.014,-9.713,72,0.091,0.471,-0.380,-2.105,159.167,299.180,191,365,120,122,99.505,2
2025,15,128,UAB,American Athletic,3,8,-141.775,-161.370,130,0.273,0.182,0.091,0.498,220.833,362.609,265,417,120,115,-26.529,80
2025,15,129,UCLA,Big Ten,3,9,-164.047,-26.186,79,0.250,0.431,-0.181,-1.006,178.689,342.735,218,401,122,117,99.460,3
2025,15,130,Syracuse,ACC,2,9,-166.622,-81.013,101,0.182,0.243,-0.062,-0.344,130.370,296.992,176,395,135,133,59.754,33
2025,15,131,Sam Houston,Conference USA,2,10,-167.213,-222.462,135,0.167,0.052,0.115,0.632,145.890,313.103,213,454,146,145,-75.874,121
2025,15,132,UL Monroe,Sun Belt,2,9,-170.431,-181.401,133,0.182,0.076,0.106,0.583,128.788,299.219,170,383,132,128,-47.123,94
2025,15,133,Georgia State,Sun Belt,0,11,-183.465,-154.959,128,0.000,0.145,-0.145,-0.802,157.480,340.945,200,433,127,127,-11.065,74
2025,15,134,Oklahoma State,Big 12,0,11,-201.115,-74.365,98,0.000,0.277,-0.277,-1.533,108.333,309.449,143,393,132,127,84.418,9
2025,15,135,Charlotte,American Athletic,0,11,-209.977,-206.864,134,0.000,0.045,-0.045,-0.255,98.485,308.462,130,401,132,130,-4.836,71
2025,15,136,Massachusetts,Mid-American,0,11,-261.111,-279.654,136,0.000,0.018,-0.018,-0.101,84.921,346.032,107,436,126,126,-57.420,109
2025,16,1,Indiana,Big Ten,12,0,251.561,238.542,2,1.000,0.967,0.033,0.181,357.576,106.015,472,141,132,133,66.742,21
2025,16,2,Ohio State,Big Ten,11,1,233.250,273.365,1,0.917,0.988,-0.071,-0.395,325.424,92.174,384,106,118,115,66.107,22
2025,16,3,Texas Tech,Big 12,11,1,219.792,226.711,4,0.917,0.983,-0.067,-0.370,303.125,83.333,485,135,160,162,49.470,41
2025,16,4,Notre Dame,FBS Independents,10,2,212.736,214.774,5,0.833,0.929,-0.096,-0.531,367.883,155.147,504,211,137,136,42.966,49
2025,16,5,Oregon,Big Ten,10,1,200.636,207.316,6,0.909,0.934,-0.025,-0.140,338.136,137.500,399,165,118,120,60.253,32
2025,16,6,Utah,Big 12,9,2,180.108,231.257,3,0.818,0.926,-0.108,-0.600,346.774,166.667,430,215,124,129,60.974,29
2025,16,7,James Madison,Sun Belt,11,1,164.441,72.285,35,0.917,0.713,0.204,1.123,303.448,139.007,440,196,145,141,-55.943,105
2025,16,8,Miami,ACC,9,2,162.854,197.226,7,0.818,0.933,-0.115,-0.638,291.200,128.346,364,163,125,127,46.428,45
2025,16,9,North Texas,American Athletic,10,2,146.547,63.452,40,0.833,0.631,0.203,1.118,384.783,238.235,531,324,138,136,-51.295,97
2025,16,10,Vanderbilt,SEC,9,2,145.473,158.503,10,0.818,0.799,0.019,0.103,365.812,220.339,428,260,117,118,38.754,53
2025,16,11,Georgia,SEC,11,1,138.705,173.630,9,0.917,0.892,0.025,0.133,290.977,152.273,387,201,133,132,50.298,40
2025,16,12,South Florida,American Athletic,8,3,135.507,99.174,26,0.727,0.748,-0.021,-0.118,328.261,192.754,453,266,138,138,-22.651,77
2025,16,13,USC,Big Ten,9,3,133.465,146.460,14,0.750,0.802,-0.052,-0.288,350.400,216.935,438,269,125,124,47.152,43
2025,16,14,Toledo,Mid-American,7,4,131.742,24.725,60,0.636,0.588,0.048,0.265,234.559,102.817,319,146,136,142,-86.182,129
2025,16,15,Iowa,Big Ten,7,4,128.731,149.190,13,0.636,0.882,-0.246,-1.362,272.174,143.443,313,175,115,122,52.491,39
2025,16,16,Ole Miss,SEC,10,1,126.564,134.888,15,0.909,0.789,0.120,0.659,313.386,186.822,398,241,127,129,41.585,50
2025,16,17,Alabama,SEC,9,3,107.853,156.422,11,0.750,0.859,-0.109,-0.607,277.778,169.925,350,226,126,133,78.850,12
2025,16,18,Washington,Big Ten,7,4,102.547,134.005,17,0.636,0.795,-0.159,-0.881,296.460,193.913,335,223,113,115,54.788,36
2025,16,19,Arizona,Big 12,8,3,89.368,134.639,16,0.727,0.852,-0.125,-0.692,254.074,164.706,343,224,135,136,58.978,34
2025,16,20,Texas A&M,SEC,10,1,89.189,155.218,12,0.909,0.831,0.078,0.429,281.159,191.971,388,263,138,137,63.666,26
2025,16,21,Old Dominion,Sun Belt,8,3,86.915,22.316,61,0.727,0.574,0.153,0.843,243.165,156.250,338,225,139,144,-56.182,106
2025,16,22,Oklahoma,SEC,9,2,86.765,128.068,18,0.818,0.892,-0.074,-0.410,207.353,120.588,282,164,136,136,64.044,25
2025,16,23,Memphis,American Athletic,7,4,83.339,29.730,56,0.636,0.577,0.060,0.327,291.339,208.000,370,260,127,125,-49.296,96
2025,16,24,SMU,ACC,7,4,83.078,97.941,28,0.636,0.755,-0.119,-0.658,252.143,169.065,353,235,140,139,15.712,62
2025,16,25,Virginia,ACC,9,3,81.335,72.251,36,0.750,0.708,0.042,0.230,252.083,170.748,363,251,144,147,-0.893,68
2025,16,26,San Diego State,Mountain West,8,3,81.207,36.207,52,0.727,0.633,0.094,0.517,193.893,112.687,254,151,131,134,-54.518,100
2025,16,27,Texas,SEC,9,3,80.794,103.056,22,0.750,0.795,-0.045,-0.253,246.528,165.734,355,237,144,143,41.153,51
2025,16,28,BYU,Big 12,10,2,79.868,180.149,8,0.833,0.884,-0.050,-0.281,256.296,176.429,346,247,135,140,92.296,6
2025,16,29,UNLV,Mountain West,9,3,79.286,30.822,53,0.750,0.566,0.184,1.015,325.000,245.714,429,344,132,140,-55.320,102
2025,16,30,Tennessee,SEC,7,4,79.165,102.157,23,0.636,0.716,-0.079,-0.441,325.781,246.617,417,328,128,133,34.176,55
2025,16,31,Michigan,Big Ten,9,3,77.318,101.579,25,0.750,0.778,-0.028,-0.158,247.015,169.697,331,224,134,132,54.117,38
2025,16,32,Missouri,SEC,7,4,73.198,98.114,27,0.636,0.780,-0.144,-0.797,251.938,178.740,325,227,129,127,44.086,48
2025,16,33,Penn State,Big Ten,5,6,71.626,115.486,19,0.455,0.755,-0.300,-1.660,293.750,222.124,329,251,112,113,60.521,31
2025,16,34,East Carolina,American Athletic,7,4,65.940,16.833,64,0.636,0.554,0.083,0.455,247.143,181.203,346,241,140,133,-33.147,86
2025,16,35,UConn,FBS Independents,8,3,64.192,-41.453,85,0.727,0.396,0.331,1.826,290.909,226.718,384,297,132,131,-98.700,135
2025,16,36,Pittsburgh,ACC,7,4,58.993,78.457,31,0.636,0.705,-0.069,-0.383,258.993,200.000,360,290,139,145,33.767,56
2025,16,37,Tulane,American Athletic,11,2,54.685,30.057,55,0.846,0.590,0.257,1.415,252.000,197.315,378,294,150,149,-26.689,81
2025,16,38,Florida State,ACC,4,7,54.133,62.705,41,0.364,0.661,-0.298,-1.648,268.067,213.934,319,261,119,122,39.473,52
2025,16,39,Ohio,Mid-American,7,4,52.346,-15.382,75,0.636,0.459,0.178,0.979,241.322,188.976,292,240,121,127,-72.678,118
2025,16,40,Boise State,Mountain West,8,4,51.953,43.565,48,0.667,0.630,0.037,0.200,244.521,192.568,357,285,146,148,-1.990,70
2025,16,41,Clemson,ACC,6,5,51.423,65.516,38,0.545,0.682,-0.136,-0.757,233.594,182.171,299,235,128,129,13.455,64
2025,16,42,Louisville,ACC,7,4,50.212,64.328,39,0.636,0.694,-0.057,-0.318,223.741,173.529,311,236,139,136,25.906,59
2025,16,43,Louisiana Tech,Conference USA,6,5,49.130,-62.500,90,0.545,0.325,0.220,1.214,238.760,189.630,308,256,129,135,-80.604,123
2025,16,44,New Mexico,Mountain West,8,3,42.010,18.018,63,0.727,0.548,0.179,0.989,250.413,208.403,303,248,121,119,-33.877,88
2025,16,45,Texas State,Sun Belt,5,6,40.115,-11.812,73,0.455,0.475,-0.021,-0.118,315.873,275.758,398,364,126,132,-60.529,113
2025,16,46,Duke,ACC,7,5,39.350,48.707,45,0.583,0.607,-0.023,-0.131,303.053,263.704,397,356,131,135,17.235,61
2025,16,47,Houston,Big 12,8,3,36.336,74.104,34,0.727,0.680,0.047,0.259,242.636,206.299,313,262,129,127,24.404,60
2025,16,48,Iowa State,Big 12,7,4,33.533,108.485,21,0.636,0.782,-0.146,-0.810,224.590,191.057,274,235,122,123,67.790,20
2025,16,49,Georgia Tech,ACC,8,3,33.391,52.020,44,0.727,0.623,0.104,0.572,281.667,248.276,338,288,120,116,14.830,63
2025,16,50,Kansas State,Big 12,5,6,32.122,112.268,20,0.455,0.772,-0.317,-1.757,248.031,215.909,315,285,127,132,74.946,15
2025,16,51,TCU,Big 12,7,4,32.007,93.597,29,0.636,0.739,-0.102,-0.569,251.538,219.531,327,281,130,128,63.272,27
2025,16,52,Kennesaw State,Conference USA,9,3,29.050,-26.875,80,0.750,0.425,0.325,1.794,235.172,206.122,341,303,145,147,-66.489,115
2025,16,53,Western Michigan,Mid-American,8,4,28.845,-44.809,87,0.667,0.344,0.323,1.783,194.030,165.185,260,223,134,135,-65.608,114
2025,16,54,Hawai'i,Mountain West,7,4,25.388,-27.380,81,0.636,0.428,0.209,1.151,241.667,216.279,319,279,132,129,-46.879,93
2025,16,55,Auburn,SEC,4,7,24.071,81.439,30,0.364,0.752,-0.388,-2.147,208.871,184.800,259,231,124,125,61.174,28
2025,16,56,Navy,American Athletic,9,2,22.546,1.966,70,0.818,0.505,0.313,1.728,290.090,267.544,322,305,111,114,-25.758,79
2025,16,57,Wake Forest,ACC,7,4,21.583,16.362,65,0.636,0.560,0.077,0.420,200.000,178.417,280,248,140,139,-5.509,72
2025,16,58,Western Kentucky,Conference USA,7,4,18.355,-73.575,97,0.636,0.310,0.326,1.801,222.059,203.704,302,275,136,135,-88.590,131
2025,16,59,UTSA,American Athletic,5,6,16.541,-15.443,76,0.455,0.459,-0.004,-0.027,268.421,251.880,357,335,133,133,-18.464,76
2025,16,60,Nebraska,Big Ten,6,5,15.464,8.233,67,0.545,0.523,0.022,0.121,245.378,229.915,292,269,119,117,37.035,54
2025,16,61,Fresno State,Mountain West,7,4,13.286,-41.617,86,0.636,0.373,0.263,1.454,191.912,178.626,261,234,136,131,-54.283,99
2025,16,62,Illinois,Big Ten,7,4,12.162,101.860,24,0.636,0.744,-0.108,-0.600,256.410,244.248,300,276,117,113,76.982,14
2025,16,63,Southern Miss,Sun Belt,6,5,9.831,-71.183,95,0.545,0.309,0.237,1.306,237.037,227.206,320,309,135,136,-82.223,127
2025,16,64,Washington State,Pac-12,5,6,9.769,37.926,51,0.455,0.623,-0.169,-0.935,198.387,188.618,246,232,124,123,9.820,65
2025,16,65,Cincinnati,Big 12,6,5,4.387,74.112,33,0.545,0.671,-0.126,-0.697,268.103,263.717,311,298,116,113,60.558,30
2025,16,66,Utah State,Mountain West,5,6,0.709,-17.896,78,0.455,0.449,0.006,0.029,236.170,235.461,333,332,141,141,-13.013,75
2025,16,67,Army,American Athletic,6,5,-0.119,-33.262,82,0.545,0.406,0.140,0.771,237.255,237.374,242,235,102,99,-37.721,90
2025,16,68,Jacksonville State,Conference USA,7,5,-0.267,-96.366,107,0.583,0.261,0.323,1.780,237.143,237.410,332,330,140,139,-97.311,133
2025,16,69,Arizona State,Big 12,7,4,-0.696,74.451,32,0.636,0.730,-0.093,-0.518,192.537,193.233,258,257,134,133,86.369,7
2025,16,70,Florida International,Conference USA,6,5,-5.843,-95.542,106,0.545,0.225,0.320,1.768,217.606,223.448,309,324,142,145,-82.192,126
2025,16,71,Miami (OH),Mid-American,6,6,-6.342,-79.073,100,0.500,0.300,0.200,1.101,208.696,215.038,288,286,138,133,-59.724,111
2025,16,72,LSU,SEC,6,5,-6.811,66.710,37,0.545,0.745,-0.199,-1.104,157.252,164.062,206,210,131,128,72.951,17
2025,16,73,Troy,Sun Belt,7,5,-12.162,-60.383,89,0.583,0.319,0.265,1.461,187.838,200.000,278,298,148,149,-55.551,103
2025,16,74,Marshall,Sun Belt,4,7,-12.733,-50.524,88,0.364,0.369,-0.006,-0.033,243.382,256.115,331,356,136,139,-48.948,95
2025,16,75,South Carolina,SEC,3,8,-13.341,55.542,43,0.273,0.678,-0.406,-2.244,182.812,196.154,234,255,128,130,72.703,18
2025,16,76,Northwestern,Big Ten,5,6,-14.679,30.201,54,0.455,0.587,-0.132,-0.732,209.174,223.853,228,244,109,109,45.297,47
2025,16,77,Central Michigan,Mid-American,6,5,-17.254,-73.389,96,0.545,0.295,0.251,1.384,197.500,214.754,237,262,120,122,-81.391,125
2025,16,78,Liberty,Conference USA,3,8,-18.221,-102.502,109,0.273,0.264,0.009,0.047,230.579,248.800,279,311,121,125,-73.542,119
2025,16,79,Kansas,Big 12,4,7,-21.564,60.936,42,0.364,0.634,-0.270,-1.497,244.538,266.102,291,314,119,118,79.782,11
2025,16,80,Buffalo,Mid-American,4,7,-22.449,-124.322,120,0.364,0.145,0.219,1.205,165.306,187.755,243,276,147,147,-97.704,134
2025,16,81,NC State,ACC,6,5,-28.111,45.206,47,0.545,0.610,-0.064,-0.358,242.857,270.968,306,336,126,124,54.516,37
2025,16,82,Arkansas,SEC,1,10,-31.096,46.171,46,0.091,0.595,-0.504,-2.788,290.678,321.774,343,399,118,124,84.616,8
2025,16,83,Air Force,Mountain West,3,8,-35.907,-67.112,91,0.273,0.359,-0.087,-0.481,286.111,322.018,309,351,108,109,-32.323,84
2025,16,84,Arkansas State,Sun Belt,5,6,-36.216,-84.966,102,0.455,0.234,0.221,1.218,187.313,223.529,251,304,134,136,-57.608,110
2025,16,85,Baylor,Big 12,4,7,-39.081,40.320,49,0.364,0.588,-0.224,-1.242,258.594,297.674,331,384,128,129,82.721,10
2025,16,86,Mississippi State,SEC,4,7,-39.367,29.658,57,0.364,0.580,-0.216,-1.196,217.986,257.353,303,350,139,136,64.717,23
2025,16,87,UCF,Big 12,4,7,-39.545,10.415,66,0.364,0.536,-0.172,-0.953,177.778,217.323,224,276,126,127,46.047,46
2025,16,88,California,ACC,6,5,-39.695,-37.262,83,0.545,0.397,0.148,0.818,200.763,240.458,263,315,131,131,-6.397,73
2025,16,89,Maryland,Big Ten,3,8,-40.131,-15.377,74,0.273,0.451,-0.178,-0.988,184.496,224.627,238,301,129,134,30.633,58
2025,16,90,Eastern Michigan,Mid-American,4,7,-41.022,-120.855,118,0.364,0.220,0.144,0.791,218.033,259.055,266,329,122,127,-80.879,124
2025,16,91,Delaware,Conference USA,5,6,-42.277,-126.014,121,0.455,0.229,0.226,1.244,240.299,282.576,322,373,134,132,-88.184,130
2025,16,92,App State,Sun Belt,4,7,-49.028,-93.355,104,0.364,0.270,0.094,0.515,210.370,259.398,284,345,135,133,-70.178,117
2025,16,93,Louisiana,Sun Belt,5,6,-51.300,-107.356,111,0.455,0.244,0.210,1.160,222.137,273.438,291,350,131,128,-60.435,112
2025,16,94,Bowling Green,Mid-American,3,8,-51.380,-127.605,124,0.273,0.160,0.113,0.620,165.414,216.794,220,284,133,131,-75.864,120
2025,16,95,Middle Tennessee,Conference USA,3,8,-53.138,-145.877,127,0.273,0.163,0.110,0.606,194.656,247.794,255,337,131,136,-89.220,132
2025,16,96,Missouri State,Conference USA,6,5,-54.374,-78.316,99,0.545,0.290,0.256,1.410,205.469,259.843,263,330,128,127,-54.849,101
2025,16,97,Temple,American Athletic,4,7,-58.253,-69.001,92,0.364,0.343,0.020,0.111,242.609,300.862,279,349,115,116,-32.948,85
2025,16,98,Minnesota,Big Ten,6,5,-58.634,4.616,69,0.545,0.514,0.032,0.173,177.500,236.134,213,281,120,119,47.717,42
2025,16,99,South Alabama,Sun Belt,3,8,-59.745,-120.442,117,0.273,0.229,0.044,0.241,222.222,281.967,280,344,126,122,-54.233,98
2025,16,100,Wyoming,Mountain West,3,8,-60.000,-95.144,105,0.273,0.174,0.099,0.543,123.846,183.846,161,239,130,130,-29.305,82
2025,16,101,New Mexico State,Conference USA,3,8,-61.624,-118.643,114,0.273,0.173,0.099,0.547,172.662,234.286,240,328,139,140,-80.318,122
2025,16,102,Michigan State,Big Ten,3,8,-62.192,-17.544,77,0.273,0.456,-0.183,-1.013,201.587,263.780,254,335,126,127,55.287,35
2025,16,103,Kentucky,SEC,4,7,-66.378,6.452,68,0.364,0.519,-0.156,-0.862,177.273,243.651,234,307,132,126,74.147,16
2025,16,104,Florida,SEC,3,8,-68.017,38.206,50,0.273,0.614,-0.341,-1.886,170.000,238.017,204,288,120,121,102.807,1
2025,16,105,Colorado,Big 12,3,9,-74.194,25.599,59,0.250,0.578,-0.328,-1.813,173.103,247.297,251,366,145,148,69.776,19
2025,16,106,Northern Illinois,Mid-American,2,9,-74.814,-142.824,126,0.182,0.133,0.049,0.269,152.459,227.273,186,275,122,121,-69.138,116
2025,16,107,Tulsa,American Athletic,3,8,-75.055,-119.854,115,0.273,0.181,0.091,0.502,178.676,253.731,243,340,136,134,-55.556,104
2025,16,108,Wisconsin,Big Ten,4,8,-79.144,27.105,58,0.333,0.601,-0.267,-1.481,123.200,202.344,154,259,125,128,93.881,5
2025,16,109,Akron,Mid-American,4,7,-81.221,-155.146,129,0.364,0.097,0.267,1.472,152.113,233.333,216,322,142,138,-109.424,136
2025,16,110,Rutgers,Big Ten,4,7,-81.488,18.352,62,0.364,0.541,-0.177,-0.982,244.828,326.316,284,372,116,114,78.751,13
2025,16,111,North Carolina,ACC,3,8,-82.353,-88.935,103,0.273,0.263,0.009,0.049,159.664,242.017,190,288,119,119,-1.017,69
2025,16,112,Stanford,ACC,4,8,-86.232,-38.308,84,0.333,0.384,-0.051,-0.283,163.768,250.000,226,350,138,140,46.591,44
2025,16,113,UTEP,Conference USA,1,10,-92.869,-171.702,132,0.091,0.106,-0.015,-0.084,163.014,255.882,238,348,146,136,-84.539,128
2025,16,114,Georgia Southern,Sun Belt,5,6,-94.628,-115.533,113,0.455,0.249,0.205,1.131,222.308,316.935,289,393,130,124,-41.033,91
2025,16,115,Nevada,Mountain West,2,9,-96.063,-120.195,116,0.182,0.161,0.021,0.113,150.394,246.457,191,313,127,127,-22.843,78
2025,16,116,Florida Atlantic,American Athletic,3,8,-98.858,-106.150,110,0.273,0.275,-0.002,-0.013,225.758,324.615,298,422,132,130,-35.415,89
2025,16,117,Coastal Carolina,Sun Belt,5,6,-103.139,-99.434,108,0.455,0.235,0.219,1.210,177.551,280.690,261,407,147,145,-43.364,92
2025,16,118,Colorado State,Mountain West,1,10,-110.229,-113.526,112,0.091,0.215,-0.124,-0.688,163.415,273.643,201,353,123,129,4.895,67
2025,16,119,Boston College,ACC,1,10,-114.856,-69.573,93,0.091,0.327,-0.236,-1.307,186.719,301.575,239,383,128,127,32.492,57
2025,16,120,West Virginia,Big 12,3,8,-114.893,-2.497,71,0.273,0.492,-0.219,-1.216,151.049,265.942,216,367,143,138,94.572,4
2025,16,121,San José State,Mountain West,2,9,-115.657,-121.258,119,0.182,0.209,-0.027,-0.152,164.964,280.620,226,362,137,129,-29.433,83
2025,16,122,Kent State,Mid-American,4,7,-119.650,-126.420,122,0.364,0.205,0.159,0.874,177.273,296.923,234,386,132,130,-57.297,108
2025,16,123,Virginia Tech,ACC,2,9,-122.187,-70.721,94,0.182,0.327,-0.145,-0.806,179.508,301.695,219,356,122,118,64.473,24
2025,16,124,Ball State,Mid-American,3,8,-129.242,-169.545,131,0.273,0.078,0.195,1.074,120.000,249.242,156,329,130,132,-57.231,107
2025,16,125,Rice,American Athletic,4,7,-133.787,-133.617,125,0.364,0.145,0.218,1.204,169.492,303.279,200,370,118,122,-33.643,87
2025,16,126,Oregon State,Pac-12,1,10,-137.477,-126.885,123,0.091,0.186,-0.095,-0.526,128.148,265.625,173,340,135,128,7.799,66
2025,16,127,Purdue,Big Ten,1,10,-140.014,-9.744,72,0.091,0.471,-0.380,-2.104,159.167,299.180,191,365,120,122,99.474,2
2025,16,128,UAB,American Athletic,3,8,-141.775,-161.478,130,0.273,0.182,0.091,0.498,220.833,362.609,265,417,120,115,-26.637,80
2025,16,129,UCLA,Big Ten,3,9,-164.047,-26.191,79,0.250,0.431,-0.181,-1.005,178.689,342.735,218,401,122,117,99.456,3
2025,16,130,Syracuse,ACC,2,9,-166.622,-81.054,101,0.182,0.243,-0.061,-0.342,130.370,296.992,176,395,135,133,59.712,33
2025,16,131,Sam Houston,Conference USA,2,10,-167.213,-222.471,135,0.167,0.052,0.115,0.634,145.890,313.103,213,454,146,145,-75.884,121
2025,16,132,UL Monroe,Sun Belt,2,9,-170.431,-181.400,133,0.182,0.076,0.106,0.585,128.788,299.219,170,383,132,128,-47.122,94
2025,16,133,Georgia State,Sun Belt,0,11,-183.465,-154.981,128,0.000,0.144,-0.144,-0.801,157.480,340.945,200,433,127,127,-11.086,74
2025,16,134,Oklahoma State,Big 12,0,11,-201.115,-74.287,98,0.000,0.277,-0.277,-1.533,108.333,309.449,143,393,132,127,84.496,9
2025,16,135,Charlotte,American Athletic,0,11,-209.977,-206.616,134,0.000,0.046,-0.046,-0.256,98.485,308.462,130,401,132,130,-4.588,71
2025,16,136,Massachusetts,Mid-American,0,11,-261.111,-279.651,136,0.000,0.018,-0.018,-0.099,84.921,346.032,107,436,126,126,-57.418,109
2025,17,1,Indiana,Big Ten,15,0,250.470,275.437,1,1.000,0.980,0.020,0.164,363.804,113.333,593,187,163,165,95.539,5
2025,17,2,Notre Dame,FBS Independents,10,2,212.736,219.759,3,0.833,0.930,-0.097,-0.491,367.883,155.147,504,211,137,136,47.951,47
2025,17,3,Ohio State,Big Ten,11,2,206.938,269.247,2,0.846,0.986,-0.139,-0.730,310.938,104.000,398,130,128,125,85.624,10
2025,17,4,Texas Tech,Big 12,11,2,190.061,200.963,7,0.846,0.975,-0.129,-0.672,280.347,90.286,485,158,173,175,50.965,42
2025,17,5,Utah,Big 12,10,2,183.026,219.253,4,0.833,0.912,-0.079,-0.390,351.111,168.085,474,237,135,141,45.105,49
2025,17,6,Oregon,Big Ten,12,2,154.887,211.120,6,0.857,0.925,-0.068,-0.328,317.308,162.420,495,255,156,157,92.966,8
2025,17,7,James Madison,Sun Belt,11,2,139.610,74.611,33,0.846,0.708,0.138,0.823,300.000,160.390,474,247,158,154,-33.694,88
2025,17,8,North Texas,American Athletic,11,2,132.544,68.510,35,0.846,0.639,0.208,1.212,376.623,244.079,580,371,154,152,-38.373,92
2025,17,9,Miami,ACC,12,3,128.625,213.591,5,0.800,0.954,-0.154,-0.810,266.272,137.647,450,234,169,170,93.814,7
2025,17,10,Vanderbilt,SEC,9,3,127.562,152.909,12,0.750,0.792,-0.042,-0.186,355.469,227.907,455,294,128,129,48.443,46
2025,17,11,Iowa,Big Ten,8,4,123.517,160.641,10,0.667,0.899,-0.233,-1.252,275.397,151.880,347,202,126,133,66.698,25
2025,17,12,Georgia,SEC,11,2,122.839,169.392,8,0.846,0.886,-0.040,-0.173,288.356,165.517,421,240,146,145,58.507,36
2025,17,13,USC,Big Ten,9,4,122.059,147.038,14,0.692,0.807,-0.115,-0.591,341.912,219.853,465,299,136,136,55.718,40
2025,17,14,Toledo,Mid-American,7,5,119.635,27.520,58,0.583,0.594,-0.011,-0.012,231.973,112.338,341,173,147,154,-72.062,120
2025,17,15,Ole Miss,SEC,12,2,118.301,152.268,13,0.857,0.819,0.038,0.264,309.816,191.515,505,316,163,165,62.143,29
2025,17,16,South Florida,American Athletic,8,4,115.063,88.893,27,0.667,0.730,-0.063,-0.305,304.605,189.542,463,290,152,153,-15.399,77
2025,17,17,Washington,Big Ten,8,4,111.670,145.025,16,0.667,0.821,-0.155,-0.816,293.701,182.031,373,233,127,128,56.200,39
2025,17,18,Old Dominion,Sun Belt,9,3,86.331,39.319,51,0.750,0.634,0.116,0.699,235.065,148.734,362,235,154,158,-40.018,94
2025,17,19,Texas,SEC,10,3,84.615,110.722,20,0.769,0.803,-0.034,-0.141,253.846,169.231,396,264,156,156,43.275,51
2025,17,20,Virginia,ACC,10,3,80.865,84.624,30,0.769,0.747,0.022,0.176,244.156,163.291,376,258,154,158,12.001,65
2025,17,21,SMU,ACC,8,4,80.336,104.483,22,0.667,0.770,-0.103,-0.529,249.669,169.333,377,254,151,150,25.319,62
2025,17,22,Arizona,Big 12,8,4,79.238,116.231,19,0.667,0.819,-0.153,-0.805,247.945,168.707,362,248,146,147,50.663,43
2025,17,23,Texas A&M,SEC,10,2,79.195,155.815,11,0.833,0.850,-0.017,-0.042,262.416,183.221,391,273,149,149,76.564,15
2025,17,24,BYU,Big 12,11,2,78.972,164.581,9,0.846,0.863,-0.017,-0.043,257.639,178.667,371,268,144,150,78.272,14
2025,17,25,Alabama,SEC,10,4,76.871,145.371,15,0.714,0.842,-0.128,-0.665,261.486,184.615,387,288,148,156,94.666,6
2025,17,26,Tennessee,SEC,7,5,75.093,101.521,24,0.583,0.713,-0.129,-0.674,327.206,252.113,445,358,136,142,37.817,53
2025,17,27,Penn State,Big Ten,6,6,73.171,125.621,17,0.500,0.783,-0.283,-1.535,285.366,212.195,351,261,123,123,66.903,24
2025,17,28,San Diego State,Mountain West,8,4,71.429,38.032,52,0.667,0.637,0.030,0.216,204.762,133.333,301,200,147,150,-44.091,96
2025,17,29,Oklahoma,SEC,9,3,71.114,122.194,18,0.750,0.879,-0.129,-0.671,204.000,132.886,306,198,150,149,71.015,22
2025,17,30,UNLV,Mountain West,9,4,69.066,19.931,63,0.692,0.545,0.148,0.878,311.348,242.282,439,361,141,149,-53.601,102
2025,17,31,Missouri,SEC,7,5,61.960,86.725,29,0.583,0.759,-0.176,-0.934,237.143,175.182,332,240,140,137,42.729,52
2025,17,32,East Carolina,American Athletic,8,4,61.679,27.505,59,0.667,0.589,0.078,0.488,239.610,177.931,369,258,154,145,-20.195,79
2025,17,33,Michigan,Big Ten,9,4,59.510,94.160,26,0.692,0.753,-0.061,-0.290,243.537,184.028,358,265,147,144,60.654,33
2025,17,34,Memphis,American Athletic,7,5,56.877,16.465,65,0.583,0.544,0.039,0.271,269.286,212.409,377,291,140,137,-38.935,93
2025,17,35,Texas State,Sun Belt,6,6,55.640,-8.668,76,0.500,0.481,0.019,0.155,313.571,257.931,439,374,140,145,-69.534,117
2025,17,36,Florida State,ACC,4,7,54.133,68.221,36,0.364,0.673,-0.309,-1.682,268.067,213.934,319,261,119,122,44.988,50
2025,17,37,Ohio,Mid-American,8,4,53.869,-5.248,74,0.667,0.485,0.182,1.067,237.692,183.824,309,250,130,136,-64.251,114
2025,17,38,Pittsburgh,ACC,7,5,52.814,75.751,32,0.583,0.701,-0.118,-0.610,249.669,196.855,377,313,151,159,36.670,56
2025,17,39,Western Michigan,Mid-American,9,4,52.473,-24.352,82,0.692,0.413,0.279,1.613,206.164,153.691,301,229,146,149,-62.050,112
2025,17,40,Louisiana Tech,Conference USA,7,5,48.699,-61.672,89,0.583,0.321,0.262,1.520,225.170,176.471,331,270,147,153,-82.434,127
2025,17,41,Louisville,ACC,8,4,48.331,66.721,38,0.667,0.696,-0.029,-0.111,223.841,175.510,338,258,151,147,29.418,60
2025,17,42,UConn,FBS Independents,8,4,40.522,-67.291,92,0.667,0.340,0.326,1.878,283.688,243.165,400,338,141,139,-91.874,132
2025,17,43,Clemson,ACC,6,6,40.342,65.188,39,0.500,0.689,-0.189,-1.008,223.913,183.571,309,257,138,140,25.799,61
2025,17,44,Navy,American Athletic,10,2,40.242,24.074,61,0.833,0.563,0.271,1.566,292.623,252.381,357,318,122,126,-18.827,78
2025,17,45,UTSA,American Athletic,6,6,38.482,-3.929,73,0.500,0.490,0.010,0.108,281.633,243.151,414,355,147,146,-22.448,80
2025,17,46,Duke,ACC,8,5,37.352,55.119,43,0.615,0.620,-0.004,0.027,300.685,263.333,439,395,146,150,24.529,63
2025,17,47,New Mexico,Mountain West,8,4,36.270,12.799,66,0.667,0.535,0.132,0.788,242.424,206.154,320,268,132,130,-32.498,86
2025,17,48,Iowa State,Big 12,7,4,33.533,97.434,25,0.636,0.759,-0.122,-0.635,224.590,191.057,274,235,122,123,56.739,37
2025,17,49,Kansas State,Big 12,5,6,32.122,102.744,23,0.455,0.753,-0.298,-1.619,248.031,215.909,315,285,127,132,65.422,27
2025,17,50,Boise State,Mountain West,8,5,31.435,33.161,53,0.615,0.601,0.015,0.133,230.818,199.383,367,323,159,162,6.072,69
2025,17,51,Tulane,American Athletic,11,3,31.432,28.631,56,0.786,0.587,0.198,1.162,239.506,208.075,388,335,162,161,-7.395,74
2025,17,52,TCU,Big 12,8,4,29.826,88.219,28,0.667,0.729,-0.063,-0.300,251.408,221.583,357,308,142,139,60.043,34
2025,17,53,Houston,Big 12,9,3,28.801,54.968,44,0.750,0.629,0.121,0.727,247.183,218.382,351,297,142,136,17.458,64
2025,17,54,Wake Forest,ACC,8,4,28.695,29.957,55,0.667,0.604,0.063,0.402,209.740,181.046,323,277,154,153,1.575,71
2025,17,55,Hawai'i,Mountain West,8,4,28.042,-23.761,81,0.667,0.439,0.227,1.322,251.064,223.022,354,310,141,139,-48.208,100
2025,17,56,Georgia Tech,ACC,8,4,25.754,59.383,41,0.667,0.641,0.026,0.196,276.154,250.400,359,313,130,125,30.940,59
2025,17,57,Army,American Athletic,7,5,24.865,-3.907,72,0.583,0.489,0.094,0.578,257.273,232.407,283,251,110,108,-35.887,90
2025,17,58,Auburn,SEC,4,7,24.071,76.936,31,0.364,0.737,-0.374,-2.042,208.871,184.800,259,231,124,125,56.671,38
2025,17,59,Western Kentucky,Conference USA,8,4,23.881,-68.048,94,0.667,0.317,0.350,2.008,217.881,194.000,329,291,151,150,-87.923,130
2025,17,60,Fresno State,Mountain West,8,4,21.711,-34.721,83,0.667,0.387,0.279,1.614,189.796,168.085,279,237,147,141,-57.467,107
2025,17,61,Washington State,Pac-12,6,6,18.350,45.495,47,0.500,0.646,-0.146,-0.764,204.380,186.029,280,253,137,136,11.398,66
2025,17,62,Northwestern,Big Ten,6,6,12.596,44.725,48,0.500,0.629,-0.129,-0.669,218.333,205.738,262,251,120,122,37.293,55
2025,17,63,Illinois,Big Ten,8,4,10.665,109.664,21,0.667,0.757,-0.091,-0.457,261.905,251.240,330,304,126,121,88.249,9
2025,17,64,Kennesaw State,Conference USA,9,4,1.887,-42.743,86,0.692,0.380,0.312,1.796,218.239,216.352,347,344,159,159,-60.812,111
2025,17,65,Southern Miss,Sun Belt,6,6,1.483,-78.786,96,0.500,0.286,0.214,1.248,224.000,222.517,336,336,150,151,-82.795,128
2025,17,66,Jacksonville State,Conference USA,8,5,0.939,-95.381,104,0.615,0.259,0.356,2.045,229.605,228.667,349,343,152,150,-98.060,134
2025,17,67,Arizona State,Big 12,7,5,-2.698,60.380,40,0.583,0.689,-0.106,-0.543,199.329,202.027,297,299,149,148,72.972,18
2025,17,68,LSU,SEC,6,6,-3.744,74.156,34,0.500,0.747,-0.247,-1.335,172.143,175.887,241,248,140,141,71.828,20
2025,17,69,Nebraska,Big Ten,6,6,-4.837,9.693,68,0.500,0.527,-0.027,-0.098,239.695,244.531,314,313,131,128,54.150,41
2025,17,70,NC State,ACC,7,5,-6.162,67.057,37,0.583,0.666,-0.082,-0.411,244.203,250.365,337,343,138,137,58.551,35
2025,17,71,Utah State,Mountain West,5,7,-7.792,-22.916,80,0.417,0.436,-0.019,-0.058,229.870,237.662,354,366,154,154,-10.105,76
2025,17,72,Troy,Sun Belt,7,6,-12.633,-65.999,91,0.538,0.299,0.240,1.393,183.019,195.652,291,315,159,161,-59.732,109
2025,17,73,Marshall,Sun Belt,4,7,-12.733,-49.493,87,0.364,0.373,-0.009,0.000,243.382,256.115,331,356,136,139,-47.917,99
2025,17,74,South Carolina,SEC,3,8,-13.341,55.902,42,0.273,0.677,-0.405,-2.215,182.812,196.154,234,255,128,130,73.063,17
2025,17,75,Miami (OH),Mid-American,6,7,-14.489,-81.842,99,0.462,0.288,0.174,1.023,196.622,211.111,291,304,148,144,-53.702,103
2025,17,76,Cincinnati,Big 12,6,6,-15.423,42.732,49,0.500,0.603,-0.103,-0.528,253.125,268.548,324,333,128,124,47.795,48
2025,17,77,Liberty,Conference USA,3,8,-18.221,-103.418,108,0.273,0.262,0.010,0.109,230.579,248.800,279,311,121,125,-74.457,121
2025,17,78,Kansas,Big 12,4,7,-21.564,47.271,45,0.364,0.604,-0.240,-1.295,244.538,266.102,291,314,119,118,66.117,26
2025,17,79,Buffalo,Mid-American,4,7,-22.449,-127.389,121,0.364,0.141,0.222,1.295,165.306,187.755,243,276,147,147,-100.770,135
2025,17,80,Florida International,Conference USA,6,6,-27.365,-106.086,109,0.500,0.206,0.294,1.699,212.258,239.623,329,381,155,159,-78.098,123
2025,17,81,Arkansas,SEC,1,10,-31.096,45.867,46,0.091,0.595,-0.504,-2.770,290.678,321.774,343,399,118,124,84.312,12
2025,17,82,Arkansas State,Sun Belt,6,6,-31.757,-87.707,103,0.500,0.235,0.265,1.533,192.568,224.324,285,332,148,148,-63.422,113
2025,17,83,Delaware,Conference USA,6,6,-34.331,-121.785,119,0.500,0.228,0.272,1.571,237.500,271.831,342,386,144,142,-92.940,133
2025,17,84,Air Force,Mountain West,3,8,-35.907,-67.396,93,0.273,0.358,-0.086,-0.428,286.111,322.018,309,351,108,109,-32.607,87
2025,17,85,Baylor,Big 12,4,7,-39.081,28.082,57,0.364,0.562,-0.198,-1.058,258.594,297.674,331,384,128,129,70.483,23
2025,17,86,Central Michigan,Mid-American,6,6,-39.098,-84.461,100,0.500,0.264,0.236,1.373,183.459,222.556,244,296,133,133,-70.526,118
2025,17,87,UCF,Big 12,4,7,-39.545,-2.940,71,0.364,0.490,-0.126,-0.656,177.778,217.323,224,276,126,127,32.692,58
2025,17,88,Maryland,Big Ten,3,8,-40.131,-8.632,75,0.273,0.472,-0.199,-1.066,184.496,224.627,238,301,129,134,37.378,54
2025,17,89,Eastern Michigan,Mid-American,4,7,-41.022,-120.022,115,0.364,0.225,0.139,0.827,218.033,259.055,266,329,122,127,-80.046,125
2025,17,90,California,ACC,6,6,-41.489,-38.538,85,0.500,0.398,0.102,0.624,208.511,250.000,294,350,141,140,-3.671,73
2025,17,91,Mississippi State,SEC,4,8,-45.007,20.774,62,0.333,0.554,-0.221,-1.187,216.993,262.000,332,393,153,150,61.245,30
2025,17,92,Missouri State,Conference USA,6,6,-50.299,-81.327,98,0.500,0.287,0.213,1.242,207.857,258.156,291,364,140,141,-59.022,108
2025,17,93,Minnesota,Big Ten,7,5,-51.368,11.682,67,0.583,0.536,0.047,0.315,177.863,229.231,233,298,131,130,48.919,45
2025,17,94,Bowling Green,Mid-American,3,8,-51.380,-130.667,124,0.273,0.154,0.118,0.713,165.414,216.794,220,284,133,131,-78.926,124
2025,17,95,Louisiana,Sun Belt,5,7,-52.513,-116.979,114,0.417,0.217,0.200,1.171,215.603,268.116,304,370,141,138,-68.134,116
2025,17,96,Middle Tennessee,Conference USA,3,8,-53.138,-147.323,127,0.273,0.161,0.112,0.678,194.656,247.794,255,337,131,136,-90.666,131
2025,17,97,App State,Sun Belt,4,8,-57.372,-106.953,110,0.333,0.236,0.098,0.598,204.167,261.538,294,374,144,143,-70.800,119
2025,17,98,Temple,American Athletic,4,7,-58.253,-61.145,88,0.364,0.360,0.004,0.073,242.609,300.862,279,349,115,116,-25.092,82
2025,17,99,South Alabama,Sun Belt,3,8,-59.745,-122.179,120,0.273,0.227,0.046,0.308,222.222,281.967,280,344,126,122,-55.971,105
2025,17,100,Wyoming,Mountain West,3,8,-60.000,-97.082,106,0.273,0.169,0.104,0.632,123.846,183.846,161,239,130,130,-31.243,85
2025,17,101,New Mexico State,Conference USA,3,8,-61.624,-120.379,116,0.273,0.171,0.102,0.621,172.662,234.286,240,328,139,140,-82.054,126
2025,17,102,Michigan State,Big Ten,3,8,-62.192,-9.134,77,0.273,0.477,-0.204,-1.092,201.587,263.780,254,335,126,127,63.697,28
2025,17,103,Kentucky,SEC,4,7,-66.378,8.219,69,0.364,0.525,-0.161,-0.852,177.273,243.651,234,307,132,126,75.914,16
2025,17,104,Florida,SEC,3,8,-68.017,41.179,50,0.273,0.622,-0.350,-1.907,170.000,238.017,204,288,120,121,105.779,2
2025,17,105,Colorado,Big 12,3,9,-74.194,16.730,64,0.250,0.551,-0.301,-1.635,173.103,247.297,251,366,145,148,60.907,32
2025,17,106,Northern Illinois,Mid-American,2,9,-74.814,-140.097,125,0.182,0.137,0.045,0.303,152.459,227.273,186,275,122,121,-66.412,115
2025,17,107,Tulsa,American Athletic,3,8,-75.055,-116.608,113,0.273,0.189,0.084,0.519,178.676,253.731,243,340,136,134,-52.311,101
2025,17,108,Georgia Southern,Sun Belt,6,6,-75.865,-99.138,107,0.500,0.277,0.223,1.298,227.143,303.008,318,403,140,133,-45.754,97
2025,17,109,Wisconsin,Big Ten,4,8,-79.144,31.936,54,0.333,0.619,-0.286,-1.550,123.200,202.344,154,259,125,128,98.712,4
2025,17,110,Akron,Mid-American,4,7,-81.221,-156.885,129,0.364,0.093,0.270,1.563,152.113,233.333,216,322,142,138,-111.163,136
2025,17,111,Rutgers,Big Ten,4,7,-81.488,24.567,60,0.364,0.554,-0.190,-1.016,244.828,326.316,284,372,116,114,84.966,11
2025,17,112,North Carolina,ACC,3,8,-82.353,-85.220,101,0.273,0.272,0.000,0.052,159.664,242.017,190,288,119,119,2.698,70
2025,17,113,Stanford,ACC,4,8,-86.232,-35.494,84,0.333,0.392,-0.059,-0.277,163.768,250.000,226,350,138,140,49.405,44
2025,17,114,UTEP,Conference USA,1,10,-92.869,-172.921,132,0.091,0.104,-0.013,-0.021,163.014,255.882,238,348,146,136,-85.758,129
2025,17,115,Nevada,Mountain West,2,9,-96.063,-121.167,117,0.182,0.163,0.019,0.155,150.394,246.457,191,313,127,127,-23.814,81
2025,17,116,Coastal Carolina,Sun Belt,5,7,-97.137,-96.604,105,0.417,0.233,0.184,1.078,166.667,263.804,275,430,165,163,-41.040,95
2025,17,117,Florida Atlantic,American Athletic,3,8,-98.858,-108.696,111,0.273,0.271,0.002,0.060,225.758,324.615,298,422,132,130,-37.962,91
2025,17,118,Colorado State,Mountain West,1,10,-110.229,-112.280,112,0.091,0.219,-0.128,-0.664,163.415,273.643,201,353,123,129,6.141,68
2025,17,119,Boston College,ACC,1,10,-114.856,-69.225,95,0.091,0.327,-0.236,-1.270,186.719,301.575,239,383,128,127,32.841,57
2025,17,120,West Virginia,Big 12,3,8,-114.893,-13.439,78,0.273,0.458,-0.185,-0.988,151.049,265.942,216,367,143,138,83.630,13
2025,17,121,San José State,Mountain West,2,9,-115.657,-121.411,118,0.182,0.207,-0.026,-0.093,164.964,280.620,226,362,137,129,-29.586,84
2025,17,122,Kent State,Mid-American,4,7,-119.650,-129.809,123,0.364,0.198,0.165,0.976,177.273,296.923,234,386,132,130,-60.686,110
2025,17,123,Virginia Tech,ACC,2,9,-122.187,-62.544,90,0.182,0.346,-0.164,-0.869,179.508,301.695,219,356,122,118,72.650,19
2025,17,124,Ball State,Mid-American,3,8,-129.242,-169.017,131,0.273,0.078,0.194,1.139,120.000,249.242,156,329,130,132,-56.703,106
2025,17,125,Oregon State,Pac-12,1,10,-137.477,-128.472,122,0.091,0.180,-0.089,-0.446,128.148,265.625,173,340,135,128,6.212,67
2025,17,126,Purdue,Big Ten,1,10,-140.014,-2.647,70,0.091,0.492,-0.401,-2.195,159.167,299.180,191,365,120,122,106.571,1
2025,17,127,UAB,American Athletic,3,8,-141.775,-161.808,130,0.273,0.181,0.091,0.563,220.833,362.609,265,417,120,115,-26.967,83
2025,17,128,Rice,American Athletic,4,8,-141.901,-142.718,126,0.333,0.119,0.214,1.250,160.305,302.206,210,411,131,136,-34.866,89
2025,17,129,UCLA,Big Ten,3,9,-164.047,-21.396,79,0.250,0.444,-0.194,-1.037,178.689,342.735,218,401,122,117,104.250,3
2025,17,130,Syracuse,ACC,2,9,-166.622,-79.579,97,0.182,0.247,-0.065,-0.316,130.370,296.992,176,395,135,133,61.187,31
2025,17,131,Sam Houston,Conference USA,2,10,-167.213,-222.852,135,0.167,0.052,0.114,0.690,145.890,313.103,213,454,146,145,-76.265,122
2025,17,132,UL Monroe,Sun Belt,2,9,-170.431,-181.590,133,0.182,0.078,0.103,0.630,128.788,299.219,170,383,132,128,-47.312,98
2025,17,133,Georgia State,Sun Belt,0,11,-183.465,-153.422,128,0.000,0.149,-0.149,-0.783,157.480,340.945,200,433,127,127,-9.527,75
2025,17,134,Oklahoma State,Big 12,0,11,-201.115,-87.692,102,0.000,0.241,-0.241,-1.296,108.333,309.449,143,393,132,127,71.091,21
2025,17,135,Charlotte,American Athletic,0,11,-209.977,-203.932,134,0.000,0.048,-0.048,-0.220,98.485,308.462,130,401,132,130,-1.904,72
2025,17,136,Massachusetts,Mid-American,0,11,-261.111,-277.932,136,0.000,0.019,-0.019,-0.056,84.921,346.032,107,436,126,126,-55.699,104
2025,29,1,Indiana,Big Ten,15,0,250.470,275.437,1,1.000,0.980,0.020,0.164,363.804,113.333,593,187,163,165,95.539,5
2025,29,2,Notre Dame,FBS Independents,10,2,212.736,219.759,3,0.833,0.930,-0.097,-0.491,367.883,155.147,504,211,137,136,47.951,47
2025,29,3,Ohio State,Big Ten,11,2,206.938,269.247,2,0.846,0.986,-0.139,-0.730,310.938,104.000,398,130,128,125,85.624,10
2025,29,4,Texas Tech,Big 12,11,2,190.061,200.963,7,0.846,0.975,-0.129,-0.672,280.347,90.286,485,158,173,175,50.965,42
2025,29,5,Utah,Big 12,10,2,183.026,219.253,4,0.833,0.912,-0.079,-0.390,351.111,168.085,474,237,135,141,45.105,49
2025,29,6,Oregon,Big Ten,12,2,154.887,211.120,6,0.857,0.925,-0.068,-0.328,317.308,162.420,495,255,156,157,92.966,8
2025,29,7,James Madison,Sun Belt,11,2,139.610,74.611,33,0.846,0.708,0.138,0.823,300.000,160.390,474,247,158,154,-33.694,88
2025,29,8,North Texas,American Athletic,11,2,132.544,68.510,35,0.846,0.639,0.208,1.212,376.623,244.079,580,371,154,152,-38.373,92
2025,29,9,Miami,ACC,12,3,128.625,213.591,5,0.800,0.954,-0.154,-0.810,266.272,137.647,450,234,169,170,93.814,7
2025,29,10,Vanderbilt,SEC,9,3,127.562,152.909,12,0.750,0.792,-0.042,-0.186,355.469,227.907,455,294,128,129,48.443,46
2025,29,11,Iowa,Big Ten,8,4,123.517,160.641,10,0.667,0.899,-0.233,-1.252,275.397,151.880,347,202,126,133,66.698,25
2025,29,12,Georgia,SEC,11,2,122.839,169.392,8,0.846,0.886,-0.040,-0.173,288.356,165.517,421,240,146,145,58.507,36
2025,29,13,USC,Big Ten,9,4,122.059,147.038,14,0.692,0.807,-0.115,-0.591,341.912,219.853,465,299,136,136,55.718,40
2025,29,14,Toledo,Mid-American,7,5,119.635,27.520,58,0.583,0.594,-0.011,-0.012,231.973,112.338,341,173,147,154,-72.062,120
2025,29,15,Ole Miss,SEC,12,2,118.301,152.268,13,0.857,0.819,0.038,0.264,309.816,191.515,505,316,163,165,62.143,29
2025,29,16,South Florida,American Athletic,8,4,115.063,88.893,27,0.667,0.730,-0.063,-0.305,304.605,189.542,463,290,152,153,-15.399,77
2025,29,17,Washington,Big Ten,8,4,111.670,145.025,16,0.667,0.821,-0.155,-0.816,293.701,182.031,373,233,127,128,56.200,39
2025,29,18,Old Dominion,Sun Belt,9,3,86.331,39.319,51,0.750,0.634,0.116,0.699,235.065,148.734,362,235,154,158,-40.018,94
2025,29,19,Texas,SEC,10,3,84.615,110.722,20,0.769,0.803,-0.034,-0.141,253.846,169.231,396,264,156,156,43.275,51
2025,29,20,Virginia,ACC,10,3,80.865,84.624,30,0.769,0.747,0.022,0.176,244.156,163.291,376,258,154,158,12.001,65
2025,29,21,SMU,ACC,8,4,80.336,104.483,22,0.667,0.770,-0.103,-0.529,249.669,169.333,377,254,151,150,25.319,62
2025,29,22,Arizona,Big 12,8,4,79.238,116.231,19,0.667,0.819,-0.153,-0.805,247.945,168.707,362,248,146,147,50.663,43
2025,29,23,Texas A&M,SEC,10,2,79.195,155.815,11,0.833,0.850,-0.017,-0.042,262.416,183.221,391,273,149,149,76.564,15
2025,29,24,BYU,Big 12,11,2,78.972,164.581,9,0.846,0.863,-0.017,-0.043,257.639,178.667,371,268,144,150,78.272,14
2025,29,25,Alabama,SEC,10,4,76.871,145.371,15,0.714,0.842,-0.128,-0.665,261.486,184.615,387,288,148,156,94.666,6
2025,29,26,Tennessee,SEC,7,5,75.093,101.521,24,0.583,0.713,-0.129,-0.674,327.206,252.113,445,358,136,142,37.817,53
2025,29,27,Penn State,Big Ten,6,6,73.171,125.621,17,0.500,0.783,-0.283,-1.535,285.366,212.195,351,261,123,123,66.903,24
2025,29,28,San Diego State,Mountain West,8,4,71.429,38.032,52,0.667,0.637,0.030,0.216,204.762,133.333,301,200,147,150,-44.091,96
2025,29,29,Oklahoma,SEC,9,3,71.114,122.194,18,0.750,0.879,-0.129,-0.671,204.000,132.886,306,198,150,149,71.015,22
2025,29,30,UNLV,Mountain West,9,4,69.066,19.931,63,0.692,0.545,0.148,0.878,311.348,242.282,439,361,141,149,-53.601,102
2025,29,31,Missouri,SEC,7,5,61.960,86.725,29,0.583,0.759,-0.176,-0.934,237.143,175.182,332,240,140,137,42.729,52
2025,29,32,East Carolina,American Athletic,8,4,61.679,27.505,59,0.667,0.589,0.078,0.488,239.610,177.931,369,258,154,145,-20.195,79
2025,29,33,Michigan,Big Ten,9,4,59.510,94.160,26,0.692,0.753,-0.061,-0.290,243.537,184.028,358,265,147,144,60.654,33
2025,29,34,Memphis,American Athletic,7,5,56.877,16.465,65,0.583,0.544,0.039,0.271,269.286,212.409,377,291,140,137,-38.935,93
2025,29,35,Texas State,Sun Belt,6,6,55.640,-8.668,76,0.500,0.481,0.019,0.155,313.571,257.931,439,374,140,145,-69.534,117
2025,29,36,Florida State,ACC,4,7,54.133,68.221,36,0.364,0.673,-0.309,-1.682,268.067,213.934,319,261,119,122,44.988,50
2025,29,37,Ohio,Mid-American,8,4,53.869,-5.248,74,0.667,0.485,0.182,1.067,237.692,183.824,309,250,130,136,-64.251,114
2025,29,38,Pittsburgh,ACC,7,5,52.814,75.751,32,0.583,0.701,-0.118,-0.610,249.669,196.855,377,313,151,159,36.670,56
2025,29,39,Western Michigan,Mid-American,9,4,52.473,-24.352,82,0.692,0.413,0.279,1.613,206.164,153.691,301,229,146,149,-62.050,112
2025,29,40,Louisiana Tech,Conference USA,7,5,48.699,-61.672,89,0.583,0.321,0.262,1.520,225.170,176.471,331,270,147,153,-82.434,127
2025,29,41,Louisville,ACC,8,4,48.331,66.721,38,0.667,0.696,-0.029,-0.111,223.841,175.510,338,258,151,147,29.418,60
2025,29,42,UConn,FBS Independents,8,4,40.522,-67.291,92,0.667,0.340,0.326,1.878,283.688,243.165,400,338,141,139,-91.874,132
2025,29,43,Clemson,ACC,6,6,40.342,65.188,39,0.500,0.689,-0.189,-1.008,223.913,183.571,309,257,138,140,25.799,61
2025,29,44,Navy,American Athletic,10,2,40.242,24.074,61,0.833,0.563,0.271,1.566,292.623,252.381,357,318,122,126,-18.827,78
2025,29,45,UTSA,American Athletic,6,6,38.482,-3.929,73,0.500,0.490,0.010,0.108,281.633,243.151,414,355,147,146,-22.448,80
2025,29,46,Duke,ACC,8,5,37.352,55.119,43,0.615,0.620,-0.004,0.027,300.685,263.333,439,395,146,150,24.529,63
2025,29,47,New Mexico,Mountain West,8,4,36.270,12.799,66,0.667,0.535,0.132,0.788,242.424,206.154,320,268,132,130,-32.498,86
2025,29,48,Iowa State,Big 12,7,4,33.533,97.434,25,0.636,0.759,-0.122,-0.635,224.590,191.057,274,235,122,123,56.739,37
2025,29,49,Kansas State,Big 12,5,6,32.122,102.744,23,0.455,0.753,-0.298,-1.619,248.031,215.909,315,285,127,132,65.422,27
2025,29,50,Boise State,Mountain West,8,5,31.435,33.161,53,0.615,0.601,0.015,0.133,230.818,199.383,367,323,159,162,6.072,69
2025,29,51,Tulane,American Athletic,11,3,31.432,28.631,56,0.786,0.587,0.198,1.162,239.506,208.075,388,335,162,161,-7.395,74
2025,29,52,TCU,Big 12,8,4,29.826,88.219,28,0.667,0.729,-0.063,-0.300,251.408,221.583,357,308,142,139,60.043,34
2025,29,53,Houston,Big 12,9,3,28.801,54.968,44,0.750,0.629,0.121,0.727,247.183,218.382,351,297,142,136,17.458,64
2025,29,54,Wake Forest,ACC,8,4,28.695,29.957,55,0.667,0.604,0.063,0.402,209.740,181.046,323,277,154,153,1.575,71
2025,29,55,Hawai'i,Mountain West,8,4,28.042,-23.761,81,0.667,0.439,0.227,1.322,251.064,223.022,354,310,141,139,-48.208,100
2025,29,56,Georgia Tech,ACC,8,4,25.754,59.383,41,0.667,0.641,0.026,0.196,276.154,250.400,359,313,130,125,30.940,59
2025,29,57,Army,American Athletic,7,5,24.865,-3.907,72,0.583,0.489,0.094,0.578,257.273,232.407,283,251,110,108,-35.887,90
2025,29,58,Auburn,SEC,4,7,24.071,76.936,31,0.364,0.737,-0.374,-2.042,208.871,184.800,259,231,124,125,56.671,38
2025,29,59,Western Kentucky,Conference USA,8,4,23.881,-68.048,94,0.667,0.317,0.350,2.008,217.881,194.000,329,291,151,150,-87.923,130
2025,29,60,Fresno State,Mountain West,8,4,21.711,-34.721,83,0.667,0.387,0.279,1.614,189.796,168.085,279,237,147,141,-57.467,107
2025,29,61,Washington State,Pac-12,6,6,18.350,45.495,47,0.500,0.646,-0.146,-0.764,204.380,186.029,280,253,137,136,11.398,66
2025,29,62,Northwestern,Big Ten,6,6,12.596,44.725,48,0.500,0.629,-0.129,-0.669,218.333,205.738,262,251,120,122,37.293,55
2025,29,63,Illinois,Big Ten,8,4,10.665,109.664,21,0.667,0.757,-0.091,-0.457,261.905,251.240,330,304,126,121,88.249,9
2025,29,64,Kennesaw State,Conference USA,9,4,1.887,-42.743,86,0.692,0.380,0.312,1.796,218.239,216.352,347,344,159,159,-60.812,111
2025,29,65,Southern Miss,Sun Belt,6,6,1.483,-78.786,96,0.500,0.286,0.214,1.248,224.000,222.517,336,336,150,151,-82.795,128
2025,29,66,Jacksonville State,Conference USA,8,5,0.939,-95.381,104,0.615,0.259,0.356,2.045,229.605,228.667,349,343,152,150,-98.060,134
2025,29,67,Arizona State,Big 12,7,5,-2.698,60.380,40,0.583,0.689,-0.106,-0.543,199.329,202.027,297,299,149,148,72.972,18
2025,29,68,LSU,SEC,6,6,-3.744,74.156,34,0.500,0.747,-0.247,-1.335,172.143,175.887,241,248,140,141,71.828,20
2025,29,69,Nebraska,Big Ten,6,6,-4.837,9.693,68,0.500,0.527,-0.027,-0.098,239.695,244.531,314,313,131,128,54.150,41
2025,29,70,NC State,ACC,7,5,-6.162,67.057,37,0.583,0.666,-0.082,-0.411,244.203,250.365,337,343,138,137,58.551,35
2025,29,71,Utah State,Mountain West,5,7,-7.792,-22.916,80,0.417,0.436,-0.019,-0.058,229.870,237.662,354,366,154,154,-10.105,76
2025,29,72,Troy,Sun Belt,7,6,-12.633,-65.999,91,0.538,0.299,0.240,1.393,183.019,195.652,291,315,159,161,-59.732,109
2025,29,73,Marshall,Sun Belt,4,7,-12.733,-49.493,87,0.364,0.373,-0.009,0.000,243.382,256.115,331,356,136,139,-47.917,99
2025,29,74,South Carolina,SEC,3,8,-13.341,55.902,42,0.273,0.677,-0.405,-2.215,182.812,196.154,234,255,128,130,73.063,17
2025,29,75,Miami (OH),Mid-American,6,7,-14.489,-81.842,99,0.462,0.288,0.174,1.023,196.622,211.111,291,304,148,144,-53.702,103
2025,29,76,Cincinnati,Big 12,6,6,-15.423,42.732,49,0.500,0.603,-0.103,-0.528,253.125,268.548,324,333,128,124,47.795,48
2025,29,77,Liberty,Conference USA,3,8,-18.221,-103.418,108,0.273,0.262,0.010,0.109,230.579,248.800,279,311,121,125,-74.457,121
2025,29,78,Kansas,Big 12,4,7,-21.564,47.271,45,0.364,0.604,-0.240,-1.295,244.538,266.102,291,314,119,118,66.117,26
2025,29,79,Buffalo,Mid-American,4,7,-22.449,-127.389,121,0.364,0.141,0.222,1.295,165.306,187.755,243,276,147,147,-100.770,135
2025,29,80,Florida International,Conference USA,6,6,-27.365,-106.086,109,0.500,0.206,0.294,1.699,212.258,239.623,329,381,155,159,-78.098,123
2025,29,81,Arkansas,SEC,1,10,-31.096,45.867,46,0.091,0.595,-0.504,-2.770,290.678,321.774,343,399,118,124,84.312,12
2025,29,82,Arkansas State,Sun Belt,6,6,-31.757,-87.707,103,0.500,0.235,0.265,1.533,192.568,224.324,285,332,148,148,-63.422,113
2025,29,83,Delaware,Conference USA,6,6,-34.331,-121.785,119,0.500,0.228,0.272,1.571,237.500,271.831,342,386,144,142,-92.940,133
2025,29,84,Air Force,Mountain West,3,8,-35.907,-67.396,93,0.273,0.358,-0.086,-0.428,286.111,322.018,309,351,108,109,-32.607,87
2025,29,85,Baylor,Big 12,4,7,-39.081,28.082,57,0.364,0.562,-0.198,-1.058,258.594,297.674,331,384,128,129,70.483,23
2025,29,86,Central Michigan,Mid-American,6,6,-39.098,-84.461,100,0.500,0.264,0.236,1.373,183.459,222.556,244,296,133,133,-70.526,118
2025,29,87,UCF,Big 12,4,7,-39.545,-2.940,71,0.364,0.490,-0.126,-0.656,177.778,217.323,224,276,126,127,32.692,58
2025,29,88,Maryland,Big Ten,3,8,-40.131,-8.632,75,0.273,0.472,-0.199,-1.066,184.496,224.627,238,301,129,134,37.378,54
2025,29,89,Eastern Michigan,Mid-American,4,7,-41.022,-120.022,115,0.364,0.225,0.139,0.827,218.033,259.055,266,329,122,127,-80.046,125
2025,29,90,California,ACC,6,6,-41.489,-38.538,85,0.500,0.398,0.102,0.624,208.511,250.000,294,350,141,140,-3.671,73
2025,29,91,Mississippi State,SEC,4,8,-45.007,20.774,62,0.333,0.554,-0.221,-1.187,216.993,262.000,332,393,153,150,61.245,30
2025,29,92,Missouri State,Conference USA,6,6,-50.299,-81.327,98,0.500,0.287,0.213,1.242,207.857,258.156,291,364,140,141,-59.022,108
2025,29,93,Minnesota,Big Ten,7,5,-51.368,11.682,67,0.583,0.536,0.047,0.315,177.863,229.231,233,298,131,130,48.919,45
2025,29,94,Bowling Green,Mid-American,3,8,-51.380,-130.667,124,0.273,0.154,0.118,0.713,165.414,216.794,220,284,133,131,-78.926,124
2025,29,95,Louisiana,Sun Belt,5,7,-52.513,-116.979,114,0.417,0.217,0.200,1.171,215.603,268.116,304,370,141,138,-68.134,116
2025,29,96,Middle Tennessee,Conference USA,3,8,-53.138,-147.323,127,0.273,0.161,0.112,0.678,194.656,247.794,255,337,131,136,-90.666,131
2025,29,97,App State,Sun Belt,4,8,-57.372,-106.953,110,0.333,0.236,0.098,0.598,204.167,261.538,294,374,144,143,-70.800,119
2025,29,98,Temple,American Athletic,4,7,-58.253,-61.145,88,0.364,0.360,0.004,0.073,242.609,300.862,279,349,115,116,-25.092,82
2025,29,99,South Alabama,Sun Belt,3,8,-59.745,-122.179,120,0.273,0.227,0.046,0.308,222.222,281.967,280,344,126,122,-55.971,105
2025,29,100,Wyoming,Mountain West,3,8,-60.000,-97.082,106,0.273,0.169,0.104,0.632,123.846,183.846,161,239,130,130,-31.243,85
2025,29,101,New Mexico State,Conference USA,3,8,-61.624,-120.379,116,0.273,0.171,0.102,0.621,172.662,234.286,240,328,139,140,-82.054,126
2025,29,102,Michigan State,Big Ten,3,8,-62.192,-9.134,77,0.273,0.477,-0.204,-1.092,201.587,263.780,254,335,126,127,63.697,28
2025,29,103,Kentucky,SEC,4,7,-66.378,8.219,69,0.364,0.525,-0.161,-0.852,177.273,243.651,234,307,132,126,75.914,16
2025,29,104,Florida,SEC,3,8,-68.017,41.179,50,0.273,0.622,-0.350,-1.907,170.000,238.017,204,288,120,121,105.779,2
2025,29,105,Colorado,Big 12,3,9,-74.194,16.730,64,0.250,0.551,-0.301,-1.635,173.103,247.297,251,366,145,148,60.907,32
2025,29,106,Northern Illinois,Mid-American,2,9,-74.814,-140.097,125,0.182,0.137,0.045,0.303,152.459,227.273,186,275,122,121,-66.412,115
2025,29,107,Tulsa,American Athletic,3,8,-75.055,-116.608,113,0.273,0.189,0.084,0.519,178.676,253.731,243,340,136,134,-52.311,101
2025,29,108,Georgia Southern,Sun Belt,6,6,-75.865,-99.138,107,0.500,0.277,0.223,1.298,227.143,303.008,318,403,140,133,-45.754,97
2025,29,109,Wisconsin,Big Ten,4,8,-79.144,31.936,54,0.333,0.619,-0.286,-1.550,123.200,202.344,154,259,125,128,98.712,4
2025,29,110,Akron,Mid-American,4,7,-81.221,-156.885,129,0.364,0.093,0.270,1.563,152.113,233.333,216,322,142,138,-111.163,136
2025,29,111,Rutgers,Big Ten,4,7,-81.488,24.567,60,0.364,0.554,-0.190,-1.016,244.828,326.316,284,372,116,114,84.966,11
2025,29,112,North Carolina,ACC,3,8,-82.353,-85.220,101,0.273,0.272,0.000,0.052,159.664,242.017,190,288,119,119,2.698,70
2025,29,113,Stanford,ACC,4,8,-86.232,-35.494,84,0.333,0.392,-0.059,-0.277,163.768,250.000,226,350,138,140,49.405,44
2025,29,114,UTEP,Conference USA,1,10,-92.869,-172.921,132,0.091,0.104,-0.013,-0.021,163.014,255.882,238,348,146,136,-85.758,129
2025,29,115,Nevada,Mountain West,2,9,-96.063,-121.167,117,0.182,0.163,0.019,0.155,150.394,246.457,191,313,127,127,-23.814,81
2025,29,116,Coastal Carolina,Sun Belt,5,7,-97.137,-96.604,105,0.417,0.233,0.184,1.078,166.667,263.804,275,430,165,163,-41.040,95
2025,29,117,Florida Atlantic,American Athletic,3,8,-98.858,-108.696,111,0.273,0.271,0.002,0.060,225.758,324.615,298,422,132,130,-37.962,91
2025,29,118,Colorado State,Mountain West,1,10,-110.229,-112.280,112,0.091,0.219,-0.128,-0.664,163.415,273.643,201,353,123,129,6.141,68
2025,29,119,Boston College,ACC,1,10,-114.856,-69.225,95,0.091,0.327,-0.236,-1.270,186.719,301.575,239,383,128,127,32.841,57
2025,29,120,West Virginia,Big 12,3,8,-114.893,-13.439,78,0.273,0.458,-0.185,-0.988,151.049,265.942,216,367,143,138,83.630,13
2025,29,121,San José State,Mountain West,2,9,-115.657,-121.411,118,0.182,0.207,-0.026,-0.093,164.964,280.620,226,362,137,129,-29.586,84
2025,29,122,Kent State,Mid-American,4,7,-119.650,-129.809,123,0.364,0.198,0.165,0.976,177.273,296.923,234,386,132,130,-60.686,110
2025,29,123,Virginia Tech,ACC,2,9,-122.187,-62.544,90,0.182,0.346,-0.164,-0.869,179.508,301.695,219,356,122,118,72.650,19
2025,29,124,Ball State,Mid-American,3,8,-129.242,-169.017,131,0.273,0.078,0.194,1.139,120.000,249.242,156,329,130,132,-56.703,106
2025,29,125,Oregon State,Pac-12,1,10,-137.477,-128.472,122,0.091,0.180,-0.089,-0.446,128.148,265.625,173,340,135,128,6.212,67
2025,29,126,Purdue,Big Ten,1,10,-140.014,-2.647,70,0.091,0.492,-0.401,-2.195,159.167,299.180,191,365,120,122,106.571,1
2025,29,127,UAB,American Athletic,3,8,-141.775,-161.808,130,0.273,0.181,0.091,0.563,220.833,362.609,265,417,120,115,-26.967,83
2025,29,128,Rice,American Athletic,4,8,-141.901,-142.718,126,0.333,0.119,0.214,1.250,160.305,302.206,210,411,131,136,-34.866,89
2025,29,129,UCLA,Big Ten,3,9,-164.047,-21.396,79,0.250,0.444,-0.194,-1.037,178.689,342.735,218,401,122,117,104.250,3
2025,29,130,Syracuse,ACC,2,9,-166.622,-79.579,97,0.182,0.247,-0.065,-0.316,130.370,296.992,176,395,135,133,61.187,31
2025,29,131,Sam Houston,Conference USA,2,10,-167.213,-222.852,135,0.167,0.052,0.114,0.690,145.890,313.103,213,454,146,145,-76.265,122
2025,29,132,UL Monroe,Sun Belt,2,9,-170.431,-181.590,133,0.182,0.078,0.103,0.630,128.788,299.219,170,383,132,128,-47.312,98
2025,29,133,Georgia State,Sun Belt,0,11,-183.465,-153.422,128,0.000,0.149,-0.149,-0.783,157.480,340.945,200,433,127,127,-9.527,75
2025,29,134,Oklahoma State,Big 12,0,11,-201.115,-87.692,102,0.000,0.241,-0.241,-1.296,108.333,309.449,143,393,132,127,71.091,21
2025,29,135,Charlotte,American Athletic,0,11,-209.977,-203.932,134,0.000,0.048,-0.048,-0.220,98.485,308.462,130,401,132,130,-1.904,72
2025,29,136,Massachusetts,Mid-American,0,11,-261.111,-277.932,136,0.000,0.019,-0.019,-0.056,84.921,346.032,107,436,126,126,-55.699,104
2025,30,1,Indiana,Big Ten,15,0,250.470,275.437,1,1.000,0.980,0.020,0.164,363.804,113.333,593,187,163,165,95.539,5
2025,30,2,Notre Dame,FBS Independents,10,2,212.736,219.759,3,0.833,0.930,-0.097,-0.491,367.883,155.147,504,211,137,136,47.951,47
2025,30,3,Ohio State,Big Ten,11,2,206.938,269.247,2,0.846,0.986,-0.139,-0.730,310.938,104.000,398,130,128,125,85.624,10
2025,30,4,Texas Tech,Big 12,11,2,190.061,200.963,7,0.846,0.975,-0.129,-0.672,280.347,90.286,485,158,173,175,50.965,42
2025,30,5,Utah,Big 12,10,2,183.026,219.253,4,0.833,0.912,-0.079,-0.390,351.111,168.085,474,237,135,141,45.105,49
2025,30,6,Oregon,Big Ten,12,2,154.887,211.120,6,0.857,0.925,-0.068,-0.328,317.308,162.420,495,255,156,157,92.966,8
2025,30,7,James Madison,Sun Belt,11,2,139.610,74.611,33,0.846,0.708,0.138,0.823,300.000,160.390,474,247,158,154,-33.694,88
2025,30,8,North Texas,American Athletic,11,2,132.544,68.510,35,0.846,0.639,0.208,1.212,376.623,244.079,580,371,154,152,-38.373,92
2025,30,9,Miami,ACC,12,3,128.625,213.591,5,0.800,0.954,-0.154,-0.810,266.272,137.647,450,234,169,170,93.814,7
2025,30,10,Vanderbilt,SEC,9,3,127.562,152.909,12,0.750,0.792,-0.042,-0.186,355.469,227.907,455,294,128,129,48.443,46
2025,30,11,Iowa,Big Ten,8,4,123.517,160.641,10,0.667,0.899,-0.233,-1.252,275.397,151.880,347,202,126,133,66.698,25
2025,30,12,Georgia,SEC,11,2,122.839,169.392,8,0.846,0.886,-0.040,-0.173,288.356,165.517,421,240,146,145,58.507,36
2025,30,13,USC,Big Ten,9,4,122.059,147.038,14,0.692,0.807,-0.115,-0.591,341.912,219.853,465,299,136,136,55.718,40
2025,30,14,Toledo,Mid-American,7,5,119.635,27.520,58,0.583,0.594,-0.011,-0.012,231.973,112.338,341,173,147,154,-72.062,120
2025,30,15,Ole Miss,SEC,12,2,118.301,152.268,13,0.857,0.819,0.038,0.264,309.816,191.515,505,316,163,165,62.143,29
2025,30,16,South Florida,American Athletic,8,4,115.063,88.893,27,0.667,0.730,-0.063,-0.305,304.605,189.542,463,290,152,153,-15.399,77
2025,30,17,Washington,Big Ten,8,4,111.670,145.025,16,0.667,0.821,-0.155,-0.816,293.701,182.031,373,233,127,128,56.200,39
2025,30,18,Old Dominion,Sun Belt,9,3,86.331,39.319,51,0.750,0.634,0.116,0.699,235.065,148.734,362,235,154,158,-40.018,94
2025,30,19,Texas,SEC,10,3,84.615,110.722,20,0.769,0.803,-0.034,-0.141,253.846,169.231,396,264,156,156,43.275,51
2025,30,20,Virginia,ACC,10,3,80.865,84.624,30,0.769,0.747,0.022,0.176,244.156,163.291,376,258,154,158,12.001,65
2025,30,21,SMU,ACC,8,4,80.336,104.483,22,0.667,0.770,-0.103,-0.529,249.669,169.333,377,254,151,150,25.319,62
2025,30,22,Arizona,Big 12,8,4,79.238,116.231,19,0.667,0.819,-0.153,-0.805,247.945,168.707,362,248,146,147,50.663,43
2025,30,23,Texas A&M,SEC,10,2,79.195,155.815,11,0.833,0.850,-0.017,-0.042,262.416,183.221,391,273,149,149,76.564,15
2025,30,24,BYU,Big 12,11,2,78.972,164.581,9,0.846,0.863,-0.017,-0.043,257.639,178.667,371,268,144,150,78.272,14
2025,30,25,Alabama,SEC,10,4,76.871,145.371,15,0.714,0.842,-0.128,-0.665,261.486,184.615,387,288,148,156,94.666,6
2025,30,26,Tennessee,SEC,7,5,75.093,101.521,24,0.583,0.713,-0.129,-0.674,327.206,252.113,445,358,136,142,37.817,53
2025,30,27,Penn State,Big Ten,6,6,73.171,125.621,17,0.500,0.783,-0.283,-1.535,285.366,212.195,351,261,123,123,66.903,24
2025,30,28,San Diego State,Mountain West,8,4,71.429,38.032,52,0.667,0.637,0.030,0.216,204.762,133.333,301,200,147,150,-44.091,96
2025,30,29,Oklahoma,SEC,9,3,71.114,122.194,18,0.750,0.879,-0.129,-0.671,204.000,132.886,306,198,150,149,71.015,22
2025,30,30,UNLV,Mountain West,9,4,69.066,19.931,63,0.692,0.545,0.148,0.878,311.348,242.282,439,361,141,149,-53.601,102
2025,30,31,Missouri,SEC,7,5,61.960,86.725,29,0.583,0.759,-0.176,-0.934,237.143,175.182,332,240,140,137,42.729,52
2025,30,32,East Carolina,American Athletic,8,4,61.679,27.505,59,0.667,0.589,0.078,0.488,239.610,177.931,369,258,154,145,-20.195,79
2025,30,33,Michigan,Big Ten,9,4,59.510,94.160,26,0.692,0.753,-0.061,-0.290,243.537,184.028,358,265,147,144,60.654,33
2025,30,34,Memphis,American Athletic,7,5,56.877,16.465,65,0.583,0.544,0.039,0.271,269.286,212.409,377,291,140,137,-38.935,93
2025,30,35,Texas State,Sun Belt,6,6,55.640,-8.668,76,0.500,0.481,0.019,0.155,313.571,257.931,439,374,140,145,-69.534,117
2025,30,36,Florida State,ACC,4,7,54.133,68.221,36,0.364,0.673,-0.309,-1.682,268.067,213.934,319,261,119,122,44.988,50
2025,30,37,Ohio,Mid-American,8,4,53.869,-5.248,74,0.667,0.485,0.182,1.067,237.692,183.824,309,250,130,136,-64.251,114
2025,30,38,Pittsburgh,ACC,7,5,52.814,75.751,32,0.583,0.701,-0.118,-0.610,249.669,196.855,377,313,151,159,36.670,56
2025,30,39,Western Michigan,Mid-American,9,4,52.473,-24.352,82,0.692,0.413,0.279,1.613,206.164,153.691,301,229,146,149,-62.050,112
2025,30,40,Louisiana Tech,Conference USA,7,5,48.699,-61.672,89,0.583,0.321,0.262,1.520,225.170,176.471,331,270,147,153,-82.434,127
2025,30,41,Louisville,ACC,8,4,48.331,66.721,38,0.667,0.696,-0.029,-0.111,223.841,175.510,338,258,151,147,29.418,60
2025,30,42,UConn,FBS Independents,8,4,40.522,-67.291,92,0.667,0.340,0.326,1.878,283.688,243.165,400,338,141,139,-91.874,132
2025,30,43,Clemson,ACC,6,6,40.342,65.188,39,0.500,0.689,-0.189,-1.008,223.913,183.571,309,257,138,140,25.799,61
2025,30,44,Navy,American Athletic,10,2,40.242,24.074,61,0.833,0.563,0.271,1.566,292.623,252.381,357,318,122,126,-18.827,78
2025,30,45,UTSA,American Athletic,6,6,38.482,-3.929,73,0.500,0.490,0.010,0.108,281.633,243.151,414,355,147,146,-22.448,80
2025,30,46,Duke,ACC,8,5,37.352,55.119,43,0.615,0.620,-0.004,0.027,300.685,263.333,439,395,146,150,24.529,63
2025,30,47,New Mexico,Mountain West,8,4,36.270,12.799,66,0.667,0.535,0.132,0.788,242.424,206.154,320,268,132,130,-32.498,86
2025,30,48,Iowa State,Big 12,7,4,33.533,97.434,25,0.636,0.759,-0.122,-0.635,224.590,191.057,274,235,122,123,56.739,37
2025,30,49,Kansas State,Big 12,5,6,32.122,102.744,23,0.455,0.753,-0.298,-1.619,248.031,215.909,315,285,127,132,65.422,27
2025,30,50,Boise State,Mountain West,8,5,31.435,33.161,53,0.615,0.601,0.015,0.133,230.818,199.383,367,323,159,162,6.072,69
2025,30,51,Tulane,American Athletic,11,3,31.432,28.631,56,0.786,0.587,0.198,1.162,239.506,208.075,388,335,162,161,-7.395,74
2025,30,52,TCU,Big 12,8,4,29.826,88.219,28,0.667,0.729,-0.063,-0.300,251.408,221.583,357,308,142,139,60.043,34
2025,30,53,Houston,Big 12,9,3,28.801,54.968,44,0.750,0.629,0.121,0.727,247.183,218.382,351,297,142,136,17.458,64
2025,30,54,Wake Forest,ACC,8,4,28.695,29.957,55,0.667,0.604,0.063,0.402,209.740,181.046,323,277,154,153,1.575,71
2025,30,55,Hawai'i,Mountain West,8,4,28.042,-23.761,81,0.667,0.439,0.227,1.322,251.064,223.022,354,310,141,139,-48.208,100
2025,30,56,Georgia Tech,ACC,8,4,25.754,59.383,41,0.667,0.641,0.026,0.196,276.154,250.400,359,313,130,125,30.940,59
2025,30,57,Army,American Athletic,7,5,24.865,-3.907,72,0.583,0.489,0.094,0.578,257.273,232.407,283,251,110,108,-35.887,90
2025,30,58,Auburn,SEC,4,7,24.071,76.936,31,0.364,0.737,-0.374,-2.042,208.871,184.800,259,231,124,125,56.671,38
2025,30,59,Western Kentucky,Conference USA,8,4,23.881,-68.048,94,0.667,0.317,0.350,2.008,217.881,194.000,329,291,151,150,-87.923,130
2025,30,60,Fresno State,Mountain West,8,4,21.711,-34.721,83,0.667,0.387,0.279,1.614,189.796,168.085,279,237,147,141,-57.467,107
2025,30,61,Washington State,Pac-12,6,6,18.350,45.495,47,0.500,0.646,-0.146,-0.764,204.380,186.029,280,253,137,136,11.398,66
2025,30,62,Northwestern,Big Ten,6,6,12.596,44.725,48,0.500,0.629,-0.129,-0.669,218.333,205.738,262,251,120,122,37.293,55
2025,30,63,Illinois,Big Ten,8,4,10.665,109.664,21,0.667,0.757,-0.091,-0.457,261.905,251.240,330,304,126,121,88.249,9
2025,30,64,Kennesaw State,Conference USA,9,4,1.887,-42.743,86,0.692,0.380,0.312,1.796,218.239,216.352,347,344,159,159,-60.812,111
2025,30,65,Southern Miss,Sun Belt,6,6,1.483,-78.786,96,0.500,0.286,0.214,1.248,224.000,222.517,336,336,150,151,-82.795,128
2025,30,66,Jacksonville State,Conference USA,8,5,0.939,-95.381,104,0.615,0.259,0.356,2.045,229.605,228.667,349,343,152,150,-98.060,134
2025,30,67,Arizona State,Big 12,7,5,-2.698,60.380,40,0.583,0.689,-0.106,-0.543,199.329,202.027,297,299,149,148,72.972,18
2025,30,68,LSU,SEC,6,6,-3.744,74.156,34,0.500,0.747,-0.247,-1.335,172.143,175.887,241,248,140,141,71.828,20
2025,30,69,Nebraska,Big Ten,6,6,-4.837,9.693,68,0.500,0.527,-0.027,-0.098,239.695,244.531,314,313,131,128,54.150,41
2025,30,70,NC State,ACC,7,5,-6.162,67.057,37,0.583,0.666,-0.082,-0.411,244.203,250.365,337,343,138,137,58.551,35
2025,30,71,Utah State,Mountain West,5,7,-7.792,-22.916,80,0.417,0.436,-0.019,-0.058,229.870,237.662,354,366,154,154,-10.105,76
2025,30,72,Troy,Sun Belt,7,6,-12.633,-65.999,91,0.538,0.299,0.240,1.393,183.019,195.652,291,315,159,161,-59.732,109
2025,30,73,Marshall,Sun Belt,4,7,-12.733,-49.493,87,0.364,0.373,-0.009,0.000,243.382,256.115,331,356,136,139,-47.917,99
2025,30,74,South Carolina,SEC,3,8,-13.341,55.902,42,0.273,0.677,-0.405,-2.215,182.812,196.154,234,255,128,130,73.063,17
2025,30,75,Miami (OH),Mid-American,6,7,-14.489,-81.842,99,0.462,0.288,0.174,1.023,196.622,211.111,291,304,148,144,-53.702,103
2025,30,76,Cincinnati,Big 12,6,6,-15.423,42.732,49,0.500,0.603,-0.103,-0.528,253.125,268.548,324,333,128,124,47.795,48
2025,30,77,Liberty,Conference USA,3,8,-18.221,-103.418,108,0.273,0.262,0.010,0.109,230.579,248.800,279,311,121,125,-74.457,121
2025,30,78,Kansas,Big 12,4,7,-21.564,47.271,45,0.364,0.604,-0.240,-1.295,244.538,266.102,291,314,119,118,66.117,26
2025,30,79,Buffalo,Mid-American,4,7,-22.449,-127.389,121,0.364,0.141,0.222,1.295,165.306,187.755,243,276,147,147,-100.770,135
2025,30,80,Florida International,Conference USA,6,6,-27.365,-106.086,109,0.500,0.206,0.294,1.699,212.258,239.623,329,381,155,159,-78.098,123
2025,30,81,Arkansas,SEC,1,10,-31.096,45.867,46,0.091,0.595,-0.504,-2.770,290.678,321.774,343,399,118,124,84.312,12
2025,30,82,Arkansas State,Sun Belt,6,6,-31.757,-87.707,103,0.500,0.235,0.265,1.533,192.568,224.324,285,332,148,148,-63.422,113
2025,30,83,Delaware,Conference USA,6,6,-34.331,-121.785,119,0.500,0.228,0.272,1.571,237.500,271.831,342,386,144,142,-92.940,133
2025,30,84,Air Force,Mountain West,3,8,-35.907,-67.396,93,0.273,0.358,-0.086,-0.428,286.111,322.018,309,351,108,109,-32.607,87
2025,30,85,Baylor,Big 12,4,7,-39.081,28.082,57,0.364,0.562,-0.198,-1.058,258.594,297.674,331,384,128,129,70.483,23
2025,30,86,Central Michigan,Mid-American,6,6,-39.098,-84.461,100,0.500,0.264,0.236,1.373,183.459,222.556,244,296,133,133,-70.526,118
2025,30,87,UCF,Big 12,4,7,-39.545,-2.940,71,0.364,0.490,-0.126,-0.656,177.778,217.323,224,276,126,127,32.692,58
2025,30,88,Maryland,Big Ten,3,8,-40.131,-8.632,75,0.273,0.472,-0.199,-1.066,184.496,224.627,238,301,129,134,37.378,54
2025,30,89,Eastern Michigan,Mid-American,4,7,-41.022,-120.022,115,0.364,0.225,0.139,0.827,218.033,259.055,266,329,122,127,-80.046,125
2025,30,90,California,ACC,6,6,-41.489,-38.538,85,0.500,0.398,0.102,0.624,208.511,250.000,294,350,141,140,-3.671,73
2025,30,91,Mississippi State,SEC,4,8,-45.007,20.774,62,0.333,0.554,-0.221,-1.187,216.993,262.000,332,393,153,150,61.245,30
2025,30,92,Missouri State,Conference USA,6,6,-50.299,-81.327,98,0.500,0.287,0.213,1.242,207.857,258.156,291,364,140,141,-59.022,108
2025,30,93,Minnesota,Big Ten,7,5,-51.368,11.682,67,0.583,0.536,0.047,0.315,177.863,229.231,233,298,131,130,48.919,45
2025,30,94,Bowling Green,Mid-American,3,8,-51.380,-130.667,124,0.273,0.154,0.118,0.713,165.414,216.794,220,284,133,131,-78.926,124
2025,30,95,Louisiana,Sun Belt,5,7,-52.513,-116.979,114,0.417,0.217,0.200,1.171,215.603,268.116,304,370,141,138,-68.134,116
2025,30,96,Middle Tennessee,Conference USA,3,8,-53.138,-147.323,127,0.273,0.161,0.112,0.678,194.656,247.794,255,337,131,136,-90.666,131
2025,30,97,App State,Sun Belt,4,8,-57.372,-106.953,110,0.333,0.236,0.098,0.598,204.167,261.538,294,374,144,143,-70.800,119
2025,30,98,Temple,American Athletic,4,7,-58.253,-61.145,88,0.364,0.360,0.004,0.073,242.609,300.862,279,349,115,116,-25.092,82
2025,30,99,South Alabama,Sun Belt,3,8,-59.745,-122.179,120,0.273,0.227,0.046,0.308,222.222,281.967,280,344,126,122,-55.971,105
2025,30,100,Wyoming,Mountain West,3,8,-60.000,-97.082,106,0.273,0.169,0.104,0.632,123.846,183.846,161,239,130,130,-31.243,85
2025,30,101,New Mexico State,Conference USA,3,8,-61.624,-120.379,116,0.273,0.171,0.102,0.621,172.662,234.286,240,328,139,140,-82.054,126
2025,30,102,Michigan State,Big Ten,3,8,-62.192,-9.134,77,0.273,0.477,-0.204,-1.092,201.587,263.780,254,335,126,127,63.697,28
2025,30,103,Kentucky,SEC,4,7,-66.378,8.219,69,0.364,0.525,-0.161,-0.852,177.273,243.651,234,307,132,126,75.914,16
2025,30,104,Florida,SEC,3,8,-68.017,41.179,50,0.273,0.622,-0.350,-1.907,170.000,238.017,204,288,120,121,105.779,2
2025,30,105,Colorado,Big 12,3,9,-74.194,16.730,64,0.250,0.551,-0.301,-1.635,173.103,247.297,251,366,145,148,60.907,32
2025,30,106,Northern Illinois,Mid-American,2,9,-74.814,-140.097,125,0.182,0.137,0.045,0.303,152.459,227.273,186,275,122,121,-66.412,115
2025,30,107,Tulsa,American Athletic,3,8,-75.055,-116.608,113,0.273,0.189,0.084,0.519,178.676,253.731,243,340,136,134,-52.311,101
2025,30,108,Georgia Southern,Sun Belt,6,6,-75.865,-99.138,107,0.500,0.277,0.223,1.298,227.143,303.008,318,403,140,133,-45.754,97
2025,30,109,Wisconsin,Big Ten,4,8,-79.144,31.936,54,0.333,0.619,-0.286,-1.550,123.200,202.344,154,259,125,128,98.712,4
2025,30,110,Akron,Mid-American,4,7,-81.221,-156.885,129,0.364,0.093,0.270,1.563,152.113,233.333,216,322,142,138,-111.163,136
2025,30,111,Rutgers,Big Ten,4,7,-81.488,24.567,60,0.364,0.554,-0.190,-1.016,244.828,326.316,284,372,116,114,84.966,11
2025,30,112,North Carolina,ACC,3,8,-82.353,-85.220,101,0.273,0.272,0.000,0.052,159.664,242.017,190,288,119,119,2.698,70
2025,30,113,Stanford,ACC,4,8,-86.232,-35.494,84,0.333,0.392,-0.059,-0.277,163.768,250.000,226,350,138,140,49.405,44
2025,30,114,UTEP,Conference USA,1,10,-92.869,-172.921,132,0.091,0.104,-0.013,-0.021,163.014,255.882,238,348,146,136,-85.758,129
2025,30,115,Nevada,Mountain West,2,9,-96.063,-121.167,117,0.182,0.163,0.019,0.155,150.394,246.457,191,313,127,127,-23.814,81
2025,30,116,Coastal Carolina,Sun Belt,5,7,-97.137,-96.604,105,0.417,0.233,0.184,1.078,166.667,263.804,275,430,165,163,-41.040,95
2025,30,117,Florida Atlantic,American Athletic,3,8,-98.858,-108.696,111,0.273,0.271,0.002,0.060,225.758,324.615,298,422,132,130,-37.962,91
2025,30,118,Colorado State,Mountain West,1,10,-110.229,-112.280,112,0.091,0.219,-0.128,-0.664,163.415,273.643,201,353,123,129,6.141,68
2025,30,119,Boston College,ACC,1,10,-114.856,-69.225,95,0.091,0.327,-0.236,-1.270,186.719,301.575,239,383,128,127,32.841,57
2025,30,120,West Virginia,Big 12,3,8,-114.893,-13.439,78,0.273,0.458,-0.185,-0.988,151.049,265.942,216,367,143,138,83.630,13
2025,30,121,San José State,Mountain West,2,9,-115.657,-121.411,118,0.182,0.207,-0.026,-0.093,164.964,280.620,226,362,137,129,-29.586,84
2025,30,122,Kent State,Mid-American,4,7,-119.650,-129.809,123,0.364,0.198,0.165,0.976,177.273,296.923,234,386,132,130,-60.686,110
2025,30,123,Virginia Tech,ACC,2,9,-122.187,-62.544,90,0.182,0.346,-0.164,-0.869,179.508,301.695,219,356,122,118,72.650,19
2025,30,124,Ball State,Mid-American,3,8,-129.242,-169.017,131,0.273,0.078,0.194,1.139,120.000,249.242,156,329,130,132,-56.703,106
2025,30,125,Oregon State,Pac-12,1,10,-137.477,-128.472,122,0.091,0.180,-0.089,-0.446,128.148,265.625,173,340,135,128,6.212,67
2025,30,126,Purdue,Big Ten,1,10,-140.014,-2.647,70,0.091,0.492,-0.401,-2.195,159.167,299.180,191,365,120,122,106.571,1
2025,30,127,UAB,American Athletic,3,8,-141.775,-161.808,130,0.273,0.181,0.091,0.563,220.833,362.609,265,417,120,115,-26.967,83
2025,30,128,Rice,American Athletic,4,8,-141.901,-142.718,126,0.333,0.119,0.214,1.250,160.305,302.206,210,411,131,136,-34.866,89
2025,30,129,UCLA,Big Ten,3,9,-164.047,-21.396,79,0.250,0.444,-0.194,-1.037,178.689,342.735,218,401,122,117,104.250,3
2025,30,130,Syracuse,ACC,2,9,-166.622,-79.579,97,0.182,0.247,-0.065,-0.316,130.370,296.992,176,395,135,133,61.187,31
2025,30,131,Sam Houston,Conference USA,2,10,-167.213,-222.852,135,0.167,0.052,0.114,0.690,145.890,313.103,213,454,146,145,-76.265,122
2025,30,132,UL Monroe,Sun Belt,2,9,-170.431,-181.590,133,0.182,0.078,0.103,0.630,128.788,299.219,170,383,132,128,-47.312,98
2025,30,133,Georgia State,Sun Belt,0,11,-183.465,-153.422,128,0.000,0.149,-0.149,-0.783,157.480,340.945,200,433,127,127,-9.527,75
2025,30,134,Oklahoma State,Big 12,0,11,-201.115,-87.692,102,0.000,0.241,-0.241,-1.296,108.333,309.449,143,393,132,127,71.091,21
2025,30,135,Charlotte,American Athletic,0,11,-209.977,-203.932,134,0.000,0.048,-0.048,-0.220,98.485,308.462,130,401,132,130,-1.904,72
2025,30,136,Massachusetts,Mid-American,0,11,-261.111,-277.932,136,0.000,0.019,-0.019,-0.056,84.921,346.032,107,436,126,126,-55.699,104
