Season,Week,GameId,Team,Conference,Opponent,OpponentConference,Location,StartDate,Completed,Live,TeamPoints,OpponentPoints,Result,OpponentRk,OpponentAdjRk,OpponentAdjRtg
2025,3,401760368,Air Force,Mountain West,Utah State,Mountain West,Away,2025-09-14T01:45:00.000Z,True,False,30,49,L,71,80,-22.916
2025,4,401760372,Air Force,Mountain West,Boise State,Mountain West,Home,2025-09-20T23:00:00.000Z,True,False,37,49,L,50,53,33.161
2025,5,401760378,Air Force,Mountain West,Hawai'i,Mountain West,Home,2025-09-27T20:00:00.000Z,True,False,35,44,L,55,81,-23.761
2025,6,401760381,Air Force,Mountain West,Navy,American Athletic,Away,2025-10-04T16:00:00.000Z,True,False,31,34,L,44,61,24.074
2025,7,401760386,Air Force,Mountain West,UNLV,Mountain West,Away,2025-10-11T19:30:00.000Z,True,False,48,51,L,30,63,19.931
2025,8,401760392,Air Force,Mountain West,Wyoming,Mountain West,Home,2025-10-18T19:30:00.000Z,True,False,24,21,W,100,106,-97.082
2025,10,401760401,Air Force,Mountain West,Army,American Athletic,Home,2025-11-01T16:00:00.000Z,True,False,17,20,L,57,72,-3.907
2025,11,401760406,Air Force,Mountain West,San José State,Mountain West,Away,2025-11-08T23:00:00.000Z,True,False,26,16,W,121,118,-121.411
2025,12,401757174,Air Force,Mountain West,UConn,FBS Independents,Away,2025-11-15T17:00:00.000Z,True,False,16,26,L,42,92,-67.291
2025,13,401760415,Air Force,Mountain West,New Mexico,Mountain West,Home,2025-11-23T00:00:00.000Z,True,False,3,20,L,47,66,12.799
2025,14,401760421,Air Force,Mountain West,Colorado State,Mountain West,Away,2025-11-28T20:00:00.000Z,True,False,42,21,W,118,112,-112.280
2025,1,401762789,Akron,Mid-American,Wyoming,Mountain West,Home,2025-08-28T23:00:00.000Z,True,False,0,10,L,100,106,-97.082
2025,2,401752810,Akron,Mid-American,Nebraska,Big Ten,Away,2025-09-06T23:30:00.000Z,True,False,0,68,L,69,68,9.693
2025,3,401762463,Akron,Mid-American,UAB,American Athletic,Away,2025-09-14T00:30:00.000Z,True,False,28,31,L,127,130,-161.808
2025,5,401762824,Akron,Mid-American,Toledo,Mid-American,Away,2025-09-27T19:30:00.000Z,True,False,3,45,L,14,58,27.520
2025,6,401762829,Akron,Mid-American,Central Michigan,Mid-American,Home,2025-10-04T19:30:00.000Z,True,False,28,22,W,86,100,-84.461
2025,7,401762833,Akron,Mid-American,Miami (OH),Mid-American,Home,2025-10-11T16:00:00.000Z,True,False,7,20,L,75,99,-81.842
2025,8,401762838,Akron,Mid-American,Ball State,Mid-American,Away,2025-10-18T19:30:00.000Z,True,False,28,42,L,124,131,-169.017
2025,9,401762844,Akron,Mid-American,Buffalo,Mid-American,Away,2025-10-25T17:00:00.000Z,True,False,24,16,W,79,121,-127.389
2025,11,401762851,Akron,Mid-American,Massachusetts,Mid-American,Home,2025-11-05T00:00:00.000Z,True,False,44,10,W,136,136,-277.932
2025,12,401762856,Akron,Mid-American,Kent State,Mid-American,Home,2025-11-12T00:30:00.000Z,True,False,35,42,L,122,123,-129.809
2025,13,401762862,Akron,Mid-American,Bowling Green,Mid-American,Away,2025-11-19T00:00:00.000Z,True,False,19,16,W,94,124,-130.667
2025,1,401752665,Alabama,SEC,Florida State,ACC,Away,2025-08-30T19:30:00.000Z,True,False,17,31,L,36,36,68.221
2025,1,401779840,Alabama,SEC,Oklahoma,SEC,Away,2025-12-20T01:00:00.000Z,True,False,34,24,W,29,18,122.194
2025,1,401769072,Alabama,SEC,Indiana,Big Ten,Away,2026-01-01T21:00:00.000Z,True,False,3,38,L,1,1,275.437
2025,2,401752681,Alabama,SEC,UL Monroe,Sun Belt,Home,2025-09-06T23:45:00.000Z,True,False,73,0,W,132,133,-181.590
2025,3,401752696,Alabama,SEC,Wisconsin,Big Ten,Home,2025-09-13T16:00:00.000Z,True,False,38,14,W,109,54,31.936
2025,5,401752718,Alabama,SEC,Georgia,SEC,Away,2025-09-27T23:30:00.000Z,True,False,24,21,W,12,8,169.392
2025,6,401752726,Alabama,SEC,Vanderbilt,SEC,Home,2025-10-04T19:30:00.000Z,True,False,30,14,W,10,12,152.909
2025,7,401752734,Alabama,SEC,Missouri,SEC,Away,2025-10-11T16:00:00.000Z,True,False,27,24,W,31,29,86.725
2025,8,401752738,Alabama,SEC,Tennessee,SEC,Home,2025-10-18T23:30:00.000Z,True,False,37,20,W,26,24,101.521
2025,9,401752751,Alabama,SEC,South Carolina,SEC,Away,2025-10-25T19:30:00.000Z,True,False,29,22,W,74,42,55.902
2025,11,401752759,Alabama,SEC,LSU,SEC,Home,2025-11-09T00:30:00.000Z,True,False,20,9,W,68,34,74.156
2025,12,401752765,Alabama,SEC,Oklahoma,SEC,Home,2025-11-15T20:30:00.000Z,True,False,21,23,L,29,18,122.194
2025,14,401752784,Alabama,SEC,Auburn,SEC,Away,2025-11-30T00:30:00.000Z,True,False,27,20,W,58,31,76.936
2025,15,401777351,Alabama,SEC,Georgia,SEC,Home,2025-12-06T21:00:00.000Z,True,False,7,28,L,12,8,169.392
2025,1,401761589,App State,Sun Belt,Charlotte,American Athletic,Away,2025-08-29T23:00:00.000Z,True,False,34,11,W,135,134,-203.932
2025,1,401778324,App State,Sun Belt,Georgia Southern,Sun Belt,Home,2025-12-29T19:00:00.000Z,True,False,10,29,L,108,107,-99.138
2025,3,401761607,App State,Sun Belt,Southern Miss,Sun Belt,Away,2025-09-13T23:00:00.000Z,True,False,22,38,L,65,96,-78.786
2025,5,401760379,App State,Sun Belt,Boise State,Mountain West,Away,2025-09-27T23:30:00.000Z,True,False,14,47,L,50,53,33.161
2025,6,401752940,App State,Sun Belt,Oregon State,Pac-12,Home,2025-10-04T19:30:00.000Z,True,False,27,23,W,125,122,-128.472
2025,7,401761624,App State,Sun Belt,Georgia State,Sun Belt,Away,2025-10-11T19:30:00.000Z,True,False,41,20,W,133,128,-153.422
2025,8,401761629,App State,Sun Belt,Coastal Carolina,Sun Belt,Home,2025-10-18T19:30:00.000Z,True,False,37,45,L,116,105,-96.604
2025,9,401761635,App State,Sun Belt,Old Dominion,Sun Belt,Away,2025-10-25T16:00:00.000Z,True,False,21,24,L,18,51,39.319
2025,11,401761644,App State,Sun Belt,Georgia Southern,Sun Belt,Home,2025-11-07T00:30:00.000Z,True,False,23,25,L,108,107,-99.138
2025,12,401761652,App State,Sun Belt,James Madison,Sun Belt,Away,2025-11-15T20:30:00.000Z,True,False,10,58,L,7,33,74.611
2025,13,401761656,App State,Sun Belt,Marshall,Sun Belt,Home,2025-11-22T19:30:00.000Z,True,False,26,24,W,73,87,-49.493
2025,14,401761661,App State,Sun Belt,Arkansas State,Sun Belt,Home,2025-11-29T19:30:00.000Z,True,False,29,30,L,82,103,-87.707
2025,1,401756849,Arizona,Big 12,Hawai'i,Mountain West,Home,2025-08-31T02:30:00.000Z,True,False,40,6,W,55,81,-23.761
2025,1,401831583,Arizona,Big 12,SMU,ACC,Away,2026-01-03T01:00:00.000Z,True,False,19,24,L,21,22,104.483
2025,3,401756888,Arizona,Big 12,Kansas State,Big 12,Home,2025-09-13T01:00:00.000Z,True,False,23,17,W,49,23,102.744
2025,5,401756904,Arizona,Big 12,Iowa State,Big 12,Away,2025-09-27T23:00:00.000Z,True,False,14,39,L,48,25,97.434
2025,6,401756910,Arizona,Big 12,Oklahoma State,Big 12,Home,2025-10-04T19:00:00.000Z,True,False,41,13,W,134,102,-87.692
2025,7,401756916,Arizona,Big 12,BYU,Big 12,Home,2025-10-12T00:00:00.000Z,True,False,27,33,L,24,9,164.581
2025,8,401756925,Arizona,Big 12,Houston,Big 12,Away,2025-10-18T16:00:00.000Z,True,False,28,31,L,53,44,54.968
2025,10,401756937,Arizona,Big 12,Colorado,Big 12,Away,2025-11-01T23:00:00.000Z,True,False,52,17,W,105,64,16.730
2025,11,401756943,Arizona,Big 12,Kansas,Big 12,Home,2025-11-08T20:30:00.000Z,True,False,24,20,W,78,45,47.271
2025,12,401756951,Arizona,Big 12,Cincinnati,Big 12,Away,2025-11-15T17:00:00.000Z,True,False,30,24,W,76,49,42.732
2025,13,401756954,Arizona,Big 12,Baylor,Big 12,Home,2025-11-22T18:00:00.000Z,True,False,41,17,W,85,57,28.082
2025,14,401756961,Arizona,Big 12,Arizona State,Big 12,Away,2025-11-29T02:00:00.000Z,True,False,23,7,W,67,40,60.380
2025,1,401778329,Arizona State,Big 12,Duke,ACC,Away,2025-12-31T19:00:00.000Z,True,False,39,42,L,46,43,55.119
2025,2,401752688,Arizona State,Big 12,Mississippi State,SEC,Away,2025-09-06T23:30:00.000Z,True,False,20,24,L,91,62,20.774
2025,3,401756889,Arizona State,Big 12,Texas State,Sun Belt,Home,2025-09-14T02:30:00.000Z,True,False,34,15,W,35,76,-8.668
2025,4,401756896,Arizona State,Big 12,Baylor,Big 12,Away,2025-09-20T23:30:00.000Z,True,False,27,24,W,85,57,28.082
2025,5,401756902,Arizona State,Big 12,TCU,Big 12,Home,2025-09-27T01:00:00.000Z,True,False,27,24,W,52,28,88.219
2025,7,401756922,Arizona State,Big 12,Utah,Big 12,Away,2025-10-12T02:15:00.000Z,True,False,10,42,L,5,4,219.253
2025,8,401756923,Arizona State,Big 12,Texas Tech,Big 12,Home,2025-10-18T20:00:00.000Z,True,False,26,22,W,4,7,200.963
2025,9,401756929,Arizona State,Big 12,Houston,Big 12,Home,2025-10-26T00:00:00.000Z,True,False,16,24,L,53,44,54.968
2025,10,401756939,Arizona State,Big 12,Iowa State,Big 12,Away,2025-11-01T17:00:00.000Z,True,False,24,19,W,48,25,97.434
2025,12,401756948,Arizona State,Big 12,West Virginia,Big 12,Home,2025-11-15T18:00:00.000Z,True,False,25,23,W,120,78,-13.439
2025,13,401756956,Arizona State,Big 12,Colorado,Big 12,Away,2025-11-23T01:00:00.000Z,True,False,42,17,W,105,64,16.730
2025,14,401756961,Arizona State,Big 12,Arizona,Big 12,Home,2025-11-29T02:00:00.000Z,True,False,7,23,L,22,19,116.231
2025,2,401752682,Arkansas,SEC,Arkansas State,Sun Belt,Home,2025-09-06T21:00:00.000Z,True,False,56,14,W,82,103,-87.707
2025,3,401752700,Arkansas,SEC,Ole Miss,SEC,Away,2025-09-13T23:00:00.000Z,True,False,35,41,L,15,13,152.268
2025,4,401752708,Arkansas,SEC,Memphis,American Athletic,Away,2025-09-20T16:00:00.000Z,True,False,31,32,L,34,65,16.465
2025,5,401752717,Arkansas,SEC,Notre Dame,FBS Independents,Home,2025-09-27T16:00:00.000Z,True,False,13,56,L,2,3,219.759
2025,7,401752735,Arkansas,SEC,Tennessee,SEC,Away,2025-10-11T20:15:00.000Z,True,False,31,34,L,26,24,101.521
2025,8,401752739,Arkansas,SEC,Texas A&M,SEC,Home,2025-10-18T19:30:00.000Z,True,False,42,45,L,23,11,155.815
2025,9,401752746,Arkansas,SEC,Auburn,SEC,Home,2025-10-25T16:45:00.000Z,True,False,24,33,L,58,31,76.936
2025,10,401752753,Arkansas,SEC,Mississippi State,SEC,Home,2025-11-01T20:00:00.000Z,True,False,35,38,L,91,62,20.774
2025,12,401752768,Arkansas,SEC,LSU,SEC,Away,2025-11-15T17:45:00.000Z,True,False,22,23,L,68,34,74.156
2025,13,401752780,Arkansas,SEC,Texas,SEC,Away,2025-11-22T20:30:00.000Z,True,False,37,52,L,19,20,110.722
2025,14,401752783,Arkansas,SEC,Missouri,SEC,Home,2025-11-29T20:30:00.000Z,True,False,17,31,L,31,29,86.725
2025,1,401838053,Arkansas State,Sun Belt,Missouri State,Conference USA,Home,2025-12-19T02:00:00.000Z,True,False,34,28,W,92,98,-81.327
2025,2,401752682,Arkansas State,Sun Belt,Arkansas,SEC,Away,2025-09-06T21:00:00.000Z,True,False,14,56,L,81,46,45.867
2025,3,401756890,Arkansas State,Sun Belt,Iowa State,Big 12,Home,2025-09-13T20:00:00.000Z,True,False,16,24,L,48,25,97.434
2025,4,401757261,Arkansas State,Sun Belt,Kennesaw State,Conference USA,Away,2025-09-20T22:00:00.000Z,True,False,21,28,L,64,86,-42.743
2025,5,401761616,Arkansas State,Sun Belt,UL Monroe,Sun Belt,Away,2025-09-27T19:00:00.000Z,True,False,16,28,L,132,133,-181.590
2025,6,401761620,Arkansas State,Sun Belt,Texas State,Sun Belt,Home,2025-10-04T20:00:00.000Z,True,False,31,30,W,35,76,-8.668
2025,8,401761628,Arkansas State,Sun Belt,South Alabama,Sun Belt,Away,2025-10-14T23:30:00.000Z,True,False,15,14,W,99,120,-122.179
2025,9,401761636,Arkansas State,Sun Belt,Georgia Southern,Sun Belt,Home,2025-10-25T23:00:00.000Z,True,False,34,24,W,108,107,-99.138
2025,10,401761643,Arkansas State,Sun Belt,Troy,Sun Belt,Away,2025-11-02T00:00:00.000Z,True,False,23,10,W,72,91,-65.999
2025,11,401761647,Arkansas State,Sun Belt,Southern Miss,Sun Belt,Home,2025-11-08T17:00:00.000Z,True,False,21,27,L,65,96,-78.786
2025,13,401761655,Arkansas State,Sun Belt,Louisiana,Sun Belt,Home,2025-11-21T00:30:00.000Z,True,False,30,34,L,95,114,-116.979
2025,14,401761661,Arkansas State,Sun Belt,App State,Sun Belt,Away,2025-11-29T19:30:00.000Z,True,False,30,29,W,97,110,-106.953
2025,1,401778318,Army,American Athletic,UConn,FBS Independents,Home,2025-12-27T19:15:00.000Z,True,False,41,16,W,42,92,-67.291
2025,2,401756882,Army,American Athletic,Kansas State,Big 12,Away,2025-09-06T23:00:00.000Z,True,False,24,21,W,49,23,102.744
2025,4,401762469,Army,American Athletic,North Texas,American Athletic,Home,2025-09-20T16:00:00.000Z,True,False,38,45,L,8,35,68.510
2025,5,401762471,Army,American Athletic,East Carolina,American Athletic,Away,2025-09-25T23:30:00.000Z,True,False,6,28,L,32,59,27.505
2025,6,401762476,Army,American Athletic,UAB,American Athletic,Away,2025-10-04T16:00:00.000Z,True,False,31,13,W,127,130,-161.808
2025,7,401762483,Army,American Athletic,Charlotte,American Athletic,Home,2025-10-11T16:00:00.000Z,True,False,24,7,W,135,134,-203.932
2025,8,401762488,Army,American Athletic,Tulane,American Athletic,Away,2025-10-18T16:00:00.000Z,True,False,17,24,L,51,56,28.631
2025,10,401760401,Army,American Athletic,Air Force,Mountain West,Away,2025-11-01T16:00:00.000Z,True,False,20,17,W,84,93,-67.396
2025,11,401762503,Army,American Athletic,Temple,American Athletic,Home,2025-11-08T17:00:00.000Z,True,False,14,13,W,98,88,-61.145
2025,13,401762512,Army,American Athletic,Tulsa,American Athletic,Home,2025-11-22T17:00:00.000Z,True,False,25,26,L,107,113,-116.608
2025,14,401762441,Army,American Athletic,UTSA,American Athletic,Away,2025-11-29T20:30:00.000Z,True,False,27,24,W,45,73,-3.929
2025,16,401762521,Army,American Athletic,Navy,American Athletic,Away,2025-12-13T20:00:00.000Z,True,False,16,17,L,44,61,24.074
2025,1,401752667,Auburn,SEC,Baylor,Big 12,Away,2025-08-30T00:00:00.000Z,True,False,38,24,W,85,57,28.082
2025,2,401752683,Auburn,SEC,Ball State,Mid-American,Home,2025-09-06T23:30:00.000Z,True,False,42,3,W,124,131,-169.017
2025,3,401752697,Auburn,SEC,South Alabama,Sun Belt,Home,2025-09-13T16:45:00.000Z,True,False,31,15,W,99,120,-122.179
2025,4,401752714,Auburn,SEC,Oklahoma,SEC,Away,2025-09-20T19:30:00.000Z,True,False,17,24,L,29,18,122.194
2025,5,401752724,Auburn,SEC,Texas A&M,SEC,Away,2025-09-27T19:30:00.000Z,True,False,10,16,L,23,11,155.815
2025,7,401752731,Auburn,SEC,Georgia,SEC,Home,2025-10-11T23:30:00.000Z,True,False,10,20,L,12,8,169.392
2025,8,401752740,Auburn,SEC,Missouri,SEC,Home,2025-10-18T23:45:00.000Z,True,False,17,23,L,31,29,86.725
2025,9,401752746,Auburn,SEC,Arkansas,SEC,Away,2025-10-25T16:45:00.000Z,True,False,33,24,W,81,46,45.867
2025,10,401752754,Auburn,SEC,Kentucky,SEC,Home,2025-11-01T23:30:00.000Z,True,False,3,10,L,103,69,8.219
2025,11,401752764,Auburn,SEC,Vanderbilt,SEC,Away,2025-11-08T21:00:00.000Z,True,False,38,45,L,10,12,152.909
2025,14,401752784,Auburn,SEC,Alabama,SEC,Home,2025-11-30T00:30:00.000Z,True,False,20,27,L,25,15,145.371
2025,1,401778319,BYU,Big 12,Georgia Tech,ACC,Home,2025-12-27T20:30:00.000Z,True,False,25,21,W,56,41,59.383
2025,2,401754526,BYU,Big 12,Stanford,ACC,Home,2025-09-07T02:15:00.000Z,True,False,27,3,W,113,84,-35.494
2025,4,401756898,BYU,Big 12,East Carolina,American Athletic,Away,2025-09-20T23:30:00.000Z,True,False,34,13,W,32,59,27.505
2025,5,401756903,BYU,Big 12,Colorado,Big 12,Away,2025-09-28T02:15:00.000Z,True,False,24,21,W,105,64,16.730
2025,6,401756909,BYU,Big 12,West Virginia,Big 12,Home,2025-10-04T02:30:00.000Z,True,False,38,24,W,120,78,-13.439
2025,7,401756916,BYU,Big 12,Arizona,Big 12,Away,2025-10-12T00:00:00.000Z,True,False,33,27,W,22,19,116.231
2025,8,401756924,BYU,Big 12,Utah,Big 12,Home,2025-10-19T00:00:00.000Z,True,False,24,21,W,5,4,219.253
2025,9,401756931,BYU,Big 12,Iowa State,Big 12,Away,2025-10-25T19:30:00.000Z,True,False,41,27,W,48,25,97.434
2025,11,401756945,BYU,Big 12,Texas Tech,Big 12,Away,2025-11-08T17:00:00.000Z,True,False,7,29,L,4,7,200.963
2025,12,401756950,BYU,Big 12,TCU,Big 12,Home,2025-11-16T03:15:00.000Z,True,False,44,13,W,52,28,88.219
2025,13,401756955,BYU,Big 12,Cincinnati,Big 12,Away,2025-11-23T01:00:00.000Z,True,False,26,14,W,76,49,42.732
2025,14,401756963,BYU,Big 12,UCF,Big 12,Home,2025-11-29T18:00:00.000Z,True,False,41,21,W,87,71,-2.940
2025,15,401777327,BYU,Big 12,Texas Tech,Big 12,Away,2025-12-06T17:00:00.000Z,True,False,7,34,L,4,7,200.963
2025,1,401752801,Ball State,Mid-American,Purdue,Big Ten,Away,2025-08-30T16:00:00.000Z,True,False,0,31,L,126,70,-2.647
2025,2,401752683,Ball State,Mid-American,Auburn,SEC,Away,2025-09-06T23:30:00.000Z,True,False,3,42,L,58,31,76.936
2025,4,401757169,Ball State,Mid-American,UConn,FBS Independents,Away,2025-09-20T19:30:00.000Z,True,False,25,31,L,42,92,-67.291
2025,6,401762830,Ball State,Mid-American,Ohio,Mid-American,Home,2025-10-04T16:00:00.000Z,True,False,20,14,W,37,74,-5.248
2025,7,401762834,Ball State,Mid-American,Western Michigan,Mid-American,Away,2025-10-11T19:30:00.000Z,True,False,0,42,L,39,82,-24.352
2025,8,401762838,Ball State,Mid-American,Akron,Mid-American,Home,2025-10-18T19:30:00.000Z,True,False,42,28,W,110,129,-156.885
2025,9,401762845,Ball State,Mid-American,Northern Illinois,Mid-American,Away,2025-10-25T19:30:00.000Z,True,False,7,21,L,106,125,-140.097
2025,11,401762853,Ball State,Mid-American,Kent State,Mid-American,Home,2025-11-06T00:00:00.000Z,True,False,17,13,W,122,123,-129.809
2025,12,401762861,Ball State,Mid-American,Eastern Michigan,Mid-American,Home,2025-11-15T17:00:00.000Z,True,False,9,24,L,89,115,-120.022
2025,13,401762867,Ball State,Mid-American,Toledo,Mid-American,Away,2025-11-22T19:00:00.000Z,True,False,9,38,L,14,58,27.520
2025,14,401762875,Ball State,Mid-American,Miami (OH),Mid-American,Away,2025-11-29T17:00:00.000Z,True,False,24,45,L,75,99,-81.842
2025,1,401752667,Baylor,Big 12,Auburn,SEC,Home,2025-08-30T00:00:00.000Z,True,False,24,38,L,58,31,76.936
2025,2,401754525,Baylor,Big 12,SMU,ACC,Away,2025-09-06T16:00:00.000Z,True,False,48,45,W,21,22,104.483
2025,4,401756896,Baylor,Big 12,Arizona State,Big 12,Home,2025-09-20T23:30:00.000Z,True,False,24,27,L,67,40,60.380
2025,5,401756907,Baylor,Big 12,Oklahoma State,Big 12,Away,2025-09-27T19:30:00.000Z,True,False,45,27,W,134,102,-87.692
2025,6,401756911,Baylor,Big 12,Kansas State,Big 12,Home,2025-10-04T16:00:00.000Z,True,False,35,34,W,49,23,102.744
2025,8,401756927,Baylor,Big 12,TCU,Big 12,Away,2025-10-18T16:00:00.000Z,True,False,36,42,L,52,28,88.219
2025,9,401756930,Baylor,Big 12,Cincinnati,Big 12,Away,2025-10-25T20:00:00.000Z,True,False,20,41,L,76,49,42.732
2025,10,401756936,Baylor,Big 12,UCF,Big 12,Home,2025-11-01T16:00:00.000Z,True,False,30,3,W,87,71,-2.940
2025,12,401756949,Baylor,Big 12,Utah,Big 12,Home,2025-11-16T00:00:00.000Z,True,False,28,55,L,5,4,219.253
2025,13,401756954,Baylor,Big 12,Arizona,Big 12,Away,2025-11-22T18:00:00.000Z,True,False,17,41,L,22,19,116.231
2025,14,401756962,Baylor,Big 12,Houston,Big 12,Home,2025-11-29T17:00:00.000Z,True,False,24,31,L,53,44,54.968
2025,1,401762522,Boise State,Mountain West,South Florida,American Athletic,Away,2025-08-28T21:30:00.000Z,True,False,7,34,L,16,27,88.893
2025,1,401778302,Boise State,Mountain West,Washington,Big Ten,Away,2025-12-14T01:00:00.000Z,True,False,10,38,L,17,16,145.025
2025,4,401760372,Boise State,Mountain West,Air Force,Mountain West,Away,2025-09-20T23:00:00.000Z,True,False,49,37,W,84,93,-67.396
2025,5,401760379,Boise State,Mountain West,App State,Sun Belt,Home,2025-09-27T23:30:00.000Z,True,False,47,14,W,97,110,-106.953
2025,6,401757165,Boise State,Mountain West,Notre Dame,FBS Independents,Away,2025-10-04T19:30:00.000Z,True,False,7,28,L,2,3,219.759
2025,7,401760387,Boise State,Mountain West,New Mexico,Mountain West,Home,2025-10-12T01:45:00.000Z,True,False,41,25,W,47,66,12.799
2025,8,401760393,Boise State,Mountain West,UNLV,Mountain West,Home,2025-10-18T19:30:00.000Z,True,False,56,31,W,30,63,19.931
2025,9,401760397,Boise State,Mountain West,Nevada,Mountain West,Away,2025-10-25T02:00:00.000Z,True,False,24,3,W,115,117,-121.167
2025,10,401760402,Boise State,Mountain West,Fresno State,Mountain West,Home,2025-11-01T19:30:00.000Z,True,False,7,30,L,60,83,-34.721
2025,12,401760410,Boise State,Mountain West,San Diego State,Mountain West,Away,2025-11-16T03:30:00.000Z,True,False,7,17,L,28,52,38.032
2025,13,401760416,Boise State,Mountain West,Colorado State,Mountain West,Home,2025-11-23T00:00:00.000Z,True,False,49,21,W,118,112,-112.280
2025,14,401760422,Boise State,Mountain West,Utah State,Mountain West,Away,2025-11-28T21:00:00.000Z,True,False,25,24,W,71,80,-22.916
2025,15,401777326,Boise State,Mountain West,UNLV,Mountain West,Home,2025-12-06T01:00:00.000Z,True,False,38,21,W,30,63,19.931
2025,2,401752816,Boston College,ACC,Michigan State,Big Ten,Away,2025-09-06T23:30:00.000Z,True,False,40,42,L,102,77,-9.134
2025,3,401754533,Boston College,ACC,Stanford,ACC,Away,2025-09-14T02:30:00.000Z,True,False,20,30,L,113,84,-35.494
2025,5,401754544,Boston College,ACC,California,ACC,Home,2025-09-27T19:30:00.000Z,True,False,24,28,L,90,85,-38.538
2025,6,401754550,Boston College,ACC,Pittsburgh,ACC,Away,2025-10-04T16:00:00.000Z,True,False,7,48,L,38,32,75.751
2025,7,401754558,Boston College,ACC,Clemson,ACC,Home,2025-10-11T23:30:00.000Z,True,False,10,41,L,43,39,65.188
2025,8,401754569,Boston College,ACC,UConn,FBS Independents,Home,2025-10-18T16:00:00.000Z,True,False,23,38,L,42,92,-67.291
2025,9,401754570,Boston College,ACC,Louisville,ACC,Away,2025-10-25T23:30:00.000Z,True,False,24,38,L,41,38,66.721
2025,10,401754583,Boston College,ACC,Notre Dame,FBS Independents,Home,2025-11-01T19:30:00.000Z,True,False,10,25,L,2,3,219.759
2025,11,401754584,Boston College,ACC,SMU,ACC,Home,2025-11-08T17:00:00.000Z,True,False,13,45,L,21,22,104.483
2025,12,401754592,Boston College,ACC,Georgia Tech,ACC,Home,2025-11-15T20:30:00.000Z,True,False,34,36,L,56,41,59.383
2025,14,401754608,Boston College,ACC,Syracuse,ACC,Away,2025-11-29T20:00:00.000Z,True,False,34,12,W,130,97,-79.579
2025,2,401756880,Bowling Green,Mid-American,Cincinnati,Big 12,Away,2025-09-06T19:30:00.000Z,True,False,20,34,L,76,49,42.732
2025,3,401757256,Bowling Green,Mid-American,Liberty,Conference USA,Home,2025-09-13T21:00:00.000Z,True,False,23,13,W,77,108,-103.418
2025,4,401754642,Bowling Green,Mid-American,Louisville,ACC,Away,2025-09-20T16:00:00.000Z,True,False,17,40,L,41,38,66.721
2025,5,401762825,Bowling Green,Mid-American,Ohio,Mid-American,Away,2025-09-27T16:00:00.000Z,True,False,20,35,L,37,74,-5.248
2025,7,401762835,Bowling Green,Mid-American,Toledo,Mid-American,Home,2025-10-11T16:00:00.000Z,True,False,28,23,W,14,58,27.520
2025,8,401762839,Bowling Green,Mid-American,Central Michigan,Mid-American,Home,2025-10-18T16:00:00.000Z,True,False,6,27,L,86,100,-84.461
2025,9,401762846,Bowling Green,Mid-American,Kent State,Mid-American,Away,2025-10-25T16:00:00.000Z,True,False,21,24,L,122,123,-129.809
2025,10,401762849,Bowling Green,Mid-American,Buffalo,Mid-American,Home,2025-11-01T16:00:00.000Z,True,False,3,28,L,79,121,-127.389
2025,11,401762855,Bowling Green,Mid-American,Eastern Michigan,Mid-American,Away,2025-11-08T18:00:00.000Z,True,False,21,27,L,89,115,-120.022
2025,13,401762862,Bowling Green,Mid-American,Akron,Mid-American,Home,2025-11-19T00:00:00.000Z,True,False,16,19,L,110,129,-156.885
2025,14,401762868,Bowling Green,Mid-American,Massachusetts,Mid-American,Away,2025-11-25T21:30:00.000Z,True,False,45,14,W,136,136,-277.932
2025,1,401752793,Buffalo,Mid-American,Minnesota,Big Ten,Away,2025-08-29T00:00:00.000Z,True,False,10,23,L,93,67,11.682
2025,3,401762817,Buffalo,Mid-American,Kent State,Mid-American,Away,2025-09-13T16:00:00.000Z,True,False,31,28,W,122,123,-129.809
2025,4,401761613,Buffalo,Mid-American,Troy,Sun Belt,Home,2025-09-20T19:30:00.000Z,True,False,17,21,L,72,91,-65.999
2025,5,401757170,Buffalo,Mid-American,UConn,FBS Independents,Home,2025-09-27T19:30:00.000Z,True,False,17,20,L,42,92,-67.291
2025,6,401762831,Buffalo,Mid-American,Eastern Michigan,Mid-American,Home,2025-10-04T19:30:00.000Z,True,False,31,30,W,89,115,-120.022
2025,8,401762840,Buffalo,Mid-American,Massachusetts,Mid-American,Away,2025-10-18T18:30:00.000Z,True,False,28,21,W,136,136,-277.932
2025,9,401762844,Buffalo,Mid-American,Akron,Mid-American,Home,2025-10-25T17:00:00.000Z,True,False,16,24,L,110,129,-156.885
2025,10,401762849,Buffalo,Mid-American,Bowling Green,Mid-American,Away,2025-11-01T16:00:00.000Z,True,False,28,3,W,94,124,-130.667
2025,12,401762858,Buffalo,Mid-American,Central Michigan,Mid-American,Away,2025-11-13T00:00:00.000Z,True,False,19,38,L,86,100,-84.461
2025,13,401762865,Buffalo,Mid-American,Miami (OH),Mid-American,Home,2025-11-20T00:00:00.000Z,True,False,20,37,L,75,99,-81.842
2025,14,401762870,Buffalo,Mid-American,Ohio,Mid-American,Home,2025-11-28T17:00:00.000Z,True,False,26,31,L,37,74,-5.248
2025,1,401752936,California,ACC,Oregon State,Pac-12,Away,2025-08-31T02:30:00.000Z,True,False,34,15,W,125,122,-128.472
2025,1,401778312,California,ACC,Hawai'i,Mountain West,Away,2025-12-25T01:00:00.000Z,True,False,31,35,L,55,81,-23.761
2025,3,401752840,California,ACC,Minnesota,Big Ten,Home,2025-09-14T02:30:00.000Z,True,False,27,14,W,93,67,11.682
2025,4,401754540,California,ACC,San Diego State,Mountain West,Away,2025-09-21T02:30:00.000Z,True,False,0,34,L,28,52,38.032
2025,5,401754544,California,ACC,Boston College,ACC,Away,2025-09-27T19:30:00.000Z,True,False,28,24,W,119,95,-69.225
2025,6,401754551,California,ACC,Duke,ACC,Home,2025-10-05T02:30:00.000Z,True,False,21,45,L,46,43,55.119
2025,8,401754371,California,ACC,North Carolina,ACC,Home,2025-10-18T02:30:00.000Z,True,False,21,18,W,112,101,-85.220
2025,9,401754372,California,ACC,Virginia Tech,ACC,Away,2025-10-24T23:30:00.000Z,True,False,34,42,L,123,90,-62.544
2025,10,401754576,California,ACC,Virginia,ACC,Home,2025-11-01T19:45:00.000Z,True,False,21,31,L,20,30,84.624
2025,11,401754585,California,ACC,Louisville,ACC,Away,2025-11-09T00:00:00.000Z,True,False,29,26,W,41,38,66.721
2025,13,401754599,California,ACC,Stanford,ACC,Away,2025-11-23T00:30:00.000Z,True,False,10,31,L,113,84,-35.494
2025,14,401754609,California,ACC,SMU,ACC,Home,2025-11-30T01:00:00.000Z,True,False,38,35,W,21,22,104.483
2025,1,401760358,Central Michigan,Mid-American,San José State,Mountain West,Away,2025-08-30T02:30:00.000Z,True,False,16,14,W,121,118,-121.411
2025,1,401778313,Central Michigan,Mid-American,Northwestern,Big Ten,Away,2025-12-26T18:00:00.000Z,True,False,7,34,L,62,48,44.725
2025,2,401754529,Central Michigan,Mid-American,Pittsburgh,ACC,Away,2025-09-06T16:00:00.000Z,True,False,17,45,L,38,32,75.751
2025,3,401752839,Central Michigan,Mid-American,Michigan,Big Ten,Away,2025-09-13T16:00:00.000Z,True,False,3,63,L,33,26,94.160
2025,5,401762826,Central Michigan,Mid-American,Eastern Michigan,Mid-American,Home,2025-09-27T17:00:00.000Z,True,False,24,13,W,89,115,-120.022
2025,6,401762829,Central Michigan,Mid-American,Akron,Mid-American,Away,2025-10-04T19:30:00.000Z,True,False,22,28,L,110,129,-156.885
2025,8,401762839,Central Michigan,Mid-American,Bowling Green,Mid-American,Away,2025-10-18T16:00:00.000Z,True,False,27,6,W,94,124,-130.667
2025,9,401762847,Central Michigan,Mid-American,Massachusetts,Mid-American,Home,2025-10-25T19:30:00.000Z,True,False,38,13,W,136,136,-277.932
2025,10,401762850,Central Michigan,Mid-American,Western Michigan,Mid-American,Away,2025-11-01T20:00:00.000Z,True,False,21,24,L,39,82,-24.352
2025,12,401762858,Central Michigan,Mid-American,Buffalo,Mid-American,Home,2025-11-13T00:00:00.000Z,True,False,38,19,W,79,121,-127.389
2025,13,401762866,Central Michigan,Mid-American,Kent State,Mid-American,Away,2025-11-20T00:00:00.000Z,True,False,28,16,W,122,123,-129.809
2025,14,401762872,Central Michigan,Mid-American,Toledo,Mid-American,Home,2025-11-29T17:00:00.000Z,True,False,3,21,L,14,58,27.520
2025,1,401761589,Charlotte,American Athletic,App State,Sun Belt,Home,2025-08-29T23:00:00.000Z,True,False,11,34,L,97,110,-106.953
2025,2,401754527,Charlotte,American Athletic,North Carolina,ACC,Home,2025-09-06T23:00:00.000Z,True,False,3,20,L,112,101,-85.220
2025,4,401762468,Charlotte,American Athletic,Rice,American Athletic,Home,2025-09-18T23:30:00.000Z,True,False,17,28,L,128,126,-142.718
2025,6,401762475,Charlotte,American Athletic,South Florida,American Athletic,Away,2025-10-03T23:00:00.000Z,True,False,26,54,L,16,27,88.893
2025,7,401762483,Charlotte,American Athletic,Army,American Athletic,Away,2025-10-11T16:00:00.000Z,True,False,7,24,L,57,72,-3.907
2025,8,401762489,Charlotte,American Athletic,Temple,American Athletic,Home,2025-10-18T19:30:00.000Z,True,False,14,49,L,98,88,-61.145
2025,9,401762492,Charlotte,American Athletic,North Texas,American Athletic,Home,2025-10-24T23:00:00.000Z,True,False,20,54,L,8,35,68.510
2025,11,401762504,Charlotte,American Athletic,East Carolina,American Athletic,Away,2025-11-08T20:00:00.000Z,True,False,22,48,L,32,59,27.505
2025,12,401762507,Charlotte,American Athletic,UTSA,American Athletic,Home,2025-11-15T17:00:00.000Z,True,False,7,28,L,45,73,-3.929
2025,13,401752776,Charlotte,American Athletic,Georgia,SEC,Away,2025-11-22T17:45:00.000Z,True,False,3,35,L,12,8,169.392
2025,14,401762518,Charlotte,American Athletic,Tulane,American Athletic,Away,2025-11-30T00:30:00.000Z,True,False,0,27,L,51,56,28.631
2025,1,401752796,Cincinnati,Big 12,Nebraska,Big Ten,Home,2025-08-29T01:00:00.000Z,True,False,17,20,L,69,68,9.693
2025,1,401778333,Cincinnati,Big 12,Navy,American Athletic,Home,2026-01-02T21:30:00.000Z,True,False,13,35,L,44,61,24.074
2025,2,401756880,Cincinnati,Big 12,Bowling Green,Mid-American,Home,2025-09-06T19:30:00.000Z,True,False,34,20,W,94,124,-130.667
2025,5,401756905,Cincinnati,Big 12,Kansas,Big 12,Away,2025-09-27T16:00:00.000Z,True,False,37,34,W,78,45,47.271
2025,6,401756912,Cincinnati,Big 12,Iowa State,Big 12,Home,2025-10-04T16:00:00.000Z,True,False,38,30,W,48,25,97.434
2025,7,401756917,Cincinnati,Big 12,UCF,Big 12,Home,2025-10-11T16:00:00.000Z,True,False,20,11,W,87,71,-2.940
2025,8,401756926,Cincinnati,Big 12,Oklahoma State,Big 12,Away,2025-10-19T00:00:00.000Z,True,False,49,17,W,134,102,-87.692
2025,9,401756930,Cincinnati,Big 12,Baylor,Big 12,Home,2025-10-25T20:00:00.000Z,True,False,41,20,W,85,57,28.082
2025,10,401756942,Cincinnati,Big 12,Utah,Big 12,Away,2025-11-02T02:15:00.000Z,True,False,14,45,L,5,4,219.253
2025,12,401756951,Cincinnati,Big 12,Arizona,Big 12,Home,2025-11-15T17:00:00.000Z,True,False,24,30,L,22,19,116.231
2025,13,401756955,Cincinnati,Big 12,BYU,Big 12,Home,2025-11-23T01:00:00.000Z,True,False,14,26,L,24,9,164.581
2025,14,401756967,Cincinnati,Big 12,TCU,Big 12,Away,2025-11-29T20:30:00.000Z,True,False,23,45,L,52,28,88.219
2025,1,401752671,Clemson,ACC,LSU,SEC,Home,2025-08-30T23:30:00.000Z,True,False,10,17,L,68,34,74.156
2025,1,401778317,Clemson,ACC,Penn State,Big Ten,Home,2025-12-27T17:00:00.000Z,True,False,10,22,L,27,17,125.621
2025,2,401754637,Clemson,ACC,Troy,Sun Belt,Home,2025-09-06T19:30:00.000Z,True,False,27,16,W,72,91,-65.999
2025,3,401754623,Clemson,ACC,Georgia Tech,ACC,Away,2025-09-13T16:00:00.000Z,True,False,21,24,L,56,41,59.383
2025,4,401754537,Clemson,ACC,Syracuse,ACC,Home,2025-09-20T16:00:00.000Z,True,False,21,34,L,130,97,-79.579
2025,6,401754552,Clemson,ACC,North Carolina,ACC,Away,2025-10-04T16:00:00.000Z,True,False,38,10,W,112,101,-85.220
2025,7,401754558,Clemson,ACC,Boston College,ACC,Away,2025-10-11T23:30:00.000Z,True,False,41,10,W,119,95,-69.225
2025,8,401754565,Clemson,ACC,SMU,ACC,Home,2025-10-18T19:30:00.000Z,True,False,24,35,L,21,22,104.483
2025,10,401754577,Clemson,ACC,Duke,ACC,Home,2025-11-01T16:00:00.000Z,True,False,45,46,L,46,43,55.119
2025,11,401754586,Clemson,ACC,Florida State,ACC,Home,2025-11-09T00:00:00.000Z,True,False,24,10,W,36,36,68.221
2025,12,401754591,Clemson,ACC,Louisville,ACC,Away,2025-11-15T00:30:00.000Z,True,False,20,19,W,41,38,66.721
2025,14,401752790,Clemson,ACC,South Carolina,SEC,Away,2025-11-29T17:00:00.000Z,True,False,28,14,W,74,42,55.902
2025,1,401754616,Coastal Carolina,Sun Belt,Virginia,ACC,Away,2025-08-30T22:00:00.000Z,True,False,7,48,L,20,30,84.624
2025,1,401778325,Coastal Carolina,Sun Belt,Louisiana Tech,Conference USA,Away,2025-12-30T19:00:00.000Z,True,False,14,23,L,40,89,-61.672
2025,3,401761604,Coastal Carolina,Sun Belt,East Carolina,American Athletic,Home,2025-09-13T23:30:00.000Z,True,False,0,38,L,32,59,27.505
2025,4,401761611,Coastal Carolina,Sun Belt,South Alabama,Sun Belt,Away,2025-09-20T23:00:00.000Z,True,False,38,20,W,99,120,-122.179
2025,6,401761619,Coastal Carolina,Sun Belt,Old Dominion,Sun Belt,Away,2025-10-04T22:00:00.000Z,True,False,7,47,L,18,51,39.319
2025,7,401761623,Coastal Carolina,Sun Belt,UL Monroe,Sun Belt,Home,2025-10-11T23:00:00.000Z,True,False,23,8,W,132,133,-181.590
2025,8,401761629,Coastal Carolina,Sun Belt,App State,Sun Belt,Away,2025-10-18T19:30:00.000Z,True,False,45,37,W,97,110,-106.953
2025,10,401761640,Coastal Carolina,Sun Belt,Marshall,Sun Belt,Home,2025-10-30T23:30:00.000Z,True,False,44,27,W,73,87,-49.493
2025,11,401761645,Coastal Carolina,Sun Belt,Georgia State,Sun Belt,Home,2025-11-08T21:00:00.000Z,True,False,40,27,W,133,128,-153.422
2025,12,401761650,Coastal Carolina,Sun Belt,Georgia Southern,Sun Belt,Away,2025-11-15T23:00:00.000Z,True,False,40,45,L,108,107,-99.138
2025,13,401752779,Coastal Carolina,Sun Belt,South Carolina,SEC,Away,2025-11-22T21:15:00.000Z,True,False,7,51,L,74,42,55.902
2025,14,401761662,Coastal Carolina,Sun Belt,James Madison,Sun Belt,Home,2025-11-29T20:45:00.000Z,True,False,10,59,L,7,33,74.611
2025,1,401754375,Colorado,Big 12,Georgia Tech,ACC,Home,2025-08-30T00:00:00.000Z,True,False,20,27,L,56,41,59.383
2025,2,401756881,Colorado,Big 12,Delaware,Conference USA,Home,2025-09-06T19:30:00.000Z,True,False,31,7,W,83,119,-121.785
2025,3,401756893,Colorado,Big 12,Houston,Big 12,Away,2025-09-12T23:30:00.000Z,True,False,20,36,L,53,44,54.968
2025,4,401756897,Colorado,Big 12,Wyoming,Mountain West,Home,2025-09-21T02:15:00.000Z,True,False,37,20,W,100,106,-97.082
2025,5,401756903,Colorado,Big 12,BYU,Big 12,Home,2025-09-28T02:15:00.000Z,True,False,21,24,L,24,9,164.581
2025,6,401756914,Colorado,Big 12,TCU,Big 12,Away,2025-10-04T23:30:00.000Z,True,False,21,35,L,52,28,88.219
2025,7,401756918,Colorado,Big 12,Iowa State,Big 12,Home,2025-10-11T19:30:00.000Z,True,False,24,17,W,48,25,97.434
2025,9,401756934,Colorado,Big 12,Utah,Big 12,Away,2025-10-26T02:15:00.000Z,True,False,7,53,L,5,4,219.253
2025,10,401756937,Colorado,Big 12,Arizona,Big 12,Home,2025-11-01T23:00:00.000Z,True,False,17,52,L,22,19,116.231
2025,11,401756947,Colorado,Big 12,West Virginia,Big 12,Away,2025-11-08T17:00:00.000Z,True,False,22,29,L,120,78,-13.439
2025,13,401756956,Colorado,Big 12,Arizona State,Big 12,Home,2025-11-23T01:00:00.000Z,True,False,17,42,L,67,40,60.380
2025,14,401756965,Colorado,Big 12,Kansas State,Big 12,Away,2025-11-29T17:00:00.000Z,True,False,14,24,L,49,23,102.744
2025,1,401752805,Colorado State,Mountain West,Washington,Big Ten,Away,2025-08-31T03:00:00.000Z,True,False,21,38,L,17,16,145.025
2025,4,401760373,Colorado State,Mountain West,UTSA,American Athletic,Home,2025-09-21T01:30:00.000Z,True,False,16,17,L,45,73,-3.929
2025,5,401752950,Colorado State,Mountain West,Washington State,Pac-12,Home,2025-09-27T23:30:00.000Z,True,False,3,20,L,61,47,45.495
2025,6,401760382,Colorado State,Mountain West,San Diego State,Mountain West,Away,2025-10-04T02:30:00.000Z,True,False,24,45,L,28,52,38.032
2025,7,401760388,Colorado State,Mountain West,Fresno State,Mountain West,Home,2025-10-11T01:00:00.000Z,True,False,49,21,W,60,83,-34.721
2025,8,401760394,Colorado State,Mountain West,Hawai'i,Mountain West,Home,2025-10-18T23:00:00.000Z,True,False,19,31,L,55,81,-23.761
2025,9,401760398,Colorado State,Mountain West,Wyoming,Mountain West,Away,2025-10-25T23:30:00.000Z,True,False,0,28,L,100,106,-97.082
2025,11,401760407,Colorado State,Mountain West,UNLV,Mountain West,Home,2025-11-09T02:30:00.000Z,True,False,10,42,L,30,63,19.931
2025,12,401760411,Colorado State,Mountain West,New Mexico,Mountain West,Away,2025-11-15T20:00:00.000Z,True,False,17,20,L,47,66,12.799
2025,13,401760416,Colorado State,Mountain West,Boise State,Mountain West,Away,2025-11-23T00:00:00.000Z,True,False,21,49,L,50,53,33.161
2025,14,401760421,Colorado State,Mountain West,Air Force,Mountain West,Home,2025-11-28T20:00:00.000Z,True,False,21,42,L,84,93,-67.396
2025,1,401778305,Delaware,Conference USA,Louisiana,Sun Belt,Home,2025-12-18T01:30:00.000Z,True,False,20,13,W,95,114,-116.979
2025,2,401756881,Delaware,Conference USA,Colorado,Big 12,Away,2025-09-06T19:30:00.000Z,True,False,7,31,L,105,64,16.730
2025,3,401757168,Delaware,Conference USA,UConn,FBS Independents,Home,2025-09-13T19:00:00.000Z,True,False,44,41,W,42,92,-67.291
2025,4,401757259,Delaware,Conference USA,Florida International,Conference USA,Away,2025-09-20T22:00:00.000Z,True,False,38,16,W,80,109,-106.086
2025,6,401757276,Delaware,Conference USA,Western Kentucky,Conference USA,Home,2025-10-03T23:00:00.000Z,True,False,24,27,L,59,94,-68.048
2025,8,401757283,Delaware,Conference USA,Jacksonville State,Conference USA,Away,2025-10-15T23:00:00.000Z,True,False,25,38,L,66,104,-95.381
2025,9,401757287,Delaware,Conference USA,Middle Tennessee,Conference USA,Home,2025-10-22T23:30:00.000Z,True,False,31,28,W,96,127,-147.323
2025,10,401757293,Delaware,Conference USA,Liberty,Conference USA,Away,2025-11-01T19:30:00.000Z,True,False,30,59,L,77,108,-103.418
2025,11,401757295,Delaware,Conference USA,Louisiana Tech,Conference USA,Home,2025-11-08T20:00:00.000Z,True,False,25,24,W,40,89,-61.672
2025,12,401757300,Delaware,Conference USA,Sam Houston,Conference USA,Away,2025-11-16T00:00:00.000Z,True,False,23,26,L,131,135,-222.852
2025,13,401754606,Delaware,Conference USA,Wake Forest,ACC,Away,2025-11-22T17:00:00.000Z,True,False,14,52,L,54,55,29.957
2025,14,401757310,Delaware,Conference USA,UTEP,Conference USA,Home,2025-11-29T18:00:00.000Z,True,False,61,31,W,114,132,-172.921
2025,1,401778329,Duke,ACC,Arizona State,Big 12,Home,2025-12-31T19:00:00.000Z,True,False,42,39,W,67,40,60.380
2025,2,401752825,Duke,ACC,Illinois,Big Ten,Home,2025-09-06T16:00:00.000Z,True,False,19,45,L,63,21,109.664
2025,3,401754534,Duke,ACC,Tulane,American Athletic,Away,2025-09-14T00:00:00.000Z,True,False,27,34,L,51,56,28.631
2025,4,401754538,Duke,ACC,NC State,ACC,Home,2025-09-20T20:00:00.000Z,True,False,45,33,W,70,37,67.057
2025,5,401754545,Duke,ACC,Syracuse,ACC,Away,2025-09-27T16:00:00.000Z,True,False,38,3,W,130,97,-79.579
2025,6,401754551,Duke,ACC,California,ACC,Away,2025-10-05T02:30:00.000Z,True,False,45,21,W,90,85,-38.538
2025,8,401754566,Duke,ACC,Georgia Tech,ACC,Home,2025-10-18T16:00:00.000Z,True,False,18,27,L,56,41,59.383
2025,10,401754577,Duke,ACC,Clemson,ACC,Away,2025-11-01T16:00:00.000Z,True,False,46,45,W,43,39,65.188
2025,11,401754590,Duke,ACC,UConn,FBS Independents,Away,2025-11-08T20:30:00.000Z,True,False,34,37,L,42,92,-67.291
2025,12,401754593,Duke,ACC,Virginia,ACC,Home,2025-11-15T20:30:00.000Z,True,False,17,34,L,20,30,84.624
2025,13,401754600,Duke,ACC,North Carolina,ACC,Away,2025-11-22T20:30:00.000Z,True,False,32,25,W,112,101,-85.220
2025,14,401754610,Duke,ACC,Wake Forest,ACC,Home,2025-11-29T20:30:00.000Z,True,False,49,32,W,54,55,29.957
2025,15,401777328,Duke,ACC,Virginia,ACC,Away,2025-12-07T01:00:00.000Z,True,False,27,20,W,20,30,84.624
2025,1,401754373,East Carolina,American Athletic,NC State,ACC,Away,2025-08-28T23:00:00.000Z,True,False,17,24,L,70,37,67.057
2025,1,401778316,East Carolina,American Athletic,Pittsburgh,ACC,Home,2025-12-27T16:00:00.000Z,True,False,23,17,W,38,32,75.751
2025,3,401761604,East Carolina,American Athletic,Coastal Carolina,Sun Belt,Away,2025-09-13T23:30:00.000Z,True,False,38,0,W,116,105,-96.604
2025,4,401756898,East Carolina,American Athletic,BYU,Big 12,Home,2025-09-20T23:30:00.000Z,True,False,13,34,L,24,9,164.581
2025,5,401762471,East Carolina,American Athletic,Army,American Athletic,Home,2025-09-25T23:30:00.000Z,True,False,28,6,W,57,72,-3.907
2025,7,401762480,East Carolina,American Athletic,Tulane,American Athletic,Away,2025-10-09T23:30:00.000Z,True,False,19,26,L,51,56,28.631
2025,8,401762486,East Carolina,American Athletic,Tulsa,American Athletic,Home,2025-10-16T23:30:00.000Z,True,False,41,27,W,107,113,-116.608
2025,10,401762498,East Carolina,American Athletic,Temple,American Athletic,Away,2025-11-01T18:00:00.000Z,True,False,45,14,W,98,88,-61.145
2025,11,401762504,East Carolina,American Athletic,Charlotte,American Athletic,Home,2025-11-08T20:00:00.000Z,True,False,48,22,W,135,134,-203.932
2025,12,401762508,East Carolina,American Athletic,Memphis,American Athletic,Home,2025-11-15T21:00:00.000Z,True,False,31,27,W,34,65,16.465
2025,13,401762513,East Carolina,American Athletic,UTSA,American Athletic,Away,2025-11-22T20:30:00.000Z,True,False,24,58,L,45,73,-3.929
2025,14,401762519,East Carolina,American Athletic,Florida Atlantic,American Athletic,Away,2025-11-29T17:00:00.000Z,True,False,42,3,W,117,111,-108.696
2025,1,401761594,Eastern Michigan,Mid-American,Texas State,Sun Belt,Away,2025-08-31T00:00:00.000Z,True,False,27,52,L,35,76,-8.668
2025,3,401752698,Eastern Michigan,Mid-American,Kentucky,SEC,Away,2025-09-13T23:30:00.000Z,True,False,23,48,L,103,69,8.219
2025,4,401761610,Eastern Michigan,Mid-American,Louisiana,Sun Belt,Home,2025-09-20T19:30:00.000Z,True,False,34,31,W,95,114,-116.979
2025,5,401762826,Eastern Michigan,Mid-American,Central Michigan,Mid-American,Away,2025-09-27T17:00:00.000Z,True,False,13,24,L,86,100,-84.461
2025,6,401762831,Eastern Michigan,Mid-American,Buffalo,Mid-American,Away,2025-10-04T19:30:00.000Z,True,False,30,31,L,79,121,-127.389
2025,7,401762836,Eastern Michigan,Mid-American,Northern Illinois,Mid-American,Home,2025-10-11T17:00:00.000Z,True,False,16,10,W,106,125,-140.097
2025,8,401762841,Eastern Michigan,Mid-American,Miami (OH),Mid-American,Away,2025-10-18T16:00:00.000Z,True,False,30,44,L,75,99,-81.842
2025,9,401762848,Eastern Michigan,Mid-American,Ohio,Mid-American,Home,2025-10-25T16:00:00.000Z,True,False,21,28,L,37,74,-5.248
2025,11,401762855,Eastern Michigan,Mid-American,Bowling Green,Mid-American,Home,2025-11-08T18:00:00.000Z,True,False,27,21,W,94,124,-130.667
2025,12,401762861,Eastern Michigan,Mid-American,Ball State,Mid-American,Away,2025-11-15T17:00:00.000Z,True,False,24,9,W,124,131,-169.017
2025,14,401762869,Eastern Michigan,Mid-American,Western Michigan,Mid-American,Home,2025-11-26T00:30:00.000Z,True,False,21,31,L,39,82,-24.352
2025,2,401752684,Florida,SEC,South Florida,American Athletic,Home,2025-09-06T20:15:00.000Z,True,False,16,18,L,16,27,88.893
2025,3,401752699,Florida,SEC,LSU,SEC,Away,2025-09-13T23:30:00.000Z,True,False,10,20,L,68,34,74.156
2025,4,401752709,Florida,SEC,Miami,ACC,Away,2025-09-20T23:30:00.000Z,True,False,7,26,L,9,5,213.591
2025,6,401752727,Florida,SEC,Texas,SEC,Home,2025-10-04T19:30:00.000Z,True,False,29,21,W,19,20,110.722
2025,7,401752737,Florida,SEC,Texas A&M,SEC,Away,2025-10-11T23:00:00.000Z,True,False,17,34,L,23,11,155.815
2025,8,401752741,Florida,SEC,Mississippi State,SEC,Home,2025-10-18T20:15:00.000Z,True,False,23,21,W,91,62,20.774
2025,10,401752755,Florida,SEC,Georgia,SEC,Home,2025-11-01T19:30:00.000Z,True,False,20,24,L,12,8,169.392
2025,11,401752760,Florida,SEC,Kentucky,SEC,Away,2025-11-09T00:30:00.000Z,True,False,7,38,L,103,69,8.219
2025,12,401752769,Florida,SEC,Ole Miss,SEC,Away,2025-11-16T00:00:00.000Z,True,False,24,34,L,15,13,152.268
2025,13,401752775,Florida,SEC,Tennessee,SEC,Home,2025-11-23T00:30:00.000Z,True,False,11,31,L,26,24,101.521
2025,14,401752785,Florida,SEC,Florida State,ACC,Home,2025-11-29T21:30:00.000Z,True,False,40,21,W,36,36,68.221
2025,1,401752797,Florida Atlantic,American Athletic,Maryland,Big Ten,Away,2025-08-30T16:00:00.000Z,True,False,7,39,L,88,75,-8.632
2025,3,401757233,Florida Atlantic,American Athletic,Florida International,Conference USA,Away,2025-09-13T22:00:00.000Z,True,False,28,38,L,80,109,-106.086
2025,5,401762472,Florida Atlantic,American Athletic,Memphis,American Athletic,Home,2025-09-27T23:00:00.000Z,True,False,26,55,L,34,65,16.465
2025,6,401762477,Florida Atlantic,American Athletic,Rice,American Athletic,Away,2025-10-04T23:00:00.000Z,True,False,27,21,W,128,126,-142.718
2025,7,401762482,Florida Atlantic,American Athletic,UAB,American Athletic,Home,2025-10-11T22:00:00.000Z,True,False,53,33,W,127,130,-161.808
2025,8,401762490,Florida Atlantic,American Athletic,South Florida,American Athletic,Away,2025-10-18T23:30:00.000Z,True,False,13,48,L,16,27,88.893
2025,9,401762493,Florida Atlantic,American Athletic,Navy,American Athletic,Away,2025-10-25T19:30:00.000Z,True,False,32,42,L,44,61,24.074
2025,11,401762505,Florida Atlantic,American Athletic,Tulsa,American Athletic,Home,2025-11-08T20:00:00.000Z,True,False,40,21,W,107,113,-116.608
2025,12,401762509,Florida Atlantic,American Athletic,Tulane,American Athletic,Away,2025-11-15T21:00:00.000Z,True,False,24,35,L,51,56,28.631
2025,13,401757175,Florida Atlantic,American Athletic,UConn,FBS Independents,Home,2025-11-22T20:00:00.000Z,True,False,45,48,L,42,92,-67.291
2025,14,401762519,Florida Atlantic,American Athletic,East Carolina,American Athletic,Home,2025-11-29T17:00:00.000Z,True,False,3,42,L,32,59,27.505
2025,1,401778315,Florida International,Conference USA,UTSA,American Athletic,Away,2025-12-27T01:00:00.000Z,True,False,20,57,L,45,73,-3.929
2025,2,401752811,Florida International,Conference USA,Penn State,Big Ten,Away,2025-09-06T16:00:00.000Z,True,False,0,34,L,27,17,125.621
2025,3,401757233,Florida International,Conference USA,Florida Atlantic,American Athletic,Home,2025-09-13T22:00:00.000Z,True,False,38,28,W,117,111,-108.696
2025,4,401757259,Florida International,Conference USA,Delaware,Conference USA,Home,2025-09-20T22:00:00.000Z,True,False,16,38,L,83,119,-121.785
2025,6,401757171,Florida International,Conference USA,UConn,FBS Independents,Away,2025-10-04T19:30:00.000Z,True,False,10,51,L,42,92,-67.291
2025,8,401757281,Florida International,Conference USA,Western Kentucky,Conference USA,Away,2025-10-15T00:00:00.000Z,True,False,25,6,W,59,94,-68.048
2025,9,401757285,Florida International,Conference USA,Kennesaw State,Conference USA,Home,2025-10-21T23:00:00.000Z,True,False,26,45,L,64,86,-42.743
2025,10,401757291,Florida International,Conference USA,Missouri State,Conference USA,Away,2025-10-30T00:00:00.000Z,True,False,21,28,L,92,98,-81.327
2025,11,401757296,Florida International,Conference USA,Middle Tennessee,Conference USA,Away,2025-11-08T20:00:00.000Z,True,False,56,30,W,96,127,-147.323
2025,12,401757301,Florida International,Conference USA,Liberty,Conference USA,Home,2025-11-15T22:00:00.000Z,True,False,34,27,W,77,108,-103.418
2025,13,401757305,Florida International,Conference USA,Jacksonville State,Conference USA,Home,2025-11-22T20:30:00.000Z,True,False,27,21,W,66,104,-95.381
2025,14,401757311,Florida International,Conference USA,Sam Houston,Conference USA,Away,2025-11-29T18:00:00.000Z,True,False,56,16,W,131,135,-222.852
2025,1,401752665,Florida State,ACC,Alabama,SEC,Home,2025-08-30T19:30:00.000Z,True,False,31,17,W,25,15,145.371
2025,4,401754541,Florida State,ACC,Kent State,Mid-American,Home,2025-09-20T19:30:00.000Z,True,False,66,10,W,122,123,-129.809
2025,5,401754543,Florida State,ACC,Virginia,ACC,Away,2025-09-26T23:00:00.000Z,True,False,38,46,L,20,30,84.624
2025,6,401754553,Florida State,ACC,Miami,ACC,Home,2025-10-04T23:30:00.000Z,True,False,22,28,L,9,5,213.591
2025,7,401754559,Florida State,ACC,Pittsburgh,ACC,Home,2025-10-11T16:00:00.000Z,True,False,31,34,L,38,32,75.751
2025,8,401754567,Florida State,ACC,Stanford,ACC,Away,2025-10-19T02:30:00.000Z,True,False,13,20,L,113,84,-35.494
2025,10,401754578,Florida State,ACC,Wake Forest,ACC,Home,2025-11-01T23:30:00.000Z,True,False,42,7,W,54,55,29.957
2025,11,401754586,Florida State,ACC,Clemson,ACC,Away,2025-11-09T00:00:00.000Z,True,False,10,24,L,43,39,65.188
2025,12,401754594,Florida State,ACC,Virginia Tech,ACC,Home,2025-11-16T00:30:00.000Z,True,False,34,14,W,123,90,-62.544
2025,13,401754598,Florida State,ACC,NC State,ACC,Away,2025-11-22T01:00:00.000Z,True,False,11,21,L,70,37,67.057
2025,14,401752785,Florida State,ACC,Florida,SEC,Away,2025-11-29T21:30:00.000Z,True,False,21,40,L,104,50,41.179
2025,1,401756847,Fresno State,Mountain West,Kansas,Big 12,Away,2025-08-23T22:30:00.000Z,True,False,7,31,L,78,45,47.271
2025,1,401760361,Fresno State,Mountain West,Georgia Southern,Sun Belt,Home,2025-08-31T01:30:00.000Z,True,False,42,14,W,108,107,-99.138
2025,1,401778320,Fresno State,Mountain West,Miami (OH),Mid-American,Home,2025-12-27T21:30:00.000Z,True,False,18,3,W,75,99,-81.842
2025,2,401752937,Fresno State,Mountain West,Oregon State,Pac-12,Away,2025-09-06T19:30:00.000Z,True,False,36,27,W,125,122,-128.472
2025,4,401760374,Fresno State,Mountain West,Hawai'i,Mountain West,Away,2025-09-21T03:59:00.000Z,True,False,23,21,W,55,81,-23.761
2025,6,401760383,Fresno State,Mountain West,Nevada,Mountain West,Home,2025-10-05T02:30:00.000Z,True,False,20,17,W,115,117,-121.167
2025,7,401760388,Fresno State,Mountain West,Colorado State,Mountain West,Away,2025-10-11T01:00:00.000Z,True,False,21,49,L,118,112,-112.280
2025,9,401760399,Fresno State,Mountain West,San Diego State,Mountain West,Home,2025-10-25T19:30:00.000Z,True,False,0,23,L,28,52,38.032
2025,10,401760402,Fresno State,Mountain West,Boise State,Mountain West,Away,2025-11-01T19:30:00.000Z,True,False,30,7,W,50,53,33.161
2025,12,401760412,Fresno State,Mountain West,Wyoming,Mountain West,Home,2025-11-16T03:30:00.000Z,True,False,24,3,W,100,106,-97.082
2025,13,401760417,Fresno State,Mountain West,Utah State,Mountain West,Home,2025-11-23T03:30:00.000Z,True,False,17,28,L,71,80,-22.916
2025,14,401760423,Fresno State,Mountain West,San José State,Mountain West,Away,2025-11-30T03:30:00.000Z,True,False,41,14,W,121,118,-121.411
2025,1,401752669,Georgia,SEC,Marshall,Sun Belt,Home,2025-08-30T19:30:00.000Z,True,False,45,7,W,73,87,-49.493
2025,1,401769073,Georgia,SEC,Ole Miss,SEC,Home,2026-01-02T01:00:00.000Z,True,False,34,39,L,15,13,152.268
2025,3,401752705,Georgia,SEC,Tennessee,SEC,Away,2025-09-13T19:30:00.000Z,True,False,44,41,W,26,24,101.521
2025,5,401752718,Georgia,SEC,Alabama,SEC,Home,2025-09-27T23:30:00.000Z,True,False,21,24,L,25,15,145.371
2025,6,401752728,Georgia,SEC,Kentucky,SEC,Home,2025-10-04T16:00:00.000Z,True,False,35,14,W,103,69,8.219
2025,7,401752731,Georgia,SEC,Auburn,SEC,Away,2025-10-11T23:30:00.000Z,True,False,20,10,W,58,31,76.936
2025,8,401752742,Georgia,SEC,Ole Miss,SEC,Home,2025-10-18T19:30:00.000Z,True,False,43,35,W,15,13,152.268
2025,10,401752755,Georgia,SEC,Florida,SEC,Away,2025-11-01T19:30:00.000Z,True,False,24,20,W,104,50,41.179
2025,11,401752762,Georgia,SEC,Mississippi State,SEC,Away,2025-11-08T17:00:00.000Z,True,False,41,21,W,91,62,20.774
2025,12,401752766,Georgia,SEC,Texas,SEC,Home,2025-11-16T00:30:00.000Z,True,False,35,10,W,19,20,110.722
2025,13,401752776,Georgia,SEC,Charlotte,American Athletic,Home,2025-11-22T17:45:00.000Z,True,False,35,3,W,135,134,-203.932
2025,14,401752786,Georgia,SEC,Georgia Tech,ACC,Away,2025-11-28T20:30:00.000Z,True,False,16,9,W,56,41,59.383
2025,15,401777351,Georgia,SEC,Alabama,SEC,Away,2025-12-06T21:00:00.000Z,True,False,28,7,W,25,15,145.371
2025,1,401760361,Georgia Southern,Sun Belt,Fresno State,Mountain West,Away,2025-08-31T01:30:00.000Z,True,False,14,42,L,60,83,-34.721
2025,1,401778324,Georgia Southern,Sun Belt,App State,Sun Belt,Away,2025-12-29T19:00:00.000Z,True,False,29,10,W,97,110,-106.953
2025,2,401752814,Georgia Southern,Sun Belt,USC,Big Ten,Away,2025-09-06T23:30:00.000Z,True,False,20,59,L,13,14,147.038
2025,3,401757234,Georgia Southern,Sun Belt,Jacksonville State,Conference USA,Home,2025-09-13T23:00:00.000Z,True,False,41,34,W,66,104,-95.381
2025,5,401761614,Georgia Southern,Sun Belt,James Madison,Sun Belt,Away,2025-09-27T17:30:00.000Z,True,False,10,35,L,7,33,74.611
2025,7,401761622,Georgia Southern,Sun Belt,Southern Miss,Sun Belt,Home,2025-10-10T00:00:00.000Z,True,False,35,38,L,65,96,-78.786
2025,8,401761630,Georgia Southern,Sun Belt,Georgia State,Sun Belt,Home,2025-10-18T23:00:00.000Z,True,False,41,24,W,133,128,-153.422
2025,9,401761636,Georgia Southern,Sun Belt,Arkansas State,Sun Belt,Away,2025-10-25T23:00:00.000Z,True,False,24,34,L,82,103,-87.707
2025,11,401761644,Georgia Southern,Sun Belt,App State,Sun Belt,Away,2025-11-07T00:30:00.000Z,True,False,25,23,W,97,110,-106.953
2025,12,401761650,Georgia Southern,Sun Belt,Coastal Carolina,Sun Belt,Home,2025-11-15T23:00:00.000Z,True,False,45,40,W,116,105,-96.604
2025,13,401761657,Georgia Southern,Sun Belt,Old Dominion,Sun Belt,Home,2025-11-22T18:00:00.000Z,True,False,10,45,L,18,51,39.319
2025,14,401761663,Georgia Southern,Sun Belt,Marshall,Sun Belt,Away,2025-11-29T18:30:00.000Z,True,False,24,19,W,73,87,-49.493
2025,1,401752672,Georgia State,Sun Belt,Ole Miss,SEC,Away,2025-08-30T23:45:00.000Z,True,False,7,63,L,15,13,152.268
2025,2,401761598,Georgia State,Sun Belt,Memphis,American Athletic,Home,2025-09-06T23:00:00.000Z,True,False,16,38,L,34,65,16.465
2025,4,401752716,Georgia State,Sun Belt,Vanderbilt,SEC,Away,2025-09-20T23:30:00.000Z,True,False,21,70,L,10,12,152.909
2025,6,401761618,Georgia State,Sun Belt,James Madison,Sun Belt,Home,2025-10-04T19:30:00.000Z,True,False,7,14,L,7,33,74.611
2025,7,401761624,Georgia State,Sun Belt,App State,Sun Belt,Home,2025-10-11T19:30:00.000Z,True,False,20,41,L,97,110,-106.953
2025,8,401761630,Georgia State,Sun Belt,Georgia Southern,Sun Belt,Away,2025-10-18T23:00:00.000Z,True,False,24,41,L,108,107,-99.138
2025,9,401761634,Georgia State,Sun Belt,South Alabama,Sun Belt,Home,2025-10-23T23:30:00.000Z,True,False,31,38,L,99,120,-122.179
2025,11,401761645,Georgia State,Sun Belt,Coastal Carolina,Sun Belt,Away,2025-11-08T21:00:00.000Z,True,False,27,40,L,116,105,-96.604
2025,12,401761651,Georgia State,Sun Belt,Marshall,Sun Belt,Home,2025-11-15T19:00:00.000Z,True,False,18,30,L,73,87,-49.493
2025,13,401761660,Georgia State,Sun Belt,Troy,Sun Belt,Away,2025-11-22T21:00:00.000Z,True,False,19,31,L,72,91,-65.999
2025,14,401761664,Georgia State,Sun Belt,Old Dominion,Sun Belt,Away,2025-11-29T19:00:00.000Z,True,False,10,27,L,18,51,39.319
2025,1,401754375,Georgia Tech,ACC,Colorado,Big 12,Away,2025-08-30T00:00:00.000Z,True,False,27,20,W,105,64,16.730
2025,1,401778319,Georgia Tech,ACC,BYU,Big 12,Away,2025-12-27T20:30:00.000Z,True,False,21,25,L,24,9,164.581
2025,3,401754623,Georgia Tech,ACC,Clemson,ACC,Home,2025-09-13T16:00:00.000Z,True,False,24,21,W,43,39,65.188
2025,4,401754542,Georgia Tech,ACC,Temple,American Athletic,Home,2025-09-20T20:30:00.000Z,True,False,45,24,W,98,88,-61.145
2025,5,401754546,Georgia Tech,ACC,Wake Forest,ACC,Away,2025-09-27T16:00:00.000Z,True,False,30,29,W,54,55,29.957
2025,7,401754560,Georgia Tech,ACC,Virginia Tech,ACC,Home,2025-10-11T19:30:00.000Z,True,False,35,20,W,123,90,-62.544
2025,8,401754566,Georgia Tech,ACC,Duke,ACC,Away,2025-10-18T16:00:00.000Z,True,False,27,18,W,46,43,55.119
2025,9,401754571,Georgia Tech,ACC,Syracuse,ACC,Home,2025-10-25T16:00:00.000Z,True,False,41,16,W,130,97,-79.579
2025,10,401754579,Georgia Tech,ACC,NC State,ACC,Away,2025-11-01T23:30:00.000Z,True,False,36,48,L,70,37,67.057
2025,12,401754592,Georgia Tech,ACC,Boston College,ACC,Away,2025-11-15T20:30:00.000Z,True,False,36,34,W,119,95,-69.225
2025,13,401754601,Georgia Tech,ACC,Pittsburgh,ACC,Home,2025-11-23T00:00:00.000Z,True,False,28,42,L,38,32,75.751
2025,14,401752786,Georgia Tech,ACC,Georgia,SEC,Home,2025-11-28T20:30:00.000Z,True,False,9,16,L,12,8,169.392
2025,1,401754516,Hawai'i,Mountain West,Stanford,ACC,Home,2025-08-23T23:30:00.000Z,True,False,23,20,W,113,84,-35.494
2025,1,401756849,Hawai'i,Mountain West,Arizona,Big 12,Away,2025-08-31T02:30:00.000Z,True,False,6,40,L,22,19,116.231
2025,1,401778312,Hawai'i,Mountain West,California,ACC,Home,2025-12-25T01:00:00.000Z,True,False,35,31,W,90,85,-38.538
2025,2,401757230,Hawai'i,Mountain West,Sam Houston,Conference USA,Home,2025-09-07T03:59:00.000Z,True,False,37,20,W,131,135,-222.852
2025,4,401760374,Hawai'i,Mountain West,Fresno State,Mountain West,Home,2025-09-21T03:59:00.000Z,True,False,21,23,L,60,83,-34.721
2025,5,401760378,Hawai'i,Mountain West,Air Force,Mountain West,Away,2025-09-27T20:00:00.000Z,True,False,44,35,W,84,93,-67.396
2025,7,401760389,Hawai'i,Mountain West,Utah State,Mountain West,Home,2025-10-12T03:59:00.000Z,True,False,44,26,W,71,80,-22.916
2025,8,401760394,Hawai'i,Mountain West,Colorado State,Mountain West,Away,2025-10-18T23:00:00.000Z,True,False,31,19,W,118,112,-112.280
2025,10,401760403,Hawai'i,Mountain West,San José State,Mountain West,Away,2025-11-02T02:30:00.000Z,True,False,38,45,L,121,118,-121.411
2025,11,401760408,Hawai'i,Mountain West,San Diego State,Mountain West,Home,2025-11-09T04:00:00.000Z,True,False,38,6,W,28,52,38.032
2025,13,401760418,Hawai'i,Mountain West,UNLV,Mountain West,Away,2025-11-22T03:30:00.000Z,True,False,10,38,L,30,63,19.931
2025,14,401760424,Hawai'i,Mountain West,Wyoming,Mountain West,Home,2025-11-30T04:00:00.000Z,True,False,27,7,W,100,106,-97.082
2025,1,401778323,Houston,Big 12,LSU,SEC,Home,2025-12-28T02:15:00.000Z,True,False,38,35,W,68,34,74.156
2025,2,401756884,Houston,Big 12,Rice,American Athletic,Away,2025-09-06T23:00:00.000Z,True,False,35,9,W,128,126,-142.718
2025,3,401756893,Houston,Big 12,Colorado,Big 12,Home,2025-09-12T23:30:00.000Z,True,False,36,20,W,105,64,16.730
2025,5,401752939,Houston,Big 12,Oregon State,Pac-12,Away,2025-09-27T02:30:00.000Z,True,False,27,24,W,125,122,-128.472
2025,6,401756913,Houston,Big 12,Texas Tech,Big 12,Home,2025-10-04T23:00:00.000Z,True,False,11,35,L,4,7,200.963
2025,7,401756920,Houston,Big 12,Oklahoma State,Big 12,Away,2025-10-11T16:00:00.000Z,True,False,39,17,W,134,102,-87.692
2025,8,401756925,Houston,Big 12,Arizona,Big 12,Home,2025-10-18T16:00:00.000Z,True,False,31,28,W,22,19,116.231
2025,9,401756929,Houston,Big 12,Arizona State,Big 12,Away,2025-10-26T00:00:00.000Z,True,False,24,16,W,67,40,60.380
2025,10,401756938,Houston,Big 12,West Virginia,Big 12,Home,2025-11-01T16:00:00.000Z,True,False,35,45,L,120,78,-13.439
2025,11,401756946,Houston,Big 12,UCF,Big 12,Away,2025-11-08T01:00:00.000Z,True,False,30,27,W,87,71,-2.940
2025,13,401756957,Houston,Big 12,TCU,Big 12,Home,2025-11-22T21:00:00.000Z,True,False,14,17,L,52,28,88.219
2025,14,401756962,Houston,Big 12,Baylor,Big 12,Away,2025-11-29T17:00:00.000Z,True,False,31,24,W,85,57,28.082
2025,1,401778326,Illinois,Big Ten,Tennessee,SEC,Home,2025-12-30T22:30:00.000Z,True,False,30,28,W,26,24,101.521
2025,2,401752825,Illinois,Big Ten,Duke,ACC,Away,2025-09-06T16:00:00.000Z,True,False,45,19,W,46,43,55.119
2025,3,401752829,Illinois,Big Ten,Western Michigan,Mid-American,Home,2025-09-13T23:00:00.000Z,True,False,38,0,W,39,82,-24.352
2025,4,401752843,Illinois,Big Ten,Indiana,Big Ten,Away,2025-09-20T23:30:00.000Z,True,False,10,63,L,1,1,275.437
2025,5,401752850,Illinois,Big Ten,USC,Big Ten,Home,2025-09-27T16:00:00.000Z,True,False,34,32,W,13,14,147.038
2025,6,401752861,Illinois,Big Ten,Purdue,Big Ten,Away,2025-10-04T16:00:00.000Z,True,False,43,27,W,126,70,-2.647
2025,7,401752865,Illinois,Big Ten,Ohio State,Big Ten,Home,2025-10-11T16:00:00.000Z,True,False,16,34,L,3,2,269.247
2025,9,401752880,Illinois,Big Ten,Washington,Big Ten,Away,2025-10-25T19:30:00.000Z,True,False,25,42,L,17,16,145.025
2025,10,401752891,Illinois,Big Ten,Rutgers,Big Ten,Home,2025-11-01T16:00:00.000Z,True,False,35,13,W,111,60,24.567
2025,12,401752906,Illinois,Big Ten,Maryland,Big Ten,Home,2025-11-15T20:30:00.000Z,True,False,24,6,W,88,75,-8.632
2025,13,401752915,Illinois,Big Ten,Wisconsin,Big Ten,Away,2025-11-23T00:30:00.000Z,True,False,10,27,L,109,54,31.936
2025,14,401752922,Illinois,Big Ten,Northwestern,Big Ten,Home,2025-11-30T00:30:00.000Z,True,False,20,13,W,62,48,44.725
2025,1,401752806,Indiana,Big Ten,Old Dominion,Sun Belt,Home,2025-08-30T18:30:00.000Z,True,False,27,14,W,18,51,39.319
2025,1,401769072,Indiana,Big Ten,Alabama,SEC,Home,2026-01-01T21:00:00.000Z,True,False,38,3,W,25,15,145.371
2025,1,401769074,Indiana,Big Ten,Oregon,Big Ten,Home,2026-01-10T00:30:00.000Z,True,False,56,22,W,6,6,211.120
2025,1,401769076,Indiana,Big Ten,Miami,ACC,Home,2026-01-20T00:30:00.000Z,True,False,27,21,W,9,5,213.591
2025,2,401752812,Indiana,Big Ten,Kennesaw State,Conference USA,Home,2025-09-06T16:00:00.000Z,True,False,56,9,W,64,86,-42.743
2025,4,401752843,Indiana,Big Ten,Illinois,Big Ten,Home,2025-09-20T23:30:00.000Z,True,False,63,10,W,63,21,109.664
2025,5,401752853,Indiana,Big Ten,Iowa,Big Ten,Away,2025-09-27T19:30:00.000Z,True,False,20,15,W,11,10,160.641
2025,7,401752870,Indiana,Big Ten,Oregon,Big Ten,Away,2025-10-11T19:30:00.000Z,True,False,30,20,W,6,6,211.120
2025,8,401752878,Indiana,Big Ten,Michigan State,Big Ten,Home,2025-10-18T19:30:00.000Z,True,False,38,13,W,102,77,-9.134
2025,9,401752885,Indiana,Big Ten,UCLA,Big Ten,Home,2025-10-25T16:00:00.000Z,True,False,56,6,W,129,79,-21.396
2025,10,401752887,Indiana,Big Ten,Maryland,Big Ten,Away,2025-11-01T19:30:00.000Z,True,False,55,10,W,88,75,-8.632
2025,11,401752893,Indiana,Big Ten,Penn State,Big Ten,Away,2025-11-08T17:00:00.000Z,True,False,27,24,W,27,17,125.621
2025,12,401752901,Indiana,Big Ten,Wisconsin,Big Ten,Home,2025-11-15T17:00:00.000Z,True,False,31,7,W,109,54,31.936
2025,14,401752924,Indiana,Big Ten,Purdue,Big Ten,Away,2025-11-29T00:30:00.000Z,True,False,56,3,W,126,70,-2.647
2025,15,401777353,Indiana,Big Ten,Ohio State,Big Ten,Away,2025-12-07T01:00:00.000Z,True,False,13,10,W,3,2,269.247
2025,1,401778328,Iowa,Big Ten,Vanderbilt,SEC,Away,2025-12-31T17:00:00.000Z,True,False,34,27,W,10,12,152.909
2025,2,401752822,Iowa,Big Ten,Iowa State,Big 12,Away,2025-09-06T16:00:00.000Z,True,False,13,16,L,48,25,97.434
2025,3,401752830,Iowa,Big Ten,Massachusetts,Mid-American,Home,2025-09-13T23:30:00.000Z,True,False,47,7,W,136,136,-277.932
2025,4,401752844,Iowa,Big Ten,Rutgers,Big Ten,Away,2025-09-20T00:00:00.000Z,True,False,38,28,W,111,60,24.567
2025,5,401752853,Iowa,Big Ten,Indiana,Big Ten,Home,2025-09-27T19:30:00.000Z,True,False,15,20,L,1,1,275.437
2025,7,401752869,Iowa,Big Ten,Wisconsin,Big Ten,Away,2025-10-11T23:00:00.000Z,True,False,37,0,W,109,54,31.936
2025,8,401752875,Iowa,Big Ten,Penn State,Big Ten,Home,2025-10-18T23:00:00.000Z,True,False,25,24,W,27,17,125.621
2025,9,401752882,Iowa,Big Ten,Minnesota,Big Ten,Home,2025-10-25T19:30:00.000Z,True,False,41,3,W,93,67,11.682
2025,11,401752898,Iowa,Big Ten,Oregon,Big Ten,Home,2025-11-08T20:30:00.000Z,True,False,16,18,L,6,6,211.120
2025,12,401752907,Iowa,Big Ten,USC,Big Ten,Away,2025-11-15T20:30:00.000Z,True,False,21,26,L,13,14,147.038
2025,13,401752913,Iowa,Big Ten,Michigan State,Big Ten,Home,2025-11-22T20:30:00.000Z,True,False,20,17,W,102,77,-9.134
2025,14,401752916,Iowa,Big Ten,Nebraska,Big Ten,Away,2025-11-28T17:00:00.000Z,True,False,40,16,W,69,68,9.693
2025,1,401756846,Iowa State,Big 12,Kansas State,Big 12,Away,2025-08-23T16:00:00.000Z,True,False,24,21,W,49,23,102.744
2025,2,401752822,Iowa State,Big 12,Iowa,Big Ten,Home,2025-09-06T16:00:00.000Z,True,False,16,13,W,11,10,160.641
2025,3,401756890,Iowa State,Big 12,Arkansas State,Sun Belt,Away,2025-09-13T20:00:00.000Z,True,False,24,16,W,82,103,-87.707
2025,5,401756904,Iowa State,Big 12,Arizona,Big 12,Home,2025-09-27T23:00:00.000Z,True,False,39,14,W,22,19,116.231
2025,6,401756912,Iowa State,Big 12,Cincinnati,Big 12,Away,2025-10-04T16:00:00.000Z,True,False,30,38,L,76,49,42.732
2025,7,401756918,Iowa State,Big 12,Colorado,Big 12,Away,2025-10-11T19:30:00.000Z,True,False,17,24,L,105,64,16.730
2025,9,401756931,Iowa State,Big 12,BYU,Big 12,Home,2025-10-25T19:30:00.000Z,True,False,27,41,L,24,9,164.581
2025,10,401756939,Iowa State,Big 12,Arizona State,Big 12,Home,2025-11-01T17:00:00.000Z,True,False,19,24,L,67,40,60.380
2025,11,401756944,Iowa State,Big 12,TCU,Big 12,Away,2025-11-08T20:30:00.000Z,True,False,20,17,W,52,28,88.219
2025,13,401756958,Iowa State,Big 12,Kansas,Big 12,Home,2025-11-22T17:00:00.000Z,True,False,38,14,W,78,45,47.271
2025,14,401756966,Iowa State,Big 12,Oklahoma State,Big 12,Away,2025-11-29T17:00:00.000Z,True,False,20,13,W,134,102,-87.692
2025,1,401756848,Jacksonville State,Conference USA,UCF,Big 12,Away,2025-08-28T23:00:00.000Z,True,False,10,17,L,87,71,-2.940
2025,1,401778303,Jacksonville State,Conference USA,Troy,Sun Belt,Home,2025-12-17T02:00:00.000Z,True,False,17,13,W,72,91,-65.999
2025,2,401757227,Jacksonville State,Conference USA,Liberty,Conference USA,Home,2025-09-06T16:00:00.000Z,True,False,34,24,W,77,108,-103.418
2025,3,401757234,Jacksonville State,Conference USA,Georgia Southern,Sun Belt,Away,2025-09-13T23:00:00.000Z,True,False,34,41,L,108,107,-99.138
2025,5,401757269,Jacksonville State,Conference USA,Southern Miss,Sun Belt,Away,2025-09-27T23:00:00.000Z,True,False,25,42,L,65,96,-78.786
2025,7,401757279,Jacksonville State,Conference USA,Sam Houston,Conference USA,Away,2025-10-10T00:00:00.000Z,True,False,29,27,W,131,135,-222.852
2025,8,401757283,Jacksonville State,Conference USA,Delaware,Conference USA,Home,2025-10-15T23:00:00.000Z,True,False,38,25,W,83,119,-121.785
2025,10,401757292,Jacksonville State,Conference USA,Middle Tennessee,Conference USA,Away,2025-10-29T23:30:00.000Z,True,False,24,21,W,96,127,-147.323
2025,11,401757297,Jacksonville State,Conference USA,UTEP,Conference USA,Away,2025-11-08T20:00:00.000Z,True,False,30,27,W,114,132,-172.921
2025,12,401757302,Jacksonville State,Conference USA,Kennesaw State,Conference USA,Home,2025-11-16T01:00:00.000Z,True,False,35,26,W,64,86,-42.743
2025,13,401757305,Jacksonville State,Conference USA,Florida International,Conference USA,Away,2025-11-22T20:30:00.000Z,True,False,21,27,L,80,109,-106.086
2025,14,401757312,Jacksonville State,Conference USA,Western Kentucky,Conference USA,Home,2025-11-29T19:00:00.000Z,True,False,37,34,W,59,94,-68.048
2025,15,401777325,Jacksonville State,Conference USA,Kennesaw State,Conference USA,Home,2025-12-06T00:00:00.000Z,True,False,15,19,L,64,86,-42.743
2025,1,401779843,James Madison,Sun Belt,Oregon,Big Ten,Away,2025-12-21T00:30:00.000Z,True,False,34,51,L,6,6,211.120
2025,2,401754528,James Madison,Sun Belt,Louisville,ACC,Away,2025-09-05T23:00:00.000Z,True,False,14,28,L,41,38,66.721
2025,4,401757262,James Madison,Sun Belt,Liberty,Conference USA,Away,2025-09-20T19:30:00.000Z,True,False,31,13,W,77,108,-103.418
2025,5,401761614,James Madison,Sun Belt,Georgia Southern,Sun Belt,Home,2025-09-27T17:30:00.000Z,True,False,35,10,W,108,107,-99.138
2025,6,401761618,James Madison,Sun Belt,Georgia State,Sun Belt,Away,2025-10-04T19:30:00.000Z,True,False,14,7,W,133,128,-153.422
2025,7,401761625,James Madison,Sun Belt,Louisiana,Sun Belt,Home,2025-10-11T16:00:00.000Z,True,False,24,14,W,95,114,-116.979
2025,8,401761631,James Madison,Sun Belt,Old Dominion,Sun Belt,Home,2025-10-18T19:30:00.000Z,True,False,63,27,W,18,51,39.319
2025,10,401761639,James Madison,Sun Belt,Texas State,Sun Belt,Away,2025-10-29T00:00:00.000Z,True,False,52,20,W,35,76,-8.668
2025,11,401761646,James Madison,Sun Belt,Marshall,Sun Belt,Away,2025-11-08T17:00:00.000Z,True,False,35,23,W,73,87,-49.493
2025,12,401761652,James Madison,Sun Belt,App State,Sun Belt,Home,2025-11-15T20:30:00.000Z,True,False,58,10,W,97,110,-106.953
2025,13,401752954,James Madison,Sun Belt,Washington State,Pac-12,Home,2025-11-22T18:00:00.000Z,True,False,24,20,W,61,47,45.495
2025,14,401761662,James Madison,Sun Belt,Coastal Carolina,Sun Belt,Away,2025-11-29T20:45:00.000Z,True,False,59,10,W,116,105,-96.604
2025,15,401777352,James Madison,Sun Belt,Troy,Sun Belt,Home,2025-12-06T00:00:00.000Z,True,False,31,14,W,72,91,-65.999
2025,1,401756847,Kansas,Big 12,Fresno State,Mountain West,Home,2025-08-23T22:30:00.000Z,True,False,31,7,W,60,83,-34.721
2025,2,401752689,Kansas,Big 12,Missouri,SEC,Away,2025-09-06T19:30:00.000Z,True,False,31,42,L,31,29,86.725
2025,4,401756899,Kansas,Big 12,West Virginia,Big 12,Home,2025-09-20T22:00:00.000Z,True,False,41,10,W,120,78,-13.439
2025,5,401756905,Kansas,Big 12,Cincinnati,Big 12,Home,2025-09-27T16:00:00.000Z,True,False,34,37,L,76,49,42.732
2025,6,401756915,Kansas,Big 12,UCF,Big 12,Away,2025-10-04T23:30:00.000Z,True,False,27,20,W,87,71,-2.940
2025,7,401756921,Kansas,Big 12,Texas Tech,Big 12,Away,2025-10-11T23:30:00.000Z,True,False,17,42,L,4,7,200.963
2025,9,401756932,Kansas,Big 12,Kansas State,Big 12,Home,2025-10-25T16:00:00.000Z,True,False,17,42,L,49,23,102.744
2025,10,401756940,Kansas,Big 12,Oklahoma State,Big 12,Home,2025-11-01T20:00:00.000Z,True,False,38,21,W,134,102,-87.692
2025,11,401756943,Kansas,Big 12,Arizona,Big 12,Away,2025-11-08T20:30:00.000Z,True,False,20,24,L,22,19,116.231
2025,13,401756958,Kansas,Big 12,Iowa State,Big 12,Away,2025-11-22T17:00:00.000Z,True,False,14,38,L,48,25,97.434
2025,14,401756964,Kansas,Big 12,Utah,Big 12,Home,2025-11-28T17:00:00.000Z,True,False,21,31,L,5,4,219.253
2025,1,401756846,Kansas State,Big 12,Iowa State,Big 12,Home,2025-08-23T16:00:00.000Z,True,False,21,24,L,48,25,97.434
2025,2,401756882,Kansas State,Big 12,Army,American Athletic,Home,2025-09-06T23:00:00.000Z,True,False,21,24,L,57,72,-3.907
2025,3,401756888,Kansas State,Big 12,Arizona,Big 12,Away,2025-09-13T01:00:00.000Z,True,False,17,23,L,22,19,116.231
2025,5,401756906,Kansas State,Big 12,UCF,Big 12,Home,2025-09-27T16:00:00.000Z,True,False,34,20,W,87,71,-2.940
2025,6,401756911,Kansas State,Big 12,Baylor,Big 12,Away,2025-10-04T16:00:00.000Z,True,False,34,35,L,85,57,28.082
2025,7,401756919,Kansas State,Big 12,TCU,Big 12,Home,2025-10-11T19:30:00.000Z,True,False,41,28,W,52,28,88.219
2025,9,401756932,Kansas State,Big 12,Kansas,Big 12,Away,2025-10-25T16:00:00.000Z,True,False,42,17,W,78,45,47.271
2025,10,401756941,Kansas State,Big 12,Texas Tech,Big 12,Home,2025-11-01T19:30:00.000Z,True,False,20,43,L,4,7,200.963
2025,12,401756952,Kansas State,Big 12,Oklahoma State,Big 12,Away,2025-11-15T17:00:00.000Z,True,False,14,6,W,134,102,-87.692
2025,13,401756960,Kansas State,Big 12,Utah,Big 12,Away,2025-11-22T21:00:00.000Z,True,False,47,51,L,5,4,219.253
2025,14,401756965,Kansas State,Big 12,Colorado,Big 12,Home,2025-11-29T17:00:00.000Z,True,False,24,14,W,105,64,16.730
2025,1,401754374,Kennesaw State,Conference USA,Wake Forest,ACC,Away,2025-08-29T23:00:00.000Z,True,False,9,10,L,54,55,29.957
2025,1,401778306,Kennesaw State,Conference USA,Western Michigan,Mid-American,Away,2025-12-19T16:00:00.000Z,True,False,6,41,L,39,82,-24.352
2025,2,401752812,Kennesaw State,Conference USA,Indiana,Big Ten,Away,2025-09-06T16:00:00.000Z,True,False,9,56,L,1,1,275.437
2025,4,401757261,Kennesaw State,Conference USA,Arkansas State,Sun Belt,Home,2025-09-20T22:00:00.000Z,True,False,28,21,W,82,103,-87.707
2025,5,401757270,Kennesaw State,Conference USA,Middle Tennessee,Conference USA,Home,2025-09-27T22:00:00.000Z,True,False,24,16,W,96,127,-147.323
2025,7,401757280,Kennesaw State,Conference USA,Louisiana Tech,Conference USA,Home,2025-10-09T23:00:00.000Z,True,False,35,7,W,40,89,-61.672
2025,9,401757285,Kennesaw State,Conference USA,Florida International,Conference USA,Away,2025-10-21T23:00:00.000Z,True,False,45,26,W,80,109,-106.086
2025,10,401757289,Kennesaw State,Conference USA,UTEP,Conference USA,Home,2025-10-29T00:00:00.000Z,True,False,33,20,W,114,132,-172.921
2025,11,401757298,Kennesaw State,Conference USA,New Mexico State,Conference USA,Away,2025-11-08T21:00:00.000Z,True,False,24,21,W,101,116,-120.379
2025,12,401757302,Kennesaw State,Conference USA,Jacksonville State,Conference USA,Away,2025-11-16T01:00:00.000Z,True,False,26,35,L,66,104,-95.381
2025,13,401757306,Kennesaw State,Conference USA,Missouri State,Conference USA,Home,2025-11-22T19:00:00.000Z,True,False,41,34,W,92,98,-81.327
2025,14,401757313,Kennesaw State,Conference USA,Liberty,Conference USA,Away,2025-11-29T20:30:00.000Z,True,False,48,42,W,77,108,-103.418
2025,15,401777325,Kennesaw State,Conference USA,Jacksonville State,Conference USA,Away,2025-12-06T00:00:00.000Z,True,False,19,15,W,66,104,-95.381
2025,2,401756885,Kent State,Mid-American,Texas Tech,Big 12,Away,2025-09-06T16:00:00.000Z,True,False,14,62,L,4,7,200.963
2025,3,401762817,Kent State,Mid-American,Buffalo,Mid-American,Home,2025-09-13T16:00:00.000Z,True,False,28,31,L,79,121,-127.389
2025,4,401754541,Kent State,Mid-American,Florida State,ACC,Away,2025-09-20T19:30:00.000Z,True,False,10,66,L,36,36,68.221
2025,6,401752729,Kent State,Mid-American,Oklahoma,SEC,Away,2025-10-04T20:00:00.000Z,True,False,0,44,L,29,18,122.194
2025,7,401762837,Kent State,Mid-American,Massachusetts,Mid-American,Home,2025-10-11T18:30:00.000Z,True,False,42,6,W,136,136,-277.932
2025,8,401762842,Kent State,Mid-American,Toledo,Mid-American,Away,2025-10-18T18:00:00.000Z,True,False,10,45,L,14,58,27.520
2025,9,401762846,Kent State,Mid-American,Bowling Green,Mid-American,Home,2025-10-25T16:00:00.000Z,True,False,24,21,W,94,124,-130.667
2025,11,401762853,Kent State,Mid-American,Ball State,Mid-American,Away,2025-11-06T00:00:00.000Z,True,False,13,17,L,124,131,-169.017
2025,12,401762856,Kent State,Mid-American,Akron,Mid-American,Away,2025-11-12T00:30:00.000Z,True,False,42,35,W,110,129,-156.885
2025,13,401762866,Kent State,Mid-American,Central Michigan,Mid-American,Home,2025-11-20T00:00:00.000Z,True,False,16,28,L,86,100,-84.461
2025,14,401762871,Kent State,Mid-American,Northern Illinois,Mid-American,Away,2025-11-28T17:00:00.000Z,True,False,35,31,W,106,125,-140.097
2025,1,401752670,Kentucky,SEC,Toledo,Mid-American,Home,2025-08-30T16:45:00.000Z,True,False,24,16,W,14,58,27.520
2025,2,401752686,Kentucky,SEC,Ole Miss,SEC,Home,2025-09-06T19:30:00.000Z,True,False,23,30,L,15,13,152.268
2025,3,401752698,Kentucky,SEC,Eastern Michigan,Mid-American,Home,2025-09-13T23:30:00.000Z,True,False,48,23,W,89,115,-120.022
2025,5,401752722,Kentucky,SEC,South Carolina,SEC,Away,2025-09-27T23:45:00.000Z,True,False,13,35,L,74,42,55.902
2025,6,401752728,Kentucky,SEC,Georgia,SEC,Away,2025-10-04T16:00:00.000Z,True,False,14,35,L,12,8,169.392
2025,8,401752743,Kentucky,SEC,Texas,SEC,Home,2025-10-18T23:00:00.000Z,True,False,13,16,L,19,20,110.722
2025,9,401752747,Kentucky,SEC,Tennessee,SEC,Home,2025-10-25T23:45:00.000Z,True,False,34,56,L,26,24,101.521
2025,10,401752754,Kentucky,SEC,Auburn,SEC,Away,2025-11-01T23:30:00.000Z,True,False,10,3,W,58,31,76.936
2025,11,401752760,Kentucky,SEC,Florida,SEC,Home,2025-11-09T00:30:00.000Z,True,False,38,7,W,104,50,41.179
2025,13,401752782,Kentucky,SEC,Vanderbilt,SEC,Away,2025-11-22T20:30:00.000Z,True,False,17,45,L,10,12,152.909
2025,14,401752787,Kentucky,SEC,Louisville,ACC,Away,2025-11-29T17:00:00.000Z,True,False,0,41,L,41,38,66.721
2025,1,401752671,LSU,SEC,Clemson,ACC,Away,2025-08-30T23:30:00.000Z,True,False,17,10,W,43,39,65.188
2025,1,401778323,LSU,SEC,Houston,Big 12,Away,2025-12-28T02:15:00.000Z,True,False,35,38,L,53,44,54.968
2025,2,401752687,LSU,SEC,Louisiana Tech,Conference USA,Home,2025-09-06T23:30:00.000Z,True,False,23,7,W,40,89,-61.672
2025,3,401752699,LSU,SEC,Florida,SEC,Home,2025-09-13T23:30:00.000Z,True,False,20,10,W,104,50,41.179
2025,5,401752719,LSU,SEC,Ole Miss,SEC,Away,2025-09-27T19:30:00.000Z,True,False,19,24,L,15,13,152.268
2025,7,401752732,LSU,SEC,South Carolina,SEC,Home,2025-10-11T23:45:00.000Z,True,False,20,10,W,74,42,55.902
2025,8,401752745,LSU,SEC,Vanderbilt,SEC,Away,2025-10-18T16:00:00.000Z,True,False,24,31,L,10,12,152.909
2025,9,401752748,LSU,SEC,Texas A&M,SEC,Home,2025-10-25T23:30:00.000Z,True,False,25,49,L,23,11,155.815
2025,11,401752759,LSU,SEC,Alabama,SEC,Away,2025-11-09T00:30:00.000Z,True,False,9,20,L,25,15,145.371
2025,12,401752768,LSU,SEC,Arkansas,SEC,Home,2025-11-15T17:45:00.000Z,True,False,23,22,W,81,46,45.867
2025,13,401752777,LSU,SEC,Western Kentucky,Conference USA,Home,2025-11-23T00:45:00.000Z,True,False,13,10,W,59,94,-68.048
2025,14,401752789,LSU,SEC,Oklahoma,SEC,Away,2025-11-29T20:30:00.000Z,True,False,13,17,L,29,18,122.194
2025,2,401757227,Liberty,Conference USA,Jacksonville State,Conference USA,Away,2025-09-06T16:00:00.000Z,True,False,24,34,L,66,104,-95.381
2025,3,401757256,Liberty,Conference USA,Bowling Green,Mid-American,Away,2025-09-13T21:00:00.000Z,True,False,13,23,L,94,124,-130.667
2025,4,401757262,Liberty,Conference USA,James Madison,Sun Belt,Home,2025-09-20T19:30:00.000Z,True,False,13,31,L,7,33,74.611
2025,5,401757271,Liberty,Conference USA,Old Dominion,Sun Belt,Away,2025-09-27T22:00:00.000Z,True,False,7,21,L,18,51,39.319
2025,7,401757277,Liberty,Conference USA,UTEP,Conference USA,Away,2025-10-09T00:00:00.000Z,True,False,19,8,W,114,132,-172.921
2025,8,401757282,Liberty,Conference USA,New Mexico State,Conference USA,Home,2025-10-14T23:00:00.000Z,True,False,30,27,W,101,116,-120.379
2025,10,401757293,Liberty,Conference USA,Delaware,Conference USA,Home,2025-11-01T19:30:00.000Z,True,False,59,30,W,83,119,-121.785
2025,11,401757299,Liberty,Conference USA,Missouri State,Conference USA,Home,2025-11-08T18:00:00.000Z,True,False,17,21,L,92,98,-81.327
2025,12,401757301,Liberty,Conference USA,Florida International,Conference USA,Away,2025-11-15T22:00:00.000Z,True,False,27,34,L,80,109,-106.086
2025,13,401757307,Liberty,Conference USA,Louisiana Tech,Conference USA,Away,2025-11-22T20:00:00.000Z,True,False,28,34,L,40,89,-61.672
2025,14,401757313,Liberty,Conference USA,Kennesaw State,Conference USA,Home,2025-11-29T20:30:00.000Z,True,False,42,48,L,64,86,-42.743
2025,1,401761592,Louisiana,Sun Belt,Rice,American Athletic,Home,2025-08-31T00:00:00.000Z,True,False,12,14,L,128,126,-142.718
2025,1,401778305,Louisiana,Sun Belt,Delaware,Conference USA,Away,2025-12-18T01:30:00.000Z,True,False,13,20,L,83,119,-121.785
2025,3,401752702,Louisiana,Sun Belt,Missouri,SEC,Away,2025-09-13T17:00:00.000Z,True,False,10,52,L,31,29,86.725
2025,4,401761610,Louisiana,Sun Belt,Eastern Michigan,Mid-American,Away,2025-09-20T19:30:00.000Z,True,False,31,34,L,89,115,-120.022
2025,5,401761615,Louisiana,Sun Belt,Marshall,Sun Belt,Home,2025-09-28T00:00:00.000Z,True,False,54,51,W,73,87,-49.493
2025,7,401761625,Louisiana,Sun Belt,James Madison,Sun Belt,Away,2025-10-11T16:00:00.000Z,True,False,14,24,L,7,33,74.611
2025,8,401761668,Louisiana,Sun Belt,Southern Miss,Sun Belt,Home,2025-10-18T21:00:00.000Z,True,False,10,22,L,65,96,-78.786
2025,9,401761638,Louisiana,Sun Belt,Troy,Sun Belt,Away,2025-10-25T23:00:00.000Z,True,False,23,35,L,72,91,-65.999
2025,10,401761642,Louisiana,Sun Belt,South Alabama,Sun Belt,Away,2025-11-01T19:30:00.000Z,True,False,31,22,W,99,120,-122.179
2025,11,401761648,Louisiana,Sun Belt,Texas State,Sun Belt,Home,2025-11-08T22:00:00.000Z,True,False,42,39,W,35,76,-8.668
2025,13,401761655,Louisiana,Sun Belt,Arkansas State,Sun Belt,Away,2025-11-21T00:30:00.000Z,True,False,34,30,W,82,103,-87.707
2025,14,401761665,Louisiana,Sun Belt,UL Monroe,Sun Belt,Home,2025-11-29T20:00:00.000Z,True,False,30,27,W,132,133,-181.590
2025,1,401778325,Louisiana Tech,Conference USA,Coastal Carolina,Sun Belt,Home,2025-12-30T19:00:00.000Z,True,False,23,14,W,116,105,-96.604
2025,2,401752687,Louisiana Tech,Conference USA,LSU,SEC,Away,2025-09-06T23:30:00.000Z,True,False,7,23,L,68,34,74.156
2025,3,401757257,Louisiana Tech,Conference USA,New Mexico State,Conference USA,Home,2025-09-13T23:30:00.000Z,True,False,49,14,W,101,116,-120.379
2025,4,401757263,Louisiana Tech,Conference USA,Southern Miss,Sun Belt,Home,2025-09-20T23:30:00.000Z,True,False,30,20,W,65,96,-78.786
2025,5,401757272,Louisiana Tech,Conference USA,UTEP,Conference USA,Away,2025-09-28T01:00:00.000Z,True,False,30,11,W,114,132,-172.921
2025,7,401757280,Louisiana Tech,Conference USA,Kennesaw State,Conference USA,Away,2025-10-09T23:00:00.000Z,True,False,7,35,L,64,86,-42.743
2025,9,401757286,Louisiana Tech,Conference USA,Western Kentucky,Conference USA,Home,2025-10-21T23:30:00.000Z,True,False,27,28,L,59,94,-68.048
2025,10,401757290,Louisiana Tech,Conference USA,Sam Houston,Conference USA,Home,2025-11-01T00:00:00.000Z,True,False,55,14,W,131,135,-222.852
2025,11,401757295,Louisiana Tech,Conference USA,Delaware,Conference USA,Away,2025-11-08T20:00:00.000Z,True,False,24,25,L,83,119,-121.785
2025,12,401752953,Louisiana Tech,Conference USA,Washington State,Pac-12,Away,2025-11-16T03:00:00.000Z,True,False,3,28,L,61,47,45.495
2025,13,401757307,Louisiana Tech,Conference USA,Liberty,Conference USA,Home,2025-11-22T20:00:00.000Z,True,False,34,28,W,77,108,-103.418
2025,14,401757314,Louisiana Tech,Conference USA,Missouri State,Conference USA,Away,2025-11-29T19:00:00.000Z,True,False,42,30,W,92,98,-81.327
2025,1,401778309,Louisville,ACC,Toledo,Mid-American,Home,2025-12-23T19:00:00.000Z,True,False,27,22,W,14,58,27.520
2025,2,401754528,Louisville,ACC,James Madison,Sun Belt,Home,2025-09-05T23:00:00.000Z,True,False,28,14,W,7,33,74.611
2025,4,401754642,Louisville,ACC,Bowling Green,Mid-American,Home,2025-09-20T16:00:00.000Z,True,False,40,17,W,94,124,-130.667
2025,5,401754547,Louisville,ACC,Pittsburgh,ACC,Away,2025-09-27T16:00:00.000Z,True,False,34,27,W,38,32,75.751
2025,6,401754554,Louisville,ACC,Virginia,ACC,Home,2025-10-04T19:30:00.000Z,True,False,27,30,L,20,30,84.624
2025,8,401754564,Louisville,ACC,Miami,ACC,Away,2025-10-17T23:00:00.000Z,True,False,24,21,W,9,5,213.591
2025,9,401754570,Louisville,ACC,Boston College,ACC,Home,2025-10-25T23:30:00.000Z,True,False,38,24,W,119,95,-69.225
2025,10,401754580,Louisville,ACC,Virginia Tech,ACC,Away,2025-11-01T19:00:00.000Z,True,False,28,16,W,123,90,-62.544
2025,11,401754585,Louisville,ACC,California,ACC,Home,2025-11-09T00:00:00.000Z,True,False,26,29,L,90,85,-38.538
2025,12,401754591,Louisville,ACC,Clemson,ACC,Home,2025-11-15T00:30:00.000Z,True,False,19,20,L,43,39,65.188
2025,13,401754602,Louisville,ACC,SMU,ACC,Away,2025-11-22T17:00:00.000Z,True,False,6,38,L,21,22,104.483
2025,14,401752787,Louisville,ACC,Kentucky,SEC,Home,2025-11-29T17:00:00.000Z,True,False,41,0,W,103,69,8.219
2025,1,401752669,Marshall,Sun Belt,Georgia,SEC,Away,2025-08-30T19:30:00.000Z,True,False,7,45,L,12,8,169.392
2025,2,401757228,Marshall,Sun Belt,Missouri State,Conference USA,Home,2025-09-06T22:00:00.000Z,True,False,20,21,L,92,98,-81.327
2025,4,401757264,Marshall,Sun Belt,Middle Tennessee,Conference USA,Away,2025-09-20T23:00:00.000Z,True,False,42,28,W,96,127,-147.323
2025,5,401761615,Marshall,Sun Belt,Louisiana,Sun Belt,Away,2025-09-28T00:00:00.000Z,True,False,51,54,L,95,114,-116.979
2025,7,401761626,Marshall,Sun Belt,Old Dominion,Sun Belt,Home,2025-10-11T19:30:00.000Z,True,False,48,24,W,18,51,39.319
2025,8,401761632,Marshall,Sun Belt,Texas State,Sun Belt,Home,2025-10-18T19:30:00.000Z,True,False,40,37,W,35,76,-8.668
2025,10,401761640,Marshall,Sun Belt,Coastal Carolina,Sun Belt,Away,2025-10-30T23:30:00.000Z,True,False,27,44,L,116,105,-96.604
2025,11,401761646,Marshall,Sun Belt,James Madison,Sun Belt,Home,2025-11-08T17:00:00.000Z,True,False,23,35,L,7,33,74.611
2025,12,401761651,Marshall,Sun Belt,Georgia State,Sun Belt,Away,2025-11-15T19:00:00.000Z,True,False,30,18,W,133,128,-153.422
2025,13,401761656,Marshall,Sun Belt,App State,Sun Belt,Away,2025-11-22T19:30:00.000Z,True,False,24,26,L,97,110,-106.953
2025,14,401761663,Marshall,Sun Belt,Georgia Southern,Sun Belt,Home,2025-11-29T18:30:00.000Z,True,False,19,24,L,108,107,-99.138
2025,1,401752797,Maryland,Big Ten,Florida Atlantic,American Athletic,Home,2025-08-30T16:00:00.000Z,True,False,39,7,W,117,111,-108.696
2025,2,401752826,Maryland,Big Ten,Northern Illinois,Mid-American,Home,2025-09-05T23:30:00.000Z,True,False,20,9,W,106,125,-140.097
2025,4,401752845,Maryland,Big Ten,Wisconsin,Big Ten,Away,2025-09-20T16:00:00.000Z,True,False,27,10,W,109,54,31.936
2025,6,401752857,Maryland,Big Ten,Washington,Big Ten,Home,2025-10-04T19:30:00.000Z,True,False,20,24,L,17,16,145.025
2025,7,401752867,Maryland,Big Ten,Nebraska,Big Ten,Home,2025-10-11T19:30:00.000Z,True,False,31,34,L,69,68,9.693
2025,8,401752879,Maryland,Big Ten,UCLA,Big Ten,Away,2025-10-18T23:00:00.000Z,True,False,17,20,L,129,79,-21.396
2025,10,401752887,Maryland,Big Ten,Indiana,Big Ten,Home,2025-11-01T19:30:00.000Z,True,False,10,55,L,1,1,275.437
2025,11,401752894,Maryland,Big Ten,Rutgers,Big Ten,Away,2025-11-08T19:30:00.000Z,True,False,20,35,L,111,60,24.567
2025,12,401752906,Maryland,Big Ten,Illinois,Big Ten,Away,2025-11-15T20:30:00.000Z,True,False,6,24,L,63,21,109.664
2025,13,401752914,Maryland,Big Ten,Michigan,Big Ten,Home,2025-11-22T21:00:00.000Z,True,False,20,45,L,33,26,94.160
2025,14,401752923,Maryland,Big Ten,Michigan State,Big Ten,Away,2025-11-30T00:00:00.000Z,True,False,28,38,L,102,77,-9.134
2025,1,401762456,Massachusetts,Mid-American,Temple,American Athletic,Home,2025-08-30T19:30:00.000Z,True,False,10,42,L,98,88,-61.145
2025,3,401752830,Massachusetts,Mid-American,Iowa,Big Ten,Away,2025-09-13T23:30:00.000Z,True,False,7,47,L,11,10,160.641
2025,5,401752721,Massachusetts,Mid-American,Missouri,SEC,Away,2025-09-27T23:30:00.000Z,True,False,6,42,L,31,29,86.725
2025,6,401762832,Massachusetts,Mid-American,Western Michigan,Mid-American,Home,2025-10-04T18:30:00.000Z,True,False,3,21,L,39,82,-24.352
2025,7,401762837,Massachusetts,Mid-American,Kent State,Mid-American,Away,2025-10-11T18:30:00.000Z,True,False,6,42,L,122,123,-129.809
2025,8,401762840,Massachusetts,Mid-American,Buffalo,Mid-American,Home,2025-10-18T18:30:00.000Z,True,False,21,28,L,79,121,-127.389
2025,9,401762847,Massachusetts,Mid-American,Central Michigan,Mid-American,Away,2025-10-25T19:30:00.000Z,True,False,13,38,L,86,100,-84.461
2025,11,401762851,Massachusetts,Mid-American,Akron,Mid-American,Away,2025-11-05T00:00:00.000Z,True,False,10,44,L,110,129,-156.885
2025,12,401762859,Massachusetts,Mid-American,Northern Illinois,Mid-American,Home,2025-11-13T00:00:00.000Z,True,False,3,45,L,106,125,-140.097
2025,13,401762863,Massachusetts,Mid-American,Ohio,Mid-American,Away,2025-11-19T00:00:00.000Z,True,False,14,42,L,37,74,-5.248
2025,14,401762868,Massachusetts,Mid-American,Bowling Green,Mid-American,Home,2025-11-25T21:30:00.000Z,True,False,14,45,L,94,124,-130.667
2025,1,401778307,Memphis,American Athletic,NC State,ACC,Away,2025-12-19T19:30:00.000Z,True,False,7,31,L,70,37,67.057
2025,2,401761598,Memphis,American Athletic,Georgia State,Sun Belt,Away,2025-09-06T23:00:00.000Z,True,False,38,16,W,133,128,-153.422
2025,3,401761608,Memphis,American Athletic,Troy,Sun Belt,Away,2025-09-13T16:00:00.000Z,True,False,28,7,W,72,91,-65.999
2025,4,401752708,Memphis,American Athletic,Arkansas,SEC,Home,2025-09-20T16:00:00.000Z,True,False,32,31,W,81,46,45.867
2025,5,401762472,Memphis,American Athletic,Florida Atlantic,American Athletic,Away,2025-09-27T23:00:00.000Z,True,False,55,26,W,117,111,-108.696
2025,6,401762478,Memphis,American Athletic,Tulsa,American Athletic,Home,2025-10-05T00:00:00.000Z,True,False,45,7,W,107,113,-116.608
2025,8,401762487,Memphis,American Athletic,UAB,American Athletic,Away,2025-10-18T20:00:00.000Z,True,False,24,31,L,127,130,-161.808
2025,9,401762494,Memphis,American Athletic,South Florida,American Athletic,Home,2025-10-25T16:00:00.000Z,True,False,34,31,W,16,27,88.893
2025,10,401762497,Memphis,American Athletic,Rice,American Athletic,Away,2025-10-31T23:00:00.000Z,True,False,38,14,W,128,126,-142.718
2025,11,401762501,Memphis,American Athletic,Tulane,American Athletic,Home,2025-11-08T02:00:00.000Z,True,False,32,38,L,51,56,28.631
2025,12,401762508,Memphis,American Athletic,East Carolina,American Athletic,Away,2025-11-15T21:00:00.000Z,True,False,27,31,L,32,59,27.505
2025,14,401762516,Memphis,American Athletic,Navy,American Athletic,Home,2025-11-28T00:30:00.000Z,True,False,17,28,L,44,61,24.074
2025,1,401754522,Miami,ACC,Notre Dame,FBS Independents,Home,2025-08-31T23:30:00.000Z,True,False,27,24,W,2,3,219.759
2025,1,401779841,Miami,ACC,Texas A&M,SEC,Away,2025-12-20T17:00:00.000Z,True,False,10,3,W,23,11,155.815
2025,1,401769070,Miami,ACC,Ohio State,Big Ten,Away,2026-01-01T00:30:00.000Z,True,False,24,14,W,3,2,269.247
2025,1,401769075,Miami,ACC,Ole Miss,SEC,Away,2026-01-09T00:30:00.000Z,True,False,31,27,W,15,13,152.268
2025,1,401769076,Miami,ACC,Indiana,Big Ten,Away,2026-01-20T00:30:00.000Z,True,False,21,27,L,1,1,275.437
2025,3,401754535,Miami,ACC,South Florida,American Athletic,Home,2025-09-13T20:30:00.000Z,True,False,49,12,W,16,27,88.893
2025,4,401752709,Miami,ACC,Florida,SEC,Home,2025-09-20T23:30:00.000Z,True,False,26,7,W,104,50,41.179
2025,6,401754553,Miami,ACC,Florida State,ACC,Away,2025-10-04T23:30:00.000Z,True,False,28,22,W,36,36,68.221
2025,8,401754564,Miami,ACC,Louisville,ACC,Home,2025-10-17T23:00:00.000Z,True,False,21,24,L,41,38,66.721
2025,9,401754572,Miami,ACC,Stanford,ACC,Home,2025-10-25T23:00:00.000Z,True,False,42,7,W,113,84,-35.494
2025,10,401754581,Miami,ACC,SMU,ACC,Away,2025-11-01T16:00:00.000Z,True,False,20,26,L,21,22,104.483
2025,11,401754587,Miami,ACC,Syracuse,ACC,Home,2025-11-08T20:30:00.000Z,True,False,38,10,W,130,97,-79.579
2025,12,401754595,Miami,ACC,NC State,ACC,Home,2025-11-15T20:30:00.000Z,True,False,41,7,W,70,37,67.057
2025,13,401754603,Miami,ACC,Virginia Tech,ACC,Away,2025-11-22T17:00:00.000Z,True,False,34,17,W,123,90,-62.544
2025,14,401754611,Miami,ACC,Pittsburgh,ACC,Away,2025-11-29T17:00:00.000Z,True,False,38,7,W,38,32,75.751
2025,1,401762791,Miami (OH),Mid-American,Wisconsin,Big Ten,Away,2025-08-29T01:00:00.000Z,True,False,0,17,L,109,54,31.936
2025,1,401778320,Miami (OH),Mid-American,Fresno State,Mountain West,Away,2025-12-27T21:30:00.000Z,True,False,3,18,L,60,83,-34.721
2025,2,401752818,Miami (OH),Mid-American,Rutgers,Big Ten,Away,2025-09-06T19:30:00.000Z,True,False,17,45,L,111,60,24.567
2025,4,401760376,Miami (OH),Mid-American,UNLV,Mountain West,Home,2025-09-20T16:00:00.000Z,True,False,38,41,L,30,63,19.931
2025,6,401762873,Miami (OH),Mid-American,Northern Illinois,Mid-American,Away,2025-10-04T19:30:00.000Z,True,False,25,14,W,106,125,-140.097
2025,7,401762833,Miami (OH),Mid-American,Akron,Mid-American,Away,2025-10-11T16:00:00.000Z,True,False,20,7,W,110,129,-156.885
2025,8,401762841,Miami (OH),Mid-American,Eastern Michigan,Mid-American,Home,2025-10-18T16:00:00.000Z,True,False,44,30,W,89,115,-120.022
2025,9,401762874,Miami (OH),Mid-American,Western Michigan,Mid-American,Home,2025-10-25T19:30:00.000Z,True,False,26,17,W,39,82,-24.352
2025,11,401762852,Miami (OH),Mid-American,Ohio,Mid-American,Away,2025-11-05T00:00:00.000Z,True,False,20,24,L,37,74,-5.248
2025,12,401762860,Miami (OH),Mid-American,Toledo,Mid-American,Home,2025-11-13T00:00:00.000Z,True,False,3,24,L,14,58,27.520
2025,13,401762865,Miami (OH),Mid-American,Buffalo,Mid-American,Away,2025-11-20T00:00:00.000Z,True,False,37,20,W,79,121,-127.389
2025,14,401762875,Miami (OH),Mid-American,Ball State,Mid-American,Home,2025-11-29T17:00:00.000Z,True,False,45,24,W,124,131,-169.017
2025,15,401777329,Miami (OH),Mid-American,Western Michigan,Mid-American,Away,2025-12-06T17:00:00.000Z,True,False,13,23,L,39,82,-24.352
2025,1,401752808,Michigan,Big Ten,New Mexico,Mountain West,Home,2025-08-30T23:30:00.000Z,True,False,34,17,W,47,66,12.799
2025,1,401778330,Michigan,Big Ten,Texas,SEC,Away,2025-12-31T20:00:00.000Z,True,False,27,41,L,19,20,110.722
2025,2,401752690,Michigan,Big Ten,Oklahoma,SEC,Away,2025-09-06T23:30:00.000Z,True,False,13,24,L,29,18,122.194
2025,3,401752839,Michigan,Big Ten,Central Michigan,Mid-American,Home,2025-09-13T16:00:00.000Z,True,False,63,3,W,86,100,-84.461
2025,4,401752846,Michigan,Big Ten,Nebraska,Big Ten,Away,2025-09-20T19:30:00.000Z,True,False,30,27,W,69,68,9.693
2025,6,401752856,Michigan,Big Ten,Wisconsin,Big Ten,Home,2025-10-04T16:00:00.000Z,True,False,24,10,W,109,54,31.936
2025,7,401752868,Michigan,Big Ten,USC,Big Ten,Away,2025-10-11T23:30:00.000Z,True,False,13,31,L,13,14,147.038
2025,8,401752873,Michigan,Big Ten,Washington,Big Ten,Home,2025-10-18T16:00:00.000Z,True,False,24,7,W,17,16,145.025
2025,9,401752881,Michigan,Big Ten,Michigan State,Big Ten,Away,2025-10-25T23:30:00.000Z,True,False,31,20,W,102,77,-9.134
2025,10,401752890,Michigan,Big Ten,Purdue,Big Ten,Home,2025-11-01T23:00:00.000Z,True,False,21,16,W,126,70,-2.647
2025,12,401752905,Michigan,Big Ten,Northwestern,Big Ten,Away,2025-11-15T17:00:00.000Z,True,False,24,22,W,62,48,44.725
2025,13,401752914,Michigan,Big Ten,Maryland,Big Ten,Away,2025-11-22T21:00:00.000Z,True,False,45,20,W,88,75,-8.632
2025,14,401752921,Michigan,Big Ten,Ohio State,Big Ten,Home,2025-11-29T17:00:00.000Z,True,False,9,27,L,3,2,269.247
2025,1,401752802,Michigan State,Big Ten,Western Michigan,Mid-American,Home,2025-08-29T23:00:00.000Z,True,False,23,6,W,39,82,-24.352
2025,2,401752816,Michigan State,Big Ten,Boston College,ACC,Home,2025-09-06T23:30:00.000Z,True,False,42,40,W,119,95,-69.225
2025,4,401752847,Michigan State,Big Ten,USC,Big Ten,Away,2025-09-21T03:00:00.000Z,True,False,31,45,L,13,14,147.038
2025,6,401752860,Michigan State,Big Ten,Nebraska,Big Ten,Away,2025-10-04T20:00:00.000Z,True,False,27,38,L,69,68,9.693
2025,7,401752863,Michigan State,Big Ten,UCLA,Big Ten,Home,2025-10-11T16:00:00.000Z,True,False,13,38,L,129,79,-21.396
2025,8,401752878,Michigan State,Big Ten,Indiana,Big Ten,Away,2025-10-18T19:30:00.000Z,True,False,13,38,L,1,1,275.437
2025,9,401752881,Michigan State,Big Ten,Michigan,Big Ten,Home,2025-10-25T23:30:00.000Z,True,False,20,31,L,33,26,94.160
2025,10,401752888,Michigan State,Big Ten,Minnesota,Big Ten,Away,2025-11-01T19:30:00.000Z,True,False,20,23,L,93,67,11.682
2025,12,401752903,Michigan State,Big Ten,Penn State,Big Ten,Home,2025-11-15T20:30:00.000Z,True,False,10,28,L,27,17,125.621
2025,13,401752913,Michigan State,Big Ten,Iowa,Big Ten,Away,2025-11-22T20:30:00.000Z,True,False,17,20,L,11,10,160.641
2025,14,401752923,Michigan State,Big Ten,Maryland,Big Ten,Home,2025-11-30T00:00:00.000Z,True,False,38,28,W,88,75,-8.632
2025,2,401752820,Middle Tennessee,Conference USA,Wisconsin,Big Ten,Away,2025-09-06T20:00:00.000Z,True,False,10,42,L,109,54,31.936
2025,3,401757258,Middle Tennessee,Conference USA,Nevada,Mountain West,Away,2025-09-13T21:00:00.000Z,True,False,14,13,W,115,117,-121.167
2025,4,401757264,Middle Tennessee,Conference USA,Marshall,Sun Belt,Home,2025-09-20T23:00:00.000Z,True,False,28,42,L,73,87,-49.493
2025,5,401757270,Middle Tennessee,Conference USA,Kennesaw State,Conference USA,Away,2025-09-27T22:00:00.000Z,True,False,16,24,L,64,86,-42.743
2025,7,401757278,Middle Tennessee,Conference USA,Missouri State,Conference USA,Home,2025-10-08T23:30:00.000Z,True,False,20,22,L,92,98,-81.327
2025,9,401757287,Middle Tennessee,Conference USA,Delaware,Conference USA,Away,2025-10-22T23:30:00.000Z,True,False,28,31,L,83,119,-121.785
2025,10,401757292,Middle Tennessee,Conference USA,Jacksonville State,Conference USA,Home,2025-10-29T23:30:00.000Z,True,False,21,24,L,66,104,-95.381
2025,11,401757296,Middle Tennessee,Conference USA,Florida International,Conference USA,Home,2025-11-08T20:00:00.000Z,True,False,30,56,L,80,109,-106.086
2025,12,401757303,Middle Tennessee,Conference USA,Western Kentucky,Conference USA,Away,2025-11-15T20:30:00.000Z,True,False,26,42,L,59,94,-68.048
2025,13,401757308,Middle Tennessee,Conference USA,Sam Houston,Conference USA,Home,2025-11-22T20:00:00.000Z,True,False,31,17,W,131,135,-222.852
2025,14,401757315,Middle Tennessee,Conference USA,New Mexico State,Conference USA,Away,2025-11-29T20:00:00.000Z,True,False,31,24,W,101,116,-120.379
2025,1,401752793,Minnesota,Big Ten,Buffalo,Mid-American,Home,2025-08-29T00:00:00.000Z,True,False,23,10,W,79,121,-127.389
2025,1,401778314,Minnesota,Big Ten,New Mexico,Mountain West,Home,2025-12-26T21:30:00.000Z,True,False,20,17,W,47,66,12.799
2025,3,401752840,Minnesota,Big Ten,California,ACC,Away,2025-09-14T02:30:00.000Z,True,False,14,27,L,90,85,-38.538
2025,5,401752849,Minnesota,Big Ten,Rutgers,Big Ten,Home,2025-09-27T16:00:00.000Z,True,False,31,28,W,111,60,24.567
2025,6,401752859,Minnesota,Big Ten,Ohio State,Big Ten,Away,2025-10-04T23:30:00.000Z,True,False,3,42,L,3,2,269.247
2025,7,401752864,Minnesota,Big Ten,Purdue,Big Ten,Home,2025-10-11T23:30:00.000Z,True,False,27,20,W,126,70,-2.647
2025,8,401752872,Minnesota,Big Ten,Nebraska,Big Ten,Home,2025-10-18T00:00:00.000Z,True,False,24,6,W,69,68,9.693
2025,9,401752882,Minnesota,Big Ten,Iowa,Big Ten,Away,2025-10-25T19:30:00.000Z,True,False,3,41,L,11,10,160.641
2025,10,401752888,Minnesota,Big Ten,Michigan State,Big Ten,Home,2025-11-01T19:30:00.000Z,True,False,23,20,W,102,77,-9.134
2025,12,401752904,Minnesota,Big Ten,Oregon,Big Ten,Away,2025-11-15T02:00:00.000Z,True,False,13,42,L,6,6,211.120
2025,13,401752909,Minnesota,Big Ten,Northwestern,Big Ten,Away,2025-11-22T17:00:00.000Z,True,False,35,38,L,62,48,44.725
2025,14,401752918,Minnesota,Big Ten,Wisconsin,Big Ten,Home,2025-11-29T20:30:00.000Z,True,False,17,7,W,109,54,31.936
2025,1,401752673,Mississippi State,SEC,Southern Miss,Sun Belt,Away,2025-08-30T16:00:00.000Z,True,False,34,17,W,65,96,-78.786
2025,1,401778334,Mississippi State,SEC,Wake Forest,ACC,Home,2026-01-03T01:00:00.000Z,True,False,29,43,L,54,55,29.957
2025,2,401752688,Mississippi State,SEC,Arizona State,Big 12,Home,2025-09-06T23:30:00.000Z,True,False,24,20,W,67,40,60.380
2025,4,401752712,Mississippi State,SEC,Northern Illinois,Mid-American,Home,2025-09-20T20:15:00.000Z,True,False,38,10,W,106,125,-140.097
2025,5,401752720,Mississippi State,SEC,Tennessee,SEC,Home,2025-09-27T20:15:00.000Z,True,False,34,41,L,26,24,101.521
2025,6,401752730,Mississippi State,SEC,Texas A&M,SEC,Away,2025-10-04T23:30:00.000Z,True,False,9,31,L,23,11,155.815
2025,8,401752741,Mississippi State,SEC,Florida,SEC,Away,2025-10-18T20:15:00.000Z,True,False,21,23,L,104,50,41.179
2025,9,401752749,Mississippi State,SEC,Texas,SEC,Home,2025-10-25T20:15:00.000Z,True,False,38,45,L,19,20,110.722
2025,10,401752753,Mississippi State,SEC,Arkansas,SEC,Away,2025-11-01T20:00:00.000Z,True,False,38,35,W,81,46,45.867
2025,11,401752762,Mississippi State,SEC,Georgia,SEC,Home,2025-11-08T17:00:00.000Z,True,False,21,41,L,12,8,169.392
2025,12,401752770,Mississippi State,SEC,Missouri,SEC,Away,2025-11-16T00:45:00.000Z,True,False,27,49,L,31,29,86.725
2025,14,401752788,Mississippi State,SEC,Ole Miss,SEC,Home,2025-11-28T17:00:00.000Z,True,False,19,38,L,15,13,152.268
2025,1,401778322,Missouri,SEC,Virginia,ACC,Home,2025-12-28T00:30:00.000Z,True,False,7,13,L,20,30,84.624
2025,2,401752689,Missouri,SEC,Kansas,Big 12,Home,2025-09-06T19:30:00.000Z,True,False,42,31,W,78,45,47.271
2025,3,401752702,Missouri,SEC,Louisiana,Sun Belt,Home,2025-09-13T17:00:00.000Z,True,False,52,10,W,95,114,-116.979
2025,4,401752713,Missouri,SEC,South Carolina,SEC,Home,2025-09-20T23:00:00.000Z,True,False,29,20,W,74,42,55.902
2025,5,401752721,Missouri,SEC,Massachusetts,Mid-American,Home,2025-09-27T23:30:00.000Z,True,False,42,6,W,136,136,-277.932
2025,7,401752734,Missouri,SEC,Alabama,SEC,Home,2025-10-11T16:00:00.000Z,True,False,24,27,L,25,15,145.371
2025,8,401752740,Missouri,SEC,Auburn,SEC,Away,2025-10-18T23:45:00.000Z,True,False,23,17,W,58,31,76.936
2025,9,401752752,Missouri,SEC,Vanderbilt,SEC,Away,2025-10-25T19:30:00.000Z,True,False,10,17,L,10,12,152.909
2025,11,401752763,Missouri,SEC,Texas A&M,SEC,Home,2025-11-08T20:30:00.000Z,True,False,17,38,L,23,11,155.815
2025,12,401752770,Missouri,SEC,Mississippi State,SEC,Home,2025-11-16T00:45:00.000Z,True,False,49,27,W,91,62,20.774
2025,13,401752778,Missouri,SEC,Oklahoma,SEC,Away,2025-11-22T17:00:00.000Z,True,False,6,17,L,29,18,122.194
2025,14,401752783,Missouri,SEC,Arkansas,SEC,Away,2025-11-29T20:30:00.000Z,True,False,31,17,W,81,46,45.867
2025,1,401752798,Missouri State,Conference USA,USC,Big Ten,Away,2025-08-30T23:30:00.000Z,True,False,13,73,L,13,14,147.038
2025,1,401838053,Missouri State,Conference USA,Arkansas State,Sun Belt,Away,2025-12-19T02:00:00.000Z,True,False,28,34,L,82,103,-87.707
2025,2,401757228,Missouri State,Conference USA,Marshall,Sun Belt,Away,2025-09-06T22:00:00.000Z,True,False,21,20,W,73,87,-49.493
2025,3,401754615,Missouri State,Conference USA,SMU,ACC,Home,2025-09-13T19:30:00.000Z,True,False,10,28,L,21,22,104.483
2025,5,401757273,Missouri State,Conference USA,Western Kentucky,Conference USA,Home,2025-09-27T23:00:00.000Z,True,False,22,27,L,59,94,-68.048
2025,7,401757278,Missouri State,Conference USA,Middle Tennessee,Conference USA,Away,2025-10-08T23:30:00.000Z,True,False,22,20,W,96,127,-147.323
2025,9,401757288,Missouri State,Conference USA,New Mexico State,Conference USA,Away,2025-10-23T01:00:00.000Z,True,False,24,17,W,101,116,-120.379
2025,10,401757291,Missouri State,Conference USA,Florida International,Conference USA,Home,2025-10-30T00:00:00.000Z,True,False,28,21,W,80,109,-106.086
2025,11,401757299,Missouri State,Conference USA,Liberty,Conference USA,Away,2025-11-08T18:00:00.000Z,True,False,21,17,W,77,108,-103.418
2025,12,401757304,Missouri State,Conference USA,UTEP,Conference USA,Home,2025-11-15T20:00:00.000Z,True,False,38,24,W,114,132,-172.921
2025,13,401757306,Missouri State,Conference USA,Kennesaw State,Conference USA,Away,2025-11-22T19:00:00.000Z,True,False,34,41,L,64,86,-42.743
2025,14,401757314,Missouri State,Conference USA,Louisiana Tech,Conference USA,Home,2025-11-29T19:00:00.000Z,True,False,30,42,L,40,89,-61.672
2025,1,401754373,NC State,ACC,East Carolina,American Athletic,Home,2025-08-28T23:00:00.000Z,True,False,24,17,W,32,59,27.505
2025,1,401778307,NC State,ACC,Memphis,American Athletic,Home,2025-12-19T19:30:00.000Z,True,False,31,7,W,34,65,16.465
2025,2,401754524,NC State,ACC,Virginia,ACC,Home,2025-09-06T16:00:00.000Z,True,False,35,31,W,20,30,84.624
2025,3,401754531,NC State,ACC,Wake Forest,ACC,Away,2025-09-11T23:30:00.000Z,True,False,34,24,W,54,55,29.957
2025,4,401754538,NC State,ACC,Duke,ACC,Away,2025-09-20T20:00:00.000Z,True,False,33,45,L,46,43,55.119
2025,5,401754548,NC State,ACC,Virginia Tech,ACC,Home,2025-09-27T23:00:00.000Z,True,False,21,23,L,123,90,-62.544
2025,7,401754562,NC State,ACC,Notre Dame,FBS Independents,Away,2025-10-11T19:30:00.000Z,True,False,7,36,L,2,3,219.759
2025,9,401754574,NC State,ACC,Pittsburgh,ACC,Away,2025-10-25T19:30:00.000Z,True,False,34,53,L,38,32,75.751
2025,10,401754579,NC State,ACC,Georgia Tech,ACC,Home,2025-11-01T23:30:00.000Z,True,False,48,36,W,56,41,59.383
2025,12,401754595,NC State,ACC,Miami,ACC,Away,2025-11-15T20:30:00.000Z,True,False,7,41,L,9,5,213.591
2025,13,401754598,NC State,ACC,Florida State,ACC,Home,2025-11-22T01:00:00.000Z,True,False,21,11,W,36,36,68.221
2025,14,401754612,NC State,ACC,North Carolina,ACC,Home,2025-11-30T00:30:00.000Z,True,False,42,19,W,112,101,-85.220
2025,1,401778333,Navy,American Athletic,Cincinnati,Big 12,Away,2026-01-02T21:30:00.000Z,True,False,35,13,W,76,49,42.732
2025,2,401762458,Navy,American Athletic,UAB,American Athletic,Home,2025-09-06T19:30:00.000Z,True,False,38,24,W,127,130,-161.808
2025,3,401762465,Navy,American Athletic,Tulsa,American Athletic,Away,2025-09-14T00:00:00.000Z,True,False,42,23,W,107,113,-116.608
2025,5,401762473,Navy,American Athletic,Rice,American Athletic,Home,2025-09-27T19:30:00.000Z,True,False,21,13,W,128,126,-142.718
2025,6,401760381,Navy,American Athletic,Air Force,Mountain West,Home,2025-10-04T16:00:00.000Z,True,False,34,31,W,84,93,-67.396
2025,7,401762484,Navy,American Athletic,Temple,American Athletic,Away,2025-10-11T20:00:00.000Z,True,False,32,31,W,98,88,-61.145
2025,9,401762493,Navy,American Athletic,Florida Atlantic,American Athletic,Home,2025-10-25T19:30:00.000Z,True,False,42,32,W,117,111,-108.696
2025,10,401762499,Navy,American Athletic,North Texas,American Athletic,Away,2025-11-01T16:00:00.000Z,True,False,17,31,L,8,35,68.510
2025,11,401757166,Navy,American Athletic,Notre Dame,FBS Independents,Away,2025-11-09T00:30:00.000Z,True,False,10,49,L,2,3,219.759
2025,12,401762510,Navy,American Athletic,South Florida,American Athletic,Home,2025-11-15T17:00:00.000Z,True,False,41,38,W,16,27,88.893
2025,14,401762516,Navy,American Athletic,Memphis,American Athletic,Away,2025-11-28T00:30:00.000Z,True,False,28,17,W,34,65,16.465
2025,16,401762521,Navy,American Athletic,Army,American Athletic,Home,2025-12-13T20:00:00.000Z,True,False,17,16,W,57,72,-3.907
2025,1,401752796,Nebraska,Big Ten,Cincinnati,Big 12,Away,2025-08-29T01:00:00.000Z,True,False,20,17,W,76,49,42.732
2025,1,401778331,Nebraska,Big Ten,Utah,Big 12,Away,2025-12-31T20:30:00.000Z,True,False,22,44,L,5,4,219.253
2025,2,401752810,Nebraska,Big Ten,Akron,Mid-American,Home,2025-09-06T23:30:00.000Z,True,False,68,0,W,110,129,-156.885
2025,4,401752846,Nebraska,Big Ten,Michigan,Big Ten,Home,2025-09-20T19:30:00.000Z,True,False,27,30,L,33,26,94.160
2025,6,401752860,Nebraska,Big Ten,Michigan State,Big Ten,Home,2025-10-04T20:00:00.000Z,True,False,38,27,W,102,77,-9.134
2025,7,401752867,Nebraska,Big Ten,Maryland,Big Ten,Away,2025-10-11T19:30:00.000Z,True,False,34,31,W,88,75,-8.632
2025,8,401752872,Nebraska,Big Ten,Minnesota,Big Ten,Away,2025-10-18T00:00:00.000Z,True,False,6,24,L,93,67,11.682
2025,9,401752883,Nebraska,Big Ten,Northwestern,Big Ten,Home,2025-10-25T16:00:00.000Z,True,False,28,21,W,62,48,44.725
2025,10,401752892,Nebraska,Big Ten,USC,Big Ten,Home,2025-11-01T23:30:00.000Z,True,False,17,21,L,13,14,147.038
2025,11,401752895,Nebraska,Big Ten,UCLA,Big Ten,Away,2025-11-09T02:00:00.000Z,True,False,28,21,W,129,79,-21.396
2025,13,401752908,Nebraska,Big Ten,Penn State,Big Ten,Away,2025-11-23T00:00:00.000Z,True,False,10,37,L,27,17,125.621
2025,14,401752916,Nebraska,Big Ten,Iowa,Big Ten,Home,2025-11-28T17:00:00.000Z,True,False,16,40,L,11,10,160.641
2025,1,401752807,Nevada,Mountain West,Penn State,Big Ten,Away,2025-08-30T19:30:00.000Z,True,False,11,46,L,27,17,125.621
2025,3,401757258,Nevada,Mountain West,Middle Tennessee,Conference USA,Home,2025-09-13T21:00:00.000Z,True,False,13,14,L,96,127,-147.323
2025,4,401757268,Nevada,Mountain West,Western Kentucky,Conference USA,Away,2025-09-20T23:00:00.000Z,True,False,16,31,L,59,94,-68.048
2025,6,401760383,Nevada,Mountain West,Fresno State,Mountain West,Away,2025-10-05T02:30:00.000Z,True,False,17,20,L,60,83,-34.721
2025,7,401760390,Nevada,Mountain West,San Diego State,Mountain West,Home,2025-10-12T02:30:00.000Z,True,False,10,44,L,28,52,38.032
2025,8,401760395,Nevada,Mountain West,New Mexico,Mountain West,Away,2025-10-19T01:45:00.000Z,True,False,22,24,L,47,66,12.799
2025,9,401760397,Nevada,Mountain West,Boise State,Mountain West,Home,2025-10-25T02:00:00.000Z,True,False,3,24,L,50,53,33.161
2025,11,401760409,Nevada,Mountain West,Utah State,Mountain West,Away,2025-11-09T00:30:00.000Z,True,False,14,51,L,71,80,-22.916
2025,12,401760413,Nevada,Mountain West,San José State,Mountain West,Home,2025-11-15T20:30:00.000Z,True,False,55,10,W,121,118,-121.411
2025,13,401760419,Nevada,Mountain West,Wyoming,Mountain West,Away,2025-11-22T19:00:00.000Z,True,False,13,7,W,100,106,-97.082
2025,14,401760425,Nevada,Mountain West,UNLV,Mountain West,Home,2025-11-30T02:00:00.000Z,True,False,17,42,L,30,63,19.931
2025,1,401752808,New Mexico,Mountain West,Michigan,Big Ten,Away,2025-08-30T23:30:00.000Z,True,False,17,34,L,33,26,94.160
2025,1,401778314,New Mexico,Mountain West,Minnesota,Big Ten,Away,2025-12-26T21:30:00.000Z,True,False,17,20,L,93,67,11.682
2025,3,401752837,New Mexico,Mountain West,UCLA,Big Ten,Away,2025-09-13T02:00:00.000Z,True,False,35,10,W,129,79,-21.396
2025,5,401757274,New Mexico,Mountain West,New Mexico State,Conference USA,Home,2025-09-27T20:00:00.000Z,True,False,38,20,W,101,116,-120.379
2025,6,401760384,New Mexico,Mountain West,San José State,Mountain West,Away,2025-10-04T02:00:00.000Z,True,False,28,35,L,121,118,-121.411
2025,7,401760387,New Mexico,Mountain West,Boise State,Mountain West,Away,2025-10-12T01:45:00.000Z,True,False,25,41,L,50,53,33.161
2025,8,401760395,New Mexico,Mountain West,Nevada,Mountain West,Home,2025-10-19T01:45:00.000Z,True,False,24,22,W,115,117,-121.167
2025,9,401760400,New Mexico,Mountain West,Utah State,Mountain West,Home,2025-10-25T19:00:00.000Z,True,False,33,14,W,71,80,-22.916
2025,10,401760404,New Mexico,Mountain West,UNLV,Mountain West,Away,2025-11-01T19:00:00.000Z,True,False,40,35,W,30,63,19.931
2025,12,401760411,New Mexico,Mountain West,Colorado State,Mountain West,Home,2025-11-15T20:00:00.000Z,True,False,20,17,W,118,112,-112.280
2025,13,401760415,New Mexico,Mountain West,Air Force,Mountain West,Away,2025-11-23T00:00:00.000Z,True,False,20,3,W,84,93,-67.396
2025,14,401760426,New Mexico,Mountain West,San Diego State,Mountain West,Home,2025-11-28T20:30:00.000Z,True,False,23,17,W,28,52,38.032
2025,2,401757229,New Mexico State,Conference USA,Tulsa,American Athletic,Home,2025-09-07T01:00:00.000Z,True,False,21,14,W,107,113,-116.608
2025,3,401757257,New Mexico State,Conference USA,Louisiana Tech,Conference USA,Away,2025-09-13T23:30:00.000Z,True,False,14,49,L,40,89,-61.672
2025,5,401757274,New Mexico State,Conference USA,New Mexico,Mountain West,Away,2025-09-27T20:00:00.000Z,True,False,20,38,L,47,66,12.799
2025,6,401757275,New Mexico State,Conference USA,Sam Houston,Conference USA,Home,2025-10-03T01:00:00.000Z,True,False,37,10,W,131,135,-222.852
2025,8,401757282,New Mexico State,Conference USA,Liberty,Conference USA,Away,2025-10-14T23:00:00.000Z,True,False,27,30,L,77,108,-103.418
2025,9,401757288,New Mexico State,Conference USA,Missouri State,Conference USA,Home,2025-10-23T01:00:00.000Z,True,False,17,24,L,92,98,-81.327
2025,10,401757294,New Mexico State,Conference USA,Western Kentucky,Conference USA,Away,2025-11-01T19:30:00.000Z,True,False,16,35,L,59,94,-68.048
2025,11,401757298,New Mexico State,Conference USA,Kennesaw State,Conference USA,Home,2025-11-08T21:00:00.000Z,True,False,21,24,L,64,86,-42.743
2025,12,401752771,New Mexico State,Conference USA,Tennessee,SEC,Away,2025-11-15T21:15:00.000Z,True,False,9,42,L,26,24,101.521
2025,13,401757309,New Mexico State,Conference USA,UTEP,Conference USA,Away,2025-11-22T20:00:00.000Z,True,False,34,31,W,114,132,-172.921
2025,14,401757315,New Mexico State,Conference USA,Middle Tennessee,Conference USA,Home,2025-11-29T20:00:00.000Z,True,False,24,31,L,96,127,-147.323
2025,1,401754523,North Carolina,ACC,TCU,Big 12,Home,2025-09-02T00:00:00.000Z,True,False,14,48,L,52,28,88.219
2025,2,401754527,North Carolina,ACC,Charlotte,American Athletic,Away,2025-09-06T23:00:00.000Z,True,False,20,3,W,135,134,-203.932
2025,4,401754640,North Carolina,ACC,UCF,Big 12,Away,2025-09-20T19:30:00.000Z,True,False,9,34,L,87,71,-2.940
2025,6,401754552,North Carolina,ACC,Clemson,ACC,Home,2025-10-04T16:00:00.000Z,True,False,10,38,L,43,39,65.188
2025,8,401754371,North Carolina,ACC,California,ACC,Away,2025-10-18T02:30:00.000Z,True,False,18,21,L,90,85,-38.538
2025,9,401754573,North Carolina,ACC,Virginia,ACC,Home,2025-10-25T16:00:00.000Z,True,False,16,17,L,20,30,84.624
2025,10,401754575,North Carolina,ACC,Syracuse,ACC,Away,2025-10-31T23:30:00.000Z,True,False,27,10,W,130,97,-79.579
2025,11,401754588,North Carolina,ACC,Stanford,ACC,Home,2025-11-08T21:30:00.000Z,True,False,20,15,W,113,84,-35.494
2025,12,401754596,North Carolina,ACC,Wake Forest,ACC,Away,2025-11-15T21:30:00.000Z,True,False,12,28,L,54,55,29.957
2025,13,401754600,North Carolina,ACC,Duke,ACC,Home,2025-11-22T20:30:00.000Z,True,False,25,32,L,46,43,55.119
2025,14,401754612,North Carolina,ACC,NC State,ACC,Away,2025-11-30T00:30:00.000Z,True,False,19,42,L,70,37,67.057
2025,1,401778321,North Texas,American Athletic,San Diego State,Mountain West,Away,2025-12-27T22:45:00.000Z,True,False,49,47,W,28,52,38.032
2025,2,401762461,North Texas,American Athletic,Western Michigan,Mid-American,Away,2025-09-06T19:30:00.000Z,True,False,33,30,W,39,82,-24.352
2025,3,401752949,North Texas,American Athletic,Washington State,Pac-12,Home,2025-09-13T19:30:00.000Z,True,False,59,10,W,61,47,45.495
2025,4,401762469,North Texas,American Athletic,Army,American Athletic,Away,2025-09-20T16:00:00.000Z,True,False,45,38,W,57,72,-3.907
2025,5,401761617,North Texas,American Athletic,South Alabama,Sun Belt,Home,2025-09-27T16:00:00.000Z,True,False,36,22,W,99,120,-122.179
2025,7,401762481,North Texas,American Athletic,South Florida,American Athletic,Home,2025-10-10T23:30:00.000Z,True,False,36,63,L,16,27,88.893
2025,8,401762491,North Texas,American Athletic,UTSA,American Athletic,Home,2025-10-18T19:30:00.000Z,True,False,55,17,W,45,73,-3.929
2025,9,401762492,North Texas,American Athletic,Charlotte,American Athletic,Away,2025-10-24T23:00:00.000Z,True,False,54,20,W,135,134,-203.932
2025,10,401762499,North Texas,American Athletic,Navy,American Athletic,Home,2025-11-01T16:00:00.000Z,True,False,31,17,W,44,61,24.074
2025,12,401762506,North Texas,American Athletic,UAB,American Athletic,Away,2025-11-15T19:00:00.000Z,True,False,53,24,W,127,130,-161.808
2025,13,401762514,North Texas,American Athletic,Rice,American Athletic,Away,2025-11-23T00:30:00.000Z,True,False,56,24,W,128,126,-142.718
2025,14,401762442,North Texas,American Athletic,Temple,American Athletic,Home,2025-11-28T20:30:00.000Z,True,False,52,25,W,98,88,-61.145
2025,15,401777324,North Texas,American Athletic,Tulane,American Athletic,Away,2025-12-06T01:00:00.000Z,True,False,21,34,L,51,56,28.631
2025,2,401752826,Northern Illinois,Mid-American,Maryland,Big Ten,Away,2025-09-05T23:30:00.000Z,True,False,9,20,L,88,75,-8.632
2025,4,401752712,Northern Illinois,Mid-American,Mississippi State,SEC,Away,2025-09-20T20:15:00.000Z,True,False,10,38,L,91,62,20.774
2025,5,401760380,Northern Illinois,Mid-American,San Diego State,Mountain West,Home,2025-09-27T19:30:00.000Z,True,False,3,6,L,28,52,38.032
2025,6,401762873,Northern Illinois,Mid-American,Miami (OH),Mid-American,Home,2025-10-04T19:30:00.000Z,True,False,14,25,L,75,99,-81.842
2025,7,401762836,Northern Illinois,Mid-American,Eastern Michigan,Mid-American,Away,2025-10-11T17:00:00.000Z,True,False,10,16,L,89,115,-120.022
2025,8,401762843,Northern Illinois,Mid-American,Ohio,Mid-American,Away,2025-10-18T19:30:00.000Z,True,False,21,48,L,37,74,-5.248
2025,9,401762845,Northern Illinois,Mid-American,Ball State,Mid-American,Home,2025-10-25T19:30:00.000Z,True,False,21,7,W,124,131,-169.017
2025,11,401762854,Northern Illinois,Mid-American,Toledo,Mid-American,Away,2025-11-06T00:00:00.000Z,True,False,3,42,L,14,58,27.520
2025,12,401762859,Northern Illinois,Mid-American,Massachusetts,Mid-American,Away,2025-11-13T00:00:00.000Z,True,False,45,3,W,136,136,-277.932
2025,13,401762864,Northern Illinois,Mid-American,Western Michigan,Mid-American,Home,2025-11-19T00:00:00.000Z,True,False,19,35,L,39,82,-24.352
2025,14,401762871,Northern Illinois,Mid-American,Kent State,Mid-American,Home,2025-11-28T17:00:00.000Z,True,False,31,35,L,122,123,-129.809
2025,1,401752803,Northwestern,Big Ten,Tulane,American Athletic,Away,2025-08-30T16:00:00.000Z,True,False,3,23,L,51,56,28.631
2025,1,401778313,Northwestern,Big Ten,Central Michigan,Mid-American,Home,2025-12-26T18:00:00.000Z,True,False,34,7,W,86,100,-84.461
2025,3,401752831,Northwestern,Big Ten,Oregon,Big Ten,Home,2025-09-13T16:00:00.000Z,True,False,14,34,L,6,6,211.120
2025,5,401752851,Northwestern,Big Ten,UCLA,Big Ten,Home,2025-09-27T19:30:00.000Z,True,False,17,14,W,129,79,-21.396
2025,6,401752858,Northwestern,Big Ten,UL Monroe,Sun Belt,Home,2025-10-04T19:30:00.000Z,True,False,42,7,W,132,133,-181.590
2025,7,401752866,Northwestern,Big Ten,Penn State,Big Ten,Away,2025-10-11T19:30:00.000Z,True,False,22,21,W,27,17,125.621
2025,8,401752874,Northwestern,Big Ten,Purdue,Big Ten,Home,2025-10-18T19:00:00.000Z,True,False,19,0,W,126,70,-2.647
2025,9,401752883,Northwestern,Big Ten,Nebraska,Big Ten,Away,2025-10-25T16:00:00.000Z,True,False,21,28,L,69,68,9.693
2025,11,401752896,Northwestern,Big Ten,USC,Big Ten,Away,2025-11-08T02:00:00.000Z,True,False,17,38,L,13,14,147.038
2025,12,401752905,Northwestern,Big Ten,Michigan,Big Ten,Home,2025-11-15T17:00:00.000Z,True,False,22,24,L,33,26,94.160
2025,13,401752909,Northwestern,Big Ten,Minnesota,Big Ten,Home,2025-11-22T17:00:00.000Z,True,False,38,35,W,93,67,11.682
2025,14,401752922,Northwestern,Big Ten,Illinois,Big Ten,Away,2025-11-30T00:30:00.000Z,True,False,13,20,L,63,21,109.664
2025,1,401754522,Notre Dame,FBS Independents,Miami,ACC,Away,2025-08-31T23:30:00.000Z,True,False,24,27,L,9,5,213.591
2025,3,401752707,Notre Dame,FBS Independents,Texas A&M,SEC,Home,2025-09-13T23:30:00.000Z,True,False,40,41,L,23,11,155.815
2025,4,401752848,Notre Dame,FBS Independents,Purdue,Big Ten,Home,2025-09-20T19:30:00.000Z,True,False,56,30,W,126,70,-2.647
2025,5,401752717,Notre Dame,FBS Independents,Arkansas,SEC,Away,2025-09-27T16:00:00.000Z,True,False,56,13,W,81,46,45.867
2025,6,401757165,Notre Dame,FBS Independents,Boise State,Mountain West,Home,2025-10-04T19:30:00.000Z,True,False,28,7,W,50,53,33.161
2025,7,401754562,Notre Dame,FBS Independents,NC State,ACC,Home,2025-10-11T19:30:00.000Z,True,False,36,7,W,70,37,67.057
2025,8,401752871,Notre Dame,FBS Independents,USC,Big Ten,Home,2025-10-18T23:30:00.000Z,True,False,34,24,W,13,14,147.038
2025,10,401754583,Notre Dame,FBS Independents,Boston College,ACC,Away,2025-11-01T19:30:00.000Z,True,False,25,10,W,119,95,-69.225
2025,11,401757166,Notre Dame,FBS Independents,Navy,American Athletic,Home,2025-11-09T00:30:00.000Z,True,False,49,10,W,44,61,24.074
2025,12,401754597,Notre Dame,FBS Independents,Pittsburgh,ACC,Away,2025-11-15T17:00:00.000Z,True,False,37,15,W,38,32,75.751
2025,13,401754604,Notre Dame,FBS Independents,Syracuse,ACC,Home,2025-11-22T20:30:00.000Z,True,False,70,7,W,130,97,-79.579
2025,14,401754614,Notre Dame,FBS Independents,Stanford,ACC,Away,2025-11-30T03:30:00.000Z,True,False,49,20,W,113,84,-35.494
2025,1,401752794,Ohio,Mid-American,Rutgers,Big Ten,Away,2025-08-28T22:00:00.000Z,True,False,31,34,L,111,60,24.567
2025,1,401778311,Ohio,Mid-American,UNLV,Mountain West,Home,2025-12-24T02:00:00.000Z,True,False,17,10,W,30,63,19.931
2025,2,401756883,Ohio,Mid-American,West Virginia,Big 12,Home,2025-09-06T20:00:00.000Z,True,False,17,10,W,120,78,-13.439
2025,3,401752827,Ohio,Mid-American,Ohio State,Big Ten,Away,2025-09-13T23:00:00.000Z,True,False,9,37,L,3,2,269.247
2025,5,401762825,Ohio,Mid-American,Bowling Green,Mid-American,Home,2025-09-27T16:00:00.000Z,True,False,35,20,W,94,124,-130.667
2025,6,401762830,Ohio,Mid-American,Ball State,Mid-American,Away,2025-10-04T16:00:00.000Z,True,False,14,20,L,124,131,-169.017
2025,8,401762843,Ohio,Mid-American,Northern Illinois,Mid-American,Home,2025-10-18T19:30:00.000Z,True,False,48,21,W,106,125,-140.097
2025,9,401762848,Ohio,Mid-American,Eastern Michigan,Mid-American,Away,2025-10-25T16:00:00.000Z,True,False,28,21,W,89,115,-120.022
2025,11,401762852,Ohio,Mid-American,Miami (OH),Mid-American,Home,2025-11-05T00:00:00.000Z,True,False,24,20,W,75,99,-81.842
2025,12,401762857,Ohio,Mid-American,Western Michigan,Mid-American,Away,2025-11-12T01:00:00.000Z,True,False,13,17,L,39,82,-24.352
2025,13,401762863,Ohio,Mid-American,Massachusetts,Mid-American,Home,2025-11-19T00:00:00.000Z,True,False,42,14,W,136,136,-277.932
2025,14,401762870,Ohio,Mid-American,Buffalo,Mid-American,Away,2025-11-28T17:00:00.000Z,True,False,31,26,W,79,121,-127.389
2025,1,401752677,Ohio State,Big Ten,Texas,SEC,Home,2025-08-30T16:00:00.000Z,True,False,14,7,W,19,20,110.722
2025,1,401769070,Ohio State,Big Ten,Miami,ACC,Home,2026-01-01T00:30:00.000Z,True,False,14,24,L,9,5,213.591
2025,3,401752827,Ohio State,Big Ten,Ohio,Mid-American,Home,2025-09-13T23:00:00.000Z,True,False,37,9,W,37,74,-5.248
2025,5,401752852,Ohio State,Big Ten,Washington,Big Ten,Away,2025-09-27T19:30:00.000Z,True,False,24,6,W,17,16,145.025
2025,6,401752859,Ohio State,Big Ten,Minnesota,Big Ten,Home,2025-10-04T23:30:00.000Z,True,False,42,3,W,93,67,11.682
2025,7,401752865,Ohio State,Big Ten,Illinois,Big Ten,Away,2025-10-11T16:00:00.000Z,True,False,34,16,W,63,21,109.664
2025,8,401752877,Ohio State,Big Ten,Wisconsin,Big Ten,Away,2025-10-18T19:30:00.000Z,True,False,34,0,W,109,54,31.936
2025,10,401752889,Ohio State,Big Ten,Penn State,Big Ten,Home,2025-11-01T16:00:00.000Z,True,False,38,14,W,27,17,125.621
2025,11,401752897,Ohio State,Big Ten,Purdue,Big Ten,Away,2025-11-08T18:00:00.000Z,True,False,34,10,W,126,70,-2.647
2025,12,401752900,Ohio State,Big Ten,UCLA,Big Ten,Home,2025-11-16T00:30:00.000Z,True,False,48,10,W,129,79,-21.396
2025,13,401752912,Ohio State,Big Ten,Rutgers,Big Ten,Home,2025-11-22T17:00:00.000Z,True,False,42,9,W,111,60,24.567
2025,14,401752921,Ohio State,Big Ten,Michigan,Big Ten,Away,2025-11-29T17:00:00.000Z,True,False,27,9,W,33,26,94.160
2025,15,401777353,Ohio State,Big Ten,Indiana,Big Ten,Home,2025-12-07T01:00:00.000Z,True,False,10,13,L,1,1,275.437
2025,1,401779840,Oklahoma,SEC,Alabama,SEC,Home,2025-12-20T01:00:00.000Z,True,False,24,34,L,25,15,145.371
2025,2,401752690,Oklahoma,SEC,Michigan,Big Ten,Home,2025-09-06T23:30:00.000Z,True,False,24,13,W,33,26,94.160
2025,3,401752703,Oklahoma,SEC,Temple,American Athletic,Away,2025-09-13T16:00:00.000Z,True,False,42,3,W,98,88,-61.145
2025,4,401752714,Oklahoma,SEC,Auburn,SEC,Home,2025-09-20T19:30:00.000Z,True,False,24,17,W,58,31,76.936
2025,6,401752729,Oklahoma,SEC,Kent State,Mid-American,Home,2025-10-04T20:00:00.000Z,True,False,44,0,W,122,123,-129.809
2025,7,401752736,Oklahoma,SEC,Texas,SEC,Away,2025-10-11T19:30:00.000Z,True,False,6,23,L,19,20,110.722
2025,8,401752744,Oklahoma,SEC,South Carolina,SEC,Away,2025-10-18T16:45:00.000Z,True,False,26,7,W,74,42,55.902
2025,9,401752750,Oklahoma,SEC,Ole Miss,SEC,Home,2025-10-25T16:00:00.000Z,True,False,26,34,L,15,13,152.268
2025,10,401752757,Oklahoma,SEC,Tennessee,SEC,Away,2025-11-01T23:30:00.000Z,True,False,33,27,W,26,24,101.521
2025,12,401752765,Oklahoma,SEC,Alabama,SEC,Away,2025-11-15T20:30:00.000Z,True,False,23,21,W,25,15,145.371
2025,13,401752778,Oklahoma,SEC,Missouri,SEC,Home,2025-11-22T17:00:00.000Z,True,False,17,6,W,31,29,86.725
2025,14,401752789,Oklahoma,SEC,LSU,SEC,Home,2025-11-29T20:30:00.000Z,True,False,17,13,W,68,34,74.156
2025,2,401752824,Oklahoma State,Big 12,Oregon,Big Ten,Away,2025-09-06T19:30:00.000Z,True,False,3,69,L,6,6,211.120
2025,4,401756900,Oklahoma State,Big 12,Tulsa,American Athletic,Home,2025-09-19T23:30:00.000Z,True,False,12,19,L,107,113,-116.608
2025,5,401756907,Oklahoma State,Big 12,Baylor,Big 12,Home,2025-09-27T19:30:00.000Z,True,False,27,45,L,85,57,28.082
2025,6,401756910,Oklahoma State,Big 12,Arizona,Big 12,Away,2025-10-04T19:00:00.000Z,True,False,13,41,L,22,19,116.231
2025,7,401756920,Oklahoma State,Big 12,Houston,Big 12,Home,2025-10-11T16:00:00.000Z,True,False,17,39,L,53,44,54.968
2025,8,401756926,Oklahoma State,Big 12,Cincinnati,Big 12,Home,2025-10-19T00:00:00.000Z,True,False,17,49,L,76,49,42.732
2025,9,401756933,Oklahoma State,Big 12,Texas Tech,Big 12,Away,2025-10-25T20:00:00.000Z,True,False,0,42,L,4,7,200.963
2025,10,401756940,Oklahoma State,Big 12,Kansas,Big 12,Away,2025-11-01T20:00:00.000Z,True,False,21,38,L,78,45,47.271
2025,12,401756952,Oklahoma State,Big 12,Kansas State,Big 12,Home,2025-11-15T17:00:00.000Z,True,False,6,14,L,49,23,102.744
2025,13,401756959,Oklahoma State,Big 12,UCF,Big 12,Away,2025-11-22T21:00:00.000Z,True,False,14,17,L,87,71,-2.940
2025,14,401756966,Oklahoma State,Big 12,Iowa State,Big 12,Home,2025-11-29T17:00:00.000Z,True,False,13,20,L,48,25,97.434
2025,1,401752806,Old Dominion,Sun Belt,Indiana,Big Ten,Away,2025-08-30T18:30:00.000Z,True,False,14,27,L,1,1,275.437
2025,1,401778304,Old Dominion,Sun Belt,South Florida,American Athletic,Away,2025-12-17T22:00:00.000Z,True,False,24,10,W,16,27,88.893
2025,3,401754536,Old Dominion,Sun Belt,Virginia Tech,ACC,Away,2025-09-13T23:00:00.000Z,True,False,45,26,W,123,90,-62.544
2025,5,401757271,Old Dominion,Sun Belt,Liberty,Conference USA,Home,2025-09-27T22:00:00.000Z,True,False,21,7,W,77,108,-103.418
2025,6,401761619,Old Dominion,Sun Belt,Coastal Carolina,Sun Belt,Home,2025-10-04T22:00:00.000Z,True,False,47,7,W,116,105,-96.604
2025,7,401761626,Old Dominion,Sun Belt,Marshall,Sun Belt,Away,2025-10-11T19:30:00.000Z,True,False,24,48,L,73,87,-49.493
2025,8,401761631,Old Dominion,Sun Belt,James Madison,Sun Belt,Away,2025-10-18T19:30:00.000Z,True,False,27,63,L,7,33,74.611
2025,9,401761635,Old Dominion,Sun Belt,App State,Sun Belt,Home,2025-10-25T16:00:00.000Z,True,False,24,21,W,97,110,-106.953
2025,10,401761641,Old Dominion,Sun Belt,UL Monroe,Sun Belt,Away,2025-11-01T19:30:00.000Z,True,False,31,6,W,132,133,-181.590
2025,12,401761649,Old Dominion,Sun Belt,Troy,Sun Belt,Home,2025-11-14T00:30:00.000Z,True,False,33,0,W,72,91,-65.999
2025,13,401761657,Old Dominion,Sun Belt,Georgia Southern,Sun Belt,Away,2025-11-22T18:00:00.000Z,True,False,45,10,W,108,107,-99.138
2025,14,401761664,Old Dominion,Sun Belt,Georgia State,Sun Belt,Home,2025-11-29T19:00:00.000Z,True,False,27,10,W,133,128,-153.422
2025,1,401752672,Ole Miss,SEC,Georgia State,Sun Belt,Home,2025-08-30T23:45:00.000Z,True,False,63,7,W,133,128,-153.422
2025,1,401779842,Ole Miss,SEC,Tulane,American Athletic,Home,2025-12-20T20:30:00.000Z,True,False,41,10,W,51,56,28.631
2025,1,401769073,Ole Miss,SEC,Georgia,SEC,Away,2026-01-02T01:00:00.000Z,True,False,39,34,W,12,8,169.392
2025,1,401769075,Ole Miss,SEC,Miami,ACC,Home,2026-01-09T00:30:00.000Z,True,False,27,31,L,9,5,213.591
2025,2,401752686,Ole Miss,SEC,Kentucky,SEC,Away,2025-09-06T19:30:00.000Z,True,False,30,23,W,103,69,8.219
2025,3,401752700,Ole Miss,SEC,Arkansas,SEC,Home,2025-09-13T23:00:00.000Z,True,False,41,35,W,81,46,45.867
2025,4,401752711,Ole Miss,SEC,Tulane,American Athletic,Home,2025-09-20T19:30:00.000Z,True,False,45,10,W,51,56,28.631
2025,5,401752719,Ole Miss,SEC,LSU,SEC,Home,2025-09-27T19:30:00.000Z,True,False,24,19,W,68,34,74.156
2025,7,401752733,Ole Miss,SEC,Washington State,Pac-12,Home,2025-10-11T16:45:00.000Z,True,False,24,21,W,61,47,45.495
2025,8,401752742,Ole Miss,SEC,Georgia,SEC,Away,2025-10-18T19:30:00.000Z,True,False,35,43,L,12,8,169.392
2025,9,401752750,Ole Miss,SEC,Oklahoma,SEC,Away,2025-10-25T16:00:00.000Z,True,False,34,26,W,29,18,122.194
2025,10,401752756,Ole Miss,SEC,South Carolina,SEC,Home,2025-11-01T23:00:00.000Z,True,False,30,14,W,74,42,55.902
2025,12,401752769,Ole Miss,SEC,Florida,SEC,Home,2025-11-16T00:00:00.000Z,True,False,34,24,W,104,50,41.179
2025,14,401752788,Ole Miss,SEC,Mississippi State,SEC,Away,2025-11-28T17:00:00.000Z,True,False,38,19,W,91,62,20.774
2025,1,401779843,Oregon,Big Ten,James Madison,Sun Belt,Home,2025-12-21T00:30:00.000Z,True,False,51,34,W,7,33,74.611
2025,1,401769071,Oregon,Big Ten,Texas Tech,Big 12,Away,2026-01-01T17:00:00.000Z,True,False,23,0,W,4,7,200.963
2025,1,401769074,Oregon,Big Ten,Indiana,Big Ten,Away,2026-01-10T00:30:00.000Z,True,False,22,56,L,1,1,275.437
2025,2,401752824,Oregon,Big Ten,Oklahoma State,Big 12,Home,2025-09-06T19:30:00.000Z,True,False,69,3,W,134,102,-87.692
2025,3,401752831,Oregon,Big Ten,Northwestern,Big Ten,Away,2025-09-13T16:00:00.000Z,True,False,34,14,W,62,48,44.725
2025,4,401752841,Oregon,Big Ten,Oregon State,Pac-12,Home,2025-09-20T19:00:00.000Z,True,False,41,7,W,125,122,-128.472
2025,5,401752854,Oregon,Big Ten,Penn State,Big Ten,Away,2025-09-27T23:30:00.000Z,True,False,30,24,W,27,17,125.621
2025,7,401752870,Oregon,Big Ten,Indiana,Big Ten,Home,2025-10-11T19:30:00.000Z,True,False,20,30,L,1,1,275.437
2025,8,401752876,Oregon,Big Ten,Rutgers,Big Ten,Away,2025-10-18T22:30:00.000Z,True,False,56,10,W,111,60,24.567
2025,9,401752886,Oregon,Big Ten,Wisconsin,Big Ten,Home,2025-10-25T23:00:00.000Z,True,False,21,7,W,109,54,31.936
2025,11,401752898,Oregon,Big Ten,Iowa,Big Ten,Away,2025-11-08T20:30:00.000Z,True,False,18,16,W,11,10,160.641
2025,12,401752904,Oregon,Big Ten,Minnesota,Big Ten,Home,2025-11-15T02:00:00.000Z,True,False,42,13,W,93,67,11.682
2025,13,401752911,Oregon,Big Ten,USC,Big Ten,Home,2025-11-22T20:30:00.000Z,True,False,42,27,W,13,14,147.038
2025,14,401752917,Oregon,Big Ten,Washington,Big Ten,Away,2025-11-29T20:30:00.000Z,True,False,26,14,W,17,16,145.025
2025,1,401752936,Oregon State,Pac-12,California,ACC,Home,2025-08-31T02:30:00.000Z,True,False,15,34,L,90,85,-38.538
2025,2,401752937,Oregon State,Pac-12,Fresno State,Mountain West,Home,2025-09-06T19:30:00.000Z,True,False,27,36,L,60,83,-34.721
2025,3,401752938,Oregon State,Pac-12,Texas Tech,Big 12,Away,2025-09-13T19:30:00.000Z,True,False,14,45,L,4,7,200.963
2025,4,401752841,Oregon State,Pac-12,Oregon,Big Ten,Away,2025-09-20T19:00:00.000Z,True,False,7,41,L,6,6,211.120
2025,5,401752939,Oregon State,Pac-12,Houston,Big 12,Home,2025-09-27T02:30:00.000Z,True,False,24,27,L,53,44,54.968
2025,6,401752940,Oregon State,Pac-12,App State,Sun Belt,Away,2025-10-04T19:30:00.000Z,True,False,23,27,L,97,110,-106.953
2025,7,401754563,Oregon State,Pac-12,Wake Forest,ACC,Home,2025-10-11T19:30:00.000Z,True,False,14,39,L,54,55,29.957
2025,10,401752943,Oregon State,Pac-12,Washington State,Pac-12,Home,2025-11-01T23:30:00.000Z,True,False,10,7,W,61,47,45.495
2025,11,401752944,Oregon State,Pac-12,Sam Houston,Conference USA,Home,2025-11-09T03:00:00.000Z,True,False,17,21,L,131,135,-222.852
2025,12,401752945,Oregon State,Pac-12,Tulsa,American Athletic,Away,2025-11-15T18:00:00.000Z,True,False,14,31,L,107,113,-116.608
2025,14,401752946,Oregon State,Pac-12,Washington State,Pac-12,Away,2025-11-29T23:30:00.000Z,True,False,8,32,L,61,47,45.495
2025,1,401752807,Penn State,Big Ten,Nevada,Mountain West,Home,2025-08-30T19:30:00.000Z,True,False,46,11,W,115,117,-121.167
2025,1,401778317,Penn State,Big Ten,Clemson,ACC,Away,2025-12-27T17:00:00.000Z,True,False,22,10,W,43,39,65.188
2025,2,401752811,Penn State,Big Ten,Florida International,Conference USA,Home,2025-09-06T16:00:00.000Z,True,False,34,0,W,80,109,-106.086
2025,5,401752854,Penn State,Big Ten,Oregon,Big Ten,Home,2025-09-27T23:30:00.000Z,True,False,24,30,L,6,6,211.120
2025,6,401752855,Penn State,Big Ten,UCLA,Big Ten,Away,2025-10-04T19:30:00.000Z,True,False,37,42,L,129,79,-21.396
2025,7,401752866,Penn State,Big Ten,Northwestern,Big Ten,Home,2025-10-11T19:30:00.000Z,True,False,21,22,L,62,48,44.725
2025,8,401752875,Penn State,Big Ten,Iowa,Big Ten,Away,2025-10-18T23:00:00.000Z,True,False,24,25,L,11,10,160.641
2025,10,401752889,Penn State,Big Ten,Ohio State,Big Ten,Away,2025-11-01T16:00:00.000Z,True,False,14,38,L,3,2,269.247
2025,11,401752893,Penn State,Big Ten,Indiana,Big Ten,Home,2025-11-08T17:00:00.000Z,True,False,24,27,L,1,1,275.437
2025,12,401752903,Penn State,Big Ten,Michigan State,Big Ten,Away,2025-11-15T20:30:00.000Z,True,False,28,10,W,102,77,-9.134
2025,13,401752908,Penn State,Big Ten,Nebraska,Big Ten,Home,2025-11-23T00:00:00.000Z,True,False,37,10,W,69,68,9.693
2025,14,401752920,Penn State,Big Ten,Rutgers,Big Ten,Away,2025-11-29T20:30:00.000Z,True,False,40,36,W,111,60,24.567
2025,1,401778316,Pittsburgh,ACC,East Carolina,American Athletic,Away,2025-12-27T16:00:00.000Z,True,False,17,23,L,32,59,27.505
2025,2,401754529,Pittsburgh,ACC,Central Michigan,Mid-American,Home,2025-09-06T16:00:00.000Z,True,False,45,17,W,86,100,-84.461
2025,3,401754638,Pittsburgh,ACC,West Virginia,Big 12,Away,2025-09-13T19:30:00.000Z,True,False,24,31,L,120,78,-13.439
2025,5,401754547,Pittsburgh,ACC,Louisville,ACC,Home,2025-09-27T16:00:00.000Z,True,False,27,34,L,41,38,66.721
2025,6,401754550,Pittsburgh,ACC,Boston College,ACC,Home,2025-10-04T16:00:00.000Z,True,False,48,7,W,119,95,-69.225
2025,7,401754559,Pittsburgh,ACC,Florida State,ACC,Away,2025-10-11T16:00:00.000Z,True,False,34,31,W,36,36,68.221
2025,8,401754568,Pittsburgh,ACC,Syracuse,ACC,Away,2025-10-18T23:30:00.000Z,True,False,30,13,W,130,97,-79.579
2025,9,401754574,Pittsburgh,ACC,NC State,ACC,Home,2025-10-25T19:30:00.000Z,True,False,53,34,W,70,37,67.057
2025,10,401754582,Pittsburgh,ACC,Stanford,ACC,Away,2025-11-01T19:30:00.000Z,True,False,35,20,W,113,84,-35.494
2025,12,401754597,Pittsburgh,ACC,Notre Dame,FBS Independents,Home,2025-11-15T17:00:00.000Z,True,False,15,37,L,2,3,219.759
2025,13,401754601,Pittsburgh,ACC,Georgia Tech,ACC,Away,2025-11-23T00:00:00.000Z,True,False,42,28,W,56,41,59.383
2025,14,401754611,Pittsburgh,ACC,Miami,ACC,Home,2025-11-29T17:00:00.000Z,True,False,7,38,L,9,5,213.591
2025,1,401752801,Purdue,Big Ten,Ball State,Mid-American,Home,2025-08-30T16:00:00.000Z,True,False,31,0,W,124,131,-169.017
2025,3,401752832,Purdue,Big Ten,USC,Big Ten,Home,2025-09-13T19:30:00.000Z,True,False,17,33,L,13,14,147.038
2025,4,401752848,Purdue,Big Ten,Notre Dame,FBS Independents,Away,2025-09-20T19:30:00.000Z,True,False,30,56,L,2,3,219.759
2025,6,401752861,Purdue,Big Ten,Illinois,Big Ten,Home,2025-10-04T16:00:00.000Z,True,False,27,43,L,63,21,109.664
2025,7,401752864,Purdue,Big Ten,Minnesota,Big Ten,Away,2025-10-11T23:30:00.000Z,True,False,20,27,L,93,67,11.682
2025,8,401752874,Purdue,Big Ten,Northwestern,Big Ten,Away,2025-10-18T19:00:00.000Z,True,False,0,19,L,62,48,44.725
2025,9,401752884,Purdue,Big Ten,Rutgers,Big Ten,Home,2025-10-25T16:00:00.000Z,True,False,24,27,L,111,60,24.567
2025,10,401752890,Purdue,Big Ten,Michigan,Big Ten,Away,2025-11-01T23:00:00.000Z,True,False,16,21,L,33,26,94.160
2025,11,401752897,Purdue,Big Ten,Ohio State,Big Ten,Home,2025-11-08T18:00:00.000Z,True,False,10,34,L,3,2,269.247
2025,12,401752902,Purdue,Big Ten,Washington,Big Ten,Away,2025-11-16T00:00:00.000Z,True,False,13,49,L,17,16,145.025
2025,14,401752924,Purdue,Big Ten,Indiana,Big Ten,Home,2025-11-29T00:30:00.000Z,True,False,3,56,L,1,1,275.437
2025,1,401761592,Rice,American Athletic,Louisiana,Sun Belt,Away,2025-08-31T00:00:00.000Z,True,False,14,12,W,95,114,-116.979
2025,1,401778332,Rice,American Athletic,Texas State,Sun Belt,Away,2026-01-02T18:00:00.000Z,True,False,10,41,L,35,76,-8.668
2025,2,401756884,Rice,American Athletic,Houston,Big 12,Home,2025-09-06T23:00:00.000Z,True,False,9,35,L,53,44,54.968
2025,4,401762468,Rice,American Athletic,Charlotte,American Athletic,Away,2025-09-18T23:30:00.000Z,True,False,28,17,W,135,134,-203.932
2025,5,401762473,Rice,American Athletic,Navy,American Athletic,Away,2025-09-27T19:30:00.000Z,True,False,13,21,L,44,61,24.074
2025,6,401762477,Rice,American Athletic,Florida Atlantic,American Athletic,Home,2025-10-04T23:00:00.000Z,True,False,21,27,L,117,111,-108.696
2025,7,401762485,Rice,American Athletic,UTSA,American Athletic,Away,2025-10-11T23:30:00.000Z,True,False,13,61,L,45,73,-3.929
2025,9,401757172,Rice,American Athletic,UConn,FBS Independents,Home,2025-10-25T19:00:00.000Z,True,False,37,34,W,42,92,-67.291
2025,10,401762497,Rice,American Athletic,Memphis,American Athletic,Home,2025-10-31T23:00:00.000Z,True,False,14,38,L,34,65,16.465
2025,11,401762502,Rice,American Athletic,UAB,American Athletic,Home,2025-11-08T19:00:00.000Z,True,False,24,17,W,127,130,-161.808
2025,13,401762514,Rice,American Athletic,North Texas,American Athletic,Home,2025-11-23T00:30:00.000Z,True,False,24,56,L,8,35,68.510
2025,14,401762520,Rice,American Athletic,South Florida,American Athletic,Away,2025-11-30T00:00:00.000Z,True,False,3,52,L,16,27,88.893
2025,1,401752794,Rutgers,Big Ten,Ohio,Mid-American,Home,2025-08-28T22:00:00.000Z,True,False,34,31,W,37,74,-5.248
2025,2,401752818,Rutgers,Big Ten,Miami (OH),Mid-American,Home,2025-09-06T19:30:00.000Z,True,False,45,17,W,75,99,-81.842
2025,4,401752844,Rutgers,Big Ten,Iowa,Big Ten,Home,2025-09-20T00:00:00.000Z,True,False,28,38,L,11,10,160.641
2025,5,401752849,Rutgers,Big Ten,Minnesota,Big Ten,Away,2025-09-27T16:00:00.000Z,True,False,28,31,L,93,67,11.682
2025,7,401752862,Rutgers,Big Ten,Washington,Big Ten,Away,2025-10-11T01:00:00.000Z,True,False,19,38,L,17,16,145.025
2025,8,401752876,Rutgers,Big Ten,Oregon,Big Ten,Home,2025-10-18T22:30:00.000Z,True,False,10,56,L,6,6,211.120
2025,9,401752884,Rutgers,Big Ten,Purdue,Big Ten,Away,2025-10-25T16:00:00.000Z,True,False,27,24,W,126,70,-2.647
2025,10,401752891,Rutgers,Big Ten,Illinois,Big Ten,Away,2025-11-01T16:00:00.000Z,True,False,13,35,L,63,21,109.664
2025,11,401752894,Rutgers,Big Ten,Maryland,Big Ten,Home,2025-11-08T19:30:00.000Z,True,False,35,20,W,88,75,-8.632
2025,13,401752912,Rutgers,Big Ten,Ohio State,Big Ten,Away,2025-11-22T17:00:00.000Z,True,False,9,42,L,3,2,269.247
2025,14,401752920,Rutgers,Big Ten,Penn State,Big Ten,Home,2025-11-29T20:30:00.000Z,True,False,36,40,L,27,17,125.621
2025,1,401831583,SMU,ACC,Arizona,Big 12,Home,2026-01-03T01:00:00.000Z,True,False,24,19,W,22,19,116.231
2025,2,401754525,SMU,ACC,Baylor,Big 12,Home,2025-09-06T16:00:00.000Z,True,False,45,48,L,85,57,28.082
2025,3,401754615,SMU,ACC,Missouri State,Conference USA,Away,2025-09-13T19:30:00.000Z,True,False,28,10,W,92,98,-81.327
2025,4,401754636,SMU,ACC,TCU,Big 12,Away,2025-09-20T16:00:00.000Z,True,False,24,35,L,52,28,88.219
2025,6,401754555,SMU,ACC,Syracuse,ACC,Home,2025-10-04T19:30:00.000Z,True,False,31,18,W,130,97,-79.579
2025,7,401754561,SMU,ACC,Stanford,ACC,Home,2025-10-11T16:00:00.000Z,True,False,34,10,W,113,84,-35.494
2025,8,401754565,SMU,ACC,Clemson,ACC,Away,2025-10-18T19:30:00.000Z,True,False,35,24,W,43,39,65.188
2025,9,401752942,SMU,ACC,Wake Forest,ACC,Away,2025-10-25T16:00:00.000Z,True,False,12,13,L,54,55,29.957
2025,10,401754581,SMU,ACC,Miami,ACC,Home,2025-11-01T16:00:00.000Z,True,False,26,20,W,9,5,213.591
2025,11,401754584,SMU,ACC,Boston College,ACC,Away,2025-11-08T17:00:00.000Z,True,False,45,13,W,119,95,-69.225
2025,13,401754602,SMU,ACC,Louisville,ACC,Home,2025-11-22T17:00:00.000Z,True,False,38,6,W,41,38,66.721
2025,14,401754609,SMU,ACC,California,ACC,Away,2025-11-30T01:00:00.000Z,True,False,35,38,L,90,85,-38.538
2025,1,401757218,Sam Houston,Conference USA,Western Kentucky,Conference USA,Away,2025-08-23T23:00:00.000Z,True,False,24,41,L,59,94,-68.048
2025,1,401757224,Sam Houston,Conference USA,UNLV,Mountain West,Home,2025-08-30T01:30:00.000Z,True,False,21,38,L,30,63,19.931
2025,2,401757230,Sam Houston,Conference USA,Hawai'i,Mountain West,Away,2025-09-07T03:59:00.000Z,True,False,20,37,L,55,81,-23.761
2025,4,401752723,Sam Houston,Conference USA,Texas,SEC,Away,2025-09-21T00:00:00.000Z,True,False,0,55,L,19,20,110.722
2025,6,401757275,Sam Houston,Conference USA,New Mexico State,Conference USA,Away,2025-10-03T01:00:00.000Z,True,False,10,37,L,101,116,-120.379
2025,7,401757279,Sam Houston,Conference USA,Jacksonville State,Conference USA,Home,2025-10-10T00:00:00.000Z,True,False,27,29,L,66,104,-95.381
2025,8,401757284,Sam Houston,Conference USA,UTEP,Conference USA,Home,2025-10-15T23:00:00.000Z,True,False,17,35,L,114,132,-172.921
2025,10,401757290,Sam Houston,Conference USA,Louisiana Tech,Conference USA,Away,2025-11-01T00:00:00.000Z,True,False,14,55,L,40,89,-61.672
2025,11,401752944,Sam Houston,Conference USA,Oregon State,Pac-12,Away,2025-11-09T03:00:00.000Z,True,False,21,17,W,125,122,-128.472
2025,12,401757300,Sam Houston,Conference USA,Delaware,Conference USA,Home,2025-11-16T00:00:00.000Z,True,False,26,23,W,83,119,-121.785
2025,13,401757308,Sam Houston,Conference USA,Middle Tennessee,Conference USA,Away,2025-11-22T20:00:00.000Z,True,False,17,31,L,96,127,-147.323
2025,14,401757311,Sam Houston,Conference USA,Florida International,Conference USA,Home,2025-11-29T18:00:00.000Z,True,False,16,56,L,80,109,-106.086
2025,1,401778321,San Diego State,Mountain West,North Texas,American Athletic,Home,2025-12-27T22:45:00.000Z,True,False,47,49,L,8,35,68.510
2025,2,401752948,San Diego State,Mountain West,Washington State,Pac-12,Away,2025-09-07T02:15:00.000Z,True,False,13,36,L,61,47,45.495
2025,4,401754540,San Diego State,Mountain West,California,ACC,Home,2025-09-21T02:30:00.000Z,True,False,34,0,W,90,85,-38.538
2025,5,401760380,San Diego State,Mountain West,Northern Illinois,Mid-American,Away,2025-09-27T19:30:00.000Z,True,False,6,3,W,106,125,-140.097
2025,6,401760382,San Diego State,Mountain West,Colorado State,Mountain West,Home,2025-10-04T02:30:00.000Z,True,False,45,24,W,118,112,-112.280
2025,7,401760390,San Diego State,Mountain West,Nevada,Mountain West,Away,2025-10-12T02:30:00.000Z,True,False,44,10,W,115,117,-121.167
2025,9,401760399,San Diego State,Mountain West,Fresno State,Mountain West,Away,2025-10-25T19:30:00.000Z,True,False,23,0,W,60,83,-34.721
2025,10,401760405,San Diego State,Mountain West,Wyoming,Mountain West,Home,2025-11-01T23:00:00.000Z,True,False,24,7,W,100,106,-97.082
2025,11,401760408,San Diego State,Mountain West,Hawai'i,Mountain West,Away,2025-11-09T04:00:00.000Z,True,False,6,38,L,55,81,-23.761
2025,12,401760410,San Diego State,Mountain West,Boise State,Mountain West,Home,2025-11-16T03:30:00.000Z,True,False,17,7,W,50,53,33.161
2025,13,401760420,San Diego State,Mountain West,San José State,Mountain West,Home,2025-11-23T03:30:00.000Z,True,False,25,3,W,121,118,-121.411
2025,14,401760426,San Diego State,Mountain West,New Mexico,Mountain West,Away,2025-11-28T20:30:00.000Z,True,False,17,23,L,47,66,12.799
2025,1,401760358,San José State,Mountain West,Central Michigan,Mid-American,Home,2025-08-30T02:30:00.000Z,True,False,14,16,L,86,100,-84.461
2025,2,401752693,San José State,Mountain West,Texas,SEC,Away,2025-09-06T16:00:00.000Z,True,False,7,38,L,19,20,110.722
2025,5,401754549,San José State,Mountain West,Stanford,ACC,Away,2025-09-27T23:30:00.000Z,True,False,29,30,L,113,84,-35.494
2025,6,401760384,San José State,Mountain West,New Mexico,Mountain West,Home,2025-10-04T02:00:00.000Z,True,False,35,28,W,47,66,12.799
2025,7,401760391,San José State,Mountain West,Wyoming,Mountain West,Away,2025-10-11T23:00:00.000Z,True,False,28,35,L,100,106,-97.082
2025,8,401760396,San José State,Mountain West,Utah State,Mountain West,Away,2025-10-18T01:00:00.000Z,True,False,25,30,L,71,80,-22.916
2025,10,401760403,San José State,Mountain West,Hawai'i,Mountain West,Home,2025-11-02T02:30:00.000Z,True,False,45,38,W,55,81,-23.761
2025,11,401760406,San José State,Mountain West,Air Force,Mountain West,Home,2025-11-08T23:00:00.000Z,True,False,16,26,L,84,93,-67.396
2025,12,401760413,San José State,Mountain West,Nevada,Mountain West,Away,2025-11-15T20:30:00.000Z,True,False,10,55,L,115,117,-121.167
2025,13,401760420,San José State,Mountain West,San Diego State,Mountain West,Away,2025-11-23T03:30:00.000Z,True,False,3,25,L,28,52,38.032
2025,14,401760423,San José State,Mountain West,Fresno State,Mountain West,Home,2025-11-30T03:30:00.000Z,True,False,14,41,L,60,83,-34.721
2025,2,401761601,South Alabama,Sun Belt,Tulane,American Athletic,Home,2025-09-06T23:00:00.000Z,True,False,31,33,L,51,56,28.631
2025,3,401752697,South Alabama,Sun Belt,Auburn,SEC,Away,2025-09-13T16:45:00.000Z,True,False,15,31,L,58,31,76.936
2025,4,401761611,South Alabama,Sun Belt,Coastal Carolina,Sun Belt,Home,2025-09-20T23:00:00.000Z,True,False,20,38,L,116,105,-96.604
2025,5,401761617,South Alabama,Sun Belt,North Texas,American Athletic,Away,2025-09-27T16:00:00.000Z,True,False,22,36,L,8,35,68.510
2025,6,401761621,South Alabama,Sun Belt,Troy,Sun Belt,Away,2025-10-04T23:00:00.000Z,True,False,24,31,L,72,91,-65.999
2025,8,401761628,South Alabama,Sun Belt,Arkansas State,Sun Belt,Home,2025-10-14T23:30:00.000Z,True,False,14,15,L,82,103,-87.707
2025,9,401761634,South Alabama,Sun Belt,Georgia State,Sun Belt,Away,2025-10-23T23:30:00.000Z,True,False,38,31,W,133,128,-153.422
2025,10,401761642,South Alabama,Sun Belt,Louisiana,Sun Belt,Home,2025-11-01T19:30:00.000Z,True,False,22,31,L,95,114,-116.979
2025,12,401761653,South Alabama,Sun Belt,UL Monroe,Sun Belt,Away,2025-11-15T20:30:00.000Z,True,False,26,14,W,132,133,-181.590
2025,13,401761658,South Alabama,Sun Belt,Southern Miss,Sun Belt,Home,2025-11-22T20:30:00.000Z,True,False,42,35,W,65,96,-78.786
2025,14,401761667,South Alabama,Sun Belt,Texas State,Sun Belt,Away,2025-11-29T20:00:00.000Z,True,False,26,49,L,35,76,-8.668
2025,1,401752680,South Carolina,SEC,Virginia Tech,ACC,Home,2025-08-31T19:00:00.000Z,True,False,24,11,W,123,90,-62.544
2025,3,401752704,South Carolina,SEC,Vanderbilt,SEC,Home,2025-09-13T23:45:00.000Z,True,False,7,31,L,10,12,152.909
2025,4,401752713,South Carolina,SEC,Missouri,SEC,Away,2025-09-20T23:00:00.000Z,True,False,20,29,L,31,29,86.725
2025,5,401752722,South Carolina,SEC,Kentucky,SEC,Home,2025-09-27T23:45:00.000Z,True,False,35,13,W,103,69,8.219
2025,7,401752732,South Carolina,SEC,LSU,SEC,Away,2025-10-11T23:45:00.000Z,True,False,10,20,L,68,34,74.156
2025,8,401752744,South Carolina,SEC,Oklahoma,SEC,Home,2025-10-18T16:45:00.000Z,True,False,7,26,L,29,18,122.194
2025,9,401752751,South Carolina,SEC,Alabama,SEC,Home,2025-10-25T19:30:00.000Z,True,False,22,29,L,25,15,145.371
2025,10,401752756,South Carolina,SEC,Ole Miss,SEC,Away,2025-11-01T23:00:00.000Z,True,False,14,30,L,15,13,152.268
2025,12,401752772,South Carolina,SEC,Texas A&M,SEC,Away,2025-11-15T17:00:00.000Z,True,False,30,31,L,23,11,155.815
2025,13,401752779,South Carolina,SEC,Coastal Carolina,Sun Belt,Home,2025-11-22T21:15:00.000Z,True,False,51,7,W,116,105,-96.604
2025,14,401752790,South Carolina,SEC,Clemson,ACC,Home,2025-11-29T17:00:00.000Z,True,False,14,28,L,43,39,65.188
2025,1,401762522,South Florida,American Athletic,Boise State,Mountain West,Home,2025-08-28T21:30:00.000Z,True,False,34,7,W,50,53,33.161
2025,1,401778304,South Florida,American Athletic,Old Dominion,Sun Belt,Home,2025-12-17T22:00:00.000Z,True,False,10,24,L,18,51,39.319
2025,2,401752684,South Florida,American Athletic,Florida,SEC,Away,2025-09-06T20:15:00.000Z,True,False,18,16,W,104,50,41.179
2025,3,401754535,South Florida,American Athletic,Miami,ACC,Away,2025-09-13T20:30:00.000Z,True,False,12,49,L,9,5,213.591
2025,6,401762475,South Florida,American Athletic,Charlotte,American Athletic,Home,2025-10-03T23:00:00.000Z,True,False,54,26,W,135,134,-203.932
2025,7,401762481,South Florida,American Athletic,North Texas,American Athletic,Away,2025-10-10T23:30:00.000Z,True,False,63,36,W,8,35,68.510
2025,8,401762490,South Florida,American Athletic,Florida Atlantic,American Athletic,Home,2025-10-18T23:30:00.000Z,True,False,48,13,W,117,111,-108.696
2025,9,401762494,South Florida,American Athletic,Memphis,American Athletic,Away,2025-10-25T16:00:00.000Z,True,False,31,34,L,34,65,16.465
2025,11,401762500,South Florida,American Athletic,UTSA,American Athletic,Home,2025-11-07T00:30:00.000Z,True,False,55,23,W,45,73,-3.929
2025,12,401762510,South Florida,American Athletic,Navy,American Athletic,Away,2025-11-15T17:00:00.000Z,True,False,38,41,L,44,61,24.074
2025,13,401762511,South Florida,American Athletic,UAB,American Athletic,Away,2025-11-22T20:00:00.000Z,True,False,48,18,W,127,130,-161.808
2025,14,401762520,South Florida,American Athletic,Rice,American Athletic,Home,2025-11-30T00:00:00.000Z,True,False,52,3,W,128,126,-142.718
2025,1,401752673,Southern Miss,Sun Belt,Mississippi State,SEC,Home,2025-08-30T16:00:00.000Z,True,False,17,34,L,91,62,20.774
2025,1,401778310,Southern Miss,Sun Belt,Western Kentucky,Conference USA,Home,2025-12-23T22:30:00.000Z,True,False,16,27,L,59,94,-68.048
2025,3,401761607,Southern Miss,Sun Belt,App State,Sun Belt,Home,2025-09-13T23:00:00.000Z,True,False,38,22,W,97,110,-106.953
2025,4,401757263,Southern Miss,Sun Belt,Louisiana Tech,Conference USA,Away,2025-09-20T23:30:00.000Z,True,False,20,30,L,40,89,-61.672
2025,5,401757269,Southern Miss,Sun Belt,Jacksonville State,Conference USA,Home,2025-09-27T23:00:00.000Z,True,False,42,25,W,66,104,-95.381
2025,7,401761622,Southern Miss,Sun Belt,Georgia Southern,Sun Belt,Away,2025-10-10T00:00:00.000Z,True,False,38,35,W,108,107,-99.138
2025,8,401761668,Southern Miss,Sun Belt,Louisiana,Sun Belt,Away,2025-10-18T21:00:00.000Z,True,False,22,10,W,95,114,-116.979
2025,9,401761637,Southern Miss,Sun Belt,UL Monroe,Sun Belt,Home,2025-10-25T19:30:00.000Z,True,False,49,21,W,132,133,-181.590
2025,11,401761647,Southern Miss,Sun Belt,Arkansas State,Sun Belt,Away,2025-11-08T17:00:00.000Z,True,False,27,21,W,82,103,-87.707
2025,12,401761654,Southern Miss,Sun Belt,Texas State,Sun Belt,Home,2025-11-15T20:30:00.000Z,True,False,14,41,L,35,76,-8.668
2025,13,401761658,Southern Miss,Sun Belt,South Alabama,Sun Belt,Away,2025-11-22T20:30:00.000Z,True,False,35,42,L,99,120,-122.179
2025,14,401761666,Southern Miss,Sun Belt,Troy,Sun Belt,Home,2025-11-29T20:30:00.000Z,True,False,18,28,L,72,91,-65.999
2025,1,401754516,Stanford,ACC,Hawai'i,Mountain West,Away,2025-08-23T23:30:00.000Z,True,False,20,23,L,55,81,-23.761
2025,2,401754526,Stanford,ACC,BYU,Big 12,Away,2025-09-07T02:15:00.000Z,True,False,3,27,L,24,9,164.581
2025,3,401754533,Stanford,ACC,Boston College,ACC,Home,2025-09-14T02:30:00.000Z,True,False,30,20,W,119,95,-69.225
2025,4,401754539,Stanford,ACC,Virginia,ACC,Away,2025-09-20T23:30:00.000Z,True,False,20,48,L,20,30,84.624
2025,5,401754549,Stanford,ACC,San José State,Mountain West,Home,2025-09-27T23:30:00.000Z,True,False,30,29,W,121,118,-121.411
2025,7,401754561,Stanford,ACC,SMU,ACC,Away,2025-10-11T16:00:00.000Z,True,False,10,34,L,21,22,104.483
2025,8,401754567,Stanford,ACC,Florida State,ACC,Home,2025-10-19T02:30:00.000Z,True,False,20,13,W,36,36,68.221
2025,9,401754572,Stanford,ACC,Miami,ACC,Away,2025-10-25T23:00:00.000Z,True,False,7,42,L,9,5,213.591
2025,10,401754582,Stanford,ACC,Pittsburgh,ACC,Home,2025-11-01T19:30:00.000Z,True,False,20,35,L,38,32,75.751
2025,11,401754588,Stanford,ACC,North Carolina,ACC,Away,2025-11-08T21:30:00.000Z,True,False,15,20,L,112,101,-85.220
2025,13,401754599,Stanford,ACC,California,ACC,Home,2025-11-23T00:30:00.000Z,True,False,31,10,W,90,85,-38.538
2025,14,401754614,Stanford,ACC,Notre Dame,FBS Independents,Home,2025-11-30T03:30:00.000Z,True,False,20,49,L,2,3,219.759
2025,1,401752676,Syracuse,ACC,Tennessee,SEC,Away,2025-08-30T16:00:00.000Z,True,False,26,45,L,26,24,101.521
2025,2,401754618,Syracuse,ACC,UConn,FBS Independents,Home,2025-09-06T16:00:00.000Z,True,False,27,20,W,42,92,-67.291
2025,4,401754537,Syracuse,ACC,Clemson,ACC,Away,2025-09-20T16:00:00.000Z,True,False,34,21,W,43,39,65.188
2025,5,401754545,Syracuse,ACC,Duke,ACC,Home,2025-09-27T16:00:00.000Z,True,False,3,38,L,46,43,55.119
2025,6,401754555,Syracuse,ACC,SMU,ACC,Away,2025-10-04T19:30:00.000Z,True,False,18,31,L,21,22,104.483
2025,8,401754568,Syracuse,ACC,Pittsburgh,ACC,Home,2025-10-18T23:30:00.000Z,True,False,13,30,L,38,32,75.751
2025,9,401754571,Syracuse,ACC,Georgia Tech,ACC,Away,2025-10-25T16:00:00.000Z,True,False,16,41,L,56,41,59.383
2025,10,401754575,Syracuse,ACC,North Carolina,ACC,Home,2025-10-31T23:30:00.000Z,True,False,10,27,L,112,101,-85.220
2025,11,401754587,Syracuse,ACC,Miami,ACC,Away,2025-11-08T20:30:00.000Z,True,False,10,38,L,9,5,213.591
2025,13,401754604,Syracuse,ACC,Notre Dame,FBS Independents,Away,2025-11-22T20:30:00.000Z,True,False,7,70,L,2,3,219.759
2025,14,401754608,Syracuse,ACC,Boston College,ACC,Home,2025-11-29T20:00:00.000Z,True,False,12,34,L,119,95,-69.225
2025,1,401754523,TCU,Big 12,North Carolina,ACC,Away,2025-09-02T00:00:00.000Z,True,False,48,14,W,112,101,-85.220
2025,1,401778327,TCU,Big 12,USC,Big Ten,Home,2025-12-31T02:00:00.000Z,True,False,30,27,W,13,14,147.038
2025,4,401754636,TCU,Big 12,SMU,ACC,Home,2025-09-20T16:00:00.000Z,True,False,35,24,W,21,22,104.483
2025,5,401756902,TCU,Big 12,Arizona State,Big 12,Away,2025-09-27T01:00:00.000Z,True,False,24,27,L,67,40,60.380
2025,6,401756914,TCU,Big 12,Colorado,Big 12,Home,2025-10-04T23:30:00.000Z,True,False,35,21,W,105,64,16.730
2025,7,401756919,TCU,Big 12,Kansas State,Big 12,Away,2025-10-11T19:30:00.000Z,True,False,28,41,L,49,23,102.744
2025,8,401756927,TCU,Big 12,Baylor,Big 12,Home,2025-10-18T16:00:00.000Z,True,False,42,36,W,85,57,28.082
2025,9,401756935,TCU,Big 12,West Virginia,Big 12,Away,2025-10-25T22:00:00.000Z,True,False,23,17,W,120,78,-13.439
2025,11,401756944,TCU,Big 12,Iowa State,Big 12,Home,2025-11-08T20:30:00.000Z,True,False,17,20,L,48,25,97.434
2025,12,401756950,TCU,Big 12,BYU,Big 12,Away,2025-11-16T03:15:00.000Z,True,False,13,44,L,24,9,164.581
2025,13,401756957,TCU,Big 12,Houston,Big 12,Away,2025-11-22T21:00:00.000Z,True,False,17,14,W,53,44,54.968
2025,14,401756967,TCU,Big 12,Cincinnati,Big 12,Home,2025-11-29T20:30:00.000Z,True,False,45,23,W,76,49,42.732
2025,1,401762456,Temple,American Athletic,Massachusetts,Mid-American,Away,2025-08-30T19:30:00.000Z,True,False,42,10,W,136,136,-277.932
2025,3,401752703,Temple,American Athletic,Oklahoma,SEC,Home,2025-09-13T16:00:00.000Z,True,False,3,42,L,29,18,122.194
2025,4,401754542,Temple,American Athletic,Georgia Tech,ACC,Away,2025-09-20T20:30:00.000Z,True,False,24,45,L,56,41,59.383
2025,6,401762479,Temple,American Athletic,UTSA,American Athletic,Home,2025-10-04T17:00:00.000Z,True,False,27,21,W,45,73,-3.929
2025,7,401762484,Temple,American Athletic,Navy,American Athletic,Home,2025-10-11T20:00:00.000Z,True,False,31,32,L,44,61,24.074
2025,8,401762489,Temple,American Athletic,Charlotte,American Athletic,Away,2025-10-18T19:30:00.000Z,True,False,49,14,W,135,134,-203.932
2025,9,401762495,Temple,American Athletic,Tulsa,American Athletic,Away,2025-10-25T19:30:00.000Z,True,False,38,37,W,107,113,-116.608
2025,10,401762498,Temple,American Athletic,East Carolina,American Athletic,Home,2025-11-01T18:00:00.000Z,True,False,14,45,L,32,59,27.505
2025,11,401762503,Temple,American Athletic,Army,American Athletic,Away,2025-11-08T17:00:00.000Z,True,False,13,14,L,57,72,-3.907
2025,13,401762515,Temple,American Athletic,Tulane,American Athletic,Home,2025-11-22T20:45:00.000Z,True,False,13,37,L,51,56,28.631
2025,14,401762442,Temple,American Athletic,North Texas,American Athletic,Away,2025-11-28T20:30:00.000Z,True,False,25,52,L,8,35,68.510
2025,1,401752676,Tennessee,SEC,Syracuse,ACC,Home,2025-08-30T16:00:00.000Z,True,False,45,26,W,130,97,-79.579
2025,1,401778326,Tennessee,SEC,Illinois,Big Ten,Away,2025-12-30T22:30:00.000Z,True,False,28,30,L,63,21,109.664
2025,3,401752705,Tennessee,SEC,Georgia,SEC,Home,2025-09-13T19:30:00.000Z,True,False,41,44,L,12,8,169.392
2025,4,401752715,Tennessee,SEC,UAB,American Athletic,Home,2025-09-20T16:45:00.000Z,True,False,56,24,W,127,130,-161.808
2025,5,401752720,Tennessee,SEC,Mississippi State,SEC,Away,2025-09-27T20:15:00.000Z,True,False,41,34,W,91,62,20.774
2025,7,401752735,Tennessee,SEC,Arkansas,SEC,Home,2025-10-11T20:15:00.000Z,True,False,34,31,W,81,46,45.867
2025,8,401752738,Tennessee,SEC,Alabama,SEC,Away,2025-10-18T23:30:00.000Z,True,False,20,37,L,25,15,145.371
2025,9,401752747,Tennessee,SEC,Kentucky,SEC,Away,2025-10-25T23:45:00.000Z,True,False,56,34,W,103,69,8.219
2025,10,401752757,Tennessee,SEC,Oklahoma,SEC,Home,2025-11-01T23:30:00.000Z,True,False,27,33,L,29,18,122.194
2025,12,401752771,Tennessee,SEC,New Mexico State,Conference USA,Home,2025-11-15T21:15:00.000Z,True,False,42,9,W,101,116,-120.379
2025,13,401752775,Tennessee,SEC,Florida,SEC,Away,2025-11-23T00:30:00.000Z,True,False,31,11,W,104,50,41.179
2025,14,401752791,Tennessee,SEC,Vanderbilt,SEC,Home,2025-11-29T20:30:00.000Z,True,False,24,45,L,10,12,152.909
2025,1,401752677,Texas,SEC,Ohio State,Big Ten,Away,2025-08-30T16:00:00.000Z,True,False,7,14,L,3,2,269.247
2025,1,401778330,Texas,SEC,Michigan,Big Ten,Home,2025-12-31T20:00:00.000Z,True,False,41,27,W,33,26,94.160
2025,2,401752693,Texas,SEC,San José State,Mountain West,Home,2025-09-06T16:00:00.000Z,True,False,38,7,W,121,118,-121.411
2025,3,401752706,Texas,SEC,UTEP,Conference USA,Home,2025-09-13T20:15:00.000Z,True,False,27,10,W,114,132,-172.921
2025,4,401752723,Texas,SEC,Sam Houston,Conference USA,Home,2025-09-21T00:00:00.000Z,True,False,55,0,W,131,135,-222.852
2025,6,401752727,Texas,SEC,Florida,SEC,Away,2025-10-04T19:30:00.000Z,True,False,21,29,L,104,50,41.179
2025,7,401752736,Texas,SEC,Oklahoma,SEC,Home,2025-10-11T19:30:00.000Z,True,False,23,6,W,29,18,122.194
2025,8,401752743,Texas,SEC,Kentucky,SEC,Away,2025-10-18T23:00:00.000Z,True,False,16,13,W,103,69,8.219
2025,9,401752749,Texas,SEC,Mississippi State,SEC,Away,2025-10-25T20:15:00.000Z,True,False,45,38,W,91,62,20.774
2025,10,401752758,Texas,SEC,Vanderbilt,SEC,Home,2025-11-01T16:00:00.000Z,True,False,34,31,W,10,12,152.909
2025,12,401752766,Texas,SEC,Georgia,SEC,Away,2025-11-16T00:30:00.000Z,True,False,10,35,L,12,8,169.392
2025,13,401752780,Texas,SEC,Arkansas,SEC,Home,2025-11-22T20:30:00.000Z,True,False,52,37,W,81,46,45.867
2025,14,401752792,Texas,SEC,Texas A&M,SEC,Home,2025-11-29T00:30:00.000Z,True,False,27,17,W,23,11,155.815
2025,1,401752678,Texas A&M,SEC,UTSA,American Athletic,Home,2025-08-30T23:00:00.000Z,True,False,42,24,W,45,73,-3.929
2025,1,401779841,Texas A&M,SEC,Miami,ACC,Home,2025-12-20T17:00:00.000Z,True,False,3,10,L,9,5,213.591
2025,2,401752694,Texas A&M,SEC,Utah State,Mountain West,Home,2025-09-06T16:45:00.000Z,True,False,44,22,W,71,80,-22.916
2025,3,401752707,Texas A&M,SEC,Notre Dame,FBS Independents,Away,2025-09-13T23:30:00.000Z,True,False,41,40,W,2,3,219.759
2025,5,401752724,Texas A&M,SEC,Auburn,SEC,Home,2025-09-27T19:30:00.000Z,True,False,16,10,W,58,31,76.936
2025,6,401752730,Texas A&M,SEC,Mississippi State,SEC,Home,2025-10-04T23:30:00.000Z,True,False,31,9,W,91,62,20.774
2025,7,401752737,Texas A&M,SEC,Florida,SEC,Home,2025-10-11T23:00:00.000Z,True,False,34,17,W,104,50,41.179
2025,8,401752739,Texas A&M,SEC,Arkansas,SEC,Away,2025-10-18T19:30:00.000Z,True,False,45,42,W,81,46,45.867
2025,9,401752748,Texas A&M,SEC,LSU,SEC,Away,2025-10-25T23:30:00.000Z,True,False,49,25,W,68,34,74.156
2025,11,401752763,Texas A&M,SEC,Missouri,SEC,Away,2025-11-08T20:30:00.000Z,True,False,38,17,W,31,29,86.725
2025,12,401752772,Texas A&M,SEC,South Carolina,SEC,Home,2025-11-15T17:00:00.000Z,True,False,31,30,W,74,42,55.902
2025,14,401752792,Texas A&M,SEC,Texas,SEC,Away,2025-11-29T00:30:00.000Z,True,False,17,27,L,19,20,110.722
2025,1,401761594,Texas State,Sun Belt,Eastern Michigan,Mid-American,Home,2025-08-31T00:00:00.000Z,True,False,52,27,W,89,115,-120.022
2025,1,401778332,Texas State,Sun Belt,Rice,American Athletic,Home,2026-01-02T18:00:00.000Z,True,False,41,10,W,128,126,-142.718
2025,2,401761603,Texas State,Sun Belt,UTSA,American Athletic,Away,2025-09-06T19:30:00.000Z,True,False,43,36,W,45,73,-3.929
2025,3,401756889,Texas State,Sun Belt,Arizona State,Big 12,Away,2025-09-14T02:30:00.000Z,True,False,15,34,L,67,40,60.380
2025,6,401761620,Texas State,Sun Belt,Arkansas State,Sun Belt,Away,2025-10-04T20:00:00.000Z,True,False,30,31,L,82,103,-87.707
2025,7,401761627,Texas State,Sun Belt,Troy,Sun Belt,Home,2025-10-12T00:00:00.000Z,True,False,41,48,L,72,91,-65.999
2025,8,401761632,Texas State,Sun Belt,Marshall,Sun Belt,Away,2025-10-18T19:30:00.000Z,True,False,37,40,L,73,87,-49.493
2025,10,401761639,Texas State,Sun Belt,James Madison,Sun Belt,Home,2025-10-29T00:00:00.000Z,True,False,20,52,L,7,33,74.611
2025,11,401761648,Texas State,Sun Belt,Louisiana,Sun Belt,Away,2025-11-08T22:00:00.000Z,True,False,39,42,L,95,114,-116.979
2025,12,401761654,Texas State,Sun Belt,Southern Miss,Sun Belt,Away,2025-11-15T20:30:00.000Z,True,False,41,14,W,65,96,-78.786
2025,13,401761659,Texas State,Sun Belt,UL Monroe,Sun Belt,Home,2025-11-22T22:00:00.000Z,True,False,31,14,W,132,133,-181.590
2025,14,401761667,Texas State,Sun Belt,South Alabama,Sun Belt,Home,2025-11-29T20:00:00.000Z,True,False,49,26,W,99,120,-122.179
2025,1,401769071,Texas Tech,Big 12,Oregon,Big Ten,Home,2026-01-01T17:00:00.000Z,True,False,0,23,L,6,6,211.120
2025,2,401756885,Texas Tech,Big 12,Kent State,Mid-American,Home,2025-09-06T16:00:00.000Z,True,False,62,14,W,122,123,-129.809
2025,3,401752938,Texas Tech,Big 12,Oregon State,Pac-12,Home,2025-09-13T19:30:00.000Z,True,False,45,14,W,125,122,-128.472
2025,4,401756901,Texas Tech,Big 12,Utah,Big 12,Away,2025-09-20T16:00:00.000Z,True,False,34,10,W,5,4,219.253
2025,6,401756913,Texas Tech,Big 12,Houston,Big 12,Away,2025-10-04T23:00:00.000Z,True,False,35,11,W,53,44,54.968
2025,7,401756921,Texas Tech,Big 12,Kansas,Big 12,Home,2025-10-11T23:30:00.000Z,True,False,42,17,W,78,45,47.271
2025,8,401756923,Texas Tech,Big 12,Arizona State,Big 12,Away,2025-10-18T20:00:00.000Z,True,False,22,26,L,67,40,60.380
2025,9,401756933,Texas Tech,Big 12,Oklahoma State,Big 12,Home,2025-10-25T20:00:00.000Z,True,False,42,0,W,134,102,-87.692
2025,10,401756941,Texas Tech,Big 12,Kansas State,Big 12,Away,2025-11-01T19:30:00.000Z,True,False,43,20,W,49,23,102.744
2025,11,401756945,Texas Tech,Big 12,BYU,Big 12,Home,2025-11-08T17:00:00.000Z,True,False,29,7,W,24,9,164.581
2025,12,401756953,Texas Tech,Big 12,UCF,Big 12,Home,2025-11-15T20:30:00.000Z,True,False,48,9,W,87,71,-2.940
2025,14,401756968,Texas Tech,Big 12,West Virginia,Big 12,Away,2025-11-29T17:00:00.000Z,True,False,49,0,W,120,78,-13.439
2025,15,401777327,Texas Tech,Big 12,BYU,Big 12,Home,2025-12-06T17:00:00.000Z,True,False,34,7,W,24,9,164.581
2025,1,401752670,Toledo,Mid-American,Kentucky,SEC,Away,2025-08-30T16:45:00.000Z,True,False,16,24,L,103,69,8.219
2025,1,401778309,Toledo,Mid-American,Louisville,ACC,Away,2025-12-23T19:00:00.000Z,True,False,22,27,L,41,38,66.721
2025,2,401757232,Toledo,Mid-American,Western Kentucky,Conference USA,Home,2025-09-06T23:00:00.000Z,True,False,45,21,W,59,94,-68.048
2025,4,401762820,Toledo,Mid-American,Western Michigan,Mid-American,Away,2025-09-20T19:30:00.000Z,True,False,13,14,L,39,82,-24.352
2025,5,401762824,Toledo,Mid-American,Akron,Mid-American,Home,2025-09-27T19:30:00.000Z,True,False,45,3,W,110,129,-156.885
2025,7,401762835,Toledo,Mid-American,Bowling Green,Mid-American,Away,2025-10-11T16:00:00.000Z,True,False,23,28,L,94,124,-130.667
2025,8,401762842,Toledo,Mid-American,Kent State,Mid-American,Home,2025-10-18T18:00:00.000Z,True,False,45,10,W,122,123,-129.809
2025,9,401752952,Toledo,Mid-American,Washington State,Pac-12,Away,2025-10-25T19:30:00.000Z,True,False,7,28,L,61,47,45.495
2025,11,401762854,Toledo,Mid-American,Northern Illinois,Mid-American,Home,2025-11-06T00:00:00.000Z,True,False,42,3,W,106,125,-140.097
2025,12,401762860,Toledo,Mid-American,Miami (OH),Mid-American,Away,2025-11-13T00:00:00.000Z,True,False,24,3,W,75,99,-81.842
2025,13,401762867,Toledo,Mid-American,Ball State,Mid-American,Home,2025-11-22T19:00:00.000Z,True,False,38,9,W,124,131,-169.017
2025,14,401762872,Toledo,Mid-American,Central Michigan,Mid-American,Away,2025-11-29T17:00:00.000Z,True,False,21,3,W,86,100,-84.461
2025,1,401778303,Troy,Sun Belt,Jacksonville State,Conference USA,Away,2025-12-17T02:00:00.000Z,True,False,13,17,L,66,104,-95.381
2025,2,401754637,Troy,Sun Belt,Clemson,ACC,Away,2025-09-06T19:30:00.000Z,True,False,16,27,L,43,39,65.188
2025,3,401761608,Troy,Sun Belt,Memphis,American Athletic,Home,2025-09-13T16:00:00.000Z,True,False,7,28,L,34,65,16.465
2025,4,401761613,Troy,Sun Belt,Buffalo,Mid-American,Away,2025-09-20T19:30:00.000Z,True,False,21,17,W,79,121,-127.389
2025,6,401761621,Troy,Sun Belt,South Alabama,Sun Belt,Home,2025-10-04T23:00:00.000Z,True,False,31,24,W,99,120,-122.179
2025,7,401761627,Troy,Sun Belt,Texas State,Sun Belt,Away,2025-10-12T00:00:00.000Z,True,False,48,41,W,35,76,-8.668
2025,8,401761633,Troy,Sun Belt,UL Monroe,Sun Belt,Away,2025-10-18T19:00:00.000Z,True,False,37,14,W,132,133,-181.590
2025,9,401761638,Troy,Sun Belt,Louisiana,Sun Belt,Home,2025-10-25T23:00:00.000Z,True,False,35,23,W,95,114,-116.979
2025,10,401761643,Troy,Sun Belt,Arkansas State,Sun Belt,Home,2025-11-02T00:00:00.000Z,True,False,10,23,L,82,103,-87.707
2025,12,401761649,Troy,Sun Belt,Old Dominion,Sun Belt,Away,2025-11-14T00:30:00.000Z,True,False,0,33,L,18,51,39.319
2025,13,401761660,Troy,Sun Belt,Georgia State,Sun Belt,Home,2025-11-22T21:00:00.000Z,True,False,31,19,W,133,128,-153.422
2025,14,401761666,Troy,Sun Belt,Southern Miss,Sun Belt,Away,2025-11-29T20:30:00.000Z,True,False,28,18,W,65,96,-78.786
2025,15,401777352,Troy,Sun Belt,James Madison,Sun Belt,Away,2025-12-06T00:00:00.000Z,True,False,14,31,L,7,33,74.611
2025,1,401752803,Tulane,American Athletic,Northwestern,Big Ten,Home,2025-08-30T16:00:00.000Z,True,False,23,3,W,62,48,44.725
2025,1,401779842,Tulane,American Athletic,Ole Miss,SEC,Away,2025-12-20T20:30:00.000Z,True,False,10,41,L,15,13,152.268
2025,2,401761601,Tulane,American Athletic,South Alabama,Sun Belt,Away,2025-09-06T23:00:00.000Z,True,False,33,31,W,99,120,-122.179
2025,3,401754534,Tulane,American Athletic,Duke,ACC,Home,2025-09-14T00:00:00.000Z,True,False,34,27,W,46,43,55.119
2025,4,401752711,Tulane,American Athletic,Ole Miss,SEC,Away,2025-09-20T19:30:00.000Z,True,False,10,45,L,15,13,152.268
2025,5,401762474,Tulane,American Athletic,Tulsa,American Athletic,Away,2025-09-27T20:00:00.000Z,True,False,31,14,W,107,113,-116.608
2025,7,401762480,Tulane,American Athletic,East Carolina,American Athletic,Home,2025-10-09T23:30:00.000Z,True,False,26,19,W,32,59,27.505
2025,8,401762488,Tulane,American Athletic,Army,American Athletic,Home,2025-10-18T16:00:00.000Z,True,False,24,17,W,57,72,-3.907
2025,10,401762443,Tulane,American Athletic,UTSA,American Athletic,Away,2025-10-30T23:30:00.000Z,True,False,26,48,L,45,73,-3.929
2025,11,401762501,Tulane,American Athletic,Memphis,American Athletic,Away,2025-11-08T02:00:00.000Z,True,False,38,32,W,34,65,16.465
2025,12,401762509,Tulane,American Athletic,Florida Atlantic,American Athletic,Home,2025-11-15T21:00:00.000Z,True,False,35,24,W,117,111,-108.696
2025,13,401762515,Tulane,American Athletic,Temple,American Athletic,Away,2025-11-22T20:45:00.000Z,True,False,37,13,W,98,88,-61.145
2025,14,401762518,Tulane,American Athletic,Charlotte,American Athletic,Home,2025-11-30T00:30:00.000Z,True,False,27,0,W,135,134,-203.932
2025,15,401777324,Tulane,American Athletic,North Texas,American Athletic,Home,2025-12-06T01:00:00.000Z,True,False,34,21,W,8,35,68.510
2025,2,401757229,Tulsa,American Athletic,New Mexico State,Conference USA,Away,2025-09-07T01:00:00.000Z,True,False,14,21,L,101,116,-120.379
2025,3,401762465,Tulsa,American Athletic,Navy,American Athletic,Home,2025-09-14T00:00:00.000Z,True,False,23,42,L,44,61,24.074
2025,4,401756900,Tulsa,American Athletic,Oklahoma State,Big 12,Away,2025-09-19T23:30:00.000Z,True,False,19,12,W,134,102,-87.692
2025,5,401762474,Tulsa,American Athletic,Tulane,American Athletic,Home,2025-09-27T20:00:00.000Z,True,False,14,31,L,51,56,28.631
2025,6,401762478,Tulsa,American Athletic,Memphis,American Athletic,Away,2025-10-05T00:00:00.000Z,True,False,7,45,L,34,65,16.465
2025,8,401762486,Tulsa,American Athletic,East Carolina,American Athletic,Away,2025-10-16T23:30:00.000Z,True,False,27,41,L,32,59,27.505
2025,9,401762495,Tulsa,American Athletic,Temple,American Athletic,Home,2025-10-25T19:30:00.000Z,True,False,37,38,L,98,88,-61.145
2025,11,401762505,Tulsa,American Athletic,Florida Atlantic,American Athletic,Away,2025-11-08T20:00:00.000Z,True,False,21,40,L,117,111,-108.696
2025,12,401752945,Tulsa,American Athletic,Oregon State,Pac-12,Home,2025-11-15T18:00:00.000Z,True,False,31,14,W,125,122,-128.472
2025,13,401762512,Tulsa,American Athletic,Army,American Athletic,Away,2025-11-22T17:00:00.000Z,True,False,26,25,W,57,72,-3.907
2025,14,401762517,Tulsa,American Athletic,UAB,American Athletic,Home,2025-11-29T20:00:00.000Z,True,False,24,31,L,127,130,-161.808
2025,2,401762458,UAB,American Athletic,Navy,American Athletic,Away,2025-09-06T19:30:00.000Z,True,False,24,38,L,44,61,24.074
2025,3,401762463,UAB,American Athletic,Akron,Mid-American,Home,2025-09-14T00:30:00.000Z,True,False,31,28,W,110,129,-156.885
2025,4,401752715,UAB,American Athletic,Tennessee,SEC,Away,2025-09-20T16:45:00.000Z,True,False,24,56,L,26,24,101.521
2025,6,401762476,UAB,American Athletic,Army,American Athletic,Home,2025-10-04T16:00:00.000Z,True,False,13,31,L,57,72,-3.907
2025,7,401762482,UAB,American Athletic,Florida Atlantic,American Athletic,Away,2025-10-11T22:00:00.000Z,True,False,33,53,L,117,111,-108.696
2025,8,401762487,UAB,American Athletic,Memphis,American Athletic,Home,2025-10-18T20:00:00.000Z,True,False,31,24,W,34,65,16.465
2025,10,401757173,UAB,American Athletic,UConn,FBS Independents,Away,2025-11-01T16:00:00.000Z,True,False,19,38,L,42,92,-67.291
2025,11,401762502,UAB,American Athletic,Rice,American Athletic,Away,2025-11-08T19:00:00.000Z,True,False,17,24,L,128,126,-142.718
2025,12,401762506,UAB,American Athletic,North Texas,American Athletic,Home,2025-11-15T19:00:00.000Z,True,False,24,53,L,8,35,68.510
2025,13,401762511,UAB,American Athletic,South Florida,American Athletic,Home,2025-11-22T20:00:00.000Z,True,False,18,48,L,16,27,88.893
2025,14,401762517,UAB,American Athletic,Tulsa,American Athletic,Away,2025-11-29T20:00:00.000Z,True,False,31,24,W,107,113,-116.608
2025,1,401756848,UCF,Big 12,Jacksonville State,Conference USA,Home,2025-08-28T23:00:00.000Z,True,False,17,10,W,66,104,-95.381
2025,4,401754640,UCF,Big 12,North Carolina,ACC,Home,2025-09-20T19:30:00.000Z,True,False,34,9,W,112,101,-85.220
2025,5,401756906,UCF,Big 12,Kansas State,Big 12,Away,2025-09-27T16:00:00.000Z,True,False,20,34,L,49,23,102.744
2025,6,401756915,UCF,Big 12,Kansas,Big 12,Home,2025-10-04T23:30:00.000Z,True,False,20,27,L,78,45,47.271
2025,7,401756917,UCF,Big 12,Cincinnati,Big 12,Away,2025-10-11T16:00:00.000Z,True,False,11,20,L,76,49,42.732
2025,8,401756928,UCF,Big 12,West Virginia,Big 12,Home,2025-10-18T17:00:00.000Z,True,False,45,13,W,120,78,-13.439
2025,10,401756936,UCF,Big 12,Baylor,Big 12,Away,2025-11-01T16:00:00.000Z,True,False,3,30,L,85,57,28.082
2025,11,401756946,UCF,Big 12,Houston,Big 12,Home,2025-11-08T01:00:00.000Z,True,False,27,30,L,53,44,54.968
2025,12,401756953,UCF,Big 12,Texas Tech,Big 12,Away,2025-11-15T20:30:00.000Z,True,False,9,48,L,4,7,200.963
2025,13,401756959,UCF,Big 12,Oklahoma State,Big 12,Home,2025-11-22T21:00:00.000Z,True,False,17,14,W,134,102,-87.692
2025,14,401756963,UCF,Big 12,BYU,Big 12,Away,2025-11-29T18:00:00.000Z,True,False,21,41,L,24,9,164.581
2025,1,401752800,UCLA,Big Ten,Utah,Big 12,Home,2025-08-31T03:00:00.000Z,True,False,10,43,L,5,4,219.253
2025,2,401752823,UCLA,Big Ten,UNLV,Mountain West,Away,2025-09-07T00:00:00.000Z,True,False,23,30,L,30,63,19.931
2025,3,401752837,UCLA,Big Ten,New Mexico,Mountain West,Home,2025-09-13T02:00:00.000Z,True,False,10,35,L,47,66,12.799
2025,5,401752851,UCLA,Big Ten,Northwestern,Big Ten,Away,2025-09-27T19:30:00.000Z,True,False,14,17,L,62,48,44.725
2025,6,401752855,UCLA,Big Ten,Penn State,Big Ten,Home,2025-10-04T19:30:00.000Z,True,False,42,37,W,27,17,125.621
2025,7,401752863,UCLA,Big Ten,Michigan State,Big Ten,Away,2025-10-11T16:00:00.000Z,True,False,38,13,W,102,77,-9.134
2025,8,401752879,UCLA,Big Ten,Maryland,Big Ten,Home,2025-10-18T23:00:00.000Z,True,False,20,17,W,88,75,-8.632
2025,9,401752885,UCLA,Big Ten,Indiana,Big Ten,Away,2025-10-25T16:00:00.000Z,True,False,6,56,L,1,1,275.437
2025,11,401752895,UCLA,Big Ten,Nebraska,Big Ten,Home,2025-11-09T02:00:00.000Z,True,False,21,28,L,69,68,9.693
2025,12,401752900,UCLA,Big Ten,Ohio State,Big Ten,Away,2025-11-16T00:30:00.000Z,True,False,10,48,L,3,2,269.247
2025,13,401752910,UCLA,Big Ten,Washington,Big Ten,Home,2025-11-23T03:30:00.000Z,True,False,14,48,L,17,16,145.025
2025,14,401752919,UCLA,Big Ten,USC,Big Ten,Away,2025-11-30T00:30:00.000Z,True,False,10,29,L,13,14,147.038
2025,1,401778318,UConn,FBS Independents,Army,American Athletic,Away,2025-12-27T19:15:00.000Z,True,False,16,41,L,57,72,-3.907
2025,2,401754618,UConn,FBS Independents,Syracuse,ACC,Away,2025-09-06T16:00:00.000Z,True,False,20,27,L,130,97,-79.579
2025,3,401757168,UConn,FBS Independents,Delaware,Conference USA,Away,2025-09-13T19:00:00.000Z,True,False,41,44,L,83,119,-121.785
2025,4,401757169,UConn,FBS Independents,Ball State,Mid-American,Home,2025-09-20T19:30:00.000Z,True,False,31,25,W,124,131,-169.017
2025,5,401757170,UConn,FBS Independents,Buffalo,Mid-American,Away,2025-09-27T19:30:00.000Z,True,False,20,17,W,79,121,-127.389
2025,6,401757171,UConn,FBS Independents,Florida International,Conference USA,Home,2025-10-04T19:30:00.000Z,True,False,51,10,W,80,109,-106.086
2025,8,401754569,UConn,FBS Independents,Boston College,ACC,Away,2025-10-18T16:00:00.000Z,True,False,38,23,W,119,95,-69.225
2025,9,401757172,UConn,FBS Independents,Rice,American Athletic,Away,2025-10-25T19:00:00.000Z,True,False,34,37,L,128,126,-142.718
2025,10,401757173,UConn,FBS Independents,UAB,American Athletic,Home,2025-11-01T16:00:00.000Z,True,False,38,19,W,127,130,-161.808
2025,11,401754590,UConn,FBS Independents,Duke,ACC,Home,2025-11-08T20:30:00.000Z,True,False,37,34,W,46,43,55.119
2025,12,401757174,UConn,FBS Independents,Air Force,Mountain West,Home,2025-11-15T17:00:00.000Z,True,False,26,16,W,84,93,-67.396
2025,13,401757175,UConn,FBS Independents,Florida Atlantic,American Athletic,Away,2025-11-22T20:00:00.000Z,True,False,48,45,W,117,111,-108.696
2025,2,401752681,UL Monroe,Sun Belt,Alabama,SEC,Away,2025-09-06T23:45:00.000Z,True,False,0,73,L,25,15,145.371
2025,4,401757267,UL Monroe,Sun Belt,UTEP,Conference USA,Away,2025-09-21T01:00:00.000Z,True,False,31,25,W,114,132,-172.921
2025,5,401761616,UL Monroe,Sun Belt,Arkansas State,Sun Belt,Home,2025-09-27T19:00:00.000Z,True,False,28,16,W,82,103,-87.707
2025,6,401752858,UL Monroe,Sun Belt,Northwestern,Big Ten,Away,2025-10-04T19:30:00.000Z,True,False,7,42,L,62,48,44.725
2025,7,401761623,UL Monroe,Sun Belt,Coastal Carolina,Sun Belt,Away,2025-10-11T23:00:00.000Z,True,False,8,23,L,116,105,-96.604
2025,8,401761633,UL Monroe,Sun Belt,Troy,Sun Belt,Home,2025-10-18T19:00:00.000Z,True,False,14,37,L,72,91,-65.999
2025,9,401761637,UL Monroe,Sun Belt,Southern Miss,Sun Belt,Away,2025-10-25T19:30:00.000Z,True,False,21,49,L,65,96,-78.786
2025,10,401761641,UL Monroe,Sun Belt,Old Dominion,Sun Belt,Home,2025-11-01T19:30:00.000Z,True,False,6,31,L,18,51,39.319
2025,12,401761653,UL Monroe,Sun Belt,South Alabama,Sun Belt,Home,2025-11-15T20:30:00.000Z,True,False,14,26,L,99,120,-122.179
2025,13,401761659,UL Monroe,Sun Belt,Texas State,Sun Belt,Away,2025-11-22T22:00:00.000Z,True,False,14,31,L,35,76,-8.668
2025,14,401761665,UL Monroe,Sun Belt,Louisiana,Sun Belt,Away,2025-11-29T20:00:00.000Z,True,False,27,30,L,95,114,-116.979
2025,1,401757224,UNLV,Mountain West,Sam Houston,Conference USA,Away,2025-08-30T01:30:00.000Z,True,False,38,21,W,131,135,-222.852
2025,1,401778311,UNLV,Mountain West,Ohio,Mid-American,Away,2025-12-24T02:00:00.000Z,True,False,10,17,L,37,74,-5.248
2025,2,401752823,UNLV,Mountain West,UCLA,Big Ten,Home,2025-09-07T00:00:00.000Z,True,False,30,23,W,129,79,-21.396
2025,4,401760376,UNLV,Mountain West,Miami (OH),Mid-American,Away,2025-09-20T16:00:00.000Z,True,False,41,38,W,75,99,-81.842
2025,6,401760385,UNLV,Mountain West,Wyoming,Mountain West,Away,2025-10-04T23:00:00.000Z,True,False,31,17,W,100,106,-97.082
2025,7,401760386,UNLV,Mountain West,Air Force,Mountain West,Home,2025-10-11T19:30:00.000Z,True,False,51,48,W,84,93,-67.396
2025,8,401760393,UNLV,Mountain West,Boise State,Mountain West,Away,2025-10-18T19:30:00.000Z,True,False,31,56,L,50,53,33.161
2025,10,401760404,UNLV,Mountain West,New Mexico,Mountain West,Home,2025-11-01T19:00:00.000Z,True,False,35,40,L,47,66,12.799
2025,11,401760407,UNLV,Mountain West,Colorado State,Mountain West,Away,2025-11-09T02:30:00.000Z,True,False,42,10,W,118,112,-112.280
2025,12,401760414,UNLV,Mountain West,Utah State,Mountain West,Home,2025-11-16T00:00:00.000Z,True,False,29,26,W,71,80,-22.916
2025,13,401760418,UNLV,Mountain West,Hawai'i,Mountain West,Home,2025-11-22T03:30:00.000Z,True,False,38,10,W,55,81,-23.761
2025,14,401760425,UNLV,Mountain West,Nevada,Mountain West,Away,2025-11-30T02:00:00.000Z,True,False,42,17,W,115,117,-121.167
2025,15,401777326,UNLV,Mountain West,Boise State,Mountain West,Away,2025-12-06T01:00:00.000Z,True,False,21,38,L,50,53,33.161
2025,1,401752798,USC,Big Ten,Missouri State,Conference USA,Home,2025-08-30T23:30:00.000Z,True,False,73,13,W,92,98,-81.327
2025,1,401778327,USC,Big Ten,TCU,Big 12,Away,2025-12-31T02:00:00.000Z,True,False,27,30,L,52,28,88.219
2025,2,401752814,USC,Big Ten,Georgia Southern,Sun Belt,Home,2025-09-06T23:30:00.000Z,True,False,59,20,W,108,107,-99.138
2025,3,401752832,USC,Big Ten,Purdue,Big Ten,Away,2025-09-13T19:30:00.000Z,True,False,33,17,W,126,70,-2.647
2025,4,401752847,USC,Big Ten,Michigan State,Big Ten,Home,2025-09-21T03:00:00.000Z,True,False,45,31,W,102,77,-9.134
2025,5,401752850,USC,Big Ten,Illinois,Big Ten,Away,2025-09-27T16:00:00.000Z,True,False,32,34,L,63,21,109.664
2025,7,401752868,USC,Big Ten,Michigan,Big Ten,Home,2025-10-11T23:30:00.000Z,True,False,31,13,W,33,26,94.160
2025,8,401752871,USC,Big Ten,Notre Dame,FBS Independents,Away,2025-10-18T23:30:00.000Z,True,False,24,34,L,2,3,219.759
2025,10,401752892,USC,Big Ten,Nebraska,Big Ten,Away,2025-11-01T23:30:00.000Z,True,False,21,17,W,69,68,9.693
2025,11,401752896,USC,Big Ten,Northwestern,Big Ten,Home,2025-11-08T02:00:00.000Z,True,False,38,17,W,62,48,44.725
2025,12,401752907,USC,Big Ten,Iowa,Big Ten,Home,2025-11-15T20:30:00.000Z,True,False,26,21,W,11,10,160.641
2025,13,401752911,USC,Big Ten,Oregon,Big Ten,Away,2025-11-22T20:30:00.000Z,True,False,27,42,L,6,6,211.120
2025,14,401752919,USC,Big Ten,UCLA,Big Ten,Home,2025-11-30T00:30:00.000Z,True,False,29,10,W,129,79,-21.396
2025,1,401757225,UTEP,Conference USA,Utah State,Mountain West,Away,2025-08-30T23:30:00.000Z,True,False,16,28,L,71,80,-22.916
2025,3,401752706,UTEP,Conference USA,Texas,SEC,Away,2025-09-13T20:15:00.000Z,True,False,10,27,L,19,20,110.722
2025,4,401757267,UTEP,Conference USA,UL Monroe,Sun Belt,Home,2025-09-21T01:00:00.000Z,True,False,25,31,L,132,133,-181.590
2025,5,401757272,UTEP,Conference USA,Louisiana Tech,Conference USA,Home,2025-09-28T01:00:00.000Z,True,False,11,30,L,40,89,-61.672
2025,7,401757277,UTEP,Conference USA,Liberty,Conference USA,Home,2025-10-09T00:00:00.000Z,True,False,8,19,L,77,108,-103.418
2025,8,401757284,UTEP,Conference USA,Sam Houston,Conference USA,Away,2025-10-15T23:00:00.000Z,True,False,35,17,W,131,135,-222.852
2025,10,401757289,UTEP,Conference USA,Kennesaw State,Conference USA,Away,2025-10-29T00:00:00.000Z,True,False,20,33,L,64,86,-42.743
2025,11,401757297,UTEP,Conference USA,Jacksonville State,Conference USA,Home,2025-11-08T20:00:00.000Z,True,False,27,30,L,66,104,-95.381
2025,12,401757304,UTEP,Conference USA,Missouri State,Conference USA,Away,2025-11-15T20:00:00.000Z,True,False,24,38,L,92,98,-81.327
2025,13,401757309,UTEP,Conference USA,New Mexico State,Conference USA,Home,2025-11-22T20:00:00.000Z,True,False,31,34,L,101,116,-120.379
2025,14,401757310,UTEP,Conference USA,Delaware,Conference USA,Away,2025-11-29T18:00:00.000Z,True,False,31,61,L,83,119,-121.785
2025,1,401752678,UTSA,American Athletic,Texas A&M,SEC,Away,2025-08-30T23:00:00.000Z,True,False,24,42,L,23,11,155.815
2025,1,401778315,UTSA,American Athletic,Florida International,Conference USA,Home,2025-12-27T01:00:00.000Z,True,False,57,20,W,80,109,-106.086
2025,2,401761603,UTSA,American Athletic,Texas State,Sun Belt,Home,2025-09-06T19:30:00.000Z,True,False,36,43,L,35,76,-8.668
2025,4,401760373,UTSA,American Athletic,Colorado State,Mountain West,Away,2025-09-21T01:30:00.000Z,True,False,17,16,W,118,112,-112.280
2025,6,401762479,UTSA,American Athletic,Temple,American Athletic,Away,2025-10-04T17:00:00.000Z,True,False,21,27,L,98,88,-61.145
2025,7,401762485,UTSA,American Athletic,Rice,American Athletic,Home,2025-10-11T23:30:00.000Z,True,False,61,13,W,128,126,-142.718
2025,8,401762491,UTSA,American Athletic,North Texas,American Athletic,Away,2025-10-18T19:30:00.000Z,True,False,17,55,L,8,35,68.510
2025,10,401762443,UTSA,American Athletic,Tulane,American Athletic,Home,2025-10-30T23:30:00.000Z,True,False,48,26,W,51,56,28.631
2025,11,401762500,UTSA,American Athletic,South Florida,American Athletic,Away,2025-11-07T00:30:00.000Z,True,False,23,55,L,16,27,88.893
2025,12,401762507,UTSA,American Athletic,Charlotte,American Athletic,Away,2025-11-15T17:00:00.000Z,True,False,28,7,W,135,134,-203.932
2025,13,401762513,UTSA,American Athletic,East Carolina,American Athletic,Home,2025-11-22T20:30:00.000Z,True,False,58,24,W,32,59,27.505
2025,14,401762441,UTSA,American Athletic,Army,American Athletic,Home,2025-11-29T20:30:00.000Z,True,False,24,27,L,57,72,-3.907
2025,1,401752800,Utah,Big 12,UCLA,Big Ten,Away,2025-08-31T03:00:00.000Z,True,False,43,10,W,129,79,-21.396
2025,1,401778331,Utah,Big 12,Nebraska,Big Ten,Home,2025-12-31T20:30:00.000Z,True,False,44,22,W,69,68,9.693
2025,3,401756895,Utah,Big 12,Wyoming,Mountain West,Away,2025-09-14T00:00:00.000Z,True,False,31,6,W,100,106,-97.082
2025,4,401756901,Utah,Big 12,Texas Tech,Big 12,Home,2025-09-20T16:00:00.000Z,True,False,10,34,L,4,7,200.963
2025,5,401756908,Utah,Big 12,West Virginia,Big 12,Away,2025-09-27T19:30:00.000Z,True,False,48,14,W,120,78,-13.439
2025,7,401756922,Utah,Big 12,Arizona State,Big 12,Home,2025-10-12T02:15:00.000Z,True,False,42,10,W,67,40,60.380
2025,8,401756924,Utah,Big 12,BYU,Big 12,Away,2025-10-19T00:00:00.000Z,True,False,21,24,L,24,9,164.581
2025,9,401756934,Utah,Big 12,Colorado,Big 12,Home,2025-10-26T02:15:00.000Z,True,False,53,7,W,105,64,16.730
2025,10,401756942,Utah,Big 12,Cincinnati,Big 12,Home,2025-11-02T02:15:00.000Z,True,False,45,14,W,76,49,42.732
2025,12,401756949,Utah,Big 12,Baylor,Big 12,Away,2025-11-16T00:00:00.000Z,True,False,55,28,W,85,57,28.082
2025,13,401756960,Utah,Big 12,Kansas State,Big 12,Home,2025-11-22T21:00:00.000Z,True,False,51,47,W,49,23,102.744
2025,14,401756964,Utah,Big 12,Kansas,Big 12,Away,2025-11-28T17:00:00.000Z,True,False,31,21,W,78,45,47.271
2025,1,401757225,Utah State,Mountain West,UTEP,Conference USA,Home,2025-08-30T23:30:00.000Z,True,False,28,16,W,114,132,-172.921
2025,1,401778308,Utah State,Mountain West,Washington State,Pac-12,Home,2025-12-22T19:00:00.000Z,True,False,21,34,L,61,47,45.495
2025,2,401752694,Utah State,Mountain West,Texas A&M,SEC,Away,2025-09-06T16:45:00.000Z,True,False,22,44,L,23,11,155.815
2025,3,401760368,Utah State,Mountain West,Air Force,Mountain West,Home,2025-09-14T01:45:00.000Z,True,False,49,30,W,84,93,-67.396
2025,5,401752725,Utah State,Mountain West,Vanderbilt,SEC,Away,2025-09-27T16:45:00.000Z,True,False,35,55,L,10,12,152.909
2025,7,401760389,Utah State,Mountain West,Hawai'i,Mountain West,Away,2025-10-12T03:59:00.000Z,True,False,26,44,L,55,81,-23.761
2025,8,401760396,Utah State,Mountain West,San José State,Mountain West,Home,2025-10-18T01:00:00.000Z,True,False,30,25,W,121,118,-121.411
2025,9,401760400,Utah State,Mountain West,New Mexico,Mountain West,Away,2025-10-25T19:00:00.000Z,True,False,14,33,L,47,66,12.799
2025,11,401760409,Utah State,Mountain West,Nevada,Mountain West,Home,2025-11-09T00:30:00.000Z,True,False,51,14,W,115,117,-121.167
2025,12,401760414,Utah State,Mountain West,UNLV,Mountain West,Away,2025-11-16T00:00:00.000Z,True,False,26,29,L,30,63,19.931
2025,13,401760417,Utah State,Mountain West,Fresno State,Mountain West,Away,2025-11-23T03:30:00.000Z,True,False,28,17,W,60,83,-34.721
2025,14,401760422,Utah State,Mountain West,Boise State,Mountain West,Home,2025-11-28T21:00:00.000Z,True,False,24,25,L,50,53,33.161
2025,1,401778328,Vanderbilt,SEC,Iowa,Big Ten,Home,2025-12-31T17:00:00.000Z,True,False,27,34,L,11,10,160.641
2025,2,401752695,Vanderbilt,SEC,Virginia Tech,ACC,Away,2025-09-06T23:30:00.000Z,True,False,44,20,W,123,90,-62.544
2025,3,401752704,Vanderbilt,SEC,South Carolina,SEC,Away,2025-09-13T23:45:00.000Z,True,False,31,7,W,74,42,55.902
2025,4,401752716,Vanderbilt,SEC,Georgia State,Sun Belt,Home,2025-09-20T23:30:00.000Z,True,False,70,21,W,133,128,-153.422
2025,5,401752725,Vanderbilt,SEC,Utah State,Mountain West,Home,2025-09-27T16:45:00.000Z,True,False,55,35,W,71,80,-22.916
2025,6,401752726,Vanderbilt,SEC,Alabama,SEC,Away,2025-10-04T19:30:00.000Z,True,False,14,30,L,25,15,145.371
2025,8,401752745,Vanderbilt,SEC,LSU,SEC,Home,2025-10-18T16:00:00.000Z,True,False,31,24,W,68,34,74.156
2025,9,401752752,Vanderbilt,SEC,Missouri,SEC,Home,2025-10-25T19:30:00.000Z,True,False,17,10,W,31,29,86.725
2025,10,401752758,Vanderbilt,SEC,Texas,SEC,Away,2025-11-01T16:00:00.000Z,True,False,31,34,L,19,20,110.722
2025,11,401752764,Vanderbilt,SEC,Auburn,SEC,Home,2025-11-08T21:00:00.000Z,True,False,45,38,W,58,31,76.936
2025,13,401752782,Vanderbilt,SEC,Kentucky,SEC,Home,2025-11-22T20:30:00.000Z,True,False,45,17,W,103,69,8.219
2025,14,401752791,Vanderbilt,SEC,Tennessee,SEC,Away,2025-11-29T20:30:00.000Z,True,False,45,24,W,26,24,101.521
2025,1,401754616,Virginia,ACC,Coastal Carolina,Sun Belt,Home,2025-08-30T22:00:00.000Z,True,False,48,7,W,116,105,-96.604
2025,1,401778322,Virginia,ACC,Missouri,SEC,Away,2025-12-28T00:30:00.000Z,True,False,13,7,W,31,29,86.725
2025,2,401754524,Virginia,ACC,NC State,ACC,Away,2025-09-06T16:00:00.000Z,True,False,31,35,L,70,37,67.057
2025,4,401754539,Virginia,ACC,Stanford,ACC,Home,2025-09-20T23:30:00.000Z,True,False,48,20,W,113,84,-35.494
2025,5,401754543,Virginia,ACC,Florida State,ACC,Home,2025-09-26T23:00:00.000Z,True,False,46,38,W,36,36,68.221
2025,6,401754554,Virginia,ACC,Louisville,ACC,Away,2025-10-04T19:30:00.000Z,True,False,30,27,W,41,38,66.721
2025,8,401752951,Virginia,ACC,Washington State,Pac-12,Home,2025-10-18T22:30:00.000Z,True,False,22,20,W,61,47,45.495
2025,9,401754573,Virginia,ACC,North Carolina,ACC,Away,2025-10-25T16:00:00.000Z,True,False,17,16,W,112,101,-85.220
2025,10,401754576,Virginia,ACC,California,ACC,Away,2025-11-01T19:45:00.000Z,True,False,31,21,W,90,85,-38.538
2025,11,401754589,Virginia,ACC,Wake Forest,ACC,Home,2025-11-09T00:00:00.000Z,True,False,9,16,L,54,55,29.957
2025,12,401754593,Virginia,ACC,Duke,ACC,Away,2025-11-15T20:30:00.000Z,True,False,34,17,W,46,43,55.119
2025,14,401754613,Virginia,ACC,Virginia Tech,ACC,Home,2025-11-30T00:00:00.000Z,True,False,27,7,W,123,90,-62.544
2025,15,401777328,Virginia,ACC,Duke,ACC,Home,2025-12-07T01:00:00.000Z,True,False,20,27,L,46,43,55.119
2025,1,401752680,Virginia Tech,ACC,South Carolina,SEC,Away,2025-08-31T19:00:00.000Z,True,False,11,24,L,74,42,55.902
2025,2,401752695,Virginia Tech,ACC,Vanderbilt,SEC,Home,2025-09-06T23:30:00.000Z,True,False,20,44,L,10,12,152.909
2025,3,401754536,Virginia Tech,ACC,Old Dominion,Sun Belt,Home,2025-09-13T23:00:00.000Z,True,False,26,45,L,18,51,39.319
2025,5,401754548,Virginia Tech,ACC,NC State,ACC,Away,2025-09-27T23:00:00.000Z,True,False,23,21,W,70,37,67.057
2025,6,401754556,Virginia Tech,ACC,Wake Forest,ACC,Home,2025-10-04T17:00:00.000Z,True,False,23,30,L,54,55,29.957
2025,7,401754560,Virginia Tech,ACC,Georgia Tech,ACC,Away,2025-10-11T19:30:00.000Z,True,False,20,35,L,56,41,59.383
2025,9,401754372,Virginia Tech,ACC,California,ACC,Home,2025-10-24T23:30:00.000Z,True,False,42,34,W,90,85,-38.538
2025,10,401754580,Virginia Tech,ACC,Louisville,ACC,Home,2025-11-01T19:00:00.000Z,True,False,16,28,L,41,38,66.721
2025,12,401754594,Virginia Tech,ACC,Florida State,ACC,Away,2025-11-16T00:30:00.000Z,True,False,14,34,L,36,36,68.221
2025,13,401754603,Virginia Tech,ACC,Miami,ACC,Home,2025-11-22T17:00:00.000Z,True,False,17,34,L,9,5,213.591
2025,14,401754613,Virginia Tech,ACC,Virginia,ACC,Away,2025-11-30T00:00:00.000Z,True,False,7,27,L,20,30,84.624
2025,1,401754374,Wake Forest,ACC,Kennesaw State,Conference USA,Home,2025-08-29T23:00:00.000Z,True,False,10,9,W,64,86,-42.743
2025,1,401778334,Wake Forest,ACC,Mississippi State,SEC,Away,2026-01-03T01:00:00.000Z,True,False,43,29,W,91,62,20.774
2025,3,401754531,Wake Forest,ACC,NC State,ACC,Home,2025-09-11T23:30:00.000Z,True,False,24,34,L,70,37,67.057
2025,5,401754546,Wake Forest,ACC,Georgia Tech,ACC,Home,2025-09-27T16:00:00.000Z,True,False,29,30,L,56,41,59.383
2025,6,401754556,Wake Forest,ACC,Virginia Tech,ACC,Away,2025-10-04T17:00:00.000Z,True,False,30,23,W,123,90,-62.544
2025,7,401754563,Wake Forest,ACC,Oregon State,Pac-12,Away,2025-10-11T19:30:00.000Z,True,False,39,14,W,125,122,-128.472
2025,9,401752942,Wake Forest,ACC,SMU,ACC,Home,2025-10-25T16:00:00.000Z,True,False,13,12,W,21,22,104.483
2025,10,401754578,Wake Forest,ACC,Florida State,ACC,Away,2025-11-01T23:30:00.000Z,True,False,7,42,L,36,36,68.221
2025,11,401754589,Wake Forest,ACC,Virginia,ACC,Away,2025-11-09T00:00:00.000Z,True,False,16,9,W,20,30,84.624
2025,12,401754596,Wake Forest,ACC,North Carolina,ACC,Home,2025-11-15T21:30:00.000Z,True,False,28,12,W,112,101,-85.220
2025,13,401754606,Wake Forest,ACC,Delaware,Conference USA,Home,2025-11-22T17:00:00.000Z,True,False,52,14,W,83,119,-121.785
2025,14,401754610,Wake Forest,ACC,Duke,ACC,Away,2025-11-29T20:30:00.000Z,True,False,32,49,L,46,43,55.119
2025,1,401752805,Washington,Big Ten,Colorado State,Mountain West,Home,2025-08-31T03:00:00.000Z,True,False,38,21,W,118,112,-112.280
2025,1,401778302,Washington,Big Ten,Boise State,Mountain West,Home,2025-12-14T01:00:00.000Z,True,False,38,10,W,50,53,33.161
2025,4,401752842,Washington,Big Ten,Washington State,Pac-12,Away,2025-09-20T23:30:00.000Z,True,False,59,24,W,61,47,45.495
2025,5,401752852,Washington,Big Ten,Ohio State,Big Ten,Home,2025-09-27T19:30:00.000Z,True,False,6,24,L,3,2,269.247
2025,6,401752857,Washington,Big Ten,Maryland,Big Ten,Away,2025-10-04T19:30:00.000Z,True,False,24,20,W,88,75,-8.632
2025,7,401752862,Washington,Big Ten,Rutgers,Big Ten,Home,2025-10-11T01:00:00.000Z,True,False,38,19,W,111,60,24.567
2025,8,401752873,Washington,Big Ten,Michigan,Big Ten,Away,2025-10-18T16:00:00.000Z,True,False,7,24,L,33,26,94.160
2025,9,401752880,Washington,Big Ten,Illinois,Big Ten,Home,2025-10-25T19:30:00.000Z,True,False,42,25,W,63,21,109.664
2025,11,401752899,Washington,Big Ten,Wisconsin,Big Ten,Away,2025-11-08T21:30:00.000Z,True,False,10,13,L,109,54,31.936
2025,12,401752902,Washington,Big Ten,Purdue,Big Ten,Home,2025-11-16T00:00:00.000Z,True,False,49,13,W,126,70,-2.647
2025,13,401752910,Washington,Big Ten,UCLA,Big Ten,Away,2025-11-23T03:30:00.000Z,True,False,48,14,W,129,79,-21.396
2025,14,401752917,Washington,Big Ten,Oregon,Big Ten,Home,2025-11-29T20:30:00.000Z,True,False,14,26,L,6,6,211.120
2025,1,401778308,Washington State,Pac-12,Utah State,Mountain West,Away,2025-12-22T19:00:00.000Z,True,False,34,21,W,71,80,-22.916
2025,2,401752948,Washington State,Pac-12,San Diego State,Mountain West,Home,2025-09-07T02:15:00.000Z,True,False,36,13,W,28,52,38.032
2025,3,401752949,Washington State,Pac-12,North Texas,American Athletic,Away,2025-09-13T19:30:00.000Z,True,False,10,59,L,8,35,68.510
2025,4,401752842,Washington State,Pac-12,Washington,Big Ten,Home,2025-09-20T23:30:00.000Z,True,False,24,59,L,17,16,145.025
2025,5,401752950,Washington State,Pac-12,Colorado State,Mountain West,Away,2025-09-27T23:30:00.000Z,True,False,20,3,W,118,112,-112.280
2025,7,401752733,Washington State,Pac-12,Ole Miss,SEC,Away,2025-10-11T16:45:00.000Z,True,False,21,24,L,15,13,152.268
2025,8,401752951,Washington State,Pac-12,Virginia,ACC,Away,2025-10-18T22:30:00.000Z,True,False,20,22,L,20,30,84.624
2025,9,401752952,Washington State,Pac-12,Toledo,Mid-American,Home,2025-10-25T19:30:00.000Z,True,False,28,7,W,14,58,27.520
2025,10,401752943,Washington State,Pac-12,Oregon State,Pac-12,Away,2025-11-01T23:30:00.000Z,True,False,7,10,L,125,122,-128.472
2025,12,401752953,Washington State,Pac-12,Louisiana Tech,Conference USA,Home,2025-11-16T03:00:00.000Z,True,False,28,3,W,40,89,-61.672
2025,13,401752954,Washington State,Pac-12,James Madison,Sun Belt,Away,2025-11-22T18:00:00.000Z,True,False,20,24,L,7,33,74.611
2025,14,401752946,Washington State,Pac-12,Oregon State,Pac-12,Home,2025-11-29T23:30:00.000Z,True,False,32,8,W,125,122,-128.472
2025,2,401756883,West Virginia,Big 12,Ohio,Mid-American,Away,2025-09-06T20:00:00.000Z,True,False,10,17,L,37,74,-5.248
2025,3,401754638,West Virginia,Big 12,Pittsburgh,ACC,Home,2025-09-13T19:30:00.000Z,True,False,31,24,W,38,32,75.751
2025,4,401756899,West Virginia,Big 12,Kansas,Big 12,Away,2025-09-20T22:00:00.000Z,True,False,10,41,L,78,45,47.271
2025,5,401756908,West Virginia,Big 12,Utah,Big 12,Home,2025-09-27T19:30:00.000Z,True,False,14,48,L,5,4,219.253
2025,6,401756909,West Virginia,Big 12,BYU,Big 12,Away,2025-10-04T02:30:00.000Z,True,False,24,38,L,24,9,164.581
2025,8,401756928,West Virginia,Big 12,UCF,Big 12,Away,2025-10-18T17:00:00.000Z,True,False,13,45,L,87,71,-2.940
2025,9,401756935,West Virginia,Big 12,TCU,Big 12,Home,2025-10-25T22:00:00.000Z,True,False,17,23,L,52,28,88.219
2025,10,401756938,West Virginia,Big 12,Houston,Big 12,Away,2025-11-01T16:00:00.000Z,True,False,45,35,W,53,44,54.968
2025,11,401756947,West Virginia,Big 12,Colorado,Big 12,Home,2025-11-08T17:00:00.000Z,True,False,29,22,W,105,64,16.730
2025,12,401756948,West Virginia,Big 12,Arizona State,Big 12,Away,2025-11-15T18:00:00.000Z,True,False,23,25,L,67,40,60.380
2025,14,401756968,West Virginia,Big 12,Texas Tech,Big 12,Home,2025-11-29T17:00:00.000Z,True,False,0,49,L,4,7,200.963
2025,1,401757218,Western Kentucky,Conference USA,Sam Houston,Conference USA,Home,2025-08-23T23:00:00.000Z,True,False,41,24,W,131,135,-222.852
2025,1,401778310,Western Kentucky,Conference USA,Southern Miss,Sun Belt,Away,2025-12-23T22:30:00.000Z,True,False,27,16,W,65,96,-78.786
2025,2,401757232,Western Kentucky,Conference USA,Toledo,Mid-American,Away,2025-09-06T23:00:00.000Z,True,False,21,45,L,14,58,27.520
2025,4,401757268,Western Kentucky,Conference USA,Nevada,Mountain West,Home,2025-09-20T23:00:00.000Z,True,False,31,16,W,115,117,-121.167
2025,5,401757273,Western Kentucky,Conference USA,Missouri State,Conference USA,Away,2025-09-27T23:00:00.000Z,True,False,27,22,W,92,98,-81.327
2025,6,401757276,Western Kentucky,Conference USA,Delaware,Conference USA,Away,2025-10-03T23:00:00.000Z,True,False,27,24,W,83,119,-121.785
2025,8,401757281,Western Kentucky,Conference USA,Florida International,Conference USA,Home,2025-10-15T00:00:00.000Z,True,False,6,25,L,80,109,-106.086
2025,9,401757286,Western Kentucky,Conference USA,Louisiana Tech,Conference USA,Away,2025-10-21T23:30:00.000Z,True,False,28,27,W,40,89,-61.672
2025,10,401757294,Western Kentucky,Conference USA,New Mexico State,Conference USA,Home,2025-11-01T19:30:00.000Z,True,False,35,16,W,101,116,-120.379
2025,12,401757303,Western Kentucky,Conference USA,Middle Tennessee,Conference USA,Home,2025-11-15T20:30:00.000Z,True,False,42,26,W,96,127,-147.323
2025,13,401752777,Western Kentucky,Conference USA,LSU,SEC,Away,2025-11-23T00:45:00.000Z,True,False,10,13,L,68,34,74.156
2025,14,401757312,Western Kentucky,Conference USA,Jacksonville State,Conference USA,Away,2025-11-29T19:00:00.000Z,True,False,34,37,L,66,104,-95.381
2025,1,401752802,Western Michigan,Mid-American,Michigan State,Big Ten,Away,2025-08-29T23:00:00.000Z,True,False,6,23,L,102,77,-9.134
2025,1,401778306,Western Michigan,Mid-American,Kennesaw State,Conference USA,Home,2025-12-19T16:00:00.000Z,True,False,41,6,W,64,86,-42.743
2025,2,401762461,Western Michigan,Mid-American,North Texas,American Athletic,Home,2025-09-06T19:30:00.000Z,True,False,30,33,L,8,35,68.510
2025,3,401752829,Western Michigan,Mid-American,Illinois,Big Ten,Away,2025-09-13T23:00:00.000Z,True,False,0,38,L,63,21,109.664
2025,4,401762820,Western Michigan,Mid-American,Toledo,Mid-American,Home,2025-09-20T19:30:00.000Z,True,False,14,13,W,14,58,27.520
2025,6,401762832,Western Michigan,Mid-American,Massachusetts,Mid-American,Away,2025-10-04T18:30:00.000Z,True,False,21,3,W,136,136,-277.932
2025,7,401762834,Western Michigan,Mid-American,Ball State,Mid-American,Home,2025-10-11T19:30:00.000Z,True,False,42,0,W,124,131,-169.017
2025,9,401762874,Western Michigan,Mid-American,Miami (OH),Mid-American,Away,2025-10-25T19:30:00.000Z,True,False,17,26,L,75,99,-81.842
2025,10,401762850,Western Michigan,Mid-American,Central Michigan,Mid-American,Home,2025-11-01T20:00:00.000Z,True,False,24,21,W,86,100,-84.461
2025,12,401762857,Western Michigan,Mid-American,Ohio,Mid-American,Home,2025-11-12T01:00:00.000Z,True,False,17,13,W,37,74,-5.248
2025,13,401762864,Western Michigan,Mid-American,Northern Illinois,Mid-American,Away,2025-11-19T00:00:00.000Z,True,False,35,19,W,106,125,-140.097
2025,14,401762869,Western Michigan,Mid-American,Eastern Michigan,Mid-American,Away,2025-11-26T00:30:00.000Z,True,False,31,21,W,89,115,-120.022
2025,15,401777329,Western Michigan,Mid-American,Miami (OH),Mid-American,Home,2025-12-06T17:00:00.000Z,True,False,23,13,W,75,99,-81.842
2025,1,401762791,Wisconsin,Big Ten,Miami (OH),Mid-American,Home,2025-08-29T01:00:00.000Z,True,False,17,0,W,75,99,-81.842
2025,2,401752820,Wisconsin,Big Ten,Middle Tennessee,Conference USA,Home,2025-09-06T20:00:00.000Z,True,False,42,10,W,96,127,-147.323
2025,3,401752696,Wisconsin,Big Ten,Alabama,SEC,Away,2025-09-13T16:00:00.000Z,True,False,14,38,L,25,15,145.371
2025,4,401752845,Wisconsin,Big Ten,Maryland,Big Ten,Home,2025-09-20T16:00:00.000Z,True,False,10,27,L,88,75,-8.632
2025,6,401752856,Wisconsin,Big Ten,Michigan,Big Ten,Away,2025-10-04T16:00:00.000Z,True,False,10,24,L,33,26,94.160
2025,7,401752869,Wisconsin,Big Ten,Iowa,Big Ten,Home,2025-10-11T23:00:00.000Z,True,False,0,37,L,11,10,160.641
2025,8,401752877,Wisconsin,Big Ten,Ohio State,Big Ten,Home,2025-10-18T19:30:00.000Z,True,False,0,34,L,3,2,269.247
2025,9,401752886,Wisconsin,Big Ten,Oregon,Big Ten,Away,2025-10-25T23:00:00.000Z,True,False,7,21,L,6,6,211.120
2025,11,401752899,Wisconsin,Big Ten,Washington,Big Ten,Home,2025-11-08T21:30:00.000Z,True,False,13,10,W,17,16,145.025
2025,12,401752901,Wisconsin,Big Ten,Indiana,Big Ten,Away,2025-11-15T17:00:00.000Z,True,False,7,31,L,1,1,275.437
2025,13,401752915,Wisconsin,Big Ten,Illinois,Big Ten,Home,2025-11-23T00:30:00.000Z,True,False,27,10,W,63,21,109.664
2025,14,401752918,Wisconsin,Big Ten,Minnesota,Big Ten,Away,2025-11-29T20:30:00.000Z,True,False,7,17,L,93,67,11.682
2025,1,401762789,Wyoming,Mountain West,Akron,Mid-American,Away,2025-08-28T23:00:00.000Z,True,False,10,0,W,110,129,-156.885
2025,3,401756895,Wyoming,Mountain West,Utah,Big 12,Home,2025-09-14T00:00:00.000Z,True,False,6,31,L,5,4,219.253
2025,4,401756897,Wyoming,Mountain West,Colorado,Big 12,Away,2025-09-21T02:15:00.000Z,True,False,20,37,L,105,64,16.730
2025,6,401760385,Wyoming,Mountain West,UNLV,Mountain West,Home,2025-10-04T23:00:00.000Z,True,False,17,31,L,30,63,19.931
2025,7,401760391,Wyoming,Mountain West,San José State,Mountain West,Home,2025-10-11T23:00:00.000Z,True,False,35,28,W,121,118,-121.411
2025,8,401760392,Wyoming,Mountain West,Air Force,Mountain West,Away,2025-10-18T19:30:00.000Z,True,False,21,24,L,84,93,-67.396
2025,9,401760398,Wyoming,Mountain West,Colorado State,Mountain West,Home,2025-10-25T23:30:00.000Z,True,False,28,0,W,118,112,-112.280
2025,10,401760405,Wyoming,Mountain West,San Diego State,Mountain West,Away,2025-11-01T23:00:00.000Z,True,False,7,24,L,28,52,38.032
2025,12,401760412,Wyoming,Mountain West,Fresno State,Mountain West,Away,2025-11-16T03:30:00.000Z,True,False,3,24,L,60,83,-34.721
2025,13,401760419,Wyoming,Mountain West,Nevada,Mountain West,Home,2025-11-22T19:00:00.000Z,True,False,7,13,L,115,117,-121.167
2025,14,401760424,Wyoming,Mountain West,Hawai'i,Mountain West,Away,2025-11-30T04:00:00.000Z,True,False,7,27,L,55,81,-23.761
